step,value
544,0.05000000074505806
1824,0.05000000074505806
2144,0.05000000074505806
2336,0.05000000074505806
9792,0.05000000074505806
16736,0.05000000074505806
16992,0.05000000074505806
21344,0.05000000074505806
24512,0.05000000074505806
28320,0.05000000074505806
29504,0.05000000074505806
34976,0.05000000074505806
39616,0.05000000074505806
52128,0.05000000074505806
56672,0.05000000074505806
59680,0.05000000074505806
60864,0.05000000074505806
61664,0.05000000074505806
64960,0.05000000074505806
69440,0.05000000074505806
79232,0.05000000074505806
80096,0.05000000074505806
80480,0.05000000074505806
82752,0.05000000074505806
83328,0.05000000074505806
106528,0.05000000074505806
106720,0.05000000074505806
108768,0.05000000074505806
109376,0.05000000074505806
109952,0.05000000074505806
116480,0.05000000074505806
121280,0.05000000074505806
125568,0.05000000074505806
126272,0.05000000074505806
129888,0.05000000074505806
129952,0.05000000074505806
131648,0.05000000074505806
132416,0.05000000074505806
140096,0.05000000074505806
144896,0.05000000074505806
146656,0.05000000074505806
150528,0.05000000074505806
152928,0.05000000074505806
155360,0.05000000074505806
157344,0.05000000074505806
161472,0.05000000074505806
174048,0.05000000074505806
180544,0.05000000074505806
186176,0.05000000074505806
191392,0.05000000074505806
195904,0.05000000074505806
196864,0.05000000074505806
201664,0.05000000074505806
203392,0.05000000074505806
209312,0.05000000074505806
211520,0.05000000074505806
215136,0.05000000074505806
225184,0.05000000074505806
232128,0.05000000074505806
234112,0.05000000074505806
236000,0.05000000074505806
236864,0.05000000074505806
242048,0.05000000074505806
261152,0.05000000074505806
266464,0.05000000074505806
269696,0.05000000074505806
277312,0.05000000074505806
278112,0.05000000074505806
288096,0.05000000074505806
289088,0.05000000074505806
289952,0.05000000074505806
290912,0.05000000074505806
296640,0.05000000074505806
297440,0.05000000074505806
298560,0.05000000074505806
301280,0.05000000074505806
302272,0.05000000074505806
304768,0.05000000074505806
307712,0.05000000074505806
314592,0.05000000074505806
314624,0.05000000074505806
318752,0.05000000074505806
318848,0.05000000074505806
320640,0.05000000074505806
329952,0.05000000074505806
333216,0.05000000074505806
336256,0.05000000074505806
341056,0.05000000074505806
342560,0.05000000074505806
349312,0.05000000074505806
353408,0.05000000074505806
355616,0.05000000074505806
356576,0.05000000074505806
362176,0.05000000074505806
364704,0.05000000074505806
372960,0.05000000074505806
375904,0.05000000074505806
376160,0.05000000074505806
387584,0.05000000074505806
390112,0.05000000074505806
391392,0.05000000074505806
395040,0.05000000074505806
395328,0.05000000074505806
400608,0.05000000074505806
401728,0.05000000074505806
412928,0.05000000074505806
429216,0.05000000074505806
429312,0.05000000074505806
430752,0.05000000074505806
436800,0.05000000074505806
442208,0.05000000074505806
446976,0.05000000074505806
449856,0.05000000074505806
456256,0.05000000074505806
461920,0.05000000074505806
462496,0.05000000074505806
463936,0.05000000074505806
465568,0.05000000074505806
466208,0.05000000074505806
467296,0.05000000074505806
469056,0.05000000074505806
473312,0.05000000074505806
475008,0.05000000074505806
475584,0.05000000074505806
479456,0.05000000074505806
485920,0.05000000074505806
496384,0.05000000074505806
496416,0.05000000074505806
496832,0.05000000074505806
507488,0.05000000074505806
509120,0.05000000074505806
514848,0.05000000074505806
514976,0.05000000074505806
518528,0.05000000074505806
527648,0.05000000074505806
538976,0.05000000074505806
539520,0.05000000074505806
539616,0.05000000074505806
539904,0.05000000074505806
546624,0.05000000074505806
547104,0.05000000074505806
549376,0.05000000074505806
552544,0.05000000074505806
554816,0.05000000074505806
564960,0.05000000074505806
570624,0.05000000074505806
571232,0.05000000074505806
571776,0.05000000074505806
571872,0.05000000074505806
573024,0.05000000074505806
579456,0.05000000074505806
579776,0.05000000074505806
582368,0.05000000074505806
584544,0.05000000074505806
592160,0.05000000074505806
597280,0.05000000074505806
597472,0.05000000074505806
599808,0.05000000074505806
604672,0.05000000074505806
610016,0.05000000074505806
610816,0.05000000074505806
620128,0.05000000074505806
622112,0.05000000074505806
624832,0.05000000074505806
625120,0.05000000074505806
625952,0.05000000074505806
632096,0.05000000074505806
632544,0.05000000074505806
636000,0.05000000074505806
640672,0.05000000074505806
640736,0.05000000074505806
641408,0.05000000074505806
645344,0.05000000074505806
647136,0.05000000074505806
648896,0.05000000074505806
651072,0.05000000074505806
656000,0.05000000074505806
659776,0.05000000074505806
660928,0.05000000074505806
661280,0.05000000074505806
662528,0.05000000074505806
672320,0.05000000074505806
674944,0.05000000074505806
683680,0.05000000074505806
690144,0.05000000074505806
691168,0.05000000074505806
693408,0.05000000074505806
693664,0.05000000074505806
693856,0.05000000074505806
695488,0.05000000074505806
695936,0.05000000074505806
696128,0.05000000074505806
701344,0.05000000074505806
703296,0.05000000074505806
703424,0.05000000074505806
707328,0.05000000074505806
709632,0.05000000074505806
711328,0.05000000074505806
715168,0.05000000074505806
721728,0.05000000074505806
723840,0.05000000074505806
725184,0.05000000074505806
725504,0.05000000074505806
733984,0.05000000074505806
736736,0.05000000074505806
743264,0.05000000074505806
747264,0.05000000074505806
749664,0.05000000074505806
751360,0.05000000074505806
751840,0.05000000074505806
752992,0.05000000074505806
759296,0.05000000074505806
761760,0.05000000074505806
765760,0.05000000074505806
773024,0.05000000074505806
775232,0.05000000074505806
783520,0.05000000074505806
784672,0.05000000074505806
789312,0.05000000074505806
793696,0.05000000074505806
796128,0.05000000074505806
800928,0.05000000074505806
807392,0.05000000074505806
807968,0.05000000074505806
810208,0.05000000074505806
812448,0.05000000074505806
812576,0.05000000074505806
816704,0.05000000074505806
821728,0.05000000074505806
823328,0.05000000074505806
826144,0.05000000074505806
829056,0.05000000074505806
829120,0.05000000074505806
832352,0.05000000074505806
833056,0.05000000074505806
834656,0.05000000074505806
835616,0.05000000074505806
840224,0.05000000074505806
844032,0.05000000074505806
863232,0.05000000074505806
863904,0.05000000074505806
865856,0.05000000074505806
869408,0.05000000074505806
870816,0.05000000074505806
877216,0.05000000074505806
880000,0.05000000074505806
882880,0.05000000074505806
886240,0.05000000074505806
892224,0.05000000074505806
893504,0.05000000074505806
895200,0.05000000074505806
903648,0.05000000074505806
907232,0.05000000074505806
909056,0.05000000074505806
909504,0.05000000074505806
912064,0.05000000074505806
914272,0.05000000074505806
923488,0.05000000074505806
926912,0.05000000074505806
931840,0.05000000074505806
941088,0.05000000074505806
941408,0.05000000074505806
944928,0.05000000074505806
951968,0.05000000074505806
953088,0.05000000074505806
957184,0.05000000074505806
965376,0.05000000074505806
968672,0.05000000074505806
974400,0.05000000074505806
976096,0.05000000074505806
985632,0.05000000074505806
986816,0.05000000074505806
991168,0.05000000074505806
997600,0.05000000074505806
1001536,0.05000000074505806
1004160,0.05000000074505806
1007712,0.05000000074505806
1010720,0.05000000074505806
1013536,0.05000000074505806
1015360,0.05000000074505806
1016768,0.05000000074505806
1018112,0.05000000074505806
1018848,0.05000000074505806
1025312,0.05000000074505806
1026400,0.05000000074505806
1027584,0.05000000074505806
1031456,0.05000000074505806
1035904,0.05000000074505806
1036864,0.05000000074505806
1042080,0.05000000074505806
1047008,0.05000000074505806
1047584,0.05000000074505806
1048320,0.05000000074505806
1054848,0.05000000074505806
1064672,0.05000000074505806
1066752,0.05000000074505806
1067296,0.05000000074505806
1070080,0.05000000074505806
1076192,0.05000000074505806
1081280,0.05000000074505806
1081376,0.05000000074505806
1083136,0.05000000074505806
1083648,0.05000000074505806
1086752,0.05000000074505806
1088736,0.05000000074505806
1099968,0.05000000074505806
1107808,0.05000000074505806
1108384,0.05000000074505806
1110464,0.05000000074505806
1113952,0.05000000074505806
1114304,0.05000000074505806
1116800,0.05000000074505806
1153120,0.05000000074505806
1153536,0.05000000074505806
1158560,0.05000000074505806
1162912,0.05000000074505806
1167296,0.05000000074505806
1168480,0.05000000074505806
1184992,0.05000000074505806
1191168,0.05000000074505806
1196832,0.05000000074505806
1205856,0.05000000074505806
1207456,0.05000000074505806
1217152,0.05000000074505806
1218784,0.05000000074505806
1219840,0.05000000074505806
1225728,0.05000000074505806
1231840,0.05000000074505806
1232480,0.05000000074505806
1234016,0.05000000074505806
1236992,0.05000000074505806
1237504,0.05000000074505806
1238272,0.05000000074505806
1245664,0.05000000074505806
1253504,0.05000000074505806
1254816,0.05000000074505806
1260768,0.05000000074505806
1261184,0.05000000074505806
1263552,0.05000000074505806
1266368,0.05000000074505806
1267520,0.05000000074505806
1268544,0.05000000074505806
1272448,0.05000000074505806
1281248,0.05000000074505806
1282048,0.05000000074505806
1286112,0.05000000074505806
1287456,0.05000000074505806
1292960,0.05000000074505806
1294336,0.05000000074505806
1297088,0.05000000074505806
1299072,0.05000000074505806
1301376,0.05000000074505806
1304256,0.05000000074505806
1305312,0.05000000074505806
1307072,0.05000000074505806
1309984,0.05000000074505806
1311008,0.05000000074505806
1320384,0.05000000074505806
1320960,0.05000000074505806
1329312,0.05000000074505806
1333920,0.05000000074505806
1339872,0.05000000074505806
1345024,0.05000000074505806
1350528,0.05000000074505806
1351232,0.05000000074505806
1351616,0.05000000074505806
1353920,0.05000000074505806
1358560,0.05000000074505806
1361344,0.05000000074505806
1370560,0.05000000074505806
1372704,0.05000000074505806
1374592,0.05000000074505806
1376448,0.05000000074505806
1378336,0.05000000074505806
1383424,0.05000000074505806
1386368,0.05000000074505806
1389568,0.05000000074505806
1396512,0.05000000074505806
1399904,0.05000000074505806
1400352,0.05000000074505806
1406656,0.05000000074505806
1408448,0.05000000074505806
1413984,0.05000000074505806
1415744,0.05000000074505806
1417344,0.05000000074505806
1417760,0.05000000074505806
1424544,0.05000000074505806
1426112,0.05000000074505806
1431872,0.05000000074505806
1438048,0.05000000074505806
1440256,0.05000000074505806
1441536,0.05000000074505806
1444064,0.05000000074505806
1447008,0.05000000074505806
1449472,0.05000000074505806
1451008,0.05000000074505806
1451232,0.05000000074505806
1451328,0.05000000074505806
1456544,0.05000000074505806
1461696,0.05000000074505806
1466624,0.05000000074505806
1472544,0.05000000074505806
1477792,0.05000000074505806
1483776,0.05000000074505806
1494752,0.05000000074505806
1496576,0.05000000074505806
1497056,0.05000000074505806
1500800,0.05000000074505806
1505184,0.05000000074505806
1522560,0.05000000074505806
1527840,0.05000000074505806
1537568,0.05000000074505806
1538400,0.05000000074505806
1538464,0.05000000074505806
1539040,0.05000000074505806
1540000,0.05000000074505806
1540544,0.05000000074505806
1541312,0.05000000074505806
1543872,0.05000000074505806
1549344,0.05000000074505806
1556160,0.05000000074505806
1557856,0.05000000074505806
1564224,0.05000000074505806
1569472,0.05000000074505806
1575648,0.05000000074505806
1576096,0.05000000074505806
1578336,0.05000000074505806
1584128,0.05000000074505806
1586944,0.05000000074505806
1593376,0.05000000074505806
1605984,0.05000000074505806
1608800,0.05000000074505806
1611584,0.05000000074505806
1616512,0.05000000074505806
1620928,0.05000000074505806
1622592,0.05000000074505806
1629824,0.05000000074505806
1630496,0.05000000074505806
1630816,0.05000000074505806
1635392,0.05000000074505806
1637152,0.05000000074505806
1641952,0.05000000074505806
1645600,0.05000000074505806
1650496,0.05000000074505806
1651264,0.05000000074505806
1651584,0.05000000074505806
1654304,0.05000000074505806
1664864,0.05000000074505806
1672224,0.05000000074505806
1672960,0.05000000074505806
1675200,0.05000000074505806
1675456,0.05000000074505806
1676192,0.05000000074505806
1677472,0.05000000074505806
1678848,0.05000000074505806
1678880,0.05000000074505806
1682336,0.05000000074505806
1683264,0.05000000074505806
1684608,0.05000000074505806
1686656,0.05000000074505806
1689760,0.05000000074505806
1693952,0.05000000074505806
1694432,0.05000000074505806
1698176,0.05000000074505806
1713888,0.05000000074505806
1715424,0.05000000074505806
1718752,0.05000000074505806
1723424,0.05000000074505806
1727232,0.05000000074505806
1727296,0.05000000074505806
1730368,0.05000000074505806
1730656,0.05000000074505806
1737888,0.05000000074505806
1741920,0.05000000074505806
1744640,0.05000000074505806
1748096,0.05000000074505806
1752224,0.05000000074505806
1753088,0.05000000074505806
1758272,0.05000000074505806
1760864,0.05000000074505806
1765408,0.05000000074505806
1767872,0.05000000074505806
1769568,0.05000000074505806
1788864,0.05000000074505806
1794624,0.05000000074505806
1794720,0.05000000074505806
1794816,0.05000000074505806
1797664,0.05000000074505806
1798592,0.05000000074505806
1800000,0.05000000074505806
1805440,0.05000000074505806
1806112,0.05000000074505806
1811840,0.05000000074505806
1832352,0.05000000074505806
1838016,0.05000000074505806
1842656,0.05000000074505806
1850112,0.05000000074505806
1850656,0.05000000074505806
1851616,0.05000000074505806
1855872,0.05000000074505806
1856064,0.05000000074505806
1861280,0.05000000074505806
1864160,0.05000000074505806
1868480,0.05000000074505806
1870368,0.05000000074505806
1874080,0.05000000074505806
1875424,0.05000000074505806
1877824,0.05000000074505806
1880992,0.05000000074505806
1881728,0.05000000074505806
1886048,0.05000000074505806
1886656,0.05000000074505806
1887552,0.05000000074505806
1894368,0.05000000074505806
1896160,0.05000000074505806
1915264,0.05000000074505806
1915776,0.05000000074505806
1920928,0.05000000074505806
1927776,0.05000000074505806
1929376,0.05000000074505806
1934560,0.05000000074505806
1935264,0.05000000074505806
1948128,0.05000000074505806
1948832,0.05000000074505806
1953728,0.05000000074505806
1955232,0.05000000074505806
1956960,0.05000000074505806
1977568,0.05000000074505806
1978208,0.05000000074505806
1979200,0.05000000074505806
1989056,0.05000000074505806
1989376,0.05000000074505806
1991296,0.05000000074505806
2001120,0.05000000074505806
2006240,0.05000000074505806
2012288,0.05000000074505806
2012512,0.05000000074505806
2020416,0.05000000074505806
2022976,0.05000000074505806
2027616,0.05000000074505806
2032288,0.05000000074505806
2035136,0.05000000074505806
2035904,0.05000000074505806
2040576,0.05000000074505806
2042848,0.05000000074505806
2048096,0.05000000074505806
2050176,0.05000000074505806
2059552,0.05000000074505806
2063520,0.05000000074505806
2073984,0.05000000074505806
2076544,0.05000000074505806
2102976,0.05000000074505806
2104992,0.05000000074505806
2106528,0.05000000074505806
2106592,0.05000000074505806
2107008,0.05000000074505806
2108384,0.05000000074505806
2109600,0.05000000074505806
2118912,0.05000000074505806
2119136,0.05000000074505806
2129344,0.05000000074505806
2129664,0.05000000074505806
2143648,0.05000000074505806
2147520,0.05000000074505806
2147552,0.05000000074505806
2153312,0.05000000074505806
2156832,0.05000000074505806
2156864,0.05000000074505806
2157024,0.05000000074505806
2158720,0.05000000074505806
2170400,0.05000000074505806
2171456,0.05000000074505806
2174848,0.05000000074505806
2180448,0.05000000074505806
2184192,0.05000000074505806
2185120,0.05000000074505806
2210240,0.05000000074505806
2219040,0.05000000074505806
2221376,0.05000000074505806
2231680,0.05000000074505806
2232384,0.05000000074505806
2237024,0.05000000074505806
2239840,0.05000000074505806
2240064,0.05000000074505806
2242176,0.05000000074505806
2242304,0.05000000074505806
2242848,0.05000000074505806
2245024,0.05000000074505806
2245888,0.05000000074505806
2246240,0.05000000074505806
2246400,0.05000000074505806
2249216,0.05000000074505806
2255392,0.05000000074505806
2265952,0.05000000074505806
2273696,0.05000000074505806
2274976,0.05000000074505806
2281248,0.05000000074505806
2282400,0.05000000074505806
2284768,0.05000000074505806
2285024,0.05000000074505806
2291200,0.05000000074505806
2292608,0.05000000074505806
2302784,0.05000000074505806
2303936,0.05000000074505806
2311712,0.05000000074505806
2314944,0.05000000074505806
2316800,0.05000000074505806
2317792,0.05000000074505806
2320960,0.05000000074505806
2321568,0.05000000074505806
2328352,0.05000000074505806
2334176,0.05000000074505806
2337536,0.05000000074505806
2339200,0.05000000074505806
2345472,0.05000000074505806
2351200,0.05000000074505806
2353312,0.05000000074505806
2353696,0.05000000074505806
2358368,0.05000000074505806
2361280,0.05000000074505806
2361984,0.05000000074505806
2362528,0.05000000074505806
2365088,0.05000000074505806
2365312,0.05000000074505806
2367168,0.05000000074505806
2374816,0.05000000074505806
2376576,0.05000000074505806
2376992,0.05000000074505806
2387424,0.05000000074505806
2391008,0.05000000074505806
2392672,0.05000000074505806
2392800,0.05000000074505806
2399424,0.05000000074505806
2401792,0.05000000074505806
2403712,0.05000000074505806
2403808,0.05000000074505806
2404992,0.05000000074505806
2408352,0.05000000074505806
2414688,0.05000000074505806
2414944,0.05000000074505806
2421600,0.05000000074505806
2424864,0.05000000074505806
2425760,0.05000000074505806
2428096,0.05000000074505806
2432768,0.05000000074505806
2441952,0.05000000074505806
2445248,0.05000000074505806
2446208,0.05000000074505806
2451680,0.05000000074505806
2459872,0.05000000074505806
2460096,0.05000000074505806
2463616,0.05000000074505806
2466336,0.05000000074505806
2469472,0.05000000074505806
2474656,0.05000000074505806
2476064,0.05000000074505806
2478400,0.05000000074505806
2480960,0.05000000074505806
2498592,0.05000000074505806
2505216,0.05000000074505806
2506336,0.05000000074505806
2514016,0.05000000074505806
2517984,0.05000000074505806
2519904,0.05000000074505806
2525216,0.05000000074505806
2534016,0.05000000074505806
2538112,0.05000000074505806
2545472,0.05000000074505806
2545664,0.05000000074505806
2550560,0.05000000074505806
2554464,0.05000000074505806
2562432,0.05000000074505806
2567104,0.05000000074505806
2580256,0.05000000074505806
2582528,0.05000000074505806
2588320,0.05000000074505806
2590784,0.05000000074505806
2591936,0.05000000074505806
2597120,0.05000000074505806
2598336,0.05000000074505806
2599616,0.05000000074505806
2608800,0.05000000074505806
2608928,0.05000000074505806
2613312,0.05000000074505806
2614080,0.05000000074505806
2614816,0.05000000074505806
2620832,0.05000000074505806
2622592,0.05000000074505806
2622688,0.05000000074505806
2624512,0.05000000074505806
2629856,0.05000000074505806
2634272,0.05000000074505806
2634464,0.05000000074505806
2640448,0.05000000074505806
2640960,0.05000000074505806
2648256,0.05000000074505806
2655680,0.05000000074505806
2661056,0.05000000074505806
2661376,0.05000000074505806
2670176,0.05000000074505806
2672192,0.05000000074505806
2673568,0.05000000074505806
2676096,0.05000000074505806
2676384,0.05000000074505806
2686464,0.05000000074505806
2697536,0.05000000074505806
2699200,0.05000000074505806
2718656,0.05000000074505806
2722112,0.05000000074505806
2724800,0.05000000074505806
2726848,0.05000000074505806
2733536,0.05000000074505806
2749856,0.05000000074505806
2755808,0.05000000074505806
2761760,0.05000000074505806
2763072,0.05000000074505806
2765984,0.05000000074505806
2771872,0.05000000074505806
2776992,0.05000000074505806
2778368,0.05000000074505806
2783744,0.05000000074505806
2784864,0.05000000074505806
2785248,0.05000000074505806
2786624,0.05000000074505806
2788992,0.05000000074505806
2789216,0.05000000074505806
2792416,0.05000000074505806
2795008,0.05000000074505806
2806816,0.05000000074505806
2808416,0.05000000074505806
2810272,0.05000000074505806
2810592,0.05000000074505806
2810752,0.05000000074505806
2831584,0.05000000074505806
2832288,0.05000000074505806
2837216,0.05000000074505806
2845120,0.05000000074505806
2845440,0.05000000074505806
2852416,0.05000000074505806
2857152,0.05000000074505806
2858592,0.05000000074505806
2859360,0.05000000074505806
2862048,0.05000000074505806
2864352,0.05000000074505806
2864544,0.05000000074505806
2871744,0.05000000074505806
2879520,0.05000000074505806
2880864,0.05000000074505806
2885312,0.05000000074505806
2894016,0.05000000074505806
2901312,0.05000000074505806
2901984,0.05000000074505806
2902144,0.05000000074505806
2904032,0.05000000074505806
2911296,0.05000000074505806
2917184,0.05000000074505806
2917952,0.05000000074505806
2925632,0.05000000074505806
2925824,0.05000000074505806
2927328,0.05000000074505806
2929920,0.05000000074505806
2929984,0.05000000074505806
2931968,0.05000000074505806
2932064,0.05000000074505806
2945440,0.05000000074505806
2946880,0.05000000074505806
2951872,0.05000000074505806
2956608,0.05000000074505806
2957632,0.05000000074505806
2977952,0.05000000074505806
2981760,0.05000000074505806
2982848,0.05000000074505806
2987616,0.05000000074505806
2990176,0.05000000074505806
2992896,0.05000000074505806
3005152,0.05000000074505806
3012448,0.05000000074505806
3019616,0.05000000074505806
3019840,0.05000000074505806
3025088,0.05000000074505806
3028480,0.05000000074505806
3028736,0.05000000074505806
3029056,0.05000000074505806
3034848,0.05000000074505806
3036352,0.05000000074505806
3041184,0.05000000074505806
3046240,0.05000000074505806
3047616,0.05000000074505806
3048096,0.05000000074505806
3052576,0.05000000074505806
3062176,0.05000000074505806
3072864,0.05000000074505806
3084800,0.05000000074505806
3090400,0.05000000074505806
3091264,0.05000000074505806
3097248,0.05000000074505806
3098848,0.05000000074505806
3103488,0.05000000074505806
3103776,0.05000000074505806
3104288,0.05000000074505806
3104672,0.05000000074505806
3110784,0.05000000074505806
3119488,0.05000000074505806
3121312,0.05000000074505806
3121472,0.05000000074505806
3122784,0.05000000074505806
3126720,0.05000000074505806
3129504,0.05000000074505806
3130848,0.05000000074505806
3136384,0.05000000074505806
3136896,0.05000000074505806
3147648,0.05000000074505806
3150656,0.05000000074505806
3156000,0.05000000074505806
3163616,0.05000000074505806
3165056,0.05000000074505806
3168480,0.05000000074505806
3170944,0.05000000074505806
3172608,0.05000000074505806
3178336,0.05000000074505806
3178752,0.05000000074505806
3179840,0.05000000074505806
3181472,0.05000000074505806
3183104,0.05000000074505806
3186464,0.05000000074505806
3189568,0.05000000074505806
3192352,0.05000000074505806
3198016,0.05000000074505806
3200000,0.05000000074505806
3201504,0.05000000074505806
3210144,0.05000000074505806
3220800,0.05000000074505806
3223392,0.05000000074505806
3224256,0.05000000074505806
3226208,0.05000000074505806
3239264,0.05000000074505806
3239520,0.05000000074505806
3245728,0.05000000074505806
3252096,0.05000000074505806
3252192,0.05000000074505806
3253120,0.05000000074505806
3253696,0.05000000074505806
3255200,0.05000000074505806
3256768,0.05000000074505806
3257024,0.05000000074505806
3258688,0.05000000074505806
3260064,0.05000000074505806
3274624,0.05000000074505806
3275296,0.05000000074505806
3276640,0.05000000074505806
3278592,0.05000000074505806
3279232,0.05000000074505806
3282976,0.05000000074505806
3283840,0.05000000074505806
3289216,0.05000000074505806
3292672,0.05000000074505806
3299808,0.05000000074505806
3302144,0.05000000074505806
3303008,0.05000000074505806
3307968,0.05000000074505806
3311424,0.05000000074505806
3311712,0.05000000074505806
3314208,0.05000000074505806
3315712,0.05000000074505806
3316736,0.05000000074505806
3317600,0.05000000074505806
3318432,0.05000000074505806
3318912,0.05000000074505806
3319680,0.05000000074505806
3321312,0.05000000074505806
3324768,0.05000000074505806
3324992,0.05000000074505806
3336256,0.05000000074505806
3342912,0.05000000074505806
3343264,0.05000000074505806
3344128,0.05000000074505806
3344416,0.05000000074505806
3373632,0.05000000074505806
3374880,0.05000000074505806
3379648,0.05000000074505806
3379776,0.05000000074505806
3381984,0.05000000074505806
3384768,0.05000000074505806
3392032,0.05000000074505806
3392544,0.05000000074505806
3392992,0.05000000074505806
3404832,0.05000000074505806
3405664,0.05000000074505806
3406592,0.05000000074505806
3409408,0.05000000074505806
3413984,0.05000000074505806
3422144,0.05000000074505806
3432096,0.05000000074505806
3444128,0.05000000074505806
3446432,0.05000000074505806
3448992,0.05000000074505806
3454048,0.05000000074505806
3454656,0.05000000074505806
3456736,0.05000000074505806
3459744,0.05000000074505806
3460352,0.05000000074505806
3463136,0.05000000074505806
3464672,0.05000000074505806
3468704,0.05000000074505806
3469440,0.05000000074505806
3472320,0.05000000074505806
3476160,0.05000000074505806
3479520,0.05000000074505806
3480576,0.05000000074505806
3480960,0.05000000074505806
3482112,0.05000000074505806
3483520,0.05000000074505806
3486176,0.05000000074505806
3491296,0.05000000074505806
3496416,0.05000000074505806
3498176,0.05000000074505806
3502176,0.05000000074505806
3502720,0.05000000074505806
3505376,0.05000000074505806
3515104,0.05000000074505806
3515872,0.05000000074505806
3516416,0.05000000074505806
3517472,0.05000000074505806
3520800,0.05000000074505806
3521088,0.05000000074505806
3522304,0.05000000074505806
3532032,0.05000000074505806
3534848,0.05000000074505806
3538400,0.05000000074505806
3542656,0.05000000074505806
3550688,0.05000000074505806
3551936,0.05000000074505806
3557408,0.05000000074505806
3559072,0.05000000074505806
3560256,0.05000000074505806
3561184,0.05000000074505806
3569856,0.05000000074505806
3570400,0.05000000074505806
3572736,0.05000000074505806
3586048,0.05000000074505806
3587392,0.05000000074505806
3593600,0.05000000074505806
3594912,0.05000000074505806
3602784,0.05000000074505806
3603648,0.05000000074505806
3604960,0.05000000074505806
3611552,0.05000000074505806
3615040,0.05000000074505806
3615712,0.05000000074505806
3616288,0.05000000074505806
3622400,0.05000000074505806
3633600,0.05000000074505806
3637312,0.05000000074505806
3641536,0.05000000074505806
3650240,0.05000000074505806
3659456,0.05000000074505806
3671168,0.05000000074505806
3677472,0.05000000074505806
3680448,0.05000000074505806
3682816,0.05000000074505806
3684768,0.05000000074505806
3687200,0.05000000074505806
3688832,0.05000000074505806
3692736,0.05000000074505806
3702240,0.05000000074505806
3708672,0.05000000074505806
3711072,0.05000000074505806
3717824,0.05000000074505806
3719840,0.05000000074505806
3729440,0.05000000074505806
3738464,0.05000000074505806
3738912,0.05000000074505806
3740288,0.05000000074505806
3743008,0.05000000074505806
3744704,0.05000000074505806
3746048,0.05000000074505806
3746688,0.05000000074505806
3748352,0.05000000074505806
3749344,0.05000000074505806
3751296,0.05000000074505806
3757696,0.05000000074505806
3758560,0.05000000074505806
3759360,0.05000000074505806
3760192,0.05000000074505806
3762176,0.05000000074505806
3783392,0.05000000074505806
3785408,0.05000000074505806
3785824,0.05000000074505806
3786208,0.05000000074505806
3792672,0.05000000074505806
3795296,0.05000000074505806
3801824,0.05000000074505806
3805088,0.05000000074505806
3805184,0.05000000074505806
3805728,0.05000000074505806
3816352,0.05000000074505806
3830976,0.05000000074505806
3831040,0.05000000074505806
3835072,0.05000000074505806
3838848,0.05000000074505806
3846240,0.05000000074505806
3847648,0.05000000074505806
3863616,0.05000000074505806
3866400,0.05000000074505806
3871296,0.05000000074505806
3874048,0.05000000074505806
3877696,0.05000000074505806
3881344,0.05000000074505806
3887328,0.05000000074505806
3888512,0.05000000074505806
3896992,0.05000000074505806
3900128,0.05000000074505806
3905984,0.05000000074505806
3906208,0.05000000074505806
3907488,0.05000000074505806
3911296,0.05000000074505806
3921856,0.05000000074505806
3921888,0.05000000074505806
3924032,0.05000000074505806
3925760,0.05000000074505806
3926560,0.05000000074505806
3928512,0.05000000074505806
3930848,0.05000000074505806
3935584,0.05000000074505806
3938432,0.05000000074505806
3948000,0.05000000074505806
3958400,0.05000000074505806
3959168,0.05000000074505806
3968704,0.05000000074505806
3969760,0.05000000074505806
3973120,0.05000000074505806
3975904,0.05000000074505806
3978240,0.05000000074505806
3978912,0.05000000074505806
3984480,0.05000000074505806
3986880,0.05000000074505806
3988064,0.05000000074505806
3990144,0.05000000074505806
3993504,0.05000000074505806
3995584,0.05000000074505806
3995616,0.05000000074505806
3996960,0.05000000074505806
4001504,0.05000000074505806
4009920,0.05000000074505806
4010624,0.05000000074505806
4012864,0.05000000074505806
4017632,0.05000000074505806
4021280,0.05000000074505806
4023264,0.05000000074505806
4026304,0.05000000074505806
4027360,0.05000000074505806
4027584,0.05000000074505806
4028736,0.05000000074505806
4034816,0.05000000074505806
4035296,0.05000000074505806
4039232,0.05000000074505806
4040992,0.05000000074505806
4041024,0.05000000074505806
4041568,0.05000000074505806
4047904,0.05000000074505806
4051680,0.05000000074505806
4054304,0.05000000074505806
4056288,0.05000000074505806
4056384,0.05000000074505806
4061056,0.05000000074505806
4061248,0.05000000074505806
4063680,0.05000000074505806
4063904,0.05000000074505806
4065280,0.05000000074505806
4070368,0.05000000074505806
4070944,0.05000000074505806
4073632,0.05000000074505806
4075168,0.05000000074505806
4077280,0.05000000074505806
4078432,0.05000000074505806
4083296,0.05000000074505806
4096768,0.05000000074505806
4097792,0.05000000074505806
4107552,0.05000000074505806
4113888,0.05000000074505806
4114752,0.05000000074505806
4116896,0.05000000074505806
4118784,0.05000000074505806
4121600,0.05000000074505806
4126688,0.05000000074505806
4127008,0.05000000074505806
4129792,0.05000000074505806
4132608,0.05000000074505806
4135328,0.05000000074505806
4138496,0.05000000074505806
4141504,0.05000000074505806
4146400,0.05000000074505806
4150368,0.05000000074505806
4154048,0.05000000074505806
4154496,0.05000000074505806
4155232,0.05000000074505806
4157504,0.05000000074505806
4157824,0.05000000074505806
4158848,0.05000000074505806
4164416,0.05000000074505806
4166432,0.05000000074505806
4183936,0.05000000074505806
4188704,0.05000000074505806
4206304,0.05000000074505806
4209216,0.05000000074505806
4215328,0.05000000074505806
4228128,0.05000000074505806
4233344,0.05000000074505806
4239392,0.05000000074505806
4243040,0.05000000074505806
4243264,0.05000000074505806
4244576,0.05000000074505806
4244608,0.05000000074505806
4257632,0.05000000074505806
4258528,0.05000000074505806
4258880,0.05000000074505806
4262624,0.05000000074505806
4267360,0.05000000074505806
4267584,0.05000000074505806
4267648,0.05000000074505806
4273504,0.05000000074505806
4273664,0.05000000074505806
4276480,0.05000000074505806
4282944,0.05000000074505806
4287744,0.05000000074505806
4292128,0.05000000074505806
4298976,0.05000000074505806
4305504,0.05000000074505806
4314656,0.05000000074505806
4315328,0.05000000074505806
4326176,0.05000000074505806
4328064,0.05000000074505806
4329120,0.05000000074505806
4340256,0.05000000074505806
4345632,0.05000000074505806
4351296,0.05000000074505806
4353792,0.05000000074505806
4354336,0.05000000074505806
4366656,0.05000000074505806
4372736,0.05000000074505806
4372864,0.05000000074505806
4373248,0.05000000074505806
4378880,0.05000000074505806
4383392,0.05000000074505806
4383904,0.05000000074505806
4383936,0.05000000074505806
4388544,0.05000000074505806
4388672,0.05000000074505806
4396416,0.05000000074505806
4397792,0.05000000074505806
4397888,0.05000000074505806
4398816,0.05000000074505806
4410336,0.05000000074505806
4411072,0.05000000074505806
4412672,0.05000000074505806
4417216,0.05000000074505806
4418368,0.05000000074505806
4424256,0.05000000074505806
4429056,0.05000000074505806
4429088,0.05000000074505806
4430624,0.05000000074505806
4441344,0.05000000074505806
4453056,0.05000000074505806
4458528,0.05000000074505806
4460064,0.05000000074505806
4462848,0.05000000074505806
4463680,0.05000000074505806
4464800,0.05000000074505806
4490368,0.05000000074505806
4492512,0.05000000074505806
4495136,0.05000000074505806
4495584,0.05000000074505806
4497728,0.05000000074505806
4506304,0.05000000074505806
4509632,0.05000000074505806
4513696,0.05000000074505806
4518016,0.05000000074505806
4529280,0.05000000074505806
4530464,0.05000000074505806
4534496,0.05000000074505806
4537056,0.05000000074505806
4544000,0.05000000074505806
4545024,0.05000000074505806
4551328,0.05000000074505806
4554976,0.05000000074505806
4558176,0.05000000074505806
4563520,0.05000000074505806
4568384,0.05000000074505806
4570240,0.05000000074505806
4575520,0.05000000074505806
4582976,0.05000000074505806
4587264,0.05000000074505806
4588640,0.05000000074505806
4588704,0.05000000074505806
4590048,0.05000000074505806
4591456,0.05000000074505806
4593664,0.05000000074505806
4595424,0.05000000074505806
4596320,0.05000000074505806
4602784,0.05000000074505806
4608160,0.05000000074505806
4609504,0.05000000074505806
4613152,0.05000000074505806
4617088,0.05000000074505806
4621664,0.05000000074505806
4624704,0.05000000074505806
4625184,0.05000000074505806
4625824,0.05000000074505806
4637248,0.05000000074505806
4640736,0.05000000074505806
4654624,0.05000000074505806
4655936,0.05000000074505806
4657728,0.05000000074505806
4664896,0.05000000074505806
4671040,0.05000000074505806
4671264,0.05000000074505806
4672064,0.05000000074505806
4672544,0.05000000074505806
4674752,0.05000000074505806
4682208,0.05000000074505806
4685216,0.05000000074505806
4686080,0.05000000074505806
4687552,0.05000000074505806
4692768,0.05000000074505806
4703328,0.05000000074505806
4711584,0.05000000074505806
4716224,0.05000000074505806
4717504,0.05000000074505806
4717568,0.05000000074505806
4728704,0.05000000074505806
4737952,0.05000000074505806
4740960,0.05000000074505806
4742688,0.05000000074505806
4747392,0.05000000074505806
4759584,0.05000000074505806
4764672,0.05000000074505806
4766112,0.05000000074505806
4772096,0.05000000074505806
4776032,0.05000000074505806
4778496,0.05000000074505806
4780992,0.05000000074505806
4781184,0.05000000074505806
4791840,0.05000000074505806
4793472,0.05000000074505806
4795296,0.05000000074505806
4796128,0.05000000074505806
4800160,0.05000000074505806
4800576,0.05000000074505806
4802496,0.05000000074505806
4803904,0.05000000074505806
4804544,0.05000000074505806
4805248,0.05000000074505806
4806112,0.05000000074505806
4810400,0.05000000074505806
4814848,0.05000000074505806
4815712,0.05000000074505806
4828704,0.05000000074505806
4837312,0.05000000074505806
4851744,0.05000000074505806
4862016,0.05000000074505806
4862976,0.05000000074505806
4863840,0.05000000074505806
4867168,0.05000000074505806
4871200,0.05000000074505806
4872736,0.05000000074505806
4873472,0.05000000074505806
4880256,0.05000000074505806
4885216,0.05000000074505806
4886880,0.05000000074505806
4892160,0.05000000074505806
4899200,0.05000000074505806
4899648,0.05000000074505806
4915840,0.05000000074505806
4919744,0.05000000074505806
4920160,0.05000000074505806
4928832,0.05000000074505806
4939616,0.05000000074505806
4943904,0.05000000074505806
4944896,0.05000000074505806
4953440,0.05000000074505806
4956224,0.05000000074505806
4956384,0.05000000074505806
4959008,0.05000000074505806
4960544,0.05000000074505806
4971072,0.05000000074505806
4972576,0.05000000074505806
4981280,0.05000000074505806
4982368,0.05000000074505806
4984448,0.05000000074505806
5004512,0.05000000074505806
5016192,0.05000000074505806
5016896,0.05000000074505806
5019008,0.05000000074505806
5020032,0.05000000074505806
5020960,0.05000000074505806
5033856,0.05000000074505806
5034912,0.05000000074505806
5036768,0.05000000074505806
5037664,0.05000000074505806
5044544,0.05000000074505806
5047968,0.05000000074505806
5048640,0.05000000074505806
5056032,0.05000000074505806
5059200,0.05000000074505806
5060512,0.05000000074505806
5063232,0.05000000074505806
5064032,0.05000000074505806
5065440,0.05000000074505806
5069472,0.05000000074505806
5070368,0.05000000074505806
5072704,0.05000000074505806
5074656,0.05000000074505806
5087008,0.05000000074505806
5087744,0.05000000074505806
5088224,0.05000000074505806
5088672,0.05000000074505806
5089152,0.05000000074505806
5092000,0.05000000074505806
5094624,0.05000000074505806
5095648,0.05000000074505806
5097024,0.05000000074505806
5102208,0.05000000074505806
5106912,0.05000000074505806
5110560,0.05000000074505806
5110912,0.05000000074505806
5111872,0.05000000074505806
5111936,0.05000000074505806
5118592,0.05000000074505806
5119200,0.05000000074505806
5124256,0.05000000074505806
5125600,0.05000000074505806
5128928,0.05000000074505806
5129536,0.05000000074505806
5132608,0.05000000074505806
5133600,0.05000000074505806
5134688,0.05000000074505806
5139776,0.05000000074505806
5140928,0.05000000074505806
5147392,0.05000000074505806
5155776,0.05000000074505806
5165824,0.05000000074505806
5166752,0.05000000074505806
5168608,0.05000000074505806
5183520,0.05000000074505806
5187680,0.05000000074505806
5190240,0.05000000074505806
5195008,0.05000000074505806
5195232,0.05000000074505806
5195712,0.05000000074505806
5195936,0.05000000074505806
5208320,0.05000000074505806
5208896,0.05000000074505806
5211488,0.05000000074505806
5212928,0.05000000074505806
5219168,0.05000000074505806
5219584,0.05000000074505806
5225344,0.05000000074505806
5230976,0.05000000074505806
5231008,0.05000000074505806
5237024,0.05000000074505806
5238208,0.05000000074505806
5242208,0.05000000074505806
5244160,0.05000000074505806
5244512,0.05000000074505806
5253824,0.05000000074505806
5255680,0.05000000074505806
5263040,0.05000000074505806
5265888,0.05000000074505806
5268960,0.05000000074505806
5269536,0.05000000074505806
5272736,0.05000000074505806
5274560,0.05000000074505806
5290496,0.05000000074505806
5291712,0.05000000074505806
5293408,0.05000000074505806
5295296,0.05000000074505806
5308448,0.05000000074505806
5308544,0.05000000074505806
5309888,0.05000000074505806
5309952,0.05000000074505806
5310048,0.05000000074505806
5311968,0.05000000074505806
5319232,0.05000000074505806
5319808,0.05000000074505806
5324384,0.05000000074505806
5327776,0.05000000074505806
5328672,0.05000000074505806
5336448,0.05000000074505806
5339936,0.05000000074505806
5340512,0.05000000074505806
5355104,0.05000000074505806
5360480,0.05000000074505806
5363872,0.05000000074505806
5364832,0.05000000074505806
5365376,0.05000000074505806
5368960,0.05000000074505806
5370752,0.05000000074505806
5374016,0.05000000074505806
5375456,0.05000000074505806
5377280,0.05000000074505806
5384928,0.05000000074505806
5385920,0.05000000074505806
5386400,0.05000000074505806
5393248,0.05000000074505806
5397248,0.05000000074505806
5397760,0.05000000074505806
5400736,0.05000000074505806
5401792,0.05000000074505806
5403072,0.05000000074505806
5408800,0.05000000074505806
5410080,0.05000000074505806
5412768,0.05000000074505806
5414016,0.05000000074505806
5414848,0.05000000074505806
5415232,0.05000000074505806
5418976,0.05000000074505806
5421344,0.05000000074505806
5426784,0.05000000074505806
5438048,0.05000000074505806
5438304,0.05000000074505806
5438592,0.05000000074505806
5444032,0.05000000074505806
5448928,0.05000000074505806
5451744,0.05000000074505806
5454016,0.05000000074505806
5454464,0.05000000074505806
5464288,0.05000000074505806
5466464,0.05000000074505806
5466720,0.05000000074505806
5469216,0.05000000074505806
5486656,0.05000000074505806
5488896,0.05000000074505806
5493408,0.05000000074505806
5495424,0.05000000074505806
5497344,0.05000000074505806
5502176,0.05000000074505806
5502304,0.05000000074505806
5508288,0.05000000074505806
5508832,0.05000000074505806
5510880,0.05000000074505806
5519872,0.05000000074505806
5520640,0.05000000074505806
5521600,0.05000000074505806
5527488,0.05000000074505806
5530944,0.05000000074505806
5536768,0.05000000074505806
5541440,0.05000000074505806
5543904,0.05000000074505806
5549472,0.05000000074505806
5550592,0.05000000074505806
5551232,0.05000000074505806
5555456,0.05000000074505806
5557536,0.05000000074505806
5561024,0.05000000074505806
5562336,0.05000000074505806
5565056,0.05000000074505806
5569152,0.05000000074505806
5570368,0.05000000074505806
5572768,0.05000000074505806
5576544,0.05000000074505806
5579008,0.05000000074505806
5579040,0.05000000074505806
5583424,0.05000000074505806
5586432,0.05000000074505806
5588736,0.05000000074505806
5589152,0.05000000074505806
5590784,0.05000000074505806
5595008,0.05000000074505806
5596864,0.05000000074505806
5606176,0.05000000074505806
5608960,0.05000000074505806
5609824,0.05000000074505806
5613152,0.05000000074505806
5615168,0.05000000074505806
5616832,0.05000000074505806
5627840,0.05000000074505806
5629824,0.05000000074505806
5630080,0.05000000074505806
5637504,0.05000000074505806
5646464,0.05000000074505806
5647392,0.05000000074505806
5655232,0.05000000074505806
5655584,0.05000000074505806
5658784,0.05000000074505806
5659488,0.05000000074505806
5666656,0.05000000074505806
5671456,0.05000000074505806
5672384,0.05000000074505806
5673440,0.05000000074505806
5676000,0.05000000074505806
5676096,0.05000000074505806
5681664,0.05000000074505806
5685408,0.05000000074505806
5685728,0.05000000074505806
5692704,0.05000000074505806
5697568,0.05000000074505806
5699072,0.05000000074505806
5711040,0.05000000074505806
5711648,0.05000000074505806
5724992,0.05000000074505806
5728320,0.05000000074505806
5738528,0.05000000074505806
5744864,0.05000000074505806
5751200,0.05000000074505806
5756640,0.05000000074505806
5758464,0.05000000074505806
5759008,0.05000000074505806
5769824,0.05000000074505806
5772352,0.05000000074505806
5775776,0.05000000074505806
5779552,0.05000000074505806
5779648,0.05000000074505806
5783392,0.05000000074505806
5794944,0.05000000074505806
5798272,0.05000000074505806
5798592,0.05000000074505806
5802784,0.05000000074505806
5806880,0.05000000074505806
5814144,0.05000000074505806
5821280,0.05000000074505806
5822592,0.05000000074505806
5829216,0.05000000074505806
5829952,0.05000000074505806
5831904,0.05000000074505806
5832832,0.05000000074505806
5841376,0.05000000074505806
5850688,0.05000000074505806
5856288,0.05000000074505806
5864352,0.05000000074505806
5865408,0.05000000074505806
5867008,0.05000000074505806
5867616,0.05000000074505806
5868384,0.05000000074505806
5884992,0.05000000074505806
5891168,0.05000000074505806
5895680,0.05000000074505806
5897664,0.05000000074505806
5901728,0.05000000074505806
5905024,0.05000000074505806
5912960,0.05000000074505806
5919488,0.05000000074505806
5924832,0.05000000074505806
5930176,0.05000000074505806
5938752,0.05000000074505806
5939296,0.05000000074505806
5944448,0.05000000074505806
5955808,0.05000000074505806
5959776,0.05000000074505806
5961056,0.05000000074505806
5966944,0.05000000074505806
5967232,0.05000000074505806
5968544,0.05000000074505806
5977216,0.05000000074505806
5980576,0.05000000074505806
5980640,0.05000000074505806
5981888,0.05000000074505806
5983200,0.05000000074505806
5983840,0.05000000074505806
5988096,0.05000000074505806
5989120,0.05000000074505806
5996128,0.05000000074505806
5998336,0.05000000074505806
6004000,0.05000000074505806
6006048,0.05000000074505806
6014624,0.05000000074505806
6015552,0.05000000074505806
6017216,0.05000000074505806
6021792,0.05000000074505806
6025376,0.05000000074505806
6027904,0.05000000074505806
6029120,0.05000000074505806
6030208,0.05000000074505806
6036544,0.05000000074505806
6046464,0.05000000074505806
6048352,0.05000000074505806
6054944,0.05000000074505806
6055840,0.05000000074505806
6060064,0.05000000074505806
6061344,0.05000000074505806
6063552,0.05000000074505806
6066688,0.05000000074505806
6077472,0.05000000074505806
6078304,0.05000000074505806
6081568,0.05000000074505806
6095840,0.05000000074505806
6104384,0.05000000074505806
6106304,0.05000000074505806
6111200,0.05000000074505806
6114304,0.05000000074505806
6115520,0.05000000074505806
6119072,0.05000000074505806
6123456,0.05000000074505806
6130112,0.05000000074505806
6131232,0.05000000074505806
6133280,0.05000000074505806
6136352,0.05000000074505806
6138432,0.05000000074505806
6141856,0.05000000074505806
6142304,0.05000000074505806
6142336,0.05000000074505806
6142592,0.05000000074505806
6143008,0.05000000074505806
6146400,0.05000000074505806
6150304,0.05000000074505806
6155104,0.05000000074505806
6161600,0.05000000074505806
6161696,0.05000000074505806
6163136,0.05000000074505806
6167456,0.05000000074505806
6169504,0.05000000074505806
6178304,0.05000000074505806
6178656,0.05000000074505806
6181376,0.05000000074505806
6182944,0.05000000074505806
6183840,0.05000000074505806
6183904,0.05000000074505806
6184192,0.05000000074505806
6193344,0.05000000074505806
6193952,0.05000000074505806
6199808,0.05000000074505806
6203136,0.05000000074505806
6205312,0.05000000074505806
6219712,0.05000000074505806
6223360,0.05000000074505806
6224224,0.05000000074505806
6226528,0.05000000074505806
6228800,0.05000000074505806
6235072,0.05000000074505806
6236064,0.05000000074505806
6238432,0.05000000074505806
6244000,0.05000000074505806
6250112,0.05000000074505806
6252288,0.05000000074505806
6258848,0.05000000074505806
6263840,0.05000000074505806
6264032,0.05000000074505806
6266144,0.05000000074505806
6271392,0.05000000074505806
6271680,0.05000000074505806
6272224,0.05000000074505806
6272928,0.05000000074505806
6282848,0.05000000074505806
6294400,0.05000000074505806
6297888,0.05000000074505806
6309824,0.05000000074505806
6313504,0.05000000074505806
6323424,0.05000000074505806
6325600,0.05000000074505806
6325952,0.05000000074505806
6341472,0.05000000074505806
6346112,0.05000000074505806
6348256,0.05000000074505806
6350240,0.05000000074505806
6351296,0.05000000074505806
6352704,0.05000000074505806
6353280,0.05000000074505806
6362112,0.05000000074505806
6364960,0.05000000074505806
6369536,0.05000000074505806
6384832,0.05000000074505806
6385824,0.05000000074505806
6396256,0.05000000074505806
6402432,0.05000000074505806
6406592,0.05000000074505806
6406944,0.05000000074505806
6410400,0.05000000074505806
6411168,0.05000000074505806
6413632,0.05000000074505806
6413696,0.05000000074505806
6418368,0.05000000074505806
6421984,0.05000000074505806
6433536,0.05000000074505806
6433920,0.05000000074505806
6438848,0.05000000074505806
6440480,0.05000000074505806
6445024,0.05000000074505806
6445184,0.05000000074505806
6448000,0.05000000074505806
6451008,0.05000000074505806
6454784,0.05000000074505806
6456992,0.05000000074505806
6458368,0.05000000074505806
6459872,0.05000000074505806
6460064,0.05000000074505806
6461664,0.05000000074505806
6470240,0.05000000074505806
6471040,0.05000000074505806
6472352,0.05000000074505806
6475904,0.05000000074505806
6478848,0.05000000074505806
6484288,0.05000000074505806
6494176,0.05000000074505806
6494272,0.05000000074505806
6494496,0.05000000074505806
6497088,0.05000000074505806
6498528,0.05000000074505806
6501632,0.05000000074505806
6502944,0.05000000074505806
6507360,0.05000000074505806
6510144,0.05000000074505806
6511776,0.05000000074505806
6521632,0.05000000074505806
6521856,0.05000000074505806
6522400,0.05000000074505806
6524768,0.05000000074505806
6526400,0.05000000074505806
6528160,0.05000000074505806
6531776,0.05000000074505806
6532960,0.05000000074505806
6534816,0.05000000074505806
6536800,0.05000000074505806
6538144,0.05000000074505806
6539040,0.05000000074505806
6541248,0.05000000074505806
6546368,0.05000000074505806
6546528,0.05000000074505806
6547200,0.05000000074505806
6552768,0.05000000074505806
6553696,0.05000000074505806
6557824,0.05000000074505806
6572224,0.05000000074505806
6575264,0.05000000074505806
6576608,0.05000000074505806
6577856,0.05000000074505806
6579488,0.05000000074505806
6582656,0.05000000074505806
6584544,0.05000000074505806
6589984,0.05000000074505806
6590304,0.05000000074505806
6595488,0.05000000074505806
6600032,0.05000000074505806
6601024,0.05000000074505806
6617248,0.05000000074505806
6618752,0.05000000074505806
6620512,0.05000000074505806
6621120,0.05000000074505806
6628832,0.05000000074505806
6629184,0.05000000074505806
6638496,0.05000000074505806
6638880,0.05000000074505806
6639680,0.05000000074505806
6645440,0.05000000074505806
6646592,0.05000000074505806
6651104,0.05000000074505806
6657472,0.05000000074505806
6658848,0.05000000074505806
6658912,0.05000000074505806
6660096,0.05000000074505806
6661536,0.05000000074505806
6662944,0.05000000074505806
6665024,0.05000000074505806
6674080,0.05000000074505806
6677472,0.05000000074505806
6680448,0.05000000074505806
6685536,0.05000000074505806
6685792,0.05000000074505806
6686592,0.05000000074505806
6688160,0.05000000074505806
6688288,0.05000000074505806
6688448,0.05000000074505806
6688672,0.05000000074505806
6691328,0.05000000074505806
6691360,0.05000000074505806
6700416,0.05000000074505806
6703648,0.05000000074505806
6705632,0.05000000074505806
6707232,0.05000000074505806
6713344,0.05000000074505806
6714464,0.05000000074505806
6715616,0.05000000074505806
6715936,0.05000000074505806
6719776,0.05000000074505806
6736160,0.05000000074505806
6736352,0.05000000074505806
6737920,0.05000000074505806
6740512,0.05000000074505806
6749248,0.05000000074505806
6759776,0.05000000074505806
6762848,0.05000000074505806
6762944,0.05000000074505806
6763744,0.05000000074505806
6765344,0.05000000074505806
6765856,0.05000000074505806
6767680,0.05000000074505806
6770208,0.05000000074505806
6770272,0.05000000074505806
6774304,0.05000000074505806
6785056,0.05000000074505806
6787200,0.05000000074505806
6792640,0.05000000074505806
6802400,0.05000000074505806
6810208,0.05000000074505806
6813408,0.05000000074505806
6818624,0.05000000074505806
6825600,0.05000000074505806
6828320,0.05000000074505806
6828416,0.05000000074505806
6833632,0.05000000074505806
6837952,0.05000000074505806
6838208,0.05000000074505806
6838592,0.05000000074505806
6838944,0.05000000074505806
6841504,0.05000000074505806
6841952,0.05000000074505806
6844160,0.05000000074505806
6844672,0.05000000074505806
6859552,0.05000000074505806
6864512,0.05000000074505806
6866880,0.05000000074505806
6869408,0.05000000074505806
6871808,0.05000000074505806
6874432,0.05000000074505806
6878400,0.05000000074505806
6885600,0.05000000074505806
6888736,0.05000000074505806
6892320,0.05000000074505806
6904736,0.05000000074505806
6905312,0.05000000074505806
6905792,0.05000000074505806
6906784,0.05000000074505806
6910688,0.05000000074505806
6915200,0.05000000074505806
6922368,0.05000000074505806
6923040,0.05000000074505806
6926048,0.05000000074505806
6929120,0.05000000074505806
6931296,0.05000000074505806
6931456,0.05000000074505806
6933568,0.05000000074505806
6937632,0.05000000074505806
6939200,0.05000000074505806
6942976,0.05000000074505806
6951264,0.05000000074505806
6962048,0.05000000074505806
6964864,0.05000000074505806
6971552,0.05000000074505806
6994208,0.05000000074505806
6998720,0.05000000074505806
7001632,0.05000000074505806
7002016,0.05000000074505806
7006464,0.05000000074505806
7011072,0.05000000074505806
7018048,0.05000000074505806
7021376,0.05000000074505806
7022880,0.05000000074505806
7028096,0.05000000074505806
7035968,0.05000000074505806
7039968,0.05000000074505806
7043904,0.05000000074505806
7047296,0.05000000074505806
7058656,0.05000000074505806
7059232,0.05000000074505806
7060384,0.05000000074505806
7063936,0.05000000074505806
7070944,0.05000000074505806
7073088,0.05000000074505806
7075104,0.05000000074505806
7076896,0.05000000074505806
7083296,0.05000000074505806
7086496,0.05000000074505806
7088160,0.05000000074505806
7089344,0.05000000074505806
7090144,0.05000000074505806
7092064,0.05000000074505806
7100192,0.05000000074505806
7100608,0.05000000074505806
7103744,0.05000000074505806
7104160,0.05000000074505806
7105984,0.05000000074505806
7106176,0.05000000074505806
7108960,0.05000000074505806
7113984,0.05000000074505806
7117536,0.05000000074505806
7120224,0.05000000074505806
7136736,0.05000000074505806
7138176,0.05000000074505806
7145728,0.05000000074505806
7148064,0.05000000074505806
7153472,0.05000000074505806
7159776,0.05000000074505806
7177952,0.05000000074505806
7179776,0.05000000074505806
7180000,0.05000000074505806
7190080,0.05000000074505806
7193888,0.05000000074505806
7194400,0.05000000074505806
7194720,0.05000000074505806
7198112,0.05000000074505806
7201792,0.05000000074505806
7204800,0.05000000074505806
7205184,0.05000000074505806
7209216,0.05000000074505806
7218528,0.05000000074505806
7222016,0.05000000074505806
7226848,0.05000000074505806
7229088,0.05000000074505806
7236576,0.05000000074505806
7236608,0.05000000074505806
7238464,0.05000000074505806
7239776,0.05000000074505806
7240288,0.05000000074505806
7240544,0.05000000074505806
7244224,0.05000000074505806
7251456,0.05000000074505806
7254208,0.05000000074505806
7256192,0.05000000074505806
7256224,0.05000000074505806
7257728,0.05000000074505806
7262016,0.05000000074505806
7265760,0.05000000074505806
7275712,0.05000000074505806
7278176,0.05000000074505806
7279808,0.05000000074505806
7280320,0.05000000074505806
7288736,0.05000000074505806
7294784,0.05000000074505806
7300704,0.05000000074505806
7303872,0.05000000074505806
7312640,0.05000000074505806
7313440,0.05000000074505806
7315104,0.05000000074505806
7325216,0.05000000074505806
7325344,0.05000000074505806
7326816,0.05000000074505806
7327136,0.05000000074505806
7328416,0.05000000074505806
7334784,0.05000000074505806
7339904,0.05000000074505806
7340640,0.05000000074505806
7344288,0.05000000074505806
7355424,0.05000000074505806
7358496,0.05000000074505806
7362752,0.05000000074505806
7365536,0.05000000074505806
7366976,0.05000000074505806
7367872,0.05000000074505806
7373120,0.05000000074505806
7393504,0.05000000074505806
7397248,0.05000000074505806
7412640,0.05000000074505806
7420384,0.05000000074505806
7423712,0.05000000074505806
7428160,0.05000000074505806
7436992,0.05000000074505806
7443744,0.05000000074505806
7451936,0.05000000074505806
7453760,0.05000000074505806
7454208,0.05000000074505806
7460384,0.05000000074505806
7462720,0.05000000074505806
7463648,0.05000000074505806
7465792,0.05000000074505806
7474080,0.05000000074505806
7475040,0.05000000074505806
7477792,0.05000000074505806
7478208,0.05000000074505806
7480256,0.05000000074505806
7480960,0.05000000074505806
7482336,0.05000000074505806
7484512,0.05000000074505806
7487680,0.05000000074505806
7488032,0.05000000074505806
7492544,0.05000000074505806
7495040,0.05000000074505806
7497632,0.05000000074505806
7499040,0.05000000074505806
7499712,0.05000000074505806
7501696,0.05000000074505806
7503616,0.05000000074505806
7507040,0.05000000074505806
7510368,0.05000000074505806
7512544,0.05000000074505806
7516736,0.05000000074505806
7518112,0.05000000074505806
7521792,0.05000000074505806
7522016,0.05000000074505806
7526048,0.05000000074505806
7532032,0.05000000074505806
7533152,0.05000000074505806
7535872,0.05000000074505806
7541856,0.05000000074505806
7545664,0.05000000074505806
7549536,0.05000000074505806
7549824,0.05000000074505806
7560704,0.05000000074505806
7561152,0.05000000074505806
7561632,0.05000000074505806
7561824,0.05000000074505806
7566720,0.05000000074505806
7568416,0.05000000074505806
7570464,0.05000000074505806
7572640,0.05000000074505806
7576608,0.05000000074505806
7592512,0.05000000074505806
7595712,0.05000000074505806
7598976,0.05000000074505806
7601952,0.05000000074505806
7614400,0.05000000074505806
7615520,0.05000000074505806
7618880,0.05000000074505806
7619744,0.05000000074505806
7624320,0.05000000074505806
7630752,0.05000000074505806
7631904,0.05000000074505806
7633248,0.05000000074505806
7639520,0.05000000074505806
7642144,0.05000000074505806
7643200,0.05000000074505806
7652128,0.05000000074505806
7656288,0.05000000074505806
7663264,0.05000000074505806
7664608,0.05000000074505806
7665568,0.05000000074505806
7666944,0.05000000074505806
7670880,0.05000000074505806
7674176,0.05000000074505806
7676032,0.05000000074505806
7684992,0.05000000074505806
7685184,0.05000000074505806
7691520,0.05000000074505806
7698112,0.05000000074505806
7702144,0.05000000074505806
7702688,0.05000000074505806
7704992,0.05000000074505806
7705440,0.05000000074505806
7705600,0.05000000074505806
7716448,0.05000000074505806
7720672,0.05000000074505806
7723360,0.05000000074505806
7725280,0.05000000074505806
7725408,0.05000000074505806
7729984,0.05000000074505806
7731872,0.05000000074505806
7733344,0.05000000074505806
7733472,0.05000000074505806
7735648,0.05000000074505806
7737568,0.05000000074505806
7743744,0.05000000074505806
7750016,0.05000000074505806
7767232,0.05000000074505806
7771360,0.05000000074505806
7775072,0.05000000074505806
7775264,0.05000000074505806
7781600,0.05000000074505806
7785472,0.05000000074505806
7791456,0.05000000074505806
7795008,0.05000000074505806
7796032,0.05000000074505806
7796928,0.05000000074505806
7803040,0.05000000074505806
7808352,0.05000000074505806
7810688,0.05000000074505806
7811296,0.05000000074505806
7812544,0.05000000074505806
7821024,0.05000000074505806
7828416,0.05000000074505806
7829184,0.05000000074505806
7830752,0.05000000074505806
7833216,0.05000000074505806
7842880,0.05000000074505806
7844928,0.05000000074505806
7852416,0.05000000074505806
7852736,0.05000000074505806
7854336,0.05000000074505806
7859488,0.05000000074505806
7861696,0.05000000074505806
7862656,0.05000000074505806
7868384,0.05000000074505806
7868576,0.05000000074505806
7870400,0.05000000074505806
7885152,0.05000000074505806
7886272,0.05000000074505806
7888064,0.05000000074505806
7895648,0.05000000074505806
7896832,0.05000000074505806
7897344,0.05000000074505806
7901312,0.05000000074505806
7907488,0.05000000074505806
7908224,0.05000000074505806
7910624,0.05000000074505806
7914752,0.05000000074505806
7919712,0.05000000074505806
7935584,0.05000000074505806
7940640,0.05000000074505806
7952672,0.05000000074505806
7957472,0.05000000074505806
7958656,0.05000000074505806
7962880,0.05000000074505806
7970720,0.05000000074505806
7973856,0.05000000074505806
7974208,0.05000000074505806
7979232,0.05000000074505806
7984224,0.05000000074505806
7986240,0.05000000074505806
7987680,0.05000000074505806
7991936,0.05000000074505806
7992768,0.05000000074505806
7993408,0.05000000074505806
7998816,0.05000000074505806
8007136,0.05000000074505806
8015104,0.05000000074505806
8019296,0.05000000074505806
8020352,0.05000000074505806
8021472,0.05000000074505806
8026496,0.05000000074505806
8027808,0.05000000074505806
8030304,0.05000000074505806
8038560,0.05000000074505806
8039008,0.05000000074505806
8052000,0.05000000074505806
8052032,0.05000000074505806
8053856,0.05000000074505806
8062144,0.05000000074505806
8065024,0.05000000074505806
8070880,0.05000000074505806
8071840,0.05000000074505806
8074560,0.05000000074505806
8075712,0.05000000074505806
8075968,0.05000000074505806
8079072,0.05000000074505806
8082784,0.05000000074505806
8086208,0.05000000074505806
8090176,0.05000000074505806
8090944,0.05000000074505806
8096800,0.05000000074505806
8102784,0.05000000074505806
8104256,0.05000000074505806
8109568,0.05000000074505806
8114336,0.05000000074505806
8120576,0.05000000074505806
8122240,0.05000000074505806
8123232,0.05000000074505806
8123872,0.05000000074505806
8124608,0.05000000074505806
8127392,0.05000000074505806
8130016,0.05000000074505806
8133536,0.05000000074505806
8133856,0.05000000074505806
8137184,0.05000000074505806
8139456,0.05000000074505806
8139936,0.05000000074505806
8143424,0.05000000074505806
8143808,0.05000000074505806
8146496,0.05000000074505806
8146912,0.05000000074505806
8147264,0.05000000074505806
8148960,0.05000000074505806
8150112,0.05000000074505806
8151392,0.05000000074505806
8156640,0.05000000074505806
8162176,0.05000000074505806
8166112,0.05000000074505806
8171808,0.05000000074505806
8172960,0.05000000074505806
8186656,0.05000000074505806
8192416,0.05000000074505806
8199680,0.05000000074505806
8201312,0.05000000074505806
8202528,0.05000000074505806
8203296,0.05000000074505806
8204000,0.05000000074505806
8204224,0.05000000074505806
8205600,0.05000000074505806
8208736,0.05000000074505806
8213184,0.05000000074505806
8229920,0.05000000074505806
8230112,0.05000000074505806
8230816,0.05000000074505806
8251008,0.05000000074505806
8275392,0.05000000074505806
8276096,0.05000000074505806
8279488,0.05000000074505806
8281408,0.05000000074505806
8283456,0.05000000074505806
8290368,0.05000000074505806
8290976,0.05000000074505806
8302400,0.05000000074505806
8302880,0.05000000074505806
8303616,0.05000000074505806
8304576,0.05000000074505806
8309696,0.05000000074505806
8316960,0.05000000074505806
8319744,0.05000000074505806
8328736,0.05000000074505806
8329728,0.05000000074505806
8330528,0.05000000074505806
8335264,0.05000000074505806
8335680,0.05000000074505806
8339712,0.05000000074505806
8342464,0.05000000074505806
8344032,0.05000000074505806
8348032,0.05000000074505806
8350656,0.05000000074505806
8355584,0.05000000074505806
8355712,0.05000000074505806
8360800,0.05000000074505806
8362240,0.05000000074505806
8365440,0.05000000074505806
8365760,0.05000000074505806
8366016,0.05000000074505806
8366240,0.05000000074505806
8367264,0.05000000074505806
8367456,0.05000000074505806
8388352,0.05000000074505806
8391264,0.05000000074505806
8393024,0.05000000074505806
8398656,0.05000000074505806
8398816,0.05000000074505806
8401824,0.05000000074505806
8403808,0.05000000074505806
8404928,0.05000000074505806
8408352,0.05000000074505806
8409952,0.05000000074505806
8414016,0.05000000074505806
8417888,0.05000000074505806
8419936,0.05000000074505806
8420384,0.05000000074505806
8421536,0.05000000074505806
8425408,0.05000000074505806
8434528,0.05000000074505806
8435776,0.05000000074505806
8438752,0.05000000074505806
8440640,0.05000000074505806
8454656,0.05000000074505806
8462080,0.05000000074505806
8463360,0.05000000074505806
8467840,0.05000000074505806
8471360,0.05000000074505806
8476640,0.05000000074505806
8477952,0.05000000074505806
8484416,0.05000000074505806
8486816,0.05000000074505806
8487552,0.05000000074505806
8488160,0.05000000074505806
8491456,0.05000000074505806
8493760,0.05000000074505806
8498976,0.05000000074505806
8499040,0.05000000074505806
8502208,0.05000000074505806
8506304,0.05000000074505806
8509632,0.05000000074505806
8511296,0.05000000074505806
8517248,0.05000000074505806
8520992,0.05000000074505806
8525280,0.05000000074505806
8527360,0.05000000074505806
8532128,0.05000000074505806
8534272,0.05000000074505806
8544928,0.05000000074505806
8546592,0.05000000074505806
8552160,0.05000000074505806
8553600,0.05000000074505806
8554848,0.05000000074505806
8560128,0.05000000074505806
8562048,0.05000000074505806
8562464,0.05000000074505806
8562560,0.05000000074505806
8564480,0.05000000074505806
8573440,0.05000000074505806
8580320,0.05000000074505806
8582368,0.05000000074505806
8586688,0.05000000074505806
8586752,0.05000000074505806
8586944,0.05000000074505806
8591232,0.05000000074505806
8592608,0.05000000074505806
8593664,0.05000000074505806
8596096,0.05000000074505806
8597632,0.05000000074505806
8598752,0.05000000074505806
8607872,0.05000000074505806
8607936,0.05000000074505806
8615904,0.05000000074505806
8617888,0.05000000074505806
8621152,0.05000000074505806
8621632,0.05000000074505806
8622016,0.05000000074505806
8626496,0.05000000074505806
8639072,0.05000000074505806
8640096,0.05000000074505806
8640416,0.05000000074505806
8644224,0.05000000074505806
8644320,0.05000000074505806
8658944,0.05000000074505806
8659072,0.05000000074505806
8659328,0.05000000074505806
8661312,0.05000000074505806
8662016,0.05000000074505806
8662720,0.05000000074505806
8663584,0.05000000074505806
8674784,0.05000000074505806
8676512,0.05000000074505806
8677280,0.05000000074505806
8681472,0.05000000074505806
8685088,0.05000000074505806
8692992,0.05000000074505806
8695584,0.05000000074505806
8696352,0.05000000074505806
8696640,0.05000000074505806
8719104,0.05000000074505806
8728448,0.05000000074505806
8733248,0.05000000074505806
8738528,0.05000000074505806
8738912,0.05000000074505806
8739904,0.05000000074505806
8739968,0.05000000074505806
8742816,0.05000000074505806
8745440,0.05000000074505806
8745472,0.05000000074505806
8746592,0.05000000074505806
8746752,0.05000000074505806
8760128,0.05000000074505806
8763648,0.05000000074505806
8766944,0.05000000074505806
8767328,0.05000000074505806
8769216,0.05000000074505806
8770976,0.05000000074505806
8776832,0.05000000074505806
8779936,0.05000000074505806
8783136,0.05000000074505806
8784224,0.05000000074505806
8784960,0.05000000074505806
8788576,0.05000000074505806
8793696,0.05000000074505806
8810368,0.05000000074505806
8818592,0.05000000074505806
8818944,0.05000000074505806
8826496,0.05000000074505806
8831424,0.05000000074505806
8834240,0.05000000074505806
8834784,0.05000000074505806
8835968,0.05000000074505806
8836800,0.05000000074505806
8845344,0.05000000074505806
8853088,0.05000000074505806
8857888,0.05000000074505806
8859680,0.05000000074505806
8861216,0.05000000074505806
8863552,0.05000000074505806
8865088,0.05000000074505806
8866816,0.05000000074505806
8867392,0.05000000074505806
8867968,0.05000000074505806
8871840,0.05000000074505806
8878848,0.05000000074505806
8883680,0.05000000074505806
8889088,0.05000000074505806
8896704,0.05000000074505806
8897120,0.05000000074505806
8899616,0.05000000074505806
8900704,0.05000000074505806
8903168,0.05000000074505806
8908640,0.05000000074505806
8911200,0.05000000074505806
8912000,0.05000000074505806
8920032,0.05000000074505806
8924032,0.05000000074505806
8927360,0.05000000074505806
8931968,0.05000000074505806
8932032,0.05000000074505806
8934752,0.05000000074505806
8936128,0.05000000074505806
8944896,0.05000000074505806
8948416,0.05000000074505806
8951104,0.05000000074505806
8951904,0.05000000074505806
8951968,0.05000000074505806
8953504,0.05000000074505806
8958688,0.05000000074505806
8959136,0.05000000074505806
8967456,0.05000000074505806
8979552,0.05000000074505806
8981600,0.05000000074505806
8983744,0.05000000074505806
8992416,0.05000000074505806
9010432,0.05000000074505806
9013536,0.05000000074505806
9014784,0.05000000074505806
9016224,0.05000000074505806
9024384,0.05000000074505806
9028320,0.05000000074505806
9031008,0.05000000074505806
9031264,0.05000000074505806
9040576,0.05000000074505806
9042240,0.05000000074505806
9042656,0.05000000074505806
9047840,0.05000000074505806
9049344,0.05000000074505806
9059776,0.05000000074505806
9063136,0.05000000074505806
9066464,0.05000000074505806
9066848,0.05000000074505806
9069920,0.05000000074505806
9075232,0.05000000074505806
9075360,0.05000000074505806
9075680,0.05000000074505806
9077504,0.05000000074505806
9077984,0.05000000074505806
9080448,0.05000000074505806
9082080,0.05000000074505806
9082208,0.05000000074505806
9082976,0.05000000074505806
9087456,0.05000000074505806
9091584,0.05000000074505806
9091936,0.05000000074505806
9096480,0.05000000074505806
9097152,0.05000000074505806
9105344,0.05000000074505806
9106368,0.05000000074505806
9107680,0.05000000074505806
9114368,0.05000000074505806
9124000,0.05000000074505806
9126080,0.05000000074505806
9136832,0.05000000074505806
9137344,0.05000000074505806
9138912,0.05000000074505806
9139776,0.05000000074505806
9143200,0.05000000074505806
9146464,0.05000000074505806
9147680,0.05000000074505806
9148576,0.05000000074505806
9149504,0.05000000074505806
9150656,0.05000000074505806
9151616,0.05000000074505806
9153728,0.05000000074505806
9156832,0.05000000074505806
9160192,0.05000000074505806
9160576,0.05000000074505806
9162208,0.05000000074505806
9162848,0.05000000074505806
9167424,0.05000000074505806
9167616,0.05000000074505806
9176128,0.05000000074505806
9178304,0.05000000074505806
9178496,0.05000000074505806
9178528,0.05000000074505806
9181824,0.05000000074505806
9183552,0.05000000074505806
9184864,0.05000000074505806
9185376,0.05000000074505806
9193248,0.05000000074505806
9201888,0.05000000074505806
9205184,0.05000000074505806
9206240,0.05000000074505806
9207680,0.05000000074505806
9219552,0.05000000074505806
9220512,0.05000000074505806
9227904,0.05000000074505806
9230464,0.05000000074505806
9233024,0.05000000074505806
9238528,0.05000000074505806
9241728,0.05000000074505806
9246272,0.05000000074505806
9248128,0.05000000074505806
9262912,0.05000000074505806
9266016,0.05000000074505806
9268096,0.05000000074505806
9276672,0.05000000074505806
9278752,0.05000000074505806
9281344,0.05000000074505806
9281728,0.05000000074505806
9289184,0.05000000074505806
9290272,0.05000000074505806
9294848,0.05000000074505806
9297184,0.05000000074505806
9305824,0.05000000074505806
9307552,0.05000000074505806
9307744,0.05000000074505806
9309120,0.05000000074505806
9318976,0.05000000074505806
9319072,0.05000000074505806
9319904,0.05000000074505806
9321184,0.05000000074505806
9330688,0.05000000074505806
9331392,0.05000000074505806
9335296,0.05000000074505806
9336224,0.05000000074505806
9342816,0.05000000074505806
9344000,0.05000000074505806
9344192,0.05000000074505806
9347744,0.05000000074505806
9351104,0.05000000074505806
9357952,0.05000000074505806
9359520,0.05000000074505806
9363264,0.05000000074505806
9378240,0.05000000074505806
9383264,0.05000000074505806
9385600,0.05000000074505806
9387744,0.05000000074505806
9388640,0.05000000074505806
9392512,0.05000000074505806
9393664,0.05000000074505806
9402272,0.05000000074505806
9403296,0.05000000074505806
9405472,0.05000000074505806
9405824,0.05000000074505806
9405888,0.05000000074505806
9406112,0.05000000074505806
9418592,0.05000000074505806
9419264,0.05000000074505806
9420288,0.05000000074505806
9423968,0.05000000074505806
9431808,0.05000000074505806
9437760,0.05000000074505806
9438336,0.05000000074505806
9440512,0.05000000074505806
9444384,0.05000000074505806
9447136,0.05000000074505806
9456672,0.05000000074505806
9457888,0.05000000074505806
9465568,0.05000000074505806
9472160,0.05000000074505806
9479776,0.05000000074505806
9481280,0.05000000074505806
9484864,0.05000000074505806
9485792,0.05000000074505806
9486304,0.05000000074505806
9488416,0.05000000074505806
9491808,0.05000000074505806
9501088,0.05000000074505806
9506240,0.05000000074505806
9508928,0.05000000074505806
9515584,0.05000000074505806
9518784,0.05000000074505806
9520192,0.05000000074505806
9523648,0.05000000074505806
9530752,0.05000000074505806
9536544,0.05000000074505806
9544256,0.05000000074505806
9546816,0.05000000074505806
9548928,0.05000000074505806
9559552,0.05000000074505806
9560000,0.05000000074505806
9565568,0.05000000074505806
9569952,0.05000000074505806
9570368,0.05000000074505806
9571392,0.05000000074505806
9573056,0.05000000074505806
9583392,0.05000000074505806
9583488,0.05000000074505806
9584256,0.05000000074505806
9590016,0.05000000074505806
9599968,0.05000000074505806
9600448,0.05000000074505806
9606336,0.05000000074505806
9608032,0.05000000074505806
9611648,0.05000000074505806
9613856,0.05000000074505806
9618624,0.05000000074505806
9631104,0.05000000074505806
9636800,0.05000000074505806
9643168,0.05000000074505806
9645600,0.05000000074505806
9648896,0.05000000074505806
9656448,0.05000000074505806
9660736,0.05000000074505806
9661024,0.05000000074505806
9663328,0.05000000074505806
9663680,0.05000000074505806
9664736,0.05000000074505806
9669440,0.05000000074505806
9673120,0.05000000074505806
9679808,0.05000000074505806
9688480,0.05000000074505806
9690496,0.05000000074505806
9691744,0.05000000074505806
9691872,0.05000000074505806
9695296,0.05000000074505806
9703328,0.05000000074505806
9703904,0.05000000074505806
9706944,0.05000000074505806
9718016,0.05000000074505806
9722784,0.05000000074505806
9724160,0.05000000074505806
9742272,0.05000000074505806
9755840,0.05000000074505806
9765056,0.05000000074505806
9778560,0.05000000074505806
9778976,0.05000000074505806
9784352,0.05000000074505806
9789760,0.05000000074505806
9791424,0.05000000074505806
9792864,0.05000000074505806
9793856,0.05000000074505806
9803392,0.05000000074505806
9807520,0.05000000074505806
9808992,0.05000000074505806
9809376,0.05000000074505806
9815584,0.05000000074505806
9816416,0.05000000074505806
9818464,0.05000000074505806
9821824,0.05000000074505806
9823008,0.05000000074505806
9830592,0.05000000074505806
9832192,0.05000000074505806
9836416,0.05000000074505806
9844192,0.05000000074505806
9846528,0.05000000074505806
9846624,0.05000000074505806
9847424,0.05000000074505806
9849184,0.05000000074505806
9853632,0.05000000074505806
9853920,0.05000000074505806
9855104,0.05000000074505806
9864832,0.05000000074505806
9866112,0.05000000074505806
9867008,0.05000000074505806
9867040,0.05000000074505806
9872544,0.05000000074505806
9873248,0.05000000074505806
9876320,0.05000000074505806
9878944,0.05000000074505806
9879936,0.05000000074505806
9880928,0.05000000074505806
9887072,0.05000000074505806
9892448,0.05000000074505806
9892992,0.05000000074505806
9894016,0.05000000074505806
9900896,0.05000000074505806
9900992,0.05000000074505806
9901824,0.05000000074505806
9903968,0.05000000074505806
9904928,0.05000000074505806
9912128,0.05000000074505806
9915200,0.05000000074505806
9916352,0.05000000074505806
9917344,0.05000000074505806
9919328,0.05000000074505806
9933344,0.05000000074505806
9944384,0.05000000074505806
9949440,0.05000000074505806
9949920,0.05000000074505806
9950368,0.05000000074505806
9950432,0.05000000074505806
9961728,0.05000000074505806
9969568,0.05000000074505806
9979200,0.05000000074505806
9985728,0.05000000074505806
9989152,0.05000000074505806
9989312,0.05000000074505806
9993600,0.05000000074505806
9997312,0.05000000074505806
10000288,0.05000000074505806
10001536,0.05000000074505806
10003392,0.05000000074505806
10011008,0.05000000074505806
10013472,0.05000000074505806
10013632,0.05000000074505806
10013952,0.05000000074505806
10016288,0.05000000074505806
10019424,0.05000000074505806
10032128,0.05000000074505806
10033600,0.05000000074505806
10049888,0.05000000074505806
10051616,0.05000000074505806
10057568,0.05000000074505806
10064256,0.05000000074505806
10077856,0.05000000074505806
10078272,0.05000000074505806
10081472,0.05000000074505806
10083104,0.05000000074505806
10086784,0.05000000074505806
10087712,0.05000000074505806
10088832,0.05000000074505806
10092224,0.05000000074505806
10093344,0.05000000074505806
10100896,0.05000000074505806
10102528,0.05000000074505806
10104000,0.05000000074505806
10104192,0.05000000074505806
10114432,0.05000000074505806
10120704,0.05000000074505806
10123072,0.05000000074505806
10125824,0.05000000074505806
10128032,0.05000000074505806
10128096,0.05000000074505806
10140416,0.05000000074505806
10145856,0.05000000074505806
10146560,0.05000000074505806
10152544,0.05000000074505806
10153120,0.05000000074505806
10154176,0.05000000074505806
10155616,0.05000000074505806
10157152,0.05000000074505806
10158464,0.05000000074505806
10162592,0.05000000074505806
10169408,0.05000000074505806
10170144,0.05000000074505806
10173088,0.05000000074505806
10174464,0.05000000074505806
10178720,0.05000000074505806
10182528,0.05000000074505806
10184672,0.05000000074505806
10196640,0.05000000074505806
10201408,0.05000000074505806
10201920,0.05000000074505806
10203712,0.05000000074505806
10203776,0.05000000074505806
10205472,0.05000000074505806
10206752,0.05000000074505806
10207168,0.05000000074505806
10208640,0.05000000074505806
10209344,0.05000000074505806
10216160,0.05000000074505806
10216384,0.05000000074505806
10224512,0.05000000074505806
10226176,0.05000000074505806
10228192,0.05000000074505806
10231840,0.05000000074505806
10233152,0.05000000074505806
10234048,0.05000000074505806
10235168,0.05000000074505806
10243264,0.05000000074505806
10245792,0.05000000074505806
10249056,0.05000000074505806
10263264,0.05000000074505806
10263392,0.05000000074505806
10264768,0.05000000074505806
10266208,0.05000000074505806
10269248,0.05000000074505806
10269568,0.05000000074505806
10278624,0.05000000074505806
10283456,0.05000000074505806
10286144,0.05000000074505806
10287936,0.05000000074505806
10291808,0.05000000074505806
10292672,0.05000000074505806
10300896,0.05000000074505806
10301376,0.05000000074505806
10305856,0.05000000074505806
10309504,0.05000000074505806
10312544,0.05000000074505806
10313376,0.05000000074505806
10320992,0.05000000074505806
10321504,0.05000000074505806
10322592,0.05000000074505806
10324416,0.05000000074505806
10326176,0.05000000074505806
10327264,0.05000000074505806
10339968,0.05000000074505806
10349856,0.05000000074505806
10352096,0.05000000074505806
10356032,0.05000000074505806
10357152,0.05000000074505806
10359040,0.05000000074505806
10359488,0.05000000074505806
10361888,0.05000000074505806
10365760,0.05000000074505806
10371424,0.05000000074505806
10372960,0.05000000074505806
10384288,0.05000000074505806
10385440,0.05000000074505806
10393344,0.05000000074505806
10395776,0.05000000074505806
10400352,0.05000000074505806
10403040,0.05000000074505806
10407616,0.05000000074505806
10413088,0.05000000074505806
10419968,0.05000000074505806
10420448,0.05000000074505806
10423104,0.05000000074505806
10426208,0.05000000074505806
10430016,0.05000000074505806
10432800,0.05000000074505806
10435040,0.05000000074505806
10440832,0.05000000074505806
10442528,0.05000000074505806
10443552,0.05000000074505806
10444160,0.05000000074505806
10446368,0.05000000074505806
10446592,0.05000000074505806
10448480,0.05000000074505806
10449024,0.05000000074505806
10449792,0.05000000074505806
10454112,0.05000000074505806
10455520,0.05000000074505806
10469120,0.05000000074505806
10470688,0.05000000074505806
10482656,0.05000000074505806
10483744,0.05000000074505806
10489792,0.05000000074505806
10500000,0.05000000074505806
10501024,0.05000000074505806
10508320,0.05000000074505806
10508896,0.05000000074505806
10513440,0.05000000074505806
10518400,0.05000000074505806
10518816,0.05000000074505806
10523680,0.05000000074505806
10524320,0.05000000074505806
10524704,0.05000000074505806
10526528,0.05000000074505806
10528320,0.05000000074505806
10530912,0.05000000074505806
10531904,0.05000000074505806
10538656,0.05000000074505806
10544192,0.05000000074505806
10553088,0.05000000074505806
10556224,0.05000000074505806
10558944,0.05000000074505806
10560640,0.05000000074505806
10574688,0.05000000074505806
10577216,0.05000000074505806
10577408,0.05000000074505806
10579872,0.05000000074505806
10580256,0.05000000074505806
10585344,0.05000000074505806
10590240,0.05000000074505806
10590560,0.05000000074505806
10594656,0.05000000074505806
10594848,0.05000000074505806
10595360,0.05000000074505806
10599264,0.05000000074505806
10599488,0.05000000074505806
10600608,0.05000000074505806
10607776,0.05000000074505806
10616320,0.05000000074505806
10621920,0.05000000074505806
10624832,0.05000000074505806
10637664,0.05000000074505806
10646048,0.05000000074505806
10650016,0.05000000074505806
10655840,0.05000000074505806
10663552,0.05000000074505806
10665824,0.05000000074505806
10671104,0.05000000074505806
10672320,0.05000000074505806
10676256,0.05000000074505806
10676352,0.05000000074505806
10681792,0.05000000074505806
10683488,0.05000000074505806
10685344,0.05000000074505806
10691520,0.05000000074505806
10691584,0.05000000074505806
10692064,0.05000000074505806
10693152,0.05000000074505806
10703904,0.05000000074505806
10706112,0.05000000074505806
10710048,0.05000000074505806
10711232,0.05000000074505806
10722528,0.05000000074505806
10725120,0.05000000074505806
10727904,0.05000000074505806
10733152,0.05000000074505806
10733664,0.05000000074505806
10734816,0.05000000074505806
10735744,0.05000000074505806
10743392,0.05000000074505806
10745184,0.05000000074505806
10747040,0.05000000074505806
10750144,0.05000000074505806
10762336,0.05000000074505806
10763712,0.05000000074505806
10767744,0.05000000074505806
10772128,0.05000000074505806
10772576,0.05000000074505806
10780768,0.05000000074505806
10784448,0.05000000074505806
10798720,0.05000000074505806
10803488,0.05000000074505806
10805024,0.05000000074505806
10825312,0.05000000074505806
10826240,0.05000000074505806
10829920,0.05000000074505806
10830112,0.05000000074505806
10830656,0.05000000074505806
10839104,0.05000000074505806
10846368,0.05000000074505806
10849408,0.05000000074505806
10850432,0.05000000074505806
10852896,0.05000000074505806
10858560,0.05000000074505806
10863936,0.05000000074505806
10864928,0.05000000074505806
10865664,0.05000000074505806
10869536,0.05000000074505806
10871776,0.05000000074505806
10880352,0.05000000074505806
10883456,0.05000000074505806
10884320,0.05000000074505806
10885920,0.05000000074505806
10891712,0.05000000074505806
10893056,0.05000000074505806
10894976,0.05000000074505806
10900512,0.05000000074505806
10902496,0.05000000074505806
10902560,0.05000000074505806
10906464,0.05000000074505806
10909920,0.05000000074505806
10910688,0.05000000074505806
10913280,0.05000000074505806
10920480,0.05000000074505806
10922368,0.05000000074505806
10924128,0.05000000074505806
10926304,0.05000000074505806
10930432,0.05000000074505806
10939616,0.05000000074505806
10940096,0.05000000074505806
10946816,0.05000000074505806
10951808,0.05000000074505806
10951968,0.05000000074505806
10953664,0.05000000074505806
10962912,0.05000000074505806
10963072,0.05000000074505806
10971264,0.05000000074505806
10973472,0.05000000074505806
10973952,0.05000000074505806
10974144,0.05000000074505806
10974944,0.05000000074505806
10975936,0.05000000074505806
10976832,0.05000000074505806
10976992,0.05000000074505806
10978304,0.05000000074505806
10979040,0.05000000074505806
10981920,0.05000000074505806
10984704,0.05000000074505806
10988960,0.05000000074505806
11008224,0.05000000074505806
11009504,0.05000000074505806
11016608,0.05000000074505806
11017536,0.05000000074505806
11025664,0.05000000074505806
11025856,0.05000000074505806
11026336,0.05000000074505806
11027232,0.05000000074505806
11028672,0.05000000074505806
11029440,0.05000000074505806
11030528,0.05000000074505806
11031104,0.05000000074505806
11032224,0.05000000074505806
11032992,0.05000000074505806
11035072,0.05000000074505806
11037824,0.05000000074505806
11038112,0.05000000074505806
11040064,0.05000000074505806
11043840,0.05000000074505806
11046944,0.05000000074505806
11052224,0.05000000074505806
11055200,0.05000000074505806
11056736,0.05000000074505806
11065696,0.05000000074505806
11067072,0.05000000074505806
11076192,0.05000000074505806
11077984,0.05000000074505806
11080160,0.05000000074505806
11081088,0.05000000074505806
11081504,0.05000000074505806
11085920,0.05000000074505806
11087040,0.05000000074505806
11095968,0.05000000074505806
11096064,0.05000000074505806
11098432,0.05000000074505806
11108896,0.05000000074505806
11116096,0.05000000074505806
11124448,0.05000000074505806
11125568,0.05000000074505806
11131104,0.05000000074505806
11135456,0.05000000074505806
11142304,0.05000000074505806
11144512,0.05000000074505806
11144960,0.05000000074505806
11146432,0.05000000074505806
11149056,0.05000000074505806
11149440,0.05000000074505806
11152544,0.05000000074505806
11171648,0.05000000074505806
11171776,0.05000000074505806
11176352,0.05000000074505806
11176896,0.05000000074505806
11181248,0.05000000074505806
11183136,0.05000000074505806
11188288,0.05000000074505806
11189376,0.05000000074505806
11189536,0.05000000074505806
11189824,0.05000000074505806
11195968,0.05000000074505806
11200896,0.05000000074505806
11201056,0.05000000074505806
11201824,0.05000000074505806
11209184,0.05000000074505806
11211904,0.05000000074505806
11213728,0.05000000074505806
11216416,0.05000000074505806
11219072,0.05000000074505806
11226368,0.05000000074505806
11236736,0.05000000074505806
11241920,0.05000000074505806
11246656,0.05000000074505806
11256064,0.05000000074505806
11260256,0.05000000074505806
11270752,0.05000000074505806
11272512,0.05000000074505806
11272672,0.05000000074505806
11278208,0.05000000074505806
11283936,0.05000000074505806
11290656,0.05000000074505806
11293536,0.05000000074505806
11312096,0.05000000074505806
11316352,0.05000000074505806
11317632,0.05000000074505806
11320160,0.05000000074505806
11320640,0.05000000074505806
11321888,0.05000000074505806
11323840,0.05000000074505806
11329440,0.05000000074505806
11329888,0.05000000074505806
11333120,0.05000000074505806
11342304,0.05000000074505806
11344800,0.05000000074505806
11346720,0.05000000074505806
11349088,0.05000000074505806
11349504,0.05000000074505806
11351520,0.05000000074505806
11360992,0.05000000074505806
11361536,0.05000000074505806
11363360,0.05000000074505806
11365760,0.05000000074505806
11369920,0.05000000074505806
11371776,0.05000000074505806
11374528,0.05000000074505806
11377920,0.05000000074505806
11380160,0.05000000074505806
11383872,0.05000000074505806
11384064,0.05000000074505806
11384480,0.05000000074505806
11389664,0.05000000074505806
11391168,0.05000000074505806
11392416,0.05000000074505806
11395104,0.05000000074505806
11396480,0.05000000074505806
11402944,0.05000000074505806
11403104,0.05000000074505806
11412192,0.05000000074505806
11416864,0.05000000074505806
11427008,0.05000000074505806
11432640,0.05000000074505806
11434240,0.05000000074505806
11434944,0.05000000074505806
11436256,0.05000000074505806
11436992,0.05000000074505806
11437312,0.05000000074505806
11438240,0.05000000074505806
11442432,0.05000000074505806
11443040,0.05000000074505806
11445088,0.05000000074505806
11445792,0.05000000074505806
11450400,0.05000000074505806
11451968,0.05000000074505806
11453344,0.05000000074505806
11458336,0.05000000074505806
11460000,0.05000000074505806
11460640,0.05000000074505806
11463552,0.05000000074505806
11471648,0.05000000074505806
11474592,0.05000000074505806
11474752,0.05000000074505806
11477696,0.05000000074505806
11478208,0.05000000074505806
11485792,0.05000000074505806
11488416,0.05000000074505806
11498048,0.05000000074505806
11500480,0.05000000074505806
11501024,0.05000000074505806
11503552,0.05000000074505806
11504032,0.05000000074505806
11513760,0.05000000074505806
11513792,0.05000000074505806
11515264,0.05000000074505806
11523136,0.05000000074505806
11524576,0.05000000074505806
11533344,0.05000000074505806
11553248,0.05000000074505806
11553376,0.05000000074505806
11556960,0.05000000074505806
11559360,0.05000000074505806
11561472,0.05000000074505806
11568960,0.05000000074505806
11580032,0.05000000074505806
11585408,0.05000000074505806
11609504,0.05000000074505806
11616800,0.05000000074505806
11617696,0.05000000074505806
11624128,0.05000000074505806
11625440,0.05000000074505806
11629056,0.05000000074505806
11630240,0.05000000074505806
11630912,0.05000000074505806
11640096,0.05000000074505806
11641536,0.05000000074505806
11644832,0.05000000074505806
11648288,0.05000000074505806
11649568,0.05000000074505806
11654304,0.05000000074505806
11658432,0.05000000074505806
11666400,0.05000000074505806
11667552,0.05000000074505806
11668704,0.05000000074505806
11671680,0.05000000074505806
11672064,0.05000000074505806
11673344,0.05000000074505806
11674496,0.05000000074505806
11675392,0.05000000074505806
11677728,0.05000000074505806
11681632,0.05000000074505806
11681664,0.05000000074505806
11681792,0.05000000074505806
11682176,0.05000000074505806
11684064,0.05000000074505806
11690144,0.05000000074505806
11690976,0.05000000074505806
11692032,0.05000000074505806
11693024,0.05000000074505806
11693088,0.05000000074505806
11702784,0.05000000074505806
11703520,0.05000000074505806
11704768,0.05000000074505806
11705408,0.05000000074505806
11705856,0.05000000074505806
11730016,0.05000000074505806
11736768,0.05000000074505806
11742080,0.05000000074505806
11743936,0.05000000074505806
11750048,0.05000000074505806
11750176,0.05000000074505806
11753760,0.05000000074505806
11755200,0.05000000074505806
11756864,0.05000000074505806
11757440,0.05000000074505806
11757568,0.05000000074505806
11761088,0.05000000074505806
11764256,0.05000000074505806
11768064,0.05000000074505806
11776480,0.05000000074505806
11779584,0.05000000074505806
11780672,0.05000000074505806
11782912,0.05000000074505806
11792736,0.05000000074505806
11797952,0.05000000074505806
11798976,0.05000000074505806
11799872,0.05000000074505806
11805952,0.05000000074505806
11811392,0.05000000074505806
11814240,0.05000000074505806
11816512,0.05000000074505806
11820256,0.05000000074505806
11821792,0.05000000074505806
11823456,0.05000000074505806
11827872,0.05000000074505806
11828096,0.05000000074505806
11829152,0.05000000074505806
11830848,0.05000000074505806
11837344,0.05000000074505806
11837408,0.05000000074505806
11840224,0.05000000074505806
11841248,0.05000000074505806
11847328,0.05000000074505806
11849472,0.05000000074505806
11850528,0.05000000074505806
11855040,0.05000000074505806
11856352,0.05000000074505806
11857856,0.05000000074505806
11862848,0.05000000074505806
11867488,0.05000000074505806
11869312,0.05000000074505806
11870752,0.05000000074505806
11873824,0.05000000074505806
11874048,0.05000000074505806
11876736,0.05000000074505806
11880992,0.05000000074505806
11884864,0.05000000074505806
11892256,0.05000000074505806
11911232,0.05000000074505806
11911392,0.05000000074505806
11918624,0.05000000074505806
11920384,0.05000000074505806
11924448,0.05000000074505806
11926272,0.05000000074505806
11934688,0.05000000074505806
11937440,0.05000000074505806
11952768,0.05000000074505806
11952992,0.05000000074505806
11953376,0.05000000074505806
11957312,0.05000000074505806
11960768,0.05000000074505806
11961536,0.05000000074505806
11967168,0.05000000074505806
11968096,0.05000000074505806
11974496,0.05000000074505806
11987040,0.05000000074505806
11987424,0.05000000074505806
11989344,0.05000000074505806
11990368,0.05000000074505806
11996064,0.05000000074505806
11999360,0.05000000074505806
12000320,0.05000000074505806
12000640,0.05000000074505806
12004544,0.05000000074505806
12010080,0.05000000074505806
12011680,0.05000000074505806
12016672,0.05000000074505806
12017248,0.05000000074505806
12022912,0.05000000074505806
12023584,0.05000000074505806
12026432,0.05000000074505806
12030400,0.05000000074505806
12034784,0.05000000074505806
12038656,0.05000000074505806
12041216,0.05000000074505806
12042912,0.05000000074505806
12043392,0.05000000074505806
12048224,0.05000000074505806
12054784,0.05000000074505806
12056224,0.05000000074505806
12072960,0.05000000074505806
12074720,0.05000000074505806
12076832,0.05000000074505806
12076928,0.05000000074505806
12084032,0.05000000074505806
12084512,0.05000000074505806
12084544,0.05000000074505806
12090080,0.05000000074505806
12092512,0.05000000074505806
12097280,0.05000000074505806
12098560,0.05000000074505806
12101600,0.05000000074505806
12103104,0.05000000074505806
12104320,0.05000000074505806
12107136,0.05000000074505806
12107840,0.05000000074505806
12109440,0.05000000074505806
12112096,0.05000000074505806
12113568,0.05000000074505806
12116512,0.05000000074505806
12121152,0.05000000074505806
12121568,0.05000000074505806
12124096,0.05000000074505806
12131168,0.05000000074505806
12135168,0.05000000074505806
12143520,0.05000000074505806
12144128,0.05000000074505806
12152352,0.05000000074505806
12164576,0.05000000074505806
12169056,0.05000000074505806
12169824,0.05000000074505806
12172160,0.05000000074505806
12174848,0.05000000074505806
12178528,0.05000000074505806
12181184,0.05000000074505806
12183936,0.05000000074505806
12185728,0.05000000074505806
12195328,0.05000000074505806
12197920,0.05000000074505806
12198464,0.05000000074505806
12200416,0.05000000074505806
12201248,0.05000000074505806
12206144,0.05000000074505806
12210208,0.05000000074505806
12216224,0.05000000074505806
12219488,0.05000000074505806
12223104,0.05000000074505806
12226176,0.05000000074505806
12231840,0.05000000074505806
12238144,0.05000000074505806
12242560,0.05000000074505806
12242944,0.05000000074505806
12245632,0.05000000074505806
12245664,0.05000000074505806
12249696,0.05000000074505806
12257216,0.05000000074505806
12258400,0.05000000074505806
12260992,0.05000000074505806
12273408,0.05000000074505806
12278272,0.05000000074505806
12285280,0.05000000074505806
12285600,0.05000000074505806
12286496,0.05000000074505806
12296384,0.05000000074505806
12297216,0.05000000074505806
12298336,0.05000000074505806
12298528,0.05000000074505806
12302144,0.05000000074505806
12305024,0.05000000074505806
12307424,0.05000000074505806
12309088,0.05000000074505806
12313280,0.05000000074505806
12321536,0.05000000074505806
12323904,0.05000000074505806
12324352,0.05000000074505806
12332864,0.05000000074505806
12333056,0.05000000074505806
12334560,0.05000000074505806
12340672,0.05000000074505806
12347968,0.05000000074505806
12349408,0.05000000074505806
12354528,0.05000000074505806
12354752,0.05000000074505806
12357280,0.05000000074505806
12359264,0.05000000074505806
12360128,0.05000000074505806
12370432,0.05000000074505806
12374272,0.05000000074505806
12380800,0.05000000074505806
12381792,0.05000000074505806
12384352,0.05000000074505806
12386496,0.05000000074505806
12387680,0.05000000074505806
12388992,0.05000000074505806
12396448,0.05000000074505806
12401184,0.05000000074505806
12402048,0.05000000074505806
12406944,0.05000000074505806
12414016,0.05000000074505806
12417056,0.05000000074505806
12419264,0.05000000074505806
12423424,0.05000000074505806
12424736,0.05000000074505806
12442496,0.05000000074505806
12446784,0.05000000074505806
12459232,0.05000000074505806
12464512,0.05000000074505806
12465344,0.05000000074505806
12465504,0.05000000074505806
12471968,0.05000000074505806
12472448,0.05000000074505806
12474208,0.05000000074505806
12482592,0.05000000074505806
12485184,0.05000000074505806
12489888,0.05000000074505806
12491328,0.05000000074505806
12496576,0.05000000074505806
12502912,0.05000000074505806
12517344,0.05000000074505806
12524224,0.05000000074505806
12530912,0.05000000074505806
12540000,0.05000000074505806
12543872,0.05000000074505806
12546912,0.05000000074505806
12549248,0.05000000074505806
12549792,0.05000000074505806
12552256,0.05000000074505806
12555840,0.05000000074505806
12565600,0.05000000074505806
12569440,0.05000000074505806
12572352,0.05000000074505806
12573440,0.05000000074505806
12575328,0.05000000074505806
12575456,0.05000000074505806
12577536,0.05000000074505806
12578560,0.05000000074505806
12583680,0.05000000074505806
12586912,0.05000000074505806
12590240,0.05000000074505806
12597728,0.05000000074505806
12604608,0.05000000074505806
12608896,0.05000000074505806
12610784,0.05000000074505806
12614912,0.05000000074505806
12615744,0.05000000074505806
12616256,0.05000000074505806
12617312,0.05000000074505806
12619456,0.05000000074505806
12623072,0.05000000074505806
12629536,0.05000000074505806
12629632,0.05000000074505806
12632096,0.05000000074505806
12640192,0.05000000074505806
12642304,0.05000000074505806
12642560,0.05000000074505806
12644160,0.05000000074505806
12644288,0.05000000074505806
12645984,0.05000000074505806
12647968,0.05000000074505806
12651296,0.05000000074505806
12651936,0.05000000074505806
12652320,0.05000000074505806
12660224,0.05000000074505806
12664544,0.05000000074505806
12670048,0.05000000074505806
12671136,0.05000000074505806
12685216,0.05000000074505806
12685792,0.05000000074505806
12692256,0.05000000074505806
12706688,0.05000000074505806
12712608,0.05000000074505806
12715072,0.05000000074505806
12717408,0.05000000074505806
12719360,0.05000000074505806
12719456,0.05000000074505806
12719968,0.05000000074505806
12723648,0.05000000074505806
12724640,0.05000000074505806
12730464,0.05000000074505806
12732288,0.05000000074505806
12735104,0.05000000074505806
12737088,0.05000000074505806
12748320,0.05000000074505806
12751680,0.05000000074505806
12772736,0.05000000074505806
12776864,0.05000000074505806
12778016,0.05000000074505806
12783712,0.05000000074505806
12785504,0.05000000074505806
12787904,0.05000000074505806
12790176,0.05000000074505806
12792416,0.05000000074505806
12795360,0.05000000074505806
12804448,0.05000000074505806
12806976,0.05000000074505806
12808288,0.05000000074505806
12814880,0.05000000074505806
12823584,0.05000000074505806
12832256,0.05000000074505806
12838048,0.05000000074505806
12843200,0.05000000074505806
12859904,0.05000000074505806
12865376,0.05000000074505806
12868288,0.05000000074505806
12868992,0.05000000074505806
12870464,0.05000000074505806
12871584,0.05000000074505806
12873344,0.05000000074505806
12881056,0.05000000074505806
12891712,0.05000000074505806
12893952,0.05000000074505806
12897440,0.05000000074505806
12899680,0.05000000074505806
12901760,0.05000000074505806
12902816,0.05000000074505806
12907584,0.05000000074505806
12907808,0.05000000074505806
12919776,0.05000000074505806
12921504,0.05000000074505806
12926848,0.05000000074505806
12930336,0.05000000074505806
12932128,0.05000000074505806
12935168,0.05000000074505806
12938400,0.05000000074505806
12961024,0.05000000074505806
12967488,0.05000000074505806
12969344,0.05000000074505806
12970464,0.05000000074505806
12971968,0.05000000074505806
12975840,0.05000000074505806
12976224,0.05000000074505806
12976288,0.05000000074505806
12982912,0.05000000074505806
12984672,0.05000000074505806
12984768,0.05000000074505806
12988032,0.05000000074505806
12988864,0.05000000074505806
12996928,0.05000000074505806
13002848,0.05000000074505806
13004128,0.05000000074505806
13012448,0.05000000074505806
13022976,0.05000000074505806
13033376,0.05000000074505806
13034496,0.05000000074505806
13035904,0.05000000074505806
13036672,0.05000000074505806
13037632,0.05000000074505806
13040608,0.05000000074505806
13040672,0.05000000074505806
13051552,0.05000000074505806
13052096,0.05000000074505806
13053888,0.05000000074505806
13054784,0.05000000074505806
13056320,0.05000000074505806
13056544,0.05000000074505806
13061056,0.05000000074505806
13064992,0.05000000074505806
13065440,0.05000000074505806
13068192,0.05000000074505806
13072448,0.05000000074505806
13084928,0.05000000074505806
13093120,0.05000000074505806
13095264,0.05000000074505806
13099552,0.05000000074505806
13100768,0.05000000074505806
13109024,0.05000000074505806
13110112,0.05000000074505806
13116000,0.05000000074505806
13118432,0.05000000074505806
13120800,0.05000000074505806
13127744,0.05000000074505806
13128512,0.05000000074505806
13129408,0.05000000074505806
13132416,0.05000000074505806
13136128,0.05000000074505806
13139872,0.05000000074505806
13142496,0.05000000074505806
13149120,0.05000000074505806
13154176,0.05000000074505806
13157760,0.05000000074505806
13157888,0.05000000074505806
13158400,0.05000000074505806
13165184,0.05000000074505806
13179232,0.05000000074505806
13184384,0.05000000074505806
13189536,0.05000000074505806
13204864,0.05000000074505806
13206368,0.05000000074505806
13207392,0.05000000074505806
13216032,0.05000000074505806
13216320,0.05000000074505806
13218592,0.05000000074505806
13221664,0.05000000074505806
13224768,0.05000000074505806
13226400,0.05000000074505806
13228064,0.05000000074505806
13232576,0.05000000074505806
13237536,0.05000000074505806
13247424,0.05000000074505806
13248256,0.05000000074505806
13250528,0.05000000074505806
13254208,0.05000000074505806
13260384,0.05000000074505806
13267680,0.05000000074505806
13269376,0.05000000074505806
13273152,0.05000000074505806
13274272,0.05000000074505806
13274592,0.05000000074505806
13277760,0.05000000074505806
13279968,0.05000000074505806
13290432,0.05000000074505806
13292224,0.05000000074505806
13295744,0.05000000074505806
13299488,0.05000000074505806
13301568,0.05000000074505806
13305696,0.05000000074505806
13308544,0.05000000074505806
13308928,0.05000000074505806
13310816,0.05000000074505806
13314944,0.05000000074505806
13316704,0.05000000074505806
13322496,0.05000000074505806
13325696,0.05000000074505806
13325824,0.05000000074505806
13329632,0.05000000074505806
13330656,0.05000000074505806
13330720,0.05000000074505806
13332576,0.05000000074505806
13333600,0.05000000074505806
13334240,0.05000000074505806
13334944,0.05000000074505806
13335872,0.05000000074505806
13336128,0.05000000074505806
13338752,0.05000000074505806
13349184,0.05000000074505806
13353376,0.05000000074505806
13354496,0.05000000074505806
13364256,0.05000000074505806
13367264,0.05000000074505806
13369152,0.05000000074505806
13373024,0.05000000074505806
13375008,0.05000000074505806
13379296,0.05000000074505806
13379328,0.05000000074505806
13384544,0.05000000074505806
13386560,0.05000000074505806
13388992,0.05000000074505806
13392608,0.05000000074505806
13392736,0.05000000074505806
13393600,0.05000000074505806
13394080,0.05000000074505806
13395008,0.05000000074505806
13395424,0.05000000074505806
13398240,0.05000000074505806
13404448,0.05000000074505806
13404992,0.05000000074505806
13409664,0.05000000074505806
13411936,0.05000000074505806
13412096,0.05000000074505806
13414752,0.05000000074505806
13416608,0.05000000074505806
13416704,0.05000000074505806
13418656,0.05000000074505806
13423552,0.05000000074505806
13429344,0.05000000074505806
13431872,0.05000000074505806
13437824,0.05000000074505806
13450944,0.05000000074505806
13456288,0.05000000074505806
13456800,0.05000000074505806
13457984,0.05000000074505806
13462656,0.05000000074505806
13466176,0.05000000074505806
13467808,0.05000000074505806
13471328,0.05000000074505806
13480096,0.05000000074505806
13483456,0.05000000074505806
13484352,0.05000000074505806
13488480,0.05000000074505806
13492352,0.05000000074505806
13492640,0.05000000074505806
13493216,0.05000000074505806
13495904,0.05000000074505806
13498528,0.05000000074505806
13514336,0.05000000074505806
13521280,0.05000000074505806
13526176,0.05000000074505806
13527200,0.05000000074505806
13533984,0.05000000074505806
13542976,0.05000000074505806
13548512,0.05000000074505806
13550784,0.05000000074505806
13552000,0.05000000074505806
13556096,0.05000000074505806
13561856,0.05000000074505806
13580448,0.05000000074505806
13581792,0.05000000074505806
13586272,0.05000000074505806
13589568,0.05000000074505806
13609792,0.05000000074505806
13614848,0.05000000074505806
13616864,0.05000000074505806
13617664,0.05000000074505806
13618368,0.05000000074505806
13622240,0.05000000074505806
13623072,0.05000000074505806
13623392,0.05000000074505806
13626912,0.05000000074505806
13628800,0.05000000074505806
13629664,0.05000000074505806
13630112,0.05000000074505806
13637984,0.05000000074505806
13638976,0.05000000074505806
13640416,0.05000000074505806
13652864,0.05000000074505806
13667648,0.05000000074505806
13675616,0.05000000074505806
13681472,0.05000000074505806
13681568,0.05000000074505806
13682496,0.05000000074505806
13688576,0.05000000074505806
13688928,0.05000000074505806
13690432,0.05000000074505806
13694976,0.05000000074505806
13704480,0.05000000074505806
13704896,0.05000000074505806
13712160,0.05000000074505806
13713504,0.05000000074505806
13715712,0.05000000074505806
13736576,0.05000000074505806
13738752,0.05000000074505806
13742400,0.05000000074505806
13743392,0.05000000074505806
13744352,0.05000000074505806
13744928,0.05000000074505806
13758784,0.05000000074505806
13767904,0.05000000074505806
13770880,0.05000000074505806
13774912,0.05000000074505806
13777696,0.05000000074505806
13782496,0.05000000074505806
13784928,0.05000000074505806
13785696,0.05000000074505806
13787296,0.05000000074505806
13787744,0.05000000074505806
13789728,0.05000000074505806
13790528,0.05000000074505806
13797504,0.05000000074505806
13798912,0.05000000074505806
13799104,0.05000000074505806
13802688,0.05000000074505806
13806336,0.05000000074505806
13806912,0.05000000074505806
13808096,0.05000000074505806
13813376,0.05000000074505806
13814112,0.05000000074505806
13817504,0.05000000074505806
13831200,0.05000000074505806
13832064,0.05000000074505806
13833504,0.05000000074505806
13834016,0.05000000074505806
13838208,0.05000000074505806
13839264,0.05000000074505806
13840448,0.05000000074505806
13845664,0.05000000074505806
13846432,0.05000000074505806
13851424,0.05000000074505806
13852416,0.05000000074505806
13854368,0.05000000074505806
13855648,0.05000000074505806
13860896,0.05000000074505806
13861344,0.05000000074505806
13864384,0.05000000074505806
13870624,0.05000000074505806
13871232,0.05000000074505806
13878656,0.05000000074505806
13880704,0.05000000074505806
13883872,0.05000000074505806
13886208,0.05000000074505806
13891712,0.05000000074505806
13893344,0.05000000074505806
13894144,0.05000000074505806
13899104,0.05000000074505806
13901312,0.05000000074505806
13902464,0.05000000074505806
13906176,0.05000000074505806
13915808,0.05000000074505806
13917440,0.05000000074505806
13924864,0.05000000074505806
13929632,0.05000000074505806
13931104,0.05000000074505806
13939776,0.05000000074505806
13941952,0.05000000074505806
13943776,0.05000000074505806
13954080,0.05000000074505806
13963872,0.05000000074505806
13965760,0.05000000074505806
13966144,0.05000000074505806
13967040,0.05000000074505806
13972704,0.05000000074505806
13977792,0.05000000074505806
13980544,0.05000000074505806
13982752,0.05000000074505806
13989248,0.05000000074505806
13993856,0.05000000074505806
13998240,0.05000000074505806
13998784,0.05000000074505806
14007136,0.05000000074505806
14012448,0.05000000074505806
14019488,0.05000000074505806
14020448,0.05000000074505806
14025344,0.05000000074505806
14025568,0.05000000074505806
14028672,0.05000000074505806
14038816,0.05000000074505806
14041760,0.05000000074505806
14044192,0.05000000074505806
14046336,0.05000000074505806
14051232,0.05000000074505806
14053952,0.05000000074505806
14054080,0.05000000074505806
14061696,0.05000000074505806
14064384,0.05000000074505806
14064704,0.05000000074505806
14065024,0.05000000074505806
14065312,0.05000000074505806
14069920,0.05000000074505806
14072768,0.05000000074505806
14075040,0.05000000074505806
14082336,0.05000000074505806
14084704,0.05000000074505806
14089760,0.05000000074505806
14095392,0.05000000074505806
14096192,0.05000000074505806
14106464,0.05000000074505806
14108704,0.05000000074505806
14119136,0.05000000074505806
14124544,0.05000000074505806
14125856,0.05000000074505806
14126976,0.05000000074505806
14130656,0.05000000074505806
14132640,0.05000000074505806
14133760,0.05000000074505806
14134400,0.05000000074505806
14134912,0.05000000074505806
14143936,0.05000000074505806
14149952,0.05000000074505806
14155072,0.05000000074505806
14155104,0.05000000074505806
14155136,0.05000000074505806
14156128,0.05000000074505806
14159392,0.05000000074505806
14163200,0.05000000074505806
14168256,0.05000000074505806
14173920,0.05000000074505806
14178720,0.05000000074505806
14194912,0.05000000074505806
14197120,0.05000000074505806
14201216,0.05000000074505806
14208032,0.05000000074505806
14208384,0.05000000074505806
14218656,0.05000000074505806
14218848,0.05000000074505806
14222752,0.05000000074505806
14227648,0.05000000074505806
14232064,0.05000000074505806
14235104,0.05000000074505806
14235712,0.05000000074505806
14245984,0.05000000074505806
14246304,0.05000000074505806
14246528,0.05000000074505806
14248192,0.05000000074505806
14252448,0.05000000074505806
14258720,0.05000000074505806
14259424,0.05000000074505806
14264384,0.05000000074505806
14269088,0.05000000074505806
14271392,0.05000000074505806
14274240,0.05000000074505806
14274624,0.05000000074505806
14277216,0.05000000074505806
14278528,0.05000000074505806
14279072,0.05000000074505806
14280544,0.05000000074505806
14281984,0.05000000074505806
14288032,0.05000000074505806
14297152,0.05000000074505806
14303648,0.05000000074505806
14306848,0.05000000074505806
14307360,0.05000000074505806
14310560,0.05000000074505806
14313664,0.05000000074505806
14314784,0.05000000074505806
14315008,0.05000000074505806
14315232,0.05000000074505806
14316256,0.05000000074505806
14319456,0.05000000074505806
14320352,0.05000000074505806
14326304,0.05000000074505806
14327872,0.05000000074505806
14357536,0.05000000074505806
14366176,0.05000000074505806
14369472,0.05000000074505806
14380736,0.05000000074505806
14385888,0.05000000074505806
14390240,0.05000000074505806
14397344,0.05000000074505806
14403456,0.05000000074505806
14403648,0.05000000074505806
14406048,0.05000000074505806
14418880,0.05000000074505806
14422144,0.05000000074505806
14432960,0.05000000074505806
14434912,0.05000000074505806
14438016,0.05000000074505806
14444512,0.05000000074505806
14451392,0.05000000074505806
14454976,0.05000000074505806
14456576,0.05000000074505806
14465184,0.05000000074505806
14466944,0.05000000074505806
14470336,0.05000000074505806
14475360,0.05000000074505806
14476032,0.05000000074505806
14479040,0.05000000074505806
14480512,0.05000000074505806
14491904,0.05000000074505806
14500032,0.05000000074505806
14500256,0.05000000074505806
14505824,0.05000000074505806
14506560,0.05000000074505806
14506624,0.05000000074505806
14506848,0.05000000074505806
14507680,0.05000000074505806
14510784,0.05000000074505806
14511936,0.05000000074505806
14515200,0.05000000074505806
14515680,0.05000000074505806
14524960,0.05000000074505806
14525728,0.05000000074505806
14526400,0.05000000074505806
14527040,0.05000000074505806
14528480,0.05000000074505806
14529152,0.05000000074505806
14533504,0.05000000074505806
14536384,0.05000000074505806
14539136,0.05000000074505806
14541024,0.05000000074505806
14558304,0.05000000074505806
14558592,0.05000000074505806
14561536,0.05000000074505806
14564960,0.05000000074505806
14565856,0.05000000074505806
14569920,0.05000000074505806
14572640,0.05000000074505806
14579328,0.05000000074505806
14579840,0.05000000074505806
14579904,0.05000000074505806
14581088,0.05000000074505806
14582848,0.05000000074505806
14593952,0.05000000074505806
14593984,0.05000000074505806
14594144,0.05000000074505806
14596416,0.05000000074505806
14596480,0.05000000074505806
14600480,0.05000000074505806
14607232,0.05000000074505806
14610208,0.05000000074505806
14615104,0.05000000074505806
14617632,0.05000000074505806
14618208,0.05000000074505806
14621504,0.05000000074505806
14632960,0.05000000074505806
14637248,0.05000000074505806
14649888,0.05000000074505806
14661408,0.05000000074505806
14665024,0.05000000074505806
14673216,0.05000000074505806
14681312,0.05000000074505806
14682656,0.05000000074505806
14684768,0.05000000074505806
14685312,0.05000000074505806
14689824,0.05000000074505806
14694048,0.05000000074505806
14694208,0.05000000074505806
14696128,0.05000000074505806
14702016,0.05000000074505806
14707392,0.05000000074505806
14713216,0.05000000074505806
14715264,0.05000000074505806
14715904,0.05000000074505806
14717344,0.05000000074505806
14718080,0.05000000074505806
14723872,0.05000000074505806
14724160,0.05000000074505806
14724288,0.05000000074505806
14724864,0.05000000074505806
14728768,0.05000000074505806
14732224,0.05000000074505806
14733088,0.05000000074505806
14733312,0.05000000074505806
14735840,0.05000000074505806
14737536,0.05000000074505806
14740416,0.05000000074505806
14742368,0.05000000074505806
14745984,0.05000000074505806
14746624,0.05000000074505806
14749952,0.05000000074505806
14752704,0.05000000074505806
14754144,0.05000000074505806
14762528,0.05000000074505806
14763584,0.05000000074505806
14770496,0.05000000074505806
14774592,0.05000000074505806
14776800,0.05000000074505806
14782112,0.05000000074505806
14782208,0.05000000074505806
14782560,0.05000000074505806
14782976,0.05000000074505806
14784032,0.05000000074505806
14787872,0.05000000074505806
14797920,0.05000000074505806
14798496,0.05000000074505806
14799296,0.05000000074505806
14800672,0.05000000074505806
14805376,0.05000000074505806
14811744,0.05000000074505806
14813856,0.05000000074505806
14814592,0.05000000074505806
14816576,0.05000000074505806
14817280,0.05000000074505806
14819712,0.05000000074505806
14829184,0.05000000074505806
14841024,0.05000000074505806
14841728,0.05000000074505806
14845952,0.05000000074505806
14846688,0.05000000074505806
14852896,0.05000000074505806
14857440,0.05000000074505806
14861376,0.05000000074505806
14867552,0.05000000074505806
14868672,0.05000000074505806
14879680,0.05000000074505806
14886368,0.05000000074505806
14886880,0.05000000074505806
14888864,0.05000000074505806
14897568,0.05000000074505806
14898016,0.05000000074505806
14898720,0.05000000074505806
14900512,0.05000000074505806
14900640,0.05000000074505806
14908224,0.05000000074505806
14909792,0.05000000074505806
14910048,0.05000000074505806
14913152,0.05000000074505806
14914752,0.05000000074505806
14926240,0.05000000074505806
14931008,0.05000000074505806
14935200,0.05000000074505806
14936640,0.05000000074505806
14942048,0.05000000074505806
14945664,0.05000000074505806
14947424,0.05000000074505806
14950656,0.05000000074505806
14952704,0.05000000074505806
14955200,0.05000000074505806
14959424,0.05000000074505806
14965568,0.05000000074505806
14966784,0.05000000074505806
14984832,0.05000000074505806
14984960,0.05000000074505806
14985792,0.05000000074505806
14986816,0.05000000074505806
14991392,0.05000000074505806
14992832,0.05000000074505806
14994624,0.05000000074505806
14995200,0.05000000074505806
15000416,0.05000000074505806
15014144,0.05000000074505806
15022496,0.05000000074505806
15022560,0.05000000074505806
15030720,0.05000000074505806
15033504,0.05000000074505806
15037248,0.05000000074505806
15046752,0.05000000074505806
15048544,0.05000000074505806
15049088,0.05000000074505806
15058144,0.05000000074505806
15068160,0.05000000074505806
15069024,0.05000000074505806
15071616,0.05000000074505806
15071776,0.05000000074505806
15084576,0.05000000074505806
15092320,0.05000000074505806
15092896,0.05000000074505806
15094720,0.05000000074505806
15096960,0.05000000074505806
15104288,0.05000000074505806
15107008,0.05000000074505806
15109696,0.05000000074505806
15121952,0.05000000074505806
15131680,0.05000000074505806
15133248,0.05000000074505806
15135552,0.05000000074505806
15141760,0.05000000074505806
15146432,0.05000000074505806
15148800,0.05000000074505806
15158624,0.05000000074505806
15164832,0.05000000074505806
15173632,0.05000000074505806
15178816,0.05000000074505806
15179552,0.05000000074505806
15181440,0.05000000074505806
15184512,0.05000000074505806
15193824,0.05000000074505806
15194784,0.05000000074505806
15195584,0.05000000074505806
15197376,0.05000000074505806
15197632,0.05000000074505806
15198144,0.05000000074505806
15199648,0.05000000074505806
15200352,0.05000000074505806
15200992,0.05000000074505806
15203840,0.05000000074505806
15204000,0.05000000074505806
15205536,0.05000000074505806
15213504,0.05000000074505806
15216160,0.05000000074505806
15220608,0.05000000074505806
15225024,0.05000000074505806
15229536,0.05000000074505806
15247904,0.05000000074505806
15254208,0.05000000074505806
15256864,0.05000000074505806
15257024,0.05000000074505806
15265632,0.05000000074505806
15271360,0.05000000074505806
15274336,0.05000000074505806
15278080,0.05000000074505806
15295072,0.05000000074505806
15298464,0.05000000074505806
15303264,0.05000000074505806
15303296,0.05000000074505806
15312576,0.05000000074505806
15314112,0.05000000074505806
15317600,0.05000000074505806
15318048,0.05000000074505806
15321152,0.05000000074505806
15325920,0.05000000074505806
15332384,0.05000000074505806
15333408,0.05000000074505806
15336576,0.05000000074505806
15344256,0.05000000074505806
15344576,0.05000000074505806
15357088,0.05000000074505806
15357408,0.05000000074505806
15364544,0.05000000074505806
15365472,0.05000000074505806
15367104,0.05000000074505806
15369088,0.05000000074505806
15371808,0.05000000074505806
15372480,0.05000000074505806
15379968,0.05000000074505806
15380640,0.05000000074505806
15384000,0.05000000074505806
15390784,0.05000000074505806
15392736,0.05000000074505806
15393856,0.05000000074505806
15398688,0.05000000074505806
15404640,0.05000000074505806
15405120,0.05000000074505806
15408832,0.05000000074505806
15415232,0.05000000074505806
15423840,0.05000000074505806
15430720,0.05000000074505806
15432864,0.05000000074505806
15435808,0.05000000074505806
15439232,0.05000000074505806
15439552,0.05000000074505806
15440128,0.05000000074505806
15441728,0.05000000074505806
15446592,0.05000000074505806
15450240,0.05000000074505806
15462080,0.05000000074505806
15464032,0.05000000074505806
15464736,0.05000000074505806
15465088,0.05000000074505806
15465920,0.05000000074505806
15487328,0.05000000074505806
15489376,0.05000000074505806
15496992,0.05000000074505806
15503328,0.05000000074505806
15514880,0.05000000074505806
15516704,0.05000000074505806
15520608,0.05000000074505806
15523264,0.05000000074505806
15523968,0.05000000074505806
15526592,0.05000000074505806
15530688,0.05000000074505806
15538880,0.05000000074505806
15541600,0.05000000074505806
15542656,0.05000000074505806
15546400,0.05000000074505806
15549536,0.05000000074505806
15554048,0.05000000074505806
15561696,0.05000000074505806
15568960,0.05000000074505806
15576992,0.05000000074505806
15580288,0.05000000074505806
15580320,0.05000000074505806
15586112,0.05000000074505806
15593408,0.05000000074505806
15600896,0.05000000074505806
15602144,0.05000000074505806
15603296,0.05000000074505806
15606080,0.05000000074505806
15606784,0.05000000074505806
15608864,0.05000000074505806
15614880,0.05000000074505806
15621216,0.05000000074505806
15622880,0.05000000074505806
15630560,0.05000000074505806
15640224,0.05000000074505806
15642976,0.05000000074505806
15645280,0.05000000074505806
15646080,0.05000000074505806
15648480,0.05000000074505806
15651488,0.05000000074505806
15652576,0.05000000074505806
15652640,0.05000000074505806
15659328,0.05000000074505806
15660000,0.05000000074505806
15660256,0.05000000074505806
15665152,0.05000000074505806
15668576,0.05000000074505806
15673248,0.05000000074505806
15673920,0.05000000074505806
15674528,0.05000000074505806
15678848,0.05000000074505806
15683520,0.05000000074505806
15683840,0.05000000074505806
15687072,0.05000000074505806
15689888,0.05000000074505806
15692320,0.05000000074505806
15709376,0.05000000074505806
15712096,0.05000000074505806
15712736,0.05000000074505806
15713536,0.05000000074505806
15717088,0.05000000074505806
15717632,0.05000000074505806
15717760,0.05000000074505806
15721728,0.05000000074505806
15723968,0.05000000074505806
15725728,0.05000000074505806
15725856,0.05000000074505806
15726848,0.05000000074505806
15728160,0.05000000074505806
15731136,0.05000000074505806
15733248,0.05000000074505806
15733280,0.05000000074505806
15734432,0.05000000074505806
15735328,0.05000000074505806
15736320,0.05000000074505806
15739744,0.05000000074505806
15741312,0.05000000074505806
15743904,0.05000000074505806
15745056,0.05000000074505806
15747776,0.05000000074505806
15747872,0.05000000074505806
15760032,0.05000000074505806
15760544,0.05000000074505806
15761856,0.05000000074505806
15764352,0.05000000074505806
15767776,0.05000000074505806
15776704,0.05000000074505806
15782816,0.05000000074505806
15786464,0.05000000074505806
15789664,0.05000000074505806
15792192,0.05000000074505806
15796864,0.05000000074505806
15797312,0.05000000074505806
15808672,0.05000000074505806
15809440,0.05000000074505806
15811040,0.05000000074505806
15813088,0.05000000074505806
15814016,0.05000000074505806
15814080,0.05000000074505806
15815072,0.05000000074505806
15817184,0.05000000074505806
15821088,0.05000000074505806
15832032,0.05000000074505806
15832352,0.05000000074505806
15840896,0.05000000074505806
15852928,0.05000000074505806
15858976,0.05000000074505806
15867552,0.05000000074505806
15868960,0.05000000074505806
15871072,0.05000000074505806
15874944,0.05000000074505806
15885888,0.05000000074505806
15891776,0.05000000074505806
15898848,0.05000000074505806
15900832,0.05000000074505806
15912064,0.05000000074505806
15913760,0.05000000074505806
15918016,0.05000000074505806
15918848,0.05000000074505806
15925024,0.05000000074505806
15927136,0.05000000074505806
15927968,0.05000000074505806
15930944,0.05000000074505806
15950464,0.05000000074505806
15952640,0.05000000074505806
15955040,0.05000000074505806
15957952,0.05000000074505806
15958432,0.05000000074505806
15959904,0.05000000074505806
15962976,0.05000000074505806
15965728,0.05000000074505806
15971808,0.05000000074505806
15972352,0.05000000074505806
15972384,0.05000000074505806
15979072,0.05000000074505806
15980224,0.05000000074505806
15981792,0.05000000074505806
15982496,0.05000000074505806
15986144,0.05000000074505806
15992672,0.05000000074505806
15996160,0.05000000074505806
15997344,0.05000000074505806
16000160,0.05000000074505806
16002304,0.05000000074505806
16002400,0.05000000074505806
16014048,0.05000000074505806
16020128,0.05000000074505806
16037728,0.05000000074505806
16039200,0.05000000074505806
16043680,0.05000000074505806
16045760,0.05000000074505806
16046816,0.05000000074505806
16047040,0.05000000074505806
16051264,0.05000000074505806
16052160,0.05000000074505806
16052416,0.05000000074505806
16055456,0.05000000074505806
16056032,0.05000000074505806
16066656,0.05000000074505806
16067072,0.05000000074505806
16067488,0.05000000074505806
16069568,0.05000000074505806
16078432,0.05000000074505806
16079168,0.05000000074505806
16079264,0.05000000074505806
16081376,0.05000000074505806
16082144,0.05000000074505806
16082464,0.05000000074505806
16085760,0.05000000074505806
16085920,0.05000000074505806
16092288,0.05000000074505806
16094368,0.05000000074505806
16095296,0.05000000074505806
16103264,0.05000000074505806
16113248,0.05000000074505806
16118016,0.05000000074505806
16118528,0.05000000074505806
16136704,0.05000000074505806
16137760,0.05000000074505806
16142176,0.05000000074505806
16144000,0.05000000074505806
16145216,0.05000000074505806
16148128,0.05000000074505806
16149184,0.05000000074505806
16153664,0.05000000074505806
16154784,0.05000000074505806
16156256,0.05000000074505806
16158432,0.05000000074505806
16161536,0.05000000074505806
16162208,0.05000000074505806
16162464,0.05000000074505806
16169536,0.05000000074505806
16171040,0.05000000074505806
16171328,0.05000000074505806
16174176,0.05000000074505806
16177440,0.05000000074505806
16182464,0.05000000074505806
16183552,0.05000000074505806
16185248,0.05000000074505806
16190016,0.05000000074505806
16190528,0.05000000074505806
16204448,0.05000000074505806
16209408,0.05000000074505806
16209824,0.05000000074505806
16209920,0.05000000074505806
16210016,0.05000000074505806
16213664,0.05000000074505806
16219904,0.05000000074505806
16224736,0.05000000074505806
16225216,0.05000000074505806
16228000,0.05000000074505806
16233024,0.05000000074505806
16234880,0.05000000074505806
16241440,0.05000000074505806
16242208,0.05000000074505806
16250496,0.05000000074505806
16256608,0.05000000074505806
16266688,0.05000000074505806
16267488,0.05000000074505806
16269472,0.05000000074505806
16270688,0.05000000074505806
16271168,0.05000000074505806
16273824,0.05000000074505806
16273952,0.05000000074505806
16275136,0.05000000074505806
16277696,0.05000000074505806
16281376,0.05000000074505806
16282624,0.05000000074505806
16283840,0.05000000074505806
16287328,0.05000000074505806
16293344,0.05000000074505806
16294464,0.05000000074505806
16297632,0.05000000074505806
16300448,0.05000000074505806
16308576,0.05000000074505806
16325568,0.05000000074505806
16328832,0.05000000074505806
16328928,0.05000000074505806
16330816,0.05000000074505806
16332128,0.05000000074505806
16332768,0.05000000074505806
16333664,0.05000000074505806
16340416,0.05000000074505806
16341632,0.05000000074505806
16341856,0.05000000074505806
16346080,0.05000000074505806
16350080,0.05000000074505806
16350976,0.05000000074505806
16358400,0.05000000074505806
16362368,0.05000000074505806
16365344,0.05000000074505806
16365376,0.05000000074505806
16365472,0.05000000074505806
16365760,0.05000000074505806
16365888,0.05000000074505806
16368512,0.05000000074505806
16373376,0.05000000074505806
16377120,0.05000000074505806
16380320,0.05000000074505806
16381056,0.05000000074505806
16381184,0.05000000074505806
16384992,0.05000000074505806
16385504,0.05000000074505806
16388064,0.05000000074505806
16392160,0.05000000074505806
16393632,0.05000000074505806
16401760,0.05000000074505806
16404320,0.05000000074505806
16410816,0.05000000074505806
16416224,0.05000000074505806
16418784,0.05000000074505806
16427904,0.05000000074505806
16436128,0.05000000074505806
16439296,0.05000000074505806
16452928,0.05000000074505806
16453536,0.05000000074505806
16453920,0.05000000074505806
16454976,0.05000000074505806
16456736,0.05000000074505806
16457216,0.05000000074505806
16457920,0.05000000074505806
16458912,0.05000000074505806
16463328,0.05000000074505806
16466528,0.05000000074505806
16467072,0.05000000074505806
16476096,0.05000000074505806
16481536,0.05000000074505806
16481568,0.05000000074505806
16481920,0.05000000074505806
16489312,0.05000000074505806
16489408,0.05000000074505806
16491008,0.05000000074505806
16494976,0.05000000074505806
16500640,0.05000000074505806
16504416,0.05000000074505806
16506752,0.05000000074505806
16518272,0.05000000074505806
16522560,0.05000000074505806
16528768,0.05000000074505806
16529984,0.05000000074505806
16533216,0.05000000074505806
16537440,0.05000000074505806
16537888,0.05000000074505806
16538976,0.05000000074505806
16543744,0.05000000074505806
16545152,0.05000000074505806
16550464,0.05000000074505806
16550944,0.05000000074505806
16552032,0.05000000074505806
16552128,0.05000000074505806
16554336,0.05000000074505806
16554944,0.05000000074505806
16556192,0.05000000074505806
16559904,0.05000000074505806
16560064,0.05000000074505806
16565632,0.05000000074505806
16570144,0.05000000074505806
16579136,0.05000000074505806
16587968,0.05000000074505806
16593344,0.05000000074505806
16598112,0.05000000074505806
16616160,0.05000000074505806
16622944,0.05000000074505806
16624576,0.05000000074505806
16625184,0.05000000074505806
16628256,0.05000000074505806
16629888,0.05000000074505806
16640192,0.05000000074505806
16644608,0.05000000074505806
16644896,0.05000000074505806
16650752,0.05000000074505806
16650912,0.05000000074505806
16653056,0.05000000074505806
16656448,0.05000000074505806
16657408,0.05000000074505806
16658048,0.05000000074505806
16659552,0.05000000074505806
16664928,0.05000000074505806
16667200,0.05000000074505806
16670912,0.05000000074505806
16673344,0.05000000074505806
16679648,0.05000000074505806
16681760,0.05000000074505806
16684736,0.05000000074505806
16690752,0.05000000074505806
16692960,0.05000000074505806
16696096,0.05000000074505806
16698176,0.05000000074505806
16701280,0.05000000074505806
16705472,0.05000000074505806
16712704,0.05000000074505806
16718368,0.05000000074505806
16719040,0.05000000074505806
16721568,0.05000000074505806
16724224,0.05000000074505806
16724704,0.05000000074505806
16725920,0.05000000074505806
16727072,0.05000000074505806
16729920,0.05000000074505806
16731712,0.05000000074505806
16740352,0.05000000074505806
16745120,0.05000000074505806
16746752,0.05000000074505806
16751648,0.05000000074505806
16756224,0.05000000074505806
16759392,0.05000000074505806
16759584,0.05000000074505806
16766112,0.05000000074505806
16767584,0.05000000074505806
16778176,0.05000000074505806
16778784,0.05000000074505806
16780896,0.05000000074505806
16785728,0.05000000074505806
16785888,0.05000000074505806
16788576,0.05000000074505806
16795168,0.05000000074505806
16801088,0.05000000074505806
16813920,0.05000000074505806
16815456,0.05000000074505806
16817280,0.05000000074505806
16818240,0.05000000074505806
16827104,0.05000000074505806
16829024,0.05000000074505806
16832192,0.05000000074505806
16836640,0.05000000074505806
16836864,0.05000000074505806
16840128,0.05000000074505806
16840448,0.05000000074505806
16847424,0.05000000074505806
16847936,0.05000000074505806
16854976,0.05000000074505806
16856320,0.05000000074505806
16859008,0.05000000074505806
16865824,0.05000000074505806
16865856,0.05000000074505806
16871424,0.05000000074505806
16883520,0.05000000074505806
16890016,0.05000000074505806
16898240,0.05000000074505806
16900384,0.05000000074505806
16902080,0.05000000074505806
16906016,0.05000000074505806
16924832,0.05000000074505806
16932512,0.05000000074505806
16934176,0.05000000074505806
16936896,0.05000000074505806
16937376,0.05000000074505806
16937504,0.05000000074505806
16945952,0.05000000074505806
16946944,0.05000000074505806
16959200,0.05000000074505806
16960160,0.05000000074505806
16962240,0.05000000074505806
16978976,0.05000000074505806
16979040,0.05000000074505806
16982208,0.05000000074505806
16993376,0.05000000074505806
16994432,0.05000000074505806
17000736,0.05000000074505806
17007520,0.05000000074505806
17009312,0.05000000074505806
17014816,0.05000000074505806
17016416,0.05000000074505806
17017344,0.05000000074505806
17017504,0.05000000074505806
17019936,0.05000000074505806
17022080,0.05000000074505806
17022368,0.05000000074505806
17023104,0.05000000074505806
17023488,0.05000000074505806
17026688,0.05000000074505806
17027296,0.05000000074505806
17034176,0.05000000074505806
17036192,0.05000000074505806
17038784,0.05000000074505806
17038880,0.05000000074505806
17039232,0.05000000074505806
17040096,0.05000000074505806
17041888,0.05000000074505806
17052928,0.05000000074505806
17061888,0.05000000074505806
17064576,0.05000000074505806
17064800,0.05000000074505806
17065120,0.05000000074505806
17065632,0.05000000074505806
17066784,0.05000000074505806
17079520,0.05000000074505806
17081344,0.05000000074505806
17081504,0.05000000074505806
17084544,0.05000000074505806
17087168,0.05000000074505806
17087488,0.05000000074505806
17091552,0.05000000074505806
17094688,0.05000000074505806
17098912,0.05000000074505806
17099104,0.05000000074505806
17100352,0.05000000074505806
17102400,0.05000000074505806
17109600,0.05000000074505806
17111008,0.05000000074505806
17123200,0.05000000074505806
17135744,0.05000000074505806
17137056,0.05000000074505806
17143008,0.05000000074505806
17154688,0.05000000074505806
17155936,0.05000000074505806
17158784,0.05000000074505806
17162048,0.05000000074505806
17163616,0.05000000074505806
17165408,0.05000000074505806
17176256,0.05000000074505806
17178816,0.05000000074505806
17180640,0.05000000074505806
17182016,0.05000000074505806
17182784,0.05000000074505806
17183104,0.05000000074505806
17189600,0.05000000074505806
17191840,0.05000000074505806
17203104,0.05000000074505806
17204096,0.05000000074505806
17207680,0.05000000074505806
17211552,0.05000000074505806
17218752,0.05000000074505806
17225152,0.05000000074505806
17226752,0.05000000074505806
17233952,0.05000000074505806
17234080,0.05000000074505806
17237632,0.05000000074505806
17239040,0.05000000074505806
17242656,0.05000000074505806
17251200,0.05000000074505806
17262016,0.05000000074505806
17262336,0.05000000074505806
17264256,0.05000000074505806
17265280,0.05000000074505806
17267680,0.05000000074505806
17269120,0.05000000074505806
17269376,0.05000000074505806
17269856,0.05000000074505806
17283520,0.05000000074505806
17285824,0.05000000074505806
17290336,0.05000000074505806
17293792,0.05000000074505806
17300864,0.05000000074505806
17311040,0.05000000074505806
17313376,0.05000000074505806
17313728,0.05000000074505806
17315776,0.05000000074505806
17317664,0.05000000074505806
17318240,0.05000000074505806
17324288,0.05000000074505806
17328000,0.05000000074505806
17331552,0.05000000074505806
17337888,0.05000000074505806
17340320,0.05000000074505806
17343584,0.05000000074505806
17353856,0.05000000074505806
17356544,0.05000000074505806
17360864,0.05000000074505806
17366080,0.05000000074505806
17370400,0.05000000074505806
17371552,0.05000000074505806
17377920,0.05000000074505806
17385664,0.05000000074505806
17399328,0.05000000074505806
17399744,0.05000000074505806
17402400,0.05000000074505806
17404352,0.05000000074505806
17405216,0.05000000074505806
17406784,0.05000000074505806
17410336,0.05000000074505806
17414656,0.05000000074505806
17416288,0.05000000074505806
17422816,0.05000000074505806
17436512,0.05000000074505806
17442080,0.05000000074505806
17443616,0.05000000074505806
17450816,0.05000000074505806
17452992,0.05000000074505806
17454176,0.05000000074505806
17455232,0.05000000074505806
17459008,0.05000000074505806
17465376,0.05000000074505806
17465760,0.05000000074505806
17466112,0.05000000074505806
17466816,0.05000000074505806
17469920,0.05000000074505806
17473216,0.05000000074505806
17480320,0.05000000074505806
17481088,0.05000000074505806
17487232,0.05000000074505806
17491040,0.05000000074505806
17491296,0.05000000074505806
17491360,0.05000000074505806
17495776,0.05000000074505806
17497952,0.05000000074505806
17498400,0.05000000074505806
17509152,0.05000000074505806
17514144,0.05000000074505806
17518912,0.05000000074505806
17523008,0.05000000074505806
17523072,0.05000000074505806
17528704,0.05000000074505806
17529408,0.05000000074505806
17534208,0.05000000074505806
17535392,0.05000000074505806
17547520,0.05000000074505806
17553792,0.05000000074505806
17553824,0.05000000074505806
17554528,0.05000000074505806
17561920,0.05000000074505806
17566080,0.05000000074505806
17570112,0.05000000074505806
17578496,0.05000000074505806
17579200,0.05000000074505806
17581088,0.05000000074505806
17594848,0.05000000074505806
17598976,0.05000000074505806
17612064,0.05000000074505806
17612352,0.05000000074505806
17612864,0.05000000074505806
17614400,0.05000000074505806
17614976,0.05000000074505806
17620256,0.05000000074505806
17620736,0.05000000074505806
17623680,0.05000000074505806
17640064,0.05000000074505806
17640544,0.05000000074505806
17641280,0.05000000074505806
17646272,0.05000000074505806
17647776,0.05000000074505806
17649184,0.05000000074505806
17658208,0.05000000074505806
17658944,0.05000000074505806
17669056,0.05000000074505806
17671968,0.05000000074505806
17678496,0.05000000074505806
17679136,0.05000000074505806
17688512,0.05000000074505806
17688864,0.05000000074505806
17697760,0.05000000074505806
17703584,0.05000000074505806
17709728,0.05000000074505806
17712928,0.05000000074505806
17714496,0.05000000074505806
17716960,0.05000000074505806
17723392,0.05000000074505806
17723424,0.05000000074505806
17727968,0.05000000074505806
17735136,0.05000000074505806
17738432,0.05000000074505806
17743616,0.05000000074505806
17753440,0.05000000074505806
17757344,0.05000000074505806
17767808,0.05000000074505806
17768064,0.05000000074505806
17770944,0.05000000074505806
17773920,0.05000000074505806
17778112,0.05000000074505806
17780032,0.05000000074505806
17784448,0.05000000074505806
17786816,0.05000000074505806
17793568,0.05000000074505806
17813216,0.05000000074505806
17821056,0.05000000074505806
17823840,0.05000000074505806
17827072,0.05000000074505806
17829280,0.05000000074505806
17833376,0.05000000074505806
17835008,0.05000000074505806
17835456,0.05000000074505806
17835744,0.05000000074505806
17841216,0.05000000074505806
17841888,0.05000000074505806
17848224,0.05000000074505806
17851104,0.05000000074505806
17852736,0.05000000074505806
17856832,0.05000000074505806
17866656,0.05000000074505806
17866976,0.05000000074505806
17867104,0.05000000074505806
17870016,0.05000000074505806
17874976,0.05000000074505806
17878912,0.05000000074505806
17885280,0.05000000074505806
17885536,0.05000000074505806
17886880,0.05000000074505806
17897312,0.05000000074505806
17898016,0.05000000074505806
17901568,0.05000000074505806
17901760,0.05000000074505806
17909440,0.05000000074505806
17910400,0.05000000074505806
17912544,0.05000000074505806
17914752,0.05000000074505806
17918272,0.05000000074505806
17925632,0.05000000074505806
17930656,0.05000000074505806
17930688,0.05000000074505806
17931200,0.05000000074505806
17932096,0.05000000074505806
17936448,0.05000000074505806
17941312,0.05000000074505806
17941536,0.05000000074505806
17948096,0.05000000074505806
17958144,0.05000000074505806
17959520,0.05000000074505806
17962400,0.05000000074505806
17962848,0.05000000074505806
17965856,0.05000000074505806
17965888,0.05000000074505806
17966912,0.05000000074505806
17967712,0.05000000074505806
17974432,0.05000000074505806
17975968,0.05000000074505806
17980064,0.05000000074505806
17980640,0.05000000074505806
17992928,0.05000000074505806
18003200,0.05000000074505806
18014816,0.05000000074505806
18018912,0.05000000074505806
18022080,0.05000000074505806
18023424,0.05000000074505806
18026592,0.05000000074505806
18033536,0.05000000074505806
18035808,0.05000000074505806
18036320,0.05000000074505806
18039392,0.05000000074505806
18044960,0.05000000074505806
18046272,0.05000000074505806
18056160,0.05000000074505806
18066656,0.05000000074505806
18068640,0.05000000074505806
18072416,0.05000000074505806
18074464,0.05000000074505806
18078752,0.05000000074505806
18091200,0.05000000074505806
18092224,0.05000000074505806
18092928,0.05000000074505806
18095712,0.05000000074505806
18097760,0.05000000074505806
18097792,0.05000000074505806
18100288,0.05000000074505806
18110048,0.05000000074505806
18112000,0.05000000074505806
18113504,0.05000000074505806
18113952,0.05000000074505806
18114016,0.05000000074505806
18117408,0.05000000074505806
18124064,0.05000000074505806
18128096,0.05000000074505806
18128768,0.05000000074505806
18129248,0.05000000074505806
18129760,0.05000000074505806
18131040,0.05000000074505806
18135616,0.05000000074505806
18137280,0.05000000074505806
18146400,0.05000000074505806
18148192,0.05000000074505806
18149504,0.05000000074505806
18157984,0.05000000074505806
18159424,0.05000000074505806
18163424,0.05000000074505806
18170976,0.05000000074505806
18175488,0.05000000074505806
18182080,0.05000000074505806
18182464,0.05000000074505806
18182816,0.05000000074505806
18185280,0.05000000074505806
18195616,0.05000000074505806
18202208,0.05000000074505806
18203424,0.05000000074505806
18208320,0.05000000074505806
18214656,0.05000000074505806
18224352,0.05000000074505806
18225920,0.05000000074505806
18235808,0.05000000074505806
18236000,0.05000000074505806
18245184,0.05000000074505806
18246144,0.05000000074505806
18249184,0.05000000074505806
18249600,0.05000000074505806
18250336,0.05000000074505806
18255904,0.05000000074505806
18259456,0.05000000074505806
18260992,0.05000000074505806
18262144,0.05000000074505806
18262176,0.05000000074505806
18264608,0.05000000074505806
18272288,0.05000000074505806
18278336,0.05000000074505806
18285408,0.05000000074505806
18287424,0.05000000074505806
18290272,0.05000000074505806
18292000,0.05000000074505806
18293024,0.05000000074505806
18297056,0.05000000074505806
18298112,0.05000000074505806
18302784,0.05000000074505806
18304416,0.05000000074505806
18305216,0.05000000074505806
18307936,0.05000000074505806
18313056,0.05000000074505806
18313504,0.05000000074505806
18314976,0.05000000074505806
18318464,0.05000000074505806
18318784,0.05000000074505806
18321120,0.05000000074505806
18325312,0.05000000074505806
18329344,0.05000000074505806
18348864,0.05000000074505806
18352256,0.05000000074505806
18352512,0.05000000074505806
18352800,0.05000000074505806
18359552,0.05000000074505806
18360608,0.05000000074505806
18366016,0.05000000074505806
18376512,0.05000000074505806
18383840,0.05000000074505806
18384928,0.05000000074505806
18386848,0.05000000074505806
18392576,0.05000000074505806
18395808,0.05000000074505806
18399840,0.05000000074505806
18405056,0.05000000074505806
18405472,0.05000000074505806
18406144,0.05000000074505806
18406880,0.05000000074505806
18408320,0.05000000074505806
18411680,0.05000000074505806
18412864,0.05000000074505806
18413408,0.05000000074505806
18424704,0.05000000074505806
18425536,0.05000000074505806
18427744,0.05000000074505806
18428576,0.05000000074505806
18432352,0.05000000074505806
18437024,0.05000000074505806
18445792,0.05000000074505806
18446048,0.05000000074505806
18448224,0.05000000074505806
18456000,0.05000000074505806
18457952,0.05000000074505806
18459456,0.05000000074505806
18464320,0.05000000074505806
18466912,0.05000000074505806
18470176,0.05000000074505806
18477280,0.05000000074505806
18483008,0.05000000074505806
18497408,0.05000000074505806
18500384,0.05000000074505806
18501920,0.05000000074505806
18502400,0.05000000074505806
18504928,0.05000000074505806
18505504,0.05000000074505806
18509312,0.05000000074505806
18516928,0.05000000074505806
18517120,0.05000000074505806
18520896,0.05000000074505806
18525216,0.05000000074505806
18529824,0.05000000074505806
18538240,0.05000000074505806
18542848,0.05000000074505806
18545312,0.05000000074505806
18558784,0.05000000074505806
18559008,0.05000000074505806
18565312,0.05000000074505806
18567776,0.05000000074505806
18569184,0.05000000074505806
18569216,0.05000000074505806
18572992,0.05000000074505806
18578752,0.05000000074505806
18579072,0.05000000074505806
18581728,0.05000000074505806
18588320,0.05000000074505806
18590592,0.05000000074505806
18591840,0.05000000074505806
18594496,0.05000000074505806
18594656,0.05000000074505806
18596224,0.05000000074505806
18599456,0.05000000074505806
18599840,0.05000000074505806
18602816,0.05000000074505806
18604608,0.05000000074505806
18604672,0.05000000074505806
18610432,0.05000000074505806
18620832,0.05000000074505806
18621184,0.05000000074505806
18623104,0.05000000074505806
18628384,0.05000000074505806
18629632,0.05000000074505806
18629984,0.05000000074505806
18630368,0.05000000074505806
18631104,0.05000000074505806
18633184,0.05000000074505806
18639168,0.05000000074505806
18640128,0.05000000074505806
18640864,0.05000000074505806
18645120,0.05000000074505806
18647168,0.05000000074505806
18648640,0.05000000074505806
18660288,0.05000000074505806
18663808,0.05000000074505806
18676480,0.05000000074505806
18677120,0.05000000074505806
18680512,0.05000000074505806
18697152,0.05000000074505806
18700736,0.05000000074505806
18708832,0.05000000074505806
18708864,0.05000000074505806
18715008,0.05000000074505806
18716896,0.05000000074505806
18720704,0.05000000074505806
18723264,0.05000000074505806
18725344,0.05000000074505806
18725824,0.05000000074505806
18727680,0.05000000074505806
18728864,0.05000000074505806
18731296,0.05000000074505806
18736736,0.05000000074505806
18749824,0.05000000074505806
18752448,0.05000000074505806
18755552,0.05000000074505806
18756224,0.05000000074505806
18760384,0.05000000074505806
18766720,0.05000000074505806
18766912,0.05000000074505806
18767584,0.05000000074505806
18779168,0.05000000074505806
18788640,0.05000000074505806
18789984,0.05000000074505806
18795360,0.05000000074505806
18803136,0.05000000074505806
18808640,0.05000000074505806
18813760,0.05000000074505806
18819232,0.05000000074505806
18826528,0.05000000074505806
18827424,0.05000000074505806
18833664,0.05000000074505806
18837024,0.05000000074505806
18838048,0.05000000074505806
18847936,0.05000000074505806
18851296,0.05000000074505806
18856480,0.05000000074505806
18857792,0.05000000074505806
18859360,0.05000000074505806
18861824,0.05000000074505806
18863744,0.05000000074505806
18864096,0.05000000074505806
18868544,0.05000000074505806
18870048,0.05000000074505806
18870688,0.05000000074505806
18875008,0.05000000074505806
18883840,0.05000000074505806
18889184,0.05000000074505806
18890240,0.05000000074505806
18893088,0.05000000074505806
18893504,0.05000000074505806
18897792,0.05000000074505806
18898240,0.05000000074505806
18913312,0.05000000074505806
18924704,0.05000000074505806
18926080,0.05000000074505806
18929760,0.05000000074505806
18939680,0.05000000074505806
18941472,0.05000000074505806
18941856,0.05000000074505806
18944032,0.05000000074505806
18945952,0.05000000074505806
18946976,0.05000000074505806
18948896,0.05000000074505806
18953536,0.05000000074505806
18954688,0.05000000074505806
18962592,0.05000000074505806
18973088,0.05000000074505806
18976928,0.05000000074505806
18978176,0.05000000074505806
18983360,0.05000000074505806
18988992,0.05000000074505806
18990912,0.05000000074505806
18993536,0.05000000074505806
18996768,0.05000000074505806
18997248,0.05000000074505806
18997696,0.05000000074505806
19003968,0.05000000074505806
19006656,0.05000000074505806
19015904,0.05000000074505806
19016384,0.05000000074505806
19023488,0.05000000074505806
19025280,0.05000000074505806
19029536,0.05000000074505806
19035168,0.05000000074505806
19036256,0.05000000074505806
19036704,0.05000000074505806
19037056,0.05000000074505806
19042944,0.05000000074505806
19045440,0.05000000074505806
19047680,0.05000000074505806
19048416,0.05000000074505806
19052608,0.05000000074505806
19062528,0.05000000074505806
19064992,0.05000000074505806
19073216,0.05000000074505806
19074368,0.05000000074505806
19074816,0.05000000074505806
19081888,0.05000000074505806
19098240,0.05000000074505806
19102816,0.05000000074505806
19103840,0.05000000074505806
19104608,0.05000000074505806
19111264,0.05000000074505806
19112096,0.05000000074505806
19117248,0.05000000074505806
19119424,0.05000000074505806
19120288,0.05000000074505806
19126208,0.05000000074505806
19132320,0.05000000074505806
19133344,0.05000000074505806
19136384,0.05000000074505806
19136800,0.05000000074505806
19144960,0.05000000074505806
19145856,0.05000000074505806
19147552,0.05000000074505806
19148992,0.05000000074505806
19160384,0.05000000074505806
19163008,0.05000000074505806
19170368,0.05000000074505806
19196256,0.05000000074505806
19200384,0.05000000074505806
19208480,0.05000000074505806
19216224,0.05000000074505806
19220224,0.05000000074505806
19228128,0.05000000074505806
19228480,0.05000000074505806
19228864,0.05000000074505806
19231296,0.05000000074505806
19239424,0.05000000074505806
19248384,0.05000000074505806
19250048,0.05000000074505806
19253920,0.05000000074505806
19263328,0.05000000074505806
19265856,0.05000000074505806
19273152,0.05000000074505806
19279456,0.05000000074505806
19280640,0.05000000074505806
19280896,0.05000000074505806
19295936,0.05000000074505806
19297600,0.05000000074505806
19301824,0.05000000074505806
19304032,0.05000000074505806
19304832,0.05000000074505806
19305792,0.05000000074505806
19307040,0.05000000074505806
19313568,0.05000000074505806
19314208,0.05000000074505806
19314272,0.05000000074505806
19317760,0.05000000074505806
19318496,0.05000000074505806
19324128,0.05000000074505806
19326144,0.05000000074505806
19329952,0.05000000074505806
19343424,0.05000000074505806
19353952,0.05000000074505806
19354368,0.05000000074505806
19361344,0.05000000074505806
19363904,0.05000000074505806
19371392,0.05000000074505806
19383712,0.05000000074505806
19384000,0.05000000074505806
19384512,0.05000000074505806
19384928,0.05000000074505806
19386240,0.05000000074505806
19387680,0.05000000074505806
19393184,0.05000000074505806
19394784,0.05000000074505806
19395264,0.05000000074505806
19397280,0.05000000074505806
19400384,0.05000000074505806
19412320,0.05000000074505806
19413952,0.05000000074505806
19439392,0.05000000074505806
19443776,0.05000000074505806
19453088,0.05000000074505806
19456096,0.05000000074505806
19457472,0.05000000074505806
19460768,0.05000000074505806
19461248,0.05000000074505806
19462624,0.05000000074505806
19468512,0.05000000074505806
19473376,0.05000000074505806
19475328,0.05000000074505806
19481152,0.05000000074505806
19484384,0.05000000074505806
19488864,0.05000000074505806
19492992,0.05000000074505806
19495136,0.05000000074505806
19495680,0.05000000074505806
19499712,0.05000000074505806
19503776,0.05000000074505806
19506176,0.05000000074505806
19508864,0.05000000074505806
19511488,0.05000000074505806
19514304,0.05000000074505806
19523584,0.05000000074505806
19525376,0.05000000074505806
19527104,0.05000000074505806
19535424,0.05000000074505806
19536256,0.05000000074505806
19552032,0.05000000074505806
19553568,0.05000000074505806
19553600,0.05000000074505806
19561280,0.05000000074505806
19561344,0.05000000074505806
19564160,0.05000000074505806
19566080,0.05000000074505806
19571680,0.05000000074505806
19572896,0.05000000074505806
19574976,0.05000000074505806
19577088,0.05000000074505806
19578624,0.05000000074505806
19580480,0.05000000074505806
19581632,0.05000000074505806
19582272,0.05000000074505806
19587104,0.05000000074505806
19588416,0.05000000074505806
19589248,0.05000000074505806
19593792,0.05000000074505806
19595744,0.05000000074505806
19599904,0.05000000074505806
19605216,0.05000000074505806
19606048,0.05000000074505806
19612160,0.05000000074505806
19613696,0.05000000074505806
19613856,0.05000000074505806
19635456,0.05000000074505806
19637952,0.05000000074505806
19642080,0.05000000074505806
19652832,0.05000000074505806
19652864,0.05000000074505806
19660288,0.05000000074505806
19667840,0.05000000074505806
19668320,0.05000000074505806
19670272,0.05000000074505806
19672960,0.05000000074505806
19679968,0.05000000074505806
19703552,0.05000000074505806
19710176,0.05000000074505806
19711520,0.05000000074505806
19718816,0.05000000074505806
19725536,0.05000000074505806
19725792,0.05000000074505806
19726912,0.05000000074505806
19728160,0.05000000074505806
19737920,0.05000000074505806
19739584,0.05000000074505806
19739648,0.05000000074505806
19740768,0.05000000074505806
19741216,0.05000000074505806
19741920,0.05000000074505806
19763264,0.05000000074505806
19764352,0.05000000074505806
19766816,0.05000000074505806
19767232,0.05000000074505806
19768608,0.05000000074505806
19769504,0.05000000074505806
19774912,0.05000000074505806
19780224,0.05000000074505806
19786144,0.05000000074505806
19787776,0.05000000074505806
19789184,0.05000000074505806
19794464,0.05000000074505806
19794656,0.05000000074505806
19795008,0.05000000074505806
19796992,0.05000000074505806
19798496,0.05000000074505806
19799712,0.05000000074505806
19814496,0.05000000074505806
19832416,0.05000000074505806
19839328,0.05000000074505806
19839808,0.05000000074505806
19839936,0.05000000074505806
19841856,0.05000000074505806
19845024,0.05000000074505806
19846784,0.05000000074505806
19848160,0.05000000074505806
19854400,0.05000000074505806
19855104,0.05000000074505806
19857760,0.05000000074505806
19861120,0.05000000074505806
19861216,0.05000000074505806
19862144,0.05000000074505806
19863328,0.05000000074505806
19873504,0.05000000074505806
19878656,0.05000000074505806
19879968,0.05000000074505806
19884128,0.05000000074505806
19886208,0.05000000074505806
19887936,0.05000000074505806
19890848,0.05000000074505806
19891872,0.05000000074505806
19895520,0.05000000074505806
19898464,0.05000000074505806
19899744,0.05000000074505806
19900096,0.05000000074505806
19905440,0.05000000074505806
19905504,0.05000000074505806
19909216,0.05000000074505806
19924800,0.05000000074505806
19931744,0.05000000074505806
19935744,0.05000000074505806
19942368,0.05000000074505806
19952736,0.05000000074505806
19955264,0.05000000074505806
19961120,0.05000000074505806
19972704,0.05000000074505806
19974272,0.05000000074505806
19984192,0.05000000074505806
19998144,0.05000000074505806
19998464,0.05000000074505806
20002976,0.05000000074505806
20003328,0.05000000074505806
20007744,0.05000000074505806
20010432,0.05000000074505806
20021984,0.05000000074505806
20023776,0.05000000074505806
20032704,0.05000000074505806
20034560,0.05000000074505806
20037696,0.05000000074505806
20037792,0.05000000074505806
20043552,0.05000000074505806
20052480,0.05000000074505806
20058784,0.05000000074505806
20071104,0.05000000074505806
20074336,0.05000000074505806
20077248,0.05000000074505806
20091104,0.05000000074505806
20092000,0.05000000074505806
20094464,0.05000000074505806
20095136,0.05000000074505806
20098592,0.05000000074505806
20099840,0.05000000074505806
20101760,0.05000000074505806
20103808,0.05000000074505806
20104032,0.05000000074505806
20106784,0.05000000074505806
20108384,0.05000000074505806
20113504,0.05000000074505806
20123584,0.05000000074505806
20123744,0.05000000074505806
20129376,0.05000000074505806
20134144,0.05000000074505806
20135328,0.05000000074505806
20138016,0.05000000074505806
20140288,0.05000000074505806
20141888,0.05000000074505806
20142048,0.05000000074505806
20152000,0.05000000074505806
20157024,0.05000000074505806
20157568,0.05000000074505806
20159424,0.05000000074505806
20165376,0.05000000074505806
20168128,0.05000000074505806
20175776,0.05000000074505806
20177856,0.05000000074505806
20181984,0.05000000074505806
20184160,0.05000000074505806
20197120,0.05000000074505806
20198816,0.05000000074505806
20202592,0.05000000074505806
20205984,0.05000000074505806
20209792,0.05000000074505806
20211936,0.05000000074505806
20212960,0.05000000074505806
20214720,0.05000000074505806
20216416,0.05000000074505806
20218912,0.05000000074505806
20221088,0.05000000074505806
20231968,0.05000000074505806
20236224,0.05000000074505806
20238816,0.05000000074505806
20242816,0.05000000074505806
20247840,0.05000000074505806
20260032,0.05000000074505806
20260576,0.05000000074505806
20262528,0.05000000074505806
20263552,0.05000000074505806
20270624,0.05000000074505806
20273664,0.05000000074505806
20280640,0.05000000074505806
20280800,0.05000000074505806
20283136,0.05000000074505806
20283456,0.05000000074505806
20284288,0.05000000074505806
20286144,0.05000000074505806
20288096,0.05000000074505806
20289568,0.05000000074505806
20289696,0.05000000074505806
20291392,0.05000000074505806
20293696,0.05000000074505806
20298496,0.05000000074505806
20302112,0.05000000074505806
20311936,0.05000000074505806
20313920,0.05000000074505806
20318592,0.05000000074505806
20322880,0.05000000074505806
20324576,0.05000000074505806
20327104,0.05000000074505806
20335392,0.05000000074505806
20336032,0.05000000074505806
20337728,0.05000000074505806
20341568,0.05000000074505806
20347392,0.05000000074505806
20358720,0.05000000074505806
20359712,0.05000000074505806
20361952,0.05000000074505806
20365056,0.05000000074505806
20365792,0.05000000074505806
20370720,0.05000000074505806
20372672,0.05000000074505806
20375232,0.05000000074505806
20380448,0.05000000074505806
20380800,0.05000000074505806
20383168,0.05000000074505806
20383744,0.05000000074505806
20392416,0.05000000074505806
20395072,0.05000000074505806
20401600,0.05000000074505806
20405984,0.05000000074505806
20407488,0.05000000074505806
20411584,0.05000000074505806
20414656,0.05000000074505806
20416896,0.05000000074505806
20419680,0.05000000074505806
20420544,0.05000000074505806
20426368,0.05000000074505806
20426560,0.05000000074505806
20431008,0.05000000074505806
20432512,0.05000000074505806
20436704,0.05000000074505806
20441664,0.05000000074505806
20443104,0.05000000074505806
20444704,0.05000000074505806
20445248,0.05000000074505806
20448768,0.05000000074505806
20449024,0.05000000074505806
20456288,0.05000000074505806
20458752,0.05000000074505806
20461248,0.05000000074505806
20463200,0.05000000074505806
20466624,0.05000000074505806
20466848,0.05000000074505806
20467872,0.05000000074505806
20487840,0.05000000074505806
20497792,0.05000000074505806
20505088,0.05000000074505806
20505664,0.05000000074505806
20506656,0.05000000074505806
20508192,0.05000000074505806
20517376,0.05000000074505806
20518368,0.05000000074505806
20520224,0.05000000074505806
20521152,0.05000000074505806
20526560,0.05000000074505806
20529440,0.05000000074505806
20533888,0.05000000074505806
20534592,0.05000000074505806
20538944,0.05000000074505806
20542144,0.05000000074505806
20544480,0.05000000074505806
20547904,0.05000000074505806
20554688,0.05000000074505806
20559168,0.05000000074505806
20562496,0.05000000074505806
20562976,0.05000000074505806
20564224,0.05000000074505806
20566496,0.05000000074505806
20567616,0.05000000074505806
20568000,0.05000000074505806
20576544,0.05000000074505806
20583264,0.05000000074505806
20592160,0.05000000074505806
20596064,0.05000000074505806
20602496,0.05000000074505806
20607296,0.05000000074505806
20618400,0.05000000074505806
20619328,0.05000000074505806
20623392,0.05000000074505806
20626464,0.05000000074505806
20629024,0.05000000074505806
20641184,0.05000000074505806
20642656,0.05000000074505806
20643648,0.05000000074505806
20646336,0.05000000074505806
20649824,0.05000000074505806
20657568,0.05000000074505806
20663072,0.05000000074505806
20664928,0.05000000074505806
20672800,0.05000000074505806
20673152,0.05000000074505806
20674944,0.05000000074505806
20681664,0.05000000074505806
20684576,0.05000000074505806
20690304,0.05000000074505806
20695744,0.05000000074505806
20699968,0.05000000074505806
20700704,0.05000000074505806
20701600,0.05000000074505806
20702688,0.05000000074505806
20704288,0.05000000074505806
20707776,0.05000000074505806
20708768,0.05000000074505806
20708992,0.05000000074505806
20709696,0.05000000074505806
20718272,0.05000000074505806
20725632,0.05000000074505806
20728736,0.05000000074505806
20730624,0.05000000074505806
20736512,0.05000000074505806
20738976,0.05000000074505806
20739584,0.05000000074505806
20740768,0.05000000074505806
20743072,0.05000000074505806
20743744,0.05000000074505806
20751968,0.05000000074505806
20753248,0.05000000074505806
20760640,0.05000000074505806
20770592,0.05000000074505806
20770816,0.05000000074505806
20771104,0.05000000074505806
20772288,0.05000000074505806
20772448,0.05000000074505806
20774592,0.05000000074505806
20782784,0.05000000074505806
20788640,0.05000000074505806
20792992,0.05000000074505806
20795072,0.05000000074505806
20799584,0.05000000074505806
20799968,0.05000000074505806
20800672,0.05000000074505806
20803840,0.05000000074505806
20807648,0.05000000074505806
20807712,0.05000000074505806
20810208,0.05000000074505806
20816576,0.05000000074505806
20820256,0.05000000074505806
20823744,0.05000000074505806
20827808,0.05000000074505806
20829472,0.05000000074505806
20831552,0.05000000074505806
20835264,0.05000000074505806
20835872,0.05000000074505806
20841920,0.05000000074505806
20845824,0.05000000074505806
20848768,0.05000000074505806
20852544,0.05000000074505806
20867488,0.05000000074505806
20878144,0.05000000074505806
20887872,0.05000000074505806
20892448,0.05000000074505806
20898976,0.05000000074505806
20902112,0.05000000074505806
20906816,0.05000000074505806
20907264,0.05000000074505806
20908768,0.05000000074505806
20915136,0.05000000074505806
20915200,0.05000000074505806
20922912,0.05000000074505806
20926144,0.05000000074505806
20929856,0.05000000074505806
20931200,0.05000000074505806
20934848,0.05000000074505806
20937184,0.05000000074505806
20937504,0.05000000074505806
20939520,0.05000000074505806
20940000,0.05000000074505806
20943968,0.05000000074505806
20946880,0.05000000074505806
20948544,0.05000000074505806
20950944,0.05000000074505806
20955200,0.05000000074505806
20957888,0.05000000074505806
20962560,0.05000000074505806
20965760,0.05000000074505806
20967328,0.05000000074505806
20973408,0.05000000074505806
20975360,0.05000000074505806
20979328,0.05000000074505806
20980704,0.05000000074505806
20981056,0.05000000074505806
20992928,0.05000000074505806
20993536,0.05000000074505806
21010144,0.05000000074505806
21016384,0.05000000074505806
21020576,0.05000000074505806
21022048,0.05000000074505806
21023040,0.05000000074505806
21034720,0.05000000074505806
21041888,0.05000000074505806
21056000,0.05000000074505806
21058688,0.05000000074505806
21062592,0.05000000074505806
21065952,0.05000000074505806
21069120,0.05000000074505806
21070976,0.05000000074505806
21076256,0.05000000074505806
21077824,0.05000000074505806
21079072,0.05000000074505806
21079904,0.05000000074505806
21084672,0.05000000074505806
21095008,0.05000000074505806
21095744,0.05000000074505806
21098432,0.05000000074505806
21100640,0.05000000074505806
21102976,0.05000000074505806
21105312,0.05000000074505806
21109440,0.05000000074505806
21110496,0.05000000074505806
21111136,0.05000000074505806
21111200,0.05000000074505806
21113440,0.05000000074505806
21116512,0.05000000074505806
21118336,0.05000000074505806
21124320,0.05000000074505806
21126176,0.05000000074505806
21127840,0.05000000074505806
21130752,0.05000000074505806
21134592,0.05000000074505806
21141088,0.05000000074505806
21145504,0.05000000074505806
21145728,0.05000000074505806
21146912,0.05000000074505806
21147520,0.05000000074505806
21164160,0.05000000074505806
21165440,0.05000000074505806
21166048,0.05000000074505806
21166816,0.05000000074505806
21173888,0.05000000074505806
21178400,0.05000000074505806
21181312,0.05000000074505806
21183136,0.05000000074505806
21183936,0.05000000074505806
21184384,0.05000000074505806
21186496,0.05000000074505806
21187008,0.05000000074505806
21203200,0.05000000074505806
21209024,0.05000000074505806
21214912,0.05000000074505806
21216320,0.05000000074505806
21219136,0.05000000074505806
21220032,0.05000000074505806
21221888,0.05000000074505806
21222016,0.05000000074505806
21222944,0.05000000074505806
21225888,0.05000000074505806
21230304,0.05000000074505806
21233120,0.05000000074505806
21243040,0.05000000074505806
21247776,0.05000000074505806
21248992,0.05000000074505806
21249600,0.05000000074505806
21258496,0.05000000074505806
21263872,0.05000000074505806
21266432,0.05000000074505806
21269312,0.05000000074505806
21271296,0.05000000074505806
21272928,0.05000000074505806
21276320,0.05000000074505806
21278432,0.05000000074505806
21278720,0.05000000074505806
21278816,0.05000000074505806
21279328,0.05000000074505806
21280192,0.05000000074505806
21280832,0.05000000074505806
21285888,0.05000000074505806
21288640,0.05000000074505806
21297664,0.05000000074505806
21298944,0.05000000074505806
21300128,0.05000000074505806
21305632,0.05000000074505806
21311936,0.05000000074505806
21314624,0.05000000074505806
21318464,0.05000000074505806
21319520,0.05000000074505806
21321440,0.05000000074505806
21327296,0.05000000074505806
21327392,0.05000000074505806
21327968,0.05000000074505806
21332800,0.05000000074505806
21335392,0.05000000074505806
21338496,0.05000000074505806
21341728,0.05000000074505806
21343968,0.05000000074505806
21355264,0.05000000074505806
21362496,0.05000000074505806
21364960,0.05000000074505806
21365600,0.05000000074505806
21367648,0.05000000074505806
21371936,0.05000000074505806
21377920,0.05000000074505806
21381440,0.05000000074505806
21389312,0.05000000074505806
21390144,0.05000000074505806
21392672,0.05000000074505806
21393056,0.05000000074505806
21411328,0.05000000074505806
21412608,0.05000000074505806
21421376,0.05000000074505806
21429376,0.05000000074505806
21430784,0.05000000074505806
21437312,0.05000000074505806
21437408,0.05000000074505806
21442592,0.05000000074505806
21444640,0.05000000074505806
21447520,0.05000000074505806
21449216,0.05000000074505806
21449248,0.05000000074505806
21449728,0.05000000074505806
21451904,0.05000000074505806
21455744,0.05000000074505806
21467040,0.05000000074505806
21468608,0.05000000074505806
21469536,0.05000000074505806
21477824,0.05000000074505806
21480768,0.05000000074505806
21487680,0.05000000074505806
21493184,0.05000000074505806
21494016,0.05000000074505806
21495904,0.05000000074505806
21500000,0.05000000074505806
21519520,0.05000000074505806
21520064,0.05000000074505806
21523488,0.05000000074505806
21524032,0.05000000074505806
21530592,0.05000000074505806
21532192,0.05000000074505806
21533440,0.05000000074505806
21535616,0.05000000074505806
21542848,0.05000000074505806
21545472,0.05000000074505806
21551744,0.05000000074505806
21554528,0.05000000074505806
21560000,0.05000000074505806
21560736,0.05000000074505806
21563392,0.05000000074505806
21563872,0.05000000074505806
21569344,0.05000000074505806
21570560,0.05000000074505806
21573216,0.05000000074505806
21573248,0.05000000074505806
21578272,0.05000000074505806
21580160,0.05000000074505806
21590080,0.05000000074505806
21590752,0.05000000074505806
21598048,0.05000000074505806
21599296,0.05000000074505806
21610816,0.05000000074505806
21614240,0.05000000074505806
21618688,0.05000000074505806
21619200,0.05000000074505806
21624736,0.05000000074505806
21625760,0.05000000074505806
21626240,0.05000000074505806
21626752,0.05000000074505806
21627392,0.05000000074505806
21630464,0.05000000074505806
21630720,0.05000000074505806
21636064,0.05000000074505806
21639392,0.05000000074505806
21642592,0.05000000074505806
21643040,0.05000000074505806
21646048,0.05000000074505806
21651072,0.05000000074505806
21652896,0.05000000074505806
21659104,0.05000000074505806
21660384,0.05000000074505806
21664000,0.05000000074505806
21678560,0.05000000074505806
21682784,0.05000000074505806
21684320,0.05000000074505806
21684832,0.05000000074505806
21685760,0.05000000074505806
21687936,0.05000000074505806
21688064,0.05000000074505806
21688672,0.05000000074505806
21690880,0.05000000074505806
21702176,0.05000000074505806
21703744,0.05000000074505806
21712960,0.05000000074505806
21715296,0.05000000074505806
21721792,0.05000000074505806
21726432,0.05000000074505806
21728768,0.05000000074505806
21729568,0.05000000074505806
21732064,0.05000000074505806
21732896,0.05000000074505806
21742656,0.05000000074505806
21745408,0.05000000074505806
21752224,0.05000000074505806
21758944,0.05000000074505806
21770080,0.05000000074505806
21774944,0.05000000074505806
21782784,0.05000000074505806
21792352,0.05000000074505806
21792448,0.05000000074505806
21797824,0.05000000074505806
21811520,0.05000000074505806
21813344,0.05000000074505806
21823168,0.05000000074505806
21826048,0.05000000074505806
21827520,0.05000000074505806
21827648,0.05000000074505806
21831936,0.05000000074505806
21835008,0.05000000074505806
21835264,0.05000000074505806
21851584,0.05000000074505806
21851840,0.05000000074505806
21854304,0.05000000074505806
21867456,0.05000000074505806
21867648,0.05000000074505806
21870752,0.05000000074505806
21878112,0.05000000074505806
21884544,0.05000000074505806
21898720,0.05000000074505806
21899680,0.05000000074505806
21900608,0.05000000074505806
21902016,0.05000000074505806
21904800,0.05000000074505806
21905888,0.05000000074505806
21915360,0.05000000074505806
21915904,0.05000000074505806
21922112,0.05000000074505806
21928736,0.05000000074505806
21930688,0.05000000074505806
21933056,0.05000000074505806
21946336,0.05000000074505806
21946976,0.05000000074505806
21952864,0.05000000074505806
21969280,0.05000000074505806
21973600,0.05000000074505806
21979616,0.05000000074505806
21979712,0.05000000074505806
21982464,0.05000000074505806
21988544,0.05000000074505806
21991520,0.05000000074505806
21992576,0.05000000074505806
21994688,0.05000000074505806
21999776,0.05000000074505806
22001984,0.05000000074505806
22002592,0.05000000074505806
22015520,0.05000000074505806
22018176,0.05000000074505806
22018336,0.05000000074505806
22028480,0.05000000074505806
22031104,0.05000000074505806
22035840,0.05000000074505806
22037952,0.05000000074505806
22038528,0.05000000074505806
22043328,0.05000000074505806
22045216,0.05000000074505806
22045536,0.05000000074505806
22055936,0.05000000074505806
22061248,0.05000000074505806
22063200,0.05000000074505806
22064352,0.05000000074505806
22066368,0.05000000074505806
22067392,0.05000000074505806
22069504,0.05000000074505806
22075200,0.05000000074505806
22078912,0.05000000074505806
22082688,0.05000000074505806
22083136,0.05000000074505806
22083232,0.05000000074505806
22084000,0.05000000074505806
22098176,0.05000000074505806
22100064,0.05000000074505806
22101536,0.05000000074505806
22105632,0.05000000074505806
22106496,0.05000000074505806
22107904,0.05000000074505806
22115776,0.05000000074505806
22118560,0.05000000074505806
22118816,0.05000000074505806
22118912,0.05000000074505806
22121600,0.05000000074505806
22129632,0.05000000074505806
22138688,0.05000000074505806
22141344,0.05000000074505806
22142208,0.05000000074505806
22147360,0.05000000074505806
22148640,0.05000000074505806
22154336,0.05000000074505806
22163008,0.05000000074505806
22163072,0.05000000074505806
22168448,0.05000000074505806
22168736,0.05000000074505806
22178656,0.05000000074505806
22180736,0.05000000074505806
22190560,0.05000000074505806
22198144,0.05000000074505806
22199040,0.05000000074505806
22199168,0.05000000074505806
22200000,0.05000000074505806
22200160,0.05000000074505806
22203328,0.05000000074505806
22206848,0.05000000074505806
22209600,0.05000000074505806
22214848,0.05000000074505806
22219680,0.05000000074505806
22222912,0.05000000074505806
22223232,0.05000000074505806
22231424,0.05000000074505806
22233440,0.05000000074505806
22236224,0.05000000074505806
22236672,0.05000000074505806
22241472,0.05000000074505806
22245984,0.05000000074505806
22246816,0.05000000074505806
22248480,0.05000000074505806
22253152,0.05000000074505806
22259680,0.05000000074505806
22260928,0.05000000074505806
22276160,0.05000000074505806
22277344,0.05000000074505806
22277824,0.05000000074505806
22278400,0.05000000074505806
22282272,0.05000000074505806
22282976,0.05000000074505806
22285632,0.05000000074505806
22287136,0.05000000074505806
22303104,0.05000000074505806
22303968,0.05000000074505806
22304832,0.05000000074505806
22307328,0.05000000074505806
22308352,0.05000000074505806
22309024,0.05000000074505806
22310464,0.05000000074505806
22312224,0.05000000074505806
22312512,0.05000000074505806
22313568,0.05000000074505806
22316608,0.05000000074505806
22316736,0.05000000074505806
22319584,0.05000000074505806
22320672,0.05000000074505806
22320704,0.05000000074505806
22321920,0.05000000074505806
22322176,0.05000000074505806
22329280,0.05000000074505806
22334720,0.05000000074505806
22337184,0.05000000074505806
22343776,0.05000000074505806
22345664,0.05000000074505806
22352384,0.05000000074505806
22356192,0.05000000074505806
22360288,0.05000000074505806
22362784,0.05000000074505806
22363520,0.05000000074505806
22371040,0.05000000074505806
22373344,0.05000000074505806
22374112,0.05000000074505806
22378368,0.05000000074505806
22378592,0.05000000074505806
22379584,0.05000000074505806
22379744,0.05000000074505806
22389280,0.05000000074505806
22392000,0.05000000074505806
22393952,0.05000000074505806
22395168,0.05000000074505806
22396320,0.05000000074505806
22399040,0.05000000074505806
22403328,0.05000000074505806
22410944,0.05000000074505806
22415424,0.05000000074505806
22415808,0.05000000074505806
22417056,0.05000000074505806
22418592,0.05000000074505806
22422464,0.05000000074505806
22430112,0.05000000074505806
22431840,0.05000000074505806
22432896,0.05000000074505806
22433632,0.05000000074505806
22435392,0.05000000074505806
22435776,0.05000000074505806
22435872,0.05000000074505806
22442432,0.05000000074505806
22443616,0.05000000074505806
22444672,0.05000000074505806
22447008,0.05000000074505806
22452352,0.05000000074505806
22466016,0.05000000074505806
22471424,0.05000000074505806
22477376,0.05000000074505806
22480960,0.05000000074505806
22481856,0.05000000074505806
22483456,0.05000000074505806
22489664,0.05000000074505806
22492960,0.05000000074505806
22512288,0.05000000074505806
22520544,0.05000000074505806
22523776,0.05000000074505806
22524608,0.05000000074505806
22526720,0.05000000074505806
22528672,0.05000000074505806
22531776,0.05000000074505806
22536000,0.05000000074505806
22541120,0.05000000074505806
22546816,0.05000000074505806
22549152,0.05000000074505806
22558208,0.05000000074505806
22558368,0.05000000074505806
22562976,0.05000000074505806
22563904,0.05000000074505806
22565472,0.05000000074505806
22569696,0.05000000074505806
22569856,0.05000000074505806
22570240,0.05000000074505806
22575104,0.05000000074505806
22580512,0.05000000074505806
22588608,0.05000000074505806
22592288,0.05000000074505806
22600320,0.05000000074505806
22601632,0.05000000074505806
22602944,0.05000000074505806
22605888,0.05000000074505806
22608544,0.05000000074505806
22613568,0.05000000074505806
22618336,0.05000000074505806
22619584,0.05000000074505806
22619776,0.05000000074505806
22621664,0.05000000074505806
22627232,0.05000000074505806
22627488,0.05000000074505806
22629600,0.05000000074505806
22629664,0.05000000074505806
22630016,0.05000000074505806
22636416,0.05000000074505806
22637120,0.05000000074505806
22639712,0.05000000074505806
22641120,0.05000000074505806
22654080,0.05000000074505806
22664064,0.05000000074505806
22668192,0.05000000074505806
22670112,0.05000000074505806
22671712,0.05000000074505806
22679648,0.05000000074505806
22679776,0.05000000074505806
22682880,0.05000000074505806
22683072,0.05000000074505806
22683264,0.05000000074505806
22684160,0.05000000074505806
22688448,0.05000000074505806
22689888,0.05000000074505806
22692832,0.05000000074505806
22697600,0.05000000074505806
22698944,0.05000000074505806
22699936,0.05000000074505806
22704544,0.05000000074505806
22713376,0.05000000074505806
22714112,0.05000000074505806
22716320,0.05000000074505806
22728864,0.05000000074505806
22738560,0.05000000074505806
22738944,0.05000000074505806
22743296,0.05000000074505806
22743360,0.05000000074505806
22743392,0.05000000074505806
22746208,0.05000000074505806
22746272,0.05000000074505806
22748064,0.05000000074505806
22756064,0.05000000074505806
22756352,0.05000000074505806
22763584,0.05000000074505806
22766176,0.05000000074505806
22772320,0.05000000074505806
22774976,0.05000000074505806
22776992,0.05000000074505806
22780256,0.05000000074505806
22784448,0.05000000074505806
22784640,0.05000000074505806
22788960,0.05000000074505806
22793600,0.05000000074505806
22794336,0.05000000074505806
22796032,0.05000000074505806
22799392,0.05000000074505806
22807200,0.05000000074505806
22808704,0.05000000074505806
22813248,0.05000000074505806
22814656,0.05000000074505806
22825280,0.05000000074505806
22825568,0.05000000074505806
22831008,0.05000000074505806
22832096,0.05000000074505806
22833344,0.05000000074505806
22833440,0.05000000074505806
22836128,0.05000000074505806
22849088,0.05000000074505806
22850944,0.05000000074505806
22854848,0.05000000074505806
22855968,0.05000000074505806
22856448,0.05000000074505806
22865088,0.05000000074505806
22871552,0.05000000074505806
22872160,0.05000000074505806
22876032,0.05000000074505806
22876544,0.05000000074505806
22877120,0.05000000074505806
22881472,0.05000000074505806
22887616,0.05000000074505806
22887680,0.05000000074505806
22894816,0.05000000074505806
22896608,0.05000000074505806
22905248,0.05000000074505806
22914368,0.05000000074505806
22914400,0.05000000074505806
22915008,0.05000000074505806
22920704,0.05000000074505806
22922432,0.05000000074505806
22924928,0.05000000074505806
22925248,0.05000000074505806
22929216,0.05000000074505806
22933664,0.05000000074505806
22951936,0.05000000074505806
22958944,0.05000000074505806
22960192,0.05000000074505806
22962528,0.05000000074505806
22965248,0.05000000074505806
22970624,0.05000000074505806
22973856,0.05000000074505806
22977312,0.05000000074505806
22977824,0.05000000074505806
22980224,0.05000000074505806
22983360,0.05000000074505806
22986176,0.05000000074505806
22995552,0.05000000074505806
23006304,0.05000000074505806
23013664,0.05000000074505806
23015264,0.05000000074505806
23029920,0.05000000074505806
23033120,0.05000000074505806
23033696,0.05000000074505806
23035264,0.05000000074505806
23036768,0.05000000074505806
23037152,0.05000000074505806
23043520,0.05000000074505806
23043776,0.05000000074505806
23051040,0.05000000074505806
23052672,0.05000000074505806
23055232,0.05000000074505806
23057536,0.05000000074505806
23083776,0.05000000074505806
23084576,0.05000000074505806
23084640,0.05000000074505806
23085504,0.05000000074505806
23085632,0.05000000074505806
23090816,0.05000000074505806
23091040,0.05000000074505806
23096160,0.05000000074505806
23097184,0.05000000074505806
23100736,0.05000000074505806
23103840,0.05000000074505806
23104512,0.05000000074505806
23106368,0.05000000074505806
23106912,0.05000000074505806
23107104,0.05000000074505806
23107328,0.05000000074505806
23111776,0.05000000074505806
23113376,0.05000000074505806
23117792,0.05000000074505806
23125024,0.05000000074505806
23134784,0.05000000074505806
23138272,0.05000000074505806
23140128,0.05000000074505806
23141216,0.05000000074505806
23147744,0.05000000074505806
23155424,0.05000000074505806
23157280,0.05000000074505806
23166144,0.05000000074505806
23166272,0.05000000074505806
23170496,0.05000000074505806
23173856,0.05000000074505806
23177952,0.05000000074505806
23181088,0.05000000074505806
23186336,0.05000000074505806
23189920,0.05000000074505806
23195040,0.05000000074505806
23200800,0.05000000074505806
23204256,0.05000000074505806
23205184,0.05000000074505806
23208288,0.05000000074505806
23209888,0.05000000074505806
23212576,0.05000000074505806
23213184,0.05000000074505806
23214624,0.05000000074505806
23217056,0.05000000074505806
23217344,0.05000000074505806
23230496,0.05000000074505806
23230912,0.05000000074505806
23234240,0.05000000074505806
23234816,0.05000000074505806
23249248,0.05000000074505806
23250496,0.05000000074505806
23257344,0.05000000074505806
23270592,0.05000000074505806
23283040,0.05000000074505806
23285440,0.05000000074505806
23292416,0.05000000074505806
23295584,0.05000000074505806
23296736,0.05000000074505806
23297760,0.05000000074505806
23298624,0.05000000074505806
23300160,0.05000000074505806
23300992,0.05000000074505806
23304160,0.05000000074505806
23312768,0.05000000074505806
23336352,0.05000000074505806
23348608,0.05000000074505806
23351040,0.05000000074505806
23357280,0.05000000074505806
23371680,0.05000000074505806
23374720,0.05000000074505806
23379296,0.05000000074505806
23379392,0.05000000074505806
23394592,0.05000000074505806
23398592,0.05000000074505806
23399360,0.05000000074505806
23402304,0.05000000074505806
23402816,0.05000000074505806
23410240,0.05000000074505806
23411328,0.05000000074505806
23412480,0.05000000074505806
23415136,0.05000000074505806
23418432,0.05000000074505806
23421792,0.05000000074505806
23425664,0.05000000074505806
23426112,0.05000000074505806
23428576,0.05000000074505806
23432928,0.05000000074505806
23438656,0.05000000074505806
23440832,0.05000000074505806
23444704,0.05000000074505806
23449984,0.05000000074505806
23452832,0.05000000074505806
23453312,0.05000000074505806
23453344,0.05000000074505806
23454912,0.05000000074505806
23459744,0.05000000074505806
23461600,0.05000000074505806
23462720,0.05000000074505806
23471136,0.05000000074505806
23479904,0.05000000074505806
23480096,0.05000000074505806
23481024,0.05000000074505806
23482752,0.05000000074505806
23484160,0.05000000074505806
23489504,0.05000000074505806
23489536,0.05000000074505806
23491200,0.05000000074505806
23493088,0.05000000074505806
23494560,0.05000000074505806
23494624,0.05000000074505806
23504352,0.05000000074505806
23505088,0.05000000074505806
23508480,0.05000000074505806
23511552,0.05000000074505806
23518528,0.05000000074505806
23519296,0.05000000074505806
23523296,0.05000000074505806
23527776,0.05000000074505806
23528576,0.05000000074505806
23533984,0.05000000074505806
23541088,0.05000000074505806
23549920,0.05000000074505806
23554784,0.05000000074505806
23555168,0.05000000074505806
23556000,0.05000000074505806
23557824,0.05000000074505806
23558304,0.05000000074505806
23566368,0.05000000074505806
23581408,0.05000000074505806
23586816,0.05000000074505806
23586912,0.05000000074505806
23586976,0.05000000074505806
23590048,0.05000000074505806
23594432,0.05000000074505806
23595488,0.05000000074505806
23610528,0.05000000074505806
23613568,0.05000000074505806
23614656,0.05000000074505806
23618208,0.05000000074505806
23622976,0.05000000074505806
23627168,0.05000000074505806
23628544,0.05000000074505806
23630880,0.05000000074505806
23634112,0.05000000074505806
23638400,0.05000000074505806
23643520,0.05000000074505806
23648000,0.05000000074505806
23649312,0.05000000074505806
23659200,0.05000000074505806
23671296,0.05000000074505806
23675840,0.05000000074505806
23677088,0.05000000074505806
23679968,0.05000000074505806
23698016,0.05000000074505806
23698400,0.05000000074505806
23701344,0.05000000074505806
23705856,0.05000000074505806
23707616,0.05000000074505806
23712320,0.05000000074505806
23712736,0.05000000074505806
23713152,0.05000000074505806
23719360,0.05000000074505806
23720896,0.05000000074505806
23721024,0.05000000074505806
23724128,0.05000000074505806
23725056,0.05000000074505806
23731872,0.05000000074505806
23733088,0.05000000074505806
23733952,0.05000000074505806
23737952,0.05000000074505806
23747264,0.05000000074505806
23751008,0.05000000074505806
23753184,0.05000000074505806
23754144,0.05000000074505806
23757856,0.05000000074505806
23765568,0.05000000074505806
23767488,0.05000000074505806
23782880,0.05000000074505806
23783200,0.05000000074505806
23784032,0.05000000074505806
23789248,0.05000000074505806
23790912,0.05000000074505806
23793536,0.05000000074505806
23796032,0.05000000074505806
23796256,0.05000000074505806
23799200,0.05000000074505806
23800960,0.05000000074505806
23802752,0.05000000074505806
23803296,0.05000000074505806
23805120,0.05000000074505806
23805792,0.05000000074505806
23806048,0.05000000074505806
23811936,0.05000000074505806
23815808,0.05000000074505806
23817600,0.05000000074505806
23822208,0.05000000074505806
23826304,0.05000000074505806
23827392,0.05000000074505806
23827424,0.05000000074505806
23835776,0.05000000074505806
23841216,0.05000000074505806
23843072,0.05000000074505806
23846080,0.05000000074505806
23846272,0.05000000074505806
23848512,0.05000000074505806
23848768,0.05000000074505806
23849600,0.05000000074505806
23856736,0.05000000074505806
23863200,0.05000000074505806
23871680,0.05000000074505806
23873568,0.05000000074505806
23876736,0.05000000074505806
23877728,0.05000000074505806
23883616,0.05000000074505806
23907776,0.05000000074505806
23908992,0.05000000074505806
23913920,0.05000000074505806
23921248,0.05000000074505806
23925376,0.05000000074505806
23927680,0.05000000074505806
23934656,0.05000000074505806
23936064,0.05000000074505806
23939872,0.05000000074505806
23940608,0.05000000074505806
23941536,0.05000000074505806
23942944,0.05000000074505806
23948768,0.05000000074505806
23949920,0.05000000074505806
23950080,0.05000000074505806
23953248,0.05000000074505806
23954464,0.05000000074505806
23964160,0.05000000074505806
23965824,0.05000000074505806
23967360,0.05000000074505806
23967648,0.05000000074505806
23975968,0.05000000074505806
23979136,0.05000000074505806
23980256,0.05000000074505806
23982272,0.05000000074505806
23991744,0.05000000074505806
23995232,0.05000000074505806
23999424,0.05000000074505806
24016448,0.05000000074505806
24024224,0.05000000074505806
24030144,0.05000000074505806
24030464,0.05000000074505806
24031936,0.05000000074505806
24041824,0.05000000074505806
24042624,0.05000000074505806
24045568,0.05000000074505806
24047040,0.05000000074505806
24047456,0.05000000074505806
24050272,0.05000000074505806
24056032,0.05000000074505806
24058976,0.05000000074505806
24059488,0.05000000074505806
24059552,0.05000000074505806
24064000,0.05000000074505806
24067520,0.05000000074505806
24067968,0.05000000074505806
24071200,0.05000000074505806
24074976,0.05000000074505806
24083648,0.05000000074505806
24099040,0.05000000074505806
24111392,0.05000000074505806
24112064,0.05000000074505806
24112896,0.05000000074505806
24117536,0.05000000074505806
24118816,0.05000000074505806
24121632,0.05000000074505806
24124000,0.05000000074505806
24124416,0.05000000074505806
24127264,0.05000000074505806
24128768,0.05000000074505806
24131072,0.05000000074505806
24139040,0.05000000074505806
24142208,0.05000000074505806
24146144,0.05000000074505806
24149312,0.05000000074505806
24149600,0.05000000074505806
24160000,0.05000000074505806
24168512,0.05000000074505806
24169600,0.05000000074505806
24170432,0.05000000074505806
24172640,0.05000000074505806
24176448,0.05000000074505806
24177792,0.05000000074505806
24182752,0.05000000074505806
24186016,0.05000000074505806
24186880,0.05000000074505806
24192768,0.05000000074505806
24200672,0.05000000074505806
24207424,0.05000000074505806
24209024,0.05000000074505806
24211616,0.05000000074505806
24215424,0.05000000074505806
24216160,0.05000000074505806
24216960,0.05000000074505806
24217792,0.05000000074505806
24218176,0.05000000074505806
24219808,0.05000000074505806
24231456,0.05000000074505806
24232160,0.05000000074505806
24232928,0.05000000074505806
24243936,0.05000000074505806
24250528,0.05000000074505806
24253984,0.05000000074505806
24254592,0.05000000074505806
24260064,0.05000000074505806
24262272,0.05000000074505806
24262688,0.05000000074505806
24263296,0.05000000074505806
24266624,0.05000000074505806
24275712,0.05000000074505806
24279232,0.05000000074505806
24296704,0.05000000074505806
24303296,0.05000000074505806
24306080,0.05000000074505806
24309728,0.05000000074505806
24312800,0.05000000074505806
24326496,0.05000000074505806
24327072,0.05000000074505806
24329376,0.05000000074505806
24332640,0.05000000074505806
24337760,0.05000000074505806
24342560,0.05000000074505806
24342624,0.05000000074505806
24342752,0.05000000074505806
24343680,0.05000000074505806
24347520,0.05000000074505806
24347680,0.05000000074505806
24348800,0.05000000074505806
24348992,0.05000000074505806
24351232,0.05000000074505806
24354272,0.05000000074505806
24362688,0.05000000074505806
24363968,0.05000000074505806
24376192,0.05000000074505806
24387040,0.05000000074505806
24392160,0.05000000074505806
24400416,0.05000000074505806
24404192,0.05000000074505806
24406528,0.05000000074505806
24407968,0.05000000074505806
24408320,0.05000000074505806
24410144,0.05000000074505806
24411520,0.05000000074505806
24412480,0.05000000074505806
24413824,0.05000000074505806
24414144,0.05000000074505806
24423840,0.05000000074505806
24424992,0.05000000074505806
24426048,0.05000000074505806
24440512,0.05000000074505806
24443328,0.05000000074505806
24445696,0.05000000074505806
24446784,0.05000000074505806
24461376,0.05000000074505806
24462816,0.05000000074505806
24471328,0.05000000074505806
24476192,0.05000000074505806
24476288,0.05000000074505806
24480576,0.05000000074505806
24482496,0.05000000074505806
24483424,0.05000000074505806
24484384,0.05000000074505806
24485088,0.05000000074505806
24487520,0.05000000074505806
24492736,0.05000000074505806
24493728,0.05000000074505806
24499232,0.05000000074505806
24506752,0.05000000074505806
24507424,0.05000000074505806
24507776,0.05000000074505806
24508320,0.05000000074505806
24508736,0.05000000074505806
24508960,0.05000000074505806
24511296,0.05000000074505806
24512032,0.05000000074505806
24512320,0.05000000074505806
24514336,0.05000000074505806
24524448,0.05000000074505806
24528704,0.05000000074505806
24531488,0.05000000074505806
24533280,0.05000000074505806
24533504,0.05000000074505806
24542400,0.05000000074505806
24543840,0.05000000074505806
24546752,0.05000000074505806
24548256,0.05000000074505806
24551488,0.05000000074505806
24554400,0.05000000074505806
24556800,0.05000000074505806
24568192,0.05000000074505806
24579616,0.05000000074505806
24579712,0.05000000074505806
24589472,0.05000000074505806
24606400,0.05000000074505806
24607104,0.05000000074505806
24612128,0.05000000074505806
24612640,0.05000000074505806
24614048,0.05000000074505806
24619456,0.05000000074505806
24619936,0.05000000074505806
24621344,0.05000000074505806
24624928,0.05000000074505806
24635808,0.05000000074505806
24637888,0.05000000074505806
24643296,0.05000000074505806
24650496,0.05000000074505806
24658240,0.05000000074505806
24660800,0.05000000074505806
24666208,0.05000000074505806
24667104,0.05000000074505806
24669664,0.05000000074505806
24672064,0.05000000074505806
24672864,0.05000000074505806
24684288,0.05000000074505806
24687328,0.05000000074505806
24688832,0.05000000074505806
24694848,0.05000000074505806
24695392,0.05000000074505806
24695456,0.05000000074505806
24699136,0.05000000074505806
24707552,0.05000000074505806
24710656,0.05000000074505806
24713472,0.05000000074505806
24723264,0.05000000074505806
24726528,0.05000000074505806
24729184,0.05000000074505806
24737664,0.05000000074505806
24738144,0.05000000074505806
24742368,0.05000000074505806
24745696,0.05000000074505806
24750944,0.05000000074505806
24764960,0.05000000074505806
24767424,0.05000000074505806
24772960,0.05000000074505806
24774656,0.05000000074505806
24776864,0.05000000074505806
24779296,0.05000000074505806
24786048,0.05000000074505806
24787552,0.05000000074505806
24793440,0.05000000074505806
24800352,0.05000000074505806
24804704,0.05000000074505806
24812064,0.05000000074505806
24812864,0.05000000074505806
24820096,0.05000000074505806
24821120,0.05000000074505806
24821888,0.05000000074505806
24845440,0.05000000074505806
24850784,0.05000000074505806
24856096,0.05000000074505806
24856512,0.05000000074505806
24860576,0.05000000074505806
24869440,0.05000000074505806
24869824,0.05000000074505806
24871776,0.05000000074505806
24874176,0.05000000074505806
24878912,0.05000000074505806
24883392,0.05000000074505806
24883456,0.05000000074505806
24885120,0.05000000074505806
24887872,0.05000000074505806
24889344,0.05000000074505806
24896992,0.05000000074505806
24899008,0.05000000074505806
24903648,0.05000000074505806
24904608,0.05000000074505806
24912064,0.05000000074505806
24913760,0.05000000074505806
24916384,0.05000000074505806
24917504,0.05000000074505806
24924992,0.05000000074505806
24925952,0.05000000074505806
24926432,0.05000000074505806
24926880,0.05000000074505806
24928352,0.05000000074505806
24929920,0.05000000074505806
24931072,0.05000000074505806
24935552,0.05000000074505806
24940544,0.05000000074505806
24945312,0.05000000074505806
24949696,0.05000000074505806
24953568,0.05000000074505806
24955712,0.05000000074505806
24956576,0.05000000074505806
24957056,0.05000000074505806
24959648,0.05000000074505806
24970656,0.05000000074505806
24973376,0.05000000074505806
24974816,0.05000000074505806
24975104,0.05000000074505806
24979424,0.05000000074505806
24990048,0.05000000074505806
24994048,0.05000000074505806
24997952,0.05000000074505806
24998112,0.05000000074505806
25000224,0.05000000074505806
25002944,0.05000000074505806
25003136,0.05000000074505806
25010912,0.05000000074505806
25019296,0.05000000074505806
25019904,0.05000000074505806
25021952,0.05000000074505806
25023264,0.05000000074505806
25023328,0.05000000074505806
25025824,0.05000000074505806
25031744,0.05000000074505806
25031872,0.05000000074505806
25034176,0.05000000074505806
25038176,0.05000000074505806
25040544,0.05000000074505806
25048352,0.05000000074505806
25051584,0.05000000074505806
25053056,0.05000000074505806
25053344,0.05000000074505806
25053440,0.05000000074505806
25055296,0.05000000074505806
25063264,0.05000000074505806
25064672,0.05000000074505806
25076576,0.05000000074505806
25077984,0.05000000074505806
25092160,0.05000000074505806
25093056,0.05000000074505806
25093984,0.05000000074505806
25095392,0.05000000074505806
25097184,0.05000000074505806
25104352,0.05000000074505806
25107840,0.05000000074505806
25110112,0.05000000074505806
25111968,0.05000000074505806
25114784,0.05000000074505806
25114976,0.05000000074505806
25119136,0.05000000074505806
25121024,0.05000000074505806
25125280,0.05000000074505806
25126368,0.05000000074505806
25126720,0.05000000074505806
25139296,0.05000000074505806
25142080,0.05000000074505806
25142656,0.05000000074505806
25152800,0.05000000074505806
25157728,0.05000000074505806
25160224,0.05000000074505806
25160896,0.05000000074505806
25165856,0.05000000074505806
25165888,0.05000000074505806
25169888,0.05000000074505806
25172640,0.05000000074505806
25180608,0.05000000074505806
25182336,0.05000000074505806
25182944,0.05000000074505806
25185984,0.05000000074505806
25186624,0.05000000074505806
25198112,0.05000000074505806
25200576,0.05000000074505806
25203136,0.05000000074505806
25206688,0.05000000074505806
25207264,0.05000000074505806
25208544,0.05000000074505806
25214112,0.05000000074505806
25215200,0.05000000074505806
25219200,0.05000000074505806
25237024,0.05000000074505806
25241600,0.05000000074505806
25243200,0.05000000074505806
25246400,0.05000000074505806
25247520,0.05000000074505806
25247712,0.05000000074505806
25253504,0.05000000074505806
25258912,0.05000000074505806
25266400,0.05000000074505806
25272256,0.05000000074505806
25275968,0.05000000074505806
25282624,0.05000000074505806
25289280,0.05000000074505806
25295424,0.05000000074505806
25298016,0.05000000074505806
25298816,0.05000000074505806
25298944,0.05000000074505806
25302240,0.05000000074505806
25303520,0.05000000074505806
25315840,0.05000000074505806
25326176,0.05000000074505806
25332640,0.05000000074505806
25334304,0.05000000074505806
25338752,0.05000000074505806
25347616,0.05000000074505806
25353888,0.05000000074505806
25354656,0.05000000074505806
25355840,0.05000000074505806
25357664,0.05000000074505806
25368960,0.05000000074505806
25372864,0.05000000074505806
25374016,0.05000000074505806
25375648,0.05000000074505806
25392768,0.05000000074505806
25393152,0.05000000074505806
25394688,0.05000000074505806
25395968,0.05000000074505806
25396256,0.05000000074505806
25401184,0.05000000074505806
25411648,0.05000000074505806
25412416,0.05000000074505806
25416576,0.05000000074505806
25428128,0.05000000074505806
25432960,0.05000000074505806
25436512,0.05000000074505806
25437664,0.05000000074505806
25443488,0.05000000074505806
25446208,0.05000000074505806
25452960,0.05000000074505806
25455488,0.05000000074505806
25455584,0.05000000074505806
25473856,0.05000000074505806
25484288,0.05000000074505806
25486304,0.05000000074505806
25491424,0.05000000074505806
25496032,0.05000000074505806
25496736,0.05000000074505806
25500512,0.05000000074505806
25501600,0.05000000074505806
25509600,0.05000000074505806
25511136,0.05000000074505806
25511904,0.05000000074505806
25515648,0.05000000074505806
25517120,0.05000000074505806
25517440,0.05000000074505806
25519648,0.05000000074505806
25525120,0.05000000074505806
25527808,0.05000000074505806
25537088,0.05000000074505806
25538400,0.05000000074505806
25562784,0.05000000074505806
25565056,0.05000000074505806
25581376,0.05000000074505806
25585696,0.05000000074505806
25586272,0.05000000074505806
25596064,0.05000000074505806
25604192,0.05000000074505806
25609984,0.05000000074505806
25626752,0.05000000074505806
25627744,0.05000000074505806
25632960,0.05000000074505806
25635904,0.05000000074505806
25636544,0.05000000074505806
25643776,0.05000000074505806
25647264,0.05000000074505806
25651488,0.05000000074505806
25653280,0.05000000074505806
25656960,0.05000000074505806
25660640,0.05000000074505806
25663616,0.05000000074505806
25665632,0.05000000074505806
25669664,0.05000000074505806
25671904,0.05000000074505806
25671968,0.05000000074505806
25676896,0.05000000074505806
25683776,0.05000000074505806
25690752,0.05000000074505806
25695040,0.05000000074505806
25709664,0.05000000074505806
25714144,0.05000000074505806
25715616,0.05000000074505806
25717600,0.05000000074505806
25733632,0.05000000074505806
25735968,0.05000000074505806
25736768,0.05000000074505806
25739104,0.05000000074505806
25739744,0.05000000074505806
25745920,0.05000000074505806
25746880,0.05000000074505806
25747840,0.05000000074505806
25747968,0.05000000074505806
25748128,0.05000000074505806
25756096,0.05000000074505806
25756736,0.05000000074505806
25762368,0.05000000074505806
25763072,0.05000000074505806
25764928,0.05000000074505806
25768896,0.05000000074505806
25770880,0.05000000074505806
25773088,0.05000000074505806
25788672,0.05000000074505806
25788800,0.05000000074505806
25789408,0.05000000074505806
25793248,0.05000000074505806
25795616,0.05000000074505806
25797920,0.05000000074505806
25798624,0.05000000074505806
25803680,0.05000000074505806
25812608,0.05000000074505806
25818528,0.05000000074505806
25826016,0.05000000074505806
25826560,0.05000000074505806
25837376,0.05000000074505806
25840128,0.05000000074505806
25841536,0.05000000074505806
25841696,0.05000000074505806
25848832,0.05000000074505806
25849376,0.05000000074505806
25852128,0.05000000074505806
25853504,0.05000000074505806
25856512,0.05000000074505806
25857344,0.05000000074505806
25859296,0.05000000074505806
25864896,0.05000000074505806
25865856,0.05000000074505806
25868928,0.05000000074505806
25869344,0.05000000074505806
25870048,0.05000000074505806
25871328,0.05000000074505806
25872960,0.05000000074505806
25875904,0.05000000074505806
25875936,0.05000000074505806
25876640,0.05000000074505806
25877920,0.05000000074505806
25880448,0.05000000074505806
25885408,0.05000000074505806
25885792,0.05000000074505806
25886016,0.05000000074505806
25891552,0.05000000074505806
25892576,0.05000000074505806
25893536,0.05000000074505806
25895424,0.05000000074505806
25904480,0.05000000074505806
25904576,0.05000000074505806
25909216,0.05000000074505806
25913728,0.05000000074505806
25921120,0.05000000074505806
25923520,0.05000000074505806
25923680,0.05000000074505806
25925504,0.05000000074505806
25926720,0.05000000074505806
25928352,0.05000000074505806
25930848,0.05000000074505806
25938496,0.05000000074505806
25942272,0.05000000074505806
25944800,0.05000000074505806
25944992,0.05000000074505806
25952192,0.05000000074505806
25953248,0.05000000074505806
25954560,0.05000000074505806
25960800,0.05000000074505806
25965600,0.05000000074505806
25968640,0.05000000074505806
25976544,0.05000000074505806
25989440,0.05000000074505806
25990048,0.05000000074505806
25991808,0.05000000074505806
26002144,0.05000000074505806
26008160,0.05000000074505806
26009024,0.05000000074505806
26015840,0.05000000074505806
26018944,0.05000000074505806
26025728,0.05000000074505806
26026304,0.05000000074505806
26027008,0.05000000074505806
26029600,0.05000000074505806
26043296,0.05000000074505806
26044288,0.05000000074505806
26047872,0.05000000074505806
26050912,0.05000000074505806
26050944,0.05000000074505806
26052960,0.05000000074505806
26054976,0.05000000074505806
26055648,0.05000000074505806
26056544,0.05000000074505806
26057504,0.05000000074505806
26061728,0.05000000074505806
26063520,0.05000000074505806
26070272,0.05000000074505806
26071712,0.05000000074505806
26081216,0.05000000074505806
26083744,0.05000000074505806
26084000,0.05000000074505806
26084448,0.05000000074505806
26084800,0.05000000074505806
26084896,0.05000000074505806
26084960,0.05000000074505806
26092096,0.05000000074505806
26093696,0.05000000074505806
26095744,0.05000000074505806
26096576,0.05000000074505806
26103168,0.05000000074505806
26103872,0.05000000074505806
26117248,0.05000000074505806
26117728,0.05000000074505806
26124000,0.05000000074505806
26125888,0.05000000074505806
26128512,0.05000000074505806
26131232,0.05000000074505806
26137536,0.05000000074505806
26138336,0.05000000074505806
26140704,0.05000000074505806
26141024,0.05000000074505806
26164064,0.05000000074505806
26170368,0.05000000074505806
26171936,0.05000000074505806
26176128,0.05000000074505806
26176960,0.05000000074505806
26177792,0.05000000074505806
26182016,0.05000000074505806
26182784,0.05000000074505806
26183264,0.05000000074505806
26186080,0.05000000074505806
26187904,0.05000000074505806
26189792,0.05000000074505806
26193952,0.05000000074505806
26197824,0.05000000074505806
26201824,0.05000000074505806
26209408,0.05000000074505806
26209760,0.05000000074505806
26214656,0.05000000074505806
26217792,0.05000000074505806
26219808,0.05000000074505806
26225920,0.05000000074505806
26228576,0.05000000074505806
26233440,0.05000000074505806
26239104,0.05000000074505806
26240192,0.05000000074505806
26261312,0.05000000074505806
26261984,0.05000000074505806
26268736,0.05000000074505806
26274304,0.05000000074505806
26278304,0.05000000074505806
26280704,0.05000000074505806
26282816,0.05000000074505806
26285184,0.05000000074505806
26295392,0.05000000074505806
26297664,0.05000000074505806
26301856,0.05000000074505806
26302656,0.05000000074505806
26305952,0.05000000074505806
26306528,0.05000000074505806
26311040,0.05000000074505806
26312768,0.05000000074505806
26315808,0.05000000074505806
26319456,0.05000000074505806
26322656,0.05000000074505806
26324448,0.05000000074505806
26325120,0.05000000074505806
26326336,0.05000000074505806
26328704,0.05000000074505806
26340160,0.05000000074505806
26342304,0.05000000074505806
26343232,0.05000000074505806
26344704,0.05000000074505806
26349632,0.05000000074505806
26352096,0.05000000074505806
26352896,0.05000000074505806
26353664,0.05000000074505806
26354784,0.05000000074505806
26359104,0.05000000074505806
26363776,0.05000000074505806
26364160,0.05000000074505806
26375776,0.05000000074505806
26377792,0.05000000074505806
26378592,0.05000000074505806
26378688,0.05000000074505806
26380064,0.05000000074505806
26382272,0.05000000074505806
26394816,0.05000000074505806
26402368,0.05000000074505806
26412800,0.05000000074505806
26413504,0.05000000074505806
26415040,0.05000000074505806
26415840,0.05000000074505806
26418816,0.05000000074505806
26425728,0.05000000074505806
26429184,0.05000000074505806
26430176,0.05000000074505806
26434496,0.05000000074505806
26443264,0.05000000074505806
26446176,0.05000000074505806
26446720,0.05000000074505806
26447104,0.05000000074505806
26454816,0.05000000074505806
26474656,0.05000000074505806
26480640,0.05000000074505806
26480864,0.05000000074505806
26481600,0.05000000074505806
26482048,0.05000000074505806
26483136,0.05000000074505806
26485408,0.05000000074505806
26487616,0.05000000074505806
26492224,0.05000000074505806
26497216,0.05000000074505806
26504000,0.05000000074505806
26512704,0.05000000074505806
26514944,0.05000000074505806
26520832,0.05000000074505806
26522048,0.05000000074505806
26523296,0.05000000074505806
26528768,0.05000000074505806
26542720,0.05000000074505806
26552576,0.05000000074505806
26552608,0.05000000074505806
26556608,0.05000000074505806
26557024,0.05000000074505806
26557184,0.05000000074505806
26559424,0.05000000074505806
26561120,0.05000000074505806
26562016,0.05000000074505806
26563680,0.05000000074505806
26565408,0.05000000074505806
26565568,0.05000000074505806
26568320,0.05000000074505806
26574208,0.05000000074505806
26575232,0.05000000074505806
26585760,0.05000000074505806
26594240,0.05000000074505806
26598752,0.05000000074505806
26600192,0.05000000074505806
26608672,0.05000000074505806
26608768,0.05000000074505806
26610208,0.05000000074505806
26620256,0.05000000074505806
26622528,0.05000000074505806
26627584,0.05000000074505806
26633376,0.05000000074505806
26635072,0.05000000074505806
26644512,0.05000000074505806
26644672,0.05000000074505806
26646912,0.05000000074505806
26647776,0.05000000074505806
26652640,0.05000000074505806
26653824,0.05000000074505806
26659968,0.05000000074505806
26660864,0.05000000074505806
26666400,0.05000000074505806
26671328,0.05000000074505806
26679552,0.05000000074505806
26683296,0.05000000074505806
26690848,0.05000000074505806
26693280,0.05000000074505806
26702848,0.05000000074505806
26705120,0.05000000074505806
26712832,0.05000000074505806
26714848,0.05000000074505806
26717440,0.05000000074505806
26721568,0.05000000074505806
26721792,0.05000000074505806
26724320,0.05000000074505806
26727360,0.05000000074505806
26729440,0.05000000074505806
26732160,0.05000000074505806
26735488,0.05000000074505806
26742432,0.05000000074505806
26742624,0.05000000074505806
26744352,0.05000000074505806
26755872,0.05000000074505806
26756576,0.05000000074505806
26758976,0.05000000074505806
26763232,0.05000000074505806
26775136,0.05000000074505806
26777632,0.05000000074505806
26781728,0.05000000074505806
26782912,0.05000000074505806
26790976,0.05000000074505806
26794880,0.05000000074505806
26795392,0.05000000074505806
26796032,0.05000000074505806
26802144,0.05000000074505806
26806688,0.05000000074505806
26812320,0.05000000074505806
26813664,0.05000000074505806
26816032,0.05000000074505806
26817792,0.05000000074505806
26821536,0.05000000074505806
26822112,0.05000000074505806
26825120,0.05000000074505806
26826240,0.05000000074505806
26830816,0.05000000074505806
26839936,0.05000000074505806
26841856,0.05000000074505806
26842144,0.05000000074505806
26846944,0.05000000074505806
26847328,0.05000000074505806
26851264,0.05000000074505806
26853216,0.05000000074505806
26856672,0.05000000074505806
26856896,0.05000000074505806
26860352,0.05000000074505806
26865056,0.05000000074505806
26866112,0.05000000074505806
26867840,0.05000000074505806
26869120,0.05000000074505806
26870528,0.05000000074505806
26877152,0.05000000074505806
26880160,0.05000000074505806
26881504,0.05000000074505806
26886656,0.05000000074505806
26887456,0.05000000074505806
26891296,0.05000000074505806
26895424,0.05000000074505806
26895904,0.05000000074505806
26898080,0.05000000074505806
26898656,0.05000000074505806
26901984,0.05000000074505806
26909152,0.05000000074505806
26909312,0.05000000074505806
26911936,0.05000000074505806
26912128,0.05000000074505806
26912768,0.05000000074505806
26916000,0.05000000074505806
26916448,0.05000000074505806
26920032,0.05000000074505806
26921440,0.05000000074505806
26923520,0.05000000074505806
26932352,0.05000000074505806
26937216,0.05000000074505806
26939840,0.05000000074505806
26939936,0.05000000074505806
26942144,0.05000000074505806
26951616,0.05000000074505806
26962176,0.05000000074505806
26965120,0.05000000074505806
26973536,0.05000000074505806
26974880,0.05000000074505806
26976000,0.05000000074505806
26979520,0.05000000074505806
26979712,0.05000000074505806
26983872,0.05000000074505806
26984160,0.05000000074505806
26984512,0.05000000074505806
26990400,0.05000000074505806
26993344,0.05000000074505806
26995424,0.05000000074505806
26997696,0.05000000074505806
27006432,0.05000000074505806
27006720,0.05000000074505806
27011776,0.05000000074505806
27012064,0.05000000074505806
27012992,0.05000000074505806
27019712,0.05000000074505806
27024288,0.05000000074505806
27024992,0.05000000074505806
27025952,0.05000000074505806
27030464,0.05000000074505806
27042848,0.05000000074505806
27051936,0.05000000074505806
27057120,0.05000000074505806
27061536,0.05000000074505806
27061760,0.05000000074505806
27063456,0.05000000074505806
27071680,0.05000000074505806
27072928,0.05000000074505806
27102720,0.05000000074505806
27103904,0.05000000074505806
27104000,0.05000000074505806
27109568,0.05000000074505806
27110976,0.05000000074505806
27112928,0.05000000074505806
27115936,0.05000000074505806
27118560,0.05000000074505806
27120448,0.05000000074505806
27120800,0.05000000074505806
27123104,0.05000000074505806
27126496,0.05000000074505806
27127168,0.05000000074505806
27128992,0.05000000074505806
27129312,0.05000000074505806
27131040,0.05000000074505806
27131392,0.05000000074505806
27135200,0.05000000074505806
27135680,0.05000000074505806
27137728,0.05000000074505806
27140352,0.05000000074505806
27145600,0.05000000074505806
27149120,0.05000000074505806
27153408,0.05000000074505806
27167296,0.05000000074505806
27175936,0.05000000074505806
27179360,0.05000000074505806
27187616,0.05000000074505806
27194944,0.05000000074505806
27201344,0.05000000074505806
27206592,0.05000000074505806
27208160,0.05000000074505806
27209920,0.05000000074505806
27211616,0.05000000074505806
27216928,0.05000000074505806
27227552,0.05000000074505806
27230848,0.05000000074505806
27235520,0.05000000074505806
27240640,0.05000000074505806
27240960,0.05000000074505806
27244448,0.05000000074505806
27252192,0.05000000074505806
27253600,0.05000000074505806
27260992,0.05000000074505806
27263168,0.05000000074505806
27266464,0.05000000074505806
27266848,0.05000000074505806
27270464,0.05000000074505806
27273984,0.05000000074505806
27277632,0.05000000074505806
27280096,0.05000000074505806
27284096,0.05000000074505806
27290016,0.05000000074505806
27291520,0.05000000074505806
27293760,0.05000000074505806
27294688,0.05000000074505806
27296320,0.05000000074505806
27299104,0.05000000074505806
27302432,0.05000000074505806
27304480,0.05000000074505806
27306624,0.05000000074505806
27322304,0.05000000074505806
27322816,0.05000000074505806
27323296,0.05000000074505806
27323712,0.05000000074505806
27328096,0.05000000074505806
27329088,0.05000000074505806
27331808,0.05000000074505806
27333696,0.05000000074505806
27342880,0.05000000074505806
27349824,0.05000000074505806
27350848,0.05000000074505806
27353440,0.05000000074505806
27357408,0.05000000074505806
27365376,0.05000000074505806
27370176,0.05000000074505806
27379680,0.05000000074505806
27387232,0.05000000074505806
27389376,0.05000000074505806
27391584,0.05000000074505806
27393504,0.05000000074505806
27401376,0.05000000074505806
27402592,0.05000000074505806
27410016,0.05000000074505806
27413984,0.05000000074505806
27420448,0.05000000074505806
27421088,0.05000000074505806
27421664,0.05000000074505806
27425728,0.05000000074505806
27428704,0.05000000074505806
27432928,0.05000000074505806
27435680,0.05000000074505806
27445504,0.05000000074505806
27448960,0.05000000074505806
27451008,0.05000000074505806
27451328,0.05000000074505806
27452128,0.05000000074505806
27452480,0.05000000074505806
27453856,0.05000000074505806
27453920,0.05000000074505806
27455584,0.05000000074505806
27461408,0.05000000074505806
27464288,0.05000000074505806
27478080,0.05000000074505806
27480608,0.05000000074505806
27484896,0.05000000074505806
27489632,0.05000000074505806
27496832,0.05000000074505806
27498240,0.05000000074505806
27504032,0.05000000074505806
27513760,0.05000000074505806
27514176,0.05000000074505806
27517632,0.05000000074505806
27519136,0.05000000074505806
27528064,0.05000000074505806
27531488,0.05000000074505806
27534912,0.05000000074505806
27537728,0.05000000074505806
27540384,0.05000000074505806
27542784,0.05000000074505806
27550560,0.05000000074505806
27552096,0.05000000074505806
27552480,0.05000000074505806
27553120,0.05000000074505806
27566784,0.05000000074505806
27570784,0.05000000074505806
27573728,0.05000000074505806
27576224,0.05000000074505806
27579616,0.05000000074505806
27588928,0.05000000074505806
27589536,0.05000000074505806
27589824,0.05000000074505806
27593216,0.05000000074505806
27608480,0.05000000074505806
27611776,0.05000000074505806
27616288,0.05000000074505806
27617920,0.05000000074505806
27621824,0.05000000074505806
27623776,0.05000000074505806
27624384,0.05000000074505806
27628288,0.05000000074505806
27632608,0.05000000074505806
27633696,0.05000000074505806
27634144,0.05000000074505806
27634240,0.05000000074505806
27635008,0.05000000074505806
27639808,0.05000000074505806
27640352,0.05000000074505806
27647232,0.05000000074505806
27652544,0.05000000074505806
27653248,0.05000000074505806
27653344,0.05000000074505806
27656096,0.05000000074505806
27661536,0.05000000074505806
27661760,0.05000000074505806
27666208,0.05000000074505806
27671296,0.05000000074505806
27673120,0.05000000074505806
27679712,0.05000000074505806
27683744,0.05000000074505806
27687776,0.05000000074505806
27710720,0.05000000074505806
27711552,0.05000000074505806
27713632,0.05000000074505806
27717280,0.05000000074505806
27723904,0.05000000074505806
27728128,0.05000000074505806
27735424,0.05000000074505806
27736864,0.05000000074505806
27746432,0.05000000074505806
27751424,0.05000000074505806
27762080,0.05000000074505806
27762400,0.05000000074505806
27764576,0.05000000074505806
27764992,0.05000000074505806
27766048,0.05000000074505806
27774720,0.05000000074505806
27777088,0.05000000074505806
27777568,0.05000000074505806
27790272,0.05000000074505806
27792736,0.05000000074505806
27798464,0.05000000074505806
27804192,0.05000000074505806
27813920,0.05000000074505806
27819968,0.05000000074505806
27822144,0.05000000074505806
27826528,0.05000000074505806
27827648,0.05000000074505806
27830720,0.05000000074505806
27832768,0.05000000074505806
27840256,0.05000000074505806
27847488,0.05000000074505806
27847808,0.05000000074505806
27850240,0.05000000074505806
27852608,0.05000000074505806
27854624,0.05000000074505806
27856000,0.05000000074505806
27858112,0.05000000074505806
27861632,0.05000000074505806
27863264,0.05000000074505806
27866048,0.05000000074505806
27870304,0.05000000074505806
27874400,0.05000000074505806
27875904,0.05000000074505806
27880448,0.05000000074505806
27884896,0.05000000074505806
27889312,0.05000000074505806
27891520,0.05000000074505806
27893216,0.05000000074505806
27897632,0.05000000074505806
27903040,0.05000000074505806
27909856,0.05000000074505806
27911872,0.05000000074505806
27913856,0.05000000074505806
27916544,0.05000000074505806
27916896,0.05000000074505806
27919104,0.05000000074505806
27925760,0.05000000074505806
27926976,0.05000000074505806
27928896,0.05000000074505806
27942176,0.05000000074505806
27942784,0.05000000074505806
27948192,0.05000000074505806
27949312,0.05000000074505806
27952736,0.05000000074505806
27957440,0.05000000074505806
27960288,0.05000000074505806
27963136,0.05000000074505806
27965760,0.05000000074505806
27965888,0.05000000074505806
27965952,0.05000000074505806
27966176,0.05000000074505806
27971872,0.05000000074505806
27975584,0.05000000074505806
27979808,0.05000000074505806
27980320,0.05000000074505806
27980512,0.05000000074505806
27980864,0.05000000074505806
27982848,0.05000000074505806
27984416,0.05000000074505806
27991680,0.05000000074505806
27993120,0.05000000074505806
27995232,0.05000000074505806
28001216,0.05000000074505806
28005344,0.05000000074505806
28017120,0.05000000074505806
28017792,0.05000000074505806
28019936,0.05000000074505806
28024160,0.05000000074505806
28032416,0.05000000074505806
28045504,0.05000000074505806
28054208,0.05000000074505806
28054752,0.05000000074505806
28055776,0.05000000074505806
28074560,0.05000000074505806
28074592,0.05000000074505806
28074656,0.05000000074505806
28076992,0.05000000074505806
28079616,0.05000000074505806
28086912,0.05000000074505806
28088992,0.05000000074505806
28100768,0.05000000074505806
28101568,0.05000000074505806
28102144,0.05000000074505806
28106912,0.05000000074505806
28112896,0.05000000074505806
28116480,0.05000000074505806
28120416,0.05000000074505806
28124576,0.05000000074505806
28125184,0.05000000074505806
28127872,0.05000000074505806
28131648,0.05000000074505806
28138528,0.05000000074505806
28139328,0.05000000074505806
28146848,0.05000000074505806
28152128,0.05000000074505806
28156960,0.05000000074505806
28157760,0.05000000074505806
28161152,0.05000000074505806
28167872,0.05000000074505806
28174496,0.05000000074505806
28175040,0.05000000074505806
28179008,0.05000000074505806
28185664,0.05000000074505806
28186080,0.05000000074505806
28186400,0.05000000074505806
28188608,0.05000000074505806
28189760,0.05000000074505806
28190336,0.05000000074505806
28194240,0.05000000074505806
28196448,0.05000000074505806
28200576,0.05000000074505806
28201504,0.05000000074505806
28205920,0.05000000074505806
28207328,0.05000000074505806
28213600,0.05000000074505806
28213632,0.05000000074505806
28222912,0.05000000074505806
28223136,0.05000000074505806
28223456,0.05000000074505806
28224640,0.05000000074505806
28225312,0.05000000074505806
28239424,0.05000000074505806
28241792,0.05000000074505806
28242112,0.05000000074505806
28246144,0.05000000074505806
28247136,0.05000000074505806
28247200,0.05000000074505806
28248096,0.05000000074505806
28248128,0.05000000074505806
28250496,0.05000000074505806
28253824,0.05000000074505806
28256032,0.05000000074505806
28260864,0.05000000074505806
28261568,0.05000000074505806
28262528,0.05000000074505806
28270080,0.05000000074505806
28274688,0.05000000074505806
28274816,0.05000000074505806
28277728,0.05000000074505806
28290080,0.05000000074505806
28299040,0.05000000074505806
28308928,0.05000000074505806
28311008,0.05000000074505806
28311872,0.05000000074505806
28313728,0.05000000074505806
28318048,0.05000000074505806
28319296,0.05000000074505806
28320576,0.05000000074505806
28322688,0.05000000074505806
28324384,0.05000000074505806
28328128,0.05000000074505806
28328832,0.05000000074505806
28335296,0.05000000074505806
28336672,0.05000000074505806
28338592,0.05000000074505806
28339200,0.05000000074505806
28341120,0.05000000074505806
28345184,0.05000000074505806
28350368,0.05000000074505806
28352288,0.05000000074505806
28362464,0.05000000074505806
28377952,0.05000000074505806
28378560,0.05000000074505806
28380768,0.05000000074505806
28383968,0.05000000074505806
28386016,0.05000000074505806
28389024,0.05000000074505806
28399488,0.05000000074505806
28399904,0.05000000074505806
28402496,0.05000000074505806
28403616,0.05000000074505806
28404320,0.05000000074505806
28415072,0.05000000074505806
28421280,0.05000000074505806
28427584,0.05000000074505806
28429536,0.05000000074505806
28430656,0.05000000074505806
28433056,0.05000000074505806
28444032,0.05000000074505806
28445728,0.05000000074505806
28454208,0.05000000074505806
28455264,0.05000000074505806
28456192,0.05000000074505806
28456992,0.05000000074505806
28457120,0.05000000074505806
28460032,0.05000000074505806
28461984,0.05000000074505806
28463296,0.05000000074505806
28473504,0.05000000074505806
28473984,0.05000000074505806
28475744,0.05000000074505806
28482560,0.05000000074505806
28483968,0.05000000074505806
28484352,0.05000000074505806
28486112,0.05000000074505806
28488640,0.05000000074505806
28488736,0.05000000074505806
28493056,0.05000000074505806
28495744,0.05000000074505806
28499936,0.05000000074505806
28503168,0.05000000074505806
28505312,0.05000000074505806
28505344,0.05000000074505806
28515232,0.05000000074505806
28519328,0.05000000074505806
28524896,0.05000000074505806
28536320,0.05000000074505806
28537504,0.05000000074505806
28540960,0.05000000074505806
28542144,0.05000000074505806
28545408,0.05000000074505806
28549664,0.05000000074505806
28554944,0.05000000074505806
28555616,0.05000000074505806
28557664,0.05000000074505806
28559840,0.05000000074505806
28572320,0.05000000074505806
28574560,0.05000000074505806
28575968,0.05000000074505806
28579392,0.05000000074505806
28581152,0.05000000074505806
28581312,0.05000000074505806
28581888,0.05000000074505806
28592192,0.05000000074505806
28592224,0.05000000074505806
28595328,0.05000000074505806
28595680,0.05000000074505806
28597056,0.05000000074505806
28601664,0.05000000074505806
28604160,0.05000000074505806
28606432,0.05000000074505806
28612992,0.05000000074505806
28614944,0.05000000074505806
28623584,0.05000000074505806
28624128,0.05000000074505806
28624192,0.05000000074505806
28632928,0.05000000074505806
28634080,0.05000000074505806
28642784,0.05000000074505806
28642848,0.05000000074505806
28645536,0.05000000074505806
28651296,0.05000000074505806
28657568,0.05000000074505806
28663936,0.05000000074505806
28666720,0.05000000074505806
28672064,0.05000000074505806
28679936,0.05000000074505806
28685056,0.05000000074505806
28688960,0.05000000074505806
28690464,0.05000000074505806
28691008,0.05000000074505806
28693376,0.05000000074505806
28693792,0.05000000074505806
28697824,0.05000000074505806
28700992,0.05000000074505806
28701152,0.05000000074505806
28702944,0.05000000074505806
28712480,0.05000000074505806
28712768,0.05000000074505806
28713216,0.05000000074505806
28714464,0.05000000074505806
28716832,0.05000000074505806
28717888,0.05000000074505806
28722496,0.05000000074505806
28725664,0.05000000074505806
28730336,0.05000000074505806
28737408,0.05000000074505806
28738432,0.05000000074505806
28744768,0.05000000074505806
28746816,0.05000000074505806
28753824,0.05000000074505806
28755552,0.05000000074505806
28755872,0.05000000074505806
28757056,0.05000000074505806
28762048,0.05000000074505806
28768448,0.05000000074505806
28778688,0.05000000074505806
28785152,0.05000000074505806
28792064,0.05000000074505806
28793984,0.05000000074505806
28800864,0.05000000074505806
28806848,0.05000000074505806
28809600,0.05000000074505806
28813248,0.05000000074505806
28818176,0.05000000074505806
28822016,0.05000000074505806
28825344,0.05000000074505806
28828832,0.05000000074505806
28829344,0.05000000074505806
28830272,0.05000000074505806
28831168,0.05000000074505806
28838048,0.05000000074505806
28838944,0.05000000074505806
28849120,0.05000000074505806
28859904,0.05000000074505806
28861184,0.05000000074505806
28865760,0.05000000074505806
28866336,0.05000000074505806
28869120,0.05000000074505806
28871680,0.05000000074505806
28873760,0.05000000074505806
28877632,0.05000000074505806
28881376,0.05000000074505806
28888736,0.05000000074505806
28896608,0.05000000074505806
28896864,0.05000000074505806
28897376,0.05000000074505806
28912896,0.05000000074505806
28915712,0.05000000074505806
28917120,0.05000000074505806
28918272,0.05000000074505806
28918880,0.05000000074505806
28919616,0.05000000074505806
28923872,0.05000000074505806
28924224,0.05000000074505806
28928032,0.05000000074505806
28931168,0.05000000074505806
28931584,0.05000000074505806
28937408,0.05000000074505806
28938752,0.05000000074505806
28941312,0.05000000074505806
28952608,0.05000000074505806
28955392,0.05000000074505806
28956448,0.05000000074505806
28957120,0.05000000074505806
28959104,0.05000000074505806
28962144,0.05000000074505806
28962752,0.05000000074505806
28969664,0.05000000074505806
28969728,0.05000000074505806
28970016,0.05000000074505806
28972832,0.05000000074505806
28973760,0.05000000074505806
28974304,0.05000000074505806
28974816,0.05000000074505806
28975488,0.05000000074505806
28978464,0.05000000074505806
28982944,0.05000000074505806
28990112,0.05000000074505806
28990368,0.05000000074505806
28991104,0.05000000074505806
29004032,0.05000000074505806
29008192,0.05000000074505806
29011200,0.05000000074505806
29012192,0.05000000074505806
29015488,0.05000000074505806
29016064,0.05000000074505806
29020896,0.05000000074505806
29025184,0.05000000074505806
29031616,0.05000000074505806
29040064,0.05000000074505806
29050976,0.05000000074505806
29052320,0.05000000074505806
29055168,0.05000000074505806
29058304,0.05000000074505806
29061344,0.05000000074505806
29071680,0.05000000074505806
29077280,0.05000000074505806
29079488,0.05000000074505806
29082304,0.05000000074505806
29086528,0.05000000074505806
29088512,0.05000000074505806
29092640,0.05000000074505806
29097184,0.05000000074505806
29105056,0.05000000074505806
29107488,0.05000000074505806
29109312,0.05000000074505806
29113984,0.05000000074505806
29114944,0.05000000074505806
29115296,0.05000000074505806
29123200,0.05000000074505806
29124960,0.05000000074505806
29128448,0.05000000074505806
29130720,0.05000000074505806
29131264,0.05000000074505806
29132096,0.05000000074505806
29146496,0.05000000074505806
29149120,0.05000000074505806
29149728,0.05000000074505806
29164544,0.05000000074505806
29167232,0.05000000074505806
29167680,0.05000000074505806
29167744,0.05000000074505806
29168672,0.05000000074505806
29173600,0.05000000074505806
29183296,0.05000000074505806
29186816,0.05000000074505806
29191488,0.05000000074505806
29205856,0.05000000074505806
29208224,0.05000000074505806
29210464,0.05000000074505806
29216352,0.05000000074505806
29218784,0.05000000074505806
29223648,0.05000000074505806
29224384,0.05000000074505806
29227008,0.05000000074505806
29229376,0.05000000074505806
29237472,0.05000000074505806
29240928,0.05000000074505806
29247552,0.05000000074505806
29249408,0.05000000074505806
29250016,0.05000000074505806
29258400,0.05000000074505806
29266976,0.05000000074505806
29268864,0.05000000074505806
29271456,0.05000000074505806
29273056,0.05000000074505806
29276032,0.05000000074505806
29276608,0.05000000074505806
29279456,0.05000000074505806
29279552,0.05000000074505806
29280128,0.05000000074505806
29287968,0.05000000074505806
29295200,0.05000000074505806
29299904,0.05000000074505806
29301856,0.05000000074505806
29307616,0.05000000074505806
29312576,0.05000000074505806
29314976,0.05000000074505806
29321216,0.05000000074505806
29323584,0.05000000074505806
29324960,0.05000000074505806
29326528,0.05000000074505806
29328768,0.05000000074505806
29332512,0.05000000074505806
29333440,0.05000000074505806
29333856,0.05000000074505806
29334848,0.05000000074505806
29337152,0.05000000074505806
29342816,0.05000000074505806
29343744,0.05000000074505806
29346592,0.05000000074505806
29352160,0.05000000074505806
29356352,0.05000000074505806
29357120,0.05000000074505806
29357216,0.05000000074505806
29359168,0.05000000074505806
29363296,0.05000000074505806
29369920,0.05000000074505806
29376288,0.05000000074505806
29377376,0.05000000074505806
29377568,0.05000000074505806
29380704,0.05000000074505806
29385088,0.05000000074505806
29386496,0.05000000074505806
29388096,0.05000000074505806
29392064,0.05000000074505806
29399168,0.05000000074505806
29405984,0.05000000074505806
29410272,0.05000000074505806
29423808,0.05000000074505806
29424800,0.05000000074505806
29425408,0.05000000074505806
29431776,0.05000000074505806
29431840,0.05000000074505806
29436864,0.05000000074505806
29437280,0.05000000074505806
29439776,0.05000000074505806
29442400,0.05000000074505806
29443072,0.05000000074505806
29443872,0.05000000074505806
29446528,0.05000000074505806
29449568,0.05000000074505806
29449888,0.05000000074505806
29452288,0.05000000074505806
29454400,0.05000000074505806
29455968,0.05000000074505806
29460448,0.05000000074505806
29462848,0.05000000074505806
29468736,0.05000000074505806
29478496,0.05000000074505806
29479808,0.05000000074505806
29485152,0.05000000074505806
29487680,0.05000000074505806
29495616,0.05000000074505806
29496768,0.05000000074505806
29498720,0.05000000074505806
29510528,0.05000000074505806
29517952,0.05000000074505806
29518720,0.05000000074505806
29519872,0.05000000074505806
29522592,0.05000000074505806
29523936,0.05000000074505806
29524384,0.05000000074505806
29527776,0.05000000074505806
29532544,0.05000000074505806
29533504,0.05000000074505806
29533568,0.05000000074505806
29540288,0.05000000074505806
29547008,0.05000000074505806
29555936,0.05000000074505806
29557568,0.05000000074505806
29560704,0.05000000074505806
29561824,0.05000000074505806
29565120,0.05000000074505806
29566272,0.05000000074505806
29567648,0.05000000074505806
29576640,0.05000000074505806
29576672,0.05000000074505806
29588896,0.05000000074505806
29596128,0.05000000074505806
29597216,0.05000000074505806
29601856,0.05000000074505806
29602432,0.05000000074505806
29606720,0.05000000074505806
29611488,0.05000000074505806
29614176,0.05000000074505806
29616512,0.05000000074505806
29617728,0.05000000074505806
29621728,0.05000000074505806
29623680,0.05000000074505806
29626336,0.05000000074505806
29627648,0.05000000074505806
29629184,0.05000000074505806
29631328,0.05000000074505806
29633568,0.05000000074505806
29634080,0.05000000074505806
29644960,0.05000000074505806
29650496,0.05000000074505806
29652128,0.05000000074505806
29653568,0.05000000074505806
29658208,0.05000000074505806
29658304,0.05000000074505806
29661728,0.05000000074505806
29666528,0.05000000074505806
29667072,0.05000000074505806
29671040,0.05000000074505806
29672096,0.05000000074505806
29672128,0.05000000074505806
29674176,0.05000000074505806
29678112,0.05000000074505806
29679520,0.05000000074505806
29681024,0.05000000074505806
29684064,0.05000000074505806
29685504,0.05000000074505806
29692832,0.05000000074505806
29693728,0.05000000074505806
29696480,0.05000000074505806
29697472,0.05000000074505806
29700384,0.05000000074505806
29700480,0.05000000074505806
29707392,0.05000000074505806
29711840,0.05000000074505806
29715200,0.05000000074505806
29717248,0.05000000074505806
29718048,0.05000000074505806
29718528,0.05000000074505806
29725024,0.05000000074505806
29735520,0.05000000074505806
29736416,0.05000000074505806
29739872,0.05000000074505806
29742560,0.05000000074505806
29743584,0.05000000074505806
29746144,0.05000000074505806
29747392,0.05000000074505806
29750656,0.05000000074505806
29760864,0.05000000074505806
29765280,0.05000000074505806
29766528,0.05000000074505806
29766976,0.05000000074505806
29770528,0.05000000074505806
29772320,0.05000000074505806
29773792,0.05000000074505806
29778144,0.05000000074505806
29779360,0.05000000074505806
29782848,0.05000000074505806
29786368,0.05000000074505806
29789760,0.05000000074505806
29798016,0.05000000074505806
29798688,0.05000000074505806
29803872,0.05000000074505806
29806432,0.05000000074505806
29809568,0.05000000074505806
29815360,0.05000000074505806
29822912,0.05000000074505806
29834080,0.05000000074505806
29837312,0.05000000074505806
29843744,0.05000000074505806
29851136,0.05000000074505806
29858560,0.05000000074505806
29860832,0.05000000074505806
29865280,0.05000000074505806
29871328,0.05000000074505806
29872832,0.05000000074505806
29882656,0.05000000074505806
29886656,0.05000000074505806
29889376,0.05000000074505806
29889696,0.05000000074505806
29891360,0.05000000074505806
29895136,0.05000000074505806
29898176,0.05000000074505806
29898592,0.05000000074505806
29898656,0.05000000074505806
29904128,0.05000000074505806
29907008,0.05000000074505806
29909088,0.05000000074505806
29914400,0.05000000074505806
29917152,0.05000000074505806
29923680,0.05000000074505806
29923872,0.05000000074505806
29925024,0.05000000074505806
29931008,0.05000000074505806
29931040,0.05000000074505806
29932256,0.05000000074505806
29933632,0.05000000074505806
29935296,0.05000000074505806
29936032,0.05000000074505806
29936960,0.05000000074505806
29938528,0.05000000074505806
29938912,0.05000000074505806
29941600,0.05000000074505806
29945184,0.05000000074505806
29957760,0.05000000074505806
29957856,0.05000000074505806
29960800,0.05000000074505806
29962560,0.05000000074505806
29962688,0.05000000074505806
29963296,0.05000000074505806
29966144,0.05000000074505806
29972960,0.05000000074505806
29975264,0.05000000074505806
29978336,0.05000000074505806
29985312,0.05000000074505806
29985440,0.05000000074505806
29987104,0.05000000074505806
29990368,0.05000000074505806
29996032,0.05000000074505806
29998400,0.05000000074505806
29999392,0.05000000074505806
30003520,0.05000000074505806
30026752,0.05000000074505806
30033216,0.05000000074505806
30036640,0.05000000074505806
30040192,0.05000000074505806
30040896,0.05000000074505806
30048064,0.05000000074505806
30048864,0.05000000074505806
30050432,0.05000000074505806
30050752,0.05000000074505806
30055840,0.05000000074505806
30058016,0.05000000074505806
30061760,0.05000000074505806
30064288,0.05000000074505806
30070336,0.05000000074505806
30071232,0.05000000074505806
30073280,0.05000000074505806
30083616,0.05000000074505806
30083680,0.05000000074505806
30091520,0.05000000074505806
30111008,0.05000000074505806
30111584,0.05000000074505806
30113600,0.05000000074505806
30115328,0.05000000074505806
30116672,0.05000000074505806
30117536,0.05000000074505806
30118400,0.05000000074505806
30123520,0.05000000074505806
30126112,0.05000000074505806
30126816,0.05000000074505806
30132928,0.05000000074505806
30133888,0.05000000074505806
30136480,0.05000000074505806
30154784,0.05000000074505806
30159744,0.05000000074505806
30160960,0.05000000074505806
30163008,0.05000000074505806
30177984,0.05000000074505806
30178304,0.05000000074505806
30179360,0.05000000074505806
30182720,0.05000000074505806
30194080,0.05000000074505806
30194944,0.05000000074505806
30199488,0.05000000074505806
30205856,0.05000000074505806
30212576,0.05000000074505806
30214528,0.05000000074505806
30226784,0.05000000074505806
30227168,0.05000000074505806
30240640,0.05000000074505806
30242336,0.05000000074505806
30245856,0.05000000074505806
30248960,0.05000000074505806
30255040,0.05000000074505806
30258592,0.05000000074505806
30259904,0.05000000074505806
30261056,0.05000000074505806
30261344,0.05000000074505806
30261600,0.05000000074505806
30261760,0.05000000074505806
30263232,0.05000000074505806
30267552,0.05000000074505806
30267712,0.05000000074505806
30269696,0.05000000074505806
30274176,0.05000000074505806
30275168,0.05000000074505806
30276224,0.05000000074505806
30286528,0.05000000074505806
30289440,0.05000000074505806
30291936,0.05000000074505806
30299840,0.05000000074505806
30305952,0.05000000074505806
30306144,0.05000000074505806
30310112,0.05000000074505806
30311168,0.05000000074505806
30314080,0.05000000074505806
30316448,0.05000000074505806
30319808,0.05000000074505806
30320832,0.05000000074505806
30326944,0.05000000074505806
30328928,0.05000000074505806
30331456,0.05000000074505806
30335584,0.05000000074505806
30339776,0.05000000074505806
30343168,0.05000000074505806
30345952,0.05000000074505806
30347840,0.05000000074505806
30348928,0.05000000074505806
30349088,0.05000000074505806
30350272,0.05000000074505806
30363936,0.05000000074505806
30371360,0.05000000074505806
30371456,0.05000000074505806
30372704,0.05000000074505806
30383520,0.05000000074505806
30385952,0.05000000074505806
30387488,0.05000000074505806
30394080,0.05000000074505806
30397760,0.05000000074505806
30400576,0.05000000074505806
30401056,0.05000000074505806
30403712,0.05000000074505806
30405888,0.05000000074505806
30407616,0.05000000074505806
30409408,0.05000000074505806
30415872,0.05000000074505806
30424960,0.05000000074505806
30437920,0.05000000074505806
30446208,0.05000000074505806
30455872,0.05000000074505806
30477280,0.05000000074505806
30478880,0.05000000074505806
30480960,0.05000000074505806
30483264,0.05000000074505806
30485952,0.05000000074505806
30491872,0.05000000074505806
30496480,0.05000000074505806
30498144,0.05000000074505806
30503968,0.05000000074505806
30507776,0.05000000074505806
30509856,0.05000000074505806
30515808,0.05000000074505806
30518688,0.05000000074505806
30523616,0.05000000074505806
30524096,0.05000000074505806
30532512,0.05000000074505806
30533888,0.05000000074505806
30536160,0.05000000074505806
30540864,0.05000000074505806
30546304,0.05000000074505806
30547104,0.05000000074505806
30548096,0.05000000074505806
30548576,0.05000000074505806
30557120,0.05000000074505806
30559200,0.05000000074505806
30560160,0.05000000074505806
30570816,0.05000000074505806
30571680,0.05000000074505806
30572672,0.05000000074505806
30575424,0.05000000074505806
30577984,0.05000000074505806
30585856,0.05000000074505806
30587840,0.05000000074505806
30593344,0.05000000074505806
30595232,0.05000000074505806
30595328,0.05000000074505806
30595360,0.05000000074505806
30597440,0.05000000074505806
30598592,0.05000000074505806
30599616,0.05000000074505806
30607168,0.05000000074505806
30607776,0.05000000074505806
30610400,0.05000000074505806
30613312,0.05000000074505806
30622880,0.05000000074505806
30623776,0.05000000074505806
30627072,0.05000000074505806
30629408,0.05000000074505806
30629664,0.05000000074505806
30630592,0.05000000074505806
30631424,0.05000000074505806
30632288,0.05000000074505806
30637120,0.05000000074505806
30637376,0.05000000074505806
30639616,0.05000000074505806
30641248,0.05000000074505806
30641376,0.05000000074505806
30643040,0.05000000074505806
30648800,0.05000000074505806
30651744,0.05000000074505806
30652384,0.05000000074505806
30655424,0.05000000074505806
30660736,0.05000000074505806
30661120,0.05000000074505806
30661536,0.05000000074505806
30663584,0.05000000074505806
30670336,0.05000000074505806
30679808,0.05000000074505806
30683328,0.05000000074505806
30685280,0.05000000074505806
30687232,0.05000000074505806
30696352,0.05000000074505806
30696736,0.05000000074505806
30703008,0.05000000074505806
30704288,0.05000000074505806
30705952,0.05000000074505806
30706560,0.05000000074505806
30724416,0.05000000074505806
30725120,0.05000000074505806
30727872,0.05000000074505806
30737600,0.05000000074505806
30737984,0.05000000074505806
30751232,0.05000000074505806
30754720,0.05000000074505806
30760448,0.05000000074505806
30763104,0.05000000074505806
30765536,0.05000000074505806
30766464,0.05000000074505806
30768736,0.05000000074505806
30776640,0.05000000074505806
30777792,0.05000000074505806
30781728,0.05000000074505806
30791712,0.05000000074505806
30794112,0.05000000074505806
30801632,0.05000000074505806
30802944,0.05000000074505806
30805024,0.05000000074505806
30814976,0.05000000074505806
30815328,0.05000000074505806
30818240,0.05000000074505806
30823040,0.05000000074505806
30825536,0.05000000074505806
30828576,0.05000000074505806
30828896,0.05000000074505806
30832192,0.05000000074505806
30836000,0.05000000074505806
30836928,0.05000000074505806
30838656,0.05000000074505806
30838880,0.05000000074505806
30840160,0.05000000074505806
30841120,0.05000000074505806
30846112,0.05000000074505806
30856512,0.05000000074505806
30858816,0.05000000074505806
30861504,0.05000000074505806
30862016,0.05000000074505806
30868416,0.05000000074505806
30872128,0.05000000074505806
30872256,0.05000000074505806
30874720,0.05000000074505806
30884032,0.05000000074505806
30885376,0.05000000074505806
30893184,0.05000000074505806
30900736,0.05000000074505806
30901024,0.05000000074505806
30904960,0.05000000074505806
30906752,0.05000000074505806
30910560,0.05000000074505806
30911456,0.05000000074505806
30913024,0.05000000074505806
30914912,0.05000000074505806
30919552,0.05000000074505806
30923488,0.05000000074505806
30948672,0.05000000074505806
30954560,0.05000000074505806
30971488,0.05000000074505806
30973920,0.05000000074505806
30974432,0.05000000074505806
30978272,0.05000000074505806
30978560,0.05000000074505806
30979232,0.05000000074505806
30982336,0.05000000074505806
30993152,0.05000000074505806
30999200,0.05000000074505806
30999360,0.05000000074505806
31004640,0.05000000074505806
31013248,0.05000000074505806
31018784,0.05000000074505806
31021760,0.05000000074505806
31023360,0.05000000074505806
31026016,0.05000000074505806
31029984,0.05000000074505806
31030560,0.05000000074505806
31035104,0.05000000074505806
31036544,0.05000000074505806
31037696,0.05000000074505806
31037888,0.05000000074505806
31040640,0.05000000074505806
31052288,0.05000000074505806
31053696,0.05000000074505806
31056192,0.05000000074505806
31056448,0.05000000074505806
31066816,0.05000000074505806
31072704,0.05000000074505806
31072800,0.05000000074505806
31075328,0.05000000074505806
31079744,0.05000000074505806
31080576,0.05000000074505806
31083104,0.05000000074505806
31085856,0.05000000074505806
31093408,0.05000000074505806
31096640,0.05000000074505806
31103584,0.05000000074505806
31108704,0.05000000074505806
31113952,0.05000000074505806
31115232,0.05000000074505806
31116128,0.05000000074505806
31116384,0.05000000074505806
31125056,0.05000000074505806
31125280,0.05000000074505806
31133440,0.05000000074505806
31136576,0.05000000074505806
31137408,0.05000000074505806
31139808,0.05000000074505806
31141632,0.05000000074505806
31141792,0.05000000074505806
31150432,0.05000000074505806
31151680,0.05000000074505806
31153888,0.05000000074505806
31155840,0.05000000074505806
31156960,0.05000000074505806
31161696,0.05000000074505806
31168672,0.05000000074505806
31170784,0.05000000074505806
31175328,0.05000000074505806
31176416,0.05000000074505806
31185952,0.05000000074505806
31204960,0.05000000074505806
31206112,0.05000000074505806
31209408,0.05000000074505806
31211808,0.05000000074505806
31213664,0.05000000074505806
31217056,0.05000000074505806
31221472,0.05000000074505806
31223552,0.05000000074505806
31230144,0.05000000074505806
31231456,0.05000000074505806
31233280,0.05000000074505806
31236448,0.05000000074505806
31237344,0.05000000074505806
31252416,0.05000000074505806
31253376,0.05000000074505806
31264192,0.05000000074505806
31266752,0.05000000074505806
31269824,0.05000000074505806
31275200,0.05000000074505806
31275360,0.05000000074505806
31277056,0.05000000074505806
31279328,0.05000000074505806
31279424,0.05000000074505806
31286944,0.05000000074505806
31287136,0.05000000074505806
31289760,0.05000000074505806
31291648,0.05000000074505806
31291904,0.05000000074505806
31295232,0.05000000074505806
31300768,0.05000000074505806
31301536,0.05000000074505806
31301856,0.05000000074505806
31302496,0.05000000074505806
31303904,0.05000000074505806
31305632,0.05000000074505806
31309344,0.05000000074505806
31319520,0.05000000074505806
31334304,0.05000000074505806
31339872,0.05000000074505806
31341408,0.05000000074505806
31342592,0.05000000074505806
31346592,0.05000000074505806
31350848,0.05000000074505806
31352352,0.05000000074505806
31352576,0.05000000074505806
31360320,0.05000000074505806
31362688,0.05000000074505806
31363552,0.05000000074505806
31372128,0.05000000074505806
31372928,0.05000000074505806
31380896,0.05000000074505806
31381920,0.05000000074505806
31388800,0.05000000074505806
31391520,0.05000000074505806
31394048,0.05000000074505806
31395648,0.05000000074505806
31401664,0.05000000074505806
31404256,0.05000000074505806
31404448,0.05000000074505806
31406624,0.05000000074505806
31407552,0.05000000074505806
31410880,0.05000000074505806
31416672,0.05000000074505806
31416736,0.05000000074505806
31421536,0.05000000074505806
31423040,0.05000000074505806
31432896,0.05000000074505806
31439744,0.05000000074505806
31440864,0.05000000074505806
31444224,0.05000000074505806
31444480,0.05000000074505806
31450240,0.05000000074505806
31451328,0.05000000074505806
31455296,0.05000000074505806
31455936,0.05000000074505806
31458080,0.05000000074505806
31458176,0.05000000074505806
31466880,0.05000000074505806
31468864,0.05000000074505806
31476320,0.05000000074505806
31487168,0.05000000074505806
31488768,0.05000000074505806
31491360,0.05000000074505806
31492896,0.05000000074505806
31494272,0.05000000074505806
31496128,0.05000000074505806
31499616,0.05000000074505806
31501472,0.05000000074505806
31509120,0.05000000074505806
31512832,0.05000000074505806
31516448,0.05000000074505806
31519232,0.05000000074505806
31520992,0.05000000074505806
31521536,0.05000000074505806
31523808,0.05000000074505806
31525088,0.05000000074505806
31525248,0.05000000074505806
31529824,0.05000000074505806
31533792,0.05000000074505806
31535104,0.05000000074505806
31537728,0.05000000074505806
31539360,0.05000000074505806
31544000,0.05000000074505806
31548384,0.05000000074505806
31553728,0.05000000074505806
31558496,0.05000000074505806
31560544,0.05000000074505806
31562688,0.05000000074505806
31570048,0.05000000074505806
31576096,0.05000000074505806
31586048,0.05000000074505806
31600384,0.05000000074505806
31601056,0.05000000074505806
31602528,0.05000000074505806
31606048,0.05000000074505806
31608928,0.05000000074505806
31610624,0.05000000074505806
31613216,0.05000000074505806
31616544,0.05000000074505806
31623456,0.05000000074505806
31635296,0.05000000074505806
31651904,0.05000000074505806
31656352,0.05000000074505806
31659552,0.05000000074505806
31670336,0.05000000074505806
31676512,0.05000000074505806
31677280,0.05000000074505806
31683040,0.05000000074505806
31684416,0.05000000074505806
31688672,0.05000000074505806
31691616,0.05000000074505806
31692960,0.05000000074505806
31695232,0.05000000074505806
31696896,0.05000000074505806
31701792,0.05000000074505806
31702048,0.05000000074505806
31706432,0.05000000074505806
31710496,0.05000000074505806
31721728,0.05000000074505806
31724128,0.05000000074505806
31726336,0.05000000074505806
31728736,0.05000000074505806
31741760,0.05000000074505806
31741984,0.05000000074505806
31743456,0.05000000074505806
31743712,0.05000000074505806
31754944,0.05000000074505806
31755680,0.05000000074505806
31756576,0.05000000074505806
31757696,0.05000000074505806
31758624,0.05000000074505806
31765472,0.05000000074505806
31766464,0.05000000074505806
31766880,0.05000000074505806
31769888,0.05000000074505806
31773376,0.05000000074505806
31782272,0.05000000074505806
31784768,0.05000000074505806
31791456,0.05000000074505806
31792576,0.05000000074505806
31796032,0.05000000074505806
31798560,0.05000000074505806
31802112,0.05000000074505806
31804064,0.05000000074505806
31806560,0.05000000074505806
31806752,0.05000000074505806
31806784,0.05000000074505806
31806944,0.05000000074505806
31814784,0.05000000074505806
31818848,0.05000000074505806
31825216,0.05000000074505806
31829376,0.05000000074505806
31832128,0.05000000074505806
31833376,0.05000000074505806
31845824,0.05000000074505806
31846464,0.05000000074505806
31861632,0.05000000074505806
31862432,0.05000000074505806
31864800,0.05000000074505806
31865696,0.05000000074505806
31873888,0.05000000074505806
31877344,0.05000000074505806
31885376,0.05000000074505806
31890368,0.05000000074505806
31890624,0.05000000074505806
31900192,0.05000000074505806
31902432,0.05000000074505806
31902944,0.05000000074505806
31903424,0.05000000074505806
31903744,0.05000000074505806
31906592,0.05000000074505806
31906688,0.05000000074505806
31908352,0.05000000074505806
31908640,0.05000000074505806
31914720,0.05000000074505806
31925056,0.05000000074505806
31925696,0.05000000074505806
31930496,0.05000000074505806
31932160,0.05000000074505806
31932992,0.05000000074505806
31933536,0.05000000074505806
31935840,0.05000000074505806
31938624,0.05000000074505806
31944832,0.05000000074505806
31945216,0.05000000074505806
31945472,0.05000000074505806
31948128,0.05000000074505806
31956032,0.05000000074505806
31961472,0.05000000074505806
31962368,0.05000000074505806
31962784,0.05000000074505806
31966112,0.05000000074505806
31969152,0.05000000074505806
32006144,0.05000000074505806
32008256,0.05000000074505806
32012992,0.05000000074505806
32026464,0.05000000074505806
32029120,0.05000000074505806
32034624,0.05000000074505806
32035104,0.05000000074505806
32038784,0.05000000074505806
32039168,0.05000000074505806
32040512,0.05000000074505806
32042400,0.05000000074505806
32042784,0.05000000074505806
32053248,0.05000000074505806
32061184,0.05000000074505806
32063648,0.05000000074505806
32065664,0.05000000074505806
32067424,0.05000000074505806
32071200,0.05000000074505806
32075200,0.05000000074505806
32077152,0.05000000074505806
32077920,0.05000000074505806
32079392,0.05000000074505806
32089568,0.05000000074505806
32095232,0.05000000074505806
32095808,0.05000000074505806
32097632,0.05000000074505806
32114432,0.05000000074505806
32123648,0.05000000074505806
32123776,0.05000000074505806
32125824,0.05000000074505806
32128128,0.05000000074505806
32128192,0.05000000074505806
32132480,0.05000000074505806
32143904,0.05000000074505806
32146944,0.05000000074505806
32147904,0.05000000074505806
32148384,0.05000000074505806
32148672,0.05000000074505806
32160448,0.05000000074505806
32165696,0.05000000074505806
32165888,0.05000000074505806
32168096,0.05000000074505806
32170368,0.05000000074505806
32172800,0.05000000074505806
32173088,0.05000000074505806
32174944,0.05000000074505806
32177056,0.05000000074505806
32178272,0.05000000074505806
32183616,0.05000000074505806
32189344,0.05000000074505806
32193696,0.05000000074505806
32195936,0.05000000074505806
32196928,0.05000000074505806
32209248,0.05000000074505806
32211904,0.05000000074505806
32212448,0.05000000074505806
32215904,0.05000000074505806
32220352,0.05000000074505806
32229376,0.05000000074505806
32229696,0.05000000074505806
32231200,0.05000000074505806
32238496,0.05000000074505806
32247424,0.05000000074505806
32250752,0.05000000074505806
32252064,0.05000000074505806
32257440,0.05000000074505806
32258208,0.05000000074505806
32258528,0.05000000074505806
32260480,0.05000000074505806
32268480,0.05000000074505806
32270400,0.05000000074505806
32276128,0.05000000074505806
32286976,0.05000000074505806
32289120,0.05000000074505806
32290112,0.05000000074505806
32293920,0.05000000074505806
32295520,0.05000000074505806
32295552,0.05000000074505806
32296192,0.05000000074505806
32296576,0.05000000074505806
32298080,0.05000000074505806
32299552,0.05000000074505806
32300832,0.05000000074505806
32305760,0.05000000074505806
32312192,0.05000000074505806
32313728,0.05000000074505806
32319584,0.05000000074505806
32320288,0.05000000074505806
32320992,0.05000000074505806
32326016,0.05000000074505806
32329120,0.05000000074505806
32330048,0.05000000074505806
32330528,0.05000000074505806
32336800,0.05000000074505806
32341184,0.05000000074505806
32344576,0.05000000074505806
32349024,0.05000000074505806
32353632,0.05000000074505806
32359264,0.05000000074505806
32364288,0.05000000074505806
32379296,0.05000000074505806
32379328,0.05000000074505806
32381536,0.05000000074505806
32386944,0.05000000074505806
32398240,0.05000000074505806
32400608,0.05000000074505806
32408512,0.05000000074505806
32409760,0.05000000074505806
32417184,0.05000000074505806
32420800,0.05000000074505806
32422592,0.05000000074505806
32422912,0.05000000074505806
32433216,0.05000000074505806
32434016,0.05000000074505806
32435200,0.05000000074505806
32437792,0.05000000074505806
32445120,0.05000000074505806
32447040,0.05000000074505806
32448640,0.05000000074505806
32450336,0.05000000074505806
32460640,0.05000000074505806
32465056,0.05000000074505806
32477920,0.05000000074505806
32478880,0.05000000074505806
32481056,0.05000000074505806
32481248,0.05000000074505806
32483008,0.05000000074505806
32484416,0.05000000074505806
32485344,0.05000000074505806
32485984,0.05000000074505806
32493664,0.05000000074505806
32495744,0.05000000074505806
32496928,0.05000000074505806
32502784,0.05000000074505806
32507968,0.05000000074505806
32517056,0.05000000074505806
32521856,0.05000000074505806
32524512,0.05000000074505806
32525216,0.05000000074505806
32527808,0.05000000074505806
32529408,0.05000000074505806
32529536,0.05000000074505806
32534496,0.05000000074505806
32535936,0.05000000074505806
32541088,0.05000000074505806
32541664,0.05000000074505806
32542944,0.05000000074505806
32543328,0.05000000074505806
32544224,0.05000000074505806
32550240,0.05000000074505806
32561440,0.05000000074505806
32563072,0.05000000074505806
32564608,0.05000000074505806
32566016,0.05000000074505806
32566496,0.05000000074505806
32571232,0.05000000074505806
32571968,0.05000000074505806
32579968,0.05000000074505806
32580992,0.05000000074505806
32587104,0.05000000074505806
32600416,0.05000000074505806
32601120,0.05000000074505806
32606240,0.05000000074505806
32612192,0.05000000074505806
32616384,0.05000000074505806
32616928,0.05000000074505806
32620192,0.05000000074505806
32629440,0.05000000074505806
32630144,0.05000000074505806
32639072,0.05000000074505806
32642688,0.05000000074505806
32643040,0.05000000074505806
32645504,0.05000000074505806
32653600,0.05000000074505806
32654848,0.05000000074505806
32659456,0.05000000074505806
32661536,0.05000000074505806
32663072,0.05000000074505806
32665920,0.05000000074505806
32668096,0.05000000074505806
32669760,0.05000000074505806
32670208,0.05000000074505806
32670496,0.05000000074505806
32672192,0.05000000074505806
32678528,0.05000000074505806
32679744,0.05000000074505806
32690592,0.05000000074505806
32692320,0.05000000074505806
32704736,0.05000000074505806
32714976,0.05000000074505806
32715808,0.05000000074505806
32720544,0.05000000074505806
32721472,0.05000000074505806
32722144,0.05000000074505806
32723008,0.05000000074505806
32727264,0.05000000074505806
32729248,0.05000000074505806
32732736,0.05000000074505806
32737376,0.05000000074505806
32738016,0.05000000074505806
32753888,0.05000000074505806
32756896,0.05000000074505806
32759968,0.05000000074505806
32765120,0.05000000074505806
32768960,0.05000000074505806
32772032,0.05000000074505806
32773216,0.05000000074505806
32775840,0.05000000074505806
32780192,0.05000000074505806
32781728,0.05000000074505806
32784448,0.05000000074505806
32791168,0.05000000074505806
32795424,0.05000000074505806
32796544,0.05000000074505806
32797600,0.05000000074505806
32805824,0.05000000074505806
32805856,0.05000000074505806
32811776,0.05000000074505806
32814176,0.05000000074505806
32816608,0.05000000074505806
32818720,0.05000000074505806
32830720,0.05000000074505806
32837312,0.05000000074505806
32838368,0.05000000074505806
32839200,0.05000000074505806
32845248,0.05000000074505806
32845472,0.05000000074505806
32848544,0.05000000074505806
32854336,0.05000000074505806
32858304,0.05000000074505806
32863840,0.05000000074505806
32865280,0.05000000074505806
32866560,0.05000000074505806
32872704,0.05000000074505806
32874016,0.05000000074505806
32882176,0.05000000074505806
32884128,0.05000000074505806
32884640,0.05000000074505806
32886176,0.05000000074505806
32886688,0.05000000074505806
32889888,0.05000000074505806
32898432,0.05000000074505806
32908128,0.05000000074505806
32909088,0.05000000074505806
32909472,0.05000000074505806
32913344,0.05000000074505806
32914560,0.05000000074505806
32915584,0.05000000074505806
32916544,0.05000000074505806
32918720,0.05000000074505806
32921408,0.05000000074505806
32925248,0.05000000074505806
32931776,0.05000000074505806
32936992,0.05000000074505806
32937632,0.05000000074505806
32945344,0.05000000074505806
32946560,0.05000000074505806
32947200,0.05000000074505806
32953088,0.05000000074505806
32961440,0.05000000074505806
32964320,0.05000000074505806
32966528,0.05000000074505806
32969056,0.05000000074505806
32974464,0.05000000074505806
32976320,0.05000000074505806
32976544,0.05000000074505806
32977632,0.05000000074505806
32984032,0.05000000074505806
32984448,0.05000000074505806
32985472,0.05000000074505806
32985568,0.05000000074505806
32988928,0.05000000074505806
32989408,0.05000000074505806
32990848,0.05000000074505806
32993600,0.05000000074505806
32995808,0.05000000074505806
33003584,0.05000000074505806
33008480,0.05000000074505806
33009216,0.05000000074505806
33024032,0.05000000074505806
33038496,0.05000000074505806
33046240,0.05000000074505806
33046432,0.05000000074505806
33051392,0.05000000074505806
33054176,0.05000000074505806
33057024,0.05000000074505806
33057472,0.05000000074505806
33060064,0.05000000074505806
33062336,0.05000000074505806
33062688,0.05000000074505806
33062944,0.05000000074505806
33066592,0.05000000074505806
33067616,0.05000000074505806
33069312,0.05000000074505806
33073824,0.05000000074505806
33074976,0.05000000074505806
33075200,0.05000000074505806
33075936,0.05000000074505806
33077152,0.05000000074505806
33078720,0.05000000074505806
33079008,0.05000000074505806
33079424,0.05000000074505806
33081952,0.05000000074505806
33084896,0.05000000074505806
33085248,0.05000000074505806
33085344,0.05000000074505806
33096960,0.05000000074505806
33097536,0.05000000074505806
33100448,0.05000000074505806
33104640,0.05000000074505806
33112672,0.05000000074505806
33129504,0.05000000074505806
33130048,0.05000000074505806
33132896,0.05000000074505806
33136800,0.05000000074505806
33138144,0.05000000074505806
33140224,0.05000000074505806
33146496,0.05000000074505806
33155360,0.05000000074505806
33155616,0.05000000074505806
33159200,0.05000000074505806
33161280,0.05000000074505806
33162624,0.05000000074505806
33166784,0.05000000074505806
33174592,0.05000000074505806
33174848,0.05000000074505806
33180960,0.05000000074505806
33189184,0.05000000074505806
33195424,0.05000000074505806
33200512,0.05000000074505806
33201600,0.05000000074505806
33207040,0.05000000074505806
33215776,0.05000000074505806
33218432,0.05000000074505806
33218592,0.05000000074505806
33219360,0.05000000074505806
33223520,0.05000000074505806
33224480,0.05000000074505806
33228864,0.05000000074505806
33231872,0.05000000074505806
33239136,0.05000000074505806
33241344,0.05000000074505806
33242944,0.05000000074505806
33247360,0.05000000074505806
33251488,0.05000000074505806
33256288,0.05000000074505806
33260192,0.05000000074505806
33261184,0.05000000074505806
33281952,0.05000000074505806
33284992,0.05000000074505806
33287936,0.05000000074505806
33291712,0.05000000074505806
33295200,0.05000000074505806
33297344,0.05000000074505806
33298656,0.05000000074505806
33299296,0.05000000074505806
33302432,0.05000000074505806
33306560,0.05000000074505806
33317184,0.05000000074505806
33320896,0.05000000074505806
33321376,0.05000000074505806
33326656,0.05000000074505806
33335840,0.05000000074505806
33342016,0.05000000074505806
33344096,0.05000000074505806
33351168,0.05000000074505806
33351968,0.05000000074505806
33353856,0.05000000074505806
33355360,0.05000000074505806
33387616,0.05000000074505806
33388224,0.05000000074505806
33388864,0.05000000074505806
33390400,0.05000000074505806
33408768,0.05000000074505806
33408992,0.05000000074505806
33409376,0.05000000074505806
33416992,0.05000000074505806
33418048,0.05000000074505806
33420288,0.05000000074505806
33427520,0.05000000074505806
33431008,0.05000000074505806
33431808,0.05000000074505806
33432672,0.05000000074505806
33436160,0.05000000074505806
33440736,0.05000000074505806
33444064,0.05000000074505806
33444448,0.05000000074505806
33447200,0.05000000074505806
33451936,0.05000000074505806
33460832,0.05000000074505806
33463200,0.05000000074505806
33466240,0.05000000074505806
33467200,0.05000000074505806
33470016,0.05000000074505806
33479936,0.05000000074505806
33482560,0.05000000074505806
33485664,0.05000000074505806
33498880,0.05000000074505806
33507136,0.05000000074505806
33510592,0.05000000074505806
33510976,0.05000000074505806
33522656,0.05000000074505806
33525504,0.05000000074505806
33526432,0.05000000074505806
33526848,0.05000000074505806
33530528,0.05000000074505806
33532288,0.05000000074505806
33534528,0.05000000074505806
33536928,0.05000000074505806
33537664,0.05000000074505806
33549088,0.05000000074505806
33551808,0.05000000074505806
33554752,0.05000000074505806
33556640,0.05000000074505806
33557696,0.05000000074505806
33560224,0.05000000074505806
33561824,0.05000000074505806
33569536,0.05000000074505806
33575328,0.05000000074505806
33576384,0.05000000074505806
33586176,0.05000000074505806
33586880,0.05000000074505806
33588448,0.05000000074505806
33594624,0.05000000074505806
33596416,0.05000000074505806
33597344,0.05000000074505806
33599680,0.05000000074505806
33612864,0.05000000074505806
33618304,0.05000000074505806
33618528,0.05000000074505806
33619936,0.05000000074505806
33623328,0.05000000074505806
33630880,0.05000000074505806
33633408,0.05000000074505806
33638720,0.05000000074505806
33641472,0.05000000074505806
33646656,0.05000000074505806
33649152,0.05000000074505806
33649184,0.05000000074505806
33652480,0.05000000074505806
33653056,0.05000000074505806
33663872,0.05000000074505806
33670432,0.05000000074505806
33670912,0.05000000074505806
33672640,0.05000000074505806
33681024,0.05000000074505806
33686880,0.05000000074505806
33688192,0.05000000074505806
33691072,0.05000000074505806
33691168,0.05000000074505806
33714208,0.05000000074505806
33730496,0.05000000074505806
33732000,0.05000000074505806
33732896,0.05000000074505806
33733152,0.05000000074505806
33737152,0.05000000074505806
33746656,0.05000000074505806
33756288,0.05000000074505806
33758720,0.05000000074505806
33762880,0.05000000074505806
33763456,0.05000000074505806
33763808,0.05000000074505806
33769344,0.05000000074505806
33774240,0.05000000074505806
33776992,0.05000000074505806
33777824,0.05000000074505806
33780480,0.05000000074505806
33787776,0.05000000074505806
33788192,0.05000000074505806
33794240,0.05000000074505806
33795360,0.05000000074505806
33806464,0.05000000074505806
33806944,0.05000000074505806
33809440,0.05000000074505806
33816096,0.05000000074505806
33817824,0.05000000074505806
33818368,0.05000000074505806
33819008,0.05000000074505806
33819264,0.05000000074505806
33825472,0.05000000074505806
33828032,0.05000000074505806
33832416,0.05000000074505806
33835296,0.05000000074505806
33840288,0.05000000074505806
33840480,0.05000000074505806
33856544,0.05000000074505806
33861312,0.05000000074505806
33866656,0.05000000074505806
33866688,0.05000000074505806
33866816,0.05000000074505806
33866976,0.05000000074505806
33871424,0.05000000074505806
33875552,0.05000000074505806
33878592,0.05000000074505806
33884512,0.05000000074505806
33887744,0.05000000074505806
33891424,0.05000000074505806
33891552,0.05000000074505806
33893632,0.05000000074505806
33901216,0.05000000074505806
33906816,0.05000000074505806
33910816,0.05000000074505806
33915712,0.05000000074505806
33932352,0.05000000074505806
33932864,0.05000000074505806
33933664,0.05000000074505806
33934976,0.05000000074505806
33936992,0.05000000074505806
33938272,0.05000000074505806
33939104,0.05000000074505806
33940480,0.05000000074505806
33943456,0.05000000074505806
33943776,0.05000000074505806
33952896,0.05000000074505806
33956608,0.05000000074505806
33959136,0.05000000074505806
33964800,0.05000000074505806
33968320,0.05000000074505806
33972096,0.05000000074505806
33982464,0.05000000074505806
33984352,0.05000000074505806
33987168,0.05000000074505806
33993120,0.05000000074505806
33996864,0.05000000074505806
33998176,0.05000000074505806
34005152,0.05000000074505806
34007040,0.05000000074505806
34011104,0.05000000074505806
34012416,0.05000000074505806
34012608,0.05000000074505806
34015168,0.05000000074505806
34021344,0.05000000074505806
34022304,0.05000000074505806
34030912,0.05000000074505806
34032384,0.05000000074505806
34032480,0.05000000074505806
34035008,0.05000000074505806
34035712,0.05000000074505806
34036736,0.05000000074505806
34040768,0.05000000074505806
34043744,0.05000000074505806
34044768,0.05000000074505806
34056416,0.05000000074505806
34057568,0.05000000074505806
34058656,0.05000000074505806
34065120,0.05000000074505806
34070272,0.05000000074505806
34070496,0.05000000074505806
34072096,0.05000000074505806
34075360,0.05000000074505806
34084128,0.05000000074505806
34085664,0.05000000074505806
34087392,0.05000000074505806
34090688,0.05000000074505806
34095200,0.05000000074505806
34095584,0.05000000074505806
34096480,0.05000000074505806
34096992,0.05000000074505806
34099296,0.05000000074505806
34102624,0.05000000074505806
34104672,0.05000000074505806
34109568,0.05000000074505806
34110016,0.05000000074505806
34110464,0.05000000074505806
34112640,0.05000000074505806
34114528,0.05000000074505806
34126112,0.05000000074505806
34126272,0.05000000074505806
34127872,0.05000000074505806
34130464,0.05000000074505806
34131776,0.05000000074505806
34141824,0.05000000074505806
34142240,0.05000000074505806
34144448,0.05000000074505806
34146368,0.05000000074505806
34147648,0.05000000074505806
34148032,0.05000000074505806
34148160,0.05000000074505806
34161792,0.05000000074505806
34166624,0.05000000074505806
34169504,0.05000000074505806
34173216,0.05000000074505806
34175136,0.05000000074505806
34178848,0.05000000074505806
34183808,0.05000000074505806
34187936,0.05000000074505806
34192640,0.05000000074505806
34193184,0.05000000074505806
34193440,0.05000000074505806
34201280,0.05000000074505806
34203616,0.05000000074505806
34204384,0.05000000074505806
34221280,0.05000000074505806
34223168,0.05000000074505806
34223968,0.05000000074505806
34224448,0.05000000074505806
34228096,0.05000000074505806
34240384,0.05000000074505806
34243968,0.05000000074505806
34246528,0.05000000074505806
34249120,0.05000000074505806
34256000,0.05000000074505806
34258272,0.05000000074505806
34273600,0.05000000074505806
34274336,0.05000000074505806
34274432,0.05000000074505806
34282368,0.05000000074505806
34282656,0.05000000074505806
34289216,0.05000000074505806
34291264,0.05000000074505806
34291840,0.05000000074505806
34294432,0.05000000074505806
34294688,0.05000000074505806
34299936,0.05000000074505806
34306400,0.05000000074505806
34308640,0.05000000074505806
34310976,0.05000000074505806
34312320,0.05000000074505806
34317984,0.05000000074505806
34319552,0.05000000074505806
34321056,0.05000000074505806
34324736,0.05000000074505806
34332160,0.05000000074505806
34335680,0.05000000074505806
34335840,0.05000000074505806
34336032,0.05000000074505806
34340000,0.05000000074505806
34348384,0.05000000074505806
34361856,0.05000000074505806
34370016,0.05000000074505806
34371328,0.05000000074505806
34372320,0.05000000074505806
34372384,0.05000000074505806
34376096,0.05000000074505806
34376768,0.05000000074505806
34377024,0.05000000074505806
34379104,0.05000000074505806
34384032,0.05000000074505806
34386624,0.05000000074505806
34388448,0.05000000074505806
34389664,0.05000000074505806
34393376,0.05000000074505806
34395104,0.05000000074505806
34399840,0.05000000074505806
34408416,0.05000000074505806
34408832,0.05000000074505806
34409792,0.05000000074505806
34412928,0.05000000074505806
34419936,0.05000000074505806
34423552,0.05000000074505806
34427616,0.05000000074505806
34436896,0.05000000074505806
34437088,0.05000000074505806
34437280,0.05000000074505806
34439136,0.05000000074505806
34448512,0.05000000074505806
34451072,0.05000000074505806
34466528,0.05000000074505806
34466848,0.05000000074505806
34466976,0.05000000074505806
34467328,0.05000000074505806
34471584,0.05000000074505806
34476032,0.05000000074505806
34476928,0.05000000074505806
34477312,0.05000000074505806
34479456,0.05000000074505806
34486432,0.05000000074505806
34487936,0.05000000074505806
34489632,0.05000000074505806
34501984,0.05000000074505806
34503296,0.05000000074505806
34509408,0.05000000074505806
34512672,0.05000000074505806
34514624,0.05000000074505806
34516640,0.05000000074505806
34518912,0.05000000074505806
34519488,0.05000000074505806
34521312,0.05000000074505806
34536064,0.05000000074505806
34539872,0.05000000074505806
34542464,0.05000000074505806
34548224,0.05000000074505806
34552128,0.05000000074505806
34553184,0.05000000074505806
34557376,0.05000000074505806
34558976,0.05000000074505806
34564352,0.05000000074505806
34574528,0.05000000074505806
34580288,0.05000000074505806
34587872,0.05000000074505806
34590112,0.05000000074505806
34590176,0.05000000074505806
34593760,0.05000000074505806
34594816,0.05000000074505806
34595392,0.05000000074505806
34596320,0.05000000074505806
34599360,0.05000000074505806
34600480,0.05000000074505806
34600512,0.05000000074505806
34605856,0.05000000074505806
34608416,0.05000000074505806
34609312,0.05000000074505806
34612640,0.05000000074505806
34614752,0.05000000074505806
34614976,0.05000000074505806
34627872,0.05000000074505806
34628928,0.05000000074505806
34630624,0.05000000074505806
34643680,0.05000000074505806
34650464,0.05000000074505806
34653184,0.05000000074505806
34654400,0.05000000074505806
34658400,0.05000000074505806
34668320,0.05000000074505806
34672768,0.05000000074505806
34674848,0.05000000074505806
34680576,0.05000000074505806
34696416,0.05000000074505806
34697728,0.05000000074505806
34711552,0.05000000074505806
34711840,0.05000000074505806
34713024,0.05000000074505806
34714368,0.05000000074505806
34714656,0.05000000074505806
34729184,0.05000000074505806
34732608,0.05000000074505806
34733024,0.05000000074505806
34733280,0.05000000074505806
34734400,0.05000000074505806
34737056,0.05000000074505806
34740384,0.05000000074505806
34742912,0.05000000074505806
34745152,0.05000000074505806
34747200,0.05000000074505806
34749952,0.05000000074505806
34760544,0.05000000074505806
34762048,0.05000000074505806
34764480,0.05000000074505806
34765600,0.05000000074505806
34765792,0.05000000074505806
34766496,0.05000000074505806
34768256,0.05000000074505806
34769120,0.05000000074505806
34774784,0.05000000074505806
34775456,0.05000000074505806
34777760,0.05000000074505806
34779616,0.05000000074505806
34786016,0.05000000074505806
34786624,0.05000000074505806
34787328,0.05000000074505806
34793888,0.05000000074505806
34796896,0.05000000074505806
34806816,0.05000000074505806
34809760,0.05000000074505806
34811936,0.05000000074505806
34813248,0.05000000074505806
34830784,0.05000000074505806
34832160,0.05000000074505806
34833344,0.05000000074505806
34836160,0.05000000074505806
34845504,0.05000000074505806
34854944,0.05000000074505806
34871328,0.05000000074505806
34877664,0.05000000074505806
34884416,0.05000000074505806
34886400,0.05000000074505806
34898432,0.05000000074505806
34904768,0.05000000074505806
34913952,0.05000000074505806
34914112,0.05000000074505806
34915200,0.05000000074505806
34923744,0.05000000074505806
34926112,0.05000000074505806
34931136,0.05000000074505806
34934016,0.05000000074505806
34934560,0.05000000074505806
34935072,0.05000000074505806
34946688,0.05000000074505806
34950880,0.05000000074505806
34956192,0.05000000074505806
34966240,0.05000000074505806
34969504,0.05000000074505806
34971616,0.05000000074505806
34978240,0.05000000074505806
34978272,0.05000000074505806
34988768,0.05000000074505806
34989632,0.05000000074505806
34996032,0.05000000074505806
34996832,0.05000000074505806
35000800,0.05000000074505806
35001056,0.05000000074505806
35008768,0.05000000074505806
35012544,0.05000000074505806
35017408,0.05000000074505806
35021056,0.05000000074505806
35021440,0.05000000074505806
35024000,0.05000000074505806
35024192,0.05000000074505806
35025120,0.05000000074505806
35027200,0.05000000074505806
35030880,0.05000000074505806
35037440,0.05000000074505806
35039328,0.05000000074505806
35041632,0.05000000074505806
35044768,0.05000000074505806
35045632,0.05000000074505806
35047328,0.05000000074505806
35047680,0.05000000074505806
35049696,0.05000000074505806
35050016,0.05000000074505806
35050048,0.05000000074505806
35052096,0.05000000074505806
35053376,0.05000000074505806
35061632,0.05000000074505806
35065152,0.05000000074505806
35066944,0.05000000074505806
35068288,0.05000000074505806
35068768,0.05000000074505806
35069664,0.05000000074505806
35069888,0.05000000074505806
35070464,0.05000000074505806
35071136,0.05000000074505806
35073280,0.05000000074505806
35081344,0.05000000074505806
35083136,0.05000000074505806
35085920,0.05000000074505806
35087008,0.05000000074505806
35101504,0.05000000074505806
35104064,0.05000000074505806
35110528,0.05000000074505806
35114528,0.05000000074505806
35114784,0.05000000074505806
35115520,0.05000000074505806
35116928,0.05000000074505806
35118400,0.05000000074505806
35121152,0.05000000074505806
35121600,0.05000000074505806
35129632,0.05000000074505806
35140704,0.05000000074505806
35142688,0.05000000074505806
35142848,0.05000000074505806
35144736,0.05000000074505806
35145248,0.05000000074505806
35147168,0.05000000074505806
35148608,0.05000000074505806
35154976,0.05000000074505806
35158592,0.05000000074505806
35160128,0.05000000074505806
35164608,0.05000000074505806
35171680,0.05000000074505806
35180704,0.05000000074505806
35183264,0.05000000074505806
35184992,0.05000000074505806
35185056,0.05000000074505806
35188000,0.05000000074505806
35192800,0.05000000074505806
35195264,0.05000000074505806
35196480,0.05000000074505806
35196992,0.05000000074505806
35197664,0.05000000074505806
35197888,0.05000000074505806
35199552,0.05000000074505806
35201152,0.05000000074505806
35207008,0.05000000074505806
35213280,0.05000000074505806
35217088,0.05000000074505806
35218944,0.05000000074505806
35220064,0.05000000074505806
35222752,0.05000000074505806
35228928,0.05000000074505806
35238464,0.05000000074505806
35238752,0.05000000074505806
35243744,0.05000000074505806
35246976,0.05000000074505806
35249216,0.05000000074505806
35253504,0.05000000074505806
35261568,0.05000000074505806
35275392,0.05000000074505806
35279648,0.05000000074505806
35283648,0.05000000074505806
35283744,0.05000000074505806
35285504,0.05000000074505806
35285888,0.05000000074505806
35287616,0.05000000074505806
35288992,0.05000000074505806
35290976,0.05000000074505806
35292320,0.05000000074505806
35293760,0.05000000074505806
35295488,0.05000000074505806
35301504,0.05000000074505806
35309632,0.05000000074505806
35311648,0.05000000074505806
35313472,0.05000000074505806
35314528,0.05000000074505806
35327008,0.05000000074505806
35327744,0.05000000074505806
35330944,0.05000000074505806
35334688,0.05000000074505806
35339456,0.05000000074505806
35342656,0.05000000074505806
35358816,0.05000000074505806
35362656,0.05000000074505806
35369024,0.05000000074505806
35374784,0.05000000074505806
35390816,0.05000000074505806
35402080,0.05000000074505806
35404064,0.05000000074505806
35406752,0.05000000074505806
35408320,0.05000000074505806
35414752,0.05000000074505806
35416320,0.05000000074505806
35419968,0.05000000074505806
35428032,0.05000000074505806
35433984,0.05000000074505806
35448224,0.05000000074505806
35462304,0.05000000074505806
35465664,0.05000000074505806
35468896,0.05000000074505806
35474400,0.05000000074505806
35475040,0.05000000074505806
35477376,0.05000000074505806
35483904,0.05000000074505806
35496512,0.05000000074505806
35498464,0.05000000074505806
35499968,0.05000000074505806
35507712,0.05000000074505806
35508832,0.05000000074505806
35518112,0.05000000074505806
35533888,0.05000000074505806
35536352,0.05000000074505806
35538432,0.05000000074505806
35543840,0.05000000074505806
35544608,0.05000000074505806
35546464,0.05000000074505806
35547584,0.05000000074505806
35548416,0.05000000074505806
35548608,0.05000000074505806
35552704,0.05000000074505806
35554944,0.05000000074505806
35556672,0.05000000074505806
35567264,0.05000000074505806
35576736,0.05000000074505806
35579424,0.05000000074505806
35581216,0.05000000074505806
35583392,0.05000000074505806
35591008,0.05000000074505806
35594272,0.05000000074505806
35596928,0.05000000074505806
35599904,0.05000000074505806
35600960,0.05000000074505806
35608352,0.05000000074505806
35609184,0.05000000074505806
35613344,0.05000000074505806
35614336,0.05000000074505806
35616288,0.05000000074505806
35619360,0.05000000074505806
35622912,0.05000000074505806
35623424,0.05000000074505806
35625888,0.05000000074505806
35631456,0.05000000074505806
35635296,0.05000000074505806
35636320,0.05000000074505806
35641312,0.05000000074505806
35641344,0.05000000074505806
35642016,0.05000000074505806
35643264,0.05000000074505806
35647232,0.05000000074505806
35652832,0.05000000074505806
35654432,0.05000000074505806
35661248,0.05000000074505806
35669888,0.05000000074505806
35675232,0.05000000074505806
35675296,0.05000000074505806
35677920,0.05000000074505806
35682016,0.05000000074505806
35686272,0.05000000074505806
35690368,0.05000000074505806
35699776,0.05000000074505806
35699808,0.05000000074505806
35714592,0.05000000074505806
35727808,0.05000000074505806
35731616,0.05000000074505806
35733056,0.05000000074505806
35736352,0.05000000074505806
35738944,0.05000000074505806
35741568,0.05000000074505806
35742304,0.05000000074505806
35743392,0.05000000074505806
35754432,0.05000000074505806
35755136,0.05000000074505806
35760416,0.05000000074505806
35769632,0.05000000074505806
35770624,0.05000000074505806
35774112,0.05000000074505806
35775808,0.05000000074505806
35775904,0.05000000074505806
35777056,0.05000000074505806
35778592,0.05000000074505806
35782048,0.05000000074505806
35791680,0.05000000074505806
35793312,0.05000000074505806
35795936,0.05000000074505806
35797984,0.05000000074505806
35808064,0.05000000074505806
35815904,0.05000000074505806
35818208,0.05000000074505806
35822464,0.05000000074505806
35824832,0.05000000074505806
35837344,0.05000000074505806
35843040,0.05000000074505806
35843904,0.05000000074505806
35844928,0.05000000074505806
35849248,0.05000000074505806
35852032,0.05000000074505806
35854016,0.05000000074505806
35855616,0.05000000074505806
35858080,0.05000000074505806
35871616,0.05000000074505806
35878752,0.05000000074505806
35898560,0.05000000074505806
35899808,0.05000000074505806
35903168,0.05000000074505806
35903328,0.05000000074505806
35904352,0.05000000074505806
35906848,0.05000000074505806
35909088,0.05000000074505806
35913696,0.05000000074505806
35916672,0.05000000074505806
35926336,0.05000000074505806
35931840,0.05000000074505806
35936160,0.05000000074505806
35938528,0.05000000074505806
35940512,0.05000000074505806
35941408,0.05000000074505806
35943968,0.05000000074505806
35945504,0.05000000074505806
35948416,0.05000000074505806
35954976,0.05000000074505806
35957824,0.05000000074505806
35967584,0.05000000074505806
35969728,0.05000000074505806
35970592,0.05000000074505806
35972640,0.05000000074505806
35973280,0.05000000074505806
35975328,0.05000000074505806
35977184,0.05000000074505806
35981920,0.05000000074505806
35984352,0.05000000074505806
35999616,0.05000000074505806
36005888,0.05000000074505806
36010976,0.05000000074505806
36014304,0.05000000074505806
36015840,0.05000000074505806
36017312,0.05000000074505806
36019648,0.05000000074505806
36024576,0.05000000074505806
36025376,0.05000000074505806
36027776,0.05000000074505806
36027968,0.05000000074505806
36029952,0.05000000074505806
36032128,0.05000000074505806
36034528,0.05000000074505806
36041984,0.05000000074505806
36052384,0.05000000074505806
36054048,0.05000000074505806
36073888,0.05000000074505806
36080768,0.05000000074505806
36081024,0.05000000074505806
36081344,0.05000000074505806
36099744,0.05000000074505806
36108672,0.05000000074505806
36136672,0.05000000074505806
36136768,0.05000000074505806
36142848,0.05000000074505806
36145120,0.05000000074505806
36159104,0.05000000074505806
36162304,0.05000000074505806
36166976,0.05000000074505806
36171680,0.05000000074505806
36171712,0.05000000074505806
36173024,0.05000000074505806
36178208,0.05000000074505806
36184448,0.05000000074505806
36189984,0.05000000074505806
36190560,0.05000000074505806
36191904,0.05000000074505806
36194528,0.05000000074505806
36200320,0.05000000074505806
36204864,0.05000000074505806
36212288,0.05000000074505806
36213248,0.05000000074505806
36216576,0.05000000074505806
36220384,0.05000000074505806
36225696,0.05000000074505806
36226176,0.05000000074505806
36232000,0.05000000074505806
36236640,0.05000000074505806
36238400,0.05000000074505806
36253824,0.05000000074505806
36259552,0.05000000074505806
36261632,0.05000000074505806
36266048,0.05000000074505806
36266112,0.05000000074505806
36266496,0.05000000074505806
36269216,0.05000000074505806
36269760,0.05000000074505806
36272768,0.05000000074505806
36276288,0.05000000074505806
36298176,0.05000000074505806
36301376,0.05000000074505806
36302048,0.05000000074505806
36302112,0.05000000074505806
36302976,0.05000000074505806
36309504,0.05000000074505806
36310560,0.05000000074505806
36314464,0.05000000074505806
36314912,0.05000000074505806
36315648,0.05000000074505806
36319680,0.05000000074505806
36320192,0.05000000074505806
36322240,0.05000000074505806
36329760,0.05000000074505806
36332832,0.05000000074505806
36336928,0.05000000074505806
36340000,0.05000000074505806
36347232,0.05000000074505806
36347712,0.05000000074505806
36351392,0.05000000074505806
36354112,0.05000000074505806
36355296,0.05000000074505806
36355808,0.05000000074505806
36356384,0.05000000074505806
36383488,0.05000000074505806
36384256,0.05000000074505806
36385024,0.05000000074505806
36387712,0.05000000074505806
36393056,0.05000000074505806
36393760,0.05000000074505806
36402560,0.05000000074505806
36409152,0.05000000074505806
36411104,0.05000000074505806
36412704,0.05000000074505806
36414240,0.05000000074505806
36415200,0.05000000074505806
36428544,0.05000000074505806
36432160,0.05000000074505806
36435584,0.05000000074505806
36439328,0.05000000074505806
36447968,0.05000000074505806
36458592,0.05000000074505806
36464992,0.05000000074505806
36473632,0.05000000074505806
36476320,0.05000000074505806
36478912,0.05000000074505806
36480608,0.05000000074505806
36503616,0.05000000074505806
36504544,0.05000000074505806
36505632,0.05000000074505806
36507360,0.05000000074505806
36508544,0.05000000074505806
36511104,0.05000000074505806
36512512,0.05000000074505806
36513664,0.05000000074505806
36538560,0.05000000074505806
36542208,0.05000000074505806
36548768,0.05000000074505806
36550912,0.05000000074505806
36563680,0.05000000074505806
36564128,0.05000000074505806
36564960,0.05000000074505806
36567968,0.05000000074505806
36568000,0.05000000074505806
36571136,0.05000000074505806
36571744,0.05000000074505806
36580384,0.05000000074505806
36596928,0.05000000074505806
36598560,0.05000000074505806
36608512,0.05000000074505806
36608608,0.05000000074505806
36613152,0.05000000074505806
36613888,0.05000000074505806
36614592,0.05000000074505806
36615520,0.05000000074505806
36618752,0.05000000074505806
36619552,0.05000000074505806
36634624,0.05000000074505806
36636192,0.05000000074505806
36636352,0.05000000074505806
36636576,0.05000000074505806
36637152,0.05000000074505806
36639296,0.05000000074505806
36642144,0.05000000074505806
36643232,0.05000000074505806
36647776,0.05000000074505806
36648608,0.05000000074505806
36649408,0.05000000074505806
36652544,0.05000000074505806
36656288,0.05000000074505806
36661280,0.05000000074505806
36665056,0.05000000074505806
36665856,0.05000000074505806
36667456,0.05000000074505806
36670176,0.05000000074505806
36673024,0.05000000074505806
36676928,0.05000000074505806
36687584,0.05000000074505806
36688064,0.05000000074505806
36710752,0.05000000074505806
36711712,0.05000000074505806
36715776,0.05000000074505806
36730432,0.05000000074505806
36731904,0.05000000074505806
36733184,0.05000000074505806
36733728,0.05000000074505806
36736128,0.05000000074505806
36737728,0.05000000074505806
36737952,0.05000000074505806
36756864,0.05000000074505806
36764928,0.05000000074505806
36767040,0.05000000074505806
36772096,0.05000000074505806
36774272,0.05000000074505806
36808032,0.05000000074505806
36809568,0.05000000074505806
36818944,0.05000000074505806
36826496,0.05000000074505806
36827968,0.05000000074505806
36830368,0.05000000074505806
36836064,0.05000000074505806
36840896,0.05000000074505806
36844192,0.05000000074505806
36844928,0.05000000074505806
36845056,0.05000000074505806
36845248,0.05000000074505806
36852128,0.05000000074505806
36855744,0.05000000074505806
36857728,0.05000000074505806
36862368,0.05000000074505806
36863072,0.05000000074505806
36863424,0.05000000074505806
36869600,0.05000000074505806
36873504,0.05000000074505806
36876320,0.05000000074505806
36876960,0.05000000074505806
36878528,0.05000000074505806
36892704,0.05000000074505806
36893824,0.05000000074505806
36907040,0.05000000074505806
36907520,0.05000000074505806
36911264,0.05000000074505806
36914272,0.05000000074505806
36921152,0.05000000074505806
36922976,0.05000000074505806
36923840,0.05000000074505806
36929920,0.05000000074505806
36930592,0.05000000074505806
36930912,0.05000000074505806
36932448,0.05000000074505806
36935872,0.05000000074505806
36937664,0.05000000074505806
36939360,0.05000000074505806
36939840,0.05000000074505806
36945568,0.05000000074505806
36947680,0.05000000074505806
36949088,0.05000000074505806
36960096,0.05000000074505806
36963648,0.05000000074505806
36970048,0.05000000074505806
36976800,0.05000000074505806
36978880,0.05000000074505806
36985312,0.05000000074505806
36997376,0.05000000074505806
36999328,0.05000000074505806
37004448,0.05000000074505806
37017056,0.05000000074505806
37019648,0.05000000074505806
37026208,0.05000000074505806
37037152,0.05000000074505806
37038720,0.05000000074505806
37039232,0.05000000074505806
37046016,0.05000000074505806
37052320,0.05000000074505806
37053696,0.05000000074505806
37058176,0.05000000074505806
37058752,0.05000000074505806
37058976,0.05000000074505806
37066080,0.05000000074505806
37070464,0.05000000074505806
37073600,0.05000000074505806
37077696,0.05000000074505806
37080736,0.05000000074505806
37083616,0.05000000074505806
37097376,0.05000000074505806
37100192,0.05000000074505806
37114912,0.05000000074505806
37121056,0.05000000074505806
37122784,0.05000000074505806
37128704,0.05000000074505806
37137952,0.05000000074505806
37143392,0.05000000074505806
37148736,0.05000000074505806
37154720,0.05000000074505806
37163008,0.05000000074505806
37167136,0.05000000074505806
37169568,0.05000000074505806
37186688,0.05000000074505806
37197120,0.05000000074505806
37197952,0.05000000074505806
37198176,0.05000000074505806
37199232,0.05000000074505806
37203392,0.05000000074505806
37204864,0.05000000074505806
37205888,0.05000000074505806
37207552,0.05000000074505806
37213152,0.05000000074505806
37213216,0.05000000074505806
37215648,0.05000000074505806
37220544,0.05000000074505806
37221056,0.05000000074505806
37227104,0.05000000074505806
37232160,0.05000000074505806
37245216,0.05000000074505806
37245920,0.05000000074505806
37255648,0.05000000074505806
37255968,0.05000000074505806
37262080,0.05000000074505806
37264704,0.05000000074505806
37267840,0.05000000074505806
37276832,0.05000000074505806
37278304,0.05000000074505806
37278752,0.05000000074505806
37279328,0.05000000074505806
37281696,0.05000000074505806
37282784,0.05000000074505806
37288000,0.05000000074505806
37290080,0.05000000074505806
37292352,0.05000000074505806
37304960,0.05000000074505806
37306624,0.05000000074505806
37308320,0.05000000074505806
37309728,0.05000000074505806
37312640,0.05000000074505806
37314112,0.05000000074505806
37321504,0.05000000074505806
37324512,0.05000000074505806
37327008,0.05000000074505806
37333632,0.05000000074505806
37341120,0.05000000074505806
37344960,0.05000000074505806
37352960,0.05000000074505806
37354816,0.05000000074505806
37354880,0.05000000074505806
37359328,0.05000000074505806
37373248,0.05000000074505806
37377856,0.05000000074505806
37382080,0.05000000074505806
37386144,0.05000000074505806
37387904,0.05000000074505806
37403136,0.05000000074505806
37404384,0.05000000074505806
37407392,0.05000000074505806
37410560,0.05000000074505806
37415616,0.05000000074505806
37423296,0.05000000074505806
37427744,0.05000000074505806
37434880,0.05000000074505806
37440864,0.05000000074505806
37443104,0.05000000074505806
37446656,0.05000000074505806
37451072,0.05000000074505806
37452704,0.05000000074505806
37457376,0.05000000074505806
37463008,0.05000000074505806
37476864,0.05000000074505806
37484832,0.05000000074505806
37485376,0.05000000074505806
37485472,0.05000000074505806
37485664,0.05000000074505806
37485728,0.05000000074505806
37490912,0.05000000074505806
37494752,0.05000000074505806
37495136,0.05000000074505806
37500224,0.05000000074505806
37501728,0.05000000074505806
37504736,0.05000000074505806
37505568,0.05000000074505806
37509056,0.05000000074505806
37510592,0.05000000074505806
37516768,0.05000000074505806
37521152,0.05000000074505806
37524512,0.05000000074505806
37530944,0.05000000074505806
37534048,0.05000000074505806
37534336,0.05000000074505806
37538272,0.05000000074505806
37541184,0.05000000074505806
37550624,0.05000000074505806
37555488,0.05000000074505806
37558784,0.05000000074505806
37559264,0.05000000074505806
37563136,0.05000000074505806
37568384,0.05000000074505806
37569408,0.05000000074505806
37570048,0.05000000074505806
37576928,0.05000000074505806
37579840,0.05000000074505806
37580128,0.05000000074505806
37589920,0.05000000074505806
37596704,0.05000000074505806
37598272,0.05000000074505806
37604640,0.05000000074505806
37606944,0.05000000074505806
37610080,0.05000000074505806
37612064,0.05000000074505806
37615616,0.05000000074505806
37629376,0.05000000074505806
37642048,0.05000000074505806
37642688,0.05000000074505806
37644224,0.05000000074505806
37645824,0.05000000074505806
37656128,0.05000000074505806
37661664,0.05000000074505806
37662624,0.05000000074505806
37662912,0.05000000074505806
37674240,0.05000000074505806
37676160,0.05000000074505806
37697792,0.05000000074505806
37698720,0.05000000074505806
37700576,0.05000000074505806
37704672,0.05000000074505806
37707744,0.05000000074505806
37709216,0.05000000074505806
37712352,0.05000000074505806
37715872,0.05000000074505806
37722176,0.05000000074505806
37724864,0.05000000074505806
37728096,0.05000000074505806
37728128,0.05000000074505806
37728576,0.05000000074505806
37732704,0.05000000074505806
37733920,0.05000000074505806
37735424,0.05000000074505806
37739424,0.05000000074505806
37747872,0.05000000074505806
37750752,0.05000000074505806
37752064,0.05000000074505806
37752576,0.05000000074505806
37754560,0.05000000074505806
37756512,0.05000000074505806
37759552,0.05000000074505806
37764256,0.05000000074505806
37766112,0.05000000074505806
37772128,0.05000000074505806
37773504,0.05000000074505806
37773632,0.05000000074505806
37778272,0.05000000074505806
37779296,0.05000000074505806
37782432,0.05000000074505806
37782880,0.05000000074505806
37782976,0.05000000074505806
37783552,0.05000000074505806
37787168,0.05000000074505806
37797216,0.05000000074505806
37797632,0.05000000074505806
37797824,0.05000000074505806
37799456,0.05000000074505806
37800640,0.05000000074505806
37800800,0.05000000074505806
37802048,0.05000000074505806
37803840,0.05000000074505806
37807840,0.05000000074505806
37810048,0.05000000074505806
37812384,0.05000000074505806
37812448,0.05000000074505806
37813440,0.05000000074505806
37813632,0.05000000074505806
37817376,0.05000000074505806
37833408,0.05000000074505806
37840896,0.05000000074505806
37844160,0.05000000074505806
37849344,0.05000000074505806
37860512,0.05000000074505806
37864992,0.05000000074505806
37870176,0.05000000074505806
37871072,0.05000000074505806
37871232,0.05000000074505806
37883104,0.05000000074505806
37887808,0.05000000074505806
37889152,0.05000000074505806
37897600,0.05000000074505806
37899872,0.05000000074505806
37904608,0.05000000074505806
37908960,0.05000000074505806
37909280,0.05000000074505806
37912096,0.05000000074505806
37912960,0.05000000074505806
37932480,0.05000000074505806
37938688,0.05000000074505806
37938784,0.05000000074505806
37945600,0.05000000074505806
37945920,0.05000000074505806
37950336,0.05000000074505806
37951264,0.05000000074505806
37954816,0.05000000074505806
37956480,0.05000000074505806
37959424,0.05000000074505806
37961056,0.05000000074505806
37968224,0.05000000074505806
37970432,0.05000000074505806
37978112,0.05000000074505806
