step,value
2400,-289.1893310546875
2816,-154.965576171875
5312,-260.0936279296875
6112,-219.2429962158203
6464,-233.9829559326172
6880,-421.0132751464844
12032,-218.8589324951172
12608,-173.22332763671875
14432,-384.9071350097656
15264,-285.49603271484375
17920,-248.76760864257812
20128,-280.7022705078125
23968,-373.9708557128906
25536,-119.9821548461914
29120,-360.244384765625
29280,-497.1988220214844
40672,-124.19510650634766
41120,-253.70066833496094
41248,-231.9126434326172
43872,-483.4908142089844
45888,-264.73565673828125
47008,-341.9173278808594
47712,-224.78439331054688
50496,-576.6717529296875
50656,-232.87734985351562
51328,-418.93756103515625
54816,-237.2584991455078
58912,-204.41702270507812
59008,-225.43812561035156
59328,-235.45123291015625
61056,-419.6865234375
63360,-258.6755676269531
64096,-406.46087646484375
65344,-397.9214172363281
65728,-102.42610931396484
65920,-303.6160888671875
67968,-186.88787841796875
68576,-257.2895812988281
71136,-426.5138854980469
76032,-290.8465270996094
80064,-404.5835266113281
81504,-660.3687744140625
84256,-693.5297241210938
86848,-223.2054901123047
90880,-288.9970397949219
94144,-400.2108459472656
95072,-410.2304992675781
103936,-234.65603637695312
106688,-175.8231658935547
108352,-203.34649658203125
113824,-315.2922058105469
116480,-479.14666748046875
119712,-438.07196044921875
121184,-363.6195373535156
125184,-701.4157104492188
125376,-243.43443298339844
130272,-290.46600341796875
130656,-469.1770324707031
131040,-197.27865600585938
136192,-195.60330200195312
143520,-271.3997802734375
143680,-208.39910888671875
146496,-245.818603515625
147840,-350.9739074707031
148192,-198.89981079101562
148288,-213.536376953125
156064,-447.4197998046875
158944,-265.1353759765625
162976,-164.75698852539062
163232,-321.08184814453125
165440,-262.7364501953125
166656,-278.87078857421875
175360,-294.57757568359375
180768,-295.0367431640625
184256,-279.16571044921875
184512,-227.0567169189453
187296,-194.5233917236328
191296,-407.93109130859375
193376,-153.4386444091797
194304,-192.05380249023438
195680,-247.4309844970703
196928,-235.77505493164062
200096,-161.4533233642578
201312,-294.0565490722656
201408,-184.890869140625
203232,-198.51455688476562
209504,-295.5489196777344
212928,-272.0427551269531
213888,-244.1355743408203
221312,-300.82421875
232704,-289.8883361816406
232832,-215.06097412109375
241888,-130.60360717773438
243200,-302.0553283691406
244608,-201.8056640625
245120,-149.00955200195312
246624,-215.5611572265625
255648,-199.30319213867188
257504,-148.8979949951172
257888,-541.953125
258816,-195.02383422851562
260768,-236.54458618164062
261824,-170.76663208007812
262976,-187.7371826171875
264608,-168.11195373535156
266272,-354.8857116699219
268256,-267.7264404296875
270304,-183.6339874267578
273568,-141.86534118652344
274336,-212.55503845214844
274400,-219.1841583251953
274688,-251.33035278320312
276096,-201.0101776123047
279072,-200.21121215820312
281952,-297.4542236328125
282304,-192.16310119628906
283648,-168.07318115234375
284864,-253.70098876953125
286560,-164.66929626464844
286944,-16.387283325195312
287360,-546.9658813476562
287808,-142.78204345703125
288128,-203.0571746826172
289632,-199.04127502441406
293504,-413.85797119140625
295072,-416.4557189941406
303936,-188.10752868652344
305536,-219.38705444335938
308320,-445.14617919921875
309536,-194.68031311035156
313856,-192.0516815185547
314496,-277.0057067871094
314528,-170.68675231933594
318752,-217.3011016845703
320576,-156.59375
321632,-207.88485717773438
323328,-190.51708984375
328448,-297.71942138671875
329344,-197.79176330566406
329952,-162.86123657226562
330816,-282.4457092285156
339392,-215.9853515625
341664,-157.68634033203125
348544,-169.86683654785156
351552,-412.2288818359375
351616,-191.8258514404297
353152,-194.5955047607422
355616,-227.612548828125
360864,-259.71820068359375
365408,-185.78221130371094
368160,-226.7477264404297
368608,-229.51953125
368960,-216.93624877929688
370624,-192.9095001220703
371232,-195.7236328125
371616,-459.1835021972656
375520,-223.4772491455078
377216,-243.7904052734375
377280,-181.87142944335938
380384,-182.8118896484375
382048,-189.32583618164062
383744,-179.7350311279297
392160,-195.39344787597656
395264,-167.8848114013672
396800,-145.9977264404297
402688,-258.29888916015625
405600,-240.9176025390625
410528,-167.43869018554688
413664,-143.49639892578125
414112,-203.9219207763672
418720,-160.01876831054688
420000,-156.63211059570312
423744,-259.4606018066406
423872,-308.0452575683594
427840,-196.1204833984375
432384,-285.57843017578125
437408,-210.7459716796875
438944,-159.7984619140625
439904,-233.93182373046875
442784,-170.6407928466797
447680,-162.6337432861328
451936,-230.0950927734375
453600,-306.2286682128906
454272,-195.3637237548828
455200,-159.0711212158203
458112,-185.2892303466797
459840,-202.23667907714844
465472,-230.71652221679688
466752,-246.47837829589844
468672,-202.34423828125
472768,-207.15948486328125
475040,-204.87551879882812
476416,-203.11167907714844
476800,-181.60592651367188
478144,-172.8094024658203
479392,-200.61483764648438
479776,-166.99334716796875
480800,-204.7935028076172
485856,-129.98464965820312
485920,-217.31954956054688
488640,-262.2657165527344
489344,-218.2806396484375
490144,-229.4086456298828
492736,-189.70098876953125
493536,-429.220703125
497376,-183.9197540283203
499328,-201.6676483154297
501696,-248.40232849121094
511872,-196.9637451171875
511936,-206.9828643798828
517792,-162.5360107421875
526176,-218.4879608154297
526880,-269.73638916015625
534272,-237.5101776123047
536768,-227.31161499023438
541088,-290.3503723144531
546336,-212.59783935546875
551328,-198.9733428955078
552032,-192.74258422851562
555712,-241.34588623046875
559232,-154.11441040039062
563680,-230.2386474609375
568480,-205.15829467773438
569600,-180.52386474609375
569632,-181.9665985107422
572480,-309.8197021484375
575200,-251.84690856933594
578112,-211.25942993164062
580096,-163.06634521484375
580416,-242.4642791748047
582112,-208.781005859375
585056,-223.1678466796875
585184,-245.03717041015625
591328,-235.73793029785156
591776,-228.26132202148438
592352,-220.33303833007812
595392,-295.4100036621094
599872,-150.29544067382812
604928,-174.0699920654297
608416,-165.70582580566406
608768,-140.67591857910156
611552,-184.39903259277344
613760,-457.12139892578125
619648,-172.78221130371094
626912,-200.33216857910156
632128,-233.2291259765625
638048,-183.2060089111328
640704,-252.74131774902344
640768,-206.16555786132812
642080,-235.97488403320312
644544,-285.4869384765625
651072,-246.26242065429688
652224,-299.494873046875
653216,-262.97113037109375
654112,-200.6533966064453
654976,-175.69052124023438
655808,-234.6085662841797
658176,-180.20260620117188
663136,-179.9104461669922
664928,-164.57244873046875
666592,-179.88375854492188
666688,-215.40118408203125
666752,-176.0333709716797
675456,-183.48663330078125
677920,-279.57568359375
681344,-175.63174438476562
681888,-181.69798278808594
685248,-195.4795379638672
687328,-200.3983154296875
697824,-314.2011413574219
703168,-240.2237091064453
704448,-197.49142456054688
711552,-232.47264099121094
712864,-191.3618927001953
715392,-185.43711853027344
717600,-195.75811767578125
720096,-215.25469970703125
724704,-163.74288940429688
734944,-199.053466796875
736992,-167.41441345214844
738784,-178.37574768066406
739776,-161.23916625976562
746752,-208.3673858642578
749408,-160.34393310546875
755104,-200.68833923339844
755520,-169.77857971191406
759872,-166.37770080566406
760896,-148.03189086914062
763488,-201.89720153808594
770208,-380.4261779785156
775840,-191.65924072265625
776576,-200.342529296875
779680,-268.57794189453125
780928,-189.02284240722656
781088,-150.5936279296875
781248,-241.8632049560547
783168,-195.05445861816406
785408,-198.28814697265625
785888,-214.34347534179688
791488,-199.42318725585938
791552,-146.8964080810547
792256,-219.01638793945312
796576,-230.6478271484375
799936,-154.07972717285156
802816,-202.5009307861328
806720,-282.18304443359375
811008,-184.04208374023438
815584,-223.20347595214844
816608,-183.03530883789062
821088,-201.5644989013672
824704,-153.23826599121094
827360,-203.69537353515625
828416,-160.33831787109375
829408,-230.30104064941406
830240,-242.7398223876953
836736,-219.9784698486328
840128,-176.57701110839844
843712,-142.7042999267578
846304,-198.53993225097656
849184,-233.03494262695312
849312,-240.26388549804688
849632,-184.4139862060547
852896,-194.19384765625
858592,-186.796875
859744,-209.64524841308594
863744,-183.9093475341797
867232,-155.0430145263672
870528,-192.21302795410156
872800,-223.08079528808594
879264,-253.4496307373047
879360,-222.28463745117188
880032,-183.82208251953125
880832,-160.34950256347656
881344,-175.99362182617188
886592,-202.76991271972656
888480,-164.31387329101562
889344,-190.68246459960938
889440,-221.5537872314453
895424,-211.84498596191406
895488,-250.74440002441406
896640,-180.33375549316406
902656,-202.1169891357422
903392,-212.63475036621094
904000,-200.8575439453125
909088,-194.92628479003906
910912,-210.85235595703125
911200,-233.59555053710938
913888,-121.08423614501953
914848,-204.13613891601562
915584,-189.68692016601562
922432,-168.98077392578125
926272,-214.37081909179688
927552,-206.41754150390625
931648,-155.77247619628906
938400,-172.42140197753906
939008,-223.80186462402344
939648,-208.2820587158203
940320,-222.8136749267578
949344,-235.48440551757812
951712,-178.0988311767578
952992,-178.26747131347656
955744,-196.0983428955078
957376,-158.64602661132812
959808,-237.76370239257812
959936,-234.4130401611328
962048,-187.36929321289062
964640,-230.07785034179688
964736,-176.20626831054688
965504,-181.6217498779297
965856,-181.3337860107422
968832,-148.9773712158203
973984,-186.6804656982422
975584,-246.55007934570312
978720,-252.07505798339844
980512,-189.55747985839844
986400,-169.73719787597656
987776,-205.32980346679688
988576,-204.5702667236328
988928,-154.04054260253906
991232,-231.9971160888672
996768,-231.22210693359375
999968,-164.71461486816406
1001632,-224.3251190185547
1002112,-165.00408935546875
1002688,-178.19546508789062
1005440,-175.4716033935547
1007456,-186.5948944091797
1009056,-215.8032684326172
1013056,-237.0901641845703
1013056,-226.38084411621094
1018432,-287.0418701171875
1019520,-268.23272705078125
1020960,-224.70741271972656
1024256,-209.52769470214844
1029440,-219.30381774902344
1034880,-223.79290771484375
1035072,-240.2683868408203
1037056,-231.84515380859375
1052992,-203.6397247314453
1058112,-146.8871307373047
1063648,-192.19772338867188
1063968,-200.11326599121094
1065856,-158.83248901367188
1066528,-219.35708618164062
1067456,-231.30404663085938
1070816,-240.49221801757812
1076864,-208.03363037109375
1077248,-181.07106018066406
1078560,-191.7701873779297
1079136,-269.1352844238281
1080480,-207.9698028564453
1090240,-248.65328979492188
1092288,-202.4023895263672
1096448,-123.4670639038086
1098752,-189.44696044921875
1100320,-292.1656799316406
1108608,-181.70481872558594
1110592,-245.7370147705078
1115232,-217.0736083984375
1117856,-233.4296875
1121792,-181.02703857421875
1122240,-157.92710876464844
1124384,-210.23043823242188
1127616,-222.91867065429688
1129472,-163.77804565429688
1133440,-179.7282257080078
1140544,-180.8706817626953
1141056,-172.90841674804688
1145760,-246.1144256591797
1147744,-226.94720458984375
1150432,-307.5354309082031
1150688,-253.34298706054688
1153120,-218.0975341796875
1154528,-197.4894561767578
1158016,-196.9119415283203
1160704,-164.83729553222656
1161952,-207.79359436035156
1166208,-180.42941284179688
1168736,-204.7671661376953
1170240,-194.61900329589844
1170624,-751.0331420898438
1171744,-189.4468231201172
1174688,-142.04983520507812
1179072,-152.02175903320312
1179424,-214.912109375
1183296,-218.0845489501953
1184896,-205.54904174804688
1187552,-210.10610961914062
1189824,-164.49334716796875
1190048,-272.5568542480469
1190272,-227.27285766601562
1191296,-187.03524780273438
1194368,-237.80113220214844
1195936,-183.2925567626953
1197504,-179.21682739257812
1198336,-228.30227661132812
1202304,-170.59283447265625
1204320,-159.6806640625
1205728,-229.79025268554688
1210336,-313.9768371582031
1211072,-215.4840087890625
1216288,-123.42401885986328
1220320,-197.5319061279297
1222592,-423.7549743652344
1227712,-209.43772888183594
1228576,-150.30079650878906
1228576,-281.22772216796875
1231520,-273.49456787109375
1240928,-237.73361206054688
1241920,-186.16932678222656
1244640,-258.0594482421875
1249920,-160.0038299560547
1250208,-214.34005737304688
1251104,-452.9139099121094
1255936,-225.1768798828125
1261120,-272.85992431640625
1266848,-222.5370330810547
1278560,-199.9910430908203
1278720,-174.47808837890625
1279488,-160.95083618164062
1281408,-172.76779174804688
1282144,-136.6595458984375
1282848,-157.68968200683594
1283328,-79.9798583984375
1284416,-148.4333038330078
1286816,-269.7064208984375
1298368,-278.34918212890625
1298560,-209.00445556640625
1300672,-221.2744598388672
1302560,-157.2694854736328
1304096,-190.53663635253906
1307616,-205.7938995361328
1308128,-174.2183074951172
1308224,-174.126708984375
1308480,-176.63107299804688
1309504,-132.979736328125
1315296,-234.60780334472656
1330368,-241.18902587890625
1332352,-168.49462890625
1332928,-176.21450805664062
1333408,-121.31204223632812
1335392,-32.186336517333984
1338944,-197.61253356933594
1340288,-167.10504150390625
1345376,-178.38818359375
1347904,-193.6737060546875
1351680,-246.9169921875
1352128,-137.9705810546875
1355872,-165.09312438964844
1356544,-211.7626495361328
1357536,-265.2788391113281
1358848,-161.4665985107422
1360096,-327.5167541503906
1360128,-503.85650634765625
1362752,-173.8409423828125
1364192,-125.12191772460938
1364352,-245.1515655517578
1365152,-211.03341674804688
1368768,-208.61634826660156
1383264,-200.95858764648438
1384256,-200.3572998046875
1386048,-224.38336181640625
1390368,-251.2989959716797
1390944,-118.76335906982422
1392512,-187.1319122314453
1398912,-226.2429656982422
1400160,-108.5434799194336
1404864,-241.79541015625
1410432,-202.34817504882812
1411904,-194.05670166015625
1417312,-222.58975219726562
1425216,-251.92506408691406
1425952,-217.29539489746094
1427552,-179.30674743652344
1430208,-232.9588165283203
1432640,-373.8592529296875
1434848,-233.59661865234375
1435968,-172.01148986816406
1436064,-180.3387908935547
1442176,-126.8256607055664
1444640,-172.49789428710938
1445216,-170.49220275878906
1448000,-183.88037109375
1448832,-173.08741760253906
1450528,-224.66989135742188
1452416,-176.04226684570312
1452832,-155.141357421875
1453312,-175.33619689941406
1456192,-157.90415954589844
1460928,-296.3800354003906
1461440,-187.45840454101562
1464672,-182.27598571777344
1465120,-128.02496337890625
1468704,-192.27499389648438
1473184,-157.2792205810547
1473760,-168.05577087402344
1476736,-214.9077911376953
1480448,-192.53955078125
1482144,-238.41673278808594
1484096,-241.3351593017578
1486496,-183.42227172851562
1488352,-206.8732452392578
1490272,-195.46356201171875
1496128,-180.85418701171875
1497440,-197.46197509765625
1497824,-138.8019561767578
1497856,-234.93637084960938
1499840,28.761938095092773
1507232,-185.77841186523438
1521760,-167.26905822753906
1522016,-259.7685241699219
1522720,-219.75672912597656
1525248,-150.90853881835938
1528160,-142.38966369628906
1531648,-159.42726135253906
1535392,-167.1265106201172
1535616,-214.7814483642578
1541792,-72.70518493652344
1554880,-253.8031463623047
1556768,-226.7672882080078
1557632,-234.78062438964844
1558688,-153.6195068359375
1558912,21.747400283813477
1561376,-239.29473876953125
1578752,-225.46006774902344
1584000,-215.056640625
1584960,-215.3463897705078
1589600,-217.6893768310547
1589632,-184.55213928222656
1593184,-229.67555236816406
1597056,-303.3529052734375
1597280,-247.23545837402344
1597824,-152.9538116455078
1597920,-241.22384643554688
1598080,-155.2736053466797
1600192,-246.6444091796875
1600352,-173.26992797851562
1603840,-148.01193237304688
1609280,-197.4773406982422
1610272,-187.18423461914062
1612928,-240.8767852783203
1613440,-111.31201171875
1617184,-192.22328186035156
1617344,-186.75244140625
1618240,-124.06532287597656
1618272,-163.63963317871094
1618656,-151.8789825439453
1627872,-218.5026092529297
1633376,-125.04376983642578
1633696,-202.80072021484375
1635168,-230.13037109375
1641184,-174.2630615234375
1641248,-253.27952575683594
1641248,-437.25982666015625
1642208,-180.80657958984375
1642976,-228.99929809570312
1644704,-209.93167114257812
1645728,-176.8466033935547
1647808,-146.50584411621094
1649888,-114.63189697265625
1650528,-356.6285705566406
1653120,-170.03834533691406
1653760,-184.83753967285156
1653952,-211.34080505371094
1658336,-186.08047485351562
1658528,-183.75514221191406
1660160,-240.9268798828125
1663328,-194.1658172607422
1665056,-222.2647705078125
1668128,-225.3250732421875
1669440,-170.86053466796875
1673696,-249.19801330566406
1678528,-245.87387084960938
1682912,-193.21327209472656
1686656,-99.97737884521484
1693600,-133.93812561035156
1694368,-216.5079345703125
1696288,-242.85491943359375
1696992,-182.9153594970703
1700256,-132.98800659179688
1700768,-244.43356323242188
1703808,-175.54025268554688
1704128,-172.74794006347656
1710240,-213.05908203125
1710400,-134.36370849609375
1713248,-155.01638793945312
1726976,-199.37022399902344
1728640,-202.81402587890625
1732896,-150.0858612060547
1734336,-162.48251342773438
1736128,-213.0910186767578
1738208,-215.3593292236328
1741888,-232.6969451904297
1744160,-207.57659912109375
1747904,-269.0562438964844
1749216,-189.38417053222656
1750912,-202.15423583984375
1751712,-164.2677764892578
1756832,-5.124725818634033
1757920,-115.68994140625
1758272,-200.44760131835938
1762592,-163.20652770996094
1763136,-204.92852783203125
1773760,-234.51934814453125
1775104,-234.68028259277344
1777632,115.41130828857422
1780288,-179.8378143310547
1784064,-189.41256713867188
1784736,-124.74823760986328
1785152,-216.0325469970703
1785312,-612.63037109375
1786304,-212.0113983154297
1788384,-218.8964385986328
1789856,220.22283935546875
1790336,-57.14426803588867
1791136,-109.03353118896484
1791456,-192.4824676513672
1793376,-90.40629577636719
1805504,-153.21824645996094
1805792,-241.08203125
1805984,-262.74920654296875
1807456,-277.2396545410156
1810720,-129.64942932128906
1810752,-214.47166442871094
1811936,-149.3897705078125
1812416,-138.73390197753906
1814112,-270.1399230957031
1823488,-123.552978515625
1827904,-191.9152374267578
1829728,-182.48793029785156
1834336,-215.37960815429688
1839840,-164.73985290527344
1844640,-195.57437133789062
1847360,-226.24591064453125
1859136,-160.61849975585938
1860544,-198.03834533691406
1861824,-252.69976806640625
1863264,-242.67889404296875
1865344,-307.0047302246094
1866912,-294.7409973144531
1869440,-193.19871520996094
1870304,-211.129150390625
1871904,-192.18690490722656
1872736,-103.03177642822266
1873120,-189.399169921875
1873440,-119.44248962402344
1874336,-125.59378814697266
1879104,-225.15805053710938
1881376,32.9001350402832
1884928,-190.65599060058594
1885056,-128.51881408691406
1890080,-172.4069366455078
1894144,-156.5174102783203
1895104,-166.49974060058594
1895424,-127.69807434082031
1897568,-216.7373504638672
1897888,-251.41622924804688
1898400,-135.3740692138672
1901760,-221.3885498046875
1903904,-437.33294677734375
1906400,-226.08653259277344
1915360,-221.74261474609375
1921056,-116.39764404296875
1925280,-238.64041137695312
1926496,-192.38101196289062
1933120,-205.09585571289062
1936320,-214.7518768310547
1936832,-83.4538803100586
1939040,-173.1485595703125
1942848,-156.08497619628906
1946592,-273.7995300292969
1947808,-182.1399688720703
1949184,-92.25444030761719
1952352,-223.30665588378906
1956128,-200.30569458007812
1967264,-211.27630615234375
1968576,-202.6853790283203
1969696,-268.7547302246094
1970208,-117.92923736572266
1975328,-267.3294372558594
1977056,-118.66487121582031
1978656,-200.70608520507812
1983936,-239.7448272705078
1988032,-214.86697387695312
1988768,-201.2896728515625
1989568,-39.40018844604492
1995584,-288.70452880859375
2005888,-214.3545379638672
2007136,-283.485595703125
2009056,-236.22854614257812
2009376,-221.7435760498047
2015168,-185.71047973632812
2025248,97.298583984375
2027872,-221.4571075439453
2028192,-124.90658569335938
2039360,-191.00001525878906
2039584,-164.21495056152344
2042112,-101.63162994384766
2042688,-218.9189453125
2051264,-239.99502563476562
2055616,-206.64784240722656
2061280,-87.43891143798828
2067456,-236.33438110351562
2072128,-209.6461181640625
2074976,-232.62814331054688
2078944,-219.62709045410156
2083616,-161.35279846191406
2084640,-436.4271545410156
2087872,-151.6963653564453
2089280,-243.75723266601562
2092416,-197.6546173095703
2092864,-347.6268005371094
2093216,-136.63592529296875
2096288,-179.24761962890625
2101184,-185.4667510986328
2101888,-160.5826416015625
2105152,-195.61550903320312
2106240,-199.71426391601562
2107488,-214.62864685058594
2111264,-155.08998107910156
2111776,-171.1167449951172
2111904,-210.33929443359375
2112032,-263.85577392578125
2112384,-98.40544128417969
2112832,-221.9888153076172
2114272,-181.49185180664062
2117760,-183.96539306640625
2118208,-164.32701110839844
2120224,-185.20132446289062
2120576,-222.75526428222656
2120608,-177.34596252441406
2126400,-186.41180419921875
2128288,-214.0777587890625
2131872,-147.9901885986328
2132448,-172.87339782714844
2132864,-182.56985473632812
2137856,-589.1974487304688
2138496,-226.7332305908203
2140000,-220.71571350097656
2142208,-162.7471923828125
2144096,-384.55999755859375
2144608,-118.25399780273438
2146720,-209.33741760253906
2148000,-194.75083923339844
2150656,-366.5530090332031
2158592,-122.82221984863281
2163680,-116.52803802490234
2164992,-192.51104736328125
2165216,-121.50558471679688
2166336,-137.37757873535156
2167392,-209.2059783935547
2167488,-243.9001007080078
2176480,-258.9266052246094
2178784,-231.78750610351562
2179104,-130.15748596191406
2183008,-251.339599609375
2185888,-209.77420043945312
2187456,-177.95916748046875
2190080,-113.16316223144531
2191712,-204.25331115722656
2192576,-221.37168884277344
2193344,-81.26061248779297
2193888,-202.93759155273438
2198688,-221.34886169433594
2200352,-220.17605590820312
2209216,-202.36572265625
2209664,-155.4429931640625
2214272,-109.48019409179688
2215840,-238.2191925048828
2240064,-91.20978546142578
2243328,-211.45895385742188
2245568,-241.41763305664062
2249248,-155.88357543945312
2254912,-229.51358032226562
2262016,-184.60562133789062
2263520,-204.39389038085938
2265088,-331.4037170410156
2265952,-213.28807067871094
2271584,-232.3340606689453
2273472,-264.5242614746094
2277536,-162.37994384765625
2278912,-114.95793151855469
2281888,-169.57591247558594
2283328,-173.9131622314453
2285792,-211.71292114257812
2290976,-185.9280548095703
2291296,-208.9409637451172
2295424,-242.1934356689453
2299968,-215.75372314453125
2305024,-240.1220245361328
2311872,-92.2255630493164
2312576,-206.53057861328125
2312704,-248.77671813964844
2318816,-167.98741149902344
2320384,-302.6360168457031
2325600,-263.3595275878906
2328992,-121.37142944335938
2330784,-153.0233154296875
2335648,-169.9349822998047
2341024,-280.04656982421875
2347328,-155.64283752441406
2350080,-188.11508178710938
2351392,-208.99891662597656
2355008,-158.3252716064453
2356384,-226.78424072265625
2359072,-163.07708740234375
2360224,-186.11566162109375
2367328,-238.80299377441406
2367488,-181.68197631835938
2367712,-215.0657501220703
2368192,-212.6833953857422
2372448,-234.97540283203125
2375648,-258.0091857910156
2377920,-221.8470001220703
2379968,-236.45443725585938
2381696,-224.3390350341797
2382208,-121.23638916015625
2389856,-267.2183837890625
2390464,-171.0879669189453
2395200,-243.46591186523438
2396064,-257.8546447753906
2402016,-191.300537109375
2403008,-158.16831970214844
2403904,-171.45806884765625
2405856,-147.24417114257812
2407488,-244.18170166015625
2408352,-161.55653381347656
2409312,-148.70468139648438
2412992,-135.25222778320312
2419840,-423.5828552246094
2421216,-159.8114013671875
2435584,-29.107906341552734
2436448,-166.00636291503906
2440480,-269.7587585449219
2441760,-189.04127502441406
2441888,-171.78643798828125
2443104,-217.81802368164062
2444608,-215.8671417236328
2452320,-284.3300476074219
2458784,-193.1504364013672
2460288,-220.44033813476562
2467232,-207.3719024658203
2468640,-180.12742614746094
2485440,-176.5164031982422
2486176,-247.4193572998047
2495904,-164.806640625
2496064,-163.8480987548828
2496128,-126.01678466796875
2497056,-212.0162353515625
2501984,-127.16824340820312
2516448,-251.37353515625
2516608,-254.68228149414062
2519040,-243.79925537109375
2520096,-149.16796875
2521952,-2.692575693130493
2525344,-221.6959991455078
2526784,-199.0989990234375
2532352,-227.3167724609375
2533056,-431.7914123535156
2535776,-172.0862579345703
2538336,-196.868408203125
2540832,-233.34385681152344
2541216,-229.98690795898438
2543392,-179.27699279785156
2548736,-190.4934539794922
2549696,-460.4203796386719
2552032,-210.64822387695312
2553856,-331.7084655761719
2555296,-230.97662353515625
2559936,-234.5844268798828
2565472,-130.26536560058594
2569536,-206.8697052001953
2581792,-363.24114990234375
2583392,-189.0660400390625
2586592,-136.29212951660156
2586624,-180.13233947753906
2586848,-207.9318389892578
2604672,-218.798095703125
2606528,83.104248046875
2612448,-257.9037780761719
2612832,-224.05523681640625
2614432,-189.96157836914062
2618016,-282.5728454589844
2620096,206.0552215576172
2624512,-256.869873046875
2629664,-90.44884490966797
2631136,-187.7156219482422
2631808,-140.11692810058594
2638592,-233.88052368164062
2643456,-206.7986297607422
2645152,-162.94485473632812
2646496,-218.52447509765625
2649088,-267.3324279785156
2649920,-416.9090270996094
2650400,-134.83375549316406
2661984,-439.77044677734375
2664640,-291.1229248046875
2669472,-117.32854461669922
2669728,-269.2866516113281
2670400,-223.0503387451172
2672544,-164.08644104003906
2680800,-262.02587890625
2681216,-104.51123046875
2683264,-217.5979461669922
2684128,-163.71690368652344
2685536,-181.28363037109375
2688384,-103.96234893798828
2689536,-95.86578369140625
2692544,-159.27764892578125
2693216,-156.86322021484375
2696416,-242.17916870117188
2697824,-182.47349548339844
2697888,-238.06654357910156
2698880,-264.1150207519531
2699008,-200.59515380859375
2700608,-258.3215637207031
2701440,-133.14613342285156
2702880,-227.25868225097656
2705984,-229.79063415527344
2706976,-174.15538024902344
2708512,-205.27413940429688
2710752,-122.82864379882812
2713248,-163.84120178222656
2723424,-215.99583435058594
2730208,-124.89273834228516
2731584,-162.7056427001953
2731648,-157.63819885253906
2732800,-219.28506469726562
2733056,-215.5855255126953
2734912,-264.3352966308594
2736224,-247.7144012451172
2737312,-10.91972827911377
2738112,-221.60447692871094
2739296,-197.81802368164062
2743296,-167.709228515625
2749088,-178.2578125
2750560,-229.12791442871094
2751104,-239.9646759033203
2762368,-226.24525451660156
2764224,-252.8763427734375
2764832,-166.06471252441406
2774816,-152.7125244140625
2778912,-185.96348571777344
2780000,-105.23063659667969
2781824,-230.23312377929688
2794240,-185.51651000976562
2796096,-246.78797912597656
2796992,-211.1792755126953
2797408,-184.81752014160156
2798496,-142.712890625
2805248,-173.5020294189453
2807648,-172.263916015625
2811456,-219.80474853515625
2814560,-175.36178588867188
2816384,-128.22344970703125
2817632,-229.53868103027344
2822624,-156.9527130126953
2825120,128.31248474121094
2834112,-141.38394165039062
2841248,-153.70330810546875
2841920,-201.59146118164062
2845280,-275.55242919921875
2847200,-240.29725646972656
2851744,-225.8839111328125
2852704,-206.66156005859375
2853216,-232.83355712890625
2856448,-213.473388671875
2857600,-232.7277374267578
2861216,-187.19863891601562
2863552,-214.16592407226562
2868000,-204.85574340820312
2870816,-469.5979919433594
2874752,-175.00405883789062
2879136,-149.64190673828125
2887808,-209.39834594726562
2889120,-103.07936096191406
2891296,-229.9062957763672
2893376,-396.81781005859375
2894208,-156.3272247314453
2894496,-190.96502685546875
2894688,-228.94692993164062
2896768,-196.11695861816406
2899136,-253.46054077148438
2900768,-151.92820739746094
2904256,-168.05751037597656
2909952,-251.936279296875
2910464,-155.78250122070312
2915424,-107.40957641601562
2915744,-202.10731506347656
2920448,-279.9632568359375
2925280,-324.1653747558594
2932896,-255.3096466064453
2933280,207.22903442382812
2936576,-127.10492706298828
2945920,-122.64099884033203
2948416,-219.91993713378906
2954368,-223.6389617919922
2957408,-227.03089904785156
2960192,-208.6570281982422
2965792,-137.95816040039062
2971072,-201.3869171142578
2971232,-207.776611328125
2972864,-159.00196838378906
2973856,-156.96421813964844
2978880,-240.07411193847656
2979456,-176.8991241455078
2982848,-392.34490966796875
2988640,-279.8848876953125
2989312,-180.9983367919922
2989824,-164.6890106201172
2997216,-679.7164306640625
3003968,-178.50962829589844
3006976,-222.46994018554688
3008352,-162.95909118652344
3011072,-235.53317260742188
3013024,-173.44569396972656
3014208,-247.61651611328125
3015648,-179.81741333007812
3018240,-124.3666763305664
3026464,-175.50511169433594
3034496,-172.0327911376953
3039328,-211.8546600341797
3048896,-191.95506286621094
3048896,-196.2505340576172
3060896,-187.48048400878906
3062176,-138.97561645507812
3062432,-240.8035125732422
3076736,-206.10105895996094
3087360,-224.35031127929688
3088512,-222.09405517578125
3094176,-194.8904571533203
3094208,-239.94723510742188
3101280,-344.6543273925781
3103232,-211.0934295654297
3104192,-154.36497497558594
3118848,-162.267822265625
3119328,-167.1715850830078
3128768,-133.76052856445312
3131680,-198.56094360351562
3139200,-200.73385620117188
3140960,-184.31626892089844
3145760,-115.76722717285156
3146848,-218.58021545410156
3148960,-259.7308349609375
3149056,-111.55199432373047
3155456,-263.8074645996094
3155584,-207.3310089111328
3161792,-173.6320037841797
3169408,-213.57835388183594
3177632,-155.84535217285156
3180288,-159.65957641601562
3183200,-204.7306671142578
3193024,-170.02149963378906
3194624,-212.1798095703125
3195328,-177.96119689941406
3199648,-159.2093963623047
3202816,-550.1981201171875
3205120,-239.6137237548828
3211040,-119.46192169189453
3214720,-235.8763427734375
3218272,-189.00770568847656
3219008,77.8544692993164
3229184,-274.916748046875
3234560,-224.90972900390625
3239264,-186.8936004638672
3244704,116.80126953125
3246848,-125.88307189941406
3247936,-200.79251098632812
3251712,-227.2499542236328
3252576,-166.8032989501953
3261152,-216.1260223388672
3261792,-472.7093505859375
3266272,-200.61810302734375
3279200,-191.847900390625
3279616,-144.00375366210938
3286240,-155.8683319091797
3286496,-173.5375213623047
3288480,-200.31053161621094
3289184,-193.45254516601562
3289600,-225.47286987304688
3295328,-196.67724609375
3296544,-60.00910949707031
3300192,-256.78204345703125
3303296,-261.5554504394531
3310688,-220.67796325683594
3311104,-257.9571838378906
3312512,-221.90875244140625
3314944,-204.89613342285156
3316928,-162.31117248535156
3321280,-225.95018005371094
3327264,-157.17625427246094
3330112,-247.6730499267578
3333920,-166.6450653076172
3335616,-222.11276245117188
3339072,-138.71722412109375
3340224,-159.51437377929688
3341792,-202.51217651367188
3342048,-174.7977752685547
3344992,-223.73484802246094
3346400,-136.89476013183594
3347072,-263.8945617675781
3351744,-162.09530639648438
3355808,-266.4111328125
3357696,-207.5546417236328
3357792,-208.08737182617188
3360128,-191.03945922851562
3360672,-215.6587677001953
3360768,-115.4653549194336
3366848,-216.24179077148438
3373600,-262.93896484375
3374080,-254.555419921875
3381664,-207.06951904296875
3387200,5.555306911468506
3389504,-185.25953674316406
3395552,-260.771728515625
3395584,-179.6622314453125
3395904,-255.8578643798828
3399712,-202.9218292236328
3403392,-233.47853088378906
3407424,-250.6412353515625
3408672,-289.42462158203125
3408896,-198.616455078125
3417440,-174.81863403320312
3420832,-373.8587951660156
3420960,-230.58665466308594
3422016,-263.43829345703125
3424576,-225.00152587890625
3425312,-197.52137756347656
3427712,-204.5274658203125
3431648,-128.31886291503906
3431872,-211.2595977783203
3435520,-237.92303466796875
3439424,-199.1165008544922
3440832,-253.2304229736328
3441248,-131.33604431152344
3443840,-154.3602752685547
3446528,-196.35716247558594
3449984,-254.32484436035156
3457312,-236.37049865722656
3458112,-246.4387969970703
3468544,-202.88824462890625
3471872,117.61707305908203
3477152,-245.58624267578125
3483616,-252.7115020751953
3485120,-188.9718017578125
3486048,-132.9280548095703
3490656,-218.56707763671875
3494720,-191.2003631591797
3497984,-157.7707977294922
3498240,-195.87152099609375
3501792,-211.3479461669922
3507744,-62.375328063964844
3507968,-153.45452880859375
3514752,-245.75015258789062
3517920,-238.18881225585938
3518784,-181.09335327148438
3519392,-197.8797149658203
3521312,-193.26158142089844
3523744,-203.59140014648438
3528896,-190.4251708984375
3529696,-197.87757873535156
3535488,-158.55130004882812
3536864,-225.52044677734375
3541760,-196.17869567871094
3543104,-142.60647583007812
3547584,-214.83224487304688
3548992,-217.58912658691406
3548992,-190.78688049316406
3551936,-135.25747680664062
3553504,-211.5522918701172
3554816,-245.7997589111328
3557408,-161.23008728027344
3559424,-239.38124084472656
3559808,143.50819396972656
3559968,-344.51312255859375
3561568,-98.36536407470703
3569344,-456.2571105957031
3572160,-208.9706573486328
3575840,-169.942138671875
3581664,-50.76530838012695
3583520,-182.85464477539062
3585312,-343.495849609375
3592640,-201.39108276367188
3594560,-222.79443359375
3595072,-264.9571228027344
3598272,-196.9691619873047
3599648,-114.93079376220703
3600800,-175.47340393066406
3600832,-278.93182373046875
3602176,-264.48968505859375
3602336,-209.3578338623047
3603072,-156.8919677734375
3606336,-205.3379669189453
3607264,-180.21200561523438
3611072,-220.49302673339844
3619328,-184.62498474121094
3620960,-105.4425048828125
3625344,-204.56216430664062
3626560,-211.0184326171875
3629888,-188.59031677246094
3638240,-194.9109649658203
3640832,-220.6526641845703
3642432,-172.90721130371094
3646240,-65.53657531738281
3656736,-251.45584106445312
3656832,-223.245361328125
3663744,-164.59677124023438
3665504,-221.50372314453125
3672832,-237.1748504638672
3689376,-207.8791961669922
3689856,-214.1981201171875
3691104,-168.5155792236328
3692096,-193.13925170898438
3698848,-201.30674743652344
3699616,-169.47537231445312
3711808,-228.83714294433594
3711840,-138.9334259033203
3711936,-267.3778381347656
3715360,-212.82754516601562
3717248,-166.4313201904297
3718336,-340.116455078125
3718880,-256.1840515136719
3719936,-271.7707824707031
3721472,-144.7877655029297
3723232,-394.92828369140625
3731328,-207.91775512695312
3732352,-533.0234985351562
3734912,84.86566162109375
3736064,-238.2751007080078
3745888,-216.0908203125
3752256,-147.19752502441406
3753888,-226.73175048828125
3757504,-84.09317016601562
3758720,-212.19845581054688
3760288,-202.40953063964844
3761152,-178.97447204589844
3762432,-446.8363952636719
3767808,-214.84664916992188
3768736,-192.30908203125
3768864,-225.895263671875
3775616,-233.68650817871094
3776544,-180.25393676757812
3782016,-253.8380889892578
3782592,-314.9595031738281
3783584,-236.38792419433594
3784256,-182.1427459716797
3790368,-219.50900268554688
3791616,-251.3118133544922
3795488,-194.46408081054688
3800928,-244.75717163085938
3801504,-188.7839813232422
3803968,-161.22390747070312
3809888,-169.50633239746094
3816128,-206.4734649658203
3821024,-160.9993133544922
3821792,-227.0914306640625
3823872,-198.13165283203125
3828288,-254.62164306640625
3830432,-188.99790954589844
3831552,-125.86351013183594
3831648,-197.28382873535156
3832352,-214.90182495117188
3835936,-209.63421630859375
3836832,-191.71112060546875
3839424,-468.8372497558594
3841280,-192.4237823486328
3846080,-227.49244689941406
3849728,-147.95730590820312
3850816,-114.22573852539062
3853056,-127.43984985351562
3854368,-172.56951904296875
3856192,-161.9652099609375
3864128,-181.14988708496094
3868352,-134.12020874023438
3870560,-179.93994140625
3874976,-176.4265899658203
3879712,-202.5913848876953
3880704,-214.87307739257812
3883552,-162.88681030273438
3885792,-242.35337829589844
3888288,-170.13206481933594
3888352,-211.2566375732422
3889568,-144.387939453125
3891264,-181.58694458007812
3891616,-203.5139617919922
3891776,-218.75628662109375
3892896,-216.9333038330078
3900608,-143.8336944580078
3904704,-202.68540954589844
3904960,-246.1126708984375
3908224,-291.24017333984375
3912000,-187.9241485595703
3918848,-276.7732849121094
3921568,-216.54046630859375
3921760,-151.15042114257812
3922112,-99.92945861816406
3932896,-234.99639892578125
3939456,-146.6007537841797
3940256,-225.11624145507812
3943328,-189.22076416015625
3946496,-209.69281005859375
3950208,-228.0508270263672
3952672,-125.4316635131836
3953984,-147.03359985351562
3957120,-218.57492065429688
3957632,-249.6808624267578
3966048,-236.8499298095703
3966752,-490.0099182128906
3970272,-253.07400512695312
3972864,-213.82098388671875
3975552,-131.53762817382812
3977952,-242.5532989501953
3978144,-234.2291717529297
3978496,-194.84091186523438
3992288,-127.06455993652344
3994400,-239.78623962402344
3997408,-389.935546875
4001280,-139.12704467773438
4004640,-152.453125
4009280,-199.04603576660156
4010016,-194.69786071777344
4010112,-174.4342498779297
4011744,-168.62527465820312
4013472,-178.2765350341797
4014880,-190.87754821777344
4015104,-211.6810760498047
4019296,-272.91571044921875
4019360,-194.59556579589844
4023936,-179.6121368408203
4025152,-171.9866943359375
4031936,-165.3682098388672
4033792,-181.17884826660156
4035648,-197.43484497070312
4041216,-190.58522033691406
4044384,-194.16966247558594
4053600,-412.50372314453125
4056800,-253.4378204345703
4064096,-192.08267211914062
4066368,8.09981632232666
4073600,-195.71865844726562
4075456,-125.73648834228516
4079296,-149.83486938476562
4079360,-240.5770721435547
4080832,-280.8293762207031
4089696,-242.86502075195312
4089856,-267.37811279296875
4090208,-255.5435028076172
4091456,-187.3341522216797
4095616,-179.8870391845703
4098496,-237.7639923095703
4102208,-148.92051696777344
4104832,-235.19491577148438
4105792,-259.4773254394531
4109888,-226.74864196777344
4111008,-349.8250732421875
4115840,-80.6373062133789
4116000,-170.87225341796875
4121664,-168.42796325683594
4123872,-229.1273651123047
4124992,-237.24046325683594
4127072,-191.83743286132812
4134368,-203.59886169433594
4135232,-217.46578979492188
4157440,-171.1627655029297
4158624,-186.65919494628906
4158944,-240.4973602294922
4161024,-260.591552734375
4161472,-136.59896850585938
4162464,-244.52334594726562
4166688,-179.20693969726562
4168320,-212.24180603027344
4172800,-195.9369659423828
4180512,-201.37574768066406
4182016,-244.42233276367188
4184832,-190.953125
4187040,-229.2209930419922
4190592,-170.2982940673828
4195040,-240.32313537597656
4200192,-239.1727752685547
4200928,-173.73768615722656
4210080,-186.8963165283203
4211744,-182.07615661621094
4213664,-108.19760131835938
4213920,-185.79953002929688
4222880,-141.1706085205078
4228416,39.2056770324707
4230784,-175.56832885742188
4230944,-207.49212646484375
4232736,-140.8541717529297
4233888,-202.12901306152344
4234304,-174.2338104248047
4235136,-194.03810119628906
4235424,-210.12686157226562
4236992,-110.49759674072266
4239040,-240.29339599609375
4242784,-470.8007507324219
4242848,-151.1285400390625
4246080,-260.8842468261719
4246624,-156.69056701660156
4254368,-235.13209533691406
4260544,135.90682983398438
4262336,-214.3404083251953
4263040,-255.17279052734375
4277472,-195.76226806640625
4282528,112.05647277832031
4287584,-283.5868225097656
4289600,-189.4502410888672
4305120,-248.45428466796875
4306336,-213.64456176757812
4307616,-249.50604248046875
4313088,-310.9422302246094
4314880,-141.6818389892578
4317536,-142.63230895996094
4317632,-240.99342346191406
4322400,-13.948719024658203
4339264,-173.71652221679688
4340736,-222.43226623535156
4342112,-211.5733642578125
4348704,-283.795654296875
4349856,78.0947036743164
4352736,-264.50152587890625
4358080,-258.81817626953125
4359904,-211.51637268066406
4360640,-220.87083435058594
4361312,-156.74098205566406
4365344,-213.8688201904297
4366016,-136.29058837890625
4367456,-205.90304565429688
4368288,-196.14651489257812
4372992,-393.5856018066406
4374496,-172.1968536376953
4374784,-153.52081298828125
4374912,-187.5559844970703
4382784,-197.75717163085938
4384544,-154.47129821777344
4386304,-186.3582763671875
4386944,-230.32687377929688
4391808,-132.8876190185547
4393696,-124.25919342041016
4400288,-234.08645629882812
4403008,-240.9456024169922
4404640,-153.99053955078125
4407584,-185.55264282226562
4408000,-161.88780212402344
4410496,-211.08009338378906
4411328,-139.8300323486328
4413024,-270.46484375
4413344,-253.30050659179688
4413408,-170.57180786132812
4414208,-385.1747131347656
4425376,-173.5995635986328
4429408,-124.54820251464844
4430688,213.03021240234375
4431744,-234.1216278076172
4434624,-291.1666564941406
4436544,-164.4595489501953
4438912,-177.12876892089844
4441728,-174.64007568359375
4441856,-179.04530334472656
4445152,-154.85943603515625
4447040,-182.74749755859375
4448224,-218.85372924804688
4450720,-173.0496368408203
4454816,-99.49250030517578
4456000,-105.03614044189453
4456256,-165.58460998535156
4456544,-149.86305236816406
4460864,-208.85585021972656
4463168,-108.25090026855469
4471104,-220.82681274414062
4473568,-196.4067840576172
4478720,-171.14736938476562
4481472,-62.79004669189453
4487808,-126.24214935302734
4489376,-233.89898681640625
4493792,-157.3579559326172
4499232,-237.32107543945312
4499264,-234.541259765625
4501856,-183.6143798828125
4502080,-187.08364868164062
4502304,-552.7510986328125
4503872,-225.05825805664062
4508288,-233.61021423339844
4509568,206.9953155517578
4512128,-157.07192993164062
4514688,-208.7708282470703
4516128,-225.8624725341797
4517440,-203.57774353027344
4520800,-163.3115692138672
4529696,-189.2677764892578
4531328,-261.4698791503906
4535200,-225.47483825683594
4538176,-181.1742706298828
4543744,-158.5509033203125
4545184,-210.32603454589844
4552864,-259.288330078125
4554432,-223.388671875
4559872,-183.42335510253906
4562176,-364.5414733886719
4563200,-180.36683654785156
4563968,-232.18348693847656
4564384,-269.75872802734375
4564480,-147.69497680664062
4567040,-169.49087524414062
4568960,-193.2629852294922
4570976,-183.3722686767578
4571296,-246.908203125
4573280,-161.66407775878906
4578272,-238.75282287597656
4584640,-176.2887420654297
4585024,-236.2009735107422
4589504,-238.9467315673828
4590912,-130.9862518310547
4594176,-184.15927124023438
4595424,-180.42919921875
4597568,-195.57180786132812
4601824,-183.21035766601562
4602432,-200.5812225341797
4609344,-198.34596252441406
4616448,-177.96078491210938
4617376,-195.55824279785156
4619616,-146.37338256835938
4622464,-142.16287231445312
4622752,-150.55239868164062
4625024,-352.607666015625
4631008,-154.0813751220703
4631328,-204.48020935058594
4631456,-151.71173095703125
4631840,-168.82012939453125
4634560,-138.77597045898438
4637920,-197.59019470214844
4641408,-203.02554321289062
4641504,-194.69216918945312
4641920,-195.46044921875
4641920,-80.49578857421875
4642080,-210.42019653320312
4642336,-260.014404296875
4646656,-120.73478698730469
4647968,-225.10736083984375
4651328,-183.97950744628906
4651680,-202.44461059570312
4653792,-224.06857299804688
4656416,-188.20294189453125
4657856,-416.23345947265625
4657888,-241.05740356445312
4658240,-196.49000549316406
4664032,-227.28201293945312
4668544,-232.25857543945312
4670368,-173.25669860839844
4673344,-149.06520080566406
4685088,-140.3162078857422
4686432,-143.93838500976562
4688864,-180.1981658935547
4690720,-207.09352111816406
4691168,-198.0679473876953
4697568,-245.08670043945312
4699296,-274.42889404296875
4703392,-595.2008666992188
4706752,-150.50440979003906
4707456,-188.7779998779297
4710112,-244.82688903808594
4712992,-531.1091918945312
4718752,-154.3229522705078
4720192,-181.12950134277344
4721344,-160.73487854003906
4727840,-147.5487518310547
4728480,-241.0632781982422
4729472,-211.97975158691406
4731424,-178.99581909179688
4734720,-192.58876037597656
4739936,-189.6143035888672
4744224,-178.8500518798828
4748288,-193.02369689941406
4750880,-137.60980224609375
4751744,-469.0726318359375
4752288,-97.80594635009766
4758272,-190.12371826171875
4766752,-205.3126678466797
4769312,-182.02247619628906
4772480,-417.565673828125
4777056,-196.67620849609375
4784032,-205.3378143310547
4784096,-243.2353057861328
4792352,-175.62939453125
4793408,-174.76495361328125
4797888,-231.46524047851562
4799200,-205.60679626464844
4799424,-187.65097045898438
4800256,-192.1023406982422
4804000,-142.21337890625
4808448,-217.70809936523438
4809760,-201.68692016601562
4811392,-185.55804443359375
4814016,-196.61505126953125
4823232,-229.51239013671875
4823328,-171.15501403808594
4825184,-226.92527770996094
4832448,-113.52252197265625
4832768,-122.38568115234375
4833280,-210.40548706054688
4837184,-204.45449829101562
4843136,-203.50453186035156
4848384,-213.6787872314453
4855488,-209.38241577148438
4857824,-191.9560546875
4861248,-116.512451171875
4865728,-439.0246887207031
4870944,-155.20687866210938
4871104,-248.05514526367188
4872480,-222.35531616210938
4874560,-119.15289306640625
4875680,-239.7906951904297
4880192,-222.420166015625
4889152,-149.4581298828125
4889248,-269.4010009765625
4893024,-202.11997985839844
4897888,-138.9604034423828
4900416,-185.50341796875
4903136,-228.91513061523438
4903232,-247.22911071777344
4905504,-382.1418762207031
4915424,-102.92108154296875
4920000,-179.47219848632812
4922688,-252.22900390625
4925440,-170.17214965820312
4928448,-185.94590759277344
4938720,-227.87220764160156
4939936,-186.21022033691406
4945024,-195.956298828125
4946880,-227.8282928466797
4949984,-201.7567596435547
4959648,-175.1873779296875
4961088,-155.38470458984375
4962624,-234.87493896484375
4962720,-167.2532958984375
4964512,-240.07199096679688
4967200,-172.1759490966797
4968800,-180.0891571044922
4969536,-231.13539123535156
4972960,-207.79489135742188
4976800,-193.0699920654297
4977376,-208.73158264160156
4977728,-209.8927764892578
4977856,-229.95741271972656
4978240,-188.51431274414062
4984672,-232.31973266601562
4985440,-174.53314208984375
4986720,-205.3127899169922
4988288,-237.838623046875
4989536,-121.87806701660156
4993888,-140.2869415283203
5008448,-193.5218963623047
5008640,-207.74496459960938
5009376,-212.82640075683594
5011584,-203.23654174804688
5011584,-277.75054931640625
5011936,-208.88597106933594
5014752,-241.5013885498047
5017440,-263.30340576171875
5021216,-152.0543212890625
5027840,-254.70285034179688
5031424,-168.3455810546875
5035904,-217.94273376464844
5046048,-111.83888244628906
5046112,-405.8585510253906
5046400,-160.3729705810547
5049344,-186.18707275390625
5049728,-166.3284454345703
5055168,-150.18777465820312
5061664,-237.21937561035156
5070176,-230.42115783691406
5070496,-129.5904998779297
5081408,-163.29595947265625
5082976,-165.12986755371094
5086656,-274.63665771484375
5088736,-165.85841369628906
5091520,-181.55728149414062
5091904,-228.72850036621094
5093440,-206.42613220214844
5093472,-181.98606872558594
5099776,-198.3438262939453
5101088,-241.28211975097656
5101536,-126.13883972167969
5105056,-246.43260192871094
5106816,-141.03640747070312
5115648,-168.4564971923828
5116640,-280.89202880859375
5118656,-140.26309204101562
5121376,-131.17941284179688
5124064,-227.74449157714844
5124320,-215.73622131347656
5126464,-287.00067138671875
5129536,-216.07061767578125
5132288,-175.40650939941406
5137088,-109.07018280029297
5141056,-206.15626525878906
5141088,-222.4600830078125
5141472,-250.38136291503906
5142752,-249.40699768066406
5145344,150.1588134765625
5153728,-207.55125427246094
5153920,-157.83935546875
5157312,-276.2428283691406
5157504,-241.59474182128906
5158208,-237.07615661621094
5158816,-200.41192626953125
5161984,-82.21044158935547
5162848,-153.5543975830078
5165568,-168.38546752929688
5166624,-163.16944885253906
5168896,-163.2122039794922
5174272,-223.31431579589844
5175712,-160.9217987060547
5178016,-228.35194396972656
5182720,-380.6799011230469
5183776,-264.1143798828125
5195584,-262.8782958984375
5196032,-133.7394256591797
5202176,-222.5574188232422
5202464,-246.73728942871094
5204544,-182.99937438964844
5209792,84.91191864013672
5213792,-160.74755859375
5216448,-223.82052612304688
5217728,-277.7740173339844
5218528,92.78752899169922
5219488,-217.07057189941406
5220352,-163.1383056640625
5225024,-211.77830505371094
5234752,-265.27020263671875
5236704,-209.94248962402344
5240192,-262.0526428222656
5242944,-237.7005157470703
5243648,-140.90953063964844
5244128,-210.00987243652344
5249216,-185.03555297851562
5249376,-234.18719482421875
5251360,-12.893162727355957
5254144,-228.29966735839844
5256000,-349.8727111816406
5258912,-178.27462768554688
5261504,-220.5632781982422
5261504,-183.48065185546875
5264512,-210.82022094726562
5274080,-162.53045654296875
5274784,-489.9811706542969
5279744,-201.50387573242188
5287712,-207.48056030273438
5289088,-195.09056091308594
5289888,-237.92774963378906
5293952,-191.6376495361328
5294560,-103.4329605102539
5296288,-176.03433227539062
5299328,-153.16468811035156
5306176,-221.50807189941406
5312608,-219.2347412109375
5316512,-149.56826782226562
5330592,-241.32237243652344
5331424,-196.4783172607422
5335520,-197.4942626953125
5335840,-181.9913787841797
5336800,-113.48599243164062
5337152,-178.28814697265625
5337248,-206.79803466796875
5338912,-137.2902069091797
5339648,-229.30702209472656
5351552,-243.8299102783203
5355104,-200.87574768066406
5359200,-143.9356231689453
5360512,-201.46969604492188
5361088,-190.50741577148438
5365440,-188.0315399169922
5373376,-425.1773986816406
5377312,-189.49459838867188
5378720,-181.73907470703125
5384288,-178.0026397705078
5387712,-175.92930603027344
5395584,-257.8947448730469
5397696,-243.8099822998047
5399040,-215.0457000732422
5399104,-286.7754211425781
5401120,-178.0511016845703
5403424,-174.79794311523438
5403424,-166.94705200195312
5406048,-214.50050354003906
5419136,-254.0531463623047
5424576,-236.56077575683594
5434176,-202.5364227294922
5438560,-210.44021606445312
5440096,-133.72463989257812
5440608,-142.1094512939453
5441568,-236.50628662109375
5446144,-192.90817260742188
5449344,-146.73643493652344
5451840,-201.88851928710938
5454272,-155.5550994873047
5455808,-164.7782745361328
5460896,-160.99652099609375
5461248,-211.22561645507812
5465120,-230.75741577148438
5465824,-197.0550994873047
5473600,-189.7966766357422
5476928,-147.9452667236328
5480192,-11.062858581542969
5485664,-146.55160522460938
5485824,-149.3036651611328
5490976,-186.3562774658203
5493312,-198.44065856933594
5497760,-224.0127410888672
5503136,-192.97100830078125
5505792,-235.28146362304688
5511968,-171.08419799804688
5517088,-254.04476928710938
5518528,-215.908935546875
5528128,-406.2011413574219
5528160,-233.67105102539062
5529536,-232.5586395263672
5532960,-240.5067901611328
5534272,-231.6486053466797
5538400,-127.66403198242188
5542400,-147.56639099121094
5544640,-180.12948608398438
5545216,-155.97286987304688
5545536,-134.4993896484375
5546016,-171.0196990966797
5548640,-180.63949584960938
5551392,-183.1392364501953
5561920,-180.517333984375
5562944,-221.03976440429688
5564896,-496.81549072265625
5567552,-118.14860534667969
5568256,-242.37734985351562
5568480,-249.29714965820312
5568928,-110.23853302001953
5569440,-192.5644989013672
5570208,-206.8559112548828
5573024,-213.17385864257812
5586496,-216.8081817626953
5588608,-237.86305236816406
5589920,-264.4370422363281
5594080,-179.25282287597656
5595808,-220.12342834472656
5598080,-216.07005310058594
5598816,-165.18556213378906
5603584,-207.74188232421875
5607296,-207.61111450195312
5613472,-254.3556365966797
5621344,-232.1690216064453
5622304,-152.40431213378906
5630144,-221.9370574951172
5630816,-226.7999725341797
5631680,-302.8661193847656
5632992,-216.73883056640625
5642688,-113.16209411621094
5649152,-184.37754821777344
5654240,-155.46656799316406
5655296,-134.1487579345703
5658944,-127.72400665283203
5662272,-174.7610626220703
5666176,-474.895751953125
5669184,-161.8075714111328
5670112,-191.1930694580078
5671648,-194.30274963378906
5674560,-225.8790283203125
5675168,-189.11814880371094
5676512,-230.1236114501953
5678048,-11.133177757263184
5682752,-237.63063049316406
5683552,-221.07345581054688
5683808,-199.67015075683594
5687104,-114.11442565917969
5690144,-194.54019165039062
5690880,-228.851806640625
5693312,-172.70033264160156
5697152,-264.6129455566406
5698496,-169.2015838623047
5699104,-272.72186279296875
5699936,-245.39990234375
5700896,-215.23207092285156
5704192,-204.47369384765625
5712512,-278.5647888183594
5715392,-135.63597106933594
5722240,-311.50946044921875
5722272,-193.0702362060547
5737408,-150.378173828125
5739392,-217.9862823486328
5740960,-160.8584747314453
5744000,-228.75926208496094
5749312,-228.8087615966797
5751456,-195.0137939453125
5761184,-129.4330596923828
5772128,-138.25108337402344
5773152,-133.20278930664062
5775616,-201.04281616210938
5777344,-178.81265258789062
5777728,-196.86328125
5778176,-190.70574951171875
5782176,-311.4709167480469
5783488,-247.4161834716797
5783776,-177.9459228515625
5785472,-197.5947723388672
5787232,-185.15606689453125
5788896,-491.758056640625
5791328,-151.86077880859375
5796992,-200.2058563232422
5798784,-301.1256103515625
5802208,-302.45843505859375
5802400,-168.40806579589844
5812704,-128.47439575195312
5812704,-205.24012756347656
5815296,-196.44332885742188
5816032,-256.8066711425781
5822304,-388.22821044921875
5822528,-177.60076904296875
5822720,-148.5760955810547
5824128,-149.99449157714844
5826080,-169.30343627929688
5829088,-155.94239807128906
5830784,-147.98460388183594
5830976,-209.9774932861328
5837888,-130.14157104492188
5841728,-392.75164794921875
5848032,-207.56822204589844
5850336,-166.23114013671875
5864800,-204.74154663085938
5876864,-153.44680786132812
5880896,17.121280670166016
5881184,-237.2747802734375
5883520,-169.6448516845703
5893024,-168.03175354003906
5903232,-178.21578979492188
5904384,-232.5462188720703
5904608,-179.63694763183594
5907936,-232.8536834716797
5911232,-230.8551025390625
5915552,-234.75233459472656
5915616,-164.29989624023438
5917408,102.56730651855469
5921120,-155.849853515625
5923744,-287.365478515625
5924128,-140.49856567382812
5925024,-209.69480895996094
5928512,-545.8652954101562
5930048,-252.97378540039062
5930304,-318.725341796875
5932608,-177.34011840820312
5938208,-291.9103088378906
5938592,-244.66134643554688
5945504,-227.51234436035156
5950176,-194.612548828125
5953568,-210.5269012451172
5954208,-182.9445037841797
5960736,-141.7969970703125
5966944,-168.2239990234375
5969024,-216.47042846679688
5969120,-151.98809814453125
5979872,-134.2190399169922
5983904,-194.26089477539062
5986080,-135.6638946533203
5987232,-238.2163848876953
5989440,-189.82691955566406
5993408,-174.7157440185547
5997728,-191.15792846679688
5998912,-213.39639282226562
5999488,-169.3685302734375
6003392,-113.29158020019531
6004480,-522.5022583007812
6004928,-202.29153442382812
6005472,-121.11898803710938
6019424,-253.56275939941406
6024256,-164.26654052734375
6027616,-190.86038208007812
6031264,-176.50526428222656
6031968,-224.44345092773438
6031968,-272.9712829589844
6036224,-248.65960693359375
6044576,-226.13792419433594
6044608,-236.63299560546875
6048032,-181.5848846435547
6058208,-170.3549041748047
6059328,-119.43011474609375
6062304,-154.87351989746094
6073696,-113.83267211914062
6073696,-243.3856964111328
6074080,-220.79409790039062
6078656,-242.55528259277344
6079296,-201.1157684326172
6079744,-183.7684783935547
6092704,-181.81756591796875
6092896,-112.45245361328125
6092896,-232.9128875732422
6095296,-194.55325317382812
6095744,-413.5792541503906
6110624,-151.11903381347656
6117312,141.0067596435547
6120576,-226.6122283935547
6123232,-196.1626739501953
6125504,-182.42959594726562
6130912,227.32135009765625
6134816,211.5301055908203
6138912,-244.75088500976562
6143552,-189.46336364746094
6149280,-144.9421844482422
6152384,-126.54767608642578
6152832,-286.73822021484375
6160800,-239.5994110107422
6163744,-185.24855041503906
6174432,-138.0810089111328
6185696,-139.10757446289062
6188608,-126.71669006347656
6191904,-207.26927185058594
6192448,-251.7586669921875
6192704,-166.7384490966797
6196448,21.3155460357666
6198112,-123.8033447265625
6206976,-220.4938201904297
6208992,-157.37210083007812
6215200,-119.50203704833984
6219040,-137.0360107421875
6220768,-147.4267578125
6225984,-203.11135864257812
6227360,-151.9032440185547
6227392,-239.60057067871094
6228992,-175.54916381835938
6234912,-230.4267120361328
6243712,-202.76129150390625
6249184,-206.46392822265625
6253600,-184.00665283203125
6254912,-206.69566345214844
6257088,-208.47314453125
6257280,-216.26556396484375
6272320,-114.39527893066406
6274304,-159.92637634277344
6277984,-186.726318359375
6279808,-205.0482177734375
6283872,-17.020261764526367
6285312,-159.65435791015625
6285536,-204.8262481689453
6288544,-147.70233154296875
6292672,-190.3277130126953
6300512,-140.26681518554688
6300544,-93.8775634765625
6313536,-167.38607788085938
6313600,-133.27622985839844
6315936,-239.9921417236328
6329408,-160.33432006835938
6330208,-197.21453857421875
6330816,-107.52481079101562
6332480,-24.150875091552734
6338880,-324.57818603515625
6340064,-83.02603149414062
6340928,-248.332763671875
6342432,-133.724609375
6345184,-143.28082275390625
6347008,-216.0493927001953
6347200,-351.6922302246094
6347648,-195.57815551757812
6347904,-180.17555236816406
6348000,88.37383270263672
6349536,-208.9305877685547
6353568,-165.8511199951172
6356000,-279.00238037109375
6358624,-161.4963836669922
6359968,-235.1089324951172
6360320,-183.86087036132812
6369344,-276.7435302734375
6372064,-150.1249237060547
6379520,-157.3501434326172
6384448,-81.67991638183594
6390080,-239.3833770751953
6392352,-147.85049438476562
6400128,-294.998046875
6414304,-226.0360565185547
6414464,-215.5115509033203
6416384,-71.66157531738281
6417888,-205.29330444335938
6423872,-195.59817504882812
6424576,-179.33836364746094
6424768,-190.4579315185547
6428960,-206.48248291015625
6440768,-112.14566802978516
6445120,-173.0969696044922
6445984,-191.3504180908203
6447808,-238.70773315429688
6449856,-416.1676940917969
6452064,-184.66152954101562
6454080,-212.8279266357422
6461280,-270.9925231933594
6462016,-229.17857360839844
6463712,-122.21527862548828
6466880,-136.66050720214844
6466944,-127.7684326171875
6467328,-255.6175079345703
6467360,-107.68458557128906
6473504,-163.09469604492188
6474400,-169.67803955078125
6478720,-203.15184020996094
6486528,-180.8753204345703
6486976,-209.33091735839844
6488000,-259.68170166015625
6490656,126.96147918701172
6490656,-281.4832458496094
6493312,-403.3419494628906
6503552,-243.1276092529297
6507840,127.90170288085938
6508160,-251.12718200683594
6509824,-121.62104797363281
6513088,-179.50180053710938
6516832,-159.52279663085938
6522240,-228.87461853027344
6526656,-234.8153076171875
6534400,-212.31796264648438
6539872,-227.98895263671875
6541408,-270.5993957519531
6545728,-207.05023193359375
6549856,-130.03109741210938
6562880,-208.09756469726562
6567328,-221.368408203125
6571040,95.57185363769531
6577632,-125.36865997314453
6588576,-202.00521850585938
6588800,-191.76226806640625
6593184,-246.76040649414062
6594464,-207.08518981933594
6594592,-105.31519317626953
6597760,-190.04930114746094
6602368,-231.56919860839844
6602400,-197.38925170898438
6604096,-163.2474822998047
6606016,-91.70970916748047
6608384,-141.8824005126953
6608832,-9.6170654296875
6609632,-197.25888061523438
6616096,-217.63534545898438
6621888,-188.76612854003906
6632704,-203.697509765625
6632896,-212.8968963623047
6645024,-251.15982055664062
6653088,-232.67013549804688
6656288,-214.39283752441406
6658144,216.34413146972656
6663296,-231.6781768798828
6665440,-254.62620544433594
6670944,-81.45173645019531
6677536,-185.8646697998047
6689408,-238.32501220703125
6689632,-141.2472686767578
6690656,-211.3067169189453
6693888,-255.7511444091797
6696960,-238.4899444580078
6705088,-158.97740173339844
6705696,-156.38336181640625
6714336,-132.0113983154297
6714496,-185.8044891357422
6715040,-128.8802490234375
6721920,-176.807373046875
6723232,-462.01385498046875
6730176,-182.05108642578125
6738464,-228.6681365966797
6748640,-209.84791564941406
6751200,-169.81411743164062
6752960,-175.40921020507812
6763136,-140.54161071777344
6764032,-222.2984619140625
6769792,-180.02296447753906
6770240,-359.75201416015625
6776096,-177.8896484375
6778144,-230.14915466308594
6778688,219.7799530029297
6778880,-221.71844482421875
6782432,-282.4479675292969
6782688,-227.74746704101562
6785088,-222.51304626464844
6788416,-119.95238494873047
6794656,-259.2971496582031
6801056,-266.065185546875
6802336,-231.17633056640625
6804960,-174.63211059570312
6807616,-251.07208251953125
6813024,-189.2450714111328
6817312,120.06623077392578
6820608,-254.30653381347656
6821984,-258.3113708496094
6826208,-225.6097412109375
6827648,-186.80422973632812
6830016,-251.0258331298828
6835136,-126.38031005859375
6838848,-182.6508026123047
6839552,205.222900390625
6839744,-192.9926300048828
6845664,-111.00403594970703
6849312,36.96255111694336
6852544,-343.6656494140625
6857696,-245.16905212402344
6858176,-165.90150451660156
6868704,-171.2909393310547
6873152,-22.58685302734375
6874112,-272.5268859863281
6879104,-205.9501190185547
6879200,-138.78201293945312
6884928,-243.5370330810547
6887680,-238.2145538330078
6894560,-219.7991943359375
6894816,-204.8308868408203
6895008,-188.85279846191406
6898464,-142.98727416992188
6907552,-222.18527221679688
6910368,-167.2422637939453
6915040,-236.6850128173828
6917536,-213.89129638671875
6921920,-156.10568237304688
6931424,-232.9029083251953
6932064,-127.37261199951172
6932480,-221.07757568359375
6932736,-185.93927001953125
6934944,-123.6281967163086
6937312,-169.4196014404297
6939552,-224.39315795898438
6940224,-236.52108764648438
6941472,-261.1010437011719
6941984,-186.17242431640625
6951168,-261.4779968261719
6955168,-132.58316040039062
6956896,-59.79367446899414
6962624,-226.4940185546875
6966112,-173.490478515625
6969120,-157.66156005859375
6971520,-184.93582153320312
6972256,-232.61720275878906
6972736,-179.49061584472656
6977056,50.938446044921875
6985568,-192.11903381347656
6986784,-150.1115264892578
6992512,-259.4823913574219
7000288,-123.87470245361328
7002560,82.85230255126953
7003840,-222.4933319091797
7005600,-259.24969482421875
7011072,-171.2137451171875
7016704,-200.33351135253906
7019840,-197.62533569335938
7021536,-196.546875
7031296,67.98121643066406
7033312,-126.87245178222656
7033536,-175.36434936523438
7036608,-153.94944763183594
7036832,-138.77565002441406
7042272,-234.00234985351562
7054912,-180.54315185546875
7055072,-629.1214599609375
7058240,-152.96884155273438
7060064,-217.79115295410156
7073408,-199.8837127685547
7083232,-229.66648864746094
7084064,-247.83802795410156
7084512,166.5538787841797
7085216,-156.53863525390625
7088288,-185.56166076660156
7095904,-195.02947998046875
7099072,-459.7073059082031
7101696,-170.12815856933594
7103296,-458.6770324707031
7104928,-133.06480407714844
7105888,-156.06491088867188
7112480,-160.13107299804688
7114848,-526.3834228515625
7117216,-111.96973419189453
7125120,-255.1947479248047
7133568,-202.43511962890625
7138592,-196.6382293701172
7144192,-207.93614196777344
7145504,-211.10374450683594
7154432,-217.30662536621094
7167424,-210.95462036132812
7172576,-381.7184753417969
7178208,-218.2874298095703
7178240,-122.99068450927734
7184672,-219.89862060546875
7188160,-216.93692016601562
7189696,-211.11724853515625
7194272,-169.60333251953125
7201312,-163.53636169433594
7202400,-202.28697204589844
7205216,-400.55120849609375
7214720,-69.90446472167969
7215616,-154.81874084472656
7237792,-177.95458984375
7241568,-180.296142578125
7244384,-123.4811782836914
7246240,-22.04903793334961
7248864,-264.81561279296875
7249184,-117.19011688232422
7251904,-24.921173095703125
7262816,-167.0288543701172
7266912,-146.74221801757812
7268288,-218.1601104736328
7269600,-174.0178680419922
7271808,-156.41221618652344
7276480,-46.833152770996094
7277792,-233.3766326904297
7282368,-204.79498291015625
7283488,-196.5697021484375
7286080,-250.14210510253906
7286336,196.03155517578125
7289664,-240.6693572998047
7292704,-203.4022674560547
7302432,-120.05292510986328
7302752,-188.0201873779297
7308224,-220.48004150390625
7310560,-89.11211395263672
7315872,-186.4153289794922
7316128,-409.59716796875
7320224,-336.4266052246094
7323360,-211.07301330566406
7332576,-178.0946044921875
7336032,-228.813232421875
7340704,-141.73867797851562
7345888,-112.20552062988281
7355360,-239.8740234375
7360672,-166.88543701171875
7361408,-156.34884643554688
7366784,-286.78997802734375
7368288,-175.91319274902344
7370400,-115.91744232177734
7373376,-278.5789794921875
7374752,-17.53388023376465
7376480,-130.8110809326172
7380864,-172.06118774414062
7381568,-215.8019561767578
7383520,-114.4868392944336
7386368,-201.3828125
7387392,-172.48316955566406
7387488,-175.55160522460938
7390400,-113.48248291015625
7392416,-137.72686767578125
7393504,-131.31947326660156
7398400,-195.11444091796875
7398592,-132.90432739257812
7412672,-249.64088439941406
7417472,-263.40264892578125
7418208,-192.5782928466797
7427488,74.17256927490234
7436992,-172.9913787841797
7441184,-171.43309020996094
7441440,-215.31961059570312
7441920,179.95201110839844
7456704,-225.07762145996094
7457664,-137.784912109375
7459328,-123.45921325683594
7460416,-269.9434509277344
7461408,-247.42514038085938
7474144,-473.5188293457031
7486400,-198.60569763183594
7489280,-237.24935913085938
7494048,-153.10313415527344
7497888,-183.77500915527344
7503104,-232.2223663330078
7503264,-214.53736877441406
7506976,-111.33099365234375
7511360,-259.0430908203125
7513696,-243.2668914794922
7519840,-147.83973693847656
7522176,-225.73419189453125
7530016,-163.27340698242188
7530496,-120.43868255615234
7532064,-216.75547790527344
7534176,-124.55854034423828
7537856,-137.94793701171875
7540672,-4.482667922973633
7540672,-188.9026641845703
7543200,-170.33267211914062
7545184,-129.10446166992188
7547808,-164.60902404785156
7550656,-157.75074768066406
7552128,-188.6014404296875
7556672,-221.6426239013672
7559040,-247.34902954101562
7559520,147.4011688232422
7562432,108.3735122680664
7563328,-171.8689422607422
7567648,97.6850814819336
7567968,-93.23250579833984
7569280,39.870182037353516
7571936,-252.75645446777344
7572256,-191.90704345703125
7574464,-327.275634765625
7580864,-227.38401794433594
7583776,-307.84136962890625
7596928,-224.54872131347656
7603808,-210.36361694335938
7604288,-128.23678588867188
7610240,-195.17333984375
7619040,-210.33631896972656
7621792,72.3594741821289
7624032,-210.6155548095703
7626336,-170.0315704345703
7636288,40.63199996948242
7639776,-244.5546417236328
7639904,-52.455467224121094
7640992,-172.52191162109375
7645248,-242.66839599609375
7651296,-166.85650634765625
7651616,-265.5322570800781
7656768,-221.15753173828125
7658080,-201.8326416015625
7660192,-221.6622314453125
7672896,82.14433288574219
7676160,-284.65850830078125
7676800,-128.84315490722656
7682080,-216.58816528320312
7682336,-137.7489013671875
7692032,-65.83938598632812
7692768,-156.2581787109375
7693376,-287.33892822265625
7707648,-128.6844940185547
7709280,94.67987060546875
7712128,-158.55642700195312
7712320,-212.1609649658203
7713856,-0.012372835539281368
7715936,-216.44676208496094
7716352,-173.30410766601562
7728000,-50.690853118896484
7728864,-175.61985778808594
7729344,-173.5365753173828
7730016,-249.40879821777344
7740416,-208.7933349609375
7743520,-169.93435668945312
7747712,-138.4705047607422
7760608,-156.2598114013672
7762208,-205.35594177246094
7764064,2.104811429977417
7766016,-212.4024658203125
7768576,-140.3888702392578
7772960,-145.10061645507812
7779488,198.03343200683594
7779712,-185.2865447998047
7781024,-145.35009765625
7783744,-176.09326171875
7785440,-183.11776733398438
7786240,-248.9858856201172
7789216,113.54679107666016
7790496,-41.16887664794922
7799968,-160.8134307861328
7804256,-155.87986755371094
7813120,-195.26202392578125
7816160,-152.75949096679688
7818720,-211.40191650390625
7820288,-195.61679077148438
7823296,-198.00167846679688
7825696,-151.85757446289062
7828384,-223.58663940429688
7828928,-241.04466247558594
7830784,-123.75144958496094
7830784,-538.5510864257812
7836704,-323.25494384765625
7836928,-202.90281677246094
7837472,-285.3078918457031
7847392,-171.40646362304688
7862336,-181.97958374023438
7863104,-153.06053161621094
7863232,-162.006103515625
7864928,-204.71591186523438
7871840,-201.78189086914062
7872800,-181.01211547851562
7876992,-87.75434112548828
7880032,-201.76353454589844
7881696,-131.47805786132812
7888800,-186.60304260253906
7894208,-212.37026977539062
7898432,-34.435646057128906
7901984,-234.2753448486328
7904832,-151.5390625
7906336,-206.48048400878906
7911616,-232.3938751220703
7916608,-176.53363037109375
7917536,-165.58062744140625
7918560,3.872265338897705
7918976,-185.21119689941406
7923712,-122.66093444824219
7933952,-267.5074157714844
7934048,-201.4757537841797
7934464,-208.36358642578125
7935360,-204.31948852539062
7937536,108.7936019897461
7956576,-128.2735137939453
7959232,-195.80113220214844
7969312,100.49545288085938
7972960,-141.79513549804688
7974528,-204.57797241210938
7975392,-77.82666778564453
7975552,-98.28227233886719
7981920,-115.06340026855469
7993504,-130.41421508789062
7994144,-89.9196548461914
7994720,-159.68748474121094
7997568,-185.37307739257812
7998080,-201.7122802734375
8003648,-176.5137481689453
8010720,-116.91996002197266
8010944,-252.17628479003906
8012224,-172.44676208496094
8024096,-228.1906280517578
8028768,-133.58045959472656
8031264,-230.97833251953125
8033536,-246.35984802246094
8034976,-206.7281036376953
8036512,-160.20635986328125
8043648,-197.0522918701172
8043840,-124.546630859375
8049568,-180.8456573486328
8056224,-193.03512573242188
8057056,-3.8699913024902344
8057440,-281.60491943359375
8065280,-201.888671875
8067488,-184.14039611816406
8071296,-197.72154235839844
8073504,-206.72869873046875
8075584,-104.98181915283203
8080032,-213.19532775878906
8085344,-165.99783325195312
8088736,-225.26559448242188
8091232,-181.9498291015625
8097248,-153.09303283691406
8100896,-255.89566040039062
8108576,-130.03334045410156
8113280,-228.83238220214844
8116192,-271.21197509765625
8121024,98.57169342041016
8129600,-151.10693359375
8131488,-161.34080505371094
8131712,-163.03187561035156
8134144,-247.2300567626953
8136736,-175.6496124267578
8141664,-275.7609558105469
8143648,-197.87796020507812
8144224,-315.0544128417969
8153664,-230.55247497558594
8163904,-223.32644653320312
8165312,-220.62545776367188
8169728,-171.38906860351562
8174496,-217.32064819335938
8179360,-240.30299377441406
8181120,-240.72756958007812
8181280,-214.55108642578125
8184608,-199.88623046875
8185152,-86.93142700195312
8195968,-212.37388610839844
8196128,-246.8758544921875
8200960,-209.1575469970703
8201376,-221.33786010742188
8204352,-122.89434051513672
8207936,-216.28306579589844
8209440,-467.0522766113281
8210336,-224.40536499023438
8214080,-136.0731658935547
8215904,-268.7383728027344
8221280,-232.46566772460938
8221664,-180.14743041992188
8221856,-374.76416015625
8222464,-224.09112548828125
8230016,-165.72764587402344
8230496,-251.54458618164062
8232800,-144.95538330078125
8235904,-143.7470245361328
8240448,-246.4475555419922
8242784,-175.14263916015625
8255456,-100.13690185546875
8260928,-212.0927276611328
8261344,-15.381726264953613
8264736,-272.2822265625
8265600,-224.4248504638672
8267136,-185.02891540527344
8277408,-272.16571044921875
8285472,-244.1774139404297
8290560,-144.90829467773438
8290624,-209.8748779296875
8292736,-110.41510009765625
8292928,-215.23599243164062
8295232,-150.4750213623047
8296640,-78.93799591064453
8297760,-144.12222290039062
8298272,-190.0318145751953
8298944,-169.23838806152344
8300640,-229.65623474121094
8314784,-426.97314453125
8318624,-126.80675506591797
8338400,-136.53123474121094
8339328,-178.044677734375
8339712,-180.8664093017578
8340448,-124.89539337158203
8342720,-245.79103088378906
8343264,-235.70626831054688
8362240,-118.04647827148438
8365280,-677.1848754882812
8366848,-186.32009887695312
8370528,-123.35240936279297
8373632,-230.8876953125
8374208,-210.19944763183594
8382496,-194.1014862060547
8387072,-217.78244018554688
8387712,-44.40949249267578
8388896,-147.8251495361328
8390048,-224.2170867919922
8390400,-408.6379089355469
8395136,-183.34812927246094
8406560,-171.89820861816406
8407392,-212.44725036621094
8419392,-226.59335327148438
8420800,-242.5006866455078
8428224,-178.00778198242188
8433408,-268.62310791015625
8436576,-164.81411743164062
8438752,-226.56565856933594
8440160,207.47300720214844
8444992,-143.1000213623047
8450176,-244.49952697753906
8462496,-268.6146240234375
8466336,-258.6591796875
8467968,-215.21347045898438
8469568,-158.08108520507812
8470144,-210.53370666503906
8477824,-113.13689422607422
8477920,-151.65948486328125
8479104,56.664268493652344
8482496,-215.16946411132812
8485376,-188.6717529296875
8486496,-151.0744171142578
8487744,-147.59007263183594
8495616,-191.7043914794922
8497664,-12.073127746582031
8499392,-99.53295135498047
8500640,-138.21226501464844
8511648,-226.157470703125
8534880,-210.21258544921875
8538432,-113.39817810058594
8538752,-435.1725158691406
8542784,-156.73419189453125
8558400,-178.43145751953125
8580352,-124.06568145751953
8582112,96.62556457519531
8589600,-244.52830505371094
8600544,-156.50888061523438
8600576,-119.8301010131836
8613536,-265.79638671875
8615264,-201.45108032226562
8617248,-180.04104614257812
8617472,-250.76368713378906
8617920,4.168610095977783
8624448,-137.6088104248047
8625632,-203.998291015625
8629888,-255.9869842529297
8630304,-239.68031311035156
8638016,-141.6521759033203
8640800,-175.8992156982422
8648512,-192.40878295898438
8649184,102.77642822265625
8649440,-232.93606567382812
8652288,-201.07058715820312
8660416,-81.00111389160156
8666368,-206.72088623046875
8666560,-233.87368774414062
8669472,-126.83509063720703
8669536,-57.32112121582031
8672288,-202.87216186523438
8673696,-137.44778442382812
8674336,-263.7455139160156
8675616,-186.32879638671875
8687008,-172.4500274658203
8691104,-384.2965393066406
8697984,-183.92819213867188
8698912,-125.13509368896484
8700544,-271.7086486816406
8703680,-179.4160919189453
8712032,-173.70335388183594
8712864,-133.3931884765625
8713664,-121.89106750488281
8713824,-179.6157684326172
8716256,-227.263427734375
8717696,-224.97500610351562
8718656,-142.70333862304688
8719936,-199.6119384765625
8720832,-24.10414695739746
8721024,-211.55459594726562
8723648,-219.5251922607422
8726304,-203.86317443847656
8728832,-156.3251495361328
8733568,-143.77317810058594
8738496,-132.50396728515625
8746176,-214.77566528320312
8754752,-166.60337829589844
8762400,-148.25157165527344
8762880,-242.11366271972656
8763232,-249.47384643554688
8763552,-196.8068084716797
8763552,-138.0514373779297
8763616,-121.9649887084961
8767840,1.393640160560608
8768896,-36.88059616088867
8776256,-133.64544677734375
8777184,-158.66546630859375
8778560,-145.63467407226562
8784192,-269.1224060058594
8784352,-385.5703430175781
8786528,-110.07945251464844
8797088,-220.21359252929688
8802208,-170.26998901367188
8805920,-249.12240600585938
8810208,-236.6324005126953
8814752,-178.454345703125
8821248,-213.30267333984375
8822752,-209.75355529785156
8828544,-112.10238647460938
8836672,-180.88941955566406
8837952,-223.07308959960938
8842240,-275.7344055175781
8846656,-143.6632843017578
8856256,-265.2812194824219
8864992,-139.1991729736328
8865536,-235.87037658691406
8873184,-270.0798645019531
8875360,-25.96559715270996
8877088,-252.44229125976562
8878624,84.09931182861328
8881408,-226.67352294921875
8882368,-209.80453491210938
8883776,-81.9258804321289
8885280,-249.93186950683594
8888672,-116.56863403320312
8890592,-232.37913513183594
8894368,-250.9531707763672
8897664,131.36285400390625
8898656,-167.19883728027344
8901664,-205.5040283203125
8907104,-141.1875762939453
8907840,-150.34640502929688
8908768,-134.04611206054688
8911456,-186.32754516601562
8921312,-160.64303588867188
8930816,-371.85845947265625
8931296,35.465675354003906
8932576,-225.94854736328125
8937632,-133.21823120117188
8937824,-43.89298629760742
8941120,-165.1202850341797
8943296,-53.62002944946289
8945888,-261.21649169921875
8948288,-268.7937316894531
8966944,-72.118408203125
8967520,-109.02823638916016
8973952,-240.40374755859375
8976992,203.22073364257812
8977632,-260.33258056640625
8984384,-146.6045684814453
8985984,-151.7301483154297
8988192,-182.25938415527344
8990880,-256.76641845703125
8991392,-189.95933532714844
8995808,-184.9220733642578
8998528,-195.88510131835938
9000512,-276.5194396972656
9004352,-238.05740356445312
9020256,-140.4344024658203
9021312,-191.2025909423828
9022752,-182.93710327148438
9028352,212.3767547607422
9030720,-227.7949981689453
9030784,-181.56275939941406
9031328,187.75625610351562
9033664,54.914329528808594
9039488,-170.81410217285156
9045920,-341.74566650390625
9049920,-214.48138427734375
9050112,-254.7327117919922
9052800,-342.537353515625
9055008,-248.86624145507812
9057824,-140.31190490722656
9062144,-256.2323913574219
9062752,-227.7241668701172
9063936,8.164596557617188
9070336,-154.1219024658203
9071520,-220.8028106689453
9073664,213.39208984375
9078656,-193.70616149902344
9084032,-135.9393768310547
9089024,-251.37110900878906
9089184,-118.9221420288086
9091040,-197.879150390625
9092672,-234.9019012451172
9092736,-220.03045654296875
9093152,-183.47140502929688
9094784,-178.3065948486328
9098880,-203.7159423828125
9102944,-239.32762145996094
9103264,-152.49472045898438
9105376,-175.06863403320312
9106304,-177.597412109375
9109440,65.99247741699219
9111904,-14.838358879089355
9111904,-119.3543930053711
9112800,-186.6041259765625
9113792,-244.3018798828125
9117600,-259.6235046386719
9120224,-221.2151641845703
9122816,-244.4345245361328
9122944,-190.80421447753906
9127552,-190.67352294921875
9127616,-263.2768859863281
9129696,-165.0143280029297
9132288,-276.2951354980469
9132352,-248.71656799316406
9133056,-216.1121368408203
9134464,48.00196075439453
9144864,-246.91983032226562
9152128,-218.6182403564453
9166176,-188.7823028564453
9172768,-244.528564453125
9173664,-183.0960693359375
9177984,-231.181640625
9181248,-255.26316833496094
9182592,219.34552001953125
9184640,-218.69854736328125
9185760,-226.99481201171875
9187072,-207.3026885986328
9188128,-133.2964324951172
9193632,-223.20132446289062
9197344,-160.67115783691406
9206080,-201.2208251953125
9210816,-205.0291748046875
9213792,-223.35899353027344
9214976,-442.9317321777344
9221984,-227.7444305419922
9225344,-212.55543518066406
9235968,-153.6035919189453
9242464,-227.4982147216797
9242880,120.78300476074219
9245248,-138.4130401611328
9246848,-133.2518768310547
9259136,-156.9246368408203
9260320,-201.22616577148438
9264544,-44.02654266357422
9266208,-209.19325256347656
9271488,-326.5350036621094
9276704,-125.60340118408203
9279168,-199.5603790283203
9279456,-201.77670288085938
9282496,-311.7239685058594
9288096,-254.21206665039062
9288704,-207.93136596679688
9292768,-168.6674041748047
9301824,-30.224624633789062
9302560,-250.6595001220703
9307936,-123.78575897216797
9309280,-383.208984375
9315264,-202.66293334960938
9320288,-235.7036895751953
9324800,-230.52761840820312
9326080,-223.2513427734375
9327296,-176.3109588623047
9329184,-221.32485961914062
9337696,-323.37353515625
9338080,-103.13130950927734
9340256,142.83566284179688
9340320,-230.2138671875
9341408,-188.29412841796875
9350752,-104.33729553222656
9359296,97.99192810058594
9371552,-216.49514770507812
9374880,-220.914306640625
9382752,-98.86680603027344
9386176,-145.68350219726562
9388096,-233.5129852294922
9389600,-268.6681213378906
9390464,-156.48365783691406
9394720,-121.13335418701172
9398400,-197.04360961914062
9401088,-234.67893981933594
9409120,-284.00457763671875
9410496,-209.7225341796875
9412352,-207.49949645996094
9412448,175.0399932861328
9413376,-218.2185516357422
9419296,-200.89732360839844
9420576,-232.04812622070312
9423840,-196.05450439453125
9424288,-258.4972839355469
9432960,-232.21475219726562
9438944,-22.399036407470703
9440896,-122.40594482421875
9442848,-174.7914276123047
9445088,-210.55477905273438
9445280,-254.46511840820312
9445856,-246.65211486816406
9446176,-126.03279113769531
9447168,-396.6399841308594
9452512,180.4734344482422
9452576,-116.46012115478516
9456096,-213.0176239013672
9463936,-175.66197204589844
9476704,-279.27874755859375
9477024,-167.86868286132812
9479744,-278.26605224609375
9480384,-228.96774291992188
9483552,-172.8029327392578
9484288,-233.81521606445312
9494816,-272.1124267578125
9495904,28.33319091796875
9497312,-130.6363983154297
9503488,-144.88900756835938
9505120,-236.01377868652344
9507008,-179.08811950683594
9508032,-266.3831787109375
9509952,-275.2836608886719
9514656,-205.3995361328125
9514848,-44.7684211730957
9514880,-257.9951477050781
9527360,-232.86456298828125
9527808,-256.210693359375
9538432,-153.6361083984375
9541760,-254.26170349121094
9544512,-234.93092346191406
9546240,-182.72369384765625
9547136,-705.516845703125
9547136,-265.2345886230469
9549792,-186.2620391845703
9550816,-187.02804565429688
9558432,-206.5343017578125
9563488,-232.9276123046875
9563520,-176.65269470214844
9566784,-226.9738311767578
9570784,-217.94760131835938
9572704,-156.00694274902344
9576928,-222.6201171875
9577184,-263.01666259765625
9592576,-249.09872436523438
9593088,-138.6119842529297
9593952,-94.36305236816406
9594528,-234.87147521972656
9597952,-212.8058319091797
9597984,-206.1155242919922
9602784,-68.58240509033203
9603424,-167.0
9603712,-217.62864685058594
9609600,122.413330078125
9611680,-208.8643798828125
9613760,95.71578216552734
9621728,-195.279052734375
9624288,-301.8376159667969
9632960,-275.42755126953125
9633920,-227.58233642578125
9635296,-154.82754516601562
9635936,-530.8826904296875
9638816,-169.09414672851562
9642432,-171.774658203125
9646656,-196.6398162841797
9647296,-198.13330078125
9650432,-232.0189208984375
9651968,-161.79403686523438
9653952,-240.2192840576172
9655840,-192.5684051513672
9661696,-129.00723266601562
9662112,-173.002197265625
9665536,-125.91649627685547
9667904,-239.87786865234375
9668544,-166.6470947265625
9669312,-86.76031494140625
9670240,-284.28570556640625
9673920,-149.4867706298828
9674336,-204.57363891601562
9674400,-243.40472412109375
9679712,-175.3489227294922
9683072,-237.9891357421875
9684448,-201.0328826904297
9688448,-206.37359619140625
9688640,-196.94775390625
9689440,-164.64158630371094
9692832,-217.83648681640625
9693568,-272.8455810546875
9694048,-197.91586303710938
9698240,-236.05099487304688
9699360,-238.96371459960938
9704640,-173.18557739257812
9706368,-182.89837646484375
9709632,-126.06429290771484
9718080,-242.7482452392578
9720064,-136.97164916992188
9725568,-121.06465911865234
9725984,-153.67713928222656
9728384,-179.42462158203125
9728896,78.21891784667969
9741952,-193.21995544433594
9744288,-250.20913696289062
9748800,-249.6535186767578
9751904,137.1976776123047
9755040,-137.87440490722656
9761920,-310.8659362792969
9764384,-202.97998046875
9774592,-238.9374542236328
9776000,-169.84588623046875
9780544,-262.4548645019531
9788512,-193.8839569091797
9792320,-188.35870361328125
9804192,-303.8929748535156
9806528,-58.2840576171875
9807584,-246.64840698242188
9807840,-236.81271362304688
9808256,-83.7338638305664
9813760,-243.7795867919922
9818336,-217.49229431152344
9820800,-171.8260040283203
9822592,-122.44146728515625
9822880,-114.67523956298828
9830944,-37.034332275390625
9834400,-131.77464294433594
9838528,206.14735412597656
9844704,-241.99122619628906
9846304,-132.72125244140625
9853952,-176.58676147460938
9854176,-280.6608581542969
9854336,109.87367248535156
9854400,-139.46324157714844
9857792,-129.21795654296875
9860192,-294.9289855957031
9865632,-323.9265441894531
9870496,-181.25189208984375
9871104,-295.9591064453125
9871872,-194.25328063964844
9877568,-131.89505004882812
9879552,-223.9362335205078
9882528,-177.1298065185547
9883552,-214.39443969726562
9895648,-255.58432006835938
9898144,-169.8095703125
9907712,-271.6454162597656
9912448,-134.4631805419922
9912576,176.22398376464844
9916800,-231.87779235839844
9920928,192.57684326171875
9930112,-115.21587371826172
9931040,-114.1603775024414
9931072,-199.3919219970703
9936992,-60.66050720214844
9939712,-152.35125732421875
9941888,-109.88862609863281
9941920,-217.2220001220703
9944032,-344.8514099121094
9948672,94.05257415771484
9951008,-224.70928955078125
9951872,-250.7073974609375
9953312,-299.4690246582031
9954464,-151.4009552001953
9957536,-254.00985717773438
9957600,-216.1319122314453
9957984,121.1456298828125
9961664,-150.40235900878906
9968768,-137.75387573242188
9971616,-216.2340850830078
9971808,-265.436767578125
9971840,-207.7664794921875
9972672,-179.1943359375
9976736,-134.56072998046875
9977952,-28.231138229370117
9978656,-201.248291015625
9981312,-201.92323303222656
9981984,-109.67414855957031
9983456,-220.04359436035156
9986464,-202.6010284423828
9987552,-182.8499298095703
9990848,-283.48223876953125
9992064,-18.935213088989258
9995648,-157.35826110839844
10003168,-206.9060821533203
10007680,-208.6146240234375
10010048,-508.6937255859375
10010688,-104.18565368652344
10021728,-236.17213439941406
10023616,-224.7355194091797
10028544,-40.050086975097656
10028896,-151.54684448242188
10033696,-117.88545227050781
10037120,-164.20664978027344
10040704,-129.02919006347656
10045184,-155.50230407714844
10048416,-216.01747131347656
10059072,33.022220611572266
10062176,-208.95082092285156
10062816,-248.541259765625
10063840,-119.65518188476562
10071392,-226.80178833007812
10072640,-263.7581481933594
10080928,-227.03614807128906
10084672,220.65945434570312
10086880,-148.77365112304688
10086944,-198.78411865234375
10088640,-290.4582214355469
10090976,198.954345703125
10094496,-56.84500503540039
10097280,-282.7821044921875
10098912,-146.8565216064453
10099328,-177.09217834472656
10099904,-251.9056854248047
10100448,-202.92442321777344
10101312,-508.8646545410156
10107584,-237.44918823242188
10109504,-230.75003051757812
10113824,-229.65542602539062
10119744,-212.03955078125
10120064,-246.0474090576172
10120192,-193.21424865722656
10123552,-219.9877471923828
10124224,-129.1902618408203
10127104,-245.04122924804688
10131712,-215.78147888183594
10139072,-250.78875732421875
10145472,-242.044677734375
10148576,-220.93833923339844
10154144,-245.6495819091797
10156672,-250.0311737060547
10156704,-239.7469482421875
10161760,-218.77696228027344
10165888,169.97079467773438
10167584,-270.1606750488281
10173280,-139.88958740234375
10182432,-199.5821075439453
10186528,-183.87417602539062
10187232,-244.53298950195312
10191072,115.58261108398438
10191200,-210.63758850097656
10192192,-226.69630432128906
10197632,-212.81016540527344
10205376,-267.9102478027344
10207328,-206.00979614257812
10223232,-228.11514282226562
10235808,-404.7215270996094
10252992,-254.3498992919922
10264832,-167.471435546875
10272832,67.32903289794922
10291040,-241.46731567382812
10295872,-170.10848999023438
10300416,-248.5541534423828
10302624,-203.282958984375
10302816,104.43372344970703
10304128,-188.7835693359375
10304448,-229.07000732421875
10305888,-260.550048828125
10308224,-204.49655151367188
10321280,-288.2449035644531
10322080,-234.3861083984375
10322368,-125.60614013671875
10324832,-239.73776245117188
10330560,6.452065467834473
10331168,-134.97828674316406
10337408,-138.2322540283203
10338624,-122.99919891357422
10340992,-144.61798095703125
10352896,-250.42742919921875
10355680,-207.33200073242188
10360608,-255.14280700683594
10364288,-186.92921447753906
10365440,-158.50897216796875
10367264,-146.9628143310547
10369184,-167.17025756835938
10370048,-132.2843780517578
10375808,-237.41885375976562
10377216,-186.80853271484375
10378560,-142.31809997558594
10381408,-105.32865905761719
10383008,-239.84033203125
10385696,-131.32847595214844
10386208,-221.78028869628906
10387296,-448.0285949707031
10393280,192.0409393310547
10397696,-203.81298828125
10401696,-204.6046905517578
10408960,-187.13356018066406
10409408,-252.0959930419922
10411968,-182.06971740722656
10413472,67.59429168701172
10414944,-222.0918731689453
10416992,206.69210815429688
10418400,-215.7538604736328
10428448,-227.0736541748047
10441120,-186.90673828125
10441440,35.07058334350586
10444096,-252.17526245117188
10444448,-130.57493591308594
10445472,-175.77647399902344
10445632,-151.8697509765625
10446368,-178.7288818359375
10446528,-122.81416320800781
10449344,50.364749908447266
10449824,-243.84039306640625
10455264,-202.69842529296875
10458656,-209.42723083496094
10468512,-165.16529846191406
10469600,-174.05685424804688
10470688,-155.81381225585938
10472608,-136.60093688964844
10475808,-201.2359619140625
10481728,-134.1432647705078
10491424,-254.16873168945312
10506528,-166.2371368408203
10507904,-146.4867401123047
10509600,-129.2830810546875
10513152,-219.4380645751953
10514368,-141.69219970703125
10515296,-199.44761657714844
10525760,-196.74171447753906
10528224,-176.37777709960938
10531136,-268.2044982910156
10536000,-212.65037536621094
10538720,-202.23744201660156
10540064,252.5813751220703
10544544,-242.3836212158203
10549824,-329.6905212402344
10552768,259.3612060546875
10554496,92.62283325195312
10556512,-156.47703552246094
10561600,-37.287818908691406
10563968,-29.99326515197754
10570656,-166.11639404296875
10571584,-212.065185546875
10572416,-106.87967681884766
10573376,-778.8447875976562
10579776,-338.9815673828125
10581792,161.04364013671875
10588320,-236.07308959960938
10590112,-199.2206573486328
10591488,-211.12937927246094
10596704,-174.55889892578125
10597888,-141.74276733398438
10598784,-176.32254028320312
10599168,-252.86012268066406
10602048,-90.66896057128906
10609024,104.0380859375
10609312,-166.8463134765625
10611424,-104.37857818603516
10617856,-163.97474670410156
10621152,-256.9346923828125
10624096,-234.2838134765625
10626752,-279.9640197753906
10632448,-220.69642639160156
10641856,-243.15338134765625
10644160,-158.07073974609375
10653888,156.25389099121094
10665920,-151.15261840820312
10667392,-231.6646270751953
10668416,-5.395807266235352
10671776,-81.49403381347656
10672640,183.4666748046875
10681344,-249.63623046875
10684640,-134.4190216064453
10685600,108.2624282836914
10686784,-212.26759338378906
10686912,-255.92088317871094
10689504,-156.25946044921875
10690848,-244.95462036132812
10697024,226.6596221923828
10702464,-161.7471160888672
10704288,-175.92428588867188
10704480,-148.8401641845703
10706464,-156.3619384765625
10710336,-114.45367431640625
10714432,-241.95285034179688
10721024,-260.5262145996094
10724672,-136.62542724609375
10728832,-142.22349548339844
10739584,188.6562042236328
10744192,-202.1988983154297
10746048,-182.2276611328125
10750624,-440.96417236328125
10753248,36.766456604003906
10754784,-242.25567626953125
10766528,-249.0167236328125
10769632,-62.767372131347656
10776768,-236.79293823242188
10778784,-265.3661804199219
10783392,-197.84095764160156
10784672,-205.1072540283203
10785568,-241.37710571289062
10794656,-22.464181900024414
10796704,-74.53057861328125
10813504,-215.75674438476562
10814752,167.17092895507812
10817248,-188.72174072265625
10819616,-179.69488525390625
10822592,119.12940216064453
10823744,-149.03118896484375
10824896,-269.2923889160156
10827520,103.95323181152344
10835552,-392.9893493652344
10836480,211.48779296875
10840480,-248.19046020507812
10841120,-242.69325256347656
10845856,-189.36422729492188
10848128,-166.1012420654297
10850464,-156.20516967773438
10852448,-119.91749572753906
10871040,-201.20223999023438
10875104,-212.5272674560547
10877280,-291.402099609375
10884416,-235.00146484375
10884864,-256.9778137207031
10884864,-213.31036376953125
10885984,-184.87445068359375
10887648,-266.0586853027344
10898080,-224.46701049804688
10899232,-131.75852966308594
10910176,-186.51156616210938
10913280,-187.59107971191406
10925088,-244.4910125732422
10937632,110.41088104248047
10941408,-218.00631713867188
10945984,-217.82875061035156
10946720,-138.05564880371094
10949888,-216.8123779296875
10951456,-207.1346435546875
10951904,-239.15663146972656
10952352,-129.53846740722656
10955200,-62.300804138183594
10957856,160.4238739013672
10961152,-106.27458190917969
10963808,-347.1756286621094
10964672,-231.8524169921875
10965344,-246.77117919921875
10970432,-115.1253433227539
10975200,-151.7615203857422
10978432,-266.51727294921875
10978464,-257.5716552734375
10984864,-264.467041015625
10996800,-138.37286376953125
11002112,-180.43960571289062
11010912,-202.97586059570312
11012096,-221.41131591796875
11013088,-249.41812133789062
11016416,-155.2244873046875
11016960,-266.5413818359375
11020544,-193.17161560058594
11021760,-259.1839599609375
11022752,-218.29737854003906
11024448,-227.50326538085938
11025856,-181.95774841308594
11027936,-242.21363830566406
11028960,-248.4022674560547
11033024,-207.47158813476562
11037504,-161.28965759277344
11040864,-273.59326171875
11042592,-233.84120178222656
11044640,-138.649169921875
11045568,-252.6572265625
11068864,-166.46067810058594
11073312,-281.8879699707031
11084800,-153.72146606445312
11085984,-165.11141967773438
11095776,-174.745361328125
11100384,-284.86541748046875
11100448,-235.84780883789062
11111072,-255.43801879882812
11117280,-186.09841918945312
11128352,-241.77642822265625
11131200,-210.86460876464844
11135616,-119.23433685302734
11145440,-202.3267822265625
11152928,-160.1904296875
11157824,-231.3867950439453
11158016,-167.68666076660156
11161888,-64.28023529052734
11167616,-239.98599243164062
11170432,-205.3063201904297
11171392,-144.4578399658203
11173184,-222.95748901367188
11175520,-184.28228759765625
11177504,-200.17733764648438
11177600,-119.5945816040039
11179200,-165.65774536132812
11184992,-158.95310974121094
11188992,220.20054626464844
11189952,-123.7230224609375
11197152,14.140504837036133
11198816,-90.22567749023438
11200768,-143.5269012451172
11211968,-200.9722900390625
11221568,-254.8365020751953
11222592,-221.0865936279297
11225536,-229.8585662841797
11227232,-121.82027435302734
11228384,-194.70103454589844
11232256,-196.0453643798828
11237344,-210.19366455078125
11240992,-314.99444580078125
11247488,-207.00643920898438
11250144,168.02401733398438
11250304,-258.00177001953125
11263744,-109.56999969482422
11265056,-139.91082763671875
11273568,-209.64036560058594
11276032,-93.80349731445312
11279360,-148.36459350585938
11295776,-103.19136810302734
11303552,-151.7882080078125
11304288,-183.66136169433594
11305472,-20.86251449584961
11308416,-153.62356567382812
11313440,-47.159297943115234
11314624,-171.37222290039062
11318272,-176.89930725097656
11329472,-204.4825439453125
11330560,126.52274322509766
11339904,-221.22637939453125
11342080,-143.10118103027344
11343360,-222.84751892089844
11346720,-33.58649444580078
11352992,-262.53460693359375
11355488,-154.6996307373047
11358816,-58.021785736083984
11364160,-94.29068756103516
11364896,-184.510498046875
11368640,-201.36988830566406
11369216,-48.17438507080078
11370144,-181.78244018554688
11370240,-248.46109008789062
11383680,-216.73715209960938
11391584,-240.00218200683594
11392864,-201.00184631347656
11403872,-134.99720764160156
11407136,-206.41455078125
11411840,-225.99581909179688
11413216,-230.42462158203125
11415264,-274.8783874511719
11415904,-208.2134246826172
11417760,-165.7197723388672
11418208,-214.26625061035156
11418560,-154.044677734375
11422976,-213.93089294433594
11424128,-55.132530212402344
11424832,-212.53030395507812
11426368,-50.962955474853516
11426784,-232.3455352783203
11427104,-203.20382690429688
11430976,-201.5787811279297
11432256,-219.01719665527344
11436224,-141.34130859375
11443360,-154.26878356933594
11443488,-258.813232421875
11444608,-253.6315460205078
11449920,-133.5972900390625
11452896,-216.42507934570312
11455264,-105.46379852294922
11460672,-229.995849609375
11462944,-239.66087341308594
11464672,-101.19568634033203
11470432,-204.24473571777344
11473248,-255.05029296875
11473696,-233.81068420410156
11477344,-179.5454559326172
11479840,-146.7339630126953
11481120,-219.76036071777344
11492864,-221.3372344970703
11495808,-214.212158203125
11502464,-164.06617736816406
11502752,-394.3414611816406
11505344,-251.0277862548828
11510592,-199.5328826904297
11514112,-245.6162109375
11515360,-229.81231689453125
11516512,-157.80833435058594
11516736,-176.7310333251953
11520896,182.2288818359375
11522272,-222.1924591064453
11531488,-115.42958068847656
11531840,156.5054931640625
11534176,-182.677490234375
11534368,-215.66586303710938
11540352,-225.84939575195312
11540544,-251.11647033691406
11541792,-174.1266326904297
11543712,-223.65342712402344
11543936,-41.30542755126953
11545824,-244.4304656982422
11545824,-264.7254333496094
11557120,-229.16290283203125
11558752,-137.97836303710938
11574880,-236.68978881835938
11601760,-125.3800048828125
11606048,-234.29981994628906
11607360,-189.00975036621094
11609440,-225.30206298828125
11612928,-114.89058685302734
11614784,-218.52418518066406
11615968,-285.6573181152344
11616704,-164.1288299560547
11618208,-216.96221923828125
11619456,-160.88345336914062
11623968,-219.2751922607422
11628672,-152.7176971435547
11629600,-133.17987060546875
11629632,-396.2822265625
11634720,64.95323181152344
11636384,-308.1427307128906
11636864,-201.0963134765625
11637728,-207.220458984375
11642432,-142.3992462158203
11646208,-206.99752807617188
11646848,-224.1552276611328
11650272,-106.22734069824219
11652832,-133.256103515625
11653728,-227.0794677734375
11653920,-112.69497680664062
11656608,207.69102478027344
11663680,-224.1847686767578
11672288,-205.32818603515625
11674528,-175.05841064453125
11677120,-158.840576171875
11680544,-211.89974975585938
11683328,-216.63446044921875
11687008,-252.05868530273438
11688576,-214.58042907714844
11690560,-144.3323974609375
11691200,-245.4490509033203
11692800,-198.464599609375
11696032,-216.417236328125
11707392,-177.86178588867188
11710272,-141.4617462158203
11712832,-174.07284545898438
11714048,-229.21507263183594
11717184,-199.41632080078125
11717280,-146.05609130859375
11724992,-225.84185791015625
11726752,-280.8148193359375
11727936,-284.8853454589844
11749568,-233.1375274658203
11752992,-110.21721649169922
11757632,-240.3377685546875
11761472,-147.90701293945312
11765952,-113.12354278564453
11766080,-172.69334411621094
11766848,-240.88426208496094
11773760,100.684814453125
11775968,-204.5242462158203
11776864,151.29183959960938
11783008,-215.52232360839844
11799616,-243.47964477539062
11800000,-385.2972106933594
11801216,-574.191650390625
11810208,-238.0139617919922
11810336,-54.7322998046875
11813280,32.815269470214844
11813888,-194.1632843017578
11815808,-417.7846374511719
11825088,-197.6036376953125
11826656,-249.36314392089844
11834656,-188.9065704345703
11835296,-252.83554077148438
11845856,-130.17514038085938
11846368,-175.38092041015625
11848192,-168.3102569580078
11852640,-182.1068115234375
11854752,-139.00233459472656
11855072,-169.3836669921875
11857152,-145.50881958007812
11863840,-239.83656311035156
11866944,-251.64540100097656
11867424,173.69532775878906
11871904,-147.22650146484375
11880768,-193.20494079589844
11884032,-196.2613525390625
11886848,-233.8608856201172
11891328,-233.6591033935547
11893152,-234.91323852539062
11895072,5.568366527557373
11895296,-177.86557006835938
11900352,-224.141845703125
11900736,-154.19354248046875
11909472,-142.2628936767578
11915072,-162.55361938476562
11931328,-206.897705078125
11932096,-1.41443932056427
11935840,-222.150390625
11938304,-125.61625671386719
11938496,-153.8980255126953
11939456,14.756905555725098
11941536,-243.90472412109375
11942528,-170.30467224121094
11945888,-184.15711975097656
11947360,-114.82467651367188
11948160,-214.42236328125
11950048,-247.46897888183594
11950464,217.88967895507812
11951328,-199.1304168701172
11952288,-184.40943908691406
11953216,-203.7723846435547
11954400,-201.9375762939453
11955040,-170.1842803955078
11962880,-148.99905395507812
11963808,-158.0297088623047
11967648,-219.19920349121094
11970272,-154.28392028808594
11974848,192.29017639160156
11982496,-199.2928466796875
11982624,-223.42042541503906
11984160,-153.1633758544922
11986048,-21.480327606201172
11987776,-160.1715545654297
11988672,-172.52032470703125
11992768,-160.42311096191406
11995168,-234.11293029785156
11997920,-233.6216278076172
12003648,-222.9217529296875
12013280,-129.2064971923828
12014048,-274.61981201171875
12024992,-271.4830627441406
12030720,-240.97959899902344
12040416,-100.85443878173828
12040416,-203.51675415039062
12046720,-56.33500289916992
12052544,-160.99977111816406
12053984,-207.95143127441406
12056960,-55.96002197265625
12072960,-249.74038696289062
12074080,-279.60968017578125
12082848,-228.92991638183594
12083392,-241.35614013671875
12084480,-172.9008331298828
12090656,-167.6407470703125
12094912,-234.68634033203125
12096960,-135.6497039794922
12099808,-74.39756774902344
12109760,-219.10009765625
12119104,-248.58505249023438
12124064,-221.1507568359375
12125184,-143.73870849609375
12128768,-176.79949951171875
12130176,-178.07298278808594
12131904,-260.4822082519531
12136320,-262.9453430175781
12136640,-248.33506774902344
12141792,-195.22080993652344
12144352,-184.61056518554688
12148224,-180.6069793701172
12154560,-258.2763977050781
12162752,-94.84323120117188
12168128,-28.391298294067383
12177568,-173.83482360839844
12177600,-208.1925811767578
12177728,-153.22853088378906
12180192,-258.0867004394531
12181856,6.414255619049072
12182240,-123.55155944824219
12183488,-216.8479461669922
12183808,82.90288543701172
12187808,-93.36040496826172
12201472,-186.07276916503906
12201952,-177.5343475341797
12202560,-126.79058074951172
12206432,-189.0997314453125
12208128,-164.47825622558594
12215296,85.25324249267578
12215456,94.79434967041016
12219392,-170.76161193847656
12219872,-262.6348876953125
12220064,-135.3972930908203
12225120,-103.14574432373047
12227776,-132.328125
12227936,-153.2254638671875
12232640,-179.8674774169922
12233664,-236.04298400878906
12238464,-72.62984466552734
12239456,30.127290725708008
12246176,-191.80889892578125
12247488,-512.7572021484375
12247680,-228.7021484375
12248896,-155.29591369628906
12250240,-47.15725326538086
12256768,-31.126379013061523
12256960,-119.9036636352539
12258624,-138.99485778808594
12260128,-137.61813354492188
12264384,-174.11026000976562
12265920,-161.85813903808594
12270496,-241.6678009033203
12270880,-191.68016052246094
12273216,-172.08609008789062
12273312,182.27102661132812
12273824,-95.95697021484375
12274528,-160.30789184570312
12276576,-221.2855682373047
12280320,-27.551921844482422
12285504,-228.68911743164062
12289216,-209.29464721679688
12291808,-176.46148681640625
12305984,-255.22860717773438
12311232,84.9109115600586
12316896,-176.31976318359375
12318368,-70.39041137695312
12319904,-452.8844299316406
12321792,-30.207555770874023
12332224,-167.92080688476562
12337440,-207.96786499023438
12342176,-154.33924865722656
12347968,-203.4153289794922
12350528,-260.7806701660156
12351648,-126.53153228759766
12352224,-277.4126892089844
12364512,-116.93708038330078
12366176,-220.33909606933594
12366240,-145.8805389404297
12367200,-251.0677490234375
12369792,-113.28775024414062
12369856,-185.01014709472656
12372416,-46.663246154785156
12384896,-194.59225463867188
12386208,-191.99322509765625
12387680,-162.56019592285156
12388224,-259.89581298828125
12388640,-184.33419799804688
12389440,-216.0509490966797
12391200,-177.6966094970703
12398560,-228.89039611816406
12404992,-111.98051452636719
12405216,-37.50004196166992
12419328,-256.618896484375
12421120,-207.69448852539062
12424000,-107.06294250488281
12424576,-188.32237243652344
12425472,-145.8818359375
12428256,-238.3856201171875
12434560,-26.954557418823242
12435104,-203.71966552734375
12436224,-129.1240997314453
12443776,-172.75209045410156
12445952,-18.983970642089844
12449024,-185.36749267578125
12449120,-58.00161361694336
12449280,-201.87181091308594
12450784,-180.6944580078125
12454624,-187.43833923339844
12457024,-98.38743591308594
12458496,-117.62431335449219
12473856,-146.48789978027344
12477504,-59.53141403198242
12479840,-281.0851745605469
12485664,-193.5610809326172
12489888,-126.42967987060547
12496320,-197.16700744628906
12496416,-316.9691467285156
12498752,-256.1996154785156
12506144,-187.3102569580078
12508416,-226.0289764404297
12515584,-121.34613800048828
12515808,-176.99375915527344
12518016,-193.8404998779297
12520352,-206.77281188964844
12521216,-271.0667419433594
12522688,-122.6103744506836
12525536,-251.58584594726562
12529888,-212.6802978515625
12530784,-163.02017211914062
12532448,-212.12425231933594
12533312,-155.10415649414062
12534080,-184.0431671142578
12537184,-163.6287078857422
12539104,-190.40518188476562
12544032,-126.87212371826172
12550400,101.56100463867188
12553184,-95.50019836425781
12561088,-71.60127258300781
12566272,-172.76698303222656
12567104,-237.0165557861328
12569600,-202.81991577148438
12570208,-213.997802734375
12571584,-213.77716064453125
12571648,-152.5478057861328
12572864,-131.32334899902344
12574624,-217.43099975585938
12577184,-195.98963928222656
12582432,21.29860496520996
12585824,57.521705627441406
12588768,-126.59114074707031
12594048,-134.57716369628906
12600128,-203.86273193359375
12607136,-176.3556671142578
12612480,-172.7390899658203
12614048,-158.8262939453125
12615232,130.11666870117188
12615680,-141.85537719726562
12623040,222.51039123535156
12624672,-221.48202514648438
12627584,115.0797119140625
12627968,-197.88543701171875
12629152,-230.36053466796875
12631328,-282.5382995605469
12632672,-202.70147705078125
12635840,-102.52444458007812
12644192,-188.76014709472656
12655328,-216.95460510253906
12657728,-166.5125732421875
12668032,-173.0032196044922
12672384,-249.04566955566406
12675968,-123.9030532836914
12677088,-109.29386138916016
12679328,-228.60137939453125
12679360,-226.48785400390625
12681856,-116.54022216796875
12697216,-193.92674255371094
12698208,-224.5712432861328
12701440,-218.21307373046875
12704000,-198.55226135253906
12717408,-142.17282104492188
12719264,-120.63101196289062
12726912,-212.58642578125
12733152,-212.37994384765625
12734272,-164.0264892578125
12734624,-11.964801788330078
12735648,-270.73211669921875
12736512,-196.44369506835938
12736768,-300.1584167480469
12742208,-85.6478500366211
12752352,-380.8949279785156
12752896,-171.82533264160156
12754720,-114.30029296875
12756576,-251.4932098388672
12759136,-357.0726013183594
12761568,-186.66354370117188
12762976,-190.12501525878906
12768320,-123.85713958740234
12777280,190.58892822265625
12780032,-135.6114044189453
12784864,-140.20162963867188
12785792,-170.0125732421875
12787360,185.82498168945312
12788992,-280.1434020996094
12789408,-32.59577941894531
12800384,-93.88093566894531
12803104,-413.6419677734375
12805760,-125.94102478027344
12810400,-427.8916015625
12813824,-226.93788146972656
12818144,-52.163299560546875
12831296,-146.33642578125
12836800,-235.0751190185547
12849184,-244.3255615234375
12858560,-163.60107421875
12865440,-278.59405517578125
12867104,-263.58514404296875
12867616,-170.74789428710938
12874240,-199.3502197265625
12883328,-234.36587524414062
12887424,-86.66228485107422
12888384,-238.4244842529297
12891776,-262.3557434082031
12898144,-352.6856994628906
12904416,-239.4873809814453
12905056,139.2053680419922
12907776,-198.52139282226562
12913248,-293.6593017578125
12928512,-261.9290466308594
12933088,-245.0934600830078
12951392,-181.31915283203125
12951936,-220.00961303710938
12954944,-195.59066772460938
12955296,-98.35621643066406
12963872,-251.31695556640625
12967904,-371.8172607421875
12968864,234.21621704101562
12971648,-88.76583099365234
12973888,-218.5814208984375
12974304,-234.70684814453125
12981856,-231.3252410888672
12984608,-277.4750061035156
12988608,-219.35870361328125
13002272,-355.4142150878906
13003360,-287.99346923828125
13003520,-150.49343872070312
13004864,-211.2837371826172
13009600,-137.0185089111328
13013376,-500.9239196777344
13018368,-116.46561431884766
13020992,-155.59678649902344
13023520,-225.2042236328125
13024480,-161.006103515625
13031072,-266.648193359375
13033600,-222.55825805664062
13035488,-250.8895721435547
13044768,-185.5304718017578
13045184,-145.3171844482422
13050432,-209.513671875
13056000,-142.16262817382812
13062592,-198.70028686523438
13065504,-265.5336608886719
13074784,18.289701461791992
13079360,-193.82650756835938
13082464,-406.9628601074219
13089184,-423.3799743652344
13093984,86.26561737060547
13103232,-159.0300750732422
13104672,126.99560546875
13104928,-175.12315368652344
13105024,-200.3095245361328
13107776,-196.20657348632812
13110528,0.4333780109882355
13116640,-149.22906494140625
13118208,-169.51168823242188
13118688,-263.5343017578125
13121888,-524.809326171875
13132800,149.91297912597656
13133472,-230.26051330566406
13133920,0.7446337938308716
13137312,-234.61277770996094
13141120,-149.05101013183594
13142688,-120.1058120727539
13149024,77.47451782226562
13150272,-137.52325439453125
13166720,-241.33799743652344
13172320,-222.91213989257812
13184960,-247.85769653320312
13187456,-167.01809692382812
13188192,-122.25247955322266
13192576,-5.878376483917236
13198112,-175.88182067871094
13215840,-103.69679260253906
13232416,-129.32208251953125
13246112,-236.8283233642578
13246944,-139.36109924316406
13262176,-126.59086608886719
13262272,-126.23519897460938
13264000,-223.36239624023438
13272992,-240.22335815429688
13283904,-280.2682189941406
13291968,-232.62884521484375
13292768,-178.4259796142578
13297248,-155.42738342285156
13300832,-179.49485778808594
13300960,-266.0790100097656
13303424,-219.57989501953125
13311872,170.05682373046875
13313216,210.84585571289062
13336512,-144.22988891601562
13336736,-194.87522888183594
13336864,-215.85948181152344
13346560,-172.9810791015625
13351840,-81.56999969482422
13354912,-241.04205322265625
13356032,-182.21107482910156
13360768,-224.6123809814453
13362688,-196.15789794921875
13374176,-288.13690185546875
13377888,17.009342193603516
13381600,6.495926856994629
13382752,-223.9753875732422
13383712,-227.1251983642578
13386880,-215.38876342773438
13391136,-212.23263549804688
13399360,-162.57957458496094
13408288,-93.1727066040039
13409184,-207.94403076171875
13409280,-227.90748596191406
13430112,-251.33975219726562
13430528,-137.29212951660156
13432224,-175.65472412109375
13439616,-292.5683898925781
13441408,-226.57936096191406
13441504,-174.39999389648438
13445952,-244.31349182128906
13446880,-143.66163635253906
13447392,-241.6542510986328
13451392,-88.89913940429688
13451648,6.611022472381592
13454432,-228.23013305664062
13460096,203.15533447265625
13463104,-225.72933959960938
13470304,-546.5206909179688
13492896,-135.60638427734375
13499648,-262.1913757324219
13500448,-189.5312957763672
13501824,-157.77203369140625
13502464,-240.84619140625
13502848,-261.3371887207031
13504256,-130.7896270751953
13507008,-198.86891174316406
13509280,-226.9629669189453
13511680,-145.00039672851562
13512160,-157.9586639404297
13512192,-92.69813537597656
13517088,-84.40397644042969
13518016,137.8832550048828
13518848,-137.41424560546875
13522144,-203.2455291748047
13535840,-127.02465057373047
13536576,-402.71990966796875
13536992,-239.59124755859375
13537216,70.46183013916016
13543136,-178.00347900390625
13553184,-151.90530395507812
13554176,98.97672271728516
13559008,-157.3105926513672
13559840,214.43911743164062
13560032,-151.2710723876953
13568320,-221.52427673339844
13571104,-252.8057861328125
13584736,-99.97132873535156
13587232,-208.68692016601562
13587712,-169.90614318847656
13587712,86.52084350585938
13588352,-157.57821655273438
13592032,-135.65103149414062
13595040,-140.03750610351562
13611808,-113.33141326904297
13614112,-56.11611557006836
13614144,-102.67904663085938
13626784,-224.10626220703125
13631552,-230.9175567626953
13632256,-257.9112548828125
13636640,-124.24140167236328
13639008,-133.70904541015625
13652608,-247.9821319580078
13653184,-134.9828338623047
13656000,-274.0545654296875
13664384,207.23538208007812
13672960,96.6287841796875
13682240,204.58950805664062
13684864,-254.68162536621094
13686848,-111.07230377197266
13700000,-174.57740783691406
13700384,-132.72996520996094
13701024,-170.16903686523438
13711744,-177.85525512695312
13716704,-185.2313690185547
13716800,-279.7666931152344
13719360,-214.96337890625
13721280,-163.25131225585938
13757536,-215.638671875
13760512,-189.54405212402344
13767232,-214.28538513183594
13771200,-214.17189025878906
13776288,-218.586669921875
13798368,112.77652740478516
13804160,-267.1968994140625
13804544,-257.187744140625
13813376,-180.36331176757812
13813504,-160.29368591308594
13817440,-235.436279296875
13821344,-177.3144073486328
13822016,-198.7322540283203
13824160,-175.70843505859375
13833120,-129.89341735839844
13845280,-101.42376708984375
13847936,-163.7722930908203
13852768,-146.9822540283203
13853632,-158.33676147460938
13854432,-244.9224395751953
13859136,-230.6263427734375
13862240,-108.43632507324219
13864448,-196.29847717285156
13873376,124.12373352050781
13877504,-234.576171875
13878464,-143.60009765625
13883520,-448.4021911621094
13883936,-84.82465362548828
13886720,-215.5046844482422
13900672,-104.99280548095703
13903168,-239.6986846923828
13904864,-245.94979858398438
13905888,-438.4778747558594
13909088,-143.48818969726562
13916448,-210.04249572753906
13924416,-204.16932678222656
13928736,104.52517700195312
13932448,-255.02178955078125
13932864,-79.53057861328125
13934304,-9.957096099853516
13950208,-273.33074951171875
13952512,-231.13790893554688
13953664,-130.58447265625
13955776,-230.20297241210938
13957312,-294.5525207519531
13959712,-244.12290954589844
13960160,-265.6838684082031
13966112,-186.42869567871094
13966208,-262.2731628417969
13968704,-222.93141174316406
13970400,125.43439483642578
13973632,-160.91897583007812
13975904,-180.20005798339844
13975904,-215.7207489013672
13983168,-155.4113006591797
13984288,-46.082332611083984
13986112,-99.80176544189453
13991904,182.99832153320312
13992640,-167.09886169433594
13993280,-245.87083435058594
13996864,71.34825134277344
13999008,-229.56793212890625
14002304,-166.86239624023438
14014048,-240.90968322753906
14019712,122.00321960449219
14021504,-185.11891174316406
14027936,-199.63363647460938
14028096,131.16635131835938
14029664,-108.85065460205078
14031712,-128.9162139892578
14034144,-123.74384307861328
14035648,-247.51919555664062
14040512,-163.69863891601562
14042432,-167.36195373535156
14044896,-215.48394775390625
14045120,-74.1609878540039
14048768,-192.51441955566406
14050624,-118.18644714355469
14053184,-157.15423583984375
14057760,-223.6498260498047
14061408,-202.33416748046875
14073632,-79.83989715576172
14076352,-227.04922485351562
14082464,-149.0426788330078
14083936,-192.41867065429688
14100800,-169.33554077148438
14101248,-141.85867309570312
14105440,-150.18112182617188
14109792,144.18080139160156
14112960,-128.30416870117188
14118464,-8.142602920532227
14119456,-22.226600646972656
14121120,-154.686279296875
14126336,-203.77545166015625
14126624,-215.18641662597656
14132800,-246.95010375976562
14134816,-229.12892150878906
14137600,-141.67294311523438
14140224,-198.52926635742188
14140256,-164.65545654296875
14141728,177.61940002441406
14142848,-127.49995422363281
14144128,-193.26397705078125
14144192,-83.62101745605469
14147712,-162.60191345214844
14149184,161.00335693359375
14150752,-127.63175201416016
14150816,-171.5154266357422
14157824,-214.82208251953125
14157920,-213.91490173339844
14168096,-329.6445617675781
14176640,-234.38302612304688
14189632,-254.15528869628906
14190784,-184.97593688964844
14191520,-171.412353515625
14205760,-65.8344955444336
14206368,-164.22314453125
14208640,-182.70004272460938
14213856,93.55841827392578
14217472,-166.71351623535156
14229568,-179.01376342773438
14234816,-137.89407348632812
14240992,-106.91266632080078
14242880,-151.63465881347656
14246432,-250.2938232421875
14256128,-175.9448699951172
14256160,-200.65374755859375
14256160,-162.44906616210938
14260544,-98.14205169677734
14262560,-195.54058837890625
14266592,-198.4783935546875
14270016,-181.05821228027344
14273280,-214.50054931640625
14273952,188.15921020507812
14276768,-185.27365112304688
14278592,-261.5730895996094
14280736,-146.03260803222656
14282752,-308.3311767578125
14283232,-233.0251922607422
14290176,-346.9107360839844
14295904,-248.54769897460938
14299424,-130.2480926513672
14301952,-137.24478149414062
14304864,-242.8656768798828
14321440,-184.01914978027344
14337248,-156.3972930908203
14337920,-177.84893798828125
14338080,-0.162794291973114
14339296,87.72222900390625
14340192,-53.22580337524414
14345120,-205.93202209472656
14346528,-235.7417755126953
14352352,-236.64169311523438
14367424,131.99423217773438
14372032,-140.14105224609375
14375968,-306.77313232421875
14379584,-107.40576171875
14387360,-120.22265625
14390272,-210.97682189941406
14393376,-167.3182830810547
14397312,-222.82675170898438
14399456,-228.2681427001953
14400576,-55.081321716308594
14405312,-277.8416748046875
14407552,-96.8945083618164
14410272,5.1865925788879395
14414816,-163.3014678955078
14424416,188.87767028808594
14426336,-202.73770141601562
14427520,-182.25930786132812
14432160,-167.12025451660156
14432384,-158.0159912109375
14436640,-143.41473388671875
14439168,-201.26333618164062
14441248,-233.21835327148438
14448544,-101.25141143798828
14449632,-282.7557678222656
14452384,88.05052947998047
14453088,-152.05836486816406
14463968,-125.67224884033203
14466144,-126.26322174072266
14466976,-112.41864013671875
14478240,105.2696533203125
14483456,-221.86248779296875
14483584,-160.76585388183594
14485792,-60.48818588256836
14487072,-215.52162170410156
14489600,-267.48040771484375
14502432,-166.7386932373047
14513728,102.68838500976562
14518336,-69.05377197265625
14518528,-132.91973876953125
14521888,-6.620499134063721
14525856,-119.6975326538086
14525920,-110.78070068359375
14528384,-165.53794860839844
14532512,-108.46534729003906
14532544,-246.8326873779297
14535680,-234.9298858642578
14541280,-157.02996826171875
14547104,106.79551696777344
14550688,-93.96293640136719
14552032,-121.18807983398438
14552288,-89.88825225830078
14557440,-240.60972595214844
14558304,-255.96768188476562
14560576,-199.8329620361328
14564320,-167.1406707763672
14571456,-129.28671264648438
14571552,-213.7301025390625
14572096,-273.7178955078125
14576928,-311.52069091796875
14579712,-186.1614227294922
14582720,-182.8897247314453
14583232,90.83802795410156
14584992,-112.31085205078125
14585600,4.179965972900391
14587040,-157.6079864501953
14588960,-217.9546356201172
14589056,-149.77154541015625
14591360,-229.17491149902344
14593568,-233.15338134765625
14604032,109.86307525634766
14606048,-76.72224426269531
14606656,125.5580825805664
14611008,140.82858276367188
14617280,-137.18478393554688
14624384,-138.3986053466797
14624928,-152.50723266601562
14627008,-253.51763916015625
14636192,-224.5811309814453
14636800,-236.54473876953125
14657824,-42.914405822753906
14665920,-128.73419189453125
14676096,-149.82650756835938
14679968,-213.98228454589844
14682656,-151.61460876464844
14686112,-307.02667236328125
14693088,-139.4906005859375
14696672,-209.89224243164062
14697632,-243.12551879882812
14699616,-224.14622497558594
14703008,-255.48165893554688
14715488,-144.2425994873047
14717696,-256.7017517089844
14719552,-201.11331176757812
14731872,-106.94615936279297
14733952,-268.1865539550781
14734560,-216.09945678710938
14735680,-138.98556518554688
14738432,-105.85386657714844
14740704,-223.53689575195312
14749184,-252.62637329101562
14753504,210.389404296875
14754912,-159.34373474121094
14755008,-173.9984588623047
14757056,-222.21884155273438
14760128,-22.300457000732422
14765312,5.062578201293945
14769568,-96.7757568359375
14773248,-168.3492889404297
14780352,-247.70480346679688
14783456,-192.10157775878906
14792672,-213.99972534179688
14796288,-182.23960876464844
14808160,-124.82180786132812
14809856,-176.32327270507812
14830048,-215.5119171142578
14836288,-172.91488647460938
14844064,86.15745544433594
14851168,-233.3518524169922
14853312,-174.0183563232422
14856992,-261.8359680175781
14865856,-164.08042907714844
14874432,117.69853210449219
14874880,-230.15118408203125
14876576,-152.16993713378906
14883936,-279.12139892578125
14888064,105.45307922363281
14893568,-220.3845977783203
14895264,-236.88421630859375
14896864,-205.7349853515625
14899680,-302.9196472167969
14903360,-144.43714904785156
14904672,-163.9799346923828
14907264,-18.05217742919922
14907712,-231.48289489746094
14908512,-106.55258178710938
14908928,178.59207153320312
14920320,-176.6628875732422
14925216,-258.2780456542969
14926080,-174.88124084472656
14931040,-138.74778747558594
14942592,-234.39846801757812
14949248,-249.46136474609375
14950432,-271.8143615722656
14951040,-96.8223648071289
14953728,-76.11355590820312
14954848,-208.15208435058594
14954848,-131.52783203125
14956224,191.63998413085938
14957984,-213.96702575683594
14971392,-164.67709350585938
14971904,-216.85488891601562
14973248,-283.2408142089844
14983456,-165.37315368652344
14989408,-238.1510009765625
14995264,-105.16316223144531
15002144,-186.88011169433594
15002944,72.5621566772461
15007008,17.254703521728516
15009184,-168.51742553710938
15012544,-164.42340087890625
15013888,65.602783203125
15015968,-149.9759063720703
15019232,-13.505515098571777
15021824,72.72799682617188
15030400,-267.6602783203125
15038720,-175.836181640625
15040480,-266.60943603515625
15044608,-209.11215209960938
15047328,100.31910705566406
15059520,126.45394897460938
15070432,-221.57119750976562
15071264,-200.10415649414062
15072064,-175.72015380859375
15074720,-236.44956970214844
15076192,-154.3178253173828
15077440,-219.29983520507812
15080576,-33.74549865722656
15085472,-258.8898010253906
15100800,-168.07786560058594
15105216,-133.1295928955078
15109760,-219.34263610839844
15112704,-48.02058029174805
15112896,-177.04959106445312
15114912,-254.9339599609375
15123712,-179.1083221435547
15127808,-183.77017211914062
15128864,-286.6329345703125
15133568,-186.69207763671875
15136704,-193.4626922607422
15141120,-49.326473236083984
15142976,-494.2048645019531
15145824,-130.6797332763672
15150016,239.626220703125
15150848,-195.17906188964844
15151680,-219.84877014160156
15153824,-105.36534118652344
15166912,-166.57850646972656
15180448,-142.8583984375
15188096,-220.8831024169922
15193856,-234.40399169921875
15204128,-153.0889892578125
15207008,-365.98480224609375
15211232,2.4287242889404297
15214336,-133.6146697998047
15215168,-202.14678955078125
15215584,-95.99832153320312
15221920,-140.3518524169922
15226880,-152.4401397705078
15244288,51.77541732788086
15245856,-119.58136749267578
15248576,-253.07435607910156
15249280,-134.68023681640625
15249472,-236.70306396484375
15255808,-197.09974670410156
15277440,69.19015502929688
15287904,120.43524169921875
15290720,-275.88299560546875
15293536,-112.52776336669922
15301696,-218.0878448486328
15303744,-35.3986930847168
15315008,-430.4560852050781
15321728,-247.2041778564453
15326176,-163.95387268066406
15331168,-280.79290771484375
15332768,-184.0492401123047
15338816,-105.67369079589844
15339296,-200.6060791015625
15344192,-209.79562377929688
15344960,-111.68073272705078
15347680,-258.85693359375
15348800,-417.7396240234375
15349376,-241.03466796875
15350016,-212.70132446289062
15350368,-258.6361083984375
15354368,-146.19908142089844
15355904,-203.7367706298828
15363808,-172.32936096191406
15368640,-257.7803649902344
15370784,-142.0558624267578
15374912,-203.9119415283203
15398304,-247.48056030273438
15399872,-111.13800048828125
15403328,-214.93377685546875
15406336,-138.148681640625
15412320,-149.7071990966797
15414880,-266.81756591796875
15425568,-198.01522827148438
15427104,-168.47886657714844
15428736,-226.65953063964844
15431232,-155.8095703125
15434592,-221.58749389648438
15435776,-60.26692199707031
15436864,-190.47483825683594
15437344,-266.18609619140625
15455072,-115.50809478759766
15459968,45.31882858276367
15462144,-239.02757263183594
15466336,-214.29991149902344
15477536,-99.0103988647461
15486880,-125.43289184570312
15488192,73.5716323852539
15491200,-200.49615478515625
15495360,-206.1361541748047
15496640,83.5241928100586
15497472,-192.07981872558594
15498880,-202.73855590820312
15501696,-135.8758544921875
15507264,-122.0676040649414
15520544,-191.36495971679688
15522720,-67.37956237792969
15522880,-193.46426391601562
15523712,218.246337890625
15529472,-244.32464599609375
15537472,-185.7373809814453
15538944,-20.341676712036133
15541440,-37.441062927246094
15544352,-218.53591918945312
15551840,-260.62890625
15554976,86.4568099975586
15558144,-88.52404022216797
15564320,-119.52157592773438
15569888,-217.90118408203125
15570048,112.48360443115234
15570784,-17.944177627563477
15571328,-266.7121276855469
15578016,-50.741703033447266
15578400,-240.45223999023438
15579072,-236.53231811523438
15582912,-246.49249267578125
15584480,-86.27787780761719
15585184,-278.1329040527344
15587712,-201.30953979492188
15590752,-215.49166870117188
15592288,-213.9408721923828
15599552,-84.27281188964844
15600928,-118.13735961914062
15605984,-209.85020446777344
15614592,-152.1551055908203
15623552,-147.05780029296875
15626688,-457.76641845703125
15626688,-256.657958984375
15649056,-165.7029266357422
15649216,-259.1844787597656
15651232,-149.9866943359375
15654688,-158.36676025390625
15655744,-313.6021423339844
15671840,-260.4540100097656
15675296,-142.4001922607422
15676000,-139.2342529296875
15679680,-121.73826599121094
15686720,-48.34780502319336
15689952,-101.65574645996094
15695360,-194.7064666748047
15695776,-121.5531005859375
15696352,-311.7186279296875
15702880,-216.1209716796875
15703008,-169.29415893554688
15704128,-233.68234252929688
15706656,-171.3356170654297
15707264,-170.62490844726562
15711616,-180.0329132080078
15714496,-161.38372802734375
15715072,-262.6246643066406
15718688,-423.6099548339844
15727136,-225.05117797851562
15736960,-198.71295166015625
15748512,-270.6856689453125
15750368,-90.23185729980469
15756224,-266.04876708984375
15761664,-203.05755615234375
15766272,-225.23104858398438
15772928,-381.5696716308594
15773248,233.7035675048828
15776448,-202.24806213378906
15782816,-185.17269897460938
15789952,-108.19735717773438
15792224,-217.9864501953125
15794304,-200.40231323242188
15797088,-173.60939025878906
15799648,-128.29469299316406
15803648,-259.9744567871094
15805376,232.61183166503906
15805632,-150.73109436035156
15806208,-199.44261169433594
15806560,-180.9471893310547
15813600,-229.73922729492188
15816320,-126.1751708984375
15818912,-211.84889221191406
15821696,-159.06211853027344
15823040,-48.05171203613281
15835296,-276.1285400390625
15836096,-125.1579360961914
15840992,-195.5320587158203
15841856,-205.2125701904297
15842912,-160.26708984375
15843456,-240.19357299804688
15843456,-182.00473022460938
15858496,-245.5491485595703
15868800,-251.6511993408203
15868832,-7.991238117218018
15869344,-154.8002166748047
15873152,-211.14564514160156
15875744,-222.10760498046875
15878240,-288.931884765625
15885856,-75.43303680419922
15886784,-113.26614379882812
15888864,4.5613861083984375
15889568,-200.49594116210938
15892288,-213.82205200195312
15897440,-214.71995544433594
15903072,-244.88714599609375
15912256,-151.48837280273438
15923104,-116.1602554321289
15925696,-220.2728729248047
15927104,-195.26344299316406
15930784,217.5507354736328
15932576,183.8187713623047
15938880,-269.9139709472656
15941024,-169.5624542236328
15943008,-139.35107421875
15947776,69.27259063720703
15953536,-197.9275665283203
15954208,-166.5933380126953
15960160,-450.5252990722656
15966016,-128.49984741210938
15972512,-215.35861206054688
15993280,-158.44728088378906
16006336,-247.19984436035156
16013280,-168.98193359375
16016384,-78.90435791015625
16018688,-198.35316467285156
16020544,-212.20175170898438
16022336,-126.71269226074219
16024704,67.9727554321289
16024960,193.51966857910156
16028448,-125.61190795898438
16030752,-89.28466796875
16051424,-94.67801666259766
16056960,-143.78150939941406
16057760,-270.8619079589844
16059616,-153.3649139404297
16070880,-226.63108825683594
16078304,-42.68767547607422
16085184,-270.80328369140625
16096640,-156.32867431640625
16099968,-309.6800537109375
16109408,-76.233642578125
16112704,-260.7845153808594
16113440,-273.8736572265625
16115360,-164.1844482421875
16116960,-377.9324035644531
16118752,28.263404846191406
16135456,-182.94940185546875
16148352,-184.8213348388672
16149888,-380.1017150878906
16151392,-15.921085357666016
16152736,-166.87008666992188
16153504,-136.7515106201172
16157920,-224.45156860351562
16161088,-486.8482666015625
16161664,104.37786865234375
16171136,-238.97705078125
16173472,-289.4661865234375
16176768,-323.75909423828125
16182208,-170.5168914794922
16185792,-157.4152069091797
16187872,-142.60829162597656
16189312,-185.8141632080078
16195392,-272.0550231933594
16197856,-152.35440063476562
16199488,-217.3355255126953
16201056,-241.0780029296875
16213184,-224.0211944580078
16216096,-135.5948944091797
16221568,-210.39251708984375
16223136,-107.1656494140625
16223808,-115.62134552001953
16230688,-209.8740234375
16239904,-157.54541015625
16247104,-306.73138427734375
16253440,-222.1055145263672
16256416,-287.9358215332031
16257280,-196.1212921142578
16260288,-192.01968383789062
16264352,-186.22488403320312
16265376,-151.55975341796875
16271296,-149.92236328125
16272672,119.22135162353516
16289248,-228.51681518554688
16291584,-123.64380645751953
16297056,-131.80813598632812
16309760,-122.40811157226562
16316352,212.50790405273438
16317248,-175.09878540039062
16317728,-237.5992431640625
16320128,-191.3758087158203
16321120,-140.76087951660156
16323296,-193.41635131835938
16333600,91.70850372314453
16334784,-145.42161560058594
16335264,-254.57931518554688
16341536,-211.5686492919922
16346176,95.6867446899414
16346208,-109.71363830566406
16347616,-190.5853271484375
16354784,195.9925079345703
16369472,-141.1800079345703
16386304,-224.83876037597656
16386688,-214.6550750732422
16388896,-181.19888305664062
16389152,-382.9971008300781
16394528,-144.91453552246094
16397664,-223.8794403076172
16398560,-108.57772827148438
16401920,-246.48863220214844
16405248,-205.48204040527344
16405472,147.69644165039062
16408672,-213.50360107421875
16409856,-255.69342041015625
16417632,-148.88766479492188
16420736,188.3845672607422
16422400,-187.3599853515625
16434496,-374.6364440917969
16452928,199.265380859375
16454048,-208.32522583007812
16457856,-118.88860321044922
16458304,-159.9521942138672
16464352,-186.5038604736328
16464672,-231.74468994140625
16468064,-61.32986831665039
16472992,-124.89979553222656
16477216,-230.5482177734375
16482048,-196.25335693359375
16483872,133.00013732910156
16493504,-175.0626983642578
16495776,-191.62899780273438
16500096,-176.6512908935547
16505120,-277.22882080078125
16505824,-141.691162109375
16506400,-125.80892181396484
16507392,-217.1350555419922
16508928,189.26031494140625
16513568,-89.9541244506836
16517856,-127.34461212158203
16519040,-359.7525634765625
16525152,-10.0432767868042
16532800,-235.7789764404297
16535616,-237.73597717285156
16537088,-177.35299682617188
16538272,-203.4845428466797
16541376,-220.87522888183594
16545952,-147.45138549804688
16548832,-131.1319122314453
16554400,-245.8567657470703
16557664,-226.0521240234375
16564608,-100.28949737548828
16564928,-231.7023162841797
16567936,-133.1146697998047
16568000,-158.43032836914062
16568448,-241.95419311523438
16573472,-259.0834655761719
16580480,-188.95651245117188
16587072,-131.4444580078125
16589184,-223.68411254882812
16592672,-167.8137969970703
16594688,-105.14169311523438
16599136,-290.5137939453125
16599616,-178.0777130126953
16600736,-182.30906677246094
16601408,-251.5455780029297
16604672,-186.55718994140625
16608800,-240.26792907714844
16611840,-238.28465270996094
16616704,-186.82992553710938
16618688,-67.73021697998047
16619264,-152.36302185058594
16624160,-246.39364624023438
16626176,186.351806640625
16628160,-136.3889617919922
16628800,120.17138671875
16637504,101.90524291992188
16641536,-222.9717559814453
16649632,137.76344299316406
16649888,-142.5115509033203
16657696,-228.11856079101562
16658592,-170.6578369140625
16660832,-147.647216796875
16662496,-207.80213928222656
16663936,-231.62132263183594
16665536,-184.82325744628906
16667680,-124.11370849609375
16676192,-424.2655334472656
16678752,-98.6183853149414
16686368,-145.19558715820312
16689696,-104.76176452636719
16690240,-222.06304931640625
16693152,-167.56866455078125
16696096,190.45123291015625
16705728,-219.7224884033203
16715360,-160.6981658935547
16722016,-66.95532989501953
16723936,-166.93032836914062
16726720,-113.41693878173828
16728000,-258.4893798828125
16729728,47.13603973388672
16733600,-300.9491882324219
16741344,-239.9811553955078
16742176,-48.15242004394531
16747648,-202.83326721191406
16747968,-206.74244689941406
16748288,-266.94482421875
16748992,-247.49520874023438
16749376,-156.78797912597656
16752352,-229.84365844726562
16753216,-193.05516052246094
16753696,-22.65662956237793
16764512,94.28504180908203
16767008,-138.31246948242188
16776416,-154.5734405517578
16779200,46.367122650146484
16779264,-348.8170471191406
16781568,-201.86907958984375
16795072,-124.6169204711914
16801056,-160.9108428955078
16803264,-62.12433624267578
16805088,-199.57424926757812
16805984,-195.00804138183594
16809408,-143.83139038085938
16811840,96.11260223388672
16816480,-64.75836181640625
16820288,-267.78887939453125
16822208,-135.5728302001953
16827328,-183.84033203125
16827584,-276.5813903808594
16831200,-215.20010375976562
16833536,-110.40206909179688
16833696,-230.6764678955078
16833952,-294.6993103027344
16834176,-157.92369079589844
16837920,-168.7660369873047
16840768,-216.27638244628906
16841440,-137.80734252929688
16846304,84.11298370361328
16846368,-263.62884521484375
16846400,-161.920654296875
16850208,-226.21412658691406
16860672,-232.94642639160156
16863616,-249.94442749023438
16865408,-167.02064514160156
16871520,-187.27171325683594
16872992,-197.93637084960938
16886624,-180.4108123779297
16889088,-188.80157470703125
16895456,229.7760009765625
16896000,-252.56886291503906
16902976,143.48915100097656
16903200,-173.1449432373047
16906560,-220.62538146972656
16909824,190.46554565429688
16910912,-240.6146240234375
16911008,-112.47968292236328
16911200,-21.35499382019043
16911232,-150.08572387695312
16919264,-227.5847625732422
16919808,-176.55642700195312
16920256,-148.48452758789062
16920768,-129.51824951171875
16926944,-12.406118392944336
16936640,-106.8003158569336
16937728,71.19839477539062
16941568,-263.0508728027344
16944224,-166.14356994628906
16950272,-193.94842529296875
16952448,-13.581442832946777
16953536,187.3693084716797
16958592,-151.1287078857422
16959456,-10.432840347290039
16962624,139.99232482910156
16964064,-217.2735137939453
16968192,-174.86534118652344
16969632,177.6234130859375
16982112,99.64000701904297
16986976,-276.5561828613281
16992384,-210.7540740966797
17007104,-130.47512817382812
17012704,-204.39735412597656
17020384,-295.1505432128906
17025376,-269.9523010253906
17029120,-141.7855987548828
17030784,-234.17044067382812
17033664,-50.77107238769531
17036224,202.83766174316406
17040480,-232.23526000976562
17041280,-221.37237548828125
17043072,-219.8063507080078
17046528,-209.11849975585938
17050784,-139.44857788085938
17061504,-225.4073944091797
17069376,-174.25257873535156
17069856,-238.21002197265625
17072192,104.65857696533203
17072768,83.64765167236328
17081920,-97.89395141601562
17091904,-2.9751157760620117
17094048,-224.63404846191406
17094912,-244.52879333496094
17107040,-206.39491271972656
17118816,-270.1388854980469
17122144,-153.35565185546875
17124384,-105.38600158691406
17125856,-117.01239013671875
17130272,-220.46946716308594
17134272,-247.2908172607422
17137376,-166.56570434570312
17139648,-233.3255157470703
17144640,-246.22535705566406
17154784,-154.6954803466797
17160608,-227.39892578125
17161216,-177.50653076171875
17165728,138.39846801757812
17167200,-381.40216064453125
17170816,-206.32652282714844
17173728,-256.14129638671875
17176128,-162.22621154785156
17176896,-231.02798461914062
17182176,168.23800659179688
17189632,-285.4226989746094
17194400,-50.114356994628906
17200864,-140.1398468017578
17202528,-132.54397583007812
17211232,-234.68838500976562
17211296,-138.82701110839844
17212640,-220.25091552734375
17216800,-261.25665283203125
17231616,-219.1260986328125
17233920,-106.10631561279297
17234688,-301.978515625
17237408,-75.70984649658203
17240576,51.93141174316406
17256800,-146.50950622558594
17264192,-251.57540893554688
17265280,-261.3868713378906
17270560,-189.32650756835938
17272896,-169.90525817871094
17272992,-22.75511360168457
17277312,-161.4500274658203
17280864,222.17970275878906
17290912,-128.45689392089844
17296384,-405.04498291015625
17299744,-171.772705078125
17300544,-111.35635375976562
17303936,-212.0363311767578
17305760,97.01222229003906
17306272,-200.28094482421875
17308128,-144.2943572998047
17318944,-192.52783203125
17320032,-198.27459716796875
17335968,-617.364501953125
17336416,-195.74020385742188
17338880,-266.4801025390625
17343616,-120.74388122558594
17347392,-180.75747680664062
17354912,-200.42709350585938
17358592,-273.6422424316406
17359168,-286.71380615234375
17360704,-121.4346923828125
17365504,-274.57568359375
17366368,-239.2440185546875
17371552,218.55154418945312
17373728,-160.1173858642578
17379808,-39.22997283935547
17380608,216.12698364257812
17383584,-67.9375228881836
17387200,-200.07095336914062
17391072,-131.31021118164062
17392672,-142.46914672851562
17397216,-220.29196166992188
17400768,-119.1733627319336
17401984,1.8736743927001953
17402304,23.712888717651367
17404576,-263.95343017578125
17404864,-281.2211608886719
17409760,-229.498046875
17412384,-219.2310028076172
17412544,-182.2414093017578
17414656,-193.26502990722656
17418144,-487.0803527832031
17426208,-192.78961181640625
17431520,-81.8382797241211
17432544,-240.75559997558594
17441792,85.18916320800781
17442496,-231.34718322753906
17446144,-280.15625
17447552,51.22612380981445
17451072,-330.3998718261719
17452896,-260.90155029296875
17455936,-310.2652893066406
17456640,157.49435424804688
17460256,-197.3273162841797
17469312,-348.8818054199219
17474432,148.6174774169922
17480224,-197.3623809814453
17483232,-335.5737609863281
17487488,-149.54269409179688
17488480,-260.88226318359375
17492064,-195.1399688720703
17493792,-253.4270782470703
17496352,-103.5843276977539
17510016,-224.2569122314453
17510720,-155.4209747314453
17515808,-172.77227783203125
17515936,-190.2858428955078
17516032,-84.44111633300781
17516832,-267.7067565917969
17518176,41.47592544555664
17521152,-119.54661560058594
17522784,-222.02066040039062
17523008,-124.05805206298828
17523584,-223.03994750976562
17526880,-284.9125061035156
17530880,-145.59423828125
17537120,-133.67832946777344
17542272,-147.8123321533203
17543040,-237.667236328125
17550592,-144.3291015625
17553184,129.8137664794922
17556256,-149.6014404296875
17556320,-34.73027801513672
17560544,-343.40069580078125
17567232,-244.81817626953125
17569568,-172.50550842285156
17572608,-225.90792846679688
17574432,-78.45913696289062
17578016,-312.7538146972656
17579936,221.83529663085938
17581856,-221.96507263183594
17586240,-184.4076385498047
17589408,-344.8656005859375
17597248,-225.86143493652344
17616160,-239.19351196289062
17620192,76.45051574707031
17620928,-206.77978515625
17621472,-257.0045166015625
17635680,-96.20426940917969
17638272,-211.0687713623047
17639296,177.70130920410156
17644192,-285.4228820800781
17653344,-105.28538513183594
17656544,-244.16270446777344
17657504,-142.25140380859375
17666912,-215.71751403808594
17674528,-163.914794921875
17679968,-259.5540771484375
17686752,-236.93099975585938
17694432,-116.35982513427734
17695072,-201.15594482421875
17702592,-206.7859344482422
17712320,-212.90786743164062
17714496,-40.99407958984375
17715200,-166.2340087890625
17725984,94.17444610595703
17730528,-55.13307189941406
17730592,-144.63388061523438
17734176,-268.7718505859375
17736704,-178.8665008544922
17738848,-231.0127410888672
17739168,-85.70272064208984
17745408,-221.16563415527344
17749312,-207.3842315673828
17751520,13.777913093566895
17752576,-200.6020050048828
17752832,-120.92927551269531
17752832,-163.28526306152344
17758400,112.38729095458984
17762272,-60.54963684082031
17765024,-160.60382080078125
17771584,-153.4150848388672
17776800,-331.24444580078125
17777024,-148.056640625
17783712,-166.25112915039062
17789472,-265.8514404296875
17790240,27.069425582885742
17800064,196.002685546875
17814816,14.712672233581543
17819104,-225.25669860839844
17820448,-149.4949951171875
17830688,-225.78993225097656
17831904,-140.61874389648438
17834240,-139.9368438720703
17834560,36.58046340942383
17839872,-219.81858825683594
17843136,-134.58282470703125
17849408,-28.634130477905273
17850560,-235.43626403808594
17863264,-305.97021484375
17863712,-139.70285034179688
17865632,-209.19638061523438
17871808,-189.38430786132812
17872288,-187.22340393066406
17878528,-269.7247314453125
17883232,-233.10035705566406
17884800,-188.96917724609375
17888480,-131.0067596435547
17893728,-250.88818359375
17894272,-325.0945739746094
17909728,-27.781373977661133
17911872,-162.24620056152344
17914816,-191.66949462890625
17915680,-188.04202270507812
17916704,-166.6424560546875
17925120,-108.89869689941406
17925760,-162.82493591308594
17930720,-252.72779846191406
17931776,-203.5449676513672
17933056,-242.24241638183594
17933568,-306.67315673828125
17935008,-148.32144165039062
17935200,-281.193359375
17942912,-292.0613708496094
17947584,-222.0455322265625
17948800,-200.83602905273438
17949760,-276.38018798828125
17952288,90.59342956542969
17955232,-29.066600799560547
17959040,-240.010498046875
17961664,-32.917808532714844
17979488,-161.3880157470703
17987840,-194.6289520263672
18003552,-164.79595947265625
18005504,-212.60061645507812
18013408,39.74653625488281
18023392,-6.880703449249268
18024800,-378.9781799316406
18025984,-245.734130859375
18029216,70.136474609375
18030816,-50.39202880859375
18040928,-128.2870635986328
18042144,-240.20037841796875
18042656,-296.6148376464844
18045696,-190.5648956298828
18047040,-197.06182861328125
18050400,112.34841918945312
18059104,-244.25405883789062
18065728,-37.230464935302734
18071744,-204.65919494628906
18077216,-143.42529296875
18082112,-150.15110778808594
18086176,-199.85740661621094
18087936,-440.0968017578125
18088704,-257.8065185546875
18090560,-48.09907150268555
18090880,201.1683349609375
18100672,-198.1002197265625
18101632,-157.32217407226562
18104352,-234.47178649902344
18115552,89.90129089355469
18120992,-94.60648345947266
18122816,-228.93124389648438
18127424,123.68216705322266
18135872,-247.2469482421875
18137152,-168.41773986816406
18138560,45.530941009521484
18146656,-250.06617736816406
18154720,-232.1426544189453
18156096,-269.41143798828125
18162368,-184.18960571289062
18164608,204.77381896972656
18168160,-179.01182556152344
18168288,-239.67616271972656
18168480,-11.76966381072998
18175200,-224.92938232421875
18175424,-133.55496215820312
18175712,-223.5482177734375
18178688,-184.606201171875
18179264,-268.3775329589844
18182560,-201.975830078125
18182848,-141.5911407470703
18184544,110.00127410888672
18197504,-26.50390625
18212160,-188.7090301513672
18212544,-302.0379943847656
18220864,-235.5291748046875
18226432,-113.37571716308594
18229472,-243.46218872070312
18229728,-141.98797607421875
18233792,-41.50200653076172
18238336,-170.50791931152344
18246432,-180.72897338867188
18253056,-226.28378295898438
18253344,-227.62966918945312
18258592,-239.95211791992188
18264416,-191.37564086914062
18267360,-151.01058959960938
18272288,-173.002685546875
18273408,-270.93927001953125
18278368,-222.18914794921875
18281600,-172.1246795654297
18292064,-205.1395721435547
18296032,-130.89111328125
18297216,-38.760929107666016
18299456,-123.73832702636719
18301472,173.59107971191406
18307424,82.4419937133789
18308480,-192.639892578125
18321760,-213.85009765625
18323648,-174.49400329589844
18327488,-186.62875366210938
18341824,-117.60596466064453
18342624,-158.24310302734375
18346176,-137.8953094482422
18349760,-290.4157409667969
18350368,-148.68048095703125
18350720,-176.48886108398438
18360576,-150.5381317138672
18360768,-241.3953399658203
18367328,-153.2337646484375
18368608,-240.22056579589844
18371840,-235.08248901367188
18385216,-199.81227111816406
18395232,-240.59498596191406
18397472,-95.93035888671875
18398528,-277.60321044921875
18400288,-156.25332641601562
18401600,-144.77218627929688
18404544,-180.34400939941406
18407200,-266.048583984375
18408384,-209.06454467773438
18414688,-273.0094299316406
18416832,-270.8661193847656
18419104,-218.28416442871094
18419264,209.70425415039062
18423168,-199.4970703125
18424768,-239.91738891601562
18425440,248.73886108398438
18434656,-152.43942260742188
18434752,-229.00930786132812
18435296,-162.34742736816406
18440864,-248.92343139648438
18447456,-122.99640655517578
18456640,77.13764953613281
18461312,-161.53465270996094
18463296,-148.05455017089844
18478272,-155.22276306152344
18479680,-119.84716033935547
18480512,-81.65485382080078
18484384,-198.80747985839844
18486624,-165.32955932617188
18490752,56.948326110839844
18498400,-223.468505859375
18499872,-188.21156311035156
18500544,-259.26715087890625
18502400,115.1572036743164
18504864,136.32505798339844
18506464,-236.81997680664062
18506912,-43.05440902709961
18515200,-314.0760192871094
18518432,-244.74069213867188
18519968,-252.2152557373047
18531136,91.18132019042969
18531744,130.43099975585938
18531840,-114.6578369140625
18534080,48.345603942871094
18534176,59.12993621826172
18536704,-272.4829406738281
18537728,-237.0261688232422
18537920,-156.19049072265625
18544960,-171.49420166015625
18545344,-207.01458740234375
18547168,-249.46038818359375
18561024,-111.44148254394531
18562720,-216.74134826660156
18566688,-232.26905822753906
18570752,-376.57574462890625
18570880,-184.87216186523438
18577664,121.3865966796875
18587296,-131.370361328125
18588512,-55.25987243652344
18591104,-0.8450965881347656
18593824,-257.82025146484375
18595744,-285.9751892089844
18596800,-241.1171417236328
18600800,-183.36734008789062
18609376,-251.5413360595703
18611040,-86.90450286865234
18617408,-123.89080810546875
18623392,169.24021911621094
18634464,-123.8338394165039
18635712,-44.49360275268555
18642752,-142.7986602783203
18648480,-295.720458984375
18652544,-196.78854370117188
18654336,-29.30480194091797
18665600,-31.57669448852539
18670112,-232.86048889160156
18679328,-144.0824432373047
18680192,-248.89756774902344
18689152,-101.57158660888672
18689792,-125.73369598388672
18689888,-36.51348114013672
18693600,-234.96844482421875
18695968,-241.4416961669922
18699328,-35.30842208862305
18701312,204.0685577392578
18703840,-147.1572265625
18706528,-212.24827575683594
18707744,-150.3229522705078
18709472,-142.71438598632812
18713696,-134.64163208007812
18720896,-586.8646850585938
18729216,-171.6930389404297
18732992,-191.6885986328125
18733728,225.3399200439453
18736864,-18.038822174072266
18742624,-274.185546875
18742880,-153.9922332763672
18743392,-166.41668701171875
18749184,-219.38221740722656
18749824,-235.81138610839844
18756288,235.99282836914062
18760256,-206.1572723388672
18761056,-153.2063751220703
18763200,-209.25634765625
18768864,-146.71670532226562
18769984,37.64216232299805
18770560,-139.8214874267578
18772416,-365.4627990722656
18777504,-221.48423767089844
18782496,-271.56805419921875
18786464,-222.2724151611328
18790816,-194.67164611816406
18798208,-192.62210083007812
18810880,9.076794624328613
18818048,-271.3875732421875
18820960,-121.60797882080078
18823712,-36.684913635253906
18832512,-29.22049331665039
18833632,-73.6405029296875
18837280,-277.4109802246094
18842144,-351.6238098144531
18852672,-105.0802230834961
18855936,-230.58419799804688
18866432,-237.6126251220703
18867520,-186.02745056152344
18871552,-226.11363220214844
18879808,-161.50497436523438
18881856,-169.43655395507812
18883808,-241.55955505371094
18885600,202.88333129882812
18892448,-133.66030883789062
18909792,213.85438537597656
18917824,-204.4846954345703
18925312,-200.54116821289062
18929184,-230.7298126220703
18932736,-160.55532836914062
18936512,-233.1038818359375
18942944,125.45516204833984
18946400,-194.7239532470703
18946784,-226.75454711914062
18950016,92.40458679199219
18950912,-28.65743064880371
18951104,-359.5768737792969
18952256,-170.54039001464844
18959040,-93.64603424072266
18961600,-245.09237670898438
18967424,-41.82067108154297
18977408,-229.08892822265625
18977664,-217.89842224121094
18981792,-234.98988342285156
18981856,227.99163818359375
18982944,-298.152099609375
18988320,-289.3116455078125
18988960,-145.57843017578125
18997760,-222.4078826904297
18999776,123.75776672363281
19003680,-261.9804382324219
19010624,-156.5161590576172
19014912,-552.173828125
19017280,205.5867156982422
19018240,130.42726135253906
19018752,-13.579829216003418
19021280,-274.3474426269531
19029824,6.3034515380859375
19030784,-168.51498413085938
19036832,-239.9013214111328
19038400,-28.591716766357422
19039232,-202.81153869628906
19041952,-192.3168487548828
19042784,-143.05503845214844
19063264,39.66360855102539
19069024,198.5531768798828
19070784,-170.02200317382812
19071264,-298.5050964355469
19082080,-214.91976928710938
19084544,-151.56515502929688
19088352,-43.95399475097656
19088480,-236.9635772705078
19091168,-206.7976531982422
19092480,221.8931121826172
19100192,-207.13658142089844
19108096,-155.67181396484375
19113280,-176.4569549560547
19119264,-189.2519989013672
19119328,-130.23040771484375
19120448,-251.4954376220703
19121376,-103.3125
19129120,-143.76904296875
19131808,-239.46510314941406
19132032,-131.053955078125
19134816,-153.71766662597656
19135616,-124.30223083496094
19138688,-224.85377502441406
19142240,-145.9414825439453
19146432,-230.61270141601562
19148416,-207.9435272216797
19163872,111.32814025878906
19173152,-158.5509490966797
19176544,107.8205795288086
19187968,-205.35226440429688
19189984,-258.15228271484375
19193568,-150.19747924804688
19196704,116.24472045898438
19211936,-145.8813018798828
19216768,-64.65019226074219
19237408,-164.57093811035156
19251328,-372.22650146484375
19253984,-140.39488220214844
19257312,-141.37002563476562
19264512,-182.8855438232422
19266048,-126.74253845214844
19268064,-21.18575096130371
19275712,209.63621520996094
19286752,-130.8148956298828
19310080,-166.1004180908203
19312864,-185.68292236328125
19320032,-112.84674072265625
19323456,-277.3531799316406
19324448,-192.2761993408203
19329760,-107.82750701904297
19332640,-229.9715118408203
19334720,-171.34828186035156
19340192,-142.7891845703125
19345984,-245.30453491210938
19348128,-205.25343322753906
19349760,-167.5372314453125
19350272,-183.85882568359375
19353568,102.94032287597656
19361408,222.7225799560547
19365792,13.549766540527344
19382400,-198.78204345703125
19386912,-72.82588195800781
19398144,-175.9937286376953
19403264,-156.430908203125
19408448,-133.3851318359375
19410080,-223.90394592285156
19421760,-155.30572509765625
19423264,-94.47286224365234
19429536,-137.88021850585938
19429952,-42.59742736816406
19431520,-205.62013244628906
19438592,-27.40331268310547
19439680,-235.25958251953125
19446784,-280.66900634765625
19453120,-323.22271728515625
19454176,-173.50479125976562
19465184,-31.549144744873047
19482080,-137.940185546875
19484160,-152.1989288330078
19491296,-217.03013610839844
19499168,-249.85238647460938
19500960,-271.39117431640625
19501728,-227.7435302734375
19502688,-131.96810913085938
19510592,217.341552734375
19515456,-218.37193298339844
19515648,-91.06197357177734
19517760,-151.9429931640625
19525248,-153.88235473632812
19528256,-192.29615783691406
19530400,-298.7648620605469
19532160,-216.0469207763672
19539008,-245.9390106201172
19539136,-228.58094787597656
19539840,-244.135498046875
19541824,-245.45201110839844
19544800,-136.4296875
19545120,-128.01467895507812
19552416,-225.92185974121094
19555328,-508.3936462402344
19556448,-154.02232360839844
19560928,-194.78427124023438
19565184,-267.8036193847656
19567328,-441.598388671875
19578464,-160.3103485107422
19587104,-239.08644104003906
19589664,-198.453125
19589696,28.259117126464844
19609984,-171.47254943847656
19626656,-32.72114944458008
19628256,-138.29415893554688
19636288,-253.2665252685547
19648736,-114.7915267944336
19649952,-125.89208984375
19666848,-271.93548583984375
19667008,-225.2263946533203
19667520,-55.99775695800781
19669184,-100.49667358398438
19676032,206.04454040527344
19676352,-1.5061193704605103
19676640,-131.9210205078125
19681472,-64.75603485107422
19684896,-225.36985778808594
19691232,-150.73855590820312
19692832,-301.53472900390625
19695168,-135.93382263183594
19700928,188.2095184326172
19701408,-124.43946075439453
19703712,-205.90187072753906
19704288,228.89788818359375
19709088,-203.29196166992188
19714752,-108.3265380859375
19717600,-138.30894470214844
19721856,-163.47659301757812
19727744,-211.17503356933594
19735680,-149.25648498535156
19738016,-203.00550842285156
19751904,-188.86122131347656
19755680,-202.80859375
19758208,-75.5733871459961
19771072,-174.6010284423828
19776736,-148.25146484375
19779136,-199.5374298095703
19782304,-177.66439819335938
19786656,49.525306701660156
19795968,-191.03501892089844
19799136,-203.96995544433594
19806976,-313.5602111816406
19819872,-156.6794891357422
19821216,93.78334045410156
19822368,-57.70746612548828
19824160,205.08554077148438
19830848,-171.05282592773438
19834496,-206.74905395507812
19836320,-211.88088989257812
19836480,-140.12306213378906
19842304,-185.73910522460938
19853568,-197.0991973876953
19865440,-177.9647216796875
19871968,-138.49696350097656
19881408,-205.26576232910156
19892704,-281.0124816894531
19892736,-214.47528076171875
19894080,80.73461151123047
19899680,-27.66436004638672
19905792,-275.7124938964844
19906656,-131.4486846923828
19908864,-200.17327880859375
19910752,-163.43630981445312
19912384,-166.47142028808594
19914368,-41.29188537597656
19914464,-130.86097717285156
19915296,-238.26153564453125
19922624,-98.7278060913086
19926400,-30.447744369506836
19930944,-101.91482543945312
19933632,-225.126953125
19935136,81.19940948486328
19953920,-177.4452667236328
19955904,-235.91036987304688
19962560,-172.52609252929688
19965440,-140.7202606201172
19967328,-92.3077163696289
19969856,-278.81475830078125
19975840,-178.6216583251953
19977088,-145.304931640625
19981216,-164.0185089111328
19982624,-75.23934173583984
19983296,-191.05026245117188
19990720,-201.0064239501953
19992448,-121.40113830566406
20011424,-211.3216094970703
20012640,-73.30177307128906
20021088,-214.35350036621094
20022368,-360.7649841308594
20028128,-113.61602783203125
20034144,-264.051513671875
20035008,-200.27349853515625
20037344,-197.91798400878906
20038272,-171.97183227539062
20043168,-132.49514770507812
20046784,-125.75341796875
20049888,-184.00230407714844
20050176,-145.77230834960938
20052000,-195.7883758544922
20055616,-109.75801086425781
20061280,-263.02655029296875
20070816,189.77435302734375
20078976,-329.9975891113281
20080320,-292.15594482421875
20084544,199.27362060546875
20085440,-129.0220184326172
20093888,-244.55322265625
20095616,218.6417236328125
20096992,-113.42205810546875
20101696,-245.112548828125
20106208,-162.1627197265625
20106752,144.0526885986328
20112864,-112.01612854003906
20113504,-133.97427368164062
20113696,-197.64585876464844
20117568,-201.1698760986328
20124416,-84.2131576538086
20127424,-182.1218719482422
20127648,-114.93634796142578
20127648,-225.09783935546875
20129920,-238.9308319091797
20130112,-190.44053649902344
20130336,-218.46051025390625
20134144,-132.8747100830078
20134976,-240.2239990234375
20136736,-195.75852966308594
20137184,-61.19342803955078
20139744,-232.44943237304688
20140928,-230.99508666992188
20141504,-202.9040985107422
20142656,-104.62025451660156
20148864,-222.5142059326172
20159168,42.12775421142578
20160800,-114.93236541748047
20162944,107.66704559326172
20176320,115.878662109375
20177824,-149.4727020263672
20180288,116.06736755371094
20181312,-146.83514404296875
20187840,-166.85797119140625
20189472,-163.33412170410156
20193472,-132.76889038085938
20199264,-245.89749145507812
20214432,-186.8809356689453
20217664,-39.971500396728516
20222080,-268.1192932128906
20224576,171.07150268554688
20227264,-51.61836242675781
20227712,-244.0333251953125
20230240,184.24746704101562
20248640,-247.9644775390625
20251264,-205.34451293945312
20253856,-141.91763305664062
20257696,-223.09275817871094
20260192,-252.63497924804688
20260896,-169.1143035888672
20265216,42.70087814331055
20269088,-181.0320587158203
20273728,94.6881332397461
20276064,-162.57582092285156
20292352,68.79808044433594
20294496,-185.50076293945312
20298816,-245.8218994140625
20304192,-233.94216918945312
20305792,-202.4041290283203
20307616,-161.79444885253906
20313824,-215.5720977783203
20317088,5.717188358306885
20317312,206.71023559570312
20320800,135.68275451660156
20321920,-263.13751220703125
20326336,-230.6310272216797
20335840,-219.38494873046875
20336544,-366.6104431152344
20346912,-216.4300079345703
20348448,-241.57345581054688
20350656,-211.8582305908203
20351616,-206.6311492919922
20357536,-118.85150146484375
20358080,236.76402282714844
20359136,-190.03343200683594
20363264,-124.12631225585938
20366688,-150.64801025390625
20370432,-218.6946563720703
20381440,-199.55239868164062
20387936,-160.18006896972656
20389344,-227.8527069091797
20395232,-173.96807861328125
20395616,-172.89578247070312
20398976,-160.8756866455078
20409888,-300.6878662109375
20413888,-59.4630012512207
20414848,-143.06210327148438
20417408,-224.95208740234375
20419456,-202.69662475585938
20421504,-99.42256164550781
20422752,-146.08421325683594
20424224,-146.8203125
20429280,-267.3839416503906
20431616,-157.0833740234375
20436992,-200.6186981201172
20439840,209.32411193847656
20441568,-254.8170623779297
20444576,-117.5315933227539
20446144,-168.51625061035156
20452928,-241.30307006835938
20453568,-522.1710815429688
20456288,-116.40143585205078
20461312,-143.40211486816406
20464416,-191.73342895507812
20465216,138.02313232421875
20470624,-276.9152526855469
20473568,-77.51471710205078
20480640,-115.48567962646484
20484320,-141.82061767578125
20489952,-364.86846923828125
20491168,-198.4759521484375
20494912,-226.1375732421875
20504448,70.68811798095703
20506176,-127.2890625
20507456,-133.32608032226562
20515200,-319.492919921875
20521216,8.572351455688477
20521472,-196.86709594726562
20523712,-206.26510620117188
20526784,-202.8875732421875
20528928,-226.1395721435547
20544544,-135.72821044921875
20547552,-147.9170684814453
20552192,-210.8150177001953
20552576,-216.20411682128906
20556192,-248.98193359375
20560096,53.12174987792969
20577280,-236.8528594970703
20592928,-251.15415954589844
20605088,-193.7520294189453
20611392,-164.0331268310547
20611904,-8.161648750305176
20616928,-244.0344696044922
20620160,-205.02392578125
20621504,-173.80422973632812
20623552,-111.29019165039062
20635392,-230.41334533691406
20637760,-171.90414428710938
20639168,-115.55619049072266
20649472,-226.44261169433594
20652032,-220.9617919921875
20656608,-2.5778427124023438
20660000,-124.74996185302734
20661440,68.11839294433594
20664992,-148.91932678222656
20665792,-307.3195495605469
20668992,-198.50531005859375
20670144,-304.7584228515625
20674016,87.61334228515625
20675008,-162.27450561523438
20677216,-80.12368774414062
20687360,-222.3912353515625
20693664,-50.70743179321289
20694624,-215.80886840820312
20695328,-125.80675506591797
20696768,-211.23350524902344
20713728,-176.7789306640625
20715360,-153.52284240722656
20718240,135.8983612060547
20724672,-196.0876922607422
20725408,-132.2978515625
20726720,-428.4856872558594
20734432,-165.39907836914062
20736352,-154.3494415283203
20737952,-259.4178161621094
20738688,243.8311004638672
20741376,-174.05064392089844
20744640,-248.72291564941406
20744928,-279.1955261230469
20745760,-272.7696838378906
20747648,-126.44145202636719
20749632,-208.98092651367188
20750880,-182.7212677001953
20757056,-229.2930450439453
20757152,-267.70452880859375
20757504,-133.64498901367188
20759392,-123.37505340576172
20759552,-216.3770294189453
20759968,-189.40603637695312
20760352,208.18170166015625
20761984,-230.12425231933594
20763328,-15.93349838256836
20768032,-238.36643981933594
20772384,-177.15235900878906
20775360,-240.5411376953125
20775712,-199.50706481933594
20776096,87.8200912475586
20779136,-207.7147979736328
20783168,-165.72662353515625
20790848,-127.33979034423828
20790880,-129.34751892089844
20791456,-253.42117309570312
20793280,-238.43809509277344
20796416,-130.6901397705078
20800800,-144.4662628173828
20801632,-207.903076171875
20802560,-149.2008819580078
20803456,-127.5722427368164
20805152,-119.83147430419922
20810208,-261.14105224609375
20820064,-171.74485778808594
20821024,-154.96334838867188
20828512,-96.0311050415039
20832640,238.1724395751953
20833856,-197.9468536376953
20834496,-154.79942321777344
20835744,78.51171112060547
20836192,-238.54275512695312
20841472,8.787755012512207
20848896,-264.0811767578125
20850912,199.5050506591797
20858720,190.90545654296875
20859488,-257.7515869140625
20865312,-218.66970825195312
20868320,-263.4267883300781
20872128,3.5275464057922363
20876704,-236.3082733154297
20876704,-143.59878540039062
20877184,-225.7904510498047
20891552,-191.19935607910156
20895456,-149.89646911621094
20896960,90.95842742919922
20897760,-132.99998474121094
20901760,-160.4897003173828
20901888,-162.25787353515625
20902944,-275.7533264160156
20908096,127.46904754638672
20914688,-37.7171630859375
20920320,-155.17979431152344
20923264,-219.81272888183594
20923360,-122.5089111328125
20924640,-132.16400146484375
20927168,-118.020263671875
20928768,-258.5837097167969
20930400,-162.31411743164062
20932352,-237.03208923339844
20933376,-190.60601806640625
20935072,-146.70668029785156
20939488,100.09173583984375
20941408,-218.55819702148438
20942752,-180.61439514160156
20950784,-226.33558654785156
20953472,-173.0002899169922
20954400,-43.239749908447266
20957120,-174.95616149902344
20957632,-274.6871643066406
20958720,-171.24964904785156
20961792,-154.5515899658203
20964416,-104.31965637207031
20965056,-182.8666534423828
20978368,-227.5787353515625
20985248,-122.79252624511719
20993408,-174.7335205078125
20998656,-170.7291259765625
21006400,-185.07469177246094
21007776,-212.39903259277344
21010624,-186.43052673339844
21019008,-92.11780548095703
21021344,-140.22372436523438
21024608,-164.0521697998047
21032160,208.46249389648438
21037088,-223.1849365234375
21043328,-238.2320098876953
21046912,-12.08328914642334
21050400,-271.6907043457031
21053920,-167.57101440429688
21062848,-239.04373168945312
21067552,-59.12299346923828
21071360,-214.6960906982422
21081088,-221.79257202148438
21081440,-129.12860107421875
21084256,-67.92884063720703
21084352,-266.47528076171875
21087904,-222.27809143066406
21088768,-151.0594024658203
21090208,240.48985290527344
21091584,-365.1790771484375
21093216,-194.09124755859375
21101664,-228.29348754882812
21106816,-107.6808853149414
21107488,-130.7103271484375
21109856,-193.90029907226562
21125952,-143.87539672851562
21126272,-188.22035217285156
21130304,-278.9558410644531
21140000,-124.29300689697266
21157856,-105.10564422607422
21160000,-280.7788391113281
21160224,-209.00616455078125
21161408,222.9276885986328
21162048,-248.35472106933594
21180992,-235.49009704589844
21181280,-292.26129150390625
21185536,73.6957015991211
21185568,-566.963134765625
21190656,-116.28302764892578
21191840,-227.64962768554688
21193952,-63.59489440917969
21198048,-114.08389282226562
21209152,-279.74005126953125
21214528,-202.6069793701172
21219200,-111.012939453125
21223616,-127.4913558959961
21224736,-165.60235595703125
21238880,-230.3683319091797
21239904,-201.7637481689453
21246752,-153.48886108398438
21247584,-147.23443603515625
21248448,-241.01869201660156
21249888,-188.8497314453125
21254592,-382.882080078125
21258624,-207.2653045654297
21264672,-253.67601013183594
21267392,-190.03826904296875
21267424,-210.90237426757812
21268480,-108.84208679199219
21269120,-227.23687744140625
21270144,-87.67603302001953
21271808,-195.57359313964844
21272768,136.54412841796875
21276960,-179.3064727783203
21278080,-244.85740661621094
21281568,-210.58251953125
21290176,-149.67654418945312
21291232,-230.193359375
21297920,-286.1385803222656
21299744,-185.9425811767578
21309280,118.01099395751953
21311328,-211.16629028320312
21312800,-134.0670166015625
21315296,-265.7005310058594
21316576,-275.755859375
21320128,-245.5283660888672
21323904,-217.96871948242188
21324832,-292.4064025878906
21325792,-243.7596893310547
21331296,-189.15394592285156
21338336,-135.46759033203125
21339808,-283.33831787109375
21346016,-168.32135009765625
21354656,-69.81835174560547
21355744,-77.52764129638672
21356416,64.28485870361328
21367712,-154.20826721191406
21373088,-213.25503540039062
21375296,-144.37728881835938
21376224,-99.85433959960938
21377728,-258.1922302246094
21403040,-62.086307525634766
21413248,-147.55381774902344
21413824,-190.31629943847656
21418048,170.07742309570312
21418528,-190.18417358398438
21427776,-123.0919189453125
21442112,-8.533047676086426
21442848,-140.2316131591797
21450112,-41.836769104003906
21457376,-105.44287872314453
21466496,101.9664306640625
21475680,-252.87391662597656
21476480,-408.6828308105469
21476864,-185.93804931640625
21490208,-173.13746643066406
21513408,222.75759887695312
21527936,-183.25238037109375
21531840,-230.88034057617188
21538656,-189.56613159179688
21542144,-125.8588638305664
21552128,-190.55406188964844
21554240,-136.08236694335938
21556128,-236.3416290283203
21563552,-249.7845458984375
21567328,-140.1227264404297
21572096,-219.26873779296875
21574720,-271.7799072265625
21576480,-212.05841064453125
21580608,-278.1482849121094
21580896,-124.81716918945312
21583584,124.56660461425781
21585440,-283.6181945800781
21585920,-161.40682983398438
21596736,-237.44198608398438
21598080,-167.00372314453125
21614624,-111.67335510253906
21617664,-164.60671997070312
21618016,-28.284549713134766
21629184,-142.3475799560547
21629888,-228.82870483398438
21630272,-209.42916870117188
21641792,-146.5311737060547
21646848,178.35752868652344
21654784,-150.25564575195312
21661344,117.38194274902344
21661600,-40.16680145263672
21663360,-171.51116943359375
21667904,-196.30067443847656
21673728,-172.28549194335938
21678208,-222.9606475830078
21678400,-213.85052490234375
21678432,-158.46966552734375
21687424,-348.4580383300781
21692160,-190.9407196044922
21694432,-63.45543670654297
21704320,-123.47987365722656
21705536,76.33003997802734
21708192,-371.0804748535156
21709952,24.151748657226562
21710432,-123.24713134765625
21713792,-115.42622375488281
21716064,-136.3169403076172
21716288,-380.8946228027344
21717472,-158.2464599609375
21719712,-234.77371215820312
21729056,-212.94371032714844
21740352,-150.3520050048828
21747424,-75.48330688476562
21747616,-173.21151733398438
21752832,-193.51683044433594
21767968,-137.7111053466797
21770784,-231.32496643066406
21771392,-286.2577209472656
21771904,-15.29267406463623
21774304,-284.9407653808594
21785504,-116.59634399414062
21787552,-117.98084259033203
21788736,-226.56736755371094
21797728,-156.914794921875
21799040,-219.39584350585938
21802880,-155.4802703857422
21803072,213.2669677734375
21805920,-143.68707275390625
21808256,-194.54347229003906
21810336,-215.54161071777344
21812768,-157.46078491210938
21814432,-57.345882415771484
21815680,-194.63824462890625
21815680,183.8575897216797
21815776,-253.494140625
21821408,-137.58717346191406
21824000,-167.91090393066406
21830400,-27.813919067382812
21832608,-122.11968231201172
21832832,-219.11962890625
21835296,-192.51133728027344
21844640,-230.40878295898438
21846656,-137.16917419433594
21850560,-255.68634033203125
21853792,-150.49681091308594
21859648,-116.9273910522461
21861088,-265.4499206542969
21863968,-183.5803985595703
21870848,-197.46263122558594
21887072,-335.78118896484375
21891488,-133.0632781982422
21892864,-145.52639770507812
21893248,-208.4191131591797
21894304,-52.37651824951172
21899648,-212.0171661376953
21902528,-192.00770568847656
21906336,-137.69154357910156
21911264,-191.17996215820312
21917632,-211.0875244140625
21927584,-100.89576721191406
21936640,8.727447509765625
21937152,-133.14382934570312
21949408,-138.6315155029297
21958144,-346.94573974609375
21960320,-214.60401916503906
21961024,-138.48106384277344
21969920,-190.18563842773438
21971136,-157.87379455566406
21971424,-153.89697265625
21972672,-227.26388549804688
21976736,121.43093872070312
21985120,-122.5820541381836
21990720,-161.6895751953125
21993088,-146.7401885986328
21994272,-174.74838256835938
21996288,-169.47560119628906
21997344,-131.29953002929688
22000992,-189.7015838623047
22003200,-162.15110778808594
22008352,-237.03126525878906
22011808,-303.1490478515625
22013600,164.08668518066406
22015008,-143.45697021484375
22035360,-152.9640655517578
22036672,-160.9947509765625
22038848,-153.9591064453125
22043584,-122.86981964111328
22049408,-144.59591674804688
22057952,-234.8180389404297
22060448,-177.1217803955078
22060672,-148.14108276367188
22063648,-149.01930236816406
22064480,-81.35282897949219
22069856,-211.63385009765625
22069952,-40.671897888183594
22072480,58.486690521240234
22075808,-154.6832275390625
22077568,104.56651306152344
22082048,142.26084899902344
22091168,-226.74221801757812
22112896,-160.15884399414062
22113920,-180.64190673828125
22122496,-127.88008880615234
22127840,-72.77133178710938
22128640,-203.97262573242188
22131488,-143.7958221435547
22131808,-221.7270050048828
22132576,-231.8090057373047
22140096,-221.15122985839844
22141632,71.38694763183594
22142720,-154.56544494628906
22146528,-33.1800537109375
22148032,-241.2470245361328
22158368,-228.71107482910156
22159840,-212.12078857421875
22160128,-206.84962463378906
22162880,-516.3456420898438
22164384,-219.24481201171875
22173312,17.901235580444336
22173760,-130.677490234375
22180768,-129.85867309570312
22181984,-231.06988525390625
22187200,-209.31858825683594
22187744,-183.4653778076172
22192992,2.738590955734253
22197632,208.0459747314453
22198784,-315.60528564453125
22198944,-205.16290283203125
22205280,-193.0674285888672
22205760,-200.7970428466797
22211648,-188.58697509765625
22213792,-154.05348205566406
22218496,-207.69174194335938
22219360,-191.634033203125
22224288,-154.84591674804688
22232128,-185.69700622558594
22236608,-14.36086654663086
22237792,-137.59078979492188
22237888,-104.93001556396484
22238784,-77.22256469726562
22241120,-330.3023376464844
22249888,-230.63552856445312
22250080,-221.1451416015625
22252576,-179.56858825683594
22256352,215.22592163085938
22259968,-247.8785858154297
22263616,-136.54275512695312
22276256,-207.28561401367188
22277472,-223.5111083984375
22277760,-172.19947814941406
22282848,-229.67236328125
22285792,-296.473388671875
22289952,-254.7344970703125
22294016,-214.67852783203125
22297824,-138.0022430419922
22298944,-143.01588439941406
22303008,-216.48265075683594
22305824,-226.595703125
22314272,-216.31349182128906
22314400,-277.81549072265625
22325024,-157.2567138671875
22334816,-171.1834716796875
22335360,-160.15286254882812
22336672,-198.4387969970703
22337824,65.13385772705078
22337952,-136.86782836914062
22342496,-70.74089813232422
22343392,109.31465148925781
22350784,-232.2142333984375
22355552,-180.29144287109375
22358720,-211.8185272216797
22359328,-56.57460403442383
22360160,-148.6064453125
22362368,-8.852129936218262
22366528,-89.3489761352539
22378880,-302.73583984375
22380288,-168.95333862304688
22381280,-241.3796844482422
22381984,-134.89454650878906
22391488,-119.10680389404297
22393600,203.63197326660156
22396896,-149.37071228027344
22400192,-279.8226318359375
22401728,-183.92092895507812
22411392,118.75492858886719
22416160,-261.3613586425781
22416832,-60.75703048706055
22420672,-152.10914611816406
22422976,-124.12255096435547
22430464,-296.5045471191406
22432768,-212.89901733398438
22433824,-199.63558959960938
22434112,-224.95155334472656
22436704,-268.86065673828125
22443552,81.58924102783203
22446432,-196.85098266601562
22449728,-133.95066833496094
22451424,-215.106689453125
22451968,-265.5374450683594
22452480,-127.48526000976562
22457504,-33.28559112548828
22463296,-241.91355895996094
22464544,-202.82801818847656
22465824,-267.7908630371094
22467392,-150.5223846435547
22468928,-127.33313751220703
22471776,-111.82760620117188
22471776,-290.12957763671875
22475744,-142.9991912841797
22476832,79.48179626464844
22482400,-183.26637268066406
22487360,-143.06597900390625
22488576,-162.81097412109375
22503104,-200.0784912109375
22504544,231.889892578125
22510048,-119.2532730102539
22525824,-11.549917221069336
22528608,-171.95401000976562
22529216,-183.9090576171875
22544160,-124.40325164794922
22547968,-203.88258361816406
22550400,-534.491455078125
22556544,-236.1929931640625
22573856,-78.20228576660156
22584768,-155.16015625
22586176,-137.9902801513672
22591008,-239.58731079101562
22595904,-243.63888549804688
22599744,-192.1103515625
22609888,-99.96790313720703
22612736,110.92931365966797
22614336,-249.42337036132812
22616832,-251.68185424804688
22618848,-237.77464294433594
22621120,-206.7974090576172
22625632,-285.23040771484375
22625792,20.039756774902344
22628000,31.256561279296875
22629632,15.173192977905273
22632992,-161.1851806640625
22633984,-173.50796508789062
22637024,-234.42767333984375
22659200,-309.1639709472656
22660480,98.03582000732422
22665184,-198.36135864257812
22667008,-131.28240966796875
22668448,-265.4505920410156
22679360,-160.8073272705078
22681280,-158.68505859375
22688544,-169.49307250976562
22691456,-371.379638671875
22697312,-362.6559753417969
22698752,-29.461149215698242
22701376,-306.8767395019531
22706016,-155.7762451171875
22707008,-192.64349365234375
22716864,-130.40533447265625
22720896,-239.83837890625
22722048,-122.63370513916016
22726080,-5.648697853088379
22730592,101.37437438964844
22733152,-195.7864532470703
22740224,241.0534210205078
22745760,-279.7677917480469
22747424,-230.65185546875
22757920,-287.7027282714844
22758880,223.6631317138672
22767616,-177.69244384765625
22768928,-294.2608947753906
22772160,-140.65553283691406
22774784,-211.43202209472656
22777728,-14.255200386047363
22777856,-111.76234436035156
22778240,-154.62091064453125
22780256,232.453857421875
22781792,-61.36529541015625
22787648,-172.4438018798828
22789760,-111.93074798583984
22792384,-257.03369140625
22792896,-257.8094787597656
22792960,-284.8682556152344
22796544,-31.895143508911133
22798880,-17.47585678100586
22800256,-166.4599151611328
22801600,30.588932037353516
22809984,4.224086284637451
22812320,-76.67919158935547
22813376,-182.62037658691406
22817248,-232.1201629638672
22817600,94.53479766845703
22827424,-124.58646392822266
22830624,-233.03964233398438
22830880,-210.22254943847656
22831424,9.490192413330078
22832832,-576.226806640625
22833536,-198.79910278320312
22834784,-194.0387725830078
22845984,-229.5742645263672
22848064,-137.4734649658203
22851904,-125.83395385742188
22858464,-147.4718017578125
22866976,18.033763885498047
22878944,-152.69358825683594
22880064,-171.8610076904297
22883136,-47.304141998291016
22889888,-134.41355895996094
22890208,-206.0594482421875
22890656,-199.25106811523438
22891712,91.8349838256836
22891968,-180.4619903564453
22892640,-171.41131591796875
22892704,-136.08949279785156
22898304,-133.96900939941406
22902816,-1.1654843091964722
22902880,-42.5456428527832
22905792,-166.35540771484375
22906432,118.75347137451172
22908064,-204.7185516357422
22910848,-298.06341552734375
22913216,-158.14950561523438
22930048,-487.1955871582031
22938944,-215.03762817382812
22939168,-122.10176086425781
22940192,-164.02911376953125
22948928,-229.93222045898438
22952640,-493.0724792480469
22960128,-231.32626342773438
22960256,-133.4704132080078
22967136,-204.24273681640625
22985120,-215.48675537109375
22986464,-208.0869140625
22986752,-175.9565887451172
22990176,-44.00864028930664
22992416,-387.7595520019531
22993728,-133.69451904296875
22996480,-459.3287048339844
22996544,-147.25668334960938
22998656,-195.73410034179688
23001504,-304.8044738769531
23002464,-134.3904266357422
23002784,-181.59188842773438
23003360,-175.9735565185547
23009728,129.51551818847656
23017088,-169.8933563232422
23018752,57.75639724731445
23030976,-220.85910034179688
23034560,-261.83966064453125
23035616,-233.57777404785156
23038400,-200.55186462402344
23043520,-307.7810363769531
23045664,-217.61563110351562
23051968,-9.63068675994873
23064064,-164.873046875
23065376,-128.4752655029297
23067680,80.04935455322266
23072896,-249.0352325439453
23079648,-231.2022705078125
23080288,-145.2008056640625
23086176,10.133624076843262
23095328,-245.85275268554688
23096736,-212.28289794921875
23096864,240.37762451171875
23107712,-108.79270935058594
23111744,-388.3392028808594
23115232,-39.589168548583984
23117600,-139.53839111328125
23123776,-202.3861541748047
23127488,-198.68783569335938
23136736,-64.94200897216797
23147648,-197.34642028808594
23149600,-257.3444519042969
23154720,-178.74359130859375
23168608,-155.59747314453125
23178080,-140.69154357910156
23179904,-122.70211029052734
23180160,-132.34527587890625
23180224,196.09886169433594
23183040,-238.0221710205078
23186784,-126.53959655761719
23187232,-185.882080078125
23188128,-138.40585327148438
23188352,-135.32908630371094
23189440,-161.78286743164062
23190176,-130.99679565429688
23190688,100.70636749267578
23191488,-196.12640380859375
23192704,-118.9349365234375
23198624,-17.86995506286621
23208576,-148.8468017578125
23208736,-131.31329345703125
23212672,-208.2591094970703
23220704,-135.84506225585938
23224576,-283.0796203613281
23243808,213.7259063720703
23252352,-284.52752685546875
23261664,-197.04241943359375
23266464,-152.46128845214844
23267072,-100.10305786132812
23275712,-269.0674133300781
23285824,-207.66554260253906
23296736,69.61005401611328
23313888,-180.62026977539062
23316192,-188.18177795410156
23317504,-153.77029418945312
23321376,-187.54812622070312
23331808,-221.57728576660156
23332640,-255.5829315185547
23336096,-618.246337890625
23338080,-283.3429260253906
23340800,-180.24598693847656
23347328,-141.23915100097656
23359680,-149.14212036132812
23365600,-272.5984802246094
23367616,-214.32357788085938
23368416,-379.39703369140625
23371584,-138.08168029785156
23374016,91.49007415771484
23379616,-153.9205780029297
23380160,-215.68316650390625
23387008,-135.3817596435547
23400096,-242.98036193847656
23404768,91.15518188476562
23407232,-3.550938367843628
23411488,-138.07504272460938
23412064,-165.1072235107422
23412320,-64.92288208007812
23414528,-140.6029815673828
23422752,96.1639175415039
23427488,-248.61280822753906
23435296,-210.32339477539062
23437536,-215.67041015625
23437888,-285.4847717285156
23441024,-136.18356323242188
23441952,-210.9373779296875
23443584,-191.96096801757812
23445664,-195.27127075195312
23448448,119.75979614257812
23451104,-206.20298767089844
23451712,-194.88128662109375
23457024,-232.9583282470703
23457632,-130.4696044921875
23459936,-218.6185760498047
23463968,-267.7467956542969
23466528,-151.12054443359375
23474016,-198.57083129882812
23474976,-155.27072143554688
23476960,-214.53802490234375
23478400,-229.75564575195312
23482400,-220.66139221191406
23487904,-209.51805114746094
23489696,-159.11639404296875
23495584,-258.4154052734375
23496160,-117.2454605102539
23497600,-205.60818481445312
23499008,210.08395385742188
23500320,-225.39407348632812
23518944,-123.13020324707031
23520640,-150.4562530517578
23528736,-176.30960083007812
23532864,-193.07571411132812
23540544,-213.3572540283203
23559168,-158.5854949951172
23562528,-143.6117401123047
23572608,-183.61851501464844
23574528,-229.51646423339844
23576352,-187.5462646484375
23580128,-176.69317626953125
23581760,-280.2394104003906
23586208,-152.03677368164062
23587008,-155.44317626953125
23589312,-242.25660705566406
23590336,-13.378689765930176
23599264,-168.53244018554688
23599616,-175.45794677734375
23608736,-201.62728881835938
23612064,-160.1255645751953
23612128,-116.83367919921875
23619616,-410.26751708984375
23626752,-156.11521911621094
23632800,-193.01251220703125
23633152,9.460155487060547
23636384,-152.25216674804688
23636640,-209.85003662109375
23637248,-286.2546081542969
23639552,-278.2914123535156
23650560,-222.78952026367188
23650752,2.2808165550231934
23651040,-233.08743286132812
23652800,-154.86819458007812
23655296,-241.9776611328125
23661920,-142.012451171875
23664064,-292.44085693359375
23669248,-163.0150146484375
23673632,-84.37879943847656
23676672,11.695313453674316
23676800,-168.6129150390625
23680160,-183.85092163085938
23690208,-203.60386657714844
23691264,-135.9969940185547
23723040,-208.78492736816406
23725536,-214.74049377441406
23735136,-213.4668426513672
23738240,-165.6416778564453
23741216,-177.4097900390625
23743104,-173.40835571289062
23746912,-133.9647674560547
23760064,-146.563232421875
23760736,-262.17303466796875
23762336,-7.867645740509033
23762752,-200.14974975585938
23775776,-247.65029907226562
23776928,205.83187866210938
23779744,-209.9470977783203
23781792,-204.6349639892578
23784128,-102.86030578613281
23796640,-136.3309326171875
23798656,-398.18353271484375
23803872,-227.6300048828125
23804352,-157.06103515625
23809248,-122.53108215332031
23809888,-280.20477294921875
23811936,-113.87458801269531
23814016,-186.6281280517578
23816224,-112.34088897705078
23823424,-265.302734375
23825504,-213.18104553222656
23830240,-200.43374633789062
23830720,-172.36582946777344
23831872,-26.221120834350586
23835904,-141.52035522460938
23844320,-207.73118591308594
23845600,-256.8692932128906
23845696,-261.6528015136719
23848096,-180.02899169921875
23853504,-44.10375213623047
23854240,151.6242218017578
23855584,-141.62030029296875
23859456,-144.86700439453125
23859840,-213.49879455566406
23864160,-28.575607299804688
23870784,-196.91787719726562
23875232,0.21651212871074677
23877024,-222.82150268554688
23877440,-132.30955505371094
23882336,-209.86305236816406
23890720,-135.822998046875
23893056,-98.20372009277344
23900352,-217.49203491210938
23910336,-150.7213897705078
23912224,-264.3866271972656
23928128,-229.06918334960938
23934688,-117.63770294189453
23938016,-104.4205322265625
23941408,-273.5349426269531
23944256,-213.44566345214844
23958784,-149.99647521972656
23963968,-413.9658508300781
23965664,-210.70799255371094
23967328,-148.65829467773438
23967712,-253.29295349121094
23968128,-179.66184997558594
23978528,-38.700313568115234
23978880,-51.09988021850586
23980256,-147.59849548339844
23989760,-124.40948486328125
23993568,-162.03106689453125
24005664,-198.147705078125
24007040,-180.91598510742188
24007840,-28.739253997802734
24016160,-233.25779724121094
24018784,-99.74092102050781
24020128,-3.424119472503662
24028864,85.69820404052734
24031360,-138.20310974121094
24031616,-138.13272094726562
24033824,-120.02547454833984
24041728,-239.467041015625
24053536,-214.97467041015625
24061568,-232.1422882080078
24067008,-375.20111083984375
24067968,-238.4364471435547
24069536,-155.1283416748047
24077344,-86.38746643066406
24083072,-160.95603942871094
24088640,-410.07861328125
24095008,-146.868896484375
24095680,-226.8077392578125
24097824,-11.373188018798828
24113216,-192.2362823486328
24117856,-92.44034576416016
24123168,127.41866302490234
24124128,-221.36883544921875
24126176,-172.54441833496094
24142912,203.2298126220703
24144064,-270.6601257324219
24153856,-95.55232238769531
24156000,-146.78524780273438
24159616,-198.05673217773438
24159968,-23.025127410888672
24163296,-157.4136505126953
24163456,80.60623168945312
24168224,-82.92459869384766
24170208,-233.45664978027344
24182176,-195.37828063964844
24183392,-215.19911193847656
24183520,-246.7319793701172
24183552,-237.62051391601562
24185280,-453.98101806640625
24187584,-253.06875610351562
24192608,-294.4120788574219
24200704,-184.50912475585938
24201344,-188.0233154296875
24205536,-31.906766891479492
24206016,-274.6253356933594
24206304,-163.75643920898438
24207232,-102.29386138916016
24207968,-134.0487518310547
24210656,-280.8742980957031
24212800,68.40260314941406
24214496,-53.35252380371094
24220384,-166.15972900390625
24222784,-251.18943786621094
24224224,-127.89614868164062
24225952,-118.1536865234375
24229280,-214.18609619140625
24229344,-236.82589721679688
24231104,70.91846466064453
24232736,-173.8796844482422
24241824,-166.39764404296875
24249152,-270.98638916015625
24256096,-266.24713134765625
24267328,100.02579498291016
24271360,-145.61305236816406
24272320,-272.37982177734375
24282848,-131.7132568359375
24284576,-176.043212890625
24286240,-153.34695434570312
24287840,-140.02499389648438
24295328,-199.0679473876953
24296576,-105.06095886230469
24297536,-152.7190704345703
24299488,-79.57132720947266
24302080,-202.9261932373047
24311744,-60.902347564697266
24312352,-239.35279846191406
24321504,-223.27734375
24326528,141.2178497314453
24330272,-129.88807678222656
24339392,-70.76648712158203
24342912,-239.51109313964844
24344672,-165.9743194580078
24345504,211.15521240234375
24349984,-170.93853759765625
24355104,-198.83753967285156
24361184,-179.26242065429688
24361664,-209.02928161621094
24363520,-249.59561157226562
24373312,-178.01446533203125
24374432,-163.26202392578125
24374592,-257.2396545410156
24375712,-351.5286560058594
24381408,-138.93650817871094
24387424,-260.5442810058594
24387424,-224.96099853515625
24390336,-239.73223876953125
24399072,-163.50010681152344
24400928,-165.50425720214844
24401792,-103.82711791992188
24405856,-94.92052459716797
24406912,-41.89374923706055
24406976,-240.374267578125
24408992,125.36656951904297
24410176,-180.6490478515625
24411552,-228.7538299560547
24414816,139.4617156982422
24418560,-201.74395751953125
24427136,-183.3580780029297
24430272,116.39583587646484
24438080,-56.586753845214844
24442112,-159.40899658203125
24443040,-234.8641815185547
24447872,-232.1372528076172
24455104,-171.62786865234375
24457664,-225.40989685058594
24460160,-407.8034973144531
24461408,-192.52658081054688
24461600,-108.64906311035156
24466048,-227.9646759033203
24466272,-124.81250762939453
24469472,54.17726135253906
24475936,-206.3960418701172
24479264,-257.92022705078125
24486304,237.7235565185547
24490784,-45.55156707763672
24493184,-284.3789978027344
24495104,-218.39337158203125
24496320,-221.89427185058594
24498016,-178.84506225585938
24503200,-174.43292236328125
24503520,85.92121887207031
24507424,-183.8137664794922
24508896,-201.1418914794922
24509184,-221.52276611328125
24520096,-174.76109313964844
24522304,-155.4959259033203
24529056,-225.21336364746094
24529664,-152.47634887695312
24530944,153.53419494628906
24541248,-227.5414581298828
24541728,-134.67776489257812
24543680,-216.28744506835938
24544768,-182.42816162109375
24552192,-222.11265563964844
24556032,-135.86239624023438
24562336,-262.1914978027344
24569760,95.98413848876953
24570976,-210.79562377929688
24575392,-67.05793762207031
24577056,-283.4233093261719
24577120,-143.37127685546875
24577600,-219.68832397460938
24577952,-550.4927978515625
24578016,-200.46868896484375
24579520,-140.99835205078125
24587712,-134.98773193359375
24590016,-150.03671264648438
24592928,-239.47402954101562
24604736,-103.55292510986328
24645344,192.3344268798828
24649440,-128.63043212890625
24650688,-251.56219482421875
24652928,-137.30996704101562
24652992,-146.3665008544922
24656864,-226.75831604003906
24658272,-387.1884765625
24670496,4.6795854568481445
24670624,-53.23073196411133
24685984,-150.18336486816406
24686304,-205.46873474121094
24689568,98.14122772216797
24694592,-235.58851623535156
24695392,-201.53163146972656
24696384,-230.5042724609375
24700096,-123.88712310791016
24705440,-191.56414794921875
24705920,-224.04278564453125
24707840,-126.49854278564453
24708896,194.8898162841797
24716800,-137.8853302001953
24724128,-92.28436279296875
24742016,-249.9225311279297
24742208,-185.91273498535156
24744448,53.54539108276367
24756512,114.16675567626953
24757888,-203.8756561279297
24760768,-130.98216247558594
24763648,-191.0926513671875
24765632,-144.76234436035156
24767584,-252.2101593017578
24768224,-192.7173614501953
24769664,-145.33749389648438
24770304,-143.3340301513672
24778528,-137.36375427246094
24795808,194.4405059814453
24803136,-150.10250854492188
24806592,-148.552001953125
24808608,-93.06393432617188
24814080,-175.21568298339844
24814624,-87.35967254638672
24815040,-177.06507873535156
24821568,46.51112365722656
24822912,-155.0270538330078
24823520,-221.15745544433594
24827520,-182.75491333007812
24839328,-209.1749725341797
24848320,-137.29808044433594
24862592,-208.20361328125
24863168,-145.75770568847656
24875072,-297.7772521972656
24877632,-176.63511657714844
24878880,-43.617794036865234
24879232,-130.38209533691406
24880672,-238.86798095703125
24887200,-211.5617218017578
24893856,-102.24479675292969
24905216,-132.80699157714844
24908320,-110.6426773071289
24909184,-222.98658752441406
24917696,-3.47859787940979
24918112,-161.30560302734375
24919680,-236.14512634277344
24921312,-254.01438903808594
24922656,-269.755859375
24933088,-263.5635986328125
24936672,-239.1862335205078
24945760,-128.72666931152344
24947456,-197.38497924804688
24951968,-229.1769256591797
24952640,-110.66509246826172
24972032,-56.671875
24974848,-46.75006866455078
24980096,-115.39215850830078
24986080,-223.1947021484375
24991904,-268.92022705078125
24992064,-278.3109436035156
24996128,-103.64073944091797
25003680,-147.19921875
25005792,-254.4337615966797
25007872,-165.8888702392578
25010560,-70.25135803222656
25012224,-245.74331665039062
25015328,-112.8271255493164
25023456,-221.58740234375
25024256,207.66683959960938
25025632,-125.09314727783203
25041504,133.49522399902344
25043936,-125.14187622070312
25043936,-256.6477966308594
25049696,-230.0306854248047
25050272,-159.65274047851562
25055232,-256.5924987792969
25056992,-154.73516845703125
25058272,-139.69903564453125
25059808,-129.4876251220703
25067104,-142.81649780273438
25069760,-194.6349639892578
25072608,-198.1824188232422
25082432,-257.06463623046875
25082976,-162.1840362548828
25084384,216.86895751953125
25092032,-164.12709045410156
25093920,-208.0743865966797
25095392,-184.95913696289062
25099904,-220.47500610351562
25102112,-195.67018127441406
25109152,-167.4584503173828
25111968,-210.45779418945312
25112576,-150.201416015625
25120672,84.1492919921875
25120704,-248.26406860351562
25120896,-87.96182250976562
25126304,-124.02560424804688
25138432,-201.18141174316406
25140128,-161.88075256347656
25140608,-559.7935791015625
25141536,-34.635562896728516
25143616,-230.32286071777344
25143936,-233.5934600830078
25145376,-162.43035888671875
25150496,-236.6595001220703
25156992,-226.03302001953125
25157504,-208.39112854003906
25158912,-237.26243591308594
25163232,-175.15504455566406
25171744,-104.41999816894531
25174176,-148.96786499023438
25186176,-220.78054809570312
25191392,-204.21121215820312
25194848,-147.79835510253906
25195168,-125.00627136230469
25202592,-185.51318359375
25204576,-229.02806091308594
25205024,0.4964120388031006
25211872,-162.66322326660156
25214080,-173.830810546875
25214176,-11.213638305664062
25214720,-237.1107177734375
25217568,-109.44847106933594
25220736,-169.58261108398438
25224352,-197.614501953125
25229472,-206.064697265625
25231360,-476.7077331542969
25233024,-323.86578369140625
25238624,-225.967041015625
25241088,-107.78490447998047
25242688,86.4609603881836
25247712,-242.5950164794922
25249728,-197.751708984375
25252320,-92.17692565917969
25254688,-252.68138122558594
25255104,-114.203369140625
25256256,247.60037231445312
25264288,-230.8498077392578
25272096,-131.69558715820312
25275040,-133.29310607910156
25296064,-448.3432922363281
25304864,22.627771377563477
25305984,-199.95159912109375
25307744,122.39806365966797
25309376,-121.85836791992188
25313376,-143.19082641601562
25316864,-160.06427001953125
25322656,-248.97911071777344
25324736,-275.83099365234375
25329952,-48.70010757446289
25331520,-210.3818359375
25333888,-137.58555603027344
25338688,-164.74977111816406
25342272,172.33966064453125
25345408,-156.8257598876953
25349728,-184.7965545654297
25352896,45.19520950317383
25356800,-208.36265563964844
25362400,189.2993927001953
25363168,-202.46209716796875
25364448,-136.15077209472656
25379936,-209.50538635253906
25381312,-111.76034545898438
25388384,-244.27696228027344
25389600,-166.88368225097656
25392704,-198.75132751464844
25393088,-32.037452697753906
25395168,-163.0872039794922
25399136,118.0126724243164
25400352,-180.223388671875
25402240,-168.0033416748047
25405312,152.12237548828125
25405632,-253.23419189453125
25405952,-432.08843994140625
25411648,-176.14418029785156
25432416,-216.20736694335938
25436832,-0.44786080718040466
25448480,-138.49740600585938
25450496,-92.00653076171875
25451872,-185.24583435058594
25454880,-221.1557159423828
25456032,-193.62864685058594
25460800,-167.8689422607422
25469120,-170.4695587158203
25470336,-383.8664245605469
25497728,-281.0373229980469
25498112,-229.11154174804688
25501952,-180.01979064941406
25508960,-22.32063865661621
25511936,-201.66505432128906
25517024,-118.44932556152344
25523328,-242.16481018066406
25524640,-131.6515350341797
25531136,-210.63218688964844
25541248,-210.5797882080078
25541440,-404.2522277832031
25541856,-151.94265747070312
25546336,-209.7152862548828
25551104,-196.45877075195312
25551424,127.98572540283203
25557920,-297.5535888671875
25561440,-113.3407211303711
25563936,-262.7907409667969
25565760,-248.4417266845703
25566368,-140.20013427734375
25571744,-163.9195098876953
25578432,-133.7248992919922
25580928,-307.4150695800781
25581856,-202.4177703857422
25582016,-258.304443359375
25587680,-27.738452911376953
25589920,-104.63117218017578
25590304,-115.26363372802734
25600896,-248.36643981933594
25611136,-216.5128936767578
25612992,-263.4267578125
25614688,-190.27281188964844
25615552,-193.62295532226562
25622080,-133.45050048828125
25633888,-253.29103088378906
25638432,47.17449951171875
25639392,-194.31640625
25644992,-185.95269775390625
25648000,-139.4585723876953
25649440,108.08267211914062
25649536,-179.8668670654297
25657536,-204.8525848388672
25662112,-156.70526123046875
25666848,-108.7080307006836
25670432,-424.0830993652344
25676064,-226.36212158203125
25695648,-353.159423828125
25697600,211.35792541503906
25708480,-250.07630920410156
25712672,-227.36788940429688
25720992,-272.5035705566406
25726592,-326.2398681640625
25737504,-83.63944244384766
25754624,-180.8016357421875
25755904,224.38182067871094
25757952,-221.63973999023438
25763616,-294.62890625
25766080,-231.75643920898438
25767680,-366.98309326171875
25779648,-181.24093627929688
25779808,-155.67771911621094
25781280,-150.536376953125
25783232,-206.07229614257812
25785664,-102.88861846923828
25787136,73.49633026123047
25792832,-147.228759765625
25792864,-136.07687377929688
25794112,-137.0564422607422
25794816,-212.38290405273438
25795360,-159.1381072998047
25800256,-14.978710174560547
25802592,-222.21063232421875
25807136,95.09207916259766
25812480,-171.65415954589844
25821408,100.00554656982422
25835136,-25.612585067749023
25835808,-183.945068359375
25836896,-212.50680541992188
25837664,-167.7370147705078
25842912,104.63187408447266
25843456,-159.3132781982422
25847584,-125.0278549194336
25851616,-217.17747497558594
25853472,-171.42230224609375
25860960,-171.16490173339844
25862080,-25.431169509887695
25866880,-86.66468048095703
25867072,-250.22747802734375
25868352,-726.8765869140625
25869536,-171.25108337402344
25888064,-155.90444946289062
25889344,-27.826723098754883
25891936,-117.39649963378906
25898400,-165.9370574951172
25900128,-199.9390106201172
25903040,-321.9726867675781
25910176,-175.66604614257812
25922592,-493.38311767578125
25924256,-193.46981811523438
25930752,-162.6040802001953
25933152,-232.01559448242188
25935840,-134.23727416992188
25938848,-177.046630859375
25944352,-268.07977294921875
25944512,-187.40084838867188
25950208,-145.60145568847656
25950880,-171.6042022705078
25963968,-182.85891723632812
25978496,-42.727535247802734
25982432,-174.6942901611328
25984672,-160.47962951660156
25988096,-194.9686737060547
25993376,-152.20677185058594
25994656,-140.63790893554688
25997856,209.78500366210938
25999424,-122.50174713134766
26002912,-227.6916961669922
26006208,-173.53477478027344
26007008,-193.28936767578125
26011680,-196.31201171875
26019360,-129.73452758789062
26019776,-263.52716064453125
26030720,-235.7467498779297
26032320,81.22779846191406
26033536,-247.4860076904297
26034624,-157.442138671875
26039232,-229.08673095703125
26039552,-149.17385864257812
26042720,130.66384887695312
26044032,-118.94832611083984
26046656,-251.8755645751953
26049824,-180.0025634765625
26058656,-231.87081909179688
26067296,-172.5067901611328
26067808,-207.1681365966797
26068192,-135.0624542236328
26073152,-278.0467224121094
26075904,-147.01832580566406
26080864,-203.37466430664062
26081600,-250.6597442626953
26084000,-246.4072723388672
26091680,-108.8427734375
26092032,-236.29811096191406
26097120,-53.4438362121582
26099552,-33.695621490478516
26102816,9.916162490844727
26104704,-81.73665618896484
26109632,-130.3577117919922
26112928,90.47064208984375
26114176,-66.1704330444336
26115904,-152.3025360107422
26117856,-421.9044189453125
26124864,-104.581298828125
26126144,206.85377502441406
26130976,-265.77197265625
26135104,-152.94268798828125
26136096,-241.12734985351562
26138048,-179.39122009277344
26141408,-131.86288452148438
26142016,-431.626708984375
26147808,-157.90289306640625
26148128,-154.8431396484375
26149120,-194.10630798339844
26153152,-165.42066955566406
26155808,-189.08326721191406
26162464,92.21910858154297
26163232,-169.9403839111328
26170400,213.7026824951172
26179008,-220.79335021972656
26182656,-114.64847564697266
26194624,-137.16690063476562
26202048,-166.1396484375
26202400,104.92709350585938
26203552,-41.17703628540039
26205600,-264.24725341796875
26208224,-215.9732666015625
26216064,-225.06280517578125
26232224,-145.1571807861328
26238176,-171.72471618652344
26240288,-126.54598999023438
26250176,-174.02886962890625
26256000,-160.88674926757812
26257056,-221.37950134277344
26264704,-126.6410140991211
26264832,201.4586639404297
26266144,216.8046112060547
26270688,-211.8304443359375
26272416,-265.3720397949219
26283904,-168.69549560546875
26284832,-105.50452423095703
26285536,-201.87156677246094
26288064,-245.5349884033203
26292192,-145.8443145751953
26306976,-143.92752075195312
26308832,-139.69863891601562
26311968,-253.60011291503906
26314592,-168.08580017089844
26314848,-208.7779541015625
26316128,-125.08039093017578
26317024,-196.09446716308594
26318080,-130.0607452392578
26320640,-29.87308692932129
26321600,-277.4523620605469
26327104,108.26062774658203
26327232,-162.8226776123047
26334752,-137.35484313964844
26338304,-270.118896484375
26338592,-216.8324737548828
26338656,-245.12246704101562
26341376,-289.9893493652344
26343968,-212.1693115234375
26346432,-167.87570190429688
26348320,-251.44281005859375
26349216,-159.4973907470703
26351872,-183.7891845703125
26356736,-147.3121795654297
26357440,-156.55694580078125
26364032,-81.81175994873047
26367840,-251.9165802001953
26372288,-224.74301147460938
26378400,218.21092224121094
26379776,-284.6045227050781
26381824,-153.84490966796875
26381920,-177.5100860595703
26382880,-153.01962280273438
26390912,-182.10543823242188
26393952,-180.33853149414062
26394048,-127.1921615600586
26411552,-86.07597351074219
26424672,-211.4215850830078
26425888,-128.5965118408203
26426496,-242.8611297607422
26430848,-144.50326538085938
26432640,-183.9450225830078
26433088,-261.4494934082031
26439168,-232.95315551757812
26445472,-23.244640350341797
26458784,-185.77784729003906
26459968,-183.7474365234375
26464448,-210.72462463378906
26469664,-213.09837341308594
26471520,-189.02476501464844
26472128,-136.86399841308594
26472928,-190.00733947753906
26476224,-45.13232421875
26480992,-162.45448303222656
26483360,-97.82026672363281
26491552,-282.7798156738281
26496000,220.39398193359375
26497056,208.42185974121094
26498496,201.33721923828125
26499648,-160.16343688964844
26504512,-279.8420104980469
26509856,11.531782150268555
26510528,-173.48614501953125
26515968,-232.99560546875
26516416,-109.01891326904297
26520800,-234.86520385742188
26521664,-112.43794250488281
26526752,-52.38574981689453
26529696,183.03594970703125
26529696,-115.00926971435547
26540704,-112.16788482666016
26541408,-117.26190185546875
26544480,-107.50735473632812
26547808,-244.35804748535156
26548000,-269.3296203613281
26551072,-263.54718017578125
26552064,-248.41546630859375
26559008,-70.59025573730469
26562720,-82.78985595703125
26568384,-27.332473754882812
26571264,-288.8239440917969
26573184,-261.5355529785156
26576544,-133.6743621826172
26581120,-265.9783935546875
26584288,-89.8715591430664
26584960,-259.3047790527344
26585568,-235.2492218017578
26587296,-330.8370666503906
26591968,-264.4720458984375
26597632,-205.9267578125
26603936,-250.95741271972656
26604512,78.21552276611328
26606720,-203.09738159179688
26610112,-168.99000549316406
26613856,-124.1080322265625
26616928,-63.76714324951172
26622592,-94.27252197265625
26623552,-231.56251525878906
26631616,-166.7047576904297
26632960,-105.537841796875
26636512,89.56690216064453
26636672,-140.30718994140625
26641856,-32.29374313354492
26654080,-269.99127197265625
26656416,-158.59872436523438
26656608,-281.62396240234375
26656704,-138.9136505126953
26656992,-165.09979248046875
26662176,-219.18832397460938
26668000,-256.0267028808594
26670656,-197.32066345214844
26670848,-125.78035736083984
26672736,-262.17669677734375
26684864,-220.45535278320312
26685408,-158.16329956054688
26688448,-126.65367126464844
26689088,-90.90800476074219
26693824,-214.60206604003906
26700864,-366.13507080078125
26704864,-170.0565948486328
26706720,-29.25298309326172
26708416,117.56546783447266
26714240,-179.17198181152344
26715968,-12.1221923828125
26721024,-198.41946411132812
26724640,217.3865509033203
26728384,-208.4589385986328
26729920,-206.57591247558594
26733472,-202.97027587890625
26734816,-279.37548828125
26744864,-195.1688995361328
26756384,-271.18487548828125
26757248,-223.17086791992188
26764160,-118.50164031982422
26769376,-251.98736572265625
26773216,-238.4193878173828
26777504,-134.85400390625
26784288,-208.13743591308594
26786112,-240.8539581298828
26790656,-140.24415588378906
26791168,-137.35787963867188
26791296,-437.0786437988281
26792192,-72.95721435546875
26798400,-178.81272888183594
26799296,-170.93344116210938
26800032,-127.288330078125
26807584,-489.97747802734375
26808832,-174.13482666015625
26809088,-154.8773651123047
26819552,-229.19093322753906
26823456,-220.5537567138672
26834912,-41.80891799926758
26836448,-187.2484588623047
26844512,-197.70053100585938
26846144,-257.98638916015625
26847552,-176.0081787109375
26847904,-204.49081420898438
26849280,-269.5411376953125
26850720,-61.86273193359375
26853888,-233.91184997558594
26857696,-151.71473693847656
26859904,-129.82899475097656
26865088,149.20465087890625
26867296,-163.25131225585938
26869600,-226.90354919433594
26873856,-68.2514419555664
26875872,24.0855712890625
26878144,-173.62289428710938
26878720,-197.57199096679688
26879840,207.38104248046875
26883584,-249.3290252685547
26887552,-248.40855407714844
26887616,-103.44898223876953
26890144,-139.845458984375
26891328,-205.70120239257812
26902080,93.84690856933594
26907872,-187.28915405273438
26919616,-144.15989685058594
26921472,-76.03266143798828
26930624,-183.6105194091797
26934272,-235.5998992919922
26944384,-41.20888900756836
26945376,-112.39868927001953
26946816,-101.21442413330078
26947168,-224.16558837890625
26951936,-248.99757385253906
26953536,-204.89480590820312
26954048,-225.0927276611328
26954976,-227.23931884765625
26956032,-282.1418762207031
26961504,-254.53289794921875
26971424,-103.81908416748047
26977824,-287.02227783203125
26978592,-43.53742599487305
26984736,-261.599365234375
26984864,-316.4810791015625
26987776,-96.95857238769531
26988096,-247.74093627929688
26989024,-178.72500610351562
26993536,-245.3921661376953
27000672,-159.3751220703125
27000896,102.64618682861328
27007712,-93.808349609375
27009984,-137.41741943359375
27017056,-204.65760803222656
27019936,-186.96295166015625
27020448,-228.25360107421875
27023712,-151.77833557128906
27023872,-138.42347717285156
27038976,-243.71995544433594
27040544,138.14649963378906
27043776,-114.91726684570312
27043904,-258.2896728515625
27050144,-225.42869567871094
27066848,-187.71836853027344
27093760,-152.55311584472656
27094944,-259.9308776855469
27095616,-157.5779266357422
27106016,174.38821411132812
27119136,107.9247817993164
27120704,-248.7577667236328
27122400,-230.8875274658203
27124352,-127.39028930664062
27124832,-69.468505859375
27130240,-263.0384826660156
27132224,-94.6031494140625
27134400,-197.4226531982422
27138336,-98.32177734375
27138368,-136.0077667236328
27152416,-9.685494422912598
27153504,-133.48876953125
27154592,-226.4010772705078
27155648,-318.8040771484375
27156288,128.2697296142578
27157248,-196.361572265625
27157792,-219.8740234375
27161568,-183.05723571777344
27164960,-71.70021057128906
27177312,-327.48236083984375
27178912,-246.72145080566406
27179488,-187.3911590576172
27181920,-107.73345947265625
27192608,-213.5417022705078
27194144,-139.9101104736328
27200384,-208.89328002929688
27202240,-229.49441528320312
27204672,-225.2005157470703
27208928,-267.7862548828125
27209504,-150.02993774414062
27209856,-175.2136993408203
27210304,-23.831180572509766
27210880,-107.84325408935547
27214752,-188.44140625
27217472,-193.19554138183594
27217600,111.64458465576172
27220032,95.97661590576172
27221408,-252.20816040039062
27222720,102.76252746582031
27226816,-232.2974395751953
27226848,-159.79989624023438
27227104,-172.0743408203125
27231360,-137.35003662109375
27231552,-252.67111206054688
27231904,78.776123046875
27232832,-270.1786804199219
27233696,30.432636260986328
27235136,-212.90036010742188
27235424,-170.56661987304688
27238976,-121.82942962646484
27253696,-273.0706481933594
27256992,-228.30604553222656
27262272,-168.43621826171875
27262400,-172.84022521972656
27264480,-130.6222686767578
27266592,110.83148956298828
27267648,-250.33255004882812
27268224,-144.69444274902344
27269248,225.49534606933594
27273024,-220.84120178222656
27281280,-178.08653259277344
27282784,-8.840354919433594
27283680,-100.2866439819336
27285280,-133.7093505859375
27290272,-115.9847640991211
27291488,-127.06425476074219
27292736,-184.77420043945312
27293152,-164.08746337890625
27295104,-253.71856689453125
27296640,-129.70748901367188
27297664,-161.97608947753906
27307936,-58.59023666381836
27310848,-156.7090301513672
27314112,-152.34564208984375
27317344,-119.65560913085938
27326720,-424.5269470214844
27332224,-205.31678771972656
27347552,-170.97647094726562
27350592,-152.5626678466797
27351552,-139.98526000976562
27360544,-170.38299560546875
27363648,-50.69016647338867
27369856,-39.23941421508789
27377632,-245.33660888671875
27379552,-192.4404754638672
27384768,-218.61996459960938
27390336,-229.1444549560547
27393184,-115.55528259277344
27397952,-218.85890197753906
27401792,-4.524377822875977
27408576,134.1942138671875
27417664,-131.29537963867188
27426112,204.63751220703125
27426592,-132.90829467773438
27429952,-208.58804321289062
27443104,-181.2564697265625
27454272,-265.3166198730469
27455104,218.49949645996094
27455392,-123.90311431884766
27457696,-41.425880432128906
27460032,-114.90927124023438
27460096,-140.553466796875
27460192,-136.52305603027344
27461120,-129.1246795654297
27465792,-118.92961883544922
27475488,-109.4900131225586
27476704,-346.41278076171875
27477760,-248.61814880371094
27481440,29.823654174804688
27482368,-246.0782928466797
27484192,-91.9918212890625
27489408,-173.4168243408203
27492672,-228.03578186035156
27493472,-232.3904266357422
27501216,-198.3516387939453
27503840,-224.57923889160156
27513440,111.93965911865234
27515712,-103.0844955444336
27516640,-179.1175079345703
27520960,-92.75569152832031
27523648,-180.74046325683594
27524832,-130.4642791748047
27525856,-151.1046905517578
27541184,-227.71543884277344
27543104,-94.27963256835938
27543520,-53.175567626953125
27545152,-204.3618927001953
27552672,-57.55052947998047
27563232,-242.6093292236328
27566432,-194.0722198486328
27569376,222.46792602539062
27576928,5.792786121368408
27581248,-8.149422645568848
27584000,-175.61094665527344
27585184,-234.37728881835938
27592736,-140.5174102783203
27603680,-46.3547248840332
27605248,186.1168670654297
27610336,-17.75029182434082
27612736,69.53559112548828
27623136,105.43034362792969
27623808,-226.4850616455078
27627232,-238.8975372314453
27629344,-186.23179626464844
27631232,-144.6477813720703
27632864,-219.80340576171875
27646240,-92.34085083007812
27648000,-280.67120361328125
27655488,-223.97828674316406
27661760,-0.09823213517665863
27663360,-253.1141815185547
27668256,207.45620727539062
27671168,-170.0915069580078
27673952,-149.50633239746094
27677312,-98.70173645019531
27677696,-19.442951202392578
27683648,-303.8499450683594
27686720,123.23699188232422
27698560,-237.97140502929688
27699424,-205.9674530029297
27702816,-207.35430908203125
27712224,181.1988525390625
27714848,63.87025451660156
27717088,-130.76312255859375
27717856,-216.9684600830078
27722688,-126.20130920410156
27725504,-135.3382568359375
27733472,-296.88116455078125
27734752,-119.18412780761719
27736768,-280.7135925292969
27736864,-232.09487915039062
27745376,-160.68484497070312
27745920,215.943115234375
27753216,-188.94032287597656
27759136,-115.1682357788086
27764608,-232.4481201171875
27765984,-170.91928100585938
27774592,-158.62184143066406
27777568,-231.16213989257812
27791360,-327.7999572753906
27797920,-153.02197265625
27800576,-239.17410278320312
27805568,-143.9977569580078
27811840,-725.7109985351562
27817504,78.44441986083984
27817984,214.1436004638672
27818848,-28.76873779296875
27823904,-109.3847427368164
27824672,144.1508026123047
27825952,-202.01779174804688
27843424,-117.50590515136719
27843552,-12.538921356201172
27848928,-103.92474365234375
27849312,-30.74309730529785
27855136,-99.51404571533203
27855392,-168.36911010742188
27862144,-148.99046325683594
27866528,-45.13895034790039
27866624,-196.4063720703125
27878304,-150.20077514648438
27882528,205.65907287597656
27883840,94.26866149902344
27894048,-334.57891845703125
27896448,-199.18299865722656
27897952,-117.5300064086914
27900896,-52.16138458251953
27903456,-202.32191467285156
27904032,-193.97653198242188
27906912,-14.445745468139648
27910752,-168.73240661621094
27911904,-150.10702514648438
27912704,-92.7095718383789
27912896,-317.7481994628906
27914496,-239.32252502441406
27917952,-166.9161376953125
27919328,-164.12088012695312
27921056,-238.49310302734375
27923904,-160.20164489746094
27925408,-136.0037384033203
27926720,-226.32635498046875
27927136,-189.43748474121094
27929632,146.4872283935547
27930080,-313.1815490722656
27933888,-180.23988342285156
27943584,93.44588470458984
27946624,-137.75149536132812
27952640,-190.40098571777344
27963008,-69.77903747558594
27965824,-163.9738311767578
27967104,-277.53173828125
27967552,-191.10113525390625
27968832,-221.7110595703125
27969760,-183.54324340820312
27970752,-173.83926391601562
27973280,-182.89242553710938
27978272,-97.45161437988281
27980896,-233.66397094726562
27981664,211.6257781982422
27982784,-237.21543884277344
27988608,-124.13447570800781
27989664,-229.17840576171875
27994560,-241.5361328125
27998080,41.91883087158203
27999712,-133.5529327392578
28000192,-227.453857421875
28003104,99.11054992675781
28016448,-106.79025268554688
28019968,-135.39613342285156
28021376,-236.80096435546875
28022144,-264.61187744140625
28026400,-70.31437683105469
28028992,-221.95083618164062
28030112,-23.988590240478516
28031968,-40.601409912109375
28046560,-232.60089111328125
28056640,-170.47222900390625
28060960,80.95345306396484
28065696,-225.1051025390625
28067744,-235.61822509765625
28082304,-191.05636596679688
28087968,-363.9447326660156
28087968,-277.82440185546875
28091328,-177.88758850097656
28093792,-240.55697631835938
28105280,-250.95199584960938
28106528,-121.46138000488281
28106656,-244.927001953125
28107968,-166.45489501953125
28110304,-155.96237182617188
28111456,-228.6713409423828
28113312,-110.68586730957031
28114880,-11.145069122314453
28115072,-229.35667419433594
28124896,-233.45904541015625
28125760,221.19784545898438
28127616,-200.5594940185547
28128128,-129.39195251464844
28130336,14.407341003417969
28130560,111.24821472167969
28135520,-108.46307373046875
28135744,-173.59854125976562
28135744,-211.61700439453125
28141152,-229.7191925048828
28150720,246.1334228515625
28156320,-281.1658935546875
28156384,-61.028358459472656
28158080,-113.2897720336914
28161344,-294.8362731933594
28165440,-183.3946990966797
28165632,-118.86427307128906
28167232,-246.9398651123047
28168512,-260.4594421386719
28173184,-123.73324584960938
28181888,-185.35020446777344
28183488,-265.7628479003906
28185088,-234.5472412109375
28186752,-159.25555419921875
28191648,-272.46923828125
28192032,-124.94927978515625
28192576,-172.26812744140625
28196512,-159.16842651367188
28198496,-196.4068603515625
28204512,-181.02841186523438
28219968,121.60554504394531
28229888,-117.39967346191406
28231648,-221.4894256591797
28232064,-200.019287109375
28232160,-211.29835510253906
28233056,-220.344970703125
28237728,-220.89151000976562
28238144,-170.24795532226562
28238240,-51.30327606201172
28245664,-113.62200164794922
28246976,-213.2507781982422
28263968,-138.2466278076172
28268864,-55.15398025512695
28271712,-133.5786590576172
28280384,-234.65394592285156
28281824,-165.88760375976562
28287904,-335.08795166015625
28292224,162.28805541992188
28313856,-75.89381408691406
28315008,-246.9574432373047
28318560,-190.01853942871094
28324224,103.53948974609375
28324480,-318.457275390625
28325440,138.44094848632812
28331264,-167.286865234375
28331328,-133.52272033691406
28332832,-132.63832092285156
28335264,-197.4617156982422
28336736,-218.78172302246094
28337920,-259.8033142089844
28349472,-239.9873046875
28349856,-177.6204071044922
28353984,-34.40494155883789
28354048,-189.6898193359375
28364160,-204.41119384765625
28364704,-118.67507934570312
28367392,-248.04891967773438
28368544,-230.81680297851562
28377856,-260.0766296386719
28378432,-190.37203979492188
28391968,128.45643615722656
28392768,-218.8265838623047
28395488,-201.15184020996094
28397664,-168.1147003173828
28405952,-142.5467529296875
28406368,-121.76910400390625
28411072,-228.14222717285156
28417312,-206.9944610595703
28417408,1.1718990802764893
28419648,-165.60118103027344
28427456,-43.791786193847656
28428704,-222.80572509765625
28428768,-196.03640747070312
28439968,-142.20164489746094
28442944,-252.8513641357422
28447104,-280.49139404296875
28453152,-200.2442626953125
28454208,-105.8707275390625
28467776,-142.57516479492188
28473856,-235.7958526611328
28474080,-49.75165557861328
28475936,-136.2769317626953
28486976,-128.8207244873047
28487456,-268.6342468261719
28489408,-137.73477172851562
28490560,-523.7838745117188
28501568,81.07823181152344
28503264,-120.21990203857422
28503264,87.46015167236328
28510496,-7.458738803863525
28512032,-178.27854919433594
28512128,-243.75796508789062
28512928,-165.89678955078125
28518272,127.43415832519531
28522752,-215.6852569580078
28525152,-202.7135009765625
28527392,-177.19189453125
28534336,-258.95465087890625
28537792,-210.42886352539062
28538048,-528.56298828125
28547136,-232.57846069335938
28548992,-184.0608673095703
28556928,-117.52425384521484
28562752,7.747813701629639
28563776,-205.52450561523438
28576768,-210.22535705566406
28578560,-193.69171142578125
28579584,-163.38961791992188
28582816,-213.35340881347656
28584864,-222.28347778320312
28587296,-191.52163696289062
28589152,-91.35050201416016
28591872,-216.51010131835938
28593632,-97.45487976074219
28595040,-130.7128448486328
28600000,-63.380760192871094
28601696,210.25428771972656
28607776,4.932387351989746
28608448,-124.43292236328125
28608512,-110.56394958496094
28611200,-176.75343322753906
28611744,-249.19595336914062
28612832,-198.8384246826172
28614144,-203.28224182128906
28616128,-139.40994262695312
28617536,-64.96350860595703
28620992,28.80695915222168
28625760,-180.02272033691406
28628896,-144.94654846191406
28630240,-9.317330360412598
28638656,-126.71265411376953
28650528,-182.46102905273438
28673472,-196.09182739257812
28677408,-251.71475219726562
28686080,-48.1544189453125
28687296,-223.8730926513672
28688192,-135.7086639404297
28703744,-278.3283996582031
28705856,121.40035247802734
28708864,-186.70286560058594
28710368,-91.8724136352539
28710944,-285.2387390136719
28713536,13.285493850708008
28713632,-117.76848602294922
28713824,-177.68585205078125
28742560,238.82208251953125
28746208,-658.8402709960938
28756640,-246.77125549316406
28760160,-202.7357940673828
28764864,-2.5484039783477783
28767008,-262.4288330078125
28767264,-158.22964477539062
28789536,-263.376220703125
28806112,-247.60659790039062
28810848,-231.2678985595703
28816864,-163.05372619628906
28818304,-95.68860626220703
28825088,-143.8402557373047
28828192,-225.37954711914062
28830688,-111.78538513183594
28833376,-107.7189712524414
28836864,-208.7509002685547
28837984,-111.57572937011719
28840992,-122.05079650878906
28844064,237.7783660888672
28852800,-162.496826171875
28856640,-168.6654510498047
28864384,-34.90501403808594
28868960,-199.90440368652344
28873536,-139.52366638183594
28873536,-230.8892364501953
28875712,129.891357421875
28878880,-134.59274291992188
28878944,-143.1119384765625
28882176,-220.80633544921875
28892352,-67.36408233642578
28912064,-116.5809555053711
28917056,78.44954681396484
28924608,-166.75474548339844
28928352,69.011962890625
28931296,-211.31886291503906
28932896,-124.2962646484375
28933440,-233.83021545410156
28936576,-139.86514282226562
28937344,23.474306106567383
28938112,-468.8853759765625
28939360,-288.2274475097656
28940352,-174.08035278320312
28941472,-156.30950927734375
28941856,-196.55506896972656
28945152,-277.0605163574219
28948384,-254.7688446044922
28950816,-235.479736328125
28952928,-130.8478240966797
28962944,-143.89523315429688
28964000,-196.66275024414062
28973760,-27.956634521484375
28975808,-226.2995147705078
28983040,-238.54747009277344
28986048,-168.26705932617188
28997632,-214.47840881347656
29000224,-190.42745971679688
29008160,-251.67221069335938
29008320,-231.83905029296875
29013824,-24.458873748779297
29019904,-425.8096618652344
29023488,-174.92318725585938
29027072,-242.09669494628906
29030208,-145.1056365966797
29031040,-204.943115234375
29034208,-181.19248962402344
29043040,-143.12692260742188
29055200,115.4963150024414
29061824,-161.85317993164062
29067168,-100.45684814453125
29067264,-147.8774871826172
29068192,-158.1337432861328
29070016,-221.58583068847656
29071200,91.4400405883789
29072928,-298.9137268066406
29091744,206.87451171875
29094784,-88.259765625
29115808,-243.22796630859375
29116256,-123.47779083251953
29118304,-181.5566864013672
29119072,107.04306030273438
29128896,-311.4589538574219
29132384,-398.1934814453125
29132480,-62.49346160888672
29135008,251.73721313476562
29139040,-102.64049530029297
29139264,-115.4173812866211
29148128,-155.84982299804688
29173248,-240.16680908203125
29174944,-144.32464599609375
29176896,-255.6891632080078
29177120,69.82406616210938
29177536,202.4608154296875
29177824,-362.66033935546875
29179040,-203.86819458007812
29179904,-154.73074340820312
29196640,114.11337280273438
29202304,127.56076049804688
29206592,197.55709838867188
29207584,-171.45089721679688
29225280,-307.54498291015625
29227072,-183.1430206298828
29230496,46.852783203125
29234208,220.87962341308594
29236448,-254.46617126464844
29242880,-227.9205322265625
29243104,-216.81732177734375
29245248,-262.8194580078125
29252928,244.15628051757812
29254496,-261.2899475097656
29256224,208.02001953125
29260128,-164.60525512695312
29267232,-97.39759826660156
29274848,-257.1109619140625
29282784,-228.828369140625
29290048,-135.16571044921875
29293888,-117.24607849121094
29301248,19.986087799072266
29305344,-47.756065368652344
29308608,-241.54444885253906
29314528,202.77572631835938
29320832,-123.77758026123047
29322240,-29.386760711669922
29331136,-213.5186767578125
29334304,-148.69093322753906
29334720,-167.50155639648438
29336832,-161.0467071533203
29338080,-280.43572998046875
29338816,-96.79560089111328
29339680,98.4555435180664
29344704,-111.47989654541016
29356384,-196.85458374023438
29357472,-119.72087097167969
29363616,-203.24549865722656
29363808,-121.32819366455078
29370432,-255.23641967773438
29371936,-226.16372680664062
29379104,-180.54937744140625
29382016,-209.4113006591797
29387552,-203.37261962890625
29388032,188.81199645996094
29389408,-12.569353103637695
29393856,56.08732223510742
29402528,-287.7303771972656
29402912,-209.8206787109375
29403936,-90.38811492919922
29405664,-129.37901306152344
29406848,-222.3657684326172
29406912,-233.87168884277344
29416160,-218.60418701171875
29416576,-186.94444274902344
29416640,-211.77630615234375
29416640,-22.620975494384766
29432640,-96.42140197753906
29434048,-205.03370666503906
29435360,-264.55279541015625
29435840,-93.99983215332031
29448096,126.56137084960938
29449760,-184.09242248535156
29452832,-391.9790344238281
29456544,-274.97125244140625
29461216,-229.54420471191406
29462912,-140.58775329589844
29464384,-202.98446655273438
29465888,-113.8401107788086
29475520,-236.03607177734375
29476064,-64.22857666015625
29477824,-171.0323486328125
29478688,-159.53793334960938
29479776,-112.7929458618164
29480448,-121.4864730834961
29484544,-201.98580932617188
29485184,-12.72211742401123
29489024,207.33328247070312
29490496,158.20921325683594
29497600,-257.40142822265625
29498944,-185.62026977539062
29499072,-228.06980895996094
29500480,-98.0816650390625
29501504,-198.2831268310547
29507552,-165.59710693359375
29508480,-224.12657165527344
29525088,-202.83071899414062
29526400,-20.14702606201172
29532288,-174.18470764160156
29539552,-177.69772338867188
29540832,-20.69120979309082
29547968,-253.57164001464844
29555200,-203.4237518310547
29562496,-346.1285095214844
29567936,-310.7627868652344
29576192,-96.59375762939453
29578880,-400.178955078125
29578944,-186.69754028320312
29579584,-198.38131713867188
29586592,-22.949722290039062
29586656,-179.39605712890625
29587904,5.104722499847412
29597984,-81.93876647949219
29600384,-257.6630554199219
29609760,-159.775390625
29609952,-231.2497100830078
29610016,-192.560302734375
29611040,-115.13958740234375
29611904,-117.29163360595703
29616128,-251.20774841308594
29623648,-402.8326416015625
29631776,-210.1990966796875
29635264,-148.14971923828125
29636896,-81.8934326171875
29638336,-18.537511825561523
29645216,83.72817993164062
29648352,-141.9514617919922
29649216,-228.38238525390625
29650208,-208.5005340576172
29655552,-160.1090545654297
29656480,-246.35914611816406
29658400,-193.34921264648438
29667200,-459.79638671875
29667232,-259.7035827636719
29673632,-192.6562042236328
29682016,-108.37110900878906
29689344,-324.8553771972656
29693280,-225.9149932861328
29697312,-159.34878540039062
29698816,-100.05479431152344
29703584,-219.7715606689453
29711712,-235.85601806640625
29715712,-195.47352600097656
29720992,-131.89263916015625
29721024,-122.48677062988281
29723168,-173.58889770507812
29730048,-141.2520751953125
29736800,-319.30194091796875
29738432,-122.77052307128906
29740896,-131.12608337402344
29749760,-219.8177490234375
29751680,-206.4059600830078
29755296,99.10041809082031
29758464,-224.66786193847656
29761408,-190.53018188476562
29763296,-6.958748817443848
29765280,-215.5592803955078
29766816,-145.32461547851562
29769760,-213.95904541015625
29771776,-250.14736938476562
29773856,-292.6103210449219
29774496,243.8743133544922
29781888,-199.56399536132812
29786272,-163.135498046875
29790400,-135.58876037597656
29792032,-139.57542419433594
29792992,-13.992948532104492
29807360,-184.322021484375
29813568,-42.652156829833984
29817152,227.5149383544922
29817504,-223.35812377929688
29818464,-234.81350708007812
29824800,-191.3230743408203
29828800,-215.20606994628906
29831808,-139.45928955078125
29835552,116.6324691772461
29836480,-124.69062042236328
29838560,-166.2367706298828
29839872,-209.1400909423828
29842816,-122.49819946289062
29847360,-242.42559814453125
29850304,-140.1524658203125
29852064,-155.66116333007812
29864448,110.60443878173828
29869536,-157.5589599609375
29872032,-138.24615478515625
29872640,-280.8191833496094
29878208,-186.0703125
29881760,-227.42074584960938
29882784,24.20226287841797
29887104,-239.83216857910156
29890624,-143.21932983398438
29896608,5.528580665588379
29899104,205.0903778076172
29899488,-199.22645568847656
29905920,-44.398651123046875
29908832,-238.16407775878906
29908896,-243.4427032470703
29910784,-191.15704345703125
29919200,-278.7437438964844
29920768,-217.1201629638672
29925728,110.05099487304688
29925952,-152.3616943359375
29926272,-135.4758758544922
29927584,-252.5718536376953
29930336,-112.62630462646484
29943872,-183.75836181640625
29944736,-198.5593719482422
29949312,-166.34658813476562
29952224,-202.9165496826172
29952960,259.6042785644531
29957792,-254.2553253173828
29960448,-199.09703063964844
29962112,-27.42536163330078
29964544,-265.5398864746094
29966880,-24.54541778564453
29970080,138.40550231933594
29972256,-126.1956787109375
29975648,-28.101234436035156
29979872,-128.3358917236328
29982784,-177.7580108642578
29985344,-17.29496955871582
29985408,-146.68917846679688
29988896,232.7694091796875
29996128,-236.7473602294922
29999104,-173.6039276123047
30003456,-35.91676330566406
30004352,-232.43670654296875
30008896,-130.70822143554688
30009024,-189.01185607910156
30013056,-195.91375732421875
30021856,-183.42205810546875
30023584,-240.8117218017578
30026144,-420.225341796875
30034880,-104.67577362060547
30036288,89.24405670166016
30039520,-200.94207763671875
30043072,-153.22288513183594
30052608,-211.8057861328125
30056928,-4.504798889160156
30060128,-156.03701782226562
30071456,-181.65789794921875
30082112,-41.42630386352539
30083552,-141.70962524414062
30085920,-204.71266174316406
30089760,-171.3457489013672
30095072,-202.74986267089844
30097248,-145.9910125732422
30098464,-33.28681945800781
30104128,-227.46278381347656
30114496,144.74215698242188
30117760,-106.53771209716797
30122112,-172.71682739257812
30140992,-248.4809112548828
30150880,-209.75599670410156
30154464,-140.8258514404297
30157600,-156.37619018554688
30180512,-246.66302490234375
30180704,-173.88804626464844
30182080,-171.8703155517578
30189152,-137.12635803222656
30194400,72.76294708251953
30196064,-225.00384521484375
30198304,-271.8499755859375
30200768,-206.44769287109375
30205312,-51.762882232666016
30208896,128.30496215820312
30214208,-1.0278388261795044
30217376,7.529135704040527
30218784,-92.70813751220703
30219328,-21.47610092163086
30219648,-174.0133819580078
30220736,-169.680419921875
30221920,-89.75169372558594
30225440,-478.3660583496094
30227168,-198.6099853515625
30231744,-112.98809051513672
30234432,-173.5209197998047
30238720,-141.28993225097656
30252960,-135.42831420898438
30255744,-116.23133850097656
30260576,-158.94073486328125
30260704,-235.21124267578125
30261568,-333.879150390625
30262400,-231.63612365722656
30262528,-194.31227111816406
30266496,-12.89917278289795
30266528,-154.07476806640625
30267712,-184.4712371826172
30269344,-258.70306396484375
30275520,-182.5297088623047
30279264,-386.3350524902344
30279680,-168.54115295410156
30282624,-234.6189422607422
30288448,-579.3404541015625
30291616,21.661043167114258
30293664,-38.95348358154297
30299104,-170.62794494628906
30299712,-256.04290771484375
30303712,-134.2164306640625
30307872,-213.8338165283203
30311520,-243.4557342529297
30313408,-243.93429565429688
30327840,-138.71670532226562
30330432,-194.2278594970703
30338720,-137.32220458984375
30340512,-204.31248474121094
30345088,-110.75088500976562
30347232,-229.21888732910156
30347232,-152.62838745117188
30354560,-400.1642150878906
30355040,-184.73358154296875
30355936,-137.19573974609375
30359808,-137.10467529296875
30372864,-166.71163940429688
30377248,-221.7534942626953
30377408,-163.9560546875
30381760,-183.2271270751953
30391328,-157.97897338867188
30397056,-287.4950866699219
30397088,-207.18194580078125
30401344,261.9666442871094
30404352,-237.14248657226562
30408672,-133.67893981933594
30417376,-136.66622924804688
30418144,-153.08819580078125
30419488,-168.795654296875
30419744,-190.532958984375
30423168,-120.45849609375
30428416,-151.62997436523438
30432480,-187.849609375
30436672,162.5384063720703
30436832,-32.418113708496094
30439200,-161.00790405273438
30447456,-312.2261962890625
30455552,-244.618408203125
30455904,-90.76929473876953
30463168,-61.949440002441406
30465408,-225.45521545410156
30468960,0.49249088764190674
30475584,199.12530517578125
30477632,-185.80902099609375
30480608,-228.25526428222656
30491008,-234.08152770996094
30492800,-167.03277587890625
30493856,-228.6432647705078
30495968,-129.4656219482422
30496704,-137.56643676757812
30497792,-144.59463500976562
30499232,-229.12176513671875
30504736,-185.91746520996094
30507584,-158.6614227294922
30508736,-185.2353515625
30510048,-248.1341552734375
30510592,-64.40558624267578
30510752,-251.10757446289062
30511680,-148.26077270507812
30516768,-155.02740478515625
30520576,-157.52679443359375
30522816,-216.7592010498047
30525472,-188.5124969482422
30531232,-149.40817260742188
30537920,-49.05097198486328
30539136,-124.78239440917969
30540192,-183.4190216064453
30549952,-156.26515197753906
30552672,-138.34588623046875
30562400,-218.27267456054688
30565792,-418.2908630371094
30566688,248.72824096679688
30566784,-139.34812927246094
30568000,-180.91009521484375
30569280,-220.43679809570312
30575744,124.24663543701172
30576096,-264.7986145019531
30577888,-278.3757019042969
30578720,-273.6685485839844
30581760,-157.21792602539062
30582080,-147.05661010742188
30588032,-148.8260955810547
30605856,239.85235595703125
30608416,-125.32122039794922
30609792,-160.83702087402344
30615200,-197.7380828857422
30617376,-249.19815063476562
30619680,-99.70106506347656
30620160,-210.23399353027344
30628576,-234.864013671875
30638784,205.16079711914062
30639360,-142.11582946777344
30640576,-71.96642303466797
30643392,-127.88040924072266
30647872,-153.21316528320312
30649344,-26.719341278076172
30649536,142.53965759277344
30652416,-53.13470458984375
30653152,-451.52667236328125
30655520,-107.07231140136719
30658496,-139.63221740722656
30682336,-124.89295959472656
30686560,10.902910232543945
30703744,-47.63637924194336
30705280,-124.30400085449219
30709696,-208.78164672851562
30710880,-228.95364379882812
30713344,-89.8082275390625
30722496,-392.8962707519531
30724640,-187.8913116455078
30730784,-330.38031005859375
30731488,-133.03855895996094
30736960,-120.8178939819336
30741504,58.201507568359375
30744288,-214.2434539794922
30752448,-17.844961166381836
30756000,-16.571849822998047
30756352,-252.84832763671875
30765472,-195.9610595703125
30770176,-219.32984924316406
30772672,-142.7633819580078
30775136,-152.69619750976562
30776352,-51.970733642578125
30785024,-397.4252014160156
30787200,90.07610321044922
30790144,-214.45144653320312
30790976,-0.604171633720398
30799008,-187.4898223876953
30815072,-50.464298248291016
30819200,106.56498718261719
30824896,-229.24221801757812
30825440,-84.1379165649414
30829408,-150.0928192138672
30830560,-149.52000427246094
30834880,7.603598117828369
30835072,-104.0400390625
30835232,-284.793212890625
30840448,57.91472625732422
30842368,-132.28875732421875
30850336,-241.235107421875
30851616,-144.0367889404297
30856672,-381.81549072265625
30867168,-35.270721435546875
30870144,-137.25506591796875
30874048,-289.0643615722656
30875424,-58.249244689941406
30878656,-265.60986328125
30879872,-147.26931762695312
30891840,-286.20770263671875
30901632,-158.3313751220703
30908000,123.46300506591797
30908576,-216.53073120117188
30909024,-154.48593139648438
30915712,-136.0155029296875
30928672,-165.29087829589844
30931264,-102.25960540771484
30931872,-243.45213317871094
30934080,-213.4722900390625
30939584,-160.37750244140625
30939584,-185.24197387695312
30940192,-148.55198669433594
30950400,-186.2202911376953
30954912,-147.0757293701172
30956096,-296.7472839355469
30957728,-145.18209838867188
30959232,138.3354034423828
30959488,-141.07894897460938
30961568,-140.5099334716797
30961792,-26.012630462646484
30965664,262.2905578613281
30969664,-242.8410186767578
30971424,-165.3918914794922
30972288,-248.33038330078125
30976896,-148.42349243164062
30978720,-210.87222290039062
30982880,-18.875581741333008
30982912,-130.6583251953125
30984608,-220.44711303710938
30985600,-154.49935913085938
30985984,-208.68389892578125
30987872,106.89784240722656
30988896,-187.97813415527344
30990784,-168.2812042236328
31001248,-168.19696044921875
31003456,-197.07369995117188
31005984,-124.99445343017578
31008544,-208.42202758789062
31023488,-19.66263198852539
31025408,-202.00462341308594
31028416,-150.5699920654297
31029152,-110.96691131591797
31031936,-159.87252807617188
31033280,-4.36085319519043
31040800,-201.35369873046875
31041760,-135.059814453125
31041952,253.27342224121094
31046944,-135.76010131835938
31048288,-240.1890869140625
31055424,-222.79278564453125
31064288,227.1672821044922
31065504,-223.04452514648438
31068128,-54.17422103881836
31069504,-320.34075927734375
31069920,-96.36710357666016
31070272,-167.08705139160156
31074560,-217.7074737548828
31077408,-196.16783142089844
31079968,-221.7456817626953
31084704,-269.9120178222656
31087776,-256.09014892578125
31088928,109.24549102783203
31104384,-168.10595703125
31106880,-134.51321411132812
31107136,-168.65089416503906
31114368,199.04933166503906
31115552,13.622293472290039
31119200,-236.0982208251953
31131520,-203.5003204345703
31132704,-152.06777954101562
31133696,-172.23008728027344
31137280,-197.96420288085938
31140032,-274.63690185546875
31153824,194.79910278320312
31153856,-88.2352523803711
31155456,214.1747589111328
31159392,-237.9215850830078
31165280,-30.3662109375
31167104,-171.60678100585938
31167840,118.58036804199219
31167904,-149.6563720703125
31173472,235.42018127441406
31175808,-101.701416015625
31185600,-202.0952911376953
31187968,-209.4221954345703
31192800,-223.39027404785156
31201248,-176.55401611328125
31206848,3.0816402435302734
31209888,-348.0826416015625
31214528,-208.5138702392578
31216384,-301.50677490234375
31229568,-121.1745376586914
31230656,-178.4440155029297
31236256,-283.4002990722656
31239712,-275.5639343261719
31239904,-109.89344024658203
31254528,-183.5207977294922
31269088,-169.3865966796875
31272064,-385.0481262207031
31272448,-249.0055389404297
31273088,-212.11007690429688
31277856,-174.87435913085938
31282144,-281.88165283203125
31285632,-164.4691925048828
31287552,117.42121124267578
31288832,-181.11997985839844
31296192,-102.03459930419922
31302944,-123.16348266601562
31302976,-259.40155029296875
31315072,-208.38818359375
31321856,-112.18472290039062
31323200,-22.72859764099121
31324992,-99.2058334350586
31332800,-174.4222412109375
31334816,-187.4160614013672
31339360,-169.81072998046875
31339648,-279.10955810546875
31342464,-0.6439285278320312
31347232,-184.0553436279297
31351584,-225.90818786621094
31356800,-145.31890869140625
31366208,-53.16525650024414
31368576,71.41309356689453
31369408,-206.8279571533203
31372576,-168.26947021484375
31373152,67.92668151855469
31374112,-264.72705078125
31375680,-125.17733001708984
31378016,-145.98916625976562
31383360,94.72453308105469
31392096,-151.88461303710938
31396128,-208.1616973876953
31401952,-229.4056854248047
31402720,-253.03109741210938
31404896,-246.9591064453125
31411328,-229.7835693359375
31425088,-199.89259338378906
31426016,-223.92686462402344
31431200,-140.88087463378906
31432000,-136.1291046142578
31437600,-182.3297576904297
31440832,-192.7458953857422
31446624,-201.4457244873047
31453312,-269.974365234375
31456608,-229.0187225341797
31459648,-246.97032165527344
31459776,-231.44778442382812
31461344,-100.59920501708984
31461760,-214.2367401123047
31463552,-142.58883666992188
31466528,-120.08206176757812
31472224,-155.88214111328125
31473888,-163.64691162109375
31475072,-21.20374870300293
31479872,146.3786163330078
31486880,-138.03285217285156
31490656,-239.28250122070312
31494432,131.02304077148438
31499936,-185.8739776611328
31502208,-270.6210632324219
31503872,-164.42376708984375
31505344,-180.26263427734375
31507392,-245.33702087402344
31512704,124.32244110107422
31521728,-133.2525177001953
31527872,-198.36439514160156
31538560,-230.7019500732422
31538752,-210.4570770263672
31543136,-174.18307495117188
31543520,-132.78407287597656
31544544,-157.05516052246094
31549632,-129.3908233642578
31557120,-147.54534912109375
31564192,-207.98724365234375
31567744,-201.15322875976562
31574400,-167.69947814941406
31579840,-344.3888854980469
31579968,-182.6815185546875
31581280,-165.05015563964844
31582272,226.12034606933594
31590432,87.7782211303711
31592352,222.74363708496094
31592736,-236.79937744140625
31594432,-195.6979522705078
31595584,164.19943237304688
31596352,-174.25953674316406
31598656,-136.4269256591797
31599488,-233.2418212890625
31599904,-238.17269897460938
31601376,-105.90296173095703
31605504,40.29711151123047
31608992,-150.5508270263672
31617056,247.06927490234375
31628000,-186.18902587890625
31628032,-182.083740234375
31629472,-160.4747772216797
31637152,-226.9777069091797
31637760,-185.45974731445312
31640160,-71.17852020263672
31640288,-256.24493408203125
31645152,-128.40301513671875
31651424,-199.1424560546875
31658944,-353.710693359375
31663264,-195.82546997070312
31665600,-22.891000747680664
31670720,-159.0836181640625
31672128,-257.4458312988281
31680128,-131.2076873779297
31687584,-149.4840087890625
31694624,-165.8647918701172
31697856,-191.86114501953125
31699200,-20.437644958496094
31700224,-106.39787292480469
31704352,-183.9471435546875
31706368,194.12142944335938
31708448,-134.54718017578125
31710656,-149.916259765625
31710720,-199.80279541015625
31719200,-231.52772521972656
31719648,-143.21078491210938
31719744,-173.9129180908203
31724288,-193.16461181640625
31730240,-15.959060668945312
31735872,-127.384033203125
31742048,-385.23736572265625
31746336,-263.7110900878906
31749952,-126.95481872558594
31753888,-223.8123779296875
31768576,-262.7980041503906
31772064,-127.96796417236328
31777088,-281.5069274902344
31780352,-200.18507385253906
31781984,-199.85125732421875
31785632,-143.60508728027344
31791904,-96.16862487792969
31795904,220.3431396484375
31798912,-306.75933837890625
31799616,-134.5534210205078
31800320,-259.5332336425781
31803232,-212.67637634277344
31805504,-231.23789978027344
31806816,-168.20794677734375
31813760,-161.57041931152344
31815456,-128.2593536376953
31820576,-129.94920349121094
31826976,-135.043701171875
31828096,-155.61407470703125
31828512,-222.5226287841797
31828896,-126.52800750732422
31834208,-260.84490966796875
31838848,-178.1822052001953
31839328,-127.10905456542969
31841184,-199.92623901367188
31841696,-258.6258544921875
31843168,-146.23446655273438
31856992,-113.27798461914062
31859328,-125.89533996582031
31861248,-22.411781311035156
31863584,0.1491599828004837
31884160,-191.9661865234375
31886976,-165.40310668945312
31887008,-147.68243408203125
31890688,-186.67730712890625
31900672,-155.4337615966797
31901280,168.94960021972656
31911712,-138.77694702148438
31919744,-182.9747314453125
31928352,-131.11282348632812
31929024,-153.31887817382812
31929312,-137.41310119628906
31934144,214.27383422851562
31935616,-153.74058532714844
31944640,178.66941833496094
31958752,-132.87472534179688
31960448,-139.29742431640625
31963328,-151.42076110839844
31963744,115.29100036621094
31964096,-226.07510375976562
31969504,-236.36912536621094
31991584,-207.42515563964844
31999168,-153.68309020996094
32006912,-128.88197326660156
32014048,-151.82144165039062
32024800,90.08662414550781
32026304,3.4179677963256836
32036352,-202.20883178710938
32048320,-272.4403991699219
32052832,-222.0084686279297
32054272,-123.86372375488281
32058368,-250.94573974609375
32058720,-242.97596740722656
32060672,-139.91281127929688
32071936,-112.00224304199219
32079168,-233.11184692382812
32080224,-431.0371398925781
32082656,-203.26820373535156
32089600,-138.57106018066406
32090304,121.75611877441406
32093984,-350.4060363769531
32098144,-156.34088134765625
32104992,-170.85629272460938
32105152,-169.58380126953125
32108512,84.90184020996094
32110560,-219.48049926757812
32115168,-174.23179626464844
32116416,-102.3266372680664
32117632,-235.9073028564453
32117952,245.64645385742188
32121888,-131.86474609375
32124288,-208.18515014648438
32126912,-148.8908233642578
32127936,-149.0185546875
32129792,-127.06087493896484
32139008,258.76629638671875
32142176,-217.90223693847656
32142656,-120.03910827636719
32148800,28.832292556762695
32151008,132.04945373535156
32152032,-229.79579162597656
32158592,-110.28297424316406
32159680,-47.52543258666992
32168800,-135.27120971679688
32170688,86.33612823486328
32175904,-242.1462860107422
32180032,-218.48709106445312
32185536,-163.85357666015625
32186816,-35.46281051635742
32192096,-135.13414001464844
32195104,-230.63818359375
32197824,-179.66908264160156
32201760,-206.5653533935547
32206496,-96.44403839111328
32206912,-142.9092254638672
32221728,-240.839599609375
32223136,-159.3868865966797
32227552,85.7153549194336
32228800,-110.64331817626953
32233760,-209.88162231445312
32240064,-132.6915740966797
32240128,93.71157836914062
32248128,183.95062255859375
32252480,-130.47572326660156
32252608,-218.83108520507812
32254304,-157.57749938964844
32254624,-88.23046112060547
32261088,-198.600830078125
32266464,-135.334228515625
32271168,-171.9306640625
32276416,-163.21397399902344
32276992,-127.26922607421875
32280448,-228.17294311523438
32285600,-230.3233184814453
32286976,-155.06210327148438
32287648,-210.2879638671875
32288416,-254.1354217529297
32293088,-109.07392120361328
32296128,-57.5440673828125
32298048,-170.77394104003906
32307072,-271.7210388183594
32307936,-278.5059509277344
32313824,-217.24559020996094
32314240,-146.71018981933594
32317280,-146.58090209960938
32318688,-216.08969116210938
32324672,-235.26937866210938
32325248,-201.23765563964844
32334432,-275.41009521484375
32335072,-164.97586059570312
32342944,-198.26278686523438
32347808,-137.12332153320312
32347904,-206.7265625
32349408,226.56369018554688
32351232,-187.6303253173828
32351648,-126.8699951171875
32352576,-115.08750915527344
32358368,141.66429138183594
32358560,-138.95556640625
32370400,-126.23477172851562
32373088,-213.11451721191406
32383168,159.0917205810547
32389856,112.56517028808594
32394880,-176.19679260253906
32397088,-227.1342315673828
32398752,232.07742309570312
32402528,-4.372139930725098
32408320,211.14111328125
32409088,-25.572433471679688
32409248,-152.8612823486328
32410560,-266.7751159667969
32411840,-110.31442260742188
32412448,-150.99453735351562
32416960,-134.7997589111328
32421312,-208.41506958007812
32421440,-203.29750061035156
32423968,-213.7905731201172
32430912,-204.0412139892578
32438528,-194.78799438476562
32443328,-204.08978271484375
32447488,-33.14262771606445
32464832,-16.116252899169922
32465504,-166.7947235107422
32479648,-113.80381774902344
32484064,224.47901916503906
32487200,-292.3147277832031
32489536,-3.420881509780884
32491008,263.50726318359375
32497184,-120.7874526977539
32499200,-213.686279296875
32503936,-79.27877807617188
32505632,-236.85574340820312
32510144,-127.73114013671875
32514240,120.31806945800781
32518592,-257.712646484375
32519168,-329.7796325683594
32526432,-252.9045867919922
32527584,-233.80357360839844
32529024,-140.739990234375
32530400,13.386279106140137
32532064,-91.84577178955078
32539904,65.0372543334961
32542336,-202.64462280273438
32542976,-213.78216552734375
32547488,-129.53541564941406
32553120,-60.627098083496094
32556384,-169.81092834472656
32557216,-176.60389709472656
32562944,-153.0133056640625
32564288,-188.3927001953125
32570368,-41.28205871582031
32570496,-226.80148315429688
32574688,-170.99520874023438
32575232,-242.3698272705078
32577952,-171.80711364746094
32580416,-209.19659423828125
32581472,-217.8116912841797
32582560,-185.4234161376953
32583456,-175.2676239013672
32586688,-104.46139526367188
32589952,-208.80941772460938
32590016,-180.73521423339844
32592704,-177.25843811035156
32596320,-2.22690486907959
32598528,-154.45001220703125
32610816,-191.979736328125
32611520,-132.9954376220703
32616960,-109.07292175292969
32618880,-221.9331817626953
32621728,-119.17186737060547
32622464,-153.67288208007812
32622912,-56.62409973144531
32623456,-160.25315856933594
32624704,-344.5838928222656
32631168,-7.627207279205322
32632480,-120.09534454345703
32633664,-176.462890625
32633728,-101.37078857421875
32637024,-174.1998291015625
32637664,99.31646728515625
32644224,-53.111366271972656
32649824,-153.54226684570312
32650560,118.62431335449219
32651584,-150.69232177734375
32652800,-285.8817443847656
32656320,115.17562866210938
32672736,-133.30845642089844
32674944,-150.9605255126953
32679328,-207.48582458496094
32683264,-523.7632446289062
32692288,-47.44139862060547
32693088,64.2165298461914
32693312,-115.86837005615234
32698592,-168.64431762695312
32706976,-229.306396484375
32709248,-198.9883575439453
32713408,-134.697265625
32718528,-213.330078125
32720128,-197.32940673828125
32724832,-183.47145080566406
32735072,-214.80624389648438
32739296,-2.4307327270507812
32749408,101.84019470214844
32750592,-171.16009521484375
32755040,-166.88156127929688
32757696,-248.9068145751953
32771264,-138.387451171875
32773536,-112.86500549316406
32782688,-165.3586883544922
32783840,-164.4915771484375
32787808,-156.6493377685547
32795744,-128.0069122314453
32797280,-193.91192626953125
32799232,-139.0814666748047
32801600,140.51266479492188
32805152,-86.24645233154297
32806240,211.25222778320312
32814112,-138.4923553466797
32819296,91.76807403564453
32826528,-257.97344970703125
32831872,-168.05081176757812
32835040,-175.49517822265625
32846240,-165.93882751464844
32846912,-31.051876068115234
32850784,-120.28064727783203
32854144,-142.5370330810547
32854880,-87.28571319580078
32862624,-159.4759063720703
32868000,-193.2971954345703
32873440,-100.9468002319336
32877856,-19.162233352661133
32879840,-182.3125762939453
32882816,24.622127532958984
32893440,-109.30825805664062
32896704,21.512781143188477
32899520,-248.7162322998047
32899808,-19.512210845947266
32903456,-50.11983871459961
32919552,-216.0045623779297
32922272,-149.2923126220703
32925760,-200.9385528564453
32938400,-195.17324829101562
32953344,-304.9325256347656
32954656,-291.0102233886719
32955360,-216.3751983642578
32956448,-231.57769775390625
32962912,-208.90219116210938
32965088,-223.16429138183594
32965280,-121.05594635009766
32978400,-193.10800170898438
32991264,-242.91563415527344
32992864,-159.08078002929688
33015872,-178.79052734375
33018848,-202.5785369873047
33025312,-126.36619567871094
33029984,-207.2276153564453
33033216,-298.59869384765625
33038144,-133.59861755371094
33050432,-198.2678680419922
33052448,-258.0125732421875
33056992,-139.5132293701172
33061472,-145.429443359375
33070400,-41.75936508178711
33071616,-302.6256103515625
33079296,-47.0409049987793
33086720,-133.8523712158203
33089184,-59.69124984741211
33090816,-111.51846313476562
33109248,-211.1811981201172
33109408,-219.30941772460938
33112384,-157.1417236328125
33116640,-201.70555114746094
33119616,-130.9314727783203
33122464,-105.40369415283203
33123840,-233.10858154296875
33128576,106.83174896240234
33133632,-120.34202575683594
33137248,-103.53925323486328
33140960,-145.29205322265625
33141024,-31.943172454833984
33143488,-271.13275146484375
33150816,-293.48382568359375
33151488,-394.00885009765625
33154912,-220.87408447265625
33155584,-246.69151306152344
33167712,-206.85391235351562
33174624,-137.14295959472656
33182560,-182.51419067382812
33184544,-258.93682861328125
33184704,202.44358825683594
33192096,-227.90444946289062
33192640,-179.49606323242188
33194304,-181.53382873535156
33198176,-301.01953125
33198528,-205.54864501953125
33200192,-345.1662292480469
33205408,-210.35028076171875
33210720,-172.54367065429688
33216128,-197.86231994628906
33228928,-178.5771026611328
33230432,-543.2088623046875
33236352,-198.50181579589844
33236800,-146.9239044189453
33237984,-85.03717803955078
33239456,-197.0170135498047
33244928,-130.68380737304688
33245440,-129.47946166992188
33251936,173.0258331298828
33256544,-224.21353149414062
33263040,-138.8666534423828
33264480,-342.82269287109375
33266080,-264.08984375
33272320,-130.02676391601562
33279616,-217.83526611328125
33282272,-151.1240692138672
33283712,-134.28533935546875
33285280,-201.8695526123047
33289152,-115.29602813720703
33300000,-176.08216857910156
33302720,-97.30633544921875
33303072,-133.4256134033203
33312288,-141.20863342285156
33316032,10.939297676086426
33317344,-192.93252563476562
33319552,-98.65289306640625
33329344,-184.08412170410156
33334304,-208.24989318847656
33334880,88.73863983154297
33342080,-112.22933197021484
33344960,214.05471801757812
33349312,-153.4684600830078
33357184,-122.74828338623047
33357632,-121.6037368774414
33363008,-137.756103515625
33368224,-73.54046630859375
33384832,-212.88046264648438
33387040,-98.67012023925781
33387616,-236.6543731689453
33393344,-223.26629638671875
33408832,-105.43618774414062
33409248,-196.6980743408203
33412064,-143.20059204101562
33412096,-212.73928833007812
33416448,-155.83375549316406
33429248,-170.8065185546875
33440192,-195.01153564453125
33444832,-5.036974906921387
33445440,-297.173828125
33448512,-294.1580810546875
33452448,-209.59176635742188
33469792,-179.45974731445312
33470688,-173.76837158203125
33471072,-140.4488525390625
33490848,-62.74482727050781
33500352,-148.8155975341797
33500896,-121.56336975097656
33502560,-236.05491638183594
33505760,-127.14063262939453
33510080,-98.04840087890625
33510112,-109.66593933105469
33510816,-106.56107330322266
33513440,-242.57907104492188
33519776,-32.169189453125
33525504,-159.70626831054688
33526496,125.8072280883789
33528288,-119.33795928955078
33532992,-139.7039794921875
33534944,-285.7287292480469
33539424,-73.6462631225586
33540320,-291.5491943359375
33549600,-213.43704223632812
33550560,-377.9061584472656
33564352,-170.15966796875
33565120,-254.8766326904297
33568160,-119.49736785888672
33573440,-172.5864715576172
33578144,-120.8869857788086
33578368,-310.7835998535156
33579424,-224.95700073242188
33579552,-162.36106872558594
33581184,-202.7579803466797
33581216,-105.096923828125
33583712,-240.04440307617188
33584576,-264.2125549316406
33584960,123.50857543945312
33595008,-130.19761657714844
33596288,-227.16268920898438
33598464,-130.5198974609375
33600736,239.30169677734375
33601344,-361.10845947265625
33603424,68.44037628173828
33605760,-152.4402618408203
33610816,103.32598876953125
33617120,-133.5393524169922
33623360,-106.04664611816406
33629280,-311.1764221191406
33631616,-245.7377166748047
33635328,-130.05813598632812
33635584,-94.95673370361328
33644384,-23.284297943115234
33646304,-133.4292755126953
33647936,-200.25987243652344
33649856,-113.05615234375
33649920,-164.77249145507812
33650144,-52.57103729248047
33655904,-193.01638793945312
33659808,-191.01991271972656
33660224,-104.29422760009766
33660864,-182.87391662597656
33681056,142.93299865722656
33683648,-121.59523010253906
33691584,-128.91929626464844
33702976,107.5872573852539
33705152,-187.79190063476562
33714144,251.41189575195312
33715072,-122.17542266845703
33724672,-194.0279998779297
33727744,201.085693359375
33728576,-200.52842712402344
33735392,144.44216918945312
33737120,-115.61038970947266
33739136,-337.0382385253906
33744960,-211.71728515625
33747680,-212.09234619140625
33749312,-151.17039489746094
33751552,-306.9958801269531
33760672,202.7563934326172
33764416,-196.71005249023438
33776704,-93.05076599121094
33777536,-237.5906982421875
33782496,-199.81893920898438
33782784,-330.4053649902344
33783744,115.94927978515625
33783776,14.02610969543457
33785248,-200.87826538085938
33797728,-18.10431480407715
33812192,-144.30874633789062
33812736,-259.24853515625
33812896,-171.0105438232422
33819424,-273.0062561035156
33825312,-330.9257507324219
33829376,-164.30458068847656
33837888,-276.94134521484375
33851840,-211.95326232910156
33856160,-242.54478454589844
33857632,212.5751495361328
33860576,89.36793518066406
33867872,-253.7624053955078
33871680,-136.05751037597656
33873664,-270.5276794433594
33873696,-150.35797119140625
33876928,-89.31620788574219
33878464,-253.29383850097656
33880096,-10.536966323852539
33880768,-114.33551788330078
33883072,-202.26779174804688
33887136,-214.82394409179688
33890784,-195.77053833007812
33892704,-121.96463775634766
33901728,28.915725708007812
33905952,-283.29803466796875
33907520,-237.68446350097656
33912896,-109.01212310791016
33913472,-186.98690795898438
33914528,-598.8821411132812
33918624,-155.12449645996094
33926848,-95.63346099853516
33928512,-143.96031188964844
33932704,40.47694778442383
33933920,-54.312259674072266
33942880,-150.13626098632812
33943520,-156.09994506835938
33947968,-199.32608032226562
33948544,-161.32952880859375
33953088,-122.3091049194336
33953120,-180.2285614013672
33956160,-218.69496154785156
33957792,-182.36956787109375
33957920,-96.4012222290039
33962112,-3.983598232269287
33966144,-244.71119689941406
33968672,-185.75318908691406
33978336,-195.3864288330078
33979072,34.80218505859375
33979232,-259.479736328125
33995200,-230.1405792236328
34003168,-181.81280517578125
34006432,-163.46621704101562
34011936,235.63710021972656
34014208,-208.9923095703125
34015552,-147.63699340820312
34018592,-116.71347045898438
34023328,-215.74798583984375
34024416,98.57557678222656
34027776,-143.6768341064453
34038432,-160.63807678222656
34042400,-151.42507934570312
34045600,-143.49510192871094
34052736,-210.02825927734375
34065024,-260.7341003417969
34079712,-224.65158081054688
34080160,-164.21096801757812
34084256,-149.46139526367188
34086464,-212.26083374023438
34087264,-2.6032752990722656
34102432,-150.04684448242188
34108672,-227.96034240722656
34111456,-136.0532684326172
34116320,-144.5581512451172
34118272,-132.6534423828125
34121440,-227.82200622558594
34128288,-218.1425018310547
34136800,-258.244384765625
34139680,-181.5247039794922
34139840,-140.98980712890625
34147360,264.1413879394531
34155264,-174.8578643798828
34155328,-26.000471115112305
34161568,-30.345088958740234
34171072,-171.84364318847656
34171104,-90.70159912109375
34179264,-213.40447998046875
34179744,-197.02626037597656
34180576,-227.18231201171875
34181568,-140.10877990722656
34183392,-92.71671295166016
34186976,-186.81358337402344
34188736,-211.65284729003906
34190720,-57.45450973510742
34196320,-243.90321350097656
34201664,-459.3890380859375
34202368,-0.5614559650421143
34202784,-36.030426025390625
34216928,-190.12281799316406
34219552,-254.21266174316406
34220320,-213.23214721679688
34221632,-231.89413452148438
34225504,-163.98153686523438
34232192,-93.25946807861328
34233632,-134.10377502441406
34235616,-1.0434426069259644
34240416,-140.32699584960938
34246880,-123.11127471923828
34247552,-218.78533935546875
34260608,-62.871803283691406
34272992,-163.1378173828125
34273408,-30.020544052124023
34276672,31.7021484375
34276672,-231.20310974121094
34277696,-152.60816955566406
34279104,-30.43946647644043
34294496,-150.77020263671875
34299456,-105.07366943359375
34299840,-116.05644989013672
34302272,-430.22491455078125
34305184,-129.82293701171875
34305184,207.39556884765625
34309888,-89.68740844726562
34311936,-274.61505126953125
34335648,-206.0208282470703
34340480,105.85559844970703
34340640,-199.6602020263672
34342816,-248.2490692138672
34348000,-35.405235290527344
34350560,117.87078857421875
34352832,-147.05349731445312
34357472,-229.85202026367188
34361184,85.3846206665039
34365216,-118.48815155029297
34367168,49.106842041015625
34368032,-130.80824279785156
34371840,-215.1429443359375
34372096,-143.56216430664062
34373408,202.3030242919922
34380352,-68.78240966796875
34387936,-196.84808349609375
34389632,-211.57962036132812
34396928,-99.05070495605469
34406848,-256.425048828125
34412416,-185.82797241210938
34415008,-139.29940795898438
34446528,-167.8072967529297
34448160,-205.43319702148438
34449632,-214.3104705810547
34464128,-404.2693176269531
34464256,-224.8070526123047
34466784,17.723459243774414
34469440,-220.1603240966797
34472064,-210.5483856201172
34487744,81.40113830566406
34494688,-387.8397521972656
34496768,-206.21592712402344
34503712,-232.8294677734375
34505184,-28.35578155517578
34508128,-410.1646728515625
34510592,-147.72511291503906
34511616,-124.93865203857422
34511872,-233.7611083984375
34514048,-163.0428924560547
34516000,-21.693607330322266
34521184,-185.31593322753906
34534400,-246.03684997558594
34542016,-203.7923126220703
34548512,-277.0522155761719
34552192,-187.90216064453125
34563904,-315.0248718261719
34572672,-85.40492248535156
34576352,-150.96823120117188
34580128,-119.92599487304688
34580864,-157.31849670410156
34582016,-126.14542388916016
34585536,-119.85987854003906
34590400,-73.5271224975586
34590464,-159.95025634765625
34590816,-152.91310119628906
34591104,-118.50621795654297
34593312,-141.18896484375
34595488,101.66421508789062
34599936,-140.7275848388672
34600352,-242.413818359375
34600768,95.49336242675781
34602560,-180.4588165283203
34602944,-166.70774841308594
34610496,-315.2464599609375
34611136,205.4670867919922
34613952,-113.05400085449219
34614816,221.17379760742188
34628416,-146.7517547607422
34628768,-130.0065155029297
34634880,-260.4656982421875
34656256,-158.96949768066406
34656800,-235.611328125
34658848,-204.32244873046875
34659136,-100.6090316772461
34664032,-92.09390258789062
34684992,-222.0769500732422
34687552,-76.2728042602539
34688768,-124.34434509277344
34691008,-108.4167709350586
34696544,-241.98495483398438
34701248,-109.33658599853516
34701760,-23.75193977355957
34709216,103.17658996582031
34712544,104.5147933959961
34718304,95.25298309326172
34726304,-25.660614013671875
34733216,-122.92668151855469
34740064,-60.9587516784668
34742656,128.27394104003906
34748928,117.47349548339844
34751200,-116.8262939453125
34752864,-234.35948181152344
34763072,-224.2174835205078
34772512,-206.4979705810547
34772800,-109.60884857177734
34774144,-258.0232238769531
34775360,-244.93299865722656
34777824,-97.783203125
34794304,-33.86244201660156
34807488,-113.58074188232422
34823584,-3.917856216430664
34826368,-158.3300323486328
34831744,-151.6786346435547
34832096,-197.51295471191406
34834816,221.8285369873047
34842880,-213.8898162841797
34842880,-104.94953155517578
34844416,-105.09110260009766
34847776,-49.380794525146484
34848896,-208.83106994628906
34851072,-239.93521118164062
34859616,-111.58905029296875
34864992,-98.57199096679688
34876704,-177.37838745117188
34882624,-109.43114471435547
34886176,-138.4519500732422
34901888,-291.39739990234375
34903552,-195.01512145996094
34905952,-241.24560546875
34907008,-160.84498596191406
34915232,-179.27536010742188
34925984,-202.17527770996094
34927648,22.16283416748047
34928192,-192.50546264648438
34935168,-141.37298583984375
34942368,-198.00816345214844
34948320,-229.2056884765625
34950016,-150.8550567626953
34950912,-153.26016235351562
34954368,-166.10812377929688
34955840,-39.37213897705078
34957568,-179.55006408691406
34960000,-247.4270477294922
34962368,-260.7279052734375
34980224,-249.3997344970703
34991264,-232.120849609375
34995456,-184.48391723632812
35000000,-229.3111114501953
35000416,-147.22325134277344
35006912,-233.0733642578125
35009088,-240.58432006835938
35022080,-220.60601806640625
35029600,-236.97222900390625
35030688,-183.5120849609375
35033664,-188.25999450683594
35036992,-194.54202270507812
35038880,108.09088897705078
35045888,-283.384765625
35046944,-242.6849365234375
35049632,-205.7309112548828
35051488,204.34951782226562
35062112,102.59994506835938
35073600,-238.39926147460938
35077344,-232.28700256347656
35078848,-191.20628356933594
35086912,-169.56039428710938
35087584,-196.90782165527344
35092384,-280.30133056640625
35092448,106.3730697631836
35094656,-176.5767822265625
35095584,-20.71695327758789
35099392,-232.19326782226562
35100128,14.829805374145508
35102176,-227.68466186523438
35104416,-26.229204177856445
35108160,-115.01820373535156
35109952,-130.09767150878906
35112288,23.548696517944336
35131872,-252.97509765625
35135840,-130.4107666015625
35145952,-239.5610809326172
35146976,-159.82057189941406
35150464,-218.79400634765625
35162912,-60.4895133972168
35167552,-161.39480590820312
35168384,-469.9013977050781
35173120,-204.3813018798828
35173664,218.0316162109375
35175872,220.61244201660156
35190336,-197.48452758789062
35192416,1.7225145101547241
35194656,-141.36671447753906
35197888,-197.69338989257812
35200416,-158.47686767578125
35201792,106.09512329101562
35203200,-105.97291564941406
35209952,-137.2718505859375
35210208,-219.93775939941406
35210976,-103.446044921875
35211168,-318.1231689453125
35216800,-268.6143493652344
35222368,-217.1531219482422
35222944,-19.197956085205078
35224576,-343.6337585449219
35228768,-222.9982452392578
35232384,-265.5148010253906
35233600,-251.3245391845703
35237696,-240.40625
35242368,210.68373107910156
35247392,-117.74361419677734
35251008,-372.6649169921875
35251424,-211.1381378173828
35255680,-30.38499641418457
35259904,-136.0231170654297
35265536,-19.756210327148438
35266208,-193.22886657714844
35278208,-176.45132446289062
35282848,-246.71148681640625
35290048,-176.69210815429688
35292160,-155.9076385498047
35293376,-112.17665100097656
35295296,-129.68060302734375
35301984,-260.05859375
35309088,-203.54917907714844
35313376,-177.5894317626953
35314496,-164.8846435546875
35315008,42.80142593383789
35322656,-166.47659301757812
35323264,-229.60704040527344
35326304,-172.94337463378906
35329024,-206.8076171875
35334944,-235.13580322265625
35342656,-150.99685668945312
35343872,-167.56520080566406
35348320,-96.81189727783203
35353120,-164.15139770507812
35353408,-174.84962463378906
35354112,-195.20408630371094
35358880,-223.80728149414062
35365664,153.27362060546875
35366944,-170.54112243652344
35382848,-151.7383270263672
35383040,-122.60963439941406
35384032,-231.00013732910156
35392448,-148.2740936279297
35396896,-98.60082244873047
35402144,-128.41378784179688
35405888,-214.8890380859375
35405952,-52.70155334472656
35412512,-249.9744110107422
35421120,-78.8632583618164
35425952,-191.8865966796875
35426688,-17.72355842590332
35429472,-172.17193603515625
35435072,-90.65886688232422
35440224,-159.71766662597656
35440800,181.3387451171875
35446656,-271.22235107421875
35446816,-221.9564208984375
35447168,-139.77749633789062
35447712,-140.40382385253906
35447712,-177.96270751953125
35451616,-219.64382934570312
35451648,-278.5157470703125
35452544,-34.597293853759766
35455008,-164.05026245117188
35458528,-136.06996154785156
35472576,-258.3715515136719
35478944,-194.1685028076172
35480640,-157.8042449951172
35480928,-178.40771484375
35483424,-95.52777099609375
35491936,-157.68492126464844
35497824,-96.54949188232422
35500224,-9.52818775177002
35504672,-152.2849578857422
35506368,-164.85069274902344
35510304,-215.90216064453125
35511488,-205.02700805664062
35512384,236.5253143310547
35513504,224.4545135498047
35519776,-179.7692413330078
35523808,-355.01971435546875
35535392,-129.62161254882812
35538080,-166.5603485107422
35538592,-59.21685028076172
35541824,38.13486862182617
35548320,128.95928955078125
35550336,-226.78369140625
35555232,194.69178771972656
35555520,-221.6562957763672
35555616,-134.3500213623047
35562144,-216.696533203125
35563520,-52.568397521972656
35574080,-238.88375854492188
35574432,-116.81587219238281
35584704,-247.33770751953125
35589376,-27.2863712310791
35597408,-229.65158081054688
35598528,111.97701263427734
35602656,-122.92557525634766
35606240,-186.51727294921875
35614752,-131.415283203125
35622912,-285.3443298339844
35625472,-297.7685546875
35636160,-155.67678833007812
35640160,-187.01670837402344
35640576,-132.82977294921875
35643584,-110.4907455444336
35644608,-186.71234130859375
35648864,-189.89602661132812
35649536,-45.92512893676758
35662848,-106.66787719726562
35664704,-199.87252807617188
35670944,-112.34562683105469
35671232,-457.4971923828125
35679680,-228.0786590576172
35680288,-228.6356964111328
35684704,-242.59564208984375
35693472,-189.35308837890625
35706112,-221.091552734375
35715200,-91.92786407470703
35716992,-244.540771484375
35720544,-180.68373107910156
35722208,-170.578857421875
35723936,-219.9744110107422
35726432,-187.8388214111328
35730208,-132.24081420898438
35735680,-128.2660369873047
35737408,17.77067756652832
35739136,-217.4857940673828
35739584,-222.5272979736328
35742624,-187.3745880126953
35749248,-219.49307250976562
35753184,-221.9953155517578
35767840,84.35052490234375
35775232,-195.60450744628906
35778080,-211.81277465820312
35782624,-168.45777893066406
35783072,-180.79811096191406
35787328,-220.5947723388672
35787936,-208.98374938964844
35798592,-25.70745849609375
35802528,-107.11947631835938
35802880,-246.77047729492188
35814112,-147.39161682128906
35814656,142.4563446044922
35814752,-213.40377807617188
35816384,-170.920166015625
35820096,-218.94937133789062
35832352,-321.8836975097656
35843616,-43.39908218383789
35852448,-221.1334991455078
35852544,-180.4401397705078
35861056,-201.49456787109375
35863936,-146.87989807128906
35868352,-193.24813842773438
35876576,-105.89215850830078
35878816,-145.53236389160156
35882432,-133.46746826171875
35892288,-41.494781494140625
35893152,-113.53727722167969
35899328,107.98912811279297
35900000,-234.34002685546875
35907520,-160.7152099609375
35909024,-190.4296417236328
35911488,-275.7440185546875
35918144,-110.05770874023438
35921152,-137.22821044921875
35921696,-162.7642822265625
35925408,-80.6030502319336
35932800,-158.46499633789062
35937696,-273.6075134277344
35941984,-146.97958374023438
35945312,-95.36310577392578
35946080,-218.37051391601562
35949216,-143.03330993652344
35955136,-134.309814453125
35967328,-160.80545043945312
35967776,-279.1184387207031
35978944,-187.78599548339844
35980480,-41.44867706298828
35983968,-106.49203491210938
35990432,-221.75344848632812
35991040,-189.84153747558594
35992576,-187.7952880859375
35993408,-210.24676513671875
36001984,-223.70184326171875
36007648,99.62128448486328
36012384,-115.80534362792969
36015360,-302.49884033203125
36016224,-7.779963493347168
36019136,-218.4306182861328
36041088,-192.4130401611328
36042144,-266.9045715332031
36048576,-187.97064208984375
36057888,-203.77969360351562
36062944,-131.84152221679688
36066304,-118.1052017211914
36069248,-239.17544555664062
36071936,-99.56279754638672
36076096,-198.5908203125
36088992,-145.9900360107422
36096992,-263.3601379394531
36098496,-207.7100830078125
36100608,0.4072151482105255
36110752,-292.0354309082031
36115968,-257.0386657714844
36119808,-278.46978759765625
36121984,-240.4440155029297
36128320,-217.40933227539062
36133504,-225.83824157714844
36135488,-213.64048767089844
36138240,-183.98764038085938
36145120,-43.63205337524414
36162688,-271.3784484863281
36165024,-91.0187759399414
36167424,-272.1570739746094
36169440,-130.15806579589844
36170048,-107.31287384033203
36170912,-55.06809616088867
36177920,-133.76075744628906
36191168,-218.42098999023438
36195584,-133.2769317626953
36199168,-145.2771759033203
36199584,123.89115142822266
36204256,-181.41119384765625
36212672,109.45038604736328
36220896,-148.90707397460938
36237472,-131.42466735839844
36240544,136.979248046875
36244096,123.72909545898438
36244128,237.23207092285156
36246112,-244.7930145263672
36247168,-246.1405792236328
36247840,-106.70448303222656
36255840,-247.4127960205078
36256512,-101.85223388671875
36260864,-181.06661987304688
36264736,-259.1725158691406
36266688,195.08590698242188
36267200,-130.00588989257812
36267392,-142.53323364257812
36272352,-40.35835647583008
36276576,47.896358489990234
36281184,-59.11252975463867
36284640,122.25411224365234
36284960,-417.4874267578125
36285120,-127.09981536865234
36288992,-153.794189453125
36298720,-198.98683166503906
36300608,-139.08026123046875
36301440,-127.06021118164062
36306016,-173.8409423828125
36313184,-193.32131958007812
36314464,72.345947265625
36319296,-261.27392578125
36322944,-283.5935363769531
36335328,-153.6470947265625
36341376,-243.78382873535156
36345152,121.1608657836914
36347360,139.58616638183594
36348128,-274.0428161621094
36373312,-174.8900604248047
36385344,-143.34580993652344
36389056,-230.6479949951172
36393184,-229.39724731445312
36399360,-176.87962341308594
36400320,-181.89198303222656
36402560,198.10162353515625
36409408,-204.09536743164062
36410272,-155.33482360839844
36411584,-208.86085510253906
36419744,-186.92335510253906
36424128,-58.662208557128906
36429632,-207.3384552001953
36431552,-115.98042297363281
36433888,-108.9309310913086
36435360,-197.29367065429688
36436576,81.34062957763672
36438080,-283.0767517089844
36438592,-142.6724395751953
36443968,-261.2830505371094
36455104,228.08384704589844
36458336,-172.78590393066406
36461440,220.67762756347656
36465504,-66.17680358886719
36466112,-275.1138610839844
36466368,-188.94178771972656
36467712,-164.1788330078125
36475360,-205.31680297851562
36476192,-232.50942993164062
36478912,-228.61203002929688
36484128,-228.949462890625
36485856,-72.42668914794922
36491776,-269.8210754394531
36505248,-146.1300506591797
36508032,-482.1822204589844
36509504,-230.07862854003906
36516256,-131.24569702148438
36523456,-186.3552703857422
36523968,-103.59246826171875
36525856,-158.81344604492188
36531168,-28.41797637939453
36533216,-180.8719024658203
36534208,-213.53900146484375
36536896,-162.98789978027344
36542176,-161.43702697753906
36548160,-248.83729553222656
36548768,-206.15257263183594
36554240,-187.80471801757812
36556192,-148.45530700683594
36557888,-262.8477783203125
36558304,-140.17991638183594
36558528,-252.98089599609375
36566368,-131.2159423828125
36570912,-202.84921264648438
36579840,-38.527862548828125
36582016,-126.5123062133789
36588096,-296.70745849609375
36595616,-79.00587463378906
36598560,-161.150390625
36600896,-157.3832550048828
36600992,-295.866455078125
36604224,-166.45706176757812
36611904,-120.88633728027344
36617408,-127.66670989990234
36634336,-97.5689926147461
36644352,-136.3333282470703
36646944,124.79298400878906
36648576,-191.7196807861328
36648608,-128.90728759765625
36657216,127.66041564941406
36659040,-166.43162536621094
36665696,-43.8601188659668
36667904,-120.17927551269531
36678144,-127.53205871582031
36680832,-229.9221954345703
36681760,-93.64379119873047
36689824,-161.66778564453125
36689856,-118.0308609008789
36691840,166.0543975830078
36695616,-149.62481689453125
36702592,-206.18980407714844
36704192,-125.3007583618164
36710080,-132.0262908935547
36710208,-137.94851684570312
36723616,-164.45675659179688
36723808,-242.36349487304688
36724864,-149.32485961914062
36725728,-148.09547424316406
36725728,-107.75041961669922
36726080,-119.35686492919922
36731168,-133.7262725830078
36732672,218.95558166503906
36733024,-180.7517547607422
36733056,-105.80426788330078
36735200,-35.58195877075195
36738688,203.45596313476562
36739584,-261.5046081542969
36745344,-98.5923843383789
36747232,-163.71994018554688
36752800,-208.2470703125
36755520,-253.338134765625
36757408,-101.04816436767578
36763776,-8.694022178649902
36768480,-244.2859649658203
36777632,-219.01397705078125
36780896,-242.75738525390625
36784640,-204.19456481933594
36785344,-139.5502471923828
36788992,-108.31954193115234
36789024,-147.69386291503906
36792480,-286.53167724609375
36795616,-239.61013793945312
36799712,-212.47903442382812
36817440,-190.66961669921875
36824512,-124.36225891113281
36825984,-104.89527893066406
36829056,-135.9129638671875
36831552,-154.41534423828125
36833184,-112.76721954345703
36838432,25.447568893432617
36844800,-202.52996826171875
36846208,-150.23202514648438
36849408,-220.96200561523438
36851008,-144.43704223632812
36852960,-159.68768310546875
36853472,-218.9353790283203
36854560,-219.1329803466797
36858752,-245.75396728515625
36870752,227.31044006347656
36873664,-197.61109924316406
36874048,-313.6558837890625
36875968,108.39593505859375
36878656,-168.79608154296875
36889568,-253.8267822265625
36890848,-203.6143341064453
36891904,-92.75509643554688
36895552,-281.85369873046875
36899264,-212.79615783691406
36901600,-198.9014434814453
36903456,-128.51817321777344
36915392,99.19418334960938
36921472,-224.12017822265625
36927296,-158.68833923339844
36938880,-220.02105712890625
36941376,-196.22015380859375
36948128,-88.87650299072266
36950272,-241.00494384765625
36966848,-227.14694213867188
36970240,-137.6891326904297
36970784,-261.5782470703125
36971392,2.418684482574463
36976192,31.302154541015625
36978176,10.892430305480957
36978720,-124.61275482177734
36980800,15.700915336608887
36981888,-208.5167694091797
36982304,-232.81553649902344
36983072,-195.03175354003906
36988928,-45.691917419433594
36991616,122.15629577636719
36993664,43.745277404785156
36994944,188.19561767578125
37002080,217.86831665039062
37022752,-153.8482208251953
37024640,-299.1773376464844
37030688,-128.39971923828125
37040160,-147.4250030517578
37041472,-146.3578643798828
37045056,-243.56832885742188
37047200,215.4328155517578
37049024,-125.51116180419922
37050048,-129.78387451171875
37055712,183.4500732421875
37060672,-155.78216552734375
37067808,-55.21542739868164
37068896,-103.79985809326172
37071328,-166.0487823486328
37075872,-159.1922607421875
37084064,-129.12539672851562
37087328,90.44893646240234
37098048,-70.17713165283203
37105920,-96.24395751953125
37108128,-204.70579528808594
37108672,-206.1078643798828
37120128,-169.01983642578125
37120992,86.84780883789062
37121888,-197.13330078125
37125888,-184.42169189453125
37137664,-148.92922973632812
37140256,-140.20623779296875
37144992,-53.2658805847168
37152288,107.32054901123047
37154048,215.98538208007812
37154720,-363.9798889160156
37154976,-118.0737075805664
37156384,-204.9537811279297
37166016,-116.27616882324219
37169728,110.98617553710938
37171072,-314.9277038574219
37177696,-151.20050048828125
37178144,-120.21327209472656
37178752,-44.57765197753906
37179328,-227.41055297851562
37186496,-169.9488983154297
37199584,-198.36456298828125
37199744,-353.7306823730469
37201568,-140.6067352294922
37202080,-254.22915649414062
37204416,-246.44862365722656
37206368,-197.82443237304688
37206592,-31.356359481811523
37209504,-154.335693359375
37212512,-263.2223815917969
37216032,-298.7506103515625
37219424,-145.65892028808594
37220928,102.64930725097656
37223520,-283.7261047363281
37228640,-29.361249923706055
37229440,-214.99159240722656
37230688,-321.9314270019531
37231072,-135.3221893310547
37233280,232.9294891357422
37239456,-148.78207397460938
37258848,-125.23574829101562
37268128,-199.25404357910156
37272704,-204.20062255859375
37274464,128.32020568847656
37279008,-150.53126525878906
37280160,-107.23151397705078
37283968,129.428466796875
37284704,-23.914051055908203
37291488,-121.01753234863281
37294080,-138.89297485351562
37296288,-193.68341064453125
37302656,-171.64892578125
37307008,-328.6292419433594
37307520,-197.0309295654297
37312992,132.93687438964844
37322208,-34.87958908081055
37323136,222.60409545898438
37326592,-128.68406677246094
37327072,-170.39144897460938
37337408,-201.8094482421875
37341312,-127.2301254272461
37344704,-272.033447265625
37348704,-176.86485290527344
37350752,-143.5938720703125
37354592,-130.6992645263672
37359296,-176.0768585205078
37368000,-111.96350860595703
37374080,-128.3794708251953
37376192,-174.92532348632812
37378016,-377.9719543457031
37379136,-417.9206848144531
37380928,-389.7336730957031
37385280,237.0043487548828
37395040,49.47724533081055
37396064,-221.99267578125
37397280,-190.78565979003906
37399904,-183.41183471679688
37403232,-254.72662353515625
37403936,-190.78472900390625
37412768,-255.6123504638672
37415744,-61.70849609375
37416448,-242.16131591796875
37417568,217.43345642089844
37418688,-127.83834075927734
37430400,-121.88043975830078
37431040,-195.85874938964844
37442880,-250.23785400390625
37448096,-125.53659057617188
37448480,114.29823303222656
37450400,-203.8317413330078
37453728,-160.67051696777344
37454592,75.87150573730469
37454816,-143.20848083496094
37457472,-57.46528625488281
37459168,-184.0302734375
37461728,-167.1195831298828
37472704,-178.5394287109375
37484800,-231.7279052734375
37485728,-184.9075164794922
37492576,-184.56080627441406
37495040,-135.78274536132812
37510208,-176.90777587890625
37510976,-106.5282974243164
37512960,-160.49061584472656
37515008,-125.31338500976562
37519072,209.0771942138672
37524992,-209.83473205566406
37530688,-11.873934745788574
37539200,-134.5196990966797
37542848,-173.7352752685547
37543872,-197.85562133789062
37545696,-134.89122009277344
37546528,-410.8986511230469
37546912,-134.0411376953125
37556320,-177.0891876220703
37557152,-168.90077209472656
37565344,-233.8590087890625
37566720,-25.786331176757812
37567232,-119.6769027709961
37570528,0.46426689624786377
37574080,-196.8646697998047
37581632,-196.1805877685547
37592096,-150.73880004882812
37592928,-65.33666229248047
37595424,-4.304953575134277
37598048,-225.96890258789062
37598528,-182.6891632080078
37599360,-49.745689392089844
37600000,-10.429757118225098
37601824,-218.92086791992188
37605216,-16.834735870361328
37614304,-236.14968872070312
37616064,-229.76022338867188
37618912,79.77971649169922
37622176,-227.2111053466797
37623232,-211.6167449951172
37632896,-281.72418212890625
37633696,-183.14889526367188
37638144,78.84766387939453
37643840,-224.0098876953125
37652544,125.15926361083984
37653120,-92.51710510253906
37661440,-133.04071044921875
37671872,-61.341854095458984
37674592,-121.51943969726562
37675008,201.55711364746094
37676320,-117.51525115966797
37683200,-127.52367401123047
37687552,-238.153076171875
37689824,-256.9134826660156
37699200,-249.8455810546875
37700000,-148.96395874023438
37707520,78.22832489013672
37708096,-224.28115844726562
37710816,216.8671417236328
37712768,-245.2985382080078
37714112,-253.90492248535156
37725024,-210.34034729003906
37725248,63.5100212097168
37730720,-23.075523376464844
37734336,-110.04923248291016
37736160,-25.5269775390625
37737344,18.85032844543457
37738048,-140.90579223632812
37739936,-109.2208251953125
37742336,-114.99414825439453
37745344,91.47514343261719
37745376,-75.48998260498047
37751456,199.38209533691406
37762880,-232.89419555664062
37764544,-190.0609130859375
37779456,-142.71292114257812
37780608,-202.0215606689453
37784256,-123.7909164428711
37790528,-296.2270202636719
37796384,-183.38075256347656
37799264,-197.61146545410156
37806624,-136.40040588378906
37808864,-180.05601501464844
37809824,-199.86351013183594
37819424,-221.61309814453125
37828416,-231.73886108398438
37834976,-206.2639617919922
37836672,-150.57086181640625
37837920,-103.67626190185547
37839360,-217.77685546875
37840096,-229.30435180664062
37842144,-264.65960693359375
37842976,-104.89679718017578
37844128,-104.5689926147461
37846304,-153.74620056152344
37848704,-468.54205322265625
37854688,-118.65139770507812
37862944,-44.43058395385742
37873952,209.4440460205078
37873952,203.75254821777344
37878048,-208.0591278076172
37878944,-146.97061157226562
37883424,-235.38328552246094
37885088,84.36727905273438
37890720,-194.46897888183594
37896608,-39.87342071533203
37903776,229.8616180419922
37908480,-150.18276977539062
37910144,-205.85206604003906
37914976,-147.62115478515625
37919168,-183.4737548828125
37920064,-162.30947875976562
37929952,4.606234550476074
37934752,64.92060089111328
37948256,44.02213668823242
37950528,-110.01455688476562
37954304,-273.0006103515625
37959968,-226.76463317871094
37960736,-252.78111267089844
37967360,-218.6781463623047
37976128,-118.1748046875
37977600,-366.8553771972656
37977888,116.6333236694336
