step,value
2192,137.0
5760,125.0
6752,103.0
7328,92.0
8080,61.0
13888,74.0
15840,172.0
21424,94.0
23568,59.0
29184,247.0
30720,89.0
49792,88.0
50800,73.0
59120,57.0
64256,85.0
65888,148.0
76896,227.0
77616,128.0
80560,305.0
84368,76.0
88192,80.0
92272,66.0
96176,124.0
103232,133.0
111152,89.0
114816,83.0
124448,69.0
132032,169.0
147120,183.0
151760,70.0
154240,127.0
162704,106.0
167184,290.0
181312,119.0
182192,138.0
190864,121.0
192016,239.0
201392,274.0
214624,264.0
220144,104.0
223568,99.0
238240,211.0
250240,84.0
251200,78.0
255232,92.0
257552,234.0
272832,98.0
283136,123.0
290112,95.0
290400,250.0
296080,97.0
303056,117.0
306960,107.0
308784,165.0
318864,112.0
321040,186.0
321040,115.0
324720,127.0
343664,108.0
378800,94.0
379216,217.0
401856,500.0
425280,80.0
425616,108.0
426832,67.0
432896,92.0
435008,81.0
438192,224.0
440448,96.0
455568,350.0
465424,156.0
471296,285.0
472240,136.0
475232,225.0
478352,174.0
482336,234.0
483840,93.0
484608,98.0
485552,271.0
489264,229.0
497472,90.0
500944,108.0
518512,124.0
522528,293.0
528352,226.0
531344,500.0
539536,118.0
540976,89.0
541648,500.0
550080,287.0
554688,202.0
556704,125.0
560208,163.0
574032,89.0
592384,106.0
597248,177.0
610320,95.0
617024,124.0
617280,338.0
620304,89.0
625712,121.0
645440,138.0
651920,87.0
652688,287.0
653152,213.0
656720,222.0
657984,162.0
659328,400.0
668384,99.0
671248,98.0
671824,80.0
682112,205.0
686384,105.0
703216,250.0
709504,110.0
725104,219.0
730880,126.0
741712,96.0
748976,196.0
749968,115.0
769376,109.0
779088,81.0
800240,129.0
805792,328.0
813568,240.0
838848,113.0
840160,175.0
853888,268.0
866016,257.0
869296,80.0
873872,109.0
894384,237.0
897264,500.0
899504,174.0
918864,109.0
920480,167.0
927792,211.0
939072,237.0
974944,121.0
987744,158.0
1009952,262.0
1025744,190.0
1069664,172.0
1077264,107.0
1084960,189.0
1096144,93.0
1105248,172.0
1108800,303.0
1109008,189.0
1115216,224.0
1120416,150.0
1126336,156.0
1130944,365.0
1131216,136.0
1135424,154.0
1142672,90.0
1158432,169.0
1165264,195.0
1186016,178.0
1194768,159.0
1238048,193.0
1250480,200.0
1269456,98.0
1279072,226.0
1298176,149.0
1299712,253.0
1311568,170.0
1331568,107.0
1332768,223.0
1333040,217.0
1366512,86.0
1369008,180.0
1377296,189.0
1381504,159.0
1436224,273.0
1440288,190.0
1446080,202.0
1450784,150.0
1456096,190.0
1491184,206.0
1495456,110.0
1502496,201.0
1518400,199.0
1523776,204.0
1538256,229.0
1547280,185.0
1548576,177.0
1554128,202.0
1569456,175.0
1593376,107.0
1593872,114.0
1594208,196.0
1602192,193.0
1604672,154.0
1616752,174.0
1617808,172.0
1626720,201.0
1667296,191.0
1679904,180.0
1689136,140.0
1699008,432.0
1716880,187.0
1736416,188.0
1742944,99.0
1744288,83.0
1750928,79.0
1764640,151.0
1773152,204.0
1780608,231.0
1787488,203.0
1791920,137.0
1806832,213.0
1807760,104.0
1808736,176.0
1810400,120.0
1822592,193.0
1826160,107.0
1828000,500.0
1840912,196.0
1855216,215.0
1858464,175.0
1872816,216.0
1873824,180.0
1905472,84.0
1908416,94.0
1917040,221.0
1933072,203.0
1934656,174.0
1959952,127.0
1962976,76.0
1971648,87.0
1977216,206.0
1977248,110.0
1982368,121.0
1987888,188.0
1988064,174.0
1989296,213.0
1996624,148.0
2007792,215.0
2010208,120.0
2016704,104.0
2033760,190.0
2036272,192.0
2037520,165.0
2038992,95.0
2065536,119.0
2068016,207.0
2074816,174.0
2081232,221.0
2089648,85.0
2089744,183.0
2103376,185.0
2105600,225.0
2108480,179.0
2127024,61.0
2137424,107.0
2143040,98.0
2174832,190.0
2185744,170.0
2205696,106.0
2212864,103.0
2225664,186.0
2226384,222.0
2234624,156.0
2255440,216.0
2268832,124.0
2301488,190.0
2318000,196.0
2326880,115.0
2327824,96.0
2332160,177.0
2344032,191.0
2369040,95.0
2380144,185.0
2383168,87.0
2388736,185.0
2394816,202.0
2411728,147.0
2415328,107.0
2423600,195.0
2430064,178.0
2433072,113.0
2434880,186.0
2437152,172.0
2443360,378.0
2452768,161.0
2461920,109.0
2464544,188.0
2470512,398.0
2476576,186.0
2476656,367.0
2478512,112.0
2486096,223.0
2489008,165.0
2493120,168.0
2509376,186.0
2513104,258.0
2523536,171.0
2525152,166.0
2550592,226.0
2560864,93.0
2562432,276.0
2562656,192.0
2597680,200.0
2610272,150.0
2610336,412.0
2612544,245.0
2622432,86.0
2634176,140.0
2673152,217.0
2673584,198.0
2674944,257.0
2679136,176.0
2680992,171.0
2683856,272.0
2684224,205.0
2686768,179.0
2690816,122.0
2717504,124.0
2717920,126.0
2738768,211.0
2739120,182.0
2739184,212.0
2741760,161.0
2755184,262.0
2792192,180.0
2792912,94.0
2805792,168.0
2808832,216.0
2833760,85.0
2842272,185.0
2844064,169.0
2846448,260.0
2850256,206.0
2852288,193.0
2857040,233.0
2860240,199.0
2860528,199.0
2862336,130.0
2901104,105.0
2903696,105.0
2906912,115.0
2916288,268.0
2917328,200.0
2934256,194.0
2937680,229.0
2947360,190.0
2957440,196.0
2994432,101.0
3000208,246.0
3005504,261.0
3010320,179.0
3031232,195.0
3036704,193.0
3038048,129.0
3041504,170.0
3044672,102.0
3045088,242.0
3045840,188.0
3051312,152.0
3063440,149.0
3064432,199.0
3080560,210.0
3089296,234.0
3090736,305.0
3105888,175.0
3108400,199.0
3112560,197.0
3117328,166.0
3141808,163.0
3162448,153.0
3191776,217.0
3192272,185.0
3193872,100.0
3200336,104.0
3206112,160.0
3213472,122.0
3220736,197.0
3234528,188.0
3262336,221.0
3266640,246.0
3268816,211.0
3271264,168.0
3316624,204.0
3329168,196.0
3331056,409.0
3342048,316.0
3350128,250.0
3358032,249.0
3360528,169.0
3361248,225.0
3365872,200.0
3365904,202.0
3387408,150.0
3404512,242.0
3404688,219.0
3407104,187.0
3407600,432.0
3428960,187.0
3445888,225.0
3457936,171.0
3458624,79.0
3460672,189.0
3463552,287.0
3467104,204.0
3478240,186.0
3480592,206.0
3487040,184.0
3488192,199.0
3500176,240.0
3500224,199.0
3510080,128.0
3520688,182.0
3523968,220.0
3544448,240.0
3554928,185.0
3579104,226.0
3586304,228.0
3588400,175.0
3596240,198.0
3618272,198.0
3657648,108.0
3671296,227.0
3674080,191.0
3677792,177.0
3682368,183.0
3711984,216.0
3713840,197.0
3728480,174.0
3738400,167.0
3765056,193.0
3769744,500.0
3775984,205.0
3782320,375.0
3790848,159.0
3792752,183.0
3793584,175.0
3794512,182.0
3800528,216.0
3803888,225.0
3804800,101.0
3806832,210.0
3807776,212.0
3842896,222.0
3843232,168.0
3845280,175.0
3855680,198.0
3855984,207.0
3860320,187.0
3881312,183.0
3895984,192.0
3907056,197.0
3920688,228.0
3932016,123.0
3937488,142.0
3964416,174.0
3967616,110.0
3969440,166.0
3973696,234.0
3977200,153.0
3986832,198.0
3990976,229.0
3993472,180.0
3993760,173.0
3994688,206.0
3996864,211.0
4010880,193.0
4019680,172.0
4020048,188.0
4031056,215.0
4044352,206.0
4050032,114.0
4051520,210.0
4058976,180.0
4064384,179.0
4069536,183.0
4088608,172.0
4110000,203.0
4112144,267.0
4129312,161.0
4136240,183.0
4151344,232.0
4159216,205.0
4161856,203.0
4164720,178.0
4173072,199.0
4213344,181.0
4229296,199.0
4245248,174.0
4254560,206.0
4255312,200.0
4271568,385.0
4303712,243.0
4305424,198.0
4317632,206.0
4339664,269.0
4345632,211.0
4372528,175.0
4378608,228.0
4379952,191.0
4399808,153.0
4410288,219.0
4438048,186.0
4448080,197.0
4453376,178.0
4472768,205.0
4483504,187.0
4486496,193.0
4494128,202.0
4495040,240.0
4495632,193.0
4515424,220.0
4522432,207.0
4525472,218.0
4528528,190.0
4536368,179.0
4537424,166.0
4537792,208.0
4540384,250.0
4542864,217.0
4550992,176.0
4553360,202.0
4557360,217.0
4558256,191.0
4574544,185.0
4581440,207.0
4583936,283.0
4595040,184.0
4597696,195.0
4601104,208.0
4606304,184.0
4610944,227.0
4614992,194.0
4619056,195.0
4625520,168.0
4643792,194.0
4656992,185.0
4660864,189.0
4662368,247.0
4662528,209.0
4684016,223.0
4688080,186.0
4689824,214.0
4698512,177.0
4704688,217.0
4714960,199.0
4717520,191.0
4719936,163.0
4723232,185.0
4733584,230.0
4759088,225.0
4761568,199.0
4771600,199.0
4838640,178.0
4884528,213.0
4888720,185.0
4901616,185.0
4906432,195.0
4917744,180.0
4924336,203.0
4933584,211.0
4964720,158.0
4975392,194.0
4992128,185.0
4993824,191.0
4994496,182.0
5011904,213.0
5022864,192.0
5029760,177.0
5033952,179.0
5045152,240.0
5071936,199.0
5080464,172.0
5088816,194.0
5091760,188.0
5101120,185.0
5117008,209.0
5127952,206.0
5136560,203.0
5140640,196.0
5146336,188.0
5149776,199.0
5150784,165.0
5167456,223.0
5168720,221.0
5180752,177.0
5183824,198.0
5197440,217.0
5200576,242.0
5203440,257.0
5207168,222.0
5211184,250.0
5215184,183.0
5225168,196.0
5275744,184.0
5278144,176.0
5290896,174.0
5293280,205.0
5297328,180.0
5315200,185.0
5329200,305.0
5332672,216.0
5347984,175.0
5388336,240.0
5391040,223.0
5413936,201.0
5415792,171.0
5459568,227.0
5466656,236.0
5470304,220.0
5480784,197.0
5492528,217.0
5502336,206.0
5530048,194.0
5531728,184.0
5542128,189.0
5545072,220.0
5565632,204.0
5601952,189.0
5605920,211.0
5612560,216.0
5651424,193.0
5655456,162.0
5669216,202.0
5670048,226.0
5673184,162.0
5681008,239.0
5693392,195.0
5707584,161.0
5721872,216.0
5738352,201.0
5747408,196.0
5772880,206.0
5787712,177.0
5788992,226.0
5789456,168.0
5794160,225.0
5811488,197.0
5812176,164.0
5818752,215.0
5830944,177.0
5837520,183.0
5848800,213.0
5850576,197.0
5854464,183.0
5856656,200.0
5860064,187.0
5869312,195.0
5877200,165.0
5882448,237.0
5918768,206.0
5922400,250.0
5929264,189.0
5934672,191.0
5937328,192.0
5939328,212.0
5947824,194.0
5962144,196.0
5964336,176.0
5964768,174.0
5989920,207.0
5995984,205.0
6017472,195.0
6029600,185.0
6033312,190.0
6060032,170.0
6063792,199.0
6068464,217.0
6084320,176.0
6089440,202.0
6098416,177.0
6106256,221.0
6109248,237.0
6127872,204.0
6146832,188.0
6172384,185.0
6185408,220.0
6187664,214.0
6188832,209.0
6198480,178.0
6206272,223.0
6211904,163.0
6226992,215.0
6235584,211.0
6245344,251.0
6267136,191.0
6271280,194.0
6276272,264.0
6277824,199.0
6278496,169.0
6279280,258.0
6283344,188.0
6289520,232.0
6292704,206.0
6312192,184.0
6313760,203.0
6325248,197.0
6370336,183.0
6396272,229.0
6409552,182.0
6422144,205.0
6445152,187.0
6445376,162.0
6449104,176.0
6462496,223.0
6470096,247.0
6483952,208.0
6485680,179.0
6486368,187.0
6501904,185.0
6525216,228.0
6533792,200.0
6536880,167.0
6544496,207.0
6562656,210.0
6592128,176.0
6612784,270.0
6639232,175.0
6641344,184.0
6673232,208.0
6733184,208.0
6735760,193.0
6767472,205.0
6789088,199.0
6795616,189.0
6809536,195.0
6823072,181.0
6826224,196.0
6830416,227.0
6830992,196.0
6844624,247.0
6857760,186.0
6896688,193.0
6901856,171.0
6920288,184.0
6924448,225.0
6925520,207.0
6936176,204.0
6959904,184.0
6974912,177.0
6977136,225.0
7000224,193.0
7011504,229.0
7021520,221.0
7036608,176.0
7047792,246.0
7067296,214.0
7068176,207.0
7078624,171.0
7126528,182.0
7128000,217.0
7141248,203.0
7145008,210.0
7152368,205.0
7159072,208.0
7177696,170.0
7184544,267.0
7197040,185.0
7210224,192.0
7216016,167.0
7228256,195.0
7236064,196.0
7239872,193.0
7240592,186.0
7246304,212.0
7250064,241.0
7260224,181.0
7269008,200.0
7271648,444.0
7272560,203.0
7277120,182.0
7278512,191.0
7292272,212.0
7308176,201.0
7323680,192.0
7336448,175.0
7342240,193.0
7356496,165.0
7356816,170.0
7357136,190.0
7364528,205.0
7374048,182.0
7382656,172.0
7387280,189.0
7406240,223.0
7414160,185.0
7421488,245.0
7424384,180.0
7439136,378.0
7446352,196.0
7454912,179.0
7457952,216.0
7458752,184.0
7464944,203.0
7471664,219.0
7496688,175.0
7518864,207.0
7527200,186.0
7553760,268.0
7556560,245.0
7559520,184.0
7569232,169.0
7585168,199.0
7594352,192.0
7623296,198.0
7629296,190.0
7632048,171.0
7637744,198.0
7641808,174.0
7655456,281.0
7668624,193.0
7669872,221.0
7681136,207.0
7684528,194.0
7693152,256.0
7701952,165.0
7706368,172.0
7708576,303.0
7714448,182.0
7719888,223.0
7720544,279.0
7740256,390.0
7747024,204.0
7754480,206.0
7797840,192.0
7806128,194.0
7808736,184.0
7812176,191.0
7815184,213.0
7824768,190.0
7856656,194.0
7866368,226.0
7896144,228.0
7935136,188.0
7935520,176.0
7968448,190.0
8003520,167.0
8004848,174.0
8008016,215.0
8010832,227.0
8025824,205.0
8056128,214.0
8056384,207.0
8071760,197.0
8072304,224.0
8074688,184.0
8077808,187.0
8109728,230.0
8112432,190.0
8134656,174.0
8148176,183.0
8161728,271.0
8168464,231.0
8173440,197.0
8185856,200.0
8188176,200.0
8219872,272.0
8221424,234.0
8222896,188.0
8235632,174.0
8238512,235.0
8260000,229.0
8261344,176.0
8305088,304.0
8312800,386.0
8323328,177.0
8328112,172.0
8330928,201.0
8331104,224.0
8332848,212.0
8340464,205.0
8342912,232.0
8348736,186.0
8352896,232.0
8363408,200.0
8372800,193.0
8380160,229.0
8384096,221.0
8415136,213.0
8420528,193.0
8432528,241.0
8443888,201.0
8446400,188.0
8463504,190.0
8470528,236.0
8471680,237.0
8490576,253.0
8501568,216.0
8509072,190.0
8516528,277.0
8531632,248.0
8538000,227.0
8539088,218.0
8563104,223.0
8577520,212.0
8585984,213.0
8592160,204.0
8600784,212.0
8608288,196.0
8616448,165.0
8618016,223.0
8637856,169.0
8654128,235.0
8659424,173.0
8664272,205.0
8665776,225.0
8666608,202.0
8701648,227.0
8708096,202.0
8723200,232.0
8735824,166.0
8744464,186.0
8748512,186.0
8757392,179.0
8758192,202.0
8768224,229.0
8786976,204.0
8791904,226.0
8808720,239.0
8816224,214.0
8835792,200.0
8843248,314.0
8859424,217.0
8863936,224.0
8881696,222.0
8884752,190.0
8894064,190.0
8894672,192.0
8921072,174.0
8938400,182.0
8946688,184.0
8953024,203.0
8965088,181.0
8968544,215.0
8979440,257.0
8980112,165.0
8993056,208.0
9000144,200.0
9005120,226.0
9020944,185.0
9022096,199.0
9070528,186.0
9073840,184.0
9079200,179.0
9095808,195.0
9132256,201.0
9165776,200.0
9188304,124.0
9195248,186.0
9214976,188.0
9228768,76.0
9233280,172.0
9233632,203.0
9237872,239.0
9243120,131.0
9246672,212.0
9250608,184.0
9257440,153.0
9265888,186.0
9267264,100.0
9282432,212.0
9301728,204.0
9334144,194.0
9346000,439.0
9357488,215.0
9394304,173.0
9396992,72.0
9399056,232.0
9409936,165.0
9419296,169.0
9429296,206.0
9468176,131.0
9470864,202.0
9485392,202.0
9520304,213.0
9522528,194.0
9524624,190.0
9536672,220.0
9540048,220.0
9540576,184.0
9541040,170.0
9557392,204.0
9566160,167.0
9580896,176.0
9601040,184.0
9610816,199.0
9623568,199.0
9623856,182.0
9624160,171.0
9651760,225.0
9661664,180.0
9670880,187.0
9679392,202.0
9685760,186.0
9693424,216.0
9696880,203.0
9705056,231.0
9716336,195.0
9716848,204.0
9727104,221.0
9731904,193.0
9749984,203.0
9755280,117.0
9766016,159.0
9789680,203.0
9799152,153.0
9811520,186.0
9815936,184.0
9816432,190.0
9817680,154.0
9820336,232.0
9833504,363.0
9838688,216.0
9844176,183.0
9846704,85.0
9849728,192.0
9857216,209.0
9880320,226.0
9887968,203.0
9894688,206.0
9910544,205.0
9927120,187.0
9931648,176.0
9942192,195.0
9947200,212.0
9948816,162.0
9952352,254.0
9957584,189.0
9961488,194.0
9966128,231.0
9982000,216.0
9995712,193.0
10010688,183.0
10016384,171.0
10019200,261.0
10033056,186.0
10034112,187.0
10049184,202.0
10065584,228.0
10072592,188.0
10078240,202.0
10079344,255.0
10083632,166.0
10096960,204.0
10097472,178.0
10099216,204.0
10103824,222.0
10111632,172.0
10118880,214.0
10119184,169.0
10120720,221.0
10120832,242.0
10133792,218.0
10142944,206.0
10143088,235.0
10148768,177.0
10154272,216.0
10156608,203.0
10156736,217.0
10170464,231.0
10179424,179.0
10182768,201.0
10189328,202.0
10215920,188.0
10218976,190.0
10223104,202.0
10228256,203.0
10242768,194.0
10255824,211.0
10261664,243.0
10262800,214.0
10267744,189.0
10274192,213.0
10286224,193.0
10289280,193.0
10292208,201.0
10321152,191.0
10342032,197.0
10351728,175.0
10356960,168.0
10359840,215.0
10372768,223.0
10390272,170.0
10396560,180.0
10403072,187.0
10426560,199.0
10427104,228.0
10446864,259.0
10448496,224.0
10461168,185.0
10461584,197.0
10464480,208.0
10482464,182.0
10487376,209.0
10494192,184.0
10514576,229.0
10520336,206.0
10535744,216.0
10536416,223.0
10536784,166.0
10557776,216.0
10584480,195.0
10589632,180.0
10618080,163.0
10622224,199.0
10626736,222.0
10638352,214.0
10658960,215.0
10659024,226.0
10666416,208.0
10676800,183.0
10681904,185.0
10687104,205.0
10692816,170.0
10729152,160.0
10735088,193.0
10742496,202.0
10764896,220.0
10767808,181.0
10778816,195.0
10788944,226.0
10810560,245.0
10813536,193.0
10821968,173.0
10830640,211.0
10849488,202.0
10850080,242.0
10850592,209.0
10868832,207.0
10871680,201.0
10874304,165.0
10883104,204.0
10913616,188.0
10915632,209.0
10919952,169.0
10955744,203.0
10963728,198.0
10994400,183.0
10994864,177.0
11001168,221.0
11013152,185.0
11026368,197.0
11046592,192.0
11072352,213.0
11080016,210.0
11084496,246.0
11090752,181.0
11094128,178.0
11111408,210.0
11112176,182.0
11119680,183.0
11149280,190.0
11155872,268.0
11162512,188.0
11195760,209.0
11196368,215.0
11199328,201.0
11205696,167.0
11223600,176.0
11223936,170.0
11231232,212.0
11232704,250.0
11233680,217.0
11248624,232.0
11266272,237.0
11269728,215.0
11283824,179.0
11286592,188.0
11311264,237.0
11323216,205.0
11328144,204.0
11337808,196.0
11345392,146.0
11354144,210.0
11358128,218.0
11369376,188.0
11388592,181.0
11393200,189.0
11419792,190.0
11424032,157.0
11429568,196.0
11433280,176.0
11439760,228.0
11445312,184.0
11451456,200.0
11471136,228.0
11471472,221.0
11480976,179.0
11497904,368.0
11503088,144.0
11513168,187.0
11517792,151.0
11552208,192.0
11588976,213.0
11590128,220.0
11599680,190.0
11602848,236.0
11603712,188.0
11606832,151.0
11607520,223.0
11634000,193.0
11641168,238.0
11652144,208.0
11675072,210.0
11685008,90.0
11695440,214.0
11717552,172.0
11721664,212.0
11724800,213.0
11729632,170.0
11732848,214.0
11763984,171.0
11775424,185.0
11792176,170.0
11800736,224.0
11804144,223.0
11805344,151.0
11823136,193.0
11828400,180.0
11837088,182.0
11846688,168.0
11855552,165.0
11857296,224.0
11873072,205.0
11879392,207.0
11886944,359.0
11900000,171.0
11909648,166.0
11944816,204.0
11989024,140.0
11993280,117.0
11999376,197.0
12001776,209.0
12025088,180.0
12027120,223.0
12032912,121.0
12061296,190.0
12063008,169.0
12072688,189.0
12073200,176.0
12075040,186.0
12077936,180.0
12117120,205.0
12119104,227.0
12127760,214.0
12137072,118.0
12137408,222.0
12169920,211.0
12204992,224.0
12207232,100.0
12208112,219.0
12210992,168.0
12230016,215.0
12244832,192.0
12256320,217.0
12259152,220.0
12275088,183.0
12291840,201.0
12302192,175.0
12304864,242.0
12308592,209.0
12320176,184.0
12334320,255.0
12351696,187.0
12354016,500.0
12354992,205.0
12357024,186.0
12385968,232.0
12400512,236.0
12400672,403.0
12433792,97.0
12447328,216.0
12508800,203.0
12510704,173.0
12520672,227.0
12535600,188.0
12544048,175.0
12546800,126.0
12551712,229.0
12563504,228.0
12566704,176.0
12574416,197.0
12574768,204.0
12597488,343.0
12597856,130.0
12603152,213.0
12604576,208.0
12618848,206.0
12619168,500.0
12622336,197.0
12637200,192.0
12659328,307.0
12736864,175.0
12738288,120.0
12743376,242.0
12781504,196.0
12783168,169.0
12796064,206.0
12805600,206.0
12805616,218.0
12808512,170.0
12817104,207.0
12824192,182.0
12835728,173.0
12836112,196.0
12852176,218.0
12852752,231.0
12875520,172.0
12883728,182.0
12885088,193.0
12913648,186.0
12914752,168.0
12944592,205.0
12948720,206.0
12951328,218.0
12956416,245.0
12963424,199.0
12983680,213.0
12987776,170.0
13033456,190.0
13038864,204.0
13040512,165.0
13040576,168.0
13048864,191.0
13065504,209.0
13065568,173.0
13072176,190.0
13093616,217.0
13101056,172.0
13123216,122.0
13123312,355.0
13124448,173.0
13133472,227.0
13135360,192.0
13160560,173.0
13160704,196.0
13165376,225.0
13195904,193.0
13210048,203.0
13216656,204.0
13226528,200.0
13238752,205.0
13253856,217.0
13274432,178.0
13297152,230.0
13302976,222.0
13346192,217.0
13351008,204.0
13359568,223.0
13360048,184.0
13369792,222.0
13403904,183.0
13412736,183.0
13415024,206.0
13426192,191.0
13427824,179.0
13431840,177.0
13443088,196.0
13461680,178.0
13481472,168.0
13519360,467.0
13522704,191.0
13533888,218.0
13540912,196.0
13543984,186.0
13557024,190.0
13573296,185.0
13598800,166.0
13599312,211.0
13602720,170.0
13632032,173.0
13637408,210.0
13650320,173.0
13652048,190.0
13656432,256.0
13664240,230.0
13664928,156.0
13665328,229.0
13666688,198.0
13668752,189.0
13682368,212.0
13687792,206.0
13689808,166.0
13690880,170.0
13708832,171.0
13714240,132.0
13727760,204.0
13737024,214.0
13746912,219.0
13766064,212.0
13793680,500.0
13793680,170.0
13797616,194.0
13801056,218.0
13811600,172.0
13813296,399.0
13813600,284.0
13843520,203.0
13852112,225.0
13853920,186.0
13862768,229.0
13866496,236.0
13870288,216.0
13896736,500.0
13897344,199.0
13911168,234.0
13913488,390.0
13921024,188.0
13936032,214.0
13936368,221.0
13937456,168.0
13942528,184.0
13948224,190.0
13976960,195.0
13980112,198.0
13986512,191.0
14004432,192.0
14041584,202.0
14051488,208.0
14058464,222.0
14081296,194.0
14089504,163.0
14107008,137.0
14126688,197.0
14127872,182.0
14138384,194.0
14144480,192.0
14153168,189.0
14156992,185.0
14160064,191.0
14165280,178.0
14166304,198.0
14169312,203.0
14181360,188.0
14212992,244.0
14249728,233.0
14267712,160.0
14270464,157.0
14281184,208.0
14313008,177.0
14320816,192.0
14325504,181.0
14339552,209.0
14340736,257.0
14358480,209.0
14358736,229.0
14371552,189.0
14374848,410.0
14388384,190.0
14405248,128.0
14423360,180.0
14428560,185.0
14432368,190.0
14448528,196.0
14449952,204.0
14461488,175.0
14461904,205.0
14478656,184.0
14479856,203.0
14487792,202.0
14488064,212.0
14498320,221.0
14510256,216.0
14521248,178.0
14523920,192.0
14527392,191.0
14549456,423.0
14553504,181.0
14582672,181.0
14590000,282.0
14591808,189.0
14615392,200.0
14625808,180.0
14627104,219.0
14661456,457.0
14671120,144.0
14671600,227.0
14687536,230.0
14700656,209.0
14701056,193.0
14701696,283.0
14709136,227.0
14730512,203.0
14740144,198.0
14745536,186.0
14753152,203.0
14770928,198.0
14771872,251.0
14774000,191.0
14782000,404.0
14809152,203.0
14817776,185.0
14832224,201.0
14839456,217.0
14845008,160.0
14849008,196.0
14851024,165.0
14852464,231.0
14859920,201.0
14876224,206.0
14889888,212.0
14904448,166.0
14909696,214.0
14912144,168.0
14916224,179.0
14926992,176.0
14944960,201.0
14947968,164.0
14967856,188.0
14974368,224.0
14984416,183.0
15008688,211.0
15042112,173.0
15059728,181.0
15061504,227.0
15063856,195.0
15069504,204.0
15083296,201.0
15088384,204.0
15100096,178.0
15102688,201.0
15119888,198.0
15123216,198.0
15138240,200.0
15152416,186.0
15161344,182.0
15173520,100.0
15176736,245.0
15192224,226.0
15216128,176.0
15224576,76.0
15235920,242.0
15256688,212.0
15267312,215.0
15281936,210.0
15287952,191.0
15305328,243.0
15347840,172.0
15355744,206.0
15368096,244.0
15373600,240.0
15405184,190.0
15418192,230.0
15428736,114.0
15430864,235.0
15436592,210.0
15443440,323.0
15479664,275.0
15491184,200.0
15491440,209.0
15537104,212.0
15546672,230.0
15564032,256.0
15600560,189.0
15611648,204.0
15612752,246.0
15616848,255.0
15621552,169.0
15623584,191.0
15643952,198.0
15644288,184.0
15670496,116.0
15677952,175.0
15679312,216.0
15694704,192.0
15720560,182.0
15720848,203.0
15748736,167.0
15750688,244.0
15753648,315.0
15756944,173.0
15808848,193.0
15835008,192.0
15849072,109.0
15864704,284.0
15884112,132.0
15884320,222.0
15887280,192.0
15891168,237.0
15896992,199.0
15902592,179.0
15909792,229.0
15920064,188.0
15930304,231.0
15941104,255.0
15941920,181.0
15949248,98.0
15949616,182.0
15951408,111.0
15956864,186.0
15960432,203.0
15978432,282.0
16002528,291.0
16016752,230.0
16017888,209.0
16045680,160.0
16049824,194.0
16054704,99.0
16082080,167.0
16082528,161.0
16092768,113.0
16103664,124.0
16104352,161.0
16113552,246.0
16115776,96.0
16143296,180.0
16149136,171.0
16149984,203.0
16160064,178.0
16177536,172.0
16178272,213.0
16202448,115.0
16214688,105.0
16217808,209.0
16219088,232.0
16244096,191.0
16263616,194.0
16276144,199.0
16299152,257.0
16306288,298.0
16309680,228.0
16321616,196.0
16332256,221.0
16334544,186.0
16342784,211.0
16344576,207.0
16349584,204.0
16368640,198.0
16399312,207.0
16403936,204.0
16406448,193.0
16412160,182.0
16415984,193.0
16420848,233.0
16437264,376.0
16439328,185.0
16488832,174.0
16491632,196.0
16504512,187.0
16516976,182.0
16543472,235.0
16565744,186.0
16576608,180.0
16585520,183.0
16586784,204.0
16588624,193.0
16589696,211.0
16618688,316.0
16622288,220.0
16626544,202.0
16668400,187.0
16687264,172.0
16694464,213.0
16712320,182.0
16735104,208.0
16737840,170.0
16742272,203.0
16742752,168.0
16753072,173.0
16765872,189.0
16766096,237.0
16799776,159.0
16805200,179.0
16809328,223.0
16812288,210.0
16852096,203.0
16854272,190.0
16855520,213.0
16884768,210.0
16907920,224.0
16915920,219.0
16931824,233.0
16954416,237.0
16962000,201.0
16992080,224.0
16996224,258.0
16996896,221.0
17000208,206.0
17005712,207.0
17015584,184.0
17019328,210.0
17020320,188.0
17038816,221.0
17056528,239.0
17076768,214.0
17085616,202.0
17088448,194.0
17088656,192.0
17095856,221.0
17098192,259.0
17117680,198.0
17126208,190.0
17127568,324.0
17131072,208.0
17138368,247.0
17141088,211.0
17143072,195.0
17150064,176.0
17154560,212.0
17165808,231.0
17166848,211.0
17182736,172.0
17187248,179.0
17199552,211.0
17203392,205.0
17278784,207.0
17288976,191.0
17292176,202.0
17292784,166.0
17297376,210.0
17300592,258.0
17303056,168.0
17303696,193.0
17304592,177.0
17307632,238.0
17333744,156.0
17379824,240.0
17383424,218.0
17383568,202.0
17417936,179.0
17434512,203.0
17439216,174.0
17454432,212.0
17463696,264.0
17468688,210.0
17469568,191.0
17518928,202.0
17520528,179.0
17534544,168.0
17555536,205.0
17564032,206.0
17594208,207.0
17599936,209.0
17602880,219.0
17605760,164.0
17607536,260.0
17622224,225.0
17622576,181.0
17624512,142.0
17638464,183.0
17639712,185.0
17661088,129.0
17684816,188.0
17731824,205.0
17732464,187.0
17741008,206.0
17768912,204.0
17823296,234.0
17842288,204.0
17842928,196.0
17868880,207.0
17872528,190.0
17872608,223.0
17874128,200.0
17885408,168.0
17896496,175.0
17931264,220.0
17931328,196.0
17950448,229.0
17962176,213.0
17967264,113.0
17967696,213.0
17972192,177.0
17977328,201.0
17979488,272.0
17999936,212.0
18007712,182.0
18020208,212.0
18021056,195.0
18024560,238.0
18030736,185.0
18046816,167.0
18047664,171.0
18052016,166.0
18059616,195.0
18060176,204.0
18064672,194.0
18075696,196.0
18126400,187.0
18141216,211.0
18142640,195.0
18143232,203.0
18143952,173.0
18143984,172.0
18151936,199.0
18163792,233.0
18166560,223.0
18169808,208.0
18180064,196.0
18184144,182.0
18214032,174.0
18220256,200.0
18227248,171.0
18234896,197.0
18245728,153.0
18258320,213.0
18271760,118.0
18274768,179.0
18282816,103.0
18324336,201.0
18325216,180.0
18344016,226.0
18346496,122.0
18350528,164.0
18355728,163.0
18367520,213.0
18374704,171.0
18380720,173.0
18382224,370.0
18404160,208.0
18419600,213.0
18436944,185.0
18437344,176.0
18447296,188.0
18447744,208.0
18453728,204.0
18497872,243.0
18514512,180.0
18515680,198.0
18528992,182.0
18537104,153.0
18544672,435.0
18549152,175.0
18558816,188.0
18588176,191.0
18599552,168.0
18602400,177.0
18602512,193.0
18603904,219.0
18607344,214.0
18628704,177.0
18636224,185.0
18644608,174.0
18649456,410.0
18657728,196.0
18658720,196.0
18661120,173.0
18672528,204.0
18688000,191.0
18697232,150.0
18706144,162.0
18706448,195.0
18710432,198.0
18712896,187.0
18713552,172.0
18716704,173.0
18724848,205.0
18731920,210.0
18736656,218.0
18736944,194.0
18743104,206.0
18748000,204.0
18751392,211.0
18758784,225.0
18767328,231.0
18767632,180.0
18775584,500.0
18775872,191.0
18778496,181.0
18783504,174.0
18785536,208.0
18788672,118.0
18806976,472.0
18846704,185.0
18867552,362.0
18875440,160.0
18878864,169.0
18883360,168.0
18894784,171.0
18901056,160.0
18934176,203.0
18944496,201.0
18950592,193.0
18968160,172.0
18978560,156.0
18982912,208.0
18986576,200.0
19007328,176.0
19037232,218.0
19042352,233.0
19047936,194.0
19059248,164.0
19082832,200.0
19085280,214.0
19094432,196.0
19096992,168.0
19123744,161.0
19124944,189.0
19128160,197.0
19130864,212.0
19152176,106.0
19167568,193.0
19182272,193.0
19202432,210.0
19208336,198.0
19221984,226.0
19232944,179.0
19234016,202.0
19241616,163.0
19265200,135.0
19267856,181.0
19272688,137.0
19282416,159.0
19290592,148.0
19314512,169.0
19318320,443.0
19324112,189.0
19325312,216.0
19327776,176.0
19329040,206.0
19337280,163.0
19343312,164.0
19379056,240.0
19379472,166.0
19386000,152.0
19394416,217.0
19410992,173.0
19412624,232.0
19437456,172.0
19445312,214.0
19445872,222.0
19446032,233.0
19467168,199.0
19492944,92.0
19501312,225.0
19501712,200.0
19523888,182.0
19533968,178.0
19538720,196.0
19546640,212.0
19549472,200.0
19585232,173.0
19585376,199.0
19588464,199.0
19595232,166.0
19595328,178.0
19604704,156.0
19604880,188.0
19615072,220.0
19622576,209.0
19637584,195.0
19656848,268.0
19658768,209.0
19660304,201.0
19667584,229.0
19673440,169.0
19688624,202.0
19692224,220.0
19708816,230.0
19718896,223.0
19721792,167.0
19729712,186.0
19730656,149.0
19740688,203.0
19747888,274.0
19749312,204.0
19756848,224.0
19757600,186.0
19766304,215.0
19772960,237.0
19783088,194.0
19787456,101.0
19811184,185.0
19818896,155.0
19820016,167.0
19824432,242.0
19848064,216.0
19852128,176.0
19858768,184.0
19864304,216.0
19869648,163.0
19882000,142.0
19886720,174.0
19908448,217.0
19916928,241.0
19963808,231.0
19964752,234.0
19965936,192.0
19974448,188.0
19982944,236.0
19987536,121.0
19989984,222.0
19991088,221.0
20003040,177.0
20010000,195.0
20016832,231.0
20027152,185.0
20043312,187.0
20043712,211.0
20043840,169.0
20050224,259.0
20053760,198.0
20063152,192.0
20071632,195.0
20073472,283.0
20074400,205.0
20084976,175.0
20093136,199.0
20114208,161.0
20135824,167.0
20142944,219.0
20143248,198.0
20156720,181.0
20173008,191.0
20173104,232.0
20183744,172.0
20187504,195.0
20191872,208.0
20195952,204.0
20208048,402.0
20210032,160.0
20211856,194.0
20217600,242.0
20218080,189.0
20224192,172.0
20235200,170.0
20240304,198.0
20242848,211.0
20252208,227.0
20253504,175.0
20258400,229.0
20259872,172.0
20274256,176.0
20275392,172.0
20282240,230.0
20295216,186.0
20307712,201.0
20329216,195.0
20338336,180.0
20339136,197.0
20347968,122.0
20354064,174.0
20358672,90.0
20366432,182.0
20389712,199.0
20394496,193.0
20396544,162.0
20397904,246.0
20411120,190.0
20412384,198.0
20428592,206.0
20438112,216.0
20438192,196.0
20444752,203.0
20449744,178.0
20454992,184.0
20458336,166.0
20458480,259.0
20462848,151.0
20472896,192.0
20494176,206.0
20495424,161.0
20495888,178.0
20500560,162.0
20514320,136.0
20525744,173.0
20551952,213.0
20556224,110.0
20565040,223.0
20571568,170.0
20584496,227.0
20600800,148.0
20606992,201.0
20609504,211.0
20614112,191.0
20614640,196.0
20616128,165.0
20625920,168.0
20638272,458.0
20691472,198.0
20755408,198.0
20785104,203.0
20800352,201.0
20806688,191.0
20808112,197.0
20811040,260.0
20837984,211.0
20838960,211.0
20852832,452.0
20854080,203.0
20870272,191.0
20890208,154.0
20895664,178.0
20905824,199.0
20913168,205.0
20918352,219.0
20920976,163.0
20923920,194.0
20936960,247.0
20938560,233.0
20948000,203.0
20953488,217.0
20953920,224.0
20956160,206.0
20965200,230.0
20975312,160.0
21000336,232.0
21002544,212.0
21005888,181.0
21011664,197.0
21029184,192.0
21058240,186.0
21060224,167.0
21061856,218.0
21078672,206.0
21103600,206.0
21106240,142.0
21110640,193.0
21128544,161.0
21173536,210.0
21175328,209.0
21178896,205.0
21185968,190.0
21188384,119.0
21210544,168.0
21239680,227.0
21253296,178.0
21267104,229.0
21272032,175.0
21283936,208.0
21286592,181.0
21316192,215.0
21320144,208.0
21331040,192.0
21333344,192.0
21339424,245.0
21352096,175.0
21355616,214.0
21366416,204.0
21372688,178.0
21381824,207.0
21391856,258.0
21407200,250.0
21412560,208.0
21429760,189.0
21450384,201.0
21454704,194.0
21459584,201.0
21475040,331.0
21481840,201.0
21484416,232.0
21491456,207.0
21501104,213.0
21510720,192.0
21518080,278.0
21550448,173.0
21557104,169.0
21582848,216.0
21586960,184.0
21593968,214.0
21598064,181.0
21618864,203.0
21623056,180.0
21638960,202.0
21648416,190.0
21649968,218.0
21668816,164.0
21699232,201.0
21704528,168.0
21707600,203.0
21713328,162.0
21714352,214.0
21716640,206.0
21734896,196.0
21736960,171.0
21743888,184.0
21753472,161.0
21757728,218.0
21762512,130.0
21798896,217.0
21805760,207.0
21809648,175.0
21822224,202.0
21823568,236.0
21825824,180.0
21846112,221.0
21848464,200.0
21873120,191.0
21895552,194.0
21915936,208.0
21922864,180.0
21931088,219.0
21939040,178.0
21943040,500.0
21944016,189.0
21958256,212.0
21965088,204.0
21965504,160.0
21976112,212.0
21983440,211.0
21989216,181.0
21989776,191.0
22021808,202.0
22028672,193.0
22044352,184.0
22047520,181.0
22053552,196.0
22053856,200.0
22062576,193.0
22065136,220.0
22074656,218.0
22076432,253.0
22084688,203.0
22091648,213.0
22098256,210.0
22147184,500.0
22155744,182.0
22175488,196.0
22195280,183.0
22203872,200.0
22223328,188.0
22233504,201.0
22253488,180.0
22258752,209.0
22267216,157.0
22284944,199.0
22308256,214.0
22308336,193.0
22329888,186.0
22333824,197.0
22337536,206.0
22341584,500.0
22345824,236.0
22354336,216.0
22362336,217.0
22375840,222.0
22377424,202.0
22381168,198.0
22400864,216.0
22418560,187.0
22425344,172.0
22431200,226.0
22438384,202.0
22446448,206.0
22463680,159.0
22469488,197.0
22493872,209.0
22496576,190.0
22523296,170.0
22551792,189.0
22567696,215.0
22573248,120.0
22581440,266.0
22583216,241.0
22608208,219.0
22609344,181.0
22626528,173.0
22632992,224.0
22639072,205.0
22650720,175.0
22654976,207.0
22660848,165.0
22672544,261.0
22682736,170.0
22682864,172.0
22706416,205.0
22719008,196.0
22722112,307.0
22741184,195.0
22755168,196.0
22761920,210.0
22762720,178.0
22765600,229.0
22767072,210.0
22768560,204.0
22775552,197.0
22779984,230.0
22782784,173.0
22783280,205.0
22790592,176.0
22792640,223.0
22800352,215.0
22813456,213.0
22817696,197.0
22827328,192.0
22836304,190.0
22845616,162.0
22863488,177.0
22866992,163.0
22873712,177.0
22878144,200.0
22880464,159.0
22907776,201.0
22918960,198.0
22920048,227.0
22925120,200.0
22933776,236.0
22940656,219.0
22945056,171.0
22945632,187.0
22952592,186.0
22972576,187.0
22973008,191.0
22976256,185.0
22988704,204.0
22991280,182.0
22994400,231.0
22996960,183.0
22997088,203.0
23018160,173.0
23021216,227.0
23050368,220.0
23107808,108.0
23109984,228.0
23118800,221.0
23121072,209.0
23122528,216.0
23124800,189.0
23128016,178.0
23136784,185.0
23145824,177.0
23146864,186.0
23155360,185.0
23159568,197.0
23169712,230.0
23176240,211.0
23184832,210.0
23188560,179.0
23189984,171.0
23227920,160.0
23233600,209.0
23238592,209.0
23244080,194.0
23256352,222.0
23260416,185.0
23266624,195.0
23296608,257.0
23303696,202.0
23319232,217.0
23324384,197.0
23359600,190.0
23366496,256.0
23380480,226.0
23388832,222.0
23389728,207.0
23402320,222.0
23405104,187.0
23407344,192.0
23446656,213.0
23448160,258.0
23464176,202.0
23472816,187.0
23491264,189.0
23504576,184.0
23505968,178.0
23525248,211.0
23526016,198.0
23529632,162.0
23536832,197.0
23541408,206.0
23545392,178.0
23556704,207.0
23562608,175.0
23585792,199.0
23596160,170.0
23620512,197.0
23646976,166.0
23676480,199.0
23688560,210.0
23688960,218.0
23691216,160.0
23695280,197.0
23707312,200.0
23709120,188.0
23715376,215.0
23716528,179.0
23719184,194.0
23721696,156.0
23722816,226.0
23736272,132.0
23739200,182.0
23746832,201.0
23751968,122.0
23761120,231.0
23776032,174.0
23776416,198.0
23782080,179.0
23785872,119.0
23795200,207.0
23816928,174.0
23836624,166.0
23858128,113.0
23868672,200.0
23897712,234.0
23907168,194.0
23915392,195.0
23947216,157.0
23963616,197.0
23964832,211.0
23965648,182.0
23987808,186.0
24011312,222.0
24027072,184.0
24036224,240.0
24044464,176.0
24046928,222.0
24050304,227.0
24057840,319.0
24067840,232.0
24112464,464.0
24133680,249.0
24136928,195.0
24139072,85.0
24170192,182.0
24171152,252.0
24171776,156.0
24180128,192.0
24195504,196.0
24203584,201.0
24205424,210.0
24219040,201.0
24219120,192.0
24231312,354.0
24256576,184.0
24257248,233.0
24274016,191.0
24274160,239.0
24277616,215.0
24280096,210.0
24288384,176.0
24291920,254.0
24300016,168.0
24300976,194.0
24304880,208.0
24306800,288.0
24317904,221.0
24333264,249.0
24338736,193.0
24363520,174.0
24381904,190.0
24390416,179.0
24427712,275.0
24438240,197.0
24443904,216.0
24445248,210.0
24447072,193.0
24484112,204.0
24509360,191.0
24513584,152.0
24514352,110.0
24515424,162.0
24518848,216.0
24534096,205.0
24546576,121.0
24573904,489.0
24575952,214.0
24581808,212.0
24582400,207.0
24583888,176.0
24589152,166.0
24600656,162.0
24601728,245.0
24603776,207.0
24621824,238.0
24627120,199.0
24627552,247.0
24636640,180.0
24640816,189.0
24643184,226.0
24676384,225.0
24682112,209.0
24692704,204.0
24699936,196.0
24713184,205.0
24734176,205.0
24747344,188.0
24747680,198.0
24750848,188.0
24755472,242.0
24758416,219.0
24771168,200.0
24776336,169.0
24777600,178.0
24779056,225.0
24784896,177.0
24787888,222.0
24796384,180.0
24838144,176.0
24842480,219.0
24846576,196.0
24847104,222.0
24848752,176.0
24852368,200.0
24857424,240.0
24865440,207.0
24886832,208.0
24897168,203.0
24909712,161.0
24921920,188.0
24937680,202.0
24941232,181.0
24947728,183.0
24949024,165.0
24956112,228.0
24961456,172.0
24994336,206.0
24997616,204.0
25022464,234.0
25029248,190.0
25033872,201.0
25034016,215.0
25037264,178.0
25064496,225.0
25065744,165.0
25076752,309.0
25100560,240.0
25102784,209.0
25116896,180.0
25126992,196.0
25129200,165.0
25129712,224.0
25159200,208.0
25160000,204.0
25163184,204.0
25171664,232.0
25176080,185.0
25177616,181.0
25186032,231.0
25201728,178.0
25207216,229.0
25216864,168.0
25219184,176.0
25221504,192.0
25222560,207.0
25239728,180.0
25249040,184.0
25256544,216.0
25262160,177.0
25270224,289.0
25292512,210.0
25300512,258.0
25353344,206.0
25379568,202.0
25386704,182.0
25393264,194.0
25412896,211.0
25414736,209.0
25455984,199.0
25464576,189.0
25495920,216.0
25497072,232.0
25502544,184.0
25516656,188.0
25523472,253.0
25525056,190.0
25529360,193.0
25547600,187.0
25558544,225.0
25580416,209.0
25582496,203.0
25583824,308.0
25594496,203.0
25600528,197.0
25619024,164.0
25632928,180.0
25636432,200.0
25656480,203.0
25676144,229.0
25686352,224.0
25707824,166.0
25714944,191.0
25732864,180.0
25756432,166.0
25758336,203.0
25758576,91.0
25758864,159.0
25763760,182.0
25767296,192.0
25778128,225.0
25780912,232.0
25787616,180.0
25808960,184.0
25815408,186.0
25822496,240.0
25834896,222.0
25837232,193.0
25864304,216.0
25875584,214.0
25894800,179.0
25899920,249.0
25907584,214.0
25916848,204.0
25948032,220.0
25978912,157.0
26003280,184.0
26045776,178.0
26064352,222.0
26076512,207.0
26078480,223.0
26092016,171.0
26092432,196.0
26096048,206.0
26110288,188.0
26149104,215.0
26149232,214.0
26165248,197.0
26179920,212.0
26188192,184.0
26191456,216.0
26215728,235.0
26221840,179.0
26223392,176.0
26229632,169.0
26249152,376.0
26262352,188.0
26263472,225.0
26263584,196.0
26301824,175.0
26316672,216.0
26324608,223.0
26326384,280.0
26326784,189.0
26334896,193.0
26335040,190.0
26339536,195.0
26367504,209.0
26405872,198.0
26417456,244.0
26422384,189.0
26422592,168.0
26424608,189.0
26430320,189.0
26439616,209.0
26440384,196.0
26448080,203.0
26455360,166.0
26477552,199.0
26478736,142.0
26479616,185.0
26480320,217.0
26490176,168.0
26506576,186.0
26507472,234.0
26515776,184.0
26516720,180.0
26517216,186.0
26534032,196.0
26557408,201.0
26562864,198.0
26562912,196.0
26569648,167.0
26574208,193.0
26605040,223.0
26624816,216.0
26632064,217.0
26646544,203.0
26669136,241.0
26675776,225.0
26716272,201.0
26720592,164.0
26723488,211.0
26745472,239.0
26745920,169.0
26773632,247.0
26773760,241.0
26777984,173.0
26846416,212.0
26858832,198.0
26865760,500.0
26909056,217.0
26918304,155.0
26919344,149.0
26933056,202.0
26934192,228.0
26948816,395.0
26968208,219.0
27004496,177.0
27020032,200.0
27023568,220.0
27038400,188.0
27044704,189.0
27054336,192.0
27055040,180.0
27060272,171.0
27083392,200.0
27088656,150.0
27091696,185.0
27093360,233.0
27099648,239.0
27125280,191.0
27137536,175.0
27139104,170.0
27140432,180.0
27165696,132.0
27170240,309.0
27171504,213.0
27175120,197.0
27182880,178.0
27192672,199.0
27204224,179.0
27207136,211.0
27207264,174.0
27235424,186.0
27236256,209.0
27236720,196.0
27243952,199.0
27247824,201.0
27255040,216.0
27275584,174.0
27286960,200.0
27295104,170.0
27296080,193.0
27301936,191.0
27308496,178.0
27317376,234.0
27331760,169.0
27335456,185.0
27354816,179.0
27375536,177.0
27380112,239.0
27390416,213.0
27392528,194.0
27419776,243.0
27427680,205.0
27441232,185.0
27451488,201.0
27465152,201.0
27466336,375.0
27488544,193.0
27488560,186.0
27493312,193.0
27496704,229.0
27496736,207.0
27503152,211.0
27506000,154.0
27506016,233.0
27518736,211.0
27518752,206.0
27535040,178.0
27573296,234.0
27574720,193.0
27615456,128.0
27645808,197.0
27679568,175.0
27679968,190.0
27690080,166.0
27697664,187.0
27703792,174.0
27707792,173.0
27713488,232.0
27720800,228.0
27725168,234.0
27762672,170.0
27813728,217.0
27815552,199.0
27817392,433.0
27819104,174.0
27830208,191.0
27839168,165.0
27863600,193.0
27883888,166.0
27897440,210.0
27903184,204.0
27908816,237.0
27914064,190.0
27917232,197.0
27927376,243.0
27930640,203.0
27959072,356.0
27961808,180.0
27972768,500.0
27985328,187.0
28001184,159.0
28005984,173.0
28025952,211.0
28031392,212.0
28060576,179.0
28114432,194.0
28119648,211.0
28125872,181.0
28130432,201.0
28137632,190.0
28137744,210.0
28143088,171.0
28153120,197.0
28163120,126.0
28167776,196.0
28179376,205.0
28181200,213.0
28184256,187.0
28204288,196.0
28216672,147.0
28222208,195.0
28225008,186.0
28225728,156.0
28228160,183.0
28232048,180.0
28238768,111.0
28260848,171.0
28267456,208.0
28290032,217.0
28309120,134.0
28310800,174.0
28344000,197.0
28358624,247.0
28374192,185.0
28386560,209.0
28418848,140.0
28445152,101.0
28465904,189.0
28471376,199.0
28479440,220.0
28492640,173.0
28498864,196.0
28501936,210.0
28502672,192.0
28511552,213.0
28520224,182.0
28534464,182.0
28545296,221.0
28550752,139.0
28569904,231.0
28590656,199.0
28623600,200.0
28631408,184.0
28642512,234.0
28653472,166.0
28656416,187.0
28676608,207.0
28691744,242.0
28693488,227.0
28704640,183.0
28710896,159.0
28720256,186.0
28722992,110.0
28725808,170.0
28729712,99.0
28735872,206.0
28744832,201.0
28764272,176.0
28772672,216.0
28799728,125.0
28814112,191.0
28815184,127.0
28819376,232.0
28821456,175.0
28821712,212.0
28823664,223.0
28826016,219.0
28847680,203.0
28848912,209.0
28875616,197.0
28884320,170.0
28896224,192.0
28905376,224.0
28909648,209.0
28913424,186.0
28915312,158.0
28923920,138.0
28927776,156.0
28954224,203.0
28968928,149.0
28988736,201.0
29006128,186.0
29007904,194.0
29012512,213.0
29015536,161.0
29017600,198.0
29021904,211.0
29029392,153.0
29054240,197.0
29061792,175.0
29074480,196.0
29074928,225.0
29078016,167.0
29093632,196.0
29098752,193.0
29108048,94.0
29112928,226.0
29132768,227.0
29134288,219.0
29135440,176.0
29138448,197.0
29182032,199.0
29194032,235.0
29202480,223.0
29233504,182.0
29234880,174.0
29252576,194.0
29281280,156.0
29283536,190.0
29289536,174.0
29289728,249.0
29334128,206.0
29353664,142.0
29358512,226.0
29375696,169.0
29395648,192.0
29415008,178.0
29423344,230.0
29425776,206.0
29433264,212.0
29434496,161.0
29443504,181.0
29447968,216.0
29451200,180.0
29451920,254.0
29458480,185.0
29473280,101.0
29482208,162.0
29488576,210.0
29524864,194.0
29547344,166.0
29551408,156.0
29568384,175.0
29573776,188.0
29577776,222.0
29586784,231.0
29623760,198.0
29629968,194.0
29648112,174.0
29663872,186.0
29670288,186.0
29678512,194.0
29679632,173.0
29681888,143.0
29686448,173.0
29695536,240.0
29718816,216.0
29744544,138.0
29746288,223.0
29751584,211.0
29756240,236.0
29768272,140.0
29773728,184.0
29798560,152.0
29798560,184.0
29801696,192.0
29814848,183.0
29816832,199.0
29823280,174.0
29825984,212.0
29827248,197.0
29831024,219.0
29836448,216.0
29851968,225.0
29863968,500.0
29877696,193.0
29893024,178.0
29898784,182.0
29934224,170.0
29943152,223.0
29946496,197.0
29972688,189.0
29978592,193.0
29979136,227.0
29986848,183.0
30011184,202.0
30026864,174.0
30030896,251.0
30031376,233.0
30063840,203.0
30078816,204.0
30119968,399.0
30138576,204.0
30143904,151.0
30155600,191.0
30179456,231.0
30183600,187.0
30189104,177.0
30194544,191.0
30206640,186.0
30215728,206.0
30219952,163.0
30241264,210.0
30242832,235.0
30250752,207.0
30252352,180.0
30253312,187.0
30255456,193.0
30255536,177.0
30280864,221.0
30298288,211.0
30299424,184.0
30306160,202.0
30311136,200.0
30314720,184.0
30327728,215.0
30329744,210.0
30333632,158.0
30339648,206.0
30347824,215.0
30357072,183.0
30371680,162.0
30391504,240.0
30394144,205.0
30412032,205.0
30415296,194.0
30417568,232.0
30426384,385.0
30435840,182.0
30453504,180.0
30463680,167.0
30497552,190.0
30518688,164.0
30542000,171.0
30544688,174.0
30548944,177.0
30556992,158.0
30598640,215.0
30620720,228.0
30664944,181.0
30669120,201.0
30684944,236.0
30690800,182.0
30694720,228.0
30697296,213.0
30725872,125.0
30750272,217.0
30755264,195.0
30762160,256.0
30766640,159.0
30767856,351.0
30784496,248.0
30788480,213.0
30793296,184.0
30827440,199.0
30829936,176.0
30857920,161.0
30866352,170.0
30882560,195.0
30921056,187.0
30927776,220.0
30940672,188.0
30953440,190.0
30982448,234.0
31016848,195.0
31028560,212.0
31031264,197.0
31036624,265.0
31040240,225.0
31056208,169.0
31067456,211.0
31074496,191.0
31140416,178.0
31141296,168.0
31144832,175.0
31152768,152.0
31157232,203.0
31158592,188.0
31163984,195.0
31170208,127.0
31170688,216.0
31176144,242.0
31177120,177.0
31198400,203.0
31250800,288.0
31252464,222.0
31257328,215.0
31268864,179.0
31268944,168.0
31274576,158.0
31290192,181.0
31317200,180.0
31320464,162.0
31335360,213.0
31337200,229.0
31338608,212.0
31340896,166.0
31348304,187.0
31357616,191.0
31367728,208.0
31379696,172.0
31384480,230.0
31386048,202.0
31388928,131.0
31401280,217.0
31405936,194.0
31414416,222.0
31430176,225.0
31434880,221.0
31435424,178.0
31435712,216.0
31444320,193.0
31465936,192.0
31468256,230.0
31473424,352.0
31484000,205.0
31484752,179.0
31487968,137.0
31499680,202.0
31504976,222.0
31522704,139.0
31526240,220.0
31530256,181.0
31563392,163.0
31575920,174.0
31580512,188.0
31583232,186.0
31586416,198.0
31589184,196.0
31592512,225.0
31606576,205.0
31611952,244.0
31623328,222.0
31629552,197.0
31630560,220.0
31637760,187.0
31670752,208.0
31684000,177.0
31698448,197.0
31709408,170.0
31710464,168.0
31719504,191.0
31720480,237.0
31722800,217.0
31727008,138.0
31728336,176.0
31728784,200.0
31747312,205.0
31752448,328.0
31766048,190.0
31770384,156.0
31770560,245.0
31774272,190.0
31805040,200.0
31813056,150.0
31822160,210.0
31833200,211.0
31836976,124.0
31844048,202.0
31855904,198.0
31856672,211.0
31861952,210.0
31868512,162.0
31874848,193.0
31875456,180.0
31875504,182.0
31900800,177.0
31906432,183.0
31907472,182.0
31919424,209.0
31944416,226.0
31947952,169.0
31957344,110.0
31969760,235.0
31982400,198.0
31984144,182.0
31985008,206.0
31997296,171.0
31998736,217.0
31999376,185.0
32009408,192.0
32025184,223.0
32033632,179.0
32061456,187.0
32067232,187.0
32076080,180.0
32079008,191.0
32098336,171.0
32106144,187.0
32115344,188.0
32148048,161.0
32161584,199.0
32171104,175.0
32179856,206.0
32188896,166.0
32195984,169.0
32204000,109.0
32211232,184.0
32240272,216.0
32241296,213.0
32244480,198.0
32246400,214.0
32279968,206.0
32300240,216.0
32316304,181.0
32322368,178.0
32325456,179.0
32328592,200.0
32335616,170.0
32341744,176.0
32345760,209.0
32349776,252.0
32372160,162.0
32381504,219.0
32387936,211.0
32390336,189.0
32396640,231.0
32400944,183.0
32404896,177.0
32405232,171.0
32425456,188.0
32433072,178.0
32460496,182.0
32461040,195.0
32468816,191.0
32493568,207.0
32496448,202.0
32499360,195.0
32506480,157.0
32531680,243.0
32543904,199.0
32546128,175.0
32559328,206.0
32603712,197.0
32605264,500.0
32612640,231.0
32616288,217.0
32661920,205.0
32665360,116.0
32678928,204.0
32698208,187.0
32699744,202.0
32701984,242.0
32709824,225.0
32710816,158.0
32719200,215.0
32721424,156.0
32733072,234.0
32752800,114.0
32760256,247.0
32765920,156.0
32768640,183.0
32768944,190.0
32771904,178.0
32772880,215.0
32780752,187.0
32786336,214.0
32788656,186.0
32794448,238.0
32807184,180.0
32830448,202.0
32837968,207.0
32845152,238.0
32847504,222.0
32851856,187.0
32854096,163.0
32859056,229.0
32872992,102.0
32881872,201.0
32894896,252.0
32901088,186.0
32903504,184.0
32909872,359.0
32911776,168.0
32939184,216.0
32939680,197.0
32947648,198.0
32947712,185.0
32948288,228.0
32950320,206.0
32955360,171.0
32960224,187.0
32965440,100.0
32987952,193.0
33000928,215.0
33004080,201.0
33008064,142.0
33008432,253.0
33036752,131.0
33039696,207.0
33056928,180.0
33062736,177.0
33108464,218.0
33109168,238.0
33110944,233.0
33132096,164.0
33135504,213.0
33138144,193.0
33146368,194.0
33181488,197.0
33205456,201.0
33215488,219.0
33226864,151.0
33228080,222.0
33260016,198.0
33261296,204.0
33282304,154.0
33287792,200.0
33291280,157.0
33294720,157.0
33313360,189.0
33314944,145.0
33323952,198.0
33329328,150.0
33333520,169.0
33344000,222.0
33353040,168.0
33363568,221.0
33375280,190.0
33389952,191.0
33411024,248.0
33417072,180.0
33420000,227.0
33434512,168.0
33435904,183.0
33439920,204.0
33440784,190.0
33448752,178.0
33453296,214.0
33463280,214.0
33464896,204.0
33486736,186.0
33487504,215.0
33490576,163.0
33498768,190.0
33500336,183.0
33509888,218.0
33515584,161.0
33522944,204.0
33530768,106.0
33531440,168.0
33556480,209.0
33559216,179.0
33564576,195.0
33567440,212.0
33568832,211.0
33583872,182.0
33591552,203.0
33594016,186.0
33595824,168.0
33597440,211.0
33598416,214.0
33599312,176.0
33611824,169.0
33622992,227.0
33629024,312.0
33632928,201.0
33639200,206.0
33672880,213.0
33685152,188.0
33710896,204.0
33714400,191.0
33741456,189.0
33743760,223.0
33744928,191.0
33750336,175.0
33752864,235.0
33778320,175.0
33782752,190.0
33809184,190.0
33826016,167.0
33840320,199.0
33843760,218.0
33844608,411.0
33847328,209.0
33848048,266.0
33868624,214.0
33886128,190.0
33893776,163.0
33903872,179.0
33916944,187.0
33918608,119.0
33920736,220.0
33934928,160.0
33948528,204.0
33950064,191.0
33965088,215.0
33971056,173.0
33988080,223.0
33994112,217.0
33996336,173.0
34018128,194.0
34042576,205.0
34042880,183.0
34056976,236.0
34070576,128.0
34077472,238.0
34085200,228.0
34097280,193.0
34109488,204.0
34117472,191.0
34126992,189.0
34139408,207.0
34140432,170.0
34169472,228.0
34175792,187.0
34177120,192.0
34180720,197.0
34191040,174.0
34192848,182.0
34249920,189.0
34254496,113.0
34261520,220.0
34277568,164.0
34277696,195.0
34289904,180.0
34299856,205.0
34320816,176.0
34342096,204.0
34344256,134.0
34345824,213.0
34348352,333.0
34358032,231.0
34360128,209.0
34377456,127.0
34385888,123.0
34387552,92.0
34401952,194.0
34403136,165.0
34438096,93.0
34445120,218.0
34449664,234.0
34476800,185.0
34479312,189.0
34486848,213.0
34490016,384.0
34496352,210.0
34510128,211.0
34512240,195.0
34513872,171.0
34521168,206.0
34522000,219.0
34538048,208.0
34542720,248.0
34563792,86.0
34572208,211.0
34584784,228.0
34587984,195.0
34614304,216.0
34616288,110.0
34624272,187.0
34629872,311.0
34630224,221.0
34640640,178.0
34658624,140.0
34670784,275.0
34671456,307.0
34679200,371.0
34694432,430.0
34697376,231.0
34709568,403.0
34736816,188.0
34738704,230.0
34748704,242.0
34758048,235.0
34766608,187.0
34794944,172.0
34808800,193.0
34810416,119.0
34826528,242.0
34826752,351.0
34832656,219.0
34836848,178.0
34845280,207.0
34851296,373.0
34854544,390.0
34855968,209.0
34859008,187.0
34868176,201.0
34878496,172.0
34893408,266.0
34901936,133.0
34917584,183.0
34919696,153.0
34929168,137.0
34942432,209.0
34949232,212.0
34950592,224.0
34954080,231.0
34964192,195.0
34965520,198.0
34967296,230.0
34979120,199.0
34987152,188.0
34992736,184.0
35012912,124.0
35069776,169.0
35071456,238.0
35077392,204.0
35084960,197.0
35127520,211.0
35129376,173.0
35135088,217.0
35150304,215.0
35154240,181.0
35156896,225.0
35160592,199.0
35171488,169.0
35199744,205.0
35211536,108.0
35229776,166.0
35235968,224.0
35242672,196.0
35252816,163.0
35258624,223.0
35259648,197.0
35265296,175.0
35268016,188.0
35294352,214.0
35311888,238.0
35318736,228.0
35320832,180.0
35330096,234.0
35331168,210.0
35344688,216.0
35354240,183.0
35364320,200.0
35376240,198.0
35381872,201.0
35394112,164.0
35394960,197.0
35404784,214.0
35408576,186.0
35413680,195.0
35459488,213.0
35463216,227.0
35480688,172.0
35484240,206.0
35491792,168.0
35492176,184.0
35497536,242.0
35499776,193.0
35511072,208.0
35532368,229.0
35543744,204.0
35543920,194.0
35545552,182.0
35547152,201.0
35563264,169.0
35567728,206.0
35568384,192.0
35589216,186.0
35614400,171.0
35634992,192.0
35653552,253.0
35656688,192.0
35667904,192.0
35692768,210.0
35699008,221.0
35732496,192.0
35756352,241.0
35767600,224.0
35778480,148.0
35782416,171.0
35795776,187.0
35813904,169.0
35849104,185.0
35864960,215.0
35871936,251.0
35879440,172.0
35883328,223.0
35886912,201.0
35904800,189.0
35907360,207.0
35910400,198.0
35911184,178.0
35916608,160.0
35934864,190.0
35962416,209.0
35970800,160.0
35989168,218.0
35995984,176.0
36005360,208.0
36007776,197.0
36029712,216.0
36031232,181.0
36041392,219.0
36044592,195.0
36055952,235.0
36057616,204.0
36083632,199.0
36129344,170.0
36134320,220.0
36144208,168.0
36175808,234.0
36183856,147.0
36184224,207.0
36187184,182.0
36203680,226.0
36209744,189.0
36222736,187.0
36223232,271.0
36226352,194.0
36230224,169.0
36242944,317.0
36247248,85.0
36248944,198.0
36283728,217.0
36299232,241.0
36303280,217.0
36303920,202.0
36336144,214.0
36362128,192.0
36398128,120.0
36400832,233.0
36427568,134.0
36427744,200.0
36431360,225.0
36441200,195.0
36441360,118.0
36449184,125.0
36455920,174.0
36466432,194.0
36469680,81.0
36475392,185.0
36486048,217.0
36489392,186.0
36499600,203.0
36513648,123.0
36530272,193.0
36547328,175.0
36570736,265.0
36580080,214.0
36600592,121.0
36609136,209.0
36612944,180.0
36618304,206.0
36625952,158.0
36642496,184.0
36647472,217.0
36659856,91.0
36682240,203.0
36685328,192.0
36698800,208.0
36706368,108.0
36718400,202.0
36736224,258.0
36755776,195.0
36765632,80.0
36795392,188.0
36795568,238.0
36797216,181.0
36805440,176.0
36816304,225.0
36827536,207.0
36846688,215.0
36853584,218.0
36859664,218.0
36895264,183.0
36911712,212.0
36913904,194.0
36917280,194.0
36927808,196.0
36936800,176.0
36937248,175.0
36948800,171.0
36984816,209.0
36999920,177.0
37008640,187.0
37018272,203.0
37019920,192.0
37043296,225.0
37044496,194.0
37047472,225.0
37052288,207.0
37063008,202.0
37089168,220.0
37090592,170.0
37099056,216.0
37113312,202.0
37116288,210.0
37127472,141.0
37135008,184.0
37146848,210.0
37152656,172.0
37170000,177.0
37170000,173.0
37173744,225.0
37174464,197.0
37180592,203.0
37182544,200.0
37190336,195.0
37192768,128.0
37194256,183.0
37221280,208.0
37224832,195.0
37227696,186.0
37252832,215.0
37256400,191.0
37271504,152.0
37284880,202.0
37308544,184.0
37320960,226.0
37325232,228.0
37329360,88.0
37330256,205.0
37333408,110.0
37367440,220.0
37378624,225.0
37386752,226.0
37392816,206.0
37403168,349.0
37431504,198.0
37438832,248.0
37447264,156.0
37453472,199.0
37462944,192.0
37469360,184.0
37476704,204.0
37484144,182.0
37517920,237.0
37523552,152.0
37525296,207.0
37534880,193.0
37535568,187.0
37537056,180.0
37557232,225.0
37585104,228.0
37586224,211.0
37598832,207.0
37604544,228.0
37622176,180.0
37629472,166.0
37637760,179.0
37640016,213.0
37645328,193.0
37657056,199.0
37666448,236.0
37671392,205.0
37674048,217.0
37678848,199.0
37693248,183.0
37693680,221.0
37699616,178.0
37706800,191.0
37712832,189.0
37721824,170.0
37736816,224.0
37743584,177.0
37755792,173.0
37762480,234.0
37778576,207.0
37781712,193.0
37784096,347.0
37794848,176.0
37803696,188.0
37804304,201.0
37807968,228.0
37812432,199.0
37816256,220.0
37842240,188.0
37847840,174.0
37854896,230.0
37868128,228.0
37895200,164.0
37919200,168.0
37937232,182.0
37947680,181.0
37959024,173.0
37988672,209.0
38004160,207.0
38008000,167.0
38015712,199.0
38020160,225.0
38029264,203.0
38037680,173.0
38043248,222.0
38045120,201.0
38064848,199.0
38074912,188.0
38075472,110.0
38076096,168.0
38105264,204.0
38112576,198.0
38125520,213.0
38127424,201.0
38145168,233.0
38146848,227.0
38157792,179.0
38160304,191.0
38163440,195.0
38166672,201.0
38177680,163.0
38179584,171.0
38182432,160.0
38182432,184.0
38182864,204.0
38183264,154.0
38185856,186.0
38188224,181.0
38195088,196.0
38200512,198.0
38204768,177.0
38206736,162.0
38211088,203.0
38230464,183.0
38239232,155.0
38249376,213.0
38250576,257.0
38253520,214.0
38259744,178.0
38277952,197.0
38295072,230.0
38299872,210.0
38300512,184.0
38309488,206.0
38320128,207.0
38323104,227.0
38336704,208.0
38349040,199.0
38362064,172.0
38362272,203.0
38393920,186.0
38397488,254.0
38404592,174.0
38406880,198.0
38423328,246.0
38432640,247.0
38438256,186.0
38438864,179.0
38440480,174.0
38445168,134.0
38453632,155.0
38458912,229.0
38464640,165.0
38467920,186.0
38482544,185.0
38488608,203.0
38493936,219.0
38494464,209.0
38495840,188.0
38499584,244.0
38503568,159.0
38534720,159.0
38547136,183.0
38555040,222.0
38568864,166.0
38592592,189.0
38604112,199.0
38637728,203.0
38657360,211.0
38679248,169.0
38679488,126.0
38685488,171.0
38690800,177.0
38692128,224.0
38695104,212.0
38699456,236.0
38713760,235.0
38722848,245.0
38726064,159.0
38752160,153.0
38757920,169.0
38772272,178.0
38804032,201.0
38806624,187.0
38807104,177.0
38837584,199.0
38838272,188.0
38845392,194.0
38845520,271.0
38859456,214.0
38866208,187.0
38898816,221.0
38907392,194.0
38929040,221.0
38930528,157.0
38943152,170.0
38945024,151.0
38948048,192.0
38961664,189.0
38976032,169.0
38977024,190.0
38980304,220.0
38983488,274.0
38984960,198.0
38992960,201.0
39025792,238.0
39045600,236.0
39054672,172.0
39072208,150.0
39082144,201.0
39093648,199.0
39095408,88.0
39104416,166.0
39116528,122.0
39119872,208.0
39138320,220.0
39147584,194.0
39154576,194.0
39210016,194.0
39210912,196.0
39217872,273.0
39233424,192.0
39258000,192.0
39269728,220.0
39281168,80.0
39293328,201.0
39306832,236.0
39307936,199.0
39308656,227.0
39367776,148.0
39395744,180.0
39405264,223.0
39411136,206.0
39425744,251.0
39428544,186.0
39432192,236.0
39445520,225.0
39450448,227.0
39457024,162.0
39461936,198.0
39463344,185.0
39472288,225.0
39475360,191.0
39478272,181.0
39478848,154.0
39523168,202.0
39529488,192.0
39546416,175.0
39547424,195.0
39574224,214.0
39597888,142.0
39598848,189.0
39608176,113.0
39624832,145.0
39625520,144.0
39625920,273.0
39652640,197.0
39667648,148.0
39673376,126.0
39675408,213.0
39676544,175.0
39685072,150.0
39685088,226.0
39687744,263.0
39691440,194.0
39724288,213.0
39736448,222.0
39745712,188.0
39769568,163.0
39774848,216.0
39775664,194.0
39778720,238.0
39797440,220.0
39800704,207.0
39803392,371.0
39824608,191.0
39829264,185.0
39839280,222.0
39843984,324.0
39844352,117.0
39844912,170.0
39854688,203.0
39874896,243.0
39878496,196.0
39896880,229.0
39906400,136.0
39916928,177.0
39919088,193.0
39968816,185.0
39971072,180.0
39971872,167.0
39982672,205.0
40002272,217.0
40011552,139.0
40039264,190.0
40040352,175.0
40058080,124.0
40074400,191.0
40076656,209.0
40088640,182.0
40089568,164.0
40090096,157.0
40092736,197.0
40098928,233.0
40113424,189.0
40121168,173.0
40125616,235.0
40127152,194.0
40130672,212.0
40132000,127.0
40137424,164.0
40141024,224.0
40155248,95.0
40158224,185.0
40161392,202.0
40194496,211.0
40196192,207.0
40199200,206.0
40207152,125.0
40217856,175.0
40229840,185.0
40233680,166.0
40239008,194.0
40247840,158.0
40247840,180.0
40251440,205.0
40265216,194.0
40280464,156.0
40326848,265.0
40334544,188.0
40341312,164.0
40342192,231.0
40343168,192.0
40355488,176.0
40359648,141.0
40368128,214.0
40386784,211.0
40394672,206.0
40409408,185.0
40410096,146.0
40420960,218.0
40422608,194.0
40430272,183.0
40430576,169.0
40438816,176.0
40446912,162.0
40448080,158.0
40466480,218.0
40469392,164.0
40476656,175.0
40485184,215.0
40497568,204.0
40505920,206.0
40507648,107.0
40508416,211.0
40509392,199.0
40512256,157.0
40527312,174.0
40531088,159.0
40536944,240.0
40548688,234.0
40571024,166.0
40578128,218.0
40589472,158.0
40602016,190.0
40610384,156.0
40615968,179.0
40628928,163.0
40629440,205.0
40646048,214.0
40660672,176.0
40661648,219.0
40665888,216.0
40666336,211.0
40694592,157.0
40700672,224.0
40700848,187.0
40702400,175.0
40706240,180.0
40733168,155.0
40735504,205.0
40738576,165.0
40769120,190.0
40792016,189.0
40794080,164.0
40800352,151.0
40816768,165.0
40819376,209.0
40822000,200.0
40825936,223.0
40836624,172.0
40840800,216.0
40846192,237.0
40849360,192.0
40856896,202.0
40867024,156.0
40871424,167.0
40872864,219.0
40886224,180.0
40888128,204.0
40897760,159.0
40907488,216.0
40931920,177.0
40934208,199.0
40941952,225.0
40966400,165.0
40970672,185.0
40971920,181.0
40995024,214.0
41000624,212.0
41004208,218.0
41013936,184.0
41056336,172.0
41058032,190.0
41065552,197.0
41101056,236.0
41107456,163.0
41110832,210.0
41114208,180.0
41121328,183.0
41121904,180.0
41126064,164.0
41128576,181.0
41133808,162.0
41134848,229.0
41139584,180.0
41172608,71.0
41174320,211.0
41184224,221.0
41218160,115.0
41232320,213.0
41234416,190.0
41240240,210.0
41266208,189.0
41275280,195.0
41282224,189.0
41286688,201.0
41297728,236.0
41309600,141.0
41326144,184.0
41342592,259.0
41349504,189.0
41357968,192.0
41358544,169.0
41359392,239.0
41365056,171.0
41373824,166.0
41382192,232.0
41382896,194.0
41383760,130.0
41389344,200.0
41392592,209.0
41397552,409.0
41415792,170.0
41426288,179.0
41449904,226.0
41457328,197.0
41479072,372.0
41485968,325.0
41498304,183.0
41531024,195.0
41532448,184.0
41538272,164.0
41547200,185.0
41547648,206.0
41548512,154.0
41550640,233.0
41552112,238.0
41552144,137.0
41567152,199.0
41567168,96.0
41575664,176.0
41580368,216.0
41584192,216.0
41623968,170.0
41626224,213.0
41640000,376.0
41645808,227.0
41658512,194.0
41658656,204.0
41668976,182.0
41698640,257.0
41706960,172.0
41713936,217.0
41716224,415.0
41721296,116.0
41722240,120.0
41723168,177.0
41747408,207.0
41767984,186.0
41774832,185.0
41794704,174.0
41805088,165.0
41828352,150.0
41832592,182.0
41841632,162.0
41852848,156.0
41854576,172.0
41864416,303.0
41879680,171.0
41882160,152.0
41901776,206.0
41908352,195.0
41926400,204.0
41934496,293.0
41967904,189.0
42002048,193.0
42022224,177.0
42022704,121.0
42027696,178.0
42034464,210.0
42035520,194.0
42037680,197.0
42039728,201.0
42041008,215.0
42053248,275.0
42068768,198.0
42069200,188.0
42088944,193.0
42094688,195.0
42126448,217.0
42138960,184.0
42163680,169.0
42177824,181.0
42212640,191.0
42240608,181.0
42244624,244.0
42267312,199.0
42268960,105.0
42274192,202.0
42277760,171.0
42281504,204.0
42290784,182.0
42321680,176.0
42329136,198.0
42332560,203.0
42341552,106.0
42342976,224.0
42375056,204.0
42382928,223.0
42387088,228.0
42394784,221.0
42395648,160.0
42399072,222.0
42412064,227.0
42420256,199.0
42434000,227.0
42437504,163.0
42437792,207.0
42461792,211.0
42470304,205.0
42471424,235.0
42475776,185.0
42487568,228.0
42499680,150.0
42501200,218.0
42503104,213.0
42505904,215.0
42512608,139.0
42521632,214.0
42524880,173.0
42539248,166.0
42539936,244.0
42541952,164.0
42573440,218.0
42574544,194.0
42587792,192.0
42594336,205.0
42606576,234.0
42636224,246.0
42655632,195.0
42658096,204.0
42668640,158.0
42670992,232.0
42679776,171.0
42683472,211.0
42685520,127.0
42698336,196.0
42698656,188.0
42713584,123.0
42729856,312.0
42739472,123.0
42748896,142.0
42748944,162.0
42754656,356.0
42755120,222.0
42756640,200.0
42778208,207.0
42779056,371.0
42779664,223.0
42800560,171.0
42807808,159.0
42819280,197.0
42819408,192.0
42842848,199.0
42844928,217.0
42914640,213.0
42920720,155.0
42924032,199.0
42927440,216.0
42933584,199.0
42957824,182.0
42958016,246.0
42979984,205.0
42983872,260.0
42987056,209.0
42990624,188.0
43011760,178.0
43025264,270.0
43034000,169.0
43038080,195.0
43046128,200.0
43056592,185.0
43060416,292.0
43069296,206.0
43076016,159.0
43091248,220.0
43091888,214.0
43091968,239.0
43105360,214.0
43107648,258.0
43113408,168.0
43121168,189.0
43131424,142.0
43141856,227.0
43164432,191.0
43216128,207.0
43241696,216.0
43286288,199.0
43304944,500.0
43305184,218.0
43328064,200.0
43347120,224.0
43363248,195.0
43366928,193.0
43367952,201.0
43385344,199.0
43385840,252.0
43402848,258.0
43421328,100.0
43443680,209.0
43457776,239.0
43477872,210.0
43488656,207.0
43490048,202.0
43517360,202.0
43524400,195.0
43535264,206.0
43537968,200.0
43565840,177.0
43594896,137.0
43595392,288.0
43601328,179.0
43634496,224.0
43634560,211.0
43637792,188.0
43642000,220.0
43650400,203.0
43663440,200.0
43664384,63.0
43673344,227.0
43673600,210.0
43674752,165.0
43675392,194.0
43680912,229.0
43684560,169.0
43688256,209.0
43698544,208.0
43704624,176.0
43707328,235.0
43712208,189.0
43715488,200.0
43718560,191.0
43758544,230.0
43782816,230.0
43785024,156.0
43801568,230.0
43808192,201.0
43824864,213.0
43827376,238.0
43830752,257.0
43834528,216.0
43850160,197.0
43850464,184.0
43874016,241.0
43897984,87.0
43903008,161.0
43907008,194.0
43913648,216.0
43933520,220.0
43936576,189.0
43955136,188.0
43955200,213.0
43956576,175.0
43965456,179.0
43975488,192.0
43981024,198.0
43994656,223.0
43998160,206.0
44007696,184.0
44011264,222.0
44013408,178.0
44019680,316.0
44024688,188.0
44036512,187.0
44042880,240.0
44053136,230.0
44060576,159.0
44061680,228.0
44069504,181.0
44080592,182.0
44088512,185.0
44090320,226.0
44090752,219.0
44097616,200.0
44099232,230.0
44103424,211.0
44116128,251.0
44121072,192.0
44140608,185.0
44145296,220.0
44161312,203.0
44167232,191.0
44169232,194.0
44190432,216.0
44193024,177.0
44203680,206.0
44204512,204.0
44205584,212.0
44223440,249.0
44229456,224.0
44242288,227.0
44256096,183.0
44279040,162.0
44279104,177.0
44279328,204.0
44280256,221.0
44280336,196.0
44283360,217.0
44297040,192.0
44301424,182.0
44304640,236.0
44388000,148.0
44401504,226.0
44401888,212.0
44411808,200.0
44432656,234.0
44433184,174.0
44460128,152.0
44465648,181.0
44473744,173.0
44474880,194.0
44491472,166.0
44509408,237.0
44548944,162.0
44549216,178.0
44574928,192.0
44579648,263.0
44589536,239.0
44590720,245.0
44592512,190.0
44644720,172.0
44662608,215.0
44664016,216.0
44664720,247.0
44675856,169.0
44676848,165.0
44683392,197.0
44741216,209.0
44765728,199.0
44768800,187.0
44770816,225.0
44782816,285.0
44792816,225.0
44817312,204.0
44819728,168.0
44832704,173.0
44836800,215.0
44839616,276.0
44841376,233.0
44859856,192.0
44865136,164.0
44880240,154.0
44883936,183.0
44890832,204.0
44891680,203.0
44923184,117.0
44936784,247.0
44946128,184.0
44954656,219.0
44960608,175.0
44972528,226.0
44976176,228.0
44985104,173.0
44990880,223.0
45005248,137.0
45034144,181.0
45037760,177.0
45037760,171.0
45049520,170.0
45057408,229.0
45060496,229.0
45062096,165.0
45078016,191.0
45085584,148.0
45101264,144.0
45103680,180.0
45116096,209.0
45118800,193.0
45122208,170.0
45130416,194.0
45143488,201.0
45147120,206.0
45159184,197.0
45159504,204.0
45160592,181.0
45169040,201.0
45187264,126.0
45189664,190.0
45192336,215.0
45195456,180.0
45198112,183.0
45206240,181.0
45218528,156.0
45219840,167.0
45227632,132.0
45240992,210.0
45245952,153.0
45274032,217.0
45278272,105.0
45290528,227.0
45293456,203.0
45303280,199.0
45306656,218.0
45308256,169.0
45312944,179.0
45321616,227.0
45332288,204.0
45334544,159.0
45343360,202.0
45347152,209.0
45358704,176.0
45361520,199.0
45372240,207.0
45383440,218.0
45396464,240.0
45399936,185.0
45432352,231.0
45452080,208.0
45454688,233.0
45460320,161.0
45465680,167.0
45477984,186.0
45488736,205.0
45500464,167.0
45505760,193.0
45511072,170.0
45517296,183.0
45521104,118.0
45538480,202.0
45582816,182.0
45584224,218.0
45586848,186.0
45592944,159.0
45594144,200.0
45596400,212.0
45601696,204.0
45641744,201.0
45648736,219.0
45667408,184.0
45672784,214.0
45677360,113.0
45687120,193.0
45699536,239.0
45747760,197.0
45754592,164.0
45768176,96.0
45777264,161.0
45787136,199.0
45788064,213.0
45798240,154.0
45812960,212.0
45814224,203.0
45821808,226.0
45831072,193.0
45831184,191.0
45839504,216.0
45845520,220.0
45848784,202.0
45860880,184.0
45871584,155.0
45875248,193.0
45877616,216.0
45884960,192.0
45906016,197.0
45921856,197.0
45924880,201.0
45938368,210.0
45961696,219.0
45963520,227.0
45973408,168.0
45977504,174.0
45980048,158.0
46000480,205.0
46022432,218.0
46050688,208.0
46054304,225.0
46089616,192.0
46116496,181.0
46145904,226.0
46164384,179.0
46182208,194.0
46184352,149.0
46188224,367.0
46194016,203.0
46202336,205.0
46202768,212.0
46203984,158.0
46211488,115.0
46215632,155.0
46243152,148.0
46265376,240.0
46267040,164.0
46268272,186.0
46269872,147.0
46280864,211.0
46296064,214.0
46307440,194.0
46308752,166.0
46317408,222.0
46318576,195.0
46322528,216.0
46352640,180.0
46359664,186.0
46370368,195.0
46372992,209.0
46378288,181.0
46389248,111.0
46409072,157.0
46411264,184.0
46423104,187.0
46426000,193.0
46431200,218.0
46436896,194.0
46444960,114.0
46445152,203.0
46497360,206.0
46504112,230.0
46521008,170.0
46523408,215.0
46536400,182.0
46541136,213.0
46549520,176.0
46563040,208.0
46564240,178.0
46580416,189.0
46582784,205.0
46585072,188.0
46596016,182.0
46612832,200.0
46628576,185.0
46645104,199.0
46645408,188.0
46653968,192.0
46658208,169.0
46670992,110.0
46683312,161.0
46701088,236.0
46704432,214.0
46712944,150.0
46717952,186.0
46719856,183.0
46725504,176.0
46736384,195.0
46738784,208.0
46746672,215.0
46755456,210.0
46759072,210.0
46763792,214.0
46765504,186.0
46774016,159.0
46783072,321.0
46787168,229.0
46796528,197.0
46797856,203.0
46823632,189.0
46861968,145.0
46865328,139.0
46868624,173.0
46873968,189.0
46885728,151.0
46910784,225.0
46919936,168.0
46923024,212.0
46937776,195.0
46947520,197.0
46963760,184.0
46972608,210.0
46974352,206.0
46995056,169.0
46996480,302.0
46998032,214.0
47033440,160.0
47042368,195.0
47044992,199.0
47048288,285.0
47049568,159.0
47055472,212.0
47057984,167.0
47065984,199.0
47080176,192.0
47084272,182.0
47085168,165.0
47090672,233.0
47098960,175.0
47101472,199.0
47103344,224.0
47116656,169.0
47118128,190.0
47141408,203.0
47157424,191.0
47159616,177.0
47178208,162.0
47239536,222.0
47240384,220.0
47258544,225.0
47279088,500.0
47297504,208.0
47298112,228.0
47328576,197.0
47336560,217.0
47339472,179.0
47340800,146.0
47347568,290.0
47355952,203.0
47357184,185.0
47363440,182.0
47372176,168.0
47372688,182.0
47379728,163.0
47384720,213.0
47400560,166.0
47402160,180.0
47406032,166.0
47411680,180.0
47415648,198.0
47416768,157.0
47428688,224.0
47434624,227.0
47442576,182.0
47449248,205.0
47451504,120.0
47464144,202.0
47470016,207.0
47473536,199.0
47480576,207.0
47488896,298.0
47497072,154.0
47497792,202.0
47507264,207.0
47528448,206.0
47529008,198.0
47541344,375.0
47543664,255.0
47549968,200.0
47550416,205.0
47558400,169.0
47579104,204.0
47582848,204.0
47584128,207.0
47605088,232.0
47608512,219.0
47625824,200.0
47631344,203.0
47639440,221.0
47659664,167.0
47673408,197.0
47675552,131.0
47683568,194.0
47689888,180.0
47696352,194.0
47698464,120.0
47706480,169.0
47722960,191.0
47741936,225.0
47743680,187.0
47755152,191.0
47763072,241.0
47776576,182.0
47790304,243.0
47798752,192.0
47798864,242.0
47800656,193.0
47809760,183.0
47811120,250.0
47812800,189.0
47826528,130.0
47843376,166.0
47849584,215.0
47885024,206.0
47889856,209.0
47893408,227.0
47904080,168.0
47907808,238.0
47915376,163.0
47919200,144.0
47930032,161.0
47933184,175.0
47936176,180.0
47936640,194.0
47950736,213.0
47955936,373.0
47958416,200.0
47984112,97.0
48004800,211.0
48031648,210.0
48049152,237.0
48050704,184.0
48061376,174.0
48061936,200.0
48062496,202.0
48073456,171.0
48089648,194.0
48102080,223.0
48111312,201.0
48111792,216.0
48116576,221.0
48118560,201.0
48125200,225.0
48136656,170.0
48136816,203.0
48148576,196.0
48174656,206.0
48175184,183.0
48195808,199.0
48197808,192.0
48203120,158.0
48203264,161.0
48213808,197.0
48281232,198.0
48321952,197.0
48324288,197.0
48327216,187.0
48336128,198.0
48341360,178.0
48347424,190.0
48368992,217.0
48370784,209.0
48371824,169.0
48374032,202.0
48375744,221.0
48377472,212.0
48383648,175.0
48408528,209.0
48410864,189.0
48411728,178.0
48431824,163.0
48434432,352.0
48451520,216.0
48458992,229.0
48466656,181.0
48471712,178.0
48475440,155.0
48487472,174.0
48493344,185.0
48493632,176.0
48498096,180.0
48499040,173.0
48500512,178.0
48506064,262.0
48529376,150.0
48535552,199.0
48543808,164.0
48550480,142.0
48552608,208.0
48574368,179.0
48577056,206.0
48578304,179.0
48580784,195.0
48589008,192.0
48590912,179.0
48595456,174.0
48598816,180.0
48601072,224.0
48603248,220.0
48623248,213.0
48646736,216.0
48655776,192.0
48680864,195.0
48701152,192.0
48705904,207.0
48715824,149.0
48727728,212.0
48730480,258.0
48738896,181.0
48748224,178.0
48759120,217.0
48766240,202.0
48776848,198.0
48790144,180.0
48802720,187.0
48804752,218.0
48831232,197.0
48849152,189.0
48851392,232.0
48851984,176.0
48861296,171.0
48868448,217.0
48884160,168.0
48893120,152.0
48895408,190.0
48897760,114.0
48907264,167.0
48911504,154.0
48912944,230.0
48924464,195.0
48927904,194.0
48945008,218.0
48948240,273.0
48949600,119.0
48960448,215.0
48963904,199.0
48991328,222.0
49006032,188.0
49031472,205.0
49043936,185.0
49050832,181.0
49055232,172.0
49057488,168.0
49068688,209.0
49084944,187.0
49098464,177.0
49113936,190.0
49115712,194.0
49122544,187.0
49125536,186.0
49128288,204.0
49149824,177.0
49175936,99.0
49187984,188.0
49192592,306.0
49198640,243.0
49207984,238.0
49213632,205.0
49233168,185.0
49234496,196.0
49239824,188.0
49256240,212.0
49261760,131.0
49264576,210.0
49274112,161.0
49294688,205.0
49297840,196.0
49298576,179.0
49312720,190.0
49334864,268.0
49344576,163.0
49359680,186.0
49364720,197.0
49395504,201.0
49400992,161.0
49426112,192.0
49437408,182.0
49438224,207.0
49470016,196.0
49479184,223.0
49488784,381.0
49500368,220.0
49507632,174.0
49507872,206.0
49526400,191.0
49531744,172.0
49533440,205.0
49552880,199.0
49554992,138.0
49560272,200.0
49563760,223.0
49568256,179.0
49574576,188.0
49578224,196.0
49578400,198.0
49581584,174.0
49587728,169.0
49597696,340.0
49600768,225.0
49602816,166.0
49603392,254.0
49607968,164.0
49634752,130.0
49646576,178.0
49665552,173.0
49667632,356.0
49671552,176.0
49674752,191.0
49678224,108.0
49686992,194.0
49691136,223.0
49692496,223.0
49713280,439.0
49718928,219.0
49723376,204.0
49747248,193.0
49753392,206.0
49756016,292.0
49757216,177.0
49767840,210.0
49771872,186.0
49806336,238.0
49813760,147.0
49823920,444.0
49856640,179.0
49861600,172.0
49865056,162.0
49882928,228.0
49884688,193.0
49889712,177.0
49896352,186.0
49897248,204.0
49911296,191.0
49916144,193.0
49919168,203.0
49928144,184.0
49928176,236.0
49937184,189.0
49952320,130.0
49961632,250.0
49964832,199.0
49977168,331.0
49977984,214.0
50001936,195.0
50004496,207.0
50007840,174.0
50034624,199.0
50060912,282.0
50077456,200.0
50079584,181.0
50080384,175.0
50080768,335.0
50082704,199.0
50090016,120.0
50090144,262.0
50102016,105.0
50155328,244.0
50157824,166.0
50174368,195.0
50214192,213.0
50220240,195.0
50231648,251.0
50238592,199.0
50242656,287.0
50247440,190.0
50249520,249.0
50268144,115.0
50275792,192.0
50293216,102.0
50294816,222.0
50316368,220.0
50317216,186.0
50342992,204.0
50348256,158.0
50350176,119.0
50366432,140.0
50387456,229.0
50387856,188.0
50391216,205.0
50405984,167.0
50408688,318.0
50427392,251.0
50437408,176.0
50448080,196.0
50449648,80.0
50473664,356.0
50483520,500.0
50483840,165.0
50505168,126.0
50527840,188.0
50530352,118.0
50544464,309.0
50546016,197.0
50555328,256.0
50561872,168.0
50566400,195.0
50571216,176.0
50589232,176.0
50607904,146.0
50619376,135.0
50630160,115.0
50632192,182.0
50653296,465.0
50666672,123.0
50670048,213.0
50678736,262.0
50683072,221.0
50691952,228.0
50694384,231.0
50704416,201.0
50705872,186.0
50705888,186.0
50710768,206.0
50711600,339.0
50714304,178.0
50716752,194.0
50718976,338.0
50727984,131.0
50735136,124.0
50743392,247.0
50778000,260.0
50812608,178.0
50834896,177.0
50837392,230.0
50838576,223.0
50875360,162.0
50877056,222.0
50878816,102.0
50882256,174.0
50882768,211.0
50957632,210.0
50968288,128.0
51002480,206.0
51045648,211.0
51048176,221.0
51058864,154.0
51062560,210.0
51065616,178.0
51070560,187.0
51074928,184.0
51076688,261.0
51084560,101.0
51103936,208.0
51116464,174.0
51124352,198.0
51131776,132.0
51132176,231.0
51134960,173.0
51141440,177.0
51211856,129.0
51217376,291.0
51223792,98.0
51233440,207.0
51233952,215.0
51235296,115.0
51239632,193.0
51245296,202.0
51250560,222.0
51257232,248.0
51274336,196.0
51304960,222.0
51309648,159.0
51326528,329.0
51331520,117.0
51343280,222.0
51360880,100.0
51372128,144.0
51376176,202.0
51376416,184.0
51382416,161.0
51395920,125.0
51423440,208.0
51434400,143.0
51438608,223.0
51469584,283.0
51473344,188.0
51508016,209.0
51508496,120.0
51510992,162.0
51513632,204.0
51534528,201.0
51537936,203.0
51545088,304.0
51557024,216.0
51596592,226.0
51600048,131.0
51600576,224.0
51601184,228.0
51602448,199.0
51604064,217.0
51636368,185.0
51641552,189.0
51668160,500.0
51671312,235.0
51675248,104.0
51681728,203.0
51685648,123.0
51695616,145.0
51711728,195.0
51716416,221.0
51721632,199.0
51754064,198.0
51765616,193.0
51770656,202.0
51780880,258.0
51799024,112.0
51811152,106.0
51823904,232.0
51828912,201.0
51829600,183.0
51832912,164.0
51835072,246.0
51836032,190.0
51836848,260.0
51862736,211.0
51865376,183.0
51876336,223.0
51877264,235.0
51889712,224.0
51891776,227.0
51903136,158.0
51907152,201.0
51915184,110.0
51915440,251.0
51915792,170.0
51934928,129.0
51939072,102.0
51955120,196.0
51984592,210.0
51985072,197.0
52003104,164.0
52016320,178.0
52024848,154.0
52027392,199.0
52041216,139.0
52042208,207.0
52043840,232.0
52045744,220.0
52046928,176.0
52048880,212.0
52055856,234.0
52056464,198.0
52075856,229.0
52079328,191.0
52091152,182.0
52119072,137.0
52130320,193.0
52143456,234.0
52153696,126.0
52183552,221.0
52200560,194.0
52211248,166.0
52226400,184.0
52230976,130.0
52244128,156.0
52244160,153.0
52245568,100.0
52246592,192.0
52247200,191.0
52262528,121.0
52275504,108.0
52281936,243.0
52284432,214.0
52295888,178.0
52303520,166.0
52313456,202.0
52328080,166.0
52328448,201.0
52337632,246.0
52361712,119.0
52368352,209.0
52373536,190.0
52376064,113.0
52383008,228.0
52398720,198.0
52405872,169.0
52418064,243.0
52430880,197.0
52435312,207.0
52449552,91.0
52454816,112.0
52459584,231.0
52464016,148.0
52467456,204.0
52470992,166.0
52477280,110.0
52484848,168.0
52497152,249.0
52514256,158.0
52536192,171.0
52545440,215.0
52554016,119.0
52563232,145.0
52570368,200.0
52581776,160.0
52582864,231.0
52588496,186.0
52599952,182.0
52604944,208.0
52607072,209.0
52625728,214.0
52633264,179.0
52644272,176.0
52650096,175.0
52659536,179.0
52679888,224.0
52680560,154.0
52712176,153.0
52720000,173.0
52720960,241.0
52728160,184.0
52748480,180.0
52755680,480.0
52760000,207.0
52761312,220.0
52774144,121.0
52778464,119.0
52782272,213.0
52802528,191.0
52816880,195.0
52828944,191.0
52833072,179.0
52840192,250.0
52840992,159.0
52848272,179.0
52848976,230.0
52854160,164.0
52867536,197.0
52873568,198.0
52892128,196.0
52912688,205.0
52917760,188.0
52922336,246.0
52954624,162.0
52957184,169.0
52960800,190.0
52967664,156.0
52975104,204.0
52979728,194.0
52981744,206.0
53005552,199.0
53017248,190.0
53046512,202.0
53059344,175.0
53070640,154.0
53104208,235.0
53105872,156.0
53115744,200.0
53122736,204.0
53125216,191.0
53128752,220.0
53131744,157.0
53139856,140.0
53145376,176.0
53153728,184.0
53158672,216.0
53162544,203.0
53166176,171.0
53174448,189.0
53182192,232.0
53186608,131.0
53214736,184.0
53226048,176.0
53226768,176.0
53227824,206.0
53228256,227.0
53228800,135.0
53238512,194.0
53240224,199.0
53250592,213.0
53256112,169.0
53256688,186.0
53261616,209.0
53269456,209.0
53274848,200.0
53294224,212.0
53301600,243.0
53307024,212.0
53331120,176.0
53335968,121.0
53347824,181.0
53350208,195.0
53357040,175.0
53360768,178.0
53373152,204.0
53373248,217.0
53374576,229.0
53379536,147.0
53399872,255.0
53406752,164.0
53407248,236.0
53414304,186.0
53428144,180.0
53437344,219.0
53437712,208.0
53444256,178.0
53455040,194.0
53468976,188.0
53472128,196.0
53493120,212.0
53499360,158.0
53499664,253.0
53502912,198.0
53539744,180.0
53542816,186.0
53547360,205.0
53558432,203.0
53578704,345.0
53581472,222.0
53584176,172.0
53590704,114.0
53592624,193.0
53609680,195.0
53611248,213.0
53611248,186.0
53627072,165.0
53634576,173.0
53641664,206.0
53653760,135.0
53670000,223.0
53674272,166.0
53688352,151.0
53693872,248.0
53694288,171.0
53696640,213.0
53709040,197.0
53712128,192.0
53713136,157.0
53718896,202.0
53719232,322.0
53727472,170.0
53758768,174.0
53773296,110.0
53807520,191.0
53808448,206.0
53809888,190.0
53814624,164.0
53819840,199.0
53821952,186.0
53825760,143.0
53826864,182.0
53830304,214.0
53834752,207.0
53871248,220.0
53877808,197.0
53902752,151.0
53912832,159.0
53913696,170.0
53917712,158.0
53942736,210.0
53953552,208.0
53964640,235.0
53977568,228.0
53983520,184.0
53983600,201.0
53995200,256.0
54012416,156.0
54024512,198.0
54027024,198.0
54031792,167.0
54033344,208.0
54044528,176.0
54076464,190.0
54091152,158.0
54096880,199.0
54097168,168.0
54131408,233.0
54151712,211.0
54156896,243.0
54163696,214.0
54165584,170.0
54208496,204.0
54208880,176.0
54220288,164.0
54242960,165.0
54248528,225.0
54255504,181.0
54255792,189.0
54257504,196.0
54276720,137.0
54278752,147.0
54281360,156.0
54284048,167.0
54286144,230.0
54286272,102.0
54299408,223.0
54302352,221.0
54303696,173.0
54309984,201.0
54319392,215.0
54319520,123.0
54321776,156.0
54323696,215.0
54326240,167.0
54327760,216.0
54330816,176.0
54379600,203.0
54382576,215.0
54387264,172.0
54387888,173.0
54391120,155.0
54394080,141.0
54404944,192.0
54407024,215.0
54407696,196.0
54427984,172.0
54442224,207.0
54444192,167.0
54447472,167.0
54450128,206.0
54460832,233.0
54465024,177.0
54471312,192.0
54479344,181.0
54505520,198.0
54506384,212.0
54517584,182.0
54524592,172.0
54543392,224.0
54549408,180.0
54554336,158.0
54575536,175.0
54583744,228.0
54595424,152.0
54597200,239.0
54597264,180.0
54606064,224.0
54638352,170.0
54649936,185.0
54658480,188.0
54664256,226.0
54671184,196.0
54706624,215.0
54756000,162.0
54756448,258.0
54757664,214.0
54771104,97.0
54781440,135.0
54803104,185.0
54821760,152.0
54832208,95.0
54833344,202.0
54836400,127.0
54847776,175.0
54850800,230.0
54858432,171.0
54858736,192.0
54863488,166.0
54877712,173.0
54903776,157.0
54905680,184.0
54909216,212.0
54913856,181.0
54960080,190.0
54988048,174.0
54989840,189.0
54998464,183.0
54999072,178.0
55007968,240.0
55021872,117.0
55030720,187.0
55040528,181.0
55041072,167.0
55044064,144.0
55044144,203.0
55047312,183.0
55050704,199.0
55058928,211.0
55062928,183.0
55069872,214.0
55092272,203.0
55106800,170.0
55112304,158.0
55141424,169.0
55158096,192.0
55166528,206.0
55175616,179.0
55196160,176.0
55222160,194.0
55224384,185.0
55225792,189.0
55236512,170.0
55238944,151.0
55240320,201.0
55244160,225.0
55245536,173.0
55251888,162.0
55253904,248.0
55260576,115.0
55277120,151.0
55292432,186.0
55292512,207.0
55306736,181.0
55308160,184.0
55312048,169.0
55312656,204.0
55339152,226.0
55346112,211.0
55360320,159.0
55384144,250.0
55401072,227.0
55403664,185.0
55404176,184.0
55419872,165.0
55432112,175.0
55432304,198.0
55432608,193.0
55449408,181.0
55457296,198.0
55466576,160.0
55473104,156.0
55510832,206.0
55524176,240.0
55532112,207.0
55540832,212.0
55548000,211.0
55552688,210.0
55552992,212.0
55562576,190.0
55575072,168.0
55577312,139.0
55584800,118.0
55593152,179.0
55595840,167.0
55610752,201.0
55613808,191.0
55614720,241.0
55635392,227.0
55639712,214.0
55643088,215.0
55646720,199.0
55679296,186.0
55682832,216.0
55689056,131.0
55702832,215.0
55718624,206.0
55730912,157.0
55743888,215.0
55744816,174.0
55752672,228.0
55754096,162.0
55789872,232.0
55794704,187.0
55795120,184.0
55795920,205.0
55836896,168.0
55849936,216.0
55861408,149.0
55871248,223.0
55886688,175.0
55889488,210.0
55905168,195.0
55924176,216.0
55932304,155.0
55940944,296.0
55944048,192.0
55960768,145.0
55989072,185.0
55989984,229.0
55995936,164.0
56002384,162.0
56013760,202.0
56014384,182.0
56020544,214.0
56024368,213.0
56031216,190.0
56033024,171.0
56044400,227.0
56053232,202.0
56075424,164.0
56084688,177.0
56087952,206.0
56089808,200.0
56100128,202.0
56102528,158.0
56119280,185.0
56128592,174.0
56134864,183.0
56144016,190.0
56145744,152.0
56153328,199.0
56162944,188.0
56168624,208.0
56207376,205.0
56209808,168.0
56217088,268.0
56227968,166.0
56240144,186.0
56248000,193.0
56249984,182.0
56269344,229.0
56299392,174.0
56302240,201.0
56303888,231.0
56305264,192.0
56312064,170.0
56317024,178.0
56319600,168.0
56334608,200.0
56344832,183.0
56345904,231.0
56350544,185.0
56353152,206.0
56378016,201.0
56390400,206.0
56396960,196.0
56403536,200.0
56403648,310.0
56405584,225.0
56433856,204.0
56438128,200.0
56469760,201.0
56479792,228.0
56487712,193.0
56490000,219.0
56491808,188.0
56494144,157.0
56495136,162.0
56501936,179.0
56509808,181.0
56514080,187.0
56525200,213.0
56535696,215.0
56543968,166.0
56550640,195.0
56578592,156.0
56580704,220.0
56602032,161.0
56609200,216.0
56614192,179.0
56630144,174.0
56632416,158.0
56642480,189.0
56649040,214.0
56661376,184.0
56662368,312.0
56676400,190.0
56680624,280.0
56684192,190.0
56693472,214.0
56698768,185.0
56705472,228.0
56715872,216.0
56720352,204.0
56721248,173.0
56729360,176.0
56731664,148.0
56739840,189.0
56747744,155.0
56753888,217.0
56760080,408.0
56760512,153.0
56767120,210.0
56771952,245.0
56773088,187.0
56783760,329.0
56786480,203.0
56806080,186.0
56807808,167.0
56824576,142.0
56826144,218.0
56827264,223.0
56830096,204.0
56839536,142.0
56844272,227.0
56849648,157.0
56871760,198.0
56873360,156.0
56881440,201.0
56925024,231.0
56937904,187.0
56938880,210.0
56939216,188.0
56960016,241.0
56970528,209.0
56979056,500.0
56982368,162.0
56990960,220.0
57015424,174.0
57030544,208.0
57043920,257.0
57067808,240.0
57084928,220.0
57086240,149.0
57105696,191.0
57109392,230.0
57111952,202.0
57115152,238.0
57121184,177.0
57155120,190.0
57163760,207.0
57169568,174.0
57187664,205.0
57194336,431.0
57199536,178.0
57199824,145.0
57221296,192.0
57237104,204.0
57240640,177.0
57245872,168.0
57261472,231.0
57266400,170.0
57271168,281.0
57277056,158.0
57311200,216.0
57330464,132.0
57355376,199.0
57358192,216.0
57359984,179.0
57369840,197.0
57373696,259.0
57395824,104.0
57459488,213.0
57478000,135.0
57482432,178.0
57490448,202.0
57513456,164.0
57540864,125.0
57542960,195.0
57556240,183.0
57567664,186.0
57572576,253.0
57574864,220.0
57620288,203.0
57623984,218.0
57627088,192.0
57634016,116.0
57641616,211.0
57647472,172.0
57654640,198.0
57654976,185.0
57668880,183.0
57670208,213.0
57696208,171.0
57707232,206.0
57719216,200.0
57721744,165.0
57732320,173.0
57733184,197.0
57741552,187.0
57743040,208.0
57744816,205.0
57770624,126.0
57790384,188.0
57792656,211.0
57802416,202.0
57803008,228.0
57808144,242.0
57816352,214.0
57826944,220.0
57845952,191.0
57848624,224.0
57874368,184.0
57876416,189.0
57879200,175.0
57902992,197.0
57907056,205.0
57907840,179.0
57921760,189.0
57928288,198.0
57948800,201.0
57956096,201.0
57957472,231.0
57972192,164.0
57978592,183.0
57999728,192.0
58035344,457.0
58040656,176.0
58050064,170.0
58073200,191.0
58074160,189.0
58086800,113.0
58163984,159.0
58194336,227.0
58208720,171.0
58221008,175.0
58226432,189.0
58236672,153.0
58247088,200.0
58249600,156.0
58256704,229.0
58268304,148.0
58283616,208.0
58307856,208.0
58308800,175.0
58314336,209.0
58320880,195.0
58327616,192.0
58329472,189.0
58329744,196.0
58331040,184.0
58336096,181.0
58337056,194.0
58352112,247.0
58360928,221.0
58362768,164.0
58398048,218.0
58407184,191.0
58411200,141.0
58417568,162.0
58431280,197.0
58439536,156.0
58439632,180.0
58440624,186.0
58453872,197.0
58487456,199.0
58504960,254.0
58523072,162.0
58526816,246.0
58540112,171.0
58541424,114.0
58561936,228.0
58563664,197.0
58574784,186.0
58577568,181.0
58581024,186.0
58590896,112.0
58594976,149.0
58600848,199.0
58619488,232.0
58639040,217.0
58646272,208.0
58648544,182.0
58648864,229.0
58650240,113.0
58691616,191.0
58692944,176.0
58693024,157.0
58711696,186.0
58733600,168.0
58755088,175.0
58763584,103.0
58769072,207.0
58779904,179.0
58786192,195.0
58789360,180.0
58794976,182.0
58797712,183.0
58800736,188.0
58801696,192.0
58804656,220.0
58811008,169.0
58816928,217.0
58820064,182.0
58832272,186.0
58838896,165.0
58853184,212.0
58875856,164.0
58881792,237.0
58884384,157.0
58898160,220.0
58907216,165.0
58908800,221.0
58915200,169.0
58920256,214.0
58930768,196.0
58936832,189.0
58941104,213.0
58955504,221.0
58956912,191.0
58957456,159.0
58992144,205.0
58998304,199.0
59006960,182.0
59012608,188.0
59017808,223.0
59025280,165.0
59026528,229.0
59048112,195.0
59054736,116.0
59091968,183.0
59115136,223.0
59115216,176.0
59125776,163.0
59128032,198.0
59174864,174.0
59190320,206.0
59203216,170.0
59217488,225.0
59228320,157.0
59252864,203.0
59266656,157.0
59268528,170.0
59270032,241.0
59273312,203.0
59278384,179.0
59284224,210.0
59301952,169.0
59303648,198.0
59328784,180.0
59331168,197.0
59337552,195.0
59347872,184.0
59359392,177.0
59368496,201.0
59410272,194.0
59410624,138.0
59416672,352.0
59418016,270.0
59452736,175.0
59453328,201.0
59457760,199.0
59461440,170.0
59461552,217.0
59468736,210.0
59472368,239.0
59506384,209.0
59513456,196.0
59513680,161.0
59516272,224.0
59524304,113.0
59527792,191.0
59538416,161.0
59543376,228.0
59552752,163.0
59554112,163.0
59559568,177.0
59560768,228.0
59562816,178.0
59574400,180.0
59585136,226.0
59598880,175.0
59616544,159.0
59625184,207.0
59629232,107.0
59705904,264.0
59742704,205.0
59753760,190.0
59769296,500.0
59777312,500.0
59783600,217.0
59783776,189.0
59790912,153.0
59798496,108.0
59818448,187.0
59839344,202.0
59865776,166.0
59878464,215.0
59891264,190.0
59891808,208.0
59893936,166.0
59907248,165.0
59910016,192.0
59912432,178.0
59916512,215.0
59924272,159.0
59925488,243.0
59926400,204.0
59928352,206.0
59929248,154.0
59940128,203.0
59944688,177.0
59946288,189.0
59968832,160.0
60008832,203.0
60014176,141.0
60021248,205.0
60062400,155.0
60066848,230.0
60074832,221.0
60082736,224.0
60083088,177.0
60097760,218.0
60104656,167.0
60116912,154.0
60128928,222.0
60139936,170.0
60145056,195.0
60154704,166.0
60157888,182.0
60177328,187.0
60191744,167.0
60193616,116.0
60195744,207.0
60243216,190.0
60273696,111.0
60282176,210.0
60283984,252.0
60288560,198.0
60302208,343.0
60302368,222.0
60309728,214.0
60312176,183.0
60393776,235.0
60396176,201.0
60402800,190.0
60456368,186.0
60466896,207.0
60473376,211.0
60475200,203.0
60478768,115.0
60513392,306.0
60534912,155.0
60544160,231.0
60554112,165.0
60557328,187.0
60588144,210.0
60595504,332.0
60604272,197.0
60616144,187.0
60620368,236.0
60623072,200.0
60637664,110.0
60657040,156.0
60663856,108.0
60684672,106.0
60690720,204.0
60697152,196.0
60700704,202.0
60704464,229.0
60709440,219.0
60716336,329.0
60746816,166.0
60754000,157.0
60775920,377.0
60802304,145.0
60803072,201.0
60811440,364.0
60813472,197.0
60846944,293.0
60851440,112.0
60852544,161.0
60856480,165.0
60866240,211.0
60866992,176.0
60868576,196.0
60890144,193.0
60897568,132.0
60909760,210.0
60925552,169.0
60931280,103.0
60932144,205.0
60944560,214.0
60954272,118.0
60972688,160.0
60979328,196.0
60993200,227.0
60995008,215.0
61026512,180.0
61027872,187.0
61039872,206.0
61041072,200.0
61045696,240.0
61049472,146.0
61056192,201.0
61083328,123.0
61083568,184.0
61084336,212.0
61092144,154.0
61149616,104.0
61156608,183.0
61162704,168.0
61162720,417.0
61188064,188.0
61197376,185.0
61201952,165.0
61219472,181.0
61220624,192.0
61229424,137.0
61236336,209.0
61237168,189.0
61242336,195.0
61248128,207.0
61281184,224.0
61281728,185.0
61286112,196.0
61298832,201.0
61310288,212.0
61317920,185.0
61321440,173.0
61327088,137.0
61330608,160.0
61368544,230.0
61369296,165.0
61373888,237.0
61383648,171.0
61386960,190.0
61392208,179.0
61392256,182.0
61401408,202.0
61404288,179.0
61420304,154.0
61436368,187.0
61442928,167.0
61454880,122.0
61461632,211.0
61468464,256.0
61479664,198.0
61490352,173.0
61511040,164.0
61517552,145.0
61518016,188.0
61551584,207.0
61554000,207.0
61562528,208.0
61563152,175.0
61580832,189.0
61614256,272.0
61629696,101.0
61635904,183.0
61640688,203.0
61644752,115.0
61651424,167.0
61660688,187.0
61663264,177.0
61666288,209.0
61666672,223.0
61671744,215.0
61680704,169.0
61686864,167.0
61711152,210.0
61733744,200.0
61734320,154.0
61740800,168.0
61781360,198.0
61783024,211.0
61838736,217.0
61852432,181.0
61856128,236.0
61874592,222.0
61877872,174.0
61899056,189.0
61900208,207.0
61910000,209.0
61921520,179.0
61922240,167.0
61925984,120.0
61941616,213.0
61948144,183.0
61966960,179.0
61974096,174.0
61980752,122.0
61985424,121.0
61994688,170.0
62028464,211.0
62031744,190.0
62036608,196.0
62046912,207.0
62047840,191.0
62049840,186.0
62063424,233.0
62071328,164.0
62078624,160.0
62083264,168.0
62088320,189.0
62124992,197.0
62155744,176.0
62160480,117.0
62169440,172.0
62207296,183.0
62234448,199.0
62254416,175.0
62262544,161.0
62264896,197.0
62268608,197.0
62279344,171.0
62313536,215.0
62316016,127.0
62319056,220.0
62328144,192.0
62356288,208.0
62426144,181.0
62435552,199.0
62435584,216.0
62439280,137.0
62441136,176.0
62441968,216.0
62460704,210.0
62467168,191.0
62470384,142.0
62470688,193.0
62471088,244.0
62485392,193.0
62492912,230.0
62498576,194.0
62505248,207.0
62525472,154.0
62532432,172.0
62543264,104.0
62551392,215.0
62557968,153.0
62576928,170.0
62586032,208.0
62591792,174.0
62595504,192.0
62596896,318.0
62638528,178.0
62658096,154.0
62680112,195.0
62681200,198.0
62696528,211.0
62699232,208.0
62710944,200.0
62718496,130.0
62728480,182.0
62734912,143.0
62741280,194.0
62741952,210.0
62749856,186.0
62769424,150.0
62785232,213.0
62802256,159.0
62815984,177.0
62848848,208.0
62853920,185.0
62878832,144.0
62882192,183.0
62890896,168.0
62894176,150.0
62896224,189.0
62900352,190.0
62909824,203.0
62918480,201.0
62919472,164.0
62927632,192.0
62931184,205.0
62934608,185.0
62935088,193.0
62935440,161.0
62953552,239.0
62965536,173.0
62969120,178.0
62994800,170.0
62999008,394.0
62999328,178.0
63004672,180.0
63016368,214.0
63024800,192.0
63051408,216.0
63072800,246.0
63075504,190.0
63088352,235.0
63091984,187.0
63122720,170.0
63149424,185.0
63161920,224.0
63168992,162.0
63189136,215.0
63189632,225.0
63190752,182.0
63192176,189.0
63202784,199.0
63203440,191.0
63203536,341.0
63214048,225.0
63221648,189.0
63224240,227.0
63232848,180.0
63236880,211.0
63248864,111.0
63271760,180.0
63277344,191.0
63278880,223.0
63283920,192.0
63284592,204.0
63289184,191.0
63293600,229.0
63328176,197.0
63337760,192.0
63344864,188.0
63349824,211.0
63369760,204.0
63370960,181.0
63378688,149.0
63381632,181.0
63383584,163.0
63391072,164.0
63408272,259.0
63412512,116.0
63415696,198.0
63419408,240.0
63436304,160.0
63438176,202.0
63449712,196.0
63453216,182.0
63473712,131.0
63493104,166.0
63559264,243.0
63560384,215.0
63567952,137.0
63572208,169.0
63577584,249.0
63593152,198.0
63596240,192.0
63598384,194.0
63608512,184.0
63642320,120.0
63652096,192.0
63667248,152.0
63668560,193.0
63674560,105.0
63678160,177.0
63680624,126.0
63696992,253.0
63708048,191.0
63719360,151.0
63733312,163.0
63738528,117.0
63754816,155.0
63770672,203.0
63788480,161.0
63791760,207.0
63797408,178.0
63814576,208.0
63817776,199.0
63825168,106.0
63838144,216.0
63839232,254.0
63856304,220.0
63860880,196.0
63863456,221.0
63873840,136.0
63875984,203.0
63906688,132.0
63909744,190.0
63910496,180.0
63915936,124.0
63926720,116.0
63938080,144.0
63944288,282.0
63956160,183.0
63967712,198.0
64012576,194.0
64018960,231.0
64021824,153.0
64047792,186.0
64051840,188.0
64055392,243.0
64073360,190.0
64080560,193.0
64094912,174.0
64096912,287.0
64102992,189.0
64118944,214.0
64126016,173.0
64137056,174.0
64140016,276.0
64146896,195.0
64154464,208.0
64178816,148.0
64184896,239.0
64209472,202.0
64210640,220.0
64213248,178.0
64216448,171.0
64222576,197.0
64237088,206.0
64241264,177.0
64242816,186.0
64261328,169.0
64287824,149.0
64290160,238.0
64294560,188.0
64296640,186.0
64300624,169.0
64323168,225.0
64342144,240.0
64344192,163.0
64359600,200.0
64380816,167.0
64381872,205.0
64387488,137.0
64403136,168.0
64429504,208.0
64430864,248.0
64434336,116.0
64450224,138.0
64463392,122.0
64465296,168.0
64476720,210.0
64486912,176.0
64505504,193.0
64508528,188.0
64513232,183.0
64514752,176.0
64516512,204.0
64519904,196.0
64524096,210.0
64538560,172.0
64543456,156.0
64549248,222.0
64564912,220.0
64566304,157.0
64583040,188.0
64597024,164.0
64611424,184.0
64626240,212.0
64629984,166.0
64630592,178.0
64632720,160.0
64642688,226.0
64648848,145.0
64652976,248.0
64665760,181.0
64666720,208.0
64678320,187.0
64681328,250.0
64684368,225.0
64686432,209.0
64711456,138.0
64717920,206.0
64720224,127.0
64734912,203.0
64734928,274.0
64743664,121.0
64759344,182.0
64783968,189.0
64786208,147.0
64792656,205.0
64801664,199.0
64811760,122.0
64815424,169.0
64825968,206.0
64829872,188.0
64846240,182.0
64858160,190.0
64875088,181.0
64880464,205.0
64883152,225.0
64889456,262.0
64897792,203.0
64926624,238.0
64926624,179.0
64932352,194.0
64934160,183.0
64970784,225.0
64987568,184.0
64993600,171.0
65010496,186.0
65017408,196.0
65037600,273.0
65041136,219.0
65056944,184.0
65057792,253.0
65068928,88.0
65091200,167.0
65098064,186.0
65100576,201.0
65129152,168.0
65133328,187.0
65135552,180.0
65146208,175.0
65148144,191.0
65156848,212.0
65168816,186.0
65171968,196.0
65178368,459.0
65219760,105.0
65240336,211.0
65252912,176.0
65260304,251.0
65294928,186.0
65307632,208.0
65326832,146.0
65343296,208.0
65353296,187.0
65359696,230.0
65371408,198.0
65377328,191.0
65379568,108.0
65389664,352.0
65390048,154.0
65409360,236.0
65426512,193.0
65431520,198.0
65438224,215.0
65453520,172.0
65454832,178.0
65462496,150.0
65469488,177.0
65472000,187.0
65473104,155.0
65498016,214.0
65501728,175.0
65523376,176.0
65532720,201.0
65534480,147.0
65544656,189.0
65544800,194.0
65558672,229.0
65560320,186.0
65563040,194.0
65572320,182.0
65582832,169.0
65585760,167.0
65586944,212.0
65588784,183.0
65594288,177.0
65617728,172.0
65629136,202.0
65629952,138.0
65630896,215.0
65632784,162.0
65638080,200.0
65675392,166.0
65689984,130.0
65723952,188.0
65738832,242.0
65741808,181.0
65744576,172.0
65750528,193.0
65792752,183.0
65818912,169.0
65828400,172.0
65845696,185.0
65851216,167.0
65865168,199.0
65869152,165.0
65892816,202.0
65900320,204.0
65902992,199.0
65909936,175.0
65911632,244.0
65913312,140.0
65921616,183.0
65928080,198.0
65973632,205.0
65976304,201.0
65987024,170.0
65994832,202.0
66001872,205.0
66008208,157.0
66018784,228.0
66019824,193.0
66026800,185.0
66028192,190.0
66050432,187.0
66050960,169.0
66058736,213.0
66084448,169.0
66089120,181.0
66092928,185.0
66094496,188.0
66105008,188.0
66134480,125.0
66141792,160.0
66142400,500.0
66145568,199.0
66148544,124.0
66151488,164.0
66151728,171.0
66199568,190.0
66205888,240.0
66210800,196.0
66215632,222.0
66228224,181.0
66244064,128.0
66252176,500.0
66255408,200.0
66256272,161.0
66258592,198.0
66259104,166.0
66270240,153.0
66275120,191.0
66294016,191.0
66302016,207.0
66328400,227.0
66344096,227.0
66346512,196.0
66360464,259.0
66378288,159.0
66392080,182.0
66395536,220.0
66401680,199.0
66408192,225.0
66409984,203.0
66428256,222.0
66451200,170.0
66454064,200.0
66464640,156.0
66477024,189.0
66495584,159.0
66507904,104.0
66510544,187.0
66527808,214.0
66529040,205.0
66541328,201.0
66558880,207.0
66568304,208.0
66568672,230.0
66574640,217.0
66575344,218.0
66577424,229.0
66600704,184.0
66608736,192.0
66627680,241.0
66628784,197.0
66629136,188.0
66630112,229.0
66638160,222.0
66660464,181.0
66673552,211.0
66678272,190.0
66700736,158.0
66715184,193.0
66745792,179.0
66759856,121.0
66765712,178.0
66769632,198.0
66777328,213.0
66777328,204.0
66786512,189.0
66789296,235.0
66816080,184.0
66824768,208.0
66845248,146.0
66868928,122.0
66873200,259.0
66891680,171.0
66893488,112.0
66903248,179.0
66915216,180.0
66915552,216.0
66930352,159.0
66941344,145.0
66944096,168.0
66950064,338.0
66971200,189.0
66972400,187.0
66975904,336.0
66983504,210.0
66990016,210.0
67011280,160.0
67025776,210.0
67039824,232.0
67051664,179.0
67069248,142.0
67069840,106.0
67078448,173.0
67086960,202.0
67088336,232.0
67093648,253.0
67094544,204.0
67108432,186.0
67110096,187.0
67119792,208.0
67129280,180.0
67141984,164.0
67146160,129.0
67149888,165.0
67152848,194.0
67157568,174.0
67173280,191.0
67178720,236.0
67183440,215.0
67206016,225.0
67219200,123.0
67241232,169.0
67252528,220.0
67258288,197.0
67267152,170.0
67270032,147.0
67271296,242.0
67273728,230.0
67288640,174.0
67293728,220.0
67303504,197.0
67311088,227.0
67325360,206.0
67325776,114.0
67333488,188.0
67337280,251.0
67339952,176.0
67342416,236.0
67345296,198.0
67356432,174.0
67374960,108.0
67377232,195.0
67377584,191.0
67380160,201.0
67388576,230.0
67396656,157.0
67400640,114.0
67401104,229.0
67415936,186.0
67424464,174.0
67431728,183.0
67444368,220.0
67448016,132.0
67464048,110.0
67470784,245.0
67482432,200.0
67498144,249.0
67507424,205.0
67510944,183.0
67518560,212.0
67528592,216.0
67540352,178.0
67541520,157.0
67553120,183.0
67565552,182.0
67568624,172.0
67577008,186.0
67580736,185.0
67594752,97.0
67609632,202.0
67620496,190.0
67623152,104.0
67624704,161.0
67643232,307.0
67662720,191.0
67693168,135.0
67694288,162.0
67703424,198.0
67706880,116.0
67712960,208.0
67719328,210.0
67758608,208.0
67759472,172.0
67777552,109.0
67808080,171.0
67810304,177.0
67822512,221.0
67825216,188.0
67826288,169.0
67831712,162.0
67832288,162.0
67837136,160.0
67842624,188.0
67843328,122.0
67843680,226.0
67845792,204.0
67849024,201.0
67851968,183.0
67856448,169.0
67871216,234.0
67873392,179.0
67875984,164.0
67890368,157.0
67893584,143.0
67915440,155.0
67960144,208.0
67972432,180.0
67990096,159.0
68020496,178.0
68020928,163.0
68024928,148.0
68033040,168.0
68040944,173.0
68062256,175.0
68083952,199.0
68089360,113.0
68090688,181.0
68116560,154.0
68124080,175.0
68134672,217.0
68139760,191.0
68140400,186.0
68143664,164.0
68148768,220.0
68156464,191.0
68157600,198.0
68161840,180.0
68168544,174.0
68172000,174.0
68178832,205.0
68183568,193.0
68191376,141.0
68195968,500.0
68210320,165.0
68213104,130.0
68214848,193.0
68221408,173.0
68226864,174.0
68249984,196.0
68255936,192.0
68257792,500.0
68268128,204.0
68268608,216.0
68276608,241.0
68280784,208.0
68300288,191.0
68304848,172.0
68312448,179.0
68318032,170.0
68323552,192.0
68327584,205.0
68330976,211.0
68356000,200.0
68377248,204.0
68382256,203.0
68390928,224.0
68408288,210.0
68443840,223.0
68454080,172.0
68460752,118.0
68466944,192.0
68472560,190.0
68474848,190.0
68490528,215.0
68501472,183.0
68508112,199.0
68527728,105.0
68543552,211.0
68562032,210.0
68562784,204.0
68576304,225.0
68577072,198.0
68583840,102.0
68590512,221.0
68595840,166.0
68603456,181.0
68613664,196.0
68624320,164.0
68638432,169.0
68653232,204.0
68669648,149.0
68674480,182.0
68680944,98.0
68702496,163.0
68718288,178.0
68730096,147.0
68736112,212.0
68745696,231.0
68769648,184.0
68776480,217.0
68795136,220.0
68807440,208.0
68836320,226.0
68850544,235.0
68853152,220.0
68854464,231.0
68861568,294.0
68863504,224.0
68863712,133.0
68872736,167.0
68877680,224.0
68879520,198.0
68891760,254.0
68898848,197.0
68921888,164.0
68993488,225.0
68995280,219.0
68997760,244.0
69013360,238.0
69013968,200.0
69033056,208.0
69041216,195.0
69043248,198.0
69045168,199.0
69065376,185.0
69067024,205.0
69068448,205.0
69071360,148.0
69074128,220.0
69083008,157.0
69087904,115.0
69112928,215.0
69116016,129.0
69119392,168.0
69120528,161.0
69122624,189.0
69131952,201.0
69159440,209.0
69180832,319.0
69188496,156.0
69189040,207.0
69193392,148.0
69210000,288.0
69227568,183.0
69238016,180.0
69239664,187.0
69255552,500.0
69266448,186.0
69269856,218.0
69270160,189.0
69275056,194.0
69277056,209.0
69279088,205.0
69281728,190.0
69289168,105.0
69297280,228.0
69318224,236.0
69323712,194.0
69338608,166.0
69341168,161.0
69344736,197.0
69403296,178.0
69420144,104.0
69426496,134.0
69433968,187.0
69448064,221.0
69462400,195.0
69471616,212.0
69485232,418.0
69486736,185.0
69489984,202.0
69518768,196.0
69519120,176.0
69533424,181.0
69543648,201.0
69589376,270.0
69605776,174.0
69607120,184.0
69618592,183.0
69619184,213.0
69624064,184.0
69653520,157.0
69660800,194.0
69670720,227.0
69672816,197.0
69675440,500.0
69687904,205.0
69688080,154.0
69703136,198.0
69720848,197.0
69728048,173.0
69745152,231.0
69768640,177.0
69800448,194.0
69808192,160.0
69812464,191.0
69828976,286.0
69845584,232.0
69848752,201.0
69854208,187.0
69863808,200.0
69872928,254.0
69879344,216.0
69887232,122.0
69902288,206.0
69904976,134.0
69913808,155.0
69924976,221.0
69932240,148.0
69943040,182.0
69945040,201.0
69958560,201.0
69961136,160.0
69981712,188.0
69997312,197.0
70014768,106.0
70016912,208.0
70019456,180.0
70029792,163.0
70037360,202.0
70052240,189.0
70064416,210.0
70077072,200.0
70078496,158.0
70081184,233.0
70086352,231.0
70093488,216.0
70097136,396.0
70097536,177.0
70099952,194.0
70115136,227.0
70125616,191.0
70141280,232.0
70151072,187.0
70153248,234.0
70154128,188.0
70165232,249.0
70180288,178.0
70199264,237.0
70204672,205.0
70215216,172.0
70216160,206.0
70221264,185.0
70232832,210.0
70249888,166.0
70253776,171.0
70267312,216.0
70285136,146.0
70285936,203.0
70290272,248.0
70290992,299.0
70293696,198.0
70296752,190.0
70304048,175.0
70311456,201.0
70326208,166.0
70335104,221.0
70341008,181.0
70342896,204.0
70359680,192.0
70364128,106.0
70365536,238.0
70367984,251.0
70385040,197.0
70406208,171.0
70407488,201.0
70407952,108.0
70415968,182.0
70436864,184.0
70443568,235.0
70457776,240.0
70461344,184.0
70464720,198.0
70488560,219.0
70513792,203.0
70535440,182.0
70539728,192.0
70545872,220.0
70549040,197.0
70573040,179.0
70583200,210.0
70583504,166.0
70586368,248.0
70589792,163.0
70592512,244.0
70596512,184.0
70604512,179.0
70609456,174.0
70610944,180.0
70613168,202.0
70616352,101.0
70622976,187.0
70628784,216.0
70641472,180.0
70645152,168.0
70657312,185.0
70661488,213.0
70664144,198.0
70667920,223.0
70690112,202.0
70697152,206.0
70699264,141.0
70703952,145.0
70708032,146.0
70718128,183.0
70735120,191.0
70737360,193.0
70737392,179.0
70747488,208.0
70751600,185.0
70763104,234.0
70769632,110.0
70806336,197.0
70819184,191.0
70822448,152.0
70836688,266.0
70837360,224.0
70855456,224.0
70858064,203.0
70865136,209.0
70904816,500.0
70920720,178.0
70936816,195.0
70943216,194.0
70954416,180.0
70979008,229.0
70990736,167.0
70993200,212.0
70996848,182.0
71012336,222.0
71014736,183.0
71014784,110.0
71039696,130.0
71073136,223.0
71074672,248.0
71075024,273.0
71075616,170.0
71083568,201.0
71109088,214.0
71111088,177.0
71130688,195.0
71131520,183.0
71139072,170.0
71192176,200.0
71193136,172.0
71198256,158.0
71207568,155.0
71241008,186.0
71250864,201.0
71273232,191.0
71295312,178.0
71302144,156.0
71309472,141.0
71313808,179.0
71314672,371.0
71331872,178.0
71335312,176.0
71343456,148.0
71350160,175.0
71360096,103.0
71362272,231.0
71391024,147.0
71406432,189.0
71415696,182.0
71419280,182.0
71420128,118.0
71420608,184.0
71443280,168.0
71446160,114.0
71459744,175.0
71473296,126.0
71476432,183.0
71500016,187.0
71501968,179.0
71505392,209.0
71515664,194.0
71519408,179.0
71573952,178.0
71582736,186.0
71593792,222.0
71601088,188.0
71615856,200.0
71625520,167.0
71626736,154.0
71630080,210.0
71649632,171.0
71677776,181.0
71684704,236.0
71686688,209.0
71693120,181.0
71699376,182.0
71708032,163.0
71714192,212.0
71721472,169.0
71737888,181.0
71745904,95.0
71750480,187.0
71751824,203.0
71768240,197.0
71776352,267.0
71776768,237.0
71780016,202.0
71804944,207.0
71807744,202.0
71832848,217.0
71837264,225.0
71846368,187.0
71866560,188.0
71887568,206.0
71895408,185.0
71926400,213.0
71930096,167.0
71938352,193.0
71951056,190.0
71964304,160.0
71987744,179.0
72000416,213.0
72007648,185.0
72013088,308.0
72014576,190.0
72032832,199.0
72034880,173.0
72038288,214.0
72041552,181.0
72048976,183.0
72053984,188.0
72062432,190.0
72063696,211.0
72064160,189.0
72068288,175.0
72091184,190.0
72091776,169.0
72092848,190.0
72094944,194.0
72095568,180.0
72107040,221.0
72132784,138.0
72134032,193.0
72140432,187.0
72143904,353.0
72148864,191.0
72154944,193.0
72160960,198.0
72161168,205.0
72200240,223.0
72200976,210.0
72219712,210.0
72220016,197.0
72224960,192.0
72231936,217.0
72235664,207.0
72238464,166.0
72244944,170.0
72253168,179.0
72266192,161.0
72299904,181.0
72322720,209.0
72328464,282.0
72341952,106.0
72344496,189.0
72349952,149.0
72364000,187.0
72366800,129.0
72383776,360.0
72424064,169.0
72424656,142.0
72443184,185.0
72448480,204.0
72456688,195.0
72468528,172.0
72477072,155.0
72506320,179.0
72507472,257.0
72521904,172.0
72528992,210.0
72537808,163.0
72548208,209.0
72550304,191.0
72551888,175.0
72552576,195.0
72557904,288.0
72573312,180.0
72593168,190.0
72605536,174.0
72610992,168.0
72611696,204.0
72615264,153.0
72616912,172.0
72623424,169.0
72635504,182.0
72661024,211.0
72664128,149.0
72665504,325.0
72683808,187.0
72689984,168.0
72701184,214.0
72702384,223.0
72704048,209.0
72724096,198.0
72741584,188.0
72743792,217.0
72762016,215.0
72762736,191.0
72786592,176.0
72794576,219.0
72800640,200.0
72805712,189.0
72807200,169.0
72821024,122.0
72823728,203.0
72842816,214.0
72848912,163.0
72875856,137.0
72882432,207.0
72883056,205.0
72892496,171.0
72906192,172.0
72910880,187.0
72916240,192.0
72930016,204.0
72934528,199.0
72938912,175.0
72948624,190.0
72952384,159.0
72960992,174.0
72971840,277.0
72976704,209.0
72978096,203.0
72981168,191.0
72982880,155.0
72984320,153.0
72984544,204.0
72995008,203.0
73024800,253.0
73032960,206.0
73033328,173.0
73035152,144.0
73040304,175.0
73049728,167.0
73055744,151.0
73057456,234.0
73081968,211.0
73083952,140.0
73088560,102.0
73091072,203.0
73092000,98.0
73092352,192.0
73094160,178.0
73098496,196.0
73104912,220.0
73111168,127.0
73115408,175.0
73125408,152.0
73138624,178.0
73147472,195.0
73148352,201.0
73156640,187.0
73161088,157.0
73183232,210.0
73186624,156.0
73214848,201.0
73225680,207.0
73234352,192.0
73238224,225.0
73244160,186.0
73251584,162.0
73253248,384.0
73254592,146.0
73270624,209.0
73297488,239.0
73298176,192.0
73315152,124.0
73317712,220.0
73320720,160.0
73323632,179.0
73355008,234.0
73366016,184.0
73366976,192.0
73368928,227.0
73369680,147.0
73418464,197.0
73458640,189.0
73480080,172.0
73481488,190.0
73496720,162.0
73497552,500.0
73524448,223.0
73525312,232.0
73527760,174.0
73536320,206.0
73542736,177.0
73561584,168.0
73572704,170.0
73586320,144.0
73618896,198.0
73622400,186.0
73628592,191.0
73637584,212.0
73638928,186.0
73652240,157.0
73702256,178.0
73707408,170.0
73725088,226.0
73730480,143.0
73731520,162.0
73734304,176.0
73745824,170.0
73747504,149.0
73757808,216.0
73765360,210.0
73778576,159.0
73782864,184.0
73783184,205.0
73787424,222.0
73801456,204.0
73818192,237.0
73823856,170.0
73835312,194.0
73843296,211.0
73848608,229.0
73863776,235.0
73866992,213.0
73886048,186.0
73922752,167.0
73937760,208.0
73940560,178.0
73952528,224.0
73958400,198.0
73988272,93.0
73993952,206.0
74011824,232.0
74014400,206.0
74019744,202.0
74021648,162.0
74039136,186.0
74045168,196.0
74051408,213.0
74064752,179.0
74072720,201.0
74078160,131.0
74087536,92.0
74118144,193.0
74121136,170.0
74127408,208.0
74141088,228.0
74154768,185.0
74158880,183.0
74175360,152.0
74186368,153.0
74199472,185.0
74206352,183.0
74206608,297.0
74209344,170.0
74225952,184.0
74242000,189.0
74248752,218.0
74264208,182.0
74274064,165.0
74276896,232.0
74285680,224.0
74306400,229.0
74346608,183.0
74355344,368.0
74386800,192.0
74405072,211.0
74407424,169.0
74422400,150.0
74422688,170.0
74433776,160.0
74450816,171.0
74453712,175.0
74456448,189.0
74456544,176.0
74467872,238.0
74470592,230.0
74480704,181.0
74481552,183.0
74488576,195.0
74497744,200.0
74511552,195.0
74512144,216.0
74523936,200.0
74526624,188.0
74526624,195.0
74526960,204.0
74538336,200.0
74549488,103.0
74560432,223.0
74575456,190.0
74603808,195.0
74611392,156.0
74618640,106.0
74630208,186.0
74638912,343.0
74646432,182.0
74656208,179.0
74658464,167.0
74663312,193.0
74668304,183.0
74671840,194.0
74677200,184.0
74677744,205.0
74681744,175.0
74694704,140.0
74703824,200.0
74721344,197.0
74723040,181.0
74728688,179.0
74747904,177.0
74749408,196.0
74751872,183.0
74751984,210.0
74756320,181.0
74767184,187.0
74768464,212.0
74793408,211.0
74793520,231.0
74809952,170.0
74813984,500.0
74815984,207.0
74816000,156.0
74824976,217.0
74829760,198.0
74834240,174.0
74885632,220.0
74889392,224.0
74898256,140.0
74908624,182.0
74915696,289.0
74939072,186.0
74954592,212.0
74963792,177.0
74977824,163.0
75013824,193.0
75022544,171.0
75029616,169.0
75031472,178.0
75041824,182.0
75045888,200.0
75060400,184.0
75077680,163.0
75078768,222.0
75081280,156.0
75098336,190.0
75099728,192.0
75113520,206.0
75116288,211.0
75133232,187.0
75138928,187.0
75144144,173.0
75147312,176.0
75157904,176.0
75168192,172.0
75200960,189.0
75214512,212.0
75215120,187.0
75217280,172.0
75220880,204.0
75232640,188.0
75236576,192.0
75237408,243.0
75241936,170.0
75255824,171.0
75267168,114.0
75291424,500.0
75294416,237.0
75321696,201.0
75327760,182.0
75347760,197.0
75369488,222.0
75388016,181.0
75399808,189.0
75401952,186.0
75422432,194.0
75428752,213.0
75444384,210.0
75448928,177.0
75460144,164.0
75461296,177.0
75486880,182.0
75489136,217.0
75505088,195.0
75505248,177.0
75512912,171.0
75524144,201.0
75528672,202.0
75533600,187.0
75541008,223.0
75568512,110.0
75574880,260.0
75581664,185.0
75597792,169.0
75600592,182.0
75602224,184.0
75606624,222.0
75627696,234.0
75631616,191.0
75639568,186.0
75646992,238.0
75648320,182.0
75651696,151.0
75673520,192.0
75702272,182.0
75734080,192.0
75735424,195.0
75741104,164.0
75743936,213.0
75745888,214.0
75751408,226.0
75753968,162.0
75809072,119.0
75814768,188.0
75821632,184.0
75823584,135.0
75837664,158.0
75843552,195.0
75844832,186.0
75862496,150.0
75876736,204.0
75883568,209.0
75886528,184.0
75902080,207.0
75911056,193.0
75917120,199.0
75928000,176.0
75961296,196.0
75975456,182.0
75977616,181.0
75987552,194.0
75993504,184.0
75994144,203.0
76004800,243.0
76010640,129.0
76029520,199.0
76030240,173.0
76039376,180.0
76076480,181.0
76076704,190.0
76100544,208.0
76120560,177.0
76129632,161.0
76160144,185.0
76161648,190.0
76175664,165.0
76176688,230.0
76188576,190.0
76193792,200.0
76195952,196.0
76202336,189.0
76222000,240.0
76228304,250.0
76234368,184.0
76240448,175.0
76255664,182.0
76268336,156.0
76273808,165.0
76277680,205.0
76287728,185.0
76309712,309.0
76317088,185.0
76323392,195.0
76327136,500.0
76333776,184.0
76338960,166.0
76351200,203.0
76357536,217.0
76360608,221.0
76364592,190.0
76378656,187.0
76388144,162.0
76389952,190.0
76404032,242.0
76411344,176.0
76429280,212.0
76438832,163.0
76444032,202.0
76457536,197.0
76473488,241.0
76497568,174.0
76500688,194.0
76504448,197.0
76516240,205.0
76534624,209.0
76539872,196.0
76546880,208.0
76548400,224.0
76550336,150.0
76552624,172.0
76553648,177.0
76570944,323.0
76573296,202.0
76576416,194.0
76581520,173.0
76630064,186.0
76641904,214.0
76675504,177.0
76686320,163.0
76709616,171.0
76712320,181.0
76714464,163.0
76718544,193.0
76718704,113.0
76738144,189.0
76760160,223.0
76786800,232.0
76816144,179.0
76819136,186.0
76823328,147.0
76824720,190.0
76830432,234.0
76838544,185.0
76861792,190.0
76864720,91.0
76866688,199.0
76867376,294.0
76877984,208.0
76887168,183.0
76887888,180.0
76889776,176.0
76892016,196.0
76928288,221.0
76944496,208.0
76972976,200.0
76974112,175.0
76981488,157.0
77009200,150.0
77013152,216.0
77013760,174.0
77023072,168.0
77053088,160.0
77065728,116.0
77074720,186.0
77076192,216.0
77103952,190.0
77119008,220.0
77121504,190.0
77125040,149.0
77132336,205.0
77140176,152.0
77150976,169.0
77158816,199.0
77181088,201.0
77186320,211.0
77203328,203.0
77219136,268.0
77221488,216.0
77279216,125.0
77294624,176.0
77302448,189.0
77320144,148.0
77334768,167.0
77337936,238.0
77353584,184.0
77359648,210.0
77374528,224.0
77378880,199.0
77410384,151.0
77413648,183.0
77432288,231.0
77448512,218.0
77449744,246.0
77451696,200.0
77455696,184.0
77472848,217.0
77478912,158.0
77479248,188.0
77491024,213.0
77491888,246.0
77493680,198.0
77505120,180.0
77508208,176.0
77511408,191.0
77519472,195.0
77523968,229.0
77542288,192.0
77543216,179.0
77551472,168.0
77563680,184.0
77583136,204.0
77586592,204.0
77603008,227.0
77613824,194.0
77615728,154.0
77627872,164.0
77628112,153.0
77640896,194.0
77669760,201.0
77696592,165.0
77707216,182.0
77716144,174.0
77717472,246.0
77733072,197.0
77737776,204.0
77741104,207.0
77741824,195.0
77744448,169.0
77747808,211.0
77758064,178.0
77761904,185.0
77784400,199.0
77812000,148.0
77824240,374.0
77824672,202.0
77825536,101.0
77829424,175.0
77831584,162.0
77840464,175.0
77841664,196.0
77856992,197.0
77872624,180.0
77873536,224.0
77878496,218.0
77891440,347.0
77892064,196.0
77900448,186.0
77904576,305.0
77906480,162.0
77910608,158.0
77916368,202.0
77916736,170.0
77927216,175.0
77940192,241.0
77952304,210.0
77961152,500.0
77964864,178.0
77967184,205.0
77970960,185.0
78002416,202.0
78016464,201.0
78019072,206.0
78027408,184.0
78039888,205.0
78044192,192.0
78056688,218.0
78079632,150.0
78080688,180.0
78086432,204.0
78093232,178.0
78101616,192.0
78109456,225.0
78117008,240.0
78141360,170.0
78147184,211.0
78156832,195.0
78165760,238.0
78170688,170.0
78172736,127.0
78176000,201.0
78197536,193.0
78202336,189.0
78208336,212.0
78211424,192.0
78216512,210.0
78237344,200.0
78258912,191.0
78306688,166.0
78320720,151.0
78343088,209.0
78344576,207.0
78349744,188.0
78351648,184.0
78358368,127.0
78368448,144.0
78373200,187.0
78377776,192.0
78383728,176.0
78384352,182.0
78385376,130.0
78388816,210.0
78401328,219.0
78404656,172.0
78411104,196.0
78417840,202.0
78453712,206.0
78457888,221.0
78464992,178.0
78483776,181.0
78486624,214.0
78495632,197.0
78561376,151.0
78566624,228.0
78566912,430.0
78579264,458.0
78586688,168.0
78587344,216.0
78601520,163.0
78628032,192.0
78635600,186.0
78678480,185.0
78690656,148.0
78703248,240.0
78703712,208.0
78719280,177.0
78745088,185.0
78752352,90.0
78764336,236.0
78765552,211.0
78771728,235.0
78781040,334.0
78785952,163.0
78787472,223.0
78792464,251.0
78798416,193.0
78808736,301.0
78812608,200.0
78826176,134.0
78827136,222.0
78840880,209.0
78858464,177.0
78878896,200.0
78891280,218.0
78909392,195.0
78915616,197.0
78922784,217.0
78925632,177.0
78926784,218.0
78927360,158.0
78930800,196.0
78938912,207.0
78963872,95.0
78968976,190.0
78977776,209.0
78978048,180.0
78983872,198.0
78989984,169.0
78995872,276.0
79010112,150.0
79031920,181.0
79070880,191.0
79079648,190.0
79085424,179.0
79089136,181.0
79094192,203.0
79097824,353.0
79122768,227.0
79132992,230.0
79139216,221.0
79155504,104.0
79210544,205.0
79242656,210.0
79260368,110.0
79260848,73.0
79264576,112.0
79281184,197.0
79283712,241.0
79292576,186.0
79295536,252.0
79306400,284.0
79313504,149.0
79317632,500.0
79326608,202.0
79333360,194.0
79345120,169.0
79393808,373.0
79417168,234.0
79426800,165.0
79430048,124.0
79459456,237.0
79459536,213.0
79473248,115.0
79494352,195.0
79506256,207.0
79509472,86.0
79521680,257.0
79523392,80.0
79528288,146.0
79535280,215.0
79551792,140.0
79555824,106.0
79556624,192.0
79557952,228.0
79561424,286.0
79574400,305.0
79577520,194.0
79587728,465.0
79589552,113.0
79630064,196.0
79632112,222.0
79638496,206.0
79643552,175.0
79667312,196.0
79677696,234.0
79701136,339.0
79712560,144.0
79721872,128.0
79730944,151.0
79737312,241.0
79738176,199.0
79752288,266.0
79764560,173.0
79767136,196.0
79770416,229.0
79779808,180.0
79789376,231.0
79832912,189.0
79876032,112.0
79885232,263.0
79896128,223.0
79918288,175.0
79936032,258.0
79936768,269.0
79941040,114.0
79947616,236.0
79955648,203.0
79956096,132.0
79964864,182.0
79965392,131.0
79988224,192.0
79989856,178.0
79992256,94.0
79992688,203.0
80024832,220.0
80025232,151.0
80025952,124.0
80029744,165.0
80032960,194.0
80044016,180.0
80044352,132.0
80055472,212.0
80065472,194.0
80070768,199.0
80102720,235.0
80114928,187.0
80121456,212.0
80139200,282.0
80159312,219.0
80167568,238.0
80190064,214.0
80196128,178.0
80205808,215.0
80211424,200.0
80217632,206.0
80225568,99.0
80238512,205.0
80269968,288.0
80275072,179.0
80279200,236.0
80280272,235.0
80290400,198.0
80300736,205.0
80303040,201.0
80321952,182.0
80342336,195.0
80344832,155.0
80350144,112.0
80358432,180.0
80359360,178.0
80362304,217.0
80362928,165.0
80368224,219.0
80369632,138.0
80369632,198.0
80380256,219.0
80383760,218.0
80386512,188.0
80386592,195.0
80406688,160.0
80407088,216.0
80411632,173.0
80423056,185.0
80423104,180.0
80434976,177.0
80443888,193.0
80444304,137.0
80447776,216.0
80452704,159.0
80455920,240.0
80457824,213.0
80458672,209.0
80466752,118.0
80472176,500.0
80481360,197.0
80483024,181.0
80509232,192.0
80525296,159.0
80532816,183.0
80535680,171.0
80538704,183.0
80539776,90.0
80543456,209.0
80545216,195.0
80551648,162.0
80552112,235.0
80556496,169.0
80577776,168.0
80604432,190.0
80624720,175.0
80626720,201.0
80630768,192.0
80642912,157.0
80653040,175.0
80653536,236.0
80660496,205.0
80704192,192.0
80705856,160.0
80717632,189.0
80743856,160.0
80747776,214.0
80750272,293.0
80751536,189.0
80762912,201.0
80801088,211.0
80808048,188.0
80843184,147.0
80857296,222.0
80864048,206.0
80869008,150.0
80871264,143.0
80912448,169.0
80917216,199.0
80922400,180.0
80940336,176.0
80946080,194.0
80963392,167.0
80974560,159.0
80985264,202.0
81001088,202.0
81003584,170.0
81014576,211.0
81015024,175.0
81025680,177.0
81040192,163.0
81041744,170.0
81070256,212.0
81075344,162.0
81083664,163.0
81088288,217.0
81091488,204.0
81092720,188.0
81095504,182.0
81096496,181.0
81110592,153.0
81126800,193.0
81136448,156.0
81181840,234.0
81192208,190.0
81195040,197.0
81223328,304.0
81233632,198.0
81244800,181.0
81254944,195.0
81256992,117.0
81285856,227.0
81290688,193.0
81299568,197.0
81311168,184.0
81313920,165.0
81327952,181.0
81353872,154.0
81358288,178.0
81366080,169.0
81377536,152.0
81378864,171.0
81380624,204.0
81381808,214.0
81383296,249.0
81388192,201.0
81394688,191.0
81445968,192.0
81447648,167.0
81461536,306.0
81478560,247.0
81482544,209.0
81492944,198.0
81498336,182.0
81499632,178.0
81508496,198.0
81513856,379.0
81515424,181.0
81518608,198.0
81525536,216.0
81528624,165.0
81545744,216.0
81551904,175.0
81557056,150.0
81563184,201.0
81564864,154.0
81575392,188.0
81581488,205.0
81586832,174.0
81590064,190.0
81605632,112.0
81611072,167.0
81633648,203.0
81635936,167.0
81636272,163.0
81641280,157.0
81654880,166.0
81655568,158.0
81676496,194.0
81714576,147.0
81715600,170.0
81729344,104.0
81732768,185.0
81758624,210.0
81768752,187.0
81791728,199.0
81798640,151.0
81800544,212.0
81806336,213.0
81810960,228.0
81816208,220.0
81818368,190.0
81819376,238.0
81832672,156.0
81840544,161.0
81847648,238.0
81851056,161.0
81857552,182.0
81871824,229.0
81894352,214.0
81896864,156.0
81908464,189.0
81921280,201.0
81929232,191.0
81936304,241.0
81952144,118.0
81952544,212.0
81962208,203.0
81964784,160.0
81989184,195.0
82007392,238.0
82009696,172.0
82020848,180.0
82040384,202.0
82044592,218.0
82046288,207.0
82054432,193.0
82056704,210.0
82061488,169.0
82072208,164.0
82088384,158.0
82092624,198.0
82094784,176.0
82111392,135.0
82111936,148.0
82134880,178.0
82137376,183.0
82139904,191.0
82141600,238.0
82141712,142.0
82142688,245.0
82151264,139.0
82153440,234.0
82155296,251.0
82159808,500.0
82163552,178.0
82167632,145.0
82172976,183.0
82174720,170.0
82175680,200.0
82181872,168.0
82190720,197.0
82191344,189.0
82221456,228.0
82222080,162.0
82241408,195.0
82254768,202.0
82262176,115.0
82279792,183.0
82281584,179.0
82286480,207.0
82338736,124.0
82346144,224.0
82361472,152.0
82364608,172.0
82375584,171.0
82395040,211.0
82398944,165.0
82411072,213.0
82420096,155.0
82437072,206.0
82437088,180.0
82457168,192.0
82469472,228.0
82480576,152.0
82487600,233.0
82491664,191.0
82495616,243.0
82510688,167.0
82517712,196.0
82518640,175.0
82524832,444.0
82527664,176.0
82533120,103.0
82535360,185.0
82551952,192.0
82556304,201.0
82556592,194.0
82564272,121.0
82579872,265.0
82589248,178.0
82592416,160.0
82599552,158.0
82599680,240.0
82620384,183.0
82634240,174.0
82635200,201.0
82638832,205.0
82650784,188.0
82663264,199.0
82663936,171.0
82676016,209.0
82679264,202.0
82702816,112.0
82704688,174.0
82706016,101.0
82736448,210.0
82739264,106.0
82740240,224.0
82754944,180.0
82773136,219.0
82776160,193.0
82776528,191.0
82791296,178.0
82794176,150.0
82812160,204.0
82818256,145.0
82841936,235.0
82870192,232.0
82877952,168.0
82878544,205.0
82881248,205.0
82902144,163.0
82904528,123.0
82905104,184.0
82911728,102.0
82940080,212.0
82952288,175.0
82956656,187.0
82962000,205.0
82965232,214.0
82971216,179.0
82988352,156.0
82992112,128.0
83002112,216.0
83026256,187.0
83044368,195.0
83056576,221.0
83060800,185.0
83061440,237.0
83064480,170.0
83066160,200.0
83070352,193.0
83079504,171.0
83095312,120.0
83120016,155.0
83121760,193.0
83124576,175.0
83125136,182.0
83127440,179.0
83132288,192.0
83136176,186.0
83138912,163.0
83140672,158.0
83150512,115.0
83152704,217.0
83156336,171.0
83184384,176.0
83243760,194.0
83251712,225.0
83253120,207.0
83276128,193.0
83292096,147.0
83296064,132.0
83321776,195.0
83328192,200.0
83347904,214.0
83368464,212.0
83368816,194.0
83373520,213.0
83377904,163.0
83406176,101.0
83423568,139.0
83446288,145.0
83456384,171.0
83469904,185.0
83477648,171.0
83487568,179.0
83495872,236.0
83501664,179.0
83507760,213.0
83511120,211.0
83522816,216.0
83526672,243.0
83537824,107.0
83568736,223.0
83581552,200.0
83598064,150.0
83598688,208.0
83604160,149.0
83610192,183.0
83636032,168.0
83649120,137.0
83657152,169.0
83664816,195.0
83668208,205.0
83682784,214.0
83683664,179.0
83703776,174.0
83705984,213.0
83718832,220.0
83725136,200.0
83740432,104.0
83768464,157.0
83786688,211.0
83806944,174.0
83808496,185.0
83823360,189.0
83824960,174.0
83832832,177.0
83844864,208.0
83853808,193.0
83865504,179.0
83866576,218.0
83871024,183.0
83875232,185.0
83884688,179.0
83899168,177.0
83899200,188.0
83904688,170.0
83906608,173.0
83929392,224.0
83940400,189.0
83943936,367.0
83946112,210.0
83949120,120.0
83996880,220.0
84001488,182.0
84003328,114.0
84011760,206.0
84016848,204.0
84033744,248.0
84037184,165.0
84056304,197.0
84087520,161.0
84094464,151.0
84140048,111.0
84177856,196.0
84205552,195.0
84213264,167.0
84227664,214.0
84248240,251.0
84253968,239.0
84264480,272.0
84264720,162.0
84270128,179.0
84284592,204.0
84306848,119.0
84309472,182.0
84318256,216.0
84337712,203.0
84340048,208.0
84346944,160.0
84350160,197.0
84358544,203.0
84367840,238.0
84368688,500.0
84384512,253.0
84390592,172.0
84406560,198.0
84408608,226.0
84416528,149.0
84429504,208.0
84440256,291.0
84454240,197.0
84462608,123.0
84468064,204.0
84476016,166.0
84489120,182.0
84491904,177.0
84496544,184.0
84497680,195.0
84511648,203.0
84523664,170.0
84543552,229.0
84552096,202.0
84572464,124.0
84604608,178.0
84617472,395.0
84622880,115.0
84624336,164.0
84639936,222.0
84645600,209.0
84645904,191.0
84651328,189.0
84654912,174.0
84655088,210.0
84661728,194.0
84686528,113.0
84697600,192.0
84699728,210.0
84710208,189.0
84712480,135.0
84713168,215.0
84717456,221.0
84719344,160.0
84739664,200.0
84770256,198.0
84774816,216.0
84778640,193.0
84779904,170.0
84795856,372.0
84805792,245.0
84814976,101.0
84838576,156.0
84839872,193.0
84857712,173.0
84862528,207.0
84887088,179.0
84899008,194.0
84899872,302.0
84901104,171.0
84906032,222.0
84912224,195.0
84914112,175.0
84915984,179.0
84916096,152.0
84916624,185.0
84918784,167.0
84919200,106.0
84925904,204.0
84930512,188.0
84935872,168.0
84937264,180.0
84942304,401.0
84944720,186.0
84971984,151.0
84978560,138.0
84986976,208.0
84988016,193.0
84989696,213.0
84995264,204.0
85006992,211.0
85010768,170.0
85011184,168.0
85033456,204.0
85036592,185.0
85038080,228.0
85039344,184.0
85043296,123.0
85043728,172.0
85050176,210.0
85066240,195.0
85071376,202.0
85075440,125.0
85080288,222.0
85100944,243.0
85111392,142.0
85161072,225.0
85183280,266.0
85188160,196.0
85189728,178.0
85196960,226.0
85200080,240.0
85212784,183.0
85225200,176.0
85226784,205.0
85227136,191.0
85231920,204.0
85232864,238.0
85236544,196.0
85239568,188.0
85257616,176.0
85271408,180.0
85276112,157.0
85277200,176.0
85281056,182.0
85287296,211.0
85291328,181.0
85298592,171.0
85303600,210.0
85306112,206.0
85312704,204.0
85324032,231.0
85331520,208.0
85334064,194.0
85337264,156.0
85342864,220.0
85354944,295.0
85363136,183.0
85366144,229.0
85371584,181.0
85379504,149.0
85384496,191.0
85385488,183.0
85389856,187.0
85422208,201.0
85425696,217.0
85431552,170.0
85434320,210.0
85451616,188.0
85466448,202.0
85472016,189.0
85475920,171.0
85484064,194.0
85502944,208.0
85511952,197.0
85517728,189.0
85528160,181.0
85551168,182.0
85561008,182.0
85565824,144.0
85577872,200.0
85595056,204.0
85608992,208.0
85612000,188.0
85616848,191.0
85622448,192.0
85624448,194.0
85635616,207.0
85639840,191.0
85646656,182.0
85688912,275.0
85697776,178.0
85698144,204.0
85708128,148.0
85712912,134.0
85733744,171.0
85753392,171.0
85782720,203.0
85792544,114.0
85801104,227.0
85820640,194.0
85841088,199.0
85843648,188.0
85845280,195.0
85855520,191.0
85858416,196.0
85869104,156.0
85888704,212.0
85892672,209.0
85893792,125.0
85894496,147.0
85897456,192.0
85899312,229.0
85922208,181.0
85931888,147.0
85960672,211.0
85972992,238.0
85985824,172.0
85990832,168.0
85993744,181.0
85995840,130.0
86002208,184.0
86003408,189.0
86005056,197.0
86006256,192.0
86009936,229.0
86010784,224.0
86037296,184.0
86043568,201.0
86068016,166.0
86073504,218.0
86073664,206.0
86086784,199.0
86089264,197.0
86089344,195.0
86091136,189.0
86104432,170.0
86144896,168.0
86172848,184.0
86182304,191.0
86187248,179.0
86199952,227.0
86202512,142.0
86211552,170.0
86223008,164.0
86234576,173.0
86250160,152.0
86253168,171.0
86266192,174.0
86271392,183.0
86273392,162.0
86283568,184.0
86284848,188.0
86294480,162.0
86303152,156.0
86319840,209.0
86324560,106.0
86326576,191.0
86332128,220.0
86362192,245.0
86363072,218.0
86364464,211.0
86382448,184.0
86387376,165.0
86423152,240.0
86445344,162.0
86445936,237.0
86448048,175.0
86462688,177.0
86468480,119.0
86478048,173.0
86491568,225.0
86499120,209.0
86500432,228.0
86521616,164.0
86538704,172.0
86539728,219.0
86564048,167.0
86585120,173.0
86587424,198.0
86602224,167.0
86604112,198.0
86606608,190.0
86607408,205.0
86613328,210.0
86617376,102.0
86635392,192.0
86638032,205.0
86643504,195.0
86654432,175.0
86668928,171.0
86698784,187.0
86703280,178.0
86715104,191.0
86724976,240.0
86729264,174.0
86760272,113.0
86769776,228.0
86794464,173.0
86798960,169.0
86806800,169.0
86814928,305.0
86819312,167.0
86830224,197.0
86830608,194.0
86844224,163.0
86861264,187.0
86874464,184.0
86885328,186.0
86915072,199.0
86927552,195.0
86938800,182.0
86946528,183.0
86950224,191.0
86951504,126.0
86966688,195.0
86970864,188.0
86978688,209.0
86979216,208.0
86981600,158.0
86985568,107.0
87006496,105.0
87009056,177.0
87021488,198.0
87025792,183.0
87028128,195.0
87030544,150.0
87032016,177.0
87035024,187.0
87058320,192.0
87071152,159.0
87092544,174.0
87105072,163.0
87116096,195.0
87123696,169.0
87128448,157.0
87153344,160.0
87158688,201.0
87159056,152.0
87159504,96.0
87163424,215.0
87165408,111.0
87167984,194.0
87175040,214.0
87182608,199.0
87184544,174.0
87193248,199.0
87199232,169.0
87208448,240.0
87239456,201.0
87250368,173.0
87255392,391.0
87265824,198.0
87273632,207.0
87302144,189.0
87304672,175.0
87342336,234.0
87355632,122.0
87357600,173.0
87364848,206.0
87369936,181.0
87390176,272.0
87397152,443.0
87406496,113.0
87410896,209.0
87421840,124.0
87435120,322.0
87436224,153.0
87477664,186.0
87479712,115.0
87502768,162.0
87509664,186.0
87529296,184.0
87530784,117.0
87541152,185.0
87542576,187.0
87547088,169.0
87547584,127.0
87565232,191.0
87566624,148.0
87595968,218.0
87600880,160.0
87604400,202.0
87609456,198.0
87614624,161.0
87617680,172.0
87621680,120.0
87622832,182.0
87632096,220.0
87639024,207.0
87642192,158.0
87645440,141.0
87648048,200.0
87680160,155.0
87702224,171.0
87708736,125.0
87710048,173.0
87711744,194.0
87712688,176.0
87721920,219.0
87748448,219.0
87767120,158.0
87767168,190.0
87774672,195.0
87780320,190.0
87785776,191.0
87790288,191.0
87808736,184.0
87808912,243.0
87819632,154.0
87847088,193.0
87860496,161.0
87864848,122.0
87866448,180.0
87874144,134.0
87876864,165.0
87879648,174.0
87894352,188.0
87896944,193.0
87898496,209.0
87902512,389.0
87905952,168.0
87911024,191.0
87915056,100.0
87922736,291.0
87925408,171.0
87961232,201.0
87982128,199.0
87985264,190.0
88005008,172.0
88014640,184.0
88024864,172.0
88046400,248.0
88055088,202.0
88074208,197.0
88076928,267.0
88097104,155.0
88104736,263.0
88116288,144.0
88122432,208.0
88123552,229.0
88125552,204.0
88130976,225.0
88145568,339.0
88150016,156.0
88155168,206.0
88156288,239.0
88158496,178.0
88174416,206.0
88184064,185.0
88190304,188.0
88199616,113.0
88260192,365.0
88284304,199.0
88297040,207.0
88297104,180.0
88302464,234.0
88312128,217.0
88328832,439.0
88329936,346.0
88330784,195.0
88342784,190.0
88363280,196.0
88381552,155.0
88386912,191.0
88407296,255.0
88410976,175.0
88433104,167.0
88441296,144.0
88453936,299.0
88522848,150.0
88538976,110.0
88543120,180.0
88553744,184.0
88568000,190.0
88580000,184.0
88593088,174.0
88621008,198.0
88645728,164.0
88646400,366.0
88659168,187.0
88660928,204.0
88675168,172.0
88738144,164.0
88751424,202.0
88771760,165.0
88773072,159.0
88774256,307.0
88787040,200.0
88809600,154.0
88832992,207.0
88835296,158.0
88835952,216.0
88840752,186.0
88841328,131.0
88848256,169.0
88867360,186.0
88867456,181.0
88875104,128.0
88875856,195.0
88880112,160.0
88890944,342.0
88891680,165.0
88905072,178.0
88913264,184.0
88922768,230.0
88928464,168.0
88933952,183.0
88948352,175.0
88952496,153.0
88963824,185.0
88970464,219.0
88977456,174.0
88980272,222.0
88995680,209.0
89008368,189.0
89031296,211.0
89032432,92.0
89042768,209.0
89064208,185.0
89078160,174.0
89092432,181.0
89092496,177.0
89095008,179.0
89099424,113.0
89109472,200.0
89117440,188.0
89125824,184.0
89127600,201.0
89139776,194.0
89149200,195.0
89150960,171.0
89187840,206.0
89192736,131.0
89194816,240.0
89206640,215.0
89229376,194.0
89244032,148.0
89245792,237.0
89253568,195.0
89258000,182.0
89278400,206.0
89283504,227.0
89283936,176.0
89285024,185.0
89290208,173.0
89308864,223.0
89311968,201.0
89316112,192.0
89318816,173.0
89331248,181.0
89336208,202.0
89339296,189.0
89349696,209.0
89359024,200.0
89395664,185.0
89400048,188.0
89404368,236.0
89408000,226.0
89411536,174.0
89412448,176.0
89416464,119.0
89420704,168.0
89423264,188.0
89432656,207.0
89442640,180.0
89447376,171.0
89463088,205.0
89465840,177.0
89474448,190.0
89481504,242.0
89483216,196.0
89491392,192.0
89491536,213.0
89493312,192.0
89561008,113.0
89578704,173.0
89585568,204.0
89585776,195.0
89597664,223.0
89599808,161.0
89618416,216.0
89636688,179.0
89638352,184.0
89640912,185.0
89643984,183.0
89647456,220.0
89668496,229.0
89673040,201.0
89677200,197.0
89684544,203.0
89694880,121.0
89718944,189.0
89724800,104.0
89728288,156.0
89728816,174.0
89735888,129.0
89745776,104.0
89746944,208.0
89783040,224.0
89795104,99.0
89813952,252.0
89814128,202.0
89814496,151.0
89819360,152.0
89827936,229.0
89828432,168.0
89833248,227.0
89847056,215.0
89852560,180.0
89892000,150.0
89893328,251.0
89893904,96.0
89910400,125.0
89911824,177.0
89914768,183.0
89936016,203.0
89940848,175.0
89946080,198.0
89947824,162.0
89950304,196.0
89955680,197.0
89958976,159.0
89965328,186.0
89978624,221.0
89980416,215.0
90000352,184.0
90003136,193.0
90041232,161.0
90046496,156.0
90072048,328.0
90082864,167.0
90123104,142.0
90147008,180.0
90177008,167.0
90184912,203.0
90203328,196.0
90216480,104.0
90238528,147.0
90239856,181.0
90264800,205.0
90265920,211.0
90277552,184.0
90288352,159.0
90309904,194.0
90322640,177.0
90338000,147.0
90346384,212.0
90359168,500.0
90362304,198.0
90370832,191.0
90389424,173.0
90411104,162.0
90414400,150.0
90415184,178.0
90415232,184.0
90427024,196.0
90438000,214.0
90443440,198.0
90463600,181.0
90484848,180.0
90493728,201.0
90494624,94.0
90514608,197.0
90530432,223.0
90543008,155.0
90546592,171.0
90547328,135.0
90555056,242.0
90555536,148.0
90558672,214.0
90559632,227.0
90594880,194.0
90597168,209.0
90597664,188.0
90601152,323.0
90602544,260.0
90625872,200.0
90647152,163.0
90649600,200.0
90652864,172.0
90654832,122.0
90656400,211.0
90670000,187.0
90680288,240.0
90682768,171.0
90686304,220.0
90697936,229.0
90709840,156.0
90714880,163.0
90733536,183.0
90737760,162.0
90757872,204.0
90763024,200.0
90763968,194.0
90773968,199.0
90774624,197.0
90781072,181.0
90783136,209.0
90825888,129.0
90837744,219.0
90839008,174.0
90844352,128.0
90848096,217.0
90887280,193.0
90888288,183.0
90890048,109.0
90892384,181.0
90898752,220.0
90906016,166.0
90913344,158.0
90915648,216.0
90927312,186.0
90935840,221.0
90939968,233.0
90958928,187.0
90959600,187.0
90961776,181.0
90964768,220.0
90965280,168.0
90970832,185.0
90994400,181.0
91014576,358.0
91056304,196.0
91059680,222.0
91064704,195.0
91073552,239.0
91082832,186.0
91086256,208.0
91094000,203.0
91103376,205.0
91136512,160.0
91141488,236.0
91143616,215.0
91154256,221.0
91158928,353.0
91171456,178.0
91175648,162.0
91192096,221.0
91209632,195.0
91251664,220.0
91253312,215.0
91261136,195.0
91268736,210.0
91277536,163.0
91278224,224.0
91280688,196.0
91287952,187.0
91311360,141.0
91327344,264.0
91331744,205.0
91335936,127.0
91346464,202.0
91358176,250.0
91362352,172.0
91390528,221.0
91397120,176.0
91402080,190.0
91407376,158.0
91423712,198.0
91429760,173.0
91452944,195.0
91461296,215.0
91465072,197.0
91466896,207.0
91472448,197.0
91484144,173.0
91484832,203.0
91489760,196.0
91490928,112.0
91492864,196.0
91497840,202.0
91503072,182.0
91532800,184.0
91535488,167.0
91538240,213.0
91566128,164.0
91573360,179.0
91608704,215.0
91611552,197.0
91615216,153.0
91617552,177.0
91623680,204.0
91627472,203.0
91642016,172.0
91665248,185.0
91674576,220.0
91675824,187.0
91679056,227.0
91680528,162.0
91681760,225.0
91686736,205.0
91697408,148.0
91698432,189.0
91713568,196.0
91730896,170.0
91744336,198.0
91744912,197.0
91751296,178.0
91754512,124.0
91756240,185.0
91775840,194.0
91780240,102.0
91785344,234.0
91828560,211.0
91834112,189.0
91845120,220.0
91856208,168.0
91868208,160.0
91874112,177.0
91875088,232.0
91886320,180.0
91904720,185.0
91907936,224.0
91911920,201.0
91920672,219.0
91941504,198.0
91955264,161.0
91973856,195.0
91976688,164.0
91988016,205.0
92009056,199.0
92011056,164.0
92015328,174.0
92021472,168.0
92024560,192.0
92026144,184.0
92031488,210.0
92036656,228.0
92063120,229.0
92073984,225.0
92100400,214.0
92107424,185.0
92115392,195.0
92123232,131.0
92154208,179.0
92176560,196.0
92217008,221.0
92217872,500.0
92223008,188.0
92229664,276.0
92237968,190.0
92249104,199.0
92257520,204.0
92260624,154.0
92265920,168.0
92274384,260.0
92278480,162.0
92281936,192.0
92297056,329.0
92314736,235.0
92333280,194.0
92338160,209.0
92347712,212.0
92374768,213.0
92398768,211.0
92415024,156.0
92434896,202.0
92450192,213.0
92450768,197.0
92455376,199.0
92468816,158.0
92479648,207.0
92488656,175.0
92495888,212.0
92496832,228.0
92498816,199.0
92498928,204.0
92499200,203.0
92499520,200.0
92507808,175.0
92516880,178.0
92517888,221.0
92528416,231.0
92534832,183.0
92539520,212.0
92557440,99.0
92597744,197.0
92598272,174.0
92603376,333.0
92609616,185.0
92613216,222.0
92622544,111.0
92637104,177.0
92638304,195.0
92667696,206.0
92669136,211.0
92670688,203.0
92713872,227.0
92715632,202.0
92719968,178.0
92728032,196.0
92728096,200.0
92733472,196.0
92736464,186.0
92749888,229.0
92750656,185.0
92826992,205.0
92846240,175.0
92857488,347.0
92861024,220.0
92864144,194.0
92874624,159.0
92878336,224.0
92889360,205.0
92901584,187.0
92902960,205.0
92904736,212.0
92923408,229.0
92929088,193.0
92939264,212.0
92948080,190.0
92960704,195.0
92964192,217.0
92966048,166.0
92977408,154.0
92980096,207.0
92988640,157.0
93010608,198.0
93054656,197.0
93082480,106.0
93083536,176.0
93112512,234.0
93113360,171.0
93119920,167.0
93122048,214.0
93135680,162.0
93137872,114.0
93148128,191.0
93157024,208.0
93170000,185.0
93173344,198.0
93189776,147.0
93196464,130.0
93201824,161.0
93215888,208.0
93225296,198.0
93228960,179.0
93231616,189.0
93237200,185.0
93251472,213.0
93266144,214.0
93274784,99.0
93312240,182.0
93324800,197.0
93352320,192.0
93366992,189.0
93398816,215.0
93402784,183.0
93414384,185.0
93433568,196.0
93456304,367.0
93468544,221.0
93470064,229.0
93489952,165.0
93490656,196.0
93490960,184.0
93495184,154.0
93500768,170.0
93502240,145.0
93504000,204.0
93511952,284.0
93512944,182.0
93516128,127.0
93525312,180.0
93527840,183.0
93528576,196.0
93529296,177.0
93533408,162.0
93536640,232.0
93550784,174.0
93551488,156.0
93557488,225.0
93561504,196.0
93567488,178.0
93571152,187.0
93600656,200.0
93610560,152.0
93613680,186.0
93627632,181.0
93632896,182.0
93636192,221.0
93640832,194.0
93654384,183.0
93672960,201.0
93681696,190.0
93687216,175.0
93688960,188.0
93708352,197.0
93746656,169.0
93762096,200.0
93806304,208.0
93812288,162.0
93816144,190.0
93823552,170.0
93836816,177.0
93859360,208.0
93861552,143.0
93864320,174.0
93876784,198.0
93878272,231.0
93904864,185.0
93916576,164.0
93930960,172.0
93965888,225.0
93984032,227.0
94007184,195.0
94034848,246.0
94048560,222.0
94055360,238.0
94111920,181.0
94112256,269.0
94133040,206.0
94136672,140.0
94152336,184.0
94160208,197.0
94163104,195.0
94163168,207.0
94168144,201.0
94216384,190.0
94219408,232.0
94229072,192.0
94229376,173.0
94229952,207.0
94240480,190.0
94250752,207.0
94253344,188.0
94268016,162.0
94272592,235.0
94286832,187.0
94301856,321.0
94307776,189.0
94312736,242.0
94322272,234.0
94338608,215.0
94341584,185.0
94348496,234.0
94368640,405.0
94402928,208.0
94417200,200.0
94418800,242.0
94419088,221.0
94429312,185.0
94429920,264.0
94431808,204.0
94459872,237.0
94474992,118.0
94476176,169.0
94487312,184.0
94498288,184.0
94501088,137.0
94544640,211.0
94550288,178.0
94559200,232.0
94560176,205.0
94572416,245.0
94589808,201.0
94593872,203.0
94594800,203.0
94597520,201.0
94605232,191.0
94622464,169.0
94637248,241.0
94641216,217.0
94644976,183.0
94648480,181.0
94653024,163.0
94666064,194.0
94683952,254.0
94691712,322.0
94704752,195.0
94707872,130.0
94713472,376.0
94721120,117.0
94727680,201.0
94730192,181.0
94758944,175.0
94796704,209.0
94799824,167.0
94806400,170.0
94820032,137.0
94820160,202.0
94820160,102.0
94822000,91.0
94824352,194.0
94860512,219.0
94886176,194.0
94901248,167.0
94907008,192.0
94912832,177.0
94916640,180.0
94919456,162.0
94921488,189.0
94939504,200.0
94955808,123.0
94957312,347.0
94969920,106.0
94972720,242.0
94973728,100.0
94988304,205.0
95001616,208.0
95009344,221.0
95011664,200.0
95012288,196.0
95015216,221.0
95017712,266.0
95024864,218.0
95044224,190.0
95048704,246.0
95055120,185.0
95055200,176.0
95078592,198.0
95102016,187.0
95134896,243.0
95145984,224.0
95150384,179.0
95153648,217.0
95166368,75.0
95168016,238.0
95170896,179.0
95173248,196.0
95177920,176.0
95212960,206.0
95280400,175.0
95280928,244.0
95287824,160.0
95304320,68.0
95313232,189.0
95314528,181.0
95323072,183.0
95327024,174.0
95327424,168.0
95334928,159.0
95339712,197.0
95375072,195.0
95407296,214.0
95413840,196.0
95414224,223.0
95424928,228.0
95431488,208.0
95443792,182.0
95455712,199.0
95475760,173.0
95486272,187.0
95486464,226.0
95497808,189.0
95513456,176.0
95518096,221.0
95521008,195.0
95522720,190.0
95539664,281.0
95543776,216.0
95560080,201.0
95568848,155.0
95572320,210.0
95582688,177.0
95585552,190.0
95587104,187.0
95598256,173.0
95621104,236.0
95630880,211.0
95633440,159.0
95638672,187.0
95641040,192.0
95656144,114.0
95663152,201.0
95686848,181.0
95699168,191.0
95700128,218.0
95701216,183.0
95706640,237.0
95735344,214.0
95756224,184.0
95778464,187.0
95782224,212.0
95784464,192.0
95786016,88.0
95822976,211.0
95829936,185.0
95856928,231.0
95873312,216.0
95880016,223.0
95881008,184.0
95901936,205.0
95901952,283.0
95908864,199.0
95939392,206.0
95980736,168.0
95985088,211.0
96011040,179.0
96017776,178.0
96025712,182.0
96032272,185.0
96040336,168.0
96044672,215.0
96047264,237.0
96055616,161.0
96065232,180.0
96069504,213.0
96082160,172.0
96085712,218.0
96093152,203.0
96096352,199.0
96119552,208.0
96121088,317.0
96136192,182.0
96159136,237.0
96167936,193.0
96169952,200.0
96209680,173.0
96217872,147.0
96229584,176.0
96238464,247.0
96248032,194.0
96257184,179.0
96262288,188.0
96279296,190.0
96297456,189.0
96298928,207.0
96301232,172.0
96305152,213.0
96306128,230.0
96308880,206.0
96311600,169.0
96316576,189.0
96331664,275.0
96332960,190.0
96342480,199.0
96350720,188.0
96357008,248.0
96357984,172.0
96358464,190.0
96400496,221.0
96402480,205.0
96404704,212.0
96406128,176.0
96416400,202.0
96424656,161.0
96425568,203.0
96427072,98.0
96437744,180.0
96459136,123.0
96459296,365.0
96468160,199.0
96480128,178.0
96489072,246.0
96489216,177.0
96493440,167.0
96497856,225.0
96500112,202.0
96503952,120.0
96514688,205.0
96524960,325.0
96545936,283.0
96554864,232.0
96556736,208.0
96559376,368.0
96577280,202.0
96595696,181.0
96599760,185.0
96607136,222.0
96610832,187.0
96635808,186.0
96637696,455.0
96642784,216.0
96652464,195.0
96671408,216.0
96689072,237.0
96700688,221.0
96718336,199.0
96732032,166.0
96735696,193.0
96739648,339.0
96745136,186.0
96760032,180.0
96761632,119.0
96766832,228.0
96770800,234.0
96771424,197.0
96789360,170.0
96792240,200.0
96796544,175.0
96801968,195.0
96802368,180.0
96810320,176.0
96820816,314.0
96821552,102.0
96828128,189.0
96835936,221.0
96846880,189.0
96851280,228.0
96851840,205.0
96855216,218.0
96868528,217.0
96868544,213.0
96875888,203.0
96881264,211.0
96881984,163.0
96887696,143.0
96887904,231.0
96909312,209.0
96918656,161.0
96935744,238.0
96943056,225.0
96959984,162.0
96960160,178.0
96962928,183.0
97015360,208.0
97029344,169.0
97037360,228.0
97040816,218.0
97043136,185.0
97048624,195.0
97049312,167.0
97064544,212.0
97078720,220.0
97082944,100.0
97086288,148.0
97141280,102.0
97146224,223.0
97173104,209.0
97180096,204.0
97183040,203.0
97203456,205.0
97207088,213.0
97222688,236.0
97237184,248.0
97238080,160.0
97257984,215.0
97258992,215.0
97267920,138.0
97270800,204.0
97286656,89.0
97296128,222.0
97329456,138.0
97329472,196.0
97336160,235.0
97341440,184.0
97345616,192.0
97346928,185.0
97351280,218.0
97355456,191.0
97359616,224.0
97368080,194.0
97374464,160.0
97374512,186.0
97381152,207.0
97385536,226.0
97393248,202.0
97394064,196.0
97415552,158.0
97418160,178.0
97436272,184.0
97457552,180.0
97471488,175.0
97475680,204.0
97487680,171.0
97487984,189.0
97489120,154.0
97495472,200.0
97524304,209.0
97528256,164.0
97542432,188.0
97556064,186.0
97594688,108.0
97617248,181.0
97653600,208.0
97681904,191.0
97692592,248.0
97700240,173.0
97706320,201.0
97715008,218.0
97721440,221.0
97727216,197.0
97728656,243.0
97742560,219.0
97752384,202.0
97791984,202.0
97792688,179.0
97798448,208.0
97798896,236.0
97799680,192.0
97819712,199.0
97827600,171.0
97851552,172.0
97855440,202.0
97874320,192.0
97900080,204.0
97912432,217.0
97920240,212.0
97954352,246.0
97965040,171.0
97965296,234.0
97972368,224.0
97978736,211.0
97981824,182.0
97984608,173.0
97988768,188.0
97991904,187.0
98001712,105.0
98008736,170.0
98014688,291.0
98018848,178.0
98024016,92.0
98024560,172.0
98036528,189.0
98043376,181.0
98061792,164.0
98074992,182.0
98079680,194.0
98097200,172.0
98097264,192.0
98099760,174.0
98107712,100.0
98113776,176.0
98115664,148.0
98144048,232.0
98172960,172.0
98174240,225.0
98185088,204.0
98188576,226.0
98196288,191.0
98196944,169.0
98218384,194.0
98221312,182.0
98227776,259.0
98234144,109.0
98246960,213.0
98248864,152.0
98267984,188.0
98271216,168.0
98280224,224.0
98286880,172.0
98298992,204.0
98307584,175.0
98311504,166.0
98315552,183.0
98327600,153.0
98331632,246.0
98342960,209.0
98354608,176.0
98357552,167.0
98357872,222.0
98371264,166.0
98391600,203.0
98399504,185.0
98402416,177.0
98406448,168.0
98406912,206.0
98407296,222.0
98416112,196.0
98420160,181.0
98440096,211.0
98442464,187.0
98452048,211.0
98464832,178.0
98482608,165.0
98498032,164.0
98501712,187.0
98504128,188.0
98511472,171.0
98524800,202.0
98528608,206.0
98540144,500.0
98542112,219.0
98542448,159.0
98542672,201.0
98582288,152.0
98595168,265.0
98612400,263.0
98614688,175.0
98627632,168.0
98648208,218.0
98648400,204.0
98651584,209.0
98657552,203.0
98669184,180.0
98681424,204.0
98689200,213.0
98712560,180.0
98715520,186.0
98731920,218.0
98755760,127.0
98760976,183.0
98761168,166.0
98770160,150.0
98770896,166.0
98777072,210.0
98780880,191.0
98783808,207.0
98798688,217.0
98809328,202.0
98811280,176.0
98813600,213.0
98817360,177.0
98818880,203.0
98821824,178.0
98829072,197.0
98844352,176.0
98850544,240.0
98852336,205.0
98866784,192.0
98871008,327.0
98873904,194.0
98874736,186.0
98883600,162.0
98898032,217.0
98920224,184.0
98927904,216.0
98932592,169.0
98939936,213.0
98942848,206.0
98944400,192.0
98957024,170.0
98982048,204.0
98987936,208.0
99010624,214.0
99015952,208.0
99016560,204.0
99029744,196.0
99033344,143.0
99034304,185.0
99036416,188.0
99050688,166.0
99056384,228.0
99057024,181.0
99060688,148.0
99066368,213.0
99077168,204.0
99085344,188.0
99085968,248.0
99096096,212.0
99096608,194.0
99109296,179.0
99115552,183.0
99124608,209.0
99134768,201.0
99159552,114.0
99164480,170.0
99189104,158.0
99191296,178.0
99224016,218.0
99228368,157.0
99238848,185.0
99253968,232.0
99257104,219.0
99257488,163.0
99306608,248.0
99328160,191.0
99330976,240.0
99346944,188.0
99356176,225.0
99367984,160.0
99368496,227.0
99375248,180.0
99376112,149.0
99381392,205.0
99398080,204.0
99402080,177.0
99408944,160.0
99413232,165.0
99420912,191.0
99421952,232.0
99434624,212.0
99436688,219.0
99437216,167.0
99438656,154.0
99444720,159.0
99444768,263.0
99448928,231.0
99462512,202.0
99473264,188.0
99479760,193.0
99489120,180.0
99500224,130.0
99502320,181.0
99515312,189.0
99519744,176.0
99520448,164.0
99524352,211.0
99525888,160.0
99545520,202.0
99569136,213.0
99577984,160.0
99580272,198.0
99590080,184.0
99596992,174.0
99599696,236.0
99606656,197.0
99616480,203.0
99619616,155.0
99645472,154.0
99647056,188.0
99647136,209.0
99653344,500.0
99664512,150.0
99671984,190.0
99676816,156.0
99681152,214.0
99687712,218.0
99693536,186.0
99697008,178.0
99701216,204.0
99708528,226.0
99715232,201.0
99744128,172.0
99766896,180.0
99778608,189.0
99782480,213.0
99813584,172.0
99815968,175.0
99816608,182.0
99817088,189.0
99839648,248.0
99841360,147.0
99844688,250.0
99855408,311.0
99875360,190.0
99876960,224.0
99891584,195.0
99906192,174.0
99909040,172.0
99916080,215.0
99926304,218.0
99946240,185.0
99957424,173.0
99968256,219.0
99983840,156.0
99984720,190.0
99985952,156.0
99991456,177.0
