step,value
16384,1.3789384365081787
32768,1.3699567317962646
49152,1.3518482446670532
65536,1.3355324268341064
81920,1.3246996402740479
98304,1.2905696630477905
114688,1.2840877771377563
131072,1.27573823928833
147456,1.2766547203063965
163840,1.2515208721160889
180224,1.2602397203445435
196608,1.2335247993469238
212992,1.2465070486068726
229376,1.2372689247131348
245760,1.21588134765625
262144,1.2339661121368408
278528,1.2231266498565674
294912,1.1645612716674805
311296,1.1782968044281006
327680,1.151241660118103
344064,1.1131579875946045
360448,1.1402060985565186
376832,1.1576145887374878
393216,1.1774357557296753
409600,1.1441617012023926
425984,1.1700431108474731
442368,1.1602728366851807
458752,1.1489704847335815
475136,1.1827151775360107
491520,1.160115122795105
507904,1.0933752059936523
524288,1.0747065544128418
540672,1.0318083763122559
557056,1.0261008739471436
573440,1.0541820526123047
589824,1.0108652114868164
606208,1.0795159339904785
622592,1.057347297668457
638976,1.0640851259231567
655360,1.03006911277771
671744,1.0335373878479004
688128,1.0006911754608154
704512,0.9464824795722961
720896,0.9146966338157654
737280,0.9743001461029053
753664,0.9544539451599121
770048,1.0233287811279297
786432,0.9904448390007019
802816,0.9849587678909302
819200,1.0086654424667358
835584,0.9646458625793457
851968,0.9763861894607544
868352,0.9663437604904175
884736,0.9664068222045898
901120,0.8959091901779175
917504,0.8615336418151855
933888,0.8509624004364014
950272,0.840084969997406
966656,0.8718992471694946
983040,0.8293806910514832
999424,0.8113583922386169
1015808,0.838539719581604
1032192,0.8295329809188843
1048576,0.8333863019943237
1064960,0.8781952857971191
1081344,0.8372173309326172
1097728,0.8536699414253235
1114112,0.8131755590438843
1130496,0.9013587832450867
1146880,0.8305720090866089
1163264,0.8636714816093445
1179648,0.8348819613456726
1196032,0.8615642786026001
1212416,0.8801173567771912
1228800,0.8466852903366089
1245184,0.8847846984863281
1261568,0.8444538116455078
1277952,0.8451739549636841
1294336,0.8122884631156921
1310720,0.7989792823791504
1327104,0.7284425497055054
1343488,0.7962628602981567
1359872,0.8123999238014221
1376256,0.8231970071792603
1392640,0.7922961115837097
1409024,0.683521032333374
1425408,0.7246695160865784
1441792,0.7428555488586426
1458176,0.6981624364852905
1474560,0.7455410361289978
1490944,0.725913405418396
1507328,0.7768656015396118
1523712,0.7582390308380127
1540096,0.7839292287826538
1556480,0.8049201965332031
1572864,0.8066269755363464
1589248,0.7925671339035034
1605632,0.8055552244186401
1622016,0.7177866697311401
1638400,0.7282679080963135
1654784,0.7074648141860962
1671168,0.6565080881118774
1687552,0.7434545159339905
1703936,0.7107703685760498
1720320,0.8016954660415649
1736704,0.7606882452964783
1753088,0.8263890743255615
1769472,0.7790997624397278
1785856,0.8207461833953857
1802240,0.8188551664352417
1818624,0.7451283931732178
1835008,0.8004447221755981
1851392,0.8763222694396973
1867776,0.8548250794410706
1884160,0.7684574127197266
1900544,0.8293954730033875
1916928,0.8432096838951111
1933312,0.7980542182922363
1949696,0.8455338478088379
1966080,0.8386521339416504
1982464,0.8279166221618652
1998848,0.8453720808029175
2015232,0.8570594787597656
2031616,0.8253065347671509
2048000,0.7537643909454346
2064384,0.8289245367050171
2080768,0.797116756439209
2097152,0.7928333878517151
2113536,0.7846969962120056
2129920,0.8048444986343384
2146304,0.8014041185379028
2162688,0.8150540590286255
2179072,0.8118699789047241
2195456,0.8290091753005981
2211840,0.8413074016571045
2228224,0.7591190338134766
2244608,0.7973994016647339
2260992,0.8432852029800415
2277376,0.8076409697532654
2293760,0.899377703666687
2310144,0.876887321472168
2326528,0.7543562650680542
2342912,0.7922295928001404
2359296,0.8355259299278259
2375680,0.8387681841850281
2392064,0.7935579419136047
2408448,0.7853403091430664
2424832,0.7975468635559082
2441216,0.740442156791687
2457600,0.8170082569122314
2473984,0.8632856607437134
2490368,0.8361846208572388
2506752,0.8492492437362671
2523136,0.8447582721710205
2539520,0.8025264143943787
2555904,0.858932375907898
2572288,0.8332819938659668
2588672,0.806191086769104
2605056,0.8222406506538391
2621440,0.7765987515449524
2637824,0.8041359186172485
2654208,0.7989925146102905
2670592,0.8395352363586426
2686976,0.7732322216033936
2703360,0.7663460969924927
2719744,0.77446448802948
2736128,0.8153415322303772
2752512,0.7905958890914917
2768896,0.8564119338989258
2785280,0.7677751779556274
2801664,0.796017587184906
2818048,0.8060595393180847
2834432,0.7700842022895813
2850816,0.8269559741020203
2867200,0.8458077907562256
2883584,0.7108013033866882
2899968,0.7838088274002075
2916352,0.7634237408638
2932736,0.865368127822876
2949120,0.8780635595321655
2965504,0.8348640203475952
2981888,0.8541423082351685
2998272,0.8384259939193726
3014656,0.8523956537246704
3031040,0.7886620759963989
3047424,0.8367801904678345
3063808,0.815159022808075
3080192,0.851906418800354
3096576,0.829204797744751
3112960,0.8419978022575378
3129344,0.78631591796875
3145728,0.82645583152771
3162112,0.8547400832176208
3178496,0.8053767681121826
3194880,0.8300354480743408
3211264,0.8685060739517212
3227648,0.9090911149978638
3244032,0.8518719673156738
3260416,0.8338260054588318
3276800,0.8426182270050049
3293184,0.8408266305923462
3309568,0.8987649083137512
3325952,0.863876223564148
3342336,0.815537691116333
3358720,0.8639879822731018
3375104,0.8605847358703613
3391488,0.7822688817977905
3407872,0.8339633941650391
3424256,0.8089720010757446
3440640,0.775566577911377
3457024,0.8095395565032959
3473408,0.6825169324874878
3489792,0.8306847214698792
3506176,0.815528154373169
3522560,0.8009819984436035
3538944,0.7333186864852905
3555328,0.7876876592636108
3571712,0.7365380525588989
3588096,0.7455815672874451
3604480,0.7110483646392822
3620864,0.810860276222229
3637248,0.6301935911178589
3653632,0.6828374862670898
3670016,0.6642749309539795
3686400,0.6800109148025513
3702784,0.6575259566307068
3719168,0.7533609867095947
3735552,0.6834012269973755
3751936,0.5983113050460815
3768320,0.6415688395500183
3784704,0.6869302988052368
3801088,0.6739417314529419
3817472,0.6777939796447754
3833856,0.6898924708366394
3850240,0.5683107376098633
3866624,0.5430861115455627
3883008,0.546238899230957
3899392,0.6210918426513672
3915776,0.7042415738105774
3932160,0.6179238557815552
3948544,0.5365272760391235
3964928,0.5711702108383179
3981312,0.6233776807785034
3997696,0.7131182551383972
4014080,0.6019712090492249
4030464,0.6586272716522217
4046848,0.501895546913147
4063232,0.6222193241119385
4079616,0.6082788705825806
4096000,0.5890593528747559
4112384,0.39755427837371826
4128768,0.47828197479248047
4145152,0.48921483755111694
4161536,0.5699269771575928
4177920,0.6121939420700073
4194304,0.46791136264801025
4210688,0.47076892852783203
4227072,0.510683000087738
4243456,0.4255872368812561
4259840,0.44763821363449097
4276224,0.46613508462905884
4292608,0.3982110023498535
4308992,0.531843900680542
4325376,0.5523374676704407
4341760,0.3578895926475525
4358144,0.5223188400268555
4374528,0.4763247072696686
4390912,0.4015570878982544
4407296,0.46272119879722595
4423680,0.5261414647102356
4440064,0.4480968117713928
4456448,0.4888313412666321
4472832,0.4819442331790924
4489216,0.4643591046333313
4505600,0.40998244285583496
4521984,0.48303309082984924
4538368,0.46011215448379517
4554752,0.42956072092056274
4571136,0.363957941532135
4587520,0.3809637129306793
4603904,0.3651321828365326
4620288,0.3175244927406311
4636672,0.5093718767166138
4653056,0.37292227149009705
4669440,0.24971778690814972
4685824,0.2570933699607849
4702208,0.33355534076690674
4718592,0.28741908073425293
4734976,0.3214882016181946
4751360,0.2541029155254364
4767744,0.2781447768211365
4784128,0.39192456007003784
4800512,0.36595338582992554
4816896,0.3329540491104126
4833280,0.26503220200538635
4849664,0.31978532671928406
4866048,0.3105819821357727
4882432,0.32320231199264526
4898816,0.22225533425807953
4915200,0.33134979009628296
4931584,0.2896047830581665
4947968,0.2496625781059265
4964352,0.36987167596817017
4980736,0.33267727494239807
4997120,0.28285306692123413
5013504,0.2217322587966919
5029888,0.44424885511398315
5046272,0.3303574025630951
5062656,0.25062060356140137
5079040,0.27775058150291443
5095424,0.39786428213119507
5111808,0.30236026644706726
5128192,0.3270205855369568
5144576,0.2601246237754822
5160960,0.27078068256378174
5177344,0.2529938519001007
5193728,0.30312758684158325
5210112,0.2760195732116699
5226496,0.24942517280578613
5242880,0.26662126183509827
5259264,0.18203498423099518
5275648,0.24004119634628296
5292032,0.30921706557273865
5308416,0.23487724363803864
5324800,0.3521617650985718
5341184,0.2727106511592865
5357568,0.32272061705589294
5373952,0.26820316910743713
5390336,0.21498681604862213
5406720,0.3232036828994751
5423104,0.2553950548171997
5439488,0.20765072107315063
5455872,0.31110355257987976
5472256,0.2942502498626709
5488640,0.36673450469970703
5505024,0.2650381922721863
5521408,0.28442567586898804
5537792,0.2837279736995697
5554176,0.3319156765937805
5570560,0.2957114279270172
5586944,0.2954692542552948
5603328,0.41053488850593567
5619712,0.26098179817199707
5636096,0.23080527782440186
5652480,0.27415695786476135
5668864,0.2323092222213745
5685248,0.22718651592731476
5701632,0.26366859674453735
5718016,0.28574711084365845
5734400,0.2191811501979828
5750784,0.21204544603824615
5767168,0.24045434594154358
5783552,0.25362464785575867
5799936,0.21794579923152924
5816320,0.2651057839393616
5832704,0.26544493436813354
5849088,0.26158252358436584
5865472,0.27005812525749207
5881856,0.25033503770828247
5898240,0.27226489782333374
5914624,0.2694029211997986
5931008,0.2432694137096405
5947392,0.26610976457595825
5963776,0.23388230800628662
5980160,0.2605266571044922
5996544,0.2101963460445404
6012928,0.20008523762226105
6029312,0.19822537899017334
6045696,0.171605184674263
6062080,0.1185326874256134
6078464,0.13490131497383118
6094848,0.17745622992515564
6111232,0.25558900833129883
6127616,0.19492697715759277
6144000,0.16322575509548187
6160384,0.22884684801101685
6176768,0.1861339509487152
6193152,0.17419470846652985
6209536,0.22645176947116852
6225920,0.16160434484481812
6242304,0.18247732520103455
6258688,0.1511455923318863
6275072,0.20395708084106445
6291456,0.24782009422779083
6307840,0.14811933040618896
6324224,0.1160181313753128
6340608,0.11544349789619446
6356992,0.1311420053243637
6373376,0.1564866304397583
6389760,0.14773832261562347
6406144,0.13704320788383484
6422528,0.10654252767562866
6438912,0.10594122856855392
6455296,0.1670568585395813
6471680,0.2181749790906906
6488064,0.14422188699245453
6504448,0.16122756898403168
6520832,0.15754806995391846
6537216,0.14983025193214417
6553600,0.18809551000595093
6569984,0.1220044195652008
6586368,0.19211436808109283
6602752,0.11883442103862762
6619136,0.21097689867019653
6635520,0.19109076261520386
6651904,0.25515544414520264
6668288,0.11735884845256805
6684672,0.2547346353530884
6701056,0.25012266635894775
6717440,0.13249200582504272
6733824,0.26527607440948486
6750208,0.19832748174667358
6766592,0.13677534461021423
6782976,0.1427086442708969
6799360,0.1971222162246704
6815744,0.21116243302822113
6832128,0.1890319287776947
6848512,0.11640312522649765
6864896,0.16662445664405823
6881280,0.14907041192054749
6897664,0.13802817463874817
6914048,0.16183322668075562
6930432,0.10619017481803894
6946816,0.10825271904468536
6963200,0.16319620609283447
6979584,0.13439270853996277
6995968,0.13861754536628723
7012352,0.12681767344474792
7028736,0.10795625299215317
7045120,0.16864998638629913
7061504,0.1477539986371994
7077888,0.1270814836025238
7094272,0.2166190892457962
7110656,0.17000320553779602
7127040,0.15623436868190765
7143424,0.16011595726013184
7159808,0.11512572318315506
7176192,0.15348459780216217
7192576,0.12405809015035629
7208960,0.11001642048358917
7225344,0.17751869559288025
7241728,0.13061785697937012
7258112,0.21060606837272644
7274496,0.14522354304790497
7290880,0.19530156254768372
7307264,0.1865091621875763
7323648,0.1654944270849228
7340032,0.24097418785095215
7356416,0.15828055143356323
7372800,0.22600257396697998
7389184,0.22375620901584625
7405568,0.16927558183670044
7421952,0.15406665205955505
7438336,0.2723637819290161
7454720,0.2169610559940338
7471104,0.24659350514411926
7487488,0.17577219009399414
7503872,0.17328611016273499
7520256,0.19164490699768066
7536640,0.17327509820461273
7553024,0.15682336688041687
7569408,0.17603716254234314
7585792,0.1846790313720703
7602176,0.19981834292411804
7618560,0.17596423625946045
7634944,0.09656152129173279
7651328,0.17024818062782288
7667712,0.1563928723335266
7684096,0.20169618725776672
7700480,0.24189165234565735
7716864,0.11788347363471985
7733248,0.220533549785614
7749632,0.21306553483009338
7766016,0.15481102466583252
7782400,0.1222824975848198
7798784,0.2291652411222458
7815168,0.21919116377830505
7831552,0.12064678221940994
7847936,0.1858588457107544
7864320,0.1366446614265442
7880704,0.13930074870586395
7897088,0.15275420248508453
7913472,0.1407933533191681
7929856,0.17168834805488586
7946240,0.15463033318519592
7962624,0.13397714495658875
7979008,0.16057530045509338
7995392,0.14028342068195343
8011776,0.10010543465614319
8028160,0.11799047142267227
8044544,0.14750084280967712
8060928,0.129672572016716
8077312,0.12604491412639618
8093696,0.1648249626159668
8110080,0.1105668768286705
8126464,0.08531183004379272
8142848,0.12926998734474182
8159232,0.13811293244361877
8175616,0.12441439926624298
8192000,0.18751803040504456
8208384,0.15176145732402802
8224768,0.13066625595092773
8241152,0.1650339961051941
8257536,0.13203701376914978
8273920,0.15546809136867523
8290304,0.12417228519916534
8306688,0.11329595744609833
8323072,0.15278835594654083
8339456,0.11011199653148651
8355840,0.14249269664287567
8372224,0.08628367632627487
8388608,0.11944928765296936
8404992,0.15440121293067932
8421376,0.12572818994522095
8437760,0.1477562040090561
8454144,0.1770501285791397
8470528,0.18144375085830688
8486912,0.17544780671596527
8503296,0.13046246767044067
8519680,0.14967316389083862
8536064,0.12711206078529358
8552448,0.11862988770008087
8568832,0.16504578292369843
8585216,0.19345435500144958
8601600,0.1374908685684204
8617984,0.1167946606874466
8634368,0.16842973232269287
8650752,0.16969327628612518
8667136,0.15999069809913635
8683520,0.20363537967205048
8699904,0.12692846357822418
8716288,0.20923975110054016
8732672,0.1953859031200409
8749056,0.1583855003118515
8765440,0.19166794419288635
8781824,0.1856999546289444
8798208,0.201400488615036
8814592,0.28301262855529785
8830976,0.18505093455314636
8847360,0.19817031919956207
8863744,0.2144511342048645
8880128,0.13238826394081116
8896512,0.28341811895370483
8912896,0.24433335661888123
8929280,0.2604111433029175
8945664,0.18275311589241028
8962048,0.28938764333724976
8978432,0.19327417016029358
8994816,0.28576934337615967
9011200,0.33988744020462036
9027584,0.23190997540950775
9043968,0.21485711634159088
9060352,0.28584685921669006
9076736,0.24538689851760864
9093120,0.253853976726532
9109504,0.1827785223722458
9125888,0.17023999989032745
9142272,0.16037821769714355
9158656,0.24864131212234497
9175040,0.18943309783935547
9191424,0.2653254270553589
9207808,0.18624457716941833
9224192,0.2888798713684082
9240576,0.24177320301532745
9256960,0.42885589599609375
9273344,0.25050485134124756
9289728,0.3313310146331787
9306112,0.271086186170578
9322496,0.31245437264442444
9338880,0.3790648281574249
9355264,0.3530937433242798
9371648,0.22936400771141052
9388032,0.2404758632183075
9404416,0.3405933976173401
9420800,0.3760867118835449
9437184,0.297834575176239
9453568,0.31670182943344116
9469952,0.3552829325199127
9486336,0.2472335696220398
9502720,0.19947288930416107
9519104,0.26036250591278076
9535488,0.2505307197570801
9551872,0.3776487112045288
9568256,0.3617069125175476
9584640,0.35557985305786133
9601024,0.30438703298568726
9617408,0.3676973283290863
9633792,0.2984708547592163
9650176,0.3021344542503357
9666560,0.3270367980003357
9682944,0.38642942905426025
9699328,0.34263724088668823
9715712,0.29206976294517517
9732096,0.3198009431362152
9748480,0.2927943170070648
9764864,0.2395898997783661
9781248,0.3717663884162903
9797632,0.20588266849517822
9814016,0.26021504402160645
9830400,0.22595101594924927
9846784,0.26418715715408325
9863168,0.3717028498649597
9879552,0.22836747765541077
9895936,0.280226469039917
9912320,0.1661868542432785
9928704,0.29279473423957825
9945088,0.2833392024040222
9961472,0.29349619150161743
9977856,0.33524882793426514
9994240,0.21902605891227722
10010624,0.33615702390670776
10027008,0.26967379450798035
10043392,0.20639194548130035
10059776,0.31543660163879395
10076160,0.2354341447353363
10092544,0.29472315311431885
10108928,0.23041921854019165
10125312,0.26475799083709717
10141696,0.22541822493076324
10158080,0.31262046098709106
10174464,0.24663445353507996
10190848,0.314253032207489
10207232,0.2619963586330414
10223616,0.3187822103500366
10240000,0.310055136680603
10256384,0.2872046232223511
10272768,0.26412442326545715
10289152,0.2702908217906952
10305536,0.3391569256782532
10321920,0.3461572825908661
10338304,0.2485165297985077
10354688,0.1680528074502945
10371072,0.3494482934474945
10387456,0.251225084066391
10403840,0.2705378532409668
10420224,0.22780874371528625
10436608,0.24449339509010315
10452992,0.29584288597106934
10469376,0.2413579225540161
10485760,0.2244715690612793
10502144,0.3610953688621521
10518528,0.22573637962341309
10534912,0.24907521903514862
10551296,0.2125614881515503
10567680,0.28869470953941345
10584064,0.16412346065044403
10600448,0.16410303115844727
10616832,0.23529024422168732
10633216,0.2392822802066803
10649600,0.19826459884643555
10665984,0.23664706945419312
10682368,0.1990116834640503
10698752,0.20137792825698853
10715136,0.24896325170993805
10731520,0.24777325987815857
10747904,0.201889306306839
10764288,0.1897079348564148
10780672,0.22635377943515778
10797056,0.18573087453842163
10813440,0.18605662882328033
10829824,0.21345344185829163
10846208,0.17833776772022247
10862592,0.18540731072425842
10878976,0.169730082154274
10895360,0.18190890550613403
10911744,0.21398501098155975
10928128,0.1569647192955017
10944512,0.1692056655883789
10960896,0.2093759924173355
10977280,0.1900990903377533
10993664,0.22586241364479065
11010048,0.19329559803009033
11026432,0.18440595269203186
11042816,0.17450067400932312
11059200,0.2371397167444229
11075584,0.19260717928409576
11091968,0.18009454011917114
11108352,0.1500791758298874
11124736,0.1543256938457489
11141120,0.191300630569458
11157504,0.23768912255764008
11173888,0.1873897910118103
11190272,0.1697685271501541
11206656,0.14057663083076477
11223040,0.13906942307949066
11239424,0.1671406328678131
11255808,0.1265280395746231
11272192,0.1741790920495987
11288576,0.158208429813385
11304960,0.14384502172470093
11321344,0.17146886885166168
11337728,0.20709790289402008
11354112,0.23305577039718628
11370496,0.19968509674072266
11386880,0.2415478527545929
11403264,0.2146328091621399
11419648,0.24005495011806488
11436032,0.23079094290733337
11452416,0.27504003047943115
11468800,0.2724905014038086
11485184,0.2974628806114197
11501568,0.2932984530925751
11517952,0.27077364921569824
11534336,0.29318785667419434
11550720,0.3018535375595093
11567104,0.3120260536670685
11583488,0.3820763826370239
11599872,0.3484405279159546
11616256,0.3136179447174072
11632640,0.28005334734916687
11649024,0.34178245067596436
11665408,0.3297286629676819
11681792,0.33513617515563965
11698176,0.31236720085144043
11714560,0.2593304514884949
11730944,0.2597602903842926
11747328,0.2752830386161804
11763712,0.3125966787338257
11780096,0.30126774311065674
11796480,0.25316479802131653
11812864,0.2987842559814453
11829248,0.29846036434173584
11845632,0.24778002500534058
11862016,0.3324165940284729
11878400,0.26109153032302856
11894784,0.257964164018631
11911168,0.2887428402900696
11927552,0.2895415127277374
11943936,0.3121749758720398
11960320,0.2651485800743103
11976704,0.31262919306755066
11993088,0.2095520943403244
12009472,0.20356278121471405
12025856,0.24322640895843506
12042240,0.26344114542007446
12058624,0.22661593556404114
12075008,0.2482006549835205
12091392,0.2938041388988495
12107776,0.24703919887542725
12124160,0.2686445116996765
12140544,0.21989646553993225
12156928,0.22817599773406982
12173312,0.25529587268829346
12189696,0.29604971408843994
12206080,0.26676926016807556
12222464,0.22354252636432648
12238848,0.2471941113471985
12255232,0.2694438695907593
12271616,0.264934241771698
12288000,0.2620374262332916
12304384,0.27285176515579224
12320768,0.2610524296760559
12337152,0.2465505301952362
12353536,0.30312013626098633
12369920,0.33114373683929443
12386304,0.23424893617630005
12402688,0.2519521117210388
12419072,0.2256912887096405
12435456,0.27388259768486023
12451840,0.23773476481437683
12468224,0.20254988968372345
12484608,0.3061518371105194
12500992,0.2837889790534973
12517376,0.27930325269699097
12533760,0.32158422470092773
12550144,0.3318089246749878
12566528,0.33260971307754517
12582912,0.35532861948013306
12599296,0.3354136049747467
12615680,0.2880401611328125
12632064,0.28211456537246704
12648448,0.3936235010623932
12664832,0.450347900390625
12681216,0.2843674421310425
12697600,0.2943403422832489
12713984,0.3548208177089691
12730368,0.35870838165283203
12746752,0.3731299340724945
12763136,0.40480679273605347
12779520,0.2346852719783783
12795904,0.26993680000305176
12812288,0.3773626983165741
12828672,0.39160817861557007
12845056,0.339175820350647
12861440,0.30138450860977173
12877824,0.34152159094810486
12894208,0.3995254635810852
12910592,0.36350953578948975
12926976,0.4151397943496704
12943360,0.4396074116230011
12959744,0.47141021490097046
12976128,0.38097137212753296
12992512,0.2868307828903198
13008896,0.35262948274612427
13025280,0.45963403582572937
13041664,0.286748468875885
13058048,0.42674699425697327
13074432,0.29170510172843933
13090816,0.33245110511779785
13107200,0.3075890839099884
13123584,0.3637978732585907
13139968,0.37974637746810913
13156352,0.32292717695236206
13172736,0.3273516893386841
13189120,0.438159316778183
13205504,0.3256400227546692
13221888,0.3710435628890991
13238272,0.3090839982032776
13254656,0.3550887107849121
13271040,0.32499977946281433
13287424,0.39676570892333984
13303808,0.39666828513145447
13320192,0.38033920526504517
13336576,0.40810590982437134
13352960,0.4362216293811798
13369344,0.3496007025241852
13385728,0.3668317496776581
13402112,0.38096076250076294
13418496,0.27494513988494873
13434880,0.23346006870269775
13451264,0.31979048252105713
13467648,0.3125289976596832
13484032,0.3937053680419922
13500416,0.38335010409355164
13516800,0.3215515613555908
13533184,0.3592568039894104
13549568,0.3839070498943329
13565952,0.2885958254337311
13582336,0.34707239270210266
13598720,0.1774846464395523
13615104,0.35744062066078186
13631488,0.33540791273117065
13647872,0.366943359375
13664256,0.2742340564727783
13680640,0.34249645471572876
13697024,0.3670419156551361
13713408,0.3814042806625366
13729792,0.26281827688217163
13746176,0.40510374307632446
13762560,0.3508923649787903
13778944,0.33117860555648804
13795328,0.36574476957321167
13811712,0.4171332120895386
13828096,0.2858565151691437
13844480,0.2899850606918335
13860864,0.2872008681297302
13877248,0.3278665840625763
13893632,0.418775737285614
13910016,0.3460719585418701
13926400,0.2967537045478821
13942784,0.44773370027542114
13959168,0.46283677220344543
13975552,0.4108220934867859
13991936,0.34598326683044434
14008320,0.35631904006004333
14024704,0.2919911742210388
14041088,0.29658564925193787
14057472,0.3527022898197174
14073856,0.4204446077346802
14090240,0.2776182293891907
14106624,0.33286577463150024
14123008,0.38546550273895264
14139392,0.31954169273376465
14155776,0.31222236156463623
14172160,0.31044846773147583
14188544,0.3779253661632538
14204928,0.28934943675994873
14221312,0.35498136281967163
14237696,0.34450870752334595
14254080,0.41734951734542847
14270464,0.3556833863258362
14286848,0.32946813106536865
14303232,0.37359368801116943
14319616,0.4087705910205841
14336000,0.3659297227859497
14352384,0.3474107086658478
14368768,0.316211998462677
14385152,0.3583308458328247
14401536,0.4334930181503296
14417920,0.4044193625450134
14434304,0.22174257040023804
14450688,0.31261155009269714
14467072,0.3069409132003784
14483456,0.33482927083969116
14499840,0.3389943838119507
14516224,0.3358844816684723
14532608,0.32874107360839844
14548992,0.3024984300136566
14565376,0.307587206363678
14581760,0.41453444957733154
14598144,0.2787887454032898
14614528,0.3138580322265625
14630912,0.3713797628879547
14647296,0.29866230487823486
14663680,0.25682199001312256
14680064,0.25064414739608765
14696448,0.30898773670196533
14712832,0.2630646228790283
14729216,0.28750044107437134
14745600,0.3243767023086548
14761984,0.24131333827972412
14778368,0.3198596239089966
14794752,0.2452281415462494
14811136,0.31876999139785767
14827520,0.232881098985672
14843904,0.27266672253608704
14860288,0.3240997791290283
14876672,0.2686237096786499
14893056,0.23361527919769287
14909440,0.2479459047317505
14925824,0.24235817790031433
14942208,0.28795117139816284
14958592,0.23898571729660034
14974976,0.272659033536911
14991360,0.25391486287117004
15007744,0.2232968509197235
15024128,0.17677155137062073
15040512,0.1652235984802246
15056896,0.18707025051116943
15073280,0.3017927408218384
15089664,0.17180854082107544
15106048,0.26807111501693726
15122432,0.28287142515182495
15138816,0.2370452582836151
15155200,0.2928158640861511
15171584,0.36775723099708557
15187968,0.2715710401535034
15204352,0.29554831981658936
15220736,0.37437793612480164
15237120,0.3534761369228363
15253504,0.31262871623039246
15269888,0.3027307391166687
15286272,0.2728673815727234
15302656,0.33674612641334534
15319040,0.29101014137268066
15335424,0.35254329442977905
15351808,0.31331294775009155
15368192,0.5260111093521118
15384576,0.32605451345443726
15400960,0.29042142629623413
15417344,0.40677621960639954
15433728,0.3369302451610565
15450112,0.368533730506897
15466496,0.41627421975135803
15482880,0.39895182847976685
15499264,0.38342714309692383
15515648,0.24883291125297546
15532032,0.3462391495704651
15548416,0.3505241572856903
15564800,0.4771270155906677
15581184,0.3899923264980316
15597568,0.2632378041744232
15613952,0.2412383258342743
15630336,0.22264954447746277
15646720,0.44270652532577515
15663104,0.45982348918914795
15679488,0.44185638427734375
15695872,0.27143585681915283
15712256,0.3332338333129883
15728640,0.45157891511917114
15745024,0.3475264012813568
15761408,0.36026883125305176
15777792,0.41257405281066895
15794176,0.35655930638313293
15810560,0.38463371992111206
15826944,0.43316739797592163
15843328,0.45331329107284546
15859712,0.39812391996383667
15876096,0.420542448759079
15892480,0.29327529668807983
15908864,0.3491942286491394
15925248,0.32686668634414673
15941632,0.31367823481559753
15958016,0.2623593211174011
15974400,0.30041420459747314
15990784,0.3786775469779968
16007168,0.3217476010322571
16023552,0.3606458306312561
16039936,0.3123316764831543
16056320,0.36902737617492676
16072704,0.40200090408325195
16089088,0.3390348553657532
16105472,0.3746274411678314
16121856,0.2391951084136963
16138240,0.2755871117115021
16154624,0.3476804494857788
16171008,0.3693072497844696
16187392,0.3879263699054718
16203776,0.23927584290504456
16220160,0.29779595136642456
16236544,0.39229410886764526
16252928,0.34035617113113403
16269312,0.31046098470687866
16285696,0.32614046335220337
16302080,0.3099803924560547
16318464,0.34326571226119995
16334848,0.25516611337661743
16351232,0.296733021736145
16367616,0.2147645205259323
16384000,0.26617980003356934
16400384,0.3338369131088257
16416768,0.21547183394432068
16433152,0.2795681953430176
16449536,0.26483583450317383
16465920,0.2786041498184204
16482304,0.3146781325340271
16498688,0.34455257654190063
16515072,0.3106970191001892
16531456,0.40472978353500366
16547840,0.2875193655490875
16564224,0.329559326171875
16580608,0.25351518392562866
16596992,0.2193548083305359
16613376,0.2600957453250885
16629760,0.39008766412734985
16646144,0.2155006229877472
16662528,0.37927502393722534
16678912,0.3295312225818634
16695296,0.3403472900390625
16711680,0.311249315738678
16728064,0.23988111317157745
16744448,0.286652535200119
16760832,0.29077276587486267
16777216,0.29102620482444763
16793600,0.34127309918403625
16809984,0.2912956178188324
16826368,0.31440919637680054
16842752,0.2617573142051697
16859136,0.3583032488822937
16875520,0.33375686407089233
16891904,0.3280404508113861
16908288,0.3615274131298065
16924672,0.3580045998096466
16941056,0.2995810806751251
16957440,0.28206607699394226
16973824,0.30437901616096497
16990208,0.2790813446044922
17006592,0.27382105588912964
17022976,0.26429373025894165
17039360,0.25673747062683105
17055744,0.24332641065120697
17072128,0.4026806950569153
17088512,0.23318365216255188
17104896,0.3223344385623932
17121280,0.2057919204235077
17137664,0.2502268850803375
17154048,0.3570364713668823
17170432,0.24340730905532837
17186816,0.2589310109615326
17203200,0.45485925674438477
17219584,0.2536654770374298
17235968,0.36926382780075073
17252352,0.30521291494369507
17268736,0.30340564250946045
17285120,0.3078175485134125
17301504,0.3438441753387451
17317888,0.3255195617675781
17334272,0.36590760946273804
17350656,0.3207414448261261
17367040,0.3210447430610657
17383424,0.3970050811767578
17399808,0.3623998165130615
17416192,0.3385246992111206
17432576,0.3265446424484253
17448960,0.31515854597091675
17465344,0.2817723751068115
17481728,0.3445078730583191
17498112,0.26017656922340393
17514496,0.3529798984527588
17530880,0.3656289279460907
17547264,0.29130473732948303
17563648,0.26911523938179016
17580032,0.25450649857521057
17596416,0.3172134757041931
17612800,0.32179003953933716
17629184,0.2667890191078186
17645568,0.42226946353912354
17661952,0.3703116178512573
17678336,0.26538151502609253
17694720,0.3351438641548157
17711104,0.42875105142593384
17727488,0.3109261393547058
17743872,0.25435829162597656
17760256,0.2925022840499878
17776640,0.22435587644577026
17793024,0.27456218004226685
17809408,0.2747724652290344
17825792,0.2473965883255005
17842176,0.2520439624786377
17858560,0.2766256630420685
17874944,0.2534157335758209
17891328,0.2470097541809082
17907712,0.3398643434047699
17924096,0.2783457040786743
17940480,0.1676422357559204
17956864,0.22915923595428467
17973248,0.29024338722229004
17989632,0.3065407872200012
18006016,0.3424668312072754
18022400,0.35665395855903625
18038784,0.3476896286010742
18055168,0.335875004529953
18071552,0.34906449913978577
18087936,0.3738332688808441
18104320,0.3448356091976166
18120704,0.37863585352897644
18137088,0.31573209166526794
18153472,0.3419908285140991
18169856,0.41052401065826416
18186240,0.34738001227378845
18202624,0.3344646990299225
18219008,0.35973241925239563
18235392,0.3296201229095459
18251776,0.36661678552627563
18268160,0.4071212708950043
18284544,0.3690608739852905
18300928,0.39090240001678467
18317312,0.4290260672569275
18333696,0.42477768659591675
18350080,0.3561335802078247
18366464,0.3956424593925476
18382848,0.4438956379890442
18399232,0.47025030851364136
18415616,0.40787607431411743
18432000,0.5114642381668091
18448384,0.45140331983566284
18464768,0.43848496675491333
18481152,0.5514435768127441
18497536,0.5643969774246216
18513920,0.5107821226119995
18530304,0.5081398487091064
18546688,0.5622383952140808
18563072,0.5714445114135742
18579456,0.5014126896858215
18595840,0.44684553146362305
18612224,0.5099589824676514
18628608,0.5112656354904175
18644992,0.5209693908691406
18661376,0.4805668592453003
18677760,0.4859497547149658
18694144,0.5583977699279785
18710528,0.4861338138580322
18726912,0.46545472741127014
18743296,0.4573941230773926
18759680,0.4499654769897461
18776064,0.41941705346107483
18792448,0.5048325061798096
18808832,0.4382094442844391
18825216,0.41149038076400757
18841600,0.579909086227417
18857984,0.5206992626190186
18874368,0.48725295066833496
18890752,0.3555087447166443
18907136,0.47308865189552307
18923520,0.4526936709880829
18939904,0.44186609983444214
18956288,0.42700454592704773
18972672,0.42171698808670044
18989056,0.5281777381896973
19005440,0.38123223185539246
19021824,0.48306378722190857
19038208,0.28825265169143677
19054592,0.4125402271747589
19070976,0.39322537183761597
19087360,0.35914188623428345
19103744,0.36583298444747925
19120128,0.4279157519340515
19136512,0.33809319138526917
19152896,0.3938084840774536
19169280,0.33100447058677673
19185664,0.34486350417137146
19202048,0.3179541826248169
19218432,0.342725545167923
19234816,0.4602671265602112
19251200,0.44228535890579224
19267584,0.4707641005516052
19283968,0.4204919934272766
19300352,0.4450750946998596
19316736,0.43004482984542847
19333120,0.5099042654037476
19349504,0.4252590537071228
19365888,0.42136144638061523
19382272,0.43881136178970337
19398656,0.3561529815196991
19415040,0.4728243052959442
19431424,0.402341365814209
19447808,0.3536228537559509
19464192,0.3956236243247986
19480576,0.36838704347610474
19496960,0.36779746413230896
19513344,0.32414162158966064
19529728,0.32529211044311523
19546112,0.3464135229587555
19562496,0.3131858706474304
19578880,0.33528637886047363
19595264,0.3487522602081299
19611648,0.4525792896747589
19628032,0.3939315676689148
19644416,0.37569329142570496
19660800,0.4176419973373413
19677184,0.36842814087867737
19693568,0.37480390071868896
19709952,0.36161118745803833
19726336,0.3713076114654541
19742720,0.34607890248298645
19759104,0.3328382968902588
19775488,0.4317058026790619
19791872,0.32808947563171387
19808256,0.4274209439754486
19824640,0.40806031227111816
19841024,0.3508452773094177
19857408,0.4493824243545532
19873792,0.34999704360961914
19890176,0.36643773317337036
19906560,0.36078232526779175
19922944,0.3538548946380615
19939328,0.3543936610221863
19955712,0.32963889837265015
19972096,0.3155246376991272
19988480,0.41616910696029663
20004864,0.2834553122520447
20021248,0.2564721405506134
20037632,0.30066412687301636
20054016,0.26907211542129517
20070400,0.4457987844944
20086784,0.3087002635002136
20103168,0.35233163833618164
20119552,0.27415400743484497
20135936,0.32241445779800415
20152320,0.30925238132476807
20168704,0.2792015075683594
20185088,0.38369327783584595
20201472,0.37682199478149414
20217856,0.27369314432144165
20234240,0.38484853506088257
20250624,0.28417718410491943
20267008,0.23225855827331543
20283392,0.39607083797454834
20299776,0.3052143454551697
20316160,0.39483290910720825
20332544,0.3242528736591339
20348928,0.29189595580101013
20365312,0.3844219744205475
20381696,0.28859084844589233
20398080,0.28547483682632446
20414464,0.3061463236808777
20430848,0.28474462032318115
20447232,0.3188275694847107
20463616,0.41556957364082336
20480000,0.42461392283439636
20496384,0.47335848212242126
20512768,0.4086613357067108
20529152,0.44357001781463623
20545536,0.3353825807571411
20561920,0.4492506682872772
20578304,0.3613480031490326
20594688,0.36818820238113403
20611072,0.3355019688606262
20627456,0.4122107923030853
20643840,0.4259575605392456
20660224,0.4093486964702606
20676608,0.4486023783683777
20692992,0.45948976278305054
20709376,0.39418643712997437
20725760,0.49273234605789185
20742144,0.4779413938522339
20758528,0.3636942207813263
20774912,0.4269082546234131
20791296,0.5034587383270264
20807680,0.4581736624240875
20824064,0.521155834197998
20840448,0.41011136770248413
20856832,0.33917975425720215
20873216,0.4219846725463867
20889600,0.41044411063194275
20905984,0.35691672563552856
20922368,0.4108007550239563
20938752,0.39908236265182495
20955136,0.3110342025756836
20971520,0.45685285329818726
20987904,0.3055990934371948
21004288,0.4079255759716034
21020672,0.37813377380371094
21037056,0.3315638303756714
21053440,0.404401957988739
21069824,0.3630165755748749
21086208,0.47661370038986206
21102592,0.44139888882637024
21118976,0.320537269115448
21135360,0.33401966094970703
21151744,0.43273064494132996
21168128,0.3088862895965576
21184512,0.2859557271003723
21200896,0.2809465527534485
21217280,0.2937679588794708
21233664,0.36009734869003296
21250048,0.3080323040485382
21266432,0.27866417169570923
21282816,0.3161424398422241
21299200,0.2653379440307617
21315584,0.22361338138580322
21331968,0.3115288019180298
21348352,0.2663111686706543
21364736,0.335081547498703
21381120,0.2193077802658081
21397504,0.22342023253440857
21413888,0.3513895869255066
21430272,0.2342391014099121
21446656,0.24419783055782318
21463040,0.25010523200035095
21479424,0.26414626836776733
21495808,0.3830965757369995
21512192,0.1846431940793991
21528576,0.24124066531658173
21544960,0.32026779651641846
21561344,0.2629382312297821
21577728,0.2733686566352844
21594112,0.27804267406463623
21610496,0.2944449782371521
21626880,0.2547754645347595
21643264,0.1980953961610794
21659648,0.3003288507461548
21676032,0.2859487533569336
21692416,0.351252019405365
21708800,0.3141658306121826
21725184,0.231973797082901
21741568,0.24517793953418732
21757952,0.2567586898803711
21774336,0.312467098236084
21790720,0.34757721424102783
21807104,0.2758769690990448
21823488,0.23895594477653503
21839872,0.24579313397407532
21856256,0.2632339596748352
21872640,0.20261695981025696
21889024,0.29438403248786926
21905408,0.2903365194797516
21921792,0.23962152004241943
21938176,0.2972482442855835
21954560,0.33156657218933105
21970944,0.24009054899215698
21987328,0.316877543926239
22003712,0.2955036163330078
22020096,0.31138667464256287
22036480,0.2653842866420746
22052864,0.19215933978557587
22069248,0.22401058673858643
22085632,0.2601766586303711
22102016,0.17805922031402588
22118400,0.2867017686367035
22134784,0.22967971861362457
22151168,0.3213183879852295
22167552,0.2289334386587143
22183936,0.23519599437713623
22200320,0.31152448058128357
22216704,0.24785366654396057
22233088,0.2190295308828354
22249472,0.25057274103164673
22265856,0.2216891050338745
22282240,0.24944114685058594
22298624,0.2841048836708069
22315008,0.1855611354112625
22331392,0.17826774716377258
22347776,0.18919730186462402
22364160,0.264769047498703
22380544,0.24487386643886566
22396928,0.2404877245426178
22413312,0.17550128698349
22429696,0.19316411018371582
22446080,0.22239409387111664
22462464,0.2181125283241272
22478848,0.2692444920539856
22495232,0.2614157795906067
22511616,0.29111263155937195
22528000,0.27620333433151245
22544384,0.22188304364681244
22560768,0.22788947820663452
22577152,0.1927136927843094
22593536,0.29252198338508606
22609920,0.2125445008277893
22626304,0.26439303159713745
22642688,0.27371859550476074
22659072,0.29008471965789795
22675456,0.2668043076992035
22691840,0.3200831115245819
22708224,0.273488312959671
22724608,0.25597476959228516
22740992,0.210465669631958
22757376,0.19334815442562103
22773760,0.2601509392261505
22790144,0.21147960424423218
22806528,0.28879445791244507
22822912,0.22949279844760895
22839296,0.19451116025447845
22855680,0.2564803957939148
22872064,0.22347021102905273
22888448,0.25633350014686584
22904832,0.22899432480335236
22921216,0.30423691868782043
22937600,0.2566102147102356
22953984,0.21932636201381683
22970368,0.2123524248600006
22986752,0.23951369524002075
23003136,0.2286955714225769
23019520,0.20222526788711548
23035904,0.35084259510040283
23052288,0.1948009729385376
23068672,0.23831281065940857
23085056,0.306956946849823
23101440,0.2624835968017578
23117824,0.25937944650650024
23134208,0.280377060174942
23150592,0.2510683536529541
23166976,0.23881013691425323
23183360,0.2765047252178192
23199744,0.3158430755138397
23216128,0.18963608145713806
23232512,0.31199339032173157
23248896,0.2548047602176666
23265280,0.25402289628982544
23281664,0.2756021320819855
23298048,0.2405460774898529
23314432,0.2821114659309387
23330816,0.2908749580383301
23347200,0.26127079129219055
23363584,0.2637355327606201
23379968,0.2727378010749817
23396352,0.2532499432563782
23412736,0.2819976210594177
23429120,0.19208601117134094
23445504,0.19205614924430847
23461888,0.2625628113746643
23478272,0.23276883363723755
23494656,0.17162692546844482
23511040,0.2546945810317993
23527424,0.22976918518543243
23543808,0.20450100302696228
23560192,0.2646762430667877
23576576,0.27377814054489136
23592960,0.22523924708366394
23609344,0.1622161567211151
23625728,0.186578631401062
23642112,0.20225578546524048
23658496,0.1754392385482788
23674880,0.17523984611034393
23691264,0.25021108984947205
23707648,0.31459227204322815
23724032,0.23587578535079956
23740416,0.2111794501543045
23756800,0.22350439429283142
23773184,0.20768600702285767
23789568,0.17787352204322815
23805952,0.2327599674463272
23822336,0.25654667615890503
23838720,0.2976917028427124
23855104,0.2551940083503723
23871488,0.2577506899833679
23887872,0.22942610085010529
23904256,0.27508658170700073
23920640,0.19023320078849792
23937024,0.2590159773826599
23953408,0.26955825090408325
23969792,0.28082311153411865
23986176,0.26543208956718445
24002560,0.2869051694869995
24018944,0.23658788204193115
24035328,0.2074527144432068
24051712,0.24907878041267395
24068096,0.29788416624069214
24084480,0.2051416039466858
24100864,0.22203731536865234
24117248,0.2347245216369629
24133632,0.2717928886413574
24150016,0.31910979747772217
24166400,0.19897450506687164
24182784,0.24223455786705017
24199168,0.28000608086586
24215552,0.25435617566108704
24231936,0.2663637101650238
24248320,0.39818909764289856
24264704,0.29671889543533325
24281088,0.30427342653274536
24297472,0.4254688620567322
24313856,0.2700923681259155
24330240,0.37275010347366333
24346624,0.3668140769004822
24363008,0.28625157475471497
24379392,0.2871648669242859
24395776,0.3385850787162781
24412160,0.3981543183326721
24428544,0.2790359854698181
24444928,0.3124474287033081
24461312,0.31220483779907227
24477696,0.3272422254085541
24494080,0.2742668390274048
24510464,0.3584727644920349
24526848,0.3884555697441101
24543232,0.41432496905326843
24559616,0.32885071635246277
24576000,0.25272753834724426
24592384,0.25950297713279724
24608768,0.24605369567871094
24625152,0.2843482494354248
24641536,0.2609959542751312
24657920,0.31068509817123413
24674304,0.1337830275297165
24690688,0.3240199089050293
24707072,0.35705751180648804
24723456,0.2762312889099121
24739840,0.23911266028881073
24756224,0.24800017476081848
24772608,0.3073459267616272
24788992,0.2837347686290741
24805376,0.40914544463157654
24821760,0.4141218662261963
24838144,0.23135587573051453
24854528,0.2542635202407837
24870912,0.2391442209482193
24887296,0.3154427409172058
24903680,0.4133971333503723
24920064,0.14617054164409637
24936448,0.19771815836429596
24952832,0.21659177541732788
24969216,0.3679543435573578
24985600,0.36551612615585327
25001984,0.2551153302192688
25018368,0.27051842212677
25034752,0.26242509484291077
25051136,0.2546517550945282
25067520,0.26362109184265137
25083904,0.19277477264404297
25100288,0.284575879573822
25116672,0.23369362950325012
25133056,0.352784663438797
25149440,0.2885725498199463
25165824,0.3370223939418793
25182208,0.21817710995674133
25198592,0.23337149620056152
25214976,0.2592204213142395
25231360,0.08724623918533325
25247744,0.22722271084785461
25264128,0.21493375301361084
25280512,0.2827397286891937
25296896,0.311832457780838
25313280,0.272866427898407
25329664,0.47870904207229614
25346048,0.20225608348846436
25362432,0.28283601999282837
25378816,0.37854427099227905
25395200,0.406503289937973
25411584,0.27663758397102356
25427968,0.25706738233566284
25444352,0.36558184027671814
25460736,0.31868404150009155
25477120,0.1860765814781189
25493504,0.2929384410381317
25509888,0.39427751302719116
25526272,0.3695835769176483
25542656,0.42158252000808716
25559040,0.2547401785850525
25575424,0.31501781940460205
25591808,0.3853779435157776
25608192,0.40093955397605896
25624576,0.28150272369384766
25640960,0.2662535011768341
25657344,0.3282369077205658
25673728,0.3919127285480499
25690112,0.35313552618026733
25706496,0.296927273273468
25722880,0.2958439886569977
25739264,0.27227240800857544
25755648,0.32762473821640015
25772032,0.4112450182437897
25788416,0.25730177760124207
25804800,0.19858312606811523
25821184,0.22977307438850403
25837568,0.3893370032310486
25853952,0.28567788004875183
25870336,0.39406293630599976
25886720,0.2136334478855133
25903104,0.30141329765319824
25919488,0.3860592842102051
25935872,0.2581433951854706
25952256,0.4034787714481354
25968640,0.3464149534702301
25985024,0.2875876724720001
26001408,0.3773708939552307
26017792,0.3161938488483429
26034176,0.2738923728466034
26050560,0.32710784673690796
26066944,0.23865030705928802
26083328,0.3009987473487854
26099712,0.24065497517585754
26116096,0.2668330669403076
26132480,0.29399439692497253
26148864,0.21270334720611572
26165248,0.229589581489563
26181632,0.2687203586101532
26198016,0.25878775119781494
26214400,0.2512208819389343
26230784,0.2219003438949585
26247168,0.22163742780685425
26263552,0.2049413025379181
26279936,0.20416384935379028
26296320,0.2018412947654724
26312704,0.24453428387641907
26329088,0.1981343924999237
26345472,0.14876770973205566
26361856,0.2246231585741043
26378240,0.21031054854393005
26394624,0.27610236406326294
26411008,0.14047697186470032
26427392,0.19057245552539825
26443776,0.2291020005941391
26460160,0.26233819127082825
26476544,0.1505364179611206
26492928,0.18357117474079132
26509312,0.19659191370010376
26525696,0.23966214060783386
26542080,0.24031931161880493
26558464,0.17818768322467804
26574848,0.19985875487327576
26591232,0.2035563886165619
26607616,0.24372127652168274
26624000,0.20663145184516907
26640384,0.22287221252918243
26656768,0.17668026685714722
26673152,0.2544710338115692
26689536,0.2562897801399231
26705920,0.20825523138046265
26722304,0.2613595128059387
26738688,0.25619977712631226
26755072,0.2075311690568924
26771456,0.2553431987762451
26787840,0.25954964756965637
26804224,0.2929878830909729
26820608,0.2575247287750244
26836992,0.276741623878479
26853376,0.27650392055511475
26869760,0.31904336810112
26886144,0.26030266284942627
26902528,0.28219282627105713
26918912,0.36356860399246216
26935296,0.26835325360298157
26951680,0.28063398599624634
26968064,0.24500128626823425
26984448,0.26388925313949585
27000832,0.23885442316532135
27017216,0.2399076670408249
27033600,0.2897900938987732
27049984,0.18728506565093994
27066368,0.2948089838027954
27082752,0.2593594193458557
27099136,0.2365126609802246
27115520,0.29048794507980347
27131904,0.18272480368614197
27148288,0.22434762120246887
27164672,0.22778679430484772
27181056,0.2960169315338135
27197440,0.3017234802246094
27213824,0.3307199478149414
27230208,0.30312997102737427
27246592,0.2504969537258148
27262976,0.3114667534828186
27279360,0.21602763235569
27295744,0.27733373641967773
27312128,0.3020784556865692
27328512,0.27275973558425903
27344896,0.3123372793197632
27361280,0.26804178953170776
27377664,0.32560694217681885
27394048,0.26504480838775635
27410432,0.27457427978515625
27426816,0.3382236361503601
27443200,0.3357543349266052
27459584,0.32295501232147217
27475968,0.31248897314071655
27492352,0.28410768508911133
27508736,0.23223230242729187
27525120,0.24494433403015137
27541504,0.2968546748161316
27557888,0.22307166457176208
27574272,0.2459554672241211
27590656,0.27671051025390625
27607040,0.2832527756690979
27623424,0.32543808221817017
27639808,0.3183700740337372
27656192,0.3279019594192505
27672576,0.23607712984085083
27688960,0.264848917722702
27705344,0.4390968680381775
27721728,0.3483682870864868
27738112,0.28837496042251587
27754496,0.303655207157135
27770880,0.3236457407474518
27787264,0.26708221435546875
27803648,0.3085738718509674
27820032,0.33475828170776367
27836416,0.3225477337837219
27852800,0.3706112802028656
27869184,0.3260430693626404
27885568,0.3260643482208252
27901952,0.3142673969268799
27918336,0.26372405886650085
27934720,0.34994155168533325
27951104,0.2175634354352951
27967488,0.27725836634635925
27983872,0.35392022132873535
28000256,0.29365378618240356
28016640,0.36065757274627686
28033024,0.3426651656627655
28049408,0.36624962091445923
28065792,0.34803006052970886
28082176,0.38487347960472107
28098560,0.34555500745773315
28114944,0.371772825717926
28131328,0.31771406531333923
28147712,0.35767701268196106
28164096,0.38560420274734497
28180480,0.3500092029571533
28196864,0.41200438141822815
28213248,0.394614577293396
28229632,0.3476196527481079
28246016,0.4899557828903198
28262400,0.3464996814727783
28278784,0.38814815878868103
28295168,0.3826581835746765
28311552,0.3966737389564514
28327936,0.41396716237068176
28344320,0.40945398807525635
28360704,0.42293405532836914
28377088,0.39563679695129395
28393472,0.3880879878997803
28409856,0.4218658208847046
28426240,0.40058982372283936
28442624,0.34256041049957275
28459008,0.30642732977867126
28475392,0.38019654154777527
28491776,0.43981999158859253
28508160,0.44037187099456787
28524544,0.38254666328430176
28540928,0.3780834972858429
28557312,0.37482932209968567
28573696,0.42696940898895264
28590080,0.5631134510040283
28606464,0.461216539144516
28622848,0.4260723292827606
28639232,0.39776575565338135
28655616,0.3724530339241028
28672000,0.5067514181137085
28688384,0.4153318405151367
28704768,0.41244637966156006
28721152,0.47723233699798584
28737536,0.42398327589035034
28753920,0.5612322092056274
28770304,0.3826838433742523
28786688,0.4486084282398224
28803072,0.4388577342033386
28819456,0.46481096744537354
28835840,0.32588672637939453
28852224,0.2967742383480072
28868608,0.40712133049964905
28884992,0.32668477296829224
28901376,0.4688901901245117
28917760,0.439898282289505
28934144,0.43869513273239136
28950528,0.41390731930732727
28966912,0.3777957260608673
28983296,0.36145275831222534
28999680,0.33925873041152954
29016064,0.4155848026275635
29032448,0.31595438718795776
29048832,0.4879915416240692
29065216,0.3587045669555664
29081600,0.39251166582107544
29097984,0.40302667021751404
29114368,0.4002818465232849
29130752,0.42677339911460876
29147136,0.37890300154685974
29163520,0.3920755982398987
29179904,0.44420325756073
29196288,0.38892775774002075
29212672,0.36969083547592163
29229056,0.4137745499610901
29245440,0.447539746761322
29261824,0.48915839195251465
29278208,0.38325878977775574
29294592,0.4309757947921753
29310976,0.3912237286567688
29327360,0.38936612010002136
29343744,0.4337932765483856
29360128,0.47585493326187134
29376512,0.46441906690597534
29392896,0.34360307455062866
29409280,0.33938732743263245
29425664,0.28931161761283875
29442048,0.3635095953941345
29458432,0.4426046907901764
29474816,0.485054612159729
29491200,0.40856701135635376
29507584,0.43978217244148254
29523968,0.4870798885822296
29540352,0.4541820287704468
29556736,0.3861558437347412
29573120,0.3104008436203003
29589504,0.405110239982605
29605888,0.47005003690719604
29622272,0.45186352729797363
29638656,0.49888473749160767
29655040,0.4484788477420807
29671424,0.489166796207428
29687808,0.3648751974105835
29704192,0.4738842844963074
29720576,0.43952667713165283
29736960,0.33953699469566345
29753344,0.4426872730255127
29769728,0.4966793656349182
29786112,0.41935861110687256
29802496,0.5159751772880554
29818880,0.4790462851524353
29835264,0.4276772737503052
29851648,0.49290230870246887
29868032,0.47832727432250977
29884416,0.4785346984863281
29900800,0.5429791212081909
29917184,0.43599408864974976
29933568,0.49501973390579224
29949952,0.49064695835113525
29966336,0.48061850666999817
29982720,0.39852890372276306
29999104,0.40471377968788147
30015488,0.3666977286338806
30031872,0.3380375802516937
30048256,0.4698433578014374
30064640,0.3984687924385071
30081024,0.39291661977767944
30097408,0.47037985920906067
30113792,0.4666338264942169
30130176,0.4430674910545349
30146560,0.3831409811973572
30162944,0.3127022385597229
30179328,0.4109984040260315
30195712,0.4006619155406952
30212096,0.35148659348487854
30228480,0.377005934715271
30244864,0.2748841941356659
30261248,0.3956008553504944
30277632,0.41405075788497925
30294016,0.34616127610206604
30310400,0.41257160902023315
30326784,0.40565842390060425
30343168,0.38329875469207764
30359552,0.37020906805992126
30375936,0.39550212025642395
30392320,0.32867568731307983
30408704,0.40399909019470215
30425088,0.3969838321208954
30441472,0.285517156124115
30457856,0.28295379877090454
30474240,0.31783080101013184
30490624,0.3047316074371338
30507008,0.3706413507461548
30523392,0.31392842531204224
30539776,0.35073867440223694
30556160,0.3399123549461365
30572544,0.2693988084793091
30588928,0.35459935665130615
30605312,0.29059818387031555
30621696,0.36280256509780884
30638080,0.2836751341819763
30654464,0.33204591274261475
30670848,0.4118315577507019
30687232,0.4215516746044159
30703616,0.36739182472229004
30720000,0.2772672176361084
30736384,0.3396807014942169
30752768,0.34029409289360046
30769152,0.4037650227546692
30785536,0.33304858207702637
30801920,0.26078853011131287
30818304,0.270613431930542
30834688,0.3267533779144287
30851072,0.23615962266921997
30867456,0.24894118309020996
30883840,0.20245543122291565
30900224,0.33075839281082153
30916608,0.24958038330078125
30932992,0.19856075942516327
30949376,0.33396875858306885
30965760,0.32215195894241333
30982144,0.3319898247718811
30998528,0.3140523135662079
31014912,0.3496966063976288
31031296,0.38861632347106934
31047680,0.2910479009151459
31064064,0.3903508186340332
31080448,0.38755136728286743
31096832,0.2650086283683777
31113216,0.4418798089027405
31129600,0.41836291551589966
31145984,0.4195372462272644
31162368,0.4000576436519623
31178752,0.3803864121437073
31195136,0.44354677200317383
31211520,0.3103514611721039
31227904,0.2642630934715271
31244288,0.3559402823448181
31260672,0.30856451392173767
31277056,0.35566097497940063
31293440,0.47085368633270264
31309824,0.4811896085739136
31326208,0.3228694200515747
31342592,0.40746238827705383
31358976,0.3353314697742462
31375360,0.41031378507614136
31391744,0.38949984312057495
31408128,0.359513521194458
31424512,0.47890037298202515
31440896,0.38936328887939453
31457280,0.3787594437599182
31473664,0.3789498209953308
31490048,0.3669000267982483
31506432,0.3328040838241577
31522816,0.34722259640693665
31539200,0.2929418683052063
31555584,0.3238058388233185
31571968,0.346841037273407
31588352,0.33772942423820496
31604736,0.3141738176345825
31621120,0.3620031476020813
31637504,0.32095634937286377
31653888,0.30317366123199463
31670272,0.29825592041015625
31686656,0.3193695545196533
31703040,0.3475523889064789
31719424,0.31993618607521057
31735808,0.4272150993347168
31752192,0.4183361232280731
31768576,0.35459020733833313
31784960,0.3879120349884033
31801344,0.3784306049346924
31817728,0.3767578601837158
31834112,0.3905106782913208
31850496,0.3931269347667694
31866880,0.40675416588783264
31883264,0.4283928871154785
31899648,0.4694271683692932
31916032,0.31563758850097656
31932416,0.4649902582168579
31948800,0.31670838594436646
31965184,0.4738504886627197
31981568,0.3581449091434479
31997952,0.4145774245262146
32014336,0.46971866488456726
32030720,0.3512943387031555
32047104,0.43831560015678406
32063488,0.46501433849334717
32079872,0.44609981775283813
32096256,0.3607221245765686
32112640,0.3861774802207947
32129024,0.4699000120162964
32145408,0.43414008617401123
32161792,0.4902057647705078
32178176,0.42942219972610474
32194560,0.3944615423679352
32210944,0.4306916892528534
32227328,0.3745384216308594
32243712,0.3741787374019623
32260096,0.43656760454177856
32276480,0.3471682071685791
32292864,0.42590567469596863
32309248,0.4031029939651489
32325632,0.3949511647224426
32342016,0.444228857755661
32358400,0.3562264144420624
32374784,0.4254106879234314
32391168,0.39151179790496826
32407552,0.3692479133605957
32423936,0.3534078001976013
32440320,0.36433255672454834
32456704,0.3997790217399597
32473088,0.32103174924850464
32489472,0.3151113986968994
32505856,0.30612751841545105
32522240,0.3834429979324341
32538624,0.20630650222301483
32555008,0.28342562913894653
32571392,0.29806381464004517
32587776,0.37646183371543884
32604160,0.2277919203042984
32620544,0.2954047918319702
32636928,0.3463727533817291
32653312,0.3222660422325134
32669696,0.2620042562484741
32686080,0.23051312565803528
32702464,0.2750422954559326
32718848,0.36269325017929077
32735232,0.27770042419433594
32751616,0.3073040843009949
32768000,0.28007328510284424
32784384,0.31932270526885986
32800768,0.391309916973114
32817152,0.33479952812194824
32833536,0.27598434686660767
32849920,0.3971216678619385
32866304,0.41572123765945435
32882688,0.39125415682792664
32899072,0.3140676021575928
32915456,0.31839996576309204
32931840,0.3191481828689575
32948224,0.32989978790283203
32964608,0.2807568907737732
32980992,0.4187900125980377
32997376,0.4087159037590027
33013760,0.3022114932537079
33030144,0.33370205760002136
33046528,0.3450479507446289
33062912,0.2999644875526428
33079296,0.34571123123168945
33095680,0.3927644193172455
33112064,0.40563398599624634
33128448,0.38937339186668396
33144832,0.36549118161201477
33161216,0.39599472284317017
33177600,0.44793015718460083
33193984,0.30780473351478577
33210368,0.484345018863678
33226752,0.4582531452178955
33243136,0.3573816120624542
33259520,0.405160129070282
33275904,0.3847499191761017
33292288,0.4249752163887024
33308672,0.32087254524230957
33325056,0.3692658543586731
33341440,0.36389851570129395
33357824,0.4415067136287689
33374208,0.37847328186035156
33390592,0.3919900059700012
33406976,0.37986209988594055
33423360,0.3079543709754944
33439744,0.3084174394607544
33456128,0.3333671987056732
33472512,0.40381473302841187
33488896,0.35296809673309326
33505280,0.37644436955451965
33521664,0.38229089975357056
33538048,0.3469931483268738
33554432,0.33374255895614624
33570816,0.3144192695617676
33587200,0.39463889598846436
33603584,0.3502190113067627
33619968,0.2918270230293274
33636352,0.3271483778953552
33652736,0.3528522849082947
33669120,0.3344815671443939
33685504,0.3163219690322876
33701888,0.34217649698257446
33718272,0.35343462228775024
33734656,0.42409321665763855
33751040,0.3087558150291443
33767424,0.35895827412605286
33783808,0.3704225420951843
33800192,0.39369451999664307
33816576,0.3123651146888733
33832960,0.26187705993652344
33849344,0.49284929037094116
33865728,0.3113165497779846
33882112,0.3177489638328552
33898496,0.3828487992286682
33914880,0.3953647017478943
33931264,0.3392654359340668
33947648,0.3706488013267517
33964032,0.31029176712036133
33980416,0.3588237762451172
33996800,0.34209054708480835
34013184,0.4026235342025757
34029568,0.2922871708869934
34045952,0.39061009883880615
34062336,0.3199818432331085
34078720,0.37144261598587036
34095104,0.39120352268218994
34111488,0.348499596118927
34127872,0.3746274411678314
34144256,0.3156799376010895
34160640,0.44851186871528625
34177024,0.30497410893440247
34193408,0.3088523745536804
34209792,0.4067825675010681
34226176,0.4148373603820801
34242560,0.3272697925567627
34258944,0.4271126985549927
34275328,0.4469452202320099
34291712,0.4269561767578125
34308096,0.5297629833221436
34324480,0.33323976397514343
34340864,0.4557874798774719
34357248,0.44405943155288696
34373632,0.4655746817588806
34390016,0.39382511377334595
34406400,0.43578997254371643
34422784,0.4934523105621338
34439168,0.3912956118583679
34455552,0.4462609887123108
34471936,0.4010162949562073
34488320,0.4475199580192566
34504704,0.37953341007232666
34521088,0.4327957332134247
34537472,0.3729294240474701
34553856,0.4015982449054718
34570240,0.39021408557891846
34586624,0.2796437442302704
34603008,0.45834463834762573
34619392,0.33789968490600586
34635776,0.4129432737827301
34652160,0.4680584669113159
34668544,0.300464391708374
34684928,0.4141727685928345
34701312,0.508820652961731
34717696,0.3542713224887848
34734080,0.26278066635131836
34750464,0.26774078607559204
34766848,0.3766036033630371
34783232,0.3338620662689209
34799616,0.3695392310619354
34816000,0.42438095808029175
34832384,0.3820820450782776
34848768,0.3436543047428131
34865152,0.36327317357063293
34881536,0.2817513942718506
34897920,0.30814701318740845
34914304,0.26985353231430054
34930688,0.3472481667995453
34947072,0.25516730546951294
34963456,0.23544545471668243
34979840,0.29539942741394043
34996224,0.3246832489967346
35012608,0.29036661982536316
35028992,0.24025380611419678
35045376,0.31444334983825684
35061760,0.2040666937828064
35078144,0.2118191421031952
35094528,0.23534168303012848
35110912,0.21170416474342346
35127296,0.25841474533081055
35143680,0.24850720167160034
35160064,0.21524113416671753
35176448,0.2590409517288208
35192832,0.20469191670417786
35209216,0.19345009326934814
35225600,0.22211115062236786
35241984,0.2234494984149933
35258368,0.25569280982017517
35274752,0.23451730608940125
35291136,0.23479846119880676
35307520,0.3137730360031128
35323904,0.17884781956672668
35340288,0.18414613604545593
35356672,0.18551988899707794
35373056,0.16180050373077393
35389440,0.2068452388048172
35405824,0.18230006098747253
35422208,0.1824570894241333
35438592,0.28214240074157715
35454976,0.1782790869474411
35471360,0.17013400793075562
35487744,0.19098040461540222
35504128,0.2233729362487793
35520512,0.19424870610237122
35536896,0.18050813674926758
35553280,0.10421253740787506
35569664,0.14954079687595367
35586048,0.20386388897895813
35602432,0.14336813986301422
35618816,0.19926056265830994
35635200,0.14495718479156494
35651584,0.2018238604068756
35667968,0.13927105069160461
35684352,0.22361281514167786
35700736,0.19193598628044128
35717120,0.17467232048511505
35733504,0.2022000551223755
35749888,0.12350063025951385
35766272,0.11362206935882568
35782656,0.15716153383255005
35799040,0.18881265819072723
35815424,0.15268371999263763
35831808,0.151326984167099
35848192,0.13246512413024902
35864576,0.19056208431720734
35880960,0.14520123600959778
35897344,0.11601589620113373
35913728,0.09341127425432205
35930112,0.11073105037212372
35946496,0.1509680151939392
35962880,0.1630498617887497
35979264,0.12624070048332214
35995648,0.16606280207633972
36012032,0.17193934321403503
36028416,0.18996760249137878
36044800,0.20386135578155518
36061184,0.16634231805801392
36077568,0.1602112203836441
36093952,0.13416634500026703
36110336,0.20719783008098602
36126720,0.20814022421836853
36143104,0.1931753009557724
36159488,0.16108599305152893
36175872,0.21111202239990234
36192256,0.21896648406982422
36208640,0.25406956672668457
36225024,0.33415329456329346
36241408,0.1709671914577484
36257792,0.35182586312294006
36274176,0.2386995553970337
36290560,0.22302764654159546
36306944,0.17881548404693604
36323328,0.20518486201763153
36339712,0.2548898160457611
36356096,0.2428123950958252
36372480,0.17601919174194336
36388864,0.2576361894607544
36405248,0.2612527906894684
36421632,0.1746082305908203
36438016,0.29365432262420654
36454400,0.3495909571647644
36470784,0.35131409764289856
36487168,0.36217200756073
36503552,0.30252158641815186
36519936,0.3848728537559509
36536320,0.4214423894882202
36552704,0.3422239124774933
36569088,0.2849043905735016
36585472,0.4863778352737427
36601856,0.38654929399490356
36618240,0.3509458303451538
36634624,0.4022901952266693
36651008,0.3203069567680359
36667392,0.3908770680427551
36683776,0.4427018165588379
36700160,0.4688180983066559
36716544,0.38927948474884033
36732928,0.37071850895881653
36749312,0.3189295530319214
36765696,0.2621179223060608
36782080,0.35883253812789917
36798464,0.3861038386821747
36814848,0.38185805082321167
36831232,0.38785532116889954
36847616,0.4042024612426758
36864000,0.3686702251434326
36880384,0.28034156560897827
36896768,0.31334108114242554
36913152,0.28053784370422363
36929536,0.37754374742507935
36945920,0.34174343943595886
36962304,0.4024915397167206
36978688,0.38247236609458923
36995072,0.28633415699005127
37011456,0.31077009439468384
37027840,0.4753718376159668
37044224,0.37914571166038513
37060608,0.37159571051597595
37076992,0.40600278973579407
37093376,0.19639667868614197
37109760,0.32187944650650024
37126144,0.3775779604911804
37142528,0.4496591091156006
37158912,0.34308838844299316
37175296,0.39664226770401
37191680,0.35854804515838623
37208064,0.3263903856277466
37224448,0.340666800737381
37240832,0.42417025566101074
37257216,0.34192296862602234
37273600,0.4414653778076172
37289984,0.2703383266925812
37306368,0.3275991380214691
37322752,0.34081658720970154
37339136,0.32610660791397095
37355520,0.27284079790115356
37371904,0.23752236366271973
37388288,0.2859638035297394
37404672,0.3805384337902069
37421056,0.3287351727485657
37437440,0.23738551139831543
37453824,0.3264566957950592
37470208,0.3162654638290405
37486592,0.3226957321166992
37502976,0.287069708108902
37519360,0.33333027362823486
37535744,0.31028124690055847
37552128,0.4106743335723877
37568512,0.24439440667629242
37584896,0.37170466780662537
37601280,0.346495658159256
37617664,0.2394186109304428
37634048,0.2550049424171448
37650432,0.27151745557785034
37666816,0.2979522943496704
37683200,0.27238136529922485
37699584,0.27824875712394714
37715968,0.3119189143180847
37732352,0.3270765244960785
37748736,0.30853843688964844
37765120,0.2558284401893616
37781504,0.3144215941429138
37797888,0.32656407356262207
37814272,0.23162531852722168
37830656,0.30365630984306335
37847040,0.24057509005069733
37863424,0.32268857955932617
37879808,0.3369067907333374
37896192,0.2586853504180908
37912576,0.31170904636383057
37928960,0.27904608845710754
37945344,0.3045157790184021
37961728,0.3734637498855591
37978112,0.3122720718383789
37994496,0.4134039878845215
38010880,0.25149697065353394
38027264,0.3195875883102417
38043648,0.3251224458217621
38060032,0.29118597507476807
38076416,0.3226700723171234
38092800,0.44313716888427734
38109184,0.30257880687713623
38125568,0.43226540088653564
38141952,0.35454970598220825
38158336,0.3570740818977356
38174720,0.378560334444046
38191104,0.27864372730255127
38207488,0.27435094118118286
38223872,0.31591591238975525
38240256,0.32034122943878174
38256640,0.29580163955688477
38273024,0.33150070905685425
38289408,0.3771994709968567
38305792,0.4266223907470703
38322176,0.3127780556678772
38338560,0.3069838285446167
38354944,0.40779250860214233
38371328,0.2637385427951813
38387712,0.4489859640598297
38404096,0.3541572690010071
38420480,0.38037437200546265
38436864,0.37225085496902466
38453248,0.3883499205112457
38469632,0.4007208049297333
38486016,0.380007266998291
38502400,0.3304133415222168
38518784,0.3391057252883911
38535168,0.3614695370197296
38551552,0.34999775886535645
38567936,0.3354063332080841
38584320,0.32410866022109985
38600704,0.38732314109802246
38617088,0.3540319800376892
38633472,0.5065587162971497
38649856,0.40165215730667114
38666240,0.4414966106414795
38682624,0.44370442628860474
38699008,0.40182697772979736
38715392,0.44064831733703613
38731776,0.5241403579711914
38748160,0.3935064673423767
38764544,0.4309917390346527
38780928,0.4719642996788025
38797312,0.4459678530693054
38813696,0.4115270972251892
38830080,0.4361119270324707
38846464,0.46313902735710144
38862848,0.4055948257446289
38879232,0.4127097725868225
38895616,0.4627666771411896
38912000,0.5126734972000122
38928384,0.48291248083114624
38944768,0.5176499485969543
38961152,0.4748263359069824
38977536,0.5965206623077393
38993920,0.4630599617958069
39010304,0.5109456777572632
39026688,0.531230628490448
39043072,0.5157679319381714
39059456,0.5038661956787109
39075840,0.5224697589874268
39092224,0.5356951951980591
39108608,0.48651793599128723
39124992,0.4814133644104004
39141376,0.4482573866844177
39157760,0.46098554134368896
39174144,0.4323880076408386
39190528,0.5282680988311768
39206912,0.35005730390548706
39223296,0.5565268397331238
39239680,0.5251544713973999
39256064,0.46490418910980225
39272448,0.47837769985198975
39288832,0.41191673278808594
39305216,0.4692649245262146
39321600,0.5330831408500671
39337984,0.3739956319332123
39354368,0.4285549521446228
39370752,0.567868173122406
39387136,0.573538601398468
39403520,0.5091270208358765
39419904,0.520825982093811
39436288,0.532741904258728
39452672,0.49825647473335266
39469056,0.4813583493232727
39485440,0.5370593070983887
39501824,0.44641196727752686
39518208,0.4199873208999634
39534592,0.5748947262763977
39550976,0.5425758361816406
39567360,0.5490257740020752
39583744,0.5138291716575623
39600128,0.5129159688949585
39616512,0.5075564384460449
39632896,0.48798754811286926
39649280,0.5679765343666077
39665664,0.5138030052185059
39682048,0.5441818833351135
39698432,0.5707845687866211
39714816,0.4294259548187256
39731200,0.5241537094116211
39747584,0.4905254542827606
39763968,0.46281492710113525
39780352,0.49784141778945923
39796736,0.4287785291671753
39813120,0.47913092374801636
39829504,0.4705716669559479
39845888,0.4483768939971924
39862272,0.44356846809387207
39878656,0.46994370222091675
39895040,0.5029840469360352
39911424,0.49755942821502686
39927808,0.4330978989601135
39944192,0.42153432965278625
39960576,0.5224965214729309
39976960,0.3765595257282257
39993344,0.4479834735393524
40009728,0.386794775724411
40026112,0.4173603951931
40042496,0.46534621715545654
40058880,0.4813830554485321
40075264,0.43840450048446655
40091648,0.41613054275512695
40108032,0.4283794164657593
40124416,0.4675302803516388
40140800,0.4109649062156677
40157184,0.385253369808197
40173568,0.41951635479927063
40189952,0.40468794107437134
40206336,0.5075757503509521
40222720,0.40351828932762146
40239104,0.40516364574432373
40255488,0.3529842495918274
40271872,0.4475322961807251
40288256,0.4191322922706604
40304640,0.43744590878486633
40321024,0.3964768350124359
40337408,0.41785725951194763
40353792,0.4289528429508209
40370176,0.39241689443588257
40386560,0.41292911767959595
40402944,0.4020732641220093
40419328,0.46638762950897217
40435712,0.4487536549568176
40452096,0.4374435842037201
40468480,0.40539616346359253
40484864,0.3767009973526001
40501248,0.38808777928352356
40517632,0.33916229009628296
40534016,0.3066917061805725
40550400,0.34927836060523987
40566784,0.359279066324234
40583168,0.31382399797439575
40599552,0.34957605600357056
40615936,0.35723575949668884
40632320,0.3756678104400635
40648704,0.2602545917034149
40665088,0.2774708867073059
40681472,0.2723185420036316
40697856,0.36090075969696045
40714240,0.29890477657318115
40730624,0.35895049571990967
40747008,0.2984786331653595
40763392,0.2900969982147217
40779776,0.27488094568252563
40796160,0.2740996778011322
40812544,0.3144029974937439
40828928,0.26245230436325073
40845312,0.275976300239563
40861696,0.23864583671092987
40878080,0.2784205675125122
40894464,0.35049939155578613
40910848,0.2671549320220947
40927232,0.3132639527320862
40943616,0.3068210482597351
40960000,0.2610839605331421
40976384,0.33034926652908325
40992768,0.3670777678489685
41009152,0.36309313774108887
41025536,0.3632882833480835
41041920,0.3378583490848541
41058304,0.33809694647789
41074688,0.3479248881340027
41091072,0.44888949394226074
41107456,0.37026602029800415
41123840,0.32768332958221436
41140224,0.46911945939064026
41156608,0.29100701212882996
41172992,0.34984707832336426
41189376,0.3904328942298889
41205760,0.3056895136833191
41222144,0.3906373977661133
41238528,0.3365970253944397
41254912,0.36274978518486023
41271296,0.30750828981399536
41287680,0.3503103256225586
41304064,0.3107169568538666
41320448,0.37357664108276367
41336832,0.35231995582580566
41353216,0.47409480810165405
41369600,0.3430340886116028
41385984,0.4055156707763672
41402368,0.4606046676635742
41418752,0.33883917331695557
41435136,0.3823621869087219
41451520,0.3758113980293274
41467904,0.3562575578689575
41484288,0.42477041482925415
41500672,0.30690962076187134
41517056,0.3832060992717743
41533440,0.3855034112930298
41549824,0.34672242403030396
41566208,0.39489495754241943
41582592,0.38713669776916504
41598976,0.42524346709251404
41615360,0.41303884983062744
41631744,0.3461889624595642
41648128,0.44163477420806885
41664512,0.40811488032341003
41680896,0.33231574296951294
41697280,0.3870975971221924
41713664,0.4902574419975281
41730048,0.4409359097480774
41746432,0.4939905107021332
41762816,0.43780532479286194
41779200,0.5108267068862915
41795584,0.5241049528121948
41811968,0.39878609776496887
41828352,0.5047674179077148
41844736,0.4446495771408081
41861120,0.5567682981491089
41877504,0.47996780276298523
41893888,0.5162672400474548
41910272,0.4386516213417053
41926656,0.5757573843002319
41943040,0.5141587257385254
41959424,0.4127315878868103
41975808,0.4451790750026703
41992192,0.495821475982666
42008576,0.4524412155151367
42024960,0.46059250831604004
42041344,0.4702778458595276
42057728,0.41229426860809326
42074112,0.4186447858810425
42090496,0.4778541624546051
42106880,0.44572556018829346
42123264,0.5271737575531006
42139648,0.5562010407447815
42156032,0.5247588753700256
42172416,0.503998875617981
42188800,0.47085532546043396
42205184,0.561116099357605
42221568,0.4643326699733734
42237952,0.44724559783935547
42254336,0.47996804118156433
42270720,0.42359933257102966
42287104,0.5447192192077637
42303488,0.5750328302383423
42319872,0.39789584279060364
42336256,0.38072824478149414
42352640,0.4215148687362671
42369024,0.4482077658176422
42385408,0.39559000730514526
42401792,0.4240627884864807
42418176,0.43244948983192444
42434560,0.37160277366638184
42450944,0.37528252601623535
42467328,0.47051575779914856
42483712,0.36823344230651855
42500096,0.3089624345302582
42516480,0.3705812394618988
42532864,0.35207557678222656
42549248,0.26560306549072266
42565632,0.4077165424823761
42582016,0.37705230712890625
42598400,0.4594114422798157
42614784,0.3347693979740143
42631168,0.33047258853912354
42647552,0.3654053211212158
42663936,0.3412952423095703
42680320,0.3118986487388611
42696704,0.3981931805610657
42713088,0.4083711504936218
42729472,0.36728906631469727
42745856,0.3041929006576538
42762240,0.2944135069847107
42778624,0.386583149433136
42795008,0.41055911779403687
42811392,0.3761744201183319
42827776,0.33251696825027466
42844160,0.3079027831554413
42860544,0.21753032505512238
42876928,0.29833462834358215
42893312,0.3091793358325958
42909696,0.2523295283317566
42926080,0.30522263050079346
42942464,0.2580881714820862
42958848,0.3774535059928894
42975232,0.39606374502182007
42991616,0.297529399394989
43008000,0.4025135040283203
43024384,0.24946822226047516
43040768,0.27750855684280396
43057152,0.28039246797561646
43073536,0.4110134243965149
43089920,0.3652492165565491
43106304,0.30936694145202637
43122688,0.3558656573295593
43139072,0.4207722246646881
43155456,0.41396525502204895
43171840,0.4117644429206848
43188224,0.27232980728149414
43204608,0.25315481424331665
43220992,0.2884090840816498
43237376,0.37814339995384216
43253760,0.2771034240722656
43270144,0.2839767038822174
43286528,0.23052391409873962
43302912,0.27799615263938904
43319296,0.2849747836589813
43335680,0.28389453887939453
43352064,0.28677254915237427
43368448,0.32878366112709045
43384832,0.29512637853622437
43401216,0.3209414780139923
43417600,0.3607162535190582
43433984,0.37043526768684387
43450368,0.2165684551000595
43466752,0.28904807567596436
43483136,0.3038766384124756
43499520,0.3756735622882843
43515904,0.323172390460968
43532288,0.3399776816368103
43548672,0.2681359648704529
43565056,0.16898715496063232
43581440,0.31495237350463867
43597824,0.38293951749801636
43614208,0.33819299936294556
43630592,0.29596686363220215
43646976,0.36296963691711426
43663360,0.3452492952346802
43679744,0.2928560972213745
43696128,0.3231934905052185
43712512,0.33789920806884766
43728896,0.33868372440338135
43745280,0.24222800135612488
43761664,0.30853742361068726
43778048,0.24036401510238647
43794432,0.2848142385482788
43810816,0.2581731677055359
43827200,0.2708706259727478
43843584,0.37944215536117554
43859968,0.2838771343231201
43876352,0.2558750510215759
43892736,0.3195202946662903
43909120,0.29932814836502075
43925504,0.3225194215774536
43941888,0.3273501396179199
43958272,0.31492868065834045
43974656,0.31374579668045044
43991040,0.16082070767879486
44007424,0.22539056837558746
44023808,0.2673303484916687
44040192,0.3663020431995392
44056576,0.2896607518196106
44072960,0.3690681457519531
44089344,0.2494814544916153
44105728,0.3235038220882416
44122112,0.42109471559524536
44138496,0.4154718220233917
44154880,0.3043971657752991
44171264,0.34741854667663574
44187648,0.37489068508148193
44204032,0.3532927334308624
44220416,0.3305957317352295
44236800,0.3088539242744446
44253184,0.21980637311935425
44269568,0.31038159132003784
44285952,0.3469242453575134
44302336,0.35190311074256897
44318720,0.28461819887161255
44335104,0.29092937707901
44351488,0.2910405397415161
44367872,0.32272976636886597
44384256,0.33206242322921753
44400640,0.2567042112350464
44417024,0.23505337536334991
44433408,0.32968634366989136
44449792,0.35136735439300537
44466176,0.2770024240016937
44482560,0.3434324860572815
44498944,0.2628788948059082
44515328,0.3397495746612549
44531712,0.312892884016037
44548096,0.43744122982025146
44564480,0.35778120160102844
44580864,0.3638143539428711
44597248,0.3765779733657837
44613632,0.3401848077774048
44630016,0.369390606880188
44646400,0.3554632067680359
44662784,0.30287861824035645
44679168,0.3443622887134552
44695552,0.30610817670822144
44711936,0.3549467921257019
44728320,0.2974696755409241
44744704,0.36192774772644043
44761088,0.4140814244747162
44777472,0.33906790614128113
44793856,0.3792930245399475
44810240,0.3730468451976776
44826624,0.4050542712211609
44843008,0.3839666545391083
44859392,0.2952374219894409
44875776,0.35407567024230957
44892160,0.48107749223709106
44908544,0.3102317452430725
44924928,0.3716503083705902
44941312,0.40491440892219543
44957696,0.3955169916152954
44974080,0.36928629875183105
44990464,0.32393091917037964
45006848,0.40011635422706604
45023232,0.4351577162742615
45039616,0.48579299449920654
45056000,0.42697155475616455
45072384,0.40855836868286133
45088768,0.38100236654281616
45105152,0.3184686303138733
45121536,0.3997996151447296
45137920,0.428541898727417
45154304,0.3653941750526428
45170688,0.4225262403488159
45187072,0.45359086990356445
45203456,0.3790474236011505
45219840,0.2968801259994507
45236224,0.46802204847335815
45252608,0.40191397070884705
45268992,0.4709240198135376
45285376,0.3813495934009552
45301760,0.47578558325767517
45318144,0.5084959864616394
45334528,0.4592210054397583
45350912,0.41071176528930664
45367296,0.4058682918548584
45383680,0.42144620418548584
45400064,0.48023736476898193
45416448,0.44664910435676575
45432832,0.4799174666404724
45449216,0.382885217666626
45465600,0.44219550490379333
45481984,0.435333251953125
45498368,0.365761399269104
45514752,0.363971084356308
45531136,0.4340158998966217
45547520,0.4457027316093445
45563904,0.45441216230392456
45580288,0.48946353793144226
45596672,0.4625648856163025
45613056,0.4154307246208191
45629440,0.561302900314331
45645824,0.39267727732658386
45662208,0.5720597505569458
45678592,0.4356725811958313
45694976,0.3668283224105835
45711360,0.4837971031665802
45727744,0.5154539346694946
45744128,0.39835095405578613
45760512,0.4459035396575928
45776896,0.5417490005493164
45793280,0.5259370803833008
45809664,0.5439953804016113
45826048,0.526410698890686
45842432,0.4493909180164337
45858816,0.6186941266059875
45875200,0.44914335012435913
45891584,0.5581294298171997
45907968,0.5710479021072388
45924352,0.46711134910583496
45940736,0.451447069644928
45957120,0.5233709812164307
45973504,0.5191875696182251
45989888,0.42468711733818054
46006272,0.49286022782325745
46022656,0.4383290708065033
46039040,0.5067240595817566
46055424,0.44680529832839966
46071808,0.571886420249939
46088192,0.48795199394226074
46104576,0.3683125972747803
46120960,0.4797254502773285
46137344,0.40946775674819946
46153728,0.49796509742736816
46170112,0.4306070804595947
46186496,0.4558984041213989
46202880,0.44752028584480286
46219264,0.4262157678604126
46235648,0.38594740629196167
46252032,0.40417152643203735
46268416,0.5178347826004028
46284800,0.420432984828949
46301184,0.41688627004623413
46317568,0.4150713086128235
46333952,0.46291685104370117
46350336,0.38633665442466736
46366720,0.4741169810295105
46383104,0.5278868079185486
46399488,0.4099229574203491
46415872,0.4845678508281708
46432256,0.3884648084640503
46448640,0.34335440397262573
46465024,0.39936015009880066
46481408,0.3895447254180908
46497792,0.38511574268341064
46514176,0.31963324546813965
46530560,0.3154960870742798
46546944,0.33189767599105835
46563328,0.3789060711860657
46579712,0.3302173614501953
46596096,0.3391609787940979
46612480,0.30372729897499084
46628864,0.30639100074768066
46645248,0.3136785626411438
46661632,0.2884458899497986
46678016,0.30028295516967773
46694400,0.33658283948898315
46710784,0.3232698440551758
46727168,0.42638254165649414
46743552,0.39217835664749146
46759936,0.3690028786659241
46776320,0.3683590888977051
46792704,0.35212844610214233
46809088,0.29487428069114685
46825472,0.36326712369918823
46841856,0.3541824221611023
46858240,0.4110165536403656
46874624,0.3888937830924988
46891008,0.4319922924041748
46907392,0.34875059127807617
46923776,0.3261963725090027
46940160,0.36248475313186646
46956544,0.3788244128227234
46972928,0.29854676127433777
46989312,0.3210161328315735
47005696,0.3906609117984772
47022080,0.3688914179801941
47038464,0.3471828103065491
47054848,0.4593079686164856
47071232,0.4086221158504486
47087616,0.36903926730155945
47104000,0.45811736583709717
47120384,0.40235471725463867
47136768,0.373721718788147
47153152,0.4153707027435303
47169536,0.4572579264640808
47185920,0.4690292179584503
47202304,0.4390014708042145
47218688,0.523101806640625
47235072,0.41000792384147644
47251456,0.458016574382782
47267840,0.4391215741634369
47284224,0.46359777450561523
47300608,0.5506802797317505
47316992,0.47186803817749023
47333376,0.4746670126914978
47349760,0.5211187601089478
47366144,0.5274162292480469
47382528,0.5122643709182739
47398912,0.4679122269153595
47415296,0.4498741328716278
47431680,0.44151461124420166
47448064,0.37914955615997314
47464448,0.4559362530708313
47480832,0.44337576627731323
47497216,0.33622366189956665
47513600,0.49807965755462646
47529984,0.4657715857028961
47546368,0.3977572023868561
47562752,0.5204024314880371
47579136,0.43060415983200073
47595520,0.43607422709465027
47611904,0.4537346363067627
47628288,0.5180261731147766
47644672,0.4174533784389496
47661056,0.45482927560806274
47677440,0.4449285864830017
47693824,0.46634888648986816
47710208,0.444303035736084
47726592,0.5230442881584167
47742976,0.4723707437515259
47759360,0.4620063304901123
47775744,0.33641451597213745
47792128,0.3673301935195923
47808512,0.39720386266708374
47824896,0.5241507291793823
47841280,0.4583345651626587
47857664,0.3378983736038208
47874048,0.4026792645454407
47890432,0.29934653639793396
47906816,0.3622310161590576
47923200,0.4657153785228729
47939584,0.40796348452568054
47955968,0.3022516369819641
47972352,0.3337441086769104
47988736,0.43579989671707153
48005120,0.387503445148468
48021504,0.339881956577301
48037888,0.29734739661216736
48054272,0.339571475982666
48070656,0.46033579111099243
48087040,0.4215529263019562
48103424,0.3939502239227295
48119808,0.3150462508201599
48136192,0.38880211114883423
48152576,0.2889806926250458
48168960,0.38894370198249817
48185344,0.41238725185394287
48201728,0.40674537420272827
48218112,0.4249306321144104
48234496,0.46233612298965454
48250880,0.3275722563266754
48267264,0.3590908646583557
48283648,0.5827020406723022
48300032,0.35885190963745117
48316416,0.42693978548049927
48332800,0.3862394094467163
48349184,0.2842596173286438
48365568,0.3718714714050293
48381952,0.42019355297088623
48398336,0.435848206281662
48414720,0.39079809188842773
48431104,0.3850839138031006
48447488,0.3367212116718292
48463872,0.4108584523200989
48480256,0.3934680223464966
48496640,0.29175499081611633
48513024,0.4084329605102539
48529408,0.45588546991348267
48545792,0.4171215295791626
48562176,0.4346293807029724
48578560,0.30564382672309875
48594944,0.46472227573394775
48611328,0.46577075123786926
48627712,0.43696749210357666
48644096,0.42058879137039185
48660480,0.3583851456642151
48676864,0.430034875869751
48693248,0.44262731075286865
48709632,0.49683743715286255
48726016,0.42762887477874756
48742400,0.4138980507850647
48758784,0.422698438167572
48775168,0.38258492946624756
48791552,0.36957216262817383
48807936,0.332121342420578
48824320,0.4767865538597107
48840704,0.43994036316871643
48857088,0.4397866427898407
48873472,0.4585034251213074
48889856,0.3757910132408142
48906240,0.3980598449707031
48922624,0.3127194046974182
48939008,0.35653388500213623
48955392,0.3651890158653259
48971776,0.35884952545166016
48988160,0.4433448314666748
49004544,0.4357849657535553
49020928,0.4270324409008026
49037312,0.42830753326416016
49053696,0.43106609582901
49070080,0.41577595472335815
49086464,0.37241142988204956
49102848,0.382448673248291
49119232,0.4259747564792633
49135616,0.4283105432987213
49152000,0.32548826932907104
49168384,0.34421688318252563
49184768,0.35325491428375244
49201152,0.4200437664985657
49217536,0.37468385696411133
49233920,0.431743323802948
49250304,0.38965773582458496
49266688,0.3854740858078003
49283072,0.41091999411582947
49299456,0.3907639980316162
49315840,0.4505903124809265
49332224,0.4404769837856293
49348608,0.35477256774902344
49364992,0.3860818147659302
49381376,0.4426591694355011
49397760,0.42840513586997986
49414144,0.444000780582428
49430528,0.45131880044937134
49446912,0.37935084104537964
49463296,0.39171838760375977
49479680,0.44851839542388916
49496064,0.3929864764213562
49512448,0.43435829877853394
49528832,0.32097429037094116
49545216,0.41937121748924255
49561600,0.35791605710983276
49577984,0.4209000766277313
49594368,0.4384996294975281
49610752,0.4252537488937378
49627136,0.5107582807540894
49643520,0.4577749967575073
49659904,0.4084796905517578
49676288,0.4615134000778198
49692672,0.413901150226593
49709056,0.4678274989128113
49725440,0.4788134694099426
49741824,0.3832964599132538
49758208,0.4138358235359192
49774592,0.4115448594093323
49790976,0.3624724745750427
49807360,0.29637762904167175
49823744,0.27601858973503113
49840128,0.2328493595123291
49856512,0.39629271626472473
49872896,0.3334422707557678
49889280,0.2653978765010834
49905664,0.23066458106040955
49922048,0.30906155705451965
49938432,0.4301456809043884
49954816,0.3354501724243164
49971200,0.3371882140636444
49987584,0.2796046733856201
50003968,0.35274460911750793
50020352,0.43904897570610046
50036736,0.29705455899238586
50053120,0.39680016040802
50069504,0.4288671612739563
50085888,0.45690613985061646
50102272,0.28554022312164307
50118656,0.353927344083786
50135040,0.40700167417526245
50151424,0.40552446246147156
50167808,0.42229336500167847
50184192,0.3876342177391052
50200576,0.3502092957496643
50216960,0.43074503540992737
50233344,0.41923049092292786
50249728,0.3371681869029999
50266112,0.43446725606918335
50282496,0.4405621588230133
50298880,0.4935509264469147
50315264,0.5604581832885742
50331648,0.42446863651275635
50348032,0.41822144389152527
50364416,0.42708513140678406
50380800,0.5157285928726196
50397184,0.3793299198150635
50413568,0.340720534324646
50429952,0.33434563875198364
50446336,0.540591835975647
50462720,0.3498370349407196
50479104,0.4763808846473694
50495488,0.36657243967056274
50511872,0.3802913427352905
50528256,0.39774569869041443
50544640,0.4394080340862274
50561024,0.4441574215888977
50577408,0.4877800941467285
50593792,0.311233252286911
50610176,0.42730170488357544
50626560,0.5191654562950134
50642944,0.5514610409736633
50659328,0.5227439403533936
50675712,0.42967772483825684
50692096,0.4065389037132263
50708480,0.44199007749557495
50724864,0.45531636476516724
50741248,0.48615437746047974
50757632,0.44878262281417847
50774016,0.36677470803260803
50790400,0.43507784605026245
50806784,0.4455161392688751
50823168,0.619270384311676
50839552,0.4124037027359009
50855936,0.51866614818573
50872320,0.45872363448143005
50888704,0.4775417447090149
50905088,0.5671734809875488
50921472,0.5305969715118408
50937856,0.4446936547756195
50954240,0.6315944194793701
50970624,0.6549385786056519
50987008,0.5701782703399658
51003392,0.5868946313858032
51019776,0.5889300107955933
51036160,0.5493149161338806
51052544,0.6477925181388855
51068928,0.44594159722328186
51085312,0.6097757816314697
51101696,0.6300709843635559
51118080,0.4550257623195648
51134464,0.514197587966919
51150848,0.5034922957420349
51167232,0.5443003177642822
51183616,0.6789360046386719
51200000,0.6843183636665344
51216384,0.635607898235321
51232768,0.5996591448783875
51249152,0.5744757652282715
51265536,0.5581043362617493
51281920,0.5350409746170044
51298304,0.6768023371696472
51314688,0.5657234191894531
51331072,0.6008501052856445
51347456,0.441938579082489
51363840,0.5691213011741638
51380224,0.6007715463638306
51396608,0.7329311370849609
51412992,0.5633270740509033
51429376,0.5517623424530029
51445760,0.5356804132461548
51462144,0.5613273978233337
51478528,0.5753365755081177
51494912,0.6114999055862427
51511296,0.4921555817127228
51527680,0.44878119230270386
51544064,0.5082963705062866
51560448,0.5373625755310059
51576832,0.5862815380096436
51593216,0.50196373462677
51609600,0.45330455899238586
51625984,0.6227646470069885
51642368,0.5601317286491394
51658752,0.5278364419937134
51675136,0.4925106167793274
51691520,0.4995797276496887
51707904,0.5686087012290955
51724288,0.5299160480499268
51740672,0.5522127747535706
51757056,0.5158859491348267
51773440,0.5378957986831665
51789824,0.40296292304992676
51806208,0.4901917576789856
51822592,0.5830854177474976
51838976,0.5414999723434448
51855360,0.439300537109375
51871744,0.4895530045032501
51888128,0.47934281826019287
51904512,0.47740638256073
51920896,0.48203080892562866
51937280,0.5211594700813293
51953664,0.5129189491271973
51970048,0.5487456321716309
51986432,0.5473846793174744
52002816,0.5707287788391113
52019200,0.49988842010498047
52035584,0.5563850402832031
52051968,0.5773787498474121
52068352,0.44474372267723083
52084736,0.4771401882171631
52101120,0.5334197282791138
52117504,0.4858456254005432
52133888,0.543609619140625
52150272,0.5320748090744019
52166656,0.5393747091293335
52183040,0.4816311001777649
52199424,0.5285835862159729
52215808,0.5785965919494629
52232192,0.5448294878005981
52248576,0.46930333971977234
52264960,0.4983016550540924
52281344,0.39646393060684204
52297728,0.5622398257255554
52314112,0.6122380495071411
52330496,0.48434868454933167
52346880,0.5161025524139404
52363264,0.4992868900299072
52379648,0.5359575748443604
52396032,0.5209220051765442
52412416,0.48830902576446533
52428800,0.5033969879150391
52445184,0.5596573352813721
52461568,0.44203025102615356
52477952,0.4985290765762329
52494336,0.46373462677001953
52510720,0.6396869421005249
52527104,0.46712902188301086
52543488,0.44379034638404846
52559872,0.5758689045906067
52576256,0.5532374382019043
52592640,0.4022981524467468
52609024,0.5354279279708862
52625408,0.519770622253418
52641792,0.41954198479652405
52658176,0.548327624797821
52674560,0.3874985873699188
52690944,0.462524950504303
52707328,0.4932856261730194
52723712,0.49196815490722656
52740096,0.4781227111816406
52756480,0.49923139810562134
52772864,0.47272801399230957
52789248,0.4450005888938904
52805632,0.5241845846176147
52822016,0.5274549126625061
52838400,0.3874850869178772
52854784,0.5697872638702393
52871168,0.584153950214386
52887552,0.42499840259552
52903936,0.46718770265579224
52920320,0.4446479380130768
52936704,0.46739330887794495
52953088,0.42474380135536194
52969472,0.5206695199012756
52985856,0.414664626121521
53002240,0.43712106347084045
53018624,0.46140334010124207
53035008,0.4897901117801666
53051392,0.42364802956581116
53067776,0.49623823165893555
53084160,0.45079535245895386
53100544,0.4487365186214447
53116928,0.5051051378250122
53133312,0.5157623291015625
53149696,0.3980761468410492
53166080,0.4701663553714752
53182464,0.5080229043960571
53198848,0.5629729628562927
53215232,0.514579176902771
53231616,0.5566331148147583
53248000,0.5004192590713501
53264384,0.3894866108894348
53280768,0.47417059540748596
53297152,0.5508741140365601
53313536,0.5199227333068848
53329920,0.4066638946533203
53346304,0.3844158351421356
53362688,0.4554576873779297
53379072,0.4841040372848511
53395456,0.4289434850215912
53411840,0.3930222988128662
53428224,0.4039871096611023
53444608,0.5408177971839905
53460992,0.3813494145870209
53477376,0.44385021924972534
53493760,0.5607603788375854
53510144,0.5227163434028625
53526528,0.4429933428764343
53542912,0.49672818183898926
53559296,0.4510863423347473
53575680,0.5514932870864868
53592064,0.556551456451416
53608448,0.46910181641578674
53624832,0.5058664083480835
53641216,0.5885205268859863
53657600,0.4805230498313904
53673984,0.4943732023239136
53690368,0.4924877882003784
53706752,0.4551674723625183
53723136,0.567385196685791
53739520,0.513906717300415
53755904,0.4579434096813202
53772288,0.44291138648986816
53788672,0.49863651394844055
53805056,0.5380830764770508
53821440,0.5488853454589844
53837824,0.40675127506256104
53854208,0.5522875785827637
53870592,0.4900534749031067
53886976,0.43459558486938477
53903360,0.4720889925956726
53919744,0.43282026052474976
53936128,0.4662189483642578
53952512,0.531956672668457
53968896,0.4564124047756195
53985280,0.5385162830352783
54001664,0.45529747009277344
54018048,0.5255386829376221
54034432,0.4492550492286682
54050816,0.5206987261772156
54067200,0.4524741768836975
54083584,0.4925655424594879
54099968,0.4367799758911133
54116352,0.4257776737213135
54132736,0.4269208014011383
54149120,0.45608949661254883
54165504,0.392889142036438
54181888,0.46157968044281006
54198272,0.5304273962974548
54214656,0.45229315757751465
54231040,0.5321655869483948
54247424,0.4190968871116638
54263808,0.4836178421974182
54280192,0.5082135796546936
54296576,0.5125789642333984
54312960,0.48540058732032776
54329344,0.535348117351532
54345728,0.4754635989665985
54362112,0.5670188069343567
54378496,0.4559771418571472
54394880,0.5014140605926514
54411264,0.5254383087158203
54427648,0.5308574438095093
54444032,0.5584518909454346
54460416,0.5293006896972656
54476800,0.47161591053009033
54493184,0.5780637264251709
54509568,0.5029487609863281
54525952,0.5366835594177246
54542336,0.49647843837738037
54558720,0.4970451891422272
54575104,0.5284006595611572
54591488,0.5604018568992615
54607872,0.5226607322692871
54624256,0.4831785559654236
54640640,0.4112236499786377
54657024,0.5463770627975464
54673408,0.5131957530975342
54689792,0.4734468162059784
54706176,0.48193156719207764
54722560,0.49842286109924316
54738944,0.4800141155719757
54755328,0.4555642008781433
54771712,0.47058480978012085
54788096,0.5197648406028748
54804480,0.42685139179229736
54820864,0.46534568071365356
54837248,0.5469956994056702
54853632,0.5135568380355835
54870016,0.5546300411224365
54886400,0.54110187292099
54902784,0.5187357068061829
54919168,0.5283910036087036
54935552,0.4618823826313019
54951936,0.5419691801071167
54968320,0.5667629241943359
54984704,0.4414895176887512
55001088,0.5092495083808899
55017472,0.5575010180473328
55033856,0.40351077914237976
55050240,0.4306555390357971
55066624,0.47115370631217957
55083008,0.44988271594047546
55099392,0.5130395889282227
55115776,0.46841853857040405
55132160,0.435800701379776
55148544,0.4527609050273895
55164928,0.43562906980514526
55181312,0.4795888066291809
55197696,0.39663904905319214
55214080,0.46563488245010376
55230464,0.4104614853858948
55246848,0.47971126437187195
55263232,0.4113451838493347
55279616,0.4640180468559265
55296000,0.4591125249862671
55312384,0.4937501549720764
55328768,0.46512144804000854
55345152,0.44788068532943726
55361536,0.5713305473327637
55377920,0.46738898754119873
55394304,0.40122878551483154
55410688,0.4692652225494385
55427072,0.49594080448150635
55443456,0.4285414516925812
55459840,0.5003564357757568
55476224,0.4596657156944275
55492608,0.4052417278289795
55508992,0.5141085386276245
55525376,0.5343196392059326
55541760,0.46499937772750854
55558144,0.4041370153427124
55574528,0.5029001235961914
55590912,0.4622237980365753
55607296,0.3681916892528534
55623680,0.47286516427993774
55640064,0.44552379846572876
55656448,0.43602079153060913
55672832,0.45920178294181824
55689216,0.4835423529148102
55705600,0.4568060636520386
55721984,0.5400416851043701
55738368,0.5982667207717896
55754752,0.4021707773208618
55771136,0.4436444640159607
55787520,0.39811110496520996
55803904,0.5387668013572693
55820288,0.4242987036705017
55836672,0.4643227458000183
55853056,0.4410235285758972
55869440,0.4840143322944641
55885824,0.45942142605781555
55902208,0.5715851783752441
55918592,0.4806613624095917
55934976,0.47289320826530457
55951360,0.47807949781417847
55967744,0.45420944690704346
55984128,0.4391742944717407
56000512,0.45345717668533325
56016896,0.3694542646408081
56033280,0.5300123691558838
56049664,0.48366761207580566
56066048,0.3456888198852539
56082432,0.4738423228263855
56098816,0.48393577337265015
56115200,0.4732487201690674
56131584,0.35407406091690063
56147968,0.48929792642593384
56164352,0.44807636737823486
56180736,0.4274103343486786
56197120,0.5103864669799805
56213504,0.3906475305557251
56229888,0.5379045009613037
56246272,0.40164420008659363
56262656,0.44906744360923767
56279040,0.3981442153453827
56295424,0.4756737947463989
56311808,0.3840007185935974
56328192,0.4426000118255615
56344576,0.44773542881011963
56360960,0.4178018569946289
56377344,0.42297056317329407
56393728,0.3304175138473511
56410112,0.4300292134284973
56426496,0.4156275987625122
56442880,0.4545423090457916
56459264,0.5201411247253418
56475648,0.5840011835098267
56492032,0.46863725781440735
56508416,0.4408172369003296
56524800,0.4431237280368805
56541184,0.4010155200958252
56557568,0.40093883872032166
56573952,0.4414235055446625
56590336,0.4764239490032196
56606720,0.42667126655578613
56623104,0.3925684094429016
56639488,0.41752761602401733
56655872,0.4029688239097595
56672256,0.361458420753479
56688640,0.4597914218902588
56705024,0.5370655655860901
56721408,0.4897984266281128
56737792,0.4504189193248749
56754176,0.41944003105163574
56770560,0.44882458448410034
56786944,0.4422140121459961
56803328,0.4834769368171692
56819712,0.410117506980896
56836096,0.3926870822906494
56852480,0.5006334781646729
56868864,0.4414517879486084
56885248,0.478471040725708
56901632,0.3414095342159271
56918016,0.33441221714019775
56934400,0.5257279276847839
56950784,0.3689422011375427
56967168,0.43269050121307373
56983552,0.5099337100982666
56999936,0.3382955491542816
57016320,0.41047021746635437
57032704,0.4219508767127991
57049088,0.4217856526374817
57065472,0.4702693819999695
57081856,0.44842004776000977
57098240,0.35389333963394165
57114624,0.4493620991706848
57131008,0.4797459840774536
57147392,0.5133780241012573
57163776,0.4173378646373749
57180160,0.41226816177368164
57196544,0.4677594304084778
57212928,0.4170581102371216
57229312,0.42632362246513367
57245696,0.4464622735977173
57262080,0.47537943720817566
57278464,0.43777164816856384
57294848,0.43363261222839355
57311232,0.46129080653190613
57327616,0.46171438694000244
57344000,0.3442123532295227
57360384,0.41556209325790405
57376768,0.4761406183242798
57393152,0.3556970953941345
57409536,0.42844778299331665
57425920,0.4124610424041748
57442304,0.4065178632736206
57458688,0.419607937335968
57475072,0.43486112356185913
57491456,0.3444904685020447
57507840,0.42824769020080566
57524224,0.3457779884338379
57540608,0.41353678703308105
57556992,0.3383680582046509
57573376,0.3511466085910797
57589760,0.32411935925483704
57606144,0.47177085280418396
57622528,0.35656553506851196
57638912,0.3746241331100464
57655296,0.4183845520019531
57671680,0.3743390738964081
57688064,0.33367979526519775
57704448,0.3880668878555298
57720832,0.3562704622745514
57737216,0.35506922006607056
57753600,0.3925071954727173
57769984,0.4061458706855774
57786368,0.40630531311035156
57802752,0.4133675992488861
57819136,0.3803648352622986
57835520,0.4250466525554657
57851904,0.43095216155052185
57868288,0.3761645555496216
57884672,0.41368231177330017
57901056,0.3844912052154541
57917440,0.46314194798469543
57933824,0.425554096698761
57950208,0.4845966100692749
57966592,0.44383150339126587
57982976,0.462474524974823
57999360,0.4688633680343628
58015744,0.489719957113266
58032128,0.4751293361186981
58048512,0.40001940727233887
58064896,0.4560498595237732
58081280,0.4208415448665619
58097664,0.36281946301460266
58114048,0.49142178893089294
58130432,0.41745054721832275
58146816,0.4871070384979248
58163200,0.4059230387210846
58179584,0.5896508097648621
58195968,0.4973994791507721
58212352,0.44122517108917236
58228736,0.41854196786880493
58245120,0.3993166983127594
58261504,0.5828357934951782
58277888,0.6436152458190918
58294272,0.5330734252929688
58310656,0.5242480635643005
58327040,0.35651564598083496
58343424,0.39216190576553345
58359808,0.44290560483932495
58376192,0.42314082384109497
58392576,0.47964709997177124
58408960,0.46168431639671326
58425344,0.4406975209712982
58441728,0.43366241455078125
58458112,0.5255241394042969
58474496,0.41800838708877563
58490880,0.4953101873397827
58507264,0.3504209518432617
58523648,0.413984477519989
58540032,0.4435499906539917
58556416,0.40443992614746094
58572800,0.4519726037979126
58589184,0.41545188426971436
58605568,0.3211989402770996
58621952,0.4409369230270386
58638336,0.40914228558540344
58654720,0.44786685705184937
58671104,0.4018399119377136
58687488,0.40744835138320923
58703872,0.42730024456977844
58720256,0.39946046471595764
58736640,0.44566112756729126
58753024,0.5041313171386719
58769408,0.3555316627025604
58785792,0.4327722191810608
58802176,0.4939029812812805
58818560,0.45406419038772583
58834944,0.4892473816871643
58851328,0.40310585498809814
58867712,0.4370024800300598
58884096,0.4045563042163849
58900480,0.35613006353378296
58916864,0.4060094952583313
58933248,0.47580382227897644
58949632,0.3908737301826477
58966016,0.31400826573371887
58982400,0.4939222037792206
58998784,0.3688240647315979
59015168,0.41548681259155273
59031552,0.44687145948410034
59047936,0.3600178360939026
59064320,0.4844423234462738
59080704,0.4371944069862366
59097088,0.4767465591430664
59113472,0.4181562662124634
59129856,0.45559775829315186
59146240,0.415689617395401
59162624,0.4603595733642578
59179008,0.43806666135787964
59195392,0.5072055459022522
59211776,0.4314877986907959
59228160,0.41673439741134644
59244544,0.48053067922592163
59260928,0.4663991928100586
59277312,0.3951588571071625
59293696,0.4377064108848572
59310080,0.364831805229187
59326464,0.3960542678833008
59342848,0.4578390121459961
59359232,0.39635956287384033
59375616,0.3668883144855499
59392000,0.4425753653049469
59408384,0.4589494466781616
59424768,0.3607216477394104
59441152,0.5259431600570679
59457536,0.4595881998538971
59473920,0.4412897825241089
59490304,0.4127197563648224
59506688,0.5137574672698975
59523072,0.5279907584190369
59539456,0.4908689558506012
59555840,0.450048565864563
59572224,0.5413330793380737
59588608,0.5160572528839111
59604992,0.3804683983325958
59621376,0.4059165120124817
59637760,0.4346528947353363
59654144,0.39815545082092285
59670528,0.49794620275497437
59686912,0.528274655342102
59703296,0.4259590804576874
59719680,0.4930849075317383
59736064,0.3796846270561218
59752448,0.36770159006118774
59768832,0.421186625957489
59785216,0.40565574169158936
59801600,0.36797958612442017
59817984,0.37732115387916565
59834368,0.3740847706794739
59850752,0.47923195362091064
59867136,0.4629417359828949
59883520,0.33205434679985046
59899904,0.3414148986339569
59916288,0.5040116310119629
59932672,0.3385079801082611
59949056,0.41446685791015625
59965440,0.36990582942962646
59981824,0.405139684677124
59998208,0.41546595096588135
60014592,0.3406331539154053
60030976,0.41760024428367615
60047360,0.40430521965026855
60063744,0.39385566115379333
60080128,0.4068100154399872
60096512,0.2941945791244507
60112896,0.3386951684951782
60129280,0.40780022740364075
60145664,0.5046184062957764
60162048,0.44105273485183716
60178432,0.4144282937049866
60194816,0.3802642226219177
60211200,0.475549578666687
60227584,0.39034807682037354
60243968,0.39579492807388306
60260352,0.42169708013534546
60276736,0.39412593841552734
60293120,0.4184628129005432
60309504,0.5093783140182495
60325888,0.34106746315956116
60342272,0.41443997621536255
60358656,0.37335628271102905
60375040,0.35449373722076416
60391424,0.3283146619796753
60407808,0.4468502402305603
60424192,0.47809892892837524
60440576,0.4163323640823364
60456960,0.41979026794433594
60473344,0.3964078426361084
60489728,0.38336628675460815
60506112,0.38078737258911133
60522496,0.35570868849754333
60538880,0.3508641719818115
60555264,0.3685319721698761
60571648,0.4650518298149109
60588032,0.4225272834300995
60604416,0.37769007682800293
60620800,0.45686066150665283
60637184,0.39699673652648926
60653568,0.4492805600166321
60669952,0.4386172294616699
60686336,0.48987603187561035
60702720,0.41536059975624084
60719104,0.45560428500175476
60735488,0.42946353554725647
60751872,0.44637230038642883
60768256,0.5070152878761292
60784640,0.41863036155700684
60801024,0.4247347116470337
60817408,0.44404366612434387
60833792,0.41599854826927185
60850176,0.48469632863998413
60866560,0.36727362871170044
60882944,0.44793701171875
60899328,0.5345925092697144
60915712,0.4826376140117645
60932096,0.44142255187034607
60948480,0.45075443387031555
60964864,0.49143078923225403
60981248,0.4448111951351166
60997632,0.4931764602661133
61014016,0.5536621809005737
61030400,0.4963240921497345
61046784,0.4737473428249359
61063168,0.49264007806777954
61079552,0.433565616607666
61095936,0.3507535457611084
61112320,0.40389055013656616
61128704,0.496783584356308
61145088,0.3623078465461731
61161472,0.4950028657913208
61177856,0.4498072564601898
61194240,0.46621331572532654
61210624,0.5048578381538391
61227008,0.5994994044303894
61243392,0.5264257192611694
61259776,0.434748113155365
61276160,0.6063240766525269
61292544,0.5052701234817505
61308928,0.5030264258384705
61325312,0.5097511410713196
61341696,0.45221590995788574
61358080,0.5484461784362793
61374464,0.3605840802192688
61390848,0.5118222236633301
61407232,0.47363388538360596
61423616,0.4728771448135376
61440000,0.4704588055610657
61456384,0.44154226779937744
61472768,0.5554941892623901
61489152,0.4381634294986725
61505536,0.4767305552959442
61521920,0.4612066149711609
61538304,0.49073901772499084
61554688,0.603312611579895
61571072,0.47949400544166565
61587456,0.41399988532066345
61603840,0.48809266090393066
61620224,0.5224990844726562
61636608,0.5042169094085693
61652992,0.5207312107086182
61669376,0.4913230538368225
61685760,0.5939842462539673
61702144,0.5069276690483093
61718528,0.4951852560043335
61734912,0.5559489130973816
61751296,0.503446102142334
61767680,0.44445621967315674
61784064,0.5842569470405579
61800448,0.43333035707473755
61816832,0.43163740634918213
61833216,0.44225913286209106
61849600,0.4452586770057678
61865984,0.4936847686767578
61882368,0.49081918597221375
61898752,0.4311974048614502
61915136,0.4563402533531189
61931520,0.48078078031539917
61947904,0.4433465003967285
61964288,0.47039827704429626
61980672,0.43767666816711426
61997056,0.39780741930007935
62013440,0.49472418427467346
62029824,0.573967695236206
62046208,0.49457597732543945
62062592,0.42491579055786133
62078976,0.5490107536315918
62095360,0.45914900302886963
62111744,0.4483867287635803
62128128,0.4192340075969696
62144512,0.5227606892585754
62160896,0.47013962268829346
62177280,0.48437005281448364
62193664,0.4609915614128113
62210048,0.47227180004119873
62226432,0.48652803897857666
62242816,0.4523105323314667
62259200,0.4377003312110901
62275584,0.5285075902938843
62291968,0.40217792987823486
62308352,0.5415692329406738
62324736,0.45205774903297424
62341120,0.476351797580719
62357504,0.4602046310901642
62373888,0.5233496427536011
62390272,0.5184580683708191
62406656,0.5161633491516113
62423040,0.5377719402313232
62439424,0.44739848375320435
62455808,0.5211958885192871
62472192,0.5466786623001099
62488576,0.5401831865310669
62504960,0.4656935930252075
62521344,0.4571882486343384
62537728,0.43399596214294434
62554112,0.514678955078125
62570496,0.5684276819229126
62586880,0.5714340209960938
62603264,0.5176202654838562
62619648,0.4898566007614136
62636032,0.5021907091140747
62652416,0.5293723344802856
62668800,0.6317967176437378
62685184,0.5144186019897461
62701568,0.5047224164009094
62717952,0.533756673336029
62734336,0.5278606414794922
62750720,0.5501718521118164
62767104,0.5285400152206421
62783488,0.521740734577179
62799872,0.501160204410553
62816256,0.577595591545105
62832640,0.5310242772102356
62849024,0.6353187561035156
62865408,0.552889347076416
62881792,0.5443613529205322
62898176,0.5251355171203613
62914560,0.5267044305801392
62930944,0.45167580246925354
62947328,0.5868713855743408
62963712,0.5118570923805237
62980096,0.5931893587112427
62996480,0.49752160906791687
63012864,0.6205911636352539
63029248,0.5182321667671204
63045632,0.6340799927711487
63062016,0.6314264535903931
63078400,0.5072214603424072
63094784,0.5670687556266785
63111168,0.5573544502258301
63127552,0.5855193734169006
63143936,0.5992292761802673
63160320,0.5275688171386719
63176704,0.5280425548553467
63193088,0.41990697383880615
63209472,0.4311469793319702
63225856,0.554546058177948
63242240,0.45477399230003357
63258624,0.504520058631897
63275008,0.5663411617279053
63291392,0.4843249022960663
63307776,0.5570108294487
63324160,0.5895861387252808
63340544,0.5055235624313354
63356928,0.5141485929489136
63373312,0.5436218976974487
63389696,0.6169352531433105
63406080,0.6086137294769287
63422464,0.5495741367340088
63438848,0.5438778400421143
63455232,0.536945104598999
63471616,0.5435285568237305
63488000,0.6842495203018188
63504384,0.533633291721344
63520768,0.5661787390708923
63537152,0.5895715951919556
63553536,0.5201666355133057
63569920,0.4764590263366699
63586304,0.5471289157867432
63602688,0.4701675772666931
63619072,0.5347203016281128
63635456,0.5479745864868164
63651840,0.5369395017623901
63668224,0.4989873766899109
63684608,0.5084725022315979
63700992,0.455898255109787
63717376,0.565007746219635
63733760,0.5467413663864136
63750144,0.5173585414886475
63766528,0.49810582399368286
63782912,0.5022677183151245
63799296,0.5657286643981934
63815680,0.44447776675224304
63832064,0.5256654620170593
63848448,0.4944743514060974
63864832,0.49788808822631836
63881216,0.4613867402076721
63897600,0.50213623046875
63913984,0.5437809824943542
63930368,0.43446922302246094
63946752,0.432109534740448
63963136,0.4217272698879242
63979520,0.520720362663269
63995904,0.5006862878799438
64012288,0.4982144832611084
64028672,0.4456004798412323
64045056,0.46088722348213196
64061440,0.4233205020427704
64077824,0.4894607961177826
64094208,0.45960333943367004
64110592,0.46592089533805847
64126976,0.4721486568450928
64143360,0.5272393226623535
64159744,0.42047783732414246
64176128,0.43779343366622925
64192512,0.5275588631629944
64208896,0.4758206009864807
64225280,0.4173509478569031
64241664,0.373344361782074
64258048,0.4657576382160187
64274432,0.4692109227180481
64290816,0.4973553419113159
64307200,0.4820713698863983
64323584,0.5192882418632507
64339968,0.4238002300262451
64356352,0.43811023235321045
64372736,0.5057228207588196
64389120,0.3899085521697998
64405504,0.47738906741142273
64421888,0.42831653356552124
64438272,0.4411676526069641
64454656,0.37778279185295105
64471040,0.49551019072532654
64487424,0.3847620487213135
64503808,0.4569150507450104
64520192,0.5079108476638794
64536576,0.4511038661003113
64552960,0.43672508001327515
64569344,0.4013787508010864
64585728,0.48620450496673584
64602112,0.4283064007759094
64618496,0.5112126469612122
64634880,0.44309502840042114
64651264,0.4758320152759552
64667648,0.4954957365989685
64684032,0.48184913396835327
64700416,0.4572221040725708
64716800,0.4445625841617584
64733184,0.46384501457214355
64749568,0.48862752318382263
64765952,0.4588173031806946
64782336,0.5172990560531616
64798720,0.4731186628341675
64815104,0.5368508100509644
64831488,0.4933580756187439
64847872,0.4739864468574524
64864256,0.4416341185569763
64880640,0.4758046269416809
64897024,0.48998478055000305
64913408,0.4809074401855469
64929792,0.47620975971221924
64946176,0.44973355531692505
64962560,0.45466816425323486
64978944,0.4640689492225647
64995328,0.3715875744819641
65011712,0.5014265179634094
65028096,0.5701494216918945
65044480,0.5250189900398254
65060864,0.4890861511230469
65077248,0.48604390025138855
65093632,0.5313442945480347
65110016,0.42550328373908997
65126400,0.4851841926574707
65142784,0.49528491497039795
65159168,0.5151811242103577
65175552,0.4770575165748596
65191936,0.46042078733444214
65208320,0.34644123911857605
65224704,0.4302818179130554
65241088,0.4182147681713104
65257472,0.467087984085083
65273856,0.4731442928314209
65290240,0.5053832530975342
65306624,0.49621617794036865
65323008,0.5070377588272095
65339392,0.4491511881351471
65355776,0.46815699338912964
65372160,0.5336341857910156
65388544,0.48110201954841614
65404928,0.5436691641807556
65421312,0.5655800104141235
65437696,0.4175463318824768
65454080,0.49365100264549255
65470464,0.4751630425453186
65486848,0.47408992052078247
65503232,0.5192242860794067
65519616,0.5049000978469849
65536000,0.44227224588394165
65552384,0.44603610038757324
65568768,0.4877936542034149
65585152,0.4785292148590088
65601536,0.4861665666103363
65617920,0.48110926151275635
65634304,0.4305333197116852
65650688,0.42724448442459106
65667072,0.4646155834197998
65683456,0.45071691274642944
65699840,0.4631004333496094
65716224,0.43984442949295044
65732608,0.47469741106033325
65748992,0.44888415932655334
65765376,0.46181485056877136
65781760,0.49980294704437256
65798144,0.44971656799316406
65814528,0.46115148067474365
65830912,0.4399343729019165
65847296,0.46299391984939575
65863680,0.5415824055671692
65880064,0.4614645838737488
65896448,0.5041142702102661
65912832,0.4488057792186737
65929216,0.5048857927322388
65945600,0.4684026837348938
65961984,0.40440982580184937
65978368,0.4583456516265869
65994752,0.5015939474105835
66011136,0.5459542274475098
66027520,0.43293362855911255
66043904,0.44191598892211914
66060288,0.4161938428878784
66076672,0.4668523669242859
66093056,0.5055146217346191
66109440,0.5087907910346985
66125824,0.4572676420211792
66142208,0.3938828110694885
66158592,0.49425917863845825
66174976,0.4531914293766022
66191360,0.45127761363983154
66207744,0.46232280135154724
66224128,0.45092254877090454
66240512,0.416662335395813
66256896,0.4978325366973877
66273280,0.4962533712387085
66289664,0.42053961753845215
66306048,0.42902785539627075
66322432,0.4789031744003296
66338816,0.46270811557769775
66355200,0.4974311888217926
66371584,0.4704527258872986
66387968,0.4691735804080963
66404352,0.4940095543861389
66420736,0.4098431169986725
66437120,0.39497601985931396
66453504,0.3941148519515991
66469888,0.42175471782684326
66486272,0.4421243965625763
66502656,0.4355204105377197
66519040,0.39496591687202454
66535424,0.433294415473938
66551808,0.41982346773147583
66568192,0.41866156458854675
66584576,0.4024965465068817
66600960,0.38516727089881897
66617344,0.41745099425315857
66633728,0.39685875177383423
66650112,0.46708154678344727
66666496,0.4133566617965698
66682880,0.34401822090148926
66699264,0.3392162621021271
66715648,0.35264599323272705
66732032,0.4294717609882355
66748416,0.40982550382614136
66764800,0.41304388642311096
66781184,0.4723692834377289
66797568,0.31078749895095825
66813952,0.3814678490161896
66830336,0.3511958420276642
66846720,0.363055020570755
66863104,0.35578709840774536
66879488,0.36824512481689453
66895872,0.4404658377170563
66912256,0.310439795255661
66928640,0.35684457421302795
66945024,0.36354386806488037
66961408,0.3673005700111389
66977792,0.4239669144153595
66994176,0.3890746235847473
67010560,0.4489961862564087
67026944,0.40803107619285583
67043328,0.4473881721496582
67059712,0.4020843207836151
67076096,0.41415393352508545
67092480,0.3763241767883301
67108864,0.42958664894104004
67125248,0.44181352853775024
67141632,0.4361150562763214
67158016,0.4624255895614624
67174400,0.42009997367858887
67190784,0.40471041202545166
67207168,0.38723525404930115
67223552,0.43492424488067627
67239936,0.42874592542648315
67256320,0.4126584827899933
67272704,0.504503607749939
67289088,0.4172857403755188
67305472,0.4550391435623169
67321856,0.4420793354511261
67338240,0.49764207005500793
67354624,0.40559113025665283
67371008,0.4014297127723694
67387392,0.4690472185611725
67403776,0.46985912322998047
67420160,0.5575394630432129
67436544,0.5302092432975769
67452928,0.4974450469017029
67469312,0.4659304618835449
67485696,0.5130748152732849
67502080,0.5009883046150208
67518464,0.5650568008422852
67534848,0.5240049362182617
67551232,0.5234668850898743
67567616,0.5116212368011475
67584000,0.55414879322052
67600384,0.49609729647636414
67616768,0.5036449432373047
67633152,0.4463333487510681
67649536,0.5011563301086426
67665920,0.4598398208618164
67682304,0.4529867172241211
67698688,0.5020767450332642
67715072,0.4816969633102417
67731456,0.4669738709926605
67747840,0.47657421231269836
67764224,0.4847659468650818
67780608,0.5066335201263428
67796992,0.5033736228942871
67813376,0.4518815875053406
67829760,0.4278349280357361
67846144,0.5176702737808228
67862528,0.5601702928543091
67878912,0.4323222041130066
67895296,0.4632098972797394
67911680,0.4470670223236084
67928064,0.4291985034942627
67944448,0.4144115447998047
67960832,0.4717581272125244
67977216,0.48655882477760315
67993600,0.5413451790809631
68009984,0.4504601061344147
68026368,0.39083027839660645
68042752,0.47510671615600586
68059136,0.4611281156539917
68075520,0.4360417127609253
68091904,0.4910677671432495
68108288,0.44373205304145813
68124672,0.4300121068954468
68141056,0.38864994049072266
68157440,0.4020516872406006
68173824,0.39850977063179016
68190208,0.4156898260116577
68206592,0.410360723733902
68222976,0.46164146065711975
68239360,0.45510515570640564
68255744,0.35373711585998535
68272128,0.38351646065711975
68288512,0.4446863532066345
68304896,0.4560314118862152
68321280,0.4231494665145874
68337664,0.4670870900154114
68354048,0.4790693521499634
68370432,0.4499247968196869
68386816,0.48708993196487427
68403200,0.510532021522522
68419584,0.4747145473957062
68435968,0.5556187629699707
68452352,0.45794761180877686
68468736,0.4069187045097351
68485120,0.44073808193206787
68501504,0.45572152733802795
68517888,0.40626031160354614
68534272,0.602016806602478
68550656,0.4810752868652344
68567040,0.5937384366989136
68583424,0.5189438462257385
68599808,0.5071890950202942
68616192,0.47697627544403076
68632576,0.5461022853851318
68648960,0.5229462385177612
68665344,0.5563647747039795
68681728,0.394959032535553
68698112,0.5821681022644043
68714496,0.5769336819648743
68730880,0.5090271234512329
68747264,0.5145127177238464
68763648,0.4853222966194153
68780032,0.5526539087295532
68796416,0.5429319143295288
68812800,0.6506973505020142
68829184,0.5444293022155762
68845568,0.4814908504486084
68861952,0.46559229493141174
68878336,0.4935261309146881
68894720,0.562852144241333
68911104,0.4830727279186249
68927488,0.5298829078674316
68943872,0.5831987857818604
68960256,0.5746341943740845
68976640,0.5711334943771362
68993024,0.5987173914909363
69009408,0.5093061923980713
69025792,0.5649884343147278
69042176,0.5065983533859253
69058560,0.5923909544944763
69074944,0.5699316263198853
69091328,0.5303269624710083
69107712,0.6009312868118286
69124096,0.5111145973205566
69140480,0.5581937432289124
69156864,0.5977514386177063
69173248,0.5679448843002319
69189632,0.6119455099105835
69206016,0.6640030741691589
69222400,0.5977795124053955
69238784,0.6552762389183044
69255168,0.5654116868972778
69271552,0.599058985710144
69287936,0.6371772885322571
69304320,0.49218228459358215
69320704,0.5768257975578308
69337088,0.5515015125274658
69353472,0.5890417098999023
69369856,0.5500026941299438
69386240,0.571738600730896
69402624,0.3759949803352356
69419008,0.5136534571647644
69435392,0.5772554874420166
69451776,0.5292851328849792
69468160,0.5467936992645264
69484544,0.5333659648895264
69500928,0.5494687557220459
69517312,0.5673929452896118
69533696,0.48747652769088745
69550080,0.44958391785621643
69566464,0.5237364768981934
69582848,0.4583924412727356
69599232,0.5238772630691528
69615616,0.5604071021080017
69632000,0.5857958793640137
69648384,0.47425466775894165
69664768,0.6082028746604919
69681152,0.5511620044708252
69697536,0.44980156421661377
69713920,0.4937911927700043
69730304,0.528915524482727
69746688,0.5489119291305542
69763072,0.43749886751174927
69779456,0.5660662651062012
69795840,0.4832189083099365
69812224,0.49437010288238525
69828608,0.47565174102783203
69844992,0.5150797367095947
69861376,0.5113105773925781
69877760,0.47269630432128906
69894144,0.4233052134513855
69910528,0.44103989005088806
69926912,0.5598766803741455
69943296,0.430422842502594
69959680,0.40434086322784424
69976064,0.48819905519485474
69992448,0.4487309157848358
70008832,0.32756057381629944
70025216,0.5561679601669312
70041600,0.4797890782356262
70057984,0.5980427265167236
70074368,0.42363062500953674
70090752,0.5517438054084778
70107136,0.4523089528083801
70123520,0.45357635617256165
70139904,0.549052357673645
70156288,0.44839173555374146
70172672,0.45092687010765076
70189056,0.4311174750328064
70205440,0.36949387192726135
70221824,0.4168604612350464
70238208,0.5581789016723633
70254592,0.4866167902946472
70270976,0.43321627378463745
70287360,0.47374990582466125
70303744,0.3843856453895569
70320128,0.42573368549346924
70336512,0.4434874951839447
70352896,0.5134446620941162
70369280,0.43202316761016846
70385664,0.5772932767868042
70402048,0.43698611855506897
70418432,0.4703660011291504
70434816,0.5092965364456177
70451200,0.46375468373298645
70467584,0.45155972242355347
70483968,0.3910902738571167
70500352,0.4398202896118164
70516736,0.4652833938598633
70533120,0.41063523292541504
70549504,0.4375143051147461
70565888,0.44959917664527893
70582272,0.39765244722366333
70598656,0.40233445167541504
70615040,0.4322916269302368
70631424,0.45086097717285156
70647808,0.37028393149375916
70664192,0.44009724259376526
70680576,0.467995822429657
70696960,0.45403870940208435
70713344,0.33457010984420776
70729728,0.43012699484825134
70746112,0.3011029064655304
70762496,0.332792192697525
70778880,0.44244566559791565
70795264,0.46133744716644287
70811648,0.3609619736671448
70828032,0.4721601605415344
70844416,0.4303681254386902
70860800,0.47199296951293945
70877184,0.47276216745376587
70893568,0.5062226057052612
70909952,0.42039167881011963
70926336,0.3751641511917114
70942720,0.4301014244556427
70959104,0.5218038558959961
70975488,0.4452964663505554
70991872,0.5655638575553894
71008256,0.5323547124862671
71024640,0.4996457099914551
71041024,0.38267844915390015
71057408,0.6052636504173279
71073792,0.4337512254714966
71090176,0.4467252492904663
71106560,0.4383174777030945
71122944,0.35469958186149597
71139328,0.3668581247329712
71155712,0.4226016402244568
71172096,0.4960867464542389
71188480,0.2700625956058502
71204864,0.545960545539856
71221248,0.43038904666900635
71237632,0.43425804376602173
71254016,0.45432665944099426
71270400,0.428031861782074
71286784,0.48109346628189087
71303168,0.5586125254631042
71319552,0.4296843409538269
71335936,0.5285430550575256
71352320,0.5262820720672607
71368704,0.4423370361328125
71385088,0.4403344392776489
71401472,0.46524983644485474
71417856,0.47198808193206787
71434240,0.46080946922302246
71450624,0.46609076857566833
71467008,0.4742705821990967
71483392,0.5435186624526978
71499776,0.45643407106399536
71516160,0.5635325312614441
71532544,0.45036619901657104
71548928,0.42262524366378784
71565312,0.5703129172325134
71581696,0.5322184562683105
71598080,0.5086504817008972
71614464,0.4460667073726654
71630848,0.5026151537895203
71647232,0.5479641556739807
71663616,0.559994101524353
71680000,0.4836127758026123
71696384,0.5253279209136963
71712768,0.581850528717041
71729152,0.5272669792175293
71745536,0.5578763484954834
71761920,0.4107106029987335
71778304,0.5222651958465576
71794688,0.4569960832595825
71811072,0.48167797923088074
71827456,0.45796066522598267
71843840,0.5118478536605835
71860224,0.5250632762908936
71876608,0.5098091959953308
71892992,0.4792998433113098
71909376,0.4963231086730957
71925760,0.5112151503562927
71942144,0.5431424379348755
71958528,0.4052402377128601
71974912,0.48028266429901123
71991296,0.47939544916152954
72007680,0.4674457311630249
72024064,0.4848647713661194
72040448,0.4462302327156067
72056832,0.5542519688606262
72073216,0.498990535736084
72089600,0.5175303220748901
72105984,0.4757941663265228
72122368,0.4867921471595764
72138752,0.5912809371948242
72155136,0.5706519484519958
72171520,0.4843628406524658
72187904,0.49564462900161743
72204288,0.47134262323379517
72220672,0.4826065003871918
72237056,0.4827069640159607
72253440,0.4831615686416626
72269824,0.4978436231613159
72286208,0.4323430359363556
72302592,0.5260242819786072
72318976,0.5485818386077881
72335360,0.4203647971153259
72351744,0.498307466506958
72368128,0.5419318675994873
72384512,0.4761161506175995
72400896,0.4890381097793579
72417280,0.40486574172973633
72433664,0.5156805515289307
72450048,0.3986811935901642
72466432,0.5021917223930359
72482816,0.45093008875846863
72499200,0.4538722634315491
72515584,0.4453350007534027
72531968,0.5039547085762024
72548352,0.4675128161907196
72564736,0.4834255576133728
72581120,0.4185314476490021
72597504,0.43884360790252686
72613888,0.40198850631713867
72630272,0.4276145100593567
72646656,0.5441915392875671
72663040,0.39517584443092346
72679424,0.4761817753314972
72695808,0.48598340153694153
72712192,0.4199766516685486
72728576,0.40734705328941345
72744960,0.37661975622177124
72761344,0.4594588577747345
72777728,0.4200162887573242
72794112,0.3722723722457886
72810496,0.41096457839012146
72826880,0.40201401710510254
72843264,0.3232504725456238
72859648,0.3496222198009491
72876032,0.4922431707382202
72892416,0.44542795419692993
72908800,0.4936489462852478
72925184,0.32945170998573303
72941568,0.4857260584831238
72957952,0.4847744107246399
72974336,0.41095155477523804
72990720,0.46017807722091675
73007104,0.553407609462738
73023488,0.4712856411933899
73039872,0.45668017864227295
73056256,0.33399567008018494
73072640,0.40215036273002625
73089024,0.3432861566543579
73105408,0.4602155089378357
73121792,0.5048573017120361
73138176,0.4344388246536255
73154560,0.4290129244327545
73170944,0.4366200566291809
73187328,0.4972376525402069
73203712,0.3822014629840851
73220096,0.5230386853218079
73236480,0.4007430076599121
73252864,0.5057913064956665
73269248,0.43565598130226135
73285632,0.4621828496456146
73302016,0.48118728399276733
73318400,0.4920995235443115
73334784,0.37452858686447144
73351168,0.4964832663536072
73367552,0.4401308298110962
73383936,0.4211820662021637
73400320,0.5219482779502869
73416704,0.470786452293396
73433088,0.47883450984954834
73449472,0.466694712638855
73465856,0.3572325110435486
73482240,0.43921923637390137
73498624,0.4734986424446106
73515008,0.45905935764312744
73531392,0.45303046703338623
73547776,0.41856205463409424
73564160,0.43210670351982117
73580544,0.49027812480926514
73596928,0.46888279914855957
73613312,0.4973693788051605
73629696,0.3980611264705658
73646080,0.47935569286346436
73662464,0.46314913034439087
73678848,0.4971871078014374
73695232,0.43174654245376587
73711616,0.454814612865448
73728000,0.5038715600967407
73744384,0.4473552405834198
73760768,0.38828492164611816
73777152,0.4623768925666809
73793536,0.4493749737739563
73809920,0.44086694717407227
73826304,0.5170843005180359
73842688,0.4892405569553375
73859072,0.416928768157959
73875456,0.44179460406303406
73891840,0.41175585985183716
73908224,0.39785104990005493
73924608,0.4088377058506012
73940992,0.4137493968009949
73957376,0.4551073908805847
73973760,0.4627856910228729
73990144,0.42984479665756226
74006528,0.40353822708129883
74022912,0.4468832015991211
74039296,0.44958993792533875
74055680,0.38010022044181824
74072064,0.44659167528152466
74088448,0.4826463758945465
74104832,0.32303541898727417
74121216,0.49613550305366516
74137600,0.4958624243736267
74153984,0.45456212759017944
74170368,0.43616169691085815
74186752,0.5151829719543457
74203136,0.44496288895606995
74219520,0.43117019534111023
74235904,0.45947355031967163
74252288,0.49051710963249207
74268672,0.5309882164001465
74285056,0.45476460456848145
74301440,0.39206427335739136
74317824,0.4604339897632599
74334208,0.39023303985595703
74350592,0.513029158115387
74366976,0.4245820939540863
74383360,0.4317653477191925
74399744,0.3958181142807007
74416128,0.3686703145503998
74432512,0.42094188928604126
74448896,0.4307767450809479
74465280,0.4070855975151062
74481664,0.49819859862327576
74498048,0.4210748076438904
74514432,0.43929582834243774
74530816,0.5423011779785156
74547200,0.4560636281967163
74563584,0.4610162377357483
74579968,0.544951319694519
74596352,0.5125231742858887
74612736,0.48215535283088684
74629120,0.49412840604782104
74645504,0.5010311007499695
74661888,0.5395506620407104
74678272,0.5218655467033386
74694656,0.47204387187957764
74711040,0.4594925343990326
74727424,0.4422476887702942
74743808,0.5326099395751953
74760192,0.48697787523269653
74776576,0.4854504466056824
74792960,0.41503167152404785
74809344,0.46196499466896057
74825728,0.4668329954147339
74842112,0.5074356198310852
74858496,0.4907495975494385
74874880,0.6113373041152954
74891264,0.5136519074440002
74907648,0.48588165640830994
74924032,0.3581705689430237
74940416,0.4595383405685425
74956800,0.4250169098377228
74973184,0.41022932529449463
74989568,0.4481729567050934
75005952,0.4884895086288452
75022336,0.48671266436576843
75038720,0.4170137643814087
75055104,0.4426974356174469
75071488,0.4751163423061371
75087872,0.40996262431144714
75104256,0.4815378189086914
75120640,0.474843293428421
75137024,0.4600065350532532
75153408,0.3912956118583679
75169792,0.39327412843704224
75186176,0.4264305830001831
75202560,0.38862133026123047
75218944,0.4209207594394684
75235328,0.4659327268600464
75251712,0.42007678747177124
75268096,0.4625619649887085
75284480,0.4436710774898529
75300864,0.5015380382537842
75317248,0.45089930295944214
75333632,0.4703269302845001
75350016,0.4579910635948181
75366400,0.4372459053993225
75382784,0.3931264281272888
75399168,0.445671409368515
75415552,0.4663305878639221
75431936,0.47689342498779297
75448320,0.5048223733901978
75464704,0.48299694061279297
75481088,0.4930688142776489
75497472,0.5167737007141113
75513856,0.5264645218849182
75530240,0.46351444721221924
75546624,0.4167088270187378
75563008,0.46158215403556824
75579392,0.4797646999359131
75595776,0.47738248109817505
75612160,0.5059545040130615
75628544,0.46215444803237915
75644928,0.42764848470687866
75661312,0.40209758281707764
75677696,0.5390875339508057
75694080,0.5064073204994202
75710464,0.4755856394767761
75726848,0.4241793751716614
75743232,0.46515989303588867
75759616,0.48052191734313965
75776000,0.39799630641937256
75792384,0.5059260129928589
75808768,0.4394565522670746
75825152,0.4305901527404785
75841536,0.49352210760116577
75857920,0.4510428309440613
75874304,0.3726211488246918
75890688,0.49701550602912903
75907072,0.44505688548088074
75923456,0.4828828275203705
75939840,0.5190048217773438
75956224,0.4931856393814087
75972608,0.4426119327545166
75988992,0.5231749415397644
76005376,0.4934943914413452
76021760,0.4300221800804138
76038144,0.4781624972820282
76054528,0.39492613077163696
76070912,0.5496585369110107
76087296,0.4544876515865326
76103680,0.4591653347015381
76120064,0.4439518451690674
76136448,0.47367316484451294
76152832,0.4538630247116089
76169216,0.47987979650497437
76185600,0.49003803730010986
76201984,0.5189185738563538
76218368,0.4204482436180115
76234752,0.49097898602485657
76251136,0.616430401802063
76267520,0.5607964992523193
76283904,0.5640504956245422
76300288,0.504392683506012
76316672,0.4856439530849457
76333056,0.4386887848377228
76349440,0.4370954632759094
76365824,0.4610863924026489
76382208,0.5474635362625122
76398592,0.593908429145813
76414976,0.5663187503814697
76431360,0.5310955047607422
76447744,0.5546910166740417
76464128,0.5598617792129517
76480512,0.6290394067764282
76496896,0.4874756336212158
76513280,0.5383964776992798
76529664,0.48214513063430786
76546048,0.5470535159111023
76562432,0.5091800689697266
76578816,0.5419652462005615
76595200,0.49151718616485596
76611584,0.5654538869857788
76627968,0.43420374393463135
76644352,0.514751136302948
76660736,0.5161721706390381
76677120,0.4629170596599579
76693504,0.524558961391449
76709888,0.44468313455581665
76726272,0.4497322142124176
76742656,0.4596848487854004
76759040,0.42405790090560913
76775424,0.36632829904556274
76791808,0.5382782220840454
76808192,0.41939616203308105
76824576,0.4294344186782837
76840960,0.3315640687942505
76857344,0.48520544171333313
76873728,0.4610403776168823
76890112,0.4403075575828552
76906496,0.5051006078720093
76922880,0.4074345827102661
76939264,0.45384037494659424
76955648,0.5071675777435303
76972032,0.48766860365867615
76988416,0.5047626495361328
77004800,0.4715069532394409
77021184,0.5082105398178101
77037568,0.5492072105407715
77053952,0.5568220019340515
77070336,0.4629848599433899
77086720,0.43068984150886536
77103104,0.5364618897438049
77119488,0.4700748324394226
77135872,0.46437254548072815
77152256,0.49508237838745117
77168640,0.473458856344223
77185024,0.3747773766517639
77201408,0.4700011610984802
77217792,0.44199711084365845
77234176,0.5848736763000488
77250560,0.46837377548217773
77266944,0.4467054009437561
77283328,0.48226505517959595
77299712,0.4207427501678467
77316096,0.5296039581298828
77332480,0.5173359513282776
77348864,0.489095002412796
77365248,0.5819498896598816
77381632,0.4397121071815491
77398016,0.4086546003818512
77414400,0.4800302982330322
77430784,0.43847861886024475
77447168,0.5013571977615356
77463552,0.4919319748878479
77479936,0.46466267108917236
77496320,0.5438821911811829
77512704,0.5384814739227295
77529088,0.5688282251358032
77545472,0.4237450957298279
77561856,0.44241708517074585
77578240,0.47534647583961487
77594624,0.4725728929042816
77611008,0.41879552602767944
77627392,0.5012980699539185
77643776,0.4400249719619751
77660160,0.4664357304573059
77676544,0.4900776743888855
77692928,0.4351309537887573
77709312,0.4372144937515259
77725696,0.46628865599632263
77742080,0.41014814376831055
77758464,0.5306795835494995
77774848,0.3921143412590027
77791232,0.45818090438842773
77807616,0.4291952848434448
77824000,0.4651471674442291
77840384,0.47620442509651184
77856768,0.4424685835838318
77873152,0.49901682138442993
77889536,0.4791387915611267
77905920,0.47723716497421265
77922304,0.47026267647743225
77938688,0.3371672034263611
77955072,0.4460158944129944
77971456,0.415314257144928
77987840,0.5266221761703491
78004224,0.4158560037612915
78020608,0.41261419653892517
78036992,0.4790670573711395
78053376,0.4770682752132416
78069760,0.45166972279548645
78086144,0.47914570569992065
78102528,0.48239666223526
78118912,0.4714508652687073
78135296,0.5894553661346436
78151680,0.5190984606742859
78168064,0.5842446088790894
78184448,0.4758955240249634
78200832,0.5465834736824036
78217216,0.5235973596572876
78233600,0.5522740483283997
78249984,0.554295539855957
78266368,0.4653553366661072
78282752,0.5569326877593994
78299136,0.6228691339492798
78315520,0.40851032733917236
78331904,0.5329298973083496
78348288,0.4422004222869873
78364672,0.5548681020736694
78381056,0.48716479539871216
78397440,0.5500098466873169
78413824,0.6574057936668396
78430208,0.5687394738197327
78446592,0.5805083513259888
78462976,0.5214779376983643
78479360,0.5870298743247986
78495744,0.46519073843955994
78512128,0.5011975765228271
78528512,0.5890130996704102
78544896,0.5435596704483032
78561280,0.5161449909210205
78577664,0.5220965147018433
78594048,0.4427017867565155
78610432,0.49753689765930176
78626816,0.47444289922714233
78643200,0.5339723229408264
78659584,0.5281127691268921
78675968,0.5310807228088379
78692352,0.6035484075546265
78708736,0.5213775038719177
78725120,0.5881873965263367
78741504,0.4375087022781372
78757888,0.4588657021522522
78774272,0.5770882964134216
78790656,0.5245057940483093
78807040,0.5654112100601196
78823424,0.558152973651886
78839808,0.5900520086288452
78856192,0.5750783681869507
78872576,0.6813850402832031
78888960,0.5418981313705444
78905344,0.5751546621322632
78921728,0.5738159418106079
78938112,0.620635449886322
78954496,0.5787928104400635
78970880,0.44675520062446594
78987264,0.5848344564437866
79003648,0.548897385597229
79020032,0.5746628046035767
79036416,0.5382909774780273
79052800,0.5608303546905518
79069184,0.508051872253418
79085568,0.575371503829956
79101952,0.6237733960151672
79118336,0.6072809100151062
79134720,0.43390145897865295
79151104,0.5280846357345581
79167488,0.5598017573356628
79183872,0.591169536113739
79200256,0.545307457447052
79216640,0.46022605895996094
79233024,0.4885200560092926
79249408,0.5946347713470459
79265792,0.5784461498260498
79282176,0.4754374921321869
79298560,0.5423882007598877
79314944,0.6095976829528809
79331328,0.5990499258041382
79347712,0.6538406610488892
79364096,0.5581120252609253
79380480,0.543749988079071
79396864,0.65004563331604
79413248,0.6270828247070312
79429632,0.6283341646194458
79446016,0.5583060383796692
79462400,0.5244861841201782
79478784,0.6843690872192383
79495168,0.5793970823287964
79511552,0.5437690019607544
79527936,0.5811048746109009
79544320,0.5770838260650635
79560704,0.5644415616989136
79577088,0.6054161787033081
79593472,0.7196864485740662
79609856,0.645905613899231
79626240,0.5630344748497009
79642624,0.583128809928894
79659008,0.5692259669303894
79675392,0.6394423842430115
79691776,0.5487062335014343
79708160,0.5809754133224487
79724544,0.4868403673171997
79740928,0.5171542167663574
79757312,0.5294461250305176
79773696,0.47667843103408813
79790080,0.5770204067230225
79806464,0.5438398718833923
79822848,0.45680034160614014
79839232,0.455885112285614
79855616,0.567464292049408
79872000,0.4444471597671509
79888384,0.5915575623512268
79904768,0.5161202549934387
79921152,0.456790566444397
79937536,0.589249849319458
79953920,0.4789714515209198
79970304,0.4931872487068176
79986688,0.4683144688606262
80003072,0.4505663514137268
80019456,0.4413965046405792
80035840,0.4445773959159851
80052224,0.43816980719566345
80068608,0.47630542516708374
80084992,0.42226338386535645
80101376,0.43395987153053284
80117760,0.3297082781791687
80134144,0.4170301556587219
80150528,0.43529021739959717
80166912,0.35955169796943665
80183296,0.3601211905479431
80199680,0.4012894034385681
80216064,0.418166846036911
80232448,0.4573778510093689
80248832,0.44713184237480164
80265216,0.43266159296035767
80281600,0.3621937036514282
80297984,0.45138323307037354
80314368,0.41518187522888184
80330752,0.3474404215812683
80347136,0.4201270043849945
80363520,0.38855409622192383
80379904,0.5007710456848145
80396288,0.4487292468547821
80412672,0.4588990807533264
80429056,0.4562819302082062
80445440,0.5442105531692505
80461824,0.4871198534965515
80478208,0.5247344374656677
80494592,0.39155083894729614
80510976,0.31306546926498413
80527360,0.36058929562568665
80543744,0.397189736366272
80560128,0.3790651559829712
80576512,0.377445250749588
80592896,0.4534798264503479
80609280,0.45744645595550537
80625664,0.4326786398887634
80642048,0.39349180459976196
80658432,0.34232962131500244
80674816,0.42341935634613037
80691200,0.5148392915725708
80707584,0.4404233694076538
80723968,0.42159879207611084
80740352,0.5205895304679871
80756736,0.45066797733306885
80773120,0.4495587944984436
80789504,0.41179245710372925
80805888,0.45463189482688904
80822272,0.487585186958313
80838656,0.48933136463165283
80855040,0.4237986207008362
80871424,0.4028932452201843
80887808,0.4501877427101135
80904192,0.4891807436943054
80920576,0.4251616597175598
80936960,0.4401301145553589
80953344,0.4529653787612915
80969728,0.4865400493144989
80986112,0.4950125217437744
81002496,0.48861151933670044
81018880,0.5121093988418579
81035264,0.47678425908088684
81051648,0.45717349648475647
81068032,0.47030264139175415
81084416,0.3741767704486847
81100800,0.5011187791824341
81117184,0.4050976634025574
81133568,0.46681487560272217
81149952,0.41715943813323975
81166336,0.5251173973083496
81182720,0.4060612916946411
81199104,0.5055223703384399
81215488,0.5565321445465088
81231872,0.43351680040359497
81248256,0.428225040435791
81264640,0.38217228651046753
81281024,0.524770200252533
81297408,0.47851869463920593
81313792,0.5065253376960754
81330176,0.5398901104927063
81346560,0.5804863572120667
81362944,0.5013553500175476
81379328,0.5199371576309204
81395712,0.5180611610412598
81412096,0.5211611986160278
81428480,0.49213406443595886
81444864,0.5279293656349182
81461248,0.45952996611595154
81477632,0.5081050395965576
81494016,0.3673223853111267
81510400,0.4953882694244385
81526784,0.4477255642414093
81543168,0.5314508080482483
81559552,0.36456620693206787
81575936,0.3911382555961609
81592320,0.5593746900558472
81608704,0.49923041462898254
81625088,0.5254529714584351
81641472,0.48107749223709106
81657856,0.43319928646087646
81674240,0.4975919723510742
81690624,0.5029560327529907
81707008,0.48163551092147827
81723392,0.5023854970932007
81739776,0.4460834860801697
81756160,0.4841773509979248
81772544,0.4241417944431305
81788928,0.3778233528137207
81805312,0.5948171615600586
81821696,0.5048055648803711
81838080,0.5385650396347046
81854464,0.3448758125305176
81870848,0.4562326669692993
81887232,0.5029527544975281
81903616,0.4561317265033722
81920000,0.38538259267807007
81936384,0.4566528797149658
81952768,0.47959592938423157
81969152,0.4340755045413971
81985536,0.5042988657951355
82001920,0.3704010248184204
82018304,0.4377356767654419
82034688,0.41362810134887695
82051072,0.476283997297287
82067456,0.4916241765022278
82083840,0.4564029276371002
82100224,0.47095614671707153
82116608,0.44705572724342346
82132992,0.4228789210319519
82149376,0.4705806374549866
82165760,0.4901036322116852
82182144,0.343194842338562
82198528,0.5238081216812134
82214912,0.5212213397026062
82231296,0.4433702230453491
82247680,0.4482928514480591
82264064,0.5734890699386597
82280448,0.45823103189468384
82296832,0.517119288444519
82313216,0.45437806844711304
82329600,0.5927140712738037
82345984,0.4540037512779236
82362368,0.4758170247077942
82378752,0.5376462936401367
82395136,0.5124828219413757
82411520,0.5828387141227722
82427904,0.5086255669593811
82444288,0.48012036085128784
82460672,0.4472406506538391
82477056,0.43447959423065186
82493440,0.44288522005081177
82509824,0.44048309326171875
82526208,0.5871704816818237
82542592,0.4649154841899872
82558976,0.49585607647895813
82575360,0.6031175851821899
82591744,0.4936865568161011
82608128,0.48551198840141296
82624512,0.4137600064277649
82640896,0.42821240425109863
82657280,0.42634978890419006
82673664,0.4721423089504242
82690048,0.4695301353931427
82706432,0.43151551485061646
82722816,0.43537503480911255
82739200,0.5028281211853027
82755584,0.45567411184310913
82771968,0.46449050307273865
82788352,0.4688923954963684
82804736,0.4905153214931488
82821120,0.4357634484767914
82837504,0.45284056663513184
82853888,0.49101337790489197
82870272,0.47602373361587524
82886656,0.44997721910476685
82903040,0.4945843815803528
82919424,0.439919650554657
82935808,0.4798493981361389
82952192,0.5187826752662659
82968576,0.5315061807632446
82984960,0.501091718673706
83001344,0.5541790723800659
83017728,0.5537110567092896
83034112,0.506801187992096
83050496,0.4450809061527252
83066880,0.5582097172737122
83083264,0.5651072263717651
83099648,0.514593243598938
83116032,0.4937335252761841
83132416,0.5238157510757446
83148800,0.46116259694099426
83165184,0.48326537013053894
83181568,0.5340045094490051
83197952,0.5562703609466553
83214336,0.5459833145141602
83230720,0.5821376442909241
83247104,0.5237257480621338
83263488,0.48291486501693726
83279872,0.5627931356430054
83296256,0.46307823061943054
83312640,0.5702018737792969
83329024,0.4658275246620178
83345408,0.5816705226898193
83361792,0.533512532711029
83378176,0.45720648765563965
83394560,0.502782940864563
83410944,0.535729706287384
83427328,0.4438104033470154
83443712,0.533977210521698
83460096,0.6006879806518555
83476480,0.5389530658721924
83492864,0.49444201588630676
83509248,0.4950823187828064
83525632,0.46412786841392517
83542016,0.5248138904571533
83558400,0.5219723582267761
83574784,0.5469595789909363
83591168,0.49625492095947266
83607552,0.45199286937713623
83623936,0.4968944191932678
83640320,0.4471586346626282
83656704,0.4716681241989136
83673088,0.5337609648704529
83689472,0.5285164713859558
83705856,0.5423926115036011
83722240,0.5310233235359192
83738624,0.5038203597068787
83755008,0.5201238393783569
83771392,0.6440219879150391
83787776,0.48746055364608765
83804160,0.593963086605072
83820544,0.47950491309165955
83836928,0.5145279169082642
83853312,0.5793468952178955
83869696,0.45835238695144653
83886080,0.5318175554275513
83902464,0.5578023195266724
83918848,0.5984355211257935
83935232,0.5536653995513916
83951616,0.5721946954727173
83968000,0.5547324419021606
83984384,0.5948051810264587
84000768,0.5080057978630066
84017152,0.5333431959152222
84033536,0.5587360262870789
84049920,0.5445303916931152
84066304,0.48461389541625977
84082688,0.6616263389587402
84099072,0.5147965550422668
84115456,0.5754877924919128
84131840,0.5800827145576477
84148224,0.5589956641197205
84164608,0.5650773048400879
84180992,0.5471746921539307
84197376,0.5171064138412476
84213760,0.5661451816558838
84230144,0.5403408408164978
84246528,0.43111786246299744
84262912,0.5465541481971741
84279296,0.48499220609664917
84295680,0.5174357891082764
84312064,0.5519258379936218
84328448,0.5414785146713257
84344832,0.5131454467773438
84361216,0.5140118598937988
84377600,0.5693168640136719
84393984,0.5036599040031433
84410368,0.46967053413391113
84426752,0.6069732904434204
84443136,0.5509111285209656
84459520,0.49950307607650757
84475904,0.5576508045196533
84492288,0.5002844333648682
84508672,0.4733741283416748
84525056,0.5136027336120605
84541440,0.511079728603363
84557824,0.5301501750946045
84574208,0.5815173387527466
84590592,0.5703674554824829
84606976,0.5199923515319824
84623360,0.5672566890716553
84639744,0.552011251449585
84656128,0.56355881690979
84672512,0.5932273864746094
84688896,0.49050936102867126
84705280,0.4597710371017456
84721664,0.49827539920806885
84738048,0.5192159414291382
84754432,0.4867115616798401
84770816,0.5579892992973328
84787200,0.5978413820266724
84803584,0.5679627060890198
84819968,0.447063684463501
84836352,0.5165243744850159
84852736,0.5646295547485352
84869120,0.4234413802623749
84885504,0.5462051630020142
84901888,0.4273962378501892
84918272,0.4580942988395691
84934656,0.4113210439682007
84951040,0.5138037204742432
84967424,0.57169508934021
84983808,0.5698946714401245
85000192,0.39878129959106445
85016576,0.5073075890541077
85032960,0.529471755027771
85049344,0.42011699080467224
85065728,0.4750308394432068
85082112,0.5029584169387817
85098496,0.42130154371261597
85114880,0.50298011302948
85131264,0.5082392692565918
85147648,0.4331815838813782
85164032,0.4157201647758484
85180416,0.4601709842681885
85196800,0.4061760902404785
85213184,0.4759852886199951
85229568,0.5594168901443481
85245952,0.5021434426307678
85262336,0.45504888892173767
85278720,0.4288485050201416
85295104,0.47954463958740234
85311488,0.43022412061691284
85327872,0.47183191776275635
85344256,0.5487298965454102
85360640,0.49028241634368896
85377024,0.4238206148147583
85393408,0.5972720384597778
85409792,0.4757852554321289
85426176,0.455061674118042
85442560,0.5000835657119751
85458944,0.3993224501609802
85475328,0.33171358704566956
85491712,0.43323686718940735
85508096,0.4300081133842468
85524480,0.4965313673019409
85540864,0.4298628866672516
85557248,0.45374614000320435
85573632,0.4577999711036682
85590016,0.46801817417144775
85606400,0.4565901756286621
85622784,0.4889262914657593
85639168,0.45471376180648804
85655552,0.4387477934360504
85671936,0.41712045669555664
85688320,0.4727305769920349
85704704,0.49146154522895813
85721088,0.4944113492965698
85737472,0.45510178804397583
85753856,0.5020853877067566
85770240,0.4632122814655304
85786624,0.5375673770904541
85803008,0.3713419437408447
85819392,0.5294139385223389
85835776,0.3984813392162323
85852160,0.3860972821712494
85868544,0.42224687337875366
85884928,0.4633867144584656
85901312,0.3695667088031769
85917696,0.4746955931186676
85934080,0.42244142293930054
85950464,0.5316448211669922
85966848,0.39890003204345703
85983232,0.4283718466758728
85999616,0.3831154704093933
86016000,0.48331645131111145
86032384,0.4196747839450836
86048768,0.37367796897888184
86065152,0.4359726905822754
86081536,0.35658562183380127
86097920,0.40974196791648865
86114304,0.456524521112442
86130688,0.5036872625350952
86147072,0.49148720502853394
86163456,0.4591291546821594
86179840,0.4421243667602539
86196224,0.548352837562561
86212608,0.40706920623779297
86228992,0.3847641348838806
86245376,0.4357956349849701
86261760,0.4399716258049011
86278144,0.4760984778404236
86294528,0.5541974902153015
86310912,0.44058817625045776
86327296,0.4938276410102844
86343680,0.5159294009208679
86360064,0.5454738736152649
86376448,0.41666316986083984
86392832,0.3746240735054016
86409216,0.40931418538093567
86425600,0.4687851071357727
86441984,0.5331283211708069
86458368,0.4911598563194275
86474752,0.5070104598999023
86491136,0.49780017137527466
86507520,0.481031596660614
86523904,0.4267057776451111
86540288,0.42786306142807007
86556672,0.4922406077384949
86573056,0.4279087781906128
86589440,0.5122237801551819
86605824,0.52684485912323
86622208,0.4761888086795807
86638592,0.4978324770927429
86654976,0.4189208149909973
86671360,0.4639735817909241
86687744,0.3889773488044739
86704128,0.4086652994155884
86720512,0.49381783604621887
86736896,0.4721522927284241
86753280,0.42003190517425537
86769664,0.45740461349487305
86786048,0.4972512722015381
86802432,0.458129346370697
86818816,0.4141753017902374
86835200,0.49325740337371826
86851584,0.5607472658157349
86867968,0.5269744396209717
86884352,0.5837637782096863
86900736,0.4697748124599457
86917120,0.4864448606967926
86933504,0.5469632744789124
86949888,0.5416632294654846
86966272,0.479018896818161
86982656,0.6197509169578552
86999040,0.5273739695549011
87015424,0.5632527470588684
87031808,0.46058008074760437
87048192,0.47147661447525024
87064576,0.49396589398384094
87080960,0.4161601662635803
87097344,0.4268035888671875
87113728,0.5495755672454834
87130112,0.5271496772766113
87146496,0.6433950662612915
87162880,0.48164573311805725
87179264,0.5212284922599792
87195648,0.5188275575637817
87212032,0.5151337385177612
87228416,0.5341500639915466
87244800,0.49358612298965454
87261184,0.582237720489502
87277568,0.5192465782165527
87293952,0.5034365057945251
87310336,0.5359407067298889
87326720,0.5821434259414673
87343104,0.43491196632385254
87359488,0.5773419141769409
87375872,0.6009455323219299
87392256,0.4548133611679077
87408640,0.544270396232605
87425024,0.46649110317230225
87441408,0.47568419575691223
87457792,0.5643875598907471
87474176,0.5448585748672485
87490560,0.37854480743408203
87506944,0.5210877656936646
87523328,0.407173752784729
87539712,0.4933827519416809
87556096,0.5281376838684082
87572480,0.4514336884021759
87588864,0.5077632069587708
87605248,0.5095923542976379
87621632,0.5015713572502136
87638016,0.5735499858856201
87654400,0.4233752489089966
87670784,0.4728623628616333
87687168,0.46408188343048096
87703552,0.49943646788597107
87719936,0.4768991470336914
87736320,0.49505168199539185
87752704,0.549555778503418
87769088,0.47595322132110596
87785472,0.48523807525634766
87801856,0.4236412048339844
87818240,0.3963433504104614
87834624,0.44526952505111694
87851008,0.5078761577606201
87867392,0.4531819820404053
87883776,0.43054842948913574
87900160,0.47496703267097473
87916544,0.535790205001831
87932928,0.4562509059906006
87949312,0.5883120894432068
87965696,0.47930896282196045
87982080,0.4253445863723755
87998464,0.5065761208534241
88014848,0.5751463174819946
88031232,0.559252142906189
88047616,0.49847930669784546
88064000,0.5013206005096436
88080384,0.43333500623703003
88096768,0.4213158190250397
88113152,0.45353665947914124
88129536,0.4039214551448822
88145920,0.49605610966682434
88162304,0.45411086082458496
88178688,0.5184693336486816
88195072,0.44810962677001953
88211456,0.524523138999939
88227840,0.5154899954795837
88244224,0.5348474979400635
88260608,0.43028366565704346
88276992,0.42385828495025635
88293376,0.48464763164520264
88309760,0.5250623822212219
88326144,0.49768805503845215
88342528,0.43000954389572144
88358912,0.4802006483078003
88375296,0.517591655254364
88391680,0.43516385555267334
88408064,0.48931431770324707
88424448,0.41822540760040283
88440832,0.3846527338027954
88457216,0.5633370876312256
88473600,0.3937530815601349
88489984,0.47601863741874695
88506368,0.42975714802742004
88522752,0.45252376794815063
88539136,0.431559681892395
88555520,0.5381382703781128
88571904,0.4425095319747925
88588288,0.5209414958953857
88604672,0.45282989740371704
88621056,0.5343625545501709
88637440,0.4933623671531677
88653824,0.4880184531211853
88670208,0.4935084283351898
88686592,0.4761199951171875
88702976,0.4535990059375763
88719360,0.42057955265045166
88735744,0.475085973739624
88752128,0.40369051694869995
88768512,0.5221452116966248
88784896,0.442626953125
88801280,0.5048201084136963
88817664,0.44889992475509644
88834048,0.40541183948516846
88850432,0.3560616970062256
88866816,0.5174844264984131
88883200,0.5052598714828491
88899584,0.4293546676635742
88915968,0.5506104826927185
88932352,0.551164984703064
88948736,0.492667555809021
88965120,0.5039471983909607
88981504,0.5936852097511292
88997888,0.4783359169960022
89014272,0.5342025756835938
89030656,0.4569590091705322
89047040,0.4126298427581787
89063424,0.4595644474029541
89079808,0.4991525411605835
89096192,0.4521210193634033
89112576,0.4402640461921692
89128960,0.48705750703811646
89145344,0.5405826568603516
89161728,0.42153477668762207
89178112,0.5916750431060791
89194496,0.5647878646850586
89210880,0.4387112855911255
89227264,0.5168530941009521
89243648,0.4532402455806732
89260032,0.548323929309845
89276416,0.5113375782966614
89292800,0.5450371503829956
89309184,0.53083735704422
89325568,0.541350245475769
89341952,0.5169966816902161
89358336,0.44811081886291504
89374720,0.5578834414482117
89391104,0.5132933855056763
89407488,0.4671323895454407
89423872,0.3830394744873047
89440256,0.514824390411377
89456640,0.5676019191741943
89473024,0.5763788819313049
89489408,0.36820417642593384
89505792,0.4900292754173279
89522176,0.4896079897880554
89538560,0.5233847498893738
89554944,0.5493284463882446
89571328,0.461487352848053
89587712,0.5071166753768921
89604096,0.5093247294425964
89620480,0.5030100345611572
89636864,0.5013220310211182
89653248,0.4416635036468506
89669632,0.4712628722190857
89686016,0.5071462392807007
89702400,0.4491073489189148
89718784,0.5330023765563965
89735168,0.45971229672431946
89751552,0.44962581992149353
89767936,0.39992356300354004
89784320,0.5836759805679321
89800704,0.5502203702926636
89817088,0.4872306287288666
89833472,0.49940988421440125
89849856,0.494742214679718
89866240,0.4274594187736511
89882624,0.4906086325645447
89899008,0.4582674503326416
89915392,0.4818568229675293
89931776,0.4977790117263794
89948160,0.4826350212097168
89964544,0.5058958530426025
89980928,0.38667917251586914
89997312,0.4917911887168884
90013696,0.4543611407279968
90030080,0.42780378460884094
90046464,0.4503779411315918
90062848,0.488287091255188
90079232,0.4494178295135498
90095616,0.45795124769210815
90112000,0.45733481645584106
90128384,0.48901209235191345
90144768,0.37645983695983887
90161152,0.4373658001422882
90177536,0.4698302745819092
90193920,0.5224944353103638
90210304,0.5033092498779297
90226688,0.563984751701355
90243072,0.5643429756164551
90259456,0.4914834499359131
90275840,0.6176637411117554
90292224,0.5427320599555969
90308608,0.4269404709339142
90324992,0.5019756555557251
90341376,0.49622422456741333
90357760,0.4867696166038513
90374144,0.5905178785324097
90390528,0.46521008014678955
90406912,0.4413869380950928
90423296,0.5146529674530029
90439680,0.568594217300415
90456064,0.4652668535709381
90472448,0.4507676959037781
90488832,0.5478115081787109
90505216,0.5551141500473022
90521600,0.5105316638946533
90537984,0.508410632610321
90554368,0.5067391991615295
90570752,0.37648844718933105
90587136,0.5243927836418152
90603520,0.4746532142162323
90619904,0.4143345355987549
90636288,0.447467178106308
90652672,0.513731837272644
90669056,0.4289070963859558
90685440,0.38395488262176514
90701824,0.4698265790939331
90718208,0.43891727924346924
90734592,0.4318256378173828
90750976,0.5606656670570374
90767360,0.5445634126663208
90783744,0.5106701850891113
90800128,0.49073725938796997
90816512,0.48813050985336304
90832896,0.5025447010993958
90849280,0.41353273391723633
90865664,0.5258373022079468
90882048,0.5142887234687805
90898432,0.4646262526512146
90914816,0.5329917669296265
90931200,0.5070416927337646
90947584,0.5006186962127686
90963968,0.5285596251487732
90980352,0.44011789560317993
90996736,0.34359657764434814
91013120,0.4711873531341553
91029504,0.5436688661575317
91045888,0.4274716377258301
91062272,0.43746060132980347
91078656,0.4744674265384674
91095040,0.4331156015396118
91111424,0.3983386158943176
91127808,0.3919219672679901
91144192,0.42453721165657043
91160576,0.49765169620513916
91176960,0.4265820384025574
91193344,0.5380649566650391
91209728,0.5491136312484741
91226112,0.4494929313659668
91242496,0.5246940851211548
91258880,0.4284176230430603
91275264,0.4697335362434387
91291648,0.5231913328170776
91308032,0.46418851613998413
91324416,0.47060585021972656
91340800,0.4510807394981384
91357184,0.5142796039581299
91373568,0.47829654812812805
91389952,0.4374130368232727
91406336,0.4055914580821991
91422720,0.4802018702030182
91439104,0.43316447734832764
91455488,0.48865634202957153
91471872,0.39790457487106323
91488256,0.4901736378669739
91504640,0.5033082365989685
91521024,0.2823682129383087
91537408,0.4387851655483246
91553792,0.3689842224121094
91570176,0.3790352940559387
91586560,0.38560718297958374
91602944,0.34441184997558594
91619328,0.34863153100013733
91635712,0.3840990662574768
91652096,0.42306753993034363
91668480,0.41045570373535156
91684864,0.49718642234802246
91701248,0.4618039131164551
91717632,0.3449248671531677
91734016,0.4434409439563751
91750400,0.49631696939468384
91766784,0.43435731530189514
91783168,0.3720744252204895
91799552,0.48226916790008545
91815936,0.4196785092353821
91832320,0.4274265170097351
91848704,0.4007023572921753
91865088,0.38245660066604614
91881472,0.3792245388031006
91897856,0.4981277585029602
91914240,0.40120577812194824
91930624,0.41258299350738525
91947008,0.44737523794174194
91963392,0.4462132155895233
91979776,0.3913037180900574
91996160,0.34150052070617676
92012544,0.4235529899597168
92028928,0.4789883494377136
92045312,0.3357771933078766
92061696,0.3976472318172455
92078080,0.42062288522720337
92094464,0.39593344926834106
92110848,0.37421903014183044
92127232,0.3557448387145996
92143616,0.38797110319137573
92160000,0.4234124720096588
92176384,0.427827388048172
92192768,0.2729327082633972
92209152,0.4664500951766968
92225536,0.4409990906715393
92241920,0.43156442046165466
92258304,0.3992769718170166
92274688,0.4571441411972046
92291072,0.4182344079017639
92307456,0.47017040848731995
92323840,0.4204115569591522
92340224,0.41106992959976196
92356608,0.5380882620811462
92372992,0.4240782558917999
92389376,0.37535804510116577
92405760,0.38613981008529663
92422144,0.32882916927337646
92438528,0.4398731589317322
92454912,0.38522398471832275
92471296,0.39359933137893677
92487680,0.4277830719947815
92504064,0.34959834814071655
92520448,0.3096078634262085
92536832,0.3918655812740326
92553216,0.3758680522441864
92569600,0.47507286071777344
92585984,0.3638031482696533
92602368,0.39777064323425293
92618752,0.32400044798851013
92635136,0.4082333743572235
92651520,0.41729736328125
92667904,0.39488136768341064
92684288,0.3888642191886902
92700672,0.47536927461624146
92717056,0.38527941703796387
92733440,0.3934577405452728
92749824,0.4417279362678528
92766208,0.37690067291259766
92782592,0.4742925763130188
92798976,0.386661171913147
92815360,0.4186258316040039
92831744,0.42096826434135437
92848128,0.42307353019714355
92864512,0.37823036313056946
92880896,0.4260198473930359
92897280,0.47724926471710205
92913664,0.4131137728691101
92930048,0.33046191930770874
92946432,0.4186866879463196
92962816,0.3931242823600769
92979200,0.3827366530895233
92995584,0.462172269821167
93011968,0.4638608992099762
93028352,0.34711354970932007
93044736,0.3306991457939148
93061120,0.3843102753162384
93077504,0.3987124562263489
93093888,0.4208211898803711
93110272,0.4196128249168396
93126656,0.38272443413734436
93143040,0.4644155502319336
93159424,0.4167567491531372
93175808,0.40724778175354004
93192192,0.32873207330703735
93208576,0.35963675379753113
93224960,0.35652995109558105
93241344,0.401885986328125
93257728,0.38236433267593384
93274112,0.3233562707901001
93290496,0.5002485513687134
93306880,0.3604130744934082
93323264,0.5561325550079346
93339648,0.4043615460395813
93356032,0.43911507725715637
93372416,0.3976498544216156
93388800,0.3237782120704651
93405184,0.37549740076065063
93421568,0.4232909083366394
93437952,0.3402476906776428
93454336,0.36517536640167236
93470720,0.37600693106651306
93487104,0.31851425766944885
93503488,0.3282057046890259
93519872,0.3520311713218689
93536256,0.4059367775917053
93552640,0.43422162532806396
93569024,0.42257511615753174
93585408,0.4141986072063446
93601792,0.36538365483283997
93618176,0.3448517918586731
93634560,0.42929208278656006
93650944,0.43576934933662415
93667328,0.3368051052093506
93683712,0.3982449769973755
93700096,0.3174503445625305
93716480,0.32385820150375366
93732864,0.3348464071750641
93749248,0.35423827171325684
93765632,0.3591693639755249
93782016,0.3904590308666229
93798400,0.3755863308906555
93814784,0.43952590227127075
93831168,0.29810208082199097
93847552,0.39629560708999634
93863936,0.3862912058830261
93880320,0.38020384311676025
93896704,0.3442119359970093
93913088,0.4088621437549591
93929472,0.3662375807762146
93945856,0.45221734046936035
93962240,0.3692206144332886
93978624,0.3931915760040283
93995008,0.4162125587463379
94011392,0.40159592032432556
94027776,0.39926397800445557
94044160,0.40815842151641846
94060544,0.4519243538379669
94076928,0.4326622486114502
94093312,0.42591461539268494
94109696,0.4180077910423279
94126080,0.37831419706344604
94142464,0.4325641095638275
94158848,0.3826444745063782
94175232,0.4697892367839813
94191616,0.4606766998767853
94208000,0.4874294698238373
94224384,0.35395121574401855
94240768,0.472370445728302
94257152,0.446380615234375
94273536,0.3876621127128601
94289920,0.384014368057251
94306304,0.4594366252422333
94322688,0.3700059652328491
94339072,0.4953227639198303
94355456,0.43876874446868896
94371840,0.40293243527412415
94388224,0.5006290078163147
94404608,0.4698823392391205
94420992,0.5005092024803162
94437376,0.4598345458507538
94453760,0.5004230737686157
94470144,0.42644935846328735
94486528,0.48429733514785767
94502912,0.46510618925094604
94519296,0.4608204960823059
94535680,0.5318430662155151
94552064,0.5639721751213074
94568448,0.45808902382850647
94584832,0.4559295177459717
94601216,0.4197081923484802
94617600,0.5046167373657227
94633984,0.40656912326812744
94650368,0.6219972968101501
94666752,0.4301353096961975
94683136,0.5413998365402222
94699520,0.5467454791069031
94715904,0.45523861050605774
94732288,0.5188188552856445
94748672,0.4723376929759979
94765056,0.4663529396057129
94781440,0.4444502890110016
94797824,0.5583933591842651
94814208,0.41058528423309326
94830592,0.48846063017845154
94846976,0.47553810477256775
94863360,0.4186680316925049
94879744,0.5172387957572937
94896128,0.39913854002952576
94912512,0.5291309952735901
94928896,0.44630205631256104
94945280,0.4758479595184326
94961664,0.5405238270759583
94978048,0.4651276171207428
94994432,0.5404859185218811
95010816,0.49369016289711
95027200,0.42375028133392334
95043584,0.3972414433956146
95059968,0.5150769352912903
95076352,0.36132314801216125
95092736,0.4353903532028198
95109120,0.3880423903465271
95125504,0.3162870407104492
95141888,0.5582307577133179
95158272,0.408179372549057
95174656,0.4437147378921509
95191040,0.37642067670822144
95207424,0.3595414161682129
95223808,0.5233874320983887
95240192,0.4475863575935364
95256576,0.32648181915283203
95272960,0.5176458358764648
95289344,0.4996039867401123
95305728,0.3949292004108429
95322112,0.42368990182876587
95338496,0.3212953507900238
95354880,0.40439364314079285
95371264,0.3345915675163269
95387648,0.41164010763168335
95404032,0.3902715742588043
95420416,0.39914965629577637
95436800,0.39171603322029114
95453184,0.3983793258666992
95469568,0.426659494638443
95485952,0.38254302740097046
95502336,0.4358319342136383
95518720,0.4519018828868866
95535104,0.3279213309288025
95551488,0.43145376443862915
95567872,0.3830417990684509
95584256,0.38784751296043396
95600640,0.3750264644622803
95617024,0.34156709909439087
95633408,0.4032418727874756
95649792,0.5436426401138306
95666176,0.31739863753318787
95682560,0.3346654772758484
95698944,0.3687962293624878
95715328,0.3915877938270569
95731712,0.43048787117004395
95748096,0.4993673861026764
95764480,0.49637556076049805
95780864,0.4071314334869385
95797248,0.3010794520378113
95813632,0.2831062376499176
95830016,0.36264273524284363
95846400,0.3443273901939392
95862784,0.34654486179351807
95879168,0.32780057191848755
95895552,0.3762931823730469
95911936,0.3364894986152649
95928320,0.2075692117214203
95944704,0.38579684495925903
95961088,0.32921579480171204
95977472,0.32267940044403076
95993856,0.3843443989753723
96010240,0.29950955510139465
96026624,0.3045097887516022
96043008,0.3195228576660156
96059392,0.31361228227615356
96075776,0.28809651732444763
96092160,0.312420517206192
96108544,0.2408253699541092
96124928,0.2490110695362091
96141312,0.33820420503616333
96157696,0.39675432443618774
96174080,0.3262307047843933
96190464,0.24373742938041687
96206848,0.31339195370674133
96223232,0.2717404365539551
96239616,0.3361252546310425
96256000,0.30391085147857666
96272384,0.28671038150787354
96288768,0.33223429322242737
96305152,0.24848602712154388
96321536,0.2603648900985718
96337920,0.29052191972732544
96354304,0.32565027475357056
96370688,0.2998412847518921
96387072,0.29382556676864624
96403456,0.46239280700683594
96419840,0.3824613690376282
96436224,0.3533102869987488
96452608,0.3840007185935974
96468992,0.4621315002441406
96485376,0.3252567648887634
96501760,0.23131147027015686
96518144,0.3758147358894348
96534528,0.38878536224365234
96550912,0.42019426822662354
96567296,0.3469421863555908
96583680,0.36668187379837036
96600064,0.4221706986427307
96616448,0.479422926902771
96632832,0.3901672065258026
96649216,0.49109339714050293
96665600,0.45736682415008545
96681984,0.3209497034549713
96698368,0.5100948810577393
96714752,0.4417297840118408
96731136,0.41579174995422363
96747520,0.35991549491882324
96763904,0.373603492975235
96780288,0.37239503860473633
96796672,0.4200926125049591
96813056,0.42163723707199097
96829440,0.4344571828842163
96845824,0.470583438873291
96862208,0.33698445558547974
96878592,0.38624024391174316
96894976,0.4941728711128235
96911360,0.4710524082183838
96927744,0.35233789682388306
96944128,0.34232228994369507
96960512,0.35840868949890137
96976896,0.36882123351097107
96993280,0.4263700544834137
97009664,0.3927902579307556
97026048,0.4192625880241394
97042432,0.42938509583473206
97058816,0.516090989112854
97075200,0.4305512309074402
97091584,0.28925320506095886
97107968,0.4732441008090973
97124352,0.44977477192878723
97140736,0.3319876194000244
97157120,0.3463889956474304
97173504,0.504399836063385
97189888,0.44731712341308594
97206272,0.33162829279899597
97222656,0.35857146978378296
97239040,0.28870999813079834
97255424,0.3332657814025879
97271808,0.40215152502059937
97288192,0.41080141067504883
97304576,0.37824806571006775
97320960,0.36008214950561523
97337344,0.41730767488479614
97353728,0.2939921021461487
97370112,0.45139604806900024
97386496,0.424710214138031
97402880,0.4172276556491852
97419264,0.36612123250961304
97435648,0.4020519256591797
97452032,0.33079707622528076
97468416,0.35762086510658264
97484800,0.3931523859500885
97501184,0.3571995496749878
97517568,0.4000166654586792
97533952,0.2989966869354248
97550336,0.3116162121295929
97566720,0.2825932502746582
97583104,0.3973603844642639
97599488,0.3408527076244354
97615872,0.29681479930877686
97632256,0.390799343585968
97648640,0.462727814912796
97665024,0.37510955333709717
97681408,0.38680511713027954
97697792,0.26717039942741394
97714176,0.2589975595474243
97730560,0.3603495657444
97746944,0.2909085154533386
97763328,0.3603582978248596
97779712,0.40401139855384827
97796096,0.4187491536140442
97812480,0.36548754572868347
97828864,0.4833971858024597
97845248,0.37293827533721924
97861632,0.44603800773620605
97878016,0.35786592960357666
97894400,0.5118069052696228
97910784,0.40605705976486206
97927168,0.4227023720741272
97943552,0.42953988909721375
97959936,0.34731122851371765
97976320,0.38216662406921387
97992704,0.4136246144771576
98009088,0.45315372943878174
98025472,0.446463406085968
98041856,0.30929723381996155
98058240,0.38535642623901367
98074624,0.4066336154937744
98091008,0.44918572902679443
98107392,0.4256960451602936
98123776,0.5087451934814453
98140160,0.42056262493133545
98156544,0.44390374422073364
98172928,0.4331592321395874
98189312,0.4226301312446594
98205696,0.3440934419631958
98222080,0.5448858737945557
98238464,0.44575947523117065
98254848,0.36791911721229553
98271232,0.4182925224304199
98287616,0.42962974309921265
98304000,0.3826424777507782
98320384,0.4374028742313385
98336768,0.4034753143787384
98353152,0.39207029342651367
98369536,0.2605954706668854
98385920,0.36478132009506226
98402304,0.3053848147392273
98418688,0.4042905867099762
98435072,0.39250272512435913
98451456,0.38289546966552734
98467840,0.37324702739715576
98484224,0.3992387354373932
98500608,0.2898675203323364
98516992,0.4398398995399475
98533376,0.47310808300971985
98549760,0.49578195810317993
98566144,0.40563881397247314
98582528,0.4416043758392334
98598912,0.4844111502170563
98615296,0.4999576210975647
98631680,0.35606643557548523
98648064,0.4515036940574646
98664448,0.46910327672958374
98680832,0.51385897397995
98697216,0.48498934507369995
98713600,0.4497140645980835
98729984,0.4494178295135498
98746368,0.3943118453025818
98762752,0.38469210267066956
98779136,0.36992233991622925
98795520,0.3819738030433655
98811904,0.32124924659729004
98828288,0.4234727621078491
98844672,0.3697643280029297
98861056,0.49089083075523376
98877440,0.606672465801239
98893824,0.4645519256591797
98910208,0.3841814398765564
98926592,0.47791463136672974
98942976,0.39107438921928406
98959360,0.45439159870147705
98975744,0.42644786834716797
98992128,0.45285528898239136
99008512,0.38775020837783813
99024896,0.3664376735687256
99041280,0.4938248097896576
99057664,0.5127962827682495
99074048,0.4293845593929291
99090432,0.3705989718437195
99106816,0.42657145857810974
99123200,0.4607813358306885
99139584,0.3875868320465088
99155968,0.4204491972923279
99172352,0.4640367329120636
99188736,0.3878478407859802
99205120,0.35452231764793396
99221504,0.38154205679893494
99237888,0.40235739946365356
99254272,0.3917394280433655
99270656,0.35199040174484253
99287040,0.40447646379470825
99303424,0.4455149471759796
99319808,0.41908133029937744
99336192,0.36101001501083374
99352576,0.3842625021934509
99368960,0.5031176805496216
99385344,0.44818606972694397
99401728,0.4297175109386444
99418112,0.42844292521476746
99434496,0.44335097074508667
99450880,0.38800501823425293
99467264,0.383381724357605
99483648,0.3830757737159729
99500032,0.38010621070861816
99516416,0.3462313711643219
99532800,0.35872790217399597
99549184,0.38564011454582214
99565568,0.3761569857597351
99581952,0.3996189832687378
99598336,0.3710721731185913
99614720,0.47800713777542114
99631104,0.45984649658203125
99647488,0.41652482748031616
99663872,0.4749161899089813
99680256,0.4864940047264099
99696640,0.4768277406692505
99713024,0.37314873933792114
99729408,0.41526341438293457
99745792,0.41145068407058716
99762176,0.4845522344112396
99778560,0.44851770997047424
99794944,0.43363216519355774
99811328,0.4325319230556488
99827712,0.44668665528297424
99844096,0.38869571685791016
99860480,0.49824637174606323
99876864,0.46599578857421875
99893248,0.45638033747673035
99909632,0.36878788471221924
99926016,0.44856885075569153
99942400,0.3912241458892822
99958784,0.48482438921928406
99975168,0.40772801637649536
99991552,0.45329731702804565
