step,value
16384,0.022003173828125
32768,0.0168914794921875
49152,0.024658203125
65536,0.0283050537109375
81920,0.025482177734375
98304,0.013458251953125
114688,0.0279998779296875
131072,0.0206756591796875
147456,0.014801025390625
163840,0.0323333740234375
180224,0.033538818359375
196608,0.0372467041015625
212992,0.018524169921875
229376,0.00958251953125
245760,0.0229034423828125
262144,0.0203094482421875
278528,0.020660400390625
294912,0.0330657958984375
311296,0.0244140625
327680,0.02947998046875
344064,0.04156494140625
360448,0.0245513916015625
376832,0.02166748046875
393216,0.0243072509765625
409600,0.008544921875
425984,0.017913818359375
442368,0.0208892822265625
458752,0.0143280029296875
475136,0.025146484375
491520,0.02911376953125
507904,0.023468017578125
524288,0.0176849365234375
540672,0.0206146240234375
557056,0.029541015625
573440,0.0173492431640625
589824,0.01177978515625
606208,0.030487060546875
622592,0.0323944091796875
638976,0.0135345458984375
655360,0.0194549560546875
671744,0.0275115966796875
688128,0.0192718505859375
704512,0.03594970703125
720896,0.016143798828125
737280,0.0301971435546875
753664,0.023681640625
770048,0.0425567626953125
786432,0.010162353515625
802816,0.0186309814453125
819200,0.024200439453125
835584,0.016571044921875
851968,0.025115966796875
868352,0.02093505859375
884736,0.02996826171875
901120,0.0460052490234375
917504,0.0225372314453125
933888,0.0215911865234375
950272,0.0270538330078125
966656,0.028076171875
983040,0.0221099853515625
999424,0.014556884765625
1015808,0.0347137451171875
1032192,0.0253448486328125
1048576,0.0234375
1064960,0.033203125
1081344,0.021697998046875
1097728,0.0182037353515625
1114112,0.0263671875
1130496,0.0206756591796875
1146880,0.01837158203125
1163264,0.0107269287109375
1179648,0.0239105224609375
1196032,0.02978515625
1212416,0.01922607421875
1228800,0.0492095947265625
1245184,0.0300750732421875
1261568,0.04449462890625
1277952,0.0743408203125
1294336,0.0175933837890625
1310720,0.0394134521484375
1327104,0.0294342041015625
1343488,0.01617431640625
1359872,0.0313568115234375
1376256,0.0343170166015625
1392640,0.0082855224609375
1409024,0.02685546875
1425408,0.0368804931640625
1441792,0.0268707275390625
1458176,0.0170745849609375
1474560,0.035125732421875
1490944,0.0117034912109375
1507328,0.025054931640625
1523712,0.020355224609375
1540096,0.0491180419921875
1556480,0.0208892822265625
1572864,0.020599365234375
1589248,0.0233306884765625
1605632,0.0489349365234375
1622016,0.0321197509765625
1638400,0.0186920166015625
1654784,0.009796142578125
1671168,0.0203399658203125
1687552,0.0168609619140625
1703936,0.018524169921875
1720320,0.0463409423828125
1736704,0.0258026123046875
1753088,0.01513671875
1769472,0.01837158203125
1785856,0.017974853515625
1802240,0.0283050537109375
1818624,0.027618408203125
1835008,0.0285797119140625
1851392,0.011199951171875
1867776,0.0283660888671875
1884160,0.0269927978515625
1900544,0.0142059326171875
1916928,0.032928466796875
1933312,0.035858154296875
1949696,0.020843505859375
1966080,0.0160980224609375
1982464,0.0308685302734375
1998848,0.015472412109375
2015232,0.0189056396484375
2031616,0.0319976806640625
2048000,0.0197906494140625
2064384,0.0283966064453125
2080768,0.02435302734375
2097152,0.037322998046875
2113536,0.0312042236328125
2129920,0.0115814208984375
2146304,0.019683837890625
2162688,0.02685546875
2179072,0.044708251953125
2195456,0.0272369384765625
2211840,0.0220794677734375
2228224,0.0206756591796875
2244608,0.0282135009765625
2260992,0.0124053955078125
2277376,0.0263519287109375
2293760,0.012298583984375
2310144,0.05084228515625
2326528,0.0460052490234375
2342912,0.019927978515625
2359296,0.0365447998046875
2375680,0.035797119140625
2392064,0.0200653076171875
2408448,0.0220489501953125
2424832,0.0313720703125
2441216,0.029754638671875
2457600,0.022430419921875
2473984,0.0379791259765625
2490368,0.0288543701171875
2506752,0.0247955322265625
2523136,0.0518798828125
2539520,0.0240325927734375
2555904,0.0207366943359375
2572288,0.0172271728515625
2588672,0.04608154296875
2605056,0.0167388916015625
2621440,0.0200347900390625
2637824,0.0369873046875
2654208,0.0182952880859375
2670592,0.0273895263671875
2686976,0.0298919677734375
2703360,0.0250701904296875
2719744,0.045501708984375
2736128,0.0300140380859375
2752512,0.0299835205078125
2768896,0.04229736328125
2785280,0.0225830078125
2801664,0.0187530517578125
2818048,0.0476531982421875
2834432,0.027740478515625
2850816,0.0145263671875
2867200,0.037506103515625
2883584,0.033599853515625
2899968,0.01507568359375
2916352,0.010986328125
2932736,0.0236358642578125
2949120,0.008270263671875
2965504,0.010711669921875
2981888,0.030487060546875
2998272,0.0182647705078125
3014656,0.0471649169921875
3031040,0.020416259765625
3047424,0.0287628173828125
3063808,0.0334930419921875
3080192,0.0457305908203125
3096576,0.0435333251953125
3112960,0.0141143798828125
3129344,0.01666259765625
3145728,0.0648193359375
3162112,0.022735595703125
3178496,0.0504608154296875
3194880,0.0070343017578125
3211264,0.0233612060546875
3227648,0.0483245849609375
3244032,0.0293731689453125
3260416,0.0355377197265625
3276800,0.0160675048828125
3293184,0.029937744140625
3309568,0.0400543212890625
3325952,0.036041259765625
3342336,0.0226898193359375
3358720,0.042816162109375
3375104,0.05426025390625
3391488,0.0445709228515625
3407872,0.032470703125
3424256,0.0262298583984375
3440640,0.0428314208984375
3457024,0.031463623046875
3473408,0.0486602783203125
3489792,0.0378570556640625
3506176,0.0276641845703125
3522560,0.0472564697265625
3538944,0.044158935546875
3555328,0.0431060791015625
3571712,0.031951904296875
3588096,0.038360595703125
3604480,0.023681640625
3620864,0.0360565185546875
3637248,0.042449951171875
3653632,0.0286712646484375
3670016,0.0331573486328125
3686400,0.0351715087890625
3702784,0.0253143310546875
3719168,0.0300140380859375
3735552,0.028228759765625
3751936,0.0338134765625
3768320,0.035491943359375
3784704,0.0289764404296875
3801088,0.067657470703125
3817472,0.0177459716796875
3833856,0.026397705078125
3850240,0.0271148681640625
3866624,0.03521728515625
3883008,0.0350341796875
3899392,0.02069091796875
3915776,0.030242919921875
3932160,0.020111083984375
3948544,0.0413818359375
3964928,0.0310211181640625
3981312,0.0471649169921875
3997696,0.043548583984375
4014080,0.034820556640625
4030464,0.0276641845703125
4046848,0.05230712890625
4063232,0.024017333984375
4079616,0.043609619140625
4096000,0.03436279296875
4112384,0.03485107421875
4128768,0.0220184326171875
4145152,0.0369415283203125
4161536,0.0443267822265625
4177920,0.0199432373046875
4194304,0.0397491455078125
4210688,0.0467529296875
4227072,0.0142974853515625
4243456,0.0341339111328125
4259840,0.0185394287109375
4276224,0.0302581787109375
4292608,0.0222930908203125
4308992,0.0331573486328125
4325376,0.031097412109375
4341760,0.0260162353515625
4358144,0.01837158203125
4374528,0.030029296875
4390912,0.0215606689453125
4407296,0.02685546875
4423680,0.0292816162109375
4440064,0.0167236328125
4456448,0.03704833984375
4472832,0.0258026123046875
4489216,0.0200042724609375
4505600,0.023101806640625
4521984,0.016876220703125
4538368,0.0268096923828125
4554752,0.032135009765625
4571136,0.0161285400390625
4587520,0.03631591796875
4603904,0.0205230712890625
4620288,0.0226898193359375
4636672,0.0229644775390625
4653056,0.0171051025390625
4669440,0.027496337890625
4685824,0.0344085693359375
4702208,0.022796630859375
4718592,0.017333984375
4734976,0.0131072998046875
4751360,0.0157928466796875
4767744,0.0233306884765625
4784128,0.0159454345703125
4800512,0.02337646484375
4816896,0.0225677490234375
4833280,0.0113067626953125
4849664,0.01788330078125
4866048,0.02178955078125
4882432,0.0173187255859375
4898816,0.0071868896484375
4915200,0.015838623046875
4931584,0.0143280029296875
4947968,0.0107879638671875
4964352,0.019683837890625
4980736,0.0155487060546875
4997120,0.0166473388671875
5013504,0.021148681640625
5029888,0.013031005859375
5046272,0.0091705322265625
5062656,0.0185546875
5079040,0.0166778564453125
5095424,0.0142059326171875
5111808,0.0147857666015625
5128192,0.0105743408203125
5144576,0.01153564453125
5160960,0.0134735107421875
5177344,0.0160980224609375
5193728,0.015380859375
5210112,0.0156707763671875
5226496,0.017242431640625
5242880,0.0094757080078125
5259264,0.010589599609375
5275648,0.0122528076171875
5292032,0.0120086669921875
5308416,0.0108184814453125
5324800,0.02838134765625
5341184,0.0163421630859375
5357568,0.021575927734375
5373952,0.0127716064453125
5390336,0.020172119140625
5406720,0.018310546875
5423104,0.0129547119140625
5439488,0.018341064453125
5455872,0.02020263671875
5472256,0.0231475830078125
5488640,0.0133209228515625
5505024,0.01904296875
5521408,0.0136566162109375
5537792,0.015045166015625
5554176,0.0133514404296875
5570560,0.0140533447265625
5586944,0.0243377685546875
5603328,0.012298583984375
5619712,0.0184326171875
5636096,0.0122222900390625
5652480,0.0117340087890625
5668864,0.0126495361328125
5685248,0.018035888671875
5701632,0.0131378173828125
5718016,0.0142974853515625
5734400,0.0155792236328125
5750784,0.014129638671875
5767168,0.0141448974609375
5783552,0.011077880859375
5799936,0.009735107421875
5816320,0.017242431640625
5832704,0.0150146484375
5849088,0.01605224609375
5865472,0.0164947509765625
5881856,0.0100860595703125
5898240,0.0193023681640625
5914624,0.0127716064453125
5931008,0.0118408203125
5947392,0.01641845703125
5963776,0.0172119140625
5980160,0.0121917724609375
5996544,0.01983642578125
6012928,0.015838623046875
6029312,0.0128173828125
6045696,0.012115478515625
6062080,0.011383056640625
6078464,0.0098419189453125
6094848,0.01312255859375
6111232,0.011322021484375
6127616,0.0142364501953125
6144000,0.0087432861328125
6160384,0.014434814453125
6176768,0.0081939697265625
6193152,0.0108489990234375
6209536,0.0104217529296875
6225920,0.015869140625
6242304,0.007720947265625
6258688,0.015106201171875
6275072,0.009796142578125
6291456,0.0089569091796875
6307840,0.0078277587890625
6324224,0.0081024169921875
6340608,0.0074920654296875
6356992,0.011260986328125
6373376,0.0058441162109375
6389760,0.0083160400390625
6406144,0.007598876953125
6422528,0.009033203125
6438912,0.0064697265625
6455296,0.007965087890625
6471680,0.009185791015625
6488064,0.0124664306640625
6504448,0.0123138427734375
6520832,0.013397216796875
6537216,0.010223388671875
6553600,0.01031494140625
6569984,0.010223388671875
6586368,0.01214599609375
6602752,0.012603759765625
6619136,0.01019287109375
6635520,0.0118408203125
6651904,0.0141754150390625
6668288,0.01177978515625
6684672,0.010406494140625
6701056,0.0138702392578125
6717440,0.012176513671875
6733824,0.012481689453125
6750208,0.0139007568359375
6766592,0.010711669921875
6782976,0.00909423828125
6799360,0.0097503662109375
6815744,0.01171875
6832128,0.009124755859375
6848512,0.0081024169921875
6864896,0.0079803466796875
6881280,0.014678955078125
6897664,0.007965087890625
6914048,0.0088043212890625
6930432,0.00872802734375
6946816,0.0105438232421875
6963200,0.0091094970703125
6979584,0.0096588134765625
6995968,0.010345458984375
7012352,0.01116943359375
7028736,0.0096588134765625
7045120,0.0048828125
7061504,0.014068603515625
7077888,0.01263427734375
7094272,0.014312744140625
7110656,0.0107574462890625
7127040,0.009765625
7143424,0.007232666015625
7159808,0.011932373046875
7176192,0.008575439453125
7192576,0.0103912353515625
7208960,0.0091705322265625
7225344,0.0097503662109375
7241728,0.0086517333984375
7258112,0.0084991455078125
7274496,0.01458740234375
7290880,0.0082855224609375
7307264,0.006805419921875
7323648,0.0041046142578125
7340032,0.0065460205078125
7356416,0.015045166015625
7372800,0.015045166015625
7389184,0.0074005126953125
7405568,0.0106048583984375
7421952,0.007904052734375
7438336,0.0105743408203125
7454720,0.0127105712890625
7471104,0.008544921875
7487488,0.0154571533203125
7503872,0.01324462890625
7520256,0.0101470947265625
7536640,0.0074310302734375
7553024,0.0081787109375
7569408,0.0114898681640625
7585792,0.0079193115234375
7602176,0.0172119140625
7618560,0.008209228515625
7634944,0.00830078125
7651328,0.0089874267578125
7667712,0.0109100341796875
7684096,0.0102691650390625
7700480,0.0078887939453125
7716864,0.0102691650390625
7733248,0.0157012939453125
7749632,0.0122222900390625
7766016,0.0084686279296875
7782400,0.01226806640625
7798784,0.01043701171875
7815168,0.0150299072265625
7831552,0.0069427490234375
7847936,0.01385498046875
7864320,0.0137786865234375
7880704,0.0076141357421875
7897088,0.007232666015625
7913472,0.0074615478515625
7929856,0.005645751953125
7946240,0.0097503662109375
7962624,0.007720947265625
7979008,0.0063629150390625
7995392,0.0108795166015625
8011776,0.0063018798828125
8028160,0.0081634521484375
8044544,0.009490966796875
8060928,0.004791259765625
8077312,0.0070037841796875
8093696,0.0128021240234375
8110080,0.00567626953125
8126464,0.0075531005859375
8142848,0.0123748779296875
8159232,0.0088043212890625
8175616,0.010589599609375
8192000,0.00738525390625
8208384,0.007904052734375
8224768,0.0105743408203125
8241152,0.007293701171875
8257536,0.0085906982421875
8273920,0.0077972412109375
8290304,0.0071258544921875
8306688,0.0079498291015625
8323072,0.011077880859375
8339456,0.0070037841796875
8355840,0.0061492919921875
8372224,0.0075836181640625
8388608,0.009002685546875
8404992,0.0084075927734375
8421376,0.010986328125
8437760,0.016265869140625
8454144,0.013519287109375
8470528,0.00836181640625
8486912,0.00897216796875
8503296,0.0084686279296875
8519680,0.0052642822265625
8536064,0.0099334716796875
8552448,0.0090484619140625
8568832,0.0079193115234375
8585216,0.01153564453125
8601600,0.0147705078125
8617984,0.00628662109375
8634368,0.0068817138671875
8650752,0.0082244873046875
8667136,0.0137176513671875
8683520,0.0187225341796875
8699904,0.0117340087890625
8716288,0.01239013671875
8732672,0.0085296630859375
8749056,0.01171875
8765440,0.009002685546875
8781824,0.0150909423828125
8798208,0.017486572265625
8814592,0.0086669921875
8830976,0.0127105712890625
8847360,0.0117645263671875
8863744,0.0155181884765625
8880128,0.00994873046875
8896512,0.0064544677734375
8912896,0.00970458984375
8929280,0.0166168212890625
8945664,0.01141357421875
8962048,0.0138702392578125
8978432,0.0140533447265625
8994816,0.0074462890625
9011200,0.005645751953125
9027584,0.01202392578125
9043968,0.0155487060546875
9060352,0.0121002197265625
9076736,0.0118560791015625
9093120,0.0068206787109375
9109504,0.0078125
9125888,0.0153045654296875
9142272,0.010406494140625
9158656,0.0146331787109375
9175040,0.0168304443359375
9191424,0.009063720703125
9207808,0.0197296142578125
9224192,0.01470947265625
9240576,0.01409912109375
9256960,0.0148468017578125
9273344,0.0199127197265625
9289728,0.0174713134765625
9306112,0.017578125
9322496,0.0189361572265625
9338880,0.0204620361328125
9355264,0.01104736328125
9371648,0.0113372802734375
9388032,0.015380859375
9404416,0.018951416015625
9420800,0.017913818359375
9437184,0.0103759765625
9453568,0.0094146728515625
9469952,0.0097503662109375
9486336,0.013519287109375
9502720,0.011322021484375
9519104,0.020782470703125
9535488,0.0159149169921875
9551872,0.0124359130859375
9568256,0.0099639892578125
9584640,0.0145111083984375
9601024,0.015838623046875
9617408,0.0150909423828125
9633792,0.0139007568359375
9650176,0.022857666015625
9666560,0.014495849609375
9682944,0.0156097412109375
9699328,0.013702392578125
9715712,0.0188446044921875
9732096,0.01251220703125
9748480,0.021240234375
9764864,0.0190277099609375
9781248,0.0086212158203125
9797632,0.012420654296875
9814016,0.0161590576171875
9830400,0.0203399658203125
9846784,0.01641845703125
9863168,0.012420654296875
9879552,0.010986328125
9895936,0.0156097412109375
9912320,0.0206298828125
9928704,0.0138702392578125
9945088,0.00885009765625
9961472,0.008758544921875
9977856,0.0132598876953125
9994240,0.017730712890625
10010624,0.016754150390625
10027008,0.0146484375
10043392,0.0161895751953125
10059776,0.0132293701171875
10076160,0.0121917724609375
10092544,0.0169830322265625
10108928,0.0294342041015625
10125312,0.013092041015625
10141696,0.0140380859375
10158080,0.0134124755859375
10174464,0.0121917724609375
10190848,0.0130767822265625
10207232,0.0135955810546875
10223616,0.0117034912109375
10240000,0.010650634765625
10256384,0.0095977783203125
10272768,0.0139007568359375
10289152,0.0211639404296875
10305536,0.0089111328125
10321920,0.01263427734375
10338304,0.01165771484375
10354688,0.01934814453125
10371072,0.013214111328125
10387456,0.0137939453125
10403840,0.0165863037109375
10420224,0.01239013671875
10436608,0.0107574462890625
10452992,0.0091552734375
10469376,0.01519775390625
10485760,0.013153076171875
10502144,0.0145721435546875
10518528,0.016265869140625
10534912,0.0144500732421875
10551296,0.015777587890625
10567680,0.021697998046875
10584064,0.0113525390625
10600448,0.0123443603515625
10616832,0.0116424560546875
10633216,0.0097198486328125
10649600,0.01080322265625
10665984,0.0128173828125
10682368,0.012603759765625
10698752,0.0159912109375
10715136,0.0125885009765625
10731520,0.011077880859375
10747904,0.0089263916015625
10764288,0.01409912109375
10780672,0.0134429931640625
10797056,0.013214111328125
10813440,0.011993408203125
10829824,0.01239013671875
10846208,0.0099029541015625
10862592,0.0084686279296875
10878976,0.014495849609375
10895360,0.007232666015625
10911744,0.009490966796875
10928128,0.0086822509765625
10944512,0.0126495361328125
10960896,0.008056640625
10977280,0.00787353515625
10993664,0.0083160400390625
11010048,0.0083770751953125
11026432,0.00958251953125
11042816,0.011383056640625
11059200,0.0085906982421875
11075584,0.01019287109375
11091968,0.0108489990234375
11108352,0.013275146484375
11124736,0.008697509765625
11141120,0.0093231201171875
11157504,0.0100555419921875
11173888,0.00836181640625
11190272,0.0078277587890625
11206656,0.0090789794921875
11223040,0.012481689453125
11239424,0.0080413818359375
11255808,0.0102081298828125
11272192,0.0063934326171875
11288576,0.01092529296875
11304960,0.0135040283203125
11321344,0.015045166015625
11337728,0.009368896484375
11354112,0.01226806640625
11370496,0.0133819580078125
11386880,0.0127716064453125
11403264,0.017425537109375
11419648,0.0079803466796875
11436032,0.0086517333984375
11452416,0.01385498046875
11468800,0.0134735107421875
11485184,0.0130157470703125
11501568,0.01300048828125
11517952,0.01446533203125
11534336,0.008544921875
11550720,0.014373779296875
11567104,0.013946533203125
11583488,0.01910400390625
11599872,0.020263671875
11616256,0.02008056640625
11632640,0.0157928466796875
11649024,0.0175323486328125
11665408,0.0221099853515625
11681792,0.023101806640625
11698176,0.0147552490234375
11714560,0.0173797607421875
11730944,0.013031005859375
11747328,0.01397705078125
11763712,0.015777587890625
11780096,0.01812744140625
11796480,0.0161590576171875
11812864,0.012725830078125
11829248,0.0120849609375
11845632,0.0150604248046875
11862016,0.0084381103515625
11878400,0.0193634033203125
11894784,0.0087127685546875
11911168,0.01239013671875
11927552,0.024566650390625
11943936,0.0147552490234375
11960320,0.014495849609375
11976704,0.01373291015625
11993088,0.0081939697265625
12009472,0.0146942138671875
12025856,0.0172271728515625
12042240,0.0137176513671875
12058624,0.0117340087890625
12075008,0.00946044921875
12091392,0.0142364501953125
12107776,0.0140380859375
12124160,0.014312744140625
12140544,0.009124755859375
12156928,0.011871337890625
12173312,0.01715087890625
12189696,0.0157012939453125
12206080,0.013641357421875
12222464,0.0249176025390625
12238848,0.0085906982421875
12255232,0.0254364013671875
12271616,0.0154876708984375
12288000,0.013336181640625
12304384,0.0185394287109375
12320768,0.0196380615234375
12337152,0.0148162841796875
12353536,0.0140533447265625
12369920,0.0169525146484375
12386304,0.014923095703125
12402688,0.00970458984375
12419072,0.0125579833984375
12435456,0.0140228271484375
12451840,0.0183258056640625
12468224,0.013885498046875
12484608,0.018310546875
12500992,0.0129547119140625
12517376,0.0161590576171875
12533760,0.01885986328125
12550144,0.0190582275390625
12566528,0.012176513671875
12582912,0.0258331298828125
12599296,0.0147705078125
12615680,0.0182037353515625
12632064,0.024444580078125
12648448,0.0280914306640625
12664832,0.0144195556640625
12681216,0.020172119140625
12697600,0.0166015625
12713984,0.015777587890625
12730368,0.0172119140625
12746752,0.01806640625
12763136,0.0089874267578125
12779520,0.03033447265625
12795904,0.0255279541015625
12812288,0.0158233642578125
12828672,0.02581787109375
12845056,0.0218963623046875
12861440,0.0143280029296875
12877824,0.01385498046875
12894208,0.022003173828125
12910592,0.01190185546875
12926976,0.0224151611328125
12943360,0.018951416015625
12959744,0.0236053466796875
12976128,0.02496337890625
12992512,0.0189971923828125
13008896,0.0189666748046875
13025280,0.010467529296875
13041664,0.0139312744140625
13058048,0.0175323486328125
13074432,0.01080322265625
13090816,0.02081298828125
13107200,0.0139312744140625
13123584,0.0128936767578125
13139968,0.0106048583984375
13156352,0.014404296875
13172736,0.01690673828125
13189120,0.0155792236328125
13205504,0.0229034423828125
13221888,0.0111236572265625
13238272,0.0228424072265625
13254656,0.009765625
13271040,0.0225982666015625
13287424,0.0158843994140625
13303808,0.011810302734375
13320192,0.012847900390625
13336576,0.0118560791015625
13352960,0.013153076171875
13369344,0.021514892578125
13385728,0.01739501953125
13402112,0.0195770263671875
13418496,0.01788330078125
13434880,0.01385498046875
13451264,0.014373779296875
13467648,0.014801025390625
13484032,0.01763916015625
13500416,0.0134429931640625
13516800,0.011566162109375
13533184,0.0196990966796875
13549568,0.0157470703125
13565952,0.0178070068359375
13582336,0.0206146240234375
13598720,0.0109405517578125
13615104,0.013763427734375
13631488,0.0153961181640625
13647872,0.0106353759765625
13664256,0.01617431640625
13680640,0.0126495361328125
13697024,0.016204833984375
13713408,0.020538330078125
13729792,0.01043701171875
13746176,0.0179595947265625
13762560,0.0171356201171875
13778944,0.0101776123046875
13795328,0.016845703125
13811712,0.0085906982421875
13828096,0.0201263427734375
13844480,0.0205230712890625
13860864,0.0179595947265625
13877248,0.0115966796875
13893632,0.012481689453125
13910016,0.016693115234375
13926400,0.021820068359375
13942784,0.0123443603515625
13959168,0.0149993896484375
13975552,0.0150909423828125
13991936,0.018890380859375
14008320,0.0157623291015625
14024704,0.0166015625
14041088,0.01580810546875
14057472,0.02740478515625
14073856,0.019256591796875
14090240,0.03350830078125
14106624,0.01513671875
14123008,0.0272369384765625
14139392,0.010040283203125
14155776,0.0166778564453125
14172160,0.0151519775390625
14188544,0.016143798828125
14204928,0.0209197998046875
14221312,0.013458251953125
14237696,0.0153961181640625
14254080,0.0228118896484375
14270464,0.0163116455078125
14286848,0.0245513916015625
14303232,0.0211029052734375
14319616,0.0185699462890625
14336000,0.0120697021484375
14352384,0.0172119140625
14368768,0.024932861328125
14385152,0.0308380126953125
14401536,0.017913818359375
14417920,0.013275146484375
14434304,0.0208282470703125
14450688,0.0124969482421875
14467072,0.016082763671875
14483456,0.0186920166015625
14499840,0.0191497802734375
14516224,0.0139312744140625
14532608,0.013336181640625
14548992,0.0127716064453125
14565376,0.0203857421875
14581760,0.01544189453125
14598144,0.01654052734375
14614528,0.0250244140625
14630912,0.01116943359375
14647296,0.0230255126953125
14663680,0.01861572265625
14680064,0.02081298828125
14696448,0.0188446044921875
14712832,0.0201568603515625
14729216,0.01470947265625
14745600,0.0225067138671875
14761984,0.0234832763671875
14778368,0.0294342041015625
14794752,0.019073486328125
14811136,0.0143585205078125
14827520,0.02032470703125
14843904,0.0127105712890625
14860288,0.011810302734375
14876672,0.0103759765625
14893056,0.0182342529296875
14909440,0.00927734375
14925824,0.01434326171875
14942208,0.0152130126953125
14958592,0.011962890625
14974976,0.013916015625
14991360,0.0143280029296875
15007744,0.0111846923828125
15024128,0.0107421875
15040512,0.0078582763671875
15056896,0.0072174072265625
15073280,0.008697509765625
15089664,0.013519287109375
15106048,0.008697509765625
15122432,0.0098419189453125
15138816,0.009765625
15155200,0.01434326171875
15171584,0.0158538818359375
15187968,0.0146331787109375
15204352,0.0188446044921875
15220736,0.01080322265625
15237120,0.0161590576171875
15253504,0.0126953125
15269888,0.013458251953125
15286272,0.014404296875
15302656,0.01312255859375
15319040,0.0213470458984375
15335424,0.0213775634765625
15351808,0.02593994140625
15368192,0.0284271240234375
15384576,0.03155517578125
15400960,0.025421142578125
15417344,0.024627685546875
15433728,0.0218963623046875
15450112,0.01361083984375
15466496,0.028564453125
15482880,0.01708984375
15499264,0.0323638916015625
15515648,0.017822265625
15532032,0.0288543701171875
15548416,0.0188751220703125
15564800,0.0345306396484375
15581184,0.0194244384765625
15597568,0.02178955078125
15613952,0.02532958984375
15630336,0.020294189453125
15646720,0.0194091796875
15663104,0.025787353515625
15679488,0.02044677734375
15695872,0.0160369873046875
15712256,0.025604248046875
15728640,0.021148681640625
15745024,0.015655517578125
15761408,0.0235443115234375
15777792,0.0255584716796875
15794176,0.022705078125
15810560,0.025421142578125
15826944,0.018798828125
15843328,0.0201873779296875
15859712,0.0352325439453125
15876096,0.0304107666015625
15892480,0.0179290771484375
15908864,0.0188751220703125
15925248,0.0163116455078125
15941632,0.0232696533203125
15958016,0.02392578125
15974400,0.019561767578125
15990784,0.0236358642578125
16007168,0.019012451171875
16023552,0.0225372314453125
16039936,0.021331787109375
16056320,0.01885986328125
16072704,0.0262298583984375
16089088,0.0193939208984375
16105472,0.01947021484375
16121856,0.019500732421875
16138240,0.0197296142578125
16154624,0.01666259765625
16171008,0.0212249755859375
16187392,0.013031005859375
16203776,0.0105133056640625
16220160,0.0174560546875
16236544,0.024261474609375
16252928,0.016021728515625
16269312,0.0068817138671875
16285696,0.0174713134765625
16302080,0.0149383544921875
16318464,0.0260467529296875
16334848,0.010406494140625
16351232,0.0160980224609375
16367616,0.0173187255859375
16384000,0.0191650390625
16400384,0.016754150390625
16416768,0.0113067626953125
16433152,0.0157318115234375
16449536,0.0159759521484375
16465920,0.0073394775390625
16482304,0.00933837890625
16498688,0.0190277099609375
16515072,0.0208740234375
16531456,0.0201568603515625
16547840,0.01153564453125
16564224,0.015045166015625
16580608,0.018310546875
16596992,0.009979248046875
16613376,0.0143585205078125
16629760,0.0119476318359375
16646144,0.017669677734375
16662528,0.012054443359375
16678912,0.0120391845703125
16695296,0.0346221923828125
16711680,0.0139312744140625
16728064,0.0254974365234375
16744448,0.0256500244140625
16760832,0.0157623291015625
16777216,0.0243988037109375
16793600,0.019378662109375
16809984,0.0215911865234375
16826368,0.0190582275390625
16842752,0.012603759765625
16859136,0.014190673828125
16875520,0.0214080810546875
16891904,0.012298583984375
16908288,0.0125885009765625
16924672,0.0191497802734375
16941056,0.01605224609375
16957440,0.0168914794921875
16973824,0.013946533203125
16990208,0.009979248046875
17006592,0.0113983154296875
17022976,0.010650634765625
17039360,0.0128631591796875
17055744,0.017303466796875
17072128,0.014434814453125
17088512,0.013671875
17104896,0.0152130126953125
17121280,0.01422119140625
17137664,0.015106201171875
17154048,0.0175323486328125
17170432,0.0124359130859375
17186816,0.0082855224609375
17203200,0.01678466796875
17219584,0.0150299072265625
17235968,0.024444580078125
17252352,0.02618408203125
17268736,0.0140838623046875
17285120,0.013885498046875
17301504,0.0144500732421875
17317888,0.01568603515625
17334272,0.0209808349609375
17350656,0.019683837890625
17367040,0.024566650390625
17383424,0.0245513916015625
17399808,0.0137786865234375
17416192,0.017120361328125
17432576,0.015350341796875
17448960,0.0226593017578125
17465344,0.0153350830078125
17481728,0.0201873779296875
17498112,0.014434814453125
17514496,0.015472412109375
17530880,0.009979248046875
17547264,0.0138092041015625
17563648,0.015960693359375
17580032,0.018768310546875
17596416,0.0127105712890625
17612800,0.018280029296875
17629184,0.012115478515625
17645568,0.015838623046875
17661952,0.014984130859375
17678336,0.0136871337890625
17694720,0.0145416259765625
17711104,0.0160980224609375
17727488,0.009552001953125
17743872,0.0102996826171875
17760256,0.01617431640625
17776640,0.0159149169921875
17793024,0.0176544189453125
17809408,0.0213470458984375
17825792,0.0133056640625
17842176,0.019775390625
17858560,0.0132598876953125
17874944,0.011749267578125
17891328,0.0150604248046875
17907712,0.0167999267578125
17924096,0.015899658203125
17940480,0.0143585205078125
17956864,0.01495361328125
17973248,0.018280029296875
17989632,0.011260986328125
18006016,0.017913818359375
18022400,0.0218658447265625
18038784,0.0144195556640625
18055168,0.01654052734375
18071552,0.021484375
18087936,0.017822265625
18104320,0.022857666015625
18120704,0.0191497802734375
18137088,0.022491455078125
18153472,0.016693115234375
18169856,0.019134521484375
18186240,0.01544189453125
18202624,0.0145721435546875
18219008,0.0257110595703125
18235392,0.0111846923828125
18251776,0.020233154296875
18268160,0.0208892822265625
18284544,0.0172576904296875
18300928,0.017547607421875
18317312,0.0286102294921875
18333696,0.022125244140625
18350080,0.0207672119140625
18366464,0.0227508544921875
18382848,0.0171356201171875
18399232,0.0136260986328125
18415616,0.024383544921875
18432000,0.03076171875
18448384,0.0227508544921875
18464768,0.012176513671875
18481152,0.01019287109375
18497536,0.025726318359375
18513920,0.028289794921875
18530304,0.021240234375
18546688,0.019500732421875
18563072,0.018829345703125
18579456,0.0193023681640625
18595840,0.0281219482421875
18612224,0.01446533203125
18628608,0.0201568603515625
18644992,0.0277862548828125
18661376,0.0335693359375
18677760,0.0235137939453125
18694144,0.023406982421875
18710528,0.02545166015625
18726912,0.02325439453125
18743296,0.0205841064453125
18759680,0.03204345703125
18776064,0.0191802978515625
18792448,0.0285797119140625
18808832,0.0180206298828125
18825216,0.0297088623046875
18841600,0.0233612060546875
18857984,0.0255584716796875
18874368,0.0216522216796875
18890752,0.017974853515625
18907136,0.0351104736328125
18923520,0.020416259765625
18939904,0.034271240234375
18956288,0.0262908935546875
18972672,0.0210723876953125
18989056,0.016265869140625
19005440,0.0155029296875
19021824,0.016143798828125
19038208,0.017364501953125
19054592,0.026611328125
19070976,0.0275115966796875
19087360,0.028839111328125
19103744,0.0202178955078125
19120128,0.013336181640625
19136512,0.015533447265625
19152896,0.015350341796875
19169280,0.0230560302734375
19185664,0.0238189697265625
19202048,0.0153350830078125
19218432,0.0219268798828125
19234816,0.016571044921875
19251200,0.0192718505859375
19267584,0.022369384765625
19283968,0.0224151611328125
19300352,0.020843505859375
19316736,0.0294036865234375
19333120,0.01947021484375
19349504,0.0148162841796875
19365888,0.03131103515625
19382272,0.0215911865234375
19398656,0.0261077880859375
19415040,0.0228271484375
19431424,0.024932861328125
19447808,0.01898193359375
19464192,0.0184173583984375
19480576,0.0207366943359375
19496960,0.0240478515625
19513344,0.0215911865234375
19529728,0.0118408203125
19546112,0.0199432373046875
19562496,0.019805908203125
19578880,0.01971435546875
19595264,0.015289306640625
19611648,0.01702880859375
19628032,0.021453857421875
19644416,0.015167236328125
19660800,0.0334625244140625
19677184,0.0247650146484375
19693568,0.0256500244140625
19709952,0.0202484130859375
19726336,0.0261077880859375
19742720,0.020050048828125
19759104,0.0205535888671875
19775488,0.0202484130859375
19791872,0.0242462158203125
19808256,0.023101806640625
19824640,0.0139007568359375
19841024,0.0240631103515625
19857408,0.0247802734375
19873792,0.026947021484375
19890176,0.0156097412109375
19906560,0.0201416015625
19922944,0.01544189453125
19939328,0.0292816162109375
19955712,0.0167388916015625
19972096,0.0257568359375
19988480,0.0156097412109375
20004864,0.020233154296875
20021248,0.017730712890625
20037632,0.0171966552734375
20054016,0.0174560546875
20070400,0.016693115234375
20086784,0.016815185546875
20103168,0.0135040283203125
20119552,0.01837158203125
20135936,0.01727294921875
20152320,0.0196685791015625
20168704,0.0216064453125
20185088,0.0230255126953125
20201472,0.0149993896484375
20217856,0.0183563232421875
20234240,0.0124053955078125
20250624,0.0118255615234375
20267008,0.0171966552734375
20283392,0.01568603515625
20299776,0.0161590576171875
20316160,0.019287109375
20332544,0.0205535888671875
20348928,0.0206451416015625
20365312,0.0169525146484375
20381696,0.0174102783203125
20398080,0.01519775390625
20414464,0.030517578125
20430848,0.0169525146484375
20447232,0.0160980224609375
20463616,0.01849365234375
20480000,0.0178375244140625
20496384,0.0237884521484375
20512768,0.0238494873046875
20529152,0.0167388916015625
20545536,0.01422119140625
20561920,0.017608642578125
20578304,0.01446533203125
20594688,0.0190277099609375
20611072,0.023651123046875
20627456,0.034759521484375
20643840,0.013031005859375
20660224,0.0262298583984375
20676608,0.0187225341796875
20692992,0.0153656005859375
20709376,0.0139617919921875
20725760,0.0291290283203125
20742144,0.0178985595703125
20758528,0.01422119140625
20774912,0.029083251953125
20791296,0.0180816650390625
20807680,0.0222625732421875
20824064,0.0196533203125
20840448,0.013092041015625
20856832,0.0177001953125
20873216,0.01953125
20889600,0.023681640625
20905984,0.015655517578125
20922368,0.0157470703125
20938752,0.0242462158203125
20955136,0.02618408203125
20971520,0.0195770263671875
20987904,0.0176849365234375
21004288,0.015625
21020672,0.02288818359375
21037056,0.0146942138671875
21053440,0.0182952880859375
21069824,0.0191497802734375
21086208,0.01849365234375
21102592,0.02264404296875
21118976,0.021636962890625
21135360,0.02410888671875
21151744,0.0145111083984375
21168128,0.0157318115234375
21184512,0.0160369873046875
21200896,0.019561767578125
21217280,0.018096923828125
21233664,0.0164947509765625
21250048,0.01593017578125
21266432,0.014129638671875
21282816,0.0168304443359375
21299200,0.0144195556640625
21315584,0.0178985595703125
21331968,0.01556396484375
21348352,0.009185791015625
21364736,0.020355224609375
21381120,0.0181121826171875
21397504,0.0233612060546875
21413888,0.01531982421875
21430272,0.0210418701171875
21446656,0.0377655029296875
21463040,0.013336181640625
21479424,0.0185699462890625
21495808,0.0122833251953125
21512192,0.0231475830078125
21528576,0.025482177734375
21544960,0.02001953125
21561344,0.014678955078125
21577728,0.01605224609375
21594112,0.017333984375
21610496,0.017669677734375
21626880,0.0246124267578125
21643264,0.009307861328125
21659648,0.0194854736328125
21676032,0.014312744140625
21692416,0.014617919921875
21708800,0.0210113525390625
21725184,0.017608642578125
21741568,0.017974853515625
21757952,0.011871337890625
21774336,0.024200439453125
21790720,0.0179443359375
21807104,0.0160369873046875
21823488,0.0131378173828125
21839872,0.00628662109375
21856256,0.0113525390625
21872640,0.014892578125
21889024,0.0146331787109375
21905408,0.0193328857421875
21921792,0.013916015625
21938176,0.0124664306640625
21954560,0.0216522216796875
21970944,0.01129150390625
21987328,0.0185089111328125
22003712,0.0134429931640625
22020096,0.019683837890625
22036480,0.016876220703125
22052864,0.0096588134765625
22069248,0.0238800048828125
22085632,0.01666259765625
22102016,0.0184173583984375
22118400,0.0117034912109375
22134784,0.0153350830078125
22151168,0.014923095703125
22167552,0.0198516845703125
22183936,0.009124755859375
22200320,0.0134124755859375
22216704,0.0164642333984375
22233088,0.017913818359375
22249472,0.021331787109375
22265856,0.017364501953125
22282240,0.010009765625
22298624,0.02008056640625
22315008,0.0140228271484375
22331392,0.0146026611328125
22347776,0.0174102783203125
22364160,0.0119781494140625
22380544,0.0097503662109375
22396928,0.0238800048828125
22413312,0.0144195556640625
22429696,0.0115966796875
22446080,0.01666259765625
22462464,0.011199951171875
22478848,0.0127105712890625
22495232,0.012420654296875
22511616,0.01251220703125
22528000,0.0174560546875
22544384,0.008941650390625
22560768,0.0094146728515625
22577152,0.015045166015625
22593536,0.0153656005859375
22609920,0.0118255615234375
22626304,0.013336181640625
22642688,0.0179595947265625
22659072,0.0141754150390625
22675456,0.0130462646484375
22691840,0.0169219970703125
22708224,0.010467529296875
22724608,0.0222625732421875
22740992,0.0120849609375
22757376,0.0202484130859375
22773760,0.0137939453125
22790144,0.0130615234375
22806528,0.0128936767578125
22822912,0.0164947509765625
22839296,0.0156402587890625
22855680,0.013671875
22872064,0.011383056640625
22888448,0.0180206298828125
22904832,0.0077056884765625
22921216,0.0093994140625
22937600,0.0098724365234375
22953984,0.010833740234375
22970368,0.012359619140625
22986752,0.0087890625
23003136,0.0146484375
23019520,0.01226806640625
23035904,0.0220489501953125
23052288,0.0153045654296875
23068672,0.0160980224609375
23085056,0.0166778564453125
23101440,0.0128631591796875
23117824,0.0078125
23134208,0.0185089111328125
23150592,0.0109710693359375
23166976,0.0082855224609375
23183360,0.0089874267578125
23199744,0.0175628662109375
23216128,0.0102081298828125
23232512,0.0103912353515625
23248896,0.01458740234375
23265280,0.0098419189453125
23281664,0.016387939453125
23298048,0.0214996337890625
23314432,0.020355224609375
23330816,0.0211334228515625
23347200,0.0102691650390625
23363584,0.017913818359375
23379968,0.01495361328125
23396352,0.0088043212890625
23412736,0.0200042724609375
23429120,0.0098419189453125
23445504,0.0201568603515625
23461888,0.012115478515625
23478272,0.013671875
23494656,0.010833740234375
23511040,0.014862060546875
23527424,0.0098419189453125
23543808,0.009490966796875
23560192,0.0118255615234375
23576576,0.015228271484375
23592960,0.0131378173828125
23609344,0.009368896484375
23625728,0.0089111328125
23642112,0.0099945068359375
23658496,0.0158843994140625
23674880,0.0106353759765625
23691264,0.014678955078125
23707648,0.0147247314453125
23724032,0.0077667236328125
23740416,0.0096282958984375
23756800,0.013671875
23773184,0.0130615234375
23789568,0.006988525390625
23805952,0.015106201171875
23822336,0.01507568359375
23838720,0.013946533203125
23855104,0.013946533203125
23871488,0.0181732177734375
23887872,0.01263427734375
23904256,0.00994873046875
23920640,0.012054443359375
23937024,0.012298583984375
23953408,0.0139617919921875
23969792,0.014434814453125
23986176,0.014373779296875
24002560,0.022491455078125
24018944,0.0129852294921875
24035328,0.015533447265625
24051712,0.0087738037109375
24068096,0.013671875
24084480,0.012725830078125
24100864,0.0160980224609375
24117248,0.014923095703125
24133632,0.016754150390625
24150016,0.0175018310546875
24166400,0.01190185546875
24182784,0.0174102783203125
24199168,0.0182952880859375
24215552,0.01409912109375
24231936,0.0148773193359375
24248320,0.015106201171875
24264704,0.0198822021484375
24281088,0.019287109375
24297472,0.024505615234375
24313856,0.0166778564453125
24330240,0.0131988525390625
24346624,0.0125885009765625
24363008,0.01824951171875
24379392,0.0129852294921875
24395776,0.01605224609375
24412160,0.0172576904296875
24428544,0.0143585205078125
24444928,0.0156402587890625
24461312,0.019195556640625
24477696,0.027435302734375
24494080,0.02252197265625
24510464,0.02020263671875
24526848,0.019317626953125
24543232,0.013336181640625
24559616,0.0296478271484375
24576000,0.020416259765625
24592384,0.020050048828125
24608768,0.0190887451171875
24625152,0.01385498046875
24641536,0.012481689453125
24657920,0.01739501953125
24674304,0.0145416259765625
24690688,0.01220703125
24707072,0.014801025390625
24723456,0.0129241943359375
24739840,0.019775390625
24756224,0.0259552001953125
24772608,0.0165863037109375
24788992,0.01898193359375
24805376,0.015594482421875
24821760,0.012908935546875
24838144,0.0120697021484375
24854528,0.0148162841796875
24870912,0.0161590576171875
24887296,0.012115478515625
24903680,0.011993408203125
24920064,0.013580322265625
24936448,0.0170745849609375
24952832,0.02020263671875
24969216,0.0116729736328125
24985600,0.0168609619140625
25001984,0.0140533447265625
25018368,0.0089263916015625
25034752,0.01275634765625
25051136,0.018096923828125
25067520,0.0089111328125
25083904,0.0150146484375
25100288,0.015167236328125
25116672,0.01214599609375
25133056,0.0214385986328125
25149440,0.01104736328125
25165824,0.0239410400390625
25182208,0.011871337890625
25198592,0.0218353271484375
25214976,0.01251220703125
25231360,0.0179901123046875
25247744,0.0185089111328125
25264128,0.01318359375
25280512,0.016265869140625
25296896,0.024932861328125
25313280,0.01422119140625
25329664,0.0177764892578125
25346048,0.02093505859375
25362432,0.0204925537109375
25378816,0.0251922607421875
25395200,0.0184478759765625
25411584,0.016204833984375
25427968,0.013092041015625
25444352,0.0231781005859375
25460736,0.0099945068359375
25477120,0.0172271728515625
25493504,0.016754150390625
25509888,0.024383544921875
25526272,0.0143585205078125
25542656,0.0164947509765625
25559040,0.028900146484375
25575424,0.0203094482421875
25591808,0.0183258056640625
25608192,0.019195556640625
25624576,0.0121612548828125
25640960,0.026031494140625
25657344,0.01263427734375
25673728,0.0118865966796875
25690112,0.01544189453125
25706496,0.014556884765625
25722880,0.0247344970703125
25739264,0.0146636962890625
25755648,0.017913818359375
25772032,0.00994873046875
25788416,0.0123138427734375
25804800,0.012603759765625
25821184,0.0108795166015625
25837568,0.019256591796875
25853952,0.01318359375
25870336,0.0142059326171875
25886720,0.01507568359375
25903104,0.0144195556640625
25919488,0.017547607421875
25935872,0.0137786865234375
25952256,0.0262298583984375
25968640,0.015777587890625
25985024,0.0223541259765625
26001408,0.01611328125
26017792,0.0214385986328125
26034176,0.013916015625
26050560,0.02264404296875
26066944,0.01519775390625
26083328,0.0114593505859375
26099712,0.011322021484375
26116096,0.010101318359375
26132480,0.01409912109375
26148864,0.0152435302734375
26165248,0.0132293701171875
26181632,0.0189666748046875
26198016,0.0091552734375
26214400,0.01190185546875
26230784,0.0126495361328125
26247168,0.01422119140625
26263552,0.0196990966796875
26279936,0.0144500732421875
26296320,0.013916015625
26312704,0.01409912109375
26329088,0.0154571533203125
26345472,0.0077972412109375
26361856,0.01263427734375
26378240,0.012969970703125
26394624,0.0130767822265625
26411008,0.0113372802734375
26427392,0.0095062255859375
26443776,0.014617919921875
26460160,0.0073089599609375
26476544,0.0105743408203125
26492928,0.011932373046875
26509312,0.013397216796875
26525696,0.0157928466796875
26542080,0.0162353515625
26558464,0.0103912353515625
26574848,0.0137481689453125
26591232,0.0143890380859375
26607616,0.020263671875
26624000,0.0131378173828125
26640384,0.0105743408203125
26656768,0.0116119384765625
26673152,0.01837158203125
26689536,0.011383056640625
26705920,0.01287841796875
26722304,0.015289306640625
26738688,0.0156707763671875
26755072,0.0110015869140625
26771456,0.02093505859375
26787840,0.015625
26804224,0.015472412109375
26820608,0.0208740234375
26836992,0.013824462890625
26853376,0.019195556640625
26869760,0.0163116455078125
26886144,0.0113983154296875
26902528,0.0171356201171875
26918912,0.0127105712890625
26935296,0.02154541015625
26951680,0.0244140625
26968064,0.008880615234375
26984448,0.01495361328125
27000832,0.01220703125
27017216,0.016204833984375
27033600,0.014984130859375
27049984,0.017822265625
27066368,0.0133514404296875
27082752,0.0144500732421875
27099136,0.01885986328125
27115520,0.00994873046875
27131904,0.014190673828125
27148288,0.013885498046875
27164672,0.0104217529296875
27181056,0.0255126953125
27197440,0.020355224609375
27213824,0.0120697021484375
27230208,0.015777587890625
27246592,0.01568603515625
27262976,0.012359619140625
27279360,0.01861572265625
27295744,0.0104827880859375
27312128,0.0118408203125
27328512,0.017669677734375
27344896,0.0133056640625
27361280,0.0078277587890625
27377664,0.018310546875
27394048,0.02227783203125
27410432,0.013946533203125
27426816,0.0130767822265625
27443200,0.0105133056640625
27459584,0.01605224609375
27475968,0.02386474609375
27492352,0.0219573974609375
27508736,0.01263427734375
27525120,0.0191650390625
27541504,0.0162353515625
27557888,0.015899658203125
27574272,0.013916015625
27590656,0.01544189453125
27607040,0.0296173095703125
27623424,0.0168914794921875
27639808,0.0157318115234375
27656192,0.01556396484375
27672576,0.0138092041015625
27688960,0.0102691650390625
27705344,0.015960693359375
27721728,0.0131072998046875
27738112,0.0129241943359375
27754496,0.0190582275390625
27770880,0.016937255859375
27787264,0.0149688720703125
27803648,0.023406982421875
27820032,0.024627685546875
27836416,0.0175933837890625
27852800,0.0186920166015625
27869184,0.0167236328125
27885568,0.0157623291015625
27901952,0.0099029541015625
27918336,0.019866943359375
27934720,0.0184173583984375
27951104,0.027557373046875
27967488,0.0091094970703125
27983872,0.0185699462890625
28000256,0.0152587890625
28016640,0.010772705078125
28033024,0.0146484375
28049408,0.02301025390625
28065792,0.0224609375
28082176,0.0161590576171875
28098560,0.0234527587890625
28114944,0.023529052734375
28131328,0.023193359375
28147712,0.01666259765625
28164096,0.01153564453125
28180480,0.0191497802734375
28196864,0.017730712890625
28213248,0.0193634033203125
28229632,0.018890380859375
28246016,0.0127410888671875
28262400,0.0233612060546875
28278784,0.0164642333984375
28295168,0.0239715576171875
28311552,0.0195770263671875
28327936,0.025238037109375
28344320,0.0186309814453125
28360704,0.0149688720703125
28377088,0.0252838134765625
28393472,0.0164031982421875
28409856,0.017486572265625
28426240,0.0218963623046875
28442624,0.019927978515625
28459008,0.0264434814453125
28475392,0.0197906494140625
28491776,0.0294036865234375
28508160,0.01971435546875
28524544,0.016143798828125
28540928,0.018524169921875
28557312,0.0283355712890625
28573696,0.018798828125
28590080,0.0239410400390625
28606464,0.0186767578125
28622848,0.0176239013671875
28639232,0.0151824951171875
28655616,0.0203704833984375
28672000,0.0225372314453125
28688384,0.024505615234375
28704768,0.0276336669921875
28721152,0.0255126953125
28737536,0.0230865478515625
28753920,0.0249481201171875
28770304,0.0231170654296875
28786688,0.0206298828125
28803072,0.0268096923828125
28819456,0.0231781005859375
28835840,0.0231475830078125
28852224,0.018798828125
28868608,0.0198516845703125
28884992,0.0243377685546875
28901376,0.021881103515625
28917760,0.026519775390625
28934144,0.0246429443359375
28950528,0.0227813720703125
28966912,0.01959228515625
28983296,0.0188446044921875
28999680,0.02520751953125
29016064,0.0280609130859375
29032448,0.0210418701171875
29048832,0.0225830078125
29065216,0.022735595703125
29081600,0.0243377685546875
29097984,0.02471923828125
29114368,0.0172271728515625
29130752,0.019866943359375
29147136,0.019866943359375
29163520,0.021514892578125
29179904,0.0148468017578125
29196288,0.020263671875
29212672,0.0218505859375
29229056,0.015869140625
29245440,0.020050048828125
29261824,0.031280517578125
29278208,0.0299530029296875
29294592,0.0267486572265625
29310976,0.038330078125
29327360,0.019500732421875
29343744,0.0232696533203125
29360128,0.0206298828125
29376512,0.0232086181640625
29392896,0.024505615234375
29409280,0.0199432373046875
29425664,0.0150299072265625
29442048,0.0219268798828125
29458432,0.0414886474609375
29474816,0.023193359375
29491200,0.0166473388671875
29507584,0.0219268798828125
29523968,0.018402099609375
29540352,0.0187530517578125
29556736,0.0149993896484375
29573120,0.0150146484375
29589504,0.0184478759765625
29605888,0.021270751953125
29622272,0.02410888671875
29638656,0.0157318115234375
29655040,0.0299072265625
29671424,0.0300140380859375
29687808,0.0281524658203125
29704192,0.017333984375
29720576,0.017669677734375
29736960,0.02569580078125
29753344,0.018096923828125
29769728,0.037017822265625
29786112,0.026275634765625
29802496,0.0167236328125
29818880,0.0137481689453125
29835264,0.023345947265625
29851648,0.0342864990234375
29868032,0.0222015380859375
29884416,0.0168609619140625
29900800,0.0197296142578125
29917184,0.0250091552734375
29933568,0.026275634765625
29949952,0.028564453125
29966336,0.029083251953125
29982720,0.0187225341796875
29999104,0.02288818359375
30015488,0.023284912109375
30031872,0.0228424072265625
30048256,0.026611328125
30064640,0.0203704833984375
30081024,0.023773193359375
30097408,0.020660400390625
30113792,0.0249786376953125
30130176,0.030487060546875
30146560,0.0150604248046875
30162944,0.0182952880859375
30179328,0.0258026123046875
30195712,0.0238037109375
30212096,0.0284881591796875
30228480,0.0143890380859375
30244864,0.0179443359375
30261248,0.022003173828125
30277632,0.0233001708984375
30294016,0.0178375244140625
30310400,0.025421142578125
30326784,0.0255584716796875
30343168,0.0258636474609375
30359552,0.01519775390625
30375936,0.0172882080078125
30392320,0.017303466796875
30408704,0.0230712890625
30425088,0.0168914794921875
30441472,0.018768310546875
30457856,0.021148681640625
30474240,0.0208587646484375
30490624,0.01629638671875
30507008,0.028350830078125
30523392,0.0153045654296875
30539776,0.0301666259765625
30556160,0.01544189453125
30572544,0.0142364501953125
30588928,0.018341064453125
30605312,0.0181427001953125
30621696,0.0205078125
30638080,0.0188446044921875
30654464,0.0175323486328125
30670848,0.02545166015625
30687232,0.013763427734375
30703616,0.0211639404296875
30720000,0.01971435546875
30736384,0.0218048095703125
30752768,0.0116119384765625
30769152,0.01348876953125
30785536,0.017425537109375
30801920,0.0142364501953125
30818304,0.012176513671875
30834688,0.020050048828125
30851072,0.0216217041015625
30867456,0.0111083984375
30883840,0.0152435302734375
30900224,0.018585205078125
30916608,0.014556884765625
30932992,0.0150299072265625
30949376,0.017333984375
30965760,0.022674560546875
30982144,0.02423095703125
30998528,0.02215576171875
31014912,0.017578125
31031296,0.0176239013671875
31047680,0.0226593017578125
31064064,0.0193939208984375
31080448,0.0190582275390625
31096832,0.0142974853515625
31113216,0.0145263671875
31129600,0.0213623046875
31145984,0.017059326171875
31162368,0.02093505859375
31178752,0.0208587646484375
31195136,0.0205230712890625
31211520,0.0235443115234375
31227904,0.018218994140625
31244288,0.017822265625
31260672,0.015167236328125
31277056,0.0182952880859375
31293440,0.0175323486328125
31309824,0.015106201171875
31326208,0.0211334228515625
31342592,0.021453857421875
31358976,0.0190582275390625
31375360,0.0291290283203125
31391744,0.0250701904296875
31408128,0.0171966552734375
31424512,0.0187225341796875
31440896,0.025421142578125
31457280,0.0182342529296875
31473664,0.0264739990234375
31490048,0.01824951171875
31506432,0.0230255126953125
31522816,0.02117919921875
31539200,0.0211639404296875
31555584,0.0157928466796875
31571968,0.01702880859375
31588352,0.0211029052734375
31604736,0.016357421875
31621120,0.0225982666015625
31637504,0.0167083740234375
31653888,0.02264404296875
31670272,0.01904296875
31686656,0.0151824951171875
31703040,0.0179443359375
31719424,0.02392578125
31735808,0.014892578125
31752192,0.0240936279296875
31768576,0.01953125
31784960,0.022613525390625
31801344,0.01727294921875
31817728,0.019989013671875
31834112,0.01837158203125
31850496,0.0118255615234375
31866880,0.027191162109375
31883264,0.0186309814453125
31899648,0.02069091796875
31916032,0.018951416015625
31932416,0.020294189453125
31948800,0.0280303955078125
31965184,0.0230712890625
31981568,0.021484375
31997952,0.0235443115234375
32014336,0.022064208984375
32030720,0.0242767333984375
32047104,0.025177001953125
32063488,0.023712158203125
32079872,0.0226287841796875
32096256,0.0190582275390625
32112640,0.0222320556640625
32129024,0.0149993896484375
32145408,0.0216064453125
32161792,0.0131683349609375
32178176,0.01544189453125
32194560,0.0264892578125
32210944,0.0268096923828125
32227328,0.02606201171875
32243712,0.0272369384765625
32260096,0.0206298828125
32276480,0.0261993408203125
32292864,0.0167236328125
32309248,0.0191497802734375
32325632,0.031890869140625
32342016,0.017486572265625
32358400,0.03375244140625
32374784,0.024749755859375
32391168,0.0124053955078125
32407552,0.0208892822265625
32423936,0.013824462890625
32440320,0.0186614990234375
32456704,0.0382537841796875
32473088,0.0242919921875
32489472,0.0135345458984375
32505856,0.016632080078125
32522240,0.0162811279296875
32538624,0.008880615234375
32555008,0.01104736328125
32571392,0.0296630859375
32587776,0.0148773193359375
32604160,0.0177459716796875
32620544,0.01611328125
32636928,0.0283050537109375
32653312,0.027496337890625
32669696,0.0173187255859375
32686080,0.0181121826171875
32702464,0.0196685791015625
32718848,0.0209197998046875
32735232,0.01483154296875
32751616,0.01580810546875
32768000,0.018524169921875
32784384,0.0205841064453125
32800768,0.017913818359375
32817152,0.02001953125
32833536,0.0190582275390625
32849920,0.0157470703125
32866304,0.0189971923828125
32882688,0.0217437744140625
32899072,0.0187530517578125
32915456,0.0223541259765625
32931840,0.0182952880859375
32948224,0.0164947509765625
32964608,0.015655517578125
32980992,0.0184478759765625
32997376,0.017333984375
33013760,0.0212249755859375
33030144,0.020294189453125
33046528,0.0211639404296875
33062912,0.01531982421875
33079296,0.014678955078125
33095680,0.024078369140625
33112064,0.01849365234375
33128448,0.0213623046875
33144832,0.023193359375
33161216,0.0251312255859375
33177600,0.0199432373046875
33193984,0.015106201171875
33210368,0.0217742919921875
33226752,0.02142333984375
33243136,0.022186279296875
33259520,0.02044677734375
33275904,0.017486572265625
33292288,0.0112762451171875
33308672,0.0175628662109375
33325056,0.0202789306640625
33341440,0.0216522216796875
33357824,0.019012451171875
33374208,0.024383544921875
33390592,0.0185394287109375
33406976,0.015167236328125
33423360,0.0231170654296875
33439744,0.0218963623046875
33456128,0.0209503173828125
33472512,0.0173187255859375
33488896,0.02032470703125
33505280,0.0146484375
33521664,0.017578125
33538048,0.0221099853515625
33554432,0.0229644775390625
33570816,0.02349853515625
33587200,0.0111236572265625
33603584,0.0178985595703125
33619968,0.013031005859375
33636352,0.02362060546875
33652736,0.022186279296875
33669120,0.01641845703125
33685504,0.0139312744140625
33701888,0.0317535400390625
33718272,0.0184173583984375
33734656,0.018951416015625
33751040,0.01336669921875
33767424,0.010986328125
33783808,0.01654052734375
33800192,0.0328369140625
33816576,0.0166473388671875
33832960,0.0251922607421875
33849344,0.0178680419921875
33865728,0.0188140869140625
33882112,0.0141754150390625
33898496,0.027862548828125
33914880,0.0172271728515625
33931264,0.0163726806640625
33947648,0.0176849365234375
33964032,0.021026611328125
33980416,0.0189666748046875
33996800,0.02215576171875
34013184,0.0190277099609375
34029568,0.0128326416015625
34045952,0.0159759521484375
34062336,0.021942138671875
34078720,0.022430419921875
34095104,0.0179443359375
34111488,0.0149993896484375
34127872,0.0269775390625
34144256,0.027984619140625
34160640,0.01715087890625
34177024,0.015716552734375
34193408,0.013702392578125
34209792,0.0155181884765625
34226176,0.016815185546875
34242560,0.0227508544921875
34258944,0.019683837890625
34275328,0.0165557861328125
34291712,0.0260467529296875
34308096,0.0172271728515625
34324480,0.0267791748046875
34340864,0.0243377685546875
34357248,0.0279083251953125
34373632,0.0213775634765625
34390016,0.020782470703125
34406400,0.0267181396484375
34422784,0.02093505859375
34439168,0.0210723876953125
34455552,0.018798828125
34471936,0.020477294921875
34488320,0.023834228515625
34504704,0.009979248046875
34521088,0.0184326171875
34537472,0.03125
34553856,0.033050537109375
34570240,0.0170745849609375
34586624,0.016571044921875
34603008,0.030426025390625
34619392,0.017974853515625
34635776,0.01727294921875
34652160,0.0220947265625
34668544,0.0246124267578125
34684928,0.02008056640625
34701312,0.0189361572265625
34717696,0.024932861328125
34734080,0.02313232421875
34750464,0.0167388916015625
34766848,0.01568603515625
34783232,0.0217742919921875
34799616,0.0258636474609375
34816000,0.020416259765625
34832384,0.0185699462890625
34848768,0.026031494140625
34865152,0.033935546875
34881536,0.0174102783203125
34897920,0.0281524658203125
34914304,0.0150299072265625
34930688,0.012664794921875
34947072,0.0186614990234375
34963456,0.0299835205078125
34979840,0.01214599609375
34996224,0.0220794677734375
35012608,0.0122528076171875
35028992,0.0196075439453125
35045376,0.0135498046875
35061760,0.01922607421875
35078144,0.0254058837890625
35094528,0.013092041015625
35110912,0.0120849609375
35127296,0.0106201171875
35143680,0.0161590576171875
35160064,0.0135955810546875
35176448,0.0136260986328125
35192832,0.0147705078125
35209216,0.0188751220703125
35225600,0.01788330078125
35241984,0.0171356201171875
35258368,0.0165557861328125
35274752,0.0110015869140625
35291136,0.0145111083984375
35307520,0.008331298828125
35323904,0.01568603515625
35340288,0.0088958740234375
35356672,0.0146331787109375
35373056,0.0128631591796875
35389440,0.0118865966796875
35405824,0.00970458984375
35422208,0.009490966796875
35438592,0.01910400390625
35454976,0.01861572265625
35471360,0.0115966796875
35487744,0.01275634765625
35504128,0.0143280029296875
35520512,0.0072784423828125
35536896,0.009674072265625
35553280,0.0101470947265625
35569664,0.0069427490234375
35586048,0.0128021240234375
35602432,0.0128173828125
35618816,0.016326904296875
35635200,0.0103759765625
35651584,0.010406494140625
35667968,0.0109405517578125
35684352,0.0113067626953125
35700736,0.0118255615234375
35717120,0.007293701171875
35733504,0.0097198486328125
35749888,0.008697509765625
35766272,0.0119171142578125
35782656,0.00958251953125
35799040,0.0060882568359375
35815424,0.009613037109375
35831808,0.01055908203125
35848192,0.0060272216796875
35864576,0.0103302001953125
35880960,0.008392333984375
35897344,0.006591796875
35913728,0.0113677978515625
35930112,0.0062103271484375
35946496,0.0122222900390625
35962880,0.008880615234375
35979264,0.009552001953125
35995648,0.00927734375
36012032,0.011260986328125
36028416,0.0178070068359375
36044800,0.00885009765625
36061184,0.0101165771484375
36077568,0.0101470947265625
36093952,0.01312255859375
36110336,0.015228271484375
36126720,0.026214599609375
36143104,0.010986328125
36159488,0.0102386474609375
36175872,0.013580322265625
36192256,0.0122833251953125
36208640,0.01702880859375
36225024,0.019989013671875
36241408,0.0095367431640625
36257792,0.02044677734375
36274176,0.023406982421875
36290560,0.026031494140625
36306944,0.0136260986328125
36323328,0.0196075439453125
36339712,0.022552490234375
36356096,0.018829345703125
36372480,0.01483154296875
36388864,0.01025390625
36405248,0.0213470458984375
36421632,0.015045166015625
36438016,0.0194549560546875
36454400,0.0132598876953125
36470784,0.0142059326171875
36487168,0.022796630859375
36503552,0.0152587890625
36519936,0.019622802734375
36536320,0.0398101806640625
36552704,0.0191497802734375
36569088,0.0231475830078125
36585472,0.018829345703125
36601856,0.0264434814453125
36618240,0.0217742919921875
36634624,0.0252838134765625
36651008,0.0236358642578125
36667392,0.0132598876953125
36683776,0.0187835693359375
36700160,0.03009033203125
36716544,0.021636962890625
36732928,0.0233001708984375
36749312,0.01922607421875
36765696,0.023223876953125
36782080,0.0109405517578125
36798464,0.0138702392578125
36814848,0.0180206298828125
36831232,0.0261383056640625
36847616,0.0177154541015625
36864000,0.0137786865234375
36880384,0.0169830322265625
36896768,0.0156707763671875
36913152,0.0176544189453125
36929536,0.016265869140625
36945920,0.0127716064453125
36962304,0.0196990966796875
36978688,0.018798828125
36995072,0.022674560546875
37011456,0.027679443359375
37027840,0.0123138427734375
37044224,0.018951416015625
37060608,0.013641357421875
37076992,0.0172119140625
37093376,0.0246124267578125
37109760,0.009735107421875
37126144,0.0163421630859375
37142528,0.02496337890625
37158912,0.0177001953125
37175296,0.0196990966796875
37191680,0.0218353271484375
37208064,0.021728515625
37224448,0.0139312744140625
37240832,0.0182342529296875
37257216,0.023468017578125
37273600,0.0319061279296875
37289984,0.020294189453125
37306368,0.0190887451171875
37322752,0.0214080810546875
37339136,0.0131378173828125
37355520,0.021881103515625
37371904,0.019622802734375
37388288,0.0171661376953125
37404672,0.0169830322265625
37421056,0.02984619140625
37437440,0.015380859375
37453824,0.0162353515625
37470208,0.015960693359375
37486592,0.014862060546875
37502976,0.0121917724609375
37519360,0.015380859375
37535744,0.018829345703125
37552128,0.0169830322265625
37568512,0.0192413330078125
37584896,0.0162811279296875
37601280,0.0165557861328125
37617664,0.018096923828125
37634048,0.012725830078125
37650432,0.0140838623046875
37666816,0.010467529296875
37683200,0.014617919921875
37699584,0.0155792236328125
37715968,0.011810302734375
37732352,0.01544189453125
37748736,0.0185546875
37765120,0.0159759521484375
37781504,0.0232086181640625
37797888,0.016204833984375
37814272,0.0166778564453125
37830656,0.0188446044921875
37847040,0.0181732177734375
37863424,0.0214385986328125
37879808,0.015899658203125
37896192,0.022918701171875
37912576,0.020263671875
37928960,0.018096923828125
37945344,0.01837158203125
37961728,0.0134429931640625
37978112,0.017303466796875
37994496,0.0264129638671875
38010880,0.0110931396484375
38027264,0.0190277099609375
38043648,0.011444091796875
38060032,0.0183868408203125
38076416,0.0200347900390625
38092800,0.015777587890625
38109184,0.0211029052734375
38125568,0.0167388916015625
38141952,0.0153045654296875
38158336,0.01898193359375
38174720,0.0224456787109375
38191104,0.015167236328125
38207488,0.0152435302734375
38223872,0.01513671875
38240256,0.0212249755859375
38256640,0.019561767578125
38273024,0.0207672119140625
38289408,0.0232391357421875
38305792,0.0184173583984375
38322176,0.0164642333984375
38338560,0.0273590087890625
38354944,0.0157623291015625
38371328,0.02508544921875
38387712,0.01556396484375
38404096,0.0223846435546875
38420480,0.0231170654296875
38436864,0.0219573974609375
38453248,0.0201873779296875
38469632,0.0144500732421875
38486016,0.0157318115234375
38502400,0.013275146484375
38518784,0.0145416259765625
38535168,0.0250091552734375
38551552,0.02081298828125
38567936,0.0157623291015625
38584320,0.014007568359375
38600704,0.0286102294921875
38617088,0.02850341796875
38633472,0.02294921875
38649856,0.02301025390625
38666240,0.0179595947265625
38682624,0.02691650390625
38699008,0.0230255126953125
38715392,0.0187835693359375
38731776,0.017425537109375
38748160,0.0365753173828125
38764544,0.0226898193359375
38780928,0.023406982421875
38797312,0.0225677490234375
38813696,0.0290069580078125
38830080,0.0269927978515625
38846464,0.0303192138671875
38862848,0.0247344970703125
38879232,0.0175018310546875
38895616,0.0185394287109375
38912000,0.0167694091796875
38928384,0.0243072509765625
38944768,0.0310516357421875
38961152,0.0172576904296875
38977536,0.024749755859375
38993920,0.022125244140625
39010304,0.039337158203125
39026688,0.0217437744140625
39043072,0.0248870849609375
39059456,0.0290374755859375
39075840,0.027191162109375
39092224,0.01904296875
39108608,0.020782470703125
39124992,0.0302886962890625
39141376,0.0184173583984375
39157760,0.0262603759765625
39174144,0.0194244384765625
39190528,0.028594970703125
39206912,0.016448974609375
39223296,0.0203857421875
39239680,0.0340576171875
39256064,0.0159759521484375
39272448,0.0273590087890625
39288832,0.0124969482421875
39305216,0.0204315185546875
39321600,0.0199127197265625
39337984,0.0195465087890625
39354368,0.0278167724609375
39370752,0.019622802734375
39387136,0.034210205078125
39403520,0.0388946533203125
39419904,0.0276641845703125
39436288,0.0311737060546875
39452672,0.018402099609375
39469056,0.0308380126953125
39485440,0.040252685546875
39501824,0.0244140625
39518208,0.0211944580078125
39534592,0.019317626953125
39550976,0.0150146484375
39567360,0.0264129638671875
39583744,0.0261383056640625
39600128,0.0253448486328125
39616512,0.0183563232421875
39632896,0.01995849609375
39649280,0.02203369140625
39665664,0.019561767578125
39682048,0.0163421630859375
39698432,0.0378875732421875
39714816,0.0193023681640625
39731200,0.0189361572265625
39747584,0.0224151611328125
39763968,0.0179290771484375
39780352,0.0190277099609375
39796736,0.0206451416015625
39813120,0.0436248779296875
39829504,0.029327392578125
39845888,0.0186767578125
39862272,0.0162811279296875
39878656,0.023773193359375
39895040,0.0158233642578125
39911424,0.0158843994140625
39927808,0.0275726318359375
39944192,0.02606201171875
39960576,0.0221710205078125
39976960,0.022186279296875
39993344,0.0410919189453125
40009728,0.0215911865234375
40026112,0.0213470458984375
40042496,0.0245361328125
40058880,0.027130126953125
40075264,0.0261993408203125
40091648,0.0330657958984375
40108032,0.0310516357421875
40124416,0.0193939208984375
40140800,0.0207977294921875
40157184,0.021942138671875
40173568,0.029632568359375
40189952,0.0155792236328125
40206336,0.02325439453125
40222720,0.0126495361328125
40239104,0.0224761962890625
40255488,0.0232086181640625
40271872,0.0347900390625
40288256,0.0160064697265625
40304640,0.0179290771484375
40321024,0.02618408203125
40337408,0.0129241943359375
40353792,0.021026611328125
40370176,0.0222625732421875
40386560,0.015380859375
40402944,0.0211639404296875
40419328,0.0219879150390625
40435712,0.0253753662109375
40452096,0.0211334228515625
40468480,0.0361785888671875
40484864,0.0275421142578125
40501248,0.0198974609375
40517632,0.023956298828125
40534016,0.0170135498046875
40550400,0.0254364013671875
40566784,0.0246124267578125
40583168,0.0154571533203125
40599552,0.0139923095703125
40615936,0.01324462890625
40632320,0.0182037353515625
40648704,0.0179901123046875
40665088,0.0164337158203125
40681472,0.0176239013671875
40697856,0.0316619873046875
40714240,0.018310546875
40730624,0.0199127197265625
40747008,0.0151824951171875
40763392,0.0103912353515625
40779776,0.0226593017578125
40796160,0.015228271484375
40812544,0.0217437744140625
40828928,0.015045166015625
40845312,0.0140228271484375
40861696,0.014984130859375
40878080,0.016998291015625
40894464,0.020111083984375
40910848,0.0188446044921875
40927232,0.0162506103515625
40943616,0.0157318115234375
40960000,0.016265869140625
40976384,0.015350341796875
40992768,0.01959228515625
41009152,0.01812744140625
41025536,0.0200653076171875
41041920,0.01910400390625
41058304,0.0297698974609375
41074688,0.02069091796875
41091072,0.0177459716796875
41107456,0.017578125
41123840,0.018798828125
41140224,0.024017333984375
41156608,0.0164642333984375
41172992,0.013641357421875
41189376,0.021331787109375
41205760,0.0194549560546875
41222144,0.021209716796875
41238528,0.0151214599609375
41254912,0.0220489501953125
41271296,0.0155792236328125
41287680,0.0211944580078125
41304064,0.01763916015625
41320448,0.020477294921875
41336832,0.0200958251953125
41353216,0.0182037353515625
41369600,0.0134124755859375
41385984,0.019927978515625
41402368,0.0224609375
41418752,0.01971435546875
41435136,0.0371551513671875
41451520,0.0162811279296875
41467904,0.01666259765625
41484288,0.0155792236328125
41500672,0.0144805908203125
41517056,0.0232086181640625
41533440,0.0181121826171875
41549824,0.015289306640625
41566208,0.027618408203125
41582592,0.0236358642578125
41598976,0.02685546875
41615360,0.0211029052734375
41631744,0.0244293212890625
41648128,0.02130126953125
41664512,0.0178985595703125
41680896,0.0196380615234375
41697280,0.0242919921875
41713664,0.022705078125
41730048,0.0242156982421875
41746432,0.018646240234375
41762816,0.024505615234375
41779200,0.030853271484375
41795584,0.023468017578125
41811968,0.02105712890625
41828352,0.026123046875
41844736,0.0219879150390625
41861120,0.0267486572265625
41877504,0.0175933837890625
41893888,0.0308837890625
41910272,0.0305023193359375
41926656,0.030426025390625
41943040,0.0284881591796875
41959424,0.0256195068359375
41975808,0.0150909423828125
41992192,0.030975341796875
42008576,0.02215576171875
42024960,0.0206756591796875
42041344,0.024444580078125
42057728,0.0269927978515625
42074112,0.027862548828125
42090496,0.0206451416015625
42106880,0.02093505859375
42123264,0.0178985595703125
42139648,0.0185089111328125
42156032,0.021331787109375
42172416,0.022125244140625
42188800,0.03289794921875
42205184,0.0423583984375
42221568,0.0171966552734375
42237952,0.0258636474609375
42254336,0.017120361328125
42270720,0.025909423828125
42287104,0.0186004638671875
42303488,0.030548095703125
42319872,0.01470947265625
42336256,0.0146331787109375
42352640,0.0227508544921875
42369024,0.0152130126953125
42385408,0.015716552734375
42401792,0.0199127197265625
42418176,0.021759033203125
42434560,0.0153656005859375
42450944,0.029144287109375
42467328,0.013275146484375
42483712,0.023712158203125
42500096,0.02197265625
42516480,0.020782470703125
42532864,0.021881103515625
42549248,0.014404296875
42565632,0.0255584716796875
42582016,0.0167388916015625
42598400,0.0183563232421875
42614784,0.0192413330078125
42631168,0.0290069580078125
42647552,0.0202178955078125
42663936,0.0112762451171875
42680320,0.0156097412109375
42696704,0.0157012939453125
42713088,0.0291900634765625
42729472,0.0181732177734375
42745856,0.01593017578125
42762240,0.01513671875
42778624,0.0202484130859375
42795008,0.0149383544921875
42811392,0.024078369140625
42827776,0.011383056640625
42844160,0.01995849609375
42860544,0.014739990234375
42876928,0.013641357421875
42893312,0.01519775390625
42909696,0.0145416259765625
42926080,0.0169830322265625
42942464,0.0158843994140625
42958848,0.0154571533203125
42975232,0.01483154296875
42991616,0.017486572265625
43008000,0.0130767822265625
43024384,0.031341552734375
43040768,0.01824951171875
43057152,0.012939453125
43073536,0.017852783203125
43089920,0.0150146484375
43106304,0.01123046875
43122688,0.0198822021484375
43139072,0.0160064697265625
43155456,0.0282135009765625
43171840,0.022796630859375
43188224,0.0228118896484375
43204608,0.0199737548828125
43220992,0.0220947265625
43237376,0.0133514404296875
43253760,0.028106689453125
43270144,0.0186767578125
43286528,0.0140228271484375
43302912,0.0148773193359375
43319296,0.023040771484375
43335680,0.0156707763671875
43352064,0.0162811279296875
43368448,0.0214385986328125
43384832,0.020660400390625
43401216,0.021820068359375
43417600,0.014617919921875
43433984,0.0205535888671875
43450368,0.01287841796875
43466752,0.0147247314453125
43483136,0.0113983154296875
43499520,0.0265350341796875
43515904,0.0166168212890625
43532288,0.014495849609375
43548672,0.0207672119140625
43565056,0.03143310546875
43581440,0.0167999267578125
43597824,0.0109405517578125
43614208,0.0193023681640625
43630592,0.013427734375
43646976,0.021636962890625
43663360,0.02105712890625
43679744,0.0201416015625
43696128,0.01361083984375
43712512,0.01336669921875
43728896,0.0252532958984375
43745280,0.02001953125
43761664,0.0146942138671875
43778048,0.0199127197265625
43794432,0.022125244140625
43810816,0.011871337890625
43827200,0.0225982666015625
43843584,0.01165771484375
43859968,0.013763427734375
43876352,0.01300048828125
43892736,0.0183563232421875
43909120,0.0159759521484375
43925504,0.02227783203125
43941888,0.0142364501953125
43958272,0.0312042236328125
43974656,0.0191192626953125
43991040,0.012603759765625
44007424,0.022003173828125
44023808,0.0185546875
44040192,0.0095367431640625
44056576,0.0137939453125
44072960,0.014495849609375
44089344,0.01422119140625
44105728,0.012359619140625
44122112,0.0247344970703125
44138496,0.0152740478515625
44154880,0.0182342529296875
44171264,0.015380859375
44187648,0.0136260986328125
44204032,0.0221405029296875
44220416,0.0195770263671875
44236800,0.0152435302734375
44253184,0.016448974609375
44269568,0.01458740234375
44285952,0.014678955078125
44302336,0.021820068359375
44318720,0.0187835693359375
44335104,0.0147247314453125
44351488,0.013397216796875
44367872,0.0238494873046875
44384256,0.0135498046875
44400640,0.01904296875
44417024,0.0194091796875
44433408,0.0180511474609375
44449792,0.0247039794921875
44466176,0.0149383544921875
44482560,0.0246124267578125
44498944,0.0179595947265625
44515328,0.0143890380859375
44531712,0.02325439453125
44548096,0.0219268798828125
44564480,0.0212249755859375
44580864,0.0219879150390625
44597248,0.0162506103515625
44613632,0.0128173828125
44630016,0.017608642578125
44646400,0.020111083984375
44662784,0.015869140625
44679168,0.0288543701171875
44695552,0.01922607421875
44711936,0.015594482421875
44728320,0.0157470703125
44744704,0.01806640625
44761088,0.0173492431640625
44777472,0.0181732177734375
44793856,0.0223388671875
44810240,0.029052734375
44826624,0.025146484375
44843008,0.020416259765625
44859392,0.01593017578125
44875776,0.0202789306640625
44892160,0.0214691162109375
44908544,0.016693115234375
44924928,0.017333984375
44941312,0.025787353515625
44957696,0.02685546875
44974080,0.014251708984375
44990464,0.0182342529296875
45006848,0.02587890625
45023232,0.0267791748046875
45039616,0.0231781005859375
45056000,0.03033447265625
45072384,0.0175323486328125
45088768,0.0208587646484375
45105152,0.0175628662109375
45121536,0.020782470703125
45137920,0.0246734619140625
45154304,0.022308349609375
45170688,0.0160064697265625
45187072,0.0238800048828125
45203456,0.01361083984375
45219840,0.0196075439453125
45236224,0.0334930419921875
45252608,0.0233154296875
45268992,0.0212860107421875
45285376,0.021942138671875
45301760,0.034332275390625
45318144,0.0249786376953125
45334528,0.02947998046875
45350912,0.0210723876953125
45367296,0.0259857177734375
45383680,0.015838623046875
45400064,0.0274658203125
45416448,0.016693115234375
45432832,0.0351409912109375
45449216,0.019927978515625
45465600,0.0198822021484375
45481984,0.0311126708984375
45498368,0.01904296875
45514752,0.0310211181640625
45531136,0.0299530029296875
45547520,0.02288818359375
45563904,0.02288818359375
45580288,0.026947021484375
45596672,0.023345947265625
45613056,0.0321044921875
45629440,0.0326080322265625
45645824,0.03240966796875
45662208,0.023895263671875
45678592,0.0218048095703125
45694976,0.034027099609375
45711360,0.03167724609375
45727744,0.0213165283203125
45744128,0.0195465087890625
45760512,0.0308837890625
45776896,0.0310821533203125
45793280,0.0297088623046875
45809664,0.01983642578125
45826048,0.0312042236328125
45842432,0.0191192626953125
45858816,0.0319061279296875
45875200,0.022705078125
45891584,0.0173187255859375
45907968,0.02716064453125
45924352,0.03619384765625
45940736,0.0283050537109375
45957120,0.0221099853515625
45973504,0.022064208984375
45989888,0.018157958984375
46006272,0.0388031005859375
46022656,0.0203399658203125
46039040,0.028656005859375
46055424,0.0216827392578125
46071808,0.02825927734375
46088192,0.03057861328125
46104576,0.019927978515625
46120960,0.02557373046875
46137344,0.0255584716796875
46153728,0.0271759033203125
46170112,0.0278472900390625
46186496,0.022705078125
46202880,0.024139404296875
46219264,0.024871826171875
46235648,0.02880859375
46252032,0.0394287109375
46268416,0.021453857421875
46284800,0.02276611328125
46301184,0.0243682861328125
46317568,0.0236358642578125
46333952,0.02178955078125
46350336,0.023101806640625
46366720,0.016082763671875
46383104,0.029876708984375
46399488,0.0235443115234375
46415872,0.0222015380859375
46432256,0.0221099853515625
46448640,0.02276611328125
46465024,0.0229339599609375
46481408,0.0225982666015625
46497792,0.025238037109375
46514176,0.0095977783203125
46530560,0.0222930908203125
46546944,0.0203094482421875
46563328,0.0254364013671875
46579712,0.0189971923828125
46596096,0.02032470703125
46612480,0.0151824951171875
46628864,0.01824951171875
46645248,0.0228118896484375
46661632,0.0182647705078125
46678016,0.020416259765625
46694400,0.0195465087890625
46710784,0.022308349609375
46727168,0.02618408203125
46743552,0.0181732177734375
46759936,0.02239990234375
46776320,0.0210418701171875
46792704,0.026702880859375
46809088,0.029083251953125
46825472,0.0213623046875
46841856,0.0212249755859375
46858240,0.0219268798828125
46874624,0.0228729248046875
46891008,0.0361785888671875
46907392,0.01959228515625
46923776,0.02276611328125
46940160,0.0173187255859375
46956544,0.0244293212890625
46972928,0.020172119140625
46989312,0.0144195556640625
47005696,0.015380859375
47022080,0.01934814453125
47038464,0.0175933837890625
47054848,0.021087646484375
47071232,0.025482177734375
47087616,0.019073486328125
47104000,0.0251922607421875
47120384,0.018524169921875
47136768,0.0205535888671875
47153152,0.025238037109375
47169536,0.02044677734375
47185920,0.0296630859375
47202304,0.0186767578125
47218688,0.0168609619140625
47235072,0.0322418212890625
47251456,0.0389251708984375
47267840,0.0212554931640625
47284224,0.031494140625
47300608,0.0257568359375
47316992,0.0193023681640625
47333376,0.0205230712890625
47349760,0.02154541015625
47366144,0.0321502685546875
47382528,0.0268707275390625
47398912,0.031524658203125
47415296,0.0262298583984375
47431680,0.0136871337890625
47448064,0.0207366943359375
47464448,0.0190277099609375
47480832,0.0393524169921875
47497216,0.0229949951171875
47513600,0.0192718505859375
47529984,0.0329132080078125
47546368,0.0225677490234375
47562752,0.044464111328125
47579136,0.0218963623046875
47595520,0.018463134765625
47611904,0.027618408203125
47628288,0.0243988037109375
47644672,0.0218353271484375
47661056,0.020233154296875
47677440,0.0268402099609375
47693824,0.0195770263671875
47710208,0.0225830078125
47726592,0.018890380859375
47742976,0.0198211669921875
47759360,0.0149078369140625
47775744,0.0201873779296875
47792128,0.025634765625
47808512,0.02069091796875
47824896,0.0235595703125
47841280,0.0242156982421875
47857664,0.0226593017578125
47874048,0.0391998291015625
47890432,0.017486572265625
47906816,0.0282745361328125
47923200,0.0229339599609375
47939584,0.0245361328125
47955968,0.0216064453125
47972352,0.0173492431640625
47988736,0.015960693359375
48005120,0.0199737548828125
48021504,0.02459716796875
48037888,0.020111083984375
48054272,0.0270843505859375
48070656,0.022430419921875
48087040,0.021942138671875
48103424,0.0274658203125
48119808,0.0130462646484375
48136192,0.0182037353515625
48152576,0.0156402587890625
48168960,0.0238494873046875
48185344,0.025360107421875
48201728,0.02606201171875
48218112,0.0220794677734375
48234496,0.02471923828125
48250880,0.0194091796875
48267264,0.026153564453125
48283648,0.0254974365234375
48300032,0.0198211669921875
48316416,0.0222625732421875
48332800,0.0164642333984375
48349184,0.01788330078125
48365568,0.01605224609375
48381952,0.0155487060546875
48398336,0.0196990966796875
48414720,0.0147247314453125
48431104,0.0252532958984375
48447488,0.016204833984375
48463872,0.02484130859375
48480256,0.016693115234375
48496640,0.0267333984375
48513024,0.01934814453125
48529408,0.02392578125
48545792,0.0171661376953125
48562176,0.013946533203125
48578560,0.02685546875
48594944,0.0275115966796875
48611328,0.017791748046875
48627712,0.0277557373046875
48644096,0.016510009765625
48660480,0.0248870849609375
48676864,0.0265350341796875
48693248,0.0249786376953125
48709632,0.03033447265625
48726016,0.0172119140625
48742400,0.0183563232421875
48758784,0.0247802734375
48775168,0.0125885009765625
48791552,0.01202392578125
48807936,0.027099609375
48824320,0.0291595458984375
48840704,0.0338134765625
48857088,0.0234832763671875
48873472,0.0155487060546875
48889856,0.0184326171875
48906240,0.029510498046875
48922624,0.01605224609375
48939008,0.0209197998046875
48955392,0.0213470458984375
48971776,0.016632080078125
48988160,0.0157928466796875
49004544,0.0235595703125
49020928,0.0196685791015625
49037312,0.0204315185546875
49053696,0.027191162109375
49070080,0.015045166015625
49086464,0.0210418701171875
49102848,0.02471923828125
49119232,0.018341064453125
49135616,0.02191162109375
49152000,0.032135009765625
49168384,0.032135009765625
49184768,0.016693115234375
49201152,0.015228271484375
49217536,0.02142333984375
49233920,0.01995849609375
49250304,0.0196533203125
49266688,0.0131378173828125
49283072,0.0304107666015625
49299456,0.025421142578125
49315840,0.02276611328125
49332224,0.0196075439453125
49348608,0.0165557861328125
49364992,0.017059326171875
49381376,0.0240325927734375
49397760,0.0284881591796875
49414144,0.0206146240234375
49430528,0.0218963623046875
49446912,0.016357421875
49463296,0.0164031982421875
49479680,0.0302886962890625
49496064,0.0181121826171875
49512448,0.0168304443359375
49528832,0.0203704833984375
49545216,0.022003173828125
49561600,0.0328216552734375
49577984,0.0213623046875
49594368,0.0247344970703125
49610752,0.0251922607421875
49627136,0.0216827392578125
49643520,0.014556884765625
49659904,0.0249481201171875
49676288,0.023406982421875
49692672,0.0178680419921875
49709056,0.02313232421875
49725440,0.0278472900390625
49741824,0.0247039794921875
49758208,0.0306549072265625
49774592,0.030792236328125
49790976,0.0187225341796875
49807360,0.0169830322265625
49823744,0.0294952392578125
49840128,0.0192108154296875
49856512,0.02435302734375
49872896,0.025726318359375
49889280,0.0231781005859375
49905664,0.01544189453125
49922048,0.019805908203125
49938432,0.01898193359375
49954816,0.023101806640625
49971200,0.0167694091796875
49987584,0.0312042236328125
50003968,0.020751953125
50020352,0.017730712890625
50036736,0.025909423828125
50053120,0.0149688720703125
50069504,0.019744873046875
50085888,0.034149169921875
50102272,0.0474395751953125
50118656,0.0179595947265625
50135040,0.0183868408203125
50151424,0.0236053466796875
50167808,0.0203704833984375
50184192,0.0390777587890625
50200576,0.02630615234375
50216960,0.024505615234375
50233344,0.0202789306640625
50249728,0.025665283203125
50266112,0.02032470703125
50282496,0.0285491943359375
50298880,0.0240936279296875
50315264,0.028594970703125
50331648,0.053863525390625
50348032,0.0247344970703125
50364416,0.033538818359375
50380800,0.0160064697265625
50397184,0.0187835693359375
50413568,0.02459716796875
50429952,0.021728515625
50446336,0.027374267578125
50462720,0.01495361328125
50479104,0.015777587890625
50495488,0.0285186767578125
50511872,0.0209808349609375
50528256,0.0222625732421875
50544640,0.014862060546875
50561024,0.0395050048828125
50577408,0.0393524169921875
50593792,0.025146484375
50610176,0.0151519775390625
50626560,0.031585693359375
50642944,0.02484130859375
50659328,0.0245208740234375
50675712,0.0180816650390625
50692096,0.036865234375
50708480,0.0309295654296875
50724864,0.0262298583984375
50741248,0.024749755859375
50757632,0.0190582275390625
50774016,0.0276031494140625
50790400,0.032135009765625
50806784,0.017059326171875
50823168,0.0220794677734375
50839552,0.0285186767578125
50855936,0.025421142578125
50872320,0.0235748291015625
50888704,0.027923583984375
50905088,0.046478271484375
50921472,0.027587890625
50937856,0.03070068359375
50954240,0.0337982177734375
50970624,0.03558349609375
50987008,0.0312957763671875
51003392,0.027557373046875
51019776,0.0328826904296875
51036160,0.03460693359375
51052544,0.0218963623046875
51068928,0.029296875
51085312,0.0205230712890625
51101696,0.023406982421875
51118080,0.027496337890625
51134464,0.0299072265625
51150848,0.029449462890625
51167232,0.0242919921875
51183616,0.0269622802734375
51200000,0.02740478515625
51216384,0.0208740234375
51232768,0.030975341796875
51249152,0.02056884765625
51265536,0.0241851806640625
51281920,0.0353546142578125
51298304,0.027862548828125
51314688,0.0308074951171875
51331072,0.029998779296875
51347456,0.0305633544921875
51363840,0.0269317626953125
51380224,0.019439697265625
51396608,0.0187835693359375
51412992,0.0251922607421875
51429376,0.0166778564453125
51445760,0.0325927734375
51462144,0.0228271484375
51478528,0.0221710205078125
51494912,0.02056884765625
51511296,0.0243988037109375
51527680,0.0217437744140625
51544064,0.016021728515625
51560448,0.0233154296875
51576832,0.02685546875
51593216,0.023406982421875
51609600,0.03125
51625984,0.018035888671875
51642368,0.0237579345703125
51658752,0.0260009765625
51675136,0.032470703125
51691520,0.0228271484375
51707904,0.0205230712890625
51724288,0.027984619140625
51740672,0.0312652587890625
51757056,0.018218994140625
51773440,0.0200042724609375
51789824,0.0261383056640625
51806208,0.025848388671875
51822592,0.018310546875
51838976,0.028106689453125
51855360,0.02520751953125
51871744,0.0225067138671875
51888128,0.0294647216796875
51904512,0.0212249755859375
51920896,0.0244293212890625
51937280,0.033447265625
51953664,0.0226898193359375
51970048,0.04327392578125
51986432,0.0245208740234375
52002816,0.0284423828125
52019200,0.0322113037109375
52035584,0.02667236328125
52051968,0.0330047607421875
52068352,0.029510498046875
52084736,0.0257720947265625
52101120,0.0161895751953125
52117504,0.0286407470703125
52133888,0.02587890625
52150272,0.02685546875
52166656,0.01806640625
52183040,0.0366363525390625
52199424,0.0274810791015625
52215808,0.028289794921875
52232192,0.0374755859375
52248576,0.0238189697265625
52264960,0.0297698974609375
52281344,0.031829833984375
52297728,0.03656005859375
52314112,0.027496337890625
52330496,0.0347747802734375
52346880,0.02801513671875
52363264,0.016326904296875
52379648,0.0213470458984375
52396032,0.031524658203125
52412416,0.0261688232421875
52428800,0.014373779296875
52445184,0.0215301513671875
52461568,0.0199737548828125
52477952,0.034515380859375
52494336,0.0239105224609375
52510720,0.027801513671875
52527104,0.0222625732421875
52543488,0.0299530029296875
52559872,0.0385894775390625
52576256,0.02569580078125
52592640,0.02410888671875
52609024,0.0236968994140625
52625408,0.0195159912109375
52641792,0.02313232421875
52658176,0.0328521728515625
52674560,0.028228759765625
52690944,0.0322723388671875
52707328,0.0137481689453125
52723712,0.0284271240234375
52740096,0.024200439453125
52756480,0.02252197265625
52772864,0.0419921875
52789248,0.0204925537109375
52805632,0.0417633056640625
52822016,0.02471923828125
52838400,0.02667236328125
52854784,0.0249786376953125
52871168,0.027923583984375
52887552,0.0369873046875
52903936,0.0276031494140625
52920320,0.0278778076171875
52936704,0.0156402587890625
52953088,0.0180511474609375
52969472,0.0259552001953125
52985856,0.0228271484375
53002240,0.0306243896484375
53018624,0.0157012939453125
53035008,0.038360595703125
53051392,0.026947021484375
53067776,0.0206451416015625
53084160,0.0207061767578125
53100544,0.0243988037109375
53116928,0.0360870361328125
53133312,0.0272216796875
53149696,0.0271148681640625
53166080,0.0388031005859375
53182464,0.019439697265625
53198848,0.0240325927734375
53215232,0.027374267578125
53231616,0.026123046875
53248000,0.0331573486328125
53264384,0.02362060546875
53280768,0.0303497314453125
53297152,0.03472900390625
53313536,0.0198516845703125
53329920,0.024993896484375
53346304,0.0166015625
53362688,0.029022216796875
53379072,0.0263824462890625
53395456,0.0301055908203125
53411840,0.02813720703125
53428224,0.01959228515625
53444608,0.0187225341796875
53460992,0.029815673828125
53477376,0.0312957763671875
53493760,0.019500732421875
53510144,0.02178955078125
53526528,0.026580810546875
53542912,0.0255584716796875
53559296,0.021942138671875
53575680,0.0309906005859375
53592064,0.0360565185546875
53608448,0.0266876220703125
53624832,0.0309600830078125
53641216,0.02642822265625
53657600,0.0352020263671875
53673984,0.0275115966796875
53690368,0.029266357421875
53706752,0.021087646484375
53723136,0.022735595703125
53739520,0.0422821044921875
53755904,0.0259246826171875
53772288,0.027587890625
53788672,0.01971435546875
53805056,0.0330657958984375
53821440,0.0274810791015625
53837824,0.02117919921875
53854208,0.020538330078125
53870592,0.028045654296875
53886976,0.0195465087890625
53903360,0.02593994140625
53919744,0.03155517578125
53936128,0.0182647705078125
53952512,0.0258026123046875
53968896,0.0300445556640625
53985280,0.0141448974609375
54001664,0.0257110595703125
54018048,0.0361480712890625
54034432,0.026458740234375
54050816,0.027130126953125
54067200,0.0294342041015625
54083584,0.0333709716796875
54099968,0.018280029296875
54116352,0.018035888671875
54132736,0.034149169921875
54149120,0.018890380859375
54165504,0.0260009765625
54181888,0.022369384765625
54198272,0.039215087890625
54214656,0.0261993408203125
54231040,0.0323333740234375
54247424,0.0338134765625
54263808,0.025238037109375
54280192,0.02947998046875
54296576,0.0253448486328125
54312960,0.025146484375
54329344,0.0337371826171875
54345728,0.0190887451171875
54362112,0.0408935546875
54378496,0.029632568359375
54394880,0.0244293212890625
54411264,0.026580810546875
54427648,0.0308380126953125
54444032,0.0354156494140625
54460416,0.023712158203125
54476800,0.0233154296875
54493184,0.029022216796875
54509568,0.0233306884765625
54525952,0.0360565185546875
54542336,0.0289459228515625
54558720,0.032867431640625
54575104,0.0240020751953125
54591488,0.0377197265625
54607872,0.0406646728515625
54624256,0.0442657470703125
54640640,0.024871826171875
54657024,0.029327392578125
54673408,0.0386962890625
54689792,0.0305938720703125
54706176,0.0282135009765625
54722560,0.029693603515625
54738944,0.030029296875
54755328,0.0242462158203125
54771712,0.0238037109375
54788096,0.0288848876953125
54804480,0.028533935546875
54820864,0.02606201171875
54837248,0.0348358154296875
54853632,0.033660888671875
54870016,0.035369873046875
54886400,0.0318450927734375
54902784,0.0411224365234375
54919168,0.0355224609375
54935552,0.035491943359375
54951936,0.0220947265625
54968320,0.036346435546875
54984704,0.0289154052734375
55001088,0.0281219482421875
55017472,0.0218505859375
55033856,0.02703857421875
55050240,0.0214996337890625
55066624,0.0327911376953125
55083008,0.0311737060546875
55099392,0.0341339111328125
55115776,0.0226287841796875
55132160,0.021728515625
55148544,0.0277252197265625
55164928,0.0424346923828125
55181312,0.0282440185546875
55197696,0.0243682861328125
55214080,0.0309906005859375
55230464,0.028106689453125
55246848,0.033172607421875
55263232,0.0305328369140625
55279616,0.0219879150390625
55296000,0.02996826171875
55312384,0.03125
55328768,0.0317840576171875
55345152,0.024932861328125
55361536,0.027252197265625
55377920,0.0329437255859375
55394304,0.02313232421875
55410688,0.02850341796875
55427072,0.0394287109375
55443456,0.0268707275390625
55459840,0.025787353515625
55476224,0.0304107666015625
55492608,0.0374298095703125
55508992,0.0344085693359375
55525376,0.0293121337890625
55541760,0.034088134765625
55558144,0.020721435546875
55574528,0.0342254638671875
55590912,0.029449462890625
55607296,0.0231170654296875
55623680,0.0254058837890625
55640064,0.0399017333984375
55656448,0.0328369140625
55672832,0.0218963623046875
55689216,0.02984619140625
55705600,0.0394287109375
55721984,0.0284423828125
55738368,0.018310546875
55754752,0.0262298583984375
55771136,0.02392578125
55787520,0.0318450927734375
55803904,0.0334320068359375
55820288,0.032623291015625
55836672,0.03533935546875
55853056,0.033050537109375
55869440,0.0299835205078125
55885824,0.03070068359375
55902208,0.0323638916015625
55918592,0.0243682861328125
55934976,0.029449462890625
55951360,0.0277252197265625
55967744,0.0234832763671875
55984128,0.02947998046875
56000512,0.0254669189453125
56016896,0.0337982177734375
56033280,0.02691650390625
56049664,0.0233001708984375
56066048,0.0355682373046875
56082432,0.0231170654296875
56098816,0.0312042236328125
56115200,0.0316619873046875
56131584,0.0350341796875
56147968,0.0267486572265625
56164352,0.02508544921875
56180736,0.02587890625
56197120,0.0216064453125
56213504,0.027984619140625
56229888,0.033447265625
56246272,0.038818359375
56262656,0.0298919677734375
56279040,0.0282440185546875
56295424,0.033172607421875
56311808,0.0319671630859375
56328192,0.01904296875
56344576,0.0254058837890625
56360960,0.02935791015625
56377344,0.03369140625
56393728,0.02679443359375
56410112,0.0221099853515625
56426496,0.032257080078125
56442880,0.026580810546875
56459264,0.0288238525390625
56475648,0.0323486328125
56492032,0.027313232421875
56508416,0.02301025390625
56524800,0.0306549072265625
56541184,0.0327911376953125
56557568,0.0255126953125
56573952,0.036285400390625
56590336,0.0314483642578125
56606720,0.0212554931640625
56623104,0.02532958984375
56639488,0.0242919921875
56655872,0.031219482421875
56672256,0.028900146484375
56688640,0.0249176025390625
56705024,0.030670166015625
56721408,0.042999267578125
56737792,0.0289764404296875
56754176,0.0345916748046875
56770560,0.0210418701171875
56786944,0.026458740234375
56803328,0.02081298828125
56819712,0.0268096923828125
56836096,0.02117919921875
56852480,0.026153564453125
56868864,0.027008056640625
56885248,0.021514892578125
56901632,0.022216796875
56918016,0.0215301513671875
56934400,0.0212860107421875
56950784,0.0240631103515625
56967168,0.025726318359375
56983552,0.0220947265625
56999936,0.0247039794921875
57016320,0.028228759765625
57032704,0.0243682861328125
57049088,0.040740966796875
57065472,0.032867431640625
57081856,0.0239715576171875
57098240,0.0231475830078125
57114624,0.0336456298828125
57131008,0.024810791015625
57147392,0.0271148681640625
57163776,0.026641845703125
57180160,0.0235443115234375
57196544,0.0254974365234375
57212928,0.03436279296875
57229312,0.0270233154296875
57245696,0.0258941650390625
57262080,0.029022216796875
57278464,0.02392578125
57294848,0.025177001953125
57311232,0.0303955078125
57327616,0.027801513671875
57344000,0.0252685546875
57360384,0.0353546142578125
57376768,0.03057861328125
57393152,0.0250244140625
57409536,0.0284271240234375
57425920,0.023651123046875
57442304,0.02032470703125
57458688,0.0287322998046875
57475072,0.024566650390625
57491456,0.0183563232421875
57507840,0.016357421875
57524224,0.028350830078125
57540608,0.0196990966796875
57556992,0.020233154296875
57573376,0.0214691162109375
57589760,0.016815185546875
57606144,0.02410888671875
57622528,0.018646240234375
57638912,0.0266571044921875
57655296,0.040283203125
57671680,0.0240936279296875
57688064,0.0286407470703125
57704448,0.0262298583984375
57720832,0.021514892578125
57737216,0.023712158203125
57753600,0.02655029296875
57769984,0.01556396484375
57786368,0.0230865478515625
57802752,0.023895263671875
57819136,0.0262451171875
57835520,0.0254669189453125
57851904,0.021331787109375
57868288,0.0252685546875
57884672,0.0223846435546875
57901056,0.03173828125
57917440,0.020965576171875
57933824,0.0203704833984375
57950208,0.0351715087890625
57966592,0.0352630615234375
57982976,0.0274658203125
57999360,0.0275115966796875
58015744,0.023529052734375
58032128,0.0301055908203125
58048512,0.029052734375
58064896,0.0326995849609375
58081280,0.0325927734375
58097664,0.029052734375
58114048,0.0343017578125
58130432,0.0288543701171875
58146816,0.0309906005859375
58163200,0.03045654296875
58179584,0.028900146484375
58195968,0.0398712158203125
58212352,0.0300445556640625
58228736,0.0340423583984375
58245120,0.0333404541015625
58261504,0.0267181396484375
58277888,0.0160675048828125
58294272,0.02862548828125
58310656,0.0401458740234375
58327040,0.02691650390625
58343424,0.02423095703125
58359808,0.0396881103515625
58376192,0.01690673828125
58392576,0.02685546875
58408960,0.027069091796875
58425344,0.02777099609375
58441728,0.0218658447265625
58458112,0.033111572265625
58474496,0.022613525390625
58490880,0.0245819091796875
58507264,0.024017333984375
58523648,0.03436279296875
58540032,0.031982421875
58556416,0.0206451416015625
58572800,0.0317230224609375
58589184,0.0270538330078125
58605568,0.0281829833984375
58621952,0.0266265869140625
58638336,0.0157928466796875
58654720,0.02984619140625
58671104,0.0286712646484375
58687488,0.02325439453125
58703872,0.0287322998046875
58720256,0.0238800048828125
58736640,0.0275726318359375
58753024,0.020233154296875
58769408,0.021209716796875
58785792,0.0250091552734375
58802176,0.0388946533203125
58818560,0.0341796875
58834944,0.0211029052734375
58851328,0.026336669921875
58867712,0.04071044921875
58884096,0.0290374755859375
58900480,0.026885986328125
58916864,0.0328369140625
58933248,0.024444580078125
58949632,0.0302581787109375
58966016,0.0257415771484375
58982400,0.0236358642578125
58998784,0.02178955078125
59015168,0.02581787109375
59031552,0.032012939453125
59047936,0.0214385986328125
59064320,0.029266357421875
59080704,0.0240936279296875
59097088,0.0303497314453125
59113472,0.037322998046875
59129856,0.0215606689453125
59146240,0.0257720947265625
59162624,0.0290069580078125
59179008,0.02685546875
59195392,0.0236968994140625
59211776,0.0349578857421875
59228160,0.02935791015625
59244544,0.039459228515625
59260928,0.0323638916015625
59277312,0.022125244140625
59293696,0.0299835205078125
59310080,0.03363037109375
59326464,0.01666259765625
59342848,0.0415191650390625
59359232,0.022796630859375
59375616,0.0207366943359375
59392000,0.0250244140625
59408384,0.032135009765625
59424768,0.0302581787109375
59441152,0.0363616943359375
59457536,0.0251922607421875
59473920,0.0214080810546875
59490304,0.034698486328125
59506688,0.0256195068359375
59523072,0.0292510986328125
59539456,0.0263671875
59555840,0.0276336669921875
59572224,0.0291290283203125
59588608,0.0233917236328125
59604992,0.02886962890625
59621376,0.0357208251953125
59637760,0.02105712890625
59654144,0.035919189453125
59670528,0.02325439453125
59686912,0.02899169921875
59703296,0.029693603515625
59719680,0.02850341796875
59736064,0.03570556640625
59752448,0.0277862548828125
59768832,0.025146484375
59785216,0.02325439453125
59801600,0.0261993408203125
59817984,0.0362701416015625
59834368,0.0271759033203125
59850752,0.030303955078125
59867136,0.0289154052734375
59883520,0.0250396728515625
59899904,0.025543212890625
59916288,0.029327392578125
59932672,0.0264892578125
59949056,0.0281219482421875
59965440,0.0259246826171875
59981824,0.0351409912109375
59998208,0.0265960693359375
60014592,0.0230560302734375
60030976,0.0278167724609375
60047360,0.0263824462890625
60063744,0.0260162353515625
60080128,0.0238800048828125
60096512,0.0291900634765625
60112896,0.027313232421875
60129280,0.019927978515625
60145664,0.0149383544921875
60162048,0.022247314453125
60178432,0.02783203125
60194816,0.0194549560546875
60211200,0.0287322998046875
60227584,0.0324249267578125
60243968,0.0165252685546875
60260352,0.02520751953125
60276736,0.02496337890625
60293120,0.0382843017578125
60309504,0.02752685546875
60325888,0.0196533203125
60342272,0.0264892578125
60358656,0.0255889892578125
60375040,0.024078369140625
60391424,0.033599853515625
60407808,0.0274810791015625
60424192,0.0264129638671875
60440576,0.021209716796875
60456960,0.0240478515625
60473344,0.017425537109375
60489728,0.0180816650390625
60506112,0.0330963134765625
60522496,0.0292510986328125
60538880,0.0241851806640625
60555264,0.025604248046875
60571648,0.035888671875
60588032,0.0285186767578125
60604416,0.0238494873046875
60620800,0.0169525146484375
60637184,0.0214385986328125
60653568,0.019012451171875
60669952,0.02850341796875
60686336,0.028564453125
60702720,0.0272216796875
60719104,0.02593994140625
60735488,0.0247802734375
60751872,0.024505615234375
60768256,0.0226898193359375
60784640,0.0165252685546875
60801024,0.01983642578125
60817408,0.0307159423828125
60833792,0.0267791748046875
60850176,0.0279998779296875
60866560,0.02752685546875
60882944,0.0245819091796875
60899328,0.0222015380859375
60915712,0.0220184326171875
60932096,0.0235595703125
60948480,0.023651123046875
60964864,0.0186004638671875
60981248,0.0350341796875
60997632,0.0331878662109375
61014016,0.0332183837890625
61030400,0.018829345703125
61046784,0.0217742919921875
61063168,0.0248565673828125
61079552,0.0359344482421875
61095936,0.0315704345703125
61112320,0.023345947265625
61128704,0.0192108154296875
61145088,0.0375518798828125
61161472,0.0359344482421875
61177856,0.0242767333984375
61194240,0.0305023193359375
61210624,0.0245513916015625
61227008,0.0238494873046875
61243392,0.0288543701171875
61259776,0.0274505615234375
61276160,0.0288238525390625
61292544,0.0257110595703125
61308928,0.0245819091796875
61325312,0.024139404296875
61341696,0.021240234375
61358080,0.0279388427734375
61374464,0.0210113525390625
61390848,0.02783203125
61407232,0.0232696533203125
61423616,0.02685546875
61440000,0.0240020751953125
61456384,0.0256195068359375
61472768,0.02825927734375
61489152,0.0252532958984375
61505536,0.018096923828125
61521920,0.0260009765625
61538304,0.0273895263671875
61554688,0.02630615234375
61571072,0.03167724609375
61587456,0.026275634765625
61603840,0.0277557373046875
61620224,0.0257110595703125
61636608,0.019500732421875
61652992,0.029541015625
61669376,0.0279998779296875
61685760,0.03240966796875
61702144,0.02435302734375
61718528,0.031402587890625
61734912,0.0283203125
61751296,0.033599853515625
61767680,0.021820068359375
61784064,0.0409698486328125
61800448,0.0384368896484375
61816832,0.0246429443359375
61833216,0.0236663818359375
61849600,0.039306640625
61865984,0.0215911865234375
61882368,0.0348358154296875
61898752,0.0273590087890625
61915136,0.040679931640625
61931520,0.0228729248046875
61947904,0.0260772705078125
61964288,0.0332183837890625
61980672,0.032012939453125
61997056,0.030548095703125
62013440,0.030914306640625
62029824,0.0369720458984375
62046208,0.02947998046875
62062592,0.0209808349609375
62078976,0.0258026123046875
62095360,0.02978515625
62111744,0.030914306640625
62128128,0.03369140625
62144512,0.0183868408203125
62160896,0.0331573486328125
62177280,0.0355682373046875
62193664,0.0260467529296875
62210048,0.0294036865234375
62226432,0.0250091552734375
62242816,0.0352630615234375
62259200,0.035003662109375
62275584,0.031280517578125
62291968,0.0198516845703125
62308352,0.02642822265625
62324736,0.02947998046875
62341120,0.0263519287109375
62357504,0.02850341796875
62373888,0.02618408203125
62390272,0.0310516357421875
62406656,0.0407562255859375
62423040,0.037109375
62439424,0.0224151611328125
62455808,0.0245361328125
62472192,0.0212554931640625
62488576,0.0311279296875
62504960,0.0259246826171875
62521344,0.0291748046875
62537728,0.025146484375
62554112,0.038421630859375
62570496,0.0352630615234375
62586880,0.0355682373046875
62603264,0.02447509765625
62619648,0.029541015625
62636032,0.0283203125
62652416,0.0362396240234375
62668800,0.0434112548828125
62685184,0.0283355712890625
62701568,0.031097412109375
62717952,0.0333099365234375
62734336,0.0231475830078125
62750720,0.0385894775390625
62767104,0.0399932861328125
62783488,0.030242919921875
62799872,0.0279693603515625
62816256,0.02996826171875
62832640,0.0267486572265625
62849024,0.042572021484375
62865408,0.03582763671875
62881792,0.038116455078125
62898176,0.0370025634765625
62914560,0.033966064453125
62930944,0.0219573974609375
62947328,0.0201873779296875
62963712,0.0398406982421875
62980096,0.0436248779296875
62996480,0.0358734130859375
63012864,0.0388336181640625
63029248,0.0304412841796875
63045632,0.0245208740234375
63062016,0.0493621826171875
63078400,0.0269775390625
63094784,0.020904541015625
63111168,0.0344390869140625
63127552,0.027191162109375
63143936,0.028533935546875
63160320,0.0312957763671875
63176704,0.0422515869140625
63193088,0.02764892578125
63209472,0.026092529296875
63225856,0.0335845947265625
63242240,0.0283660888671875
63258624,0.040740966796875
63275008,0.0274505615234375
63291392,0.038726806640625
63307776,0.0290374755859375
63324160,0.0307464599609375
63340544,0.030853271484375
63356928,0.03375244140625
63373312,0.0255584716796875
63389696,0.027740478515625
63406080,0.0306243896484375
63422464,0.0293731689453125
63438848,0.0325775146484375
63455232,0.0277557373046875
63471616,0.0236053466796875
63488000,0.0353851318359375
63504384,0.0296630859375
63520768,0.031707763671875
63537152,0.0283355712890625
63553536,0.02716064453125
63569920,0.0204620361328125
63586304,0.0361785888671875
63602688,0.030914306640625
63619072,0.01953125
63635456,0.017364501953125
63651840,0.0222930908203125
63668224,0.0321197509765625
63684608,0.0297698974609375
63700992,0.0276336669921875
63717376,0.03521728515625
63733760,0.0278167724609375
63750144,0.0261688232421875
63766528,0.0355377197265625
63782912,0.031219482421875
63799296,0.0227508544921875
63815680,0.028106689453125
63832064,0.0337371826171875
63848448,0.0248260498046875
63864832,0.028778076171875
63881216,0.03045654296875
63897600,0.02398681640625
63913984,0.0244140625
63930368,0.02020263671875
63946752,0.0267791748046875
63963136,0.0218658447265625
63979520,0.0367279052734375
63995904,0.029022216796875
64012288,0.01959228515625
64028672,0.029815673828125
64045056,0.024810791015625
64061440,0.027008056640625
64077824,0.027252197265625
64094208,0.021453857421875
64110592,0.0216064453125
64126976,0.0214691162109375
64143360,0.0233917236328125
64159744,0.027618408203125
64176128,0.0246124267578125
64192512,0.0219573974609375
64208896,0.0216064453125
64225280,0.031158447265625
64241664,0.021728515625
64258048,0.02459716796875
64274432,0.029998779296875
64290816,0.0207977294921875
64307200,0.02630615234375
64323584,0.021575927734375
64339968,0.029571533203125
64356352,0.0258636474609375
64372736,0.022735595703125
64389120,0.0294952392578125
64405504,0.0198211669921875
64421888,0.0233917236328125
64438272,0.034393310546875
64454656,0.02667236328125
64471040,0.035003662109375
64487424,0.032257080078125
64503808,0.02313232421875
64520192,0.0270538330078125
64536576,0.0181732177734375
64552960,0.01861572265625
64569344,0.0238189697265625
64585728,0.0268096923828125
64602112,0.036224365234375
64618496,0.0194549560546875
64634880,0.0285491943359375
64651264,0.01898193359375
64667648,0.02655029296875
64684032,0.0289764404296875
64700416,0.0248565673828125
64716800,0.0216217041015625
64733184,0.0410919189453125
64749568,0.0301055908203125
64765952,0.028045654296875
64782336,0.0266571044921875
64798720,0.0244598388671875
64815104,0.048492431640625
64831488,0.026458740234375
64847872,0.025909423828125
64864256,0.0174102783203125
64880640,0.023162841796875
64897024,0.0331878662109375
64913408,0.0322418212890625
64929792,0.028900146484375
64946176,0.0285491943359375
64962560,0.0251312255859375
64978944,0.0355987548828125
64995328,0.0279541015625
65011712,0.02117919921875
65028096,0.03240966796875
65044480,0.02734375
65060864,0.034210205078125
65077248,0.032623291015625
65093632,0.0311737060546875
65110016,0.02813720703125
65126400,0.021820068359375
65142784,0.0331878662109375
65159168,0.0289764404296875
65175552,0.0267486572265625
65191936,0.0258331298828125
65208320,0.0243682861328125
65224704,0.032135009765625
65241088,0.0340118408203125
65257472,0.0285186767578125
65273856,0.0247802734375
65290240,0.023590087890625
65306624,0.0346832275390625
65323008,0.0279388427734375
65339392,0.0234375
65355776,0.0313720703125
65372160,0.02655029296875
65388544,0.028961181640625
65404928,0.0418243408203125
65421312,0.023101806640625
65437696,0.02899169921875
65454080,0.020355224609375
65470464,0.031005859375
65486848,0.017578125
65503232,0.028106689453125
65519616,0.0259246826171875
65536000,0.027923583984375
65552384,0.029510498046875
65568768,0.0289154052734375
65585152,0.02667236328125
65601536,0.044525146484375
65617920,0.0275726318359375
65634304,0.0164642333984375
65650688,0.0214996337890625
65667072,0.0205078125
65683456,0.0325775146484375
65699840,0.025299072265625
65716224,0.0323028564453125
65732608,0.0275421142578125
65748992,0.0311737060546875
65765376,0.0294189453125
65781760,0.0357666015625
65798144,0.0327606201171875
65814528,0.034759521484375
65830912,0.03363037109375
65847296,0.03009033203125
65863680,0.0229339599609375
65880064,0.0290985107421875
65896448,0.0178680419921875
65912832,0.0319061279296875
65929216,0.02239990234375
65945600,0.0262451171875
65961984,0.0330657958984375
65978368,0.026123046875
65994752,0.026397705078125
66011136,0.0262451171875
66027520,0.0239715576171875
66043904,0.0259552001953125
66060288,0.028411865234375
66076672,0.025787353515625
66093056,0.02764892578125
66109440,0.02972412109375
66125824,0.027374267578125
66142208,0.0242767333984375
66158592,0.023101806640625
66174976,0.0219268798828125
66191360,0.0327301025390625
66207744,0.0248565673828125
66224128,0.0287322998046875
66240512,0.027374267578125
66256896,0.028289794921875
66273280,0.0246734619140625
66289664,0.0217132568359375
66306048,0.0246124267578125
66322432,0.02215576171875
66338816,0.0269317626953125
66355200,0.036285400390625
66371584,0.031280517578125
66387968,0.021636962890625
66404352,0.0348968505859375
66420736,0.0229949951171875
66437120,0.0341644287109375
66453504,0.031280517578125
66469888,0.0260467529296875
66486272,0.0301361083984375
66502656,0.026824951171875
66519040,0.0336151123046875
66535424,0.0247650146484375
66551808,0.030120849609375
66568192,0.0244598388671875
66584576,0.0225372314453125
66600960,0.0250244140625
66617344,0.026702880859375
66633728,0.02325439453125
66650112,0.0258636474609375
66666496,0.026214599609375
66682880,0.035125732421875
66699264,0.0229949951171875
66715648,0.0220794677734375
66732032,0.018463134765625
66748416,0.022430419921875
66764800,0.0226898193359375
66781184,0.0237884521484375
66797568,0.02886962890625
66813952,0.02386474609375
66830336,0.028656005859375
66846720,0.019012451171875
66863104,0.0206146240234375
66879488,0.0240478515625
66895872,0.029815673828125
66912256,0.0282135009765625
66928640,0.0244598388671875
66945024,0.032012939453125
66961408,0.0339202880859375
66977792,0.0304412841796875
66994176,0.0316162109375
67010560,0.0394287109375
67026944,0.0302734375
67043328,0.02783203125
67059712,0.0388031005859375
67076096,0.026092529296875
67092480,0.0298614501953125
67108864,0.0252532958984375
67125248,0.0292816162109375
67141632,0.0320587158203125
67158016,0.0352325439453125
67174400,0.0224456787109375
67190784,0.025299072265625
67207168,0.0254974365234375
67223552,0.02978515625
67239936,0.0342559814453125
67256320,0.025390625
67272704,0.0255279541015625
67289088,0.0222015380859375
67305472,0.024169921875
67321856,0.0288848876953125
67338240,0.024383544921875
67354624,0.0274658203125
67371008,0.0285186767578125
67387392,0.034423828125
67403776,0.033843994140625
67420160,0.022430419921875
67436544,0.0199127197265625
67452928,0.03948974609375
67469312,0.029449462890625
67485696,0.0414581298828125
67502080,0.0248870849609375
67518464,0.0375823974609375
67534848,0.0305633544921875
67551232,0.0374755859375
67567616,0.038330078125
67584000,0.0369720458984375
67600384,0.031341552734375
67616768,0.030548095703125
67633152,0.02728271484375
67649536,0.03997802734375
67665920,0.0294342041015625
67682304,0.041046142578125
67698688,0.038848876953125
67715072,0.03265380859375
67731456,0.036712646484375
67747840,0.0316162109375
67764224,0.0382843017578125
67780608,0.0270538330078125
67796992,0.0264892578125
67813376,0.0330047607421875
67829760,0.0283203125
67846144,0.02154541015625
67862528,0.03192138671875
67878912,0.027862548828125
67895296,0.0255889892578125
67911680,0.0272216796875
67928064,0.03375244140625
67944448,0.0264434814453125
67960832,0.02471923828125
67977216,0.0275726318359375
67993600,0.0219268798828125
68009984,0.02130126953125
68026368,0.0296630859375
68042752,0.0249481201171875
68059136,0.0233306884765625
68075520,0.0358428955078125
68091904,0.0285491943359375
68108288,0.0312957763671875
68124672,0.033599853515625
68141056,0.024169921875
68157440,0.0295257568359375
68173824,0.042694091796875
68190208,0.0222625732421875
68206592,0.0234527587890625
68222976,0.0216522216796875
68239360,0.025177001953125
68255744,0.02130126953125
68272128,0.03070068359375
68288512,0.02166748046875
68304896,0.0200347900390625
68321280,0.027374267578125
68337664,0.019287109375
68354048,0.0218963623046875
68370432,0.0243072509765625
68386816,0.03680419921875
68403200,0.0181121826171875
68419584,0.0243377685546875
68435968,0.0218963623046875
68452352,0.022064208984375
68468736,0.0303802490234375
68485120,0.0296173095703125
68501504,0.025909423828125
68517888,0.0208892822265625
68534272,0.02996826171875
68550656,0.02728271484375
68567040,0.0219268798828125
68583424,0.0223388671875
68599808,0.032501220703125
68616192,0.017822265625
68632576,0.028289794921875
68648960,0.0246734619140625
68665344,0.0280303955078125
68681728,0.026397705078125
68698112,0.0274200439453125
68714496,0.0260467529296875
68730880,0.029571533203125
68747264,0.0329132080078125
68763648,0.0242767333984375
68780032,0.02734375
68796416,0.0341644287109375
68812800,0.0318603515625
68829184,0.032440185546875
68845568,0.0300445556640625
68861952,0.0305633544921875
68878336,0.0348052978515625
68894720,0.0274200439453125
68911104,0.028228759765625
68927488,0.0299835205078125
68943872,0.042694091796875
68960256,0.03704833984375
68976640,0.02349853515625
68993024,0.029815673828125
69009408,0.0324249267578125
69025792,0.0253143310546875
69042176,0.030853271484375
69058560,0.0297393798828125
69074944,0.032928466796875
69091328,0.02362060546875
69107712,0.0290679931640625
69124096,0.03302001953125
69140480,0.0305938720703125
69156864,0.0473175048828125
69173248,0.0302276611328125
69189632,0.0168609619140625
69206016,0.0361175537109375
69222400,0.0233306884765625
69238784,0.0294952392578125
69255168,0.037628173828125
69271552,0.0301055908203125
69287936,0.0331878662109375
69304320,0.0312042236328125
69320704,0.0287322998046875
69337088,0.0478363037109375
69353472,0.0236663818359375
69369856,0.03472900390625
69386240,0.0340576171875
69402624,0.027679443359375
69419008,0.0331268310546875
69435392,0.032257080078125
69451776,0.03515625
69468160,0.0311126708984375
69484544,0.0301361083984375
69500928,0.0354156494140625
69517312,0.03125
69533696,0.030670166015625
69550080,0.0343017578125
69566464,0.032562255859375
69582848,0.0287933349609375
69599232,0.02978515625
69615616,0.0238800048828125
69632000,0.032928466796875
69648384,0.03387451171875
69664768,0.0344390869140625
69681152,0.0405120849609375
69697536,0.0227203369140625
69713920,0.0279998779296875
69730304,0.02569580078125
69746688,0.0345458984375
69763072,0.0290679931640625
69779456,0.0230560302734375
69795840,0.034149169921875
69812224,0.0311126708984375
69828608,0.0244140625
69844992,0.0311737060546875
69861376,0.024261474609375
69877760,0.0295257568359375
69894144,0.035400390625
69910528,0.02825927734375
69926912,0.0403594970703125
69943296,0.0211029052734375
69959680,0.031951904296875
69976064,0.0241241455078125
69992448,0.02777099609375
70008832,0.034942626953125
70025216,0.03045654296875
70041600,0.0304412841796875
70057984,0.0449066162109375
70074368,0.0237274169921875
70090752,0.0302581787109375
70107136,0.0384979248046875
70123520,0.0309295654296875
70139904,0.0318450927734375
70156288,0.026397705078125
70172672,0.040252685546875
70189056,0.0299530029296875
70205440,0.0211029052734375
70221824,0.03594970703125
70238208,0.028472900390625
70254592,0.029937744140625
70270976,0.023956298828125
70287360,0.03173828125
70303744,0.0305938720703125
70320128,0.0269775390625
70336512,0.0273590087890625
70352896,0.0263214111328125
70369280,0.0233154296875
70385664,0.0336151123046875
70402048,0.0242156982421875
70418432,0.025390625
70434816,0.032257080078125
70451200,0.026519775390625
70467584,0.03192138671875
70483968,0.023681640625
70500352,0.037567138671875
70516736,0.0290374755859375
70533120,0.0283355712890625
70549504,0.0387115478515625
70565888,0.02398681640625
70582272,0.030181884765625
70598656,0.0210113525390625
70615040,0.0236053466796875
70631424,0.01971435546875
70647808,0.0261993408203125
70664192,0.02801513671875
70680576,0.0321044921875
70696960,0.0211639404296875
70713344,0.035552978515625
70729728,0.0271759033203125
70746112,0.024688720703125
70762496,0.03472900390625
70778880,0.030426025390625
70795264,0.03424072265625
70811648,0.0355072021484375
70828032,0.028411865234375
70844416,0.027923583984375
70860800,0.0335235595703125
70877184,0.033966064453125
70893568,0.0389251708984375
70909952,0.028594970703125
70926336,0.0291290283203125
70942720,0.0308685302734375
70959104,0.0284576416015625
70975488,0.0312042236328125
70991872,0.0333709716796875
71008256,0.0351715087890625
71024640,0.0334625244140625
71041024,0.0244903564453125
71057408,0.034027099609375
71073792,0.0253753662109375
71090176,0.0253753662109375
71106560,0.0252838134765625
71122944,0.0265350341796875
71139328,0.0304718017578125
71155712,0.0303192138671875
71172096,0.0297698974609375
71188480,0.021942138671875
71204864,0.029083251953125
71221248,0.0316162109375
71237632,0.0232696533203125
71254016,0.0364990234375
71270400,0.046478271484375
71286784,0.02587890625
71303168,0.03240966796875
71319552,0.02471923828125
71335936,0.0284576416015625
71352320,0.042327880859375
71368704,0.034271240234375
71385088,0.021636962890625
71401472,0.0244598388671875
71417856,0.0278472900390625
71434240,0.0303497314453125
71450624,0.0255889892578125
71467008,0.0265350341796875
71483392,0.0223388671875
71499776,0.0272369384765625
71516160,0.0222625732421875
71532544,0.0320281982421875
71548928,0.0283966064453125
71565312,0.033599853515625
71581696,0.0263519287109375
71598080,0.0191650390625
71614464,0.0305328369140625
71630848,0.041259765625
71647232,0.029266357421875
71663616,0.037506103515625
71680000,0.0277557373046875
71696384,0.0274505615234375
71712768,0.029693603515625
71729152,0.0359039306640625
71745536,0.0329742431640625
71761920,0.02325439453125
71778304,0.0340423583984375
71794688,0.03387451171875
71811072,0.031982421875
71827456,0.031158447265625
71843840,0.028594970703125
71860224,0.028900146484375
71876608,0.0258941650390625
71892992,0.024078369140625
71909376,0.031524658203125
71925760,0.0258636474609375
71942144,0.025146484375
71958528,0.02947998046875
71974912,0.0339202880859375
71991296,0.0255126953125
72007680,0.0272064208984375
72024064,0.0382843017578125
72040448,0.0253753662109375
72056832,0.03509521484375
72073216,0.027496337890625
72089600,0.0293121337890625
72105984,0.0302886962890625
72122368,0.0250396728515625
72138752,0.039276123046875
72155136,0.0350799560546875
72171520,0.0283050537109375
72187904,0.0229949951171875
72204288,0.033538818359375
72220672,0.0336456298828125
72237056,0.03240966796875
72253440,0.0268707275390625
72269824,0.0262908935546875
72286208,0.037200927734375
72302592,0.03662109375
72318976,0.0279998779296875
72335360,0.019683837890625
72351744,0.02880859375
72368128,0.024322509765625
72384512,0.023681640625
72400896,0.026275634765625
72417280,0.0361175537109375
72433664,0.022430419921875
72450048,0.03082275390625
72466432,0.0306243896484375
72482816,0.0341796875
72499200,0.0516204833984375
72515584,0.0389404296875
72531968,0.039093017578125
72548352,0.021453857421875
72564736,0.02655029296875
72581120,0.0340423583984375
72597504,0.0363006591796875
72613888,0.0349884033203125
72630272,0.02978515625
72646656,0.033905029296875
72663040,0.023040771484375
72679424,0.025726318359375
72695808,0.0268402099609375
72712192,0.028289794921875
72728576,0.044158935546875
72744960,0.0285797119140625
72761344,0.0278778076171875
72777728,0.034454345703125
72794112,0.0268096923828125
72810496,0.0258636474609375
72826880,0.0278778076171875
72843264,0.02423095703125
72859648,0.031494140625
72876032,0.0268402099609375
72892416,0.025115966796875
72908800,0.0230560302734375
72925184,0.03363037109375
72941568,0.027496337890625
72957952,0.0323028564453125
72974336,0.0307159423828125
72990720,0.02227783203125
73007104,0.0236968994140625
73023488,0.0271148681640625
73039872,0.032318115234375
73056256,0.0287628173828125
73072640,0.02935791015625
73089024,0.034149169921875
73105408,0.035125732421875
73121792,0.0300750732421875
73138176,0.0265960693359375
73154560,0.0337371826171875
73170944,0.032562255859375
73187328,0.0248260498046875
73203712,0.0272674560546875
73220096,0.0299224853515625
73236480,0.0286407470703125
73252864,0.02899169921875
73269248,0.0244140625
73285632,0.035064697265625
73302016,0.01947021484375
73318400,0.032196044921875
73334784,0.0222930908203125
73351168,0.0280609130859375
73367552,0.023162841796875
73383936,0.036773681640625
73400320,0.029052734375
73416704,0.023834228515625
73433088,0.03631591796875
73449472,0.020355224609375
73465856,0.019622802734375
73482240,0.0279388427734375
73498624,0.0208892822265625
73515008,0.024932861328125
73531392,0.027740478515625
73547776,0.0267791748046875
73564160,0.03271484375
73580544,0.03057861328125
73596928,0.0283966064453125
73613312,0.037750244140625
73629696,0.0245513916015625
73646080,0.02520751953125
73662464,0.0316162109375
73678848,0.0306243896484375
73695232,0.026519775390625
73711616,0.026123046875
73728000,0.031585693359375
73744384,0.022674560546875
73760768,0.0286102294921875
73777152,0.03662109375
73793536,0.0261077880859375
73809920,0.0250701904296875
73826304,0.029693603515625
73842688,0.028839111328125
73859072,0.02740478515625
73875456,0.02557373046875
73891840,0.0238800048828125
73908224,0.0284576416015625
73924608,0.0271148681640625
73940992,0.0334014892578125
73957376,0.028564453125
73973760,0.025604248046875
73990144,0.0380401611328125
74006528,0.0243377685546875
74022912,0.0282745361328125
74039296,0.03497314453125
74055680,0.02716064453125
74072064,0.03375244140625
74088448,0.0227813720703125
74104832,0.026580810546875
74121216,0.0300750732421875
74137600,0.0292510986328125
74153984,0.0292205810546875
74170368,0.0324249267578125
74186752,0.033721923828125
74203136,0.0235748291015625
74219520,0.0302581787109375
74235904,0.03253173828125
74252288,0.0279541015625
74268672,0.025177001953125
74285056,0.0342559814453125
74301440,0.029388427734375
74317824,0.0247802734375
74334208,0.02252197265625
74350592,0.0260009765625
74366976,0.0269317626953125
74383360,0.0354766845703125
74399744,0.0372161865234375
74416128,0.0401611328125
74432512,0.02740478515625
74448896,0.0368804931640625
74465280,0.0299224853515625
74481664,0.0159912109375
74498048,0.024627685546875
74514432,0.022979736328125
74530816,0.027862548828125
74547200,0.022796630859375
74563584,0.0181884765625
74579968,0.0332183837890625
74596352,0.0226898193359375
74612736,0.0244140625
74629120,0.03753662109375
74645504,0.0251312255859375
74661888,0.0206146240234375
74678272,0.025604248046875
74694656,0.0317230224609375
74711040,0.0285186767578125
74727424,0.02655029296875
74743808,0.0284576416015625
74760192,0.028076171875
74776576,0.0217132568359375
74792960,0.0302581787109375
74809344,0.0234375
74825728,0.0249786376953125
74842112,0.0299072265625
74858496,0.024322509765625
74874880,0.02899169921875
74891264,0.029876708984375
74907648,0.0262298583984375
74924032,0.022552490234375
74940416,0.0399169921875
74956800,0.0319061279296875
74973184,0.0305633544921875
74989568,0.029205322265625
75005952,0.031280517578125
75022336,0.024078369140625
75038720,0.028411865234375
75055104,0.02056884765625
75071488,0.0347137451171875
75087872,0.02337646484375
75104256,0.027099609375
75120640,0.0293121337890625
75137024,0.0314178466796875
75153408,0.0256195068359375
75169792,0.02447509765625
75186176,0.0193939208984375
75202560,0.0264892578125
75218944,0.02685546875
75235328,0.0258941650390625
75251712,0.0380706787109375
75268096,0.017242431640625
75284480,0.0232086181640625
75300864,0.023651123046875
75317248,0.02294921875
75333632,0.0286407470703125
75350016,0.02777099609375
75366400,0.0270233154296875
75382784,0.0276947021484375
75399168,0.0263671875
75415552,0.0406494140625
75431936,0.0308074951171875
75448320,0.0264434814453125
75464704,0.0230560302734375
75481088,0.0299530029296875
75497472,0.0230255126953125
75513856,0.0224609375
75530240,0.032958984375
75546624,0.034332275390625
75563008,0.021759033203125
75579392,0.029052734375
75595776,0.0322265625
75612160,0.0324249267578125
75628544,0.026031494140625
75644928,0.0317840576171875
75661312,0.0244903564453125
75677696,0.029754638671875
75694080,0.025543212890625
75710464,0.0355224609375
75726848,0.020355224609375
75743232,0.02532958984375
75759616,0.0237884521484375
75776000,0.03839111328125
75792384,0.037384033203125
75808768,0.029052734375
75825152,0.035552978515625
75841536,0.0333404541015625
75857920,0.0251617431640625
75874304,0.030426025390625
75890688,0.02099609375
75907072,0.031951904296875
75923456,0.0302581787109375
75939840,0.0268402099609375
75956224,0.036102294921875
75972608,0.0251312255859375
75988992,0.0315093994140625
76005376,0.0250701904296875
76021760,0.0321807861328125
76038144,0.033905029296875
76054528,0.0373687744140625
76070912,0.0369720458984375
76087296,0.0264739990234375
76103680,0.03802490234375
76120064,0.037811279296875
76136448,0.032501220703125
76152832,0.0268096923828125
76169216,0.0329132080078125
76185600,0.0373077392578125
76201984,0.0321044921875
76218368,0.0289154052734375
76234752,0.0341949462890625
76251136,0.029449462890625
76267520,0.0378570556640625
76283904,0.03594970703125
76300288,0.0265350341796875
76316672,0.031402587890625
76333056,0.03582763671875
76349440,0.02386474609375
76365824,0.02484130859375
76382208,0.03070068359375
76398592,0.0437469482421875
76414976,0.024627685546875
76431360,0.032318115234375
76447744,0.023406982421875
76464128,0.0380859375
76480512,0.02783203125
76496896,0.0347442626953125
76513280,0.023956298828125
76529664,0.026275634765625
76546048,0.0283966064453125
76562432,0.024993896484375
76578816,0.03076171875
76595200,0.0206146240234375
76611584,0.032318115234375
76627968,0.0321502685546875
76644352,0.0391998291015625
76660736,0.0335693359375
76677120,0.0263214111328125
76693504,0.0428009033203125
76709888,0.024169921875
76726272,0.031158447265625
76742656,0.02960205078125
76759040,0.02764892578125
76775424,0.0264892578125
76791808,0.0211334228515625
76808192,0.02642822265625
76824576,0.0250701904296875
76840960,0.0261077880859375
76857344,0.0308380126953125
76873728,0.0457763671875
76890112,0.02606201171875
76906496,0.0289154052734375
76922880,0.0312652587890625
76939264,0.0221099853515625
76955648,0.0251617431640625
76972032,0.020477294921875
76988416,0.0331573486328125
77004800,0.0418701171875
77021184,0.0249786376953125
77037568,0.016265869140625
77053952,0.03173828125
77070336,0.0432586669921875
77086720,0.0247039794921875
77103104,0.027557373046875
77119488,0.0358734130859375
77135872,0.0337371826171875
77152256,0.0256500244140625
77168640,0.0308380126953125
77185024,0.025115966796875
77201408,0.0321044921875
77217792,0.031585693359375
77234176,0.0199432373046875
77250560,0.0344696044921875
77266944,0.030731201171875
77283328,0.0261383056640625
77299712,0.0323944091796875
77316096,0.026031494140625
77332480,0.021240234375
77348864,0.03558349609375
77365248,0.0301055908203125
77381632,0.0267486572265625
77398016,0.0286712646484375
77414400,0.0302581787109375
77430784,0.0299224853515625
77447168,0.0238494873046875
77463552,0.033782958984375
77479936,0.0266876220703125
77496320,0.033782958984375
77512704,0.0293121337890625
77529088,0.0272064208984375
77545472,0.024993896484375
77561856,0.0414581298828125
77578240,0.02197265625
77594624,0.0187225341796875
77611008,0.0310821533203125
77627392,0.0295257568359375
77643776,0.0265350341796875
77660160,0.0202484130859375
77676544,0.0231781005859375
77692928,0.0260772705078125
77709312,0.0200347900390625
77725696,0.0321807861328125
77742080,0.0218658447265625
77758464,0.0351409912109375
77774848,0.0213623046875
77791232,0.0313262939453125
77807616,0.027191162109375
77824000,0.020843505859375
77840384,0.02734375
77856768,0.037445068359375
77873152,0.02911376953125
77889536,0.0271453857421875
77905920,0.0242767333984375
77922304,0.020263671875
77938688,0.0216217041015625
77955072,0.028411865234375
77971456,0.030517578125
77987840,0.0284423828125
78004224,0.01983642578125
78020608,0.0262298583984375
78036992,0.028900146484375
78053376,0.024932861328125
78069760,0.0252532958984375
78086144,0.026763916015625
78102528,0.01910400390625
78118912,0.0374908447265625
78135296,0.0256500244140625
78151680,0.038482666015625
78168064,0.024200439453125
78184448,0.02020263671875
78200832,0.029266357421875
78217216,0.026153564453125
78233600,0.0271148681640625
78249984,0.020904541015625
78266368,0.027313232421875
78282752,0.0253143310546875
78299136,0.0301361083984375
78315520,0.0269927978515625
78331904,0.030517578125
78348288,0.016845703125
78364672,0.02520751953125
78381056,0.02911376953125
78397440,0.0347747802734375
78413824,0.0457763671875
78430208,0.0322418212890625
78446592,0.0385894775390625
78462976,0.0269622802734375
78479360,0.0286407470703125
78495744,0.02978515625
78512128,0.0329132080078125
78528512,0.0328369140625
78544896,0.0252838134765625
78561280,0.02447509765625
78577664,0.0209197998046875
78594048,0.0374298095703125
78610432,0.0246124267578125
78626816,0.0268096923828125
78643200,0.0284271240234375
78659584,0.030059814453125
78675968,0.03009033203125
78692352,0.0256500244140625
78708736,0.03424072265625
78725120,0.0241546630859375
78741504,0.0268096923828125
78757888,0.03216552734375
78774272,0.031951904296875
78790656,0.025665283203125
78807040,0.0254058837890625
78823424,0.023406982421875
78839808,0.0258636474609375
78856192,0.03387451171875
78872576,0.0244140625
78888960,0.03857421875
78905344,0.0266876220703125
78921728,0.0285491943359375
78938112,0.0217132568359375
78954496,0.0261993408203125
78970880,0.0276947021484375
78987264,0.02313232421875
79003648,0.0269775390625
79020032,0.0302734375
79036416,0.02117919921875
79052800,0.0258331298828125
79069184,0.0331268310546875
79085568,0.0233001708984375
79101952,0.030120849609375
79118336,0.0369873046875
79134720,0.029052734375
79151104,0.0370330810546875
79167488,0.03070068359375
79183872,0.032073974609375
79200256,0.029266357421875
79216640,0.0476837158203125
79233024,0.030242919921875
79249408,0.0240936279296875
79265792,0.0391693115234375
79282176,0.02587890625
79298560,0.025054931640625
79314944,0.0439300537109375
79331328,0.0460357666015625
79347712,0.03375244140625
79364096,0.033172607421875
79380480,0.02752685546875
79396864,0.03424072265625
79413248,0.0323028564453125
79429632,0.0243988037109375
79446016,0.034210205078125
79462400,0.023712158203125
79478784,0.0358123779296875
79495168,0.0408782958984375
79511552,0.03057861328125
79527936,0.0260162353515625
79544320,0.0407867431640625
79560704,0.0413970947265625
79577088,0.0434722900390625
79593472,0.0240020751953125
79609856,0.0309295654296875
79626240,0.0438385009765625
79642624,0.0289154052734375
79659008,0.0391693115234375
79675392,0.0316619873046875
79691776,0.04669189453125
79708160,0.0313262939453125
79724544,0.0328521728515625
79740928,0.0303955078125
79757312,0.032562255859375
79773696,0.0471954345703125
79790080,0.019927978515625
79806464,0.0262908935546875
79822848,0.025970458984375
79839232,0.021942138671875
79855616,0.03167724609375
79872000,0.021484375
79888384,0.0374603271484375
79904768,0.02587890625
79921152,0.0306243896484375
79937536,0.0248870849609375
79953920,0.042205810546875
79970304,0.0288848876953125
79986688,0.0273895263671875
80003072,0.023284912109375
80019456,0.03009033203125
80035840,0.025848388671875
80052224,0.0236663818359375
80068608,0.0399169921875
80084992,0.02734375
80101376,0.029327392578125
80117760,0.0313262939453125
80134144,0.029571533203125
80150528,0.0281524658203125
80166912,0.0218658447265625
80183296,0.023040771484375
80199680,0.0250091552734375
80216064,0.019439697265625
80232448,0.0222015380859375
80248832,0.0273284912109375
80265216,0.025482177734375
80281600,0.0257720947265625
80297984,0.0285797119140625
80314368,0.02490234375
80330752,0.029449462890625
80347136,0.033355712890625
80363520,0.0232391357421875
80379904,0.041046142578125
80396288,0.034149169921875
80412672,0.028656005859375
80429056,0.0198974609375
80445440,0.0210418701171875
80461824,0.031036376953125
80478208,0.0269775390625
80494592,0.027099609375
80510976,0.03460693359375
80527360,0.0310821533203125
80543744,0.03472900390625
80560128,0.023468017578125
80576512,0.0254058837890625
80592896,0.030853271484375
80609280,0.026824951171875
80625664,0.024658203125
80642048,0.0324554443359375
80658432,0.0278472900390625
80674816,0.0285186767578125
80691200,0.025177001953125
80707584,0.0269012451171875
80723968,0.0237884521484375
80740352,0.03338623046875
80756736,0.0294647216796875
80773120,0.02734375
80789504,0.0253143310546875
80805888,0.0332489013671875
80822272,0.0210418701171875
80838656,0.0308837890625
80855040,0.0146636962890625
80871424,0.0265655517578125
80887808,0.027069091796875
80904192,0.030364990234375
80920576,0.025604248046875
80936960,0.03399658203125
80953344,0.024200439453125
80969728,0.0213470458984375
80986112,0.0268402099609375
81002496,0.0429840087890625
81018880,0.031341552734375
81035264,0.023773193359375
81051648,0.0247650146484375
81068032,0.0218353271484375
81084416,0.0242767333984375
81100800,0.024444580078125
81117184,0.0216522216796875
81133568,0.026458740234375
81149952,0.030517578125
81166336,0.026153564453125
81182720,0.024658203125
81199104,0.028167724609375
81215488,0.025177001953125
81231872,0.0301055908203125
81248256,0.0230865478515625
81264640,0.0263671875
81281024,0.0159759521484375
81297408,0.0333099365234375
81313792,0.0255126953125
81330176,0.02313232421875
81346560,0.044677734375
81362944,0.0263671875
81379328,0.02349853515625
81395712,0.0311126708984375
81412096,0.019683837890625
81428480,0.0246734619140625
81444864,0.031951904296875
81461248,0.0316925048828125
81477632,0.0210418701171875
81494016,0.02288818359375
81510400,0.031341552734375
81526784,0.0308074951171875
81543168,0.0219268798828125
81559552,0.02880859375
81575936,0.0269012451171875
81592320,0.0298919677734375
81608704,0.0225677490234375
81625088,0.0243072509765625
81641472,0.0224456787109375
81657856,0.031463623046875
81674240,0.0271759033203125
81690624,0.01824951171875
81707008,0.025299072265625
81723392,0.0320587158203125
81739776,0.02423095703125
81756160,0.025115966796875
81772544,0.026763916015625
81788928,0.0269317626953125
81805312,0.023345947265625
81821696,0.02606201171875
81838080,0.039215087890625
81854464,0.0220489501953125
81870848,0.0226287841796875
81887232,0.020050048828125
81903616,0.0321197509765625
81920000,0.02899169921875
81936384,0.02301025390625
81952768,0.024993896484375
81969152,0.0227508544921875
81985536,0.02777099609375
82001920,0.0135650634765625
82018304,0.0340576171875
82034688,0.027435302734375
82051072,0.02630615234375
82067456,0.0330963134765625
82083840,0.0280303955078125
82100224,0.021575927734375
82116608,0.03326416015625
82132992,0.0195465087890625
82149376,0.025146484375
82165760,0.02496337890625
82182144,0.0316009521484375
82198528,0.0256195068359375
82214912,0.021636962890625
82231296,0.02545166015625
82247680,0.0234832763671875
82264064,0.0210418701171875
82280448,0.0278778076171875
82296832,0.028778076171875
82313216,0.0222625732421875
82329600,0.026123046875
82345984,0.02435302734375
82362368,0.0273590087890625
82378752,0.0225677490234375
82395136,0.02996826171875
82411520,0.0179443359375
82427904,0.0361175537109375
82444288,0.0212860107421875
82460672,0.0348663330078125
82477056,0.0287628173828125
82493440,0.0358428955078125
82509824,0.0235595703125
82526208,0.0296783447265625
82542592,0.0157928466796875
82558976,0.04010009765625
82575360,0.038726806640625
82591744,0.0413665771484375
82608128,0.02777099609375
82624512,0.0242462158203125
82640896,0.0273284912109375
82657280,0.0352783203125
82673664,0.0274505615234375
82690048,0.0282135009765625
82706432,0.0212249755859375
82722816,0.027557373046875
82739200,0.0303192138671875
82755584,0.022857666015625
82771968,0.02117919921875
82788352,0.02923583984375
82804736,0.0241851806640625
82821120,0.0251617431640625
82837504,0.0245819091796875
82853888,0.024444580078125
82870272,0.0264739990234375
82886656,0.019256591796875
82903040,0.049530029296875
82919424,0.02886962890625
82935808,0.033538818359375
82952192,0.0328369140625
82968576,0.0247955322265625
82984960,0.021820068359375
83001344,0.02734375
83017728,0.0366973876953125
83034112,0.0276641845703125
83050496,0.0283050537109375
83066880,0.0340118408203125
83083264,0.0255889892578125
83099648,0.0301513671875
83116032,0.0350494384765625
83132416,0.0475616455078125
83148800,0.031829833984375
83165184,0.0276336669921875
83181568,0.0212249755859375
83197952,0.026611328125
83214336,0.0441741943359375
83230720,0.0215911865234375
83247104,0.037078857421875
83263488,0.032745361328125
83279872,0.029754638671875
83296256,0.0196685791015625
83312640,0.03375244140625
83329024,0.039520263671875
83345408,0.0292510986328125
83361792,0.021820068359375
83378176,0.03363037109375
83394560,0.0243377685546875
83410944,0.025665283203125
83427328,0.0281829833984375
83443712,0.0296783447265625
83460096,0.0414581298828125
83476480,0.02801513671875
83492864,0.027099609375
83509248,0.0272979736328125
83525632,0.02032470703125
83542016,0.0335693359375
83558400,0.02410888671875
83574784,0.0164031982421875
83591168,0.0266876220703125
83607552,0.023101806640625
83623936,0.02532958984375
83640320,0.0303497314453125
83656704,0.0244598388671875
83673088,0.0237884521484375
83689472,0.03570556640625
83705856,0.03436279296875
83722240,0.0320281982421875
83738624,0.0198516845703125
83755008,0.0313262939453125
83771392,0.0263519287109375
83787776,0.03326416015625
83804160,0.0290679931640625
83820544,0.02984619140625
83836928,0.030120849609375
83853312,0.0224609375
83869696,0.020904541015625
83886080,0.0333404541015625
83902464,0.0245208740234375
83918848,0.0217437744140625
83935232,0.0258331298828125
83951616,0.027862548828125
83968000,0.036041259765625
83984384,0.023529052734375
84000768,0.0373077392578125
84017152,0.0302886962890625
84033536,0.031158447265625
84049920,0.0596160888671875
84066304,0.0255279541015625
84082688,0.03753662109375
84099072,0.0321044921875
84115456,0.0248260498046875
84131840,0.0302734375
84148224,0.02459716796875
84164608,0.0314483642578125
84180992,0.0240325927734375
84197376,0.0297393798828125
84213760,0.026031494140625
84230144,0.026123046875
84246528,0.0210113525390625
84262912,0.037261962890625
84279296,0.032745361328125
84295680,0.0177154541015625
84312064,0.0294952392578125
84328448,0.027618408203125
84344832,0.0221710205078125
84361216,0.024658203125
84377600,0.027435302734375
84393984,0.020843505859375
84410368,0.0299835205078125
84426752,0.0254669189453125
84443136,0.0394439697265625
84459520,0.0265350341796875
84475904,0.021148681640625
84492288,0.019195556640625
84508672,0.0259246826171875
84525056,0.0221405029296875
84541440,0.038238525390625
84557824,0.0260467529296875
84574208,0.0207672119140625
84590592,0.022247314453125
84606976,0.0308837890625
84623360,0.0194091796875
84639744,0.0165252685546875
84656128,0.028717041015625
84672512,0.02459716796875
84688896,0.026519775390625
84705280,0.023712158203125
84721664,0.03033447265625
84738048,0.032470703125
84754432,0.0250701904296875
84770816,0.032073974609375
84787200,0.0343170166015625
84803584,0.03228759765625
84819968,0.0235443115234375
84836352,0.021728515625
84852736,0.0224151611328125
84869120,0.036651611328125
84885504,0.0273284912109375
84901888,0.023468017578125
84918272,0.0316925048828125
84934656,0.03289794921875
84951040,0.02569580078125
84967424,0.0404052734375
84983808,0.03271484375
85000192,0.020263671875
85016576,0.0390167236328125
85032960,0.0263671875
85049344,0.0228424072265625
85065728,0.02618408203125
85082112,0.0271148681640625
85098496,0.023834228515625
85114880,0.0198211669921875
85131264,0.02593994140625
85147648,0.0261688232421875
85164032,0.031707763671875
85180416,0.034423828125
85196800,0.0291290283203125
85213184,0.02716064453125
85229568,0.0327606201171875
85245952,0.0218505859375
85262336,0.0295867919921875
85278720,0.0358428955078125
85295104,0.029022216796875
85311488,0.026336669921875
85327872,0.0343780517578125
85344256,0.0304718017578125
85360640,0.0206146240234375
85377024,0.0236053466796875
85393408,0.02587890625
85409792,0.0313720703125
85426176,0.025146484375
85442560,0.0254058837890625
85458944,0.0305023193359375
85475328,0.0180816650390625
85491712,0.0245361328125
85508096,0.0235748291015625
85524480,0.03045654296875
85540864,0.0201873779296875
85557248,0.0251922607421875
85573632,0.02777099609375
85590016,0.023834228515625
85606400,0.0236663818359375
85622784,0.0216827392578125
85639168,0.0396575927734375
85655552,0.0272674560546875
85671936,0.026580810546875
85688320,0.033355712890625
85704704,0.025604248046875
85721088,0.02593994140625
85737472,0.034393310546875
85753856,0.03057861328125
85770240,0.0246734619140625
85786624,0.0239410400390625
85803008,0.021453857421875
85819392,0.020660400390625
85835776,0.0237274169921875
85852160,0.0252685546875
85868544,0.031219482421875
85884928,0.0221710205078125
85901312,0.025054931640625
85917696,0.02801513671875
85934080,0.0241241455078125
85950464,0.0379486083984375
85966848,0.0272064208984375
85983232,0.02081298828125
85999616,0.0217437744140625
86016000,0.0284881591796875
86032384,0.023284912109375
86048768,0.024658203125
86065152,0.0267486572265625
86081536,0.02783203125
86097920,0.023529052734375
86114304,0.02362060546875
86130688,0.03369140625
86147072,0.0234832763671875
86163456,0.02716064453125
86179840,0.032379150390625
86196224,0.0220947265625
86212608,0.0294342041015625
86228992,0.0342254638671875
86245376,0.0299835205078125
86261760,0.0424652099609375
86278144,0.034393310546875
86294528,0.0327911376953125
86310912,0.0254974365234375
86327296,0.023406982421875
86343680,0.02880859375
86360064,0.02484130859375
86376448,0.0223846435546875
86392832,0.0328216552734375
86409216,0.025543212890625
86425600,0.0239715576171875
86441984,0.030120849609375
86458368,0.02081298828125
86474752,0.022613525390625
86491136,0.024627685546875
86507520,0.0273895263671875
86523904,0.029266357421875
86540288,0.022735595703125
86556672,0.0230255126953125
86573056,0.0216827392578125
86589440,0.026763916015625
86605824,0.0515899658203125
86622208,0.0217132568359375
86638592,0.035186767578125
86654976,0.0251007080078125
86671360,0.0322113037109375
86687744,0.0304107666015625
86704128,0.017913818359375
86720512,0.0188751220703125
86736896,0.0304107666015625
86753280,0.0241241455078125
86769664,0.03192138671875
86786048,0.0311126708984375
86802432,0.026611328125
86818816,0.0204925537109375
86835200,0.024871826171875
86851584,0.0323028564453125
86867968,0.026153564453125
86884352,0.0224609375
86900736,0.022491455078125
86917120,0.029632568359375
86933504,0.032318115234375
86949888,0.02642822265625
86966272,0.022552490234375
86982656,0.027496337890625
86999040,0.0311737060546875
87015424,0.0204620361328125
87031808,0.0295257568359375
87048192,0.0202484130859375
87064576,0.039520263671875
87080960,0.032501220703125
87097344,0.0244140625
87113728,0.0268096923828125
87130112,0.0212554931640625
87146496,0.0238494873046875
87162880,0.029632568359375
87179264,0.019500732421875
87195648,0.0271453857421875
87212032,0.030517578125
87228416,0.0277252197265625
87244800,0.022430419921875
87261184,0.0187835693359375
87277568,0.020416259765625
87293952,0.0204315185546875
87310336,0.01873779296875
87326720,0.032867431640625
87343104,0.0388336181640625
87359488,0.0336151123046875
87375872,0.0330047607421875
87392256,0.0367889404296875
87408640,0.0369415283203125
87425024,0.0252838134765625
87441408,0.0326690673828125
87457792,0.029937744140625
87474176,0.028350830078125
87490560,0.02508544921875
87506944,0.01446533203125
87523328,0.0200347900390625
87539712,0.026702880859375
87556096,0.0230560302734375
87572480,0.0261688232421875
87588864,0.0241851806640625
87605248,0.0240020751953125
87621632,0.029266357421875
87638016,0.030059814453125
87654400,0.0296478271484375
87670784,0.0283966064453125
87687168,0.0211639404296875
87703552,0.03619384765625
87719936,0.026031494140625
87736320,0.042816162109375
87752704,0.0321044921875
87769088,0.0184478759765625
87785472,0.028472900390625
87801856,0.02581787109375
87818240,0.02545166015625
87834624,0.02667236328125
87851008,0.0321044921875
87867392,0.0244140625
87883776,0.0307464599609375
87900160,0.0403900146484375
87916544,0.0300445556640625
87932928,0.023773193359375
87949312,0.024566650390625
87965696,0.0191497802734375
87982080,0.02825927734375
87998464,0.0272216796875
88014848,0.026458740234375
88031232,0.01751708984375
88047616,0.0254669189453125
88064000,0.0215301513671875
88080384,0.0257720947265625
88096768,0.0222320556640625
88113152,0.0214996337890625
88129536,0.025787353515625
88145920,0.0279693603515625
88162304,0.025482177734375
88178688,0.0314788818359375
88195072,0.034515380859375
88211456,0.0202484130859375
88227840,0.0246429443359375
88244224,0.0280914306640625
88260608,0.0256195068359375
88276992,0.01776123046875
88293376,0.0266265869140625
88309760,0.0231170654296875
88326144,0.0241241455078125
88342528,0.022674560546875
88358912,0.028961181640625
88375296,0.0238189697265625
88391680,0.0233154296875
88408064,0.0187530517578125
88424448,0.01971435546875
88440832,0.0241851806640625
88457216,0.0263671875
88473600,0.0229644775390625
88489984,0.022735595703125
88506368,0.021636962890625
88522752,0.02777099609375
88539136,0.01763916015625
88555520,0.0194091796875
88571904,0.0258636474609375
88588288,0.026947021484375
88604672,0.023468017578125
88621056,0.029205322265625
88637440,0.025421142578125
88653824,0.02593994140625
88670208,0.0348663330078125
88686592,0.0264892578125
88702976,0.03125
88719360,0.0384368896484375
88735744,0.026611328125
88752128,0.022247314453125
88768512,0.025665283203125
88784896,0.023101806640625
88801280,0.0330657958984375
88817664,0.0229949951171875
88834048,0.0284271240234375
88850432,0.0353240966796875
88866816,0.03302001953125
88883200,0.0321044921875
88899584,0.024017333984375
88915968,0.0247955322265625
88932352,0.0263671875
88948736,0.0380401611328125
88965120,0.02838134765625
88981504,0.0287017822265625
88997888,0.0197296142578125
89014272,0.0389404296875
89030656,0.027618408203125
89047040,0.0393218994140625
89063424,0.0341796875
89079808,0.032623291015625
89096192,0.022918701171875
89112576,0.03521728515625
89128960,0.0302734375
89145344,0.03289794921875
89161728,0.0399169921875
89178112,0.028564453125
89194496,0.0311126708984375
89210880,0.03082275390625
89227264,0.0284881591796875
89243648,0.0279083251953125
89260032,0.0270843505859375
89276416,0.0406341552734375
89292800,0.0396881103515625
89309184,0.025634765625
89325568,0.02099609375
89341952,0.0342254638671875
89358336,0.03045654296875
89374720,0.024749755859375
89391104,0.0342254638671875
89407488,0.024688720703125
89423872,0.0278778076171875
89440256,0.028350830078125
89456640,0.031890869140625
89473024,0.0330657958984375
89489408,0.0274505615234375
89505792,0.03411865234375
89522176,0.0348052978515625
89538560,0.041046142578125
89554944,0.0342864990234375
89571328,0.0297393798828125
89587712,0.03692626953125
89604096,0.024932861328125
89620480,0.0286407470703125
89636864,0.0317840576171875
89653248,0.027496337890625
89669632,0.032623291015625
89686016,0.041961669921875
89702400,0.0239410400390625
89718784,0.0275726318359375
89735168,0.0304412841796875
89751552,0.0260772705078125
89767936,0.0224456787109375
89784320,0.035919189453125
89800704,0.025238037109375
89817088,0.0334625244140625
89833472,0.0320892333984375
89849856,0.026763916015625
89866240,0.0271148681640625
89882624,0.044281005859375
89899008,0.02752685546875
89915392,0.0228729248046875
89931776,0.032257080078125
89948160,0.029510498046875
89964544,0.0255126953125
89980928,0.024200439453125
89997312,0.02972412109375
90013696,0.0304718017578125
90030080,0.0306243896484375
90046464,0.0290679931640625
90062848,0.0266876220703125
90079232,0.033782958984375
90095616,0.02197265625
90112000,0.0230865478515625
90128384,0.0335540771484375
90144768,0.036285400390625
90161152,0.0344696044921875
90177536,0.034912109375
90193920,0.0255584716796875
90210304,0.0323028564453125
90226688,0.0294952392578125
90243072,0.02703857421875
90259456,0.044830322265625
90275840,0.032501220703125
90292224,0.025909423828125
90308608,0.0277252197265625
90324992,0.0399932861328125
90341376,0.02935791015625
90357760,0.0330963134765625
90374144,0.0413360595703125
90390528,0.032470703125
90406912,0.038055419921875
90423296,0.040435791015625
90439680,0.036834716796875
90456064,0.0434417724609375
90472448,0.0328521728515625
90488832,0.027679443359375
90505216,0.030181884765625
90521600,0.03369140625
90537984,0.0280303955078125
90554368,0.036102294921875
90570752,0.03900146484375
90587136,0.0303955078125
90603520,0.0293731689453125
90619904,0.0294342041015625
90636288,0.0306549072265625
90652672,0.0179443359375
90669056,0.0275115966796875
90685440,0.030914306640625
90701824,0.0445098876953125
90718208,0.0377197265625
90734592,0.0240631103515625
90750976,0.035400390625
90767360,0.0334320068359375
90783744,0.03955078125
90800128,0.0397186279296875
90816512,0.033477783203125
90832896,0.0295257568359375
90849280,0.021453857421875
90865664,0.022003173828125
90882048,0.041290283203125
90898432,0.0303192138671875
90914816,0.03228759765625
90931200,0.026702880859375
90947584,0.038970947265625
90963968,0.040130615234375
90980352,0.0346221923828125
90996736,0.020965576171875
91013120,0.0289459228515625
91029504,0.0259857177734375
91045888,0.0426177978515625
91062272,0.03106689453125
91078656,0.0304718017578125
91095040,0.028900146484375
91111424,0.0284271240234375
91127808,0.031158447265625
91144192,0.035919189453125
91160576,0.0308837890625
91176960,0.0277252197265625
91193344,0.0394439697265625
91209728,0.0264739990234375
91226112,0.04290771484375
91242496,0.029052734375
91258880,0.02899169921875
91275264,0.025665283203125
91291648,0.02569580078125
91308032,0.0298004150390625
91324416,0.0312957763671875
91340800,0.0269775390625
91357184,0.02191162109375
91373568,0.0279083251953125
91389952,0.027313232421875
91406336,0.034698486328125
91422720,0.033203125
91439104,0.0260772705078125
91455488,0.0263214111328125
91471872,0.0189361572265625
91488256,0.0297088623046875
91504640,0.029815673828125
91521024,0.0301513671875
91537408,0.023651123046875
91553792,0.027984619140625
91570176,0.0267486572265625
91586560,0.021270751953125
91602944,0.0254974365234375
91619328,0.022857666015625
91635712,0.027587890625
91652096,0.0475921630859375
91668480,0.0375518798828125
91684864,0.036102294921875
91701248,0.0307769775390625
91717632,0.026947021484375
91734016,0.030487060546875
91750400,0.0411529541015625
91766784,0.032135009765625
91783168,0.0260162353515625
91799552,0.02880859375
91815936,0.0301971435546875
91832320,0.02996826171875
91848704,0.0292205810546875
91865088,0.0235443115234375
91881472,0.033172607421875
91897856,0.030181884765625
91914240,0.0267791748046875
91930624,0.02899169921875
91947008,0.0227203369140625
91963392,0.024139404296875
91979776,0.0306549072265625
91996160,0.0292816162109375
92012544,0.030975341796875
92028928,0.027679443359375
92045312,0.023193359375
92061696,0.03662109375
92078080,0.037139892578125
92094464,0.0241241455078125
92110848,0.0242767333984375
92127232,0.021942138671875
92143616,0.031951904296875
92160000,0.0236968994140625
92176384,0.0258331298828125
92192768,0.0251922607421875
92209152,0.0262908935546875
92225536,0.035400390625
92241920,0.02557373046875
92258304,0.0284576416015625
92274688,0.0294647216796875
92291072,0.0310821533203125
92307456,0.042572021484375
92323840,0.0286712646484375
92340224,0.02728271484375
92356608,0.01873779296875
92372992,0.0285797119140625
92389376,0.034210205078125
92405760,0.0218353271484375
92422144,0.0230712890625
92438528,0.046844482421875
92454912,0.0316162109375
92471296,0.0353546142578125
92487680,0.0283050537109375
92504064,0.0313568115234375
92520448,0.0322723388671875
92536832,0.0220184326171875
92553216,0.0307769775390625
92569600,0.02435302734375
92585984,0.0249786376953125
92602368,0.0237884521484375
92618752,0.022125244140625
92635136,0.02294921875
92651520,0.029266357421875
92667904,0.027679443359375
92684288,0.0273590087890625
92700672,0.02593994140625
92717056,0.030364990234375
92733440,0.0309295654296875
92749824,0.02532958984375
92766208,0.0270538330078125
92782592,0.0387725830078125
92798976,0.025299072265625
92815360,0.017364501953125
92831744,0.021942138671875
92848128,0.0335540771484375
92864512,0.0235137939453125
92880896,0.02685546875
92897280,0.03570556640625
92913664,0.038055419921875
92930048,0.0196533203125
92946432,0.024017333984375
92962816,0.0294189453125
92979200,0.0257110595703125
92995584,0.0263824462890625
93011968,0.035675048828125
93028352,0.0331878662109375
93044736,0.02886962890625
93061120,0.0228271484375
93077504,0.0181427001953125
93093888,0.0222015380859375
93110272,0.0279541015625
93126656,0.0246734619140625
93143040,0.0356292724609375
93159424,0.022369384765625
93175808,0.0386962890625
93192192,0.0267333984375
93208576,0.021148681640625
93224960,0.0339508056640625
93241344,0.0313568115234375
93257728,0.0229644775390625
93274112,0.0273590087890625
93290496,0.033843994140625
93306880,0.032806396484375
93323264,0.03204345703125
93339648,0.02764892578125
93356032,0.024932861328125
93372416,0.024932861328125
93388800,0.0288543701171875
93405184,0.0210418701171875
93421568,0.02313232421875
93437952,0.0389251708984375
93454336,0.02972412109375
93470720,0.0213470458984375
93487104,0.0200347900390625
93503488,0.0287933349609375
93519872,0.0307159423828125
93536256,0.01934814453125
93552640,0.026763916015625
93569024,0.0347747802734375
93585408,0.0360870361328125
93601792,0.029052734375
93618176,0.0243682861328125
93634560,0.0377197265625
93650944,0.021087646484375
93667328,0.026947021484375
93683712,0.0316009521484375
93700096,0.03228759765625
93716480,0.032135009765625
93732864,0.0336456298828125
93749248,0.02490234375
93765632,0.03240966796875
93782016,0.0394134521484375
93798400,0.0288848876953125
93814784,0.0243072509765625
93831168,0.0373992919921875
93847552,0.0298309326171875
93863936,0.028350830078125
93880320,0.019012451171875
93896704,0.023468017578125
93913088,0.026763916015625
93929472,0.0290374755859375
93945856,0.032928466796875
93962240,0.0295257568359375
93978624,0.030548095703125
93995008,0.0299530029296875
94011392,0.021087646484375
94027776,0.041046142578125
94044160,0.02337646484375
94060544,0.0244293212890625
94076928,0.030364990234375
94093312,0.020904541015625
94109696,0.02105712890625
94126080,0.0285186767578125
94142464,0.0308074951171875
94158848,0.0288238525390625
94175232,0.03082275390625
94191616,0.0211639404296875
94208000,0.0300140380859375
94224384,0.0230865478515625
94240768,0.029815673828125
94257152,0.024322509765625
94273536,0.030914306640625
94289920,0.0345916748046875
94306304,0.0220794677734375
94322688,0.0305633544921875
94339072,0.02935791015625
94355456,0.022308349609375
94371840,0.033599853515625
94388224,0.02471923828125
94404608,0.0388946533203125
94420992,0.0262603759765625
94437376,0.020782470703125
94453760,0.025909423828125
94470144,0.0267333984375
94486528,0.025299072265625
94502912,0.02569580078125
94519296,0.02264404296875
94535680,0.022216796875
94552064,0.0307464599609375
94568448,0.0203399658203125
94584832,0.0420074462890625
94601216,0.038665771484375
94617600,0.034271240234375
94633984,0.0313262939453125
94650368,0.03118896484375
94666752,0.0284881591796875
94683136,0.0369415283203125
94699520,0.026214599609375
94715904,0.0374298095703125
94732288,0.0201873779296875
94748672,0.035400390625
94765056,0.030181884765625
94781440,0.0271148681640625
94797824,0.0284271240234375
94814208,0.029937744140625
94830592,0.0216522216796875
94846976,0.044830322265625
94863360,0.0224456787109375
94879744,0.027099609375
94896128,0.0249481201171875
94912512,0.0237579345703125
94928896,0.0244140625
94945280,0.0283355712890625
94961664,0.0186309814453125
94978048,0.032928466796875
94994432,0.021942138671875
95010816,0.0273284912109375
95027200,0.0151824951171875
95043584,0.02581787109375
95059968,0.02606201171875
95076352,0.0354461669921875
95092736,0.0271148681640625
95109120,0.0260162353515625
95125504,0.0245361328125
95141888,0.018798828125
95158272,0.024688720703125
95174656,0.0243682861328125
95191040,0.021484375
95207424,0.033905029296875
95223808,0.0281829833984375
95240192,0.0290069580078125
95256576,0.0207061767578125
95272960,0.021209716796875
95289344,0.0213775634765625
95305728,0.026458740234375
95322112,0.0261077880859375
95338496,0.0260162353515625
95354880,0.027374267578125
95371264,0.020782470703125
95387648,0.0164031982421875
95404032,0.026123046875
95420416,0.0214996337890625
95436800,0.0230560302734375
95453184,0.029296875
95469568,0.025482177734375
95485952,0.0274505615234375
95502336,0.0286712646484375
95518720,0.0258636474609375
95535104,0.0290374755859375
95551488,0.024017333984375
95567872,0.0246734619140625
95584256,0.019073486328125
95600640,0.03277587890625
95617024,0.02557373046875
95633408,0.0250701904296875
95649792,0.024322509765625
95666176,0.0295562744140625
95682560,0.0196533203125
95698944,0.016265869140625
95715328,0.0202789306640625
95731712,0.026458740234375
95748096,0.0305633544921875
95764480,0.0255584716796875
95780864,0.020904541015625
95797248,0.027374267578125
95813632,0.0238800048828125
95830016,0.0224151611328125
95846400,0.0186767578125
95862784,0.0219573974609375
95879168,0.0206146240234375
95895552,0.0273590087890625
95911936,0.0221099853515625
95928320,0.0241851806640625
95944704,0.01593017578125
95961088,0.0195770263671875
95977472,0.016937255859375
95993856,0.0210113525390625
96010240,0.022491455078125
96026624,0.0210113525390625
96043008,0.0210418701171875
96059392,0.0216522216796875
96075776,0.0148773193359375
96092160,0.0263214111328125
96108544,0.020965576171875
96124928,0.0279541015625
96141312,0.0238037109375
96157696,0.0245361328125
96174080,0.02276611328125
96190464,0.0186309814453125
96206848,0.0274200439453125
96223232,0.0204620361328125
96239616,0.0188446044921875
96256000,0.017242431640625
96272384,0.0242767333984375
96288768,0.029510498046875
96305152,0.021636962890625
96321536,0.0166778564453125
96337920,0.0225677490234375
96354304,0.019805908203125
96370688,0.0210418701171875
96387072,0.022308349609375
96403456,0.0259857177734375
96419840,0.022491455078125
96436224,0.024200439453125
96452608,0.0262908935546875
96468992,0.0203857421875
96485376,0.0187530517578125
96501760,0.02838134765625
96518144,0.0194091796875
96534528,0.0281829833984375
96550912,0.0332794189453125
96567296,0.0264892578125
96583680,0.029449462890625
96600064,0.029296875
96616448,0.0202789306640625
96632832,0.0238189697265625
96649216,0.0299224853515625
96665600,0.0155792236328125
96681984,0.0286407470703125
96698368,0.0184783935546875
96714752,0.0338592529296875
96731136,0.0318603515625
96747520,0.0278778076171875
96763904,0.0197906494140625
96780288,0.0282440185546875
96796672,0.0227813720703125
96813056,0.0218658447265625
96829440,0.0214996337890625
96845824,0.027618408203125
96862208,0.0279083251953125
96878592,0.0320587158203125
96894976,0.0199432373046875
96911360,0.0356903076171875
96927744,0.0235595703125
96944128,0.0189056396484375
96960512,0.024078369140625
96976896,0.0283966064453125
96993280,0.027984619140625
97009664,0.02288818359375
97026048,0.020050048828125
97042432,0.0337982177734375
97058816,0.0228271484375
97075200,0.028594970703125
97091584,0.0266265869140625
97107968,0.0327606201171875
97124352,0.0290374755859375
97140736,0.0264892578125
97157120,0.0216064453125
97173504,0.021453857421875
97189888,0.036468505859375
97206272,0.025482177734375
97222656,0.0289306640625
97239040,0.03839111328125
97255424,0.0210418701171875
97271808,0.0195465087890625
97288192,0.022003173828125
97304576,0.02508544921875
97320960,0.02911376953125
97337344,0.03369140625
97353728,0.0362701416015625
97370112,0.02716064453125
97386496,0.029296875
97402880,0.029815673828125
97419264,0.0219268798828125
97435648,0.0292816162109375
97452032,0.017120361328125
97468416,0.0301361083984375
97484800,0.0225830078125
97501184,0.0235137939453125
97517568,0.0218963623046875
97533952,0.0225677490234375
97550336,0.019775390625
97566720,0.019561767578125
97583104,0.03509521484375
97599488,0.018218994140625
97615872,0.0321807861328125
97632256,0.02325439453125
97648640,0.0247802734375
97665024,0.0213623046875
97681408,0.0206451416015625
97697792,0.0215301513671875
97714176,0.01788330078125
97730560,0.024169921875
97746944,0.0182037353515625
97763328,0.028350830078125
97779712,0.024383544921875
97796096,0.025360107421875
97812480,0.02764892578125
97828864,0.0225830078125
97845248,0.02728271484375
97861632,0.0293121337890625
97878016,0.0340423583984375
97894400,0.028045654296875
97910784,0.020782470703125
97927168,0.0357818603515625
97943552,0.0276641845703125
97959936,0.026123046875
97976320,0.03326416015625
97992704,0.0233306884765625
98009088,0.0323028564453125
98025472,0.0299835205078125
98041856,0.02154541015625
98058240,0.022125244140625
98074624,0.02569580078125
98091008,0.02783203125
98107392,0.0339508056640625
98123776,0.027435302734375
98140160,0.0303802490234375
98156544,0.026458740234375
98172928,0.0287017822265625
98189312,0.0240325927734375
98205696,0.02508544921875
98222080,0.0347442626953125
98238464,0.027496337890625
98254848,0.026763916015625
98271232,0.0309906005859375
98287616,0.0192108154296875
98304000,0.0225372314453125
98320384,0.0230255126953125
98336768,0.0372314453125
98353152,0.02874755859375
98369536,0.0286865234375
98385920,0.0201568603515625
98402304,0.0229644775390625
98418688,0.023834228515625
98435072,0.0200653076171875
98451456,0.02374267578125
98467840,0.0248565673828125
98484224,0.0223846435546875
98500608,0.0297393798828125
98516992,0.0257415771484375
98533376,0.031524658203125
98549760,0.034393310546875
98566144,0.0234527587890625
98582528,0.025360107421875
98598912,0.0285491943359375
98615296,0.028900146484375
98631680,0.0289154052734375
98648064,0.0306854248046875
98664448,0.0260772705078125
98680832,0.021728515625
98697216,0.01959228515625
98713600,0.0335235595703125
98729984,0.0209197998046875
98746368,0.033538818359375
98762752,0.02783203125
98779136,0.0264892578125
98795520,0.0256500244140625
98811904,0.0268096923828125
98828288,0.0263824462890625
98844672,0.0291595458984375
98861056,0.02850341796875
98877440,0.030517578125
98893824,0.0376129150390625
98910208,0.027801513671875
98926592,0.0232391357421875
98942976,0.0335693359375
98959360,0.0208587646484375
98975744,0.0233001708984375
98992128,0.029449462890625
99008512,0.0331878662109375
99024896,0.0297393798828125
99041280,0.029022216796875
99057664,0.0274658203125
99074048,0.015228271484375
99090432,0.023284912109375
99106816,0.0303192138671875
99123200,0.02911376953125
99139584,0.0268707275390625
99155968,0.02685546875
99172352,0.0381011962890625
99188736,0.0427093505859375
99205120,0.031890869140625
99221504,0.022430419921875
99237888,0.029571533203125
99254272,0.0248870849609375
99270656,0.01885986328125
99287040,0.02691650390625
99303424,0.026824951171875
99319808,0.0301055908203125
99336192,0.030853271484375
99352576,0.038421630859375
99368960,0.0336456298828125
99385344,0.0212554931640625
99401728,0.0302886962890625
99418112,0.0250244140625
99434496,0.0310516357421875
99450880,0.025482177734375
99467264,0.0297698974609375
99483648,0.0261688232421875
99500032,0.0346221923828125
99516416,0.0244293212890625
99532800,0.033172607421875
99549184,0.0198974609375
99565568,0.0262603759765625
99581952,0.02801513671875
99598336,0.0268096923828125
99614720,0.026611328125
99631104,0.02447509765625
99647488,0.027008056640625
99663872,0.02545166015625
99680256,0.0305633544921875
99696640,0.0240325927734375
99713024,0.03204345703125
99729408,0.019561767578125
99745792,0.0314178466796875
99762176,0.0361175537109375
99778560,0.019287109375
99794944,0.0308685302734375
99811328,0.0262298583984375
99827712,0.0262451171875
99844096,0.0234375
99860480,0.02581787109375
99876864,0.032196044921875
99893248,0.0242156982421875
99909632,0.031585693359375
99926016,0.0432281494140625
99942400,0.02490234375
99958784,0.029571533203125
99975168,0.0255279541015625
99991552,0.02984619140625
