step,value
16384,6243.47314453125
32768,6269.1572265625
49152,3394.1005859375
65536,4015.712890625
81920,3608.363525390625
98304,3678.8994140625
114688,2378.70166015625
131072,2506.0478515625
147456,1782.88671875
163840,2427.64306640625
180224,1879.3748779296875
196608,1447.449951171875
212992,1757.3331298828125
229376,1292.0224609375
245760,943.0570068359375
262144,1445.86962890625
278528,1869.549072265625
294912,1545.084228515625
311296,1854.759033203125
327680,1275.40185546875
344064,761.1611328125
360448,1483.9454345703125
376832,1026.8677978515625
393216,1191.42431640625
409600,1252.3770751953125
425984,1124.054443359375
442368,725.8276977539062
458752,741.8707275390625
475136,1792.876953125
491520,825.51953125
507904,518.3963623046875
524288,891.1941528320312
540672,1504.312255859375
557056,987.5203857421875
573440,968.0068969726562
589824,972.5304565429688
606208,858.811279296875
622592,1197.1534423828125
638976,904.34228515625
655360,1230.4224853515625
671744,941.5473022460938
688128,730.143310546875
704512,627.9158325195312
720896,706.6448974609375
737280,653.3816528320312
753664,978.6963500976562
770048,951.787109375
786432,703.5135498046875
802816,773.7953491210938
819200,1267.453857421875
835584,739.63671875
851968,777.89111328125
868352,927.4281005859375
884736,625.9126586914062
901120,1404.485107421875
917504,1160.072998046875
933888,1286.0169677734375
950272,712.52783203125
966656,647.3463134765625
983040,724.125244140625
999424,957.605224609375
1015808,837.9207763671875
1032192,813.702392578125
1048576,665.296875
1064960,696.5179443359375
1081344,851.8267822265625
1097728,909.21435546875
1114112,1037.6563720703125
1130496,580.4901733398438
1146880,694.8551025390625
1163264,907.8746337890625
1179648,885.37646484375
1196032,747.1063232421875
1212416,784.0928955078125
1228800,761.1757202148438
1245184,729.775634765625
1261568,730.9462890625
1277952,736.627197265625
1294336,837.8942260742188
1310720,684.1271362304688
1327104,931.2772216796875
1343488,544.201171875
1359872,648.1661376953125
1376256,824.27392578125
1392640,876.9185791015625
1409024,1036.406005859375
1425408,655.0214233398438
1441792,638.9893188476562
1458176,735.85009765625
1474560,678.365234375
1490944,749.8591918945312
1507328,781.0306396484375
1523712,743.7506713867188
1540096,752.945556640625
1556480,696.537353515625
1572864,720.7852783203125
1589248,984.4180908203125
1605632,686.801513671875
1622016,783.3824462890625
1638400,525.839599609375
1654784,828.15673828125
1671168,951.9390869140625
1687552,740.1460571289062
1703936,620.2598876953125
1720320,664.6599731445312
1736704,688.6041259765625
1753088,580.1900024414062
1769472,574.8755493164062
1785856,746.9627685546875
1802240,727.6256103515625
1818624,807.69873046875
1835008,646.3787841796875
1851392,446.50567626953125
1867776,634.6231689453125
1884160,763.28076171875
1900544,533.8045043945312
1916928,594.4141845703125
1933312,687.1282348632812
1949696,615.5762939453125
1966080,458.7265625
1982464,653.92919921875
1998848,646.3646240234375
2015232,610.3472900390625
2031616,528.0971069335938
2048000,647.4904174804688
2064384,536.7459716796875
2080768,675.5699462890625
2097152,722.19384765625
2113536,776.1987915039062
2129920,685.156982421875
2146304,679.2471923828125
2162688,544.463134765625
2179072,591.5125732421875
2195456,520.025146484375
2211840,425.34857177734375
2228224,663.681640625
2244608,593.6173706054688
2260992,486.9838562011719
2277376,933.0594482421875
2293760,612.3345336914062
2310144,846.0607299804688
2326528,565.0900268554688
2342912,531.2503662109375
2359296,558.586669921875
2375680,468.68902587890625
2392064,765.17236328125
2408448,592.9967651367188
2424832,608.231201171875
2441216,562.8278198242188
2457600,720.845458984375
2473984,737.6931762695312
2490368,538.336669921875
2506752,575.0765991210938
2523136,443.837646484375
2539520,486.19598388671875
2555904,773.4183349609375
2572288,450.1624450683594
2588672,610.9989013671875
2605056,442.0009765625
2621440,362.79315185546875
2637824,550.9799194335938
2654208,465.34930419921875
2670592,1009.9981689453125
2686976,842.0521850585938
2703360,518.179443359375
2719744,633.2562866210938
2736128,424.52423095703125
2752512,481.6971130371094
2768896,388.0712890625
2785280,516.5358276367188
2801664,391.0595703125
2818048,492.49462890625
2834432,377.8346862792969
2850816,427.5911865234375
2867200,441.13092041015625
2883584,633.531005859375
2899968,539.1241455078125
2916352,497.4818420410156
2932736,352.28790283203125
2949120,220.78424072265625
2965504,534.853759765625
2981888,553.593505859375
2998272,410.2733459472656
3014656,639.4315185546875
3031040,531.9258422851562
3047424,511.6650085449219
3063808,530.8404541015625
3080192,279.3026123046875
3096576,409.71954345703125
3112960,274.2334289550781
3129344,460.134033203125
3145728,394.37298583984375
3162112,255.78338623046875
3178496,282.51025390625
3194880,470.6733093261719
3211264,386.59417724609375
3227648,380.9443359375
3244032,383.6572265625
3260416,352.98016357421875
3276800,371.53546142578125
3293184,320.51397705078125
3309568,1196.7669677734375
3325952,302.384765625
3342336,459.7405700683594
3358720,450.92498779296875
3375104,867.2706298828125
3391488,569.55419921875
3407872,582.748779296875
3424256,1003.1383666992188
3440640,317.24346923828125
3457024,769.7108154296875
3473408,536.6468505859375
3489792,235.72691345214844
3506176,270.50506591796875
3522560,269.9870300292969
3538944,323.5578308105469
3555328,731.5595092773438
3571712,429.59307861328125
3588096,313.47601318359375
3604480,595.3134765625
3620864,744.9547729492188
3637248,320.6462707519531
3653632,249.11422729492188
3670016,164.13348388671875
3686400,338.60675048828125
3702784,252.53070068359375
3719168,208.00868225097656
3735552,274.39031982421875
3751936,497.38134765625
3768320,411.2381591796875
3784704,193.05410766601562
3801088,119.7294921875
3817472,510.33074951171875
3833856,381.2313537597656
3850240,454.18511962890625
3866624,171.38418579101562
3883008,199.38381958007812
3899392,152.14596557617188
3915776,1353.5445556640625
3932160,1138.7196044921875
3948544,157.50213623046875
3964928,120.01310729980469
3981312,291.7761535644531
3997696,199.83090209960938
4014080,156.7638702392578
4030464,190.263671875
4046848,216.34820556640625
4063232,238.48353576660156
4079616,232.20712280273438
4096000,117.4416732788086
4112384,230.36846923828125
4128768,133.75152587890625
4145152,365.43017578125
4161536,203.8245086669922
4177920,142.7641143798828
4194304,81.61266326904297
4210688,104.15629577636719
4227072,74.9119644165039
4243456,140.34185791015625
4259840,156.17372131347656
4276224,56.42182540893555
4292608,142.77597045898438
4308992,86.06626892089844
4325376,91.25273132324219
4341760,350.11962890625
4358144,164.6352996826172
4374528,56.863983154296875
4390912,86.95954895019531
4407296,58.255165100097656
4423680,141.8420867919922
4440064,66.67711639404297
4456448,48.72071838378906
4472832,50.710384368896484
4489216,90.6069107055664
4505600,62.45719909667969
4521984,147.20436096191406
4538368,35.788902282714844
4554752,36.73524475097656
4571136,160.46311950683594
4587520,50.37886047363281
4603904,300.93994140625
4620288,42.472259521484375
4636672,33.75770568847656
4653056,25.041057586669922
4669440,101.2640380859375
4685824,56.70470428466797
4702208,133.5135498046875
4718592,36.25309753417969
4734976,188.74685668945312
4751360,41.9130859375
4767744,35.514015197753906
4784128,33.39165496826172
4800512,422.79638671875
4816896,879.8783569335938
4833280,32.484580993652344
4849664,18.771175384521484
4866048,25.79574966430664
4882432,27.089908599853516
4898816,254.98995971679688
4915200,23.394733428955078
4931584,25.845773696899414
4947968,79.22972106933594
4964352,36.303184509277344
4980736,29.970077514648438
4997120,166.55372619628906
5013504,15.14797592163086
5029888,179.96560668945312
5046272,38.888587951660156
5062656,21.867286682128906
5079040,19.537094116210938
5095424,100.13408660888672
5111808,21.405986785888672
5128192,9.92308235168457
5144576,17.652362823486328
5160960,13.56585693359375
5177344,53.63722610473633
5193728,139.40548706054688
5210112,14.694293975830078
5226496,91.41937255859375
5242880,673.4642944335938
5259264,17.56185531616211
5275648,10.989157676696777
5292032,30.03195571899414
5308416,109.02835845947266
5324800,15.940669059753418
5341184,21.73492431640625
5357568,218.68577575683594
5373952,16.551271438598633
5390336,9.91092586517334
5406720,18.060161590576172
5423104,698.8572387695312
5439488,168.47109985351562
5455872,28.371845245361328
5472256,123.95555114746094
5488640,24.085426330566406
5505024,65.14322662353516
5521408,5.791287422180176
5537792,11.178666114807129
5554176,16.896785736083984
5570560,9.274129867553711
5586944,5.256391525268555
5603328,8.236734390258789
5619712,8.290287971496582
5636096,11.048480033874512
5652480,8.548151969909668
5668864,11.786300659179688
5685248,11.476869583129883
5701632,10.943780899047852
5718016,13.527366638183594
5734400,19.994815826416016
5750784,9.720136642456055
5767168,13.50149154663086
5783552,10.519250869750977
5799936,36.95419692993164
5816320,10.520501136779785
5832704,10.18455696105957
5849088,21.712615966796875
5865472,8.659978866577148
5881856,13.077598571777344
5898240,8.81900691986084
5914624,8.356459617614746
5931008,10.227246284484863
5947392,54.236053466796875
5963776,7.219676971435547
5980160,56.351295471191406
5996544,7.329958438873291
6012928,19.132583618164062
6029312,133.8719024658203
6045696,20.3138427734375
6062080,90.58524322509766
6078464,17.190988540649414
6094848,8.517216682434082
6111232,10.903554916381836
6127616,37.87016677856445
6144000,18.880630493164062
6160384,11.711251258850098
6176768,12.698267936706543
6193152,22.530548095703125
6209536,8.452726364135742
6225920,7.347965240478516
6242304,5.23522424697876
6258688,4.919792175292969
6275072,6.465571403503418
6291456,10.216675758361816
6307840,6.437667369842529
6324224,7.905486106872559
6340608,38.84517288208008
6356992,5.583465576171875
6373376,7.167524337768555
6389760,5.505810737609863
6406144,4.641692161560059
6422528,6.91851282119751
6438912,8.75700569152832
6455296,5.458518028259277
6471680,12.920547485351562
6488064,59.23119354248047
6504448,7.814743995666504
6520832,7.158638954162598
6537216,32.23054504394531
6553600,8.712579727172852
6569984,5.804115295410156
6586368,8.047128677368164
6602752,5.251309394836426
6619136,42.20167541503906
6635520,9.235954284667969
6651904,39.671897888183594
6668288,5.998509407043457
6684672,30.397602081298828
6701056,13.687973976135254
6717440,112.16252136230469
6733824,6.0340681076049805
6750208,12.486055374145508
6766592,8.13610553741455
6782976,8.21558952331543
6799360,35.931800842285156
6815744,6.452409744262695
6832128,13.79042911529541
6848512,13.427578926086426
6864896,6.5627007484436035
6881280,23.8955020904541
6897664,13.098843574523926
6914048,12.886924743652344
6930432,6.362856864929199
6946816,7.743484973907471
6963200,7.4385199546813965
6979584,82.96504211425781
6995968,11.015593528747559
7012352,12.663664817810059
7028736,10.01394271850586
7045120,13.820115089416504
7061504,10.989965438842773
7077888,31.998210906982422
7094272,93.76875305175781
7110656,21.744197845458984
7127040,17.518285751342773
7143424,6.278105735778809
7159808,5.025207042694092
7176192,109.01251983642578
7192576,51.2172737121582
7208960,10.479188919067383
7225344,15.346868515014648
7241728,11.84616470336914
7258112,8.741144180297852
7274496,31.505409240722656
7290880,11.9907808303833
7307264,6.682295799255371
7323648,18.892812728881836
7340032,21.479625701904297
7356416,12.697075843811035
7372800,19.336177825927734
7389184,12.320499420166016
7405568,13.975199699401855
7421952,10.55974006652832
7438336,10.699701309204102
7454720,10.746689796447754
7471104,25.934621810913086
7487488,1113.5369873046875
7503872,10.04415225982666
7520256,20.12390899658203
7536640,14.691131591796875
7553024,11.568817138671875
7569408,85.512451171875
7585792,8.181829452514648
7602176,11.765863418579102
7618560,171.51332092285156
7634944,9.68246078491211
7651328,16.442365646362305
7667712,16.22606086730957
7684096,50.26306915283203
7700480,328.1824035644531
7716864,6.487123012542725
7733248,150.07286071777344
7749632,33.610595703125
7766016,10.395767211914062
7782400,71.72071075439453
7798784,21.661819458007812
7815168,69.99617004394531
7831552,82.58246612548828
7847936,19.72612762451172
7864320,14.80960464477539
7880704,9.528438568115234
7897088,46.38990783691406
7913472,47.58970642089844
7929856,9.999117851257324
7946240,25.255495071411133
7962624,164.3279266357422
7979008,10.633209228515625
7995392,14.795862197875977
8011776,29.783763885498047
8028160,4.014535427093506
8044544,7.579455375671387
8060928,150.13099670410156
8077312,11.333093643188477
8093696,88.22896575927734
8110080,22.374067306518555
8126464,11.207219123840332
8142848,40.77175521850586
8159232,109.60326385498047
8175616,11.897664070129395
8192000,39.4693603515625
8208384,83.67843627929688
8224768,88.90502166748047
8241152,19.743099212646484
8257536,84.41371154785156
8273920,13.171422004699707
8290304,17.977783203125
8306688,12.334424018859863
8323072,38.959808349609375
8339456,6.4745683670043945
8355840,7.784404277801514
8372224,6.534509658813477
8388608,28.20908546447754
8404992,29.89816665649414
8421376,7.8965840339660645
8437760,51.0752067565918
8454144,24.306795120239258
8470528,73.1496353149414
8486912,545.404296875
8503296,168.9287567138672
8519680,25.779865264892578
8536064,20.091081619262695
8552448,4.374575614929199
8568832,58.58411407470703
8585216,10.982843399047852
8601600,20.530731201171875
8617984,7.334290504455566
8634368,71.69575500488281
8650752,94.80264282226562
8667136,32.20386505126953
8683520,13.775558471679688
8699904,59.93943786621094
8716288,66.29998779296875
8732672,34.58525085449219
8749056,28.665725708007812
8765440,886.216064453125
8781824,30.80083465576172
8798208,301.3406066894531
8814592,8.25665283203125
8830976,145.58328247070312
8847360,106.63542175292969
8863744,16.235416412353516
8880128,13.292583465576172
8896512,42.42742919921875
8912896,9.75268268585205
8929280,107.38101959228516
8945664,5.228338241577148
8962048,69.26907348632812
8978432,168.01455688476562
8994816,34.38209915161133
9011200,79.64408111572266
9027584,7.730670928955078
9043968,142.38125610351562
9060352,22.091611862182617
9076736,19.634077072143555
9093120,11.03430461883545
9109504,51.01844024658203
9125888,13.965001106262207
9142272,5.364774703979492
9158656,45.730472564697266
9175040,13.366470336914062
9191424,7.11373233795166
9207808,37.16835021972656
9224192,651.0845947265625
9240576,136.0187530517578
9256960,844.0833740234375
9273344,306.8017578125
9289728,45.77289962768555
9306112,265.1029357910156
9322496,921.7382202148438
9338880,837.07470703125
9355264,222.23629760742188
9371648,442.1033935546875
9388032,151.93292236328125
9404416,959.636474609375
9420800,576.4180908203125
9437184,498.1790466308594
9453568,113.8148422241211
9469952,121.80731964111328
9486336,35.174766540527344
9502720,13.556222915649414
9519104,5.872385025024414
9535488,183.95477294921875
9551872,349.7415466308594
9568256,200.58847045898438
9584640,128.5227508544922
9601024,498.4963684082031
9617408,72.27008056640625
9633792,24.439395904541016
9650176,95.3602066040039
9666560,643.2210693359375
9682944,132.22756958007812
9699328,463.203369140625
9715712,559.658935546875
9732096,8.382731437683105
9748480,409.428466796875
9764864,23.661428451538086
9781248,686.0025634765625
9797632,9.584571838378906
9814016,6.4449782371521
9830400,9.946012496948242
9846784,10.008831977844238
9863168,109.85820770263672
9879552,55.85304260253906
9895936,58.49428939819336
9912320,13.359474182128906
9928704,59.71952819824219
9945088,196.75717163085938
9961472,17.359081268310547
9977856,9.47021484375
9994240,360.96142578125
10010624,23.404083251953125
10027008,6.853833198547363
10043392,15.37165641784668
10059776,16.65207290649414
10076160,9.706520080566406
10092544,390.7064514160156
10108928,6.431494235992432
10125312,9.083187103271484
10141696,8.187019348144531
10158080,9.567465782165527
10174464,16.803539276123047
10190848,8.789618492126465
10207232,10.26799201965332
10223616,7.105194568634033
10240000,14.505773544311523
10256384,9.208454132080078
10272768,8.120529174804688
10289152,11.397022247314453
10305536,19.196046829223633
10321920,16.199321746826172
10338304,27.029373168945312
10354688,5.518304824829102
10371072,14.328048706054688
10387456,20.413158416748047
10403840,43.14822006225586
10420224,12.37321662902832
10436608,8.163887023925781
10452992,20.444799423217773
10469376,9.926345825195312
10485760,11.60627555847168
10502144,227.5391082763672
10518528,7.195626258850098
10534912,79.16885375976562
10551296,131.68783569335938
10567680,44.25786590576172
10584064,8.343390464782715
10600448,9.12240219116211
10616832,7.261529922485352
10633216,6.900914192199707
10649600,8.448368072509766
10665984,13.278955459594727
10682368,4.3153395652771
10698752,79.67446899414062
10715136,89.95021057128906
10731520,23.42879295349121
10747904,122.16386413574219
10764288,13.984402656555176
10780672,15.186514854431152
10797056,110.24388885498047
10813440,23.664514541625977
10829824,9.694255828857422
10846208,12.941722869873047
10862592,10.154275894165039
10878976,42.17203140258789
10895360,6.0907979011535645
10911744,10.946910858154297
10928128,152.773681640625
10944512,10.331445693969727
10960896,18.986921310424805
10977280,6.999922752380371
10993664,11.783609390258789
11010048,63.302608489990234
11026432,12.667177200317383
11042816,13.772049903869629
11059200,12.030176162719727
11075584,135.94964599609375
11091968,6.835259914398193
11108352,7.140628814697266
11124736,28.522825241088867
11141120,41.10539245605469
11157504,157.05934143066406
11173888,153.8165740966797
11190272,11.838481903076172
11206656,19.170387268066406
11223040,22.583236694335938
11239424,8.800127983093262
11255808,3.5812480449676514
11272192,9.98371696472168
11288576,203.91220092773438
11304960,8.509207725524902
11321344,17.82933807373047
11337728,396.6744079589844
11354112,7.77980899810791
11370496,217.84852600097656
11386880,9.372241020202637
11403264,196.20758056640625
11419648,63.32408905029297
11436032,81.95606994628906
11452416,26.152786254882812
11468800,23.646516799926758
11485184,547.828369140625
11501568,365.647216796875
11517952,16.535552978515625
11534336,584.7530517578125
11550720,12.413684844970703
11567104,227.83297729492188
11583488,9.660985946655273
11599872,246.52317810058594
11616256,22.370479583740234
11632640,111.9345703125
11649024,41.62162780761719
11665408,14.402584075927734
11681792,92.2885971069336
11698176,258.0452880859375
11714560,55.20275115966797
11730944,25.307403564453125
11747328,148.23204040527344
11763712,14.560762405395508
11780096,64.74500274658203
11796480,46.576969146728516
11812864,611.5740966796875
11829248,130.3069305419922
11845632,197.39944458007812
11862016,279.7757263183594
11878400,443.88555908203125
11894784,78.34642791748047
11911168,8.067266464233398
11927552,16.225906372070312
11943936,308.24456787109375
11960320,203.5036163330078
11976704,194.40963745117188
11993088,43.834205627441406
12009472,18.964590072631836
12025856,336.7030029296875
12042240,122.52640533447266
12058624,76.65673828125
12075008,251.14999389648438
12091392,470.6270446777344
12107776,570.9947509765625
12124160,375.10015869140625
12140544,483.4228820800781
12156928,9.942474365234375
12173312,222.92343139648438
12189696,189.86859130859375
12206080,353.8536682128906
12222464,264.00921630859375
12238848,96.0667724609375
12255232,378.1694030761719
12271616,238.22665405273438
12288000,399.598388671875
12304384,769.1536254882812
12320768,218.22825622558594
12337152,172.69717407226562
12353536,282.9751281738281
12369920,286.83001708984375
12386304,8.037117004394531
12402688,125.9129638671875
12419072,38.60693359375
12435456,333.43145751953125
12451840,94.17607116699219
12468224,382.1061706542969
12484608,158.62013244628906
12500992,247.64622497558594
12517376,2228.41357421875
12533760,693.134033203125
12550144,121.29393005371094
12566528,93.08192443847656
12582912,300.0455017089844
12599296,248.3584747314453
12615680,30.716272354125977
12632064,155.9145050048828
12648448,566.6112060546875
12664832,127.58954620361328
12681216,229.31369018554688
12697600,79.48896789550781
12713984,586.30078125
12730368,114.79399108886719
12746752,119.6805648803711
12763136,286.33270263671875
12779520,41.63087463378906
12795904,330.05926513671875
12812288,162.599853515625
12828672,20.539745330810547
12845056,16.764787673950195
12861440,87.82307434082031
12877824,8.222919464111328
12894208,19.785236358642578
12910592,109.16722869873047
12926976,30.15402603149414
12943360,82.48455047607422
12959744,136.75918579101562
12976128,199.12916564941406
12992512,28.27716064453125
13008896,89.52197265625
13025280,60.44142150878906
13041664,25.142253875732422
13058048,412.1601867675781
13074432,43.044281005859375
13090816,33.49696350097656
13107200,381.92254638671875
13123584,99.77223205566406
13139968,346.4424743652344
13156352,209.6729736328125
13172736,339.7994384765625
13189120,283.182373046875
13205504,9.880407333374023
13221888,312.4728088378906
13238272,6.081574440002441
13254656,41.32879638671875
13271040,16.966089248657227
13287424,292.4197692871094
13303808,43.835086822509766
13320192,20.751861572265625
13336576,182.569091796875
13352960,51.60252380371094
13369344,9.060384750366211
13385728,16.551822662353516
13402112,15.758026123046875
13418496,57.13575744628906
13434880,36.56026840209961
13451264,128.33908081054688
13467648,31.356590270996094
13484032,21.704730987548828
13500416,67.09323120117188
13516800,118.7547836303711
13533184,35.874671936035156
13549568,9.197454452514648
13565952,15.510461807250977
13582336,53.85017776489258
13598720,38.88817596435547
13615104,12.200206756591797
13631488,147.82159423828125
13647872,275.01043701171875
13664256,66.69335174560547
13680640,531.5606689453125
13697024,54.6449089050293
13713408,56.3215217590332
13729792,7.585977554321289
13746176,317.2454528808594
13762560,53.549095153808594
13778944,144.20449829101562
13795328,270.0341491699219
13811712,110.28568267822266
13828096,122.04444122314453
13844480,208.9507598876953
13860864,205.63821411132812
13877248,32.87865447998047
13893632,203.01510620117188
13910016,153.73211669921875
13926400,17.954803466796875
13942784,82.36333465576172
13959168,300.16229248046875
13975552,81.68256378173828
13991936,249.576416015625
14008320,313.9649658203125
14024704,163.64703369140625
14041088,131.3211669921875
14057472,97.69202423095703
14073856,10.751758575439453
14090240,70.18902587890625
14106624,55.194313049316406
14123008,232.0472869873047
14139392,112.1864013671875
14155776,207.6345977783203
14172160,79.06426239013672
14188544,173.72576904296875
14204928,80.1143569946289
14221312,19.580413818359375
14237696,40.595619201660156
14254080,46.26681900024414
14270464,140.9002685546875
14286848,39.50272750854492
14303232,90.47969818115234
14319616,254.01968383789062
14336000,100.72502136230469
14352384,83.74608612060547
14368768,176.63360595703125
14385152,251.97467041015625
14401536,31.58269500732422
14417920,54.59870147705078
14434304,8.246760368347168
14450688,185.1422119140625
14467072,66.68997955322266
14483456,40.45462417602539
14499840,46.42777633666992
14516224,173.63223266601562
14532608,41.632591247558594
14548992,277.69915771484375
14565376,241.2413330078125
14581760,717.4906005859375
14598144,85.97100830078125
14614528,196.37095642089844
14630912,173.51168823242188
14647296,365.8639221191406
14663680,327.43450927734375
14680064,89.79178619384766
14696448,458.8223571777344
14712832,803.0181884765625
14729216,258.50567626953125
14745600,85.12007141113281
14761984,426.61895751953125
14778368,418.1620178222656
14794752,229.11175537109375
14811136,563.701171875
14827520,99.80521392822266
14843904,744.9089965820312
14860288,289.1214599609375
14876672,61.64117431640625
14893056,78.57794189453125
14909440,80.91890716552734
14925824,11.58772087097168
14942208,24.835315704345703
14958592,5.648222923278809
14974976,71.18806457519531
14991360,56.135650634765625
15007744,4.951425552368164
15024128,10.776148796081543
15040512,5.037082195281982
15056896,6.931051254272461
15073280,8.234447479248047
15089664,36.492305755615234
15106048,15.04650592803955
15122432,10.161529541015625
15138816,22.16478157043457
15155200,12.451784133911133
15171584,16.47146224975586
15187968,39.770965576171875
15204352,123.56324005126953
15220736,560.212646484375
15237120,166.13206481933594
15253504,133.0960235595703
15269888,177.869873046875
15286272,259.4241638183594
15302656,255.886962890625
15319040,471.5672912597656
15335424,655.0360107421875
15351808,352.5938415527344
15368192,1086.760986328125
15384576,195.15408325195312
15400960,393.6812744140625
15417344,706.7325439453125
15433728,814.7633056640625
15450112,657.0753173828125
15466496,1250.3504638671875
15482880,346.6012878417969
15499264,498.803955078125
15515648,377.12841796875
15532032,556.6162109375
15548416,402.9839172363281
15564800,531.0447998046875
15581184,356.976806640625
15597568,344.1257629394531
15613952,650.9057006835938
15630336,66.02165222167969
15646720,987.7503662109375
15663104,192.51483154296875
15679488,831.228759765625
15695872,797.5875854492188
15712256,532.4794311523438
15728640,388.91796875
15745024,351.0083923339844
15761408,783.8704833984375
15777792,234.48558044433594
15794176,512.2025146484375
15810560,262.5545349121094
15826944,112.44322204589844
15843328,292.85723876953125
15859712,201.2161102294922
15876096,631.3402709960938
15892480,180.1536407470703
15908864,852.0011596679688
15925248,215.6474609375
15941632,259.4474792480469
15958016,401.24798583984375
15974400,566.582763671875
15990784,490.5110778808594
16007168,142.59219360351562
16023552,165.0486297607422
16039936,342.77313232421875
16056320,475.0656433105469
16072704,175.4896240234375
16089088,205.07369995117188
16105472,407.5108337402344
16121856,230.77883911132812
16138240,115.45188903808594
16154624,625.0306396484375
16171008,182.88970947265625
16187392,847.1998901367188
16203776,200.533935546875
16220160,150.30775451660156
16236544,97.70228576660156
16252928,698.6798095703125
16269312,133.5684814453125
16285696,160.10494995117188
16302080,193.515869140625
16318464,186.30328369140625
16334848,289.194580078125
16351232,38.777259826660156
16367616,159.27774047851562
16384000,30.949642181396484
16400384,81.8554916381836
16416768,12.667832374572754
16433152,13.77012825012207
16449536,6.586390972137451
16465920,19.941850662231445
16482304,71.09677124023438
16498688,30.28446388244629
16515072,14.825826644897461
16531456,509.16107177734375
16547840,15.50323486328125
16564224,13.557990074157715
16580608,196.3208770751953
16596992,6.518898963928223
16613376,16.558687210083008
16629760,42.18788146972656
16646144,10.608293533325195
16662528,258.6689147949219
16678912,18.638391494750977
16695296,31.793743133544922
16711680,28.52911376953125
16728064,82.57501983642578
16744448,72.93067932128906
16760832,27.646711349487305
16777216,11.487156867980957
16793600,26.177623748779297
16809984,34.900508880615234
16826368,93.65250396728516
16842752,16.26049041748047
16859136,10.863178253173828
16875520,49.37471389770508
16891904,221.570556640625
16908288,13.04539680480957
16924672,26.268404006958008
16941056,248.1241912841797
16957440,21.8862247467041
16973824,37.657958984375
16990208,32.77961730957031
17006592,5.7842607498168945
17022976,6.5399298667907715
17039360,86.3882827758789
17055744,8.95706558227539
17072128,71.07997131347656
17088512,7.786694526672363
17104896,22.375825881958008
17121280,10.798985481262207
17137664,11.874286651611328
17154048,140.4124298095703
17170432,13.226478576660156
17186816,44.266048431396484
17203200,13.267608642578125
17219584,8.029989242553711
17235968,14.912248611450195
17252352,29.941055297851562
17268736,5.214499473571777
17285120,222.75851440429688
17301504,17.927560806274414
17317888,21.15139389038086
17334272,187.72457885742188
17350656,19.185401916503906
17367040,11.923444747924805
17383424,12.55602741241455
17399808,12.162282943725586
17416192,77.98001861572266
17432576,16.06228256225586
17448960,5.212611675262451
17465344,81.41494750976562
17481728,10.163171768188477
17498112,173.6635284423828
17514496,8.1995267868042
17530880,36.86334991455078
17547264,24.043292999267578
17563648,8.739629745483398
17580032,13.481810569763184
17596416,20.113967895507812
17612800,17.315265655517578
17629184,191.31436157226562
17645568,211.17811584472656
17661952,27.99029541015625
17678336,27.295438766479492
17694720,18.10822296142578
17711104,309.28839111328125
17727488,8.021836280822754
17743872,6.302899360656738
17760256,7.793418884277344
17776640,55.09445571899414
17793024,453.79693603515625
17809408,156.045654296875
17825792,10.768510818481445
17842176,13.08449649810791
17858560,5.49409818649292
17874944,12.228608131408691
17891328,92.11849975585938
17907712,25.35598373413086
17924096,13.168904304504395
17940480,22.04790687561035
17956864,7.39738655090332
17973248,12.445943832397461
17989632,48.314849853515625
18006016,24.53276824951172
18022400,21.666210174560547
18038784,43.2601203918457
18055168,142.0867919921875
18071552,16.8126220703125
18087936,27.90043830871582
18104320,11.34753704071045
18120704,30.636707305908203
18137088,56.3835563659668
18153472,19.114749908447266
18169856,105.13676452636719
18186240,75.6949462890625
18202624,8.248881340026855
18219008,29.496063232421875
18235392,132.473388671875
18251776,206.70201110839844
18268160,50.55815124511719
18284544,92.4899673461914
18300928,74.90889739990234
18317312,286.01934814453125
18333696,98.8097915649414
18350080,230.9723663330078
18366464,126.8819808959961
18382848,312.28424072265625
18399232,112.53021240234375
18415616,37.92525863647461
18432000,340.69512939453125
18448384,61.14801025390625
18464768,54.339019775390625
18481152,214.25732421875
18497536,595.3719482421875
18513920,57.22056579589844
18530304,79.59002685546875
18546688,31.803192138671875
18563072,31.447586059570312
18579456,171.04611206054688
18595840,44.441062927246094
18612224,84.52851867675781
18628608,28.512638092041016
18644992,353.39837646484375
18661376,303.40399169921875
18677760,66.43594360351562
18694144,232.55162048339844
18710528,99.85176086425781
18726912,60.064476013183594
18743296,74.3546371459961
18759680,31.550186157226562
18776064,87.88693237304688
18792448,109.144775390625
18808832,76.96190643310547
18825216,464.971923828125
18841600,205.47760009765625
18857984,11.501312255859375
18874368,137.0616455078125
18890752,50.24799346923828
18907136,17.328773498535156
18923520,31.226961135864258
18939904,110.05693054199219
18956288,290.0781555175781
18972672,104.22526550292969
18989056,95.92168426513672
19005440,63.63836669921875
19021824,232.4341278076172
19038208,149.77174377441406
19054592,23.50640869140625
19070976,33.87394714355469
19087360,7.743016242980957
19103744,15.464245796203613
19120128,15.117860794067383
19136512,37.11648941040039
19152896,5.229848861694336
19169280,76.35794830322266
19185664,211.72872924804688
19202048,61.768333435058594
19218432,143.37850952148438
19234816,55.202552795410156
19251200,66.98185729980469
19267584,49.404518127441406
19283968,296.27587890625
19300352,61.22275161743164
19316736,64.9784927368164
19333120,152.26536560058594
19349504,52.17071533203125
19365888,64.67730712890625
19382272,32.36628341674805
19398656,100.36408233642578
19415040,40.91217803955078
19431424,51.591163635253906
19447808,72.40382385253906
19464192,93.42423248291016
19480576,110.36526489257812
19496960,145.35877990722656
19513344,152.5655059814453
19529728,20.333372116088867
19546112,51.42630386352539
19562496,15.147198677062988
19578880,108.43407440185547
19595264,78.354248046875
19611648,312.9652099609375
19628032,155.63587951660156
19644416,17.216136932373047
19660800,294.2159118652344
19677184,516.7284545898438
19693568,283.78948974609375
19709952,64.02806854248047
19726336,106.25880432128906
19742720,48.63780975341797
19759104,15.633420944213867
19775488,190.1938934326172
19791872,75.869140625
19808256,305.2137451171875
19824640,432.7080383300781
19841024,7.604081153869629
19857408,192.2734832763672
19873792,43.538700103759766
19890176,82.59564208984375
19906560,55.76091384887695
19922944,246.0635528564453
19939328,95.41889190673828
19955712,105.74172973632812
19972096,41.296024322509766
19988480,100.27510070800781
20004864,253.79351806640625
20021248,9.580222129821777
20037632,26.576541900634766
20054016,22.507896423339844
20070400,18.996135711669922
20086784,140.9901123046875
20103168,52.201385498046875
20119552,68.94750213623047
20135936,142.4748992919922
20152320,69.75527954101562
20168704,211.34503173828125
20185088,28.621673583984375
20201472,10.774843215942383
20217856,186.6029052734375
20234240,58.79457092285156
20250624,22.237821578979492
20267008,318.0696716308594
20283392,292.500732421875
20299776,147.755126953125
20316160,98.30879211425781
20332544,29.494422912597656
20348928,41.0462532043457
20365312,114.41075134277344
20381696,331.0069274902344
20398080,172.61106872558594
20414464,88.08392333984375
20430848,28.044153213500977
20447232,300.69903564453125
20463616,26.97801971435547
20480000,30.38739776611328
20496384,208.51942443847656
20512768,207.05374145507812
20529152,148.9284210205078
20545536,21.3759765625
20561920,235.92478942871094
20578304,318.3312683105469
20594688,30.837284088134766
20611072,10.819971084594727
20627456,7.491493225097656
20643840,157.27481079101562
20660224,261.38946533203125
20676608,114.99945068359375
20692992,212.62281799316406
20709376,151.07139587402344
20725760,447.4557800292969
20742144,331.22967529296875
20758528,21.046985626220703
20774912,113.348876953125
20791296,331.29205322265625
20807680,20.836917877197266
20824064,485.4600524902344
20840448,51.962127685546875
20856832,434.8101501464844
20873216,444.13134765625
20889600,240.45819091796875
20905984,125.35867309570312
20922368,308.35296630859375
20938752,111.09910583496094
20955136,25.07522201538086
20971520,63.470802307128906
20987904,141.9033660888672
21004288,304.0447998046875
21020672,207.00962829589844
21037056,141.59750366210938
21053440,30.244590759277344
21069824,214.0574188232422
21086208,323.1317138671875
21102592,67.73644256591797
21118976,132.17544555664062
21135360,160.87872314453125
21151744,109.56864929199219
21168128,30.653549194335938
21184512,409.77191162109375
21200896,42.48339080810547
21217280,32.24303436279297
21233664,43.33442687988281
21250048,30.447593688964844
21266432,9.527877807617188
21282816,77.7608642578125
21299200,78.15814208984375
21315584,192.5546112060547
21331968,17.6234188079834
21348352,101.96330261230469
21364736,15.16580581665039
21381120,42.617698669433594
21397504,12.746999740600586
21413888,11.277015686035156
21430272,69.62542724609375
21446656,13.505249977111816
21463040,101.23783111572266
21479424,111.99514770507812
21495808,9.99277114868164
21512192,20.46823501586914
21528576,37.654937744140625
21544960,176.52769470214844
21561344,68.77490997314453
21577728,169.8734130859375
21594112,17.477561950683594
21610496,10.994455337524414
21626880,19.363204956054688
21643264,64.4897232055664
21659648,68.25907897949219
21676032,185.7106170654297
21692416,48.350990295410156
21708800,42.560699462890625
21725184,12.047550201416016
21741568,8.286548614501953
21757952,251.23631286621094
21774336,46.13423538208008
21790720,122.46520233154297
21807104,27.92181396484375
21823488,15.135289192199707
21839872,13.523701667785645
21856256,107.12476348876953
21872640,4.75279426574707
21889024,13.863725662231445
21905408,208.99554443359375
21921792,17.003801345825195
21938176,18.25234603881836
21954560,65.01624298095703
21970944,5.116612911224365
21987328,30.924053192138672
22003712,25.460451126098633
22020096,14.885424613952637
22036480,118.1070556640625
22052864,57.431644439697266
22069248,12.187792778015137
22085632,17.672786712646484
22102016,142.4736785888672
22118400,13.844451904296875
22134784,14.682455062866211
22151168,137.6757049560547
22167552,23.443805694580078
22183936,6.387913703918457
22200320,68.1825942993164
22216704,10.076406478881836
22233088,5.154582977294922
22249472,7.05593729019165
22265856,13.682341575622559
22282240,25.134235382080078
22298624,16.910091400146484
22315008,5.5084333419799805
22331392,5.276721954345703
22347776,31.640178680419922
22364160,52.41084671020508
22380544,6.969449043273926
22396928,11.71116828918457
22413312,4.855199337005615
22429696,5.37460994720459
22446080,103.64875030517578
22462464,98.69239044189453
22478848,234.60206604003906
22495232,7.969755172729492
22511616,40.216392517089844
22528000,26.99624252319336
22544384,15.927465438842773
22560768,17.963085174560547
22577152,151.5960235595703
22593536,11.62537956237793
22609920,6.503048419952393
22626304,27.878211975097656
22642688,19.923622131347656
22659072,17.56482696533203
22675456,168.30384826660156
22691840,97.48405456542969
22708224,16.969966888427734
22724608,27.069774627685547
22740992,152.2594757080078
22757376,7.546750068664551
22773760,93.5472412109375
22790144,7.521373748779297
22806528,169.07469177246094
22822912,45.868343353271484
22839296,13.275768280029297
22855680,15.3787841796875
22872064,82.23084259033203
22888448,207.99957275390625
22904832,10.522902488708496
22921216,10.363401412963867
22937600,30.073881149291992
22953984,70.43167877197266
22970368,4.815385341644287
22986752,9.38359546661377
23003136,60.34786605834961
23019520,10.59701919555664
23035904,95.599853515625
23052288,5.44795036315918
23068672,20.039852142333984
23085056,6.641571998596191
23101440,39.28485107421875
23117824,127.17408752441406
23134208,27.426084518432617
23150592,17.50037384033203
23166976,6.269291877746582
23183360,8.87568473815918
23199744,13.73493766784668
23216128,7.0014238357543945
23232512,29.598970413208008
23248896,38.29437255859375
23265280,5.921205997467041
23281664,15.860649108886719
23298048,108.98272705078125
23314432,7.3013176918029785
23330816,119.16837310791016
23347200,26.040327072143555
23363584,361.5642395019531
23379968,15.830951690673828
23396352,129.83705139160156
23412736,22.808910369873047
23429120,5.565224647521973
23445504,5.90397834777832
23461888,69.8619384765625
23478272,90.17539978027344
23494656,7.78790807723999
23511040,10.26894760131836
23527424,110.92298889160156
23543808,21.924591064453125
23560192,81.75027465820312
23576576,5.737646102905273
23592960,264.3040771484375
23609344,22.628084182739258
23625728,63.91826629638672
23642112,179.24591064453125
23658496,21.009037017822266
23674880,96.28070068359375
23691264,433.7144775390625
23707648,55.58572769165039
23724032,6.287404537200928
23740416,68.3516845703125
23756800,12.735456466674805
23773184,9.418149948120117
23789568,245.26971435546875
23805952,44.94095230102539
23822336,249.5165252685547
23838720,25.743520736694336
23855104,499.9998779296875
23871488,47.89667892456055
23887872,13.056219100952148
23904256,104.84487915039062
23920640,358.1917419433594
23937024,93.58616638183594
23953408,107.437744140625
23969792,70.686767578125
23986176,7.196313381195068
24002560,114.19764709472656
24018944,13.09859848022461
24035328,19.460235595703125
24051712,72.27279663085938
24068096,76.0743637084961
24084480,71.21476745605469
24100864,419.52178955078125
24117248,277.18280029296875
24133632,173.43795776367188
24150016,142.00811767578125
24166400,51.585994720458984
24182784,20.395906448364258
24199168,166.42271423339844
24215552,169.69149780273438
24231936,240.4690399169922
24248320,78.88353729248047
24264704,379.1988525390625
24281088,861.7903442382812
24297472,715.4013671875
24313856,126.32124328613281
24330240,356.4378967285156
24346624,165.62940979003906
24363008,327.32769775390625
24379392,308.2727355957031
24395776,141.6473388671875
24412160,95.23896026611328
24428544,210.71676635742188
24444928,81.07809448242188
24461312,87.2061767578125
24477696,212.37600708007812
24494080,147.46652221679688
24510464,250.95419311523438
24526848,227.91952514648438
24543232,340.80670166015625
24559616,55.51673126220703
24576000,54.33211135864258
24592384,162.2672119140625
24608768,10.540940284729004
24625152,26.94150161743164
24641536,10.101593017578125
24657920,13.265775680541992
24674304,12.820268630981445
24690688,296.01446533203125
24707072,9.589852333068848
24723456,8.6360445022583
24739840,5.006258010864258
24756224,76.50454711914062
24772608,8.261987686157227
24788992,33.3177490234375
24805376,8.421195030212402
24821760,26.88759422302246
24838144,8.40518569946289
24854528,20.990827560424805
24870912,5.856375694274902
24887296,5.605960845947266
24903680,12.270084381103516
24920064,22.06496810913086
24936448,7.140312194824219
24952832,10.46316909790039
24969216,7.911076068878174
24985600,7.518047332763672
25001984,119.20183563232422
25018368,8.895370483398438
25034752,6.516207695007324
25051136,8.867729187011719
25067520,14.474421501159668
25083904,3.3751091957092285
25100288,13.980741500854492
25116672,4.923187732696533
25133056,6.709497451782227
25149440,10.006932258605957
25165824,10.249642372131348
25182208,5.790120601654053
25198592,5.215100288391113
25214976,15.564918518066406
25231360,4.850986480712891
25247744,24.29643440246582
25264128,9.822732925415039
25280512,9.936003684997559
25296896,7.36385440826416
25313280,9.496417045593262
25329664,9.253009796142578
25346048,12.155172348022461
25362432,30.41922378540039
25378816,105.88944244384766
25395200,123.12792205810547
25411584,16.374998092651367
25427968,21.11017417907715
25444352,19.61810302734375
25460736,153.39463806152344
25477120,35.995513916015625
25493504,36.700439453125
25509888,241.58322143554688
25526272,20.801525115966797
25542656,11.437623977661133
25559040,37.802879333496094
25575424,53.68042755126953
25591808,31.6350154876709
25608192,50.219757080078125
25624576,16.134212493896484
25640960,19.606569290161133
25657344,58.71928024291992
25673728,202.13018798828125
25690112,42.351898193359375
25706496,126.9570541381836
25722880,25.67441749572754
25739264,15.86732006072998
25755648,27.023332595825195
25772032,131.65721130371094
25788416,26.161413192749023
25804800,8.47165298461914
25821184,25.68832015991211
25837568,42.641845703125
25853952,10.213162422180176
25870336,9.816640853881836
25886720,25.712181091308594
25903104,42.86854553222656
25919488,19.656436920166016
25935872,112.84232330322266
25952256,144.63108825683594
25968640,31.67399787902832
25985024,131.46420288085938
26001408,315.7506408691406
26017792,165.5498809814453
26034176,129.98086547851562
26050560,190.3905487060547
26066944,291.9342041015625
26083328,7.260406494140625
26099712,13.947748184204102
26116096,12.645184516906738
26132480,280.6470031738281
26148864,139.81422424316406
26165248,34.79795837402344
26181632,6.989047050476074
26198016,10.12142562866211
26214400,8.626740455627441
26230784,8.457857131958008
26247168,12.727802276611328
26263552,13.975593566894531
26279936,10.353009223937988
26296320,75.70054626464844
26312704,9.391651153564453
26329088,15.409700393676758
26345472,13.07733154296875
26361856,6.369437217712402
26378240,65.63906860351562
26394624,27.000595092773438
26411008,14.55105209350586
26427392,8.043825149536133
26443776,73.67438507080078
26460160,7.682919979095459
26476544,9.118428230285645
26492928,9.186356544494629
26509312,26.731077194213867
26525696,9.002638816833496
26542080,55.50802993774414
26558464,6.153236389160156
26574848,73.00314331054688
26591232,60.71459197998047
26607616,15.367704391479492
26624000,200.33346557617188
26640384,101.95275115966797
26656768,12.873498916625977
26673152,24.029802322387695
26689536,5.783377170562744
26705920,16.845569610595703
26722304,260.15948486328125
26738688,29.05105209350586
26755072,173.34912109375
26771456,107.67439270019531
26787840,19.475589752197266
26804224,91.60005950927734
26820608,66.51898193359375
26836992,22.75130844116211
26853376,16.92816925048828
26869760,17.219573974609375
26886144,10.202028274536133
26902528,27.493228912353516
26918912,282.694580078125
26935296,44.32098388671875
26951680,57.145530700683594
26968064,57.017120361328125
26984448,11.45622444152832
27000832,71.40298461914062
27017216,149.03709411621094
27033600,42.78417205810547
27049984,11.050313949584961
27066368,68.28335571289062
27082752,72.2314224243164
27099136,139.78358459472656
27115520,18.447233200073242
27131904,4.743417739868164
27148288,41.06991958618164
27164672,10.325728416442871
27181056,275.5548400878906
27197440,446.501220703125
27213824,14.728923797607422
27230208,12.44100570678711
27246592,228.92300415039062
27262976,624.2064819335938
27279360,15.933486938476562
27295744,214.74606323242188
27312128,210.2642059326172
27328512,267.9838562011719
27344896,268.29644775390625
27361280,31.02368927001953
27377664,119.97071075439453
27394048,131.90365600585938
27410432,171.70860290527344
27426816,67.32715606689453
27443200,264.8072509765625
27459584,844.7235107421875
27475968,558.9381103515625
27492352,112.22441864013672
27508736,7.201138019561768
27525120,575.5390625
27541504,233.7526092529297
27557888,209.27963256835938
27574272,169.67893981933594
27590656,172.45509338378906
27607040,264.0867004394531
27623424,783.4774169921875
27639808,272.5094299316406
27656192,168.45143127441406
27672576,232.88380432128906
27688960,220.96519470214844
27705344,351.6991271972656
27721728,334.7445068359375
27738112,548.4334106445312
27754496,64.1322021484375
27770880,75.17884826660156
27787264,72.96086120605469
27803648,428.84912109375
27820032,32.50110626220703
27836416,210.90582275390625
27852800,148.00564575195312
27869184,573.5081787109375
27885568,133.26898193359375
27901952,79.28768157958984
27918336,32.088768005371094
27934720,241.1531982421875
27951104,78.18340301513672
27967488,152.40676879882812
27983872,274.80340576171875
28000256,145.72265625
28016640,576.6158447265625
28033024,125.26793670654297
28049408,1273.2452392578125
28065792,168.89085388183594
28082176,145.91400146484375
28098560,214.73985290527344
28114944,23.7976131439209
28131328,226.56988525390625
28147712,60.071624755859375
28164096,511.9242858886719
28180480,122.16641998291016
28196864,376.5626220703125
28213248,216.5986785888672
28229632,279.2148742675781
28246016,261.8050537109375
28262400,311.1678161621094
28278784,611.6629638671875
28295168,300.63739013671875
28311552,328.42938232421875
28327936,222.683837890625
28344320,49.05619812011719
28360704,146.28317260742188
28377088,231.03860473632812
28393472,225.81228637695312
28409856,191.35597229003906
28426240,127.15187072753906
28442624,115.3299331665039
28459008,22.122360229492188
28475392,208.40292358398438
28491776,154.1708526611328
28508160,55.54261016845703
28524544,135.5834197998047
28540928,35.31143569946289
28557312,118.30287170410156
28573696,74.87449645996094
28590080,87.63275909423828
28606464,274.9502258300781
28622848,170.21337890625
28639232,44.11525344848633
28655616,405.134033203125
28672000,30.374717712402344
28688384,173.7475128173828
28704768,193.45101928710938
28721152,74.23198699951172
28737536,290.63525390625
28753920,110.8753662109375
28770304,41.81209945678711
28786688,50.46692657470703
28803072,197.62535095214844
28819456,130.94515991210938
28835840,108.59403228759766
28852224,35.84120559692383
28868608,134.8863983154297
28884992,135.80564880371094
28901376,38.24373245239258
28917760,210.27859497070312
28934144,169.53033447265625
28950528,128.13185119628906
28966912,159.38975524902344
28983296,21.59889793395996
28999680,18.928415298461914
29016064,188.951904296875
29032448,111.01470184326172
29048832,51.717994689941406
29065216,247.88095092773438
29081600,139.95440673828125
29097984,49.051185607910156
29114368,20.394317626953125
29130752,230.07708740234375
29147136,32.56414031982422
29163520,131.330322265625
29179904,178.1581573486328
29196288,61.64954376220703
29212672,15.601066589355469
29229056,66.4669189453125
29245440,97.04710388183594
29261824,24.80015754699707
29278208,258.43304443359375
29294592,65.72245788574219
29310976,332.49468994140625
29327360,186.5317840576172
29343744,125.08511352539062
29360128,179.49697875976562
29376512,134.2029571533203
29392896,16.71988868713379
29409280,173.2485809326172
29425664,14.628572463989258
29442048,102.11456298828125
29458432,13.70262336730957
29474816,32.60155487060547
29491200,18.845890045166016
29507584,27.86789321899414
29523968,238.10986328125
29540352,491.93218994140625
29556736,632.9583740234375
29573120,129.12774658203125
29589504,245.1817169189453
29605888,351.27545166015625
29622272,119.33039093017578
29638656,459.84912109375
29655040,40.0826530456543
29671424,114.96914672851562
29687808,84.29804992675781
29704192,187.97828674316406
29720576,500.4687805175781
29736960,604.2156982421875
29753344,431.85260009765625
29769728,451.47674560546875
29786112,134.67950439453125
29802496,142.29640197753906
29818880,430.5370178222656
29835264,226.35995483398438
29851648,480.2133483886719
29868032,360.8156433105469
29884416,97.33677673339844
29900800,83.64242553710938
29917184,477.0333251953125
29933568,191.0079345703125
29949952,222.33753967285156
29966336,436.49578857421875
29982720,108.38725280761719
29999104,61.170921325683594
30015488,399.55206298828125
30031872,132.28741455078125
30048256,12.603153228759766
30064640,348.5863952636719
30081024,175.2606964111328
30097408,62.544837951660156
30113792,27.252613067626953
30130176,213.41403198242188
30146560,204.87881469726562
30162944,33.2264289855957
30179328,152.85548400878906
30195712,122.17453002929688
30212096,27.998050689697266
30228480,140.0935516357422
30244864,106.74488830566406
30261248,56.937530517578125
30277632,19.193084716796875
30294016,24.98950958251953
30310400,116.03267669677734
30326784,17.452621459960938
30343168,32.096797943115234
30359552,19.82640838623047
30375936,14.214620590209961
30392320,17.8271541595459
30408704,202.12672424316406
30425088,131.57070922851562
30441472,19.913606643676758
30457856,59.676334381103516
30474240,86.02033233642578
30490624,10.404827117919922
30507008,76.64393615722656
30523392,26.096736907958984
30539776,15.784507751464844
30556160,15.478814125061035
30572544,7.783939838409424
30588928,12.169169425964355
30605312,26.727622985839844
30621696,43.491783142089844
30638080,12.073444366455078
30654464,115.94688415527344
30670848,233.25595092773438
30687232,32.33882141113281
30703616,12.442281723022461
30720000,11.32575798034668
30736384,28.87610626220703
30752768,8.22539234161377
30769152,267.052490234375
30785536,273.9067077636719
30801920,21.95863151550293
30818304,279.48681640625
30834688,110.6282958984375
30851072,83.5256576538086
30867456,10.269758224487305
30883840,44.390342712402344
30900224,7.05381965637207
30916608,332.8273010253906
30932992,8.90824031829834
30949376,13.639135360717773
30965760,32.12812423706055
30982144,17.10387420654297
30998528,15.806476593017578
31014912,12.300790786743164
31031296,62.077423095703125
31047680,60.04273223876953
31064064,16.664684295654297
31080448,111.89064025878906
31096832,16.873517990112305
31113216,78.07035827636719
31129600,12.626136779785156
31145984,13.224040985107422
31162368,19.401405334472656
31178752,209.7496795654297
31195136,38.58860397338867
31211520,42.50822448730469
31227904,39.43351745605469
31244288,137.25967407226562
31260672,41.30866241455078
31277056,9.138128280639648
31293440,84.79226684570312
31309824,33.46937561035156
31326208,18.26238441467285
31342592,210.7137908935547
31358976,294.3963623046875
31375360,216.22970581054688
31391744,210.12200927734375
31408128,97.48121643066406
31424512,99.63996124267578
31440896,96.68280029296875
31457280,12.016790390014648
31473664,18.35816764831543
31490048,27.130512237548828
31506432,35.294891357421875
31522816,59.27594757080078
31539200,27.552581787109375
31555584,22.16313934326172
31571968,96.30204772949219
31588352,212.2104034423828
31604736,150.38861083984375
31621120,88.16244506835938
31637504,307.5532531738281
31653888,149.02090454101562
31670272,8.120880126953125
31686656,9.466703414916992
31703040,14.327239990234375
31719424,132.5022735595703
31735808,189.941162109375
31752192,30.883773803710938
31768576,83.0604019165039
31784960,56.159423828125
31801344,48.18097686767578
31817728,51.597843170166016
31834112,45.804229736328125
31850496,185.35984802246094
31866880,301.3960876464844
31883264,104.35216522216797
31899648,255.31556701660156
31916032,127.60665893554688
31932416,203.7458038330078
31948800,15.046647071838379
31965184,191.7342529296875
31981568,21.498706817626953
31997952,314.3672180175781
32014336,189.29397583007812
32030720,206.7096405029297
32047104,61.823272705078125
32063488,47.7127571105957
32079872,350.31939697265625
32096256,18.71129608154297
32112640,28.18366813659668
32129024,207.15061950683594
32145408,34.43309020996094
32161792,117.1436767578125
32178176,132.39022827148438
32194560,31.963037490844727
32210944,11.48266315460205
32227328,190.8681640625
32243712,24.486125946044922
32260096,78.67426300048828
32276480,180.0921173095703
32292864,14.832987785339355
32309248,11.026870727539062
32325632,9.985424995422363
32342016,23.20920753479004
32358400,193.8381805419922
32374784,15.69815444946289
32391168,65.56273651123047
32407552,150.0202178955078
32423936,63.29669189453125
32440320,11.174945831298828
32456704,24.71140480041504
32473088,211.16238403320312
32489472,14.06921100616455
32505856,35.33671188354492
32522240,17.38071632385254
32538624,5.192627906799316
32555008,17.479585647583008
32571392,14.377431869506836
32587776,17.760093688964844
32604160,35.59187698364258
32620544,7.918985366821289
32636928,110.7770767211914
32653312,140.3935089111328
32669696,18.070430755615234
32686080,7.37968635559082
32702464,211.2114715576172
32718848,315.44097900390625
32735232,15.07926082611084
32751616,52.839561462402344
32768000,8.037771224975586
32784384,8.170465469360352
32800768,14.40697956085205
32817152,332.0335693359375
32833536,24.151508331298828
32849920,265.4874572753906
32866304,16.37972640991211
32882688,46.77988815307617
32899072,129.55043029785156
32915456,15.112174034118652
32931840,170.17556762695312
32948224,32.23076248168945
32964608,98.04894256591797
32980992,36.21061706542969
32997376,18.593358993530273
33013760,183.34725952148438
33030144,12.478130340576172
33046528,48.78052520751953
33062912,48.08140182495117
33079296,59.33418273925781
33095680,107.1849136352539
33112064,65.38043975830078
33128448,43.57427978515625
33144832,23.0012264251709
33161216,123.47588348388672
33177600,17.59978485107422
33193984,137.91802978515625
33210368,56.822105407714844
33226752,56.45185089111328
33243136,138.30126953125
33259520,73.6311264038086
33275904,199.39352416992188
33292288,56.17724609375
33308672,266.8483581542969
33325056,8.762367248535156
33341440,69.9626693725586
33357824,609.0084228515625
33374208,13.492918014526367
33390592,34.830596923828125
33406976,10.486554145812988
33423360,14.465065002441406
33439744,262.4107971191406
33456128,74.71929931640625
33472512,267.021728515625
33488896,30.218782424926758
33505280,263.51806640625
33521664,56.97684860229492
33538048,14.068863868713379
33554432,135.451171875
33570816,22.192949295043945
33587200,15.166419982910156
33603584,6.942019462585449
33619968,19.665138244628906
33636352,13.77762508392334
33652736,41.613773345947266
33669120,168.48985290527344
33685504,28.70427131652832
33701888,84.40367126464844
33718272,219.1770477294922
33734656,274.69488525390625
33751040,41.202880859375
33767424,630.4636840820312
33783808,332.67669677734375
33800192,13.757814407348633
33816576,92.744873046875
33832960,189.21694946289062
33849344,31.853191375732422
33865728,20.898258209228516
33882112,9.588136672973633
33898496,203.3799285888672
33914880,14.12814712524414
33931264,193.54312133789062
33947648,16.261985778808594
33964032,36.973777770996094
33980416,115.08289337158203
33996800,398.3567199707031
34013184,134.05589294433594
34029568,5.534588813781738
34045952,122.87225341796875
34062336,31.958091735839844
34078720,15.469409942626953
34095104,13.855072975158691
34111488,163.6151123046875
34127872,23.099411010742188
34144256,262.12249755859375
34160640,167.9566650390625
34177024,172.79293823242188
34193408,89.71664428710938
34209792,237.77810668945312
34226176,61.664615631103516
34242560,34.57651901245117
34258944,187.26956176757812
34275328,58.232269287109375
34291712,903.02197265625
34308096,195.6342010498047
34324480,132.20237731933594
34340864,251.25994873046875
34357248,337.52679443359375
34373632,309.00115966796875
34390016,412.9028625488281
34406400,143.16387939453125
34422784,1498.4151611328125
34439168,216.59805297851562
34455552,622.9222412109375
34471936,189.81051635742188
34488320,43.620052337646484
34504704,348.9842529296875
34521088,197.04429626464844
34537472,16.98490333557129
34553856,350.33331298828125
34570240,164.35934448242188
34586624,103.25980377197266
34603008,295.2821044921875
34619392,100.71343994140625
34635776,244.90414428710938
34652160,275.8110046386719
34668544,40.39095687866211
34684928,235.15606689453125
34701312,463.52508544921875
34717696,973.4450073242188
34734080,218.6879119873047
34750464,6.468098163604736
34766848,70.36433410644531
34783232,293.32080078125
34799616,42.227943420410156
34816000,173.01565551757812
34832384,162.9325714111328
34848768,550.64892578125
34865152,226.86508178710938
34881536,217.6416473388672
34897920,109.81224060058594
34914304,429.2420959472656
34930688,56.66285705566406
34947072,100.9491958618164
34963456,203.09365844726562
34979840,157.5956268310547
34996224,404.5248107910156
35012608,152.04580688476562
35028992,95.51486206054688
35045376,95.77754974365234
35061760,26.064918518066406
35078144,9.728753089904785
35094528,68.78084564208984
35110912,11.133111953735352
35127296,41.11319351196289
35143680,15.548091888427734
35160064,40.214202880859375
35176448,84.97843170166016
35192832,6.993495464324951
35209216,6.442601203918457
35225600,52.70259094238281
35241984,6.613407135009766
35258368,17.501699447631836
35274752,25.685087203979492
35291136,34.48715591430664
35307520,16.409427642822266
35323904,5.550015449523926
35340288,6.674205780029297
35356672,5.979994297027588
35373056,14.919782638549805
35389440,25.70159149169922
35405824,5.858681678771973
35422208,6.751354694366455
35438592,154.8959197998047
35454976,9.701135635375977
35471360,4.116406440734863
35487744,9.548099517822266
35504128,7.0107245445251465
35520512,17.958274841308594
35536896,3.713374137878418
35553280,13.784191131591797
35569664,6.511094093322754
35586048,43.51683807373047
35602432,5.7002339363098145
35618816,56.65043640136719
35635200,7.340195178985596
35651584,18.512332916259766
35667968,144.28379821777344
35684352,215.93316650390625
35700736,98.67352294921875
35717120,7.160336494445801
35733504,26.045623779296875
35749888,7.39111328125
35766272,5.0331525802612305
35782656,88.49370574951172
35799040,7.259681224822998
35815424,8.277687072753906
35831808,43.59347152709961
35848192,14.090027809143066
35864576,24.3883056640625
35880960,51.25142288208008
35897344,6.325738906860352
35913728,18.931028366088867
35930112,13.322355270385742
35946496,9.962750434875488
35962880,10.718134880065918
35979264,49.90447998046875
35995648,6.785168170928955
36012032,64.20085906982422
36028416,11.44291877746582
36044800,49.42371368408203
36061184,34.27012252807617
36077568,22.330934524536133
36093952,21.42416000366211
36110336,162.62001037597656
36126720,26.58916473388672
36143104,238.6759796142578
36159488,92.99922180175781
36175872,140.92306518554688
36192256,35.19504165649414
36208640,135.70013427734375
36225024,184.21763610839844
36241408,88.53727722167969
36257792,462.723876953125
36274176,45.92216110229492
36290560,498.287353515625
36306944,48.21005630493164
36323328,132.18724060058594
36339712,64.77885437011719
36356096,85.9025650024414
36372480,115.27947998046875
36388864,204.21728515625
36405248,148.8013458251953
36421632,164.23260498046875
36438016,458.2602233886719
36454400,149.40257263183594
36470784,282.494384765625
36487168,273.1674499511719
36503552,501.9598693847656
36519936,453.54901123046875
36536320,594.1207275390625
36552704,742.730712890625
36569088,272.9820251464844
36585472,936.43701171875
36601856,656.4588623046875
36618240,296.8827209472656
36634624,401.51055908203125
36651008,155.3438720703125
36667392,349.0545959472656
36683776,463.7379455566406
36700160,218.13259887695312
36716544,219.43263244628906
36732928,96.03620910644531
36749312,122.21221160888672
36765696,412.8667297363281
36782080,314.3829345703125
36798464,481.88104248046875
36814848,124.8271255493164
36831232,319.9053039550781
36847616,174.27642822265625
36864000,130.847900390625
36880384,153.60824584960938
36896768,227.93484497070312
36913152,114.01307678222656
36929536,37.7869987487793
36945920,25.87364959716797
36962304,120.14653015136719
36978688,347.356689453125
36995072,187.87625122070312
37011456,74.15052795410156
37027840,261.99945068359375
37044224,62.13531494140625
37060608,18.236600875854492
37076992,11.763988494873047
37093376,19.891082763671875
37109760,61.62959289550781
37126144,76.83793640136719
37142528,615.6792602539062
37158912,35.85496139526367
37175296,355.54595947265625
37191680,181.30938720703125
37208064,43.881858825683594
37224448,19.134944915771484
37240832,17.212318420410156
37257216,38.36857223510742
37273600,45.82888412475586
37289984,76.60737609863281
37306368,37.48514938354492
37322752,10.111856460571289
37339136,10.766080856323242
37355520,19.44268798828125
37371904,12.02947998046875
37388288,333.1663513183594
37404672,19.138704299926758
37421056,21.305835723876953
37437440,12.54407787322998
37453824,7.178003311157227
37470208,44.717872619628906
37486592,14.537931442260742
37502976,7.162324905395508
37519360,20.252832412719727
37535744,93.43492126464844
37552128,26.161399841308594
37568512,21.62183952331543
37584896,73.29528045654297
37601280,80.13368225097656
37617664,5.524641990661621
37634048,8.913192749023438
37650432,15.850915908813477
37666816,221.9385528564453
37683200,33.416473388671875
37699584,15.79178237915039
37715968,73.01385498046875
37732352,9.701004028320312
37748736,9.174553871154785
37765120,11.172041893005371
37781504,9.613147735595703
37797888,28.09451675415039
37814272,23.037616729736328
37830656,10.110366821289062
37847040,10.75645637512207
37863424,102.36065673828125
37879808,41.80277633666992
37896192,24.333723068237305
37912576,32.668663024902344
37928960,235.89358520507812
37945344,17.762428283691406
37961728,65.03439331054688
37978112,154.1282958984375
37994496,115.0858154296875
38010880,16.93704605102539
38027264,12.285757064819336
38043648,134.26437377929688
38060032,32.97706985473633
38076416,332.68914794921875
38092800,70.8524169921875
38109184,14.849649429321289
38125568,203.80899047851562
38141952,22.762496948242188
38158336,10.063292503356934
38174720,190.8205108642578
38191104,9.30414867401123
38207488,5.576331615447998
38223872,17.173763275146484
38240256,269.56610107421875
38256640,185.87954711914062
38273024,113.82493591308594
38289408,129.0371551513672
38305792,11.626049995422363
38322176,14.442342758178711
38338560,130.65634155273438
38354944,13.430837631225586
38371328,22.003305435180664
38387712,146.59495544433594
38404096,253.010498046875
38420480,284.05450439453125
38436864,456.11102294921875
38453248,29.486820220947266
38469632,284.23297119140625
38486016,154.9054412841797
38502400,26.65726089477539
38518784,36.92586135864258
38535168,94.2043685913086
38551552,24.838071823120117
38567936,374.86492919921875
38584320,105.58149719238281
38600704,17.796207427978516
38617088,84.9989013671875
38633472,161.44638061523438
38649856,45.172794342041016
38666240,74.4657974243164
38682624,195.17977905273438
38699008,23.430831909179688
38715392,202.01258850097656
38731776,455.2081298828125
38748160,14.79427719116211
38764544,266.9300537109375
38780928,38.858097076416016
38797312,25.2496337890625
38813696,146.22808837890625
38830080,51.648521423339844
38846464,665.3294067382812
38862848,49.442256927490234
38879232,250.45114135742188
38895616,167.61572265625
38912000,260.13580322265625
38928384,16.63228988647461
38944768,57.272823333740234
38961152,694.5701904296875
38977536,65.6987533569336
38993920,57.44521713256836
39010304,101.73185729980469
39026688,16.332176208496094
39043072,57.96134567260742
39059456,17.950597763061523
39075840,262.12237548828125
39092224,221.73672485351562
39108608,171.65908813476562
39124992,50.050750732421875
39141376,176.50576782226562
39157760,44.921241760253906
39174144,87.80000305175781
39190528,27.8287296295166
39206912,22.58234214782715
39223296,142.25570678710938
39239680,128.45106506347656
39256064,295.19537353515625
39272448,113.82854461669922
39288832,144.7202606201172
39305216,122.2326431274414
39321600,59.68590545654297
39337984,14.75547981262207
39354368,183.2391815185547
39370752,139.32321166992188
39387136,47.91474533081055
39403520,201.85409545898438
39419904,8.210578918457031
39436288,236.32862854003906
39452672,457.1507263183594
39469056,138.9040069580078
39485440,256.40338134765625
39501824,394.6618347167969
39518208,103.16738891601562
39534592,71.66015625
39550976,279.63714599609375
39567360,490.9789733886719
39583744,110.91027069091797
39600128,212.2391357421875
39616512,110.6219711303711
39632896,147.99127197265625
39649280,296.01519775390625
39665664,181.39089965820312
39682048,479.4730529785156
39698432,618.6141967773438
39714816,737.2965087890625
39731200,332.7920837402344
39747584,90.36885070800781
39763968,68.70034790039062
39780352,565.0109252929688
39796736,514.4188232421875
39813120,334.2454528808594
39829504,480.21044921875
39845888,748.870361328125
39862272,157.6391143798828
39878656,193.87863159179688
39895040,319.1503601074219
39911424,245.5858612060547
39927808,93.27218627929688
39944192,307.3628845214844
39960576,360.55120849609375
39976960,277.8011169433594
39993344,226.6063232421875
40009728,117.29913330078125
40026112,428.97161865234375
40042496,543.884033203125
40058880,578.1486206054688
40075264,447.7800598144531
40091648,422.7873840332031
40108032,349.66748046875
40124416,360.40985107421875
40140800,426.52423095703125
40157184,37.41945266723633
40173568,454.94158935546875
40189952,401.743408203125
40206336,113.08656311035156
40222720,195.80453491210938
40239104,158.70794677734375
40255488,209.48873901367188
40271872,177.31201171875
40288256,19.10820770263672
40304640,410.42620849609375
40321024,141.8700408935547
40337408,127.54387664794922
40353792,624.516845703125
40370176,23.02428436279297
40386560,7.553093910217285
40402944,86.91470336914062
40419328,136.17398071289062
40435712,190.50582885742188
40452096,78.6175537109375
40468480,236.07618713378906
40484864,250.53701782226562
40501248,11.628646850585938
40517632,308.4525146484375
40534016,47.04865264892578
40550400,385.7047119140625
40566784,279.2245178222656
40583168,18.708362579345703
40599552,61.394588470458984
40615936,9.680890083312988
40632320,26.657756805419922
40648704,119.43708801269531
40665088,8.566893577575684
40681472,13.889360427856445
40697856,23.801677703857422
40714240,101.36758422851562
40730624,23.077402114868164
40747008,50.33772659301758
40763392,220.436767578125
40779776,218.22854614257812
40796160,35.1012077331543
40812544,61.727787017822266
40828928,28.775537490844727
40845312,11.856592178344727
40861696,5.325377464294434
40878080,14.980554580688477
40894464,37.707942962646484
40910848,11.163010597229004
40927232,64.64280700683594
40943616,64.36763000488281
40960000,30.315656661987305
40976384,30.627349853515625
40992768,144.8130340576172
41009152,101.78083801269531
41025536,227.70425415039062
41041920,59.803138732910156
41058304,48.99291229248047
41074688,177.70492553710938
41091072,27.27130889892578
41107456,391.5492248535156
41123840,9.759556770324707
41140224,149.42892456054688
41156608,10.684203147888184
41172992,17.329513549804688
41189376,117.71572875976562
41205760,7.196146011352539
41222144,31.948156356811523
41238528,81.70436096191406
41254912,411.515380859375
41271296,24.3891658782959
41287680,20.346269607543945
41304064,30.30702781677246
41320448,8.374547958374023
41336832,19.793315887451172
41353216,20.734291076660156
41369600,71.93490600585938
41385984,435.8614501953125
41402368,825.28076171875
41418752,31.612380981445312
41435136,515.3001708984375
41451520,169.4025115966797
41467904,54.439491271972656
41484288,413.3667907714844
41500672,129.30313110351562
41517056,210.9766082763672
41533440,189.44122314453125
41549824,44.773963928222656
41566208,57.81466293334961
41582592,22.65640640258789
41598976,75.86331176757812
41615360,308.1240234375
41631744,44.78815841674805
41648128,520.2472534179688
41664512,304.0228271484375
41680896,61.22826385498047
41697280,218.21371459960938
41713664,292.33087158203125
41730048,570.763671875
41746432,268.0007019042969
41762816,61.74510955810547
41779200,1115.107666015625
41795584,642.4446411132812
41811968,352.63775634765625
41828352,194.3927764892578
41844736,23.128414154052734
41861120,1253.0927734375
41877504,145.64236450195312
41893888,886.9351806640625
41910272,864.7694091796875
41926656,120.93763732910156
41943040,739.8052978515625
41959424,260.1593322753906
41975808,167.16917419433594
41992192,227.578369140625
42008576,86.27516174316406
42024960,877.947021484375
42041344,201.46322631835938
42057728,434.2972412109375
42074112,171.6129608154297
42090496,286.16693115234375
42106880,225.2247314453125
42123264,129.39891052246094
42139648,177.80401611328125
42156032,36.12262725830078
42172416,400.229736328125
42188800,287.4852294921875
42205184,92.77838134765625
42221568,472.71337890625
42237952,777.0416259765625
42254336,521.1134643554688
42270720,53.34923553466797
42287104,895.7088623046875
42303488,229.42807006835938
42319872,50.340179443359375
42336256,161.23040771484375
42352640,137.82769775390625
42369024,326.909912109375
42385408,210.8851318359375
42401792,238.42417907714844
42418176,116.99951171875
42434560,52.90520095825195
42450944,111.45032501220703
42467328,303.9820556640625
42483712,246.20046997070312
42500096,137.25009155273438
42516480,307.8265686035156
42532864,95.74099731445312
42549248,17.882152557373047
42565632,337.33697509765625
42582016,73.20697784423828
42598400,29.444583892822266
42614784,294.7132263183594
42631168,29.366527557373047
42647552,160.4694366455078
42663936,168.4765625
42680320,242.14077758789062
42696704,19.2154483795166
42713088,162.67160034179688
42729472,132.93209838867188
42745856,209.59237670898438
42762240,265.89654541015625
42778624,98.88838958740234
42795008,30.6816349029541
42811392,165.98233032226562
42827776,100.1375732421875
42844160,200.6698455810547
42860544,876.97119140625
42876928,1122.7012939453125
42893312,53.86445999145508
42909696,222.0424041748047
42926080,352.67926025390625
42942464,37.11829376220703
42958848,30.54995346069336
42975232,134.38970947265625
42991616,166.74932861328125
43008000,540.3801879882812
43024384,96.3701171875
43040768,131.26544189453125
43057152,276.73980712890625
43073536,987.0350952148438
43089920,165.12403869628906
43106304,307.8894348144531
43122688,185.67825317382812
43139072,472.01361083984375
43155456,128.69219970703125
43171840,418.21514892578125
43188224,9.272777557373047
43204608,838.5067138671875
43220992,184.80975341796875
43237376,247.3908233642578
43253760,186.29251098632812
43270144,137.55764770507812
43286528,42.66926193237305
43302912,143.648193359375
43319296,81.18173217773438
43335680,469.0024719238281
43352064,157.9392547607422
43368448,126.56334686279297
43384832,406.97442626953125
43401216,184.43936157226562
43417600,33.950050354003906
43433984,629.22802734375
43450368,16.858625411987305
43466752,385.3962097167969
43483136,96.16608428955078
43499520,97.43055725097656
43515904,40.36608123779297
43532288,113.35929107666016
43548672,47.623294830322266
43565056,51.575927734375
43581440,671.94873046875
43597824,443.15313720703125
43614208,101.03445434570312
43630592,130.6170196533203
43646976,133.4068603515625
43663360,888.310546875
43679744,286.1626892089844
43696128,628.2796020507812
43712512,57.929954528808594
43728896,568.4865112304688
43745280,962.8296508789062
43761664,235.7880096435547
43778048,231.9803466796875
43794432,153.03839111328125
43810816,52.08148956298828
43827200,23.953792572021484
43843584,85.29582214355469
43859968,14.915010452270508
43876352,35.12215042114258
43892736,183.7603302001953
43909120,102.47650146484375
43925504,9.929189682006836
43941888,16.071176528930664
43958272,17.313209533691406
43974656,10.174986839294434
43991040,34.47348403930664
44007424,39.678550720214844
44023808,29.897998809814453
44040192,195.06637573242188
44056576,15.41998291015625
44072960,16.607383728027344
44089344,18.911882400512695
44105728,13.283346176147461
44122112,54.57658386230469
44138496,38.80392074584961
44154880,26.479082107543945
44171264,28.537296295166016
44187648,24.386001586914062
44204032,19.00297737121582
44220416,22.221065521240234
44236800,9.13987922668457
44253184,12.837376594543457
44269568,93.38816833496094
44285952,20.257030487060547
44302336,113.53258514404297
44318720,33.83127975463867
44335104,28.213787078857422
44351488,11.681925773620605
44367872,110.46455383300781
44384256,45.59354782104492
44400640,21.223228454589844
44417024,61.55574035644531
44433408,16.609033584594727
44449792,9.85856819152832
44466176,6.999549865722656
44482560,11.352027893066406
44498944,16.150367736816406
44515328,5.5282697677612305
44531712,142.34730529785156
44548096,73.35585021972656
44564480,8.462173461914062
44580864,200.62982177734375
44597248,172.56617736816406
44613632,24.043380737304688
44630016,95.83483123779297
44646400,21.364452362060547
44662784,212.39859008789062
44679168,148.6774139404297
44695552,99.23446655273438
44711936,10.123598098754883
44728320,53.213314056396484
44744704,28.48392677307129
44761088,10.729859352111816
44777472,19.352134704589844
44793856,22.38637924194336
44810240,119.49789428710938
44826624,20.177309036254883
44843008,22.63943099975586
44859392,75.34700012207031
44875776,5.025789737701416
44892160,66.26355743408203
44908544,4.9885687828063965
44924928,90.00154113769531
44941312,127.09529113769531
44957696,39.68401336669922
44974080,9.167247772216797
44990464,169.36795043945312
45006848,51.612586975097656
45023232,11.739642143249512
45039616,658.5357055664062
45056000,17.79356575012207
45072384,35.20463562011719
45088768,14.383356094360352
45105152,577.82861328125
45121536,265.79803466796875
45137920,48.43394088745117
45154304,9.917606353759766
45170688,104.19048309326172
45187072,65.52362060546875
45203456,20.461666107177734
45219840,35.74457550048828
45236224,10.716438293457031
45252608,111.38422393798828
45268992,128.78402709960938
45285376,40.9144287109375
45301760,34.987300872802734
45318144,45.26679611206055
45334528,21.350608825683594
45350912,18.72903060913086
45367296,60.67689514160156
45383680,542.265869140625
45400064,23.70044708251953
45416448,39.18381118774414
45432832,14.978850364685059
45449216,103.16720581054688
45465600,20.303791046142578
45481984,14.453210830688477
45498368,111.38671875
45514752,215.0254364013672
45531136,88.4974365234375
45547520,110.5678482055664
45563904,306.2325744628906
45580288,34.516845703125
45596672,122.14958953857422
45613056,77.71453857421875
45629440,20.520524978637695
45645824,48.348045349121094
45662208,40.398380279541016
45678592,57.01393508911133
45694976,208.19960021972656
45711360,132.660888671875
45727744,26.70331382751465
45744128,23.033897399902344
45760512,53.3015251159668
45776896,34.71904373168945
45793280,437.215576171875
45809664,86.86225128173828
45826048,34.0374755859375
45842432,76.85762023925781
45858816,200.88406372070312
45875200,55.214317321777344
45891584,122.62490844726562
45907968,71.07937622070312
45924352,200.97938537597656
45940736,146.33799743652344
45957120,16.877025604248047
45973504,107.11197662353516
45989888,12.238616943359375
46006272,24.059803009033203
46022656,335.5429382324219
46039040,40.173744201660156
46055424,81.9885025024414
46071808,184.95643615722656
46088192,68.97252655029297
46104576,18.287071228027344
46120960,14.986713409423828
46137344,52.020835876464844
46153728,15.008289337158203
46170112,17.784770965576172
46186496,144.716064453125
46202880,401.5719299316406
46219264,173.1699981689453
46235648,175.3749237060547
46252032,370.5647277832031
46268416,93.18193817138672
46284800,18.803247451782227
46301184,78.0839614868164
46317568,104.0259780883789
46333952,97.75341796875
46350336,25.91675567626953
46366720,243.79345703125
46383104,73.37484741210938
46399488,38.036441802978516
46415872,160.38340759277344
46432256,192.85287475585938
46448640,79.70443725585938
46465024,316.48681640625
46481408,48.26273727416992
46497792,25.833534240722656
46514176,55.744232177734375
46530560,115.24979400634766
46546944,280.5683288574219
46563328,148.11318969726562
46579712,15.902487754821777
46596096,12.365457534790039
46612480,6.85084867477417
46628864,121.73263549804688
46645248,13.499654769897461
46661632,356.7950134277344
46678016,30.286239624023438
46694400,36.933773040771484
46710784,47.61951446533203
46727168,22.412525177001953
46743552,158.71099853515625
46759936,155.15716552734375
46776320,86.69419860839844
46792704,108.75189971923828
46809088,810.7947998046875
46825472,15.65981674194336
46841856,69.41853332519531
46858240,75.40906524658203
46874624,34.63228988647461
46891008,420.8275146484375
46907392,135.75318908691406
46923776,45.775760650634766
46940160,8.557652473449707
46956544,240.75485229492188
46972928,129.44664001464844
46989312,48.93199157714844
47005696,56.80046844482422
47022080,141.0491943359375
47038464,11.086862564086914
47054848,213.74642944335938
47071232,116.16012573242188
47087616,191.28802490234375
47104000,96.60099792480469
47120384,23.920276641845703
47136768,109.66250610351562
47153152,21.9666690826416
47169536,236.82041931152344
47185920,110.73780059814453
47202304,336.6208801269531
47218688,443.58258056640625
47235072,94.83708190917969
47251456,28.925065994262695
47267840,108.20751953125
47284224,230.8618927001953
47300608,101.10519409179688
47316992,133.22940063476562
47333376,164.03578186035156
47349760,303.5806884765625
47366144,178.59902954101562
47382528,53.48825454711914
47398912,69.82347106933594
47415296,385.9981384277344
47431680,163.34239196777344
47448064,29.975074768066406
47464448,179.18930053710938
47480832,67.75312042236328
47497216,30.733924865722656
47513600,44.10877990722656
47529984,23.89751625061035
47546368,28.712779998779297
47562752,34.48773193359375
47579136,71.07925415039062
47595520,86.46884155273438
47611904,24.08116912841797
47628288,33.80467224121094
47644672,148.31716918945312
47661056,108.57548522949219
47677440,12.79449462890625
47693824,154.74554443359375
47710208,90.59020233154297
47726592,44.341461181640625
47742976,28.688758850097656
47759360,152.2950897216797
47775744,233.77626037597656
47792128,24.71744155883789
47808512,15.89488410949707
47824896,105.75141906738281
47841280,287.56549072265625
47857664,8.371709823608398
47874048,7.884082794189453
47890432,36.714942932128906
47906816,166.20318603515625
47923200,90.2673568725586
47939584,207.7949981689453
47955968,23.830121994018555
47972352,19.30583953857422
47988736,103.47814178466797
48005120,197.197509765625
48021504,253.939208984375
48037888,143.98690795898438
48054272,641.4993896484375
48070656,418.0806579589844
48087040,67.1455078125
48103424,309.6080627441406
48119808,8.958673477172852
48136192,12.043496131896973
48152576,9.159939765930176
48168960,290.9787902832031
48185344,17.458038330078125
48201728,169.6660614013672
48218112,16.40005874633789
48234496,37.313072204589844
48250880,10.931682586669922
48267264,34.77009201049805
48283648,31.048397064208984
48300032,12.588123321533203
48316416,15.389494895935059
48332800,40.15776443481445
48349184,18.26239585876465
48365568,168.0546417236328
48381952,250.520263671875
48398336,291.8489990234375
48414720,58.350643157958984
48431104,124.50558471679688
48447488,136.7095489501953
48463872,25.915714263916016
48480256,281.7918395996094
48496640,283.1874084472656
48513024,48.689273834228516
48529408,19.472875595092773
48545792,151.50711059570312
48562176,20.04240608215332
48578560,30.5866641998291
48594944,112.24567413330078
48611328,236.2032012939453
48627712,9.905146598815918
48644096,501.461181640625
48660480,514.71826171875
48676864,431.2603454589844
48693248,145.4070281982422
48709632,698.6512451171875
48726016,412.33544921875
48742400,411.81781005859375
48758784,129.38134765625
48775168,15.016281127929688
48791552,137.52195739746094
48807936,53.05944061279297
48824320,174.22274780273438
48840704,48.98436737060547
48857088,113.03734588623047
48873472,394.7723083496094
48889856,803.0240478515625
48906240,72.52159881591797
48922624,50.39826965332031
48939008,16.640262603759766
48955392,156.0680694580078
48971776,193.57412719726562
48988160,214.32659912109375
49004544,97.67179870605469
49020928,315.76708984375
49037312,13.343148231506348
49053696,49.19303512573242
49070080,312.8525390625
49086464,340.30010986328125
49102848,47.939308166503906
49119232,80.3575668334961
49135616,63.956382751464844
49152000,13.09084701538086
49168384,50.444637298583984
49184768,6.857651233673096
49201152,59.7570915222168
49217536,310.5096130371094
49233920,380.33258056640625
49250304,22.057262420654297
49266688,175.2008056640625
49283072,275.5091552734375
49299456,654.37646484375
49315840,357.7834167480469
49332224,244.93153381347656
49348608,594.4352416992188
49364992,542.428955078125
49381376,19.528194427490234
49397760,227.044677734375
49414144,182.51663208007812
49430528,9.776350021362305
49446912,80.59344482421875
49463296,629.1737060546875
49479680,342.51953125
49496064,44.19268798828125
49512448,996.36279296875
49528832,304.9495849609375
49545216,144.8711395263672
49561600,213.685302734375
49577984,22.807117462158203
49594368,122.8745346069336
49610752,128.13990783691406
49627136,24.09506607055664
49643520,22.05721664428711
49659904,76.24363708496094
49676288,405.9957580566406
49692672,381.9427185058594
49709056,117.78046417236328
49725440,25.478267669677734
49741824,14.218585014343262
49758208,50.8214225769043
49774592,9.056451797485352
49790976,168.3387451171875
49807360,45.73564910888672
49823744,237.801513671875
49840128,106.3338623046875
49856512,267.0927429199219
49872896,7.0958170890808105
49889280,323.2070007324219
49905664,9.188392639160156
49922048,8.49237060546875
49938432,49.3026123046875
49954816,62.75387191772461
49971200,92.87014770507812
49987584,234.1391143798828
50003968,68.13680267333984
50020352,204.016357421875
50036736,12.592166900634766
50053120,81.74736785888672
50069504,108.73036193847656
50085888,448.1786193847656
50102272,354.55474853515625
50118656,892.2862548828125
50135040,224.06985473632812
50151424,354.1233825683594
50167808,1120.09814453125
50184192,78.30747985839844
50200576,149.461669921875
50216960,195.32040405273438
50233344,59.11448287963867
50249728,710.213623046875
50266112,849.8680419921875
50282496,745.0564575195312
50298880,978.7201538085938
50315264,2013.936279296875
50331648,251.07504272460938
50348032,301.0567626953125
50364416,185.21832275390625
50380800,1187.6864013671875
50397184,217.27206420898438
50413568,105.71710205078125
50429952,254.2418212890625
50446336,336.6746826171875
50462720,112.558349609375
50479104,449.1571960449219
50495488,157.4737548828125
50511872,208.97824096679688
50528256,211.8511199951172
50544640,405.8722839355469
50561024,250.92703247070312
50577408,513.0167236328125
50593792,431.38250732421875
50610176,172.3507537841797
50626560,837.1316528320312
50642944,852.68896484375
50659328,1026.35107421875
50675712,540.2791748046875
50692096,736.7916259765625
50708480,718.161865234375
50724864,285.7470703125
50741248,1431.356689453125
50757632,455.28125
50774016,539.0531616210938
50790400,224.81869506835938
50806784,545.60595703125
50823168,857.5643920898438
50839552,838.7645263671875
50855936,531.3755493164062
50872320,474.83563232421875
50888704,349.36895751953125
50905088,686.3601684570312
50921472,826.6942138671875
50937856,550.3671875
50954240,698.5803833007812
50970624,723.8623046875
50987008,1321.159912109375
51003392,381.26934814453125
51019776,1554.711669921875
51036160,883.8643798828125
51052544,1170.1904296875
51068928,116.99848175048828
51085312,82.04798889160156
51101696,975.5721435546875
51118080,986.6370849609375
51134464,354.26873779296875
51150848,812.4403076171875
51167232,683.5579833984375
51183616,898.08544921875
51200000,517.2442626953125
51216384,1419.3936767578125
51232768,713.6244506835938
51249152,213.37158203125
51265536,989.4708251953125
51281920,632.5408935546875
51298304,456.511962890625
51314688,914.9635009765625
51331072,787.7142333984375
51347456,332.7707824707031
51363840,1609.0966796875
51380224,564.5805053710938
51396608,1510.3458251953125
51412992,189.6619873046875
51429376,607.8778076171875
51445760,104.63322448730469
51462144,144.42127990722656
51478528,883.2338256835938
51494912,323.6282958984375
51511296,151.21121215820312
51527680,373.0717468261719
51544064,252.29141235351562
51560448,239.8339385986328
51576832,146.29005432128906
51593216,351.84423828125
51609600,354.94970703125
51625984,222.83212280273438
51642368,241.2452392578125
51658752,246.0625762939453
51675136,256.76568603515625
51691520,327.28765869140625
51707904,79.33123779296875
51724288,100.25157165527344
51740672,149.62518310546875
51757056,223.38555908203125
51773440,94.38325500488281
51789824,265.0836181640625
51806208,67.29925537109375
51822592,126.08650970458984
51838976,168.0366973876953
51855360,177.25146484375
51871744,198.1068115234375
51888128,548.6326904296875
51904512,454.55242919921875
51920896,136.87606811523438
51937280,153.9688262939453
51953664,619.6241455078125
51970048,99.9924087524414
51986432,289.9068603515625
52002816,98.91532135009766
52019200,81.72675323486328
52035584,141.49542236328125
52051968,99.92311096191406
52068352,158.49862670898438
52084736,250.11476135253906
52101120,201.16079711914062
52117504,134.79315185546875
52133888,49.75712966918945
52150272,225.55313110351562
52166656,224.846923828125
52183040,148.75189208984375
52199424,76.58888244628906
52215808,137.01083374023438
52232192,217.92507934570312
52248576,142.88314819335938
52264960,94.47169494628906
52281344,638.7674560546875
52297728,137.50721740722656
52314112,84.5958023071289
52330496,139.27133178710938
52346880,172.4501953125
52363264,518.0648193359375
52379648,138.01837158203125
52396032,160.15472412109375
52412416,249.47528076171875
52428800,184.18234252929688
52445184,126.38212585449219
52461568,78.31985473632812
52477952,88.33294677734375
52494336,37.460426330566406
52510720,218.00811767578125
52527104,106.92854309082031
52543488,43.88005828857422
52559872,112.46099853515625
52576256,62.11526107788086
52592640,128.85855102539062
52609024,221.82997131347656
52625408,154.62730407714844
52641792,74.28527069091797
52658176,59.60508346557617
52674560,314.94659423828125
52690944,44.15594482421875
52707328,135.6815948486328
52723712,249.09246826171875
52740096,82.58442687988281
52756480,103.49015808105469
52772864,93.82107543945312
52789248,94.23999786376953
52805632,217.93124389648438
52822016,33.003761291503906
52838400,165.32691955566406
52854784,412.3498840332031
52871168,187.7744140625
52887552,126.93220520019531
52903936,69.37459564208984
52920320,243.89505004882812
52936704,99.13162231445312
52953088,401.8941345214844
52969472,171.41339111328125
52985856,22.410144805908203
53002240,61.33115005493164
53018624,157.5910186767578
53035008,362.9258117675781
53051392,265.80224609375
53067776,54.566375732421875
53084160,273.97894287109375
53100544,203.8798828125
53116928,17.11804962158203
53133312,142.07008361816406
53149696,204.58497619628906
53166080,55.259178161621094
53182464,153.31695556640625
53198848,312.5946350097656
53215232,35.76566696166992
53231616,168.7052001953125
53248000,112.20603942871094
53264384,25.55730438232422
53280768,182.22744750976562
53297152,21.723968505859375
53313536,623.4153442382812
53329920,115.06932067871094
53346304,411.61865234375
53362688,118.2933120727539
53379072,40.6122932434082
53395456,35.126953125
53411840,139.65374755859375
53428224,168.63633728027344
53444608,116.36837768554688
53460992,54.854434967041016
53477376,278.25177001953125
53493760,51.80611038208008
53510144,86.22351837158203
53526528,150.50169372558594
53542912,387.2369384765625
53559296,51.576229095458984
53575680,78.39371490478516
53592064,61.813934326171875
53608448,227.83670043945312
53624832,149.78277587890625
53641216,80.85630798339844
53657600,110.44388580322266
53673984,89.93733978271484
53690368,87.26596069335938
53706752,517.2467041015625
53723136,191.92828369140625
53739520,101.67984771728516
53755904,104.3615951538086
53772288,351.8020324707031
53788672,178.67636108398438
53805056,146.8445587158203
53821440,218.73358154296875
53837824,137.56082153320312
53854208,141.33056640625
53870592,282.6314697265625
53886976,168.306640625
53903360,813.0955200195312
53919744,51.301361083984375
53936128,34.575828552246094
53952512,162.10061645507812
53968896,32.975990295410156
53985280,239.7690887451172
54001664,101.46541595458984
54018048,145.8953857421875
54034432,36.00522994995117
54050816,28.475872039794922
54067200,74.68852233886719
54083584,180.6600341796875
54099968,159.61514282226562
54116352,164.6588134765625
54132736,127.01791381835938
54149120,69.50980377197266
54165504,229.203125
54181888,170.16627502441406
54198272,64.94401550292969
54214656,73.44317626953125
54231040,282.35528564453125
54247424,116.2110595703125
54263808,127.94044494628906
54280192,164.21157836914062
54296576,342.89715576171875
54312960,55.89189529418945
54329344,147.2792510986328
54345728,138.06402587890625
54362112,85.5701904296875
54378496,26.282958984375
54394880,214.68792724609375
54411264,47.17436981201172
54427648,253.27499389648438
54444032,52.23262405395508
54460416,391.69866943359375
54476800,89.29875946044922
54493184,104.15453338623047
54509568,137.81060791015625
54525952,239.19529724121094
54542336,92.43101501464844
54558720,143.31301879882812
54575104,35.33164978027344
54591488,121.4123764038086
54607872,62.04547882080078
54624256,18.64398956298828
54640640,27.189373016357422
54657024,25.08153533935547
54673408,137.91397094726562
54689792,44.457481384277344
54706176,26.731369018554688
54722560,94.4065170288086
54738944,116.41897583007812
54755328,30.313411712646484
54771712,118.2629623413086
54788096,38.624290466308594
54804480,23.36772918701172
54820864,79.64863586425781
54837248,27.969478607177734
54853632,164.48963928222656
54870016,358.4801330566406
54886400,83.3547592163086
54902784,20.537822723388672
54919168,142.0132293701172
54935552,83.45545196533203
54951936,201.71109008789062
54968320,13.499070167541504
54984704,87.88414001464844
55001088,92.33506774902344
55017472,236.4696502685547
55033856,278.302734375
55050240,362.802734375
55066624,26.079212188720703
55083008,115.51016235351562
55099392,60.70042419433594
55115776,102.69964599609375
55132160,195.9186553955078
55148544,33.25736618041992
55164928,160.12623596191406
55181312,42.21738815307617
55197696,30.377933502197266
55214080,131.43563842773438
55230464,15.136068344116211
55246848,58.1742057800293
55263232,127.36067199707031
55279616,291.087890625
55296000,76.57477569580078
55312384,33.99470901489258
55328768,28.099090576171875
55345152,21.818761825561523
55361536,197.23361206054688
55377920,45.51272201538086
55394304,29.55206298828125
55410688,32.156532287597656
55427072,68.87594604492188
55443456,23.32865333557129
55459840,251.01063537597656
55476224,59.36037063598633
55492608,17.901180267333984
55508992,129.3021240234375
55525376,79.89505004882812
55541760,442.9652404785156
55558144,358.22003173828125
55574528,19.528873443603516
55590912,54.491676330566406
55607296,53.6429443359375
55623680,93.6646499633789
55640064,40.37279510498047
55656448,142.46607971191406
55672832,24.481739044189453
55689216,84.20613861083984
55705600,150.7145233154297
55721984,63.76616287231445
55738368,46.47608947753906
55754752,567.4237060546875
55771136,24.495223999023438
55787520,42.18482208251953
55803904,39.08182907104492
55820288,47.416419982910156
55836672,145.0230712890625
55853056,40.41059875488281
55869440,56.29920196533203
55885824,17.116954803466797
55902208,22.450212478637695
55918592,691.8569946289062
55934976,65.91055297851562
55951360,31.95008087158203
55967744,516.6322021484375
55984128,41.746334075927734
56000512,25.831998825073242
56016896,57.760433197021484
56033280,145.0613250732422
56049664,478.227783203125
56066048,83.4661865234375
56082432,10.129688262939453
56098816,109.4314193725586
56115200,70.19256591796875
56131584,220.27481079101562
56147968,67.99319458007812
56164352,97.05424499511719
56180736,29.048242568969727
56197120,928.6529541015625
56213504,437.0582275390625
56229888,21.374942779541016
56246272,56.725868225097656
56262656,61.12221908569336
56279040,21.00352668762207
56295424,190.55682373046875
56311808,15.258883476257324
56328192,16.361358642578125
56344576,16.80790901184082
56360960,60.108192443847656
56377344,80.8778305053711
56393728,70.67398834228516
56410112,19.053119659423828
56426496,63.993648529052734
56442880,20.74884796142578
56459264,16.447345733642578
56475648,15.748519897460938
56492032,115.94116973876953
56508416,18.838321685791016
56524800,34.057979583740234
56541184,105.18883514404297
56557568,18.788593292236328
56573952,11.491943359375
56590336,90.52778625488281
56606720,16.856029510498047
56623104,27.779695510864258
56639488,117.6772689819336
56655872,10.054853439331055
56672256,43.84251403808594
56688640,49.25679016113281
56705024,147.77651977539062
56721408,35.026432037353516
56737792,123.01056671142578
56754176,46.75341033935547
56770560,395.4422607421875
56786944,69.53596496582031
56803328,255.18881225585938
56819712,329.81915283203125
56836096,13.19003677368164
56852480,12.573165893554688
56868864,35.48822021484375
56885248,31.099212646484375
56901632,8.666513442993164
56918016,66.51715087890625
56934400,9.9215087890625
56950784,74.14048767089844
56967168,42.34782409667969
56983552,25.000118255615234
56999936,60.362342834472656
57016320,496.550048828125
57032704,47.47237777709961
57049088,42.17119216918945
57065472,24.4796142578125
57081856,38.85685729980469
57098240,122.65773010253906
57114624,69.95703887939453
57131008,218.02996826171875
57147392,107.18659210205078
57163776,30.74142837524414
57180160,9.502996444702148
57196544,63.68559646606445
57212928,49.949642181396484
57229312,27.559505462646484
57245696,73.31831359863281
57262080,47.1129035949707
57278464,39.27644729614258
57294848,29.511390686035156
57311232,119.39725494384766
57327616,174.79344177246094
57344000,126.17864227294922
57360384,38.70508575439453
57376768,31.755508422851562
57393152,74.63788604736328
57409536,288.94720458984375
57425920,228.58773803710938
57442304,10.930273056030273
57458688,29.57038116455078
57475072,42.52960205078125
57491456,45.700462341308594
57507840,91.06449127197266
57524224,10.37606430053711
57540608,23.61800193786621
57556992,49.941932678222656
57573376,85.38034057617188
57589760,18.479080200195312
57606144,8.892996788024902
57622528,26.756881713867188
57638912,20.98757553100586
57655296,173.54331970214844
57671680,21.01638412475586
57688064,11.048466682434082
57704448,73.8178482055664
57720832,56.193603515625
57737216,33.325347900390625
57753600,11.014730453491211
57769984,34.50145721435547
57786368,63.42116165161133
57802752,92.46660614013672
57819136,34.25861740112305
57835520,30.02106475830078
57851904,12.023834228515625
57868288,90.67487335205078
57884672,101.98313903808594
57901056,12.142822265625
57917440,21.11206817626953
57933824,13.365432739257812
57950208,92.6259765625
57966592,90.71672058105469
57982976,97.60396575927734
57999360,10.697237014770508
58015744,152.21194458007812
58032128,57.525089263916016
58048512,19.680612564086914
58064896,351.537109375
58081280,12.232111930847168
58097664,368.7926940917969
58114048,52.496910095214844
58130432,72.62655639648438
58146816,230.07705688476562
58163200,50.12770462036133
58179584,16.941213607788086
58195968,55.67973709106445
58212352,51.120208740234375
58228736,8.880680084228516
58245120,25.211139678955078
58261504,258.3056335449219
58277888,117.12641906738281
58294272,69.91964721679688
58310656,144.19720458984375
58327040,24.987119674682617
58343424,7.177771091461182
58359808,129.38478088378906
58376192,186.09353637695312
58392576,83.39796447753906
58408960,232.64230346679688
58425344,97.23674011230469
58441728,11.973952293395996
58458112,76.20794677734375
58474496,96.65471649169922
58490880,83.82299041748047
58507264,16.567232131958008
58523648,21.317703247070312
58540032,201.15701293945312
58556416,278.91778564453125
58572800,286.2994384765625
58589184,27.6947021484375
58605568,15.106110572814941
58621952,12.679460525512695
58638336,31.238895416259766
58654720,91.72776794433594
58671104,40.07536315917969
58687488,29.872806549072266
58703872,54.44396209716797
58720256,17.073143005371094
58736640,8.416569709777832
58753024,54.143985748291016
58769408,65.19149780273438
58785792,54.83159637451172
58802176,82.30769348144531
58818560,89.61347961425781
58834944,89.99773406982422
58851328,28.796493530273438
58867712,29.559030532836914
58884096,455.4151916503906
58900480,12.331509590148926
58916864,27.42257308959961
58933248,9.323419570922852
58949632,107.63568878173828
58966016,16.494029998779297
58982400,12.089527130126953
58998784,189.61929321289062
59015168,49.73015213012695
59031552,219.6107635498047
59047936,237.2403564453125
59064320,55.97368621826172
59080704,160.3986053466797
59097088,47.441490173339844
59113472,100.99568176269531
59129856,166.87460327148438
59146240,29.851268768310547
59162624,79.30455780029297
59179008,264.5648193359375
59195392,261.2156066894531
59211776,94.63831329345703
59228160,23.155567169189453
59244544,115.98814392089844
59260928,462.2772216796875
59277312,203.61648559570312
59293696,18.170103073120117
59310080,37.58195495605469
59326464,269.0995178222656
59342848,49.742897033691406
59359232,244.82501220703125
59375616,18.73729705810547
59392000,177.41156005859375
59408384,176.83042907714844
59424768,462.6744384765625
59441152,1904.655029296875
59457536,62.00205993652344
59473920,251.7149658203125
59490304,94.55939483642578
59506688,262.8407897949219
59523072,1200.472412109375
59539456,412.61932373046875
59555840,967.509033203125
59572224,602.5433959960938
59588608,697.7142944335938
59604992,199.06178283691406
59621376,86.33279418945312
59637760,45.57867431640625
59654144,564.696533203125
59670528,170.99612426757812
59686912,231.835693359375
59703296,456.3056945800781
59719680,379.10748291015625
59736064,554.181884765625
59752448,69.66340637207031
59768832,436.1170654296875
59785216,176.9583282470703
59801600,559.455322265625
59817984,401.47564697265625
59834368,139.44427490234375
59850752,307.72125244140625
59867136,200.611328125
59883520,282.6888732910156
59899904,234.66305541992188
59916288,532.21826171875
59932672,52.85174560546875
59949056,738.1201782226562
59965440,147.85009765625
59981824,90.55168914794922
59998208,310.8350830078125
60014592,21.10015869140625
60030976,404.6148986816406
60047360,268.80487060546875
60063744,75.18038940429688
60080128,421.5897216796875
60096512,17.06604766845703
60112896,395.421142578125
60129280,281.48883056640625
60145664,84.30642700195312
60162048,385.3490295410156
60178432,141.46783447265625
60194816,94.4140625
60211200,297.3354187011719
60227584,235.29469299316406
60243968,461.29290771484375
60260352,420.86053466796875
60276736,331.7256774902344
60293120,382.2942199707031
60309504,506.0333251953125
60325888,254.2550811767578
60342272,49.67740249633789
60358656,56.07245635986328
60375040,556.8201293945312
60391424,265.0979309082031
60407808,123.36967468261719
60424192,474.48626708984375
60440576,312.9531555175781
60456960,296.90118408203125
60473344,377.83551025390625
60489728,371.32623291015625
60506112,141.67750549316406
60522496,363.01629638671875
60538880,301.3326416015625
60555264,348.00152587890625
60571648,389.09100341796875
60588032,156.16937255859375
60604416,744.8738403320312
60620800,359.9642333984375
60637184,1014.6818237304688
60653568,147.5927734375
60669952,273.36328125
60686336,301.1290588378906
60702720,665.3118896484375
60719104,407.2969970703125
60735488,401.78253173828125
60751872,152.1883087158203
60768256,1691.3199462890625
60784640,96.79243469238281
60801024,339.7939453125
60817408,119.39151000976562
60833792,69.34746551513672
60850176,460.7775573730469
60866560,556.7103881835938
60882944,53.648094177246094
60899328,780.1708984375
60915712,144.59812927246094
60932096,103.18294525146484
60948480,245.01834106445312
60964864,201.93759155273438
60981248,343.575439453125
60997632,181.3658905029297
61014016,186.44525146484375
61030400,404.49468994140625
61046784,859.1451416015625
61063168,170.86373901367188
61079552,202.07015991210938
61095936,183.45028686523438
61112320,197.09564208984375
61128704,396.34454345703125
61145088,15.898147583007812
61161472,158.47193908691406
61177856,244.11972045898438
61194240,100.84149169921875
61210624,75.21265411376953
61227008,467.3802490234375
61243392,109.02122497558594
61259776,174.94493103027344
61276160,83.99986267089844
61292544,97.85752868652344
61308928,90.96925354003906
61325312,348.4826965332031
61341696,687.7978515625
61358080,443.62359619140625
61374464,108.9175033569336
61390848,37.08666229248047
61407232,253.4474334716797
61423616,63.11832809448242
61440000,333.31219482421875
61456384,182.14727783203125
61472768,73.33309173583984
61489152,226.73248291015625
61505536,96.48898315429688
61521920,65.35437774658203
61538304,785.17041015625
61554688,22.737289428710938
61571072,19.36618423461914
61587456,53.59138488769531
61603840,177.8718719482422
61620224,94.80464935302734
61636608,513.5648193359375
61652992,161.55482482910156
61669376,40.25614929199219
61685760,272.5244445800781
61702144,73.16734313964844
61718528,425.27294921875
61734912,25.024808883666992
61751296,63.23554992675781
61767680,446.7230529785156
61784064,109.60702514648438
61800448,36.80126190185547
61816832,305.6775817871094
61833216,459.1214599609375
61849600,11.462291717529297
61865984,46.33070755004883
61882368,32.576419830322266
61898752,61.37135696411133
61915136,47.007999420166016
61931520,59.83753204345703
61947904,12.274898529052734
61964288,39.17947769165039
61980672,92.84827423095703
61997056,19.266632080078125
62013440,44.25382995605469
62029824,102.38494873046875
62046208,129.08148193359375
62062592,67.27242279052734
62078976,28.36209487915039
62095360,103.14482116699219
62111744,12.355379104614258
62128128,34.881046295166016
62144512,214.4008026123047
62160896,28.342439651489258
62177280,40.52173614501953
62193664,100.44984436035156
62210048,264.41796875
62226432,1296.04443359375
62242816,25.703317642211914
62259200,53.745452880859375
62275584,28.605152130126953
62291968,392.6069641113281
62308352,91.48368072509766
62324736,169.59519958496094
62341120,42.66064453125
62357504,17.777421951293945
62373888,128.35121154785156
62390272,260.07025146484375
62406656,128.10264587402344
62423040,156.7372589111328
62439424,79.86341094970703
62455808,205.68731689453125
62472192,38.80134201049805
62488576,73.25650024414062
62504960,34.69139862060547
62521344,143.69639587402344
62537728,61.312042236328125
62554112,124.9439468383789
62570496,591.1222534179688
62586880,96.1307601928711
62603264,49.85163497924805
62619648,30.67761993408203
62636032,236.58607482910156
62652416,21.30616569519043
62668800,116.67691040039062
62685184,19.48025131225586
62701568,8.964760780334473
62717952,9.055379867553711
62734336,139.32073974609375
62750720,185.73695373535156
62767104,27.120887756347656
62783488,28.58943748474121
62799872,208.48431396484375
62816256,136.5572967529297
62832640,20.875734329223633
62849024,71.4481201171875
62865408,118.73089599609375
62881792,32.52653503417969
62898176,20.453079223632812
62914560,320.2383117675781
62930944,722.172119140625
62947328,90.74891662597656
62963712,99.2126693725586
62980096,21.24333953857422
62996480,51.26711654663086
63012864,141.44174194335938
63029248,153.15895080566406
63045632,28.743375778198242
63062016,59.472023010253906
63078400,118.5907211303711
63094784,460.7003479003906
63111168,268.91180419921875
63127552,83.06248474121094
63143936,87.87848663330078
63160320,628.2723388671875
63176704,269.665283203125
63193088,71.29871368408203
63209472,221.70736694335938
63225856,437.68646240234375
63242240,451.00091552734375
63258624,150.43118286132812
63275008,530.555908203125
63291392,33.71833038330078
63307776,333.9474792480469
63324160,87.23882293701172
63340544,714.006103515625
63356928,65.73124694824219
63373312,479.6482849121094
63389696,66.87554168701172
63406080,367.20928955078125
63422464,141.76470947265625
63438848,399.3375549316406
63455232,125.90364837646484
63471616,1048.4322509765625
63488000,530.9931640625
63504384,30.979503631591797
63520768,174.04049682617188
63537152,298.363525390625
63553536,387.64630126953125
63569920,22.280805587768555
63586304,232.19967651367188
63602688,201.8372039794922
63619072,373.9937744140625
63635456,352.2437438964844
63651840,137.374267578125
63668224,254.62249755859375
63684608,162.45555114746094
63700992,110.41523742675781
63717376,402.32635498046875
63733760,746.3700561523438
63750144,265.34747314453125
63766528,181.77227783203125
63782912,322.310791015625
63799296,270.34979248046875
63815680,215.85275268554688
63832064,335.5892639160156
63848448,438.77972412109375
63864832,386.7818603515625
63881216,151.96987915039062
63897600,341.1360778808594
63913984,442.122802734375
63930368,513.075927734375
63946752,126.99434661865234
63963136,1016.7882080078125
63979520,396.8084411621094
63995904,231.8330078125
64012288,253.80001831054688
64028672,101.43058013916016
64045056,476.02197265625
64061440,56.87812423706055
64077824,201.68170166015625
64094208,194.83413696289062
64110592,553.7034912109375
64126976,410.6742858886719
64143360,443.245361328125
64159744,276.9886779785156
64176128,488.3321533203125
64192512,505.9693908691406
64208896,419.9329833984375
64225280,13.89694595336914
64241664,277.2804260253906
64258048,1343.562744140625
64274432,255.25926208496094
64290816,261.3781433105469
64307200,332.96099853515625
64323584,309.4823303222656
64339968,127.32566833496094
64356352,397.0474548339844
64372736,27.97276496887207
64389120,282.06719970703125
64405504,1114.3822021484375
64421888,1015.9140625
64438272,372.58770751953125
64454656,285.47900390625
64471040,30.21026039123535
64487424,239.43360900878906
64503808,97.44200134277344
64520192,1301.052978515625
64536576,242.03372192382812
64552960,118.4254379272461
64569344,456.4276123046875
64585728,721.1558227539062
64602112,41.09693908691406
64618496,303.3059387207031
64634880,83.53742980957031
64651264,180.07174682617188
64667648,172.63352966308594
64684032,1054.30322265625
64700416,60.7197151184082
64716800,141.35568237304688
64733184,45.60004425048828
64749568,36.21336364746094
64765952,136.10867309570312
64782336,1233.645263671875
64798720,163.69094848632812
64815104,152.66192626953125
64831488,138.49844360351562
64847872,147.19996643066406
64864256,198.587158203125
64880640,65.06275939941406
64897024,354.8182067871094
64913408,141.51004028320312
64929792,351.15478515625
64946176,146.39154052734375
64962560,309.233154296875
64978944,14.829814910888672
64995328,19.298290252685547
65011712,68.54075622558594
65028096,39.688838958740234
65044480,325.11614990234375
65060864,28.31055450439453
65077248,172.8590545654297
65093632,167.2472686767578
65110016,70.73078918457031
65126400,40.774452209472656
65142784,30.660259246826172
65159168,13.268518447875977
65175552,133.32962036132812
65191936,133.6680908203125
65208320,354.3791809082031
65224704,26.610240936279297
65241088,26.085830688476562
65257472,17.31745147705078
65273856,32.99681091308594
65290240,171.53688049316406
65306624,63.165977478027344
65323008,139.0714874267578
65339392,18.323190689086914
65355776,11.638123512268066
65372160,30.389774322509766
65388544,87.160888671875
65404928,563.485595703125
65421312,43.03838348388672
65437696,148.24708557128906
65454080,402.3923034667969
65470464,12.470966339111328
65486848,353.6842956542969
65503232,30.95489501953125
65519616,52.289154052734375
65536000,31.117416381835938
65552384,273.01025390625
65568768,69.88372039794922
65585152,118.96331024169922
65601536,420.01678466796875
65617920,170.28907775878906
65634304,36.7695198059082
65650688,612.443359375
65667072,19.300477981567383
65683456,134.95266723632812
65699840,16.40183448791504
65716224,151.16317749023438
65732608,8.894954681396484
65748992,145.52880859375
65765376,126.5053939819336
65781760,25.876056671142578
65798144,304.815673828125
65814528,79.64591979980469
65830912,264.68121337890625
65847296,113.84564208984375
65863680,71.5396957397461
65880064,60.6431770324707
65896448,509.12445068359375
65912832,259.4663391113281
65929216,330.7940979003906
65945600,224.3124237060547
65961984,85.28278350830078
65978368,18.937326431274414
65994752,40.71049499511719
66011136,260.2682800292969
66027520,325.74212646484375
66043904,336.2863464355469
66060288,13.694826126098633
66076672,82.65864562988281
66093056,64.21524047851562
66109440,27.985679626464844
66125824,28.21046257019043
66142208,138.50909423828125
66158592,308.475830078125
66174976,251.76470947265625
66191360,232.19754028320312
66207744,154.18341064453125
66224128,47.07726287841797
66240512,40.72998046875
66256896,160.12619018554688
66273280,300.9697265625
66289664,106.08146667480469
66306048,141.99745178222656
66322432,479.6601867675781
66338816,143.2819366455078
66355200,41.16770935058594
66371584,35.20633316040039
66387968,136.6319122314453
66404352,112.78181457519531
66420736,39.19233322143555
66437120,22.186767578125
66453504,11.494564056396484
66469888,180.55545043945312
66486272,103.87054443359375
66502656,16.356948852539062
66519040,262.6619873046875
66535424,15.860915184020996
66551808,406.64312744140625
66568192,197.6382293701172
66584576,115.27812957763672
66600960,20.099672317504883
66617344,45.99425506591797
66633728,465.0382995605469
66650112,128.81674194335938
66666496,120.25739288330078
66682880,11.561330795288086
66699264,30.686771392822266
66715648,192.890380859375
66732032,43.682899475097656
66748416,238.3191680908203
66764800,99.06311798095703
66781184,91.95889282226562
66797568,9.901817321777344
66813952,96.72450256347656
66830336,184.9874267578125
66846720,157.55519104003906
66863104,121.86621856689453
66879488,107.97705078125
66895872,34.7393913269043
66912256,12.056647300720215
66928640,138.1682586669922
66945024,268.7047119140625
66961408,23.382020950317383
66977792,12.419597625732422
66994176,226.86045837402344
67010560,107.96442413330078
67026944,14.054208755493164
67043328,131.46665954589844
67059712,241.44528198242188
67076096,220.96031188964844
67092480,77.79576110839844
67108864,95.16664123535156
67125248,201.96304321289062
67141632,196.08872985839844
67158016,242.594970703125
67174400,215.01197814941406
67190784,189.56112670898438
67207168,112.82780456542969
67223552,62.55963897705078
67239936,40.911521911621094
67256320,13.357179641723633
67272704,93.59292602539062
67289088,199.71034240722656
67305472,133.97021484375
67321856,88.23845672607422
67338240,139.20071411132812
67354624,479.76739501953125
67371008,185.41561889648438
67387392,210.70323181152344
67403776,18.60175895690918
67420160,28.293487548828125
67436544,463.5554504394531
67452928,76.7593994140625
67469312,257.6645812988281
67485696,136.47877502441406
67502080,670.6077880859375
67518464,31.185604095458984
67534848,11.694631576538086
67551232,18.57296371459961
67567616,14.697609901428223
67584000,85.89913940429688
67600384,288.23382568359375
67616768,104.02789306640625
67633152,355.4682312011719
67649536,129.5131072998047
67665920,158.9324951171875
67682304,113.55834197998047
67698688,14.933263778686523
67715072,307.8360595703125
67731456,45.68273162841797
67747840,126.68498992919922
67764224,440.2674560546875
67780608,279.98504638671875
67796992,273.0326843261719
67813376,550.2225952148438
67829760,21.257369995117188
67846144,492.0221252441406
67862528,84.11724853515625
67878912,254.77125549316406
67895296,157.79251098632812
67911680,350.17901611328125
67928064,42.11793518066406
67944448,498.1280822753906
67960832,353.5764465332031
67977216,475.260986328125
67993600,339.5657653808594
68009984,592.3466796875
68026368,73.72763061523438
68042752,158.65036010742188
68059136,316.0614318847656
68075520,517.5819091796875
68091904,26.570907592773438
68108288,40.03504180908203
68124672,482.7987060546875
68141056,97.44197082519531
68157440,46.29233169555664
68173824,39.95800018310547
68190208,39.44591522216797
68206592,53.473724365234375
68222976,13.222371101379395
68239360,127.92391967773438
68255744,124.91304016113281
68272128,130.53781127929688
68288512,49.241981506347656
68304896,266.1105651855469
68321280,98.88823699951172
68337664,512.9891357421875
68354048,24.894359588623047
68370432,277.9049072265625
68386816,361.50628662109375
68403200,246.7526092529297
68419584,290.04058837890625
68435968,128.6786651611328
68452352,166.30142211914062
68468736,76.79610443115234
68485120,126.9676284790039
68501504,440.47119140625
68517888,126.24855041503906
68534272,429.00140380859375
68550656,140.68284606933594
68567040,209.82127380371094
68583424,247.18844604492188
68599808,286.06573486328125
68616192,204.65768432617188
68632576,266.82763671875
68648960,255.85684204101562
68665344,176.28048706054688
68681728,252.9833984375
68698112,168.7449951171875
68714496,110.64715576171875
68730880,30.484867095947266
68747264,88.292724609375
68763648,506.0318908691406
68780032,311.6415710449219
68796416,15.814556121826172
68812800,137.8417205810547
68829184,90.70423889160156
68845568,409.46807861328125
68861952,445.3992919921875
68878336,85.20671081542969
68894720,406.12322998046875
68911104,27.935619354248047
68927488,114.68167114257812
68943872,139.35308837890625
68960256,119.16993713378906
68976640,80.77426147460938
68993024,352.7034606933594
69009408,315.856201171875
69025792,238.337158203125
69042176,229.41664123535156
69058560,119.09617614746094
69074944,401.0982666015625
69091328,114.62251281738281
69107712,600.1502075195312
69124096,22.184350967407227
69140480,26.21568489074707
69156864,46.67047119140625
69173248,68.71086120605469
69189632,38.4591064453125
69206016,132.01608276367188
69222400,150.54324340820312
69238784,146.3231201171875
69255168,41.10716247558594
69271552,457.3031005859375
69287936,289.3908996582031
69304320,341.0523681640625
69320704,448.3958740234375
69337088,480.86962890625
69353472,86.31163024902344
69369856,123.2963638305664
69386240,594.5686645507812
69402624,203.11544799804688
69419008,320.3429870605469
69435392,124.04003143310547
69451776,169.9102020263672
69468160,73.22911071777344
69484544,30.017457962036133
69500928,152.2541046142578
69517312,296.3746032714844
69533696,148.86032104492188
69550080,33.7260856628418
69566464,64.9921875
69582848,504.8638000488281
69599232,298.85662841796875
69615616,242.22470092773438
69632000,338.360595703125
69648384,340.838623046875
69664768,94.46265411376953
69681152,138.77561950683594
69697536,401.54498291015625
69713920,223.91297912597656
69730304,295.8165283203125
69746688,115.94733428955078
69763072,263.85418701171875
69779456,38.182212829589844
69795840,473.18963623046875
69812224,419.54248046875
69828608,243.90371704101562
69844992,230.31204223632812
69861376,546.306640625
69877760,231.33145141601562
69894144,249.51673889160156
69910528,44.92623519897461
69926912,98.07205200195312
69943296,337.82867431640625
69959680,118.74078369140625
69976064,189.30870056152344
69992448,43.725162506103516
70008832,32.55972671508789
70025216,109.95124053955078
70041600,406.03533935546875
70057984,466.21746826171875
70074368,111.87374114990234
70090752,66.6605453491211
70107136,184.8609161376953
70123520,155.81854248046875
70139904,224.473876953125
70156288,241.74755859375
70172672,128.18392944335938
70189056,146.98004150390625
70205440,82.52235412597656
70221824,152.41558837890625
70238208,138.84716796875
70254592,91.63565063476562
70270976,195.4215850830078
70287360,227.25453186035156
70303744,85.63597106933594
70320128,25.381567001342773
70336512,212.4012908935547
70352896,311.2273254394531
70369280,178.69503784179688
70385664,113.49915313720703
70402048,23.131423950195312
70418432,685.92236328125
70434816,322.0075988769531
70451200,267.367919921875
70467584,198.10829162597656
70483968,300.738037109375
70500352,351.4522705078125
70516736,22.567007064819336
70533120,166.18145751953125
70549504,318.025146484375
70565888,272.1538391113281
70582272,108.85237121582031
70598656,193.22911071777344
70615040,28.512584686279297
70631424,154.8148956298828
70647808,599.902099609375
70664192,654.8731079101562
70680576,286.6968688964844
70696960,1297.4632568359375
70713344,48.555335998535156
70729728,276.740478515625
70746112,275.0295715332031
70762496,109.80792236328125
70778880,27.619089126586914
70795264,16.194435119628906
70811648,14.718267440795898
70828032,56.24309158325195
70844416,25.070972442626953
70860800,66.51263427734375
70877184,192.3870391845703
70893568,107.35346984863281
70909952,11.377758026123047
70926336,40.30181884765625
70942720,9.227245330810547
70959104,209.83065795898438
70975488,29.15559959411621
70991872,75.10291290283203
71008256,8.664840698242188
71024640,66.6472396850586
71041024,92.41482543945312
71057408,36.37755584716797
71073792,21.291175842285156
71090176,13.499979019165039
71106560,12.872041702270508
71122944,150.46109008789062
71139328,52.68093490600586
71155712,109.95516967773438
71172096,26.8604679107666
71188480,18.590757369995117
71204864,54.76119613647461
71221248,25.923465728759766
71237632,135.01771545410156
71254016,12.246894836425781
71270400,43.382598876953125
71286784,283.6977844238281
71303168,50.26613998413086
71319552,87.8166732788086
71335936,21.8695068359375
71352320,120.17280578613281
71368704,28.732070922851562
71385088,123.89167785644531
71401472,637.4629516601562
71417856,194.39938354492188
71434240,149.2906494140625
71450624,49.59130096435547
71467008,165.64227294921875
71483392,127.45149230957031
71499776,242.8637237548828
71516160,161.70587158203125
71532544,109.78032684326172
71548928,185.58755493164062
71565312,142.1492462158203
71581696,67.61662292480469
71598080,149.6622314453125
71614464,32.98681640625
71630848,35.724693298339844
71647232,224.03089904785156
71663616,177.8881378173828
71680000,447.223876953125
71696384,213.43955993652344
71712768,255.27099609375
71729152,224.40335083007812
71745536,69.90790557861328
71761920,37.250465393066406
71778304,273.91741943359375
71794688,598.0011596679688
71811072,94.07550811767578
71827456,524.4320678710938
71843840,290.8242492675781
71860224,302.32427978515625
71876608,432.680419921875
71892992,461.0199279785156
71909376,347.8849182128906
71925760,297.28997802734375
71942144,1284.1690673828125
71958528,341.6494140625
71974912,188.610595703125
71991296,55.91604995727539
72007680,198.7446746826172
72024064,49.205902099609375
72040448,133.0748748779297
72056832,206.19314575195312
72073216,567.7335815429688
72089600,171.51455688476562
72105984,34.4004020690918
72122368,32.5533561706543
72138752,24.437421798706055
72155136,44.96729278564453
72171520,361.2513122558594
72187904,51.397186279296875
72204288,160.2737579345703
72220672,73.41312408447266
72237056,294.2782287597656
72253440,32.27735900878906
72269824,127.27838897705078
72286208,20.81740951538086
72302592,24.692180633544922
72318976,250.6170654296875
72335360,59.59767150878906
72351744,154.03604125976562
72368128,548.1011352539062
72384512,74.54576110839844
72400896,125.57964324951172
72417280,88.72962951660156
72433664,133.20382690429688
72450048,805.8064575195312
72466432,39.98972702026367
72482816,10.095375061035156
72499200,105.44346618652344
72515584,223.15623474121094
72531968,150.7458953857422
72548352,116.57366943359375
72564736,296.35736083984375
72581120,286.7861328125
72597504,575.3646240234375
72613888,128.2166290283203
72630272,469.3744812011719
72646656,469.01043701171875
72663040,321.98150634765625
72679424,591.6559448242188
72695808,654.2719116210938
72712192,363.3041076660156
72728576,211.31031799316406
72744960,285.1673583984375
72761344,103.41533660888672
72777728,49.970611572265625
72794112,394.12890625
72810496,404.7388916015625
72826880,234.40237426757812
72843264,192.33560180664062
72859648,65.33097839355469
72876032,105.89485168457031
72892416,224.69039916992188
72908800,123.4620361328125
72925184,66.12437438964844
72941568,136.3289337158203
72957952,39.54684829711914
72974336,246.51803588867188
72990720,201.29132080078125
73007104,497.55169677734375
73023488,26.915971755981445
73039872,53.417724609375
73056256,185.52032470703125
73072640,175.22023010253906
73089024,38.871944427490234
73105408,28.98355484008789
73121792,190.97714233398438
73138176,170.372314453125
73154560,81.8451919555664
73170944,26.45656967163086
73187328,51.39338684082031
73203712,9.680270195007324
73220096,83.13751983642578
73236480,130.36221313476562
73252864,87.40865325927734
73269248,37.57787322998047
73285632,58.46937942504883
73302016,38.15647888183594
73318400,283.8121643066406
73334784,16.147926330566406
73351168,179.3590850830078
73367552,113.8131332397461
73383936,426.81085205078125
73400320,171.79685974121094
73416704,191.5720672607422
73433088,852.603271484375
73449472,208.52081298828125
73465856,574.3758544921875
73482240,29.93609619140625
73498624,98.25434112548828
73515008,408.6793518066406
73531392,18.055435180664062
73547776,83.70545196533203
73564160,126.31196594238281
73580544,235.9379119873047
73596928,214.67140197753906
73613312,82.89810180664062
73629696,199.9813232421875
73646080,278.8052673339844
73662464,369.3648376464844
73678848,197.64404296875
73695232,201.44190979003906
73711616,343.72607421875
73728000,44.75853729248047
73744384,142.65829467773438
73760768,176.3062744140625
73777152,290.3185729980469
73793536,69.09910583496094
73809920,158.58181762695312
73826304,195.56288146972656
73842688,17.24410057067871
73859072,39.91194534301758
73875456,161.14671325683594
73891840,160.58950805664062
73908224,27.773944854736328
73924608,117.65997314453125
73940992,16.381813049316406
73957376,68.10418701171875
73973760,272.215576171875
73990144,363.33184814453125
74006528,285.3382873535156
74022912,12.891561508178711
74039296,26.36103057861328
74055680,32.74838638305664
74072064,37.68407440185547
74088448,99.06726837158203
74104832,43.72248077392578
74121216,98.25050354003906
74137600,185.1865692138672
74153984,21.069622039794922
74170368,62.3975944519043
74186752,622.567138671875
74203136,111.56179809570312
74219520,273.5068054199219
74235904,66.92073059082031
74252288,121.93299102783203
74268672,177.3573760986328
74285056,237.82095336914062
74301440,229.79913330078125
74317824,74.47158813476562
74334208,299.2985534667969
74350592,84.7186050415039
74366976,112.95630645751953
74383360,61.024940490722656
74399744,76.69074249267578
74416128,94.08099365234375
74432512,25.451679229736328
74448896,146.8372802734375
74465280,27.224159240722656
74481664,354.20404052734375
74498048,61.53171920776367
74514432,19.365652084350586
74530816,32.74188232421875
74547200,216.68829345703125
74563584,32.99739074707031
74579968,168.1412353515625
74596352,27.57345962524414
74612736,223.836669921875
74629120,297.9733581542969
74645504,10.822148323059082
74661888,104.865478515625
74678272,173.6822509765625
74694656,76.71309661865234
74711040,278.64031982421875
74727424,20.23428726196289
74743808,118.75450134277344
74760192,20.30232810974121
74776576,293.490478515625
74792960,33.89683532714844
74809344,14.725898742675781
74825728,217.98617553710938
74842112,75.48439025878906
74858496,117.81523895263672
74874880,353.0301818847656
74891264,32.242774963378906
74907648,18.00338363647461
74924032,163.9595184326172
74940416,101.55715942382812
74956800,400.42376708984375
74973184,56.62884521484375
74989568,25.076183319091797
75005952,163.67416381835938
75022336,221.66708374023438
75038720,26.61005973815918
75055104,101.19483947753906
75071488,85.34806823730469
75087872,363.32757568359375
75104256,373.88226318359375
75120640,36.14070510864258
75137024,23.766769409179688
75153408,183.98654174804688
75169792,191.66891479492188
75186176,101.8617172241211
75202560,9.778146743774414
75218944,40.38576889038086
75235328,53.059104919433594
75251712,13.985514640808105
75268096,124.59358215332031
75284480,153.0243682861328
75300864,39.637298583984375
75317248,130.98666381835938
75333632,14.489700317382812
75350016,101.8463134765625
75366400,78.9911117553711
75382784,12.419994354248047
75399168,257.1545104980469
75415552,38.33329391479492
75431936,478.4864501953125
75448320,219.34210205078125
75464704,59.134857177734375
75481088,127.51844787597656
75497472,64.78616333007812
75513856,149.37229919433594
75530240,58.31474304199219
75546624,718.2959594726562
75563008,13.768590927124023
75579392,119.96488952636719
75595776,103.6500473022461
75612160,80.67578125
75628544,47.51116180419922
75644928,26.581127166748047
75661312,64.3211898803711
75677696,481.1265869140625
75694080,86.9348373413086
75710464,16.82704734802246
75726848,587.9443359375
75743232,65.80755615234375
75759616,137.8423614501953
75776000,102.88238525390625
75792384,47.87128448486328
75808768,135.40733337402344
75825152,248.2159881591797
75841536,292.8150634765625
75857920,109.06033325195312
75874304,60.9348258972168
75890688,79.81171417236328
75907072,15.68256950378418
75923456,418.7322998046875
75939840,11.336795806884766
75956224,25.53567886352539
75972608,208.2232666015625
75988992,165.5642852783203
76005376,210.92025756835938
76021760,440.0693054199219
76038144,83.3597640991211
76054528,81.9658203125
76070912,124.25355529785156
76087296,43.7784423828125
76103680,317.22796630859375
76120064,126.31858825683594
76136448,102.6217041015625
76152832,48.90330505371094
76169216,35.12818908691406
76185600,128.13775634765625
76201984,12.324300765991211
76218368,79.39956665039062
76234752,193.35182189941406
76251136,83.89772033691406
76267520,159.14877319335938
76283904,186.212646484375
76300288,16.113780975341797
76316672,23.04706382751465
76333056,121.98518371582031
76349440,92.5030517578125
76365824,81.32569122314453
76382208,445.89044189453125
76398592,38.45095443725586
76414976,27.892107009887695
76431360,216.25341796875
76447744,26.448854446411133
76464128,20.714859008789062
76480512,147.36825561523438
76496896,155.06015014648438
76513280,28.23942756652832
76529664,30.914745330810547
76546048,177.7552490234375
76562432,33.21552276611328
76578816,148.96749877929688
76595200,15.867157936096191
76611584,147.47665405273438
76627968,283.930908203125
76644352,48.952552795410156
76660736,46.403533935546875
76677120,60.97972106933594
76693504,177.2076873779297
76709888,133.44204711914062
76726272,22.44147491455078
76742656,229.22369384765625
76759040,184.1914825439453
76775424,133.41639709472656
76791808,191.06427001953125
76808192,99.32367706298828
76824576,23.136457443237305
76840960,51.43352127075195
76857344,218.40533447265625
76873728,391.1998291015625
76890112,36.92039489746094
76906496,71.47049713134766
76922880,53.48727798461914
76939264,64.35195922851562
76955648,79.5005874633789
76972032,291.4559326171875
76988416,116.56001281738281
77004800,44.68067169189453
77021184,53.1635856628418
77037568,40.15763473510742
77053952,196.8157958984375
77070336,184.85765075683594
77086720,78.35803985595703
77103104,232.26504516601562
77119488,155.20809936523438
77135872,66.2962646484375
77152256,406.2527160644531
77168640,496.869873046875
77185024,168.02410888671875
77201408,449.6345520019531
77217792,106.14977264404297
77234176,195.55154418945312
77250560,12.792016983032227
77266944,282.7852783203125
77283328,1155.259765625
77299712,215.63966369628906
77316096,297.75030517578125
77332480,437.3138427734375
77348864,290.1287841796875
77365248,376.74749755859375
77381632,193.70556640625
77398016,23.747005462646484
77414400,116.03580474853516
77430784,516.9673461914062
77447168,293.0889892578125
77463552,83.82420349121094
77479936,119.41229248046875
77496320,372.27923583984375
77512704,36.15190124511719
77529088,52.629791259765625
77545472,179.03541564941406
77561856,16.79400062561035
77578240,112.59220886230469
77594624,693.1430053710938
77611008,126.70677185058594
77627392,317.0015563964844
77643776,111.42103576660156
77660160,80.37904357910156
77676544,43.11589813232422
77692928,152.52926635742188
77709312,398.94525146484375
77725696,150.603271484375
77742080,95.32229614257812
77758464,154.65736389160156
77774848,63.432010650634766
77791232,141.81536865234375
77807616,37.792903900146484
77824000,569.6710815429688
77840384,21.802494049072266
77856768,277.25115966796875
77873152,507.5771179199219
77889536,582.4262084960938
77905920,82.91217803955078
77922304,121.68106079101562
77938688,134.12130737304688
77955072,228.14341735839844
77971456,82.14461517333984
77987840,142.49032592773438
78004224,221.08213806152344
78020608,203.45042419433594
78036992,307.5299072265625
78053376,207.35467529296875
78069760,1225.294677734375
78086144,107.6942138671875
78102528,256.3064880371094
78118912,694.3695068359375
78135296,449.967041015625
78151680,104.38737487792969
78168064,280.900390625
78184448,14.933807373046875
78200832,300.2335205078125
78217216,177.02951049804688
78233600,41.60523986816406
78249984,223.34715270996094
78266368,28.644746780395508
78282752,327.78790283203125
78299136,77.97233581542969
78315520,133.7165069580078
78331904,181.02684020996094
78348288,202.79379272460938
78364672,370.8037414550781
78381056,152.7082061767578
78397440,132.88551330566406
78413824,43.91264343261719
78430208,227.53732299804688
78446592,480.9002685546875
78462976,498.8385925292969
78479360,211.92947387695312
78495744,358.1497802734375
78512128,83.25686645507812
78528512,578.5438842773438
78544896,68.46731567382812
78561280,627.78173828125
78577664,55.1842041015625
78594048,49.3293342590332
78610432,199.57009887695312
78626816,304.66119384765625
78643200,1365.010986328125
78659584,1016.221435546875
78675968,583.300048828125
78692352,164.70938110351562
78708736,540.02685546875
78725120,433.2506408691406
78741504,146.4421844482422
78757888,73.24330139160156
78774272,791.44775390625
78790656,348.7321472167969
78807040,1328.1024169921875
78823424,487.5967712402344
78839808,1045.3343505859375
78856192,674.19677734375
78872576,92.84938049316406
78888960,95.64433288574219
78905344,95.36507415771484
78921728,146.00299072265625
78938112,219.58242797851562
78954496,451.364990234375
78970880,1405.91748046875
78987264,1031.07666015625
79003648,332.6026306152344
79020032,348.8755798339844
79036416,239.1104278564453
79052800,367.6383056640625
79069184,448.77642822265625
79085568,574.30078125
79101952,316.2929992675781
79118336,129.80450439453125
79134720,151.19027709960938
79151104,1076.7918701171875
79167488,231.80355834960938
79183872,1156.548828125
79200256,500.6669921875
79216640,138.8450927734375
79233024,173.35458374023438
79249408,617.9171142578125
79265792,945.3544921875
79282176,484.145263671875
79298560,393.4100341796875
79314944,1065.288818359375
79331328,544.0452880859375
79347712,837.2012939453125
79364096,703.630126953125
79380480,901.2403564453125
79396864,724.8853759765625
79413248,696.2847900390625
79429632,980.713134765625
79446016,659.9229125976562
79462400,129.91322326660156
79478784,590.1905517578125
79495168,1042.385009765625
79511552,585.1866455078125
79527936,644.6386108398438
79544320,373.57830810546875
79560704,283.06732177734375
79577088,772.9132080078125
79593472,802.1829833984375
79609856,677.693603515625
79626240,1190.7071533203125
79642624,521.914306640625
79659008,1084.1539306640625
79675392,419.239501953125
79691776,288.57489013671875
79708160,392.0339660644531
79724544,890.207763671875
79740928,461.25335693359375
79757312,538.56884765625
79773696,461.5784606933594
79790080,288.787353515625
79806464,883.1346435546875
79822848,682.5216674804688
79839232,316.50872802734375
79855616,945.4342041015625
79872000,813.1045532226562
79888384,936.2634887695312
79904768,569.74951171875
79921152,152.7159881591797
79937536,466.80657958984375
79953920,471.02459716796875
79970304,290.64996337890625
79986688,642.382568359375
80003072,538.29638671875
80019456,418.08831787109375
80035840,649.9144287109375
80052224,267.56365966796875
80068608,360.70306396484375
80084992,1068.9735107421875
80101376,615.581298828125
80117760,241.03787231445312
80134144,569.0693969726562
80150528,671.56005859375
80166912,231.4814910888672
80183296,142.15431213378906
80199680,282.3486022949219
80216064,160.38677978515625
80232448,221.33689880371094
80248832,576.3753051757812
80265216,351.23822021484375
80281600,162.21788024902344
80297984,124.6041259765625
80314368,109.41069793701172
80330752,281.0302429199219
80347136,461.214111328125
80363520,171.04898071289062
80379904,151.38710021972656
80396288,32.7376594543457
80412672,410.65380859375
80429056,124.21820068359375
80445440,106.92108917236328
80461824,31.93914031982422
80478208,125.14076232910156
80494592,161.72528076171875
80510976,55.26172637939453
80527360,24.589366912841797
80543744,23.085512161254883
80560128,98.44943237304688
80576512,32.92669677734375
80592896,102.31967163085938
80609280,66.36490631103516
80625664,31.71946144104004
80642048,61.583396911621094
80658432,258.4380798339844
80674816,32.23242950439453
80691200,76.34773254394531
80707584,73.6915283203125
80723968,163.80123901367188
80740352,31.87653350830078
80756736,81.15874481201172
80773120,29.384960174560547
80789504,102.84188079833984
80805888,64.63497161865234
80822272,119.29679870605469
80838656,19.521150588989258
80855040,34.02803039550781
80871424,264.8057861328125
80887808,50.225746154785156
80904192,346.309326171875
80920576,143.67526245117188
80936960,34.28388595581055
80953344,77.85546875
80969728,221.78001403808594
80986112,32.19279861450195
81002496,34.43207931518555
81018880,15.970231056213379
81035264,147.5008087158203
81051648,112.9406509399414
81068032,13.496450424194336
81084416,64.04638671875
81100800,82.16069793701172
81117184,297.94830322265625
81133568,36.25328826904297
81149952,108.97394561767578
81166336,108.3271713256836
81182720,94.9931640625
81199104,297.84649658203125
81215488,124.6759033203125
81231872,160.03048706054688
81248256,190.28485107421875
81264640,9.428558349609375
81281024,403.675048828125
81297408,22.478776931762695
81313792,193.5016326904297
81330176,141.7755889892578
81346560,94.05113983154297
81362944,55.36589813232422
81379328,958.7568969726562
81395712,67.02631378173828
81412096,73.06085205078125
81428480,295.5257263183594
81444864,50.62198257446289
81461248,30.48855209350586
81477632,113.33973693847656
81494016,18.757545471191406
81510400,16.47321891784668
81526784,641.6605224609375
81543168,32.62653350830078
81559552,65.37075805664062
81575936,398.1708984375
81592320,49.482967376708984
81608704,48.94749450683594
81625088,127.69671630859375
81641472,49.29631423950195
81657856,34.957847595214844
81674240,128.51800537109375
81690624,401.8503723144531
81707008,20.072141647338867
81723392,370.0531311035156
81739776,13.49098014831543
81756160,288.4375915527344
81772544,148.2742919921875
81788928,111.4398422241211
81805312,45.16330337524414
81821696,221.90797424316406
81838080,102.55793762207031
81854464,93.31063842773438
81870848,23.302404403686523
81887232,42.205936431884766
81903616,187.0013427734375
81920000,53.44230651855469
81936384,31.616899490356445
81952768,153.7565155029297
81969152,28.43178939819336
81985536,54.52521514892578
82001920,54.62996292114258
82018304,214.6598663330078
82034688,98.7938232421875
82051072,154.37989807128906
82067456,26.155792236328125
82083840,11.84496784210205
82100224,47.818565368652344
82116608,18.013479232788086
82132992,48.67347717285156
82149376,14.80093765258789
82165760,150.3065185546875
82182144,79.81302642822266
82198528,12.16904067993164
82214912,55.1815299987793
82231296,47.02643585205078
82247680,147.21246337890625
82264064,54.33185577392578
82280448,424.02587890625
82296832,100.70014190673828
82313216,142.84719848632812
82329600,91.47087097167969
82345984,446.16705322265625
82362368,172.3744354248047
82378752,121.0340576171875
82395136,369.34613037109375
82411520,960.4071655273438
82427904,282.8880615234375
82444288,103.20608520507812
82460672,81.55696105957031
82477056,27.900537490844727
82493440,216.08323669433594
82509824,366.4832763671875
82526208,137.64683532714844
82542592,257.4797668457031
82558976,327.85565185546875
82575360,521.3802490234375
82591744,52.149681091308594
82608128,330.5098571777344
82624512,48.25086212158203
82640896,260.5423278808594
82657280,73.30243682861328
82673664,285.8486633300781
82690048,125.80354309082031
82706432,23.639183044433594
82722816,131.3226776123047
82739200,252.64317321777344
82755584,114.32316589355469
82771968,208.89659118652344
82788352,78.54173278808594
82804736,405.7857971191406
82821120,135.96253967285156
82837504,188.83303833007812
82853888,553.7865600585938
82870272,409.150390625
82886656,145.11068725585938
82903040,663.1021728515625
82919424,36.624237060546875
82935808,20.46165657043457
82952192,30.575180053710938
82968576,317.96142578125
82984960,134.43324279785156
83001344,195.95814514160156
83017728,117.61067962646484
83034112,255.18092346191406
83050496,14.94649887084961
83066880,107.79414367675781
83083264,832.198974609375
83099648,35.62721252441406
83116032,31.44356346130371
83132416,390.5897521972656
83148800,270.95166015625
83165184,20.629928588867188
83181568,162.55535888671875
83197952,944.6427612304688
83214336,129.5337677001953
83230720,387.3948974609375
83247104,145.58547973632812
83263488,166.64166259765625
83279872,603.700439453125
83296256,29.455062866210938
83312640,33.508636474609375
83329024,29.68548583984375
83345408,304.54931640625
83361792,163.56936645507812
83378176,359.3351745605469
83394560,360.021240234375
83410944,78.9197006225586
83427328,272.3484802246094
83443712,149.8953857421875
83460096,96.07132720947266
83476480,376.259033203125
83492864,153.64801025390625
83509248,145.09417724609375
83525632,90.15872192382812
83542016,169.32859802246094
83558400,32.42258834838867
83574784,437.707763671875
83591168,128.18862915039062
83607552,559.2959594726562
83623936,131.23269653320312
83640320,39.44694900512695
83656704,263.0693054199219
83673088,244.07969665527344
83689472,20.94721031188965
83705856,674.9011840820312
83722240,177.35507202148438
83738624,104.88961791992188
83755008,50.65505599975586
83771392,353.4679870605469
83787776,140.27780151367188
83804160,231.33160400390625
83820544,174.1944122314453
83836928,310.49810791015625
83853312,587.3635864257812
83869696,458.05535888671875
83886080,186.93658447265625
83902464,81.69927978515625
83918848,339.56182861328125
83935232,686.02197265625
83951616,298.3174133300781
83968000,183.90115356445312
83984384,53.252418518066406
84000768,477.81622314453125
84017152,348.32757568359375
84033536,504.5146789550781
84049920,358.2253112792969
84066304,331.0755920410156
84082688,125.3607177734375
84099072,51.51721954345703
84115456,512.3687744140625
84131840,694.2705078125
84148224,152.5451202392578
84164608,190.74815368652344
84180992,354.90899658203125
84197376,515.6763916015625
84213760,442.34942626953125
84230144,838.3605346679688
84246528,412.2511901855469
84262912,146.83973693847656
84279296,530.9918212890625
84295680,46.9278450012207
84312064,184.10911560058594
84328448,107.87323760986328
84344832,277.9847106933594
84361216,122.55758666992188
84377600,440.369140625
84393984,447.5543518066406
84410368,214.6708221435547
84426752,631.2996826171875
84443136,769.4005126953125
84459520,200.02911376953125
84475904,371.5145263671875
84492288,663.8506469726562
84508672,303.1675109863281
84525056,257.79388427734375
84541440,25.940876007080078
84557824,287.788818359375
84574208,116.84492492675781
84590592,158.4976348876953
84606976,106.81383514404297
84623360,305.8397521972656
84639744,918.970947265625
84656128,180.31118774414062
84672512,197.33456420898438
84688896,155.72303771972656
84705280,99.78156280517578
84721664,223.704345703125
84738048,38.520484924316406
84754432,139.81204223632812
84770816,163.2981414794922
84787200,549.8299560546875
84803584,723.5878295898438
84819968,217.291015625
84836352,114.61256408691406
84852736,100.96411895751953
84869120,130.887939453125
84885504,333.07110595703125
84901888,127.0626220703125
84918272,45.48808670043945
84934656,81.04808044433594
84951040,330.3744201660156
84967424,408.8102722167969
84983808,129.3985137939453
85000192,248.03314208984375
85016576,132.1500244140625
85032960,129.91433715820312
85049344,206.68763732910156
85065728,56.45012283325195
85082112,297.5477294921875
85098496,367.6581726074219
85114880,113.26042938232422
85131264,374.4097900390625
85147648,53.12616729736328
85164032,25.670637130737305
85180416,172.32733154296875
85196800,124.26789093017578
85213184,71.05075073242188
85229568,122.9613037109375
85245952,36.223812103271484
85262336,72.42713928222656
85278720,142.36599731445312
85295104,101.33808898925781
85311488,71.37141418457031
85327872,165.7462921142578
85344256,148.85862731933594
85360640,44.14232635498047
85377024,43.4237174987793
85393408,167.33648681640625
85409792,32.88096618652344
85426176,101.98721313476562
85442560,24.80978775024414
85458944,128.57269287109375
85475328,37.03486251831055
85491712,110.13671875
85508096,60.73054504394531
85524480,393.34735107421875
85540864,10.136186599731445
85557248,268.9905700683594
85573632,462.4471130371094
85590016,158.25552368164062
85606400,49.5991096496582
85622784,20.2722225189209
85639168,73.03860473632812
85655552,20.80385971069336
85671936,546.710693359375
85688320,144.81268310546875
85704704,28.33248519897461
85721088,15.727773666381836
85737472,169.6540985107422
85753856,332.1214599609375
85770240,160.85606384277344
85786624,42.49800109863281
85803008,42.061866760253906
85819392,21.685394287109375
85835776,108.20467376708984
85852160,114.67742919921875
85868544,25.56829071044922
85884928,13.601167678833008
85901312,149.4785919189453
85917696,40.836753845214844
85934080,263.49273681640625
85950464,154.8551025390625
85966848,533.3408203125
85983232,521.1725463867188
85999616,49.09711456298828
86016000,29.91598129272461
86032384,620.5397338867188
86048768,228.6169891357422
86065152,156.50283813476562
86081536,18.850505828857422
86097920,572.4583129882812
86114304,29.17974090576172
86130688,79.25133514404297
86147072,589.5322875976562
86163456,34.995384216308594
86179840,131.83163452148438
86196224,348.2926330566406
86212608,219.30209350585938
86228992,15.339143753051758
86245376,289.4305114746094
86261760,41.40681457519531
86278144,23.391117095947266
86294528,194.3727264404297
86310912,10.543761253356934
86327296,182.2117156982422
86343680,74.40171813964844
86360064,612.070556640625
86376448,20.827411651611328
86392832,85.05882263183594
86409216,159.4580841064453
86425600,224.4313507080078
86441984,123.5404052734375
86458368,388.28863525390625
86474752,104.78096008300781
86491136,145.14923095703125
86507520,230.33018493652344
86523904,101.91532135009766
86540288,52.55366897583008
86556672,85.13018798828125
86573056,149.75384521484375
86589440,220.12762451171875
86605824,260.36968994140625
86622208,48.991859436035156
86638592,22.01178550720215
86654976,146.49244689941406
86671360,137.49964904785156
86687744,26.154964447021484
86704128,219.9829864501953
86720512,138.87217712402344
86736896,129.08181762695312
86753280,1166.8172607421875
86769664,413.6831970214844
86786048,34.24455642700195
86802432,56.71836471557617
86818816,343.4534606933594
86835200,439.7021179199219
86851584,179.59117126464844
86867968,117.44083404541016
86884352,183.95236206054688
86900736,134.56137084960938
86917120,44.21443176269531
86933504,287.7049255371094
86949888,258.4984436035156
86966272,385.6619567871094
86982656,576.95458984375
86999040,771.5243530273438
87015424,896.7489013671875
87031808,272.5911865234375
87048192,414.55364990234375
87064576,962.2071533203125
87080960,299.81060791015625
87097344,478.3319091796875
87113728,816.1953125
87130112,175.45510864257812
87146496,186.74819946289062
87162880,634.8865966796875
87179264,231.18212890625
87195648,436.62921142578125
87212032,247.74806213378906
87228416,190.18731689453125
87244800,436.7624816894531
87261184,111.13604736328125
87277568,282.2951965332031
87293952,98.2303466796875
87310336,214.9135284423828
87326720,439.1142578125
87343104,61.59860610961914
87359488,244.38760375976562
87375872,70.94941711425781
87392256,711.8436279296875
87408640,1166.0440673828125
87425024,181.6683349609375
87441408,237.86045837402344
87457792,431.3761291503906
87474176,54.313026428222656
87490560,251.29165649414062
87506944,1068.30322265625
87523328,357.8229675292969
87539712,75.85657501220703
87556096,673.4767456054688
87572480,632.8875122070312
87588864,549.7913818359375
87605248,132.17709350585938
87621632,247.99371337890625
87638016,706.5982055664062
87654400,162.36953735351562
87670784,241.29916381835938
87687168,331.77020263671875
87703552,156.17556762695312
87719936,305.4222717285156
87736320,148.86642456054688
87752704,178.1557159423828
87769088,345.03668212890625
87785472,275.85076904296875
87801856,147.02566528320312
87818240,152.06141662597656
87834624,146.66070556640625
87851008,440.2745361328125
87867392,64.1443099975586
87883776,210.01617431640625
87900160,25.516475677490234
87916544,70.02378845214844
87932928,44.004425048828125
87949312,142.58920288085938
87965696,263.93804931640625
87982080,90.12278747558594
87998464,201.38360595703125
88014848,202.90756225585938
88031232,21.237476348876953
88047616,207.15240478515625
88064000,139.41024780273438
88080384,118.04459381103516
88096768,160.99122619628906
88113152,104.79661560058594
88129536,60.826576232910156
88145920,313.64520263671875
88162304,450.9305419921875
88178688,399.590087890625
88195072,17.31747817993164
88211456,60.24640655517578
88227840,152.70315551757812
88244224,140.76162719726562
88260608,230.3914794921875
88276992,205.35964965820312
88293376,37.84834289550781
88309760,43.75172424316406
88326144,314.28076171875
88342528,339.1623229980469
88358912,135.5740509033203
88375296,322.07635498046875
88391680,141.28317260742188
88408064,202.6678924560547
88424448,150.7549285888672
88440832,51.9481201171875
88457216,38.21647262573242
88473600,145.5940399169922
88489984,388.77618408203125
88506368,13.125813484191895
88522752,109.279052734375
88539136,46.09186553955078
88555520,142.90965270996094
88571904,55.855857849121094
88588288,305.975341796875
88604672,37.116783142089844
88621056,101.36685180664062
88637440,731.7908325195312
88653824,66.31759643554688
88670208,75.85846710205078
88686592,277.5871276855469
88702976,58.10799789428711
88719360,256.56060791015625
88735744,96.85198974609375
88752128,75.68638610839844
88768512,253.7434844970703
88784896,69.71699523925781
88801280,81.34716796875
88817664,207.98934936523438
88834048,78.12854766845703
88850432,45.49690246582031
88866816,49.667110443115234
88883200,16.576501846313477
88899584,363.33056640625
88915968,199.84799194335938
88932352,281.73382568359375
88948736,252.3883056640625
88965120,294.7438659667969
88981504,230.6703338623047
88997888,100.29407501220703
89014272,105.42489624023438
89030656,56.60654830932617
89047040,269.29443359375
89063424,60.605899810791016
89079808,193.37716674804688
89096192,213.59645080566406
89112576,303.79705810546875
89128960,159.18606567382812
89145344,17.819673538208008
89161728,41.47764205932617
89178112,50.956939697265625
89194496,507.6352844238281
89210880,67.16984558105469
89227264,101.67169189453125
89243648,144.6412811279297
89260032,329.811279296875
89276416,100.19464874267578
89292800,75.59246826171875
89309184,1052.46484375
89325568,33.032066345214844
89341952,79.99746704101562
89358336,148.67987060546875
89374720,36.99540710449219
89391104,72.47048950195312
89407488,24.123939514160156
89423872,25.58640480041504
89440256,112.46273040771484
89456640,637.3712768554688
89473024,33.27373504638672
89489408,85.08199310302734
89505792,27.934757232666016
89522176,116.65760803222656
89538560,44.26408767700195
89554944,90.98838806152344
89571328,97.9275894165039
89587712,177.98731994628906
89604096,88.08377075195312
89620480,39.77854537963867
89636864,73.22799682617188
89653248,309.625244140625
89669632,17.43982696533203
89686016,157.627197265625
89702400,225.2148895263672
89718784,26.459667205810547
89735168,606.1817626953125
89751552,81.05626678466797
89767936,195.87721252441406
89784320,57.46218490600586
89800704,97.7025146484375
89817088,19.678974151611328
89833472,8.183905601501465
89849856,151.2449951171875
89866240,230.36915588378906
89882624,13.397429466247559
89899008,88.21549987792969
89915392,25.37757682800293
89931776,21.23354721069336
89948160,40.15888977050781
89964544,70.98920440673828
89980928,151.7673797607422
89997312,63.42383575439453
90013696,111.27616882324219
90030080,106.82492065429688
90046464,90.41006469726562
90062848,19.53376007080078
90079232,127.2380142211914
90095616,67.1861572265625
90112000,44.24200439453125
90128384,153.69940185546875
90144768,8.052335739135742
90161152,11.997842788696289
90177536,516.1253662109375
90193920,125.52816772460938
90210304,471.497314453125
90226688,262.21160888671875
90243072,32.30574417114258
90259456,23.866863250732422
90275840,363.3199157714844
90292224,39.47297668457031
90308608,269.20623779296875
90324992,382.0292663574219
90341376,110.65968322753906
90357760,351.48480224609375
90374144,100.09894561767578
90390528,51.14645004272461
90406912,143.00674438476562
90423296,31.51529312133789
90439680,297.6229248046875
90456064,68.48531341552734
90472448,200.640625
90488832,211.6247100830078
90505216,53.39175033569336
90521600,220.84103393554688
90537984,37.50215148925781
90554368,100.8716812133789
90570752,28.19526481628418
90587136,792.0980224609375
90603520,96.2461929321289
90619904,239.8523712158203
90636288,145.7464141845703
90652672,570.5565185546875
90669056,37.0197639465332
90685440,29.813316345214844
90701824,353.60504150390625
90718208,11.66380786895752
90734592,93.65326690673828
90750976,591.0245971679688
90767360,85.59324645996094
90783744,133.7469482421875
90800128,131.9468231201172
90816512,99.14164733886719
90832896,214.37139892578125
90849280,94.99736022949219
90865664,105.79696655273438
90882048,65.4473876953125
90898432,95.59891510009766
90914816,122.11067199707031
90931200,33.88672637939453
90947584,264.0024108886719
90963968,58.328163146972656
90980352,51.582298278808594
90996736,144.3700714111328
91013120,16.24935531616211
91029504,363.3413391113281
91045888,11.642451286315918
91062272,145.29751586914062
91078656,177.96685791015625
91095040,226.2069854736328
91111424,180.27255249023438
91127808,32.08924102783203
91144192,12.265961647033691
91160576,166.91554260253906
91176960,27.554412841796875
91193344,31.607547760009766
91209728,231.34671020507812
91226112,17.548641204833984
91242496,209.54946899414062
91258880,144.16213989257812
91275264,275.1057434082031
91291648,184.21701049804688
91308032,233.07261657714844
91324416,171.43699645996094
91340800,47.88066864013672
91357184,550.5033569335938
91373568,836.00048828125
91389952,47.24603271484375
91406336,16.957557678222656
91422720,203.47523498535156
91439104,215.58941650390625
91455488,347.8297119140625
91471872,447.6940612792969
91488256,248.6485595703125
91504640,119.33751678466797
91521024,56.630958557128906
91537408,152.4722900390625
91553792,111.85938262939453
91570176,174.50819396972656
91586560,315.6068115234375
91602944,204.0449981689453
91619328,14.839601516723633
91635712,98.82770538330078
91652096,206.50738525390625
91668480,52.954498291015625
91684864,58.01906204223633
91701248,219.12274169921875
91717632,676.0215454101562
91734016,16.480728149414062
91750400,20.117996215820312
91766784,110.18370819091797
91783168,369.3813781738281
91799552,251.97488403320312
91815936,26.541805267333984
91832320,51.12953186035156
91848704,52.29426574707031
91865088,19.645217895507812
91881472,145.76744079589844
91897856,41.51715087890625
91914240,308.5860290527344
91930624,34.62047576904297
91947008,138.76722717285156
91963392,77.16810607910156
91979776,35.73909378051758
91996160,148.31387329101562
92012544,57.04705810546875
92028928,8.59531021118164
92045312,281.1903991699219
92061696,71.37258911132812
92078080,140.02333068847656
92094464,441.9304504394531
92110848,74.48812866210938
92127232,31.956642150878906
92143616,20.91160011291504
92160000,42.5468864440918
92176384,95.10489654541016
92192768,181.9409942626953
92209152,186.7418212890625
92225536,21.044660568237305
92241920,324.07061767578125
92258304,103.23287200927734
92274688,20.23294448852539
92291072,495.93170166015625
92307456,459.2473449707031
92323840,86.70179748535156
92340224,315.8494567871094
92356608,503.1630554199219
92372992,96.32225036621094
92389376,23.569564819335938
92405760,237.3861846923828
92422144,260.9671630859375
92438528,46.062740325927734
92454912,64.80461883544922
92471296,225.8904571533203
92487680,131.0736541748047
92504064,80.09671783447266
92520448,168.94235229492188
92536832,18.017913818359375
92553216,14.090621948242188
92569600,204.87298583984375
92585984,78.42169189453125
92602368,43.419551849365234
92618752,41.76140594482422
92635136,292.376953125
92651520,30.60393524169922
92667904,112.78905487060547
92684288,86.6912841796875
92700672,51.39994812011719
92717056,19.002941131591797
92733440,186.90357971191406
92749824,31.619625091552734
92766208,62.30738830566406
92782592,144.201904296875
92798976,215.09170532226562
92815360,471.959228515625
92831744,224.54949951171875
92848128,129.14344787597656
92864512,248.2392120361328
92880896,219.255859375
92897280,231.0653076171875
92913664,8.151872634887695
92930048,51.87903594970703
92946432,92.59027099609375
92962816,109.85730743408203
92979200,170.37628173828125
92995584,18.095666885375977
93011968,17.569692611694336
93028352,45.196533203125
93044736,11.596270561218262
93061120,105.82429504394531
93077504,229.7625732421875
93093888,36.8410530090332
93110272,275.0119323730469
93126656,149.93359375
93143040,8.05041217803955
93159424,26.636260986328125
93175808,328.2806701660156
93192192,16.248563766479492
93208576,236.5702667236328
93224960,21.33135223388672
93241344,20.73113441467285
93257728,13.410930633544922
93274112,16.43553352355957
93290496,132.4403839111328
93306880,27.279850006103516
93323264,40.80055236816406
93339648,57.57051086425781
93356032,24.357053756713867
93372416,59.44068908691406
93388800,13.215988159179688
93405184,151.2824249267578
93421568,34.62498092651367
93437952,110.9005355834961
93454336,481.6805419921875
93470720,148.7578582763672
93487104,350.4829406738281
93503488,55.171897888183594
93519872,85.92431640625
93536256,205.09274291992188
93552640,27.981761932373047
93569024,206.0297088623047
93585408,35.71277618408203
93601792,237.51828002929688
93618176,27.674930572509766
93634560,17.80217933654785
93650944,256.64324951171875
93667328,37.145687103271484
93683712,55.5268669128418
93700096,203.7810821533203
93716480,15.315129280090332
93732864,70.6213150024414
93749248,27.32456398010254
93765632,181.7840576171875
93782016,41.301025390625
93798400,10.728711128234863
93814784,18.138629913330078
93831168,64.34676361083984
93847552,182.1242218017578
93863936,24.514209747314453
93880320,47.80044937133789
93896704,630.4833374023438
93913088,146.61192321777344
93929472,283.7314453125
93945856,51.74307632446289
93962240,149.91844177246094
93978624,41.7919807434082
93995008,43.81216812133789
94011392,31.72589683532715
94027776,177.37850952148438
94044160,244.91812133789062
94060544,57.331817626953125
94076928,190.00985717773438
94093312,246.5128631591797
94109696,85.79515838623047
94126080,132.19374084472656
94142464,46.07276153564453
94158848,782.53515625
94175232,127.95668029785156
94191616,263.9479064941406
94208000,679.2109985351562
94224384,123.18887329101562
94240768,392.3077087402344
94257152,147.59852600097656
94273536,120.92890930175781
94289920,154.91529846191406
94306304,454.0877380371094
94322688,69.07416534423828
94339072,333.34326171875
94355456,295.7061462402344
94371840,18.71007537841797
94388224,149.06748962402344
94404608,871.1486206054688
94420992,38.56715393066406
94437376,440.111572265625
94453760,77.43516540527344
94470144,528.2361450195312
94486528,197.26116943359375
94502912,77.81251525878906
94519296,170.53005981445312
94535680,559.5045776367188
94552064,452.35211181640625
94568448,218.4725341796875
94584832,66.91124725341797
94601216,608.7075805664062
94617600,148.22683715820312
94633984,772.1787719726562
94650368,488.38970947265625
94666752,695.06103515625
94683136,800.37451171875
94699520,837.9464111328125
94715904,427.08746337890625
94732288,449.060791015625
94748672,44.960235595703125
94765056,126.24067687988281
94781440,338.90185546875
94797824,446.812255859375
94814208,464.85089111328125
94830592,475.6631164550781
94846976,343.68194580078125
94863360,348.6038818359375
94879744,225.05709838867188
94896128,97.5189208984375
94912512,1011.8612670898438
94928896,178.12652587890625
94945280,687.1122436523438
94961664,53.42616271972656
94978048,971.4671630859375
94994432,80.59246826171875
95010816,295.6417541503906
95027200,388.4833068847656
95043584,284.9794616699219
95059968,386.5367126464844
95076352,190.04727172851562
95092736,148.21969604492188
95109120,135.64898681640625
95125504,51.21027755737305
95141888,182.5457763671875
95158272,238.62733459472656
95174656,239.9084014892578
95191040,900.017333984375
95207424,107.98103332519531
95223808,804.6873779296875
95240192,236.77488708496094
95256576,199.20745849609375
95272960,230.09222412109375
95289344,109.76493835449219
95305728,266.69805908203125
95322112,191.67376708984375
95338496,97.51164245605469
95354880,200.6627655029297
95371264,502.89910888671875
95387648,40.65336990356445
95404032,252.3961181640625
95420416,159.07003784179688
95436800,71.7524642944336
95453184,336.2424011230469
95469568,146.8740234375
95485952,165.62875366210938
95502336,158.3740234375
95518720,100.46509552001953
95535104,77.44155883789062
95551488,195.74085998535156
95567872,274.4006652832031
95584256,487.5777893066406
95600640,105.3074722290039
95617024,203.94955444335938
95633408,42.342796325683594
95649792,265.4192810058594
95666176,179.33389282226562
95682560,29.955310821533203
95698944,441.2605285644531
95715328,251.78160095214844
95731712,102.99252319335938
95748096,228.07984924316406
95764480,402.8905334472656
95780864,113.08558654785156
95797248,72.72355651855469
95813632,43.79420852661133
95830016,66.27439880371094
95846400,47.38005447387695
95862784,34.824424743652344
95879168,256.7593078613281
95895552,228.864013671875
95911936,281.3649597167969
95928320,66.342529296875
95944704,209.35018920898438
95961088,132.7598419189453
95977472,132.0681610107422
95993856,31.675437927246094
96010240,579.4102172851562
96026624,52.68058776855469
96043008,155.14271545410156
96059392,128.08062744140625
96075776,332.99261474609375
96092160,13.765283584594727
96108544,150.02294921875
96124928,7.980086803436279
96141312,345.7613220214844
96157696,52.62629699707031
96174080,167.05206298828125
96190464,69.24006652832031
96206848,11.8013334274292
96223232,50.82281494140625
96239616,214.577880859375
96256000,41.11603546142578
96272384,125.85636901855469
96288768,248.54788208007812
96305152,11.808642387390137
96321536,19.115007400512695
96337920,174.71173095703125
96354304,45.38126754760742
96370688,68.85100555419922
96387072,12.89225959777832
96403456,231.44622802734375
96419840,1199.9622802734375
96436224,327.0425720214844
96452608,303.56475830078125
96468992,90.33538055419922
96485376,202.21461486816406
96501760,37.792152404785156
96518144,346.3836364746094
96534528,328.78033447265625
96550912,259.357421875
96567296,767.3861083984375
96583680,144.17611694335938
96600064,531.5953979492188
96616448,472.88116455078125
96632832,141.8138427734375
96649216,351.3670654296875
96665600,477.5162048339844
96681984,372.2099609375
96698368,102.0343017578125
96714752,296.19024658203125
96731136,206.67250061035156
96747520,69.2524185180664
96763904,112.04287719726562
96780288,64.15741729736328
96796672,101.08385467529297
96813056,77.84822082519531
96829440,295.45172119140625
96845824,218.72821044921875
96862208,170.56460571289062
96878592,854.1610717773438
96894976,113.19091033935547
96911360,530.2904052734375
96927744,32.36381530761719
96944128,65.2086181640625
96960512,49.43500900268555
96976896,50.71703338623047
96993280,125.37798309326172
97009664,826.106201171875
97026048,494.34130859375
97042432,196.2940673828125
97058816,82.70819854736328
97075200,55.22254180908203
97091584,311.5994567871094
97107968,138.53482055664062
97124352,475.3629150390625
97140736,14.522919654846191
97157120,242.2828826904297
97173504,28.926067352294922
97189888,93.84776306152344
97206272,65.7181167602539
97222656,154.10360717773438
97239040,837.9342651367188
97255424,100.9214859008789
97271808,107.26336669921875
97288192,189.9409637451172
97304576,169.4293212890625
97320960,264.8984069824219
97337344,9.86115837097168
97353728,7.382238388061523
97370112,20.47451400756836
97386496,481.6940612792969
97402880,477.145751953125
97419264,29.471418380737305
97435648,62.56687927246094
97452032,301.11065673828125
97468416,44.02031326293945
97484800,533.6275634765625
97501184,186.6009521484375
97517568,102.55052947998047
97533952,32.3865966796875
97550336,284.90087890625
97566720,20.50600814819336
97583104,41.44428634643555
97599488,55.98139953613281
97615872,43.492164611816406
97632256,158.2307891845703
97648640,234.9783172607422
97665024,268.7172546386719
97681408,856.9321899414062
97697792,137.1863555908203
97714176,47.605857849121094
97730560,209.3485870361328
97746944,9.302507400512695
97763328,138.83583068847656
97779712,167.0587921142578
97796096,255.32272338867188
97812480,120.052734375
97828864,106.88142395019531
97845248,45.94691467285156
97861632,63.02666473388672
97878016,62.142677307128906
97894400,141.6752166748047
97910784,85.880126953125
97927168,166.64022827148438
97943552,44.611793518066406
97959936,100.8343505859375
97976320,176.6608123779297
97992704,20.33414077758789
98009088,99.94432830810547
98025472,582.9816284179688
98041856,237.66836547851562
98058240,50.42578887939453
98074624,279.5741882324219
98091008,47.085609436035156
98107392,101.34237670898438
98123776,416.0755615234375
98140160,14.410505294799805
98156544,54.288917541503906
98172928,24.021135330200195
98189312,18.030019760131836
98205696,83.11112976074219
98222080,25.448652267456055
98238464,157.35540771484375
98254848,30.275115966796875
98271232,85.82845306396484
98287616,27.031278610229492
98304000,74.87287902832031
98320384,56.59740447998047
98336768,115.1698226928711
98353152,13.554344177246094
98369536,7.183696269989014
98385920,99.83287048339844
98402304,8.078962326049805
98418688,34.93244934082031
98435072,98.67399597167969
98451456,20.808313369750977
98467840,29.676162719726562
98484224,87.10240936279297
98500608,84.09712219238281
98516992,189.9496612548828
98533376,83.3519287109375
98549760,26.42949867248535
98566144,82.29611206054688
98582528,379.33489990234375
98598912,17.775928497314453
98615296,56.155357360839844
98631680,17.7174015045166
98648064,184.66619873046875
98664448,155.345947265625
98680832,254.53030395507812
98697216,77.93356323242188
98713600,24.871915817260742
98729984,50.210121154785156
98746368,30.324871063232422
98762752,28.143545150756836
98779136,16.93506622314453
98795520,11.453561782836914
98811904,222.98675537109375
98828288,239.96621704101562
98844672,19.226451873779297
98861056,169.73974609375
98877440,68.9857177734375
98893824,19.19504165649414
98910208,10.649887084960938
98926592,375.74603271484375
98942976,127.8797836303711
98959360,65.06501007080078
98975744,276.45147705078125
98992128,137.9525604248047
99008512,157.21788024902344
99024896,26.99062728881836
99041280,335.521728515625
99057664,67.66796112060547
99074048,32.295997619628906
99090432,113.00225830078125
99106816,57.26206588745117
99123200,94.55743408203125
99139584,85.5675048828125
99155968,90.46792602539062
99172352,79.0482406616211
99188736,19.718128204345703
99205120,119.06743621826172
99221504,64.4341812133789
99237888,123.01622009277344
99254272,70.9840316772461
99270656,18.555755615234375
99287040,27.18764877319336
99303424,173.03500366210938
99319808,23.31711769104004
99336192,31.042949676513672
99352576,120.0433120727539
99368960,155.3979949951172
99385344,43.862037658691406
99401728,34.68300247192383
99418112,43.6695671081543
99434496,80.28495788574219
99450880,115.50162506103516
99467264,34.262542724609375
99483648,299.4519958496094
99500032,319.32171630859375
99516416,64.47744750976562
99532800,13.860533714294434
99549184,34.288917541503906
99565568,22.430553436279297
99581952,106.5414810180664
99598336,10.957806587219238
99614720,18.52104949951172
99631104,13.62419319152832
99647488,17.558746337890625
99663872,24.20907974243164
99680256,37.15884017944336
99696640,260.87286376953125
99713024,27.549570083618164
99729408,13.891178131103516
99745792,47.29142761230469
99762176,25.81209945678711
99778560,37.10643768310547
99794944,18.186054229736328
99811328,253.27732849121094
99827712,496.1207275390625
99844096,89.43778991699219
99860480,105.29913330078125
99876864,50.42462921142578
99893248,50.82853698730469
99909632,24.830467224121094
99926016,88.26239776611328
99942400,62.71319580078125
99958784,22.37434196472168
99975168,11.751367568969727
99991552,22.438297271728516
