step,value
16384,0.007914498448371887
32768,0.0074968598783016205
49152,0.007532648742198944
65536,0.007974546402692795
81920,0.010078693740069866
98304,0.006423624232411385
114688,0.0029329145327210426
131072,0.005100901238620281
147456,0.00420193187892437
163840,0.0033773239701986313
180224,0.0077884020283818245
196608,0.00696022342890501
212992,0.0019915038719773293
229376,0.0018460378050804138
245760,0.006113957613706589
262144,0.0034824786707758904
278528,0.007051961496472359
294912,0.0065108370035886765
311296,0.005626351572573185
327680,0.0027520665898919106
344064,0.003247964195907116
360448,0.007243703119456768
376832,0.007110237143933773
393216,0.00372174009680748
409600,0.009808409959077835
425984,0.007158895023167133
442368,0.009752625599503517
458752,0.003214995376765728
475136,0.00336302537471056
491520,0.0037512974813580513
507904,0.009062187746167183
524288,0.006760667078197002
540672,0.006168565712869167
557056,0.0022153379395604134
573440,0.001955544576048851
589824,0.003864881582558155
606208,0.008931322954595089
622592,0.0025307275354862213
638976,0.004411454312503338
655360,0.002566869370639324
671744,0.0068908268585801125
688128,0.0051560308784246445
704512,0.003914685919880867
720896,0.0005735345184803009
737280,0.0041780779138207436
753664,0.0030686603859066963
770048,0.0045865317806601524
786432,0.00305270217359066
802816,0.004114354960620403
819200,0.00308214221149683
835584,0.001544416882097721
851968,0.005303511396050453
868352,0.002618224360048771
884736,0.004225963726639748
901120,0.00738272350281477
917504,0.00491807796061039
933888,0.002740282565355301
950272,0.002906469628214836
966656,0.0029562674462795258
983040,0.00460535753518343
999424,0.0023618368431925774
1015808,0.004916545003652573
1032192,0.0034613851457834244
1048576,0.004178062081336975
1064960,0.0041472893208265305
1081344,0.004356934688985348
1097728,0.002232189290225506
1114112,0.00452035665512085
1130496,0.0038632024079561234
1146880,0.00276072695851326
1163264,0.004123755730688572
1179648,0.003303203731775284
1196032,0.00383578147739172
1212416,0.006097701378166676
1228800,0.0028228014707565308
1245184,0.006029842421412468
1261568,0.003367513418197632
1277952,0.005289886146783829
1294336,0.0035363202914595604
1310720,0.006867223419249058
1327104,0.006377022713422775
1343488,0.004949687048792839
1359872,0.0029556816443800926
1376256,0.00832994095981121
1392640,0.00340402964502573
1409024,0.0051083797588944435
1425408,0.00402684323489666
1441792,0.0032631969079375267
1458176,0.0020685363560914993
1474560,0.0023046862334012985
1490944,0.00157115887850523
1507328,0.007176138460636139
1523712,0.002115463837981224
1540096,0.00893723126500845
1556480,0.0052036019042134285
1572864,0.004671099595725536
1589248,0.0019942093640565872
1605632,0.00499839149415493
1622016,0.003721599467098713
1638400,0.00352602731436491
1654784,0.001484631560742855
1671168,0.005808464251458645
1687552,0.002774530090391636
1703936,0.0005599744617938995
1720320,0.006672214716672897
1736704,0.0009413044899702072
1753088,0.006504544056952
1769472,0.0045559825375676155
1785856,0.0033710794523358345
1802240,0.002485557459294796
1818624,0.003886020742356777
1835008,0.002871626988053322
1851392,0.004073357209563255
1867776,0.0048145512118935585
1884160,0.002332081086933613
1900544,0.002664339728653431
1916928,0.004076866433024406
1933312,0.005585096776485443
1949696,0.00419610645622015
1966080,0.0015198402106761932
1982464,0.0067303236573934555
1998848,0.004279359243810177
2015232,0.003658188506960869
2031616,0.002290874719619751
2048000,0.003813871182501316
2064384,0.007987689226865768
2080768,0.0038382774218916893
2097152,0.008402054198086262
2113536,0.0021923501044511795
2129920,0.001531500369310379
2146304,0.004389559850096703
2162688,0.0026373369619250298
2179072,0.006484044715762138
2195456,0.0016851099207997322
2211840,0.006641010753810406
2228224,0.0030125025659799576
2244608,0.0010382812470197678
2260992,0.0014920402318239212
2277376,0.0036104004830121994
2293760,0.003409341908991337
2310144,0.0047922516241669655
2326528,0.004282183013856411
2342912,0.002982303500175476
2359296,0.0010208319872617722
2375680,0.009874905459582806
2392064,0.0030442168936133385
2408448,0.0017844177782535553
2424832,0.0034606261178851128
2441216,0.004828599281609058
2457600,0.0023768357932567596
2473984,0.006499495357275009
2490368,0.0025452636182308197
2506752,0.004224677570164204
2523136,0.006422793492674828
2539520,0.004081174731254578
2555904,0.0018457593396306038
2572288,0.006369998678565025
2588672,0.00594355259090662
2605056,0.002155822701752186
2621440,0.005379331298172474
2637824,0.009159420616924763
2654208,0.0032515889033675194
2670592,0.0027040578424930573
2686976,0.00194595567882061
2703360,0.005097998306155205
2719744,0.007846450433135033
2736128,0.0059404633939266205
2752512,0.0037256991490721703
2768896,0.00589644443243742
2785280,0.0039596520364284515
2801664,0.0020838212221860886
2818048,0.004108992405235767
2834432,0.0028228526934981346
2850816,0.0053682997822761536
2867200,0.009443499147891998
2883584,0.0020742593333125114
2899968,0.0026327166706323624
2916352,0.002378803677856922
2932736,0.004392747767269611
2949120,0.0036858459934592247
2965504,0.002876800484955311
2981888,0.007344363257288933
2998272,0.008374678902328014
3014656,0.004319134168326855
3031040,0.014074929989874363
3047424,0.0014885226264595985
3063808,0.001512596383690834
3080192,0.003421439789235592
3096576,0.005829891189932823
3112960,0.004575890488922596
3129344,0.003436397761106491
3145728,0.01451371144503355
3162112,0.006746524013578892
3178496,0.004388201050460339
3194880,0.0031674103811383247
3211264,0.009498442523181438
3227648,0.015675507485866547
3244032,0.003308383747935295
3260416,0.005649063736200333
3276800,0.004660973325371742
3293184,0.006369356997311115
3309568,0.00390634685754776
3325952,0.0036132270470261574
3342336,0.005515260621905327
3358720,0.00511988066136837
3375104,0.008176601491868496
3391488,0.004153951071202755
3407872,0.005252518691122532
3424256,0.007084510289132595
3440640,0.0032218564301729202
3457024,0.009744219481945038
3473408,0.007929136045277119
3489792,0.01068443525582552
3506176,0.003588627092540264
3522560,0.00743822380900383
3538944,0.007375791668891907
3555328,0.004245954565703869
3571712,0.004741642624139786
3588096,0.004609508439898491
3604480,0.0022379057481884956
3620864,0.010131275281310081
3637248,0.0026202602311968803
3653632,0.010111247189342976
3670016,0.0033705132082104683
3686400,0.003601469099521637
3702784,0.003517506644129753
3719168,0.002027710899710655
3735552,0.006543171592056751
3751936,0.004379081539809704
3768320,0.0038666697219014168
3784704,0.002550351433455944
3801088,0.0034580547362565994
3817472,0.004603873938322067
3833856,0.0033479584380984306
3850240,0.0026438171043992043
3866624,0.004714195616543293
3883008,0.0010866615921258926
3899392,0.0006722593680024147
3915776,0.0053579676896333694
3932160,0.0028885118663311005
3948544,0.008408592082560062
3964928,0.004431487061083317
3981312,0.006720018573105335
3997696,0.002938413992524147
4014080,0.0017111580818891525
4030464,0.004305052570998669
4046848,0.003476889804005623
4063232,0.0063930898904800415
4079616,0.005530884489417076
4096000,0.008369521237909794
4112384,0.0010876376181840897
4128768,0.004462026990950108
4145152,0.004467208869755268
4161536,0.004953754134476185
4177920,0.0028033461421728134
4194304,0.0011167926713824272
4210688,0.005092604085803032
4227072,0.001061057671904564
4243456,0.004765929654240608
4259840,0.0008762218058109283
4276224,0.0009279679507017136
4292608,0.002556830644607544
4308992,0.0023742932826280594
4325376,0.0034822970628738403
4341760,0.0015200497582554817
4358144,0.0029447684064507484
4374528,0.0036259228363633156
4390912,0.0014224424958229065
4407296,0.002764304168522358
4423680,0.0019850386306643486
4440064,0.0021457793191075325
4456448,0.0018740203231573105
4472832,0.006394024007022381
4489216,0.002231800928711891
4505600,0.0026013096794486046
4521984,0.0032604876905679703
4538368,0.0016166744753718376
4554752,0.0018472792580723763
4571136,0.0005012126639485359
4587520,0.002549542114138603
4603904,0.0015518423169851303
4620288,0.0022333739325404167
4636672,0.007569805718958378
4653056,0.0016700001433491707
4669440,0.002679157070815563
4685824,0.00016394350677728653
4702208,0.005437110550701618
4718592,0.0033888639882206917
4734976,0.00020046718418598175
4751360,0.00030576251447200775
4767744,0.0003801640123128891
4784128,0.0011397665366530418
4800512,0.0014417888596653938
4816896,0.002876242622733116
4833280,0.0015382636338472366
4849664,0.0010498305782675743
4866048,0.002646953798830509
4882432,0.0006239758804440498
4898816,0.00039179250597953796
4915200,0.0005665281787514687
4931584,0.000729953870177269
4947968,0.0005132695659995079
4964352,0.0008266344666481018
4980736,0.0014432519674301147
4997120,0.0006938129663467407
5013504,0.0009780088439583778
5029888,0.0015715304762125015
5046272,0.0005250060930848122
5062656,0.0013636890798807144
5079040,0.0020564496517181396
5095424,0.003386860713362694
5111808,0.00044503435492515564
5128192,0.00040085986256599426
5144576,0.0024958914145827293
5160960,0.0009854966774582863
5177344,0.0018047401681542397
5193728,0.0037902258336544037
5210112,0.0012092748656868935
5226496,0.000950004905462265
5242880,0.002184581011533737
5259264,0.0006543081253767014
5275648,0.0016329940408468246
5292032,0.001036953181028366
5308416,0.001362093724310398
5324800,0.002582377754151821
5341184,0.0011957669630646706
5357568,0.002217373810708523
5373952,0.0003088172525167465
5390336,0.0007891636341810226
5406720,0.000765552744269371
5423104,0.0007221978157758713
5439488,0.0014433898031711578
5455872,0.0028576208278536797
5472256,0.0019523221999406815
5488640,0.003666677512228489
5505024,0.002052800729870796
5521408,0.000985926017165184
5537792,0.0009359503164887428
5554176,0.002958151511847973
5570560,0.0013031242415308952
5586944,0.0010519754141569138
5603328,0.0006337864324450493
5619712,0.0015148622915148735
5636096,0.0017050663009285927
5652480,0.0005136504769325256
5668864,0.0019567254930734634
5685248,0.0018323995172977448
5701632,0.001624230295419693
5718016,0.0017276732251048088
5734400,0.001338999718427658
5750784,0.000305703841149807
5767168,0.0007076337933540344
5783552,0.0006469711661338806
5799936,0.00019115954637527466
5816320,0.0018320893868803978
5832704,0.0012226002290844917
5849088,0.0011407546699047089
5865472,0.0011883536353707314
5881856,0.0016704108566045761
5898240,0.004211442545056343
5914624,0.0028066616505384445
5931008,0.00010917428880929947
5947392,0.0008140290156006813
5963776,0.00012458954006433487
5980160,0.0008373958989977837
5996544,0.001684761606156826
6012928,0.0008757412433624268
6029312,0.0004541836678981781
6045696,0.0003645317628979683
6062080,0.0007671499624848366
6078464,0.00014421343803405762
6094848,0.0005210814997553825
6111232,0.0022328337654471397
6127616,0.0008207373321056366
6144000,0.001486186869442463
6160384,0.002114645205438137
6176768,0.0004954859614372253
6193152,0.00023829005658626556
6209536,0.0002132672816514969
6225920,0.0009238468483090401
6242304,0.00046702660620212555
6258688,0.0021188678219914436
6275072,0.00048595666885375977
6291456,0.00012015737593173981
6307840,0.00013808533549308777
6324224,4.470907151699066e-05
6340608,0.002064148895442486
6356992,0.0002020169049501419
6373376,0.00029389746487140656
6389760,0.00022361986339092255
6406144,0.0007711984217166901
6422528,0.002537856809794903
6438912,0.0002346104010939598
6455296,0.0015645204111933708
6471680,0.0012065283954143524
6488064,0.0022227736189961433
6504448,0.0018907682970166206
6520832,0.00019405316561460495
6537216,4.993472248315811e-05
6553600,0.000219699926674366
6569984,0.0007852325215935707
6586368,0.002797904424369335
6602752,0.0010032262653112411
6619136,0.003631112165749073
6635520,0.0017002411186695099
6651904,0.00047914404422044754
6668288,0.00170796737074852
6684672,0.0010254047811031342
6701056,0.0035802023485302925
6717440,0.00042265187948942184
6733824,0.0008851960301399231
6750208,0.0021023815497756004
6766592,0.003573458641767502
6782976,0.0014785192906856537
6799360,0.0005784984678030014
6815744,0.0010810839012265205
6832128,0.0021758917719125748
6848512,0.0001352299004793167
6864896,0.0013683605939149857
6881280,0.0029955022037029266
6897664,0.0002278340980410576
6914048,0.0006274497136473656
6930432,0.00023615360260009766
6946816,0.0010697580873966217
6963200,0.0005248589441180229
6979584,2.7222558856010437e-05
6995968,0.00021409988403320312
7012352,0.0001727873459458351
7028736,0.002170688472688198
7045120,0.0003028297796845436
7061504,0.0006190137937664986
7077888,0.00014329981058835983
7094272,0.0005483860149979591
7110656,0.0017982497811317444
7127040,0.0004588542506098747
7143424,0.0003769267350435257
7159808,0.00047826021909713745
7176192,0.0012668678537011147
7192576,0.0017368076369166374
7208960,0.0003528101369738579
7225344,0.0008126059547066689
7241728,0.0007501468062400818
7258112,0.0007361294701695442
7274496,0.014466721564531326
7290880,0.0009140800684690475
7307264,0.00030123069882392883
7323648,0.0003476254642009735
7340032,0.0005032075569033623
7356416,0.0027555227279663086
7372800,0.0007589245215058327
7389184,0.0013839304447174072
7405568,0.00024318881332874298
7421952,0.00020862463861703873
7438336,0.0007558651268482208
7454720,0.0010442622005939484
7471104,0.000736067071557045
7487488,0.0021355068311095238
7503872,0.0002664877101778984
7520256,0.0014699781313538551
7536640,0.0008259732276201248
7553024,0.00178446713835001
7569408,0.0016064736992120743
7585792,0.00031449180096387863
7602176,0.0012133419513702393
7618560,0.0024995198473334312
7634944,0.00042500533163547516
7651328,0.0004632044583559036
7667712,0.0005055554211139679
7684096,0.0020673274993896484
7700480,0.0010390402749180794
7716864,0.0011061709374189377
7733248,0.0034806737676262856
7749632,0.001481296494603157
7766016,0.00019926391541957855
7782400,0.00025760382413864136
7798784,0.0005501788109540939
7815168,0.0008610859513282776
7831552,0.0011832239106297493
7847936,0.0015148380771279335
7864320,0.00036351289600133896
7880704,0.00012199673801660538
7897088,0.00014515314251184464
7913472,0.000501168891787529
7929856,0.0009074052795767784
7946240,0.0005561858415603638
7962624,0.0006724745035171509
7979008,0.0009527429938316345
7995392,0.001328837126493454
8011776,0.00028878357261419296
8028160,0.0006276993080973625
8044544,0.0006384430453181267
8060928,0.0006492240354418755
8077312,0.0022004125639796257
8093696,0.00014356710016727448
8110080,0.0010244548320770264
8126464,4.551652818918228e-05
8142848,0.00010313373059034348
8159232,0.0008629737421870232
8175616,0.0003507761284708977
8192000,0.0004032626748085022
8208384,0.0010005934163928032
8224768,0.0005310801789164543
8241152,0.0012297499924898148
8257536,0.0006728488951921463
8273920,0.0001889783889055252
8290304,0.00018214620649814606
8306688,0.00033820420503616333
8323072,0.0009276419878005981
8339456,0.00014963559806346893
8355840,0.0002858014777302742
8372224,0.00017160829156637192
8388608,0.0005299616605043411
8404992,0.001095624640583992
8421376,0.0001863790675997734
8437760,0.0007747504860162735
8454144,0.0005206568166613579
8470528,0.00045439600944519043
8486912,0.0007204227149486542
8503296,0.003029058687388897
8519680,0.0006059426814317703
8536064,0.00026932545006275177
8552448,0.00014581438153982162
8568832,0.001020585186779499
8585216,0.001384488306939602
8601600,0.0001860782504081726
8617984,0.00023503974080085754
8634368,0.0019366750493645668
8650752,0.0004923082888126373
8667136,0.0012500276789069176
8683520,0.001811385154724121
8699904,0.0004289839416742325
8716288,0.0009358590468764305
8732672,0.0006305528804659843
8749056,0.0021941782906651497
8765440,0.00047001615166664124
8781824,0.0006132172420620918
8798208,0.0010341405868530273
8814592,0.001551816239953041
8830976,0.0009673126041889191
8847360,0.001142897643148899
8863744,0.0002918289974331856
8880128,0.00030112918466329575
8896512,0.000754491426050663
8912896,0.0030994415283203125
8929280,0.001096879132091999
8945664,0.004594249650835991
8962048,0.0006756214424967766
8978432,0.000654374249279499
8994816,0.0008156495168805122
9011200,0.0005721114575862885
9027584,0.0011071041226387024
9043968,0.0009223883971571922
9060352,0.0001919018104672432
9076736,0.001287912018597126
9093120,0.0003855312243103981
9109504,0.0010907603427767754
9125888,0.0017507849261164665
9142272,0.00023721251636743546
9158656,0.0013373978435993195
9175040,0.000545501708984375
9191424,0.00047815870493650436
9207808,0.003836149349808693
9224192,0.0029835170134902
9240576,0.0006868457421660423
9256960,0.0031487522646784782
9273344,0.0010358011350035667
9289728,0.0032593756914138794
9306112,0.00023464951664209366
9322496,0.0033103330060839653
9338880,0.002316243015229702
9355264,0.0007554758340120316
9371648,0.00011677201837301254
9388032,0.0012499317526817322
9404416,0.0013255365192890167
9420800,0.008482697419822216
9437184,0.0016164500266313553
9453568,0.0007675373926758766
9469952,0.0013949032872915268
9486336,0.0035959426313638687
9502720,0.001338147558271885
9519104,0.0029364805668592453
9535488,0.0019425461068749428
9551872,0.000989031046628952
9568256,0.0023065879940986633
9584640,0.0008187508210539818
9601024,0.0019012484699487686
9617408,0.0030041364952921867
9633792,0.0012711789458990097
9650176,0.0013242177665233612
9666560,0.0018551480025053024
9682944,0.00401084590703249
9699328,0.0027361158281564713
9715712,0.0020829737186431885
9732096,0.0037494711577892303
9748480,0.001576356589794159
9764864,0.002101479098200798
9781248,0.0016978280618786812
9797632,0.0010882457718253136
9814016,0.002757587470114231
9830400,0.001819271594285965
9846784,0.0002192854881286621
9863168,0.0020780758932232857
9879552,0.0002933098003268242
9895936,0.00349346362054348
9912320,0.0011015469208359718
9928704,0.0028923070058226585
9945088,0.0008404199033975601
9961472,0.0030260486528277397
9977856,0.0017869193106889725
9994240,0.0007091304287314415
10010624,0.002392297610640526
10027008,0.002248525619506836
10043392,0.00022233743220567703
10059776,0.0025162314996123314
10076160,0.001633794978260994
10092544,0.0040274616330862045
10108928,0.0018794657662510872
10125312,0.0005615931004285812
10141696,0.005783906206488609
10158080,0.0035127904266119003
10174464,0.001519019715487957
10190848,0.0009650085121393204
10207232,0.0019167950376868248
10223616,0.0010305019095540047
10240000,0.001136207953095436
10256384,0.001782560721039772
10272768,0.001427297480404377
10289152,0.0026637576520442963
10305536,0.0014936132356524467
10321920,0.0050262995064258575
10338304,0.0017914529889822006
10354688,0.00096919946372509
10371072,0.004517385736107826
10387456,0.0011074859648942947
10403840,0.001480686478316784
10420224,0.0033821137621998787
10436608,0.00038744229823350906
10452992,0.001970304176211357
10469376,0.0007735416293144226
10485760,0.0015675369650125504
10502144,0.001490517519414425
10518528,0.001539347693324089
10534912,0.0013502491638064384
10551296,0.000920535996556282
10567680,0.0010796897113323212
10584064,0.0005809459835290909
10600448,0.0009768148884177208
10616832,0.0003048945218324661
10633216,0.00020620226860046387
10649600,0.0012079458683729172
10665984,0.0014051757752895355
10682368,0.0014099758118391037
10698752,0.0011250544339418411
10715136,0.0017105769366025925
10731520,0.00020996853709220886
10747904,0.0003154771402478218
10764288,0.0017850957810878754
10780672,0.003284572623670101
10797056,0.0018229857087135315
10813440,0.0005007907748222351
10829824,0.0016359249129891396
10846208,0.00045047327876091003
10862592,0.0003345692530274391
10878976,5.8205798268318176e-05
10895360,0.0014972025528550148
10911744,0.0006332788616418839
10928128,4.5282766222953796e-05
10944512,0.0023275604471564293
10960896,0.00028635188937187195
10977280,0.00029590725898742676
10993664,0.0003642067313194275
11010048,0.0003718379884958267
11026432,0.0001923413947224617
11042816,0.0002705659717321396
11059200,0.000782686285674572
11075584,0.0006181085482239723
11091968,0.0012914128601551056
11108352,0.0017330385744571686
11124736,0.00013595353811979294
11141120,0.0003762003034353256
11157504,0.008720551617443562
11173888,0.0016175471246242523
11190272,2.0986422896385193e-05
11206656,0.0008472343906760216
11223040,0.00010880362242460251
11239424,0.0023654522374272346
11255808,0.002483174204826355
11272192,0.0006330478936433792
11288576,0.0007817214354872704
11304960,0.0013192417100071907
11321344,0.0011390810832381248
11337728,0.0008373353630304337
11354112,0.0007809186354279518
11370496,0.00034448690712451935
11386880,0.0012449491769075394
11403264,0.0004951627925038338
11419648,6.89774751663208e-05
11436032,0.002008534036576748
11452416,0.0024535711854696274
11468800,0.00047055259346961975
11485184,0.00043344125151634216
11501568,0.0027414942160248756
11517952,0.0019967667758464813
11534336,0.000927221029996872
11550720,0.001925501972436905
11567104,0.0019613495096564293
11583488,0.0025453362613916397
11599872,0.0013829637318849564
11616256,0.0010806908831000328
11632640,0.000911615788936615
11649024,0.0007282905280590057
11665408,0.0016999905928969383
11681792,0.0016740551218390465
11698176,0.00046142563223838806
11714560,0.003474433906376362
11730944,0.00017788726836442947
11747328,0.0014847395941615105
11763712,0.0002478659152984619
11780096,0.0006668372079730034
11796480,0.0006298385560512543
11812864,9.981729090213776e-05
11829248,0.0004152115434408188
11845632,0.0005444278940558434
11862016,0.0010319305583834648
11878400,0.001329679973423481
11894784,0.0003967238590121269
11911168,0.0007758233696222305
11927552,0.0032986775040626526
11943936,0.0003881370648741722
11960320,0.0005146283656358719
11976704,0.0013708705082535744
11993088,0.0003184974193572998
12009472,0.0010981028899550438
12025856,0.0004497924819588661
12042240,0.0012914901599287987
12058624,0.00033961236476898193
12075008,0.001750510185956955
12091392,0.0024978388100862503
12107776,0.0010637668892741203
12124160,0.003490789793431759
12140544,0.0007322710007429123
12156928,0.00023285020142793655
12173312,0.0006883470341563225
12189696,0.0010398877784609795
12206080,0.0012676268815994263
12222464,0.0007097190245985985
12238848,0.00042975693941116333
12255232,0.0018415628001093864
12271616,0.001071292906999588
12288000,0.0016750209033489227
12304384,0.00036226026713848114
12320768,0.0009793629869818687
12337152,0.00021258089691400528
12353536,0.0018005194142460823
12369920,0.002675616182386875
12386304,0.0010306062176823616
12402688,0.002427099272608757
12419072,0.0011223526671528816
12435456,0.0010835547000169754
12451840,0.0008085425943136215
12468224,0.0008777249604463577
12484608,0.0011889021843671799
12500992,0.0006019994616508484
12517376,0.0031097056344151497
12533760,0.0013834359124302864
12550144,0.0012296605855226517
12566528,0.0013702576979994774
12582912,0.004468475468456745
12599296,0.0012379130348563194
12615680,0.0007770378142595291
12632064,0.007056247442960739
12648448,0.002017943188548088
12664832,0.003495442681014538
12681216,0.0014297766610980034
12697600,0.0015441849827766418
12713984,0.0028987927362322807
12730368,0.0010274164378643036
12746752,0.0014060912653803825
12763136,0.0012024296447634697
12779520,0.002326340414583683
12795904,0.0012004142627120018
12812288,0.002528401091694832
12828672,0.004268921911716461
12845056,0.0006112633273005486
12861440,0.001690596342086792
12877824,0.0019034575670957565
12894208,0.004297769628465176
12910592,0.002017037011682987
12926976,0.004433944821357727
12943360,0.0025231381878256798
12959744,0.002784593030810356
12976128,0.0034671658650040627
12992512,0.0008090902119874954
13008896,0.002655639313161373
13025280,0.002730531617999077
13041664,0.0007098838686943054
13058048,0.0017629144713282585
13074432,0.0016415324062108994
13090816,0.0020854705944657326
13107200,0.0012959195300936699
13123584,0.0018689446151256561
13139968,0.0013117045164108276
13156352,0.0013551386073231697
13172736,0.0015673404559493065
13189120,0.0015295641496777534
13205504,0.0023532025516033173
13221888,0.0008975574746727943
13238272,0.0005593504756689072
13254656,0.0017836280167102814
13271040,0.0010129110887646675
13287424,0.001481405459344387
13303808,0.0008459975942969322
13320192,0.0023475252091884613
13336576,0.001980242319405079
13352960,0.0046859076246619225
13369344,0.00238068588078022
13385728,0.0013806503266096115
13402112,0.005165117792785168
13418496,0.0022631073370575905
13434880,0.000668560154736042
13451264,0.0028069932013750076
13467648,0.0020307237282395363
13484032,0.00208235252648592
13500416,0.0018928684294223785
13516800,0.0008740890771150589
13533184,0.00522379856556654
13549568,0.001689000055193901
13565952,0.0015398114919662476
13582336,0.0027424274012446404
13598720,0.00016516819596290588
13615104,0.003061797469854355
13631488,0.005652157589793205
13647872,0.003998919390141964
13664256,0.0018178382888436317
13680640,0.004422962665557861
13697024,0.001520923338830471
13713408,0.0017989296466112137
13729792,0.0005008522421121597
13746176,0.004557609558105469
13762560,0.0015128795057535172
13778944,0.0007588639855384827
13795328,0.0024612797424197197
13811712,0.0010672379285097122
13828096,0.0025171414017677307
13844480,0.002996506169438362
13860864,0.008569151163101196
13877248,0.0006226394325494766
13893632,0.0010599354282021523
13910016,0.0013483483344316483
13926400,0.001914030872285366
13942784,0.002507321536540985
13959168,0.002342037856578827
13975552,0.006093601696193218
13991936,0.001696871593594551
14008320,0.0025557931512594223
14024704,0.002215661108493805
14041088,0.0005655204877257347
14057472,0.002542322501540184
14073856,0.0031832708045840263
14090240,0.0033174846321344376
14106624,0.0021802466362714767
14123008,0.002494875341653824
14139392,0.002088462933897972
14155776,0.00059510488063097
14172160,0.002643965184688568
14188544,0.0009986888617277145
14204928,0.0009911386296153069
14221312,0.0015428988263010979
14237696,0.0022481605410575867
14254080,0.0030916286632418633
14270464,0.004075216129422188
14286848,0.0015517529100179672
14303232,0.004623458720743656
14319616,0.0012089237570762634
14336000,0.0007101250812411308
14352384,0.0016577057540416718
14368768,0.0021847952157258987
14385152,0.0051297517493367195
14401536,0.0034391824156045914
14417920,0.0006393017247319221
14434304,0.0019741645082831383
14450688,0.0013869646936655045
14467072,0.0010106498375535011
14483456,0.0014189742505550385
14499840,0.004883125424385071
14516224,0.0016288729384541512
14532608,0.0024658041074872017
14548992,0.0035820957273244858
14565376,0.001565324142575264
14581760,0.06601060926914215
14598144,0.0011429954320192337
14614528,0.0034814663231372833
14630912,0.0011576572433114052
14647296,0.0021918965503573418
14663680,0.0006499746814370155
14680064,0.002560134045779705
14696448,0.0010853121057152748
14712832,0.002760208211839199
14729216,0.0016679894179105759
14745600,0.0014048516750335693
14761984,0.0010351315140724182
14778368,0.0070667751133441925
14794752,0.002836366184055805
14811136,0.0020636795088648796
14827520,0.0015722038224339485
14843904,0.001223018392920494
14860288,0.0018691737204790115
14876672,0.001197158358991146
14893056,0.0016848454251885414
14909440,0.001988207921385765
14925824,0.0024084579199552536
14942208,0.0016089379787445068
14958592,0.0018676156178116798
14974976,0.0008874107152223587
14991360,0.0007992219179868698
15007744,0.0014074994251132011
15024128,0.00017440877854824066
15040512,0.0014409003779292107
15056896,0.0004231473430991173
15073280,0.0008974550291895866
15089664,0.0015420736744999886
15106048,0.0017345510423183441
15122432,0.0015700915828347206
15138816,0.000277847982943058
15155200,0.011097616516053677
15171584,0.0009998157620429993
15187968,0.0019893506541848183
15204352,0.002033418044447899
15220736,0.0015367036685347557
15237120,0.02168167382478714
15253504,0.001098048873245716
15269888,0.001523987390100956
15286272,0.004279185086488724
15302656,0.0018818601965904236
15319040,0.002929670736193657
15335424,0.0026832763105630875
15351808,0.005959454923868179
15368192,0.003283480182290077
15384576,0.002893645316362381
15400960,0.0019649332389235497
15417344,0.0016539636999368668
15433728,0.0027257222682237625
15450112,0.0005096038803458214
15466496,0.004274770617485046
15482880,0.0013576708734035492
15499264,0.002359161153435707
15515648,0.002166787162423134
15532032,0.002889031544327736
15548416,0.0015256945043802261
15564800,0.0031462209299206734
15581184,0.0022258982062339783
15597568,0.002705696038901806
15613952,0.0012701209634542465
15630336,0.0013372795656323433
15646720,0.005760498344898224
15663104,0.005375980399549007
15679488,0.002492169849574566
15695872,0.0012595746666193008
15712256,0.0010219374671578407
15728640,0.006182795390486717
15745024,0.0017854487523436546
15761408,0.0032083410769701004
15777792,0.0017362749204039574
15794176,0.003256935626268387
15810560,0.0019515929743647575
15826944,0.004748448729515076
15843328,0.0027566803619265556
15859712,0.004110789857804775
15876096,0.003968069329857826
15892480,0.0014609070494771004
15908864,0.0016732607036828995
15925248,0.0025509409606456757
15941632,0.00193782988935709
15958016,0.0008470639586448669
15974400,0.0017696395516395569
15990784,0.003462454304099083
16007168,0.0022262707352638245
16023552,0.003218023106455803
16039936,0.002446434460580349
16056320,0.002161305397748947
16072704,0.0031865164637565613
16089088,0.0015761302784085274
16105472,0.0021228883415460587
16121856,0.0008482774719595909
16138240,0.0018306504935026169
16154624,0.0032365983352065086
16171008,0.0023025870323181152
16187392,0.0014220047742128372
16203776,0.0017024772241711617
16220160,0.0009410558268427849
16236544,0.00526326522231102
16252928,0.0024445047602057457
16269312,0.0009264536201953888
16285696,0.0011998601257801056
16302080,0.002449621446430683
16318464,0.004088079556822777
16334848,0.0008205324411392212
16351232,0.0016176765784621239
16367616,0.0013914061710238457
16384000,0.002186305820941925
16400384,0.0028537288308143616
16416768,0.002321181818842888
16433152,0.0020379703491926193
16449536,0.0032560359686613083
16465920,0.0011886777356266975
16482304,0.0010163281112909317
16498688,0.0018974794074892998
16515072,0.0015360498800873756
16531456,0.0030903667211532593
16547840,0.0016525238752365112
16564224,0.0012551788240671158
16580608,0.0028324658051133156
16596992,0.0014561200514435768
16613376,0.0015660300850868225
16629760,0.0023576319217681885
16646144,0.0016398904845118523
16662528,0.003994496539235115
16678912,0.0017392598092556
16695296,0.0015407055616378784
16711680,0.0007555363699793816
16728064,0.001049884594976902
16744448,0.0020304471254348755
16760832,0.001672595739364624
16777216,0.0010410305112600327
16793600,0.002431025728583336
16809984,0.0016226917505264282
16826368,0.00144279096275568
16842752,0.0005346667021512985
16859136,0.0037002647295594215
16875520,0.001622387208044529
16891904,0.0006267419084906578
16908288,0.0007605720311403275
16924672,0.0013858210295438766
16941056,0.006501480937004089
16957440,0.003718787804245949
16973824,0.0009373901411890984
16990208,0.0012553725391626358
17006592,0.0011720135807991028
17022976,0.00015789270401000977
17039360,0.0018827477470040321
17055744,0.0018418701365590096
17072128,0.004773042164742947
17088512,0.0010806526988744736
17104896,0.0010414980351924896
17121280,0.0009416257962584496
17137664,0.0008823508396744728
17154048,0.0027202479541301727
17170432,0.0008411910384893417
17186816,0.0017052404582500458
17203200,0.008622660301625729
17219584,0.0018450086936354637
17235968,0.002589222975075245
17252352,0.003315446898341179
17268736,0.006550556048750877
17285120,0.0028475793078541756
17301504,0.00372345931828022
17317888,4.6681612730026245e-05
17334272,0.003549478016793728
17350656,0.0018889429047703743
17367040,0.0031900350004434586
17383424,0.0023543043062090874
17399808,0.003651025705039501
17416192,0.002659779042005539
17432576,0.0005471687763929367
17448960,0.0010717185214161873
17465344,0.0009891260415315628
17481728,0.0040405988693237305
17498112,0.0007863081991672516
17514496,0.002043480984866619
17530880,0.002313475124537945
17547264,0.0037173889577388763
17563648,0.0007677087560296059
17580032,0.001204807311296463
17596416,0.0006735296919941902
17612800,0.0021249977871775627
17629184,0.001097152940928936
17645568,0.002571526914834976
17661952,0.0019269799813628197
17678336,0.0028352774679660797
17694720,0.0012912023812532425
17711104,0.007992672733962536
17727488,0.0026175174862146378
17743872,0.00027997512370347977
17760256,0.0017834855243563652
17776640,0.001115245744585991
17793024,0.0020850133150815964
17809408,0.001328853890299797
17825792,0.0019010435789823532
17842176,0.0005746092647314072
17858560,0.001994544640183449
17874944,0.00019438937306404114
17891328,0.0007046079263091087
17907712,0.0009670425206422806
17924096,0.001531359739601612
17940480,0.0016225343570113182
17956864,0.0006874287500977516
17973248,0.0013797832652926445
17989632,0.002652968280017376
18006016,0.0171602014452219
18022400,0.004145343787968159
18038784,0.0017289938405156136
18055168,0.00264812633395195
18071552,0.002991396002471447
18087936,0.001534104347229004
18104320,0.001827283762395382
18120704,0.002234872430562973
18137088,0.0008672010153532028
18153472,0.0022930046543478966
18169856,0.002154676243662834
18186240,0.0007362421602010727
18202624,0.0018986323848366737
18219008,0.0024901097640395164
18235392,0.0014233049005270004
18251776,0.0005356809124350548
18268160,0.0004674578085541725
18284544,0.0016343221068382263
18300928,0.003810061141848564
18317312,0.00242678914219141
18333696,0.0015876106917858124
18350080,0.001242268830537796
18366464,0.003549249842762947
18382848,0.009728956036269665
18399232,0.0024974634870886803
18415616,0.0023113247007131577
18432000,0.0025401050224900246
18448384,0.0016396325081586838
18464768,0.0015136059373617172
18481152,0.00245034322142601
18497536,0.004200153052806854
18513920,0.005066439509391785
18530304,0.0023255739361047745
18546688,0.003310580737888813
18563072,0.0027658315375447273
18579456,0.0013861749321222305
18595840,0.0017764195799827576
18612224,0.000887594185769558
18628608,0.0042670536786317825
18644992,0.002734582871198654
18661376,0.0036523956805467606
18677760,0.0012657549232244492
18694144,0.005413469858467579
18710528,0.005137716419994831
18726912,0.0013716230168938637
18743296,0.0025275712832808495
18759680,0.006031776778399944
18776064,0.0018524881452322006
18792448,0.0014778003096580505
18808832,0.002476310357451439
18825216,0.0018615508452057838
18841600,0.002943236380815506
18857984,0.0016525639221072197
18874368,0.003704860806465149
18890752,0.0014212913811206818
18907136,0.0021657422184944153
18923520,0.001715666614472866
18939904,0.001509571447968483
18956288,0.003710946999490261
18972672,0.0020500989630818367
18989056,0.0017325244843959808
19005440,0.002287294715642929
19021824,0.0012448085471987724
19038208,0.0011322684586048126
19054592,0.003178199753165245
19070976,0.003395495004951954
19087360,0.004145889542996883
19103744,0.0028346339240670204
19120128,0.0034147612750530243
19136512,0.0005287323147058487
19152896,0.0011203894391655922
19169280,0.0027297204360365868
19185664,0.0009391065686941147
19202048,0.0006115296855568886
19218432,0.0012094145640730858
19234816,0.0030409861356019974
19251200,0.0016482621431350708
19267584,0.004778324626386166
19283968,0.003051786683499813
19300352,0.0023766038939356804
19316736,0.002810179255902767
19333120,0.0023576021194458008
19349504,0.001832636073231697
19365888,0.003531930036842823
19382272,0.0011307168751955032
19398656,0.0013928348198533058
19415040,0.0019345451146364212
19431424,0.0024023428559303284
19447808,0.0016220947727560997
19464192,0.000905369408428669
19480576,0.0010424284264445305
19496960,0.0015528183430433273
19513344,0.0010277451947331429
19529728,0.0026626968756318092
19546112,0.0013947496190667152
19562496,0.0021657682955265045
19578880,0.0014428459107875824
19595264,0.0026304107159376144
19611648,0.012312001548707485
19628032,0.0027724914252758026
19644416,0.0032173702493309975
19660800,0.0034785056486725807
19677184,0.004397896118462086
19693568,0.0025609713047742844
19709952,0.0025624968111515045
19726336,0.0013560419902205467
19742720,0.0026778290048241615
19759104,0.0010234806686639786
19775488,0.0017877230420708656
19791872,0.0008171051740646362
19808256,0.0027115456759929657
19824640,0.0014404244720935822
19841024,0.0021743280813097954
19857408,0.0024604862555861473
19873792,0.0028606727719306946
19890176,0.0016271928325295448
19906560,0.0017781872302293777
19922944,0.0020306147634983063
19939328,0.001493111252784729
19955712,0.0031922627240419388
19972096,0.00047965720295906067
19988480,0.0031057940796017647
20004864,0.002428879030048847
20021248,0.0009301751852035522
20037632,0.0008816178888082504
20054016,0.002449675463140011
20070400,0.0012746313586831093
20086784,0.002663792110979557
20103168,0.005994890816509724
20119552,0.0017129452899098396
20135936,0.0005246670916676521
20152320,0.0003068801015615463
20168704,0.003930685110390186
20185088,0.006847729906439781
20201472,0.00046197976917028427
20217856,0.004575655795633793
20234240,0.0019368408247828484
20250624,0.001029673032462597
20267008,0.003496226854622364
20283392,0.0015828125178813934
20299776,0.0035623079165816307
20316160,0.0016379095613956451
20332544,0.0022595180198550224
20348928,0.002248397096991539
20365312,0.0020431717857718468
20381696,0.0020260652527213097
20398080,0.000987974926829338
20414464,0.0016350885853171349
20430848,0.0009760158136487007
20447232,0.0033478178083896637
20463616,0.0019676508381962776
20480000,0.0035270173102617264
20496384,0.0022774236276745796
20512768,0.004318768158555031
20529152,0.002141673117876053
20545536,0.0007240455597639084
20561920,0.0035374602302908897
20578304,0.0006109951063990593
20594688,0.0011970549821853638
20611072,0.0004571732133626938
20627456,0.004572510719299316
20643840,0.0015544183552265167
20660224,0.0015998929738998413
20676608,0.0078080790117383
20692992,0.0019132811576128006
20709376,0.0012631891295313835
20725760,0.005289857275784016
20742144,0.0021774182096123695
20758528,0.0017228024080395699
20774912,0.005664248950779438
20791296,0.0025441376492381096
20807680,0.0014085927978157997
20824064,0.003838394768536091
20840448,0.003742031753063202
20856832,0.007710928097367287
20873216,0.0021072886884212494
20889600,0.0041338251903653145
20905984,0.0030343234539031982
20922368,0.002706967294216156
20938752,0.004545822739601135
20955136,0.0018589384853839874
20971520,0.0045217713341116905
20987904,0.002850075252354145
21004288,0.0014179674908518791
21020672,0.0015316158533096313
21037056,0.0009236745536327362
21053440,0.0012271450832486153
21069824,0.0018025990575551987
21086208,0.002268577925860882
21102592,0.002405712381005287
21118976,0.001249358057975769
21135360,0.002771349623799324
21151744,0.002873046323657036
21168128,0.0010905079543590546
21184512,0.0009157285094261169
21200896,0.0013370057567954063
21217280,0.0003811139613389969
21233664,0.0011693909764289856
21250048,0.0030573848634958267
21266432,0.021143615245819092
21282816,0.0009857937693595886
21299200,0.0006793420761823654
21315584,0.0026799794286489487
21331968,0.000684935599565506
21348352,0.0016186293214559555
21364736,0.0014205286279320717
21381120,0.0019054524600505829
21397504,0.0017827535048127174
21413888,0.001759720966219902
21430272,0.001504635438323021
21446656,0.0015453891828656197
21463040,0.001445799134671688
21479424,0.0027943821623921394
21495808,0.005183688364923
21512192,0.0017369389533996582
21528576,0.0005893539637327194
21544960,0.001150224357843399
21561344,0.000998874194920063
21577728,0.002246823161840439
21594112,0.0003200145438313484
21610496,0.002143843099474907
21626880,0.001276145689189434
21643264,0.0004237638786435127
21659648,0.0025443313643336296
21676032,0.00244209636002779
21692416,0.0027200980111956596
21708800,0.0030291182920336723
21725184,0.0024667885154485703
21741568,0.002080296166241169
21757952,0.0028259428218007088
21774336,0.0034333588555455208
21790720,0.0010686442255973816
21807104,0.0013040201738476753
21823488,0.002357643097639084
21839872,0.0010499227792024612
21856256,0.0005968073382973671
21872640,0.0011784210801124573
21889024,0.000544300302863121
21905408,0.004142431542277336
21921792,0.0013107629492878914
21938176,0.0005462467670440674
21954560,0.004970071837306023
21970944,0.0011410526931285858
21987328,0.004818262532353401
22003712,0.0023463331162929535
22020096,0.002595936879515648
22036480,0.0020910007879137993
22052864,0.001634364016354084
22069248,0.0008939513936638832
22085632,0.00033168960362672806
22102016,0.0012702634558081627
22118400,0.0007465463131666183
22134784,0.002161097712814808
22151168,0.0019040154293179512
22167552,0.001050819642841816
22183936,0.0014007166028022766
22200320,0.0008275462314486504
22216704,0.0011848630383610725
22233088,0.0015676617622375488
22249472,0.0013931049033999443
22265856,0.003511149436235428
22282240,0.0012593716382980347
22298624,0.0042815422639250755
22315008,0.0022272812202572823
22331392,0.002884593792259693
22347776,0.00039932969957590103
22364160,0.002428242936730385
22380544,0.0011872127652168274
22396928,0.0017965957522392273
22413312,0.001267358660697937
22429696,0.0008263355121016502
22446080,0.0018120678141713142
22462464,0.0008713677525520325
22478848,0.0006416803225874901
22495232,0.002234291285276413
22511616,0.0004036193713545799
22528000,0.002867870032787323
22544384,0.0010482175275683403
22560768,0.00026259105652570724
22577152,0.002467055805027485
22593536,7.244572043418884e-05
22609920,0.0012526512145996094
22626304,0.003660552203655243
22642688,0.003115938976407051
22659072,0.001156168058514595
22675456,0.00013646762818098068
22691840,0.0012576226145029068
22708224,0.0005251802504062653
22724608,0.00299686286598444
22740992,0.0005283486098051071
22757376,0.0016833990812301636
22773760,0.0004690280184149742
22790144,0.0013200687244534492
22806528,0.0025538820773363113
22822912,0.00117439404129982
22839296,0.0010107634589076042
22855680,0.005123278126120567
22872064,0.0006952174007892609
22888448,0.005132761783897877
22904832,0.002151278778910637
22921216,0.00020078010857105255
22937600,0.0007997266948223114
22953984,0.001591769978404045
22970368,0.0005813091993331909
22986752,0.0005522631108760834
23003136,0.000517367385327816
23019520,0.00024198181927204132
23035904,0.0012394338846206665
23052288,0.000960533507168293
23068672,0.0014678025618195534
23085056,0.002371705137193203
23101440,0.0020401403307914734
23117824,0.0008805673569440842
23134208,0.0009297514334321022
23150592,0.0007363045588135719
23166976,0.00034846365451812744
23183360,0.0011187400668859482
23199744,0.001582014374434948
23216128,0.0002969149500131607
23232512,0.0007597962394356728
23248896,0.0015036622062325478
23265280,0.0009705871343612671
23281664,0.0005588885396718979
23298048,0.0005406588315963745
23314432,0.002180042676627636
23330816,0.0035687806084752083
23347200,0.00010857265442609787
23363584,0.002348901703953743
23379968,0.0010562492534518242
23396352,0.001120513305068016
23412736,0.001370903104543686
23429120,0.00035424623638391495
23445504,0.0012614661827683449
23461888,0.0013693301007151604
23478272,0.000905284658074379
23494656,0.011951799504458904
23511040,0.0012485580518841743
23527424,0.0016011083498597145
23543808,9.88151878118515e-05
23560192,0.002582671120762825
23576576,0.0006569288671016693
23592960,0.0027559027075767517
23609344,0.0005216905847191811
23625728,0.0006322478875517845
23642112,0.0009103817865252495
23658496,0.0013878773897886276
23674880,0.0005629360675811768
23691264,0.0016194870695471764
23707648,0.002037571743130684
23724032,0.000519242137670517
23740416,0.000518222339451313
23756800,0.000256124883890152
23773184,0.000518391840159893
23789568,0.00306695606559515
23805952,0.002796027809381485
23822336,0.0013300497084856033
23838720,0.001978757791221142
23855104,0.0011545922607183456
23871488,0.0022113490849733353
23887872,0.0007144482806324959
23904256,0.001336672343313694
23920640,0.0006247451528906822
23937024,0.001995677128434181
23953408,0.004077247343957424
23969792,0.0015810076147317886
23986176,0.00025180820375680923
24002560,0.004622737877070904
24018944,0.0005688685923814774
24035328,0.0014592213556170464
24051712,0.0009314399212598801
24068096,0.0017793457955121994
24084480,0.0007345890626311302
24100864,0.0009120889008045197
24117248,0.00034433696419000626
24133632,0.0012153871357440948
24150016,0.002192530781030655
24166400,0.0007384633645415306
24182784,0.002476159483194351
24199168,0.002258610911667347
24215552,0.0010350141674280167
24231936,0.0017974348738789558
24248320,0.0008755121380090714
24264704,0.0016002776101231575
24281088,0.0011567985638976097
24297472,0.0030267825350165367
24313856,0.0005204742774367332
24330240,0.002396167255938053
24346624,0.002797212451696396
24363008,0.0025308215990662575
24379392,0.001221085898578167
24395776,0.0037332065403461456
24412160,0.0033501647412776947
24428544,0.0015795603394508362
24444928,0.0009851176291704178
24461312,0.002079213969409466
24477696,0.002444665879011154
24494080,0.003051997162401676
24510464,0.0036688223481178284
24526848,0.0019478658214211464
24543232,0.005659744143486023
24559616,0.0033846450969576836
24576000,0.002079533413052559
24592384,0.0005851294845342636
24608768,0.002352040261030197
24625152,0.0016389722004532814
24641536,0.0021910900250077248
24657920,0.001294485293328762
24674304,0.0001810295507311821
24690688,0.002204512245953083
24707072,0.0006304364651441574
24723456,0.0025204867124557495
24739840,0.001178918406367302
24756224,0.0022377092391252518
24772608,0.001323203556239605
24788992,0.004765920341014862
24805376,0.002019084058701992
24821760,0.0030115628615021706
24838144,0.00032184552401304245
24854528,0.002239672467112541
24870912,0.0005119983106851578
24887296,0.0015572011470794678
24903680,0.000769919715821743
24920064,0.0012956289574503899
24936448,0.0013023074716329575
24952832,0.0009973682463169098
24969216,0.00135115347802639
24985600,0.0004717996343970299
25001984,0.0009633069857954979
25018368,0.0013864710927009583
25034752,0.0016493331640958786
25051136,0.0003892378881573677
25067520,0.0013334844261407852
25083904,0.0015194397419691086
25100288,0.0011430932208895683
25116672,0.0014185216277837753
25133056,0.004514205269515514
25149440,0.0018782485276460648
25165824,0.003965113312005997
25182208,0.0007606064900755882
25198592,0.0013625752180814743
25214976,0.0010374980047345161
25231360,0.00025063008069992065
25247744,0.0008181808516383171
25264128,0.0002669505774974823
25280512,0.0035526352003216743
25296896,0.001155131496489048
25313280,0.0016303593292832375
25329664,0.0024464521557092667
25346048,0.0013957154005765915
25362432,0.002074127085506916
25378816,0.001402190886437893
25395200,0.005555526353418827
25411584,0.0008861813694238663
25427968,0.0014077909290790558
25444352,0.0009725093841552734
25460736,0.0014362642541527748
25477120,0.0009658792987465858
25493504,0.0012687444686889648
25509888,0.002853027544915676
25526272,0.000704742968082428
25542656,0.0012786658480763435
25559040,0.0011274870485067368
25575424,0.0015024971216917038
25591808,0.0023200754076242447
25608192,0.0017015477642416954
25624576,0.00041283294558525085
25640960,0.002978922799229622
25657344,0.002018298953771591
25673728,0.002934163436293602
25690112,0.0023858193308115005
25706496,0.0011777980253100395
25722880,0.004394008778035641
25739264,0.0021896036341786385
25755648,0.002901095896959305
25772032,0.0026243776082992554
25788416,0.0016404977068305016
25804800,0.0004949215799570084
25821184,0.0005968129262328148
25837568,0.0005415985360741615
25853952,0.0015916358679533005
25870336,0.0013133510947227478
25886720,0.0006056558340787888
25903104,0.001589539460837841
25919488,0.0030690860003232956
25935872,0.0011061429977416992
25952256,0.0032145539298653603
25968640,0.0019506597891449928
25985024,0.0010048607364296913
26001408,0.002225372940301895
26017792,0.0012846104800701141
26034176,0.0012518260627985
26050560,0.0019387369975447655
26066944,0.0041405633091926575
26083328,0.0017595300450921059
26099712,0.0030743367969989777
26116096,0.0015988172963261604
26132480,0.0012308256700634956
26148864,0.0018232772126793861
26165248,0.0018109558150172234
26181632,0.0014834525063633919
26198016,0.001103830523788929
26214400,0.0009201178327202797
26230784,4.3315812945365906e-05
26247168,0.000497753731906414
26263552,0.0011910470202565193
26279936,5.110353231430054e-05
26296320,0.0002114810049533844
26312704,0.0003623785451054573
26329088,0.0013649044558405876
26345472,0.0005759326741099358
26361856,6.368756294250488e-05
26378240,0.0011347895488142967
26394624,0.0017448468133807182
26411008,7.002055644989014e-05
26427392,0.0006645591929554939
26443776,0.0007408875972032547
26460160,0.0016171326860785484
26476544,0.0004123654216527939
26492928,0.001573328860104084
26509312,0.00048454105854034424
26525696,0.00272173248231411
26542080,0.0020688986405730247
26558464,0.0003970349207520485
26574848,0.0004062168300151825
26591232,0.003960184752941132
26607616,0.00130544975399971
26624000,0.009833752177655697
26640384,0.00010521337389945984
26656768,8.27917829155922e-05
26673152,0.0017006294801831245
26689536,0.0014415616169571877
26705920,0.0020380178466439247
26722304,0.002168964594602585
26738688,0.003239057958126068
26755072,0.0017659282311797142
26771456,0.0011674417182803154
26787840,0.00021693576127290726
26804224,0.0012249741703271866
26820608,0.002545447088778019
26836992,0.0010574311017990112
26853376,0.0006075790151953697
26869760,0.0021952716633677483
26886144,0.0009268810972571373
26902528,0.0005664592608809471
26918912,0.00174725241959095
26935296,0.0016721533611416817
26951680,0.003998258151113987
26968064,0.0014487197622656822
26984448,0.0007553836330771446
27000832,0.003791344352066517
27017216,0.0040258970111608505
27033600,0.00032987166196107864
27049984,0.0004425281658768654
27066368,0.0015400387346744537
27082752,0.0007416717708110809
27099136,0.0008643688634037971
27115520,0.00038946792483329773
27131904,8.749030530452728e-05
27148288,0.0007099322974681854
27164672,0.00141992699354887
27181056,0.0027520442381501198
27197440,0.007531384006142616
27213824,0.0006143534556031227
27230208,0.0010201167315244675
27246592,0.00033414270728826523
27262976,0.0013661561533808708
27279360,0.0011279834434390068
27295744,0.0004847068339586258
27312128,0.0011460790410637856
27328512,0.0010876832529902458
27344896,0.0006871437653899193
27361280,0.0016653025522828102
27377664,0.0023922380059957504
27394048,0.001866878941655159
27410432,0.0019072061404585838
27426816,0.00206607673317194
27443200,0.003442837856709957
27459584,0.0009760716930031776
27475968,0.0012970492243766785
27492352,0.0032016662880778313
27508736,0.0016130702570080757
27525120,0.0016780802980065346
27541504,0.00030851922929286957
27557888,0.0005381330847740173
27574272,0.001037605106830597
27590656,0.0012739067897200584
27607040,0.0019675781950354576
27623424,0.0015879478305578232
27639808,0.001031448133289814
27656192,0.002403899095952511
27672576,0.0008216770365834236
27688960,0.0006786677986383438
27705344,0.0028752097859978676
27721728,0.0008514691144227982
27738112,0.0019108764827251434
27754496,0.0026467330753803253
27770880,0.002372140996158123
27787264,0.001982603222131729
27803648,0.0026609422639012337
27820032,0.001277015544474125
27836416,0.0009720837697386742
27852800,0.0005455026403069496
27869184,0.001109628938138485
27885568,0.0017676083371043205
27901952,0.0019351756200194359
27918336,0.002080140635371208
27934720,0.0007936665788292885
27951104,0.0008453354239463806
27967488,0.0015401393175125122
27983872,0.004663633182644844
28000256,0.0011489726603031158
28016640,0.0020594922825694084
28033024,0.0019316356629133224
28049408,0.0029175393283367157
28065792,0.003924493677914143
28082176,0.0009045153856277466
28098560,0.002593791112303734
28114944,0.0028426162898540497
28131328,0.0018478753045201302
28147712,0.0009327149018645287
28164096,0.0012473855167627335
28180480,0.0015370110049843788
28196864,0.0032364511862397194
28213248,0.00270911306142807
28229632,0.0020795632153749466
28246016,0.0018105627968907356
28262400,0.0024564797058701515
28278784,0.003490750677883625
28295168,0.0021274788305163383
28311552,0.0012338943779468536
28327936,0.0015502013266086578
28344320,0.0013342062011361122
28360704,0.003819623962044716
28377088,0.008142496459186077
28393472,0.0017180545255541801
28409856,0.003147370181977749
28426240,0.002226230688393116
28442624,0.002937193028628826
28459008,0.002048223279416561
28475392,0.0012470800429582596
28491776,0.0032637491822242737
28508160,0.0022613266482949257
28524544,0.002434232272207737
28540928,0.0005461787804961205
28557312,0.002898363396525383
28573696,0.002797098830342293
28590080,0.0035697482526302338
28606464,0.0017313593998551369
28622848,0.005244706757366657
28639232,0.003605046309530735
28655616,0.003186304122209549
28672000,0.0010142186656594276
28688384,0.002573758363723755
28704768,0.0029143178835511208
28721152,0.0015231231227517128
28737536,0.002685713581740856
28753920,0.0028802240267395973
28770304,0.0016787862405180931
28786688,0.003095650114119053
28803072,0.0047502461820840836
28819456,0.013674573041498661
28835840,0.0021795444190502167
28852224,0.0007810508832335472
28868608,0.0030048126354813576
28884992,0.001100611872971058
28901376,0.0011565452441573143
28917760,0.0016114739701151848
28934144,0.0047446731477975845
28950528,0.004467744380235672
28966912,0.0018568336963653564
28983296,0.0015590842813253403
28999680,0.004432356916368008
29016064,0.0020447634160518646
29032448,0.001914212480187416
29048832,0.004883411340415478
29065216,0.0023590298369526863
29081600,0.002633066847920418
29097984,0.0008007632568478584
29114368,0.0005770483985543251
29130752,0.0013878867030143738
29147136,0.0013120956718921661
29163520,0.0012370394542813301
29179904,0.0014498475939035416
29196288,0.0035362597554922104
29212672,0.0007633715867996216
29229056,0.00213495921343565
29245440,0.0012970808893442154
29261824,0.0039055384695529938
29278208,0.004977168515324593
29294592,0.005804429762065411
29310976,0.0032008346170186996
29327360,0.002392597496509552
29343744,0.0017959196120500565
29360128,0.006155193783342838
29376512,0.00538740586489439
29392896,0.000529794953763485
29409280,0.0027921414002776146
29425664,0.0021749762818217278
29442048,0.0026853857561945915
29458432,0.00367170013487339
29474816,0.001927700825035572
29491200,0.002039264887571335
29507584,0.002097051590681076
29523968,0.007534137926995754
29540352,0.008660020306706429
29556736,0.0015405630692839622
29573120,0.0009554065763950348
29589504,0.0016642073169350624
29605888,0.0019020941108465195
29622272,0.0026458026841282845
29638656,0.004241876304149628
29655040,0.003638789989054203
29671424,0.005879292264580727
29687808,0.002321702428162098
29704192,0.0012874417006969452
29720576,0.0024516666308045387
29736960,0.00228694174438715
29753344,0.002765343524515629
29769728,0.003832908347249031
29786112,0.0038323886692523956
29802496,0.0035929344594478607
29818880,0.0038642697036266327
29835264,0.0017668027430772781
29851648,0.006933816708624363
29868032,0.0021327724680304527
29884416,0.0036630164831876755
29900800,0.0059305522590875626
29917184,0.0035009970888495445
29933568,0.007066584192216396
29949952,0.002837979234755039
29966336,0.004510112106800079
29982720,0.0029373690485954285
29999104,0.0025088973343372345
30015488,0.0014696922153234482
30031872,0.002475305460393429
30048256,0.0013324981555342674
30064640,0.0030761845409870148
30081024,0.0035955021157860756
30097408,0.0029648849740624428
30113792,0.003242303617298603
30130176,0.003811708651483059
30146560,0.0018144026398658752
30162944,6.038229912519455e-05
30179328,0.0023880088701844215
30195712,0.0045018866658210754
30212096,0.002177880145609379
30228480,0.00460931658744812
30244864,0.0017850995063781738
30261248,0.0015093768015503883
30277632,0.002837548963725567
30294016,0.0011590654030442238
30310400,0.0009707678109407425
30326784,0.004908489994704723
30343168,0.004422744736075401
30359552,0.0012111058458685875
30375936,0.00771957915276289
30392320,0.002151613123714924
30408704,0.0009050564840435982
30425088,0.0012891478836536407
30441472,0.001377210021018982
30457856,0.0002566911280155182
30474240,0.002647003158926964
30490624,0.004693897441029549
30507008,0.0035504866391420364
30523392,0.0007593221962451935
30539776,0.0015559401363134384
30556160,0.004535133950412273
30572544,0.0011407407000660896
30588928,0.005169522948563099
30605312,0.004478795453906059
30621696,0.004049846902489662
30638080,0.001446666195988655
30654464,0.0022742915898561478
30670848,0.0024499772116541862
30687232,0.0014255642890930176
30703616,0.003935953602194786
30720000,0.0011475002393126488
30736384,0.002900056540966034
30752768,0.0012106597423553467
30769152,0.003079003654420376
30785536,0.0031571555882692337
30801920,0.0006843050941824913
30818304,0.0013977382332086563
30834688,0.004222181625664234
30851072,0.002651454880833626
30867456,0.0011436520144343376
30883840,0.0012901471927762032
30900224,0.0025562243536114693
30916608,0.0011915052309632301
30932992,0.0006480319425463676
30949376,0.004234114661812782
30965760,0.003265448845922947
30982144,0.002842647023499012
30998528,0.0011536488309502602
31014912,0.003152911551296711
31031296,0.003676225431263447
31047680,0.00035606883466243744
31064064,0.0026017818599939346
31080448,0.0032406412065029144
31096832,0.0015442697331309319
31113216,0.0025988267734646797
31129600,0.0035675233229994774
31145984,0.0037217456847429276
31162368,0.0033029699698090553
31178752,0.004541776143014431
31195136,0.0018533449620008469
31211520,0.002287149429321289
31227904,0.0012398352846503258
31244288,0.0021010618656873703
31260672,0.0012409193441271782
31277056,0.0034013157710433006
31293440,0.00047418195754289627
31309824,0.0021872399374842644
31326208,0.001715153455734253
31342592,0.0012831715866923332
31358976,0.0018092729151248932
31375360,0.002365242689847946
31391744,0.004419225268065929
31408128,0.0020384136587381363
31424512,0.004594914615154266
31440896,0.0043777404353022575
31457280,0.0011105462908744812
31473664,0.00628413911908865
31490048,0.007205449044704437
31506432,0.0012618815526366234
31522816,0.002083932049572468
31539200,0.005219466984272003
31555584,0.001280500553548336
31571968,0.0020813187584280968
31588352,0.002901925705373287
31604736,0.002269652672111988
31621120,0.0017595868557691574
31637504,0.0017442414537072182
31653888,0.0018674405291676521
31670272,0.0013447189703583717
31686656,0.0011545214802026749
31703040,0.0022544562816619873
31719424,0.0022195419296622276
31735808,0.0019355975091457367
31752192,0.0021899929270148277
31768576,0.0010744314640760422
31784960,0.0009035561233758926
31801344,0.0010736370459198952
31817728,0.001327485777437687
31834112,0.00019423943012952805
31850496,0.0024451417848467827
31866880,0.008533760905265808
31883264,0.001419922336935997
31899648,0.0012116814032196999
31916032,0.0024982867762446404
31932416,0.0024528801441192627
31948800,0.0016198540106415749
31965184,0.0035373754799365997
31981568,0.0007011638954281807
31997952,0.003496497869491577
32014336,0.0023330263793468475
32030720,0.001282431185245514
32047104,0.002356879413127899
32063488,0.0025857938453555107
32079872,0.0031161606311798096
32096256,0.0009197480976581573
32112640,0.0029192306101322174
32129024,0.002470213919878006
32145408,0.006983610801398754
32161792,0.001948680728673935
32178176,0.0016247918829321861
32194560,0.0015971837565302849
32210944,0.0012419810518622398
32227328,0.0019904468208551407
32243712,0.0018904972821474075
32260096,0.0011888202279806137
32276480,0.0034623946994543076
32292864,0.002467051148414612
32309248,0.0015333406627178192
32325632,0.0034120604395866394
32342016,0.002469688653945923
32358400,0.0019296268001198769
32374784,0.0040883030742406845
32391168,0.0015393206849694252
32407552,0.0016100220382213593
32423936,0.0010403022170066833
32440320,0.0016686227172613144
32456704,0.0022592218592762947
32473088,0.0008856933563947678
32489472,0.0030315816402435303
32505856,0.003867826424539089
32522240,0.004034878686070442
32538624,0.0009106332436203957
32555008,0.0010425206273794174
32571392,0.00262505654245615
32587776,0.0017813295125961304
32604160,0.0014446042478084564
32620544,0.002621471881866455
32636928,0.0016454951837658882
32653312,0.002362809143960476
32669696,0.0011014798656105995
32686080,0.0015193205326795578
32702464,0.0021107904613018036
32718848,0.00205422006547451
32735232,0.000835055485367775
32751616,0.005437381565570831
32768000,0.0018009282648563385
32784384,0.0017680814489722252
32800768,0.002658095210790634
32817152,0.0009133573621511459
32833536,0.0006252061575651169
32849920,0.0012082569301128387
32866304,0.0033782310783863068
32882688,0.0019472520798444748
32899072,0.0009334143251180649
32915456,0.003490135073661804
32931840,0.0007504811510443687
32948224,0.003181478939950466
32964608,0.0008453698828816414
32980992,0.0012633707374334335
32997376,0.0014129392802715302
33013760,0.0006988132372498512
33030144,0.002032817341387272
33046528,0.0014002351090312004
33062912,0.0009381938725709915
33079296,0.0028311461210250854
33095680,0.0023635560646653175
33112064,0.0017558382824063301
33128448,0.0013987189158797264
33144832,0.004205508157610893
33161216,0.0030958494171500206
33177600,0.005232465453445911
33193984,0.0028468118980526924
33210368,0.003326644189655781
33226752,0.004632466472685337
33243136,0.0025052186101675034
33259520,0.001254487782716751
33275904,0.002581431530416012
33292288,0.002453145571053028
33308672,0.0012289388105273247
33325056,0.000644308514893055
33341440,0.0012042038142681122
33357824,0.011228938587009907
33374208,0.004535552114248276
33390592,0.004057981073856354
33406976,0.0015395525842905045
33423360,0.001144186593592167
33439744,0.002031737007200718
33456128,0.0018965546041727066
33472512,0.0015526888892054558
33488896,0.0014248015359044075
33505280,0.0017224522307515144
33521664,0.0022886600345373154
33538048,0.0027369074523448944
33554432,0.0028470344841480255
33570816,0.003431543707847595
33587200,0.0009436318650841713
33603584,0.0027635330334305763
33619968,0.0008736187592148781
33636352,0.0011942321434617043
33652736,0.001447455957531929
33669120,0.0011484120041131973
33685504,0.0013623954728245735
33701888,0.002522442489862442
33718272,0.007684621494263411
33734656,0.003132155165076256
33751040,0.00037403404712677
33767424,0.001773226074874401
33783808,0.002895134501159191
33800192,0.0031611016020178795
33816576,0.004187718965113163
33832960,0.0011707236990332603
33849344,0.0023766355589032173
33865728,0.00047501828521490097
33882112,0.0019969381392002106
33898496,0.001877516508102417
33914880,0.002070724032819271
33931264,0.0027290629222989082
33947648,0.0019500451162457466
33964032,0.0014462089166045189
33980416,0.0019617630168795586
33996800,0.002435510978102684
34013184,0.0015856856480240822
34029568,0.0005481531843543053
34045952,0.00297574233263731
34062336,0.0023902375251054764
34078720,0.0008143885061144829
34095104,0.0040290746837854385
34111488,0.001517551951110363
34127872,0.0025695916265249252
34144256,0.002220102585852146
34160640,0.003998273052275181
34177024,0.0009390609338879585
34193408,0.0006473688408732414
34209792,0.002816827967762947
34226176,0.0037129782140254974
34242560,0.0016530100256204605
34258944,0.0031677717342972755
34275328,0.0007752198725938797
34291712,0.005563843064010143
34308096,0.0028458144515752792
34324480,0.0016373982653021812
34340864,0.003078748472034931
34357248,0.0035115620121359825
34373632,0.0023700790479779243
34390016,0.0031618736684322357
34406400,0.002002965658903122
34422784,0.004727307707071304
34439168,0.002217342145740986
34455552,0.0049352748319506645
34471936,0.007910448126494884
34488320,0.002410106360912323
34504704,0.0028226887807250023
34521088,0.0026360247284173965
34537472,0.0033884774893522263
34553856,0.003294164314866066
34570240,0.002286517061293125
34586624,0.0009774332866072655
34603008,0.0029124831780791283
34619392,0.0007678456604480743
34635776,0.0015083923935890198
34652160,0.0033977609127759933
34668544,0.0020109498873353004
34684928,0.0027324585244059563
34701312,0.0026790834963321686
34717696,0.004322613589465618
34734080,0.0014452962204813957
34750464,0.0008015064522624016
34766848,0.001952027902007103
34783232,0.00239005871117115
34799616,0.0018849056214094162
34816000,0.002308378927409649
34832384,0.0019141696393489838
34848768,0.002674671821296215
34865152,0.0009049186483025551
34881536,0.0005072606727480888
34897920,0.0019051255658268929
34914304,0.0010878080502152443
34930688,0.0033089062198996544
34947072,0.00236399844288826
34963456,0.0014882609248161316
34979840,0.0007858918979763985
34996224,0.0011868514120578766
35012608,0.0030621448531746864
35028992,0.0024708183482289314
35045376,0.001238018274307251
35061760,0.01971248909831047
35078144,0.0007614996284246445
35094528,0.0011313240975141525
35110912,0.0005464861169457436
35127296,9.007006883621216e-05
35143680,0.0004410436376929283
35160064,0.0008055334910750389
35176448,0.001506865955889225
35192832,0.00042313896119594574
35209216,0.0008596451953053474
35225600,0.002300083637237549
35241984,0.0011494643986225128
35258368,0.005087610334157944
35274752,0.0021045226603746414
35291136,0.0017963657155632973
35307520,0.0007148878648877144
35323904,0.0011795274913311005
35340288,0.0015691230073571205
35356672,0.0006010327488183975
35373056,0.000569433905184269
35389440,0.0026669036597013474
35405824,0.00148059893399477
35422208,0.0016320794820785522
35438592,0.001560392789542675
35454976,0.0008836099877953529
35471360,0.005197931081056595
35487744,0.0015041083097457886
35504128,0.0017227986827492714
35520512,0.0001692734658718109
35536896,0.0010359203442931175
35553280,0.0003433302044868469
35569664,0.0006090132519602776
35586048,0.0009886138141155243
35602432,0.0007083434611558914
35618816,0.002419956959784031
35635200,0.0008922042325139046
35651584,0.0009323712438344955
35667968,0.00027264654636383057
35684352,0.00047406554222106934
35700736,0.0053386390209198
35717120,0.001899966038763523
35733504,0.0017778901383280754
35749888,0.000642719678580761
35766272,0.0002169506624341011
35782656,0.0002512233331799507
35799040,0.0003415960818529129
35815424,0.00037626922130584717
35831808,0.0002472754567861557
35848192,0.00013809185475111008
35864576,0.0011899592354893684
35880960,0.0007832245901226997
35897344,0.0015094680711627007
35913728,2.092495560646057e-05
35930112,6.156321614980698e-05
35946496,0.0006023542955517769
35962880,0.0005283895879983902
35979264,0.0011316388845443726
35995648,0.0012163696810603142
36012032,0.0016891798004508018
36028416,0.0005348110571503639
36044800,0.000916321761906147
36061184,0.00062528345733881
36077568,0.004066861234605312
36093952,1.567881554365158e-05
36110336,0.0012087197974324226
36126720,0.002788899466395378
36143104,0.00032668933272361755
36159488,0.0041461968794465065
36175872,0.0005601262673735619
36192256,0.0006989939138293266
36208640,0.0006080185994505882
36225024,0.0011915722861886024
36241408,0.0015596486628055573
36257792,0.0022838860750198364
36274176,0.0008579790592193604
36290560,0.002888627350330353
36306944,0.00013020634651184082
36323328,0.0009492132812738419
36339712,0.0012505268678069115
36356096,0.0016962913796305656
36372480,0.0006093792617321014
36388864,0.0004369281232357025
36405248,0.000993603840470314
36421632,0.0009095203131437302
36438016,0.0010389918461441994
36454400,0.012244278565049171
36470784,0.0037525752559304237
36487168,0.001663949340581894
36503552,0.000739523209631443
36519936,0.0005995146930217743
36536320,0.004303504712879658
36552704,0.006021182984113693
36569088,0.0012314198538661003
36585472,0.009028896689414978
36601856,0.006194619461894035
36618240,0.0017692716792225838
36634624,0.002049383707344532
36651008,0.0023145033046603203
36667392,0.001663828268647194
36683776,0.0020723193883895874
36700160,0.0024781981483101845
36716544,0.002127458341419697
36732928,0.0041599394753575325
36749312,0.007717771455645561
36765696,0.0017057470977306366
36782080,0.0017947619780898094
36798464,0.0027445200830698013
36814848,0.002418716438114643
36831232,0.003124210052192211
36847616,0.0036060046404600143
36864000,0.0008598919957876205
36880384,0.0005289772525429726
36896768,0.002841266803443432
36913152,0.002808977849781513
36929536,0.0015983618795871735
36945920,0.005184630863368511
36962304,0.0010797642171382904
36978688,0.004453575238585472
36995072,0.0019256547093391418
37011456,0.0019770218059420586
37027840,0.003124072216451168
37044224,0.002001597546041012
37060608,0.0007874341681599617
37076992,0.0017158528789877892
37093376,0.002833086997270584
37109760,0.0006872182711958885
37126144,0.0028066597878932953
37142528,0.003414197824895382
37158912,0.00137435644865036
37175296,0.0021462449803948402
37191680,0.0008046925067901611
37208064,0.0005134129896759987
37224448,0.0026246504858136177
37240832,0.0012861117720603943
37257216,0.00303582102060318
37273600,0.00089211855083704
37289984,0.0011898335069417953
37306368,0.0022112810984253883
37322752,0.0010847589001059532
37339136,0.0035276832059025764
37355520,0.002382148988544941
37371904,0.0005912845954298973
37388288,0.0024533113464713097
37404672,0.0034129582345485687
37421056,0.0010610232129693031
37437440,0.0008297804743051529
37453824,0.0009439084678888321
37470208,0.003123430535197258
37486592,0.0017864936962723732
37502976,0.000845612958073616
37519360,0.002845761366188526
37535744,0.002027486450970173
37552128,0.0019411742687225342
37568512,0.001983671449124813
37584896,0.001240285113453865
37601280,0.0019217701628804207
37617664,0.002841244451701641
37634048,0.0022559398785233498
37650432,0.0011811209842562675
37666816,0.00026680808514356613
37683200,0.0008286107331514359
37699584,0.0010694777593016624
37715968,0.001238236203789711
37732352,0.0006406940519809723
37748736,0.0032851221039891243
37765120,0.0005352646112442017
37781504,0.0019270870834589005
37797888,0.0010311752557754517
37814272,0.0006321053951978683
37830656,0.001141904853284359
37847040,0.0012047793716192245
37863424,0.0028432030230760574
37879808,0.002036149613559246
37896192,0.0016576098278164864
37912576,0.0030627893283963203
37928960,0.0022924887016415596
37945344,0.0006773164495825768
37961728,0.002554195001721382
37978112,0.001473868265748024
37994496,0.005387564189732075
38010880,0.002974295988678932
38027264,0.0008823173120617867
38043648,0.0012400392442941666
38060032,0.0009487392380833626
38076416,0.002185358665883541
38092800,0.00406006071716547
38109184,0.0010892394930124283
38125568,0.0039335936307907104
38141952,0.0026149768382310867
38158336,0.003805137239396572
38174720,0.0007926393300294876
38191104,0.0006834575906395912
38207488,0.001202286221086979
38223872,0.0022520460188388824
38240256,0.0011266181245446205
38256640,0.0015172967687249184
38273024,0.0017112456262111664
38289408,0.0023570191115140915
38305792,0.0032428689301013947
38322176,0.00047106388956308365
38338560,0.002197355031967163
38354944,0.0035065552219748497
38371328,0.0016481969505548477
38387712,0.0022074244916439056
38404096,0.0015134410932660103
38420480,0.0033135665580630302
38436864,0.002192416228353977
38453248,0.001989227719604969
38469632,0.004556689411401749
38486016,0.002423051744699478
38502400,0.0008318237960338593
38518784,0.0013737864792346954
38535168,0.0025691185146570206
38551552,0.005738835781812668
38567936,0.00024538207799196243
38584320,0.003310414031147957
38600704,0.0023932578042149544
38617088,0.0019674059003591537
38633472,0.0025343596935272217
38649856,0.003055224195122719
38666240,0.0019712159410119057
38682624,0.0018761344254016876
38699008,0.0005403934046626091
38715392,0.005525361746549606
38731776,0.002644916996359825
38748160,0.002714640460908413
38764544,0.002144867554306984
38780928,0.0020624781027436256
38797312,0.00242007989436388
38813696,0.0021134046837687492
38830080,0.0032463986426591873
38846464,0.0019942400977015495
38862848,0.004623148590326309
38879232,0.0052187396213412285
38895616,0.001991402357816696
38912000,0.00244293175637722
38928384,0.0008721984922885895
38944768,0.0007420098409056664
38961152,0.0033375462517142296
38977536,0.005804656073451042
38993920,0.003457970917224884
39010304,0.004279935732483864
39026688,0.003965686075389385
39043072,0.0012641306966543198
39059456,0.0022777216508984566
39075840,0.003345893695950508
39092224,0.004384827800095081
39108608,0.0015980880707502365
39124992,0.0021732375025749207
39141376,0.0018730899319052696
39157760,0.0034056752920150757
39174144,0.004206201992928982
39190528,0.004555867053568363
39206912,0.0016637109220027924
39223296,0.0007617967203259468
39239680,0.007271253503859043
39256064,0.002540208399295807
39272448,0.002942715771496296
39288832,0.004120472818613052
39305216,0.002241887152194977
39321600,0.0025173164904117584
39337984,0.0015975413843989372
39354368,0.004277053289115429
39370752,0.0014140373095870018
39387136,0.004703291691839695
39403520,0.003983002156019211
39419904,0.0013960199430584908
39436288,0.003992554731667042
39452672,0.0019576428458094597
39469056,0.004235574975609779
39485440,0.003247741609811783
39501824,0.0037382924929261208
39518208,0.0024460619315505028
39534592,0.002318629063665867
39550976,0.0027704741805791855
39567360,0.00244220532476902
39583744,0.003999955952167511
39600128,0.0028058821335434914
39616512,0.0014489414170384407
39632896,0.0009957952424883842
39649280,0.0047887712717056274
39665664,0.002473139204084873
39682048,0.0035963188856840134
39698432,0.006385042332112789
39714816,0.003003452904522419
39731200,0.0024387380108237267
39747584,0.0013482067734003067
39763968,0.002885039895772934
39780352,0.0077104708179831505
39796736,0.0066499607637524605
39813120,0.0063499221578240395
39829504,0.003980202600359917
39845888,0.001576090231537819
39862272,0.0013804202899336815
39878656,0.0017494559288024902
39895040,0.0026835398748517036
39911424,0.0018443195149302483
39927808,0.002827742137014866
39944192,0.003334658220410347
39960576,0.001683228649199009
39976960,0.0027873357757925987
39993344,0.006422932259738445
40009728,0.0011429758742451668
40026112,0.0008939150720834732
40042496,0.0018781330436468124
40058880,0.007065103389322758
40075264,0.0022484883666038513
40091648,0.003088606521487236
40108032,0.003953512758016586
40124416,0.0019571278244256973
40140800,0.003245363011956215
40157184,0.001959637738764286
40173568,0.0018072323873639107
40189952,0.0016558663919568062
40206336,0.0010798042640089989
40222720,0.0012958552688360214
40239104,0.004672866314649582
40255488,0.0006399322301149368
40271872,0.002158009447157383
40288256,0.002070673741400242
40304640,0.0031198058277368546
40321024,0.0025208890438079834
40337408,0.003925005905330181
40353792,0.0020032059401273727
40370176,0.0006886720657348633
40386560,0.004134339280426502
40402944,0.001953541301190853
40419328,0.0037689004093408585
40435712,0.003118102438747883
40452096,0.00445085484534502
40468480,0.0017287759110331535
40484864,0.0032463083043694496
40501248,0.002327166497707367
40517632,0.00553573202341795
40534016,0.0021259980276226997
40550400,0.002027123235166073
40566784,0.003587273880839348
40583168,0.00049622543156147
40599552,0.0014063399285078049
40615936,0.0019824495539069176
40632320,0.0022577550262212753
40648704,0.0014288779348134995
40665088,0.0031934166327118874
40681472,0.0008567273616790771
40697856,0.0017563346773386002
40714240,0.0035026753321290016
40730624,0.0027392422780394554
40747008,0.0018355362117290497
40763392,0.0010684514418244362
40779776,0.00410010851919651
40796160,0.0005204314365983009
40812544,0.0016034254804253578
40828928,0.0015431614592671394
40845312,0.0009038755670189857
40861696,0.0005187606438994408
40878080,0.000985526479780674
40894464,0.0007935278117656708
40910848,0.0009567681699991226
40927232,0.0013468237593770027
40943616,0.0009929593652486801
40960000,0.0003949282690882683
40976384,0.0010816669091582298
40992768,0.0008934233337640762
41009152,0.0008753072470426559
41025536,0.001712186262011528
41041920,0.001144477166235447
41058304,0.002663678489625454
41074688,0.002162379212677479
41091072,0.0011071134358644485
41107456,0.00186154805123806
41123840,0.0018305089324712753
41140224,0.0044391462579369545
41156608,0.001509038731455803
41172992,0.001503434032201767
41189376,0.0047366805374622345
41205760,0.0017218030989170074
41222144,0.001652110368013382
41238528,0.0014293771237134933
41254912,0.002846306189894676
41271296,0.0009109685197472572
41287680,0.002936144359409809
41304064,0.00150358397513628
41320448,0.0016919123008847237
41336832,0.002098388969898224
41353216,0.004552970640361309
41369600,0.001001652330160141
41385984,0.0019263820722699165
41402368,0.0008097151294350624
41418752,0.0015691956505179405
41435136,0.0075636859983205795
41451520,0.002116006799042225
41467904,0.0008503152057528496
41484288,0.0006324322894215584
41500672,0.0021679792553186417
41517056,0.0021642399951815605
41533440,0.0017224932089447975
41549824,0.0011283569037914276
41566208,0.004865648224949837
41582592,0.0022079674527049065
41598976,0.0012412089854478836
41615360,0.002148767001926899
41631744,0.0018479060381650925
41648128,0.0027128057554364204
41664512,0.0015246868133544922
41680896,0.0008359421044588089
41697280,0.0042585707269608974
41713664,0.00310527253895998
41730048,0.0021132854744791985
41746432,0.0020981859415769577
41762816,0.005206035450100899
41779200,0.0022543473169207573
41795584,0.017700958997011185
41811968,0.0012690997682511806
41828352,0.0023594871163368225
41844736,0.0029079383239150047
41861120,0.004305511713027954
41877504,0.002052968367934227
41893888,0.0020659472793340683
41910272,0.006585787981748581
41926656,0.002588815987110138
41943040,0.006502729840576649
41959424,0.0019074482843279839
41975808,0.002360832877457142
41992192,0.0027810707688331604
42008576,0.004844030365347862
42024960,0.004449829459190369
42041344,0.0032411841675639153
42057728,0.003522118553519249
42074112,0.0027390597388148308
42090496,0.003932069055736065
42106880,0.0016198642551898956
42123264,0.00438580010086298
42139648,0.0025788182392716408
42156032,0.0029930351302027702
42172416,0.0016098199412226677
42188800,0.003959746100008488
42205184,0.0028481455519795418
42221568,0.0010206308215856552
42237952,0.003805362619459629
42254336,0.0026366785168647766
42270720,0.002768842503428459
42287104,0.0027326466515660286
42303488,0.0057909078896045685
42319872,0.0008783023804426193
42336256,0.0019151270389556885
42352640,0.0007556714117527008
42369024,0.001804150640964508
42385408,0.0012220414355397224
42401792,0.004090527072548866
42418176,0.00423403549939394
42434560,0.0010140035301446915
42450944,0.0015481552109122276
42467328,0.0021956609562039375
42483712,0.0019570374861359596
42500096,0.0015712501481175423
42516480,0.004640571773052216
42532864,0.0012552011758089066
42549248,0.0018746200948953629
42565632,0.0040361033752560616
42582016,0.0029826536774635315
42598400,0.001254478469491005
42614784,0.0031154099851846695
42631168,0.0026404717937111855
42647552,0.002120460383594036
42663936,0.000874561257660389
42680320,0.0025057122111320496
42696704,0.0019683092832565308
42713088,0.0010278848931193352
42729472,0.006579969078302383
42745856,0.002019191160798073
42762240,0.002355337142944336
42778624,0.0015333723276853561
42795008,0.002287771552801132
42811392,0.002321721985936165
42827776,0.0019693179056048393
42844160,0.0020152106881141663
42860544,0.0006064483895897865
42876928,0.0010992707684636116
42893312,0.0017864760011434555
42909696,0.014682724140584469
42926080,0.0022349506616592407
42942464,0.001738009974360466
42958848,0.0011372724547982216
42975232,0.0016893018037080765
42991616,0.0019739121198654175
43008000,0.001499735750257969
43024384,0.005387140437960625
43040768,0.0039566801860928535
43057152,0.0005058804526925087
43073536,0.0003309939056634903
43089920,0.0034739430993795395
43106304,0.0018219603225588799
43122688,0.0031389305368065834
43139072,0.0010593924671411514
43155456,0.0019484218209981918
43171840,0.007294468581676483
43188224,0.004701257683336735
43204608,0.0034080101177096367
43220992,0.002389884553849697
43237376,0.0026291348040103912
43253760,0.0015004100278019905
43270144,0.0007321871817111969
43286528,0.00045333150774240494
43302912,0.0006676642224192619
43319296,0.002600257284939289
43335680,0.0018209610134363174
43352064,0.0005522081628441811
43368448,0.0008594375103712082
43384832,0.0022371597588062286
43401216,0.002770261839032173
43417600,0.0013678129762411118
43433984,0.003020511008799076
43450368,0.0017797788605093956
43466752,0.000574369914829731
43483136,0.000807126984000206
43499520,0.0008499994874000549
43515904,0.0018847966566681862
43532288,0.001522943377494812
43548672,0.0004295269027352333
43565056,0.001780894584953785
43581440,0.004514375701546669
43597824,0.0010421304032206535
43614208,0.004341684281826019
43630592,0.00023816712200641632
43646976,0.00265534408390522
43663360,0.00260887760668993
43679744,0.0036939503625035286
43696128,0.0013502156361937523
43712512,0.0028170179575681686
43728896,0.0031305402517318726
43745280,0.0060484446585178375
43761664,0.0008893134072422981
43778048,0.002613659016788006
43794432,0.002526278607547283
43810816,0.0005498453974723816
43827200,0.002308350056409836
43843584,0.0015412019565701485
43859968,0.0003134142607450485
43876352,0.0006918404251337051
43892736,0.001234755851328373
43909120,0.0009144581854343414
43925504,0.001444500871002674
43941888,0.0015540802851319313
43958272,0.0017785830423235893
43974656,0.001920357346534729
43991040,0.00036552920937538147
44007424,0.001156809739768505
44023808,0.00648086704313755
44040192,0.00299973227083683
44056576,0.0009601609781384468
44072960,0.0014509595930576324
44089344,0.0022554639726877213
44105728,0.0002883896231651306
44122112,0.0005104523152112961
44138496,0.0027308957651257515
44154880,0.00035474076867103577
44171264,0.0040313471108675
44187648,0.001096237450838089
44204032,0.001591237261891365
44220416,0.0043049585074186325
44236800,0.00045851245522499084
44253184,0.00203877966850996
44269568,0.004190982319414616
44285952,0.001867387443780899
44302336,0.001814151182770729
44318720,0.0011493247002363205
44335104,0.0020327242091298103
44351488,0.0005197394639253616
44367872,0.0009181760251522064
44384256,0.0007667243480682373
44400640,0.0016235243529081345
44417024,0.0005720518529415131
44433408,0.0026732319965958595
44449792,0.002376224845647812
44466176,0.001535620540380478
44482560,0.0013515595346689224
44498944,0.0017005996778607368
44515328,0.0002336539328098297
44531712,0.0014625433832406998
44548096,0.0025695785880088806
44564480,0.000535537488758564
44580864,0.0016226284205913544
44597248,0.0014052223414182663
44613632,0.002279840409755707
44630016,0.020103726536035538
44646400,0.0026538679376244545
44662784,0.0018992433324456215
44679168,0.004071864299476147
44695552,0.001192883588373661
44711936,0.0024201208725571632
44728320,0.0018902281299233437
44744704,0.0014434456825256348
44761088,0.004323081113398075
44777472,0.0014276765286922455
44793856,0.0015125507488846779
44810240,0.0023580347187817097
44826624,0.002478395588696003
44843008,0.002531033009290695
44859392,0.0015401849523186684
44875776,0.0020593395456671715
44892160,0.0009680753573775291
44908544,0.0008473005145788193
44924928,0.0018656877800822258
44941312,0.00138778705149889
44957696,0.0024707671254873276
44974080,0.0028250524774193764
44990464,0.001033795066177845
45006848,0.002544321119785309
45023232,0.0009874021634459496
45039616,0.0030981795862317085
45056000,0.0028951987624168396
45072384,0.00154897291213274
45088768,0.001439613290131092
45105152,0.0020512035116553307
45121536,0.005352329462766647
45137920,0.0030514951795339584
45154304,0.0020433850586414337
45170688,0.0011022230610251427
45187072,0.0009467508643865585
45203456,0.0012883003801107407
45219840,0.0007223626598715782
45236224,0.002984878607094288
45252608,0.00047890935093164444
45268992,0.005039246752858162
45285376,0.0015012472867965698
45301760,0.0026238644495606422
45318144,0.0024624792858958244
45334528,0.0030811140313744545
45350912,0.001574353314936161
45367296,0.0009437110275030136
45383680,0.0030513443052768707
45400064,0.006001725792884827
45416448,0.002261146903038025
45432832,0.0024963729083538055
45449216,0.002696213312447071
45465600,0.0018625538796186447
45481984,0.0017094407230615616
45498368,0.00151838269084692
45514752,0.004714158363640308
45531136,0.004222474060952663
45547520,0.003034730441868305
45563904,0.003940516151487827
45580288,0.006315797567367554
45596672,0.0011332156136631966
45613056,0.00793519988656044
45629440,0.009138139896094799
45645824,0.003443608060479164
45662208,0.004801454953849316
45678592,0.002308366820216179
45694976,0.0032106228172779083
45711360,0.0017443103715777397
45727744,0.0029386961832642555
45744128,0.003894435241818428
45760512,0.011450216174125671
45776896,0.004523857496678829
45793280,0.0026357555761933327
45809664,0.0037998976185917854
45826048,0.0022815093398094177
45842432,0.003837931901216507
45858816,0.0051512643694877625
45875200,0.002765003591775894
45891584,0.0006416942924261093
45907968,0.0030927378684282303
45924352,0.0038852253928780556
45940736,0.0021705729886889458
45957120,0.003220619633793831
45973504,0.001878000795841217
45989888,0.0020466595888137817
46006272,0.0052977027371525764
46022656,0.004388484172523022
46039040,0.0031179655343294144
46055424,0.0014022495597600937
46071808,0.004480068571865559
46088192,0.0066803377121686935
46104576,0.002794109284877777
46120960,0.0015904596075415611
46137344,0.0027352841570973396
46153728,0.0015224050730466843
46170112,0.004772278480231762
46186496,0.0015857359394431114
46202880,0.0031459759920835495
46219264,0.0022971034049987793
46235648,0.003916434943675995
46252032,0.0024718865752220154
46268416,0.0007811309769749641
46284800,0.003181789070367813
46301184,0.0016825618222355843
46317568,0.003130539320409298
46333952,0.004327704198658466
46350336,0.0014035291969776154
46366720,0.00145037192851305
46383104,0.0021867286413908005
46399488,0.000989457592368126
46415872,0.0027652252465486526
46432256,0.0028742337599396706
46448640,0.002379702404141426
46465024,0.0026059485971927643
46481408,0.0029249629005789757
46497792,0.0008834833279252052
46514176,0.0009012278169393539
46530560,0.0043907929211854935
46546944,0.0010098591446876526
46563328,0.0019621998071670532
46579712,0.000691601075232029
46596096,0.002733919769525528
46612480,0.0007199831306934357
46628864,0.0014012083411216736
46645248,0.002375965937972069
46661632,0.0014071986079216003
46678016,0.0009740665555000305
46694400,0.006515583023428917
46710784,0.0021488936617970467
46727168,0.00841827504336834
46743552,0.0021806927397847176
46759936,0.002029646188020706
46776320,0.0008909069001674652
46792704,0.0011909659951925278
46809088,0.002068466506898403
46825472,0.001090293750166893
46841856,0.001627032645046711
46858240,0.0003993753343820572
46874624,0.0019640661776065826
46891008,0.0030791768804192543
46907392,0.0011521410197019577
46923776,0.0008794274181127548
46940160,0.0016025491058826447
46956544,0.0020171450451016426
46972928,0.0022959280759096146
46989312,0.0009326320141553879
47005696,0.0006902487948536873
47022080,0.002221016213297844
47038464,0.0007151598110795021
47054848,0.0025154845789074898
47071232,0.003049861639738083
47087616,0.002307814545929432
47104000,0.002579089254140854
47120384,0.0009341007098555565
47136768,0.0010759262368083
47153152,0.002324746921658516
47169536,0.002223609946668148
47185920,0.0034176576882600784
47202304,0.003956440836191177
47218688,0.0015057707205414772
47235072,0.00421883724629879
47251456,0.004053609445691109
47267840,0.0048756953328847885
47284224,0.0032600536942481995
47300608,0.0017937859520316124
47316992,0.0009784633293747902
47333376,0.0032408153638243675
47349760,0.0015355944633483887
47366144,0.003743790090084076
47382528,0.005819871090352535
47398912,0.004540029913187027
47415296,0.003706289455294609
47431680,0.001097596250474453
47448064,0.0010800659656524658
47464448,0.000753290019929409
47480832,0.002682800404727459
47497216,0.0017305081710219383
47513600,0.002942006103694439
47529984,0.0042807236313819885
47546368,0.0018186289817094803
47562752,0.0030188197270035744
47579136,0.0016145212575793266
47595520,0.0011605164036154747
47611904,0.002018946222960949
47628288,0.0036484049633145332
47644672,0.003929236903786659
47661056,0.0014269817620515823
47677440,0.0028283880092203617
47693824,0.004217367619276047
47710208,0.0021310755982995033
47726592,0.0020995428785681725
47742976,0.002128586173057556
47759360,0.0015519717708230019
47775744,0.0024482831358909607
47792128,0.0013319365680217743
47808512,0.0030364524573087692
47824896,0.004191790707409382
47841280,0.0012917285785079002
47857664,0.0016387049108743668
47874048,0.0019953185692429543
47890432,0.001809021458029747
47906816,0.002281520515680313
47923200,0.002850181423127651
47939584,0.003927212208509445
47955968,0.0013200026005506516
47972352,0.002256079576909542
47988736,0.0023525534197688103
48005120,0.0033806562423706055
48021504,0.0011718794703483582
48037888,0.0010269423946738243
48054272,0.0054934099316596985
48070656,0.0016483059152960777
48087040,0.0032589146867394447
48103424,0.002957304008305073
48119808,0.001230468973517418
48136192,0.00340382382273674
48152576,0.00039466097950935364
48168960,0.0027413060888648033
48185344,0.003023209050297737
48201728,0.002783156931400299
48218112,0.0015905983746051788
48234496,0.0020148027688264847
48250880,0.0015842923894524574
48267264,0.0017070723697543144
48283648,0.0031431689858436584
48300032,0.00218082033097744
48316416,0.0006455946713685989
48332800,0.000925813801586628
48349184,0.0018163053318858147
48365568,0.0019311346113681793
48381952,0.0026649385690689087
48398336,0.0033026235178112984
48414720,0.002521607093513012
48431104,0.0025121895596385
48447488,0.0014968346804380417
48463872,0.004689013585448265
48480256,0.0026129018515348434
48496640,0.0016134008765220642
48513024,0.002271668054163456
48529408,0.0032191863283514977
48545792,0.0028502829372882843
48562176,0.003002800978720188
48578560,0.0010408246889710426
48594944,0.0047068363055586815
48611328,0.0018509598448872566
48627712,0.003642137162387371
48644096,0.0007916036993265152
48660480,0.0010936148464679718
48676864,0.002737177535891533
48693248,0.0034881392493844032
48709632,0.0038833077996969223
48726016,0.0023572267964482307
48742400,0.0036832839250564575
48758784,0.006210806779563427
48775168,0.0011236025020480156
48791552,0.0016098227351903915
48807936,0.003423146903514862
48824320,0.0036673685535788536
48840704,0.002911679446697235
48857088,0.00192207470536232
48873472,0.0033776666969060898
48889856,0.0022990182042121887
48906240,0.0044321781024336815
48922624,0.0014975089579820633
48939008,0.004490606486797333
48955392,0.0014931289479136467
48971776,0.0017706695944070816
48988160,0.0025262823328375816
49004544,0.0025336602702736855
49020928,0.002889992669224739
49037312,0.0017629535868763924
49053696,0.0027871010825037956
49070080,0.0016541024670004845
49086464,0.0018932130187749863
49102848,0.0048406608402729034
49119232,0.0031697722151875496
49135616,0.0032223379239439964
49152000,0.0015088645741343498
49168384,0.00254195649176836
49184768,0.0008060522377490997
49201152,0.0013663331046700478
49217536,0.00353835616260767
49233920,0.0023422115482389927
49250304,0.0032507069408893585
49266688,0.002255357801914215
49283072,0.002422393299639225
49299456,0.0018909061327576637
49315840,0.0027205953374505043
49332224,0.00425916351377964
49348608,0.0014996780082583427
49364992,0.0017082905396819115
49381376,0.002992456778883934
49397760,0.00448947586119175
49414144,0.005136394873261452
49430528,0.0003594793379306793
49446912,0.00349473487585783
49463296,0.0024068132042884827
49479680,0.004764469340443611
49496064,0.0026040785014629364
49512448,0.002020123414695263
49528832,0.0022581126540899277
49545216,0.002454908564686775
49561600,0.002230163663625717
49577984,0.0013478035107254982
49594368,0.004603683017194271
49610752,0.00440264493227005
49627136,0.014285344630479813
49643520,0.005488536320626736
49659904,0.003191949799656868
49676288,0.0043713487684726715
49692672,0.0013397512957453728
49709056,0.004446249455213547
49725440,0.003258329816162586
49741824,0.0030307676643133163
49758208,0.0049904827028512955
49774592,0.0038227690383791924
49790976,0.0016155783087015152
49807360,0.0010517677292227745
49823744,0.003589717671275139
49840128,0.001248256303369999
49856512,0.002425740472972393
49872896,0.0028401436284184456
49889280,0.0029383087530732155
49905664,0.0020732032135128975
49922048,0.005302705802023411
49938432,0.0006295926868915558
49954816,0.0037153642624616623
49971200,0.0006384793668985367
49987584,0.002767198719084263
50003968,0.0025827381759881973
50020352,0.0022887876257300377
50036736,0.0019876109436154366
50053120,0.002872624434530735
50069504,0.0028483960777521133
50085888,0.007553046569228172
50102272,0.002452116459608078
50118656,0.0023760846816003323
50135040,0.0033913934603333473
50151424,0.0039060981944203377
50167808,0.000932362861931324
50184192,0.003878542222082615
50200576,0.0009695673361420631
50216960,0.0015429891645908356
50233344,0.0006435997784137726
50249728,0.0017018653452396393
50266112,0.0023136846721172333
50282496,0.003913672640919685
50298880,0.003049164079129696
50315264,0.0033754101023077965
50331648,0.004275370389223099
50348032,0.001336704008281231
50364416,0.003930394537746906
50380800,0.0021301647648215294
50397184,0.0031782696023583412
50413568,0.0006096232682466507
50429952,0.0009623495861887932
50446336,0.006628361530601978
50462720,0.0060657234862446785
50479104,0.002818790264427662
50495488,0.005723842419683933
50511872,0.00240384042263031
50528256,0.0033971304073929787
50544640,0.0027889255434274673
50561024,0.0018459893763065338
50577408,0.006345897912979126
50593792,0.0012908726930618286
50610176,0.0026505766436457634
50626560,0.005267292261123657
50642944,0.0030547259375452995
50659328,0.004411950707435608
50675712,0.0015321746468544006
50692096,0.002816382795572281
50708480,0.0021895579993724823
50724864,0.001845644786953926
50741248,0.0059855105355381966
50757632,0.0010220464318990707
50774016,0.0024047186598181725
50790400,0.003037353977560997
50806784,0.00142576452344656
50823168,0.0035049142315983772
50839552,0.0007845424115657806
50855936,0.004020756110548973
50872320,0.0021965252235531807
50888704,0.004224985372275114
50905088,0.004279077984392643
50921472,0.002336074598133564
50937856,0.002217171248048544
50954240,0.0034011509269475937
50970624,0.001919289119541645
50987008,0.011007972992956638
51003392,0.00254703126847744
51019776,0.004259881563484669
51036160,0.0029810694977641106
51052544,0.004901363514363766
51068928,0.0016956152394413948
51085312,0.0033406270667910576
51101696,0.003974573686718941
51118080,0.002636960707604885
51134464,0.010543284937739372
51150848,0.0024168789386749268
51167232,0.0024597635492682457
51183616,0.00631007831543684
51200000,0.002541729249060154
51216384,0.003553822636604309
51232768,0.0039994316175580025
51249152,0.0014580879360437393
51265536,0.002826368436217308
51281920,0.002638092264533043
51298304,0.003330456092953682
51314688,0.002575976774096489
51331072,0.0023319749161601067
51347456,0.0016784202307462692
51363840,0.004866242408752441
51380224,0.00282392930239439
51396608,0.0034430399537086487
51412992,0.0020038438960909843
51429376,0.0028188256546854973
51445760,0.0031779026612639427
51462144,0.004784813150763512
51478528,0.005078544840216637
51494912,0.0026359697803854942
51511296,0.003408186137676239
51527680,0.0026927636936306953
51544064,0.0019539184868335724
51560448,0.0022720536217093468
51576832,0.0048801591619849205
51593216,0.0031201113015413284
51609600,0.00583852082490921
51625984,0.004216523841023445
51642368,0.003334946930408478
51658752,0.0020650606602430344
51675136,0.0018172645941376686
51691520,0.002490515820682049
51707904,0.003369535319507122
51724288,0.0024154428392648697
51740672,0.003101479262113571
51757056,0.0021604569628834724
51773440,0.0020810766145586967
51789824,0.002612466923892498
51806208,0.0030896011739969254
51822592,0.0011289780959486961
51838976,0.004488788545131683
51855360,0.0010192003101110458
51871744,0.000926535576581955
51888128,0.0019838670268654823
51904512,0.002239113673567772
51920896,0.0025186995044350624
51937280,0.004946480505168438
51953664,0.002549111843109131
51970048,0.004758669063448906
51986432,0.0031092874705791473
52002816,0.004616323858499527
52019200,0.002000994049012661
52035584,0.003080463968217373
52051968,0.0028882334008812904
52068352,0.003962881863117218
52084736,0.0018438780680298805
52101120,0.004012211225926876
52117504,0.0013801278546452522
52133888,0.004807936027646065
52150272,0.0026355665177106857
52166656,0.002457845024764538
52183040,0.0022340230643749237
52199424,0.003174952231347561
52215808,0.0035650748759508133
52232192,0.006137821823358536
52248576,0.002067658118903637
52264960,0.0021830396726727486
52281344,0.004879169166088104
52297728,0.005957551300525665
52314112,0.006656900979578495
52330496,0.0038207685574889183
52346880,0.0019816840067505836
52363264,0.0024925004690885544
52379648,0.0032858001068234444
52396032,0.0031971102580428123
52412416,0.001417490653693676
52428800,0.0013582566753029823
52445184,0.0015915995463728905
52461568,0.004059873521327972
52477952,0.0032108640298247337
52494336,0.001497429795563221
52510720,0.002850346267223358
52527104,0.0031929882243275642
52543488,0.00254866573959589
52559872,0.0031919535249471664
52576256,0.0036669205874204636
52592640,0.0013137869536876678
52609024,0.0028092265129089355
52625408,0.000789412297308445
52641792,0.004276098683476448
52658176,0.004453292116522789
52674560,0.0025006113573908806
52690944,0.0015685735270380974
52707328,0.0019633257761597633
52723712,0.0019711684435606003
52740096,0.002627365291118622
52756480,0.0018292395398020744
52772864,0.0035660788416862488
52789248,0.0019340254366397858
52805632,0.004258474800735712
52822016,0.001323421485722065
52838400,0.0032966602593660355
52854784,0.003464275971055031
52871168,0.00519147515296936
52887552,0.005340106785297394
52903936,0.002147798426449299
52920320,0.0033500678837299347
52936704,0.0008815154433250427
52953088,0.0030301986262202263
52969472,0.0041603874415159225
52985856,0.0018692044541239738
53002240,0.003078250214457512
53018624,0.0034602517262101173
53035008,0.002625679597258568
53051392,0.0041547054424881935
53067776,0.001748478040099144
53084160,0.005197347141802311
53100544,0.004098531790077686
53116928,0.005119258537888527
53133312,0.0031827474012970924
53149696,0.0011640721932053566
53166080,0.0037179123610258102
53182464,0.002290532924234867
53198848,0.005157470703125
53215232,0.0017743082717061043
53231616,0.002676340751349926
53248000,0.003804677166044712
53264384,0.005506713874638081
53280768,0.0031475964933633804
53297152,0.002165934070944786
53313536,0.0028211483731865883
53329920,0.003037411719560623
53346304,0.0020891521126031876
53362688,0.0018441369757056236
53379072,0.002093205228447914
53395456,0.0027622776105999947
53411840,0.002688845619559288
53428224,0.002352895215153694
53444608,0.004699233453720808
53460992,0.0040876297280192375
53477376,0.0035944562405347824
53493760,0.003604307770729065
53510144,0.00266280397772789
53526528,0.0031431904062628746
53542912,0.001894574612379074
53559296,0.004254168830811977
53575680,0.005026574246585369
53592064,0.0036387015134096146
53608448,0.004409763962030411
53624832,0.003955545835196972
53641216,0.0019646617583930492
53657600,0.0026682401075959206
53673984,0.0038408879190683365
53690368,0.0015394501388072968
53706752,0.0015288293361663818
53723136,0.004423500970005989
53739520,0.004427164793014526
53755904,0.0017215958796441555
53772288,0.0038932478055357933
53788672,0.004841172136366367
53805056,0.003147020936012268
53821440,0.007443154230713844
53837824,0.004237523302435875
53854208,0.002896520309150219
53870592,0.002467609941959381
53886976,0.0018910467624664307
53903360,0.0038873115554451942
53919744,0.00205083005130291
53936128,0.00083536421880126
53952512,0.0026598097756505013
53968896,0.00489425752311945
53985280,0.002578173764050007
54001664,0.0035999976098537445
54018048,0.006324973423033953
54034432,0.003736911341547966
54050816,0.004288562573492527
54067200,0.0012339884415268898
54083584,0.0030675437301397324
54099968,0.0014526387676596642
54116352,0.0014621512964367867
54132736,0.003568011336028576
54149120,0.004180245101451874
54165504,0.004194658249616623
54181888,0.0017631910741329193
54198272,0.004546803887933493
54214656,0.004765394143760204
54231040,0.003929276019334793
54247424,0.003600248135626316
54263808,0.0017688581719994545
54280192,0.004136073403060436
54296576,0.002876785583794117
54312960,0.005679115653038025
54329344,0.002137521281838417
54345728,0.002903459593653679
54362112,0.0038878554478287697
54378496,0.00122054573148489
54394880,0.003286641091108322
54411264,0.003268432803452015
54427648,0.006834820844233036
54444032,0.004526145756244659
54460416,0.0035750707611441612
54476800,0.04482702538371086
54493184,0.00221122894436121
54509568,0.00205965805798769
54525952,0.002069014124572277
54542336,0.005718911997973919
54558720,0.0027370760217309
54575104,0.0021019773557782173
54591488,0.0032829754054546356
54607872,0.00944506749510765
54624256,0.003442496992647648
54640640,0.0022410759702324867
54657024,0.003493749536573887
54673408,0.0038825031369924545
54689792,0.0025824951007962227
54706176,0.0026392797008156776
54722560,0.002694970928132534
54738944,0.002649618312716484
54755328,0.003536711912602186
54771712,0.0033498266711831093
54788096,0.002824915573000908
54804480,0.0029921578243374825
54820864,0.002818790264427662
54837248,0.003273562528192997
54853632,0.005777861922979355
54870016,0.0032506240531802177
54886400,0.0017049526795744896
54902784,0.004250195808708668
54919168,0.003814057447016239
54935552,0.0028529223054647446
54951936,0.002538091503083706
54968320,0.0026642465963959694
54984704,0.0053595928475260735
55001088,0.0028615249320864677
55017472,0.0038392310962080956
55033856,0.002782784402370453
55050240,0.0019456800073385239
55066624,0.004588702693581581
55083008,0.0018425509333610535
55099392,0.0023641129955649376
55115776,0.004479360766708851
55132160,0.004030882380902767
55148544,0.005081256851553917
55164928,0.0020972779020667076
55181312,0.005252532660961151
55197696,0.0012233145534992218
55214080,0.003850719891488552
55230464,0.001329462043941021
55246848,0.002235453575849533
55263232,0.002984064631164074
55279616,0.003365985117852688
55296000,0.0012537464499473572
55312384,0.00727736484259367
55328768,0.002769642509520054
55345152,0.0007812771946191788
55361536,0.0015209643170237541
55377920,0.006148745305836201
55394304,0.0020181378349661827
55410688,0.004836861044168472
55427072,0.004328000359237194
55443456,0.0011526979506015778
55459840,0.006010495126247406
55476224,0.0029323184862732887
55492608,0.002838411368429661
55508992,0.007126149721443653
55525376,0.002489006146788597
55541760,0.002420380711555481
55558144,0.003633958287537098
55574528,0.008555416017770767
55590912,0.002243306487798691
55607296,0.0013540275394916534
55623680,0.002982289530336857
55640064,0.005002548918128014
55656448,0.0018550390377640724
55672832,0.002820768393576145
55689216,0.0033856919035315514
55705600,0.004918459802865982
55721984,0.003013845533132553
55738368,0.0059028323739767075
55754752,0.002127210609614849
55771136,0.002749493345618248
55787520,0.0019252533093094826
55803904,0.004855879582464695
55820288,0.0025119250640273094
55836672,0.005248558707535267
55853056,0.0019503990188241005
55869440,0.0031688082963228226
55885824,0.0035637207329273224
55902208,0.0033744219690561295
55918592,0.002001313492655754
55934976,0.002296975813806057
55951360,0.0031871749088168144
55967744,0.0035711564123630524
55984128,0.0029344847425818443
56000512,0.003204362466931343
56016896,0.001151042990386486
56033280,0.0033347681164741516
56049664,0.004147030413150787
56066048,0.0038409708067774773
56082432,0.0017343778163194656
56098816,0.003620721399784088
56115200,0.002963939681649208
56131584,0.004420521669089794
56147968,0.005400939844548702
56164352,0.0021545058116316795
56180736,0.004433463327586651
56197120,0.003625118173658848
56213504,0.006542107090353966
56229888,0.005389956757426262
56246272,0.006516267545521259
56262656,0.005356275476515293
56279040,0.0021727988496422768
56295424,0.0016354424878954887
56311808,0.0024004895240068436
56328192,0.002658880315721035
56344576,0.0029792189598083496
56360960,0.0022450489923357964
56377344,0.002906322479248047
56393728,0.003749566152691841
56410112,0.003606506623327732
56426496,0.009765679016709328
56442880,0.0033835191279649734
56459264,0.004959604702889919
56475648,0.004074004478752613
56492032,0.00484952237457037
56508416,0.001131085678935051
56524800,0.0008520707488059998
56541184,0.0033761579543352127
56557568,0.0006704851984977722
56573952,0.0037042954936623573
56590336,0.004385511390864849
56606720,0.0022517163306474686
56623104,0.003326193429529667
56639488,0.004004467278718948
56655872,0.005355590954422951
56672256,0.0034464802592992783
56688640,0.0017348797991871834
56705024,0.003928864374756813
56721408,0.005031853914260864
56737792,0.001851026900112629
56754176,0.004718448035418987
56770560,0.003421267494559288
56786944,0.004892672412097454
56803328,0.002290057949721813
56819712,0.00212089903652668
56836096,0.002240619622170925
56852480,0.0010450929403305054
56868864,0.0014072544872760773
56885248,0.005227452144026756
56901632,0.001408357173204422
56918016,0.0011733584105968475
56934400,0.0006451765075325966
56950784,0.002036137506365776
56967168,0.0016871737316250801
56983552,0.0023345062509179115
56999936,0.003969218581914902
57016320,0.0014175940304994583
57032704,0.002523987554013729
57049088,0.0024594468995928764
57065472,0.000960017554461956
57081856,0.001290932297706604
57098240,0.0005564922466874123
57114624,0.0012261662632226944
57131008,0.0037028640508651733
57147392,0.0020177653059363365
57163776,0.005373365245759487
57180160,0.0009478786960244179
57196544,0.0028416765853762627
57212928,0.0025871824473142624
57229312,0.0020884843543171883
57245696,0.005172478035092354
57262080,0.0028233807533979416
57278464,0.0022669825702905655
57294848,0.0026493947952985764
57311232,0.0032061804085969925
57327616,0.001176164485514164
57344000,0.0037947623059153557
57360384,0.0030314913019537926
57376768,0.0015981942415237427
57393152,0.0019350433722138405
57409536,0.0009052827954292297
57425920,0.002263854257762432
57442304,0.0016273483633995056
57458688,0.0035853562876582146
57475072,0.0034555336460471153
57491456,0.001702205277979374
57507840,0.002250165678560734
57524224,0.0031406739726662636
57540608,0.0009673293679952621
57556992,0.0009580934420228004
57573376,0.001616581343114376
57589760,0.0010088235139846802
57606144,0.002462933771312237
57622528,0.00204609427601099
57638912,0.0013263029977679253
57655296,0.004784747958183289
57671680,0.004234243184328079
57688064,0.0012354375794529915
57704448,0.0013829488307237625
57720832,0.0011535538360476494
57737216,0.003488462418317795
57753600,0.0009145773947238922
57769984,0.0024525411427021027
57786368,0.002598579041659832
57802752,0.0029608886688947678
57819136,0.0030662529170513153
57835520,0.00180037971585989
57851904,0.004033337347209454
57868288,0.001969296485185623
57884672,0.0010699424892663956
57901056,0.002992747351527214
57917440,0.0011184187605977058
57933824,0.0014211982488632202
57950208,0.004224776290357113
57966592,0.0015958920121192932
57982976,0.0015031266957521439
57999360,0.006024263799190521
58015744,0.0036424174904823303
58032128,0.006481599994003773
58048512,0.0013688113540410995
58064896,0.0023716017603874207
58081280,0.0014623543247580528
58097664,0.0028815651312470436
58114048,0.00452553853392601
58130432,0.002307126298546791
58146816,0.0032548103481531143
58163200,0.001758563332259655
58179584,0.007192580029368401
58195968,0.003771355375647545
58212352,0.002813621424138546
58228736,0.0022425707429647446
58245120,0.002623540349304676
58261504,0.003106743097305298
58277888,0.001736546866595745
58294272,0.004864414222538471
58310656,0.00513513945043087
58327040,0.0018147146329283714
58343424,0.0023255860432982445
58359808,0.0031049279496073723
58376192,0.0014327224344015121
58392576,0.002128678373992443
58408960,0.0014243638142943382
58425344,0.0023582614958286285
58441728,0.0012131789699196815
58458112,0.0024086562916636467
58474496,0.003808276727795601
58490880,0.002571720629930496
58507264,0.003122115507721901
58523648,0.001990456134080887
58540032,0.006363123655319214
58556416,0.004847249947488308
58572800,0.004235192202031612
58589184,0.002440039999783039
58605568,0.001528778113424778
58621952,0.004712261259555817
58638336,0.0033921562135219574
58654720,0.001049811951816082
58671104,0.0019274037331342697
58687488,0.0015856623649597168
58703872,0.008455070666968822
58720256,0.0032155225053429604
58736640,0.0018273983150720596
58753024,0.002679063007235527
58769408,0.0018084114417433739
58785792,0.0028764214366674423
58802176,0.0068253688514232635
58818560,0.00550770852714777
58834944,0.0038194963708519936
58851328,0.0011294549331068993
58867712,0.003431296907365322
58884096,0.002931739203631878
58900480,0.0033882642164826393
58916864,0.009438558481633663
58933248,0.002802208997309208
58949632,0.0015977788716554642
58966016,0.002896052785217762
58982400,0.0021462859585881233
58998784,0.0016042105853557587
59015168,0.00633836816996336
59031552,0.0028924979269504547
59047936,0.0031540924683213234
59064320,0.006607802584767342
59080704,0.0037789838388562202
59097088,0.006399004720151424
59113472,0.003041761927306652
59129856,0.0033441418781876564
59146240,0.0019038189202547073
59162624,0.021373990923166275
59179008,0.0017438121140003204
59195392,0.002359345555305481
59211776,0.004318345338106155
59228160,0.0020191706717014313
59244544,0.0032589882612228394
59260928,0.0046563781797885895
59277312,0.0016500921919941902
59293696,0.0020630788058042526
59310080,0.003402586095035076
59326464,0.002009221352636814
59342848,0.0013306764885783195
59359232,0.002104736864566803
59375616,0.0006697122007608414
59392000,0.0015787286683917046
59408384,0.0019580256193876266
59424768,0.001338939182460308
59441152,0.003651214763522148
59457536,0.0034856684505939484
59473920,0.0025501586496829987
59490304,0.002292017452418804
59506688,0.004129957407712936
59523072,0.001912171021103859
59539456,0.0016592303290963173
59555840,0.002670859917998314
59572224,0.0016468605026602745
59588608,0.0038133589550852776
59604992,0.005033670924603939
59621376,0.003102787770330906
59637760,0.0014634821563959122
59654144,0.0015296479687094688
59670528,0.0022112587466835976
59686912,0.001552303321659565
59703296,0.002381008118391037
59719680,0.005280419252812862
59736064,0.0034314384683966637
59752448,0.0013894513249397278
59768832,0.005356398411095142
59785216,0.0015298565849661827
59801600,0.0019568856805562973
59817984,0.0013479683548212051
59834368,0.0027933847159147263
59850752,0.004687239415943623
59867136,0.0024540238082408905
59883520,0.002656634896993637
59899904,0.0011096419766545296
59916288,0.004507310688495636
59932672,0.0029797637835144997
59949056,0.0010326206684112549
59965440,0.001363757997751236
59981824,0.004766106605529785
59998208,0.002824590541422367
60014592,0.0018182583153247833
60030976,0.0017931964248418808
60047360,0.001242680475115776
60063744,0.002362636849284172
60080128,0.004051610827445984
60096512,0.0029497314244508743
60112896,0.000642135739326477
60129280,0.001658179797232151
60145664,0.002311856485903263
60162048,0.003502417355775833
60178432,0.004955570213496685
60194816,0.0023653972893953323
60211200,0.0016552731394767761
60227584,0.002771971747279167
60243968,0.002462017349898815
60260352,0.0028480198234319687
60276736,0.003575342707335949
60293120,0.0029792748391628265
60309504,0.0036993026733398438
60325888,0.001752522774040699
60342272,0.0019236039370298386
60358656,0.0032521719112992287
60375040,0.004791065119206905
60391424,0.001501067541539669
60407808,0.0028629666194319725
60424192,0.004660868085920811
60440576,0.0023568840697407722
60456960,0.0063082193955779076
60473344,0.002257663756608963
60489728,0.0026773279532790184
60506112,0.002734830603003502
60522496,0.00188494473695755
60538880,0.0007638195529580116
60555264,0.002316669560968876
60571648,0.0024721911177039146
60588032,0.010993674397468567
60604416,0.0009468765929341316
60620800,0.001126803457736969
60637184,0.0026286719366908073
60653568,0.0028375014662742615
60669952,0.00601248349994421
60686336,0.001401662826538086
60702720,0.002909488044679165
60719104,0.0030417675152420998
60735488,0.0027680452913045883
60751872,0.005286719650030136
60768256,0.00222025066614151
60784640,0.00263325497508049
60801024,0.0032687587663531303
60817408,0.0024990011006593704
60833792,0.001718146726489067
60850176,0.006265068426728249
60866560,0.0016467384994029999
60882944,0.003305467776954174
60899328,0.004812689498066902
60915712,0.0022365422919392586
60932096,0.007021312601864338
60948480,0.003871041350066662
60964864,0.0023501571267843246
60981248,0.005013425834476948
60997632,0.0032333778217434883
61014016,0.006637235172092915
61030400,0.005360973998904228
61046784,0.0057466281577944756
61063168,0.0026613669469952583
61079552,0.003291405737400055
61095936,0.0025266269221901894
61112320,0.0017888443544507027
61128704,0.0037867845967411995
61145088,0.0014448734000325203
61161472,0.0028667300939559937
61177856,0.0009149583056569099
61194240,0.0024733394384384155
61210624,0.0020420094951987267
61227008,0.005025506019592285
61243392,0.004202092997729778
61259776,0.002842259593307972
61276160,0.002530708909034729
61292544,0.003473888151347637
61308928,0.0036590788513422012
61325312,0.002354273572564125
61341696,0.0016940943896770477
61358080,0.0032629435881972313
61374464,0.0037134038284420967
61390848,0.0032568052411079407
61407232,0.002514805644750595
61423616,0.0018363716080784798
61440000,0.0024096956476569176
61456384,0.00319089088588953
61472768,0.004162776283919811
61489152,0.002057715319097042
61505536,0.0037320535629987717
61521920,0.0015246663242578506
61538304,0.006155543960630894
61554688,0.0036426568403840065
61571072,0.0028340723365545273
61587456,0.003643064759671688
61603840,0.005309287458658218
61620224,0.0012953709810972214
61636608,0.0029640700668096542
61652992,0.0032388856634497643
61669376,0.0038395626470446587
61685760,0.00605230126529932
61702144,0.002387816086411476
61718528,0.0023820167407393456
61734912,0.0006609167903661728
61751296,0.004378286190330982
61767680,0.0023559359833598137
61784064,0.002290605567395687
61800448,0.0021591326221823692
61816832,0.0020731743425130844
61833216,0.003375866450369358
61849600,0.0016351453959941864
61865984,0.003865303471684456
61882368,0.003001161850988865
61898752,0.0029728906229138374
61915136,0.0029645655304193497
61931520,0.005149685777723789
61947904,0.005686336196959019
61964288,0.00251811183989048
61980672,0.004408650100231171
61997056,0.0028647761791944504
62013440,0.0024320734664797783
62029824,0.006566599011421204
62046208,0.002705720253288746
62062592,0.006466680206358433
62078976,0.002704971469938755
62095360,0.003212660551071167
62111744,0.005895696580410004
62128128,0.004717299714684486
62144512,0.0026925429701805115
62160896,0.006823064759373665
62177280,0.007230709306895733
62193664,0.0011884896084666252
62210048,0.002229095436632633
62226432,0.003922050818800926
62242816,0.0011608442291617393
62259200,0.003355756402015686
62275584,0.003510846756398678
62291968,0.004756401292979717
62308352,0.0030789393931627274
62324736,0.005337259732186794
62341120,0.0023036468774080276
62357504,0.0012593436986207962
62373888,0.003991292789578438
62390272,0.0030107293277978897
62406656,0.009272892028093338
62423040,0.003012353554368019
62439424,0.004529518075287342
62455808,0.0009608473628759384
62472192,0.0025960272178053856
62488576,0.0033313576132059097
62504960,0.00398308876901865
62521344,0.003381012938916683
62537728,0.0021732617169618607
62554112,0.004471049644052982
62570496,0.016081372275948524
62586880,0.001962178386747837
62603264,0.0031132157891988754
62619648,0.0032549286261200905
62636032,0.004360789433121681
62652416,0.003955830819904804
62668800,0.007053232751786709
62685184,0.002208452671766281
62701568,0.0022539161145687103
62717952,0.00332743301987648
62734336,0.0018009636551141739
62750720,0.005564781837165356
62767104,0.002621445804834366
62783488,0.002950199879705906
62799872,0.002574627287685871
62816256,0.004723706282675266
62832640,0.0005762483924627304
62849024,0.005957587622106075
62865408,0.004017834551632404
62881792,0.0073606111109256744
62898176,0.005917618982493877
62914560,0.002433900721371174
62930944,0.0022804001346230507
62947328,0.002588246949017048
62963712,0.002150873187929392
62980096,0.003130854107439518
62996480,0.0030687469989061356
63012864,0.005852390080690384
63029248,0.0028609363362193108
63045632,0.004069033078849316
63062016,0.006873985752463341
63078400,0.0034784534946084023
63094784,0.0028398167341947556
63111168,0.002513216808438301
63127552,0.0022891638800501823
63143936,0.0026930104941129684
63160320,0.004540305584669113
63176704,0.0045193862169981
63193088,0.0019543347880244255
63209472,0.00281613040715456
63225856,0.006698421202600002
63242240,0.0023757275193929672
63258624,0.005639782175421715
63275008,0.004723571240901947
63291392,0.0016950620338320732
63307776,0.00430102925747633
63324160,0.0046119168400764465
63340544,0.0023375535383820534
63356928,0.00573328323662281
63373312,0.002485034056007862
63389696,0.0049461498856544495
63406080,0.005870267748832703
63422464,0.002252030186355114
63438848,0.002178349532186985
63455232,0.002452949993312359
63471616,0.0026413965970277786
63488000,0.004808332771062851
63504384,0.004179397597908974
63520768,0.004585816524922848
63537152,0.003951039165258408
63553536,0.003168344497680664
63569920,0.0015439577400684357
63586304,0.00496098306030035
63602688,0.0021216431632637978
63619072,0.0027582719922065735
63635456,0.0035398490726947784
63651840,0.005247383378446102
63668224,0.002775457687675953
63684608,0.002397339791059494
63700992,0.002279532141983509
63717376,0.006096706725656986
63733760,0.003228561021387577
63750144,0.0015040198341012
63766528,0.0034066438674926758
63782912,0.004460669122636318
63799296,0.002479533664882183
63815680,0.0015847878530621529
63832064,0.005070628598332405
63848448,0.0019945893436670303
63864832,0.004424785263836384
63881216,0.004207901656627655
63897600,0.004178513772785664
63913984,0.002080135978758335
63930368,0.0029715802520513535
63946752,0.0027731331065297127
63963136,0.0014334525913000107
63979520,0.004677032120525837
63995904,0.005301308818161488
64012288,0.0040386999025940895
64028672,0.0013278014957904816
64045056,0.002207007259130478
64061440,0.0029062237590551376
64077824,0.001854180358350277
64094208,0.002451624721288681
64110592,0.001794261857867241
64126976,0.004269685596227646
64143360,0.0019208379089832306
64159744,0.00329800508916378
64176128,0.003896479494869709
64192512,0.0026782499626278877
64208896,0.0037721246480941772
64225280,0.0015271278098225594
64241664,0.0012244712561368942
64258048,0.004053058102726936
64274432,0.001551782712340355
64290816,0.001684870570898056
64307200,0.0021276185289025307
64323584,0.0036194156855344772
64339968,0.0026916293427348137
64356352,0.0028254128992557526
64372736,0.0015684766694903374
64389120,0.0023734895512461662
64405504,0.002639216370880604
64421888,0.0033815866336226463
64438272,0.006261099129915237
64454656,0.001925816759467125
64471040,0.0021063853055238724
64487424,0.005483304150402546
64503808,0.0017270906828343868
64520192,0.0031336182728409767
64536576,0.0024799462407827377
64552960,0.0037930095568299294
64569344,0.001417551189661026
64585728,0.004690186120569706
64602112,0.0031417347490787506
64618496,0.004502142779529095
64634880,0.0033183451741933823
64651264,0.0027418602257966995
64667648,0.001370907761156559
64684032,0.003811451606452465
64700416,0.0017738547176122665
64716800,0.002343599684536457
64733184,0.003139389678835869
64749568,0.00357038713991642
64765952,0.002428530715405941
64782336,0.0030389921739697456
64798720,0.0023813219740986824
64815104,0.004967230372130871
64831488,0.002371077425777912
64847872,0.0023492481559515
64864256,0.0027599502354860306
64880640,0.002256672829389572
64897024,0.008781086653470993
64913408,0.0037318887189030647
64929792,0.0039025573059916496
64946176,0.0022782403975725174
64962560,0.009790880605578423
64978944,0.004913344047963619
64995328,0.0013989061117172241
65011712,0.0021399129182100296
65028096,0.005405128933489323
65044480,0.0031465794891119003
65060864,0.004361923784017563
65077248,0.0045975856482982635
65093632,0.003175194375216961
65110016,0.0030969101935625076
65126400,0.0013839565217494965
65142784,0.002003265544772148
65159168,0.004262947477400303
65175552,0.002416865900158882
65191936,0.0026886090636253357
65208320,0.004768128506839275
65224704,0.003733161836862564
65241088,0.0018906649202108383
65257472,0.004142097197473049
65273856,0.0023111077025532722
65290240,0.003294707275927067
65306624,0.002057948149740696
65323008,0.003704913891851902
65339392,0.0016470132395625114
65355776,0.0028892969712615013
65372160,0.003000587224960327
65388544,0.002517901360988617
65404928,0.005893636494874954
65421312,0.0015516215935349464
65437696,0.0024867551401257515
65454080,0.002275235950946808
65470464,0.003536876291036606
65486848,0.002501200884580612
65503232,0.0015945332124829292
65519616,0.001413506455719471
65536000,0.0020212549716234207
65552384,0.0025546252727508545
65568768,0.0010354463011026382
65585152,0.0030825547873973846
65601536,0.005175506696105003
65617920,0.01358985248953104
65634304,0.003154633566737175
65650688,0.0075987232849001884
65667072,0.0017109811305999756
65683456,0.0020157508552074432
65699840,0.006504343822598457
65716224,0.004645213484764099
65732608,0.009601406753063202
65748992,0.004858269356191158
65765376,0.002585534006357193
65781760,0.002428530715405941
65798144,0.0022903839126229286
65814528,0.003188944421708584
65830912,0.0029393741860985756
65847296,0.0020628944039344788
65863680,0.0031171105802059174
65880064,0.004448314197361469
65896448,0.0037290770560503006
65912832,0.00284369383007288
65929216,0.0033686114475131035
65945600,0.0038362666964530945
65961984,0.0038886358961462975
65978368,0.007424339652061462
65994752,0.003914068453013897
66011136,0.0036849603056907654
66027520,0.00468346755951643
66043904,0.003750908188521862
66060288,0.002646150067448616
66076672,0.0018286928534507751
66093056,0.002607150934636593
66109440,0.002365333028137684
66125824,0.0012643737718462944
66142208,0.002100282348692417
66158592,0.0020275330170989037
66174976,0.0018520550802350044
66191360,0.0038307122886180878
66207744,0.0037411442026495934
66224128,0.00299803726375103
66240512,0.0020735356956720352
66256896,0.008126538246870041
66273280,0.004386547952890396
66289664,0.0031454386189579964
66306048,0.002569434233009815
66322432,0.004776223562657833
66338816,0.004299693740904331
66355200,0.005501816049218178
66371584,0.0011483924463391304
66387968,0.0014715120196342468
66404352,0.007454732432961464
66420736,0.0036266278475522995
66437120,0.003800521604716778
66453504,0.0021508503705263138
66469888,0.005081461742520332
66486272,0.0031380923464894295
66502656,0.0030968952924013138
66519040,0.004490559920668602
66535424,0.0011003008112311363
66551808,0.0029042838141322136
66568192,0.0034545520320534706
66584576,0.0018520737066864967
66600960,0.0012547839432954788
66617344,0.004536214284598827
66633728,0.002190695144236088
66650112,0.0027490071952342987
66666496,0.0016031479462981224
66682880,0.0039160288870334625
66699264,0.002995956689119339
66715648,0.0036797160282731056
66732032,0.0031264284625649452
66748416,0.003027094528079033
66764800,0.002992415800690651
66781184,0.000871674157679081
66797568,0.0020508132874965668
66813952,0.0013985354453325272
66830336,0.0030740350484848022
66846720,0.0012712739408016205
66863104,0.0010382914915680885
66879488,0.002186414785683155
66895872,0.005789634771645069
66912256,0.001023774966597557
66928640,0.002162732183933258
66945024,0.0018464801833033562
66961408,0.002674517221748829
66977792,0.006049567833542824
66994176,0.0013108234852552414
67010560,0.00512155145406723
67026944,0.003134682774543762
67043328,0.002311048097908497
67059712,0.006409723311662674
67076096,0.0022948486730456352
67092480,0.001294081099331379
67108864,0.002735499292612076
67125248,0.003516971133649349
67141632,0.004280631430447102
67158016,0.008014854043722153
67174400,0.0026251310482621193
67190784,0.0022580353543162346
67207168,0.0026676636189222336
67223552,0.0015498893335461617
67239936,0.003175226040184498
67256320,0.003074405714869499
67272704,0.0036556608974933624
67289088,0.001819077879190445
67305472,0.004552975296974182
67321856,0.004497594200074673
67338240,0.0017204340547323227
67354624,0.0032235300168395042
67371008,0.0022858912125229836
67387392,0.002041218802332878
67403776,0.0020723743364214897
67420160,0.002297782339155674
67436544,0.005006012506783009
67452928,0.002629336901009083
67469312,0.004422110505402088
67485696,0.00633468572050333
67502080,0.0022107362747192383
67518464,0.002488788217306137
67534848,0.0026275310665369034
67551232,0.002940780483186245
67567616,0.005650912411510944
67584000,0.00292913056910038
67600384,0.004851245321333408
67616768,0.002148701809346676
67633152,0.0025276122614741325
67649536,0.005006082355976105
67665920,0.003460022620856762
67682304,0.005639603361487389
67698688,0.0026727309450507164
67715072,0.001978912390768528
67731456,0.0029936861246824265
67747840,0.0027338480576872826
67764224,0.005441643297672272
67780608,0.00210463535040617
67796992,0.004783312790095806
67813376,0.0021866261959075928
67829760,0.003224083222448826
67846144,0.002891520969569683
67862528,0.0030377721413969994
67878912,0.0021173469722270966
67895296,0.0018539205193519592
67911680,0.0029129870235919952
67928064,0.0011766189709305763
67944448,0.003390062600374222
67960832,0.0027969852089881897
67977216,0.004830033518373966
67993600,0.00440836139023304
68009984,0.002894473262131214
68026368,0.00425286591053009
68042752,0.003603937104344368
68059136,0.0027228770777583122
68075520,0.006565937772393227
68091904,0.006267880089581013
68108288,0.0031462591141462326
68124672,0.0020581185817718506
68141056,0.0028677601367235184
68157440,0.0031944112852215767
68173824,0.0019018249586224556
68190208,0.0006558094173669815
68206592,0.002482278272509575
68222976,0.0021537495777010918
68239360,0.003562753088772297
68255744,0.0014331899583339691
68272128,0.002969813533127308
68288512,0.0018245736137032509
68304896,0.0017180396243929863
68321280,0.0032884888350963593
68337664,0.004708823747932911
68354048,0.0035475334152579308
68370432,0.001636425033211708
68386816,0.007990340702235699
68403200,0.001409570686519146
68419584,0.0017947768792510033
68435968,0.0036696316674351692
68452352,0.002050618641078472
68468736,0.0026140008121728897
68485120,0.0019306084141135216
68501504,0.002497437410056591
68517888,0.002767893485724926
68534272,0.006618143059313297
68550656,0.005432710982859135
68567040,0.0022223815321922302
68583424,0.003386799246072769
68599808,0.004060489125549793
68616192,0.002030649222433567
68632576,0.0016786418855190277
68648960,0.00334230437874794
68665344,0.00579193327575922
68681728,0.006283357739448547
68698112,0.0025979550555348396
68714496,0.002045038156211376
68730880,0.0034961262717843056
68747264,0.002384723164141178
68763648,0.0021880269050598145
68780032,0.0033656517043709755
68796416,0.0029911836609244347
68812800,0.003952286206185818
68829184,0.002962377853691578
68845568,0.001521104946732521
68861952,0.0014522355049848557
68878336,0.0025473702698946
68894720,0.0024779820814728737
68911104,0.002032495103776455
68927488,0.004862284287810326
68943872,0.0026519373059272766
68960256,0.004369535483419895
68976640,0.002737581729888916
68993024,0.006845529191195965
69009408,0.004377066157758236
69025792,0.005859267897903919
69042176,0.0016461173072457314
69058560,0.0046340087428689
69074944,0.0018991651013493538
69091328,0.0012551546096801758
69107712,0.004219453781843185
69124096,0.002093185670673847
69140480,0.0032633906230330467
69156864,0.004364096559584141
69173248,0.0034515857696533203
69189632,0.0016243122518062592
69206016,0.008398639038205147
69222400,0.00571923702955246
69238784,0.003012946806848049
69255168,0.006071880459785461
69271552,0.006367743946611881
69287936,0.0046657659113407135
69304320,0.0026070652529597282
69320704,0.005265095271170139
69337088,0.007402442395687103
69353472,0.0024520307779312134
69369856,0.002596164122223854
69386240,0.003922139294445515
69402624,0.0012604687362909317
69419008,0.001713782548904419
69435392,0.004830251447856426
69451776,0.0070664891973137856
69468160,0.004089766182005405
69484544,0.004622874781489372
69500928,0.005580774508416653
69517312,0.0029003191739320755
69533696,0.002226920798420906
69550080,0.0018575536087155342
69566464,0.0020114919170737267
69582848,0.004633588716387749
69599232,0.0049330247566103935
69615616,0.0017049117013812065
69632000,0.002723400481045246
69648384,0.002375737763941288
69664768,0.002659373916685581
69681152,0.007253881543874741
69697536,0.0020940443500876427
69713920,0.008188186213374138
69730304,0.0032929368317127228
69746688,0.006538690067827702
69763072,0.004152556881308556
69779456,0.006229998543858528
69795840,0.0052631571888923645
69812224,0.0034429458901286125
69828608,0.0033232728019356728
69844992,0.006839779205620289
69861376,0.0037597566843032837
69877760,0.002276778221130371
69894144,0.0025787390768527985
69910528,0.0030890628695487976
69926912,0.009736455976963043
69943296,0.004080342128872871
69959680,0.0031229136511683464
69976064,0.0036903442814946175
69992448,0.0016765408217906952
70008832,0.004206149838864803
70025216,0.007917934097349644
70041600,0.005196739919483662
70057984,0.005171184428036213
70074368,0.006184075027704239
70090752,0.0035087810829281807
70107136,0.002917828969657421
70123520,0.0032614460214972496
70139904,0.005727729760110378
70156288,0.0021744174882769585
70172672,0.006154504604637623
70189056,0.003649733029305935
70205440,0.0019912943243980408
70221824,0.0008653411641716957
70238208,0.002414778806269169
70254592,0.0025168033316731453
70270976,0.0017408812418580055
70287360,0.002989291213452816
70303744,0.0012974515557289124
70320128,0.0018292730674147606
70336512,0.003539668396115303
70352896,0.001202126033604145
70369280,0.0024680504575371742
70385664,0.005030399188399315
70402048,0.0059734852984547615
70418432,0.0032351594418287277
70434816,0.0023927101865410805
70451200,0.0023399237543344498
70467584,0.0018454547971487045
70483968,0.0016766078770160675
70500352,0.002767043188214302
70516736,0.0007795123383402824
70533120,0.006571266800165176
70549504,0.004959041252732277
70565888,0.005225689150393009
70582272,0.002079816535115242
70598656,0.001371392048895359
70615040,0.006571147590875626
70631424,0.007282152771949768
70647808,0.002318131737411022
70664192,0.003259509801864624
70680576,0.0027918843552470207
70696960,0.005424583330750465
70713344,0.002666003070771694
70729728,0.0034213969483971596
70746112,0.0020998893305659294
70762496,0.0020448248833417892
70778880,0.0036557037383317947
70795264,0.003088175319135189
70811648,0.003745730035007
70828032,0.003327983431518078
70844416,0.002823152579367161
70860800,0.004913811571896076
70877184,0.006704974919557571
70893568,0.004859075881540775
70909952,0.002646711654961109
70926336,0.002577698789536953
70942720,0.004317117854952812
70959104,0.005221273750066757
70975488,0.0017643608152866364
70991872,0.002620372921228409
71008256,0.0039058011025190353
71024640,0.005065898410975933
71041024,0.0029021892696619034
71057408,0.0025027859956026077
71073792,0.002201491966843605
71090176,0.004064533859491348
71106560,0.0028610844165086746
71122944,0.002432827837765217
71139328,0.0020819157361984253
71155712,0.003553359769284725
71172096,0.0032096607610583305
71188480,0.002478218637406826
71204864,0.002679324708878994
71221248,0.0019319690763950348
71237632,0.002392030321061611
71254016,0.001965531148016453
71270400,0.00820637121796608
71286784,0.005801673047244549
71303168,0.006617944687604904
71319552,0.0019226698204874992
71335936,0.0012785689905285835
71352320,0.001042347401380539
71368704,0.003115372732281685
71385088,0.002770344726741314
71401472,0.002130289562046528
71417856,0.00213422067463398
71434240,0.005286714062094688
71450624,0.0013244012370705605
71467008,0.002318399026989937
71483392,0.004988541826605797
71499776,0.0019483640789985657
71516160,0.004063829779624939
71532544,0.002633107826113701
71548928,0.0022933846339583397
71565312,0.003140854649245739
71581696,0.002078864723443985
71598080,0.0015645548701286316
71614464,0.00361783429980278
71630848,0.004186639562249184
71647232,0.0032142363488674164
71663616,0.004700773395597935
71680000,0.0025124838575720787
71696384,0.002911432646214962
71712768,0.002784703392535448
71729152,0.0026849815621972084
71745536,0.008244977332651615
71761920,0.0015852106735110283
71778304,0.002878619357943535
71794688,0.002532658167183399
71811072,0.003721829503774643
71827456,0.0018624961376190186
71843840,0.0040708184242248535
71860224,0.005055472254753113
71876608,0.007668965496122837
71892992,0.0027767494320869446
71909376,0.0042810458689928055
71925760,0.00366348959505558
71942144,0.0033846506848931313
71958528,0.00232597254216671
71974912,0.006265047937631607
71991296,0.002221539616584778
72007680,0.0038905804976820946
72024064,0.001937922090291977
72040448,0.0011538956314325333
72056832,0.004208941012620926
72073216,0.0033393949270248413
72089600,0.003643373027443886
72105984,0.0029603829607367516
72122368,0.0069255344569683075
72138752,0.004927247762680054
72155136,0.005003741942346096
72171520,0.003766128793358803
72187904,0.0025581447407603264
72204288,0.004253240302205086
72220672,0.003098268061876297
72237056,0.001513458788394928
72253440,0.002266175113618374
72269824,0.0029322924092411995
72286208,0.002706916071474552
72302592,0.0018542073667049408
72318976,0.004022439010441303
72335360,0.0011439891532063484
72351744,0.006715874187648296
72368128,0.0029114708304405212
72384512,0.004892479628324509
72400896,0.0030433787032961845
72417280,0.001390489749610424
72433664,0.001967012882232666
72450048,0.0037225978448987007
72466432,0.0038662059232592583
72482816,0.005114613100886345
72499200,0.0031589651480317116
72515584,0.005413424223661423
72531968,0.004692412912845612
72548352,0.0022533368319272995
72564736,0.003549152985215187
72581120,0.0018115350976586342
72597504,0.0021090423688292503
72613888,0.004994542337954044
72630272,0.0017996057868003845
72646656,0.004051654599606991
72663040,0.003866049461066723
72679424,0.0039121005684137344
72695808,0.0035975510254502296
72712192,0.0015583382919430733
72728576,0.0024534882977604866
72744960,0.002212611958384514
72761344,0.002048693597316742
72777728,0.0011636363342404366
72794112,0.0013850042596459389
72810496,0.002314884215593338
72826880,0.0018506543710827827
72843264,0.0011222250759601593
72859648,0.0029109716415405273
72876032,0.0030546635389328003
72892416,0.003198860213160515
72908800,0.0032485565170645714
72925184,0.002849537879228592
72941568,0.004915604367852211
72957952,0.002777879126369953
72974336,0.0013294573873281479
72990720,0.003131166100502014
73007104,0.0035622501745820045
73023488,0.0037272004410624504
73039872,0.0021156510338187218
73056256,0.00365331768989563
73072640,0.0017663603648543358
73089024,0.006276811473071575
73105408,0.0023314449936151505
73121792,0.005773191340267658
73138176,0.0031898897141218185
73154560,0.0035510677844285965
73170944,0.0018886663019657135
73187328,0.004587292671203613
73203712,0.0028942404314875603
73220096,0.007090326398611069
73236480,0.0021101394668221474
73252864,0.004169125109910965
73269248,0.003097470849752426
73285632,0.001706726849079132
73302016,0.0032834643498063087
73318400,0.003958826884627342
73334784,0.002445555292069912
73351168,0.0051017142832279205
73367552,0.005365447141230106
73383936,0.004671723581850529
73400320,0.001516583375632763
73416704,0.001849580556154251
73433088,0.004937717691063881
73449472,0.002925681881606579
73465856,0.0018752804026007652
73482240,0.0021787118166685104
73498624,0.0013332823291420937
73515008,0.0009943526238203049
73531392,0.003249739296734333
73547776,0.0028468063101172447
73564160,0.006990484893321991
73580544,0.003903220407664776
73596928,0.005051083862781525
73613312,0.0017085103318095207
73629696,0.0016001369804143906
73646080,0.003280648961663246
73662464,0.004190503619611263
73678848,0.0017216987907886505
73695232,0.0034325607120990753
73711616,0.0024455441161990166
73728000,0.0019530430436134338
73744384,0.0020787641406059265
73760768,0.003060765564441681
73777152,0.0035985568538308144
73793536,0.005652617663145065
73809920,0.003210199996829033
73826304,0.004485222510993481
73842688,0.0037187589332461357
73859072,0.0016760295256972313
73875456,0.002023826353251934
73891840,0.0019446732476353645
73908224,0.0011225249618291855
73924608,0.0013688281178474426
73940992,0.0012973565608263016
73957376,0.0038221394643187523
73973760,0.0034456895664334297
73990144,0.0016892552375793457
74006528,0.0017920797690749168
74022912,0.0032711243256926537
74039296,0.0035272175446152687
74055680,0.002623084932565689
74072064,0.002137143164873123
74088448,0.003223021514713764
74104832,0.0023267436772584915
74121216,0.004980010911822319
74137600,0.0007253978401422501
74153984,0.002677585929632187
74170368,0.0031604385003447533
74186752,0.0028899749740958214
74203136,0.0025026053190231323
74219520,0.0020900797098875046
74235904,0.0018132030963897705
74252288,0.0015843817964196205
74268672,0.0031425319612026215
74285056,0.0051276469603180885
74301440,0.0016572726890444756
74317824,0.0019282307475805283
74334208,0.0019863564521074295
74350592,0.003771224059164524
74366976,0.0036161374300718307
74383360,0.0025354521349072456
74399744,0.0027895160019397736
74416128,0.0014685271307826042
74432512,0.0008389847353100777
74448896,0.0025736577808856964
74465280,0.0014727013185620308
74481664,0.00488661602139473
74498048,0.004216906614601612
74514432,0.008616194128990173
74530816,0.006708536297082901
74547200,0.0029231514781713486
74563584,0.0018424149602651596
74579968,0.0055213915184140205
74596352,0.0037108110263943672
74612736,0.001071530394256115
74629120,0.0078100040555000305
74645504,0.005204843357205391
74661888,0.0029740668833255768
74678272,0.004458296112716198
74694656,0.004095970652997494
74711040,0.004953690804541111
74727424,0.0009834570810198784
74743808,0.00588434562087059
74760192,0.007009108550846577
74776576,0.0046679191291332245
74792960,0.0036278190091252327
74809344,0.003875860944390297
74825728,0.004228746518492699
74842112,0.0032227616757154465
74858496,0.0012958301231265068
74874880,0.0027307337149977684
74891264,0.006337927654385567
74907648,0.0010300800204277039
74924032,0.003235465846955776
74940416,0.002371532842516899
74956800,0.001481856219470501
74973184,0.0035854466259479523
74989568,0.002631865441799164
75005952,0.000664539635181427
75022336,0.0011926935985684395
75038720,0.0017243614420294762
75055104,0.0009940201416611671
75071488,0.0013931775465607643
75087872,0.0017197374254465103
75104256,0.005503078922629356
75120640,0.0035636629909276962
75137024,0.0029363278299570084
75153408,0.001133573241531849
75169792,0.0029668686911463737
75186176,0.0015472862869501114
75202560,0.003434920683503151
75218944,0.001798815093934536
75235328,0.0014048386365175247
75251712,0.005346726626157761
75268096,0.005044396035373211
75284480,0.0008846214041113853
75300864,0.0018720021471381187
75317248,0.005358763970434666
75333632,0.0014196662232279778
75350016,0.0022598179057240486
75366400,0.0039679910987615585
75382784,0.004312955774366856
75399168,0.0023211240768432617
75415552,0.003934796899557114
75431936,0.005509026348590851
75448320,0.005247911438345909
75464704,0.0024964120239019394
75481088,0.001771632581949234
75497472,0.0030276337638497353
75513856,0.0025606146082282066
75530240,0.007441331632435322
75546624,0.002428947016596794
75563008,0.0016572289168834686
75579392,0.0011604391038417816
75595776,0.0032755769789218903
75612160,0.002937672659754753
75628544,0.002477852627635002
75644928,0.00213418435305357
75661312,0.0032362397760152817
75677696,0.006825704127550125
75694080,0.004525236785411835
75710464,0.0027900943532586098
75726848,0.0018821768462657928
75743232,0.003906461410224438
75759616,0.003017156384885311
75776000,0.003076271153986454
75792384,0.0018818443641066551
75808768,0.012533769942820072
75825152,0.0038590561598539352
75841536,0.0030922451987862587
75857920,0.00462059210985899
75874304,0.0030876994132995605
75890688,0.0024161264300346375
75907072,0.0013137441128492355
75923456,0.0038964329287409782
75939840,0.003046903759241104
75956224,0.006923035718500614
75972608,0.0017014779150485992
75988992,0.0030833808705210686
76005376,0.005673513747751713
76021760,0.004400145262479782
76038144,0.0037939148023724556
76054528,0.0038525229319930077
76070912,0.0024849707260727882
76087296,0.007351886481046677
76103680,0.006016218103468418
76120064,0.0022513242438435555
76136448,0.0036106519401073456
76152832,0.00158013217151165
76169216,0.003353365696966648
76185600,0.0033497279509902
76201984,0.003583303652703762
76218368,0.0021566301584243774
76234752,0.004516339860856533
76251136,0.0036077359691262245
76267520,0.006199200637638569
76283904,0.0027849841862916946
76300288,0.002341633662581444
76316672,0.0046964380890131
76333056,0.0021261833608150482
76349440,0.0022850511595606804
76365824,0.004301534965634346
76382208,0.003291594795882702
76398592,0.00468728132545948
76414976,0.0014785779640078545
76431360,0.0037174811586737633
76447744,0.0029750168323516846
76464128,0.003691352903842926
76480512,0.004417289048433304
76496896,0.0012778118252754211
76513280,0.004223410971462727
76529664,0.004234707914292812
76546048,0.002889353781938553
76562432,0.0014948612079024315
76578816,0.007038812153041363
76595200,0.0023824740201234818
76611584,0.004848840646445751
76627968,0.002796640619635582
76644352,0.0018095392733812332
76660736,0.0020042816177010536
76677120,0.003447575494647026
76693504,0.0040788957849144936
76709888,0.004048582166433334
76726272,0.0032668551430106163
76742656,0.0025636041536927223
76759040,0.005670397542417049
76775424,0.00280833151191473
76791808,0.004881237633526325
76808192,0.003944950178265572
76824576,0.0013042222708463669
76840960,0.0026982827112078667
76857344,0.0010423315688967705
76873728,0.004396619275212288
76890112,0.00440133735537529
76906496,0.0022622207179665565
76922880,0.0014990707859396935
76939264,0.001873471774160862
76955648,0.004559038206934929
76972032,0.0023134956136345863
76988416,0.0037818551063537598
77004800,0.0021993042901158333
77021184,0.0032131513580679893
77037568,0.003090936690568924
77053952,0.007749423384666443
77070336,0.01001746952533722
77086720,0.002520766109228134
77103104,0.0008649826049804688
77119488,0.0028395485132932663
77135872,0.0030946433544158936
77152256,0.0029205000028014183
77168640,0.007104184478521347
77185024,0.0009825630113482475
77201408,0.0027949847280979156
77217792,0.00243965070694685
77234176,0.002605881541967392
77250560,0.01791517063975334
77266944,0.002669866196811199
77283328,0.0018153712153434753
77299712,0.0032498007640242577
77316096,0.003209145739674568
77332480,0.0023836344480514526
77348864,0.00244928989559412
77365248,0.0023620612919330597
77381632,0.002887217327952385
77398016,0.0024222303181886673
77414400,0.0020868415012955666
77430784,0.0020159389823675156
77447168,0.0035424837842583656
77463552,0.0021420838311314583
77479936,0.0032093971967697144
77496320,0.003022480756044388
77512704,0.002853561192750931
77529088,0.007475315593183041
77545472,0.003330087289214134
77561856,0.0029006032273173332
77578240,0.003104453906416893
77594624,0.0017717843875288963
77611008,0.0028679845854640007
77627392,0.001685277558863163
77643776,0.0034604808315634727
77660160,0.0026145251467823982
77676544,0.0040689315646886826
77692928,0.003931139595806599
77709312,0.00529131293296814
77725696,0.003438832238316536
77742080,0.0012951865792274475
77758464,0.0032086754217743874
77774848,0.002052510157227516
77791232,0.0043193986639380455
77807616,0.003076637163758278
77824000,0.003274945542216301
77840384,0.0035744253545999527
77856768,0.003410894423723221
77873152,0.008740358054637909
77889536,0.007511202245950699
77905920,0.001475227065384388
77922304,0.0016577783972024918
77938688,0.0021511679515242577
77955072,0.0023032091557979584
77971456,0.0046938518062233925
77987840,0.003427303396165371
78004224,0.002856047824025154
78020608,0.002069021575152874
78036992,0.0014799749478697777
78053376,0.004512632265686989
78069760,0.0018735658377408981
78086144,0.002766914665699005
78102528,0.004025856964290142
78118912,0.0029547465965151787
78135296,0.0017541171982884407
78151680,0.0036063147708773613
78168064,0.0064358189702034
78184448,0.0018567107617855072
78200832,0.0037222588434815407
78217216,0.003426038660109043
78233600,0.0027652550488710403
78249984,0.0018961140885949135
78266368,0.002081754617393017
78282752,0.0027191434055566788
78299136,0.003247121348977089
78315520,0.0022602705284953117
78331904,0.003414999693632126
78348288,0.0009924015030264854
78364672,0.0028564706444740295
78381056,0.007063494995236397
78397440,0.0019173761829733849
78413824,0.0055613648146390915
78430208,0.002027778886258602
78446592,0.007194953039288521
78462976,0.0030069351196289062
78479360,0.0031571295112371445
78495744,0.0023855166509747505
78512128,0.0015299152582883835
78528512,0.00606345571577549
78544896,0.0021131858229637146
78561280,0.0015747370198369026
78577664,0.0022213077172636986
78594048,0.004799562506377697
78610432,0.0014718938618898392
78626816,0.0052373772487044334
78643200,0.004406306892633438
78659584,0.003606267273426056
78675968,0.002407556399703026
78692352,0.005735000595450401
78708736,0.00572416465729475
78725120,0.004076322540640831
78741504,0.003013105131685734
78757888,0.0029672756791114807
78774272,0.0028156703338027
78790656,0.00179285928606987
78807040,0.002991899847984314
78823424,0.0016038082540035248
78839808,0.005805786699056625
78856192,0.005978206172585487
78872576,0.0019686492159962654
78888960,0.005080672912299633
78905344,0.0051872944459319115
78921728,0.002556443214416504
78938112,0.0031920913606882095
78954496,0.003983895294368267
78970880,0.005969485267996788
78987264,0.0012044524773955345
79003648,0.002346823923289776
79020032,0.002464503049850464
79036416,0.0016196370124816895
79052800,0.0027454644441604614
79069184,0.0047226473689079285
79085568,0.002329622395336628
79101952,0.005954149179160595
79118336,0.004748797044157982
79134720,0.006644033826887608
79151104,0.00412606168538332
79167488,0.004128332249820232
79183872,0.007029564119875431
79200256,0.0023141056299209595
79216640,0.004008348099887371
79233024,0.001724102534353733
79249408,0.002015526406466961
79265792,0.006103925406932831
79282176,0.003812539391219616
79298560,0.003767969086766243
79314944,0.0028159013018012047
79331328,0.002435237169265747
79347712,0.004422630183398724
79364096,0.005175878293812275
79380480,0.0029421085491776466
79396864,0.0055765192955732346
79413248,0.005015403963625431
79429632,0.005319902673363686
79446016,0.003023850731551647
79462400,0.0029887771233916283
79478784,0.0034511908888816833
79495168,0.0035429690033197403
79511552,0.004745311103761196
79527936,0.0019309921190142632
79544320,0.002145354636013508
79560704,0.004726756364107132
79577088,0.0026242053136229515
79593472,0.005287551321089268
79609856,0.003560887649655342
79626240,0.004984383471310139
79642624,0.005617542192339897
79659008,0.0044848015531897545
79675392,0.0033268509432673454
79691776,0.0036440547555685043
79708160,0.0023858509957790375
79724544,0.004287416115403175
79740928,0.0017649652436375618
79757312,0.0037932973355054855
79773696,0.003410530276596546
79790080,0.0025306008756160736
79806464,0.002163461409509182
79822848,0.002989082597196102
79839232,0.0024175578728318214
79855616,0.0028945207595825195
79872000,0.004184741526842117
79888384,0.005002152174711227
79904768,0.005065903998911381
79921152,0.0031573586165905
79937536,0.002973649650812149
79953920,0.00484700221568346
79970304,0.002616140991449356
79986688,0.004044695757329464
80003072,0.002508857287466526
80019456,0.0022632386535406113
80035840,0.0032593095675110817
80052224,0.001152321696281433
80068608,0.002563132904469967
80084992,0.003054572269320488
80101376,0.00273079052567482
80117760,0.0022598858922719955
80134144,0.0028195949271321297
80150528,0.004105946980416775
80166912,0.005953805521130562
80183296,0.0032507171854376793
80199680,0.003288901410996914
80216064,0.0015938058495521545
80232448,0.00399952195584774
80248832,0.0021085944026708603
80265216,0.0015844982117414474
80281600,0.009745342656970024
80297984,0.0022038230672478676
80314368,0.0022655781358480453
80330752,0.002553386613726616
80347136,0.005394789390265942
80363520,0.0019752932712435722
80379904,0.0037286002188920975
80396288,0.004137630574405193
80412672,0.0017850380390882492
80429056,0.0018983818590641022
80445440,0.00338607095181942
80461824,0.004574453458189964
80478208,0.0030169114470481873
80494592,0.0059686629101634026
80510976,0.00435628741979599
80527360,0.0018725935369729996
80543744,0.0018201051279902458
80560128,0.003260699100792408
80576512,0.001984921284019947
80592896,0.0024405037984251976
80609280,0.003072560764849186
80625664,0.0025785723701119423
80642048,0.0016016215085983276
80658432,0.0016999505460262299
80674816,0.0010249093174934387
80691200,0.0015044957399368286
80707584,0.0013841623440384865
80723968,0.003771447576582432
80740352,0.003926067613065243
80756736,0.0019914619624614716
80773120,0.00270036980509758
80789504,0.0035939132794737816
80805888,0.013784612528979778
80822272,0.0016266368329524994
80838656,0.002049739472568035
80855040,0.005057258531451225
80871424,0.002892875112593174
80887808,0.006521819159388542
80904192,0.0044780755415558815
80920576,0.0022198231890797615
80936960,0.001521361991763115
80953344,0.0011577149853110313
80969728,0.000831281766295433
80986112,0.00705732312053442
81002496,0.004683502018451691
81018880,0.004179143346846104
81035264,0.002372053451836109
81051648,0.0030056610703468323
81068032,0.004619957879185677
81084416,0.0017475998029112816
81100800,0.003943680785596371
81117184,0.0030379751697182655
81133568,0.0017822952941060066
81149952,0.004334677010774612
81166336,0.0029465919360518456
81182720,0.0015796953812241554
81199104,0.002439589239656925
81215488,0.002154761925339699
81231872,0.0032036537304520607
81248256,0.00563247874379158
81264640,0.0018923459574580193
81281024,0.002541402354836464
81297408,0.004985467530786991
81313792,0.00607504416257143
81330176,0.0015114080160856247
81346560,0.007073070853948593
81362944,0.0036786170676350594
81379328,0.0018485914915800095
81395712,0.0032572755590081215
81412096,0.0023476481437683105
81428480,0.0014300933107733727
81444864,0.0028246603906154633
81461248,0.008684609085321426
81477632,0.002791494131088257
81494016,0.0030502304434776306
81510400,0.0038037188351154327
81526784,0.004597797058522701
81543168,0.0033973008394241333
81559552,0.0019650422036647797
81575936,0.0027464628219604492
81592320,0.004876209422945976
81608704,0.0020155366510152817
81625088,0.004107940010726452
81641472,0.002159365452826023
81657856,0.0022026533260941505
81674240,0.00361586082726717
81690624,0.003876529633998871
81707008,0.0028332341462373734
81723392,0.004436117596924305
81739776,0.0021109580993652344
81756160,0.0016158251091837883
81772544,0.0039079515263438225
81788928,0.0025748005136847496
81805312,0.004574272781610489
81821696,0.0019694091752171516
81838080,0.004484073258936405
81854464,0.0021975385025143623
81870848,0.0012397393584251404
81887232,0.004130890592932701
81903616,0.004347245208919048
81920000,0.0024273712188005447
81936384,0.0036196066066622734
81952768,0.004625661298632622
81969152,0.0009364811703562737
81985536,0.0041122883558273315
82001920,0.0013427184894680977
82018304,0.004039054736495018
82034688,0.015201498754322529
82051072,0.002118527889251709
82067456,0.002308146096765995
82083840,0.003773203119635582
82100224,0.0026432015001773834
82116608,0.002230198122560978
82132992,0.003409150056540966
82149376,0.003516395576298237
82165760,0.002858639694750309
82182144,0.002181549556553364
82198528,0.0029109446331858635
82214912,0.004207712598145008
82231296,0.0025017382577061653
82247680,0.0037072794511914253
82264064,0.0044707609340548515
82280448,0.0029278192669153214
82296832,0.0028715375810861588
82313216,0.001676551066339016
82329600,0.006677129305899143
82345984,0.0037644701078534126
82362368,0.00283167976886034
82378752,0.002430667169392109
82395136,0.003711313009262085
82411520,0.0030129235237836838
82427904,0.00787496566772461
82444288,0.002238648943603039
82460672,0.004408485256135464
82477056,0.00270701851695776
82493440,0.0017469320446252823
82509824,0.0012540919706225395
82526208,0.006257710047066212
82542592,0.0031855739653110504
82558976,0.0029082782566547394
82575360,0.007869817316532135
82591744,0.002601761370897293
82608128,0.0028494857251644135
82624512,0.0020297784358263016
82640896,0.00378474872559309
82657280,0.00237080454826355
82673664,0.00509961973875761
82690048,0.0028239060193300247
82706432,0.0032421406358480453
82722816,0.007389613427221775
82739200,0.003936666063964367
82755584,0.0016905199736356735
82771968,0.0015057744458317757
82788352,0.005840662866830826
82804736,0.004486521705985069
82821120,0.0030336640775203705
82837504,0.006619530729949474
82853888,0.0019348971545696259
82870272,0.0017385194078087807
82886656,0.003909524530172348
82903040,0.004841791465878487
82919424,0.0016781352460384369
82935808,0.0019737910479307175
82952192,0.004219106398522854
82968576,0.00247002299875021
82984960,0.0018690824508666992
83001344,0.0033165039494633675
83017728,0.004198431968688965
83034112,0.002873361110687256
83050496,0.0015170397236943245
83066880,0.0021619005128741264
83083264,0.004055982455611229
83099648,0.005846824496984482
83116032,0.001985786482691765
83132416,0.0014496361836791039
83148800,0.004279507324099541
83165184,0.0027080774307250977
83181568,0.0037703532725572586
83197952,0.002299463376402855
83214336,0.00314357690513134
83230720,0.005640937946736813
83247104,0.004000268876552582
83263488,0.0037494590505957603
83279872,0.0030851466581225395
83296256,0.003187817521393299
83312640,0.002910058945417404
83329024,0.0052948445081710815
83345408,0.003818672150373459
83361792,0.005152550525963306
83378176,0.0015426790341734886
83394560,0.0027646757662296295
83410944,0.002813185565173626
83427328,0.0015236390754580498
83443712,0.005952141247689724
83460096,0.0031500179320573807
83476480,0.002790132537484169
83492864,0.003722778521478176
83509248,0.0016772700473666191
83525632,0.0022884653881192207
83542016,0.003905464895069599
83558400,0.0023634759709239006
83574784,0.0036982595920562744
83591168,0.0035438286140561104
83607552,0.004187793470919132
83623936,0.002598491497337818
83640320,0.001969454810023308
83656704,0.002382270060479641
83673088,0.0015858635306358337
83689472,0.0033531617373228073
83705856,0.0017708400264382362
83722240,0.001743663102388382
83738624,0.002071746625006199
83755008,0.001919051632285118
83771392,0.005362771451473236
83787776,0.0019995886832475662
83804160,0.002366127446293831
83820544,0.0019323350861668587
83836928,0.0034634461626410484
83853312,0.006468120962381363
83869696,0.003983672708272934
83886080,0.004591100849211216
83902464,0.006034647114574909
83918848,0.002578865736722946
83935232,0.0020996155217289925
83951616,0.003317960537970066
83968000,0.004158292897045612
83984384,0.005353433080017567
84000768,0.0033643078058958054
84017152,0.0015882831066846848
84033536,0.0047719115391373634
84049920,0.003147943876683712
84066304,0.0028724949806928635
84082688,0.007734491489827633
84099072,0.0025698337703943253
84115456,0.0036876387894153595
84131840,0.00950552523136139
84148224,0.0063558537513017654
84164608,0.00243932381272316
84180992,0.0013281656429171562
84197376,0.0024635139852762222
84213760,0.002957599237561226
84230144,0.0022989632561802864
84246528,0.004470972344279289
84262912,0.0028456319123506546
84279296,0.0023224027827382088
84295680,0.0019397111609578133
84312064,0.007200665771961212
84328448,0.0038998685777187347
84344832,0.0014723725616931915
84361216,0.003801056183874607
84377600,0.004121336154639721
84393984,0.0022494709119200706
84410368,0.003998415544629097
84426752,0.0028912993147969246
84443136,0.003201313316822052
84459520,0.0023414092138409615
84475904,0.004012102261185646
84492288,0.003216288983821869
84508672,0.0017170729115605354
84525056,0.003106611780822277
84541440,0.0022973502054810524
84557824,0.003868846222758293
84574208,0.0009209718555212021
84590592,0.0032149935141205788
84606976,0.002848772332072258
84623360,0.0035524386912584305
84639744,0.0012798141688108444
84656128,0.004176917485892773
84672512,0.0024248510599136353
84688896,0.002004716545343399
84705280,0.0019115926697850227
84721664,0.0048696063458919525
84738048,0.0030170977115631104
84754432,0.002690930850803852
84770816,0.0028896229341626167
84787200,0.00429585762321949
84803584,0.005482775159180164
84819968,0.0030912747606635094
84836352,0.002904646098613739
84852736,0.0036082882434129715
84869120,0.0015915753319859505
84885504,0.004768127575516701
84901888,0.0026060817763209343
84918272,0.0022407416254281998
84934656,0.0021438440307974815
84951040,0.0021063601598143578
84967424,0.005621862597763538
84983808,0.002370361238718033
85000192,0.0025419965386390686
85016576,0.0028237011283636093
85032960,0.0018730107694864273
85049344,0.000632159411907196
85065728,0.0020061442628502846
85082112,0.003033987246453762
85098496,0.00295377429574728
85114880,0.001314586028456688
85131264,0.0033506425097584724
85147648,0.0036504510790109634
85164032,0.0030394867062568665
85180416,0.0016346629709005356
85196800,0.004126926884055138
85213184,0.00436538178473711
85229568,0.004428872838616371
85245952,0.0038034217432141304
85262336,0.0005458490923047066
85278720,0.0030980603769421577
85295104,0.0030556321144104004
85311488,0.0027254894375801086
85327872,0.014341035857796669
85344256,0.0037478189915418625
85360640,0.003365171141922474
85377024,0.0031423233449459076
85393408,0.006173847243189812
85409792,0.001812824048101902
85426176,0.0013520214706659317
85442560,0.0030281562358140945
85458944,0.0024360045790672302
85475328,0.0028168680146336555
85491712,0.0024512289091944695
85508096,0.002856939099729061
85524480,0.0036645466461777687
85540864,0.004151926375925541
85557248,0.003589726984500885
85573632,0.0015190709382295609
85590016,0.00637279637157917
85606400,0.004110930487513542
85622784,0.0015892721712589264
85639168,0.004459299147129059
85655552,0.003208562731742859
85671936,0.0026569366455078125
85688320,0.005821577273309231
85704704,0.002034745179116726
85721088,0.002001364715397358
85737472,0.0029348470270633698
85753856,0.0018492592498660088
85770240,0.004830596037209034
85786624,0.002619558945298195
85803008,0.0029517877846956253
85819392,0.0025341417640447617
85835776,0.0015160134062170982
85852160,0.004036379046738148
85868544,0.0013661719858646393
85884928,0.0018345220014452934
85901312,0.0018483325839042664
85917696,0.0029685189947485924
85934080,0.000954904593527317
85950464,0.005392116494476795
85966848,0.00235001090914011
85983232,0.002579369582235813
85999616,0.0008453642949461937
86016000,0.005467962473630905
86032384,0.0038564400747418404
86048768,0.002108321525156498
86065152,0.0017199497669935226
86081536,0.0017003081738948822
86097920,0.001872161403298378
86114304,0.002438158728182316
86130688,0.004505709744989872
86147072,0.002079666592180729
86163456,0.0032394761219620705
86179840,0.005627863109111786
86196224,0.005053768865764141
86212608,0.0010459823533892632
86228992,0.0027235914021730423
86245376,0.004151442088186741
86261760,0.0025568725541234016
86278144,0.003348301164805889
86294528,0.0031663794070482254
86310912,0.001815682277083397
86327296,0.003170602023601532
86343680,0.004433244466781616
86360064,0.0033130506053566933
86376448,0.003121008165180683
86392832,0.0023812977597117424
86409216,0.0011390643194317818
86425600,0.003937404602766037
86441984,0.0036984458565711975
86458368,0.002865200862288475
86474752,0.002214202657341957
86491136,0.003122677095234394
86507520,0.002741576172411442
86523904,0.002567267045378685
86540288,0.0027696266770362854
86556672,0.0015379516407847404
86573056,0.0017156079411506653
86589440,0.003115531988441944
86605824,0.002776077017188072
86622208,0.0012735137715935707
86638592,0.0018592607229948044
86654976,0.0018473491072654724
86671360,0.002929849550127983
86687744,0.004232998006045818
86704128,0.0027966033667325974
86720512,0.002221129834651947
86736896,0.00376029871404171
86753280,0.005948401056230068
86769664,0.002799578011035919
86786048,0.0022113732993602753
86802432,0.0036992495879530907
86818816,0.003122675232589245
86835200,0.004083028994500637
86851584,0.0025105373933911324
86867968,0.0021830452606081963
86884352,0.0036706039682030678
86900736,0.0037327688187360764
86917120,0.0018324637785553932
86933504,0.00304279662668705
86949888,0.0037930654361844063
86966272,0.0011412221938371658
86982656,0.004147743806242943
86999040,0.0026543764397501945
87015424,0.003116205334663391
87031808,0.0022574681788682938
87048192,0.0013163750991225243
87064576,0.003817986696958542
87080960,0.004936693236231804
87097344,0.004577644169330597
87113728,0.004727431572973728
87130112,0.0012601139023900032
87146496,0.00495414063334465
87162880,0.004536958411335945
87179264,0.0032868515700101852
87195648,0.0026612933725118637
87212032,0.003797082230448723
87228416,0.0030956584960222244
87244800,0.001936471089720726
87261184,0.005227832123637199
87277568,0.0043488359078764915
87293952,0.002926069311797619
87310336,0.0017426861450076103
87326720,0.01174141000956297
87343104,0.0025616148486733437
87359488,0.002266502007842064
87375872,0.002775205299258232
87392256,0.0020938776433467865
87408640,0.00287804938852787
87425024,0.00395272858440876
87441408,0.0035106074064970016
87457792,0.0018125073984265327
87474176,0.0046510277315974236
87490560,0.0051657287403941154
87506944,0.0032821865752339363
87523328,0.0020831450819969177
87539712,0.001972215250134468
87556096,0.0023130932822823524
87572480,0.001947653479874134
87588864,0.003250601701438427
87605248,0.0042050788179039955
87621632,0.0023347875103354454
87638016,0.004083027597516775
87654400,0.0019332300871610641
87670784,0.0016253404319286346
87687168,0.00460720993578434
87703552,0.0029711099341511726
87719936,0.0017418479546904564
87736320,0.0036921724677085876
87752704,0.005031638778746128
87769088,0.002566630020737648
87785472,0.004593235440552235
87801856,0.001554315909743309
87818240,0.001537376083433628
87834624,0.0036250539124011993
87851008,0.0024849921464920044
87867392,0.0011717164888978004
87883776,0.0037003066390752792
87900160,0.002414841204881668
87916544,0.0024078236892819405
87932928,0.0016574356704950333
87949312,0.0034560691565275192
87965696,0.0053697992116212845
87982080,0.0033478066325187683
87998464,0.003472498618066311
88014848,0.003177718259394169
88031232,0.004085732623934746
88047616,0.002971963956952095
88064000,0.0008912105113267899
88080384,0.0035843970254063606
88096768,0.0011322256177663803
88113152,0.003901185467839241
88129536,0.003862829878926277
88145920,0.0026846593245863914
88162304,0.006440324708819389
88178688,0.005740971304476261
88195072,0.0036318209022283554
88211456,0.0023094695061445236
88227840,0.003738589584827423
88244224,0.005973321385681629
88260608,0.005223681218922138
88276992,0.002942364662885666
88293376,0.0036245007067918777
88309760,0.0013154176995158195
88326144,0.002960476092994213
88342528,0.0014772526919841766
88358912,0.003970208577811718
88375296,0.001145373098552227
88391680,0.0014730440452694893
88408064,0.0045408569276332855
88424448,0.0007554581388831139
88440832,0.0015962272882461548
88457216,0.00244931410998106
88473600,0.0025644637644290924
88489984,0.0028248103335499763
88506368,0.0018791109323501587
88522752,0.0033980421721935272
88539136,0.002346348948776722
88555520,0.004609957337379456
88571904,0.002407282590866089
88588288,0.004650125280022621
88604672,0.0020345570519566536
88621056,0.013335153460502625
88637440,0.004702404141426086
88653824,0.0021534916013479233
88670208,0.0015738001093268394
88686592,0.004244222771376371
88702976,0.004745597951114178
88719360,0.0029139742255210876
88735744,0.0023471154272556305
88752128,0.0026503633707761765
88768512,0.0038320142775774
88784896,0.0018616188317537308
88801280,0.002193475142121315
88817664,0.001879112794995308
88834048,0.0036949021741747856
88850432,0.0012583034113049507
88866816,0.002680698409676552
88883200,0.001866963692009449
88899584,0.004942484200000763
88915968,0.0028671100735664368
88932352,0.004862861707806587
88948736,0.004738993011415005
88965120,0.0027032941579818726
88981504,0.005448327399790287
88997888,0.003687913529574871
89014272,0.008096707053482533
89030656,0.0012955954298377037
89047040,0.005698934197425842
89063424,0.0035136891528964043
89079808,0.004536718130111694
89096192,0.004103248938918114
89112576,0.0012708231806755066
89128960,0.005499428138136864
89145344,0.005759633146226406
89161728,0.004262411035597324
89178112,0.002200426533818245
89194496,0.004897494800388813
89210880,0.005506659857928753
89227264,0.0028162822127342224
89243648,0.0020802970975637436
89260032,0.003239654004573822
89276416,0.004491858184337616
89292800,0.005375564098358154
89309184,0.00431101955473423
89325568,0.003195616416633129
89341952,0.0040565235540270805
89358336,0.0026934072375297546
89374720,0.005246688611805439
89391104,0.0061957333236932755
89407488,0.002810307778418064
89423872,0.001064111478626728
89440256,0.0037820544093847275
89456640,0.004262672737240791
89473024,0.00347190722823143
89489408,0.002240492030978203
89505792,0.005383862182497978
89522176,0.004237676039338112
89538560,0.0030320491641759872
89554944,0.0036403192207217216
89571328,0.0021203625947237015
89587712,0.004042201675474644
89604096,0.004450971260666847
89620480,0.0023578451946377754
89636864,0.002483614720404148
89653248,0.0015099020674824715
89669632,0.003541497513651848
89686016,0.003548199310898781
89702400,0.004098656587302685
89718784,0.0035473229363560677
89735168,0.004000944085419178
89751552,0.002462024800479412
89767936,0.004430199973285198
89784320,0.0012336112558841705
89800704,0.004960970021784306
89817088,0.007365458644926548
89833472,0.003404757007956505
89849856,0.002641957253217697
89866240,0.0014543961733579636
89882624,0.0052145859226584435
89899008,0.0009090220555663109
89915392,0.003921906463801861
89931776,0.003599804826080799
89948160,0.0042612990364432335
89964544,0.002264205366373062
89980928,0.0023462828248739243
89997312,0.0023946398869156837
90013696,0.0019365418702363968
90030080,0.0034123314544558525
90046464,0.0063216788694262505
90062848,0.004471509717404842
90079232,0.004729527048766613
90095616,0.0014247382059693336
90112000,0.002257474698126316
90128384,0.003916684538125992
90144768,0.0016339672729372978
90161152,0.002455255016684532
90177536,0.0037981607019901276
90193920,0.0028822217136621475
90210304,0.003774982877075672
90226688,0.005135304294526577
90243072,0.004100487567484379
90259456,0.0033702030777931213
90275840,0.0033634789288043976
90292224,0.002421081066131592
90308608,0.003584612160921097
90324992,0.008645780384540558
90341376,0.007241402752697468
90357760,0.003465886227786541
90374144,0.0025645848363637924
90390528,0.0032544396817684174
90406912,0.001235675998032093
90423296,0.005361764691770077
90439680,0.002679424360394478
90456064,0.002577456645667553
90472448,0.004034780897200108
90488832,0.004150948487222195
90505216,0.0017682695761322975
90521600,0.00867484975606203
90537984,0.002401243895292282
90554368,0.007966733537614346
90570752,0.004193578846752644
90587136,0.003326564095914364
90603520,0.0026087192818522453
90619904,0.003591367043554783
90636288,0.0011103041470050812
90652672,0.003092339262366295
90669056,0.00750963669270277
90685440,0.0020897909998893738
90701824,0.006279581226408482
90718208,0.002102294936776161
90734592,0.0034119226038455963
90750976,0.0034896619617938995
90767360,0.003516857512295246
90783744,0.0031698886305093765
90800128,0.003913538530468941
90816512,0.0029211901128292084
90832896,0.006100732833147049
90849280,0.001480824314057827
90865664,0.00889650546014309
90882048,0.004747082479298115
90898432,0.006797167472541332
90914816,0.003023936413228512
90931200,0.0030651604756712914
90947584,0.0052819037809967995
90963968,0.005944824777543545
90980352,0.005662478506565094
90996736,0.0008471589535474777
91013120,0.005958477966487408
91029504,0.005857174284756184
91045888,0.005104650743305683
91062272,0.00462473277002573
91078656,0.0025033829733729362
91095040,0.0031717875972390175
91111424,0.0025680148974061012
91127808,0.0028694998472929
91144192,0.0055230408906936646
91160576,0.0057707978412508965
91176960,0.0036460356786847115
91193344,0.007660808973014355
91209728,0.00858414638787508
91226112,0.002868814393877983
91242496,0.0015903711318969727
91258880,0.004963109269738197
91275264,0.003149379976093769
91291648,0.0020359186455607414
91308032,0.0032149245962500572
91324416,0.0051980167627334595
91340800,0.0030857939273118973
91357184,0.004533665254712105
91373568,0.002383170649409294
91389952,0.0009051701053977013
91406336,0.0013559293001890182
91422720,0.00504482164978981
91439104,0.005502874962985516
91455488,0.001495308242738247
91471872,0.0013685431331396103
91488256,0.0034292293712496758
91504640,0.005346164107322693
91521024,0.0007290029898285866
91537408,0.004886521026492119
91553792,0.0028358744457364082
91570176,0.003917139954864979
91586560,0.001137230545282364
91602944,0.0035058362409472466
91619328,0.002618808299303055
91635712,0.0025539472699165344
91652096,0.004683119244873524
91668480,0.0017369622364640236
91684864,0.004979980178177357
91701248,0.004860925488173962
91717632,0.0011126874014735222
91734016,0.003093115985393524
91750400,0.0013448018580675125
91766784,0.0011324724182486534
91783168,0.0025868508964776993
91799552,0.003968443721532822
91815936,0.002211226150393486
91832320,0.0024935011751949787
91848704,0.0045071858912706375
91865088,0.0011921664699912071
91881472,0.0030280351638793945
91897856,0.004035385325551033
91914240,0.0036568958312273026
91930624,0.005795408971607685
91947008,0.0027426574379205704
91963392,0.00291568785905838
91979776,0.002150905318558216
91996160,0.004247033037245274
92012544,0.001910986378788948
92028928,0.0019299006089568138
92045312,0.003555145114660263
92061696,0.0038296710699796677
92078080,0.005934205837547779
92094464,0.005170459859073162
92110848,0.003129524178802967
92127232,0.002690184861421585
92143616,0.0024796612560749054
92160000,0.0014205025508999825
92176384,0.0032390551641583443
92192768,0.0032264264300465584
92209152,0.004894787445664406
92225536,0.004851740784943104
92241920,0.004512599669396877
92258304,0.005189401097595692
92274688,0.0016844803467392921
92291072,0.004225989803671837
92307456,0.00363006629049778
92323840,0.003588330000638962
92340224,0.0031677978113293648
92356608,0.003188885748386383
92372992,0.0019160443916916847
92389376,0.00317541416734457
92405760,0.0019841836765408516
92422144,0.0031248359009623528
92438528,0.009908787906169891
92454912,0.002011842094361782
92471296,0.003935899585485458
92487680,0.0032003456726670265
92504064,0.003033854067325592
92520448,0.0030943630263209343
92536832,0.0010159444063901901
92553216,0.004516362212598324
92569600,0.006801614537835121
92585984,0.0024748598225414753
92602368,0.0015854891389608383
92618752,0.0029870448634028435
92635136,0.006108716130256653
92651520,0.004683773033320904
92667904,0.005298675037920475
92684288,0.0033034896478056908
92700672,0.004327516071498394
92717056,0.00335655827075243
92733440,0.0036704745143651962
92749824,0.0033434079959988594
92766208,0.004366209730505943
92782592,0.004802319221198559
92798976,0.0037298258394002914
92815360,0.0004274100065231323
92831744,0.0007269652560353279
92848128,0.002577807754278183
92864512,0.0025551319122314453
92880896,0.004763850010931492
92897280,0.004748842678964138
92913664,0.002977595664560795
92930048,0.002056133933365345
92946432,0.0013883654028177261
92962816,0.0018617957830429077
92979200,0.0042752455919981
92995584,0.0020551951602101326
93011968,0.003433309495449066
93028352,0.004007440060377121
93044736,0.0018544988706707954
93061120,0.00265367329120636
93077504,0.0016409102827310562
93093888,0.0008509056642651558
93110272,0.001996193081140518
93126656,0.002027212642133236
93143040,0.0036501623690128326
93159424,0.002830454148352146
93175808,0.0033729402348399162
93192192,0.0021394584327936172
93208576,0.0006464924663305283
93224960,0.0022919094190001488
93241344,0.0032851984724402428
93257728,0.0021478673443198204
93274112,0.00304301455616951
93290496,0.0037297531962394714
93306880,0.0014971569180488586
93323264,0.004772016778588295
93339648,0.004214729182422161
93356032,0.00272408127784729
93372416,0.00414182897657156
93388800,0.0013188868761062622
93405184,0.0026836683973670006
93421568,0.0017833039164543152
93437952,0.0010687271133065224
93454336,0.002441764809191227
93470720,0.002836957573890686
93487104,0.0011734450235962868
93503488,0.0028890613466501236
93519872,0.0033572399988770485
93536256,0.002954562194645405
93552640,0.004224127158522606
93569024,0.002057754434645176
93585408,0.00543349701911211
93601792,0.004371439106762409
93618176,0.0004403498023748398
93634560,0.004307323135435581
93650944,0.003322133794426918
93667328,0.0023274514824151993
93683712,0.00594631303101778
93700096,0.0027108127251267433
93716480,0.0010904287919402122
93732864,0.0029568178579211235
93749248,0.0018640044145286083
93765632,0.0014771642163395882
93782016,0.0032017938792705536
93798400,0.0043481788598001
93814784,0.0038518807850778103
93831168,0.0027202842757105827
93847552,0.0044976891949772835
93863936,0.001239812932908535
93880320,0.0006147706881165504
93896704,0.002603038214147091
93913088,0.0017171930521726608
93929472,0.001877536065876484
93945856,0.0028008781373500824
93962240,0.002115381881594658
93978624,0.0044137705117464066
93995008,0.0010887635871767998
94011392,0.0027635302394628525
94027776,0.0023274030536413193
94044160,0.003308212384581566
94060544,0.0023855390027165413
94076928,0.004515678621828556
94093312,0.0029512131586670876
94109696,0.0032065859995782375
94126080,0.003747471608221531
94142464,0.004925952292978764
94158848,0.0029099853709340096
94175232,0.00331398518756032
94191616,0.0034120287746191025
94208000,0.0021765530109405518
94224384,0.0017390018329024315
94240768,0.00453313160687685
94257152,0.004400103818625212
94273536,0.002956087701022625
94289920,0.0027434946969151497
94306304,0.0034710941836237907
94322688,0.00176959577947855
94339072,0.00316474586725235
94355456,0.0029828567057847977
94371840,0.0022856607101857662
94388224,0.004843065515160561
94404608,0.011946291662752628
94420992,0.0024156449362635612
94437376,0.0035528773441910744
94453760,0.0034479647874832153
94470144,0.0039041033014655113
94486528,0.0036067822948098183
94502912,0.0021299002692103386
94519296,0.0034102387726306915
94535680,0.0037447549402713776
94552064,0.007760725449770689
94568448,0.0032740598544478416
94584832,0.002378968521952629
94601216,0.006810561753809452
94617600,0.004246890544891357
94633984,0.005365465767681599
94650368,0.007638200186192989
94666752,0.0027649980038404465
94683136,0.003826458938419819
94699520,0.004054036922752857
94715904,0.0076857516542077065
94732288,0.004445844329893589
94748672,0.00167742557823658
94765056,0.004166091792285442
94781440,0.003561846911907196
94797824,0.004455255344510078
94814208,0.0031383270397782326
94830592,0.0021700365468859673
94846976,0.005070479586720467
94863360,0.002020232379436493
94879744,0.0038194451481103897
94896128,0.0032628877088427544
94912512,0.006226471625268459
94928896,0.003828219138085842
94945280,0.0024878480471670628
94961664,0.008389702998101711
94978048,0.005460795015096664
94994432,0.006715822033584118
95010816,0.001161792315542698
95027200,0.0019246013835072517
95043584,0.0018451977521181107
95059968,0.00475575216114521
95076352,0.0023370899725705385
95092736,0.00239359587430954
95109120,0.0029899971559643745
95125504,0.0017891060560941696
95141888,0.0011779190972447395
95158272,0.005877611227333546
95174656,0.0017014294862747192
95191040,0.008173172362148762
95207424,0.002134888432919979
95223808,0.004150060936808586
95240192,0.0046036262065172195
95256576,0.004905815701931715
95272960,0.003678990062326193
95289344,0.0022938987240195274
95305728,0.004462270997464657
95322112,0.001260950230062008
95338496,0.003086189739406109
95354880,0.00184578076004982
95371264,0.001951245591044426
95387648,0.0028366870246827602
95404032,0.0025677569210529327
95420416,0.0025849626399576664
95436800,0.0028130551800131798
95453184,0.0034114141017198563
95469568,0.003010873682796955
95485952,0.0017041261307895184
95502336,0.0034323232248425484
95518720,0.003578394651412964
95535104,0.0027013225480914116
95551488,0.00351051427423954
95567872,0.0029189828783273697
95584256,0.0018678288906812668
95600640,0.001363169401884079
95617024,0.004031017888337374
95633408,0.0018374742940068245
95649792,0.0075378939509391785
95666176,0.0031800316646695137
95682560,0.0015472890809178352
95698944,0.002114715985953808
95715328,0.008073735982179642
95731712,0.0031503764912486076
95748096,0.004757413640618324
95764480,0.004656074568629265
95780864,0.0017366018146276474
95797248,0.0025573093444108963
95813632,0.0013149827718734741
95830016,0.0009636147879064083
95846400,0.004871763288974762
95862784,0.001187782734632492
95879168,0.0012696310877799988
95895552,0.002343478612601757
95911936,0.0006449278444051743
95928320,0.00045701488852500916
95944704,0.001977398060262203
95961088,0.002482510171830654
95977472,0.0019333027303218842
95993856,0.002390539273619652
96010240,0.0010174466297030449
96026624,0.0010156817734241486
96043008,0.0013306718319654465
96059392,0.0012583937495946884
96075776,0.0017519816756248474
96092160,0.004431221634149551
96108544,0.002531536854803562
96124928,0.0012768544256687164
96141312,0.0033693527802824974
96157696,0.00357146468013525
96174080,0.006160513497889042
96190464,0.0016689351759850979
96206848,0.0033710943534970284
96223232,0.00149436853826046
96239616,0.001795794814825058
96256000,0.0029080212116241455
96272384,0.001602313481271267
96288768,0.0027771680615842342
96305152,0.0008646566420793533
96321536,0.001941060647368431
96337920,0.006262325681746006
96354304,0.003198414109647274
96370688,0.00609993189573288
96387072,0.0006303302943706512
96403456,0.003162913955748081
96419840,0.002934614196419716
96436224,0.002427898347377777
96452608,0.002743651159107685
96468992,0.0018857801333069801
96485376,0.0017205942422151566
96501760,0.001547323539853096
96518144,0.0011946698650717735
96534528,0.0016996962949633598
96550912,0.007055215537548065
96567296,0.004241456277668476
96583680,0.004488727077841759
96600064,0.003270949237048626
96616448,0.004528044257313013
96632832,0.002837906591594219
96649216,0.004558400250971317
96665600,0.004399568773806095
96681984,0.0021153325214982033
96698368,0.0032203970476984978
96714752,0.003925117664039135
96731136,0.0017213067039847374
96747520,0.00251923780888319
96763904,0.00409147422760725
96780288,0.004906574264168739
96796672,0.0023781443014740944
96813056,0.003171308897435665
96829440,0.002885569352656603
96845824,0.004212763160467148
96862208,0.002598404884338379
96878592,0.00832209549844265
96894976,0.0020444118417799473
96911360,0.0038873935118317604
96927744,0.003078126348555088
96944128,0.0011562211439013481
96960512,0.0008209939114749432
96976896,0.002034977078437805
96993280,0.0008697183802723885
97009664,0.002508006989955902
97026048,0.002326915506273508
97042432,0.0020456165075302124
97058816,0.0020605698227882385
97075200,0.002542894333600998
97091584,0.002361103892326355
97107968,0.0026619667187333107
97124352,0.0033934591338038445
97140736,0.0009726975113153458
97157120,0.002251629251986742
97173504,0.0025765742175281048
97189888,0.0032792221754789352
97206272,0.002450238913297653
97222656,0.004781220108270645
97239040,0.0010839481838047504
97255424,0.0023537520319223404
97271808,0.0026772581040859222
97288192,0.0030782362446188927
97304576,0.001583954319357872
97320960,0.0018542450852692127
97337344,0.006564894691109657
97353728,0.001199084334075451
97370112,0.002638014033436775
97386496,0.0033492092043161392
97402880,0.0040668100118637085
97419264,0.002488981932401657
97435648,0.0024045053869485855
97452032,0.002013690769672394
97468416,0.003918295726180077
97484800,0.0023477142676711082
97501184,0.003164583584293723
97517568,0.0024996260181069374
97533952,0.001832566224038601
97550336,0.0025175418704748154
97566720,0.0006083864718675613
97583104,0.002291169948875904
97599488,0.0016047018580138683
97615872,0.0018487486522644758
97632256,0.0023188358172774315
97648640,0.0010963398963212967
97665024,0.0048956070095300674
97681408,0.002357613295316696
97697792,0.001376765314489603
97714176,0.0004610074684023857
97730560,0.0011774925515055656
97746944,0.002271147444844246
97763328,0.00157158263027668
97779712,0.0019448548555374146
97796096,0.0014835158362984657
97812480,0.0008328193798661232
97828864,0.0009028557687997818
97845248,0.0019380021840333939
97861632,0.0030780062079429626
97878016,0.0008989786729216576
97894400,0.003177475184202194
97910784,0.0056939320638775826
97927168,0.005515674594789743
97943552,0.0021648388355970383
97959936,0.003262745216488838
97976320,0.0024126702919602394
97992704,0.003459010273218155
98009088,0.0064783557318151
98025472,0.0029465202242136
98041856,0.0017268965020775795
98058240,0.001962588168680668
98074624,0.001984408125281334
98091008,0.0014650565572082996
98107392,0.001925501972436905
98123776,0.004158650524914265
98140160,0.0018353029154241085
98156544,0.0028814896941184998
98172928,0.0031559085473418236
98189312,0.001901955809444189
98205696,0.0016364241018891335
98222080,0.004286869429051876
98238464,0.004569073207676411
98254848,0.004717075265944004
98271232,0.0013605458661913872
98287616,0.001010645180940628
98304000,0.003865034319460392
98320384,0.002401694655418396
98336768,0.0025282837450504303
98353152,0.0020705731585621834
98369536,0.0015552369877696037
98385920,0.003051553852856159
98402304,0.0015360815450549126
98418688,0.005280949175357819
98435072,0.0018398435786366463
98451456,0.0016043102368712425
98467840,0.001758296974003315
98484224,0.003978336229920387
98500608,0.004934218712151051
98516992,0.003914770670235157
98533376,0.006278147920966148
98549760,0.004737033508718014
98566144,0.003463924862444401
98582528,0.0036553610116243362
98598912,0.0024972306564450264
98615296,0.0052980901673436165
98631680,0.0019320091232657433
98648064,0.005486988462507725
98664448,0.004792319610714912
98680832,0.005659822374582291
98697216,0.006424495950341225
98713600,0.001340075396001339
98729984,0.0038244929164648056
98746368,0.0065650902688503265
98762752,0.0042570061050355434
98779136,0.004593638237565756
98795520,0.0035213446244597435
98811904,0.0024931635707616806
98828288,0.00196631345897913
98844672,0.0008263029158115387
98861056,0.005456988699734211
98877440,0.004426236264407635
98893824,0.0023856377229094505
98910208,0.001170276664197445
98926592,0.0017215646803379059
98942976,0.004485945217311382
98959360,0.0032097212970256805
98975744,0.0022334950044751167
98992128,0.0022082459181547165
99008512,0.0020374031737446785
99024896,0.0014739595353603363
99041280,0.0034981975331902504
99057664,0.0030399607494473457
99074048,0.0011753840371966362
99090432,0.0036595193669199944
99106816,0.004104258958250284
99123200,0.0036390256136655807
99139584,0.0012581953778862953
99155968,0.0024599097669124603
99172352,0.002918901853263378
99188736,0.002920405939221382
99205120,0.0045667486265301704
99221504,0.004537711851298809
99237888,0.0020329998806118965
99254272,0.0016760984435677528
99270656,0.005465551279485226
99287040,0.0015977434813976288
99303424,0.00322047621011734
99319808,0.002454441972076893
99336192,0.0035031605511903763
99352576,0.004378423094749451
99368960,0.0019165370613336563
99385344,0.0022560833021998405
99401728,0.004166166298091412
99418112,0.0013560857623815536
99434496,0.004685902036726475
99450880,0.0010544266551733017
99467264,0.002656509168446064
99483648,0.002261141315102577
99500032,0.001449274830520153
99516416,0.003728906624019146
99532800,0.004082546569406986
99549184,0.0021944306790828705
99565568,0.002552551683038473
99581952,0.0024481313303112984
99598336,0.0030872696079313755
99614720,0.003996755927801132
99631104,0.001940515823662281
99647488,0.0024124328047037125
99663872,0.0032424312084913254
99680256,0.0027995388954877853
99696640,0.005405506119132042
99713024,0.0019304342567920685
99729408,0.0017158426344394684
99745792,0.0033749230206012726
99762176,0.004861059598624706
99778560,0.0020234370604157448
99794944,0.003093460574746132
99811328,0.0030826162546873093
99827712,0.0022560125216841698
99844096,0.003522186540067196
99860480,0.002620736137032509
99876864,0.004614143632352352
99893248,0.00219764094799757
99909632,0.007166927680373192
99926016,0.0028179045766592026
99942400,0.0014664288610219955
99958784,0.0026323972269892693
99975168,0.0025837505236268044
99991552,0.002627733163535595
