step,value
16384,0.00433715246617794
32768,0.02444509044289589
49152,0.022857487201690674
65536,-0.022794898599386215
81920,0.01622653938829899
98304,0.005580105818808079
114688,0.008744027465581894
131072,0.009518977254629135
147456,0.02190549112856388
163840,0.012251345440745354
180224,0.012018098495900631
196608,0.02211054414510727
212992,-0.007944813929498196
229376,0.008466619066894054
245760,0.003912326879799366
262144,-0.007317662239074707
278528,0.0036246543750166893
294912,0.0026052314788103104
311296,-0.016272831708192825
327680,0.0008344873785972595
344064,-0.014512232504785061
360448,0.016281668096780777
376832,-0.0028313128277659416
393216,0.014561938121914864
409600,0.007463271729648113
425984,0.00863336306065321
442368,0.025051165372133255
458752,-0.015718992799520493
475136,0.016797874122858047
491520,0.011299229227006435
507904,-0.01892184466123581
524288,0.0010257372632622719
540672,-0.01259971596300602
557056,-0.009117142297327518
573440,0.007543074898421764
589824,-0.018737152218818665
606208,-0.014169919304549694
622592,0.005766858346760273
638976,-0.006015331484377384
655360,0.0037411190569400787
671744,0.010626883246004581
688128,0.028605220839381218
704512,0.017432518303394318
720896,-0.0016350820660591125
737280,-0.014207523316144943
753664,-0.0017048418521881104
770048,0.02278854511678219
786432,1.5395693480968475e-05
802816,-0.005211171694099903
819200,0.028712034225463867
835584,-0.008675719611346722
851968,-0.005677256733179092
868352,-0.009861224330961704
884736,0.0016746912151575089
901120,0.016392387449741364
917504,0.011237221769988537
933888,0.000661083497107029
950272,-0.004607890732586384
966656,0.009647461585700512
983040,-0.018102973699569702
999424,0.016469035297632217
1015808,0.0038997195661067963
1032192,-0.01265187282115221
1048576,0.009856872260570526
1064960,0.021143564954400063
1081344,0.00916170235723257
1097728,0.006507490761578083
1114112,0.02082657441496849
1130496,0.001682458445429802
1146880,0.003705587238073349
1163264,0.015809684991836548
1179648,-0.003335298039019108
1196032,0.02031780779361725
1212416,0.008296296000480652
1228800,-0.0028220927342772484
1245184,0.012649999931454659
1261568,-0.007081628777086735
1277952,0.012191656045615673
1294336,0.001318720169365406
1310720,-0.0070853810757398605
1327104,-0.00012251455336809158
1343488,-0.013455279171466827
1359872,-0.009181794710457325
1376256,0.01803487166762352
1392640,0.02548319473862648
1409024,0.029931053519248962
1425408,-0.005695514380931854
1441792,0.009856835007667542
1458176,0.005929185077548027
1474560,0.00040568411350250244
1490944,-0.016970640048384666
1507328,0.009489757940173149
1523712,0.0013336986303329468
1540096,0.029635252431035042
1556480,0.020459476858377457
1572864,0.00016367901116609573
1589248,0.005974755622446537
1605632,0.03047420270740986
1622016,0.004469059407711029
1638400,0.009947098791599274
1654784,-0.0013742027804255486
1671168,0.01984570175409317
1687552,0.02929641678929329
1703936,0.005373163148760796
1720320,0.010110139846801758
1736704,-0.003273438662290573
1753088,0.013465341180562973
1769472,0.008667613379657269
1785856,0.025435790419578552
1802240,-0.005744840018451214
1818624,-0.005591800436377525
1835008,0.0030333539471030235
1851392,-0.003308926708996296
1867776,-0.0027046771720051765
1884160,0.014023328199982643
1900544,0.003705080598592758
1916928,0.0063191913068294525
1933312,-0.001337495632469654
1949696,-0.01982881873846054
1966080,0.01025449763983488
1982464,-0.005656808614730835
1998848,-0.013706564903259277
2015232,0.0060238828882575035
2031616,0.0011923834681510925
2048000,0.0063286349177360535
2064384,0.018910400569438934
2080768,0.006822706200182438
2097152,0.02559974230825901
2113536,0.008227039128541946
2129920,0.007878927513957024
2146304,0.014789393171668053
2162688,0.007738860324025154
2179072,0.0036914274096488953
2195456,0.0013386495411396027
2211840,0.0017140787094831467
2228224,-0.004619733430445194
2244608,0.0018114205449819565
2260992,-0.001126835122704506
2277376,0.006410523317754269
2293760,-0.005810488946735859
2310144,-0.0018578050658106804
2326528,0.019918011501431465
2342912,-0.0038042226806282997
2359296,0.011278551071882248
2375680,0.000505850650370121
2392064,0.00865244586020708
2408448,0.009419934824109077
2424832,0.003356478177011013
2441216,0.0031900182366371155
2457600,0.0016648480668663979
2473984,0.03329697996377945
2490368,-0.007842907682061195
2506752,0.021021947264671326
2523136,0.02940276637673378
2539520,0.01768667995929718
2555904,0.005816042423248291
2572288,-0.008550846949219704
2588672,0.003508184105157852
2605056,0.01982826553285122
2621440,0.003754047676920891
2637824,-0.008225603960454464
2654208,0.015857912600040436
2670592,0.0031770970672369003
2686976,0.009471632540225983
2703360,-0.004087582230567932
2719744,0.009201462380588055
2736128,-0.0055044181644916534
2752512,-0.003951665014028549
2768896,0.0020678406581282616
2785280,-0.008734770119190216
2801664,-0.003901607356965542
2818048,0.006664368323981762
2834432,-0.00164130050688982
2850816,0.016962802037596703
2867200,0.02794143557548523
2883584,-0.002721313387155533
2899968,-0.00219043530523777
2916352,0.01590784266591072
2932736,0.02179356850683689
2949120,-0.01343513187021017
2965504,0.010073195211589336
2981888,-0.012785916216671467
2998272,0.0022183144465088844
3014656,0.01813354529440403
3031040,0.01802503503859043
3047424,0.006361773237586021
3063808,-0.0027877911925315857
3080192,-0.007892669178545475
3096576,-0.012771816924214363
3112960,-0.005021136254072189
3129344,0.001960120163857937
3145728,-0.0038400106132030487
3162112,-0.007709173485636711
3178496,0.012811952270567417
3194880,0.0014663385227322578
3211264,0.02209974266588688
3227648,-0.012221183627843857
3244032,-0.0004402799531817436
3260416,0.0040818918496370316
3276800,0.0011817077174782753
3293184,-0.0027008065953850746
3309568,0.008253132924437523
3325952,0.008801447227597237
3342336,-0.013238689862191677
3358720,0.011996857821941376
3375104,-0.02103913016617298
3391488,-0.0019647693261504173
3407872,0.014021841809153557
3424256,0.009408211335539818
3440640,0.021546849980950356
3457024,-0.0003946637734770775
3473408,0.014955008402466774
3489792,0.03014383837580681
3506176,-0.000397232361137867
3522560,0.06335518509149551
3538944,0.005965033546090126
3555328,0.014450357295572758
3571712,-0.008848440833389759
3588096,-0.005417146719992161
3604480,0.005805657245218754
3620864,0.033156245946884155
3637248,0.0024338634684681892
3653632,0.02528144046664238
3670016,-0.0037879832088947296
3686400,0.003766212612390518
3702784,-0.007079117000102997
3719168,0.0033114273101091385
3735552,0.014387508854269981
3751936,-0.001866055652499199
3768320,0.024615146219730377
3784704,0.010459160432219505
3801088,0.017348429188132286
3817472,0.007225373759865761
3833856,-0.004141723737120628
3850240,-0.006500426679849625
3866624,0.010721106082201004
3883008,-0.00029041245579719543
3899392,0.001729101873934269
3915776,0.005997523665428162
3932160,-0.0045125363394618034
3948544,0.008323722518980503
3964928,-0.0058883801102638245
3981312,-7.15106725692749e-05
3997696,0.014896797016263008
4014080,0.011462297290563583
4030464,0.011492734774947166
4046848,0.0020358990877866745
4063232,0.018547246232628822
4079616,0.020839009433984756
4096000,0.021518122404813766
4112384,0.002895984798669815
4128768,0.011850457638502121
4145152,-0.0021864939481019974
4161536,-0.002692457288503647
4177920,0.009560354053974152
4194304,0.005103904753923416
4210688,-0.010966558009386063
4227072,-0.0013456176966428757
4243456,0.017248351126909256
4259840,0.013348094187676907
4276224,-0.005561314523220062
4292608,0.006850996986031532
4308992,0.011817295104265213
4325376,0.01581166312098503
4341760,0.002146422863006592
4358144,0.01072407141327858
4374528,-0.002283209003508091
4390912,-0.000914447009563446
4407296,0.020301051437854767
4423680,0.005809183232486248
4440064,0.0028397589921951294
4456448,0.0029545696452260017
4472832,-0.018052568659186363
4489216,0.01602020487189293
4505600,-4.9425289034843445e-06
4521984,0.013653410598635674
4538368,-0.011800309643149376
4554752,-0.007677108980715275
4571136,-0.00025620684027671814
4587520,0.006244300864636898
4603904,0.009561661630868912
4620288,0.006717002019286156
4636672,-0.012202274985611439
4653056,0.007276211865246296
4669440,0.000626707449555397
4685824,-1.2109056115150452e-05
4702208,0.026203442364931107
4718592,0.0015228763222694397
4734976,0.00014269351959228516
4751360,0.00025942735373973846
4767744,0.0018471553921699524
4784128,0.013339102268218994
4800512,0.012302044779062271
4816896,0.017209025099873543
4833280,0.0070573799312114716
4849664,0.0025524962693452835
4866048,0.004203498363494873
4882432,-0.00238710455596447
4898816,-0.002945784479379654
4915200,-0.0022136345505714417
4931584,0.004000551998615265
4947968,-0.004972286522388458
4964352,0.0031880978494882584
4980736,0.0016708280891180038
4997120,0.005735110491514206
5013504,0.0031043468043208122
5029888,-0.011097125709056854
5046272,-0.004842570051550865
5062656,0.0013180989772081375
5079040,0.008619725704193115
5095424,-0.006962538696825504
5111808,-0.0026286188513040543
5128192,-0.0004937499761581421
5144576,0.009608190506696701
5160960,0.0005414672195911407
5177344,-0.0033869557082653046
5193728,0.029103169217705727
5210112,-0.0007479796186089516
5226496,0.003292415291070938
5242880,-0.010921619832515717
5259264,0.00018189474940299988
5275648,-0.0034671835601329803
5292032,-0.003681078553199768
5308416,0.00743425078690052
5324800,0.005081379786133766
5341184,0.0019391905516386032
5357568,-0.0017190352082252502
5373952,0.0031625162810087204
5390336,-0.0055101122707128525
5406720,0.009083343669772148
5423104,-0.004656274802982807
5439488,0.004988953471183777
5455872,-0.0075034499168396
5472256,0.013959251344203949
5488640,-0.003414945676922798
5505024,-0.01563001237809658
5521408,0.0003883540630340576
5537792,0.003294769674539566
5554176,0.0029012737795710564
5570560,-0.003159288316965103
5586944,0.002757130190730095
5603328,-0.0026072748005390167
5619712,-0.001713613048195839
5636096,0.00383682269603014
5652480,-0.0024470770731568336
5668864,0.0083317831158638
5685248,0.012815930880606174
5701632,0.005209513008594513
5718016,0.009336904622614384
5734400,0.0037045758217573166
5750784,0.0026261145249009132
5767168,-0.010438431054353714
5783552,0.00027531199157238007
5799936,0.004271833226084709
5816320,-0.008382078260183334
5832704,0.002548886463046074
5849088,-0.00018394365906715393
5865472,-0.0008601639419794083
5881856,0.009174851700663567
5898240,0.00565191637724638
5914624,-0.003736395388841629
5931008,0.0008953716605901718
5947392,0.007298886775970459
5963776,0.0009456276893615723
5980160,0.0036461297422647476
5996544,-0.0022204481065273285
6012928,0.0032476577907800674
6029312,-0.00756567157804966
6045696,0.005988512188196182
6062080,-0.01043507270514965
6078464,0.0015283003449440002
6094848,-0.00178610160946846
6111232,0.00834321416914463
6127616,0.0004516858607530594
6144000,0.007357783615589142
6160384,0.009865829721093178
6176768,-0.006139243021607399
6193152,0.0010716170072555542
6209536,0.0028215590864419937
6225920,0.010220535099506378
6242304,0.0013351812958717346
6258688,0.015174699947237968
6275072,-0.006629150360822678
6291456,-0.0028531160205602646
6307840,0.0025022830814123154
6324224,-0.0005053319036960602
6340608,0.009474726393818855
6356992,-0.0030763186514377594
6373376,0.00507303886115551
6389760,-0.0020179878920316696
6406144,0.004084674641489983
6422528,-0.003961440175771713
6438912,0.002632647752761841
6455296,0.0035810843110084534
6471680,0.011298749595880508
6488064,0.0007337089627981186
6504448,-0.0007393192499876022
6520832,-0.001245599240064621
6537216,0.0018791444599628448
6553600,-0.0033874399960041046
6569984,0.003938691690564156
6586368,-0.0011908169835805893
6602752,-0.003417210653424263
6619136,-0.009109608829021454
6635520,0.001782882958650589
6651904,0.0003916993737220764
6668288,-0.000128110870718956
6684672,0.0010044630616903305
6701056,-0.0011397507041692734
6717440,0.004558594897389412
6733824,0.0034706834703683853
6750208,0.0046673547476530075
6766592,0.013076994568109512
6782976,0.007348665967583656
6799360,0.007472002878785133
6815744,-0.006661403924226761
6832128,0.0008078571408987045
6848512,-0.004645355045795441
6864896,-0.002629924565553665
6881280,0.0071162935346364975
6897664,-0.0007391031831502914
6914048,-0.003536488860845566
6930432,0.0001462642103433609
6946816,0.0021335408091545105
6963200,0.0046352241188287735
6979584,0.001990005373954773
6995968,0.0005221925675868988
7012352,0.002960875630378723
7028736,0.005147004500031471
7045120,0.004803035408258438
7061504,-0.005955580621957779
7077888,0.0010707471519708633
7094272,0.002768898382782936
7110656,0.0004707612097263336
7127040,0.0013396404683589935
7143424,-0.0004363618791103363
7159808,0.005970647558569908
7176192,0.009405352175235748
7192576,-0.006951384246349335
7208960,-0.004400581121444702
7225344,-0.000257980078458786
7241728,-0.0034023933112621307
7258112,-0.006744658574461937
7274496,-0.01853630691766739
7290880,-0.005563816055655479
7307264,0.0009147506207227707
7323648,0.0018848646432161331
7340032,-0.0014302991330623627
7356416,-0.006946079432964325
7372800,0.002309851348400116
7389184,0.0027151964604854584
7405568,-0.0011526551097631454
7421952,0.0015892013907432556
7438336,0.006171274930238724
7454720,0.0047569070011377335
7471104,0.011206025257706642
7487488,0.0026834234595298767
7503872,0.0036867447197437286
7520256,-0.0011548493057489395
7536640,0.0077659618109464645
7553024,-0.006045185029506683
7569408,-0.0010695699602365494
7585792,0.004461910575628281
7602176,-0.0002841521054506302
7618560,-0.017137497663497925
7634944,-0.0021607540547847748
7651328,0.00354202464222908
7667712,-0.0016225390136241913
7684096,0.006460128352046013
7700480,-0.0029114224016666412
7716864,0.007439253851771355
7733248,-0.001366959884762764
7749632,-0.008102864027023315
7766016,0.0006516426801681519
7782400,-0.0017186440527439117
7798784,0.006666887551546097
7815168,0.009384630247950554
7831552,-0.006234688684344292
7847936,0.010121112689375877
7864320,0.0014316178858280182
7880704,-0.00112147256731987
7897088,-0.0006765034049749374
7913472,-0.0014674961566925049
7929856,0.004591021686792374
7946240,0.003607524558901787
7962624,0.004155818372964859
7979008,0.007603727281093597
7995392,0.002409704029560089
8011776,0.0015992801636457443
8028160,0.0027356334030628204
8044544,0.0069656819105148315
8060928,-0.007691295817494392
8077312,-0.0056917704641819
8093696,0.0031612571328878403
8110080,0.007334308698773384
8126464,-0.0026556141674518585
8142848,0.0031548012048006058
8159232,0.0004936717450618744
8175616,-0.0044738780707120895
8192000,-0.0016775336116552353
8208384,-0.007697049528360367
8224768,0.003736507147550583
8241152,0.014433545991778374
8257536,-0.0017157327383756638
8273920,0.0012257657945156097
8290304,-0.0001541823148727417
8306688,0.0016099344938993454
8323072,-0.0008470825850963593
8339456,0.0016461685299873352
8355840,-0.00036564096808433533
8372224,0.004713431000709534
8388608,0.0019425079226493835
8404992,0.008112739771604538
8421376,0.0015393756330013275
8437760,0.0072035640478134155
8454144,-0.0039685554802417755
8470528,-0.0006529763340950012
8486912,0.011258691549301147
8503296,-0.007627235725522041
8519680,0.0003873072564601898
8536064,-0.002841547131538391
8552448,0.002441141754388809
8568832,0.008855016902089119
8585216,0.0068176984786987305
8601600,-0.0004263129085302353
8617984,-0.00128193199634552
8634368,-0.008417129516601562
8650752,-0.001723017543554306
8667136,0.006043324247002602
8683520,-0.009002894163131714
8699904,0.001749156042933464
8716288,-0.004524690099060535
8732672,0.005934463813900948
8749056,-0.01493561640381813
8765440,-0.001114722341299057
8781824,0.000647570937871933
8798208,-0.005728932097554207
8814592,-0.007702745497226715
8830976,0.0029215682297945023
8847360,-0.0011695865541696548
8863744,-0.0005593970417976379
8880128,0.001350991427898407
8896512,0.013814520090818405
8912896,0.013595450669527054
8929280,0.005973096005618572
8945664,-0.012422822415828705
8962048,0.000785408541560173
8978432,-0.0048947203904390335
8994816,0.004709076136350632
9011200,0.0039548929780721664
9027584,-0.005394703708589077
9043968,-0.0010109227150678635
9060352,0.0012259874492883682
9076736,0.0033779703080654144
9093120,-0.0041931308805942535
9109504,0.003442462533712387
9125888,0.0010979119688272476
9142272,0.0017230771481990814
9158656,0.0073082782328128815
9175040,0.007580280303955078
9191424,0.0060529038310050964
9207808,0.01456412672996521
9224192,0.0003798939287662506
9240576,0.0068631237372756
9256960,-0.0059026870876550674
9273344,0.00970352254807949
9289728,0.004622800275683403
9306112,-0.00048366282135248184
9322496,-0.010918406769633293
9338880,-0.00014969799667596817
9355264,0.008932579308748245
9371648,-0.0013548322021961212
9388032,0.004385756328701973
9404416,-0.004292316734790802
9420800,0.0022848155349493027
9437184,0.003605513833463192
9453568,0.0008137039840221405
9469952,0.0022638756781816483
9486336,0.006552551873028278
9502720,0.006723111495375633
9519104,-0.0010913349688053131
9535488,0.008204558864235878
9551872,-0.0007479246705770493
9568256,-0.00027171336114406586
9584640,-0.0011045504361391068
9601024,0.010127753019332886
9617408,0.000566563569009304
9633792,0.0035061296075582504
9650176,0.007381869480013847
9666560,0.012774547562003136
9682944,0.010995954275131226
9699328,-5.443301051855087e-05
9715712,0.016642708331346512
9732096,-0.003864203579723835
9748480,0.0027852756902575493
9764864,-0.018688960000872612
9781248,0.00737115740776062
9797632,0.008957723155617714
9814016,-0.0014734882861375809
9830400,-0.00433967262506485
9846784,-0.0027711577713489532
9863168,0.007636982947587967
9879552,0.002688685432076454
9895936,-0.012244714424014091
9912320,0.006081802770495415
9928704,0.009169789031147957
9945088,0.0048140790313482285
9961472,0.0036065038293600082
9977856,-0.007510514929890633
9994240,0.0038376236334443092
10010624,-0.004237614572048187
10027008,-0.005353335291147232
10043392,0.0030495841056108475
10059776,-0.004528911784291267
10076160,0.00706913135945797
10092544,0.021400215104222298
10108928,-0.015161463059484959
10125312,-0.0011581089347600937
10141696,0.019206104800105095
10158080,-0.0016003139317035675
10174464,-0.01894233748316765
10190848,0.007478279992938042
10207232,0.004403829574584961
10223616,0.007393749430775642
10240000,-0.006944144144654274
10256384,0.009429188445210457
10272768,0.01148585882037878
10289152,-0.0003248034045100212
10305536,0.0015041343867778778
10321920,0.0064744167029857635
10338304,0.001096869818866253
10354688,0.000995192676782608
10371072,0.008781836368143559
10387456,-0.00064835324883461
10403840,0.004175716079771519
10420224,0.0006518382579088211
10436608,0.000848233699798584
10452992,0.010787717998027802
10469376,0.0028447862714529037
10485760,-0.002087673172354698
10502144,0.0013920050114393234
10518528,0.006967488676309586
10534912,-0.0017964653670787811
10551296,0.0011821966618299484
10567680,0.007345704361796379
10584064,0.0025330930948257446
10600448,-0.001307763159275055
10616832,-0.005607735365629196
10633216,-0.0033623576164245605
10649600,-0.002561282366514206
10665984,0.007829871028661728
10682368,-0.006019759923219681
10698752,-0.000364743173122406
10715136,0.008037417195737362
10731520,-0.0025714337825775146
10747904,0.0013904599472880363
10764288,0.005098838359117508
10780672,-0.004770213738083839
10797056,0.005130268633365631
10813440,-0.002680717036128044
10829824,0.005390888080000877
10846208,-0.0024969130754470825
10862592,-0.001197122037410736
10878976,0.0007559508085250854
10895360,0.0032871998846530914
10911744,-0.0034735258668661118
10928128,-0.0042464397847652435
10944512,0.004675580188632011
10960896,0.0038006864488124847
10977280,0.0016528517007827759
10993664,0.006743624806404114
11010048,0.0003237929195165634
11026432,-0.003639690577983856
11042816,-0.0014908909797668457
11059200,0.00939871370792389
11075584,0.0003972165286540985
11091968,0.006522804498672485
11108352,0.010598817840218544
11124736,-0.0007202215492725372
11141120,3.143399953842163e-05
11157504,-0.01848439872264862
11173888,-0.0025436636060476303
11190272,-0.002152487635612488
11206656,-0.0010701343417167664
11223040,-0.0004365593194961548
11239424,-0.006572939455509186
11255808,0.009321089833974838
11272192,-0.0012399964034557343
11288576,0.0044116973876953125
11304960,-0.0035786591470241547
11321344,0.01440802589058876
11337728,0.003960693255066872
11354112,0.0023709572851657867
11370496,-0.0011374345049262047
11386880,0.0008575990796089172
11403264,-1.2248754501342773e-05
11419648,0.002443414181470871
11436032,-0.010693550109863281
11452416,0.0033768899738788605
11468800,0.0006782934069633484
11485184,0.004869949072599411
11501568,-0.023020338267087936
11517952,-0.005827445536851883
11534336,-0.008785057812929153
11550720,0.005545433610677719
11567104,-0.00558408722281456
11583488,-0.01418781466782093
11599872,0.0046909041702747345
11616256,0.002706637606024742
11632640,0.004009624943137169
11649024,-0.0028084665536880493
11665408,0.005867861211299896
11681792,-0.009500205516815186
11698176,-0.00855676457285881
11714560,0.005961660295724869
11730944,-0.0018852278590202332
11747328,0.0032391883432865143
11763712,-0.0028414223343133926
11780096,0.0056802257895469666
11796480,-0.01020752638578415
11812864,0.0020964592695236206
11829248,-0.001997239887714386
11845632,-0.009101057425141335
11862016,0.007244504988193512
11878400,0.003299490548670292
11894784,-0.005629394203424454
11911168,0.004787851125001907
11927552,-0.006162842735648155
11943936,0.0048685260117053986
11960320,0.0008532442152500153
11976704,0.0035515427589416504
11993088,0.0006033256649971008
12009472,0.0033684223890304565
12025856,0.006344731897115707
12042240,-0.004791717976331711
12058624,-0.0014512594789266586
12075008,0.011493738740682602
12091392,0.016067182645201683
12107776,0.014240361750125885
12124160,0.02410082146525383
12140544,-0.0022434499114751816
12156928,0.003271672874689102
12173312,-0.003135642036795616
12189696,-0.004621276631951332
12206080,0.00829737726598978
12222464,-0.0054421573877334595
12238848,-0.0008537601679563522
12255232,-0.004815081134438515
12271616,0.004873838275671005
12288000,0.01328316517174244
12304384,0.008708106353878975
12320768,0.008727554231882095
12337152,0.005902349948883057
12353536,-0.009940000250935555
12369920,0.005334638059139252
12386304,-0.0016758069396018982
12402688,-0.005137974396348
12419072,0.00669865682721138
12435456,0.0029424987733364105
12451840,0.003402160480618477
12468224,-0.007829934358596802
12484608,0.006694599986076355
12500992,-0.007964137941598892
12517376,-0.0066896360367536545
12533760,0.015506168827414513
12550144,0.0037518255412578583
12566528,-0.0041089653968811035
12582912,0.0030878372490406036
12599296,0.013271486386656761
12615680,0.004277249798178673
12632064,-0.01231328584253788
12648448,0.008508563973009586
12664832,-0.009264206513762474
12681216,0.0008464045822620392
12697600,0.0029229987412691116
12713984,-0.0007251445204019547
12730368,0.006239389069378376
12746752,0.0019924622029066086
12763136,0.007540212944149971
12779520,0.0073341988027095795
12795904,-0.005578871816396713
12812288,0.007909689098596573
12828672,-0.03857386112213135
12845056,0.006562933325767517
12861440,-6.064772605895996e-05
12877824,0.014731155708432198
12894208,0.01873442903161049
12910592,-0.0036845486611127853
12926976,-0.011959459632635117
12943360,0.00017021037638187408
12959744,0.007908380590379238
12976128,-0.0002059582620859146
12992512,0.001964959315955639
13008896,0.0006001219153404236
13025280,0.008255896158516407
13041664,0.005152817815542221
13058048,6.177928298711777e-05
13074432,0.00617657694965601
13090816,0.0021298816427588463
13107200,0.005815466865897179
13123584,0.0006216801702976227
13139968,0.0026188911870121956
13156352,-0.007341188378632069
13172736,0.013750569894909859
13189120,0.006887786090373993
13205504,0.013427373953163624
13221888,0.0029838010668754578
13238272,0.008539038710296154
13254656,0.005944789387285709
13271040,-0.003508324734866619
13287424,0.00620652362704277
13303808,1.8273480236530304e-05
13320192,-0.010704480111598969
13336576,0.006474361754953861
13352960,0.012713494710624218
13369344,0.008348116651177406
13385728,0.010952324606478214
13402112,0.022487156093120575
13418496,0.021059339866042137
13434880,0.0014613131061196327
13451264,0.013032937422394753
13467648,-0.014346999116241932
13484032,-0.016716118901968002
13500416,-0.0020397696644067764
13516800,-0.0073398081585764885
13533184,0.01757531799376011
13549568,-0.002483585849404335
13565952,0.00531037338078022
13582336,0.015688534826040268
13598720,0.005290132015943527
13615104,0.017590846866369247
13631488,0.01685691997408867
13647872,0.011989952996373177
13664256,0.00713687390089035
13680640,-0.003792073577642441
13697024,-0.009418690577149391
13713408,0.01696617156267166
13729792,0.00039692874997854233
13746176,0.014059484004974365
13762560,0.0004332195967435837
13778944,-0.0009050760418176651
13795328,0.0022952836006879807
13811712,0.005818059667944908
13828096,0.015310557559132576
13844480,0.007800968363881111
13860864,-0.01060965470969677
13877248,-0.006363650783896446
13893632,0.010276385582983494
13910016,-0.0015426715835928917
13926400,-0.002677701413631439
13942784,0.0018359189853072166
13959168,0.0036563295871019363
13975552,0.026793573051691055
13991936,0.009777006693184376
14008320,0.013232329860329628
14024704,-0.014523245394229889
14041088,-0.008555416017770767
14057472,0.0007340144366025925
14073856,0.017895590513944626
14090240,0.008766691200435162
14106624,0.0003755418583750725
14123008,0.013899879530072212
14139392,0.009981000795960426
14155776,0.004007011651992798
14172160,-0.006672943942248821
14188544,0.004841943271458149
14204928,0.010903438553214073
14221312,0.01212113443762064
14237696,0.007175801321864128
14254080,0.005502239800989628
14270464,0.017498858273029327
14286848,0.0006084786728024483
14303232,-0.008742609061300755
14319616,0.004946192726492882
14336000,0.0012122215703129768
14352384,0.009533959440886974
14368768,0.007836432196199894
14385152,0.013770444318652153
14401536,-0.007473500445485115
14417920,0.008346647024154663
14434304,0.0025994526222348213
14450688,0.002789565362036228
14467072,0.0008934382349252701
14483456,0.0015978142619132996
14499840,0.013911246322095394
14516224,0.006650878116488457
14532608,0.00427134707570076
14548992,0.017906509339809418
14565376,0.014596084132790565
14581760,-0.038482047617435455
14598144,-0.0015600323677062988
14614528,0.014730392023921013
14630912,-0.008151477202773094
14647296,0.021785471588373184
14663680,-0.009663263335824013
14680064,0.0016266349703073502
14696448,0.0027459822595119476
14712832,-0.002785084769129753
14729216,-0.007633499801158905
14745600,0.0007989518344402313
14761984,0.005963921546936035
14778368,-0.019588401541113853
14794752,-0.003671778365969658
14811136,-0.005129426717758179
14827520,0.010179102420806885
14843904,0.0023848144337534904
14860288,0.020898275077342987
14876672,0.0017619896680116653
14893056,-0.005801049992442131
14909440,0.022741632536053658
14925824,-0.008959904313087463
14942208,-0.0055458564311265945
14958592,0.005731165409088135
14974976,0.006159668788313866
14991360,-0.0008316840976476669
15007744,-0.008828680962324142
15024128,-0.0009923707693815231
15040512,-0.010485591366887093
15056896,-0.0006682667881250381
15073280,-0.0042120907455682755
15089664,-0.0008141864091157913
15106048,-0.006305921822786331
15122432,0.005371458828449249
15138816,0.0019699465483427048
15155200,0.0033755162730813026
15171584,0.007445773109793663
15187968,-0.006226010620594025
15204352,0.001367943361401558
15220736,0.0024691978469491005
15237120,-0.013152051717042923
15253504,0.0006503826007246971
15269888,0.016151780262589455
15286272,-0.004597801715135574
15302656,-0.006798871792852879
15319040,-0.00019326433539390564
15335424,0.0029629264026880264
15351808,-0.026446109637618065
15368192,-0.002925574779510498
15384576,0.015803765505552292
15400960,0.0013562701642513275
15417344,0.00577404722571373
15433728,-0.004950486123561859
15450112,-0.0027237068861722946
15466496,0.013042997568845749
15482880,0.007974600419402122
15499264,-0.00019684899598360062
15515648,-0.006070462986826897
15532032,0.002236349508166313
15548416,0.0018652565777301788
15564800,0.011856495402753353
15581184,0.012830708175897598
15597568,0.01859048753976822
15613952,0.000845104455947876
15630336,0.008816670626401901
15646720,0.006105305626988411
15663104,-0.004161686636507511
15679488,0.0001899339258670807
15695872,-0.0066773854196071625
15712256,0.0027605295181274414
15728640,-0.00610597338527441
15745024,0.0011098925024271011
15761408,0.011614304035902023
15777792,-0.0030950382351875305
15794176,-0.011059948243200779
15810560,0.018905282020568848
15826944,0.0057320380583405495
15843328,0.004790877923369408
15859712,-0.029861140996217728
15876096,0.02879229746758938
15892480,0.005649564787745476
15908864,0.0013301502913236618
15925248,0.003630582243204117
15941632,0.00043395720422267914
15958016,0.0012609120458364487
15974400,-0.003269122913479805
15990784,-0.004090921953320503
16007168,-0.0026339907199144363
16023552,7.670372724533081e-05
16039936,0.008289620280265808
16056320,0.007131628692150116
16072704,-0.001538613811135292
16089088,0.0071534644812345505
16105472,0.0022069066762924194
16121856,-0.004916908219456673
16138240,0.009367099031805992
16154624,0.014822172932326794
16171008,0.005807268433272839
16187392,-0.005115590989589691
16203776,0.0010549398139119148
16220160,-0.0018690144643187523
16236544,0.00814992468804121
16252928,0.007099811919033527
16269312,-0.0015105130150914192
16285696,0.003966560587286949
16302080,0.0061081210151314735
16318464,0.003552759066224098
16334848,-0.0022405078634619713
16351232,0.0035899262875318527
16367616,-0.005511615425348282
16384000,0.0074642617255449295
16400384,0.0106201171875
16416768,-0.007941443473100662
16433152,4.670675843954086e-05
16449536,-0.005343296565115452
16465920,0.008467167615890503
16482304,-0.002499634400010109
16498688,0.0006485451012849808
16515072,0.007817676290869713
16531456,0.009986698627471924
16547840,0.008594052866101265
16564224,0.005984202027320862
16580608,-0.0020010657608509064
16596992,0.00865741167217493
16613376,-0.0019142907112836838
16629760,-0.0005540372803807259
16646144,0.00134941004216671
16662528,0.025813359767198563
16678912,-0.0014826571568846703
16695296,0.006191480904817581
16711680,0.009678960777819157
16728064,0.010957160964608192
16744448,0.003578376956284046
16760832,-0.002603190951049328
16777216,0.009636854752898216
16793600,-0.01069412287324667
16809984,0.00817157793790102
16826368,-0.007687713019549847
16842752,0.005185435526072979
16859136,0.011304587125778198
16875520,0.008368424139916897
16891904,0.0040731774643063545
16908288,0.00033403560519218445
16924672,0.004954023286700249
16941056,-0.0230848491191864
16957440,-0.0008810665458440781
16973824,-0.0005883984267711639
16990208,-9.742565453052521e-05
17006592,-0.0025106146931648254
17022976,0.002810778096318245
17039360,0.006139341741800308
17055744,-0.00689686369150877
17072128,0.009259793907403946
17088512,0.004720855504274368
17104896,5.9505924582481384e-05
17121280,0.00893644243478775
17137664,-0.003943923860788345
17154048,0.004205280914902687
17170432,-0.0009598378092050552
17186816,-0.0005700746551156044
17203200,0.01081260945647955
17219584,-0.001210048794746399
17235968,-0.014026137068867683
17252352,-0.003513757139444351
17268736,-0.01510724239051342
17285120,0.012115275487303734
17301504,0.004629961214959621
17317888,0.000808127224445343
17334272,-0.0066280849277973175
17350656,0.007056323811411858
17367040,-0.013152068480849266
17383424,-0.012094181030988693
17399808,0.004508500918745995
17416192,0.0005630161613225937
17432576,-0.004973771050572395
17448960,0.016445565968751907
17465344,0.006610337644815445
17481728,0.02032233402132988
17498112,0.002734009176492691
17514496,-0.001980101689696312
17530880,0.0004147924482822418
17547264,-0.009166710078716278
17563648,0.00022079981863498688
17580032,-0.008304169401526451
17596416,0.0033492427319288254
17612800,0.0010793674737215042
17629184,-0.0010600145906209946
17645568,-0.009926330298185349
17661952,-0.014489937573671341
17678336,0.018243592232465744
17694720,-0.012035461142659187
17711104,-0.0016645565629005432
17727488,-0.0018243901431560516
17743872,0.002720234915614128
17760256,-0.004735084250569344
17776640,0.005764994770288467
17793024,-0.013903217390179634
17809408,0.009391890838742256
17825792,-0.0012639351189136505
17842176,0.004457786679267883
17858560,-0.0012022703886032104
17874944,0.006338894367218018
17891328,0.0018105711787939072
17907712,0.0011079050600528717
17924096,-0.007723219692707062
17940480,-0.00033587776124477386
17956864,0.005451356992125511
17973248,-0.003184031695127487
17989632,0.01225299946963787
18006016,-0.006500864401459694
18022400,0.01183306984603405
18038784,0.005179997533559799
18055168,0.012900568544864655
18071552,-0.007049228996038437
18087936,0.00783083401620388
18104320,-0.0043330565094947815
18120704,0.00765574537217617
18137088,-0.005697743967175484
18153472,-0.006682585924863815
18169856,-0.008933592587709427
18186240,0.0027998723089694977
18202624,-0.002734968438744545
18219008,-0.0077176205813884735
18235392,-0.001143159344792366
18251776,-0.00359257310628891
18268160,0.007638651877641678
18284544,-0.00387684628367424
18300928,0.004693692550063133
18317312,0.007726183161139488
18333696,0.00010826438665390015
18350080,-0.004865506663918495
18366464,-0.0015351437032222748
18382848,-0.007446484640240669
18399232,0.009218122810125351
18415616,0.013396702706813812
18432000,0.005970090627670288
18448384,0.016034284606575966
18464768,0.01714879833161831
18481152,0.0021590357646346092
18497536,0.023648034781217575
18513920,-0.006483446806669235
18530304,0.006710093468427658
18546688,0.0008338987827301025
18563072,0.0035694651305675507
18579456,0.006035979837179184
18595840,-0.010277125984430313
18612224,0.004843506962060928
18628608,-0.002791929990053177
18644992,0.013250033371150494
18661376,0.008361833170056343
18677760,-0.003877483308315277
18694144,-0.008426325395703316
18710528,0.007048735395073891
18726912,0.009922252967953682
18743296,-0.009555954486131668
18759680,0.03130587562918663
18776064,0.0076268743723630905
18792448,-0.0031546130776405334
18808832,0.0074240826070308685
18825216,-0.005874108523130417
18841600,0.008158921264111996
18857984,0.0049505336210131645
18874368,-0.0031570252031087875
18890752,-0.005012650042772293
18907136,0.018845591694116592
18923520,-0.00025254860520362854
18939904,-0.0022908616811037064
18956288,0.0025092530995607376
18972672,-0.0039123110473155975
18989056,0.003680560737848282
19005440,-0.0012075789272785187
19021824,-0.000947609543800354
19038208,0.005023986101150513
19054592,-0.010388044640421867
19070976,-0.006400417536497116
19087360,0.01713884063065052
19103744,0.0011288654059171677
19120128,0.027515096589922905
19136512,0.00966845452785492
19152896,-0.0036232564598321915
19169280,-0.006965812295675278
19185664,0.009369760751724243
19202048,0.0003691241145133972
19218432,0.009294671937823296
19234816,0.00021270103752613068
19251200,0.003290761262178421
19267584,0.009344276040792465
19283968,-0.002548355609178543
19300352,-0.0069072917103767395
19316736,-0.015758352354168892
19333120,0.0035465024411678314
19349504,-0.0011570118367671967
19365888,-0.0011148527264595032
19382272,0.001927269622683525
19398656,0.001805650070309639
19415040,0.004733162000775337
19431424,0.0022921208292245865
19447808,-0.0013784915208816528
19464192,0.003128422424197197
19480576,-0.007952261716127396
19496960,-0.007579736411571503
19513344,-0.01573355868458748
19529728,-0.004997760057449341
19546112,0.005322912707924843
19562496,0.0052649229764938354
19578880,0.006717517971992493
19595264,0.016597164794802666
19611648,0.011748764663934708
19628032,0.0006356872618198395
19644416,0.004142578691244125
19660800,-0.0034027472138404846
19677184,0.015243645757436752
19693568,0.015680575743317604
19709952,0.0029157213866710663
19726336,-0.0034572333097457886
19742720,-0.004129376262426376
19759104,-0.005306225270032883
19775488,-0.0009965859353542328
19791872,0.0016755275428295135
19808256,-0.012772059068083763
19824640,0.0017547756433486938
19841024,0.005965488031506538
19857408,-0.005462953820824623
19873792,-0.000879799947142601
19890176,0.004103511571884155
19906560,0.0041700806468725204
19922944,0.002953585237264633
19939328,0.004348576068878174
19955712,-0.011516129598021507
19972096,-0.0017730314284563065
19988480,-0.006121182814240456
20004864,-0.0017358660697937012
20021248,-0.01195160485804081
20037632,0.0074482932686805725
20054016,-0.012368444353342056
20070400,-0.0036629755049943924
20086784,-0.002732895314693451
20103168,0.010188069194555283
20119552,0.01897735893726349
20135936,0.001696113497018814
20152320,-0.0014551952481269836
20168704,-0.006480777636170387
20185088,-0.010010944679379463
20201472,0.0022604037076234818
20217856,0.010081140324473381
20234240,0.001951633021235466
20250624,0.004060210660099983
20267008,-0.009320583194494247
20283392,0.008217748254537582
20299776,-0.0004150383174419403
20316160,0.010914526879787445
20332544,-0.0036063119769096375
20348928,0.005417590960860252
20365312,0.0211363323032856
20381696,0.0049303993582725525
20398080,0.006938884034752846
20414464,-0.0023114848881959915
20430848,-0.0027170050889253616
20447232,-0.006658563390374184
20463616,0.002789326012134552
20480000,-0.01864258199930191
20496384,0.023156028240919113
20512768,0.003799932077527046
20529152,0.00998961552977562
20545536,0.004429813474416733
20561920,-0.006585303694009781
20578304,-0.0035550761967897415
20594688,0.006576187908649445
20611072,-0.0004794057458639145
20627456,0.010921813547611237
20643840,0.0038121845573186874
20660224,0.0003207940608263016
20676608,-0.014110611751675606
20692992,-0.003803357481956482
20709376,-0.0005651507526636124
20725760,0.00427955761551857
20742144,0.007458992302417755
20758528,0.0016319677233695984
20774912,-0.021061088889837265
20791296,0.000772060826420784
20807680,-0.002657836303114891
20824064,0.0008460190147161484
20840448,-0.0037383288145065308
20856832,-0.007059300318360329
20873216,-0.00990598089993
20889600,0.015597527846693993
20905984,-0.0030272863805294037
20922368,0.0015121959149837494
20938752,0.011977095156908035
20955136,0.004400588572025299
20971520,0.020039338618516922
20987904,0.017245445400476456
21004288,-0.0018345247954130173
21020672,0.005709510296583176
21037056,0.002898428589105606
21053440,-0.003698265179991722
21069824,0.008210396394133568
21086208,0.01698370836675167
21102592,0.014966730028390884
21118976,0.0018736235797405243
21135360,0.0035764258354902267
21151744,0.03040630929172039
21168128,-0.0033464711159467697
21184512,-0.0039136819541454315
21200896,-0.00256907194852829
21217280,0.0024451054632663727
21233664,-0.004711564630270004
21250048,0.0049167294055223465
21266432,-0.012504706159234047
21282816,0.0040420666337013245
21299200,-0.0027831625193357468
21315584,0.009329931810498238
21331968,-0.0027311164885759354
21348352,0.0039777737110853195
21364736,-0.0008890777826309204
21381120,0.008849207311868668
21397504,-0.0004706215113401413
21413888,0.008528834208846092
21430272,0.0010469723492860794
21446656,-0.0016461517661809921
21463040,0.007011760026216507
21479424,-0.00044754892587661743
21495808,-0.019296517595648766
21512192,0.00841515138745308
21528576,0.0022144783288240433
21544960,0.008608171716332436
21561344,0.00431513786315918
21577728,0.0166576337069273
21594112,0.0048958919942379
21610496,0.010506190359592438
21626880,0.008711868897080421
21643264,0.0031537525355815887
21659648,0.0035782121121883392
21676032,-0.0036213863641023636
21692416,0.013993199914693832
21708800,0.0032753385603427887
21725184,0.0017833113670349121
21741568,-0.004036495462059975
21757952,-0.005965081974864006
21774336,-0.01614326611161232
21790720,-0.006301699206233025
21807104,-0.001910768449306488
21823488,0.007772807031869888
21839872,0.006384206935763359
21856256,0.004348438233137131
21872640,0.0031239762902259827
21889024,0.006611168384552002
21905408,-0.0012275371700525284
21921792,-0.010720141232013702
21938176,0.0015420801937580109
21954560,-0.0072029102593660355
21970944,0.009748164564371109
21987328,0.013917775824666023
22003712,0.006884889677166939
22020096,0.002060484141111374
22036480,0.005498558282852173
22052864,0.010747030377388
22069248,0.007363550364971161
22085632,0.0022302083671092987
22102016,0.005747070536017418
22118400,-0.004344085231423378
22134784,0.01654648408293724
22151168,0.01129407063126564
22167552,0.002864500507712364
22183936,-0.00046118907630443573
22200320,0.0024632494896650314
22216704,0.013826070353388786
22233088,-0.004779007285833359
22249472,0.004514962434768677
22265856,-0.020388325676321983
22282240,0.0086334478110075
22298624,0.0019480474293231964
22315008,0.009894851595163345
22331392,-0.0015081372112035751
22347776,0.0009596683084964752
22364160,-0.012221032753586769
22380544,-0.0016986299306154251
22396928,0.0024025719612836838
22413312,-0.001659465953707695
22429696,0.00024553388357162476
22446080,-0.00018019787967205048
22462464,-0.006005076691508293
22478848,-0.0018091630190610886
22495232,-0.00247843936085701
22511616,0.005676688626408577
22528000,0.0039691012352705
22544384,0.0019482579082250595
22560768,0.005627747625112534
22577152,-0.006484532728791237
22593536,0.004008494317531586
22609920,0.0078082457184791565
22626304,-0.004060836508870125
22642688,-0.013393519446253777
22659072,0.0020485613495111465
22675456,0.0012167077511548996
22691840,-0.00581526942551136
22708224,-0.0005872845649719238
22724608,0.009522654116153717
22740992,0.005185430869460106
22757376,0.005806144326925278
22773760,-0.0013879593461751938
22790144,0.000881025567650795
22806528,0.00571831502020359
22822912,-0.0010569971054792404
22839296,-0.008415315300226212
22855680,0.009241867810487747
22872064,0.001712355762720108
22888448,0.015132833272218704
22904832,-0.005619660019874573
22921216,-0.003072541207075119
22937600,-0.005303595215082169
22953984,-0.01251952350139618
22970368,-0.0032600704580545425
22986752,-0.0006701536476612091
23003136,-0.001594729721546173
23019520,0.0018869079649448395
23035904,0.016631560400128365
23052288,-0.0018962156027555466
23068672,0.015119189396500587
23085056,0.003838103264570236
23101440,0.0011334829032421112
23117824,0.00083918496966362
23134208,0.01041359268128872
23150592,-0.008572444319725037
23166976,0.0017629265785217285
23183360,-0.0015852302312850952
23199744,0.00012029148638248444
23216128,0.00356847420334816
23232512,0.0001448318362236023
23248896,-0.003789041191339493
23265280,0.0025638118386268616
23281664,0.0035195201635360718
23298048,-0.0004113670438528061
23314432,-0.006887536495923996
23330816,0.0006543193012475967
23347200,0.001563381403684616
23363584,-0.003205619752407074
23379968,-0.0023064687848091125
23396352,-0.004341546446084976
23412736,0.004123903810977936
23429120,0.002212386578321457
23445504,-0.00603647343814373
23461888,-0.0008516442030668259
23478272,-0.0018099620938301086
23494656,-0.016713354736566544
23511040,-0.0029659662395715714
23527424,0.0051568858325481415
23543808,0.0016979202628135681
23560192,0.015753544867038727
23576576,0.007929541170597076
23592960,0.01678447052836418
23609344,0.0033353175967931747
23625728,-0.0038647204637527466
23642112,-0.0019835252314805984
23658496,-0.0048946477472782135
23674880,0.004861894994974136
23691264,-0.009495198726654053
23707648,-0.012503450736403465
23724032,-0.0009047314524650574
23740416,-0.004502760246396065
23756800,-0.004350252449512482
23773184,-0.003399774432182312
23789568,0.011002911254763603
23805952,0.006926106289029121
23822336,0.003221629187464714
23838720,-0.0007448457181453705
23855104,-0.00139695405960083
23871488,-0.018968679010868073
23887872,-0.0010933242738246918
23904256,-0.0005898866802453995
23920640,-0.004407854750752449
23937024,-0.007878147065639496
23953408,0.0016668308526277542
23969792,-0.010599026456475258
23986176,-0.005053898319602013
24002560,0.03197818249464035
24018944,0.0018973257392644882
24035328,0.0039549097418785095
24051712,-0.00334303081035614
24068096,-0.007300946861505508
24084480,-0.004359018057584763
24100864,-0.0017361212521791458
24117248,6.990879774093628e-05
24133632,-0.006288684904575348
24150016,-0.00036922842264175415
24166400,-0.013460159301757812
24182784,-0.004730472341179848
24199168,0.0018579568713903427
24215552,-0.004794985055923462
24231936,0.004514357075095177
24248320,-0.007642297074198723
24264704,0.008399832993745804
24281088,0.0005166083574295044
24297472,-0.001894872635602951
24313856,-0.0016659777611494064
24330240,-0.0010733185335993767
24346624,0.003450836054980755
24363008,-0.0030316105112433434
24379392,0.001273217611014843
24395776,0.022969495505094528
24412160,-0.0022261179983615875
24428544,0.001839127391576767
24444928,0.001923014409840107
24461312,0.01116870529949665
24477696,-0.0029325028881430626
24494080,0.005117984488606453
24510464,-0.0003258008509874344
24526848,0.00015952996909618378
24543232,-0.003094976767897606
24559616,0.00906396098434925
24576000,0.0097183957695961
24592384,0.002841280773282051
24608768,0.00749304611235857
24625152,0.00024305842816829681
24641536,-0.004344201646745205
24657920,-0.0007112119346857071
24674304,-0.005853744223713875
24690688,-0.00917919259518385
24707072,0.0006923852488398552
24723456,0.0036434922367334366
24739840,0.005976101383566856
24756224,0.012904672883450985
24772608,-0.0062805358320474625
24788992,0.014183031395077705
24805376,0.0066765546798706055
24821760,0.014974960125982761
24838144,0.0008144807070493698
24854528,-0.007587851025164127
24870912,-0.007086443714797497
24887296,0.011557642370462418
24903680,0.003926817327737808
24920064,0.007758596912026405
24936448,0.006447894498705864
24952832,0.004477480426430702
24969216,0.0031627388671040535
24985600,0.005516884848475456
25001984,0.007644277065992355
25018368,0.01024947501718998
25034752,0.011382503435015678
25051136,-0.0004450147971510887
25067520,0.0024965833872556686
25083904,-0.00882573239505291
25100288,-0.008309618569910526
25116672,0.002581922337412834
25133056,0.004459322430193424
25149440,0.003862743265926838
25165824,0.009357042610645294
25182208,0.0007791807875037193
25198592,0.0017319601029157639
25214976,-0.001574639230966568
25231360,-0.004016658291220665
25247744,-0.007406184449791908
25264128,0.0031991712749004364
25280512,-0.002077113837003708
25296896,0.006856764666736126
25313280,-0.006640955805778503
25329664,0.0010473448783159256
25346048,0.011323688551783562
25362432,-0.0014659101143479347
25378816,0.00045782048255205154
25395200,-0.012223529629409313
25411584,-0.003406609408557415
25427968,-0.0015546996146440506
25444352,-0.0008561350405216217
25460736,-0.0007970621809363365
25477120,0.008358745835721493
25493504,0.010025374591350555
25509888,-0.010922743938863277
25526272,0.0019277669489383698
25542656,0.008619898930191994
25559040,0.0037689367309212685
25575424,0.006409146822988987
25591808,-0.005836558528244495
25608192,0.015364683233201504
25624576,-0.006810982711613178
25640960,0.006572254002094269
25657344,0.005772179923951626
25673728,-0.008942320011556149
25690112,0.0028524985536932945
25706496,-0.0025605466216802597
25722880,-0.0011381441727280617
25739264,0.010318347252905369
25755648,0.00726709607988596
25772032,0.013661320321261883
25788416,0.01452568732202053
25804800,0.008144205436110497
25821184,0.003091808408498764
25837568,-0.001220783218741417
25853952,-0.008337908424437046
25870336,0.003837679512798786
25886720,0.00020679831504821777
25903104,0.008383851498365402
25919488,0.013034327886998653
25935872,0.013307149522006512
25952256,0.02269710972905159
25968640,-0.010003890842199326
25985024,-0.01006476953625679
26001408,0.007209200412034988
26017792,0.00613961648195982
26034176,-0.0032572168856859207
26050560,-0.010641131550073624
26066944,0.012778697535395622
26083328,0.0016018562018871307
26099712,0.011075458489358425
26116096,0.002838579937815666
26132480,0.008422009646892548
26148864,0.0010436363518238068
26165248,0.009511344134807587
26181632,0.0039043184369802475
26198016,-0.005351286381483078
26214400,0.001573663204908371
26230784,-0.001145433634519577
26247168,0.0009673424065113068
26263552,-0.002928357571363449
26279936,-0.0004532560706138611
26296320,0.0007912423461675644
26312704,-0.0033289827406406403
26329088,0.0017718859016895294
26345472,0.003333093598484993
26361856,0.0004499722272157669
26378240,0.004668446257710457
26394624,0.008718425408005714
26411008,-0.0006212759763002396
26427392,0.002823328599333763
26443776,0.00032597966492176056
26460160,0.002009572461247444
26476544,0.0002088937908411026
26492928,-0.014656033366918564
26509312,0.00043727457523345947
26525696,0.0007627001032233238
26542080,0.0033569876104593277
26558464,-0.0016745366156101227
26574848,0.002516191452741623
26591232,0.014134639874100685
26607616,-0.004410138353705406
26624000,-0.010690158233046532
26640384,0.0009023137390613556
26656768,-0.0011522304266691208
26673152,0.001135973259806633
26689536,0.002301374450325966
26705920,0.009165504947304726
26722304,0.005056615918874741
26738688,-0.007707657292485237
26755072,0.012241614982485771
26771456,0.005813170224428177
26787840,0.005443837493658066
26804224,0.0021805204451084137
26820608,0.002976648509502411
26836992,-0.004508402198553085
26853376,-0.005193524062633514
26869760,0.008934350684285164
26886144,0.004656204953789711
26902528,-0.002862667664885521
26918912,-0.0030052419751882553
26935296,0.009169206023216248
26951680,0.011483680456876755
26968064,0.0025093629956245422
26984448,0.0021287500858306885
27000832,0.008193451911211014
27017216,0.005348678678274155
27033600,-0.0021509667858481407
27049984,-0.0035873744636774063
27066368,0.00908690970391035
27082752,-0.006918385624885559
27099136,0.004726050421595573
27115520,-0.009903471916913986
27131904,0.005457218736410141
27148288,-0.004423892125487328
27164672,-0.0016974583268165588
27181056,0.007412798702716827
27197440,-0.005347304046154022
27213824,0.005210479721426964
27230208,-0.000782480463385582
27246592,-0.009697122499346733
27262976,-0.005321221426129341
27279360,-0.004035281017422676
27295744,-0.006602689623832703
27312128,-0.002884194254875183
27328512,0.011491548269987106
27344896,-0.0029846765100955963
27361280,0.008278902620077133
27377664,-0.008551551029086113
27394048,0.012385595589876175
27410432,-0.011206300929188728
27426816,0.010009679943323135
27443200,0.011495931074023247
27459584,0.010559458285570145
27475968,0.007465381175279617
27492352,0.008391227573156357
27508736,0.008833471685647964
27525120,0.01417570561170578
27541504,-0.0010412707924842834
27557888,-0.002175094559788704
27574272,0.008831428363919258
27590656,-0.0021721068769693375
27607040,0.0036134812980890274
27623424,-6.505660712718964e-05
27639808,0.0019584111869335175
27656192,0.0050185676664114
27672576,0.005575643852353096
27688960,0.0014448035508394241
27705344,0.00737100001424551
27721728,-0.001552807167172432
27738112,0.01490786112844944
27754496,0.0013933349400758743
27770880,0.012653178535401821
27787264,-0.008336877450346947
27803648,0.004534021019935608
27820032,0.009507894515991211
27836416,0.000117473304271698
27852800,0.0029337815940380096
27869184,0.009012214839458466
27885568,0.0010131672024726868
27901952,-0.00965607538819313
27918336,-0.011109335348010063
27934720,0.009686348959803581
27951104,0.004400040954351425
27967488,-0.005673420615494251
27983872,0.002206459641456604
28000256,0.0067165326327085495
28016640,0.010657558217644691
28033024,0.023373009636998177
28049408,-0.0005537383258342743
28065792,-0.014813646674156189
28082176,0.001811852678656578
28098560,0.0028096716850996017
28114944,-0.003788275644183159
28131328,-0.009118091315031052
28147712,0.0037643928080797195
28164096,0.003160528838634491
28180480,0.0042395275086164474
28196864,0.009297391399741173
28213248,-0.007915645837783813
28229632,0.003609500825405121
28246016,0.011769391596317291
28262400,-0.005120821297168732
28278784,-0.0072923265397548676
28295168,0.0007276963442564011
28311552,-0.003573475405573845
28327936,-0.016010407358407974
28344320,-0.0075364019721746445
28360704,0.00853513553738594
28377088,0.006204463541507721
28393472,-0.008518334478139877
28409856,0.013199511915445328
28426240,0.004021260887384415
28442624,-0.0029618721455335617
28459008,0.0011837407946586609
28475392,-0.0063260383903980255
28491776,0.02495351992547512
28508160,0.01151723600924015
28524544,-0.009650731459259987
28540928,0.003845537081360817
28557312,-0.0036194417625665665
28573696,-0.008411446586251259
28590080,0.009956366382539272
28606464,-0.000760306604206562
28622848,0.0058070095255970955
28639232,0.002810891717672348
28655616,-0.002768229693174362
28672000,-0.0009706830605864525
28688384,0.015830032527446747
28704768,0.008922332897782326
28721152,0.004064001142978668
28737536,0.0012786835432052612
28753920,0.011289716698229313
28770304,-0.005646071396768093
28786688,-0.009191693738102913
28803072,0.015291337855160236
28819456,-0.010154039599001408
28835840,0.00833753403276205
28852224,0.0029938770458102226
28868608,0.00634758360683918
28884992,0.0006620520725846291
28901376,-0.006134471856057644
28917760,-0.0080281225964427
28934144,0.02984839677810669
28950528,0.011479774489998817
28966912,0.0019773906096816063
28983296,0.014106456190347672
28999680,-0.0005262196063995361
29016064,-0.006725389510393143
29032448,0.003995109349489212
29048832,0.004790508188307285
29065216,0.013619698584079742
29081600,0.0020452002063393593
29097984,-0.0006630290299654007
29114368,0.0018008667975664139
29130752,-0.0027164220809936523
29147136,-0.007255593314766884
29163520,0.006636681966483593
29179904,-0.0038295304402709007
29196288,0.0037013571709394455
29212672,-0.0032264161854982376
29229056,0.0020274491980671883
29245440,-0.015440760180354118
29261824,0.0006065890192985535
29278208,-0.0038206446915864944
29294592,0.015139179304242134
29310976,0.0169058870524168
29327360,-0.006200836971402168
29343744,-0.004307162947952747
29360128,0.022391576319932938
29376512,-0.00804485660046339
29392896,0.003919783979654312
29409280,-0.010558940470218658
29425664,-0.0012352848425507545
29442048,-0.0012974757701158524
29458432,0.0029677366837859154
29474816,0.007644984871149063
29491200,0.005079589784145355
29507584,0.011590038426220417
29523968,-0.02615048922598362
29540352,-0.023079976439476013
29556736,-0.010507114231586456
29573120,0.002612748183310032
29589504,0.02280782163143158
29605888,0.003442482091486454
29622272,0.015054323710501194
29638656,0.0029450422152876854
29655040,-0.005010318011045456
29671424,-0.012554174289107323
29687808,-0.009392623789608479
29704192,0.011067613027989864
29720576,-0.004239283502101898
29736960,-0.015184909105300903
29753344,0.01058895606547594
29769728,0.0034393277019262314
29786112,-0.004395267926156521
29802496,-0.013689843937754631
29818880,-0.014143049716949463
29835264,-0.007348939776420593
29851648,0.005056341178715229
29868032,-0.0038536302745342255
29884416,0.0015808390453457832
29900800,0.0245622880756855
29917184,-0.0034104567021131516
29933568,0.016592200845479965
29949952,0.015586474910378456
29966336,0.0001952052116394043
29982720,0.005334475077688694
29999104,0.0069703590124845505
30015488,0.006092539057135582
30031872,-0.020552676171064377
30048256,0.00829847902059555
30064640,-0.0007840609177947044
30081024,0.009825688786804676
30097408,0.015074530616402626
30113792,0.00721520371735096
30130176,0.004642000421881676
30146560,-0.011215345934033394
30162944,0.0006354330107569695
30179328,-0.003020651638507843
30195712,0.006857041269540787
30212096,0.00022072438150644302
30228480,-0.0060702040791511536
30244864,-0.006356671452522278
30261248,0.00043885596096515656
30277632,-0.0007644416764378548
30294016,-0.009585157036781311
30310400,-0.00276035163551569
30326784,0.012741080485284328
30343168,-0.023650657385587692
30359552,0.011016132310032845
30375936,0.01385488547384739
30392320,0.0043500084429979324
30408704,-0.0034181643277406693
30425088,-0.0074666207656264305
30441472,0.00035966746509075165
30457856,0.0009975507855415344
30474240,-0.004424937069416046
30490624,-0.015490373596549034
30507008,0.0013924557715654373
30523392,0.006237335503101349
30539776,0.0015591410920023918
30556160,-0.0030746804550290108
30572544,0.0009914375841617584
30588928,0.014654381200671196
30605312,0.0034223059192299843
30621696,0.000935862772166729
30638080,-0.002642703242599964
30654464,-0.011115063913166523
30670848,0.006255803629755974
30687232,-0.0055620670318603516
30703616,0.026172608137130737
30720000,0.006373039446771145
30736384,0.014072776772081852
30752768,0.005812940187752247
30769152,0.010168328881263733
30785536,0.003270454704761505
30801920,0.004426505416631699
30818304,0.0008390797302126884
30834688,0.0047563593834638596
30851072,0.006051201373338699
30867456,0.0049367789179086685
30883840,0.0025186799466609955
30900224,0.00755862332880497
30916608,0.0022401586174964905
30932992,0.00460963137447834
30949376,-0.002969101071357727
30965760,-0.0016859378665685654
30982144,-0.013597426936030388
30998528,0.003189144656062126
31014912,0.017025185748934746
31031296,-0.009819966740906239
31047680,-0.003357190638780594
31064064,0.005597325041890144
31080448,0.001413647085428238
31096832,0.009993509389460087
31113216,0.001232445240020752
31129600,-0.0021748049184679985
31145984,0.020912356674671173
31162368,0.0077534932643175125
31178752,0.009233485907316208
31195136,0.0013629551976919174
31211520,-0.0012522228062152863
31227904,0.002146577462553978
31244288,0.013399329036474228
31260672,0.00447551254183054
31277056,0.013563549146056175
31293440,-0.005140556022524834
31309824,0.016642071306705475
31326208,0.0008310135453939438
31342592,-0.0004942547529935837
31358976,0.003683522343635559
31375360,0.003847997635602951
31391744,-0.0030144350603222847
31408128,-0.006349502131342888
31424512,0.000572914257645607
31440896,0.0009130146354436874
31457280,0.010439183562994003
31473664,0.01650569587945938
31490048,-0.005854029208421707
31506432,0.0015050247311592102
31522816,0.005417991429567337
31539200,0.002438131719827652
31555584,-0.003803147003054619
31571968,-0.0061061568558216095
31588352,0.015778187662363052
31604736,0.007874255999922752
31621120,0.008125022053718567
31637504,-0.0023388564586639404
31653888,0.008274855092167854
31670272,-0.008883211761713028
31686656,-0.010752435773611069
31703040,0.011677395552396774
31719424,-0.0031221117824316025
31735808,-0.00125901959836483
31752192,-0.00827876292169094
31768576,-0.002840595319867134
31784960,0.0026541948318481445
31801344,0.00530645065009594
31817728,0.007655981928110123
31834112,0.0015968270599842072
31850496,-0.008054303005337715
31866880,0.00923230405896902
31883264,0.004164045676589012
31899648,-0.0014546848833560944
31916032,0.004805838689208031
31932416,-0.008979744277894497
31948800,-0.009789589792490005
31965184,-0.0016949046403169632
31981568,0.0011872043833136559
31997952,0.012863007374107838
32014336,0.018642088398337364
32030720,3.486406058073044e-05
32047104,0.012117275968194008
32063488,0.006912358105182648
32079872,0.011371325701475143
32096256,0.002520216628909111
32112640,-0.0026949597522616386
32129024,0.01047027762979269
32145408,-0.010139544494450092
32161792,-0.0007520131766796112
32178176,-0.013059996999800205
32194560,-0.005521083250641823
32210944,0.005155271850526333
32227328,-0.007990498095750809
32243712,-0.0012244665995240211
32260096,-0.0055269645527005196
32276480,0.019231446087360382
32292864,0.009723599068820477
32309248,0.005772757343947887
32325632,-0.0006121685728430748
32342016,0.0091620571911335
32358400,0.009529037401080132
32374784,-0.005151206627488136
32391168,0.008943473920226097
32407552,0.006637692451477051
32423936,0.005114505998790264
32440320,0.0015261219814419746
32456704,0.010155349038541317
32473088,0.003982819616794586
32489472,0.014751151204109192
32505856,0.004379325546324253
32522240,0.019041240215301514
32538624,-0.00017056521028280258
32555008,0.010614256374537945
32571392,-0.0009775999933481216
32587776,0.015219681896269321
32604160,-0.00651000440120697
32620544,-0.007065808400511742
32636928,0.018078293651342392
32653312,0.007029924541711807
32669696,-0.008996304124593735
32686080,0.00018605217337608337
32702464,-0.001467641443014145
32718848,0.01604514755308628
32735232,0.0010327734053134918
32751616,-0.018091918900609016
32768000,0.0012015420943498611
32784384,0.007086502388119698
32800768,-0.003361120820045471
32817152,0.002880113199353218
32833536,-0.002901194617152214
32849920,0.0016531795263290405
32866304,-0.01158946380019188
32882688,0.007479554042220116
32899072,0.008995875716209412
32915456,0.01241813413798809
32931840,1.1570751667022705e-05
32948224,0.007540613412857056
32964608,-0.011303162202239037
32980992,0.008145863190293312
32997376,0.004497570917010307
33013760,0.004881391301751137
33030144,0.006934557110071182
33046528,-0.008661150932312012
33062912,-0.003818914294242859
33079296,0.01738443784415722
33095680,-0.012744661420583725
33112064,0.012576749548316002
33128448,0.0076787471771240234
33144832,0.008329871110618114
33161216,0.01004510186612606
33177600,0.015522364526987076
33193984,-0.00225856713950634
33210368,-0.023979827761650085
33226752,0.014227660372853279
33243136,0.015138225629925728
33259520,0.013010522350668907
33275904,0.011644270271062851
33292288,-0.0020144693553447723
33308672,0.002871047705411911
33325056,0.0019265208393335342
33341440,-0.0012647807598114014
33357824,-0.0031302478164434433
33374208,-0.0017893388867378235
33390592,-0.0025680195540189743
33406976,0.0024396944791078568
33423360,0.004190138541162014
33439744,-0.009734179824590683
33456128,0.002273382619023323
33472512,0.006585409864783287
33488896,-0.01105022057890892
33505280,0.0034294333308935165
33521664,0.004221218638122082
33538048,-0.01106061041355133
33554432,-0.01554759219288826
33570816,0.009103665128350258
33587200,0.010513948276638985
33603584,0.014585509896278381
33619968,-0.0006712451577186584
33636352,-0.0007874928414821625
33652736,0.003566722385585308
33669120,0.0012725349515676498
33685504,-0.00212099589407444
33701888,0.017524387687444687
33718272,-0.006086577195674181
33734656,0.029017368331551552
33751040,-0.01452670805156231
33767424,0.011648096144199371
33783808,0.0029507316648960114
33800192,0.0029727648943662643
33816576,0.013991801999509335
33832960,0.009143799543380737
33849344,0.01717560365796089
33865728,-0.003917459398508072
33882112,0.01042034849524498
33898496,0.0016959141939878464
33914880,-0.004192817024886608
33931264,0.005033561959862709
33947648,0.001711903139948845
33964032,0.004737112671136856
33980416,0.002625962719321251
33996800,0.006685594096779823
34013184,-0.002746598795056343
34029568,0.007961392402648926
34045952,0.01486932672560215
34062336,0.004243848845362663
34078720,0.0036609359085559845
34095104,0.024246584624052048
34111488,-0.008198361843824387
34127872,-0.01484676543623209
34144256,-0.003785250708460808
34160640,-0.0054101720452308655
34177024,-0.00015585869550704956
34193408,0.00046247057616710663
34209792,-0.003726750612258911
34226176,0.013720492832362652
34242560,-0.003905169665813446
34258944,-0.0056709591299295425
34275328,0.010467800311744213
34291712,0.01090034656226635
34308096,0.01066941861063242
34324480,-0.004404914565384388
34340864,0.005835061892867088
34357248,0.011975357308983803
34373632,0.002194405533373356
34390016,0.0003362484276294708
34406400,0.01266064215451479
34422784,0.0219603031873703
34439168,-0.018803119659423828
34455552,0.007101154886186123
34471936,-0.018957050517201424
34488320,0.0014742221683263779
34504704,-0.016995742917060852
34521088,0.01450948417186737
34537472,0.0033401474356651306
34553856,0.015675581991672516
34570240,0.005917780101299286
34586624,0.004551991820335388
34603008,0.01592162810266018
34619392,-0.013332061469554901
34635776,0.007775098085403442
34652160,0.002317921258509159
34668544,-0.0026608072221279144
34684928,-0.0061334483325481415
34701312,0.005852189846336842
34717696,-0.0010624760761857033
34734080,0.0017501823604106903
34750464,0.009247740730643272
34766848,-0.006078734993934631
34783232,0.0010742973536252975
34799616,0.011637652292847633
34816000,-0.006862216629087925
34832384,0.0002619083970785141
34848768,0.007530652917921543
34865152,-0.0013084448873996735
34881536,0.000662071630358696
34897920,-0.003949429839849472
34914304,-0.0019898060709238052
34930688,0.00048062391579151154
34947072,-0.0007942784577608109
34963456,0.0006309095770120621
34979840,-0.0065191444009542465
34996224,-0.003760911524295807
35012608,0.010061308741569519
35028992,0.02315988764166832
35045376,-0.005410198122262955
35061760,-0.02590823546051979
35078144,-0.0022644028067588806
35094528,0.000317990779876709
35110912,0.0037223156541585922
35127296,-0.0033433251082897186
35143680,0.0018078666180372238
35160064,0.001189637929201126
35176448,0.002643769606947899
35192832,-0.006339132785797119
35209216,0.00628872774541378
35225600,-0.001620488241314888
35241984,0.0019073877483606339
35258368,-0.008983725681900978
35274752,0.014777958393096924
35291136,0.017675109207630157
35307520,0.009883344173431396
35323904,-0.004988979548215866
35340288,0.010104414075613022
35356672,0.0020459387451410294
35373056,0.0010887663811445236
35389440,0.009485950693488121
35405824,0.005865391343832016
35422208,0.007548695430159569
35438592,0.016204139217734337
35454976,0.008917002007365227
35471360,-0.005994465202093124
35487744,0.005549101158976555
35504128,0.010410243645310402
35520512,-0.0019108299165964127
35536896,0.0053453464061021805
35553280,0.00277596153318882
35569664,0.006070908159017563
35586048,-0.003075510263442993
35602432,-0.0003697238862514496
35618816,0.012680042535066605
35635200,0.005797255784273148
35651584,0.0013968199491500854
35667968,-0.0061642080545425415
35684352,-0.00011382997035980225
35700736,0.020469460636377335
35717120,0.0059854984283447266
35733504,0.00294356606900692
35749888,-0.005771871656179428
35766272,-0.00783933699131012
35782656,-0.0024847351014614105
35799040,0.003401380032300949
35815424,0.0039017312228679657
35831808,0.002445114776492119
35848192,0.0038107261061668396
35864576,-0.0049379970878362656
35880960,2.9534101486206055e-05
35897344,0.010331451892852783
35913728,-0.0008478574454784393
35930112,0.0021930746734142303
35946496,-0.005777653306722641
35962880,0.004277732223272324
35979264,0.011139117181301117
35995648,0.010738782584667206
36012032,-0.009050466120243073
36028416,0.00637359544634819
36044800,0.0025716330856084824
36061184,0.0019439216703176498
36077568,-0.006189815700054169
36093952,-0.0007119961082935333
36110336,0.0003452245146036148
36126720,-0.0010206196457147598
36143104,-0.001828901469707489
36159488,-0.008391443639993668
36175872,0.005582654848694801
36192256,0.005652515217661858
36208640,-0.0021778028458356857
36225024,0.0028223320841789246
36241408,0.0032725296914577484
36257792,0.004882138222455978
36274176,-0.006219230592250824
36290560,0.001080591231584549
36306944,-0.001017540693283081
36323328,-0.004817591980099678
36339712,0.0010802503675222397
36356096,-0.008447753265500069
36372480,0.005945257842540741
36388864,0.0020007994025945663
36405248,0.0020309463143348694
36421632,0.0003415122628211975
36438016,0.00708375871181488
36454400,-0.013432018458843231
36470784,0.01564139686524868
36487168,-0.0009203106164932251
36503552,0.0025822054594755173
36519936,0.007792901247739792
36536320,0.016696419566869736
36552704,0.01899283565580845
36569088,0.007853789255023003
36585472,-0.007764879614114761
36601856,0.017542725428938866
36618240,0.0077133988961577415
36634624,-0.0012374836951494217
36651008,5.708634853363037e-05
36667392,0.01524549350142479
36683776,0.009743861854076385
36700160,-0.002403631806373596
36716544,0.0005293190479278564
36732928,0.010488459840416908
36749312,0.012492407113313675
36765696,0.0022973008453845978
36782080,-0.0010024737566709518
36798464,-0.0011312216520309448
36814848,0.0040119849145412445
36831232,0.00046623870730400085
36847616,0.018269984051585197
36864000,0.007348790764808655
36880384,0.004105664789676666
36896768,0.005721651017665863
36913152,-0.013026805594563484
36929536,-0.009410696104168892
36945920,-0.007721848785877228
36962304,0.003481760621070862
36978688,0.01735839992761612
36995072,0.008814821019768715
37011456,0.007936691865324974
37027840,0.0063436925411224365
37044224,-0.0026738010346889496
37060608,-0.0026117414236068726
37076992,0.0062160491943359375
37093376,-0.010181177407503128
37109760,-0.00204368494451046
37126144,0.010494714602828026
37142528,-0.0099831223487854
37158912,0.000612400472164154
37175296,0.0044021159410476685
37191680,-0.0016538184136152267
37208064,-0.000932592898607254
37224448,-0.016970191150903702
37240832,0.009094124659895897
37257216,-0.002975761890411377
37273600,-0.0057325903326272964
37289984,0.006626937538385391
37306368,0.00746329128742218
37322752,0.0013915784657001495
37339136,0.024940259754657745
37355520,0.01993555575609207
37371904,0.005825137719511986
37388288,-0.0021285563707351685
37404672,-0.014596851542592049
37421056,0.00549217127263546
37437440,0.0013338588178157806
37453824,0.01226290687918663
37470208,-0.007746618241071701
37486592,-0.0071835145354270935
37502976,-0.007076125591993332
37519360,0.0018941741436719894
37535744,0.01622902788221836
37552128,-0.016130581498146057
37568512,-0.0039768703281879425
37584896,0.005127390846610069
37601280,0.012598985806107521
37617664,0.00017927959561347961
37634048,0.010679006576538086
37650432,-0.01000865176320076
37666816,0.0005285106599330902
37683200,-0.010802533477544785
37699584,-0.0002668369561433792
37715968,0.013958271592855453
37732352,0.004858322441577911
37748736,0.009871389716863632
37765120,0.0001672022044658661
37781504,-0.00034390389919281006
37797888,0.0012640506029129028
37814272,0.0018201116472482681
37830656,0.004028335213661194
37847040,0.0017133988440036774
37863424,0.020465657114982605
37879808,0.007297798991203308
37896192,-0.0017054993659257889
37912576,-0.0004937201738357544
37928960,0.018648047000169754
37945344,0.004048556089401245
37961728,-0.0006554257124662399
37978112,0.0007824748754501343
37994496,0.023768747225403786
38010880,-0.013809140771627426
38027264,-0.0025008246302604675
38043648,0.0039299167692661285
38060032,0.0019478294998407364
38076416,-0.0010725706815719604
38092800,-0.012189382687211037
38109184,0.006962530314922333
38125568,-0.008427880704402924
38141952,0.01013101264834404
38158336,-0.004267018288373947
38174720,0.009145872667431831
38191104,0.0030305013060569763
38207488,0.007199734449386597
38223872,0.004563666880130768
38240256,0.00028066709637641907
38256640,-0.005966939032077789
38273024,0.007684478536248207
38289408,-0.0030235517770051956
38305792,0.021114613860845566
38322176,0.0007245466113090515
38338560,0.008882163092494011
38354944,-0.011549441143870354
38371328,0.008358567953109741
38387712,0.0031782295554876328
38404096,0.0007352828979492188
38420480,0.012054022401571274
38436864,-0.005022430792450905
38453248,-0.014640865847468376
38469632,0.021404966711997986
38486016,0.0004036892205476761
38502400,0.0001550614833831787
38518784,-0.0012260917574167252
38535168,-0.0004731714725494385
38551552,-0.018502386286854744
38567936,0.00025880709290504456
38584320,0.007097356021404266
38600704,0.00866505317389965
38617088,0.016264241188764572
38633472,0.00435095839202404
38649856,0.004593677818775177
38666240,0.01633385568857193
38682624,0.00970381684601307
38699008,0.0017310604453086853
38715392,0.004526667296886444
38731776,-0.0017891153693199158
38748160,-0.0016033928841352463
38764544,-0.0067247748374938965
38780928,-0.005625825375318527
38797312,0.008802808821201324
38813696,0.0007502548396587372
38830080,0.00014588981866836548
38846464,-0.014019805938005447
38862848,0.0004096031188964844
38879232,0.0012110210955142975
38895616,-0.0013718027621507645
38912000,0.0013947989791631699
38928384,0.006746476516127586
38944768,0.010162308812141418
38961152,0.015937289223074913
38977536,0.010656997561454773
38993920,0.002291545271873474
39010304,0.013683518394827843
39026688,0.015859434381127357
39043072,0.016768911853432655
39059456,0.013415887951850891
39075840,0.011368660256266594
39092224,-0.0013676043599843979
39108608,0.00946744903922081
39124992,0.0013613756746053696
39141376,0.012140089645981789
39157760,-0.001764543354511261
39174144,-0.021419160068035126
39190528,0.007986033335328102
39206912,-0.0033041685819625854
39223296,-0.0014557428658008575
39239680,0.011386595666408539
39256064,0.0022257305681705475
39272448,0.010951302945613861
39288832,0.00544038787484169
39305216,0.011225810274481773
39321600,0.004820466041564941
39337984,-0.004646860063076019
39354368,0.015997981652617455
39370752,0.01816619373857975
39387136,-0.0028298329561948776
39403520,0.014405325055122375
39419904,0.013925543054938316
39436288,-4.377402365207672e-05
39452672,-0.011384900659322739
39469056,4.388205707073212e-05
39485440,0.02806374430656433
39501824,0.0028285691514611244
39518208,-0.0021747350692749023
39534592,0.0010547395795583725
39550976,-0.0032118819653987885
39567360,0.006002860143780708
39583744,0.0008207708597183228
39600128,-0.018016811460256577
39616512,0.0019588619470596313
39632896,0.009016312658786774
39649280,-0.005725620314478874
39665664,0.007656913250684738
39682048,-0.01126132532954216
39698432,0.025267992168664932
39714816,0.0073399171233177185
39731200,0.010403232648968697
39747584,-0.009582173079252243
39763968,-0.005844704806804657
39780352,0.021358557045459747
39796736,0.004391558468341827
39813120,-0.017451245337724686
39829504,0.02313191629946232
39845888,0.002852104604244232
39862272,0.01502608135342598
39878656,0.011192422360181808
39895040,0.0007365643978118896
39911424,-0.00971270352602005
39927808,0.022791802883148193
39944192,0.014088932424783707
39960576,0.01858263835310936
39976960,-0.0045746490359306335
39993344,0.00283639132976532
40009728,0.0074315667152404785
40026112,-0.004432789981365204
40042496,0.013115167617797852
40058880,-0.016570262610912323
40075264,0.00861356407403946
40091648,-0.0019655264914035797
40108032,0.007364112883806229
40124416,0.004569109529256821
40140800,-0.006838532164692879
40157184,-0.004292074590921402
40173568,0.012164711952209473
40189952,0.00039354339241981506
40206336,0.00975155457854271
40222720,0.006692767143249512
40239104,0.002753589302301407
40255488,0.0034138113260269165
40271872,-0.003190351650118828
40288256,-0.004376493394374847
40304640,-0.006161246448755264
40321024,-0.007037205621600151
40337408,-0.0008412264287471771
40353792,0.008232327178120613
40370176,0.002543404698371887
40386560,0.0042815376073122025
40402944,0.008511986583471298
40419328,-0.0045004962012171745
40435712,0.018896229565143585
40452096,0.019992556422948837
40468480,0.009402837604284286
40484864,-0.008897993713617325
40501248,-0.006666738539934158
40517632,0.00400325283408165
40534016,-0.00368354469537735
40550400,-0.001825038343667984
40566784,0.0013763606548309326
40583168,-0.00359397754073143
40599552,0.006680864840745926
40615936,0.012789137661457062
40632320,-0.00039916858077049255
40648704,-0.002347242087125778
40665088,-0.007471270859241486
40681472,0.005931299179792404
40697856,0.019313428550958633
40714240,-0.008014146238565445
40730624,0.008980680257081985
40747008,0.005259199067950249
40763392,0.004729777574539185
40779776,0.00034907832741737366
40796160,-0.0005790423601865768
40812544,-0.0037472378462553024
40828928,0.0003322586417198181
40845312,-0.006988555192947388
40861696,0.0007692966610193253
40878080,-0.0007036924362182617
40894464,0.011434834450483322
40910848,0.005929514765739441
40927232,0.005220480263233185
40943616,0.014942646026611328
40960000,0.003445681184530258
40976384,0.008118096739053726
40992768,-0.002404961735010147
41009152,-0.003520812839269638
41025536,-0.00403590127825737
41041920,-0.0009537208825349808
41058304,0.018773144111037254
41074688,0.009526744484901428
41091072,0.001400090754032135
41107456,-0.009197409264743328
41123840,0.005818583071231842
41140224,0.012245012447237968
41156608,0.01311405748128891
41172992,0.0009803809225559235
41189376,0.011414092034101486
41205760,-0.007962919771671295
41222144,0.02066316083073616
41238528,0.0071824826300144196
41254912,0.010123261250555515
41271296,-0.0023696161806583405
41287680,0.0018010009080171585
41304064,0.009598573669791222
41320448,-0.002602308988571167
41336832,-0.005877979099750519
41353216,0.00271531380712986
41369600,-0.0021533332765102386
41385984,0.01196986809372902
41402368,-0.0036625936627388
41418752,0.007270056754350662
41435136,0.02577476017177105
41451520,0.011611711233854294
41467904,0.006314149126410484
41484288,0.0028722956776618958
41500672,0.007392463274300098
41517056,-0.006058935075998306
41533440,0.0036009736359119415
41549824,-3.0778348445892334e-05
41566208,-0.004567526280879974
41582592,0.017772570252418518
41598976,-0.006322622299194336
41615360,-0.0036935657262802124
41631744,-0.011468850076198578
41648128,0.002910211682319641
41664512,0.013406828045845032
41680896,0.0018219612538814545
41697280,-0.001415221020579338
41713664,0.007816046476364136
41730048,0.004805765114724636
41746432,0.007231462746858597
41762816,0.0042025260627269745
41779200,0.0038637910038232803
41795584,0.00349218025803566
41811968,0.004679452162235975
41828352,0.005105873569846153
41844736,0.0071432385593652725
41861120,0.021415796130895615
41877504,0.01831115409731865
41893888,-0.005823502317070961
41910272,0.022511504590511322
41926656,0.006581667810678482
41943040,-0.003956030122935772
41959424,0.013121034950017929
41975808,-0.005068697035312653
41992192,0.0021322499960660934
42008576,0.01328333467245102
42024960,0.011776845902204514
42041344,0.013462956994771957
42057728,0.01942039467394352
42074112,0.007228400558233261
42090496,-0.011618996039032936
42106880,0.010032201185822487
42123264,-0.0019090566784143448
42139648,0.012646697461605072
42156032,0.022949062287807465
42172416,0.013749368488788605
42188800,0.001944705843925476
42205184,0.007824508473277092
42221568,-0.005279269069433212
42237952,-0.010433254763484001
42254336,0.006801936775445938
42270720,0.004334324970841408
42287104,0.010554144158959389
42303488,0.012935472652316093
42319872,-0.006717268377542496
42336256,-0.003533884882926941
42352640,0.005860812962055206
42369024,-0.004347142763435841
42385408,-0.0023739952594041824
42401792,-0.0001978352665901184
42418176,0.008923212066292763
42434560,0.00039061717689037323
42450944,0.004588395357131958
42467328,0.01226365938782692
42483712,0.004147184081375599
42500096,0.0021734796464443207
42516480,0.021586770191788673
42532864,-0.004993302747607231
42549248,0.0013147108256816864
42565632,-0.0002101324498653412
42582016,-0.0009026583284139633
42598400,-0.006531710736453533
42614784,0.015011191368103027
42631168,0.0026244111359119415
42647552,-9.616464376449585e-05
42663936,0.0009547192603349686
42680320,0.008990699425339699
42696704,-0.006080428138375282
42713088,-0.0007457667961716652
42729472,0.02712179534137249
42745856,0.0032324399799108505
42762240,-0.00672126654535532
42778624,-0.0013767872005701065
42795008,0.0007247012108564377
42811392,-0.007445996627211571
42827776,-0.012685511261224747
42844160,-0.0016545560210943222
42860544,-0.0031906338408589363
42876928,-0.004949093796312809
42893312,-0.005714854225516319
42909696,-0.025628995150327682
42926080,-0.0017749350517988205
42942464,-0.0006932485848665237
42958848,0.011325906962156296
42975232,0.0011971388012170792
42991616,-0.007472362369298935
43008000,0.010593370534479618
43024384,0.01984594017267227
43040768,0.0020936401560902596
43057152,0.004217575304210186
43073536,0.004919750615954399
43089920,-0.016637705266475677
43106304,-0.00867137685418129
43122688,-0.0033022742718458176
43139072,0.005141379311680794
43155456,0.0013854913413524628
43171840,0.015447762794792652
43188224,-0.009332016110420227
43204608,0.016984734684228897
43220992,0.00900876522064209
43237376,0.00770797673612833
43253760,-0.0017885789275169373
43270144,0.004934636875987053
43286528,-0.0062817782163619995
43302912,-0.007188461720943451
43319296,-0.009935133159160614
43335680,0.015321326442062855
43352064,0.0003405623137950897
43368448,0.01655559614300728
43384832,0.0032012462615966797
43401216,0.007212772965431213
43417600,-0.007642477750778198
43433984,0.016693513840436935
43450368,0.019091874361038208
43466752,0.00124366395175457
43483136,0.005196021869778633
43499520,0.006590668112039566
43515904,0.014273684471845627
43532288,0.0052255019545555115
43548672,0.0033230772241950035
43565056,0.007149972021579742
43581440,-0.004147429019212723
43597824,-0.008635522797703743
43614208,-0.01522305328398943
43630592,0.002268359065055847
43646976,0.009828738868236542
43663360,0.014658559113740921
43679744,0.012015476822853088
43696128,0.0009404141455888748
43712512,0.009817022830247879
43728896,0.02257087454199791
43745280,0.019079256802797318
43761664,0.001270226202905178
43778048,-0.007976589724421501
43794432,-0.0033516529947519302
43810816,-0.0021157655864953995
43827200,0.014078296720981598
43843584,0.010157007724046707
43859968,0.001591990701854229
43876352,-0.000949762761592865
43892736,0.000530775636434555
43909120,-0.0007300637662410736
43925504,0.0032383259385824203
43941888,0.007864069193601608
43958272,-0.0012362133711576462
43974656,-0.005874143913388252
43991040,0.0018879733979701996
44007424,-0.0064566293731331825
44023808,-0.007774015888571739
44040192,0.0034115957096219063
44056576,-0.010732654482126236
44072960,0.006974605843424797
44089344,0.013637064024806023
44105728,-0.0014568455517292023
44122112,0.008462845347821712
44138496,0.0037752389907836914
44154880,-0.0022333692759275436
44171264,-0.0014764172956347466
44187648,-0.002889871597290039
44204032,-0.0018688244745135307
44220416,0.025524022057652473
44236800,6.072968244552612e-05
44253184,-0.0033994046971201897
44269568,-0.009229950606822968
44285952,0.0014876537024974823
44302336,0.0063013918697834015
44318720,0.005857054144144058
44335104,0.0009690728038549423
44351488,-0.0049922652542591095
44367872,-0.0008540507405996323
44384256,0.002300148829817772
44400640,0.001667562872171402
44417024,-0.00789300724864006
44433408,-0.0002976898103952408
44449792,-0.0013422314077615738
44466176,-0.007043227553367615
44482560,0.009964467957615852
44498944,-0.006163235753774643
44515328,0.0013131629675626755
44531712,-9.121466428041458e-05
44548096,0.011338433250784874
44564480,-0.00047696754336357117
44580864,-0.004891594871878624
44597248,0.002009074203670025
44613632,0.0049408208578825
44630016,-0.00766335241496563
44646400,-0.008714934810996056
44662784,-0.0055551230907440186
44679168,0.011655356734991074
44695552,-0.0013202913105487823
44711936,0.01813017576932907
44728320,0.007122937589883804
44744704,0.006106901913881302
44761088,-0.007889404892921448
44777472,0.010040370747447014
44793856,0.0036085648462176323
44810240,0.006454863119870424
44826624,0.0022176504135131836
44843008,0.010109523311257362
44859392,0.007826367393136024
44875776,0.0048656705766916275
44892160,-0.0049290526658296585
44908544,-0.003215514123439789
44924928,-0.005956120789051056
44941312,0.0031145531684160233
44957696,0.011350642889738083
44974080,-0.006883550435304642
44990464,0.0007477588951587677
45006848,-0.002771131694316864
45023232,-0.0008769789710640907
45039616,0.003476029261946678
45056000,0.009834006428718567
45072384,0.00018477346748113632
45088768,0.003720926120877266
45105152,0.010693693533539772
45121536,-0.013251328840851784
45137920,-0.0034544281661510468
45154304,0.01770716905593872
45170688,0.013152703642845154
45187072,0.014459766447544098
45203456,0.005024628713726997
45219840,0.00029550865292549133
45236224,0.0006501106545329094
45252608,-0.003314277157187462
45268992,0.0116205383092165
45285376,-0.005676509812474251
45301760,0.008101541548967361
45318144,-0.0034492556005716324
45334528,-0.0071101076900959015
45350912,0.0025172773748636246
45367296,-0.0042853206396102905
45383680,0.0021567493677139282
45400064,0.012380488216876984
45416448,0.009669182822108269
45432832,0.020092424005270004
45449216,0.005975434556603432
45465600,0.0016773119568824768
45481984,0.0007644239813089371
45498368,-0.0023365728557109833
45514752,-0.003763824701309204
45531136,0.024444228038191795
45547520,0.005260508507490158
45563904,-0.0031380057334899902
45580288,-0.008100016042590141
45596672,0.002844974398612976
45613056,-0.0005196630954742432
45629440,0.02932080626487732
45645824,-0.00428246334195137
45662208,-0.017591584473848343
45678592,0.011779751628637314
45694976,0.007331132888793945
45711360,-0.0001559220254421234
45727744,0.0003932435065507889
45744128,-0.006214521825313568
45760512,-0.0043743811547756195
45776896,-0.006260234862565994
45793280,-4.2768195271492004e-05
45809664,-0.006304427981376648
45826048,0.009891798719763756
45842432,-0.0027244407683610916
45858816,0.0002616904675960541
45875200,-0.003838423639535904
45891584,0.007222123444080353
45907968,0.0011268500238656998
45924352,0.017199909314513206
45940736,0.0053850505501031876
45957120,-0.0029773153364658356
45973504,-0.012102078646421432
45989888,-0.005860630422830582
46006272,0.012543091550469398
46022656,-0.009808443486690521
46039040,0.02360549569129944
46055424,0.006081100553274155
46071808,0.006333879195153713
46088192,-0.0018299445509910583
46104576,-0.011540059000253677
46120960,0.014929771423339844
46137344,0.005788017064332962
46153728,-0.0006515420973300934
46170112,0.009914623573422432
46186496,-0.0015339646488428116
46202880,-0.007973946630954742
46219264,0.009936392307281494
46235648,0.0011894218623638153
46252032,-0.005861479789018631
46268416,0.004620140418410301
46284800,0.00296831876039505
46301184,0.0015651918947696686
46317568,-0.003059154376387596
46333952,0.009746383875608444
46350336,0.00426962785422802
46366720,-0.0044766999781131744
46383104,-0.004038440063595772
46399488,-0.005381688475608826
46415872,0.007653022184967995
46432256,-0.0008290950208902359
46448640,0.008922403678297997
46465024,0.009394127875566483
46481408,0.01970072276890278
46497792,-0.015399768948554993
46514176,0.008676808327436447
46530560,0.009834052994847298
46546944,-0.004006708040833473
46563328,-0.0049010347574949265
46579712,-0.00048208609223365784
46596096,0.015114197507500648
46612480,-0.0012007541954517365
46628864,0.004558045417070389
46645248,0.011090744286775589
46661632,0.0018699932843446732
46678016,0.004689868539571762
46694400,-0.00940135307610035
46710784,-0.009718198329210281
46727168,0.011317369528114796
46743552,-0.002606320194900036
46759936,0.0003306996077299118
46776320,-0.003007439896464348
46792704,0.005937620997428894
46809088,0.0046883225440979
46825472,0.002814016304910183
46841856,0.0032988395541906357
46858240,0.00495225191116333
46874624,0.005942806601524353
46891008,-0.003929967060685158
46907392,0.002844402566552162
46923776,0.00687874760478735
46940160,-0.0003330809995532036
46956544,0.009880829602479935
46972928,-0.002145834267139435
46989312,-0.0018992535769939423
47005696,0.009687300771474838
47022080,0.004785116761922836
47038464,0.005601551383733749
47054848,0.015331610105931759
47071232,0.007135991007089615
47087616,-0.00536479614675045
47104000,0.011677481234073639
47120384,-0.0046552084386348724
47136768,-0.0074486155062913895
47153152,0.013749834150075912
47169536,-0.002941332757472992
47185920,0.022117290645837784
47202304,0.0043738484382629395
47218688,0.0040940819308161736
47235072,0.0003783106803894043
47251456,-0.0004443228244781494
47267840,-0.017054252326488495
47284224,-0.00857587531208992
47300608,0.004065359011292458
47316992,0.0014089606702327728
47333376,-0.007974352687597275
47349760,-0.0026536602526903152
47366144,-0.020023081451654434
47382528,0.0033131474629044533
47398912,0.005916763097047806
47415296,0.017276864498853683
47431680,0.000672508031129837
47448064,-0.0029249750077724457
47464448,-0.0074301185086369514
47480832,0.003289533779025078
47497216,-0.011474460363388062
47513600,-0.012223785743117332
47529984,0.010419039987027645
47546368,0.006663456559181213
47562752,0.01068480871617794
47579136,0.003536737523972988
47595520,0.010141434147953987
47611904,-0.004738286137580872
47628288,0.00793476216495037
47644672,0.009151831269264221
47661056,-0.001439172774553299
47677440,0.002448424231261015
47693824,0.0009084688499569893
47710208,0.005635175853967667
47726592,-0.01110539585351944
47742976,-0.0016944538801908493
47759360,-0.013790110126137733
47775744,0.00207731407135725
47792128,-0.0038366802036762238
47808512,-0.00113007053732872
47824896,0.02372155152261257
47841280,0.0027890950441360474
47857664,-0.008917507715523243
47874048,0.004891633056104183
47890432,-0.012179175391793251
47906816,0.003597244620323181
47923200,-0.007673921063542366
47939584,0.0052337199449539185
47955968,-0.007978761568665504
47972352,0.006521131843328476
47988736,0.0069917067885398865
48005120,-0.010658658109605312
48021504,-0.013373635709285736
48037888,0.003688836470246315
48054272,-0.00043277814984321594
48070656,0.0009249672293663025
48087040,0.0010932926088571548
48103424,0.0034545399248600006
48119808,-0.0075986990705132484
48136192,0.021387994289398193
48152576,0.0008694808930158615
48168960,0.0035273749381303787
48185344,-0.010723073035478592
48201728,0.00466301292181015
48218112,-0.0072696395218372345
48234496,0.0013999808579683304
48250880,0.0007464680820703506
48267264,-0.001403803937137127
48283648,0.004157418385148048
48300032,-0.00857501570135355
48316416,0.006647780537605286
48332800,-0.002585027366876602
48349184,0.007425455376505852
48365568,-0.01040256954729557
48381952,0.008834343403577805
48398336,0.012350236997008324
48414720,-0.010377179831266403
48431104,0.005781293846666813
48447488,-0.003197481855750084
48463872,-0.004111689515411854
48480256,0.00979552324861288
48496640,-0.001504441723227501
48513024,-0.010869440622627735
48529408,0.006092161871492863
48545792,-0.002611568197607994
48562176,-0.005626413971185684
48578560,-0.004291098564863205
48594944,0.018955610692501068
48611328,0.01851954683661461
48627712,0.00998370349407196
48644096,0.0034332498908042908
48660480,0.0021807830780744553
48676864,0.001056654378771782
48693248,-0.002196565270423889
48709632,-0.006447466090321541
48726016,0.02608313225209713
48742400,0.014796892181038857
48758784,0.0165611132979393
48775168,0.001024402678012848
48791552,0.005282875150442123
48807936,-0.002995511516928673
48824320,0.002040334977209568
48840704,0.02842620015144348
48857088,0.0009171590209007263
48873472,0.00964362733066082
48889856,-0.011769954115152359
48906240,-0.005245964042842388
48922624,0.0004227757453918457
48939008,-0.011158507317304611
48955392,0.0056795962154865265
48971776,0.007122593000531197
48988160,0.005056701600551605
49004544,0.005510877817869186
49020928,-0.0018790718168020248
49037312,0.007828586734831333
49053696,0.0028609689325094223
49070080,-0.00261087529361248
49086464,0.00647367350757122
49102848,0.010319512337446213
49119232,0.008012132719159126
49135616,-0.02102830819785595
49152000,-0.002386687323451042
49168384,-0.01882331445813179
49184768,0.005029497668147087
49201152,0.009466192685067654
49217536,0.02927841991186142
49233920,0.004635502118617296
49250304,0.013386473059654236
49266688,0.010382246226072311
49283072,0.004995738156139851
49299456,-6.182398647069931e-05
49315840,0.023341314867138863
49332224,0.01008691918104887
49348608,-0.006446461193263531
49364992,-0.006206233985722065
49381376,0.0034075062721967697
49397760,-0.010123094543814659
49414144,0.013610025867819786
49430528,0.004082037135958672
49446912,0.007900620810687542
49463296,-0.010590769350528717
49479680,0.019796408712863922
49496064,-0.00013559777289628983
49512448,-0.0018715765327215195
49528832,-0.007060924544930458
49545216,-0.002731598913669586
49561600,0.009802840650081635
49577984,-0.0047592539340257645
49594368,0.02146969735622406
49610752,0.016287554055452347
49627136,-0.011016568168997765
49643520,0.001375831663608551
49659904,0.005582302808761597
49676288,0.007748577743768692
49692672,-0.004058292135596275
49709056,0.01791667938232422
49725440,0.002968362532556057
49741824,0.014195883646607399
49758208,-0.012865299358963966
49774592,0.0006918255239725113
49790976,-0.0024645961821079254
49807360,0.00245453417301178
49823744,0.004808272235095501
49840128,0.009116144850850105
49856512,-0.0017763394862413406
49872896,0.007156224921345711
49889280,-0.0068474095314741135
49905664,-0.0010676104575395584
49922048,0.007921343669295311
49938432,6.813369691371918e-05
49954816,8.031725883483887e-05
49971200,0.0028361398726701736
49987584,-0.001794818788766861
50003968,-0.007333282381296158
50020352,-0.0013748947530984879
50036736,0.016001684591174126
50053120,0.019322365522384644
50069504,-0.0009510274976491928
50085888,-0.00799197144806385
50102272,0.009290563873946667
50118656,-0.005708728451281786
50135040,-0.005258508957922459
50151424,-0.018453747034072876
50167808,0.001180141232907772
50184192,-0.004889258183538914
50200576,-0.0019463542848825455
50216960,-0.0019504502415657043
50233344,0.012110305018723011
50249728,-0.00041220057755708694
50266112,0.006039885804057121
50282496,-0.008551313541829586
50298880,-0.011215479113161564
50315264,0.00019636936485767365
50331648,0.0005002329126000404
50348032,0.0027617132291197777
50364416,0.0125984326004982
50380800,0.0023883944377303123
50397184,0.006574651226401329
50413568,-0.005916401743888855
50429952,0.008140865713357925
50446336,-0.013301931321620941
50462720,-0.006355702877044678
50479104,-0.02187987044453621
50495488,-0.011234083212912083
50511872,-0.003630789928138256
50528256,-0.0006385026499629021
50544640,0.009553168900310993
50561024,0.009951803833246231
50577408,0.004419107921421528
50593792,-0.0036245621740818024
50610176,0.003124087117612362
50626560,0.012885537929832935
50642944,0.016420330852270126
50659328,0.007714744657278061
50675712,0.010648433119058609
50692096,-0.010520659387111664
50708480,0.0023852186277508736
50724864,0.004952775314450264
50741248,-0.01753496192395687
50757632,0.009182699024677277
50774016,0.0058663273230195045
50790400,0.011106944642961025
50806784,0.008422838523983955
50823168,0.004392022266983986
50839552,0.00816081278026104
50855936,0.00425400584936142
50872320,-0.00033168215304613113
50888704,-0.0019830483943223953
50905088,-0.011204310692846775
50921472,0.00870268139988184
50937856,-0.0025515505112707615
50954240,0.013709149323403835
50970624,-0.0013236794620752335
50987008,-0.00043866224586963654
51003392,0.007611319422721863
51019776,0.002130291424691677
51036160,0.0004550497978925705
51052544,0.015283465385437012
51068928,-0.0018006851896643639
51085312,0.019268373027443886
51101696,-0.004080546088516712
51118080,0.002830866724252701
51134464,-0.0019380515441298485
51150848,-0.009109660983085632
51167232,-0.0015874207019805908
51183616,0.01363129261881113
51200000,0.007037285715341568
51216384,0.007051510736346245
51232768,0.015173496678471565
51249152,0.00015072710812091827
51265536,-0.008206792175769806
51281920,0.013202606700360775
51298304,-0.009567384608089924
51314688,-0.005895865149796009
51331072,-0.007186600938439369
51347456,-0.005378877744078636
51363840,0.006128298118710518
51380224,0.012438561767339706
51396608,0.007750287652015686
51412992,0.01020212471485138
51429376,0.0062062982469797134
51445760,-0.01091601513326168
51462144,0.026728486642241478
51478528,-0.010899311862885952
51494912,0.0007337136194109917
51511296,0.012974822893738747
51527680,0.012233095243573189
51544064,0.01355940755456686
51560448,-0.0028843041509389877
51576832,-0.000914357602596283
51593216,0.017560753971338272
51609600,-0.002051500603556633
51625984,0.001884588971734047
51642368,0.017789818346500397
51658752,0.00563393160700798
51675136,0.008279625326395035
51691520,0.006783637218177319
51707904,0.005395388230681419
51724288,-0.005141472443938255
51740672,-0.006679000332951546
51757056,0.006299525499343872
51773440,-0.0005163233727216721
51789824,0.00392928346991539
51806208,0.008699778467416763
51822592,-0.0009040553122758865
51838976,-0.007192190736532211
51855360,0.004026239737868309
51871744,0.0018742326647043228
51888128,0.0020447932183742523
51904512,0.001829586923122406
51920896,0.009282520040869713
51937280,0.0016977060586214066
51953664,0.019138425588607788
51970048,0.018368376418948174
51986432,-0.006018294021487236
52002816,-0.004841625690460205
52019200,-0.00022096745669841766
52035584,0.005811268463730812
52051968,0.012022634968161583
52068352,0.0013271253556013107
52084736,-0.00256912037730217
52101120,0.006070452742278576
52117504,0.009039141237735748
52133888,-0.017315611243247986
52150272,0.007902245968580246
52166656,0.005481785163283348
52183040,0.012834934517741203
52199424,-0.003957198932766914
52215808,0.004024580121040344
52232192,0.02237602137029171
52248576,0.007485589012503624
52264960,0.009869148954749107
52281344,0.017989421263337135
52297728,-0.00411839596927166
52314112,-0.011982349678874016
52330496,-0.002824856899678707
52346880,-0.0022497065365314484
52363264,0.009236244484782219
52379648,0.01730445772409439
52396032,-2.1541491150856018e-05
52412416,-0.0004767961800098419
52428800,-0.0011037066578865051
52445184,0.017760207876563072
52461568,-0.008784458041191101
52477952,-0.0033337799832224846
52494336,0.0022027455270290375
52510720,0.008118974976241589
52527104,0.003280995413661003
52543488,-0.010422080755233765
52559872,-0.0035379864275455475
52576256,0.010109009221196175
52592640,0.004599934443831444
52609024,0.009738218039274216
52625408,-0.002155851572751999
52641792,0.00013203173875808716
52658176,0.000387631356716156
52674560,-0.0016499729827046394
52690944,-0.000821845605969429
52707328,0.003131793811917305
52723712,0.00400855578482151
52740096,-0.01439958531409502
52756480,0.007316285744309425
52772864,-0.00624522939324379
52789248,-0.0013737669214606285
52805632,0.024820175021886826
52822016,-0.009053672663867474
52838400,-0.0021286150440573692
52854784,0.004514284431934357
52871168,0.005125054158270359
52887552,0.025875236839056015
52903936,-0.00014724209904670715
52920320,0.009337740018963814
52936704,-0.009959187358617783
52953088,0.009126400575041771
52969472,0.015378884971141815
52985856,0.0026228968054056168
53002240,0.003811769187450409
53018624,-0.01046755537390709
53035008,0.002435823902487755
53051392,0.02600059099495411
53067776,-0.0019249757751822472
53084160,0.017627129331231117
53100544,-0.004639485850930214
53116928,-0.0005871765315532684
53133312,0.021095560863614082
53149696,-0.00293586403131485
53166080,0.007544755935668945
53182464,0.008750664070248604
53198848,-0.004275471903383732
53215232,0.010136131197214127
53231616,0.0133307334035635
53248000,0.019589178264141083
53264384,-0.021816721186041832
53280768,0.00042130425572395325
53297152,-0.009586310014128685
53313536,0.004045568406581879
53329920,-0.00035541318356990814
53346304,0.018035145476460457
53362688,0.01046643778681755
53379072,-0.006597431376576424
53395456,0.010612312704324722
53411840,0.009554702788591385
53428224,0.011259384453296661
53444608,-0.023957477882504463
53460992,-0.002818971872329712
53477376,0.0068817222490906715
53493760,0.01354312151670456
53510144,-0.0043696453794837
53526528,-0.0036817099899053574
53542912,0.008320212364196777
53559296,-0.008836910128593445
53575680,0.02142077125608921
53592064,-0.014569871127605438
53608448,-0.002026272937655449
53624832,-0.010244715958833694
53641216,0.008410714566707611
53657600,0.013547783717513084
53673984,0.0081713842228055
53690368,0.0007374212145805359
53706752,0.0063076745718717575
53723136,-0.014610478654503822
53739520,0.012390609830617905
53755904,0.007847670465707779
53772288,0.020059147849678993
53788672,0.014480583369731903
53805056,-0.0048024579882621765
53821440,0.018858492374420166
53837824,-0.011848976835608482
53854208,0.014601955190300941
53870592,-0.014978216961026192
53886976,0.0011131353676319122
53903360,-0.006980477832257748
53919744,0.016876662150025368
53936128,-0.006407958921045065
53952512,0.007488034665584564
53968896,-0.007979528978466988
53985280,0.004053343087434769
54001664,0.013626066967844963
54018048,0.004929522518068552
54034432,0.003301842138171196
54050816,-0.010121865198016167
54067200,0.003701917827129364
54083584,0.01464894600212574
54099968,0.0011478085070848465
54116352,0.007548348978161812
54132736,-0.0007935743778944016
54149120,0.028164813295006752
54165504,0.006720408797264099
54181888,-0.0008060112595558167
54198272,0.010515199042856693
54214656,0.021900156512856483
54231040,-0.011898458935320377
54247424,0.023436397314071655
54263808,-0.0025791898369789124
54280192,-0.0029506608843803406
54296576,0.002735394984483719
54312960,0.005661766976118088
54329344,0.005918078124523163
54345728,0.0007368158549070358
54362112,0.002720886841416359
54378496,-0.010802001692354679
54394880,-0.0032735122367739677
54411264,-0.008700142614543438
54427648,0.020603075623512268
54444032,0.021156160160899162
54460416,0.012848103418946266
54476800,-0.04767540842294693
54493184,-0.0024071931838989258
54509568,0.007892299443483353
54525952,0.0009968448430299759
54542336,0.0008697323501110077
54558720,-0.002952679991722107
54575104,-0.0009789615869522095
54591488,-0.020500456914305687
54607872,-0.007098294794559479
54624256,-0.002016225829720497
54640640,0.002940155565738678
54657024,0.011481956578791142
54673408,-0.0017550494521856308
54689792,0.0021581146866083145
54706176,0.016462547704577446
54722560,0.00592001061886549
54738944,0.00993683747947216
54755328,0.005554137285798788
54771712,0.0016146693378686905
54788096,0.00805883202701807
54804480,0.005147999152541161
54820864,-0.0062878746539354324
54837248,-0.003956782631576061
54853632,0.02835855260491371
54870016,0.013958938419818878
54886400,-0.003003273159265518
54902784,-0.007572554051876068
54919168,-0.00211406871676445
54935552,0.015976952388882637
54951936,0.004745182581245899
54968320,0.02564074657857418
54984704,-0.0048023369163274765
55001088,0.006574399769306183
55017472,-0.01004706509411335
55033856,-0.0008479561656713486
55050240,0.00916642602533102
55066624,0.014895280823111534
55083008,-0.0017560012638568878
55099392,0.006200989708304405
55115776,-0.004310132935643196
55132160,-0.007929515093564987
55148544,0.020032521337270737
55164928,0.005162466317415237
55181312,0.008033075369894505
55197696,0.010713072493672371
55214080,0.004139944911003113
55230464,0.003207210451364517
55246848,-0.003182005137205124
55263232,0.014982238411903381
55279616,-0.0006719697266817093
55296000,0.009214549325406551
55312384,-0.00858868844807148
55328768,0.006201092153787613
55345152,0.008940475061535835
55361536,0.010443899780511856
55377920,-0.002416623756289482
55394304,-0.009738517925143242
55410688,-0.0014895657077431679
55427072,0.013161851093173027
55443456,0.014104310423135757
55459840,0.015016335994005203
55476224,0.004197748377919197
55492608,0.007273157127201557
55508992,0.007827626541256905
55525376,-0.015016711317002773
55541760,0.013324707746505737
55558144,0.011631075292825699
55574528,-0.0008012689650058746
55590912,-0.018181972205638885
55607296,-0.006479501724243164
55623680,-0.003655286505818367
55640064,-0.00245789997279644
55656448,0.0017991475760936737
55672832,0.00222209095954895
55689216,-0.011808183044195175
55705600,0.0017999503761529922
55721984,0.0157364159822464
55738368,0.018955513834953308
55754752,0.00604003481566906
55771136,0.0036556096747517586
55787520,-0.0013354886323213577
55803904,-0.00419522263109684
55820288,0.008340541273355484
55836672,0.002174956724047661
55853056,0.00236304197460413
55869440,0.008100079372525215
55885824,0.0017398260533809662
55902208,-0.012494081631302834
55918592,0.0058272238820791245
55934976,0.0072782691568136215
55951360,-0.01121421530842781
55967744,0.0010842997580766678
55984128,0.012343168258666992
56000512,0.007963217794895172
56016896,0.0025798343122005463
56033280,0.00623934343457222
56049664,0.023391662165522575
56066048,0.0005747228860855103
56082432,-0.009452693164348602
56098816,-0.00926176831126213
56115200,0.021726831793785095
56131584,-0.014281902462244034
56147968,-0.027288729324936867
56164352,0.009686602279543877
56180736,-0.019291676580905914
56197120,0.007252417504787445
56213504,-0.012631608173251152
56229888,-0.0004322035238146782
56246272,0.032794177532196045
56262656,0.012907680124044418
56279040,0.0019127465784549713
56295424,0.01059679314494133
56311808,0.0084525216370821
56328192,-0.0006218980997800827
56344576,-0.010563718155026436
56360960,-0.00928831472992897
56377344,-0.008850134909152985
56393728,-0.003081178292632103
56410112,0.014266087673604488
56426496,-0.01949266903102398
56442880,-0.001401970162987709
56459264,0.013496886938810349
56475648,-0.009499644860625267
56492032,-0.009064139798283577
56508416,-0.004293089732527733
56524800,0.006091875955462456
56541184,0.029637379571795464
56557568,-0.0013476647436618805
56573952,-0.010548699647188187
56590336,0.015130899846553802
56606720,-0.0008479449898004532
56623104,0.013290692120790482
56639488,0.007441958412528038
56655872,0.002606485038995743
56672256,0.014254948124289513
56688640,0.0036508310586214066
56705024,-0.0024015605449676514
56721408,0.0016771629452705383
56737792,0.018557922914624214
56754176,0.022930238395929337
56770560,-0.0004366133362054825
56786944,0.0038306880742311478
56803328,0.0066157616674900055
56819712,0.007527753710746765
56836096,0.005299828946590424
56852480,-0.0010281149297952652
56868864,0.007279740646481514
56885248,0.009158633649349213
56901632,0.008154761046171188
56918016,0.001814207062125206
56934400,0.008416619151830673
56950784,0.010766234248876572
56967168,0.003397127613425255
56983552,0.010331422090530396
56999936,-0.006101710721850395
57016320,0.0050344765186309814
57032704,0.015281304717063904
57049088,-0.012158289551734924
57065472,-0.006348000839352608
57081856,0.0024819225072860718
57098240,-0.0009231269359588623
57114624,0.005627809092402458
57131008,-0.004912322387099266
57147392,0.0003620944917201996
57163776,-0.006364163011312485
57180160,-0.0025394391268491745
57196544,-0.009891493245959282
57212928,-0.0069703608751297
57229312,0.015560004860162735
57245696,0.02480795793235302
57262080,-0.0010729562491178513
57278464,0.002231581136584282
57294848,0.0027319174259901047
57311232,-0.006425831466913223
57327616,-0.006714809685945511
57344000,-0.014486297965049744
57360384,0.007910076528787613
57376768,0.0037984661757946014
57393152,0.0025186873972415924
57409536,0.00017992034554481506
57425920,-0.013225428760051727
57442304,0.01851874217391014
57458688,0.0004008449614048004
57475072,-0.0004305746406316757
57491456,0.008300306275486946
57507840,0.0013564210385084152
57524224,0.015418946743011475
57540608,0.006873399950563908
57556992,-0.0054182615131139755
57573376,0.002825610339641571
57589760,-0.00025186687707901
57606144,-0.0075422413647174835
57622528,0.01602587290108204
57638912,0.0006211642175912857
57655296,0.010488741099834442
57671680,0.017821891233325005
57688064,0.0002316981554031372
57704448,-0.004528895020484924
57720832,0.010743601247668266
57737216,0.006792636588215828
57753600,0.010375743731856346
57769984,0.029227547347545624
57786368,-0.0019282735884189606
57802752,0.014207357540726662
57819136,-0.0035606268793344498
57835520,-0.002368694171309471
57851904,0.018053192645311356
57868288,-0.0047660041600465775
57884672,0.004219355061650276
57901056,0.005622446537017822
57917440,0.00880793109536171
57933824,-0.0011849123984575272
57950208,-0.003982063382863998
57966592,0.016193658113479614
57982976,-0.003106355667114258
57999360,0.014116913080215454
58015744,-0.0055200811475515366
58032128,0.008600283414125443
58048512,0.0014041531831026077
58064896,0.009128853678703308
58081280,-0.004215387627482414
58097664,0.0020370446145534515
58114048,0.006789693608880043
58130432,0.006445247679948807
58146816,-0.007784433662891388
58163200,0.012562999501824379
58179584,0.0329800508916378
58195968,0.011011326685547829
58212352,-0.0020112991333007812
58228736,-0.01325782760977745
58245120,0.013804858550429344
58261504,0.0005871634930372238
58277888,0.013572942465543747
58294272,0.00017591193318367004
58310656,0.01761402189731598
58327040,-0.006089420989155769
58343424,0.0054837800562381744
58359808,-0.007854126393795013
58376192,-0.011682244017720222
58392576,0.004130769520998001
58408960,-0.009914996102452278
58425344,0.008737888187170029
58441728,0.007578656077384949
58458112,0.012667594477534294
58474496,0.007890524342656136
58490880,-0.0026928745210170746
58507264,-0.009046955034136772
58523648,0.011532681062817574
58540032,-0.0050516314804553986
58556416,-0.005896212533116341
58572800,0.017705634236335754
58589184,0.008749879896640778
58605568,0.008679818361997604
58621952,-0.0077606141567230225
58638336,0.01810450479388237
58654720,-0.0020799264311790466
58671104,0.0008378438651561737
58687488,0.0028154104948043823
58703872,0.022773297503590584
58720256,-0.014038313180208206
58736640,-0.00546293705701828
58753024,0.003689005970954895
58769408,0.002147279679775238
58785792,0.004687851294875145
58802176,-0.0013142749667167664
58818560,0.013824410736560822
58834944,-0.003907442092895508
58851328,0.004577431827783585
58867712,0.028026435524225235
58884096,-0.010519793257117271
58900480,0.0036768876016139984
58916864,-0.013790484517812729
58933248,0.005015408620238304
58949632,0.0032901596277952194
58966016,-0.01989004760980606
58982400,0.016719747334718704
58998784,-0.007729131728410721
59015168,0.01518724113702774
59031552,0.021655570715665817
59047936,0.007741142064332962
59064320,0.01819075644016266
59080704,-0.01138632744550705
59097088,0.005818206816911697
59113472,0.01942664198577404
59129856,0.00391746312379837
59146240,-0.0021208785474300385
59162624,-0.015199115499854088
59179008,-1.1766329407691956e-05
59195392,0.0028811879456043243
59211776,0.01540376991033554
59228160,0.0059148166328668594
59244544,-0.0021172501146793365
59260928,0.006267338991165161
59277312,-0.014468163251876831
59293696,0.0021273158490657806
59310080,0.0023540928959846497
59326464,-0.0010785311460494995
59342848,-0.0001565646380186081
59359232,0.00014177337288856506
59375616,-0.001300077885389328
59392000,-0.0006727688014507294
59408384,0.009617233648896217
59424768,0.004699165001511574
59441152,0.019128471612930298
59457536,0.006316673010587692
59473920,0.01199711300432682
59490304,0.019584542140364647
59506688,0.011600727215409279
59523072,0.013965073972940445
59539456,0.0112179946154356
59555840,0.01203157752752304
59572224,-0.0005442220717668533
59588608,0.013774024322628975
59604992,0.0016778334975242615
59621376,-0.013767104595899582
59637760,-0.0036334488540887833
59654144,-0.005172835662961006
59670528,-0.013060860335826874
59686912,0.008200574666261673
59703296,0.019337831065058708
59719680,-0.005190640687942505
59736064,0.013806773349642754
59752448,0.0018069036304950714
59768832,0.025496548041701317
59785216,0.008619006723165512
59801600,-0.006355540826916695
59817984,0.0043608322739601135
59834368,0.006473133340477943
59850752,-0.021615436300635338
59867136,0.018788758665323257
59883520,0.00014706701040267944
59899904,0.006273031234741211
59916288,0.008232124149799347
59932672,0.0017788372933864594
59949056,-0.003131851553916931
59965440,-0.006050780415534973
59981824,0.0009565167129039764
59998208,-0.0002613775432109833
60014592,-0.0036956854164600372
60030976,0.0020094960927963257
60047360,0.005618030205368996
60063744,0.005068518221378326
60080128,-0.0036653410643339157
60096512,0.006525134667754173
60112896,0.012298692017793655
60129280,0.005765032023191452
60145664,0.016223005950450897
60162048,-2.899765968322754e-05
60178432,0.0016930550336837769
60194816,0.0017086789011955261
60211200,0.005823868326842785
60227584,-0.0016209185123443604
60243968,-0.0008556637912988663
60260352,0.005854405462741852
60276736,-0.0055083464831113815
60293120,-0.0007257182151079178
60309504,-0.006482159718871117
60325888,0.0007067583501338959
60342272,0.007678959518671036
60358656,0.02127929963171482
60375040,-0.010282181203365326
60391424,-0.008488461375236511
60407808,0.000520799309015274
60424192,0.002710893750190735
60440576,-0.011317083612084389
60456960,-0.0047683194279670715
60473344,0.002196434885263443
60489728,-0.011259183287620544
60506112,0.006325814872980118
60522496,-0.0006854943931102753
60538880,0.0037587154656648636
60555264,0.013620452955365181
60571648,0.019210398197174072
60588032,-0.0009510889649391174
60604416,-0.006553109735250473
60620800,-0.0017261356115341187
60637184,0.004703197628259659
60653568,0.004677001386880875
60669952,0.0018642973154783249
60686336,-0.0025632064789533615
60702720,-0.004747103899717331
60719104,-0.007333768531680107
60735488,0.0009083077311515808
60751872,-0.00765960942953825
60768256,-0.0021662618964910507
60784640,-0.006907997652888298
60801024,-0.004691120237112045
60817408,-0.006626803427934647
60833792,-0.00836918130517006
60850176,0.004862051457166672
60866560,0.004761652089655399
60882944,-0.013062514364719391
60899328,0.0064322445541620255
60915712,0.010816309601068497
60932096,-0.016139475628733635
60948480,0.017020586878061295
60964864,0.01404331810772419
60981248,-0.021754829213023186
60997632,0.015789397060871124
61014016,-0.004857338964939117
61030400,-0.012923391535878181
61046784,-0.010634567588567734
61063168,0.020970897749066353
61079552,0.004818974062800407
61095936,0.003908054903149605
61112320,0.004079530015587807
61128704,0.006527258083224297
61145088,0.007291644811630249
61161472,-0.008737782016396523
61177856,-0.004060007631778717
61194240,0.015983788296580315
61210624,0.00419637281447649
61227008,-0.004121001809835434
61243392,-0.003978809341788292
61259776,-0.010177437216043472
61276160,-0.009437819011509418
61292544,-0.0024625882506370544
61308928,0.01728217676281929
61325312,0.014726109802722931
61341696,0.003642108291387558
61358080,0.0007753018289804459
61374464,-0.005316328257322311
61390848,-0.011061187833547592
61407232,0.0029819831252098083
61423616,-0.010398637503385544
61440000,0.007002664729952812
61456384,-0.0017220154404640198
61472768,0.00623764842748642
61489152,-0.00093112513422966
61505536,0.005302600562572479
61521920,-0.005242804065346718
61538304,0.021776143461465836
61554688,-0.007170693948864937
61571072,0.0029563475400209427
61587456,0.00021967291831970215
61603840,0.026502013206481934
61620224,-0.000798538327217102
61636608,-0.0005903430283069611
61652992,0.005145221948623657
61669376,0.005171658471226692
61685760,-0.00899171270430088
61702144,0.01255873218178749
61718528,-0.007704570889472961
61734912,0.007530080154538155
61751296,0.006656857207417488
61767680,-0.0031894203275442123
61784064,-0.008878644555807114
61800448,0.005609806627035141
61816832,-0.01223234087228775
61833216,0.01078866794705391
61849600,0.0022824378684163094
61865984,0.021914396435022354
61882368,0.0024180784821510315
61898752,0.010351315140724182
61915136,-0.010579612106084824
61931520,0.01028585247695446
61947904,0.014154855161905289
61964288,-0.004206386394798756
61980672,-0.006960293278098106
61997056,0.001203620806336403
62013440,-0.0061327796429395676
62029824,0.012135984376072884
62046208,8.340366184711456e-05
62062592,-0.01281067542731762
62078976,-0.006000446155667305
62095360,-0.0005387961864471436
62111744,-0.010228315368294716
62128128,0.011625397950410843
62144512,0.012542804703116417
62160896,-0.0010454151779413223
62177280,-0.01045580580830574
62193664,0.010087436065077782
62210048,-0.0027526505291461945
62226432,0.007757784798741341
62242816,0.00035877525806427
62259200,-0.0025103893131017685
62275584,0.02594596892595291
62291968,0.01953275129199028
62308352,0.020068660378456116
62324736,0.001326804980635643
62341120,0.006602234207093716
62357504,-0.0008477866649627686
62373888,-0.009198229759931564
62390272,-0.00013033859431743622
62406656,0.010920962318778038
62423040,0.003136187791824341
62439424,0.001850740984082222
62455808,0.0033734990283846855
62472192,-0.0045505426824092865
62488576,-0.0061239926144480705
62504960,-0.0027613304555416107
62521344,0.0002495963126420975
62537728,0.0036120545119047165
62554112,-0.009369045495986938
62570496,-0.0147508904337883
62586880,0.002163512632250786
62603264,0.003783615306019783
62619648,-0.002012185752391815
62636032,0.0015158038586378098
62652416,0.009785706177353859
62668800,0.023992624133825302
62685184,0.0031666643917560577
62701568,0.003889080137014389
62717952,0.0037377364933490753
62734336,0.009936429560184479
62750720,-0.005294766277074814
62767104,-0.017776988446712494
62783488,-0.01685299724340439
62799872,0.007654736749827862
62816256,0.007142476737499237
62832640,0.003889240324497223
62849024,0.023744380101561546
62865408,0.010550307109951973
62881792,0.028722962364554405
62898176,0.031038951128721237
62914560,-0.0018424075096845627
62930944,0.012194648385047913
62947328,0.007092402316629887
62963712,-0.0032089166343212128
62980096,0.010942095890641212
62996480,-0.00827062502503395
63012864,0.00838484987616539
63029248,-0.00443054735660553
63045632,0.013417159207165241
63062016,0.004210556857287884
63078400,0.02199592813849449
63094784,0.00437882449477911
63111168,-0.0026711374521255493
63127552,0.011840328574180603
63143936,0.005384225398302078
63160320,0.003341767005622387
63176704,0.0011172350496053696
63193088,0.0026297587901353836
63209472,-0.00943017564713955
63225856,0.01326330378651619
63242240,-0.004790744744241238
63258624,-0.016994047909975052
63275008,0.006558950990438461
63291392,0.012118496932089329
63307776,-0.00024153850972652435
63324160,0.007437733933329582
63340544,0.0010335873812437057
63356928,0.004003753885626793
63373312,0.0022508176043629646
63389696,0.012546327896416187
63406080,0.022714829072356224
63422464,-0.007529715076088905
63438848,-0.009806344285607338
63455232,0.008931383490562439
63471616,0.005351385101675987
63488000,0.013682493939995766
63504384,-0.012152107432484627
63520768,0.005673034116625786
63537152,0.0017161555588245392
63553536,0.008732268586754799
63569920,0.007562819868326187
63586304,-0.012096064165234566
63602688,-0.0013125278055667877
63619072,0.015579350292682648
63635456,0.003444422036409378
63651840,0.005653311498463154
63668224,-0.00788869895040989
63684608,0.011281436309218407
63700992,4.936195909976959e-05
63717376,0.007596885785460472
63733760,0.0023491280153393745
63750144,0.015408657491207123
63766528,0.005098724737763405
63782912,-0.012109335511922836
63799296,-0.0003137784078717232
63815680,-0.0002627260982990265
63832064,0.004851622506976128
63848448,0.008401919156312943
63864832,0.022300653159618378
63881216,-0.006815405562520027
63897600,-0.007449005730450153
63913984,0.0047072358429431915
63930368,0.0032647084444761276
63946752,0.007877437397837639
63963136,0.014176955446600914
63979520,-0.0015623141080141068
63995904,-0.0010264236479997635
64012288,-0.015948209911584854
64028672,-0.007915757596492767
64045056,0.012211399152874947
64061440,-0.0006264876574277878
64077824,-0.00449347123503685
64094208,0.00466824509203434
64110592,0.0040497928857803345
64126976,-0.0017056465148925781
64143360,0.0027468688786029816
64159744,0.009120520204305649
64176128,0.011761549860239029
64192512,0.009947896003723145
64208896,0.012671466916799545
64225280,0.011143968440592289
64241664,0.017460688948631287
64258048,0.025762321427464485
64274432,-0.013707641512155533
64290816,0.013796458952128887
64307200,0.02124560810625553
64323584,0.011081371456384659
64339968,0.021274620667099953
64356352,0.008399978280067444
64372736,0.0098953265696764
64389120,-0.0008910465985536575
64405504,0.01641470193862915
64421888,-0.016281498596072197
64438272,0.01651296764612198
64454656,0.009218920022249222
64471040,-0.00038408488035202026
64487424,0.005818581208586693
64503808,-0.005750027019530535
64520192,0.005102662369608879
64536576,0.0025744112208485603
64552960,-0.011088022962212563
64569344,-0.011322058737277985
64585728,-0.010928865522146225
64602112,0.003407411277294159
64618496,0.018366800621151924
64634880,0.019463762640953064
64651264,0.01535850577056408
64667648,0.0006544645875692368
64684032,0.01986311562359333
64700416,0.013210069388151169
64716800,0.0030561834573745728
64733184,0.005240676924586296
64749568,0.015025920234620571
64765952,0.010494173504412174
64782336,-0.0023436713963747025
64798720,0.0165841244161129
64815104,0.01014794409275055
64831488,-0.0003658803179860115
64847872,0.012729697860777378
64864256,0.006272222846746445
64880640,-0.011333132162690163
64897024,-0.021240446716547012
64913408,0.01291348785161972
64929792,0.0023907003924250603
64946176,-0.0039657410234212875
64962560,0.035849206149578094
64978944,-0.006804643198847771
64995328,0.0006235651671886444
65011712,-0.0009348560124635696
65028096,0.009890077635645866
65044480,0.014295030385255814
65060864,0.015083426609635353
65077248,0.018704473972320557
65093632,0.019859112799167633
65110016,0.00927034206688404
65126400,-0.004482690244913101
65142784,0.008283942937850952
65159168,0.013364261016249657
65175552,-0.003893338143825531
65191936,0.0006430894136428833
65208320,0.01294947974383831
65224704,-0.0041179414838552475
65241088,-0.0072534456849098206
65257472,-0.003605129197239876
65273856,0.003308347426354885
65290240,0.01592119038105011
65306624,2.215057611465454e-05
65323008,0.003713788464665413
65339392,0.0011373870074748993
65355776,-0.007153598591685295
65372160,0.009871434420347214
65388544,0.008273319341242313
65404928,0.020106088370084763
65421312,0.005627231672406197
65437696,0.0009654946625232697
65454080,0.004822740331292152
65470464,0.009826801717281342
65486848,0.01312903594225645
65503232,-0.002029523253440857
65519616,-0.0016627293080091476
65536000,0.0009973850101232529
65552384,0.010188166052103043
65568768,0.0012669432908296585
65585152,0.007300605997443199
65601536,0.01910250261425972
65617920,0.0038809627294540405
65634304,0.018900979310274124
65650688,0.010941222310066223
65667072,0.009627999737858772
65683456,0.0008328650146722794
65699840,0.0010407865047454834
65716224,0.0031341593712568283
65732608,0.02616722323000431
65748992,0.022962767630815506
65765376,0.022394560277462006
65781760,0.011758124455809593
65798144,0.01311100646853447
65814528,-0.0001533031463623047
65830912,0.0003961734473705292
65847296,0.01892494410276413
65863680,-0.001383177936077118
65880064,0.012960836291313171
65896448,0.01947278529405594
65912832,0.0105355903506279
65929216,0.006498932838439941
65945600,0.007118622772395611
65961984,0.012926045805215836
65978368,-0.001516055315732956
65994752,0.004307568073272705
66011136,0.0027180276811122894
66027520,-0.014475896954536438
66043904,-0.007300695404410362
66060288,0.015004497021436691
66076672,-7.428228855133057e-06
66093056,0.0009073838591575623
66109440,0.010795831680297852
66125824,-0.001583622768521309
66142208,-0.000692274421453476
66158592,0.015184996649622917
66174976,0.0005385270342230797
66191360,-0.03583729267120361
66207744,0.0015636999160051346
66224128,0.006217259913682938
66240512,-0.005885779857635498
66256896,0.012083612382411957
66273280,0.0013998746871948242
66289664,0.003106294199824333
66306048,-0.0033878684043884277
66322432,-0.008622411638498306
66338816,-0.023715749382972717
66355200,-0.00031910836696624756
66371584,0.0094216987490654
66387968,0.005354659631848335
66404352,0.03227750211954117
66420736,0.013769003562629223
66437120,-0.004533190280199051
66453504,-0.004651181399822235
66469888,0.014374909922480583
66486272,0.009349033236503601
66502656,0.004259277135133743
66519040,0.007885526865720749
66535424,-0.000866597518324852
66551808,0.015410974621772766
66568192,0.01829637959599495
66584576,0.012132546864449978
66600960,0.011371945962309837
66617344,0.01805073395371437
66633728,0.012584189884364605
66650112,0.01257411390542984
66666496,0.005055556073784828
66682880,-0.0011995993554592133
66699264,0.01548917219042778
66715648,0.00545303151011467
66732032,-0.0017033424228429794
66748416,0.008432742208242416
66764800,0.006121847778558731
66781184,0.0007480457425117493
66797568,0.0015413686633110046
66813952,0.006035235710442066
66830336,0.0010006409138441086
66846720,-0.005837332457304001
66863104,0.002688314765691757
66879488,0.0063558463007211685
66895872,-0.010280720889568329
66912256,0.009082231670618057
66928640,0.0029883310198783875
66945024,-0.0012654531747102737
66961408,0.005393285304307938
66977792,0.0015048794448375702
66994176,0.000545913353562355
67010560,0.00354047492146492
67026944,-0.011949967592954636
67043328,0.018247630447149277
67059712,0.021952908486127853
67076096,0.007860317826271057
67092480,0.00989248976111412
67108864,-0.001652795821428299
67125248,0.005293862894177437
67141632,0.004147019237279892
67158016,0.019634369760751724
67174400,-0.0054600536823272705
67190784,0.0035737231373786926
67207168,0.0012404490262269974
67223552,0.0002888999879360199
67239936,0.018014483153820038
67256320,-0.006167460232973099
67272704,0.008969746530056
67289088,-0.0008737687021493912
67305472,0.006801176816225052
67321856,0.0006106086075305939
67338240,0.016900524497032166
67354624,-0.013916101306676865
67371008,0.009335272014141083
67387392,0.008549988269805908
67403776,0.005560304969549179
67420160,0.00011681951582431793
67436544,0.017188698053359985
67452928,0.008944771252572536
67469312,0.01903460919857025
67485696,-0.012276137247681618
67502080,0.0028664488345384598
67518464,-0.0019479282200336456
67534848,0.0021010274067521095
67551232,0.006593931466341019
67567616,-0.01120087131857872
67584000,0.004532311111688614
67600384,0.02528778463602066
67616768,0.007472366094589233
67633152,-0.011421877890825272
67649536,-0.003613026812672615
67665920,0.007311670109629631
67682304,0.007373221218585968
67698688,-0.009001567959785461
67715072,-0.012018293142318726
67731456,-0.0059406571090221405
67747840,-0.0053764209151268005
67764224,0.005080128088593483
67780608,-0.001819748431444168
67796992,0.011155394837260246
67813376,-0.003148689866065979
67829760,-0.015625132247805595
67846144,-0.003101710230112076
67862528,-0.004158925265073776
67878912,0.0027256961911916733
67895296,-0.0008312240242958069
67911680,0.011514529585838318
67928064,0.012043017894029617
67944448,0.018383465707302094
67960832,-0.009667642414569855
67977216,0.01880912110209465
67993600,0.008311023935675621
68009984,-0.0026280097663402557
68026368,-0.010954814031720161
68042752,0.015060165897011757
68059136,0.008758649230003357
68075520,0.012515287846326828
68091904,-0.0032947883009910583
68108288,0.0013282280415296555
68124672,-0.0022204257547855377
68141056,-0.012843156233429909
68157440,-0.005720701068639755
68173824,0.01661590486764908
68190208,-0.002822745591402054
68206592,-0.0074172113090753555
68222976,0.0012298226356506348
68239360,0.0003896057605743408
68255744,0.017512377351522446
68272128,-0.020382672548294067
68288512,0.00042785704135894775
68304896,0.007109788246452808
68321280,0.00662606954574585
68337664,0.02262130379676819
68354048,0.012182235717773438
68370432,0.011396748945116997
68386816,-0.02389238215982914
68403200,0.014899086207151413
68419584,0.007975786924362183
68435968,-0.008461249992251396
68452352,0.004934348165988922
68468736,0.016855698078870773
68485120,0.010418497025966644
68501504,-0.004548205062747002
68517888,-0.0024338625371456146
68534272,0.004585856571793556
68550656,-0.005965180695056915
68567040,0.004097547382116318
68583424,0.006120013073086739
68599808,0.0009845346212387085
68616192,0.014199679717421532
68632576,0.005805641412734985
68648960,-0.0039036329835653305
68665344,-0.00899210013449192
68681728,-0.00981888547539711
68698112,-0.0033285189419984818
68714496,0.00031720101833343506
68730880,0.0044257380068302155
68747264,0.005864769220352173
68763648,0.0032683201134204865
68780032,-0.0011642761528491974
68796416,-0.004020504653453827
68812800,-0.002176329493522644
68829184,0.00020459480583667755
68845568,0.008008239790797234
68861952,-0.0017801187932491302
68878336,0.008507482707500458
68894720,-0.0013542808592319489
68911104,-0.005503477528691292
68927488,-0.008959444239735603
68943872,-0.003929484635591507
68960256,0.020075645297765732
68976640,-0.013566773384809494
68993024,0.008139409124851227
69009408,0.002902001142501831
69025792,-0.002840835601091385
69042176,0.008629025891423225
69058560,0.016000673174858093
69074944,0.017294030636548996
69091328,-0.004977362230420113
69107712,-0.009303145110607147
69124096,0.016010243445634842
69140480,0.0005534552037715912
69156864,0.00784989446401596
69173248,-0.00845220685005188
69189632,0.0076054297387599945
69206016,0.0033291224390268326
69222400,-0.015248443931341171
69238784,0.002291496843099594
69255168,-0.01396578922867775
69271552,0.026815492659807205
69287936,-0.008979961276054382
69304320,-0.01794493943452835
69320704,0.01588304527103901
69337088,-0.0026278719305992126
69353472,-0.0006959661841392517
69369856,-0.007351376116275787
69386240,0.004761667922139168
69402624,0.0020416192710399628
69419008,-0.0047774724662303925
69435392,-0.0021992065012454987
69451776,-0.00111394003033638
69468160,0.016264908015727997
69484544,0.012697070837020874
69500928,0.013953596353530884
69517312,0.02551504597067833
69533696,-0.0077395327389240265
69550080,0.0035662371665239334
69566464,0.0038352087140083313
69582848,0.014430701732635498
69599232,0.02085064724087715
69615616,0.008929852396249771
69632000,0.0054793581366539
69648384,0.011133534833788872
69664768,0.0022211968898773193
69681152,0.02189665660262108
69697536,0.01211068406701088
69713920,0.030858678743243217
69730304,-0.007163248956203461
69746688,0.016372445970773697
69763072,0.010031960904598236
69779456,0.0030904002487659454
69795840,0.0008095800876617432
69812224,0.013521753251552582
69828608,0.00016302242875099182
69844992,-0.013190561905503273
69861376,-0.0018606781959533691
69877760,-0.007215142250061035
69894144,0.022526761516928673
69910528,0.007409805431962013
69926912,-0.01943494752049446
69943296,-0.0033026989549398422
69959680,-0.011466402560472488
69976064,0.0028297118842601776
69992448,-0.01236802339553833
70008832,0.004278197884559631
70025216,-0.0025847628712654114
70041600,-0.020474599674344063
70057984,0.0038577038794755936
70074368,0.020341232419013977
70090752,-0.005341343581676483
70107136,0.004310876131057739
70123520,0.0045761838555336
70139904,0.029060497879981995
70156288,-0.008593091741204262
70172672,0.018971577286720276
70189056,-0.007002081722021103
70205440,-0.0004637502133846283
70221824,0.006097115576267242
70238208,0.002824600785970688
70254592,0.01369458343833685
70270976,0.005648588761687279
70287360,0.009179757907986641
70303744,-6.203353404998779e-05
70320128,0.0037830546498298645
70336512,-0.0018401220440864563
70352896,0.010371224954724312
70369280,0.005399864166975021
70385664,0.01714656502008438
70402048,0.007321326062083244
70418432,0.022757193073630333
70434816,0.016112983226776123
70451200,0.019848451018333435
70467584,0.013110870495438576
70483968,-0.0030330196022987366
70500352,-0.004240876063704491
70516736,-0.010753422975540161
70533120,-0.00359971821308136
70549504,0.01634787768125534
70565888,0.025684472173452377
70582272,0.001435697078704834
70598656,-0.0026114806532859802
70615040,-0.0038325954228639603
70631424,-0.0027192868292331696
70647808,0.001008886843919754
70664192,0.010014113038778305
70680576,-0.01347808912396431
70696960,0.0005027242004871368
70713344,0.002306850627064705
70729728,0.009095806628465652
70746112,0.00032717734575271606
70762496,0.006792541593313217
70778880,-0.010437902063131332
70795264,0.02673676796257496
70811648,-0.0022072717547416687
70828032,-0.005041578784584999
70844416,0.006426848471164703
70860800,0.029634008184075356
70877184,0.004456477239727974
70893568,-0.009688764810562134
70909952,0.015548421069979668
70926336,0.0104594174772501
70942720,0.006183493882417679
70959104,0.020719537511467934
70975488,0.006867231801152229
70991872,0.004074780270457268
71008256,-0.00783306173980236
71024640,-0.0016125179827213287
71041024,0.008627347648143768
71057408,0.008559716865420341
71073792,-0.0026687216013669968
71090176,0.01751473732292652
71106560,0.006613807752728462
71122944,0.016150491312146187
71139328,-0.00582519918680191
71155712,0.001128287985920906
71172096,0.0025012418627738953
71188480,0.013101644814014435
71204864,-0.0011488031595945358
71221248,0.003665367141366005
71237632,0.013268956914544106
71254016,0.0025734659284353256
71270400,-0.009425364434719086
71286784,0.011235002428293228
71303168,-0.008894002065062523
71319552,0.0033468250185251236
71335936,0.009848030284047127
71352320,8.396059274673462e-05
71368704,-0.002524321898818016
71385088,-0.006721543148159981
71401472,-0.004279680550098419
71417856,0.002049468457698822
71434240,0.0015558525919914246
71450624,-0.004615483805537224
71467008,0.003381306305527687
71483392,0.00963960774242878
71499776,0.007110860198736191
71516160,-0.005069304257631302
71532544,-0.007752338424324989
71548928,0.002695765346288681
71565312,0.003315296024084091
71581696,0.009352333843708038
71598080,-0.009378848597407341
71614464,0.013767501339316368
71630848,0.009300341829657555
71647232,-0.005658857524394989
71663616,0.013172663748264313
71680000,0.002961954101920128
71696384,-0.012419138103723526
71712768,0.006074124947190285
71729152,0.009373797103762627
71745536,-0.004169423133134842
71761920,0.01376558467745781
71778304,0.0005221385508775711
71794688,0.009855415672063828
71811072,-0.004675131291151047
71827456,0.01650109514594078
71843840,-0.006479319185018539
71860224,0.006726577877998352
71876608,-0.014048607088625431
71892992,-0.010927118360996246
71909376,-0.005998813547194004
71925760,0.006873004138469696
71942144,0.013489285483956337
71958528,0.012494377791881561
71974912,0.012010395526885986
71991296,0.011749284341931343
72007680,0.0213639996945858
72024064,0.010007556527853012
72040448,-0.004166219383478165
72056832,0.004058141261339188
72073216,0.01875491626560688
72089600,0.004187056794762611
72105984,0.004704296588897705
72122368,0.019896989688277245
72138752,0.012589778751134872
72155136,0.00306541845202446
72171520,0.011990953236818314
72187904,0.017108237370848656
72204288,0.010895203799009323
72220672,0.006598573178052902
72237056,-0.002011289820075035
72253440,-0.007876681163907051
72269824,0.007853277027606964
72286208,0.005406040698289871
72302592,0.00046483613550662994
72318976,0.01083751767873764
72335360,5.169957876205444e-05
72351744,-0.0026146098971366882
72368128,0.01319466345012188
72384512,-0.01511773094534874
72400896,0.008027389645576477
72417280,-0.012060292065143585
72433664,0.01050667092204094
72450048,-0.009124021977186203
72466432,0.01647201180458069
72482816,0.02550750970840454
72499200,0.011102344840765
72515584,0.01573413796722889
72531968,0.0037931259721517563
72548352,-0.011533129960298538
72564736,-0.00532853789627552
72581120,0.012362446635961533
72597504,-0.00893340539187193
72613888,-0.0012006834149360657
72630272,0.000557522289454937
72646656,0.00475732609629631
72663040,-0.016628447920084
72679424,0.0014260131865739822
72695808,0.01650121621787548
72712192,0.0040710680186748505
72728576,0.006696205586194992
72744960,-0.01040615513920784
72761344,0.0016821660101413727
72777728,-0.005614541471004486
72794112,0.0030016442760825157
72810496,-0.013555971905589104
72826880,0.005306649953126907
72843264,0.005521722137928009
72859648,0.016154229640960693
72876032,-0.013039597310125828
72892416,0.013570163398981094
72908800,-0.02020617574453354
72925184,0.011719530448317528
72941568,0.025066442787647247
72957952,-0.004360532388091087
72974336,0.0019812099635601044
72990720,-0.0021069180220365524
73007104,-0.0024509914219379425
73023488,-0.009791122749447823
73039872,0.007826052606105804
73056256,-0.008187366649508476
73072640,0.010507205501198769
73089024,-0.0037656091153621674
73105408,0.00959688425064087
73121792,0.002463884651660919
73138176,0.011507172137498856
73154560,0.010550715029239655
73170944,-0.0005426816642284393
73187328,0.0005476363003253937
73203712,0.0009121373295783997
73220096,0.0316694937646389
73236480,0.01316443458199501
73252864,0.01118016429245472
73269248,0.020786073058843613
73285632,0.010976998135447502
73302016,-0.011558718979358673
73318400,0.011601239442825317
73334784,0.005434203892946243
73351168,0.012311864644289017
73367552,-0.014713283628225327
73383936,0.005351286381483078
73400320,0.0012763142585754395
73416704,-0.003993401303887367
73433088,-0.007437871769070625
73449472,0.004776082932949066
73465856,-0.011396162211894989
73482240,0.012028159573674202
73498624,0.005033738911151886
73515008,-0.0016028136014938354
73531392,0.01201818510890007
73547776,0.0023175999522209167
73564160,0.022210367023944855
73580544,0.013603851199150085
73596928,-0.005390804260969162
73613312,-0.005905617028474808
73629696,0.0004474371671676636
73646080,0.016891028732061386
73662464,0.015503795817494392
73678848,0.00046696513891220093
73695232,0.013069145381450653
73711616,0.009401045739650726
73728000,-0.005926009267568588
73744384,0.004727710038423538
73760768,-0.011739648878574371
73777152,-0.007565749809145927
73793536,-0.004664383828639984
73809920,0.011393064633011818
73826304,0.011784577742218971
73842688,0.017250671982765198
73859072,-0.009459584951400757
73875456,0.0013136975467205048
73891840,0.0003755204379558563
73908224,0.008057484403252602
73924608,0.005331028252840042
73940992,0.005205214023590088
73957376,0.009471625089645386
73973760,0.0007904712110757828
73990144,0.00541769340634346
74006528,-0.011938657611608505
74022912,-0.013001952320337296
74039296,0.00015999749302864075
74055680,0.007847985252737999
74072064,-0.004104886204004288
74088448,-0.0014202464371919632
74104832,0.0026865899562835693
74121216,0.015011485666036606
74137600,0.0027892589569091797
74153984,-0.01707521826028824
74170368,0.016129344701766968
74186752,-0.008319849148392677
74203136,0.0022713951766490936
74219520,0.010074522346258163
74235904,0.003702612593770027
74252288,0.006827082484960556
74268672,-0.004931321367621422
74285056,0.02510754205286503
74301440,0.006295338273048401
74317824,0.003370748832821846
74334208,0.004640327766537666
74350592,0.0034094490110874176
74366976,0.00451243668794632
74383360,0.003217782825231552
74399744,0.013592362403869629
74416128,-0.0018225405365228653
74432512,-0.0067975521087646484
74448896,-0.011250700801610947
74465280,0.005746230483055115
74481664,-0.0036616604775190353
74498048,-0.009514033794403076
74514432,-0.013481471687555313
74530816,0.0073474980890750885
74547200,-0.0050248876214027405
74563584,-0.009020727127790451
74579968,0.00800052285194397
74596352,-0.004389435052871704
74612736,0.0024221520870923996
74629120,0.010682733729481697
74645504,-0.005212824791669846
74661888,-0.007028099149465561
74678272,0.015458909794688225
74694656,-0.005888065323233604
74711040,0.0053110383450984955
74727424,0.0077032484114170074
74743808,-0.001789221540093422
74760192,0.0031311381608247757
74776576,0.025035129860043526
74792960,-0.009402686730027199
74809344,-0.010094016790390015
74825728,0.014417639002203941
74842112,0.01565110683441162
74858496,0.007018513977527618
74874880,-0.00085492804646492
74891264,0.0023631099611520767
74907648,-0.0033575911074876785
74924032,0.008781678974628448
74940416,0.020647047087550163
74956800,0.005980528891086578
74973184,-0.00235636904835701
74989568,-0.0004889219999313354
75005952,-0.0014448855072259903
75022336,-0.003584500402212143
75038720,0.0020225346088409424
75055104,0.0038513336330652237
75071488,0.006621534004807472
75087872,-0.0018574222922325134
75104256,-0.006305050104856491
75120640,0.012590602040290833
75137024,-0.003949305042624474
75153408,0.005066588521003723
75169792,-0.008370064198970795
75186176,-0.014153312891721725
75202560,-0.0170825757086277
75218944,0.00629303976893425
75235328,0.008250778540968895
75251712,0.001432599499821663
75268096,0.00810934416949749
75284480,0.002620464190840721
75300864,-0.005338594317436218
75317248,0.019309906288981438
75333632,0.0026792865246534348
75350016,0.017336184158921242
75366400,0.012311145663261414
75382784,-0.006106214597821236
75399168,-0.004804294556379318
75415552,-0.004621712490916252
75431936,0.001178976148366928
75448320,0.009353255853056908
75464704,0.00785791128873825
75481088,0.0017718970775604248
75497472,0.00986228883266449
75513856,0.006564047187566757
75530240,0.004140399396419525
75546624,-0.004312112927436829
75563008,0.016767213121056557
75579392,0.0020096879452466965
75595776,-0.002896377816796303
75612160,-0.0011586733162403107
75628544,0.00024305470287799835
75644928,-0.0029928386211395264
75661312,-0.0021831076592206955
75677696,-0.001243986189365387
75694080,-0.015076395124197006
75710464,-0.0036644116044044495
75726848,-0.010144535452127457
75743232,0.01412474736571312
75759616,0.014514315873384476
75776000,-0.0023450590670108795
75792384,0.003346068784594536
75808768,-0.006077665835618973
75825152,0.002428598701953888
75841536,0.014572493731975555
75857920,0.006281556561589241
75874304,0.004718882963061333
75890688,-0.0018941313028335571
75907072,-0.0037706345319747925
75923456,0.009275335818529129
75939840,-0.0016530342400074005
75956224,0.03088453598320484
75972608,0.011903921142220497
75988992,0.003947962075471878
76005376,0.007804699242115021
76021760,0.015874788165092468
76038144,0.004409247078001499
76054528,-0.011545844376087189
76070912,0.01372138224542141
76087296,0.001971103250980377
76103680,-0.01206306740641594
76120064,0.0007328297942876816
76136448,-0.004932992160320282
76152832,0.0024310611188411713
76169216,0.004188753664493561
76185600,-0.015309378504753113
76201984,0.011650251224637032
76218368,0.003826674073934555
76234752,-0.01149631105363369
76251136,0.009998973459005356
76267520,0.001507531851530075
76283904,0.008210787549614906
76300288,-0.008842483162879944
76316672,0.01701388508081436
76333056,0.005519337952136993
76349440,0.012301428243517876
76365824,0.02588052488863468
76382208,0.012384679168462753
76398592,-0.004622096195816994
76414976,0.0016165636479854584
76431360,0.016617311164736748
76447744,0.002805577591061592
76464128,-0.003568517044186592
76480512,0.03186851367354393
76496896,0.006083279848098755
76513280,-0.0009491322562098503
76529664,0.0010725967586040497
76546048,0.008808787912130356
76562432,0.004565892741084099
76578816,-0.0018969029188156128
76595200,-0.018034277483820915
76611584,-0.003403792157769203
76627968,-0.005971802398562431
76644352,0.005013620480895042
76660736,-0.0037914011627435684
76677120,0.001756519079208374
76693504,-0.006622569635510445
76709888,0.011953968554735184
76726272,-0.01386184711009264
76742656,0.011306269094347954
76759040,-0.02093830518424511
76775424,-0.003168713301420212
76791808,-0.006402285769581795
76808192,0.005707988515496254
76824576,-8.442811667919159e-05
76840960,0.015621539205312729
76857344,0.003649238497018814
76873728,0.014922771602869034
76890112,0.0008941683918237686
76906496,-0.0016939174383878708
76922880,-0.006860969588160515
76939264,0.014682319015264511
76955648,0.018136005848646164
76972032,0.013510512188076973
76988416,-0.0014683008193969727
77004800,-0.003482736647129059
77021184,0.006308618932962418
77037568,-0.003199387341737747
77053952,-0.005962556228041649
77070336,-0.025201456621289253
77086720,-0.007352176122367382
77103104,-0.0019332580268383026
77119488,-0.001857229508459568
77135872,0.006589507684111595
77152256,0.0036187954246997833
77168640,0.004729229956865311
77185024,-0.0003518052399158478
77201408,0.005522901192307472
77217792,-0.005084366537630558
77234176,0.006867324002087116
77250560,-0.005818478763103485
77266944,0.013507293537259102
77283328,0.007968436926603317
77299712,0.0051384735852479935
77316096,0.009961763396859169
77332480,-0.003649570047855377
77348864,0.009983556345105171
77365248,0.01099049299955368
77381632,0.007378021255135536
77398016,0.013191732577979565
77414400,0.003761032596230507
77430784,-0.005130121484398842
77447168,0.009972181171178818
77463552,0.010531555861234665
77479936,0.0024265069514513016
77496320,0.004267232492566109
77512704,0.0028146635740995407
77529088,-0.022703589871525764
77545472,0.0023713111877441406
77561856,-0.01259845495223999
77578240,0.010072071105241776
77594624,0.014557279646396637
77611008,0.008272150531411171
77627392,-0.013313503935933113
77643776,0.00470753014087677
77660160,0.0026225950568914413
77676544,0.006493495777249336
77692928,-0.004187580198049545
77709312,-0.0024199560284614563
77725696,0.01215454749763012
77742080,0.008300527930259705
77758464,0.005388755351305008
77774848,0.004079271107912064
77791232,0.005492983385920525
77807616,0.004760913550853729
77824000,0.023497343063354492
77840384,0.0056715235114097595
77856768,0.003264470025897026
77873152,-0.004644153639674187
77889536,0.0018738768994808197
77905920,-0.008550591766834259
77922304,0.013649731874465942
77938688,0.0017056111246347427
77955072,0.0026365909725427628
77971456,0.009208157658576965
77987840,0.012375501915812492
78004224,0.0061898138374090195
78020608,-0.005903277546167374
78036992,0.004672184586524963
78053376,0.011908816173672676
78069760,-0.008967740461230278
78086144,-0.006508644670248032
78102528,0.005513928830623627
78118912,-0.004601903259754181
78135296,0.002995109185576439
78151680,-0.015205809846520424
78168064,0.008558548986911774
78184448,0.0012307967990636826
78200832,-0.00924530066549778
78217216,0.0005838498473167419
78233600,0.009555570781230927
78249984,0.0017386842519044876
78266368,-0.0015281867235898972
78282752,0.0026986878365278244
78299136,-0.0010794587433338165
78315520,0.0012971945106983185
78331904,-0.0082161333411932
78348288,-0.005120258778333664
78364672,0.0024297647178173065
78381056,-0.0297468900680542
78397440,0.0003925412893295288
78413824,-0.00509936548769474
78430208,0.013325171545147896
78446592,-0.01917376182973385
78462976,-0.011037776246666908
78479360,0.01827785186469555
78495744,0.002203451469540596
78512128,-0.0063501205295324326
78528512,-0.008352799341082573
78544896,-0.0012028664350509644
78561280,0.004276944324374199
78577664,0.004976857453584671
78594048,0.005829997360706329
78610432,0.004355885088443756
78626816,-0.006994608789682388
78643200,0.008667510002851486
78659584,-0.008213970810174942
78675968,-0.011807315051555634
78692352,0.006364287808537483
78708736,-0.0026196055114269257
78725120,0.013478849083185196
78741504,-0.0028518512845039368
78757888,-0.0002524629235267639
78774272,-0.011785350739955902
78790656,0.01841176673769951
78807040,-0.002689056098461151
78823424,0.0019059032201766968
78839808,-0.0142102912068367
78856192,0.005915014073252678
78872576,0.008547304198145866
78888960,0.000516427680850029
78905344,0.013582151383161545
78921728,0.012885091826319695
78938112,0.010222308337688446
78954496,0.017184458673000336
78970880,0.021890781819820404
78987264,4.269927740097046e-05
79003648,0.009853929281234741
79020032,0.0024574603885412216
79036416,-0.006360460072755814
79052800,0.013381976634263992
79069184,0.019027849659323692
79085568,-0.0021700765937566757
79101952,0.009598422795534134
79118336,0.004012115299701691
79134720,-0.023989539593458176
79151104,0.009374093264341354
79167488,0.0015646256506443024
79183872,-0.006213974207639694
79200256,0.004780903458595276
79216640,0.005473842844367027
79233024,0.012757496908307076
79249408,0.009678328409790993
79265792,-0.004994699731469154
79282176,-0.00855160504579544
79298560,0.0022069886326789856
79314944,0.0023435670882463455
79331328,-0.0044645387679338455
79347712,-0.012801936827600002
79364096,0.006421701982617378
79380480,-0.008814726024866104
79396864,0.007130902260541916
79413248,0.014256680384278297
79429632,0.01180469524115324
79446016,-0.0037142708897590637
79462400,0.009565381333231926
79478784,0.003162100911140442
79495168,-0.002492610365152359
79511552,0.0150107741355896
79527936,-0.009398102760314941
79544320,-0.00506415031850338
79560704,0.003535263240337372
79577088,-0.002122655510902405
79593472,0.00018285773694515228
79609856,-0.0019116224721074104
79626240,-0.002165159210562706
79642624,-0.027959467843174934
79659008,0.012400161474943161
79675392,0.02637592703104019
79691776,0.004960060119628906
79708160,0.004435516893863678
79724544,-0.005055692046880722
79740928,-0.005962887778878212
79757312,0.023895002901554108
79773696,-0.0053694043308496475
79790080,0.0025966428220272064
79806464,0.006865853443741798
79822848,-0.0006712228059768677
79839232,0.007825134322047234
79855616,-0.0015713199973106384
79872000,-0.009599365293979645
79888384,-0.0005221869796514511
79904768,0.015325168147683144
79921152,0.0074938200414180756
79937536,0.011239422485232353
79953920,-0.00027538277208805084
79970304,0.0037887506186962128
79986688,0.011640066280961037
80003072,-0.00773966871201992
80019456,-0.0025552697479724884
80035840,0.014994418248534203
80052224,-0.0027302242815494537
80068608,-0.000758342444896698
80084992,-0.0014202892780303955
80101376,0.005283216014504433
80117760,0.0021285153925418854
80134144,-0.011903805658221245
80150528,0.008536659181118011
80166912,0.015708420425653458
80183296,0.001036040484905243
80199680,-0.0016162693500518799
80216064,-0.003872491419315338
80232448,0.01534922607243061
80248832,-0.002377450466156006
80265216,0.006276145577430725
80281600,0.014634348452091217
80297984,-0.0032270364463329315
80314368,-0.007385877892374992
80330752,0.010878220200538635
80347136,0.021822338923811913
80363520,0.013896260410547256
80379904,0.002667425200343132
80396288,0.019117025658488274
80412672,-0.01521565206348896
80429056,-0.0072904229164123535
80445440,-0.012375904247164726
80461824,0.017727091908454895
80478208,0.0039594657719135284
80494592,0.01146196760237217
80510976,-0.0004576966166496277
80527360,-0.0005895327776670456
80543744,-0.005079209804534912
80560128,0.005093099549412727
80576512,0.0009652320295572281
80592896,-0.0033855773508548737
80609280,0.0026774220168590546
80625664,0.0003379993140697479
80642048,0.007173299789428711
80658432,0.002225015312433243
80674816,0.0029189419001340866
80691200,-0.010096019133925438
80707584,-0.006711555644869804
80723968,0.00510274525731802
80740352,0.00812262762337923
80756736,0.0012984834611415863
80773120,0.004796963185071945
80789504,0.009844082407653332
80805888,0.03704828396439552
80822272,0.005592599511146545
80838656,-0.0015307851135730743
80855040,0.001190967857837677
80871424,0.0008591879159212112
80887808,0.01789856143295765
80904192,-0.015167705714702606
80920576,0.015014523640275002
80936960,-0.0010903449729084969
80953344,0.010438840836286545
80969728,-0.007678480818867683
80986112,-0.02672547474503517
81002496,-0.001193726435303688
81018880,0.009943759068846703
81035264,0.00944446586072445
81051648,-0.002382364124059677
81068032,0.009542923420667648
81084416,0.014816630631685257
81100800,-0.002719343639910221
81117184,0.013582667335867882
81133568,0.0038008643314242363
81149952,-0.01491459459066391
81166336,0.02055288478732109
81182720,-0.008699685335159302
81199104,-0.0008001700043678284
81215488,0.002528836950659752
81231872,0.009572897106409073
81248256,0.018047252669930458
81264640,-0.0006851553916931152
81281024,0.0064162155613303185
81297408,0.01404041238129139
81313792,-0.005721934139728546
81330176,-0.0027218088507652283
81346560,-0.009298226796090603
81362944,-0.0009784484282135963
81379328,0.017629127949476242
81395712,-0.0031350264325737953
81412096,-0.01236860454082489
81428480,-0.0021112803369760513
81444864,0.021184736862778664
81461248,0.002208378165960312
81477632,0.005900979042053223
81494016,0.011656654998660088
81510400,-0.014018185436725616
81526784,-0.00299212709069252
81543168,-0.007645543664693832
81559552,-0.0021515339612960815
81575936,0.0023946501314640045
81592320,0.003847038373351097
81608704,0.003717990592122078
81625088,-0.028452638536691666
81641472,0.004378056153655052
81657856,0.005798772908747196
81674240,0.014792779460549355
81690624,0.0024621179327368736
81707008,0.0022487007081508636
81723392,-0.009283743798732758
81739776,-0.007922248914837837
81756160,-0.005931795574724674
81772544,0.01958703063428402
81788928,0.007302123121917248
81805312,-0.032718200236558914
81821696,0.005579691380262375
81838080,0.010847280733287334
81854464,0.004864800721406937
81870848,-0.0005815057083964348
81887232,-0.017693663015961647
81903616,0.0010170349851250648
81920000,0.0006087832152843475
81936384,-0.004504370503127575
81952768,-0.019378406926989555
81969152,0.014286292716860771
81985536,-0.0007408540695905685
82001920,0.005945069715380669
82018304,-0.0028076544404029846
82034688,-0.00768144428730011
82051072,0.022874604910612106
82067456,0.014081934466958046
82083840,0.0029882583767175674
82100224,-0.007100826129317284
82116608,0.011937528848648071
82132992,0.0035042110830545425
82149376,0.007799575105309486
82165760,-0.012609722092747688
82182144,-0.0010326523333787918
82198528,0.017796391621232033
82214912,-0.00020715408027172089
82231296,0.013557257130742073
82247680,-0.009660324081778526
82264064,0.004291720688343048
82280448,-0.004485275596380234
82296832,-0.010586587712168694
82313216,0.0075173890218138695
82329600,0.009182978421449661
82345984,-0.0010418687015771866
82362368,0.01036030426621437
82378752,0.003618180751800537
82395136,0.011859584599733353
82411520,0.0069597139954566956
82427904,0.01008014939725399
82444288,-0.006102859973907471
82460672,0.0020677391439676285
82477056,-0.003547174856066704
82493440,0.00833592377603054
82509824,0.006950138136744499
82526208,-0.00785325188189745
82542592,0.008603901602327824
82558976,0.005950188264250755
82575360,0.0018890053033828735
82591744,0.005044631659984589
82608128,-0.003084065392613411
82624512,0.009368201717734337
82640896,-0.0030876807868480682
82657280,0.0018602460622787476
82673664,0.00035469047725200653
82690048,0.014685733243823051
82706432,0.01204581931233406
82722816,0.009187128394842148
82739200,-0.009520700201392174
82755584,0.012583697214722633
82771968,0.005419911816716194
82788352,0.005170399323105812
82804736,-0.007963113486766815
82821120,-0.0014493707567453384
82837504,-0.02313145063817501
82853888,0.0021188128739595413
82870272,0.010425349697470665
82886656,0.0033112112432718277
82903040,0.029207713901996613
82919424,0.003592638298869133
82935808,0.000990135595202446
82952192,0.014104047790169716
82968576,-0.004431378096342087
82984960,0.012712392956018448
83001344,0.009247494861483574
83017728,0.010852457955479622
83034112,0.0031672175973653793
83050496,0.011550992727279663
83066880,-0.015197910368442535
83083264,0.016277581453323364
83099648,0.014315908774733543
83116032,0.01517956517636776
83132416,-0.005853619426488876
83148800,0.014459172263741493
83165184,0.005745673552155495
83181568,0.0006856070831418037
83197952,0.010710261762142181
83214336,0.00202384777367115
83230720,0.01747993193566799
83247104,-0.0007108710706233978
83263488,-0.010824517346918583
83279872,0.018803268671035767
83296256,0.0029737157747149467
83312640,0.01869579777121544
83329024,0.015177613124251366
83345408,0.017509520053863525
83361792,0.0004545943811535835
83378176,0.007469383999705315
83394560,-0.0051865000277757645
83410944,-0.002918688580393791
83427328,-0.004893111065030098
83443712,-0.016702350229024887
83460096,-0.0049643125385046005
83476480,0.002428000792860985
83492864,0.010488651692867279
83509248,0.00029439106583595276
83525632,0.004053568467497826
83542016,0.006217403337359428
83558400,0.00318191759288311
83574784,0.014895090833306313
83591168,3.428943455219269e-05
83607552,0.008301002904772758
83623936,-0.0016803191974759102
83640320,0.008802175521850586
83656704,-0.006769765168428421
83673088,0.014333264902234077
83689472,0.008793916553258896
83705856,0.013921186327934265
83722240,0.00697079673409462
83738624,0.010507231578230858
83755008,0.0007607340812683105
83771392,0.0005329269915819168
83787776,0.019899385049939156
83804160,0.002681780606508255
83820544,0.005807423964142799
83836928,0.01405130885541439
83853312,0.019923709332942963
83869696,0.025171149522066116
83886080,-0.017891785129904747
83902464,0.01583392359316349
83918848,-0.0024764779955148697
83935232,-0.0009381081908941269
83951616,0.00893495324999094
83968000,0.023178335279226303
83984384,-0.0034106094390153885
84000768,-0.008000485599040985
84017152,0.0021894536912441254
84033536,-0.012754840776324272
84049920,0.007050629705190659
84066304,-0.0070072561502456665
84082688,0.00603627972304821
84099072,0.0025204773992300034
84115456,0.01457031536847353
84131840,-0.002530045807361603
84148224,-0.009194156154990196
84164608,-0.01024036854505539
84180992,0.001256503164768219
84197376,-0.006261011585593224
84213760,-0.0010293573141098022
84230144,-0.0008684303611516953
84246528,-0.012076549232006073
84262912,-0.002165263518691063
84279296,-0.011225733906030655
84295680,0.005980357527732849
84312064,-0.0028731003403663635
84328448,0.016284896060824394
84344832,-0.0024785026907920837
84361216,-0.006546325050294399
84377600,0.014103502035140991
84393984,-0.0055014593526721
84410368,0.014064837247133255
84426752,-0.008073031902313232
84443136,0.012519821524620056
84459520,0.0019714776426553726
84475904,0.006189191713929176
84492288,0.004577770829200745
84508672,0.008143346756696701
84525056,0.01816561631858349
84541440,0.006339989602565765
84557824,0.0071149952709674835
84574208,-0.009541226550936699
84590592,0.008801030926406384
84606976,-0.007971292361617088
84623360,0.0035942532122135162
84639744,-0.003037532791495323
84656128,-0.0007332507520914078
84672512,0.0016713757067918777
84688896,0.01697286032140255
84705280,0.0030502434819936752
84721664,-0.007610579952597618
84738048,-0.009669555351138115
84754432,0.0010086437687277794
84770816,-0.00331190787255764
84787200,0.0072304606437683105
84803584,-0.006744365207850933
84819968,0.0026310421526432037
84836352,0.006745513528585434
84852736,-0.004285117611289024
84869120,0.005170945078134537
84885504,-0.0039367033168673515
84901888,0.004548294469714165
84918272,-0.009429741650819778
84934656,0.0036204326897859573
84951040,-0.010011782869696617
84967424,0.020730851218104362
84983808,0.00932244211435318
85000192,0.021971385926008224
85016576,0.01248757354915142
85032960,0.013112946413457394
85049344,0.007172388955950737
85065728,0.006006592884659767
85082112,-0.012859061360359192
85098496,-0.004203006625175476
85114880,0.00806364230811596
85131264,-0.009560402482748032
85147648,0.014103745110332966
85164032,-0.007130425423383713
85180416,-0.001081744208931923
85196800,0.008680351078510284
85213184,-0.010870815254747868
85229568,0.019413717091083527
85245952,-0.006152288988232613
85262336,0.00424581952393055
85278720,-0.02194102294743061
85295104,0.006358028389513493
85311488,0.019928719848394394
85327872,0.04748188331723213
85344256,0.010050436481833458
85360640,0.013352792710065842
85377024,-0.005870705470442772
85393408,0.022253919392824173
85409792,-0.0007549785077571869
85426176,0.0023600365966558456
85442560,0.008563494309782982
85458944,0.009269624948501587
85475328,0.020702240988612175
85491712,-0.014854734763503075
85508096,-0.0004902631044387817
85524480,0.007749691605567932
85540864,0.00018650107085704803
85557248,0.011391477659344673
85573632,0.00267220102250576
85590016,0.011196820065379143
85606400,0.003921867348253727
85622784,0.011259438470005989
85639168,0.013705264776945114
85655552,0.0011644531041383743
85671936,-0.0020107608288526535
85688320,-0.0221103485673666
85704704,0.014582772739231586
85721088,-0.006787109188735485
85737472,0.0027290061116218567
85753856,-0.011673225089907646
85770240,-0.004084443673491478
85786624,-0.015996742993593216
85803008,-0.0012274626642465591
85819392,0.004972759634256363
85835776,-0.005709378980100155
85852160,-0.006103471852838993
85868544,0.008453864604234695
85884928,0.007589289918541908
85901312,-0.000712372362613678
85917696,0.022342704236507416
85934080,0.0032037347555160522
85950464,0.008466150611639023
85966848,0.01270853728055954
85983232,0.0025471895933151245
85999616,-0.004981234669685364
86016000,0.01963578723371029
86032384,0.015549419447779655
86048768,0.012411019764840603
86065152,0.009018635377287865
86081536,0.0034180879592895508
86097920,0.0055551305413246155
86114304,0.010402502492070198
86130688,0.0018935110419988632
86147072,0.003847522661089897
86163456,0.0034366007894277573
86179840,0.012045461684465408
86196224,0.01921216771006584
86212608,-0.009591914713382721
86228992,-0.009079506620764732
86245376,0.00530657172203064
86261760,0.010514121502637863
86278144,-0.01112433336675167
86294528,0.0046927062794566154
86310912,0.004009582102298737
86327296,-0.010607397183775902
86343680,-0.011109945364296436
86360064,-0.00524334330111742
86376448,-0.0059148091822862625
86392832,0.0023781005293130875
86409216,0.000941794365644455
86425600,-0.0006406717002391815
86441984,0.02100638672709465
86458368,0.014344722032546997
86474752,0.008752429857850075
86491136,-0.00858800858259201
86507520,0.011607082560658455
86523904,0.017010923475027084
86540288,-0.007505733519792557
86556672,0.00695335678756237
86573056,0.014521419070661068
86589440,-0.011122871190309525
86605824,0.005898472853004932
86622208,-4.211440682411194e-06
86638592,-0.0056351423263549805
86654976,0.011354651302099228
86671360,0.006894607096910477
86687744,0.0046769846230745316
86704128,-0.00663386657834053
86720512,-0.0021908972412347794
86736896,0.0034297890961170197
86753280,0.015764620155096054
86769664,0.011608349159359932
86786048,0.007967889308929443
86802432,0.0026602819561958313
86818816,-0.0018871407955884933
86835200,-0.013357648625969887
86851584,0.011519585736095905
86867968,0.001559678465127945
86884352,0.009868012741208076
86900736,0.010007623583078384
86917120,0.008417785167694092
86933504,-0.005430499091744423
86949888,-0.03044751286506653
86966272,-0.0006367266178131104
86982656,0.006550950929522514
86999040,-0.00850720051676035
87015424,0.018584974110126495
87031808,0.002670424059033394
87048192,-0.0011307448148727417
87064576,0.015570160001516342
87080960,0.025093071162700653
87097344,0.014389796182513237
87113728,0.006619950756430626
87130112,0.007816541939973831
87146496,0.015743672847747803
87162880,0.0045197028666734695
87179264,0.009490594267845154
87195648,-0.024812795221805573
87212032,0.011480100452899933
87228416,0.005003755912184715
87244800,0.0032217279076576233
87261184,0.005258872173726559
87277568,0.0016845855861902237
87293952,-0.0037601739168167114
87310336,-0.0004053972661495209
87326720,0.005079111084342003
87343104,0.017107553780078888
87359488,0.00702831894159317
87375872,0.0017941715195775032
87392256,0.010829473845660686
87408640,0.010829949751496315
87425024,0.004155939444899559
87441408,0.008187320083379745
87457792,0.0017090961337089539
87474176,0.007378911599516869
87490560,-0.007941853255033493
87506944,0.0031201690435409546
87523328,0.012722361832857132
87539712,-0.004592768847942352
87556096,-0.013118300586938858
87572480,0.00533706322312355
87588864,0.015408962965011597
87605248,0.013488704338669777
87621632,0.012361852452158928
87638016,0.004994334187358618
87654400,0.0019520241767168045
87670784,0.006308805197477341
87687168,-0.0015577487647533417
87703552,0.005322769284248352
87719936,0.0040577370673418045
87736320,0.018943235278129578
87752704,0.02198256179690361
87769088,0.009511725977063179
87785472,-0.0020559653639793396
87801856,-0.0009146537631750107
87818240,0.010580740869045258
87834624,-0.0031105419620871544
87851008,-0.006135527975857258
87867392,-0.005352409556508064
87883776,0.012463515624403954
87900160,0.0030625034123659134
87916544,0.015216238796710968
87932928,0.0013898834586143494
87949312,-0.0022163279354572296
87965696,-0.00039152614772319794
87982080,0.016843337565660477
87998464,0.006224649026989937
88014848,0.015860427170991898
88031232,0.020398803055286407
88047616,-0.005145518109202385
88064000,0.002329908311367035
88080384,0.003397442400455475
88096768,0.0009278636425733566
88113152,0.002215377986431122
88129536,0.0043801721185445786
88145920,0.0102938711643219
88162304,0.020287035033106804
88178688,0.025011373683810234
88195072,-0.004078838042914867
88211456,0.0010569002479314804
88227840,0.01156049408018589
88244224,0.023836398497223854
88260608,0.008173376321792603
88276992,0.0020306771621108055
88293376,-0.01188524067401886
88309760,0.003657810389995575
88326144,0.007349411025643349
88342528,0.0031567327678203583
88358912,0.003460494801402092
88375296,-0.005086774006485939
88391680,-0.002433701418340206
88408064,-0.006849025376141071
88424448,0.005711318925023079
88440832,0.012251874431967735
88457216,-0.0005473289638757706
88473600,0.00024283677339553833
88489984,-0.00029682181775569916
88506368,0.005430085584521294
88522752,-0.0085272416472435
88539136,0.0019117537885904312
88555520,-0.001592293381690979
88571904,-0.002329004928469658
88588288,-0.004810265265405178
88604672,0.011658578179776669
88621056,-0.016641784459352493
88637440,0.006857210770249367
88653824,0.015048457309603691
88670208,-0.008751886896789074
88686592,-0.0034740231931209564
88702976,0.01048366166651249
88719360,-0.010557388886809349
88735744,-0.001968187279999256
88752128,0.00863584317266941
88768512,0.011266814544796944
88784896,-0.009303407743573189
88801280,-0.012102443724870682
88817664,-0.0017150212079286575
88834048,0.01197129674255848
88850432,0.0034091398119926453
88866816,-0.007022256031632423
88883200,0.004648666828870773
88899584,0.020428242161870003
88915968,-0.0009501101449131966
88932352,-0.006273332983255386
88948736,-0.004653112962841988
88965120,-0.008366087451577187
88981504,-0.0150585463270545
88997888,0.012206990271806717
89014272,-0.027121614664793015
89030656,0.0052488865330815315
89047040,-0.016313273459672928
89063424,0.01595480740070343
89079808,0.0017292797565460205
89096192,-0.0037890225648880005
89112576,0.001415453851222992
89128960,-0.01834234409034252
89145344,0.04470837861299515
89161728,0.016804922372102737
89178112,-0.00025061145424842834
89194496,0.0033523719757795334
89210880,0.011166485957801342
89227264,0.005826283246278763
89243648,-0.008353715762495995
89260032,0.009058107621967793
89276416,0.004413866437971592
89292800,0.007281322032213211
89309184,0.005176501348614693
89325568,-0.0011083930730819702
89341952,-0.0014437511563301086
89358336,-0.01559651829302311
89374720,0.00025097373872995377
89391104,0.004234218969941139
89407488,-0.007559092715382576
89423872,0.007225356996059418
89440256,0.013365445658564568
89456640,0.012353572063148022
89473024,-0.0017433864995837212
89489408,0.005440924316644669
89505792,0.006834235042333603
89522176,0.011722316965460777
89538560,0.00832618772983551
89554944,0.010959342122077942
89571328,0.0054661426693201065
89587712,0.012721946462988853
89604096,0.010348462499678135
89620480,5.85801899433136e-06
89636864,0.0017499057576060295
89653248,0.01028762198984623
89669632,-0.0022743772715330124
89686016,0.020368998870253563
89702400,-0.018377818167209625
89718784,0.018801510334014893
89735168,-0.00694841705262661
89751552,0.005575014278292656
89767936,0.024893779307603836
89784320,0.013336991891264915
89800704,-0.018794607371091843
89817088,-0.01883118972182274
89833472,0.029052510857582092
89849856,-0.004893075674772263
89866240,-0.0019773952662944794
89882624,0.008112907409667969
89899008,-0.007440334185957909
89915392,-0.0037204716354608536
89931776,0.010107945650815964
89948160,0.017430875450372696
89964544,0.008177122101187706
89980928,0.0008696299046278
89997312,0.00875113531947136
90013696,-0.01563793607056141
90030080,0.018275082111358643
90046464,0.0010737180709838867
90062848,-0.00713367760181427
90079232,-0.012597965076565742
90095616,0.016446061432361603
90112000,0.01323135755956173
90128384,0.01297785621136427
90144768,0.004534399136900902
90161152,0.0032655159011483192
90177536,2.607051283121109e-05
90193920,0.003026796504855156
90210304,-0.013784114271402359
90226688,0.007567950524389744
90243072,-0.000669967383146286
90259456,-0.004953863099217415
90275840,0.01522161066532135
90292224,0.009869910776615143
90308608,-0.0051552848890423775
90324992,0.023188648745417595
90341376,-0.006313305348157883
90357760,0.023106209933757782
90374144,0.0006665792316198349
90390528,0.026553375646471977
90406912,0.0010239668190479279
90423296,-0.0044386256486177444
90439680,0.0030867327004671097
90456064,0.00884015392512083
90472448,0.015601763501763344
90488832,0.002346574328839779
90505216,-0.0007213996723294258
90521600,0.02440028265118599
90537984,0.005290115252137184
90554368,0.004568491131067276
90570752,0.015474377200007439
90587136,0.026715127751231194
90603520,-0.004122708924114704
90619904,0.01632769964635372
90636288,-0.006037897430360317
90652672,0.005590980872511864
90669056,0.001592591404914856
90685440,0.002210870385169983
90701824,-0.0021949242800474167
90718208,-0.008883711881935596
90734592,-0.011775976046919823
90750976,-0.004888802766799927
90767360,0.008273639716207981
90783744,0.0181951355189085
90800128,0.014564836397767067
90816512,0.010447852313518524
90832896,0.01557972189038992
90849280,0.009389908984303474
90865664,-0.00844473484903574
90882048,-0.013999740593135357
90898432,0.007892917841672897
90914816,0.0075784120708703995
90931200,0.007397607900202274
90947584,-0.0002353135496377945
90963968,-0.005316411145031452
90980352,0.018447410315275192
90996736,-0.015563863329589367
91013120,-0.011514533311128616
91029504,0.028227612376213074
91045888,-0.0051049767062067986
91062272,0.024120988324284554
91078656,0.01613469049334526
91095040,0.01102822832763195
91111424,-0.0007083844393491745
91127808,-0.006742166355252266
91144192,0.008637341670691967
91160576,0.03336327522993088
91176960,0.011090153828263283
91193344,0.005981944501399994
91209728,0.03417401760816574
91226112,0.0026000812649726868
91242496,-0.0045670997351408005
91258880,0.017462484538555145
91275264,0.009752463549375534
91291648,0.012636699713766575
91308032,-0.007527274079620838
91324416,0.018952718004584312
91340800,0.008425826206803322
91357184,0.009438074193894863
91373568,0.0036513106897473335
91389952,0.007414190098643303
91406336,-0.007229193113744259
91422720,0.026516683399677277
91439104,0.020644288510084152
91455488,-0.0022254865616559982
91471872,0.018327005207538605
91488256,0.008440909907221794
91504640,0.008092827163636684
91521024,-0.002773611806333065
91537408,-0.00046305544674396515
91553792,-0.0002329740673303604
91570176,0.0023649223148822784
91586560,0.00574107002466917
91602944,0.009814232587814331
91619328,-0.0033834725618362427
91635712,-0.0037314705550670624
91652096,-0.0065457783639431
91668480,0.008324184454977512
91684864,0.002079268917441368
91701248,0.01336775254458189
91717632,-0.006324658170342445
91734016,0.0052701495587825775
91750400,-0.003229500725865364
91766784,-0.0058910297229886055
91783168,0.02188493125140667
91799552,0.008791601285338402
91815936,-0.008724244311451912
91832320,-0.0049913921393454075
91848704,0.010908886790275574
91865088,0.005399775691330433
91881472,0.0005408180877566338
91897856,-0.022974900901317596
91914240,0.004665093496441841
91930624,0.007161533460021019
91947008,-0.008189281448721886
91963392,0.0017485572025179863
91979776,0.007280005142092705
91996160,-0.005816124379634857
92012544,-0.0009563043713569641
92028928,-0.00768829882144928
92045312,-0.009502250701189041
92061696,0.009010212495923042
92078080,0.009121458977460861
92094464,-0.02023155987262726
92110848,0.011381630785763264
92127232,0.01075083576142788
92143616,0.021327093243598938
92160000,0.00277077779173851
92176384,-0.010726893320679665
92192768,-0.003929367288947105
92209152,-0.007342608645558357
92225536,0.01970520056784153
92241920,0.00435381755232811
92258304,0.014253338798880577
92274688,-0.0032599307596683502
92291072,0.0029800329357385635
92307456,0.013713033869862556
92323840,0.013128393329679966
92340224,0.0017956336960196495
92356608,0.0035007810220122337
92372992,-0.0030743610113859177
92389376,0.004961720667779446
92405760,-0.011868666857481003
92422144,0.009712356142699718
92438528,0.003590106964111328
92454912,0.010217925533652306
92471296,-0.026449020951986313
92487680,0.007087565027177334
92504064,0.004864449612796307
92520448,0.006531037390232086
92536832,-0.001461181789636612
92553216,0.025018204003572464
92569600,0.02491697669029236
92585984,0.00866335816681385
92602368,0.006717804819345474
92618752,-0.008900012820959091
92635136,-0.01484084315598011
92651520,0.001374819315969944
92667904,0.012187709100544453
92684288,0.006764410994946957
92700672,0.010417722165584564
92717056,0.0034753847867250443
92733440,0.014505411498248577
92749824,-0.01390555314719677
92766208,0.02810240536928177
92782592,0.03956170752644539
92798976,0.006117299199104309
92815360,-0.0014197677373886108
92831744,0.00869056861847639
92848128,-0.0005616629496216774
92864512,-0.004811057820916176
92880896,0.012464068830013275
92897280,0.00672486238181591
92913664,0.02630631998181343
92930048,0.015164114534854889
92946432,0.003146192990243435
92962816,-0.005957355722784996
92979200,-0.005941715091466904
92995584,-0.015811603516340256
93011968,0.0008121933788061142
93028352,-0.0023232288658618927
93044736,-0.003936676308512688
93061120,0.01525918859988451
93077504,0.0007227817550301552
93093888,0.007114226929843426
93110272,0.015968082472682
93126656,-0.003788001835346222
93143040,-0.004974848590791225
93159424,-0.01126936636865139
93175808,-0.008508882485330105
93192192,-0.007233841344714165
93208576,0.003158656880259514
93224960,0.0033635860309004784
93241344,-0.01424754410982132
93257728,-0.005018513649702072
93274112,-0.003991521894931793
93290496,0.022129327058792114
93306880,0.005481662228703499
93323264,0.014936176128685474
93339648,-0.009704980067908764
93356032,-0.0036537032574415207
93372416,0.014652776531875134
93388800,0.010135539807379246
93405184,0.010481863282620907
93421568,-0.005345964804291725
93437952,0.013150230050086975
93454336,-0.0008208043873310089
93470720,0.014488769695162773
93487104,-0.005946559831500053
93503488,0.0018612639978528023
93519872,-0.0005561113357543945
93536256,0.0038105305284261703
93552640,-0.0014674700796604156
93569024,0.016122248023748398
93585408,-0.005760345607995987
93601792,0.02838595025241375
93618176,0.002134176902472973
93634560,-0.01682477816939354
93650944,-0.004549916833639145
93667328,0.011064187623560429
93683712,-0.010171608068048954
93700096,0.014636686071753502
93716480,0.006053653545677662
93732864,0.01550288312137127
93749248,0.0023123729042708874
93765632,-0.007155178114771843
93782016,0.00512124877423048
93798400,0.020962484180927277
93814784,0.01966680772602558
93831168,-0.005320454016327858
93847552,-0.022399161010980606
93863936,0.009203188121318817
93880320,0.006847331300377846
93896704,0.020791973918676376
93913088,-0.0023490050807595253
93929472,0.0023476341739296913
93945856,0.00733296200633049
93962240,0.013069244101643562
93978624,0.01566031202673912
93995008,-0.009227278642356396
94011392,0.014480821788311005
94027776,0.005538322031497955
94044160,0.0144346933811903
94060544,-0.015881236642599106
94076928,0.019299404695630074
94093312,0.008818441070616245
94109696,-0.0014963108114898205
94126080,0.0005810726433992386
94142464,-0.018509317189455032
94158848,0.006535165011882782
94175232,0.021416598930954933
94191616,-0.002083282917737961
94208000,0.021306173875927925
94224384,0.013051854446530342
94240768,0.008607580326497555
94257152,-0.009417902678251266
94273536,0.00111312884837389
94289920,-0.004672197625041008
94306304,-0.007597234100103378
94322688,-0.005835344083607197
94339072,0.011963646858930588
94355456,0.000377885065972805
94371840,0.009090499952435493
94388224,-0.018932422623038292
94404608,-0.009043785743415356
94420992,0.004293616861104965
94437376,0.010237378999590874
94453760,-0.0018008807674050331
94470144,0.02302996814250946
94486528,0.002636140212416649
94502912,-0.002075403928756714
94519296,-0.004761360585689545
94535680,0.004988457076251507
94552064,0.004670173395425081
94568448,-0.01123026292771101
94584832,-0.0014011207967996597
94601216,-0.013726681470870972
94617600,0.010927376337349415
94633984,-0.005737248808145523
94650368,-0.009651225991547108
94666752,0.015612669289112091
94683136,0.0072139110416173935
94699520,0.007705650292336941
94715904,-0.009453578852117062
94732288,0.007054169662296772
94748672,-0.0019951853901147842
94765056,0.006268909201025963
94781440,0.0029751621186733246
94797824,-0.024355601519346237
94814208,0.009802928194403648
94830592,0.009037215262651443
94846976,-0.006074617616832256
94863360,0.007586481049656868
94879744,0.0019089123234152794
94896128,0.003718724474310875
94912512,0.000848080962896347
94928896,-0.014421542175114155
94945280,-0.012685731053352356
94961664,-0.002750726416707039
94978048,0.007849058136343956
94994432,0.03098592907190323
95010816,-0.00018846336752176285
95027200,-0.001344120129942894
95043584,0.010304361581802368
95059968,0.0063078440725803375
95076352,-0.0007384696509689093
95092736,0.0012525226920843124
95109120,-0.004635099321603775
95125504,0.012493707239627838
95141888,-0.007191966287791729
95158272,-0.017343968152999878
95174656,0.004755157977342606
95191040,-0.013861250132322311
95207424,0.0001613060012459755
95223808,0.018444688990712166
95240192,0.000981389544904232
95256576,0.009731581434607506
95272960,-0.005102914292365313
95289344,0.0029492899775505066
95305728,0.0022635944187641144
95322112,0.00905375462025404
95338496,0.006772501394152641
95354880,-0.003582654520869255
95371264,0.011735545471310616
95387648,-0.006082884036004543
95404032,0.001997203566133976
95420416,0.005802303086966276
95436800,-0.011344297789037228
95453184,0.013640930876135826
95469568,-0.0004790453240275383
95485952,-0.0013296264223754406
95502336,0.008174511604011059
95518720,0.003911517560482025
95535104,0.020308000966906548
95551488,0.00299846101552248
95567872,0.0083475885912776
95584256,0.004513697698712349
95600640,0.0023556211963295937
95617024,0.0025516822934150696
95633408,-0.012416291981935501
95649792,-0.007313137874007225
95666176,-0.0038514360785484314
95682560,0.015124230645596981
95698944,0.0032042451202869415
95715328,0.03152501955628395
95731712,0.012207780964672565
95748096,-0.00047863926738500595
95764480,0.008111126720905304
95780864,0.0045411242172122
95797248,0.005932140164077282
95813632,-0.005749814212322235
95830016,0.002721994649618864
95846400,0.008182473480701447
95862784,0.007952328771352768
95879168,0.006043890491127968
95895552,-0.003445670008659363
95911936,0.005559394136071205
95928320,-0.003612132743000984
95944704,-0.000964844599366188
95961088,-0.0009817089885473251
95977472,0.0104055255651474
95993856,0.004464542493224144
96010240,-0.003770282492041588
96026624,-0.006846682168543339
96043008,0.008078644052147865
96059392,-0.002289777621626854
96075776,0.0018674284219741821
96092160,-0.0006629545241594315
96108544,0.0003195684403181076
96124928,0.012141336686909199
96141312,0.0014727264642715454
96157696,0.0030909767374396324
96174080,0.011587615124881268
96190464,0.010160427540540695
96206848,-0.004300442524254322
96223232,0.00018378626555204391
96239616,0.00970793329179287
96256000,0.018335267901420593
96272384,-0.005775904282927513
96288768,0.0030277264304459095
96305152,0.00334194116294384
96321536,0.0029189949855208397
96337920,-0.02217894420027733
96354304,0.0050652651116251945
96370688,-0.012981714680790901
96387072,-0.005155286751687527
96403456,0.015103774145245552
96419840,0.0008843140676617622
96436224,-0.006419936195015907
96452608,0.008041420951485634
96468992,0.005945802666246891
96485376,-0.002878377214074135
96501760,0.01271025650203228
96518144,-0.0039886366575956345
96534528,0.01103048026561737
96550912,0.021237865090370178
96567296,0.005551321431994438
96583680,-0.011081287637352943
96600064,0.01903463900089264
96616448,0.009840970858931541
96632832,0.01120447926223278
96649216,0.006400750949978828
96665600,-0.004130516201257706
96681984,-0.00045224931091070175
96698368,-0.00403771735727787
96714752,-0.0018024621531367302
96731136,0.006929030641913414
96747520,0.002196710556745529
96763904,0.016982249915599823
96780288,0.004074728116393089
96796672,0.01890549063682556
96813056,0.013469774276018143
96829440,-0.012304669246077538
96845824,0.0077391332015395164
96862208,0.020710939541459084
96878592,-0.012874320149421692
96894976,0.01610875502228737
96911360,-0.002756638452410698
96927744,0.010144985280930996
96944128,0.0036887703463435173
96960512,0.016346927732229233
96976896,-0.005208786576986313
96993280,-0.0025744810700416565
97009664,-0.009707113727927208
97026048,0.004526034463196993
97042432,-0.007555151358246803
97058816,-0.00850725919008255
97075200,-0.006983662955462933
97091584,0.008706046268343925
97107968,0.010783589445054531
97124352,0.017032381147146225
97140736,0.0014113131910562515
97157120,0.0007044211961328983
97173504,0.0053560673259198666
97189888,0.007519758306443691
97206272,0.001773773692548275
97222656,0.014786101877689362
97239040,-0.0012629381380975246
97255424,-0.006753845140337944
97271808,0.014552800916135311
97288192,-0.003513932228088379
97304576,-0.001804807223379612
97320960,-0.00383554445579648
97337344,-0.002489449456334114
97353728,0.0037269219756126404
97370112,0.008020304143428802
97386496,-0.004017766565084457
97402880,-0.0027230149134993553
97419264,-0.011375357396900654
97435648,-0.007867888547480106
97452032,0.0015515824779868126
97468416,-0.0014305245131254196
97484800,0.006789353676140308
97501184,0.005546899978071451
97517568,0.011359864845871925
97533952,0.007349714636802673
97550336,-0.0012139687314629555
97566720,-0.005491719581186771
97583104,-0.014416094869375229
97599488,-0.003183854278177023
97615872,-0.0006003342568874359
97632256,0.005856228061020374
97648640,0.004141135141253471
97665024,-0.010673589073121548
97681408,0.009111052379012108
97697792,0.009741775691509247
97714176,0.007730056531727314
97730560,0.0020349863916635513
97746944,0.0021043727174401283
97763328,-0.006933078169822693
97779712,0.012554655782878399
97796096,0.012821260839700699
97812480,0.011325530707836151
97828864,-0.0013940408825874329
97845248,0.0038333898410201073
97861632,-0.0026692645624279976
97878016,0.002444281242787838
97894400,0.007909741252660751
97910784,0.0062974803149700165
97927168,-0.001154792495071888
97943552,0.004902889020740986
97959936,-0.002032301388680935
97976320,0.00809786282479763
97992704,0.005321905016899109
98009088,-0.018294157460331917
98025472,-0.007542644627392292
98041856,-0.001458819955587387
98058240,0.0033954251557588577
98074624,-0.005313470959663391
98091008,0.009440099820494652
98107392,0.010315891355276108
98123776,0.022070104256272316
98140160,-0.0055992864072322845
98156544,0.01879848539829254
98172928,-0.015275787562131882
98189312,-0.007218486163765192
98205696,-0.00021390803158283234
98222080,-0.008663773536682129
98238464,-0.009760667569935322
98254848,0.009673573076725006
98271232,-0.003474980592727661
98287616,-0.0037758368998765945
98304000,-0.015519862994551659
98320384,-0.005852283909916878
98336768,0.008664129301905632
98353152,-0.0025935787707567215
98369536,-0.006244536489248276
98385920,0.011829701252281666
98402304,0.009924184530973434
98418688,0.009740794077515602
98435072,0.007081992924213409
98451456,0.006480038166046143
98467840,0.003053094260394573
98484224,0.002968640998005867
98500608,0.014275685884058475
98516992,-0.004998901858925819
98533376,0.011949935927987099
98549760,0.00394569244235754
98566144,0.010404468514025211
98582528,0.012019237503409386
98598912,0.0017241230234503746
98615296,-0.0054808687418699265
98631680,0.0032121408730745316
98648064,0.03183237090706825
98664448,0.011785570532083511
98680832,-0.0014066491276025772
98697216,-0.013005291111767292
98713600,-0.00622006319463253
98729984,0.00207360927015543
98746368,-0.009219522587954998
98762752,0.007252689450979233
98779136,0.012764384970068932
98795520,-0.010942117311060429
98811904,-0.0031404029577970505
98828288,0.00426808837801218
98844672,0.0016362722963094711
98861056,0.008062771521508694
98877440,0.010508798994123936
98893824,-0.012548793107271194
98910208,-0.00601617805659771
98926592,-0.008082580752670765
98942976,0.00951208733022213
98959360,0.0014021610841155052
98975744,0.005717947147786617
98992128,0.006759396754205227
99008512,-0.003014775924384594
99024896,0.0035390201956033707
99041280,0.00883653573691845
99057664,0.0006268909201025963
99074048,6.603077054023743e-05
99090432,-0.00320285651832819
99106816,0.018368402495980263
99123200,-0.008753340691328049
99139584,-0.004145938903093338
99155968,-0.0009393375366926193
99172352,-0.007647938095033169
99188736,-0.008018775843083858
99205120,0.01433216966688633
99221504,0.0213712640106678
99237888,0.010382268577814102
99254272,0.011747035197913647
99270656,0.004339594393968582
99287040,0.0015484383329749107
99303424,0.008161664940416813
99319808,0.018337149173021317
99336192,0.0049615176394581795
99352576,0.0034757833927869797
99368960,-0.0017018774524331093
99385344,0.014377590268850327
99401728,0.013516380451619625
99418112,-0.0009486665949225426
99434496,0.00670971442013979
99450880,0.00680162850767374
99467264,0.008017350919544697
99483648,0.008202891796827316
99500032,0.005871972069144249
99516416,-0.0020588766783475876
99532800,0.013848190195858479
99549184,-0.012789212167263031
99565568,-0.007407198194414377
99581952,0.009293691255152225
99598336,0.004050277639180422
99614720,0.007967300713062286
99631104,0.010126104578375816
99647488,0.008077241480350494
99663872,0.00230479147285223
99680256,-0.006674238480627537
99696640,-0.018631743267178535
99713024,3.682449460029602e-05
99729408,0.005784939043223858
99745792,0.0056797293946146965
99762176,0.005646035075187683
99778560,0.0017533395439386368
99794944,0.00440779235213995
99811328,0.0002638883888721466
99827712,0.010207092389464378
99844096,0.013351700268685818
99860480,-0.0025016125291585922
99876864,-0.003389468416571617
99893248,-0.0007547317072749138
99909632,0.014188866131007671
99926016,0.0033459151163697243
99942400,0.003956458531320095
99958784,-0.001155720092356205
99975168,-0.010967930778861046
99991552,-0.01113943662494421
