/home/UFAD/tcuevasmestanza/.conda/envs/lunar/lib/python3.12/site-packages/pygame/pkgdata.py:25: UserWarning: pkg_resources is deprecated as an API. See https://setuptools.pypa.io/en/latest/pkg_resources.html. The pkg_resources package is slated for removal as early as 2025-11-30. Refrain from using this package or pin to Setuptools<81.
  from pkg_resources import resource_stream, resource_exists
/home/UFAD/tcuevasmestanza/.conda/envs/lunar/lib/python3.12/site-packages/tyro/_parsers.py:353: UserWarning: The field `wandb-entity` is annotated with type `<class 'str'>`, but the default value `None` has type `<class 'NoneType'>`. We'll try to handle this gracefully, but it may cause unexpected behavior.
  warnings.warn(message)
/home/UFAD/tcuevasmestanza/.conda/envs/lunar/lib/python3.12/site-packages/tyro/_parsers.py:353: UserWarning: The field `target-kl` is annotated with type `<class 'float'>`, but the default value `None` has type `<class 'NoneType'>`. We'll try to handle this gracefully, but it may cause unexpected behavior.
  warnings.warn(message)
/home/UFAD/tcuevasmestanza/.conda/envs/lunar/lib/python3.12/site-packages/tyro/_parsers.py:353: UserWarning: The field `resume-path` is annotated with type `<class 'str'>`, but the default value `None` has type `<class 'NoneType'>`. We'll try to handle this gracefully, but it may cause unexpected behavior.
  warnings.warn(message)
Experiment info saved → runs/var_fps_kf/LunarLander_VarFramerate_KF_fc_2.0_bud_30_windTrue_20_2.0_vert20_sns0.05_01-08-14-24-29/info_settings.txt
Navigation Model Loaded
Navigation Model Loaded
Navigation Model Loaded
Navigation Model Loaded
Navigation Model Loaded
Navigation Model Loaded
Navigation Model Loaded
Navigation Model Loaded
Navigation Model Loaded
Navigation Model Loaded
Navigation Model Loaded
Navigation Model Loaded
Navigation Model Loaded
Navigation Model Loaded
Navigation Model Loaded
Navigation Model Loaded
Navigation Model Loaded
Navigation Model Loaded
Navigation Model Loaded
Navigation Model Loaded
Navigation Model Loaded
Navigation Model Loaded
Navigation Model Loaded
Navigation Model Loaded
Navigation Model Loaded
Navigation Model Loaded
Navigation Model Loaded
Navigation Model Loaded
Navigation Model Loaded
Navigation Model Loaded
Navigation Model Loaded
Navigation Model Loaded
Navigation Model Loaded
global_step=3104 | return=-134.00 | steps=97
global_step=3360 | return=-134.25 | steps=105
global_step=3488 | return=-99.59 | steps=109
global_step=3680 | return=-75.68 | steps=115
global_step=3968 | return=-139.59 | steps=124
global_step=4032 | return=-145.71 | steps=126
global_step=4672 | return=-182.82 | steps=146
global_step=5152 | return=-278.44 | steps=161
global_step=6336 | return=-355.84 | steps=198
global_step=6816 | return=-623.58 | steps=213
global_step=6944 | return=-325.69 | steps=217
global_step=7136 | return=-104.56 | steps=113
global_step=7392 | return=-64.57 | steps=231
global_step=7424 | return=-379.24 | steps=232
global_step=8128 | return=24.05 | steps=138
global_step=9376 | return=-638.55 | steps=293
global_step=11008 | return=-155.00 | steps=344
global_step=11680 | return=-389.30 | steps=365
global_step=11840 | return=-502.27 | steps=152
global_step=12288 | return=-208.30 | steps=129
global_step=12480 | return=-303.00 | steps=390
global_step=12544 | return=-159.09 | steps=392
global_step=15232 | return=-280.95 | steps=252
global_step=15424 | return=-453.30 | steps=188
global_step=16000 | return=-170.33 | steps=500
global_step=16000 | return=-32.09 | steps=500
global_step=16000 | return=86.09 | steps=500
global_step=16000 | return=-19.23 | steps=500
global_step=16000 | return=13.06 | steps=500
global_step=16000 | return=-133.79 | steps=500
global_step=16000 | return=-142.62 | steps=500
global_step=16000 | return=-416.11 | steps=500
global_step=16000 | return=2.67 | steps=500
global_step=16000 | return=23.06 | steps=500
global_step=16000 | return=-9.48 | steps=500
global_step=16000 | return=-106.17 | steps=500
global_step=16000 | return=-16.12 | steps=500
global_step=16000 | return=-26.53 | steps=500
global_step=16096 | return=-413.11 | steps=405
global_step=16928 | return=-285.73 | steps=382
global_step=18144 | return=-339.14 | steps=405
global_step=18368 | return=-252.69 | steps=203
global_step=18528 | return=-169.66 | steps=78
global_step=19392 | return=-16.79 | steps=500
global_step=19424 | return=-327.39 | steps=374
global_step=19520 | return=-328.63 | steps=133
global_step=20000 | return=-122.77 | steps=500
global_step=20064 | return=-11.70 | steps=500
global_step=20192 | return=-236.06 | steps=246
global_step=20832 | return=-330.50 | steps=150
global_step=22240 | return=-156.43 | steps=194
global_step=22368 | return=-21.60 | steps=500
global_step=22656 | return=-398.52 | steps=207
global_step=22848 | return=-50.98 | steps=500
global_step=22880 | return=-93.67 | steps=108
global_step=23264 | return=-418.68 | steps=116
global_step=23424 | return=-176.79 | steps=500
global_step=23808 | return=-476.93 | steps=243
global_step=24224 | return=-544.11 | steps=366
global_step=25440 | return=-539.31 | steps=450
global_step=26304 | return=-157.05 | steps=242
global_step=26528 | return=-466.41 | steps=463
global_step=28384 | return=-619.25 | steps=386
global_step=28576 | return=-94.91 | steps=500
global_step=29024 | return=-472.99 | steps=149
global_step=29312 | return=-515.98 | steps=433
global_step=29408 | return=-344.41 | steps=287
global_step=29696 | return=187.81 | steps=320
global_step=30272 | return=-335.28 | steps=445
global_step=30304 | return=-330.22 | steps=372
global_step=30400 | return=-621.97 | steps=154
global_step=31392 | return=-484.03 | steps=355
global_step=32032 | return=-46.68 | steps=500
global_step=32032 | return=-50.11 | steps=500
global_step=32032 | return=-85.01 | steps=500
global_step=32032 | return=12.52 | steps=500
global_step=32032 | return=49.90 | steps=500
global_step=32032 | return=15.98 | steps=500
global_step=32032 | return=-117.07 | steps=500
global_step=32128 | return=-5.49 | steps=500
global_step=32608 | return=-145.46 | steps=274
SPS: 637
global_step=32960 | return=-100.68 | steps=500
global_step=33056 | return=-149.71 | steps=337
global_step=33856 | return=-404.82 | steps=330
global_step=33888 | return=-359.78 | steps=491
global_step=34592 | return=-111.07 | steps=130
global_step=35232 | return=-127.08 | steps=99
global_step=35904 | return=-321.12 | steps=193
global_step=36096 | return=-113.02 | steps=500
global_step=36832 | return=-141.36 | steps=149
global_step=36864 | return=-25.13 | steps=500
global_step=37344 | return=-467.00 | steps=107
global_step=37728 | return=-122.54 | steps=177
global_step=38208 | return=-105.77 | steps=92
global_step=38400 | return=-62.32 | steps=500
global_step=38688 | return=-137.22 | steps=500
global_step=38880 | return=-169.52 | steps=500
global_step=38912 | return=-105.28 | steps=500
global_step=39072 | return=-155.93 | steps=313
global_step=39456 | return=-97.26 | steps=500
global_step=39776 | return=-492.30 | steps=238
global_step=39808 | return=-323.21 | steps=224
global_step=42336 | return=-31.26 | steps=500
global_step=42496 | return=-205.93 | steps=199
global_step=42560 | return=-6.35 | steps=500
global_step=42784 | return=-333.52 | steps=214
global_step=42880 | return=-85.13 | steps=123
global_step=43392 | return=-203.56 | steps=322
global_step=43488 | return=-371.56 | steps=158
global_step=44416 | return=-20.81 | steps=500
global_step=44608 | return=-108.85 | steps=500
global_step=45344 | return=-142.65 | steps=500
global_step=45440 | return=-181.35 | steps=500
global_step=45568 | return=-114.88 | steps=214
global_step=45664 | return=-105.16 | steps=103
global_step=45856 | return=-515.19 | steps=253
global_step=46112 | return=-116.76 | steps=439
global_step=46304 | return=-50.46 | steps=500
global_step=46336 | return=-73.30 | steps=500
global_step=46368 | return=-217.00 | steps=92
global_step=46976 | return=-417.09 | steps=300
global_step=47328 | return=-168.15 | steps=119
global_step=47424 | return=25.11 | steps=500
global_step=47488 | return=-474.88 | steps=482
global_step=47968 | return=-511.36 | steps=255
global_step=48064 | return=-88.91 | steps=500
global_step=48064 | return=-8.76 | steps=500
global_step=48608 | return=-137.68 | steps=94
global_step=48992 | return=-48.01 | steps=500
global_step=49024 | return=-339.47 | steps=473
global_step=49856 | return=-354.84 | steps=227
global_step=50176 | return=-136.42 | steps=85
global_step=50592 | return=-104.61 | steps=132
global_step=50624 | return=-9.06 | steps=500
global_step=52384 | return=-515.37 | steps=296
global_step=52576 | return=-336.87 | steps=201
global_step=52864 | return=-127.12 | steps=500
global_step=52896 | return=-296.32 | steps=315
global_step=52896 | return=47.31 | steps=500
global_step=53792 | return=-373.20 | steps=181
global_step=54240 | return=-34.54 | steps=500
global_step=54432 | return=-560.42 | steps=467
global_step=54784 | return=-290.32 | steps=209
global_step=54912 | return=-153.57 | steps=500
global_step=55104 | return=-137.09 | steps=500
global_step=55360 | return=-395.05 | steps=312
global_step=55520 | return=-494.06 | steps=203
global_step=55776 | return=-4.60 | steps=295
global_step=55776 | return=-128.86 | steps=90
global_step=55840 | return=-148.36 | steps=101
global_step=55840 | return=-168.81 | steps=500
global_step=56448 | return=-496.50 | steps=182
global_step=56640 | return=-136.51 | steps=132
global_step=57152 | return=-262.37 | steps=227
global_step=57440 | return=-400.94 | steps=315
global_step=58208 | return=-255.88 | steps=106
global_step=58400 | return=-152.21 | steps=89
global_step=58528 | return=-101.38 | steps=500
global_step=58592 | return=-122.65 | steps=135
global_step=60448 | return=-55.95 | steps=500
global_step=60576 | return=-62.27 | steps=128
global_step=60640 | return=59.90 | steps=500
global_step=61312 | return=-426.56 | steps=193
global_step=61472 | return=-288.27 | steps=500
global_step=61696 | return=-39.08 | steps=500
global_step=61888 | return=-29.79 | steps=500
global_step=62272 | return=-221.86 | steps=120
global_step=62304 | return=-526.06 | steps=497
global_step=62656 | return=-339.38 | steps=227
global_step=62720 | return=-199.97 | steps=140
global_step=63008 | return=-166.20 | steps=500
global_step=63520 | return=-119.63 | steps=500
global_step=63936 | return=-447.16 | steps=478
global_step=64096 | return=-6.21 | steps=500
global_step=64512 | return=-104.56 | steps=94
global_step=65056 | return=-160.08 | steps=500
SPS: 638
global_step=65952 | return=-227.10 | steps=317
global_step=66080 | return=-188.32 | steps=411
global_step=66208 | return=-528.49 | steps=175
global_step=66208 | return=-139.13 | steps=500
global_step=66304 | return=-42.30 | steps=370
global_step=66336 | return=-304.68 | steps=156
global_step=66400 | return=-604.63 | steps=421
global_step=66432 | return=-155.17 | steps=90
global_step=66656 | return=-114.61 | steps=500
global_step=69024 | return=-72.30 | steps=91
global_step=69056 | return=-254.43 | steps=154
global_step=69472 | return=-145.55 | steps=98
global_step=69504 | return=-126.36 | steps=102
global_step=69600 | return=-310.32 | steps=214
global_step=69824 | return=-167.21 | steps=500
global_step=69920 | return=-141.33 | steps=123
global_step=70144 | return=-321.00 | steps=396
global_step=70240 | return=-166.86 | steps=248
global_step=70944 | return=-46.25 | steps=500
global_step=71072 | return=-169.68 | steps=331
global_step=71808 | return=-81.60 | steps=500
global_step=71872 | return=7.22 | steps=500
global_step=71872 | return=-80.65 | steps=500
global_step=71936 | return=-223.08 | steps=172
global_step=72416 | return=-152.61 | steps=87
global_step=72672 | return=-150.50 | steps=500
global_step=73184 | return=-130.07 | steps=500
global_step=73504 | return=-533.80 | steps=327
global_step=73536 | return=-187.25 | steps=105
global_step=74240 | return=-293.92 | steps=243
global_step=74432 | return=-163.52 | steps=143
global_step=74560 | return=38.21 | steps=500
global_step=74624 | return=-15.99 | steps=500
global_step=74624 | return=-396.92 | steps=298
global_step=75680 | return=-91.57 | steps=147
global_step=76192 | return=-351.30 | steps=208
global_step=76672 | return=-90.18 | steps=500
global_step=76960 | return=-342.06 | steps=388
global_step=77056 | return=-498.27 | steps=479
global_step=77472 | return=-94.18 | steps=149
global_step=77728 | return=-110.41 | steps=102
global_step=77920 | return=55.55 | steps=500
global_step=77952 | return=-534.89 | steps=366
global_step=78176 | return=-235.60 | steps=359
global_step=78336 | return=-68.32 | steps=500
global_step=78688 | return=12.67 | steps=500
global_step=79968 | return=-142.30 | steps=500
global_step=79968 | return=-193.18 | steps=252
global_step=80224 | return=-384.41 | steps=98
global_step=80416 | return=-445.68 | steps=327
global_step=80864 | return=-400.55 | steps=453
global_step=80864 | return=-156.07 | steps=368
global_step=80928 | return=-38.28 | steps=230
global_step=82080 | return=-60.00 | steps=277
global_step=82464 | return=-460.56 | steps=171
global_step=83104 | return=-595.59 | steps=97
global_step=83776 | return=-93.61 | steps=104
global_step=83936 | return=-472.13 | steps=241
global_step=84128 | return=-324.96 | steps=232
global_step=85056 | return=-32.44 | steps=500
global_step=85504 | return=-236.47 | steps=500
global_step=86272 | return=-144.31 | steps=500
global_step=86656 | return=-573.03 | steps=444
global_step=87072 | return=-271.04 | steps=400
global_step=87104 | return=-38.47 | steps=500
global_step=87104 | return=-272.35 | steps=391
global_step=87392 | return=-247.58 | steps=433
global_step=87584 | return=-211.88 | steps=404
global_step=87840 | return=-77.24 | steps=500
global_step=87904 | return=-134.77 | steps=500
global_step=87968 | return=-18.13 | steps=500
global_step=88064 | return=-196.97 | steps=122
global_step=88160 | return=-473.61 | steps=325
global_step=89504 | return=-165.43 | steps=267
global_step=90656 | return=-2.02 | steps=500
global_step=90784 | return=-299.38 | steps=218
global_step=90784 | return=-97.91 | steps=89
global_step=91392 | return=-376.90 | steps=258
global_step=91712 | return=4.82 | steps=500
global_step=91936 | return=-38.26 | steps=437
global_step=92352 | return=-158.48 | steps=189
global_step=92544 | return=-546.30 | steps=326
global_step=93504 | return=-9.87 | steps=500
global_step=93760 | return=-552.88 | steps=402
global_step=93984 | return=35.57 | steps=500
global_step=94208 | return=-44.60 | steps=500
global_step=94368 | return=11.33 | steps=500
global_step=94432 | return=-156.50 | steps=117
global_step=94720 | return=-124.17 | steps=500
global_step=94944 | return=-313.40 | steps=467
global_step=95104 | return=-456.15 | steps=174
global_step=95136 | return=-378.60 | steps=235
global_step=96256 | return=58.35 | steps=500
global_step=96896 | return=-79.86 | steps=500
global_step=97856 | return=-431.55 | steps=399
global_step=97984 | return=-131.21 | steps=139
global_step=98112 | return=-127.86 | steps=114
SPS: 643
global_step=98336 | return=-89.43 | steps=99
global_step=98496 | return=10.58 | steps=500
global_step=98592 | return=-436.50 | steps=207
global_step=99232 | return=-64.90 | steps=345
global_step=99712 | return=-250.45 | steps=249
global_step=99872 | return=-234.97 | steps=183
global_step=99968 | return=-237.53 | steps=500
global_step=100032 | return=-122.83 | steps=117
global_step=101536 | return=-224.91 | steps=500
global_step=101632 | return=-44.84 | steps=231
global_step=102048 | return=-560.26 | steps=466
global_step=102400 | return=-444.41 | steps=477
global_step=102688 | return=-215.35 | steps=500
global_step=102976 | return=-284.86 | steps=250
global_step=103104 | return=-141.34 | steps=500
global_step=103424 | return=-135.16 | steps=500
global_step=103872 | return=11.08 | steps=500
global_step=104000 | return=-156.45 | steps=500
global_step=104096 | return=-380.71 | steps=292
global_step=104096 | return=-14.76 | steps=500
global_step=104352 | return=-487.48 | steps=232
global_step=104576 | return=-406.54 | steps=430
global_step=105856 | return=-11.29 | steps=191
global_step=106560 | return=-189.06 | steps=107
global_step=106816 | return=-158.63 | steps=500
global_step=106816 | return=-425.67 | steps=148
global_step=107328 | return=-81.00 | steps=461
global_step=107328 | return=-128.20 | steps=121
global_step=107424 | return=48.18 | steps=500
global_step=107456 | return=-396.78 | steps=299
global_step=107552 | return=-416.00 | steps=259
global_step=107712 | return=-274.59 | steps=479
global_step=108128 | return=-95.52 | steps=117
global_step=108256 | return=-262.45 | steps=258
global_step=108928 | return=-434.13 | steps=325
global_step=108928 | return=-84.25 | steps=135
global_step=109472 | return=-171.77 | steps=82
global_step=109472 | return=-118.56 | steps=339
global_step=109792 | return=-28.33 | steps=500
global_step=110400 | return=-131.55 | steps=500
global_step=110432 | return=-276.49 | steps=478
global_step=110496 | return=-127.92 | steps=91
global_step=110656 | return=-134.34 | steps=103
global_step=110976 | return=-129.85 | steps=101
global_step=111104 | return=-358.25 | steps=253
global_step=111520 | return=-137.81 | steps=127
global_step=111968 | return=-178.61 | steps=94
global_step=112032 | return=-135.72 | steps=250
global_step=112096 | return=106.99 | steps=164
global_step=112704 | return=-117.28 | steps=167
global_step=112832 | return=-40.50 | steps=279
global_step=112960 | return=-169.97 | steps=146
global_step=113024 | return=-78.21 | steps=110
global_step=113248 | return=-95.85 | steps=107
global_step=113888 | return=-559.04 | steps=305
global_step=114016 | return=-155.68 | steps=500
global_step=114144 | return=-109.26 | steps=500
global_step=114304 | return=-176.66 | steps=150
global_step=114368 | return=-61.24 | steps=500
global_step=115200 | return=-474.72 | steps=98
global_step=115392 | return=-507.14 | steps=152
global_step=115904 | return=-56.35 | steps=500
global_step=116064 | return=-173.44 | steps=500
global_step=116608 | return=-531.40 | steps=192
global_step=116736 | return=-178.26 | steps=125
global_step=116736 | return=-2.61 | steps=394
global_step=117088 | return=-202.23 | steps=126
global_step=117568 | return=-215.43 | steps=500
global_step=117664 | return=26.12 | steps=500
global_step=118240 | return=-146.55 | steps=94
global_step=118432 | return=-150.56 | steps=500
global_step=118720 | return=-120.52 | steps=500
global_step=118752 | return=-175.76 | steps=211
global_step=118944 | return=-118.63 | steps=244
global_step=118976 | return=-154.67 | steps=143
global_step=120128 | return=-90.68 | steps=105
global_step=120480 | return=-600.17 | steps=116
global_step=121664 | return=-210.35 | steps=142
global_step=121792 | return=200.43 | steps=275
global_step=121856 | return=-260.75 | steps=428
global_step=121888 | return=4.64 | steps=500
global_step=122592 | return=-120.61 | steps=500
global_step=122688 | return=-129.65 | steps=116
global_step=123488 | return=4.16 | steps=500
global_step=123744 | return=-97.28 | steps=222
global_step=123840 | return=-397.09 | steps=306
global_step=124960 | return=-152.28 | steps=500
global_step=125568 | return=-371.02 | steps=228
global_step=125888 | return=-481.81 | steps=465
global_step=126400 | return=-483.98 | steps=446
global_step=126400 | return=-133.25 | steps=143
global_step=126432 | return=-140.98 | steps=500
global_step=126688 | return=-169.37 | steps=500
global_step=127200 | return=-446.38 | steps=140
global_step=127456 | return=-398.96 | steps=456
global_step=127552 | return=-135.67 | steps=500
global_step=128512 | return=-411.76 | steps=338
global_step=129280 | return=-137.30 | steps=500
global_step=129696 | return=-324.63 | steps=243
global_step=129920 | return=28.33 | steps=500
global_step=130176 | return=-103.58 | steps=500
global_step=130336 | return=-70.58 | steps=500
global_step=130624 | return=-329.93 | steps=211
global_step=131072 | return=-269.00 | steps=421
SPS: 643
global_step=131424 | return=-147.27 | steps=500
global_step=131936 | return=-94.95 | steps=500
global_step=132096 | return=-106.56 | steps=500
global_step=132736 | return=-430.96 | steps=393
global_step=132768 | return=-382.85 | steps=447
global_step=133120 | return=-192.79 | steps=209
global_step=133952 | return=-138.22 | steps=125
global_step=134208 | return=-122.45 | steps=125
global_step=134752 | return=-107.22 | steps=500
global_step=134784 | return=13.43 | steps=500
global_step=134976 | return=-448.72 | steps=358
global_step=135008 | return=-7.29 | steps=500
global_step=135488 | return=-336.84 | steps=151
global_step=136480 | return=-322.05 | steps=211
global_step=136512 | return=1.33 | steps=500
global_step=137312 | return=-443.50 | steps=250
global_step=137344 | return=166.27 | steps=386
global_step=137536 | return=-309.71 | steps=174
global_step=137696 | return=-286.05 | steps=142
global_step=137696 | return=-137.83 | steps=500
global_step=137888 | return=-40.56 | steps=500
global_step=137952 | return=-175.28 | steps=99
global_step=138240 | return=-501.64 | steps=385
global_step=138624 | return=-1.53 | steps=500
global_step=138784 | return=-423.27 | steps=353
global_step=139168 | return=-180.74 | steps=136
global_step=139296 | return=-301.20 | steps=428
global_step=139776 | return=-103.33 | steps=500
global_step=140320 | return=-53.99 | steps=288
global_step=140384 | return=-314.90 | steps=427
global_step=141088 | return=-150.80 | steps=97
global_step=141216 | return=-96.68 | steps=114
global_step=141440 | return=-171.95 | steps=116
global_step=142304 | return=-39.05 | steps=252
global_step=142432 | return=-228.29 | steps=500
global_step=142464 | return=-153.57 | steps=500
global_step=143232 | return=8.19 | steps=500
global_step=143328 | return=-191.66 | steps=146
global_step=143584 | return=-188.08 | steps=500
global_step=144224 | return=-594.36 | steps=358
global_step=144512 | return=-301.61 | steps=366
global_step=144544 | return=-111.75 | steps=500
global_step=145312 | return=-181.89 | steps=203
global_step=146368 | return=18.54 | steps=500
global_step=146624 | return=-116.00 | steps=102
global_step=147456 | return=82.81 | steps=500
global_step=147520 | return=-231.61 | steps=343
global_step=148096 | return=-407.14 | steps=409
global_step=148128 | return=-56.97 | steps=500
global_step=148480 | return=-111.56 | steps=122
global_step=148768 | return=-103.58 | steps=429
global_step=149440 | return=-503.50 | steps=193
global_step=149984 | return=-154.11 | steps=500
global_step=150048 | return=-293.59 | steps=241
global_step=150336 | return=-397.85 | steps=432
global_step=150752 | return=-467.04 | steps=100
global_step=151520 | return=-248.94 | steps=500
global_step=152032 | return=-127.87 | steps=263
global_step=152384 | return=-97.57 | steps=132
global_step=152512 | return=-359.11 | steps=224
global_step=152960 | return=-521.64 | steps=470
global_step=153120 | return=-148.71 | steps=95
global_step=153248 | return=224.02 | steps=214
global_step=153248 | return=-101.41 | steps=401
global_step=153344 | return=-4.55 | steps=500
global_step=153376 | return=-30.35 | steps=500
global_step=153504 | return=-32.25 | steps=168
global_step=153728 | return=-129.38 | steps=500
global_step=153824 | return=-315.88 | steps=224
global_step=154272 | return=-23.83 | steps=500
global_step=155200 | return=-118.53 | steps=500
global_step=155328 | return=-44.73 | steps=500
global_step=155808 | return=-182.65 | steps=500
global_step=156352 | return=-168.98 | steps=500
global_step=156640 | return=-156.93 | steps=114
global_step=156928 | return=-165.37 | steps=96
global_step=157120 | return=1.84 | steps=500
global_step=157248 | return=-239.68 | steps=500
global_step=157408 | return=-119.10 | steps=125
global_step=157440 | return=-313.98 | steps=153
global_step=157472 | return=-7.74 | steps=500
global_step=157568 | return=-383.07 | steps=212
global_step=157792 | return=-468.97 | steps=232
global_step=158464 | return=37.41 | steps=500
global_step=158496 | return=13.46 | steps=500
global_step=158656 | return=-112.81 | steps=103
global_step=158656 | return=-488.46 | steps=172
global_step=158784 | return=-397.72 | steps=274
global_step=160160 | return=-315.15 | steps=212
global_step=160256 | return=-127.37 | steps=500
global_step=160544 | return=-230.24 | steps=500
global_step=161152 | return=-289.70 | steps=246
global_step=162048 | return=-345.04 | steps=177
global_step=163008 | return=-362.87 | steps=304
global_step=163488 | return=24.34 | steps=500
global_step=163680 | return=-129.96 | steps=106
SPS: 645
global_step=163904 | return=-339.78 | steps=359
global_step=164032 | return=260.60 | steps=163
global_step=164128 | return=-303.01 | steps=224
global_step=164512 | return=-110.86 | steps=500
global_step=164800 | return=-40.48 | steps=500
global_step=165472 | return=-56.18 | steps=500
global_step=165920 | return=-217.67 | steps=90
global_step=166432 | return=-259.26 | steps=242
global_step=166624 | return=-208.34 | steps=287
global_step=167200 | return=-109.64 | steps=109
global_step=167392 | return=-102.06 | steps=278
global_step=167392 | return=-294.26 | steps=299
global_step=167552 | return=-92.16 | steps=500
global_step=167616 | return=-99.00 | steps=87
global_step=167808 | return=-141.23 | steps=102
global_step=168064 | return=11.75 | steps=500
global_step=168064 | return=-85.78 | steps=327
global_step=168576 | return=-440.65 | steps=470
global_step=168736 | return=-346.19 | steps=351
global_step=168928 | return=-423.84 | steps=457
global_step=169760 | return=-198.32 | steps=500
global_step=170336 | return=-501.45 | steps=317
global_step=171232 | return=-15.70 | steps=500
global_step=171328 | return=-604.67 | steps=317
global_step=171520 | return=-366.37 | steps=250
global_step=171616 | return=-151.04 | steps=110
global_step=171840 | return=21.90 | steps=500
global_step=172000 | return=-61.67 | steps=149
global_step=172672 | return=47.46 | steps=500
global_step=172736 | return=-83.20 | steps=129
global_step=173152 | return=-87.21 | steps=500
global_step=173184 | return=-169.22 | steps=106
global_step=173248 | return=-57.87 | steps=134
global_step=173280 | return=-111.86 | steps=500
global_step=173472 | return=-111.40 | steps=500
global_step=174528 | return=-11.42 | steps=500
global_step=174656 | return=-349.17 | steps=286
global_step=174688 | return=-65.98 | steps=500
global_step=174912 | return=-102.60 | steps=102
global_step=175200 | return=-212.35 | steps=230
global_step=175232 | return=-387.54 | steps=353
global_step=175616 | return=234.45 | steps=214
global_step=176352 | return=79.58 | steps=272
global_step=176416 | return=-139.91 | steps=137
global_step=176576 | return=-116.53 | steps=500
global_step=176736 | return=-162.34 | steps=124
global_step=178048 | return=-461.38 | steps=332
global_step=178080 | return=-70.89 | steps=500
global_step=178080 | return=-80.96 | steps=110
global_step=178272 | return=-355.74 | steps=216
global_step=178368 | return=-392.66 | steps=161
global_step=179232 | return=-376.50 | steps=185
global_step=179872 | return=-169.19 | steps=132
global_step=180064 | return=4.35 | steps=500
global_step=180096 | return=-102.09 | steps=116
global_step=180096 | return=-277.18 | steps=442
global_step=180160 | return=25.55 | steps=500
global_step=181216 | return=-120.62 | steps=241
global_step=181920 | return=-396.21 | steps=226
global_step=182240 | return=-399.79 | steps=324
global_step=182368 | return=-183.17 | steps=134
global_step=182464 | return=-123.16 | steps=500
global_step=182656 | return=-43.47 | steps=500
global_step=183424 | return=-106.92 | steps=500
global_step=183584 | return=-52.54 | steps=500
global_step=184096 | return=-162.42 | steps=500
global_step=184992 | return=-103.09 | steps=152
global_step=185152 | return=-308.47 | steps=164
global_step=185344 | return=-534.19 | steps=226
global_step=186368 | return=-189.70 | steps=258
global_step=186368 | return=-75.66 | steps=500
global_step=187264 | return=-344.60 | steps=500
global_step=187552 | return=-105.35 | steps=500
global_step=188128 | return=-449.16 | steps=365
global_step=188704 | return=-145.89 | steps=500
global_step=189184 | return=-429.72 | steps=500
global_step=189280 | return=-1.15 | steps=500
global_step=189472 | return=-387.59 | steps=183
global_step=189504 | return=-220.07 | steps=189
global_step=190720 | return=-237.04 | steps=500
global_step=190944 | return=-148.63 | steps=500
global_step=191232 | return=-165.57 | steps=500
global_step=191264 | return=34.47 | steps=500
global_step=191680 | return=-117.52 | steps=137
global_step=191840 | return=-280.18 | steps=213
global_step=192608 | return=-164.05 | steps=500
global_step=192640 | return=-124.22 | steps=448
global_step=192640 | return=-122.63 | steps=122
global_step=192768 | return=-9.25 | steps=500
global_step=193120 | return=-72.37 | steps=122
global_step=193152 | return=-244.83 | steps=211
global_step=193184 | return=-195.97 | steps=114
global_step=193568 | return=-48.55 | steps=169
global_step=194400 | return=-110.44 | steps=500
global_step=195264 | return=-140.22 | steps=141
global_step=195264 | return=-33.57 | steps=500
global_step=195392 | return=-402.26 | steps=313
global_step=195872 | return=-188.22 | steps=100
global_step=196096 | return=-80.85 | steps=500
global_step=196128 | return=-0.61 | steps=500
global_step=196160 | return=214.10 | steps=268
global_step=196192 | return=-40.24 | steps=500
global_step=196448 | return=-466.03 | steps=436
SPS: 643
global_step=197248 | return=0.53 | steps=500
global_step=197952 | return=-106.46 | steps=500
global_step=198272 | return=-111.03 | steps=500
global_step=198368 | return=-428.99 | steps=445
global_step=198400 | return=12.85 | steps=500
global_step=198688 | return=-38.57 | steps=500
global_step=200128 | return=-97.23 | steps=132
global_step=201152 | return=-132.72 | steps=86
global_step=201184 | return=-79.28 | steps=500
global_step=201440 | return=-504.12 | steps=259
global_step=202400 | return=-73.36 | steps=500
global_step=202784 | return=-314.76 | steps=415
global_step=203168 | return=-352.49 | steps=139
global_step=203424 | return=-104.81 | steps=228
global_step=203776 | return=-51.01 | steps=238
global_step=203840 | return=-193.30 | steps=263
global_step=204896 | return=-105.87 | steps=107
global_step=205312 | return=-129.28 | steps=500
global_step=206176 | return=-243.47 | steps=242
global_step=206976 | return=-169.62 | steps=500
global_step=207136 | return=-128.48 | steps=397
global_step=207264 | return=-8.15 | steps=500
global_step=207296 | return=-107.31 | steps=500
global_step=207648 | return=197.57 | steps=358
global_step=207712 | return=-183.24 | steps=500
global_step=207872 | return=-8.78 | steps=500
global_step=208032 | return=-282.09 | steps=143
global_step=208640 | return=-52.48 | steps=500
global_step=208672 | return=-295.15 | steps=500
global_step=208768 | return=-3.53 | steps=153
global_step=208768 | return=-96.26 | steps=120
global_step=208800 | return=-34.18 | steps=500
global_step=209184 | return=-49.45 | steps=500
global_step=209216 | return=-16.56 | steps=500
global_step=209600 | return=-68.99 | steps=500
global_step=209920 | return=-173.10 | steps=86
global_step=210176 | return=-116.59 | steps=124
global_step=210464 | return=-34.30 | steps=208
global_step=211072 | return=-318.43 | steps=399
global_step=211296 | return=-4.57 | steps=500
global_step=211296 | return=-5.45 | steps=500
global_step=211424 | return=-126.35 | steps=82
global_step=211552 | return=-271.05 | steps=133
global_step=211776 | return=-82.02 | steps=128
global_step=212224 | return=-50.34 | steps=500
global_step=212480 | return=-248.87 | steps=500
global_step=213024 | return=-348.80 | steps=165
global_step=213280 | return=-20.69 | steps=500
global_step=213952 | return=-146.63 | steps=499
global_step=214464 | return=-397.38 | steps=223
global_step=214528 | return=-466.66 | steps=202
global_step=214816 | return=-217.73 | steps=109
global_step=215296 | return=-406.08 | steps=120
global_step=215456 | return=-110.14 | steps=136
global_step=215584 | return=-157.97 | steps=118
global_step=215904 | return=-601.43 | steps=492
global_step=216128 | return=-60.48 | steps=215
global_step=216960 | return=-161.90 | steps=122
global_step=216992 | return=-102.02 | steps=115
global_step=217184 | return=-117.24 | steps=500
global_step=217216 | return=-72.68 | steps=500
global_step=217248 | return=-498.36 | steps=451
global_step=217888 | return=-336.48 | steps=258
global_step=218144 | return=-277.64 | steps=176
global_step=218272 | return=-93.09 | steps=116
global_step=218400 | return=-371.12 | steps=300
global_step=218432 | return=-262.84 | steps=500
global_step=218752 | return=-138.05 | steps=98
global_step=219200 | return=-257.57 | steps=500
global_step=219648 | return=-333.22 | steps=326
global_step=219776 | return=-41.15 | steps=235
global_step=219968 | return=161.73 | steps=352
global_step=220512 | return=-106.11 | steps=101
global_step=221344 | return=7.38 | steps=500
global_step=221504 | return=-139.05 | steps=95
global_step=222912 | return=170.87 | steps=362
global_step=222944 | return=-316.22 | steps=470
global_step=223008 | return=-13.27 | steps=500
global_step=223392 | return=-115.64 | steps=159
global_step=223712 | return=-152.87 | steps=288
global_step=224064 | return=-114.18 | steps=127
global_step=224192 | return=-442.86 | steps=394
global_step=224576 | return=-426.62 | steps=126
global_step=224672 | return=-48.48 | steps=500
global_step=224832 | return=-112.17 | steps=500
global_step=225664 | return=-453.13 | steps=183
global_step=225920 | return=-161.14 | steps=278
global_step=225952 | return=-150.64 | steps=500
global_step=226208 | return=-204.32 | steps=101
global_step=226208 | return=-99.94 | steps=500
global_step=226496 | return=-36.97 | steps=500
global_step=226528 | return=-315.03 | steps=365
global_step=226656 | return=-248.20 | steps=328
global_step=226656 | return=-114.83 | steps=257
global_step=227456 | return=-447.00 | steps=374
global_step=227776 | return=-195.10 | steps=281
global_step=227936 | return=-125.25 | steps=96
global_step=228768 | return=-172.93 | steps=88
SPS: 641
global_step=229504 | return=-85.59 | steps=92
global_step=229536 | return=-438.58 | steps=444
global_step=229568 | return=-198.40 | steps=386
global_step=229856 | return=-82.63 | steps=164
global_step=229984 | return=-152.88 | steps=500
global_step=231008 | return=-32.19 | steps=149
global_step=231936 | return=-364.48 | steps=500
global_step=232800 | return=-70.31 | steps=91
global_step=232992 | return=-150.74 | steps=500
global_step=233248 | return=-187.68 | steps=500
global_step=233536 | return=-528.36 | steps=219
global_step=233920 | return=-148.77 | steps=500
global_step=234176 | return=-98.19 | steps=500
global_step=234720 | return=-84.30 | steps=251
global_step=235232 | return=-467.77 | steps=500
global_step=235680 | return=-172.48 | steps=312
global_step=235680 | return=-54.28 | steps=500
global_step=237376 | return=-19.20 | steps=500
global_step=237536 | return=-102.52 | steps=500
global_step=237664 | return=122.07 | steps=252
global_step=238400 | return=-348.44 | steps=326
global_step=238464 | return=-310.86 | steps=170
global_step=238560 | return=-347.73 | steps=336
global_step=238944 | return=-117.40 | steps=500
global_step=239040 | return=-10.91 | steps=500
global_step=239424 | return=-173.86 | steps=500
global_step=239744 | return=0.09 | steps=500
global_step=240096 | return=-34.52 | steps=500
global_step=240224 | return=-30.00 | steps=500
global_step=240704 | return=-34.51 | steps=500
global_step=241536 | return=-261.88 | steps=229
global_step=241984 | return=-3.54 | steps=500
global_step=242016 | return=-581.68 | steps=273
global_step=242240 | return=4.95 | steps=500
global_step=242656 | return=-160.65 | steps=132
global_step=242688 | return=-23.72 | steps=500
global_step=242816 | return=-55.04 | steps=132
global_step=243200 | return=-114.14 | steps=77
global_step=243488 | return=27.26 | steps=500
global_step=243520 | return=-712.95 | steps=117
global_step=243616 | return=125.40 | steps=194
global_step=243744 | return=-141.37 | steps=444
global_step=244064 | return=-132.90 | steps=123
global_step=244064 | return=-354.27 | steps=477
global_step=244288 | return=-420.64 | steps=151
global_step=245568 | return=38.46 | steps=500
global_step=245920 | return=-181.78 | steps=96
global_step=246016 | return=-235.63 | steps=500
global_step=246048 | return=-432.12 | steps=353
global_step=246080 | return=252.70 | steps=219
global_step=246592 | return=-81.44 | steps=92
global_step=247040 | return=-290.38 | steps=500
global_step=247424 | return=-160.68 | steps=121
global_step=247584 | return=-125.90 | steps=119
global_step=247968 | return=-54.90 | steps=500
global_step=248192 | return=-248.48 | steps=192
global_step=248832 | return=-22.15 | steps=500
global_step=249568 | return=22.35 | steps=500
global_step=249952 | return=27.60 | steps=500
global_step=251072 | return=-158.33 | steps=113
global_step=251264 | return=-134.08 | steps=500
global_step=251360 | return=-276.91 | steps=271
global_step=251712 | return=-186.45 | steps=500
global_step=251712 | return=-2.49 | steps=500
global_step=252064 | return=-278.11 | steps=249
global_step=253024 | return=-411.65 | steps=217
global_step=253536 | return=-280.85 | steps=111
global_step=253568 | return=-103.09 | steps=500
global_step=253696 | return=-37.13 | steps=500
global_step=253920 | return=-518.33 | steps=228
global_step=254496 | return=11.53 | steps=500
global_step=254976 | return=43.63 | steps=500
global_step=256192 | return=-283.31 | steps=405
global_step=256256 | return=-153.94 | steps=500
global_step=256832 | return=186.74 | steps=340
global_step=257568 | return=-142.12 | steps=500
global_step=258016 | return=-3.29 | steps=500
global_step=258272 | return=-21.21 | steps=500
global_step=258304 | return=-175.04 | steps=103
global_step=258720 | return=-148.43 | steps=500
global_step=259104 | return=-427.13 | steps=408
global_step=259360 | return=-315.41 | steps=181
global_step=259424 | return=230.73 | steps=229
global_step=259520 | return=-107.79 | steps=500
global_step=260096 | return=-58.17 | steps=500
global_step=260288 | return=-465.26 | steps=334
global_step=260320 | return=-103.43 | steps=500
global_step=261600 | return=25.16 | steps=500
global_step=261600 | return=-162.61 | steps=102
global_step=261792 | return=-636.48 | steps=424
global_step=261888 | return=-340.96 | steps=120
global_step=262112 | return=-184.24 | steps=105
global_step=262112 | return=-77.85 | steps=500
SPS: 640
global_step=262880 | return=-508.33 | steps=261
global_step=263072 | return=-191.01 | steps=500
global_step=263616 | return=-76.92 | steps=500
global_step=263648 | return=188.69 | steps=331
global_step=263680 | return=-204.00 | steps=213
global_step=263680 | return=-76.68 | steps=104
global_step=264000 | return=-42.92 | steps=500
global_step=264032 | return=-94.13 | steps=140
global_step=264032 | return=-557.30 | steps=326
global_step=264576 | return=113.10 | steps=412
global_step=264736 | return=-139.84 | steps=138
global_step=264864 | return=-50.58 | steps=500
global_step=265408 | return=-172.96 | steps=118
global_step=265664 | return=-81.02 | steps=110
global_step=267104 | return=41.76 | steps=500
global_step=267296 | return=-81.77 | steps=500
global_step=267680 | return=-480.01 | steps=429
global_step=267744 | return=-101.57 | steps=500
global_step=267744 | return=-22.17 | steps=500
global_step=268064 | return=-424.61 | steps=99
global_step=268288 | return=-376.06 | steps=278
global_step=268832 | return=-199.51 | steps=329
global_step=269728 | return=-35.11 | steps=500
global_step=269984 | return=216.75 | steps=215
global_step=270080 | return=-127.96 | steps=92
global_step=270112 | return=-344.35 | steps=167
global_step=270624 | return=-314.54 | steps=103
global_step=271904 | return=-134.19 | steps=131
global_step=272224 | return=-104.25 | steps=500
global_step=272288 | return=-94.23 | steps=500
global_step=272768 | return=-127.82 | steps=146
global_step=273600 | return=-33.21 | steps=500
global_step=273984 | return=-76.45 | steps=104
global_step=275136 | return=-88.88 | steps=500
global_step=275456 | return=-16.84 | steps=500
global_step=276128 | return=-106.79 | steps=500
global_step=276576 | return=-229.35 | steps=118
global_step=277632 | return=-236.78 | steps=500
global_step=277696 | return=-74.39 | steps=127
global_step=277824 | return=20.07 | steps=500
global_step=277920 | return=-30.08 | steps=500
global_step=277984 | return=-183.47 | steps=418
global_step=278144 | return=-162.38 | steps=500
global_step=278144 | return=-82.84 | steps=83
global_step=278336 | return=-122.93 | steps=135
global_step=278720 | return=-183.07 | steps=80
global_step=278912 | return=-8.42 | steps=500
global_step=279648 | return=-98.70 | steps=500
global_step=279680 | return=-19.92 | steps=500
global_step=279712 | return=-24.63 | steps=500
global_step=279712 | return=-2.73 | steps=500
global_step=280032 | return=-66.57 | steps=500
global_step=280064 | return=5.94 | steps=500
global_step=280064 | return=-4.03 | steps=500
global_step=280768 | return=-107.83 | steps=97
global_step=280992 | return=-111.90 | steps=93
global_step=281440 | return=-52.46 | steps=500
global_step=281696 | return=-89.76 | steps=500
global_step=281920 | return=-108.83 | steps=117
global_step=282464 | return=-171.18 | steps=110
global_step=283456 | return=-79.61 | steps=116
global_step=283776 | return=-22.97 | steps=500
global_step=283776 | return=-205.56 | steps=500
global_step=284032 | return=-141.41 | steps=101
global_step=284064 | return=179.34 | steps=198
global_step=284320 | return=29.98 | steps=500
global_step=284544 | return=-317.96 | steps=181
global_step=284736 | return=-422.61 | steps=145
global_step=284864 | return=23.54 | steps=500
global_step=285504 | return=-164.78 | steps=182
global_step=285760 | return=101.97 | steps=189
global_step=285760 | return=3.45 | steps=500
global_step=286016 | return=-150.20 | steps=500
global_step=286112 | return=0.25 | steps=500
global_step=286144 | return=-137.95 | steps=500
global_step=286816 | return=74.34 | steps=364
global_step=286880 | return=-315.56 | steps=137
global_step=287328 | return=-112.74 | steps=101
global_step=287680 | return=-125.90 | steps=87
global_step=287936 | return=-74.36 | steps=500
global_step=288064 | return=-400.08 | steps=492
global_step=288096 | return=-90.24 | steps=80
global_step=288256 | return=-103.94 | steps=500
global_step=288992 | return=-466.56 | steps=278
global_step=289056 | return=48.70 | steps=340
global_step=290816 | return=-25.97 | steps=219
global_step=291008 | return=-56.57 | steps=130
global_step=292128 | return=109.52 | steps=260
global_step=292480 | return=-240.08 | steps=358
global_step=292608 | return=-53.36 | steps=500
global_step=292640 | return=-270.12 | steps=203
global_step=293856 | return=-126.13 | steps=500
global_step=293920 | return=-88.95 | steps=90
global_step=293952 | return=-62.94 | steps=500
global_step=294016 | return=-591.00 | steps=156
global_step=294048 | return=76.20 | steps=437
global_step=294368 | return=-338.32 | steps=500
global_step=294816 | return=-92.12 | steps=282
SPS: 640
global_step=294976 | return=-154.93 | steps=129
global_step=295136 | return=-382.74 | steps=220
global_step=295744 | return=-8.19 | steps=500
global_step=296224 | return=-85.87 | steps=127
global_step=296928 | return=-203.51 | steps=90
global_step=297472 | return=-121.34 | steps=500
global_step=297568 | return=-75.85 | steps=115
global_step=297728 | return=-157.15 | steps=500
global_step=297952 | return=27.84 | steps=500
global_step=298592 | return=213.04 | steps=365
global_step=298848 | return=226.97 | steps=348
global_step=299488 | return=-121.25 | steps=500
global_step=300064 | return=39.06 | steps=500
global_step=300192 | return=-118.45 | steps=81
global_step=300352 | return=-155.89 | steps=500
global_step=300576 | return=-99.04 | steps=500
global_step=300576 | return=-376.14 | steps=413
global_step=300640 | return=-141.96 | steps=152
global_step=300768 | return=-92.67 | steps=500
global_step=301440 | return=250.65 | steps=230
global_step=301792 | return=-25.61 | steps=500
global_step=301920 | return=208.82 | steps=249
global_step=302048 | return=30.58 | steps=500
global_step=302176 | return=88.01 | steps=500
global_step=303968 | return=28.39 | steps=500
global_step=304032 | return=-109.64 | steps=123
global_step=304128 | return=-4.79 | steps=500
global_step=304288 | return=-2.47 | steps=500
global_step=304448 | return=-284.73 | steps=234
global_step=305024 | return=-94.50 | steps=132
global_step=305088 | return=-141.47 | steps=500
global_step=305408 | return=199.87 | steps=286
global_step=306272 | return=-130.79 | steps=131
global_step=306752 | return=34.58 | steps=440
global_step=306816 | return=-747.59 | steps=401
global_step=308512 | return=-70.58 | steps=500
global_step=308640 | return=33.27 | steps=500
global_step=308672 | return=-340.54 | steps=252
global_step=309056 | return=-464.33 | steps=346
global_step=310176 | return=-121.32 | steps=106
global_step=310400 | return=-40.96 | steps=500
global_step=310592 | return=-257.93 | steps=312
global_step=310720 | return=64.01 | steps=405
global_step=310848 | return=8.92 | steps=500
global_step=310976 | return=63.51 | steps=331
global_step=311008 | return=-106.71 | steps=500
global_step=311168 | return=43.46 | steps=500
global_step=311232 | return=207.20 | steps=191
global_step=311328 | return=-353.51 | steps=196
global_step=311904 | return=-572.05 | steps=303
global_step=312224 | return=-172.03 | steps=110
global_step=312320 | return=-89.26 | steps=114
global_step=313504 | return=17.93 | steps=500
global_step=313632 | return=139.59 | steps=469
global_step=313888 | return=-149.61 | steps=98
global_step=314880 | return=-14.20 | steps=500
global_step=314912 | return=-103.14 | steps=134
global_step=314976 | return=-153.45 | steps=113
global_step=315168 | return=-69.96 | steps=129
global_step=315360 | return=-85.02 | steps=130
global_step=315520 | return=-134.89 | steps=500
global_step=315968 | return=73.05 | steps=453
global_step=316224 | return=-111.61 | steps=500
global_step=316672 | return=-127.05 | steps=500
global_step=317632 | return=174.85 | steps=354
global_step=317696 | return=-439.77 | steps=426
global_step=317760 | return=214.18 | steps=271
global_step=317824 | return=11.84 | steps=500
global_step=317952 | return=4.87 | steps=500
global_step=318144 | return=-72.78 | steps=132
global_step=318656 | return=-335.42 | steps=210
global_step=318912 | return=203.59 | steps=265
global_step=318944 | return=-85.07 | steps=84
global_step=319136 | return=-137.21 | steps=129
global_step=319840 | return=-431.53 | steps=406
global_step=319968 | return=-123.30 | steps=284
global_step=320000 | return=-63.60 | steps=500
global_step=320160 | return=-130.86 | steps=500
global_step=320320 | return=-31.77 | steps=500
global_step=320384 | return=-125.69 | steps=151
global_step=320480 | return=-186.86 | steps=500
global_step=321440 | return=-115.90 | steps=108
global_step=321440 | return=-87.94 | steps=500
global_step=321632 | return=161.90 | steps=176
global_step=323008 | return=-76.39 | steps=126
global_step=323360 | return=-44.62 | steps=94
global_step=323392 | return=-83.71 | steps=93
global_step=323552 | return=-535.16 | steps=115
global_step=323712 | return=191.29 | steps=355
global_step=323808 | return=-144.41 | steps=113
global_step=324544 | return=-28.47 | steps=500
global_step=325984 | return=-414.96 | steps=135
global_step=326080 | return=228.66 | steps=216
global_step=326208 | return=-212.96 | steps=500
global_step=326496 | return=-48.15 | steps=108
global_step=327008 | return=-78.51 | steps=500
global_step=327136 | return=37.36 | steps=421
global_step=327264 | return=-118.22 | steps=500
global_step=327488 | return=-88.61 | steps=114
global_step=327552 | return=-143.23 | steps=119
SPS: 641
global_step=327872 | return=196.86 | steps=313
global_step=328256 | return=-40.96 | steps=500
global_step=329536 | return=26.95 | steps=500
global_step=330720 | return=-62.10 | steps=376
global_step=330912 | return=-8.08 | steps=500
global_step=330944 | return=6.29 | steps=500
global_step=331104 | return=-273.36 | steps=112
global_step=331200 | return=-16.34 | steps=500
global_step=331264 | return=190.95 | steps=306
global_step=331392 | return=-127.08 | steps=500
global_step=331552 | return=-299.75 | steps=254
global_step=331680 | return=-433.95 | steps=106
global_step=332096 | return=-807.39 | steps=141
global_step=332160 | return=-281.88 | steps=192
global_step=332256 | return=129.11 | steps=456
global_step=332480 | return=-110.53 | steps=447
global_step=332704 | return=-130.54 | steps=500
global_step=333344 | return=179.20 | steps=274
global_step=333728 | return=53.66 | steps=500
global_step=333792 | return=-40.75 | steps=500
global_step=334112 | return=-61.25 | steps=221
global_step=334560 | return=-157.54 | steps=113
global_step=334944 | return=-138.11 | steps=500
global_step=335296 | return=-140.51 | steps=87
global_step=335456 | return=117.91 | steps=279
global_step=335872 | return=60.44 | steps=249
global_step=336000 | return=23.74 | steps=500
global_step=336032 | return=-54.20 | steps=500
global_step=336512 | return=-53.36 | steps=500
global_step=337248 | return=-415.27 | steps=203
global_step=337472 | return=-126.99 | steps=500
global_step=337536 | return=-431.94 | steps=169
global_step=338208 | return=174.84 | steps=345
global_step=338560 | return=-158.42 | steps=96
global_step=339136 | return=181.53 | steps=236
global_step=339392 | return=33.25 | steps=500
global_step=339456 | return=79.09 | steps=242
global_step=339552 | return=198.59 | steps=193
global_step=339584 | return=-116.83 | steps=500
global_step=339936 | return=-170.42 | steps=121
global_step=342112 | return=34.86 | steps=500
global_step=342240 | return=33.71 | steps=500
global_step=343296 | return=-65.19 | steps=500
global_step=344704 | return=-73.65 | steps=225
global_step=345376 | return=-135.28 | steps=97
global_step=345568 | return=-57.38 | steps=500
global_step=346144 | return=179.14 | steps=433
global_step=346976 | return=-43.37 | steps=500
global_step=347136 | return=-23.17 | steps=500
global_step=347232 | return=-15.07 | steps=500
global_step=347296 | return=2.85 | steps=500
global_step=347328 | return=112.15 | steps=245
global_step=347360 | return=134.50 | steps=413
global_step=347424 | return=-137.33 | steps=500
global_step=347616 | return=2.22 | steps=407
global_step=347712 | return=237.82 | steps=254
global_step=348032 | return=208.30 | steps=269
global_step=348192 | return=-127.95 | steps=500
global_step=348352 | return=101.51 | steps=316
global_step=348736 | return=-0.39 | steps=500
global_step=349760 | return=-215.84 | steps=500
global_step=349824 | return=-80.98 | steps=500
global_step=350528 | return=-126.97 | steps=100
global_step=350976 | return=13.47 | steps=500
global_step=351136 | return=-507.40 | steps=433
global_step=351232 | return=-67.81 | steps=203
global_step=351328 | return=28.56 | steps=500
global_step=351424 | return=152.38 | steps=253
global_step=351904 | return=-25.72 | steps=500
global_step=352000 | return=-140.56 | steps=142
global_step=352032 | return=-295.24 | steps=152
global_step=352032 | return=-2.91 | steps=500
global_step=352544 | return=0.87 | steps=500
global_step=353568 | return=-153.70 | steps=500
global_step=354368 | return=215.56 | steps=256
global_step=354592 | return=-315.16 | steps=500
global_step=355168 | return=-17.87 | steps=500
global_step=355616 | return=-45.18 | steps=500
global_step=355968 | return=-101.56 | steps=500
global_step=356224 | return=187.82 | steps=265
global_step=356352 | return=-111.75 | steps=134
global_step=356832 | return=-657.04 | steps=459
global_step=358688 | return=127.29 | steps=208
global_step=358912 | return=-75.93 | steps=102
global_step=359232 | return=60.89 | steps=432
global_step=359456 | return=-187.29 | steps=108
global_step=359616 | return=-103.88 | steps=105
global_step=360256 | return=-130.21 | steps=106
global_step=360288 | return=-402.09 | steps=159
SPS: 641
global_step=360672 | return=187.44 | steps=288
global_step=360992 | return=-147.17 | steps=144
global_step=361600 | return=-86.38 | steps=500
global_step=362208 | return=-101.63 | steps=92
global_step=363008 | return=-8.28 | steps=500
global_step=363136 | return=-250.47 | steps=461
global_step=363264 | return=-110.94 | steps=500
global_step=363360 | return=-164.23 | steps=500
global_step=363392 | return=-38.85 | steps=500
global_step=363552 | return=89.14 | steps=286
global_step=363648 | return=-134.43 | steps=500
global_step=363776 | return=-298.38 | steps=391
global_step=363968 | return=-84.17 | steps=115
global_step=364064 | return=-2.35 | steps=500
global_step=364096 | return=162.42 | steps=360
global_step=364224 | return=-151.71 | steps=500
global_step=364448 | return=62.92 | steps=434
global_step=364608 | return=86.38 | steps=312
global_step=364768 | return=-52.92 | steps=500
global_step=364960 | return=212.51 | steps=403
global_step=365184 | return=72.74 | steps=362
global_step=365312 | return=-115.63 | steps=96
global_step=365792 | return=-53.77 | steps=500
global_step=365856 | return=25.05 | steps=500
global_step=366304 | return=-66.04 | steps=237
global_step=366496 | return=-291.71 | steps=214
global_step=366944 | return=-211.69 | steps=92
global_step=367008 | return=-214.22 | steps=500
global_step=367168 | return=-76.00 | steps=500
global_step=367232 | return=-104.69 | steps=107
global_step=367360 | return=-81.77 | steps=500
global_step=367712 | return=-81.38 | steps=138
global_step=367776 | return=-87.01 | steps=110
global_step=367936 | return=-120.03 | steps=500
global_step=368992 | return=-152.24 | steps=152
global_step=369152 | return=-451.78 | steps=146
global_step=370048 | return=-82.63 | steps=89
global_step=370144 | return=-118.33 | steps=135
global_step=370144 | return=-109.88 | steps=99
global_step=370752 | return=-174.32 | steps=94
global_step=371296 | return=-383.62 | steps=104
global_step=371744 | return=-544.71 | steps=316
global_step=372352 | return=-269.71 | steps=99
global_step=372352 | return=2.24 | steps=219
global_step=373152 | return=-287.89 | steps=167
global_step=373152 | return=-378.54 | steps=255
global_step=373376 | return=-543.67 | steps=311
global_step=374176 | return=-282.61 | steps=125
global_step=374272 | return=107.25 | steps=283
global_step=374368 | return=-167.36 | steps=167
global_step=374944 | return=-120.32 | steps=500
global_step=375488 | return=-100.82 | steps=500
global_step=375648 | return=238.63 | steps=171
global_step=375840 | return=-94.57 | steps=108
global_step=376320 | return=23.98 | steps=500
global_step=376704 | return=-147.62 | steps=500
global_step=376928 | return=-83.54 | steps=110
global_step=376992 | return=-385.81 | steps=304
global_step=377024 | return=-13.61 | steps=500
global_step=377632 | return=-192.13 | steps=104
global_step=377824 | return=212.13 | steps=189
global_step=378272 | return=184.23 | steps=234
global_step=379040 | return=-37.16 | steps=500
global_step=379168 | return=-147.81 | steps=500
global_step=379392 | return=8.50 | steps=500
global_step=379584 | return=2.92 | steps=500
global_step=379680 | return=-153.20 | steps=500
global_step=379904 | return=144.86 | steps=438
global_step=380096 | return=45.58 | steps=500
global_step=380256 | return=118.14 | steps=189
global_step=380640 | return=10.66 | steps=500
global_step=380800 | return=-139.28 | steps=500
global_step=381792 | return=206.96 | steps=213
global_step=382240 | return=-92.09 | steps=123
global_step=382336 | return=-136.86 | steps=500
global_step=382368 | return=-272.58 | steps=495
global_step=382848 | return=129.10 | steps=218
global_step=383040 | return=-39.06 | steps=500
global_step=383392 | return=-39.83 | steps=500
global_step=383776 | return=-76.45 | steps=143
global_step=383968 | return=-341.32 | steps=217
global_step=385888 | return=-166.01 | steps=163
global_step=386016 | return=67.97 | steps=363
global_step=386080 | return=-7.63 | steps=500
global_step=386848 | return=141.86 | steps=427
global_step=387168 | return=-119.13 | steps=99
global_step=387328 | return=26.22 | steps=500
global_step=387424 | return=99.85 | steps=261
global_step=387488 | return=161.26 | steps=326
global_step=387680 | return=-131.26 | steps=150
global_step=388384 | return=-5.75 | steps=500
global_step=388800 | return=91.94 | steps=284
global_step=389184 | return=-66.68 | steps=500
global_step=389248 | return=-493.56 | steps=182
global_step=390208 | return=216.16 | steps=293
global_step=390272 | return=-643.79 | steps=456
global_step=390720 | return=-140.71 | steps=102
global_step=391168 | return=-702.78 | steps=451
global_step=391200 | return=-103.25 | steps=161
global_step=391296 | return=70.09 | steps=365
global_step=391424 | return=-15.55 | steps=172
global_step=391520 | return=-93.66 | steps=500
global_step=392224 | return=232.34 | steps=263
global_step=392352 | return=37.83 | steps=500
global_step=392544 | return=-320.04 | steps=104
global_step=392608 | return=-166.31 | steps=104
global_step=392832 | return=113.61 | steps=496
SPS: 642
global_step=393376 | return=-194.20 | steps=96
global_step=393664 | return=-62.65 | steps=500
global_step=393856 | return=17.67 | steps=500
global_step=394080 | return=151.44 | steps=383
global_step=395424 | return=-63.51 | steps=500
global_step=395936 | return=50.97 | steps=500
global_step=396128 | return=-64.09 | steps=500
global_step=396288 | return=-223.82 | steps=500
global_step=396896 | return=-133.39 | steps=141
global_step=397824 | return=52.51 | steps=483
global_step=397952 | return=196.67 | steps=207
global_step=398112 | return=-530.68 | steps=216
global_step=398272 | return=17.41 | steps=500
global_step=398368 | return=187.65 | steps=349
global_step=398400 | return=-140.46 | steps=500
global_step=398912 | return=-338.16 | steps=240
global_step=399072 | return=-120.56 | steps=500
global_step=399232 | return=109.87 | steps=218
global_step=399904 | return=-282.93 | steps=286
global_step=400800 | return=-104.52 | steps=83
global_step=401056 | return=166.62 | steps=382
global_step=402112 | return=-130.37 | steps=500
global_step=402752 | return=-90.90 | steps=228
global_step=402880 | return=-36.51 | steps=500
global_step=402976 | return=183.39 | steps=398
global_step=403360 | return=-93.22 | steps=500
global_step=403520 | return=2.82 | steps=500
global_step=403648 | return=261.44 | steps=240
global_step=403712 | return=43.11 | steps=500
global_step=403776 | return=226.29 | steps=315
global_step=403872 | return=213.16 | steps=353
global_step=403936 | return=214.31 | steps=307
global_step=404416 | return=-21.52 | steps=500
global_step=404608 | return=-84.66 | steps=110
global_step=404640 | return=254.80 | steps=212
global_step=405408 | return=146.87 | steps=399
global_step=406016 | return=-691.20 | steps=162
global_step=407456 | return=-113.48 | steps=500
global_step=407520 | return=-86.19 | steps=111
global_step=407552 | return=-81.39 | steps=500
global_step=408320 | return=237.32 | steps=173
global_step=408512 | return=-396.75 | steps=199
global_step=408864 | return=-2.14 | steps=500
global_step=409408 | return=-149.35 | steps=500
global_step=409888 | return=-113.13 | steps=500
global_step=410304 | return=-68.11 | steps=133
global_step=410432 | return=-109.43 | steps=92
global_step=410624 | return=236.55 | steps=217
global_step=411040 | return=242.99 | steps=251
global_step=411648 | return=-161.01 | steps=225
global_step=411680 | return=47.29 | steps=388
global_step=412160 | return=40.69 | steps=500
global_step=412320 | return=-120.93 | steps=500
global_step=412672 | return=-167.74 | steps=101
global_step=412672 | return=-34.44 | steps=445
global_step=412928 | return=-216.64 | steps=500
global_step=413152 | return=-139.04 | steps=133
global_step=413760 | return=-416.45 | steps=194
global_step=413792 | return=-120.63 | steps=121
global_step=413984 | return=-151.40 | steps=500
global_step=414304 | return=-188.94 | steps=500
global_step=414400 | return=-58.73 | steps=500
global_step=414944 | return=-47.71 | steps=500
global_step=415008 | return=28.54 | steps=363
global_step=415104 | return=71.05 | steps=500
global_step=415488 | return=-162.16 | steps=161
global_step=415584 | return=-91.97 | steps=121
global_step=415936 | return=-95.92 | steps=500
global_step=417952 | return=-134.91 | steps=91
global_step=418176 | return=110.19 | steps=187
global_step=418496 | return=142.94 | steps=459
global_step=418624 | return=-86.93 | steps=114
global_step=418912 | return=-124.53 | steps=500
global_step=418976 | return=231.21 | steps=196
global_step=419552 | return=-10.69 | steps=500
global_step=419616 | return=-461.66 | steps=468
global_step=419712 | return=136.83 | steps=355
global_step=419744 | return=-11.42 | steps=500
global_step=419904 | return=17.21 | steps=500
global_step=420576 | return=196.95 | steps=278
global_step=420672 | return=7.16 | steps=500
global_step=420832 | return=229.77 | steps=254
global_step=421440 | return=-91.41 | steps=500
global_step=421568 | return=223.46 | steps=288
global_step=422016 | return=229.16 | steps=240
global_step=422048 | return=-483.16 | steps=284
global_step=422144 | return=211.51 | steps=207
global_step=422304 | return=188.37 | steps=259
global_step=422656 | return=119.02 | steps=235
global_step=422944 | return=-130.23 | steps=103
global_step=423296 | return=-392.40 | steps=159
global_step=423296 | return=189.42 | steps=297
global_step=423296 | return=-619.39 | steps=111
global_step=423584 | return=19.73 | steps=500
global_step=423584 | return=-384.19 | steps=249
global_step=424256 | return=195.36 | steps=425
global_step=424544 | return=-143.32 | steps=500
global_step=424960 | return=-135.87 | steps=91
global_step=425312 | return=-102.66 | steps=82
global_step=425312 | return=-65.24 | steps=144
global_step=425920 | return=109.37 | steps=483
SPS: 643
global_step=426560 | return=80.60 | steps=207
global_step=426688 | return=127.25 | steps=422
global_step=426752 | return=-80.85 | steps=107
global_step=427072 | return=-222.15 | steps=500
global_step=427200 | return=-91.50 | steps=132
global_step=427360 | return=-94.62 | steps=165
global_step=427584 | return=-192.52 | steps=103
global_step=428000 | return=87.91 | steps=281
global_step=428288 | return=-355.44 | steps=213
global_step=428320 | return=148.81 | steps=434
global_step=428640 | return=-143.52 | steps=103
global_step=428992 | return=-497.92 | steps=407
global_step=429664 | return=-119.15 | steps=116
global_step=429824 | return=-119.34 | steps=500
global_step=430176 | return=-142.57 | steps=108
global_step=430304 | return=-211.07 | steps=110
global_step=431040 | return=-129.53 | steps=107
global_step=431136 | return=-276.98 | steps=117
global_step=431136 | return=-160.45 | steps=126
global_step=431296 | return=-93.32 | steps=127
global_step=431776 | return=93.62 | steps=295
global_step=432192 | return=-217.72 | steps=121
global_step=433024 | return=205.37 | steps=294
global_step=433536 | return=102.36 | steps=319
global_step=433984 | return=-214.16 | steps=500
global_step=434272 | return=-162.60 | steps=100
global_step=434528 | return=-159.22 | steps=500
global_step=434624 | return=-261.33 | steps=103
global_step=434656 | return=31.37 | steps=500
global_step=434848 | return=215.87 | steps=193
global_step=434944 | return=-160.17 | steps=500
global_step=435520 | return=-33.84 | steps=417
global_step=435584 | return=-73.54 | steps=500
global_step=435584 | return=113.33 | steps=236
global_step=435776 | return=15.19 | steps=500
global_step=436608 | return=-201.71 | steps=500
global_step=436864 | return=4.35 | steps=500
global_step=437600 | return=-406.24 | steps=500
global_step=438208 | return=-344.95 | steps=246
global_step=438368 | return=72.81 | steps=255
global_step=438432 | return=-574.91 | steps=433
global_step=438752 | return=226.82 | steps=278
global_step=439104 | return=-508.65 | steps=173
global_step=439328 | return=-16.15 | steps=500
global_step=439392 | return=209.94 | steps=324
global_step=439616 | return=-30.70 | steps=500
global_step=439904 | return=-156.36 | steps=134
global_step=440608 | return=170.70 | steps=488
global_step=440736 | return=-98.49 | steps=128
global_step=441344 | return=21.19 | steps=500
global_step=441984 | return=104.25 | steps=219
global_step=442208 | return=124.74 | steps=166
global_step=442592 | return=-14.10 | steps=500
global_step=442720 | return=210.70 | steps=361
global_step=442720 | return=66.27 | steps=251
global_step=442912 | return=79.92 | steps=367
global_step=443296 | return=192.28 | steps=263
global_step=443328 | return=196.65 | steps=271
global_step=443456 | return=160.14 | steps=430
global_step=443552 | return=-481.55 | steps=248
global_step=443776 | return=-13.54 | steps=129
global_step=444352 | return=-21.94 | steps=500
global_step=445632 | return=154.29 | steps=346
global_step=446080 | return=-441.56 | steps=433
global_step=446144 | return=-122.36 | steps=242
global_step=446304 | return=229.06 | steps=217
global_step=447040 | return=-410.45 | steps=247
global_step=447072 | return=-237.54 | steps=295
global_step=447200 | return=-497.82 | steps=442
global_step=447424 | return=208.10 | steps=208
global_step=447808 | return=-164.14 | steps=500
global_step=447904 | return=91.67 | steps=184
global_step=448032 | return=-322.55 | steps=181
global_step=448352 | return=40.85 | steps=448
global_step=448736 | return=259.60 | steps=187
global_step=449280 | return=-198.07 | steps=99
global_step=449696 | return=219.18 | steps=283
global_step=449728 | return=-49.07 | steps=261
global_step=450304 | return=-128.25 | steps=500
global_step=450400 | return=-159.14 | steps=99
global_step=450496 | return=87.53 | steps=246
global_step=450560 | return=-194.42 | steps=108
global_step=451168 | return=-100.55 | steps=116
global_step=451552 | return=6.58 | steps=500
global_step=451744 | return=-161.86 | steps=119
global_step=451808 | return=-118.10 | steps=500
global_step=452192 | return=-182.75 | steps=277
global_step=452960 | return=205.31 | steps=313
global_step=453152 | return=93.03 | steps=302
global_step=453280 | return=-311.50 | steps=163
global_step=453344 | return=-124.85 | steps=86
global_step=453696 | return=-116.59 | steps=123
global_step=453792 | return=-73.62 | steps=157
global_step=454176 | return=122.60 | steps=222
global_step=454240 | return=-97.68 | steps=500
global_step=454304 | return=-104.76 | steps=118
global_step=454336 | return=41.10 | steps=496
global_step=454784 | return=41.99 | steps=500
global_step=455424 | return=-102.32 | steps=500
global_step=455776 | return=-145.92 | steps=111
global_step=455936 | return=30.12 | steps=500
global_step=455936 | return=227.62 | steps=172
global_step=456000 | return=-117.19 | steps=150
global_step=457760 | return=-139.91 | steps=137
global_step=458080 | return=-147.24 | steps=102
global_step=458560 | return=119.72 | steps=461
global_step=458752 | return=-103.58 | steps=500
SPS: 642
global_step=458784 | return=135.83 | steps=482
global_step=458944 | return=-123.31 | steps=91
global_step=459328 | return=154.38 | steps=359
global_step=459584 | return=43.08 | steps=500
global_step=460384 | return=-141.17 | steps=500
global_step=460384 | return=227.78 | steps=231
global_step=460448 | return=-279.02 | steps=191
global_step=460544 | return=192.96 | steps=274
global_step=460704 | return=124.29 | steps=470
global_step=460864 | return=185.56 | steps=290
global_step=460992 | return=5.65 | steps=394
global_step=461088 | return=-136.95 | steps=160
global_step=461088 | return=-355.45 | steps=176
global_step=462048 | return=153.38 | steps=245
global_step=462048 | return=-119.93 | steps=102
global_step=462176 | return=-147.87 | steps=500
global_step=462336 | return=-139.65 | steps=500
global_step=462848 | return=-103.48 | steps=133
global_step=462944 | return=-111.19 | steps=151
global_step=463616 | return=-136.68 | steps=100
global_step=464064 | return=61.88 | steps=448
global_step=464736 | return=36.83 | steps=217
global_step=464800 | return=33.93 | steps=484
global_step=464832 | return=-89.56 | steps=123
global_step=464960 | return=146.51 | steps=368
global_step=465056 | return=-363.97 | steps=195
global_step=465984 | return=-97.28 | steps=122
global_step=466336 | return=-37.97 | steps=500
global_step=467072 | return=-131.68 | steps=152
global_step=467808 | return=-88.42 | steps=116
global_step=467840 | return=-20.40 | steps=500
global_step=469024 | return=-224.22 | steps=192
global_step=469056 | return=-168.74 | steps=124
global_step=469088 | return=86.40 | steps=249
global_step=469312 | return=178.39 | steps=311
global_step=469312 | return=-118.01 | steps=500
global_step=469344 | return=-172.25 | steps=468
global_step=469728 | return=-59.00 | steps=500
global_step=469824 | return=-58.26 | steps=500
global_step=469824 | return=33.31 | steps=339
global_step=470272 | return=-108.85 | steps=500
global_step=470304 | return=126.59 | steps=208
global_step=470656 | return=-130.55 | steps=87
global_step=471488 | return=159.79 | steps=327
global_step=471616 | return=-125.18 | steps=211
global_step=471808 | return=-97.55 | steps=500
global_step=471968 | return=-89.90 | steps=500
global_step=472256 | return=47.37 | steps=360
global_step=472416 | return=203.10 | steps=295
global_step=472640 | return=17.30 | steps=377
global_step=473056 | return=158.53 | steps=334
global_step=475200 | return=-0.28 | steps=462
global_step=475360 | return=-166.38 | steps=116
global_step=475616 | return=-77.94 | steps=500
global_step=476160 | return=-156.61 | steps=109
global_step=476352 | return=105.59 | steps=177
global_step=476480 | return=-140.94 | steps=500
global_step=476512 | return=114.29 | steps=451
global_step=476576 | return=-118.44 | steps=129
global_step=477120 | return=-214.37 | steps=500
global_step=478720 | return=163.09 | steps=386
global_step=479040 | return=191.07 | steps=287
global_step=479232 | return=216.02 | steps=226
global_step=479264 | return=166.70 | steps=297
global_step=479616 | return=178.26 | steps=425
global_step=480064 | return=-59.07 | steps=110
global_step=480384 | return=64.05 | steps=392
global_step=480704 | return=110.73 | steps=238
global_step=480704 | return=86.44 | steps=362
global_step=480768 | return=45.44 | steps=500
global_step=480832 | return=-2.03 | steps=500
global_step=480992 | return=-102.47 | steps=500
global_step=481600 | return=78.27 | steps=315
global_step=481760 | return=86.85 | steps=310
global_step=482272 | return=-132.51 | steps=93
global_step=482464 | return=-23.49 | steps=419
global_step=483104 | return=-62.90 | steps=500
global_step=483328 | return=117.58 | steps=193
global_step=483520 | return=241.39 | steps=216
global_step=483872 | return=106.22 | steps=270
global_step=484160 | return=103.61 | steps=463
global_step=484224 | return=65.99 | steps=251
global_step=484512 | return=-143.91 | steps=90
global_step=485088 | return=6.70 | steps=500
global_step=485344 | return=-56.46 | steps=500
global_step=485376 | return=-403.18 | steps=143
global_step=485376 | return=-65.59 | steps=500
global_step=485792 | return=-273.45 | steps=325
global_step=485856 | return=-137.22 | steps=500
global_step=486304 | return=-414.02 | steps=165
global_step=486304 | return=202.04 | steps=170
global_step=486304 | return=-37.05 | steps=500
global_step=486336 | return=-110.76 | steps=500
global_step=487040 | return=109.49 | steps=197
global_step=487584 | return=-229.37 | steps=214
global_step=487840 | return=222.60 | steps=274
global_step=488288 | return=-206.70 | steps=500
global_step=488480 | return=-276.89 | steps=143
global_step=488608 | return=182.17 | steps=280
global_step=489408 | return=-256.03 | steps=161
global_step=489504 | return=-78.51 | steps=129
global_step=490944 | return=-103.82 | steps=104
SPS: 641
global_step=491648 | return=-140.11 | steps=500
global_step=491712 | return=-511.48 | steps=167
global_step=491904 | return=55.07 | steps=300
global_step=491936 | return=-296.97 | steps=152
global_step=492032 | return=-94.57 | steps=116
global_step=492384 | return=4.91 | steps=500
global_step=492512 | return=25.77 | steps=500
global_step=492640 | return=244.72 | steps=235
global_step=492704 | return=105.44 | steps=228
global_step=492832 | return=137.72 | steps=203
global_step=493248 | return=63.28 | steps=437
global_step=493280 | return=107.69 | steps=317
global_step=493600 | return=122.92 | steps=243
global_step=493600 | return=193.05 | steps=314
global_step=494752 | return=-164.44 | steps=500
global_step=495360 | return=-177.67 | steps=107
global_step=496064 | return=12.18 | steps=360
global_step=496096 | return=-76.03 | steps=500
global_step=496224 | return=250.68 | steps=261
global_step=496256 | return=-362.98 | steps=242
global_step=496416 | return=-49.76 | steps=500
global_step=496416 | return=114.43 | steps=457
global_step=497728 | return=99.98 | steps=259
global_step=497760 | return=-91.54 | steps=139
global_step=498112 | return=-504.15 | steps=199
global_step=498144 | return=-120.06 | steps=152
global_step=498496 | return=-151.17 | steps=500
global_step=498752 | return=56.44 | steps=243
global_step=499360 | return=-12.72 | steps=500
global_step=499488 | return=145.82 | steps=207
global_step=499520 | return=87.11 | steps=218
global_step=500192 | return=-83.98 | steps=500
global_step=500608 | return=252.78 | steps=218
global_step=500768 | return=-104.20 | steps=135
global_step=501088 | return=155.78 | steps=361
global_step=501152 | return=119.73 | steps=463
global_step=501408 | return=-78.39 | steps=500
global_step=501792 | return=-368.85 | steps=293
global_step=501888 | return=-166.55 | steps=500
global_step=502336 | return=-163.25 | steps=500
global_step=502464 | return=-182.67 | steps=92
global_step=502464 | return=187.08 | steps=276
global_step=502944 | return=-16.31 | steps=162
global_step=503072 | return=91.61 | steps=347
global_step=503232 | return=140.96 | steps=328
global_step=503520 | return=-173.94 | steps=148
global_step=503616 | return=227.66 | steps=170
global_step=503680 | return=-180.70 | steps=129
global_step=503968 | return=204.60 | steps=268
global_step=504192 | return=173.29 | steps=360
global_step=504416 | return=237.78 | steps=254
global_step=504608 | return=-526.47 | steps=404
global_step=504640 | return=-440.16 | steps=108
global_step=504640 | return=-139.72 | steps=500
global_step=505792 | return=-108.40 | steps=103
global_step=505856 | return=85.17 | steps=305
global_step=505952 | return=160.16 | steps=179
global_step=506496 | return=-205.17 | steps=168
global_step=506656 | return=40.07 | steps=456
global_step=507104 | return=-569.65 | steps=144
global_step=507232 | return=105.22 | steps=201
global_step=507296 | return=-106.44 | steps=103
global_step=507392 | return=-212.19 | steps=85
global_step=507488 | return=-201.56 | steps=120
global_step=507776 | return=239.12 | steps=141
global_step=507936 | return=29.61 | steps=365
global_step=508672 | return=189.97 | steps=226
global_step=508768 | return=159.27 | steps=320
global_step=508960 | return=-162.64 | steps=135
global_step=508992 | return=184.26 | steps=392
global_step=508992 | return=199.37 | steps=402
global_step=509056 | return=-324.49 | steps=151
global_step=509536 | return=46.38 | steps=356
global_step=509760 | return=126.10 | steps=374
global_step=509824 | return=153.51 | steps=161
global_step=509920 | return=-199.99 | steps=473
global_step=509984 | return=92.91 | steps=196
global_step=510240 | return=-85.96 | steps=133
global_step=510496 | return=67.41 | steps=189
global_step=510880 | return=-95.05 | steps=136
global_step=511040 | return=-119.34 | steps=110
global_step=512064 | return=131.04 | steps=154
global_step=512352 | return=179.56 | steps=405
global_step=512576 | return=-394.02 | steps=111
global_step=512704 | return=-530.49 | steps=170
global_step=513248 | return=-298.43 | steps=232
global_step=513888 | return=-262.25 | steps=123
global_step=513920 | return=61.56 | steps=378
global_step=514080 | return=-146.79 | steps=99
global_step=514112 | return=170.26 | steps=257
global_step=514496 | return=-106.70 | steps=178
global_step=515744 | return=-508.83 | steps=220
global_step=515776 | return=42.82 | steps=419
global_step=516224 | return=212.85 | steps=298
global_step=516320 | return=59.60 | steps=450
global_step=516320 | return=-135.59 | steps=95
global_step=516640 | return=-61.64 | steps=500
global_step=516736 | return=48.23 | steps=430
global_step=517408 | return=-110.83 | steps=108
global_step=517760 | return=-51.07 | steps=249
global_step=517888 | return=122.57 | steps=230
global_step=518432 | return=77.93 | steps=294
global_step=519104 | return=-10.36 | steps=500
global_step=519552 | return=-14.32 | steps=500
global_step=519648 | return=128.41 | steps=385
global_step=519840 | return=62.41 | steps=388
global_step=520096 | return=-609.69 | steps=320
global_step=520256 | return=48.50 | steps=334
global_step=520256 | return=212.82 | steps=287
global_step=520448 | return=65.19 | steps=358
global_step=520576 | return=214.72 | steps=256
global_step=520896 | return=206.26 | steps=199
global_step=520896 | return=108.75 | steps=340
global_step=521280 | return=221.68 | steps=230
global_step=521280 | return=117.87 | steps=223
global_step=521568 | return=195.11 | steps=280
global_step=522112 | return=116.86 | steps=197
global_step=522720 | return=176.49 | steps=332
global_step=523456 | return=4.26 | steps=412
global_step=523488 | return=100.40 | steps=213
global_step=523584 | return=-207.62 | steps=83
global_step=523744 | return=116.38 | steps=165
global_step=523808 | return=-55.95 | steps=500
global_step=523840 | return=-73.99 | steps=130
global_step=523936 | return=-387.06 | steps=104
global_step=523968 | return=-23.24 | steps=500
SPS: 640
global_step=524864 | return=208.08 | steps=284
global_step=525088 | return=12.11 | steps=500
global_step=525504 | return=142.33 | steps=273
global_step=525760 | return=-30.59 | steps=260
global_step=526304 | return=-163.08 | steps=87
global_step=526464 | return=173.76 | steps=386
global_step=526720 | return=-36.97 | steps=206
global_step=526752 | return=167.41 | steps=328
global_step=526784 | return=242.23 | steps=183
global_step=526912 | return=-200.19 | steps=92
global_step=526912 | return=227.81 | steps=201
global_step=527040 | return=-142.91 | steps=285
global_step=527264 | return=-82.91 | steps=107
global_step=527424 | return=178.53 | steps=236
global_step=527616 | return=182.90 | steps=352
global_step=528320 | return=185.42 | steps=273
global_step=528416 | return=-116.40 | steps=103
global_step=528576 | return=-140.07 | steps=147
global_step=528736 | return=-432.64 | steps=264
global_step=528736 | return=-32.52 | steps=500
global_step=529184 | return=-562.14 | steps=314
global_step=529696 | return=173.31 | steps=253
global_step=529952 | return=-115.43 | steps=83
global_step=529984 | return=-26.64 | steps=426
global_step=530144 | return=-211.97 | steps=276
global_step=530528 | return=219.43 | steps=204
global_step=531296 | return=-137.68 | steps=120
global_step=533024 | return=120.89 | steps=204
global_step=533472 | return=94.03 | steps=223
global_step=533472 | return=147.57 | steps=354
global_step=533536 | return=-35.24 | steps=119
global_step=533632 | return=174.43 | steps=253
global_step=533760 | return=-431.91 | steps=277
global_step=533792 | return=-72.68 | steps=500
global_step=533792 | return=-479.87 | steps=143
global_step=533920 | return=-84.16 | steps=123
global_step=533952 | return=139.79 | steps=162
global_step=534304 | return=75.21 | steps=338
global_step=534304 | return=166.75 | steps=334
global_step=534464 | return=67.27 | steps=366
global_step=534496 | return=-504.00 | steps=179
global_step=535008 | return=226.86 | steps=258
global_step=535168 | return=210.94 | steps=257
global_step=535392 | return=119.72 | steps=217
global_step=535424 | return=137.82 | steps=301
global_step=535968 | return=210.60 | steps=186
global_step=536256 | return=108.77 | steps=269
global_step=536288 | return=-0.86 | steps=500
global_step=536608 | return=118.21 | steps=189
global_step=537056 | return=91.72 | steps=312
global_step=537056 | return=-129.84 | steps=97
global_step=537056 | return=-358.65 | steps=85
global_step=537312 | return=-20.55 | steps=500
global_step=537440 | return=-88.63 | steps=121
global_step=537472 | return=115.62 | steps=228
global_step=539040 | return=160.29 | steps=326
global_step=539328 | return=-104.83 | steps=94
global_step=539552 | return=-147.46 | steps=128
global_step=539776 | return=-142.06 | steps=500
global_step=540512 | return=-112.92 | steps=121
global_step=540768 | return=-136.40 | steps=102
global_step=540864 | return=-162.42 | steps=118
global_step=540896 | return=198.57 | steps=205
global_step=540896 | return=41.30 | steps=436
global_step=541344 | return=209.84 | steps=235
global_step=541376 | return=116.16 | steps=236
global_step=541408 | return=-356.77 | steps=123
global_step=541824 | return=100.37 | steps=255
global_step=541984 | return=236.17 | steps=212
global_step=542336 | return=-195.57 | steps=86
global_step=542656 | return=-143.41 | steps=208
global_step=542784 | return=-123.27 | steps=500
global_step=542816 | return=-4.88 | steps=500
global_step=543104 | return=101.34 | steps=268
global_step=543616 | return=101.01 | steps=268
global_step=544352 | return=97.76 | steps=500
global_step=545504 | return=242.18 | steps=263
global_step=546144 | return=21.83 | steps=386
global_step=546560 | return=36.64 | steps=422
global_step=546944 | return=-120.77 | steps=128
global_step=547200 | return=89.92 | steps=197
global_step=547328 | return=-77.21 | steps=500
global_step=547360 | return=-141.76 | steps=186
global_step=547392 | return=258.76 | steps=202
global_step=547552 | return=236.57 | steps=178
global_step=547712 | return=167.34 | steps=444
global_step=548608 | return=-501.86 | steps=195
global_step=549024 | return=-373.88 | steps=288
global_step=549088 | return=136.31 | steps=472
global_step=549504 | return=-268.46 | steps=500
global_step=550496 | return=-235.70 | steps=500
global_step=550848 | return=194.43 | steps=241
global_step=551136 | return=117.15 | steps=285
global_step=551424 | return=-96.93 | steps=500
global_step=551552 | return=148.16 | steps=452
global_step=552288 | return=-192.68 | steps=500
global_step=552448 | return=-551.99 | steps=472
global_step=552864 | return=122.65 | steps=359
global_step=553344 | return=205.11 | steps=333
global_step=553408 | return=-170.70 | steps=187
global_step=553536 | return=144.80 | steps=406
global_step=553824 | return=232.99 | steps=190
global_step=554592 | return=134.80 | steps=219
global_step=554656 | return=95.85 | steps=285
global_step=554688 | return=181.42 | steps=253
global_step=554816 | return=80.56 | steps=232
global_step=555008 | return=117.06 | steps=424
global_step=555072 | return=-102.72 | steps=500
global_step=555200 | return=110.81 | steps=338
global_step=555360 | return=-67.48 | steps=500
global_step=555648 | return=106.38 | steps=296
global_step=555680 | return=-350.70 | steps=205
global_step=556416 | return=116.53 | steps=488
global_step=556512 | return=80.52 | steps=176
global_step=556800 | return=-134.39 | steps=101
global_step=556896 | return=82.30 | steps=230
global_step=556928 | return=-101.49 | steps=500
SPS: 639
global_step=557120 | return=-184.28 | steps=115
global_step=557792 | return=83.44 | steps=326
global_step=558560 | return=11.93 | steps=466
global_step=558816 | return=-169.43 | steps=500
global_step=558816 | return=217.38 | steps=230
global_step=558848 | return=-99.72 | steps=113
global_step=558912 | return=-92.99 | steps=121
global_step=559712 | return=81.98 | steps=254
global_step=559968 | return=-195.03 | steps=95
global_step=560352 | return=154.93 | steps=287
global_step=560544 | return=-24.13 | steps=209
global_step=560704 | return=-113.47 | steps=121
global_step=560992 | return=189.14 | steps=192
global_step=561216 | return=105.42 | steps=393
global_step=561440 | return=-115.64 | steps=89
global_step=561664 | return=218.65 | steps=205
global_step=562144 | return=-181.01 | steps=103
global_step=562880 | return=217.44 | steps=225
global_step=562976 | return=-103.59 | steps=500
global_step=563232 | return=-72.93 | steps=500
global_step=563296 | return=-24.01 | steps=139
global_step=563552 | return=-136.48 | steps=99
global_step=563584 | return=160.90 | steps=334
global_step=564832 | return=223.50 | steps=285
global_step=564960 | return=171.00 | steps=320
global_step=564960 | return=-505.89 | steps=362
global_step=565056 | return=-190.01 | steps=500
global_step=565152 | return=120.30 | steps=161
global_step=565184 | return=100.72 | steps=195
global_step=565504 | return=124.98 | steps=207
global_step=565888 | return=146.08 | steps=352
global_step=566208 | return=-201.99 | steps=176
global_step=566400 | return=-305.58 | steps=106
global_step=566528 | return=-104.45 | steps=500
global_step=567616 | return=154.29 | steps=215
global_step=567648 | return=99.47 | steps=171
global_step=567744 | return=215.16 | steps=210
global_step=567904 | return=-110.76 | steps=91
global_step=567936 | return=139.26 | steps=337
global_step=568320 | return=-49.22 | steps=500
global_step=568480 | return=-204.75 | steps=500
global_step=568672 | return=-130.93 | steps=108
global_step=568672 | return=61.11 | steps=382
global_step=568864 | return=-86.93 | steps=118
global_step=568992 | return=118.91 | steps=235
global_step=569440 | return=45.88 | steps=303
global_step=569696 | return=-53.82 | steps=108
global_step=570368 | return=217.84 | steps=172
global_step=570560 | return=200.11 | steps=174
global_step=570688 | return=2.35 | steps=500
global_step=571040 | return=166.08 | steps=241
global_step=571264 | return=107.25 | steps=496
global_step=571616 | return=84.63 | steps=178
global_step=571616 | return=260.13 | steps=162
global_step=571616 | return=-186.44 | steps=124
global_step=571712 | return=-141.15 | steps=105
global_step=571872 | return=-177.44 | steps=122
global_step=572416 | return=-29.58 | steps=483
global_step=572544 | return=-142.80 | steps=500
global_step=573696 | return=-346.62 | steps=389
global_step=573824 | return=-206.48 | steps=500
global_step=574496 | return=111.17 | steps=181
global_step=574976 | return=-129.04 | steps=104
global_step=574976 | return=-389.81 | steps=137
global_step=575264 | return=208.48 | steps=205
global_step=575488 | return=131.05 | steps=188
global_step=575584 | return=226.91 | steps=239
global_step=576480 | return=197.59 | steps=180
global_step=576640 | return=185.32 | steps=254
global_step=576928 | return=120.83 | steps=165
global_step=577056 | return=-180.92 | steps=187
global_step=577664 | return=77.76 | steps=227
global_step=577696 | return=-44.37 | steps=500
global_step=577728 | return=164.87 | steps=272
global_step=578112 | return=-107.93 | steps=133
global_step=578912 | return=-53.20 | steps=500
global_step=579040 | return=-58.81 | steps=110
global_step=579264 | return=-284.74 | steps=500
global_step=579488 | return=-133.13 | steps=79
global_step=579584 | return=-87.12 | steps=500
global_step=579616 | return=-78.79 | steps=500
global_step=579648 | return=105.11 | steps=452
global_step=579744 | return=186.31 | steps=228
global_step=579904 | return=-52.56 | steps=134
global_step=580160 | return=152.45 | steps=425
global_step=580192 | return=131.75 | steps=202
global_step=580224 | return=133.61 | steps=178
global_step=580672 | return=-56.94 | steps=130
global_step=580928 | return=253.50 | steps=185
global_step=581216 | return=54.03 | steps=296
global_step=581216 | return=-112.71 | steps=108
global_step=581536 | return=-199.16 | steps=500
global_step=582112 | return=257.80 | steps=222
global_step=582144 | return=80.75 | steps=320
global_step=582656 | return=-85.96 | steps=93
global_step=582688 | return=-29.28 | steps=466
global_step=582720 | return=227.76 | steps=232
global_step=583360 | return=-166.65 | steps=138
global_step=583616 | return=126.05 | steps=374
global_step=583680 | return=-5.12 | steps=500
global_step=584448 | return=212.35 | steps=230
global_step=584896 | return=-114.32 | steps=500
global_step=585344 | return=-18.39 | steps=137
global_step=585728 | return=-69.02 | steps=500
global_step=585792 | return=226.43 | steps=173
global_step=586432 | return=121.61 | steps=216
global_step=586688 | return=84.56 | steps=267
global_step=587072 | return=-112.78 | steps=136
global_step=587136 | return=-78.39 | steps=234
global_step=587296 | return=-96.08 | steps=500
global_step=587488 | return=239.31 | steps=227
global_step=587680 | return=-13.68 | steps=472
global_step=587872 | return=237.97 | steps=224
global_step=588064 | return=218.83 | steps=185
global_step=588288 | return=-340.04 | steps=173
global_step=588512 | return=-175.70 | steps=98
global_step=588512 | return=244.13 | steps=182
global_step=588864 | return=70.14 | steps=228
global_step=589184 | return=70.32 | steps=289
global_step=589408 | return=-443.89 | steps=255
global_step=589504 | return=148.44 | steps=326
global_step=589664 | return=-161.59 | steps=120
SPS: 637
global_step=590560 | return=-508.70 | steps=324
global_step=590720 | return=-71.07 | steps=439
global_step=590752 | return=-253.24 | steps=230
global_step=590848 | return=-57.32 | steps=137
global_step=591232 | return=-198.86 | steps=127
global_step=591328 | return=-63.44 | steps=132
global_step=591488 | return=-191.00 | steps=106
global_step=591648 | return=-173.68 | steps=123
global_step=592864 | return=-320.18 | steps=124
global_step=593088 | return=86.86 | steps=269
global_step=593088 | return=-116.38 | steps=106
global_step=593696 | return=15.30 | steps=500
global_step=593728 | return=-57.57 | steps=500
global_step=593984 | return=-172.01 | steps=97
global_step=594080 | return=72.12 | steps=401
global_step=594784 | return=-2.87 | steps=484
global_step=595008 | return=253.98 | steps=240
global_step=595424 | return=129.31 | steps=222
global_step=595520 | return=110.55 | steps=369
global_step=595616 | return=24.07 | steps=500
global_step=595616 | return=202.84 | steps=221
global_step=595776 | return=-300.37 | steps=500
global_step=595872 | return=218.36 | steps=261
global_step=595936 | return=-130.24 | steps=88
global_step=597152 | return=235.94 | steps=238
global_step=597376 | return=-283.92 | steps=183
global_step=597408 | return=107.06 | steps=249
global_step=597696 | return=-180.58 | steps=112
global_step=597888 | return=65.18 | steps=271
global_step=597920 | return=145.09 | steps=205
global_step=598176 | return=5.47 | steps=500
global_step=598592 | return=-77.56 | steps=111
global_step=598688 | return=211.59 | steps=247
global_step=599168 | return=9.09 | steps=234
global_step=599616 | return=72.33 | steps=433
global_step=599648 | return=-141.99 | steps=500
global_step=599680 | return=34.36 | steps=279
global_step=599680 | return=-297.54 | steps=186
global_step=600128 | return=-18.27 | steps=382
global_step=600320 | return=-118.98 | steps=98
global_step=600480 | return=116.09 | steps=237
global_step=600800 | return=-159.12 | steps=161
global_step=600928 | return=-136.58 | steps=500
global_step=601312 | return=-497.87 | steps=81
global_step=601376 | return=218.85 | steps=179
global_step=601888 | return=34.19 | steps=474
global_step=602592 | return=84.79 | steps=207
global_step=602624 | return=97.43 | steps=269
global_step=602656 | return=274.51 | steps=214
global_step=602816 | return=-66.10 | steps=99
global_step=603104 | return=189.89 | steps=236
global_step=603776 | return=-137.51 | steps=260
global_step=603904 | return=118.28 | steps=480
global_step=604128 | return=118.74 | steps=200
global_step=604160 | return=-80.71 | steps=104
global_step=604576 | return=-63.34 | steps=437
global_step=604768 | return=123.71 | steps=213
global_step=605376 | return=-128.75 | steps=126
global_step=607040 | return=-153.06 | steps=138
global_step=607072 | return=210.59 | steps=205
global_step=607264 | return=-171.26 | steps=500
global_step=607424 | return=-189.33 | steps=143
global_step=607616 | return=-170.54 | steps=107
global_step=607616 | return=73.63 | steps=303
global_step=607936 | return=-141.83 | steps=98
global_step=608320 | return=-19.64 | steps=422
global_step=608736 | return=127.99 | steps=229
global_step=608800 | return=53.55 | steps=355
global_step=609120 | return=-210.54 | steps=500
global_step=609632 | return=194.38 | steps=296
global_step=609760 | return=-118.75 | steps=500
global_step=609888 | return=-239.38 | steps=279
global_step=610400 | return=-68.70 | steps=92
global_step=610464 | return=119.49 | steps=208
global_step=610592 | return=-318.23 | steps=162
global_step=610752 | return=120.94 | steps=276
global_step=610944 | return=-187.91 | steps=120
global_step=611136 | return=-471.57 | steps=109
global_step=611712 | return=231.66 | steps=236
global_step=611904 | return=-209.37 | steps=500
global_step=612128 | return=225.84 | steps=281
global_step=612160 | return=20.83 | steps=389
global_step=612256 | return=-61.69 | steps=109
global_step=612320 | return=-154.23 | steps=109
global_step=613408 | return=-67.24 | steps=500
global_step=613824 | return=86.72 | steps=288
global_step=613984 | return=40.03 | steps=462
global_step=614208 | return=-207.51 | steps=500
global_step=614240 | return=219.48 | steps=206
global_step=614464 | return=105.32 | steps=462
global_step=614592 | return=230.28 | steps=195
global_step=614624 | return=-7.77 | steps=500
global_step=615616 | return=200.47 | steps=202
global_step=615712 | return=-31.80 | steps=500
global_step=616352 | return=-17.90 | steps=500
global_step=616352 | return=-70.71 | steps=125
global_step=616480 | return=204.97 | steps=183
global_step=616896 | return=108.08 | steps=226
global_step=616960 | return=-136.99 | steps=110
global_step=617280 | return=112.83 | steps=234
global_step=617344 | return=99.79 | steps=459
global_step=618688 | return=-202.54 | steps=500
global_step=618720 | return=-155.64 | steps=140
global_step=619904 | return=40.31 | steps=401
global_step=619936 | return=-174.72 | steps=500
global_step=620000 | return=87.85 | steps=258
global_step=620064 | return=-186.53 | steps=84
global_step=620384 | return=-140.29 | steps=121
global_step=620928 | return=92.53 | steps=201
global_step=621344 | return=-359.59 | steps=126
global_step=621888 | return=-150.29 | steps=99
global_step=621888 | return=182.11 | steps=195
global_step=622240 | return=233.04 | steps=238
global_step=622528 | return=134.72 | steps=378
SPS: 636
global_step=623296 | return=-28.01 | steps=500
global_step=623520 | return=14.33 | steps=407
global_step=623840 | return=-250.15 | steps=233
global_step=623872 | return=86.40 | steps=300
global_step=623968 | return=100.04 | steps=220
global_step=623968 | return=-65.25 | steps=500
global_step=624384 | return=-257.34 | steps=270
global_step=625600 | return=-71.26 | steps=95
global_step=625856 | return=26.76 | steps=498
global_step=626432 | return=227.47 | steps=240
global_step=626528 | return=99.89 | steps=203
global_step=626656 | return=-137.50 | steps=137
global_step=626784 | return=-141.45 | steps=101
global_step=626784 | return=-48.29 | steps=500
global_step=626880 | return=-17.97 | steps=491
global_step=626944 | return=120.63 | steps=409
global_step=626976 | return=-147.50 | steps=500
global_step=627136 | return=103.77 | steps=390
global_step=627264 | return=-119.37 | steps=123
global_step=627520 | return=37.47 | steps=237
global_step=627584 | return=154.71 | steps=489
global_step=627648 | return=163.67 | steps=352
global_step=628000 | return=77.26 | steps=247
global_step=628160 | return=-60.81 | steps=500
global_step=628192 | return=-23.46 | steps=500
global_step=628288 | return=-192.86 | steps=500
global_step=629312 | return=187.63 | steps=278
global_step=629344 | return=241.18 | steps=232
global_step=629472 | return=108.23 | steps=390
global_step=629824 | return=107.27 | steps=186
global_step=630016 | return=198.49 | steps=253
global_step=630016 | return=-16.23 | steps=500
global_step=630112 | return=-94.24 | steps=107
global_step=630528 | return=88.53 | steps=299
global_step=630624 | return=-429.14 | steps=156
global_step=630816 | return=206.90 | steps=200
global_step=631264 | return=-56.00 | steps=147
global_step=631264 | return=136.53 | steps=227
global_step=631360 | return=182.35 | steps=230
global_step=631616 | return=-131.23 | steps=161
global_step=632224 | return=-51.65 | steps=158
global_step=632608 | return=-445.42 | steps=143
global_step=633216 | return=143.40 | steps=175
global_step=633376 | return=234.21 | steps=162
global_step=633440 | return=-77.62 | steps=103
global_step=633664 | return=190.90 | steps=305
global_step=634016 | return=-80.37 | steps=85
global_step=634624 | return=-127.66 | steps=149
global_step=634656 | return=192.87 | steps=166
global_step=635296 | return=75.78 | steps=181
global_step=635456 | return=194.22 | steps=223
global_step=635872 | return=243.39 | steps=203
global_step=635968 | return=-48.55 | steps=500
global_step=635968 | return=-359.25 | steps=286
global_step=636064 | return=181.77 | steps=289
global_step=636544 | return=247.69 | steps=161
global_step=636608 | return=-450.31 | steps=205
global_step=636640 | return=153.07 | steps=187
global_step=637088 | return=145.57 | steps=298
global_step=637344 | return=-404.58 | steps=302
global_step=637376 | return=192.04 | steps=229
global_step=637376 | return=-178.49 | steps=500
global_step=637504 | return=200.54 | steps=290
global_step=637856 | return=179.80 | steps=340
global_step=637952 | return=233.95 | steps=208
global_step=637984 | return=175.40 | steps=378
global_step=638272 | return=-143.02 | steps=143
global_step=638496 | return=223.19 | steps=248
global_step=638816 | return=30.79 | steps=372
global_step=638944 | return=-121.34 | steps=95
global_step=639520 | return=252.22 | steps=246
global_step=640448 | return=-105.88 | steps=136
global_step=640736 | return=-170.08 | steps=105
global_step=640832 | return=-88.71 | steps=88
global_step=640928 | return=141.47 | steps=271
global_step=641024 | return=211.42 | steps=198
global_step=641088 | return=-325.06 | steps=431
global_step=641088 | return=251.42 | steps=201
global_step=641312 | return=-197.15 | steps=94
global_step=641568 | return=-251.45 | steps=255
global_step=641856 | return=187.57 | steps=183
global_step=642208 | return=-155.54 | steps=146
global_step=642304 | return=-112.22 | steps=135
global_step=642656 | return=158.24 | steps=224
global_step=643008 | return=-160.37 | steps=500
global_step=643456 | return=142.90 | steps=212
global_step=643776 | return=-128.55 | steps=94
global_step=643808 | return=-153.48 | steps=155
global_step=644032 | return=153.19 | steps=272
global_step=644224 | return=190.14 | steps=222
global_step=644224 | return=-138.51 | steps=105
global_step=644384 | return=235.25 | steps=218
global_step=644480 | return=224.73 | steps=186
global_step=644960 | return=172.87 | steps=280
global_step=645152 | return=11.00 | steps=365
global_step=645248 | return=-149.30 | steps=129
global_step=645280 | return=153.86 | steps=272
global_step=645792 | return=-776.50 | steps=166
global_step=645952 | return=220.22 | steps=200
global_step=646816 | return=-470.38 | steps=279
global_step=646848 | return=-4.98 | steps=500
global_step=647136 | return=188.64 | steps=173
global_step=647232 | return=-88.79 | steps=142
global_step=647232 | return=-118.88 | steps=99
global_step=647328 | return=128.90 | steps=170
global_step=647456 | return=127.77 | steps=191
global_step=648224 | return=62.98 | steps=162
global_step=648288 | return=-67.82 | steps=489
global_step=648672 | return=105.00 | steps=201
global_step=649088 | return=-192.80 | steps=102
global_step=649216 | return=-161.09 | steps=101
global_step=649248 | return=-76.81 | steps=500
global_step=649312 | return=23.18 | steps=323
global_step=649824 | return=-141.58 | steps=92
global_step=650048 | return=-185.05 | steps=500
global_step=650080 | return=-411.57 | steps=159
global_step=651296 | return=134.66 | steps=220
global_step=651328 | return=-116.72 | steps=127
global_step=652384 | return=133.57 | steps=278
global_step=652384 | return=118.92 | steps=225
global_step=652416 | return=55.74 | steps=269
global_step=652640 | return=-165.07 | steps=500
global_step=652960 | return=67.39 | steps=370
global_step=653408 | return=-121.50 | steps=500
global_step=653856 | return=-134.43 | steps=144
global_step=653952 | return=-123.07 | steps=178
global_step=654336 | return=-129.53 | steps=94
global_step=654880 | return=77.37 | steps=327
global_step=655008 | return=58.76 | steps=239
SPS: 636
global_step=655744 | return=-128.28 | steps=104
global_step=656416 | return=-175.25 | steps=117
global_step=656448 | return=123.91 | steps=287
global_step=656960 | return=-78.08 | steps=500
global_step=657056 | return=-150.61 | steps=500
global_step=657984 | return=106.86 | steps=272
global_step=658336 | return=-239.57 | steps=500
global_step=658432 | return=102.93 | steps=261
global_step=659488 | return=150.25 | steps=443
global_step=659520 | return=-104.91 | steps=95
global_step=659616 | return=79.38 | steps=305
global_step=659648 | return=241.80 | steps=226
global_step=659840 | return=-134.67 | steps=500
global_step=660256 | return=-61.42 | steps=500
global_step=660448 | return=50.52 | steps=323
global_step=660512 | return=-131.24 | steps=500
global_step=660608 | return=-77.23 | steps=113
global_step=660832 | return=220.28 | steps=185
global_step=661280 | return=-175.25 | steps=500
global_step=661344 | return=92.31 | steps=261
global_step=661728 | return=70.56 | steps=290
global_step=662560 | return=110.22 | steps=235
global_step=662624 | return=218.06 | steps=258
global_step=662848 | return=-66.86 | steps=500
global_step=662880 | return=-125.56 | steps=105
global_step=663040 | return=-101.01 | steps=105
global_step=663168 | return=-64.16 | steps=500
global_step=663488 | return=-136.28 | steps=500
global_step=663776 | return=-255.99 | steps=229
global_step=663808 | return=16.35 | steps=459
global_step=663968 | return=105.88 | steps=329
global_step=664096 | return=104.13 | steps=398
global_step=664320 | return=-150.91 | steps=500
global_step=664704 | return=-83.77 | steps=500
global_step=665120 | return=178.52 | steps=292
global_step=665120 | return=201.25 | steps=211
global_step=665344 | return=-120.93 | steps=500
global_step=665376 | return=138.31 | steps=230
global_step=665440 | return=86.48 | steps=261
global_step=666880 | return=-206.03 | steps=195
global_step=667104 | return=201.17 | steps=233
global_step=667200 | return=-103.49 | steps=144
global_step=667232 | return=-460.03 | steps=101
global_step=667872 | return=65.26 | steps=191
global_step=668192 | return=183.20 | steps=229
global_step=668288 | return=79.03 | steps=216
global_step=668384 | return=-114.81 | steps=101
global_step=668416 | return=-441.98 | steps=222
global_step=668704 | return=9.18 | steps=172
global_step=669248 | return=210.18 | steps=193
global_step=669472 | return=34.96 | steps=484
global_step=669536 | return=-214.00 | steps=137
global_step=669760 | return=148.37 | steps=214
global_step=669888 | return=-175.23 | steps=500
global_step=670560 | return=-341.96 | steps=161
global_step=671488 | return=-87.55 | steps=86
global_step=671616 | return=-143.58 | steps=106
global_step=672064 | return=194.01 | steps=267
global_step=672352 | return=-235.86 | steps=123
global_step=672672 | return=243.35 | steps=169
global_step=672736 | return=210.12 | steps=230
global_step=672896 | return=-155.87 | steps=104
global_step=673088 | return=54.98 | steps=261
global_step=673216 | return=-302.16 | steps=293
global_step=673536 | return=-184.77 | steps=133
global_step=673568 | return=241.75 | steps=201
global_step=673760 | return=141.61 | steps=301
global_step=674208 | return=-99.63 | steps=147
global_step=674272 | return=59.77 | steps=450
global_step=674400 | return=169.17 | steps=433
global_step=674464 | return=-135.67 | steps=500
global_step=675072 | return=110.89 | steps=388
global_step=675296 | return=170.13 | steps=307
global_step=675456 | return=129.37 | steps=177
global_step=675552 | return=-211.00 | steps=500
global_step=675680 | return=200.73 | steps=226
global_step=676000 | return=-21.52 | steps=284
global_step=676288 | return=-210.96 | steps=500
global_step=676352 | return=-156.87 | steps=107
global_step=676384 | return=113.53 | steps=252
global_step=676416 | return=-401.25 | steps=89
global_step=676480 | return=-137.62 | steps=500
global_step=677248 | return=-218.79 | steps=142
global_step=677760 | return=-133.24 | steps=130
global_step=678752 | return=-132.62 | steps=107
global_step=678848 | return=-460.75 | steps=102
global_step=678880 | return=-170.09 | steps=500
global_step=678912 | return=-151.16 | steps=140
global_step=679072 | return=59.31 | steps=265
global_step=679136 | return=-288.42 | steps=199
global_step=679584 | return=223.45 | steps=202
global_step=679712 | return=-53.35 | steps=144
global_step=679808 | return=-172.68 | steps=500
global_step=680000 | return=136.30 | steps=180
global_step=680352 | return=-221.86 | steps=500
global_step=680448 | return=198.04 | steps=275
global_step=680576 | return=-113.70 | steps=152
global_step=680704 | return=-125.47 | steps=135
global_step=681024 | return=-303.56 | steps=204
global_step=681184 | return=175.97 | steps=248
global_step=681184 | return=135.01 | steps=275
global_step=682016 | return=-114.14 | steps=132
global_step=682528 | return=59.34 | steps=344
global_step=682784 | return=215.29 | steps=228
global_step=683232 | return=-36.28 | steps=500
global_step=683744 | return=-177.05 | steps=116
global_step=683904 | return=-44.51 | steps=500
global_step=684160 | return=-440.76 | steps=135
global_step=684768 | return=191.01 | steps=273
global_step=684896 | return=175.35 | steps=264
global_step=685184 | return=83.24 | steps=197
global_step=685536 | return=183.10 | steps=367
global_step=685824 | return=221.17 | steps=220
global_step=685920 | return=-61.45 | steps=500
global_step=685952 | return=141.41 | steps=198
global_step=686048 | return=247.11 | steps=174
global_step=686304 | return=246.99 | steps=185
global_step=686368 | return=-104.46 | steps=97
global_step=686624 | return=197.75 | steps=322
global_step=687520 | return=117.59 | steps=197
global_step=687776 | return=102.21 | steps=210
global_step=688096 | return=-97.13 | steps=500
SPS: 636
global_step=688448 | return=201.54 | steps=298
global_step=688512 | return=159.09 | steps=299
global_step=688608 | return=247.95 | steps=205
global_step=689248 | return=171.46 | steps=297
global_step=689376 | return=87.86 | steps=255
global_step=689408 | return=-141.50 | steps=94
global_step=689760 | return=-121.14 | steps=97
global_step=690016 | return=135.84 | steps=398
global_step=690240 | return=236.93 | steps=202
global_step=690240 | return=-117.92 | steps=137
global_step=690304 | return=-69.08 | steps=500
global_step=690432 | return=39.59 | steps=352
global_step=691392 | return=-166.42 | steps=86
global_step=692096 | return=4.20 | steps=487
global_step=692224 | return=188.67 | steps=192
global_step=692416 | return=-85.31 | steps=500
global_step=692480 | return=194.96 | steps=204
global_step=692640 | return=-467.01 | steps=232
global_step=692832 | return=-152.36 | steps=95
global_step=692992 | return=-81.92 | steps=112
global_step=693120 | return=221.59 | steps=212
global_step=693280 | return=48.50 | steps=443
global_step=693440 | return=10.31 | steps=332
global_step=693664 | return=155.13 | steps=240
global_step=694400 | return=175.83 | steps=196
global_step=695232 | return=91.55 | steps=457
global_step=695872 | return=127.59 | steps=201
global_step=695968 | return=94.84 | steps=178
global_step=696224 | return=80.48 | steps=242
global_step=696640 | return=75.52 | steps=346
global_step=696736 | return=-140.70 | steps=500
global_step=696800 | return=232.44 | steps=202
global_step=696800 | return=64.53 | steps=204
global_step=696992 | return=149.57 | steps=204
global_step=697376 | return=-29.61 | steps=463
global_step=698240 | return=124.69 | steps=168
global_step=698688 | return=258.70 | steps=163
global_step=698720 | return=-325.07 | steps=228
global_step=699072 | return=115.35 | steps=205
global_step=699648 | return=-26.61 | steps=491
global_step=699840 | return=114.32 | steps=241
global_step=700192 | return=-148.97 | steps=500
global_step=700384 | return=-100.35 | steps=111
global_step=700576 | return=-112.24 | steps=117
global_step=700704 | return=-81.84 | steps=126
global_step=700736 | return=-280.87 | steps=241
global_step=700800 | return=109.86 | steps=239
global_step=700800 | return=-43.63 | steps=500
global_step=700896 | return=-243.60 | steps=153
global_step=700928 | return=-40.92 | steps=500
global_step=701344 | return=-110.84 | steps=123
global_step=701792 | return=-120.77 | steps=95
global_step=701888 | return=31.72 | steps=394
global_step=702048 | return=60.87 | steps=422
global_step=702784 | return=202.62 | steps=215
global_step=703264 | return=37.36 | steps=338
global_step=703296 | return=-135.67 | steps=90
global_step=703392 | return=-323.73 | steps=303
global_step=703456 | return=-164.70 | steps=136
global_step=703552 | return=-169.63 | steps=500
global_step=703808 | return=-83.53 | steps=500
global_step=704352 | return=-105.90 | steps=106
global_step=704416 | return=168.94 | steps=255
global_step=704480 | return=-120.72 | steps=133
global_step=705152 | return=88.43 | steps=171
global_step=706048 | return=-254.56 | steps=500
global_step=706240 | return=173.93 | steps=249
global_step=706304 | return=-105.77 | steps=88
global_step=706368 | return=-453.80 | steps=203
global_step=706720 | return=-116.08 | steps=90
global_step=706784 | return=157.70 | steps=386
global_step=706912 | return=-128.88 | steps=112
global_step=707392 | return=219.50 | steps=207
global_step=708192 | return=159.63 | steps=349
global_step=708256 | return=-21.70 | steps=500
global_step=708320 | return=98.25 | steps=300
global_step=708512 | return=175.46 | steps=223
global_step=708672 | return=-156.58 | steps=500
global_step=709248 | return=128.72 | steps=224
global_step=709312 | return=-156.14 | steps=500
global_step=709568 | return=166.48 | steps=273
global_step=709600 | return=98.02 | steps=212
global_step=709728 | return=-167.43 | steps=142
global_step=709824 | return=86.55 | steps=455
global_step=710048 | return=-170.49 | steps=103
global_step=710368 | return=-129.93 | steps=111
global_step=710976 | return=-30.07 | steps=145
global_step=711104 | return=-120.29 | steps=151
global_step=711552 | return=-129.34 | steps=100
global_step=711680 | return=81.09 | steps=262
global_step=711744 | return=-87.21 | steps=468
global_step=711968 | return=67.39 | steps=345
global_step=713216 | return=129.30 | steps=390
global_step=713536 | return=-341.23 | steps=311
global_step=713568 | return=202.87 | steps=283
global_step=713568 | return=-254.36 | steps=152
global_step=713856 | return=-516.10 | steps=125
global_step=714816 | return=37.64 | steps=231
global_step=715072 | return=133.78 | steps=181
global_step=715104 | return=-115.53 | steps=97
global_step=715360 | return=-264.53 | steps=175
global_step=715744 | return=156.54 | steps=275
global_step=716064 | return=-2.82 | steps=445
global_step=716608 | return=-101.52 | steps=500
global_step=716608 | return=238.49 | steps=194
global_step=716768 | return=174.66 | steps=267
global_step=716832 | return=-127.28 | steps=500
global_step=716992 | return=-239.66 | steps=216
global_step=717504 | return=-149.43 | steps=123
global_step=717856 | return=242.66 | steps=214
global_step=717920 | return=-18.13 | steps=500
global_step=718176 | return=40.86 | steps=461
global_step=718496 | return=-71.26 | steps=114
global_step=719072 | return=60.11 | steps=406
global_step=719296 | return=110.35 | steps=464
global_step=719488 | return=214.75 | steps=309
global_step=719648 | return=124.70 | steps=414
global_step=720000 | return=86.30 | steps=358
global_step=720064 | return=210.55 | steps=193
global_step=720160 | return=-31.14 | steps=493
global_step=720416 | return=67.75 | steps=290
SPS: 636
global_step=720992 | return=-98.64 | steps=131
global_step=720992 | return=219.97 | steps=183
global_step=721504 | return=223.91 | steps=200
global_step=722688 | return=57.50 | steps=182
global_step=722688 | return=37.91 | steps=417
global_step=722720 | return=204.77 | steps=285
global_step=722752 | return=-173.15 | steps=107
global_step=722752 | return=66.36 | steps=218
global_step=723040 | return=196.77 | steps=188
global_step=723232 | return=116.26 | steps=206
global_step=723520 | return=-318.14 | steps=156
global_step=723776 | return=218.38 | steps=240
global_step=724288 | return=-171.21 | steps=500
global_step=724544 | return=228.33 | steps=198
global_step=724640 | return=-154.77 | steps=113
global_step=724736 | return=-563.72 | steps=292
global_step=724800 | return=135.98 | steps=409
global_step=724896 | return=-90.07 | steps=121
global_step=725056 | return=97.01 | steps=235
global_step=725632 | return=-202.54 | steps=500
global_step=725728 | return=-206.61 | steps=178
global_step=727072 | return=-111.77 | steps=75
global_step=727232 | return=140.90 | steps=331
global_step=727392 | return=-81.41 | steps=494
global_step=727712 | return=-25.72 | steps=498
global_step=727744 | return=121.47 | steps=236
global_step=728096 | return=116.61 | steps=453
global_step=728224 | return=-59.32 | steps=80
global_step=728480 | return=118.23 | steps=280
global_step=728672 | return=245.57 | steps=185
global_step=728832 | return=117.73 | steps=189
global_step=729248 | return=-76.95 | steps=500
global_step=729536 | return=266.16 | steps=213
global_step=729696 | return=-653.21 | steps=160
global_step=730976 | return=126.73 | steps=208
global_step=731072 | return=220.27 | steps=244
global_step=731200 | return=212.97 | steps=191
global_step=731360 | return=-120.95 | steps=113
global_step=731424 | return=184.98 | steps=272
global_step=731680 | return=128.03 | steps=429
global_step=731808 | return=9.48 | steps=366
global_step=731872 | return=72.11 | steps=437
global_step=732448 | return=78.52 | steps=399
global_step=732608 | return=221.83 | steps=214
global_step=732640 | return=-271.11 | steps=118
global_step=732736 | return=115.22 | steps=176
global_step=732832 | return=-143.18 | steps=143
global_step=732864 | return=33.30 | steps=306
global_step=732960 | return=192.54 | steps=318
global_step=733152 | return=74.37 | steps=300
global_step=733600 | return=-99.94 | steps=126
global_step=734144 | return=-212.29 | steps=188
global_step=734240 | return=-129.54 | steps=101
global_step=734304 | return=-93.23 | steps=89
global_step=734656 | return=94.77 | steps=231
global_step=735104 | return=-156.36 | steps=500
global_step=735296 | return=153.22 | steps=206
global_step=736320 | return=219.06 | steps=144
global_step=736448 | return=-48.75 | steps=500
global_step=736512 | return=-166.71 | steps=110
global_step=737088 | return=-124.83 | steps=91
global_step=737536 | return=-120.16 | steps=500
global_step=737568 | return=-91.96 | steps=123
global_step=737728 | return=47.43 | steps=405
global_step=738880 | return=-8.63 | steps=347
global_step=738976 | return=49.90 | steps=289
global_step=739168 | return=183.24 | steps=200
global_step=739424 | return=179.66 | steps=212
global_step=739808 | return=-98.98 | steps=500
global_step=739872 | return=72.06 | steps=331
global_step=739936 | return=-139.48 | steps=88
global_step=740000 | return=-510.63 | steps=471
global_step=740064 | return=138.85 | steps=255
global_step=740128 | return=53.93 | steps=226
global_step=740288 | return=243.40 | steps=222
global_step=740800 | return=175.39 | steps=260
global_step=740832 | return=-240.94 | steps=140
global_step=740832 | return=-166.71 | steps=500
global_step=740896 | return=-285.08 | steps=205
global_step=741824 | return=-114.82 | steps=127
global_step=742464 | return=67.36 | steps=346
global_step=742528 | return=218.47 | steps=189
global_step=742720 | return=-521.16 | steps=251
global_step=742816 | return=-105.03 | steps=113
global_step=743040 | return=-99.27 | steps=126
global_step=743424 | return=8.11 | steps=500
global_step=743776 | return=-99.98 | steps=115
global_step=744352 | return=33.87 | steps=410
global_step=744480 | return=201.77 | steps=216
global_step=744512 | return=-48.67 | steps=500
global_step=745056 | return=88.63 | steps=413
global_step=745248 | return=105.88 | steps=393
global_step=745408 | return=221.66 | steps=203
global_step=745472 | return=190.23 | steps=279
global_step=745888 | return=-94.26 | steps=158
global_step=746240 | return=218.43 | steps=198
global_step=746432 | return=-345.87 | steps=115
global_step=746528 | return=-190.09 | steps=175
global_step=746528 | return=-429.86 | steps=203
global_step=746976 | return=209.72 | steps=208
global_step=747104 | return=-41.68 | steps=500
global_step=747232 | return=121.35 | steps=221
global_step=747360 | return=172.30 | steps=376
global_step=747552 | return=209.66 | steps=178
global_step=748480 | return=209.83 | steps=266
global_step=748544 | return=138.79 | steps=284
global_step=748800 | return=217.13 | steps=167
global_step=748864 | return=-211.44 | steps=500
global_step=748896 | return=220.53 | steps=189
global_step=749088 | return=-631.02 | steps=143
global_step=749504 | return=188.19 | steps=270
global_step=749568 | return=126.70 | steps=451
global_step=750080 | return=119.52 | steps=235
global_step=750272 | return=13.49 | steps=500
global_step=750272 | return=195.49 | steps=243
global_step=750336 | return=-116.63 | steps=127
global_step=750656 | return=-333.21 | steps=106
global_step=750720 | return=258.09 | steps=216
global_step=750752 | return=144.25 | steps=309
global_step=751264 | return=81.55 | steps=427
global_step=751424 | return=-497.53 | steps=172
global_step=751456 | return=-96.51 | steps=90
global_step=752480 | return=-234.82 | steps=167
global_step=752992 | return=-120.13 | steps=90
global_step=753632 | return=195.03 | steps=254
SPS: 636
global_step=754080 | return=-176.32 | steps=106
global_step=754176 | return=-89.54 | steps=119
global_step=754304 | return=-155.96 | steps=111
global_step=754304 | return=-99.24 | steps=89
global_step=754368 | return=209.47 | steps=307
global_step=754496 | return=98.13 | steps=187
global_step=754560 | return=224.40 | steps=157
global_step=754816 | return=-214.11 | steps=244
global_step=754976 | return=57.41 | steps=331
global_step=755040 | return=116.22 | steps=268
global_step=755232 | return=-667.09 | steps=380
global_step=755840 | return=-107.75 | steps=500
global_step=756288 | return=119.40 | steps=187
global_step=756608 | return=-5.63 | steps=166
global_step=756640 | return=198.17 | steps=241
global_step=756672 | return=98.93 | steps=243
global_step=756960 | return=203.26 | steps=171
global_step=757056 | return=-112.77 | steps=85
global_step=757120 | return=30.85 | steps=298
global_step=757184 | return=-302.74 | steps=96
global_step=758112 | return=-103.32 | steps=97
global_step=758208 | return=-474.72 | steps=364
global_step=758432 | return=189.99 | steps=371
global_step=758976 | return=213.95 | steps=186
global_step=759328 | return=82.54 | steps=213
global_step=759584 | return=-190.90 | steps=116
global_step=759808 | return=213.98 | steps=171
global_step=760000 | return=-155.55 | steps=94
global_step=760160 | return=235.82 | steps=180
global_step=760736 | return=208.84 | steps=204
global_step=760928 | return=-175.97 | steps=116
global_step=760928 | return=227.78 | steps=190
global_step=761088 | return=-13.64 | steps=500
global_step=761184 | return=210.15 | steps=235
global_step=761280 | return=-200.68 | steps=500
global_step=761440 | return=20.27 | steps=500
global_step=761504 | return=77.38 | steps=218
global_step=761536 | return=-4.88 | steps=388
global_step=761632 | return=-78.66 | steps=445
global_step=761856 | return=-223.64 | steps=162
global_step=761920 | return=102.10 | steps=229
global_step=761984 | return=-121.66 | steps=93
global_step=762336 | return=-376.41 | steps=131
global_step=762816 | return=132.11 | steps=391
global_step=763104 | return=180.75 | steps=245
global_step=763104 | return=-441.15 | steps=152
global_step=763872 | return=-106.84 | steps=141
global_step=763872 | return=210.08 | steps=224
global_step=764480 | return=-112.67 | steps=134
global_step=764800 | return=188.11 | steps=239
global_step=764832 | return=-152.11 | steps=500
global_step=764864 | return=-76.12 | steps=122
global_step=765312 | return=-100.56 | steps=125
global_step=765504 | return=-128.05 | steps=137
global_step=765600 | return=-191.93 | steps=500
global_step=765696 | return=-103.56 | steps=89
global_step=765760 | return=117.72 | steps=228
global_step=766304 | return=196.32 | steps=302
global_step=766304 | return=180.74 | steps=209
global_step=766784 | return=-142.47 | steps=500
global_step=766848 | return=158.93 | steps=329
global_step=767008 | return=103.28 | steps=158
global_step=767200 | return=253.41 | steps=195
global_step=768256 | return=-111.57 | steps=136
global_step=768768 | return=81.27 | steps=365
global_step=768800 | return=207.17 | steps=229
global_step=769696 | return=208.40 | steps=229
global_step=769696 | return=190.46 | steps=181
global_step=769952 | return=250.98 | steps=213
global_step=770272 | return=48.59 | steps=223
global_step=770944 | return=158.12 | steps=290
global_step=770944 | return=124.22 | steps=304
global_step=771008 | return=224.11 | steps=177
global_step=771072 | return=-105.11 | steps=500
global_step=771072 | return=254.05 | steps=148
global_step=772480 | return=115.99 | steps=214
global_step=772672 | return=167.46 | steps=255
global_step=773056 | return=223.16 | steps=229
global_step=773120 | return=129.57 | steps=229
global_step=773280 | return=-414.70 | steps=200
global_step=773344 | return=118.07 | steps=197
global_step=773920 | return=-102.56 | steps=92
global_step=774400 | return=-134.55 | steps=103
global_step=774752 | return=-119.95 | steps=116
global_step=774816 | return=231.01 | steps=159
global_step=774880 | return=-3.29 | steps=464
global_step=774912 | return=219.00 | steps=190
global_step=775136 | return=188.11 | steps=198
global_step=775552 | return=214.48 | steps=174
global_step=775616 | return=178.29 | steps=315
global_step=775840 | return=1.19 | steps=500
global_step=776064 | return=178.02 | steps=350
global_step=776128 | return=-23.76 | steps=480
global_step=776192 | return=14.70 | steps=355
global_step=776448 | return=35.23 | steps=361
global_step=776960 | return=-90.89 | steps=121
global_step=777088 | return=77.72 | steps=275
global_step=777312 | return=92.30 | steps=343
global_step=777536 | return=-10.91 | steps=499
global_step=777536 | return=-13.40 | steps=500
global_step=777760 | return=45.85 | steps=329
global_step=777888 | return=235.86 | steps=162
global_step=777888 | return=-156.47 | steps=500
global_step=778016 | return=-55.07 | steps=500
global_step=778176 | return=-259.42 | steps=104
global_step=778400 | return=-188.15 | steps=109
global_step=778912 | return=-169.39 | steps=124
global_step=779424 | return=267.46 | steps=196
global_step=779488 | return=127.97 | steps=262
global_step=779712 | return=-217.32 | steps=165
global_step=780672 | return=147.65 | steps=184
global_step=780832 | return=-53.39 | steps=215
global_step=780864 | return=216.55 | steps=234
global_step=780896 | return=127.39 | steps=237
global_step=780992 | return=-113.55 | steps=114
global_step=781056 | return=179.65 | steps=336
global_step=781248 | return=39.24 | steps=360
global_step=781696 | return=-153.43 | steps=114
global_step=781760 | return=49.01 | steps=337
global_step=782272 | return=189.95 | steps=193
global_step=782400 | return=56.19 | steps=309
global_step=782752 | return=94.06 | steps=196
global_step=782816 | return=-62.17 | steps=500
global_step=782848 | return=-421.77 | steps=97
global_step=782880 | return=114.17 | steps=210
global_step=783168 | return=106.48 | steps=235
global_step=783712 | return=244.42 | steps=206
global_step=783840 | return=69.25 | steps=258
global_step=783872 | return=194.16 | steps=239
global_step=783872 | return=-133.34 | steps=99
global_step=783936 | return=141.92 | steps=199
global_step=784320 | return=-101.89 | steps=108
global_step=784448 | return=179.81 | steps=268
global_step=785248 | return=-80.74 | steps=124
global_step=785312 | return=229.58 | steps=231
global_step=786112 | return=238.40 | steps=208
SPS: 636
global_step=786592 | return=-126.82 | steps=172
global_step=786624 | return=82.18 | steps=175
global_step=786656 | return=-93.77 | steps=117
global_step=787872 | return=242.68 | steps=170
global_step=787936 | return=181.09 | steps=313
global_step=788864 | return=-142.93 | steps=137
global_step=789120 | return=150.16 | steps=341
global_step=789632 | return=220.57 | steps=245
global_step=789632 | return=-111.50 | steps=109
global_step=789696 | return=79.03 | steps=454
global_step=789824 | return=-229.73 | steps=185
global_step=789920 | return=129.12 | steps=282
global_step=789952 | return=15.12 | steps=344
global_step=790400 | return=170.90 | steps=203
global_step=790432 | return=-441.54 | steps=297
global_step=791008 | return=182.87 | steps=223
global_step=791040 | return=157.67 | steps=394
global_step=792544 | return=26.00 | steps=292
global_step=792608 | return=-119.38 | steps=116
global_step=792992 | return=-158.07 | steps=157
global_step=792992 | return=-317.17 | steps=500
global_step=793248 | return=78.35 | steps=247
global_step=793568 | return=-136.88 | steps=500
global_step=793792 | return=-186.69 | steps=500
global_step=793952 | return=171.32 | steps=300
global_step=794016 | return=203.32 | steps=230
global_step=795328 | return=175.31 | steps=355
global_step=795520 | return=-64.91 | steps=500
global_step=796000 | return=153.46 | steps=411
global_step=796256 | return=208.94 | steps=181
global_step=796384 | return=175.37 | steps=425
global_step=796384 | return=-198.04 | steps=105
global_step=796448 | return=-182.58 | steps=89
global_step=796544 | return=75.22 | steps=215
global_step=797344 | return=218.24 | steps=197
global_step=797728 | return=-47.51 | steps=500
global_step=797920 | return=-308.33 | steps=353
global_step=798176 | return=42.92 | steps=359
global_step=798208 | return=162.60 | steps=322
global_step=798304 | return=-47.52 | steps=500
global_step=798592 | return=160.94 | steps=416
global_step=798784 | return=-492.22 | steps=275
global_step=798880 | return=-136.44 | steps=500
global_step=798880 | return=113.29 | steps=264
global_step=799040 | return=62.70 | steps=291
global_step=799392 | return=-427.20 | steps=169
global_step=799424 | return=-111.42 | steps=106
global_step=799424 | return=167.59 | steps=296
global_step=799744 | return=114.45 | steps=224
global_step=799744 | return=-106.71 | steps=500
global_step=799872 | return=151.84 | steps=214
global_step=799872 | return=31.52 | steps=319
global_step=800992 | return=193.60 | steps=261
global_step=801408 | return=-124.58 | steps=156
global_step=801632 | return=-223.09 | steps=237
global_step=801696 | return=-36.95 | steps=370
global_step=801888 | return=-135.04 | steps=141
global_step=802176 | return=95.66 | steps=207
global_step=802720 | return=-128.76 | steps=103
global_step=802720 | return=198.43 | steps=197
global_step=802944 | return=213.98 | steps=199
global_step=803424 | return=-71.77 | steps=162
global_step=804576 | return=176.92 | steps=288
global_step=804640 | return=-75.16 | steps=148
global_step=804736 | return=59.23 | steps=341
global_step=805088 | return=153.09 | steps=215
global_step=805152 | return=-101.84 | steps=500
global_step=805216 | return=250.59 | steps=233
global_step=805312 | return=202.24 | steps=183
global_step=805440 | return=-99.45 | steps=110
global_step=805440 | return=128.91 | steps=204
global_step=805824 | return=-89.43 | steps=113
global_step=806464 | return=193.05 | steps=245
global_step=806560 | return=237.23 | steps=212
global_step=806688 | return=93.60 | steps=319
global_step=806912 | return=79.51 | steps=280
global_step=807072 | return=-53.61 | steps=500
global_step=807104 | return=125.46 | steps=177
global_step=807520 | return=-391.84 | steps=86
global_step=807616 | return=56.48 | steps=448
global_step=807936 | return=181.17 | steps=300
global_step=808096 | return=121.01 | steps=221
global_step=808288 | return=104.38 | steps=288
global_step=808768 | return=-230.10 | steps=130
global_step=808800 | return=-110.95 | steps=104
global_step=808864 | return=219.65 | steps=284
global_step=808960 | return=-126.25 | steps=118
global_step=809408 | return=194.98 | steps=208
global_step=809632 | return=-389.90 | steps=130
global_step=810176 | return=229.83 | steps=266
global_step=810208 | return=-225.60 | steps=226
global_step=810432 | return=185.09 | steps=240
global_step=810912 | return=-444.93 | steps=135
global_step=810976 | return=-137.48 | steps=183
global_step=811552 | return=157.85 | steps=307
global_step=812288 | return=-66.65 | steps=500
global_step=812480 | return=-79.32 | steps=112
global_step=812704 | return=-534.14 | steps=175
global_step=813056 | return=76.49 | steps=159
global_step=813088 | return=51.31 | steps=301
global_step=813312 | return=-143.40 | steps=96
global_step=813376 | return=237.62 | steps=164
global_step=813728 | return=122.57 | steps=262
global_step=813888 | return=-322.15 | steps=251
global_step=814208 | return=-142.69 | steps=125
global_step=814272 | return=-315.01 | steps=210
global_step=814336 | return=-288.86 | steps=121
global_step=814496 | return=83.64 | steps=243
global_step=814816 | return=-58.61 | steps=500
global_step=814848 | return=108.05 | steps=225
global_step=814912 | return=-193.24 | steps=500
global_step=815072 | return=98.83 | steps=474
global_step=815072 | return=-97.24 | steps=196
global_step=815104 | return=219.55 | steps=212
global_step=815456 | return=-80.92 | steps=500
global_step=816128 | return=46.10 | steps=358
global_step=816640 | return=-86.77 | steps=110
global_step=816672 | return=223.21 | steps=219
global_step=816832 | return=170.40 | steps=309
global_step=816832 | return=-163.69 | steps=91
global_step=817248 | return=-134.78 | steps=94
global_step=817248 | return=-177.03 | steps=92
global_step=817440 | return=117.70 | steps=342
global_step=818144 | return=-98.08 | steps=103
global_step=818304 | return=-179.82 | steps=99
global_step=818496 | return=215.58 | steps=216
global_step=818528 | return=179.40 | steps=237
global_step=818976 | return=61.85 | steps=429
SPS: 636
global_step=819488 | return=232.24 | steps=144
global_step=819680 | return=-288.01 | steps=110
global_step=819744 | return=80.08 | steps=208
global_step=819936 | return=-155.32 | steps=139
global_step=820992 | return=-103.61 | steps=134
global_step=821120 | return=66.28 | steps=262
global_step=821216 | return=206.87 | steps=244
global_step=821248 | return=239.86 | steps=210
global_step=821312 | return=161.32 | steps=371
global_step=821504 | return=-161.52 | steps=99
global_step=822080 | return=88.30 | steps=218
global_step=823136 | return=-143.93 | steps=500
global_step=823328 | return=-289.05 | steps=344
global_step=824384 | return=212.18 | steps=194
global_step=824768 | return=-580.45 | steps=344
global_step=824832 | return=-94.80 | steps=500
global_step=824992 | return=-268.05 | steps=500
global_step=825024 | return=54.30 | steps=315
global_step=825408 | return=-121.11 | steps=127
global_step=825472 | return=255.26 | steps=275
global_step=825600 | return=79.13 | steps=221
global_step=825632 | return=128.40 | steps=185
global_step=826240 | return=31.29 | steps=274
global_step=826848 | return=23.45 | steps=422
global_step=826880 | return=233.97 | steps=179
global_step=827008 | return=-37.71 | steps=500
global_step=827264 | return=196.04 | steps=258
global_step=827424 | return=-201.59 | steps=94
global_step=827424 | return=169.82 | steps=166
global_step=827584 | return=85.15 | steps=238
global_step=827904 | return=171.15 | steps=400
global_step=828512 | return=-95.09 | steps=500
global_step=829696 | return=90.47 | steps=348
global_step=830016 | return=198.69 | steps=208
global_step=830144 | return=-114.34 | steps=141
global_step=830240 | return=-355.50 | steps=124
global_step=830368 | return=-28.98 | steps=500
global_step=830368 | return=-112.27 | steps=96
global_step=830592 | return=240.39 | steps=179
global_step=830656 | return=15.43 | steps=340
global_step=830944 | return=-113.91 | steps=126
global_step=831104 | return=195.66 | steps=308
global_step=831104 | return=12.77 | steps=362
global_step=831296 | return=185.76 | steps=183
global_step=831520 | return=113.55 | steps=203
global_step=831712 | return=229.89 | steps=267
global_step=831872 | return=-140.89 | steps=156
global_step=831872 | return=-102.23 | steps=104
global_step=832192 | return=-12.04 | steps=143
global_step=832512 | return=106.65 | steps=158
global_step=832864 | return=-142.44 | steps=500
global_step=832864 | return=-85.25 | steps=500
global_step=833120 | return=97.03 | steps=233
global_step=833152 | return=97.91 | steps=239
global_step=833280 | return=5.63 | steps=500
global_step=833280 | return=-22.30 | steps=500
global_step=833568 | return=187.92 | steps=274
global_step=833632 | return=-138.12 | steps=386
global_step=834656 | return=-115.44 | steps=137
global_step=836544 | return=-215.69 | steps=101
global_step=836544 | return=149.74 | steps=145
global_step=836736 | return=88.47 | steps=198
global_step=836960 | return=-197.98 | steps=216
global_step=837024 | return=-132.17 | steps=500
global_step=837088 | return=114.21 | steps=230
global_step=837248 | return=227.11 | steps=157
global_step=837536 | return=-297.85 | steps=200
global_step=837536 | return=-38.34 | steps=500
global_step=837568 | return=180.31 | steps=201
global_step=837792 | return=154.01 | steps=398
global_step=837856 | return=-367.94 | steps=325
global_step=838048 | return=242.58 | steps=197
global_step=838208 | return=124.04 | steps=237
global_step=838464 | return=169.81 | steps=243
global_step=839296 | return=231.47 | steps=211
global_step=839808 | return=242.49 | steps=216
global_step=840896 | return=-116.12 | steps=96
global_step=840896 | return=227.92 | steps=250
global_step=841248 | return=81.70 | steps=239
global_step=841312 | return=195.79 | steps=254
global_step=842144 | return=158.39 | steps=349
global_step=842528 | return=-210.89 | steps=186
global_step=842560 | return=70.05 | steps=294
global_step=842688 | return=-190.51 | steps=89
global_step=842688 | return=199.13 | steps=293
global_step=843040 | return=-30.35 | steps=500
global_step=843328 | return=-13.87 | steps=411
global_step=843936 | return=-102.47 | steps=500
global_step=844448 | return=232.75 | steps=199
global_step=844960 | return=80.00 | steps=210
global_step=844992 | return=-82.13 | steps=116
global_step=845440 | return=202.19 | steps=217
global_step=846400 | return=-27.18 | steps=500
global_step=846848 | return=135.59 | steps=185
global_step=846880 | return=181.40 | steps=316
global_step=846976 | return=127.89 | steps=312
global_step=847104 | return=-86.92 | steps=141
global_step=847136 | return=181.80 | steps=330
global_step=847264 | return=191.80 | steps=302
global_step=847328 | return=-28.68 | steps=500
global_step=847360 | return=16.45 | steps=396
global_step=847392 | return=220.00 | steps=163
global_step=847552 | return=-160.99 | steps=500
global_step=847904 | return=-148.54 | steps=500
global_step=848384 | return=-86.04 | steps=138
global_step=848832 | return=252.23 | steps=191
global_step=848896 | return=183.55 | steps=198
global_step=849664 | return=-89.77 | steps=500
global_step=849728 | return=103.20 | steps=389
global_step=850016 | return=-91.42 | steps=97
global_step=850080 | return=-121.52 | steps=91
global_step=850144 | return=41.33 | steps=409
global_step=851488 | return=-114.61 | steps=128
global_step=851648 | return=83.10 | steps=259
global_step=851808 | return=106.46 | steps=150
SPS: 637
global_step=852416 | return=-726.60 | steps=478
global_step=852608 | return=98.77 | steps=237
global_step=852768 | return=202.70 | steps=169
global_step=852992 | return=-159.81 | steps=472
global_step=853568 | return=-129.69 | steps=500
global_step=853568 | return=-27.55 | steps=500
global_step=854528 | return=207.22 | steps=226
global_step=854560 | return=-310.73 | steps=218
global_step=854624 | return=249.31 | steps=180
global_step=855040 | return=242.58 | steps=165
global_step=855168 | return=166.47 | steps=273
global_step=855296 | return=-352.46 | steps=230
global_step=855328 | return=-155.99 | steps=500
global_step=855712 | return=73.04 | steps=259
global_step=855808 | return=-67.25 | steps=129
global_step=855936 | return=-264.26 | steps=402
global_step=856864 | return=-108.71 | steps=102
global_step=856928 | return=-47.01 | steps=500
global_step=856928 | return=89.42 | steps=215
global_step=857024 | return=190.52 | steps=309
global_step=857344 | return=-124.20 | steps=500
global_step=857664 | return=-333.25 | steps=192
global_step=857792 | return=90.13 | steps=416
global_step=858016 | return=173.44 | steps=247
global_step=858528 | return=187.38 | steps=172
global_step=858656 | return=88.98 | steps=194
global_step=858720 | return=-149.95 | steps=500
global_step=859040 | return=-138.87 | steps=116
global_step=859904 | return=-459.37 | steps=147
global_step=860416 | return=21.76 | steps=375
global_step=860832 | return=-301.90 | steps=159
global_step=860864 | return=-107.09 | steps=196
global_step=860992 | return=-113.71 | steps=99
global_step=860992 | return=-32.34 | steps=500
global_step=861376 | return=-494.22 | steps=173
global_step=861472 | return=-146.88 | steps=500
global_step=861984 | return=32.40 | steps=384
global_step=862080 | return=-255.00 | steps=372
global_step=862208 | return=-323.92 | steps=324
global_step=862336 | return=-318.83 | steps=483
global_step=862368 | return=75.39 | steps=244
global_step=863232 | return=265.27 | steps=227
global_step=863264 | return=242.40 | steps=199
global_step=863520 | return=236.09 | steps=202
global_step=864480 | return=63.77 | steps=185
global_step=864480 | return=84.78 | steps=285
global_step=864928 | return=-161.87 | steps=500
global_step=864960 | return=218.00 | steps=250
global_step=864960 | return=-50.65 | steps=123
global_step=865216 | return=199.30 | steps=235
global_step=865344 | return=124.31 | steps=169
global_step=865376 | return=116.05 | steps=250
global_step=865792 | return=54.01 | steps=348
global_step=865920 | return=64.58 | steps=246
global_step=866464 | return=103.17 | steps=231
global_step=866528 | return=206.73 | steps=299
global_step=866848 | return=92.64 | steps=253
global_step=867392 | return=45.68 | steps=456
global_step=867968 | return=172.86 | steps=235
global_step=868000 | return=168.95 | steps=222
global_step=868000 | return=-120.10 | steps=95
global_step=868640 | return=-100.64 | steps=500
global_step=869120 | return=224.99 | steps=241
global_step=869568 | return=183.29 | steps=267
global_step=869568 | return=-183.58 | steps=113
global_step=869600 | return=-24.32 | steps=500
global_step=870080 | return=143.36 | steps=288
global_step=870528 | return=94.09 | steps=263
global_step=870688 | return=46.62 | steps=375
global_step=870944 | return=120.74 | steps=178
global_step=871072 | return=-28.21 | steps=500
global_step=871328 | return=176.47 | steps=213
global_step=871392 | return=-147.64 | steps=106
global_step=871680 | return=207.35 | steps=209
global_step=871808 | return=239.13 | steps=201
global_step=872128 | return=-183.00 | steps=93
global_step=872224 | return=118.19 | steps=177
global_step=872608 | return=-184.95 | steps=94
global_step=873056 | return=133.64 | steps=205
global_step=874560 | return=44.66 | steps=240
global_step=874624 | return=66.89 | steps=206
global_step=875008 | return=-342.08 | steps=395
global_step=875680 | return=-163.17 | steps=135
global_step=876416 | return=164.82 | steps=183
global_step=876512 | return=125.10 | steps=375
global_step=876608 | return=-130.64 | steps=110
global_step=876640 | return=86.63 | steps=351
global_step=876832 | return=81.52 | steps=179
global_step=877088 | return=32.48 | steps=431
global_step=877120 | return=110.53 | steps=433
global_step=877408 | return=73.66 | steps=293
global_step=877440 | return=-25.96 | steps=434
global_step=877504 | return=-125.39 | steps=500
global_step=878016 | return=-175.21 | steps=500
global_step=878048 | return=111.86 | steps=293
global_step=878240 | return=-131.76 | steps=500
global_step=878400 | return=-103.61 | steps=500
global_step=878592 | return=101.35 | steps=280
global_step=878720 | return=-220.24 | steps=94
global_step=878944 | return=239.67 | steps=212
global_step=879680 | return=-523.01 | steps=88
global_step=879904 | return=209.07 | steps=265
global_step=880032 | return=-93.12 | steps=106
global_step=880288 | return=-199.10 | steps=89
global_step=880352 | return=-84.24 | steps=101
global_step=880416 | return=-593.02 | steps=456
global_step=880576 | return=-154.10 | steps=126
global_step=880864 | return=115.87 | steps=257
global_step=880992 | return=-165.99 | steps=500
global_step=881184 | return=-94.76 | steps=192
global_step=881440 | return=-326.84 | steps=212
global_step=881504 | return=-144.01 | steps=96
global_step=881728 | return=27.87 | steps=336
global_step=881888 | return=-115.03 | steps=98
global_step=882336 | return=248.56 | steps=177
global_step=882464 | return=-105.66 | steps=154
global_step=882912 | return=-111.53 | steps=151
global_step=882976 | return=-196.37 | steps=136
global_step=883264 | return=49.30 | steps=427
global_step=883360 | return=196.07 | steps=216
global_step=883424 | return=-113.28 | steps=500
global_step=883456 | return=-324.46 | steps=98
global_step=883872 | return=201.03 | steps=210
global_step=884128 | return=93.86 | steps=298
global_step=884128 | return=-172.62 | steps=101
global_step=884448 | return=-79.00 | steps=107
SPS: 637
global_step=884864 | return=-215.89 | steps=106
global_step=884992 | return=209.49 | steps=217
global_step=885056 | return=151.68 | steps=400
global_step=885856 | return=-129.70 | steps=109
global_step=886112 | return=-10.67 | steps=500
global_step=886400 | return=-155.46 | steps=97
global_step=886496 | return=222.10 | steps=189
global_step=886720 | return=-148.80 | steps=500
global_step=887040 | return=188.32 | steps=299
global_step=887712 | return=-139.30 | steps=500
global_step=887840 | return=-209.90 | steps=500
global_step=887936 | return=196.87 | steps=250
global_step=887968 | return=-72.48 | steps=141
global_step=889504 | return=-547.76 | steps=188
global_step=889920 | return=-134.65 | steps=106
global_step=890208 | return=-105.17 | steps=135
global_step=890208 | return=147.11 | steps=351
global_step=890304 | return=62.19 | steps=303
global_step=891392 | return=71.63 | steps=354
global_step=891552 | return=130.44 | steps=204
global_step=891744 | return=167.51 | steps=237
global_step=892160 | return=-80.76 | steps=138
global_step=892416 | return=230.55 | steps=248
global_step=892928 | return=145.17 | steps=349
global_step=892928 | return=195.42 | steps=251
global_step=893632 | return=-81.19 | steps=480
global_step=893760 | return=127.10 | steps=338
global_step=893952 | return=80.39 | steps=445
global_step=894656 | return=-103.49 | steps=101
global_step=894816 | return=255.17 | steps=214
global_step=895296 | return=222.63 | steps=232
global_step=895776 | return=129.44 | steps=170
global_step=896160 | return=195.78 | steps=294
global_step=896160 | return=232.99 | steps=194
global_step=896256 | return=15.06 | steps=287
global_step=896384 | return=-57.07 | steps=500
global_step=896416 | return=-89.80 | steps=124
global_step=896704 | return=196.90 | steps=160
global_step=896704 | return=-284.83 | steps=85
global_step=896832 | return=-138.43 | steps=145
global_step=897152 | return=-77.66 | steps=488
global_step=897216 | return=-140.64 | steps=500
global_step=897216 | return=-247.57 | steps=346
global_step=897312 | return=157.67 | steps=243
global_step=897376 | return=243.55 | steps=223
global_step=897920 | return=-118.74 | steps=500
global_step=898496 | return=-149.76 | steps=500
global_step=899008 | return=-65.41 | steps=500
global_step=899296 | return=212.75 | steps=235
global_step=899392 | return=-189.74 | steps=500
global_step=899488 | return=4.01 | steps=289
global_step=899744 | return=164.63 | steps=212
global_step=899744 | return=-127.67 | steps=94
global_step=899904 | return=-208.45 | steps=500
global_step=899936 | return=-133.05 | steps=117
global_step=900000 | return=80.97 | steps=220
global_step=900160 | return=-133.21 | steps=500
global_step=900320 | return=-139.86 | steps=96
global_step=900352 | return=-104.00 | steps=177
global_step=900608 | return=-133.03 | steps=130
global_step=901088 | return=-88.86 | steps=500
global_step=902176 | return=107.65 | steps=492
global_step=902432 | return=-114.44 | steps=94
global_step=902624 | return=240.12 | steps=170
global_step=903168 | return=90.46 | steps=293
global_step=903584 | return=-309.61 | steps=198
global_step=903776 | return=-244.09 | steps=139
global_step=904000 | return=-3.82 | steps=500
global_step=904192 | return=222.05 | steps=233
global_step=904192 | return=82.62 | steps=247
global_step=905024 | return=169.01 | steps=203
global_step=905504 | return=-108.52 | steps=137
global_step=905824 | return=221.18 | steps=197
global_step=905856 | return=93.12 | steps=266
global_step=905984 | return=83.72 | steps=268
global_step=906304 | return=163.65 | steps=295
global_step=907328 | return=45.51 | steps=390
global_step=907744 | return=-120.46 | steps=173
global_step=907744 | return=245.03 | steps=230
global_step=908128 | return=91.35 | steps=284
global_step=908384 | return=84.56 | steps=242
global_step=908704 | return=-199.63 | steps=140
global_step=908896 | return=113.61 | steps=195
global_step=908992 | return=236.14 | steps=204
global_step=909248 | return=-179.26 | steps=116
global_step=909312 | return=190.46 | steps=292
global_step=909504 | return=65.34 | steps=416
global_step=909600 | return=229.57 | steps=299
global_step=909664 | return=-86.04 | steps=500
global_step=910016 | return=-50.71 | steps=129
global_step=910144 | return=-115.42 | steps=87
global_step=910496 | return=127.30 | steps=196
global_step=910656 | return=206.48 | steps=340
global_step=911040 | return=218.08 | steps=245
global_step=911328 | return=177.57 | steps=343
global_step=911328 | return=-127.24 | steps=500
global_step=911392 | return=-400.36 | steps=158
global_step=911808 | return=-240.86 | steps=500
global_step=912256 | return=-270.59 | steps=82
global_step=912416 | return=-194.92 | steps=500
global_step=912448 | return=-298.74 | steps=134
global_step=912608 | return=206.06 | steps=211
global_step=913184 | return=-414.61 | steps=94
global_step=913952 | return=-257.38 | steps=133
global_step=913952 | return=-123.78 | steps=500
global_step=914304 | return=231.42 | steps=165
global_step=914432 | return=-105.65 | steps=96
global_step=914464 | return=258.51 | steps=209
global_step=914592 | return=-96.61 | steps=164
global_step=915136 | return=108.16 | steps=315
global_step=915360 | return=-140.92 | steps=96
global_step=915712 | return=-153.40 | steps=96
global_step=915776 | return=-48.31 | steps=500
global_step=915936 | return=-160.61 | steps=500
global_step=916192 | return=-272.50 | steps=500
global_step=916416 | return=131.90 | steps=179
global_step=916896 | return=233.97 | steps=182
global_step=917120 | return=-121.55 | steps=145
SPS: 638
global_step=917920 | return=212.00 | steps=281
global_step=918240 | return=-160.76 | steps=118
global_step=918304 | return=234.97 | steps=215
global_step=918656 | return=-155.93 | steps=91
global_step=918784 | return=65.59 | steps=461
global_step=919520 | return=-125.67 | steps=129
global_step=919584 | return=70.93 | steps=159
global_step=919616 | return=-54.31 | steps=500
global_step=919808 | return=-140.04 | steps=500
global_step=919872 | return=148.08 | steps=292
global_step=919872 | return=72.65 | steps=208
global_step=920352 | return=-514.73 | steps=188
global_step=920576 | return=111.83 | steps=353
global_step=921472 | return=66.21 | steps=357
global_step=921728 | return=-201.28 | steps=118
global_step=922016 | return=-167.35 | steps=500
global_step=922048 | return=167.74 | steps=175
global_step=922112 | return=58.38 | steps=321
global_step=922176 | return=190.61 | steps=219
global_step=922976 | return=-178.88 | steps=189
global_step=923136 | return=167.10 | steps=334
global_step=923200 | return=-270.90 | steps=152
global_step=923776 | return=-154.08 | steps=500
global_step=923904 | return=-164.51 | steps=163
global_step=924288 | return=213.10 | steps=302
global_step=924416 | return=-285.81 | steps=500
global_step=924736 | return=-179.31 | steps=500
global_step=925152 | return=88.40 | steps=173
global_step=925344 | return=-91.39 | steps=102
global_step=925536 | return=-111.70 | steps=500
global_step=925728 | return=-85.71 | steps=124
global_step=926240 | return=153.72 | steps=183
global_step=926368 | return=152.03 | steps=387
global_step=926784 | return=193.06 | steps=330
global_step=926880 | return=168.98 | steps=304
global_step=927136 | return=126.00 | steps=204
global_step=927296 | return=170.00 | steps=282
global_step=927360 | return=-202.12 | steps=500
global_step=927680 | return=-109.89 | steps=141
global_step=927776 | return=-37.36 | steps=369
global_step=928128 | return=-170.98 | steps=131
global_step=928512 | return=231.89 | steps=165
global_step=928512 | return=225.75 | steps=199
global_step=928960 | return=105.11 | steps=283
global_step=929120 | return=223.37 | steps=216
global_step=929472 | return=-110.01 | steps=122
global_step=929600 | return=189.71 | steps=314
global_step=929984 | return=26.94 | steps=443
global_step=929984 | return=-52.36 | steps=500
global_step=930048 | return=252.98 | steps=175
global_step=930304 | return=148.64 | steps=325
global_step=931072 | return=-127.62 | steps=122
global_step=931200 | return=88.86 | steps=256
global_step=931936 | return=193.48 | steps=326
global_step=932032 | return=131.84 | steps=387
global_step=933056 | return=83.21 | steps=240
global_step=933280 | return=208.25 | steps=253
global_step=933408 | return=191.67 | steps=175
global_step=933504 | return=25.58 | steps=303
global_step=933664 | return=-435.58 | steps=214
global_step=933856 | return=210.77 | steps=166
global_step=934144 | return=-358.13 | steps=226
global_step=934656 | return=149.88 | steps=309
global_step=934688 | return=-112.33 | steps=146
global_step=934816 | return=-71.12 | steps=500
global_step=935040 | return=224.89 | steps=189
global_step=935584 | return=119.99 | steps=423
global_step=935712 | return=131.77 | steps=356
global_step=935744 | return=194.40 | steps=179
global_step=935840 | return=-14.78 | steps=500
global_step=936064 | return=45.13 | steps=322
global_step=936160 | return=212.97 | steps=219
global_step=936192 | return=184.70 | steps=239
global_step=936352 | return=203.85 | steps=164
global_step=936832 | return=208.57 | steps=225
global_step=937280 | return=229.98 | steps=166
global_step=937664 | return=206.97 | steps=201
global_step=937920 | return=210.28 | steps=237
global_step=938432 | return=105.48 | steps=199
global_step=938464 | return=232.42 | steps=168
global_step=938656 | return=37.38 | steps=286
global_step=938752 | return=-128.91 | steps=93
global_step=938880 | return=9.86 | steps=335
global_step=939040 | return=0.96 | steps=366
global_step=939040 | return=-605.48 | steps=167
global_step=939520 | return=-135.19 | steps=118
global_step=940000 | return=230.75 | steps=165
global_step=940064 | return=216.00 | steps=184
global_step=940160 | return=-88.75 | steps=103
global_step=940544 | return=-358.82 | steps=446
global_step=941152 | return=24.53 | steps=420
global_step=941536 | return=128.51 | steps=166
global_step=941632 | return=-378.12 | steps=188
global_step=941888 | return=217.75 | steps=250
global_step=941888 | return=-146.76 | steps=188
global_step=942208 | return=84.84 | steps=235
global_step=942400 | return=-122.91 | steps=500
global_step=942688 | return=-165.48 | steps=125
global_step=942752 | return=-75.99 | steps=115
global_step=943232 | return=-146.55 | steps=95
global_step=943392 | return=-25.35 | steps=500
global_step=944064 | return=-220.52 | steps=240
global_step=944128 | return=239.52 | steps=213
global_step=944192 | return=176.42 | steps=195
global_step=944768 | return=-131.58 | steps=112
global_step=944992 | return=55.43 | steps=278
global_step=945152 | return=-18.30 | steps=190
global_step=945280 | return=-43.77 | steps=475
global_step=945536 | return=5.12 | steps=378
global_step=945824 | return=-105.79 | steps=130
global_step=945824 | return=-194.37 | steps=122
global_step=945888 | return=73.38 | steps=303
global_step=946272 | return=-29.83 | steps=398
global_step=946624 | return=-190.13 | steps=131
global_step=946944 | return=240.66 | steps=147
global_step=947040 | return=-123.10 | steps=133
global_step=947360 | return=52.51 | steps=278
global_step=948256 | return=-3.51 | steps=330
global_step=948416 | return=-166.12 | steps=131
global_step=948640 | return=-124.35 | steps=168
global_step=948800 | return=133.91 | steps=429
global_step=949056 | return=160.94 | steps=330
global_step=949088 | return=156.42 | steps=318
global_step=949312 | return=-62.54 | steps=500
global_step=949312 | return=165.46 | steps=273
global_step=949504 | return=-122.39 | steps=123
global_step=949696 | return=195.09 | steps=153
global_step=949824 | return=-170.86 | steps=145
global_step=949952 | return=114.29 | steps=181
global_step=950080 | return=-140.81 | steps=118
SPS: 638
global_step=950304 | return=-387.67 | steps=215
global_step=950784 | return=-232.10 | steps=129
global_step=950816 | return=-368.04 | steps=107
global_step=950848 | return=-50.41 | steps=500
global_step=951680 | return=17.70 | steps=364
global_step=951936 | return=192.68 | steps=207
global_step=952512 | return=-21.33 | steps=388
global_step=952672 | return=-118.87 | steps=92
global_step=953312 | return=128.89 | steps=454
global_step=953344 | return=189.20 | steps=199
global_step=954304 | return=-187.08 | steps=155
global_step=954528 | return=148.49 | steps=405
global_step=954784 | return=143.95 | steps=377
global_step=954880 | return=113.41 | steps=201
global_step=955200 | return=67.36 | steps=199
global_step=955488 | return=244.72 | steps=161
global_step=955552 | return=-132.64 | steps=500
global_step=955616 | return=106.35 | steps=176
global_step=955648 | return=65.89 | steps=230
global_step=955680 | return=105.66 | steps=192
global_step=955712 | return=209.36 | steps=207
global_step=955808 | return=212.86 | steps=186
global_step=956288 | return=92.57 | steps=326
global_step=956704 | return=77.36 | steps=339
global_step=956864 | return=254.57 | steps=153
global_step=957344 | return=240.32 | steps=202
global_step=957440 | return=190.62 | steps=260
global_step=957536 | return=-68.55 | steps=131
global_step=957728 | return=175.74 | steps=369
global_step=957728 | return=135.18 | steps=333
global_step=957824 | return=137.91 | steps=219
global_step=957824 | return=166.15 | steps=286
global_step=957920 | return=-104.49 | steps=500
global_step=958176 | return=-125.72 | steps=176
global_step=958240 | return=-110.72 | steps=94
global_step=958400 | return=-46.80 | steps=447
global_step=958752 | return=111.87 | steps=247
global_step=958848 | return=-81.05 | steps=123
global_step=958976 | return=-377.02 | steps=130
global_step=959232 | return=-193.89 | steps=106
global_step=959328 | return=77.71 | steps=238
global_step=960192 | return=-315.03 | steps=141
global_step=960352 | return=131.93 | steps=344
global_step=960928 | return=-440.29 | steps=236
global_step=961024 | return=217.49 | steps=147
global_step=961024 | return=-143.02 | steps=500
global_step=961120 | return=-178.37 | steps=91
global_step=961600 | return=-63.46 | steps=359
global_step=961792 | return=62.22 | steps=233
global_step=962592 | return=194.33 | steps=183
global_step=963072 | return=-125.30 | steps=134
global_step=963776 | return=69.46 | steps=182
global_step=963776 | return=228.85 | steps=200
global_step=963872 | return=67.28 | steps=191
global_step=963904 | return=216.20 | steps=198
global_step=965184 | return=28.77 | steps=390
global_step=965344 | return=-376.94 | steps=134
global_step=965504 | return=214.54 | steps=251
global_step=966464 | return=-103.06 | steps=105
global_step=966912 | return=-120.12 | steps=93
global_step=967008 | return=149.71 | steps=273
global_step=967104 | return=-165.14 | steps=103
global_step=967712 | return=149.74 | steps=264
global_step=967904 | return=-19.61 | steps=385
global_step=967936 | return=230.83 | steps=241
global_step=967968 | return=19.32 | steps=346
global_step=968032 | return=174.90 | steps=215
global_step=968160 | return=60.41 | steps=395
global_step=968320 | return=-387.03 | steps=330
global_step=968352 | return=192.81 | steps=310
global_step=968384 | return=69.06 | steps=329
global_step=969920 | return=-45.11 | steps=444
global_step=970304 | return=163.40 | steps=271
global_step=970464 | return=103.42 | steps=394
global_step=970496 | return=48.91 | steps=316
global_step=970560 | return=-44.07 | steps=500
global_step=971360 | return=207.62 | steps=273
global_step=971360 | return=105.48 | steps=192
global_step=971648 | return=-152.36 | steps=500
global_step=971680 | return=-140.78 | steps=102
global_step=971744 | return=-52.87 | steps=500
global_step=971904 | return=-177.25 | steps=122
global_step=971968 | return=-198.20 | steps=201
global_step=972032 | return=205.00 | steps=254
global_step=972256 | return=132.07 | steps=180
global_step=972608 | return=-176.42 | steps=133
global_step=972640 | return=-103.54 | steps=133
global_step=972832 | return=233.41 | steps=153
global_step=972896 | return=222.81 | steps=186
global_step=972928 | return=-16.24 | steps=439
global_step=973056 | return=-17.07 | steps=439
global_step=973184 | return=12.23 | steps=379
global_step=973376 | return=213.38 | steps=250
global_step=974496 | return=115.86 | steps=204
global_step=975360 | return=-66.83 | steps=500
global_step=975584 | return=214.92 | steps=267
global_step=976128 | return=-415.93 | steps=131
global_step=976160 | return=-159.25 | steps=92
global_step=976320 | return=48.55 | steps=287
global_step=976480 | return=-513.61 | steps=259
global_step=976864 | return=238.24 | steps=216
global_step=976960 | return=-132.77 | steps=500
global_step=977600 | return=212.88 | steps=194
global_step=977824 | return=-226.94 | steps=500
global_step=977824 | return=-50.83 | steps=189
global_step=978176 | return=122.89 | steps=212
global_step=978592 | return=203.73 | steps=186
global_step=978688 | return=122.64 | steps=256
global_step=978784 | return=125.20 | steps=345
global_step=978880 | return=-424.56 | steps=188
global_step=978976 | return=-2.00 | steps=188
global_step=979072 | return=247.38 | steps=187
global_step=979104 | return=149.70 | steps=266
global_step=979584 | return=228.07 | steps=208
global_step=979808 | return=-86.03 | steps=500
global_step=979808 | return=55.22 | steps=296
global_step=980000 | return=107.14 | steps=206
global_step=980160 | return=-386.98 | steps=149
global_step=980864 | return=214.54 | steps=198
global_step=980864 | return=181.86 | steps=287
global_step=981216 | return=-602.06 | steps=158
global_step=981408 | return=-171.83 | steps=81
global_step=981984 | return=-47.21 | steps=435
SPS: 638
global_step=983328 | return=-316.01 | steps=144
global_step=984512 | return=115.99 | steps=208
global_step=985440 | return=-57.00 | steps=466
global_step=985664 | return=-549.31 | steps=436
global_step=985792 | return=96.91 | steps=422
global_step=986048 | return=125.26 | steps=223
global_step=986240 | return=154.88 | steps=304
global_step=986304 | return=81.00 | steps=271
global_step=986496 | return=179.23 | steps=234
global_step=986784 | return=113.02 | steps=173
global_step=987072 | return=159.44 | steps=335
global_step=987136 | return=143.28 | steps=342
global_step=987456 | return=-499.42 | steps=170
global_step=987744 | return=62.96 | steps=309
global_step=988000 | return=-432.36 | steps=500
global_step=988064 | return=-93.71 | steps=500
global_step=988288 | return=113.92 | steps=287
global_step=988352 | return=76.48 | steps=304
global_step=988672 | return=-383.38 | steps=500
global_step=988960 | return=-360.15 | steps=417
global_step=989504 | return=114.19 | steps=353
global_step=989632 | return=181.44 | steps=306
global_step=989920 | return=-90.18 | steps=128
global_step=990048 | return=-108.91 | steps=143
global_step=990432 | return=16.79 | steps=423
global_step=990464 | return=-141.65 | steps=149
global_step=991136 | return=112.94 | steps=303
global_step=991232 | return=-129.64 | steps=91
global_step=991424 | return=168.25 | steps=356
global_step=991872 | return=214.70 | steps=158
global_step=992416 | return=231.20 | steps=198
global_step=992992 | return=-124.36 | steps=500
global_step=993440 | return=-393.46 | steps=186
global_step=993504 | return=-4.19 | steps=434
global_step=993664 | return=36.98 | steps=322
global_step=994336 | return=100.03 | steps=226
global_step=994592 | return=-297.14 | steps=128
global_step=994976 | return=38.14 | steps=244
global_step=995104 | return=45.26 | steps=499
global_step=995136 | return=190.55 | steps=269
global_step=995360 | return=197.95 | steps=229
global_step=995520 | return=232.59 | steps=204
global_step=995776 | return=198.25 | steps=221
global_step=995840 | return=-211.81 | steps=500
global_step=996128 | return=246.38 | steps=193
global_step=996192 | return=0.81 | steps=500
global_step=996768 | return=230.50 | steps=197
global_step=996896 | return=-78.02 | steps=500
global_step=996896 | return=-264.56 | steps=500
global_step=996960 | return=-12.90 | steps=332
global_step=997024 | return=151.17 | steps=289
global_step=997184 | return=191.37 | steps=185
global_step=997248 | return=21.76 | steps=397
global_step=997568 | return=10.28 | steps=353
global_step=998144 | return=130.99 | steps=314
global_step=998752 | return=200.56 | steps=237
global_step=998848 | return=236.74 | steps=200
global_step=998912 | return=5.93 | steps=276
global_step=999264 | return=74.84 | steps=300
global_step=999456 | return=-347.77 | steps=127
global_step=999872 | return=-70.23 | steps=135
global_step=999968 | return=-259.39 | steps=84
global_step=1000160 | return=-133.43 | steps=136
global_step=1000160 | return=-317.33 | steps=161
global_step=1000768 | return=245.08 | steps=144
global_step=1001312 | return=76.90 | steps=308
global_step=1001440 | return=-124.64 | steps=145
global_step=1001920 | return=195.98 | steps=313
global_step=1002112 | return=-268.64 | steps=242
global_step=1002176 | return=74.54 | steps=236
global_step=1002880 | return=109.46 | steps=208
global_step=1003072 | return=-17.72 | steps=298
global_step=1003328 | return=193.49 | steps=179
global_step=1003616 | return=-127.27 | steps=129
global_step=1003648 | return=165.42 | steps=266
global_step=1004064 | return=119.92 | steps=219
global_step=1004128 | return=198.00 | steps=186
global_step=1004192 | return=-62.34 | steps=494
global_step=1004480 | return=-327.20 | steps=344
global_step=1004672 | return=-195.68 | steps=100
global_step=1004832 | return=208.47 | steps=189
global_step=1004864 | return=209.70 | steps=303
global_step=1005024 | return=184.10 | steps=251
global_step=1005024 | return=90.97 | steps=179
global_step=1005536 | return=-141.02 | steps=500
global_step=1005600 | return=-186.23 | steps=114
global_step=1005664 | return=198.90 | steps=171
global_step=1006176 | return=90.53 | steps=226
global_step=1006208 | return=-144.50 | steps=103
global_step=1006624 | return=234.04 | steps=242
global_step=1006880 | return=76.90 | steps=302
global_step=1007584 | return=225.99 | steps=170
global_step=1007968 | return=-144.93 | steps=91
global_step=1008384 | return=-82.28 | steps=157
global_step=1009024 | return=-40.13 | steps=500
global_step=1009152 | return=-308.51 | steps=158
global_step=1009184 | return=180.79 | steps=190
global_step=1009216 | return=66.29 | steps=288
global_step=1009248 | return=100.08 | steps=292
global_step=1009696 | return=-151.75 | steps=500
global_step=1009856 | return=-82.71 | steps=134
global_step=1010208 | return=-191.13 | steps=124
global_step=1010240 | return=223.03 | steps=205
global_step=1010720 | return=215.50 | steps=177
global_step=1011104 | return=-445.51 | steps=139
global_step=1011200 | return=-274.77 | steps=198
global_step=1011424 | return=180.51 | steps=288
global_step=1011872 | return=-120.64 | steps=500
global_step=1012320 | return=-140.71 | steps=122
global_step=1012448 | return=68.91 | steps=248
global_step=1012544 | return=235.02 | steps=154
global_step=1012832 | return=-243.37 | steps=497
global_step=1012928 | return=-277.52 | steps=500
global_step=1013088 | return=191.49 | steps=231
global_step=1013280 | return=-366.38 | steps=94
global_step=1013312 | return=217.24 | steps=200
global_step=1013312 | return=-131.91 | steps=107
global_step=1013376 | return=2.58 | steps=129
global_step=1013760 | return=-141.03 | steps=143
global_step=1013824 | return=38.68 | steps=285
global_step=1014432 | return=-78.11 | steps=115
global_step=1015392 | return=-151.16 | steps=130
global_step=1015392 | return=93.57 | steps=305
SPS: 638
global_step=1016192 | return=216.43 | steps=218
global_step=1016192 | return=-74.74 | steps=500
global_step=1016672 | return=68.53 | steps=271
global_step=1016736 | return=-150.92 | steps=107
global_step=1016800 | return=-102.82 | steps=500
global_step=1016832 | return=239.03 | steps=236
global_step=1016896 | return=92.84 | steps=375
global_step=1017344 | return=-157.01 | steps=500
global_step=1017952 | return=-297.21 | steps=144
global_step=1018752 | return=-56.74 | steps=153
global_step=1018752 | return=-160.26 | steps=104
global_step=1018976 | return=168.36 | steps=245
global_step=1019488 | return=125.23 | steps=415
global_step=1019520 | return=67.67 | steps=224
global_step=1019648 | return=-60.66 | steps=500
global_step=1020032 | return=192.12 | steps=268
global_step=1020096 | return=-142.34 | steps=121
global_step=1020160 | return=-63.18 | steps=500
global_step=1020224 | return=-62.35 | steps=500
global_step=1020352 | return=-61.07 | steps=112
global_step=1020448 | return=136.20 | steps=222
global_step=1021056 | return=121.97 | steps=354
global_step=1021280 | return=82.93 | steps=272
global_step=1021280 | return=189.58 | steps=255
global_step=1021312 | return=211.74 | steps=184
global_step=1021472 | return=-0.41 | steps=351
global_step=1021984 | return=138.56 | steps=158
global_step=1022080 | return=219.49 | steps=183
global_step=1022400 | return=232.99 | steps=157
global_step=1022720 | return=99.04 | steps=427
global_step=1023200 | return=-120.92 | steps=131
global_step=1023296 | return=-201.99 | steps=141
global_step=1023456 | return=204.29 | steps=206
global_step=1023872 | return=147.96 | steps=315
global_step=1023904 | return=169.78 | steps=221
global_step=1024064 | return=28.69 | steps=362
global_step=1024224 | return=-270.98 | steps=195
global_step=1025440 | return=-474.66 | steps=273
global_step=1025472 | return=228.87 | steps=181
global_step=1026336 | return=10.03 | steps=451
global_step=1026560 | return=-146.57 | steps=119
global_step=1027296 | return=82.99 | steps=226
global_step=1028064 | return=254.01 | steps=148
global_step=1028224 | return=79.63 | steps=295
global_step=1028256 | return=74.67 | steps=273
global_step=1028352 | return=177.12 | steps=227
global_step=1028384 | return=93.38 | steps=247
global_step=1028704 | return=107.25 | steps=231
global_step=1028864 | return=-64.74 | steps=500
global_step=1028896 | return=158.20 | steps=292
global_step=1028960 | return=-102.89 | steps=500
global_step=1029376 | return=243.25 | steps=217
global_step=1029408 | return=-182.90 | steps=500
global_step=1029600 | return=205.78 | steps=199
global_step=1029600 | return=-125.76 | steps=94
global_step=1030464 | return=-115.75 | steps=500
global_step=1030592 | return=-134.39 | steps=132
global_step=1031040 | return=-182.03 | steps=87
global_step=1032128 | return=146.98 | steps=313
global_step=1032128 | return=54.20 | steps=316
global_step=1032160 | return=-111.84 | steps=117
global_step=1032256 | return=110.52 | steps=341
global_step=1032256 | return=-591.09 | steps=261
global_step=1032320 | return=87.81 | steps=214
global_step=1032480 | return=-407.05 | steps=378
global_step=1032800 | return=-69.70 | steps=147
global_step=1032928 | return=-142.29 | steps=103
global_step=1033216 | return=199.81 | steps=304
global_step=1033504 | return=-98.20 | steps=127
global_step=1033792 | return=-123.75 | steps=103
global_step=1033984 | return=-144.24 | steps=431
global_step=1034144 | return=-155.53 | steps=401
global_step=1034208 | return=202.92 | steps=321
global_step=1035200 | return=99.68 | steps=174
global_step=1035360 | return=117.35 | steps=199
global_step=1035392 | return=-180.31 | steps=97
global_step=1035488 | return=-621.20 | steps=480
global_step=1035744 | return=-120.56 | steps=112
global_step=1035776 | return=84.06 | steps=220
global_step=1035776 | return=-166.65 | steps=102
global_step=1035840 | return=-120.51 | steps=111
global_step=1036000 | return=96.60 | steps=271
global_step=1036256 | return=-178.75 | steps=500
global_step=1036576 | return=118.65 | steps=346
global_step=1036640 | return=91.72 | steps=226
global_step=1036896 | return=-104.99 | steps=105
global_step=1036896 | return=179.44 | steps=182
global_step=1037056 | return=-205.41 | steps=95
global_step=1037152 | return=95.28 | steps=257
global_step=1037504 | return=-210.12 | steps=500
global_step=1037600 | return=-79.27 | steps=422
global_step=1037824 | return=217.59 | steps=279
global_step=1038048 | return=-57.32 | steps=119
global_step=1038368 | return=87.19 | steps=441
global_step=1039040 | return=180.92 | steps=263
global_step=1039424 | return=217.99 | steps=175
global_step=1039904 | return=200.18 | steps=241
global_step=1039936 | return=31.66 | steps=361
global_step=1040704 | return=-163.43 | steps=82
global_step=1040736 | return=-159.01 | steps=127
global_step=1041280 | return=29.44 | steps=251
global_step=1041376 | return=230.08 | steps=174
global_step=1042112 | return=-151.39 | steps=116
global_step=1042208 | return=-492.45 | steps=218
global_step=1042592 | return=128.63 | steps=205
global_step=1043072 | return=228.39 | steps=184
global_step=1044128 | return=193.27 | steps=245
global_step=1044256 | return=-99.08 | steps=150
global_step=1044288 | return=-198.13 | steps=500
global_step=1044544 | return=205.03 | steps=238
global_step=1044736 | return=-587.18 | steps=150
global_step=1044768 | return=103.16 | steps=240
global_step=1044864 | return=75.48 | steps=248
global_step=1044896 | return=-734.37 | steps=284
global_step=1044928 | return=170.58 | steps=298
global_step=1045024 | return=46.19 | steps=286
global_step=1045024 | return=221.78 | steps=231
global_step=1045568 | return=-231.96 | steps=133
global_step=1046240 | return=-334.48 | steps=125
global_step=1046656 | return=201.64 | steps=209
global_step=1046752 | return=73.88 | steps=343
global_step=1047072 | return=-22.65 | steps=364
global_step=1047104 | return=257.88 | steps=199
global_step=1047936 | return=-131.38 | steps=93
global_step=1048000 | return=-147.79 | steps=100
global_step=1048160 | return=-155.31 | steps=500
global_step=1048352 | return=-176.62 | steps=500
SPS: 638
global_step=1048832 | return=-135.48 | steps=500
global_step=1048896 | return=163.52 | steps=234
global_step=1048960 | return=-21.79 | steps=500
global_step=1049024 | return=236.89 | steps=215
global_step=1049280 | return=89.13 | steps=193
global_step=1049312 | return=-134.12 | steps=138
global_step=1049728 | return=13.83 | steps=381
global_step=1050048 | return=-22.21 | steps=232
global_step=1050176 | return=-59.18 | steps=500
global_step=1050592 | return=-175.77 | steps=122
global_step=1051296 | return=199.02 | steps=210
global_step=1051328 | return=99.10 | steps=205
global_step=1051328 | return=-16.50 | steps=383
global_step=1051360 | return=169.32 | steps=180
global_step=1051520 | return=-151.57 | steps=500
global_step=1051840 | return=99.13 | steps=212
global_step=1051872 | return=119.91 | steps=347
global_step=1052064 | return=-46.37 | steps=483
global_step=1052384 | return=-101.58 | steps=82
global_step=1052576 | return=165.28 | steps=259
global_step=1053024 | return=224.12 | steps=277
global_step=1053120 | return=215.79 | steps=188
global_step=1053184 | return=122.19 | steps=189
global_step=1053856 | return=-139.77 | steps=500
global_step=1054016 | return=188.12 | steps=176
global_step=1054272 | return=-146.57 | steps=127
global_step=1054688 | return=-632.17 | steps=105
global_step=1054944 | return=171.40 | steps=332
global_step=1054944 | return=128.38 | steps=184
global_step=1055040 | return=141.88 | steps=274
global_step=1055104 | return=213.80 | steps=216
global_step=1055680 | return=-105.28 | steps=134
global_step=1055808 | return=-151.92 | steps=86
global_step=1056480 | return=58.91 | steps=361
global_step=1056608 | return=194.15 | steps=240
global_step=1056928 | return=-102.83 | steps=118
global_step=1057088 | return=198.37 | steps=173
global_step=1057728 | return=80.35 | steps=396
global_step=1058112 | return=75.95 | steps=251
global_step=1058208 | return=-158.13 | steps=109
global_step=1058880 | return=159.51 | steps=298
global_step=1058944 | return=88.90 | steps=237
global_step=1059552 | return=17.54 | steps=334
global_step=1059648 | return=108.82 | steps=363
global_step=1059712 | return=54.70 | steps=244
global_step=1060608 | return=-384.33 | steps=231
global_step=1060608 | return=82.80 | steps=273
global_step=1061920 | return=97.36 | steps=251
global_step=1062272 | return=187.59 | steps=176
global_step=1062336 | return=193.13 | steps=168
global_step=1062528 | return=-130.75 | steps=89
global_step=1062784 | return=-186.29 | steps=500
global_step=1063008 | return=-91.19 | steps=102
global_step=1063296 | return=198.95 | steps=173
global_step=1063360 | return=42.00 | steps=336
global_step=1063360 | return=-77.55 | steps=481
global_step=1064096 | return=99.78 | steps=285
global_step=1064160 | return=198.61 | steps=282
global_step=1064640 | return=28.56 | steps=299
global_step=1064992 | return=-143.93 | steps=500
global_step=1065312 | return=-127.05 | steps=500
global_step=1065312 | return=-138.32 | steps=94
global_step=1065568 | return=-133.69 | steps=94
global_step=1065600 | return=-365.53 | steps=114
global_step=1065984 | return=-143.00 | steps=99
global_step=1066528 | return=173.04 | steps=236
global_step=1066624 | return=-143.58 | steps=500
global_step=1066752 | return=42.30 | steps=368
global_step=1067296 | return=38.10 | steps=262
global_step=1067360 | return=-132.28 | steps=500
global_step=1067936 | return=175.87 | steps=261
global_step=1067936 | return=163.26 | steps=228
global_step=1068096 | return=-96.35 | steps=500
global_step=1068288 | return=-116.79 | steps=164
global_step=1068416 | return=-179.97 | steps=500
global_step=1068896 | return=52.98 | steps=258
global_step=1069664 | return=-511.66 | steps=360
global_step=1069696 | return=198.84 | steps=172
global_step=1069984 | return=-161.96 | steps=124
global_step=1070048 | return=-190.79 | steps=500
global_step=1070240 | return=144.86 | steps=246
global_step=1070304 | return=-211.76 | steps=500
global_step=1070592 | return=-129.60 | steps=126
global_step=1071136 | return=-215.72 | steps=478
global_step=1071168 | return=-312.64 | steps=173
global_step=1071264 | return=91.54 | steps=407
global_step=1071712 | return=-187.45 | steps=500
global_step=1071744 | return=-130.60 | steps=136
global_step=1071776 | return=-129.95 | steps=104
global_step=1072096 | return=82.44 | steps=211
global_step=1072512 | return=-16.37 | steps=500
global_step=1072800 | return=162.11 | steps=233
global_step=1073120 | return=-114.44 | steps=500
global_step=1073440 | return=86.22 | steps=212
global_step=1075264 | return=-227.85 | steps=108
global_step=1075264 | return=128.75 | steps=373
global_step=1075776 | return=-430.43 | steps=318
global_step=1076192 | return=59.02 | steps=246
global_step=1076288 | return=115.93 | steps=196
global_step=1076288 | return=-62.14 | steps=141
global_step=1076352 | return=117.57 | steps=232
global_step=1076416 | return=-159.17 | steps=102
global_step=1076512 | return=250.06 | steps=184
global_step=1076864 | return=245.85 | steps=174
global_step=1077952 | return=106.64 | steps=211
global_step=1078368 | return=27.55 | steps=428
global_step=1078976 | return=73.97 | steps=278
global_step=1079392 | return=-224.03 | steps=500
global_step=1079392 | return=-149.36 | steps=500
global_step=1079616 | return=-85.26 | steps=135
global_step=1080096 | return=-75.25 | steps=116
global_step=1080128 | return=-163.82 | steps=500
global_step=1080352 | return=200.23 | steps=215
global_step=1080352 | return=-297.53 | steps=244
global_step=1081024 | return=-177.07 | steps=500
global_step=1081120 | return=-158.50 | steps=85
global_step=1081344 | return=238.57 | steps=157
SPS: 638
global_step=1081504 | return=126.31 | steps=194
global_step=1081664 | return=151.09 | steps=354
global_step=1082272 | return=-304.91 | steps=179
global_step=1082336 | return=-141.66 | steps=486
global_step=1082368 | return=166.13 | steps=298
global_step=1082368 | return=-14.03 | steps=450
global_step=1083264 | return=-463.39 | steps=478
global_step=1083296 | return=-452.06 | steps=379
global_step=1083328 | return=-138.55 | steps=500
global_step=1083360 | return=-464.98 | steps=93
global_step=1083488 | return=-130.96 | steps=140
global_step=1083616 | return=220.55 | steps=176
global_step=1083968 | return=-467.81 | steps=221
global_step=1084128 | return=-92.81 | steps=500
global_step=1084576 | return=124.19 | steps=464
global_step=1084800 | return=77.47 | steps=408
global_step=1085120 | return=108.79 | steps=482
global_step=1085312 | return=87.49 | steps=184
global_step=1085472 | return=47.96 | steps=302
global_step=1086080 | return=-117.79 | steps=86
global_step=1086272 | return=-189.59 | steps=500
global_step=1086368 | return=115.76 | steps=217
global_step=1086784 | return=-433.02 | steps=176
global_step=1086880 | return=-90.92 | steps=143
global_step=1086944 | return=122.37 | steps=335
global_step=1087392 | return=-480.46 | steps=87
global_step=1087904 | return=208.58 | steps=172
global_step=1088128 | return=-35.44 | steps=500
global_step=1088416 | return=196.98 | steps=189
global_step=1088800 | return=16.90 | steps=270
global_step=1088800 | return=-132.16 | steps=108
global_step=1089216 | return=204.21 | steps=182
global_step=1089504 | return=174.30 | steps=254
global_step=1090240 | return=75.53 | steps=308
global_step=1090656 | return=265.49 | steps=223
global_step=1090656 | return=-476.80 | steps=280
global_step=1090848 | return=230.31 | steps=236
global_step=1091040 | return=-141.98 | steps=129
global_step=1091392 | return=183.86 | steps=281
global_step=1092256 | return=176.39 | steps=222
global_step=1092320 | return=43.11 | steps=271
global_step=1092320 | return=-153.69 | steps=500
global_step=1092448 | return=-267.97 | steps=500
global_step=1092896 | return=-628.96 | steps=355
global_step=1093056 | return=36.18 | steps=404
global_step=1093312 | return=191.63 | steps=265
global_step=1093632 | return=-527.47 | steps=105
global_step=1093632 | return=219.66 | steps=162
global_step=1093984 | return=227.66 | steps=189
global_step=1094112 | return=-175.25 | steps=107
global_step=1094496 | return=238.85 | steps=164
global_step=1094560 | return=-259.02 | steps=157
global_step=1095040 | return=34.68 | steps=345
global_step=1095072 | return=89.95 | steps=366
global_step=1095168 | return=48.61 | steps=283
global_step=1095648 | return=-191.49 | steps=500
global_step=1095744 | return=177.18 | steps=295
global_step=1096160 | return=66.59 | steps=229
global_step=1096224 | return=51.96 | steps=335
global_step=1096800 | return=195.83 | steps=293
global_step=1097056 | return=-46.34 | steps=500
global_step=1097216 | return=-2.54 | steps=408
global_step=1097696 | return=235.25 | steps=196
global_step=1098112 | return=174.43 | steps=290
global_step=1098304 | return=207.63 | steps=186
global_step=1098368 | return=69.69 | steps=188
global_step=1098688 | return=219.79 | steps=238
global_step=1099200 | return=16.01 | steps=382
global_step=1099232 | return=119.84 | steps=217
global_step=1099264 | return=63.09 | steps=212
global_step=1099584 | return=177.52 | steps=185
global_step=1099808 | return=107.13 | steps=210
global_step=1100576 | return=82.73 | steps=205
global_step=1100704 | return=215.79 | steps=172
global_step=1100896 | return=62.59 | steps=199
global_step=1100960 | return=117.65 | steps=321
global_step=1100992 | return=208.48 | steps=184
global_step=1101280 | return=223.57 | steps=159
global_step=1101376 | return=118.29 | steps=212
global_step=1101408 | return=66.62 | steps=179
global_step=1101632 | return=-82.85 | steps=142
global_step=1101920 | return=176.53 | steps=258
global_step=1101920 | return=-558.50 | steps=345
global_step=1102176 | return=121.84 | steps=222
global_step=1102400 | return=-143.76 | steps=500
global_step=1102816 | return=-219.34 | steps=500
global_step=1103072 | return=98.47 | steps=228
global_step=1103360 | return=107.45 | steps=222
global_step=1103648 | return=-190.80 | steps=85
global_step=1104128 | return=71.70 | steps=499
global_step=1104352 | return=68.99 | steps=186
global_step=1104896 | return=215.01 | steps=175
global_step=1105248 | return=156.66 | steps=250
global_step=1105312 | return=109.51 | steps=206
global_step=1105472 | return=183.72 | steps=195
global_step=1106112 | return=-534.84 | steps=243
global_step=1106432 | return=-367.12 | steps=156
global_step=1106656 | return=188.06 | steps=231
global_step=1106848 | return=239.88 | steps=183
global_step=1106944 | return=-125.26 | steps=128
global_step=1107264 | return=216.71 | steps=186
global_step=1107744 | return=111.27 | steps=223
global_step=1107840 | return=72.45 | steps=222
global_step=1108032 | return=-311.47 | steps=263
global_step=1108224 | return=168.61 | steps=262
global_step=1108288 | return=-91.98 | steps=129
global_step=1108544 | return=-356.52 | steps=215
global_step=1108544 | return=-220.76 | steps=206
global_step=1108544 | return=-189.15 | steps=113
global_step=1108768 | return=225.13 | steps=198
global_step=1108928 | return=-199.85 | steps=500
global_step=1109344 | return=-225.63 | steps=500
global_step=1109408 | return=-297.72 | steps=157
global_step=1109536 | return=-204.99 | steps=183
global_step=1109632 | return=-88.48 | steps=134
global_step=1109664 | return=29.14 | steps=373
global_step=1110144 | return=-158.40 | steps=500
global_step=1110336 | return=84.62 | steps=291
global_step=1110656 | return=206.51 | steps=161
global_step=1110816 | return=187.62 | steps=173
global_step=1110976 | return=164.59 | steps=282
global_step=1111008 | return=52.36 | steps=238
global_step=1111360 | return=11.05 | steps=146
global_step=1111648 | return=-172.73 | steps=146
global_step=1111808 | return=83.67 | steps=325
global_step=1112832 | return=-207.29 | steps=500
global_step=1113248 | return=-141.94 | steps=75
global_step=1113312 | return=-103.31 | steps=121
global_step=1113696 | return=-508.48 | steps=486
global_step=1113952 | return=-133.04 | steps=134
SPS: 638
global_step=1114240 | return=-157.69 | steps=146
global_step=1114400 | return=-420.89 | steps=381
global_step=1114496 | return=-65.32 | steps=135
global_step=1114528 | return=201.16 | steps=186
global_step=1114592 | return=-115.12 | steps=91
global_step=1114784 | return=194.11 | steps=234
global_step=1114784 | return=64.79 | steps=247
global_step=1115040 | return=-515.42 | steps=146
global_step=1115104 | return=190.96 | steps=229
global_step=1115488 | return=-51.59 | steps=387
global_step=1115616 | return=-132.83 | steps=86
global_step=1115744 | return=182.43 | steps=300
global_step=1115904 | return=69.16 | steps=239
global_step=1116128 | return=246.38 | steps=236
global_step=1116160 | return=-22.96 | steps=253
global_step=1116256 | return=130.41 | steps=306
global_step=1116576 | return=197.39 | steps=250
global_step=1116576 | return=-591.25 | steps=184
global_step=1116800 | return=-156.66 | steps=155
global_step=1117024 | return=-304.46 | steps=86
global_step=1117760 | return=229.29 | steps=199
global_step=1117952 | return=-423.87 | steps=216
global_step=1118368 | return=27.39 | steps=328
global_step=1118400 | return=-167.74 | steps=121
global_step=1119616 | return=-115.38 | steps=128
global_step=1119808 | return=-89.63 | steps=114
global_step=1119904 | return=196.53 | steps=319
global_step=1120352 | return=206.82 | steps=165
global_step=1120480 | return=44.28 | steps=183
global_step=1120608 | return=108.18 | steps=171
global_step=1120832 | return=72.02 | steps=307
global_step=1120992 | return=87.85 | steps=201
global_step=1121216 | return=-90.04 | steps=144
global_step=1121472 | return=-143.66 | steps=95
global_step=1122240 | return=198.86 | steps=202
global_step=1122240 | return=-100.68 | steps=139
global_step=1122336 | return=81.77 | steps=405
global_step=1122432 | return=66.00 | steps=426
global_step=1122528 | return=209.29 | steps=206
global_step=1122720 | return=120.51 | steps=221
global_step=1123456 | return=251.32 | steps=171
global_step=1123648 | return=137.73 | steps=302
global_step=1123904 | return=-354.06 | steps=90
global_step=1123936 | return=-13.68 | steps=488
global_step=1124000 | return=25.30 | steps=333
global_step=1124448 | return=191.05 | steps=313
global_step=1124864 | return=20.17 | steps=362
global_step=1124960 | return=-184.92 | steps=500
global_step=1125184 | return=-84.62 | steps=146
global_step=1125504 | return=107.17 | steps=278
global_step=1125600 | return=245.55 | steps=186
global_step=1126464 | return=-88.95 | steps=163
global_step=1127648 | return=247.87 | steps=165
global_step=1127680 | return=176.04 | steps=356
global_step=1127776 | return=48.32 | steps=245
global_step=1127776 | return=111.88 | steps=248
global_step=1128160 | return=-131.02 | steps=132
global_step=1128512 | return=166.17 | steps=365
global_step=1128768 | return=141.51 | steps=203
global_step=1129024 | return=110.87 | steps=202
global_step=1129440 | return=231.63 | steps=180
global_step=1129728 | return=-181.03 | steps=500
global_step=1130368 | return=213.17 | steps=253
global_step=1130432 | return=-304.08 | steps=200
global_step=1130816 | return=-67.93 | steps=500
global_step=1130816 | return=-148.43 | steps=500
global_step=1131040 | return=137.39 | steps=259
global_step=1131616 | return=134.21 | steps=254
global_step=1131744 | return=-93.74 | steps=486
global_step=1131776 | return=190.34 | steps=244
global_step=1131968 | return=-196.26 | steps=91
global_step=1132128 | return=101.10 | steps=352
global_step=1132352 | return=-147.40 | steps=130
global_step=1132416 | return=11.01 | steps=311
global_step=1132704 | return=179.34 | steps=234
global_step=1132800 | return=55.80 | steps=492
global_step=1133024 | return=54.45 | steps=251
global_step=1133984 | return=185.62 | steps=196
global_step=1134400 | return=-16.03 | steps=500
global_step=1134560 | return=-155.92 | steps=91
global_step=1134752 | return=193.57 | steps=217
global_step=1134848 | return=-130.21 | steps=189
global_step=1135104 | return=-244.47 | steps=133
global_step=1135808 | return=-76.78 | steps=482
global_step=1136000 | return=-184.82 | steps=99
global_step=1136224 | return=218.24 | steps=161
global_step=1136640 | return=-190.55 | steps=500
global_step=1136672 | return=-102.13 | steps=141
global_step=1136736 | return=2.99 | steps=383
global_step=1136736 | return=27.58 | steps=256
global_step=1137024 | return=-402.65 | steps=359
global_step=1137504 | return=-180.51 | steps=500
global_step=1137728 | return=129.19 | steps=165
global_step=1138848 | return=206.62 | steps=220
global_step=1139008 | return=239.11 | steps=219
global_step=1139104 | return=137.97 | steps=199
global_step=1139616 | return=-172.84 | steps=92
global_step=1139744 | return=199.51 | steps=312
global_step=1140000 | return=230.76 | steps=217
global_step=1140480 | return=198.11 | steps=175
global_step=1140576 | return=207.98 | steps=187
global_step=1140672 | return=-108.67 | steps=122
global_step=1140896 | return=-136.44 | steps=500
global_step=1141312 | return=-204.57 | steps=463
global_step=1141632 | return=-159.21 | steps=500
global_step=1141952 | return=21.00 | steps=299
global_step=1142112 | return=-255.72 | steps=366
global_step=1142304 | return=-172.45 | steps=99
global_step=1142336 | return=-83.68 | steps=103
global_step=1142400 | return=44.25 | steps=404
global_step=1142784 | return=-16.85 | steps=385
global_step=1143072 | return=199.60 | steps=188
global_step=1143168 | return=197.45 | steps=286
global_step=1143680 | return=-82.36 | steps=500
global_step=1143680 | return=234.91 | steps=150
global_step=1143808 | return=-19.40 | steps=500
global_step=1144352 | return=-125.25 | steps=120
global_step=1144448 | return=-78.32 | steps=117
global_step=1144704 | return=118.45 | steps=264
global_step=1144832 | return=220.51 | steps=162
global_step=1144928 | return=64.82 | steps=328
global_step=1145632 | return=94.80 | steps=328
global_step=1146272 | return=94.25 | steps=203
global_step=1146496 | return=-235.00 | steps=184
global_step=1146560 | return=141.74 | steps=275
global_step=1146560 | return=220.29 | steps=163
global_step=1146656 | return=39.74 | steps=285
global_step=1146848 | return=-173.49 | steps=500
SPS: 638
global_step=1147040 | return=43.27 | steps=344
global_step=1147584 | return=-151.50 | steps=121
global_step=1147712 | return=-190.44 | steps=125
global_step=1147776 | return=-143.50 | steps=500
global_step=1147968 | return=231.98 | steps=161
global_step=1148032 | return=45.97 | steps=352
global_step=1148096 | return=216.64 | steps=252
global_step=1148096 | return=221.71 | steps=180
global_step=1148416 | return=237.38 | steps=189
global_step=1148640 | return=-91.54 | steps=133
global_step=1148672 | return=227.69 | steps=219
global_step=1149152 | return=4.35 | steps=389
global_step=1149280 | return=-123.62 | steps=135
global_step=1149472 | return=132.18 | steps=459
global_step=1149632 | return=-150.49 | steps=124
global_step=1149760 | return=-61.00 | steps=108
global_step=1150144 | return=-170.75 | steps=197
global_step=1150624 | return=58.72 | steps=265
global_step=1150976 | return=139.84 | steps=203
global_step=1151008 | return=222.11 | steps=247
global_step=1151072 | return=-291.31 | steps=140
global_step=1151392 | return=-214.65 | steps=106
global_step=1151552 | return=118.39 | steps=209
global_step=1151840 | return=-96.08 | steps=500
global_step=1152320 | return=102.93 | steps=181
global_step=1152448 | return=-138.72 | steps=145
global_step=1153248 | return=-148.29 | steps=117
global_step=1153280 | return=181.12 | steps=206
global_step=1153472 | return=105.33 | steps=215
global_step=1153600 | return=12.00 | steps=396
global_step=1154176 | return=-115.51 | steps=96
global_step=1154176 | return=154.44 | steps=343
global_step=1154336 | return=207.43 | steps=161
global_step=1154528 | return=199.13 | steps=239
global_step=1154528 | return=78.05 | steps=182
global_step=1154752 | return=210.59 | steps=207
global_step=1154848 | return=213.82 | steps=200
global_step=1155072 | return=212.96 | steps=169
global_step=1155168 | return=19.72 | steps=412
global_step=1155392 | return=109.98 | steps=148
global_step=1155744 | return=91.17 | steps=271
global_step=1156224 | return=101.38 | steps=265
global_step=1156512 | return=-31.08 | steps=210
global_step=1156992 | return=184.53 | steps=240
global_step=1157088 | return=165.05 | steps=282
global_step=1157088 | return=107.89 | steps=189
global_step=1157280 | return=-154.58 | steps=125
global_step=1157568 | return=-4.22 | steps=473
global_step=1157600 | return=121.35 | steps=179
global_step=1158496 | return=201.63 | steps=188
global_step=1158688 | return=-162.63 | steps=122
global_step=1159680 | return=159.26 | steps=271
global_step=1159712 | return=69.31 | steps=230
global_step=1159840 | return=223.56 | steps=258
global_step=1160640 | return=-717.84 | steps=190
global_step=1160736 | return=-85.89 | steps=500
global_step=1160768 | return=219.14 | steps=227
global_step=1160832 | return=66.44 | steps=225
global_step=1160864 | return=70.27 | steps=187
global_step=1161024 | return=100.33 | steps=213
global_step=1161184 | return=237.91 | steps=213
global_step=1161536 | return=131.01 | steps=191
global_step=1161888 | return=-50.01 | steps=327
global_step=1162176 | return=-121.61 | steps=114
global_step=1162208 | return=72.16 | steps=278
global_step=1162368 | return=104.34 | steps=182
global_step=1162720 | return=197.25 | steps=175
global_step=1162784 | return=-144.37 | steps=127
global_step=1162944 | return=92.29 | steps=479
global_step=1163232 | return=196.18 | steps=194
global_step=1163392 | return=-474.25 | steps=110
global_step=1163648 | return=226.04 | steps=231
global_step=1164096 | return=187.98 | steps=212
global_step=1164128 | return=-270.73 | steps=500
global_step=1164224 | return=174.57 | steps=282
global_step=1164256 | return=-492.46 | steps=105
global_step=1164672 | return=-132.74 | steps=500
global_step=1164704 | return=-306.76 | steps=279
global_step=1164768 | return=-174.04 | steps=124
global_step=1165088 | return=73.17 | steps=234
global_step=1165216 | return=205.95 | steps=171
global_step=1165280 | return=121.28 | steps=255
global_step=1165952 | return=-149.04 | steps=100
global_step=1166112 | return=-167.67 | steps=116
global_step=1166176 | return=-254.12 | steps=500
global_step=1166560 | return=79.19 | steps=172
global_step=1166880 | return=121.29 | steps=188
global_step=1167392 | return=93.70 | steps=305
global_step=1167712 | return=74.27 | steps=172
global_step=1167744 | return=190.08 | steps=218
global_step=1167872 | return=212.24 | steps=208
global_step=1168224 | return=199.76 | steps=169
global_step=1168704 | return=138.03 | steps=170
global_step=1168864 | return=83.28 | steps=170
global_step=1168992 | return=207.71 | steps=151
global_step=1169696 | return=111.87 | steps=243
global_step=1170208 | return=-133.38 | steps=500
global_step=1170368 | return=209.09 | steps=164
global_step=1170432 | return=-151.62 | steps=162
global_step=1170528 | return=-539.75 | steps=499
global_step=1170848 | return=92.08 | steps=173
global_step=1170848 | return=-129.65 | steps=145
global_step=1170912 | return=222.33 | steps=208
global_step=1171104 | return=-102.61 | steps=500
global_step=1171424 | return=179.82 | steps=223
global_step=1171616 | return=-112.87 | steps=147
global_step=1171744 | return=-127.46 | steps=109
global_step=1172288 | return=45.58 | steps=234
global_step=1172960 | return=212.89 | steps=163
global_step=1173408 | return=-131.88 | steps=89
global_step=1174208 | return=230.88 | steps=166
global_step=1174208 | return=-202.53 | steps=117
global_step=1174432 | return=235.26 | steps=208
global_step=1174496 | return=217.52 | steps=206
global_step=1174784 | return=209.22 | steps=270
global_step=1174912 | return=184.06 | steps=279
global_step=1175328 | return=-181.20 | steps=115
global_step=1175392 | return=-28.38 | steps=460
global_step=1175712 | return=-89.69 | steps=500
global_step=1175904 | return=113.88 | steps=193
global_step=1175904 | return=196.96 | steps=265
global_step=1176288 | return=28.78 | steps=303
global_step=1176416 | return=116.49 | steps=398
global_step=1176640 | return=83.35 | steps=238
global_step=1177312 | return=137.75 | steps=173
global_step=1177376 | return=-278.95 | steps=137
global_step=1177504 | return=-58.39 | steps=102
global_step=1177536 | return=119.34 | steps=208
global_step=1177568 | return=-351.76 | steps=500
global_step=1177632 | return=-159.50 | steps=99
global_step=1177888 | return=241.69 | steps=174
global_step=1178240 | return=-182.71 | steps=90
global_step=1178240 | return=-146.57 | steps=500
global_step=1178528 | return=203.73 | steps=259
global_step=1178912 | return=128.61 | steps=243
global_step=1178976 | return=-173.17 | steps=500
global_step=1179104 | return=-248.74 | steps=87
global_step=1179328 | return=-270.66 | steps=90
SPS: 638
global_step=1179776 | return=126.94 | steps=276
global_step=1180128 | return=-157.59 | steps=500
global_step=1180352 | return=73.67 | steps=191
global_step=1180352 | return=-187.59 | steps=92
global_step=1180704 | return=-170.50 | steps=500
global_step=1180736 | return=-207.23 | steps=500
global_step=1180768 | return=182.76 | steps=195
global_step=1181248 | return=216.52 | steps=244
global_step=1181888 | return=217.82 | steps=186
global_step=1182176 | return=-405.61 | steps=172
global_step=1183168 | return=187.33 | steps=182
global_step=1183456 | return=-84.52 | steps=128
global_step=1183744 | return=220.34 | steps=190
global_step=1183872 | return=-343.69 | steps=264
global_step=1184032 | return=136.46 | steps=171
global_step=1184160 | return=91.63 | steps=195
global_step=1184736 | return=-211.95 | steps=500
global_step=1184896 | return=142.03 | steps=207
global_step=1185376 | return=105.73 | steps=222
global_step=1186272 | return=200.03 | steps=273
global_step=1186400 | return=-8.86 | steps=500
global_step=1186432 | return=116.93 | steps=189
global_step=1186688 | return=11.50 | steps=494
global_step=1187072 | return=237.78 | steps=198
global_step=1187264 | return=111.46 | steps=222
global_step=1187456 | return=-0.91 | steps=500
global_step=1187552 | return=111.94 | steps=394
global_step=1188320 | return=-399.02 | steps=291
global_step=1188704 | return=238.74 | steps=203
global_step=1188736 | return=46.88 | steps=306
global_step=1188864 | return=184.54 | steps=237
global_step=1189216 | return=30.57 | steps=415
global_step=1190048 | return=239.62 | steps=214
global_step=1190720 | return=178.99 | steps=186
global_step=1190816 | return=-89.01 | steps=500
global_step=1191392 | return=32.18 | steps=362
global_step=1191744 | return=-57.85 | steps=500
global_step=1191808 | return=184.35 | steps=238
global_step=1192192 | return=65.52 | steps=272
global_step=1192640 | return=211.52 | steps=226
global_step=1192736 | return=94.25 | steps=271
global_step=1192736 | return=165.18 | steps=201
global_step=1192736 | return=144.95 | steps=196
global_step=1193312 | return=-156.25 | steps=138
global_step=1193568 | return=-279.12 | steps=500
global_step=1193600 | return=-51.11 | steps=500
global_step=1193632 | return=-97.74 | steps=152
global_step=1193664 | return=-87.43 | steps=309
global_step=1193696 | return=190.37 | steps=206
global_step=1193984 | return=80.53 | steps=413
global_step=1194048 | return=230.81 | steps=238
global_step=1194496 | return=95.08 | steps=192
global_step=1194592 | return=193.19 | steps=302
global_step=1194688 | return=164.37 | steps=249
global_step=1194816 | return=245.37 | steps=174
global_step=1195136 | return=-92.20 | steps=500
global_step=1195392 | return=131.48 | steps=247
global_step=1195680 | return=-126.00 | steps=151
global_step=1196384 | return=-63.19 | steps=500
global_step=1196416 | return=97.51 | steps=453
global_step=1196448 | return=-106.95 | steps=115
global_step=1196736 | return=-180.09 | steps=96
global_step=1196800 | return=68.75 | steps=288
global_step=1196800 | return=-50.43 | steps=500
global_step=1198368 | return=176.78 | steps=192
global_step=1198720 | return=228.18 | steps=217
global_step=1198720 | return=151.53 | steps=357
global_step=1198848 | return=133.94 | steps=232
global_step=1199488 | return=92.75 | steps=180
global_step=1199552 | return=183.19 | steps=212
global_step=1199808 | return=226.45 | steps=162
global_step=1199904 | return=-137.24 | steps=500
global_step=1200288 | return=233.24 | steps=206
global_step=1200448 | return=-102.64 | steps=113
global_step=1200608 | return=162.28 | steps=206
global_step=1200640 | return=99.85 | steps=219
global_step=1200928 | return=202.70 | steps=172
global_step=1201152 | return=98.83 | steps=236
global_step=1201248 | return=266.09 | steps=150
global_step=1201376 | return=-71.44 | steps=144
global_step=1201632 | return=211.85 | steps=259
global_step=1201728 | return=173.31 | steps=219
global_step=1201952 | return=177.56 | steps=290
global_step=1202112 | return=168.07 | steps=251
global_step=1203008 | return=233.83 | steps=206
global_step=1203200 | return=-156.17 | steps=115
global_step=1203392 | return=99.24 | steps=240
global_step=1203520 | return=48.12 | steps=220
global_step=1204576 | return=-118.34 | steps=113
global_step=1204736 | return=-159.07 | steps=500
global_step=1204960 | return=72.50 | steps=190
global_step=1205536 | return=242.49 | steps=223
global_step=1206080 | return=-112.48 | steps=500
global_step=1206272 | return=-94.65 | steps=485
global_step=1206656 | return=65.74 | steps=463
global_step=1206784 | return=-162.27 | steps=101
global_step=1207136 | return=113.02 | steps=236
global_step=1207136 | return=171.17 | steps=228
global_step=1207936 | return=62.74 | steps=238
global_step=1208416 | return=242.68 | steps=168
global_step=1208608 | return=148.88 | steps=308
global_step=1208704 | return=189.29 | steps=220
global_step=1208768 | return=-131.78 | steps=500
global_step=1209664 | return=65.68 | steps=262
global_step=1209856 | return=-38.72 | steps=459
global_step=1210464 | return=85.24 | steps=220
global_step=1210528 | return=-57.79 | steps=120
global_step=1210528 | return=-182.69 | steps=500
global_step=1210848 | return=-78.06 | steps=500
global_step=1211040 | return=-124.06 | steps=148
global_step=1211136 | return=24.02 | steps=447
global_step=1211520 | return=43.17 | steps=216
SPS: 638
global_step=1212608 | return=-253.52 | steps=121
global_step=1213280 | return=185.90 | steps=353
global_step=1213824 | return=-121.17 | steps=123
global_step=1213856 | return=-110.27 | steps=105
global_step=1214400 | return=132.68 | steps=294
global_step=1214752 | return=-244.39 | steps=500
global_step=1214752 | return=-36.42 | steps=440
global_step=1214816 | return=108.50 | steps=443
global_step=1214912 | return=152.72 | steps=196
global_step=1215072 | return=-62.95 | steps=473
global_step=1215936 | return=29.57 | steps=234
global_step=1216224 | return=43.62 | steps=470
global_step=1216288 | return=-207.21 | steps=114
global_step=1216352 | return=108.42 | steps=287
global_step=1216480 | return=-324.60 | steps=500
global_step=1216672 | return=192.78 | steps=181
global_step=1216832 | return=-427.76 | steps=93
global_step=1216928 | return=-161.25 | steps=95
global_step=1217024 | return=217.64 | steps=186
global_step=1217152 | return=166.71 | steps=206
global_step=1217408 | return=-188.22 | steps=500
global_step=1217536 | return=83.84 | steps=218
global_step=1217760 | return=-169.94 | steps=500
global_step=1218144 | return=-78.70 | steps=500
global_step=1218272 | return=205.85 | steps=347
global_step=1218912 | return=123.44 | steps=175
global_step=1219232 | return=-155.20 | steps=500
global_step=1219360 | return=152.39 | steps=244
global_step=1219808 | return=-295.15 | steps=97
global_step=1220736 | return=-76.87 | steps=138
global_step=1220768 | return=-64.85 | steps=500
global_step=1221120 | return=79.22 | steps=198
global_step=1221120 | return=206.57 | steps=152
global_step=1221344 | return=-118.53 | steps=151
global_step=1221568 | return=-165.82 | steps=500
global_step=1221856 | return=-377.57 | steps=434
global_step=1222080 | return=-413.88 | steps=477
global_step=1222112 | return=-207.93 | steps=500
global_step=1222560 | return=4.56 | steps=356
global_step=1223136 | return=97.62 | steps=211
global_step=1223360 | return=261.48 | steps=174
global_step=1223360 | return=211.50 | steps=181
global_step=1223872 | return=182.96 | steps=282
global_step=1224128 | return=-169.09 | steps=105
global_step=1224672 | return=190.26 | steps=304
global_step=1224736 | return=67.89 | steps=228
global_step=1224768 | return=70.64 | steps=237
global_step=1224800 | return=-149.17 | steps=500
global_step=1225504 | return=-136.77 | steps=122
global_step=1225696 | return=-68.71 | steps=500
global_step=1225760 | return=222.18 | steps=213
global_step=1226464 | return=-206.63 | steps=159
global_step=1226912 | return=123.51 | steps=235
global_step=1227456 | return=124.72 | steps=208
global_step=1227552 | return=182.21 | steps=241
global_step=1227584 | return=85.69 | steps=400
global_step=1228768 | return=183.35 | steps=238
global_step=1228896 | return=261.56 | steps=179
global_step=1229120 | return=206.00 | steps=179
global_step=1229152 | return=-300.76 | steps=135
global_step=1229568 | return=-207.53 | steps=240
global_step=1229888 | return=-6.99 | steps=332
global_step=1230016 | return=162.65 | steps=183
global_step=1230432 | return=-117.30 | steps=500
global_step=1230528 | return=140.25 | steps=382
global_step=1230816 | return=98.87 | steps=430
global_step=1231104 | return=-217.64 | steps=500
global_step=1231136 | return=228.44 | steps=167
global_step=1231392 | return=225.95 | steps=234
global_step=1231904 | return=149.74 | steps=305
global_step=1231936 | return=-94.35 | steps=139
global_step=1231968 | return=-53.47 | steps=500
global_step=1232224 | return=129.44 | steps=165
global_step=1232224 | return=-360.39 | steps=96
global_step=1232512 | return=-98.50 | steps=91
global_step=1232704 | return=151.00 | steps=224
global_step=1232864 | return=-231.93 | steps=500
global_step=1232960 | return=-42.49 | steps=500
global_step=1233248 | return=210.42 | steps=177
global_step=1233696 | return=86.89 | steps=279
global_step=1234176 | return=-45.49 | steps=500
global_step=1234176 | return=219.62 | steps=168
global_step=1234272 | return=88.97 | steps=340
global_step=1234432 | return=193.79 | steps=248
global_step=1234528 | return=-85.76 | steps=115
global_step=1234592 | return=-131.31 | steps=82
global_step=1234688 | return=-29.32 | steps=393
global_step=1235168 | return=179.22 | steps=324
global_step=1235264 | return=-85.63 | steps=129
global_step=1235584 | return=158.30 | steps=451
global_step=1235872 | return=-199.76 | steps=98
global_step=1236128 | return=-129.95 | steps=155
global_step=1237536 | return=143.17 | steps=221
global_step=1238240 | return=-72.65 | steps=115
global_step=1238368 | return=-143.95 | steps=130
global_step=1238528 | return=92.32 | steps=292
global_step=1238592 | return=-60.13 | steps=500
global_step=1238784 | return=193.66 | steps=257
global_step=1239136 | return=111.29 | steps=215
global_step=1239680 | return=81.03 | steps=436
global_step=1239776 | return=-54.37 | steps=471
global_step=1239808 | return=17.92 | steps=381
global_step=1240352 | return=-107.67 | steps=176
global_step=1241024 | return=53.65 | steps=242
global_step=1241824 | return=14.56 | steps=309
global_step=1242112 | return=-175.03 | steps=92
global_step=1242208 | return=89.17 | steps=250
global_step=1242720 | return=238.06 | steps=232
global_step=1243104 | return=107.40 | steps=408
global_step=1243328 | return=76.58 | steps=323
global_step=1243360 | return=203.03 | steps=255
global_step=1243424 | return=-281.79 | steps=275
global_step=1244288 | return=-110.81 | steps=139
global_step=1244448 | return=-90.35 | steps=148
global_step=1244512 | return=44.82 | steps=456
global_step=1244512 | return=-223.82 | steps=186
global_step=1244576 | return=143.21 | steps=186
global_step=1244608 | return=159.09 | steps=281
global_step=1244928 | return=-141.76 | steps=500
SPS: 638
global_step=1245312 | return=51.04 | steps=294
global_step=1245376 | return=44.11 | steps=390
global_step=1245568 | return=183.36 | steps=250
global_step=1245600 | return=77.02 | steps=295
global_step=1245792 | return=114.27 | steps=187
global_step=1246016 | return=102.42 | steps=366
global_step=1246016 | return=11.77 | steps=238
global_step=1246144 | return=-134.65 | steps=94
global_step=1246560 | return=184.89 | steps=242
global_step=1246784 | return=2.98 | steps=462
global_step=1246912 | return=226.71 | steps=204
global_step=1247424 | return=-154.49 | steps=500
global_step=1247424 | return=219.21 | steps=165
global_step=1247872 | return=-439.28 | steps=419
global_step=1247872 | return=17.78 | steps=442
global_step=1247968 | return=111.31 | steps=191
global_step=1248096 | return=-91.91 | steps=109
global_step=1248256 | return=-51.95 | steps=500
global_step=1248288 | return=-339.71 | steps=154
global_step=1248544 | return=-118.38 | steps=500
global_step=1248864 | return=-125.52 | steps=135
global_step=1248992 | return=78.14 | steps=195
global_step=1249312 | return=-60.35 | steps=109
global_step=1249408 | return=-217.76 | steps=105
global_step=1250208 | return=95.24 | steps=177
global_step=1250720 | return=176.41 | steps=229
global_step=1251072 | return=-172.62 | steps=87
global_step=1251072 | return=137.08 | steps=211
global_step=1251360 | return=107.99 | steps=186
global_step=1251520 | return=212.52 | steps=193
global_step=1251648 | return=-402.04 | steps=224
global_step=1251680 | return=175.19 | steps=220
global_step=1252064 | return=-135.67 | steps=144
global_step=1252640 | return=-489.41 | steps=162
global_step=1252704 | return=-92.87 | steps=105
global_step=1253120 | return=-521.71 | steps=377
global_step=1253120 | return=-186.55 | steps=90
global_step=1253376 | return=204.55 | steps=164
global_step=1253408 | return=-355.07 | steps=230
global_step=1253440 | return=192.37 | steps=245
global_step=1254144 | return=230.07 | steps=182
global_step=1254240 | return=-176.49 | steps=150
global_step=1254272 | return=-59.40 | steps=500
global_step=1254688 | return=-127.89 | steps=93
global_step=1254720 | return=187.05 | steps=267
global_step=1254752 | return=140.21 | steps=248
global_step=1254816 | return=-209.97 | steps=102
global_step=1254976 | return=-301.86 | steps=221
global_step=1255616 | return=102.48 | steps=238
global_step=1255808 | return=-149.42 | steps=98
global_step=1255840 | return=58.02 | steps=387
global_step=1256352 | return=75.59 | steps=229
global_step=1257088 | return=154.71 | steps=328
global_step=1257184 | return=-61.48 | steps=361
global_step=1257824 | return=165.63 | steps=340
global_step=1258048 | return=46.56 | steps=186
global_step=1258240 | return=-41.15 | steps=500
global_step=1258464 | return=244.36 | steps=230
global_step=1258912 | return=-31.69 | steps=323
global_step=1259168 | return=199.51 | steps=201
global_step=1259584 | return=190.68 | steps=247
global_step=1259744 | return=84.00 | steps=339
global_step=1259872 | return=99.99 | steps=201
global_step=1259904 | return=251.61 | steps=179
global_step=1260160 | return=110.52 | steps=183
global_step=1260608 | return=206.32 | steps=233
global_step=1260928 | return=207.45 | steps=243
global_step=1260960 | return=-283.95 | steps=500
global_step=1261120 | return=32.95 | steps=191
global_step=1261152 | return=236.05 | steps=215
global_step=1261152 | return=-136.09 | steps=96
global_step=1261376 | return=-148.64 | steps=97
global_step=1261568 | return=111.20 | steps=185
global_step=1261952 | return=93.40 | steps=225
global_step=1262176 | return=94.76 | steps=233
global_step=1262368 | return=62.95 | steps=343
global_step=1262752 | return=193.58 | steps=215
global_step=1263040 | return=190.56 | steps=182
global_step=1263264 | return=-196.13 | steps=105
global_step=1263264 | return=-81.64 | steps=135
global_step=1263488 | return=48.70 | steps=222
global_step=1263904 | return=-169.62 | steps=500
global_step=1264448 | return=-101.34 | steps=141
global_step=1264768 | return=-266.11 | steps=87
global_step=1264864 | return=140.20 | steps=313
global_step=1265024 | return=-17.16 | steps=446
global_step=1265536 | return=-145.43 | steps=104
global_step=1265792 | return=88.26 | steps=188
global_step=1266816 | return=-102.71 | steps=207
global_step=1267104 | return=-284.17 | steps=500
global_step=1267360 | return=193.29 | steps=242
global_step=1267936 | return=201.18 | steps=161
global_step=1267936 | return=197.93 | steps=211
global_step=1268448 | return=253.01 | steps=161
global_step=1268480 | return=-236.28 | steps=190
global_step=1268640 | return=45.63 | steps=240
global_step=1269280 | return=126.16 | steps=253
global_step=1269408 | return=-211.87 | steps=500
global_step=1269472 | return=-126.53 | steps=500
global_step=1269856 | return=97.39 | steps=205
global_step=1270624 | return=52.46 | steps=357
global_step=1270656 | return=77.80 | steps=183
global_step=1270656 | return=60.17 | steps=193
global_step=1270784 | return=-184.68 | steps=500
global_step=1270784 | return=248.64 | steps=184
global_step=1270944 | return=-336.50 | steps=184
global_step=1271136 | return=144.27 | steps=317
global_step=1271296 | return=58.69 | steps=303
global_step=1271584 | return=229.25 | steps=252
global_step=1271776 | return=163.93 | steps=348
global_step=1271840 | return=-230.35 | steps=500
global_step=1272288 | return=-76.93 | steps=431
global_step=1272384 | return=-381.89 | steps=343
global_step=1272416 | return=-67.44 | steps=117
global_step=1272416 | return=-219.00 | steps=91
global_step=1272864 | return=-8.84 | steps=469
global_step=1272992 | return=176.99 | steps=232
global_step=1273120 | return=-125.03 | steps=500
global_step=1273184 | return=-126.22 | steps=117
global_step=1273408 | return=114.03 | steps=188
global_step=1273856 | return=199.04 | steps=184
global_step=1273952 | return=223.83 | steps=170
global_step=1274112 | return=-380.02 | steps=150
global_step=1274208 | return=-168.25 | steps=110
global_step=1274528 | return=200.21 | steps=205
global_step=1274720 | return=211.96 | steps=237
global_step=1275040 | return=-88.70 | steps=137
global_step=1275232 | return=20.68 | steps=294
global_step=1275520 | return=-87.00 | steps=131
global_step=1275776 | return=206.29 | steps=184
global_step=1276480 | return=-104.78 | steps=104
global_step=1277024 | return=-442.51 | steps=143
global_step=1277152 | return=-245.22 | steps=500
global_step=1277216 | return=109.20 | steps=167
global_step=1277280 | return=199.45 | steps=206
global_step=1277664 | return=-625.86 | steps=132
global_step=1277888 | return=-101.31 | steps=122
SPS: 638
global_step=1278080 | return=79.16 | steps=227
global_step=1278688 | return=-516.35 | steps=142
global_step=1278720 | return=197.61 | steps=236
global_step=1278720 | return=-532.02 | steps=151
global_step=1279072 | return=-218.90 | steps=500
global_step=1279200 | return=-132.31 | steps=84
global_step=1279488 | return=214.54 | steps=266
global_step=1279552 | return=62.61 | steps=248
global_step=1279840 | return=231.62 | steps=159
global_step=1279904 | return=-74.43 | steps=499
global_step=1279936 | return=205.99 | steps=178
global_step=1281024 | return=116.42 | steps=319
global_step=1281504 | return=-191.21 | steps=87
global_step=1282112 | return=185.61 | steps=220
global_step=1282592 | return=185.16 | steps=299
global_step=1282848 | return=-183.59 | steps=500
global_step=1283200 | return=111.60 | steps=337
global_step=1283392 | return=-437.98 | steps=198
global_step=1283584 | return=189.92 | steps=198
global_step=1283648 | return=-230.72 | steps=127
global_step=1283648 | return=-353.40 | steps=336
global_step=1283680 | return=228.89 | steps=154
global_step=1284480 | return=-143.07 | steps=500
global_step=1284672 | return=147.79 | steps=234
global_step=1285856 | return=188.43 | steps=198
global_step=1285920 | return=-75.31 | steps=95
global_step=1286528 | return=162.50 | steps=228
global_step=1286688 | return=111.42 | steps=210
global_step=1286720 | return=-89.92 | steps=97
global_step=1286944 | return=-148.77 | steps=135
global_step=1286944 | return=197.04 | steps=282
global_step=1287424 | return=-227.42 | steps=116
global_step=1287584 | return=181.39 | steps=265
global_step=1287808 | return=-110.33 | steps=500
global_step=1287840 | return=59.08 | steps=304
global_step=1288320 | return=-147.57 | steps=500
global_step=1288448 | return=-131.36 | steps=500
global_step=1288896 | return=-141.54 | steps=490
global_step=1289056 | return=138.31 | steps=322
global_step=1289728 | return=233.29 | steps=203
global_step=1289856 | return=26.54 | steps=312
global_step=1289856 | return=-718.50 | steps=193
global_step=1290560 | return=-277.67 | steps=500
global_step=1291072 | return=61.35 | steps=279
global_step=1291136 | return=-138.21 | steps=87
global_step=1291264 | return=-129.41 | steps=500
global_step=1291488 | return=-133.06 | steps=113
global_step=1291552 | return=-39.43 | steps=500
global_step=1291808 | return=-231.06 | steps=500
global_step=1293312 | return=-34.23 | steps=500
global_step=1293312 | return=87.39 | steps=275
global_step=1293376 | return=194.31 | steps=200
global_step=1293696 | return=-180.97 | steps=500
global_step=1293792 | return=142.05 | steps=221
global_step=1294176 | return=-118.45 | steps=90
global_step=1294208 | return=64.38 | steps=297
global_step=1294528 | return=222.76 | steps=243
global_step=1294592 | return=243.32 | steps=172
global_step=1294784 | return=-140.66 | steps=115
global_step=1294912 | return=111.51 | steps=228
global_step=1295648 | return=-519.84 | steps=127
global_step=1295936 | return=-76.12 | steps=500
global_step=1295968 | return=102.86 | steps=220
global_step=1296032 | return=214.03 | steps=236
global_step=1296096 | return=172.22 | steps=258
global_step=1296256 | return=222.56 | steps=177
global_step=1296480 | return=144.47 | steps=297
global_step=1296512 | return=249.61 | steps=207
global_step=1296704 | return=69.32 | steps=489
global_step=1297056 | return=139.73 | steps=300
global_step=1297056 | return=106.01 | steps=224
global_step=1297216 | return=119.89 | steps=233
global_step=1297536 | return=-180.25 | steps=500
global_step=1297792 | return=-171.76 | steps=137
global_step=1297920 | return=74.04 | steps=211
global_step=1298080 | return=-109.33 | steps=110
global_step=1299008 | return=-88.63 | steps=410
global_step=1299200 | return=113.98 | steps=168
global_step=1299200 | return=-84.92 | steps=110
global_step=1299296 | return=62.55 | steps=233
global_step=1299424 | return=-195.16 | steps=500
global_step=1299680 | return=-191.80 | steps=500
global_step=1300032 | return=-119.46 | steps=122
global_step=1300160 | return=-368.35 | steps=130
global_step=1300320 | return=-130.40 | steps=136
global_step=1300416 | return=96.69 | steps=221
global_step=1300544 | return=218.65 | steps=197
global_step=1300928 | return=-9.96 | steps=225
global_step=1301632 | return=166.75 | steps=213
global_step=1301952 | return=-200.61 | steps=500
global_step=1302144 | return=101.99 | steps=225
global_step=1302144 | return=184.51 | steps=176
global_step=1302272 | return=37.93 | steps=279
global_step=1302400 | return=97.10 | steps=495
global_step=1302720 | return=94.41 | steps=208
global_step=1302944 | return=214.12 | steps=208
global_step=1303104 | return=135.42 | steps=205
global_step=1303360 | return=146.63 | steps=169
global_step=1303968 | return=96.07 | steps=210
global_step=1304448 | return=113.81 | steps=215
global_step=1305664 | return=212.04 | steps=201
global_step=1305792 | return=110.21 | steps=283
global_step=1305888 | return=86.40 | steps=214
global_step=1305984 | return=221.96 | steps=211
global_step=1306144 | return=153.66 | steps=178
global_step=1306176 | return=70.14 | steps=261
global_step=1306336 | return=98.29 | steps=168
global_step=1306336 | return=91.60 | steps=196
global_step=1306784 | return=141.58 | steps=201
global_step=1307104 | return=-294.92 | steps=313
global_step=1307168 | return=226.35 | steps=218
global_step=1307520 | return=-230.28 | steps=500
global_step=1308000 | return=131.34 | steps=418
global_step=1308128 | return=85.66 | steps=275
global_step=1308416 | return=55.63 | steps=354
global_step=1309664 | return=-6.11 | steps=311
global_step=1310016 | return=-224.24 | steps=227
global_step=1310208 | return=-181.67 | steps=500
global_step=1310272 | return=155.52 | steps=249
global_step=1310432 | return=127.09 | steps=233
SPS: 638
global_step=1311360 | return=-101.36 | steps=142
global_step=1311424 | return=122.32 | steps=217
global_step=1311488 | return=179.20 | steps=253
global_step=1311840 | return=192.77 | steps=171
global_step=1311936 | return=-367.05 | steps=195
global_step=1312000 | return=86.33 | steps=250
global_step=1312064 | return=57.64 | steps=183
global_step=1312064 | return=11.71 | steps=315
global_step=1312256 | return=55.63 | steps=442
global_step=1312288 | return=140.42 | steps=316
global_step=1312736 | return=115.91 | steps=199
global_step=1312832 | return=44.18 | steps=303
global_step=1312928 | return=87.80 | steps=219
global_step=1313632 | return=91.73 | steps=443
global_step=1314144 | return=110.42 | steps=374
global_step=1314432 | return=-15.11 | steps=433
global_step=1314560 | return=-139.65 | steps=133
global_step=1314816 | return=-314.99 | steps=160
global_step=1314880 | return=-80.46 | steps=105
global_step=1314976 | return=176.60 | steps=245
global_step=1314976 | return=-152.99 | steps=148
global_step=1315104 | return=68.33 | steps=420
global_step=1315328 | return=233.64 | steps=243
global_step=1315584 | return=-170.07 | steps=129
global_step=1316192 | return=232.27 | steps=242
global_step=1316576 | return=-345.12 | steps=336
global_step=1316576 | return=-105.91 | steps=113
global_step=1317024 | return=-105.75 | steps=105
global_step=1317024 | return=146.55 | steps=218
global_step=1317024 | return=184.73 | steps=156
global_step=1317472 | return=185.53 | steps=168
global_step=1317536 | return=-94.15 | steps=472
global_step=1319232 | return=-127.74 | steps=113
global_step=1319264 | return=-120.89 | steps=95
global_step=1319584 | return=122.68 | steps=160
global_step=1319616 | return=97.57 | steps=425
global_step=1319648 | return=-154.96 | steps=95
global_step=1320224 | return=115.58 | steps=377
global_step=1320864 | return=202.90 | steps=183
global_step=1320896 | return=-140.96 | steps=460
global_step=1321184 | return=106.86 | steps=193
global_step=1321216 | return=157.19 | steps=289
global_step=1321312 | return=-452.35 | steps=210
global_step=1321472 | return=87.57 | steps=293
global_step=1321568 | return=105.50 | steps=208
global_step=1321600 | return=184.23 | steps=195
global_step=1322016 | return=100.38 | steps=286
global_step=1322016 | return=116.04 | steps=245
global_step=1322784 | return=-285.24 | steps=487
global_step=1323008 | return=97.61 | steps=246
global_step=1323040 | return=64.61 | steps=469
global_step=1323584 | return=238.75 | steps=190
global_step=1324096 | return=134.68 | steps=426
global_step=1324320 | return=-180.46 | steps=404
global_step=1324352 | return=244.91 | steps=158
global_step=1324704 | return=121.54 | steps=388
global_step=1324832 | return=241.90 | steps=163
global_step=1324960 | return=-82.73 | steps=381
global_step=1325152 | return=-151.23 | steps=97
global_step=1325504 | return=153.30 | steps=264
global_step=1325504 | return=-376.99 | steps=84
global_step=1325568 | return=-149.49 | steps=135
global_step=1325824 | return=-123.27 | steps=86
global_step=1326688 | return=45.24 | steps=315
global_step=1326944 | return=106.45 | steps=153
global_step=1327296 | return=167.65 | steps=251
global_step=1327552 | return=121.40 | steps=328
global_step=1327808 | return=158.46 | steps=336
global_step=1327808 | return=-162.25 | steps=131
global_step=1327808 | return=76.38 | steps=216
global_step=1327840 | return=197.40 | steps=203
global_step=1327872 | return=-122.81 | steps=500
global_step=1328000 | return=207.54 | steps=212
global_step=1328320 | return=-138.03 | steps=500
global_step=1328384 | return=90.28 | steps=254
global_step=1328480 | return=-247.03 | steps=90
global_step=1328512 | return=108.20 | steps=216
global_step=1329120 | return=-119.46 | steps=123
global_step=1329920 | return=198.74 | steps=173
global_step=1329952 | return=208.08 | steps=159
global_step=1330560 | return=188.80 | steps=283
global_step=1330656 | return=-188.18 | steps=104
global_step=1330848 | return=-261.49 | steps=500
global_step=1330848 | return=-188.36 | steps=102
global_step=1330848 | return=182.98 | steps=288
global_step=1331072 | return=-182.69 | steps=101
global_step=1331232 | return=102.98 | steps=222
global_step=1332096 | return=207.61 | steps=242
global_step=1332128 | return=-36.39 | steps=133
global_step=1332704 | return=-144.95 | steps=131
global_step=1332768 | return=-0.39 | steps=154
global_step=1332768 | return=-125.82 | steps=132
global_step=1332832 | return=209.41 | steps=150
global_step=1332960 | return=-442.37 | steps=119
global_step=1333056 | return=117.30 | steps=190
global_step=1333248 | return=-292.22 | steps=153
global_step=1333344 | return=-426.07 | steps=269
global_step=1333568 | return=-89.26 | steps=500
global_step=1333856 | return=121.42 | steps=338
global_step=1333952 | return=167.79 | steps=407
global_step=1334752 | return=-115.93 | steps=109
global_step=1334976 | return=204.75 | steps=223
global_step=1335648 | return=-39.64 | steps=500
global_step=1335680 | return=-61.43 | steps=500
global_step=1335840 | return=203.76 | steps=248
global_step=1336000 | return=77.75 | steps=160
global_step=1336032 | return=39.88 | steps=238
global_step=1336096 | return=-157.97 | steps=105
global_step=1336672 | return=-71.46 | steps=142
global_step=1336800 | return=43.75 | steps=194
global_step=1336832 | return=-148.30 | steps=101
global_step=1336928 | return=139.75 | steps=356
global_step=1337152 | return=-144.85 | steps=134
global_step=1337216 | return=247.68 | steps=198
global_step=1337696 | return=226.12 | steps=153
global_step=1337760 | return=229.60 | steps=244
global_step=1338048 | return=154.55 | steps=158
global_step=1338304 | return=232.09 | steps=157
global_step=1338368 | return=222.20 | steps=140
global_step=1338464 | return=268.03 | steps=237
global_step=1338528 | return=155.44 | steps=267
global_step=1338848 | return=-88.08 | steps=87
global_step=1339200 | return=-180.54 | steps=131
global_step=1340128 | return=220.25 | steps=192
global_step=1340224 | return=-127.80 | steps=128
global_step=1340448 | return=-224.94 | steps=149
global_step=1340608 | return=-84.39 | steps=105
global_step=1340800 | return=181.14 | steps=250
global_step=1340800 | return=91.12 | steps=270
global_step=1340960 | return=-158.73 | steps=133
global_step=1340960 | return=236.22 | steps=237
global_step=1340992 | return=-192.73 | steps=500
global_step=1341024 | return=30.39 | steps=310
global_step=1341184 | return=186.65 | steps=200
global_step=1341184 | return=-113.93 | steps=106
global_step=1341536 | return=-99.77 | steps=500
global_step=1341792 | return=225.85 | steps=190
global_step=1341856 | return=-187.12 | steps=500
global_step=1342496 | return=-210.25 | steps=130
global_step=1342720 | return=-277.21 | steps=500
global_step=1342720 | return=193.69 | steps=173
global_step=1342784 | return=-170.23 | steps=147
SPS: 638
global_step=1344000 | return=120.41 | steps=175
global_step=1344064 | return=182.71 | steps=222
global_step=1344192 | return=-173.93 | steps=116
global_step=1344384 | return=132.21 | steps=161
global_step=1344480 | return=-73.77 | steps=120
global_step=1344576 | return=39.55 | steps=272
global_step=1344960 | return=194.36 | steps=200
global_step=1344992 | return=-106.47 | steps=255
global_step=1345216 | return=204.51 | steps=158
global_step=1346272 | return=16.24 | steps=320
global_step=1346688 | return=-1.57 | steps=500
global_step=1346816 | return=176.53 | steps=205
global_step=1347488 | return=-148.01 | steps=108
global_step=1347488 | return=227.06 | steps=203
global_step=1347584 | return=-559.82 | steps=206
global_step=1347616 | return=224.60 | steps=212
global_step=1348128 | return=182.42 | steps=168
global_step=1348768 | return=189.40 | steps=225
global_step=1348960 | return=170.07 | steps=315
global_step=1349088 | return=-164.85 | steps=500
global_step=1349120 | return=-268.71 | steps=206
global_step=1349280 | return=93.11 | steps=158
global_step=1351168 | return=161.92 | steps=290
global_step=1351328 | return=200.85 | steps=266
global_step=1351904 | return=46.59 | steps=346
global_step=1352544 | return=-139.12 | steps=101
global_step=1352864 | return=-247.99 | steps=500
global_step=1353056 | return=192.28 | steps=270
global_step=1353152 | return=47.78 | steps=325
global_step=1353376 | return=-189.06 | steps=208
global_step=1353440 | return=167.71 | steps=292
global_step=1353728 | return=-230.67 | steps=500
global_step=1354176 | return=235.49 | steps=208
global_step=1354240 | return=174.70 | steps=190
global_step=1354336 | return=-317.22 | steps=167
global_step=1354400 | return=-115.65 | steps=100
global_step=1354496 | return=-168.33 | steps=500
global_step=1354496 | return=153.93 | steps=312
global_step=1355840 | return=75.08 | steps=462
global_step=1356352 | return=194.58 | steps=276
global_step=1356736 | return=-14.62 | steps=285
global_step=1357024 | return=-171.40 | steps=500
global_step=1357216 | return=-198.12 | steps=92
global_step=1357216 | return=-168.30 | steps=500
global_step=1357216 | return=-167.07 | steps=500
global_step=1357280 | return=-124.31 | steps=119
global_step=1357376 | return=-84.19 | steps=113
global_step=1357536 | return=-155.07 | steps=129
global_step=1357728 | return=99.45 | steps=268
global_step=1357824 | return=-31.41 | steps=500
global_step=1357888 | return=-149.36 | steps=105
global_step=1358944 | return=222.40 | steps=138
global_step=1359776 | return=219.36 | steps=174
global_step=1359808 | return=27.02 | steps=344
global_step=1359840 | return=82.99 | steps=171
global_step=1359872 | return=127.58 | steps=218
global_step=1360160 | return=176.06 | steps=221
global_step=1360192 | return=-147.57 | steps=135
global_step=1360608 | return=-188.02 | steps=500
global_step=1360768 | return=64.63 | steps=276
global_step=1360768 | return=132.77 | steps=198
global_step=1360992 | return=-107.86 | steps=500
global_step=1361024 | return=-175.43 | steps=500
global_step=1361152 | return=199.07 | steps=268
global_step=1361248 | return=-130.39 | steps=500
global_step=1361568 | return=206.64 | steps=262
global_step=1361824 | return=-36.56 | steps=443
global_step=1362240 | return=-124.18 | steps=102
global_step=1362240 | return=128.66 | steps=156
global_step=1362304 | return=10.76 | steps=500
global_step=1362304 | return=-115.20 | steps=158
global_step=1362336 | return=-195.70 | steps=343
global_step=1362720 | return=222.89 | steps=171
global_step=1362848 | return=-63.75 | steps=500
global_step=1363488 | return=-169.74 | steps=103
global_step=1363680 | return=-89.79 | steps=119
global_step=1364608 | return=159.93 | steps=211
global_step=1365120 | return=-173.15 | steps=500
global_step=1365152 | return=210.18 | steps=262
global_step=1365280 | return=202.85 | steps=246
global_step=1365312 | return=-238.43 | steps=133
global_step=1365632 | return=234.47 | steps=260
global_step=1365696 | return=206.40 | steps=158
global_step=1365792 | return=-454.84 | steps=108
global_step=1365824 | return=-79.02 | steps=142
global_step=1367008 | return=196.56 | steps=161
global_step=1367168 | return=201.11 | steps=230
global_step=1367232 | return=82.96 | steps=176
global_step=1367264 | return=124.69 | steps=220
global_step=1367328 | return=196.94 | steps=204
global_step=1367328 | return=158.36 | steps=342
global_step=1367968 | return=195.66 | steps=325
global_step=1368128 | return=107.62 | steps=183
global_step=1368352 | return=-104.24 | steps=94
global_step=1368480 | return=-165.80 | steps=82
global_step=1368800 | return=-191.36 | steps=113
global_step=1368928 | return=230.43 | steps=206
global_step=1369056 | return=222.71 | steps=246
global_step=1369120 | return=133.97 | steps=199
global_step=1369216 | return=133.71 | steps=172
global_step=1369280 | return=17.16 | steps=355
global_step=1369408 | return=167.21 | steps=220
global_step=1369632 | return=230.28 | steps=191
global_step=1370080 | return=108.52 | steps=283
global_step=1370208 | return=224.61 | steps=229
global_step=1370304 | return=-38.33 | steps=414
global_step=1370976 | return=21.40 | steps=318
global_step=1371072 | return=59.28 | steps=416
global_step=1371104 | return=-69.71 | steps=119
global_step=1371648 | return=-187.63 | steps=102
global_step=1371712 | return=-137.57 | steps=141
global_step=1371936 | return=-93.79 | steps=107
global_step=1371968 | return=184.65 | steps=303
global_step=1372320 | return=69.57 | steps=388
global_step=1372736 | return=-117.35 | steps=168
global_step=1373472 | return=-172.69 | steps=130
global_step=1373952 | return=118.08 | steps=160
global_step=1374400 | return=-94.63 | steps=134
global_step=1374720 | return=211.62 | steps=233
global_step=1374912 | return=185.27 | steps=246
global_step=1374976 | return=194.98 | steps=238
global_step=1375296 | return=202.29 | steps=192
global_step=1375296 | return=-203.36 | steps=111
global_step=1375680 | return=194.44 | steps=206
global_step=1375808 | return=115.53 | steps=199
global_step=1375840 | return=-211.23 | steps=500
global_step=1376224 | return=50.75 | steps=346
SPS: 638
global_step=1376416 | return=130.77 | steps=336
global_step=1376640 | return=171.59 | steps=240
global_step=1376832 | return=228.42 | steps=206
global_step=1377120 | return=92.59 | steps=246
global_step=1377120 | return=-22.05 | steps=369
global_step=1377184 | return=127.83 | steps=193
global_step=1377728 | return=218.58 | steps=206
global_step=1378560 | return=193.27 | steps=215
global_step=1378816 | return=-111.19 | steps=93
global_step=1379040 | return=131.02 | steps=248
global_step=1379520 | return=201.32 | steps=236
global_step=1379744 | return=223.43 | steps=180
global_step=1379840 | return=-137.89 | steps=129
global_step=1380032 | return=72.84 | steps=227
global_step=1380288 | return=209.43 | steps=248
global_step=1380544 | return=232.00 | steps=220
global_step=1380640 | return=-81.49 | steps=500
global_step=1380864 | return=-126.00 | steps=473
global_step=1380960 | return=66.26 | steps=400
global_step=1381216 | return=33.20 | steps=288
global_step=1381824 | return=-12.15 | steps=500
global_step=1382656 | return=211.97 | steps=247
global_step=1382848 | return=75.62 | steps=176
global_step=1382944 | return=-337.36 | steps=181
global_step=1383488 | return=12.08 | steps=432
global_step=1383776 | return=-351.36 | steps=188
global_step=1383776 | return=90.70 | steps=229
global_step=1383904 | return=23.08 | steps=278
global_step=1384000 | return=-336.39 | steps=500
global_step=1384736 | return=198.40 | steps=184
global_step=1384768 | return=-175.60 | steps=91
global_step=1385408 | return=-202.18 | steps=176
global_step=1385632 | return=61.55 | steps=305
global_step=1386080 | return=135.17 | steps=204
global_step=1386240 | return=94.46 | steps=239
global_step=1386336 | return=-64.19 | steps=500
global_step=1386464 | return=147.56 | steps=348
global_step=1386528 | return=184.42 | steps=186
global_step=1386784 | return=69.30 | steps=191
global_step=1386848 | return=230.39 | steps=212
global_step=1387392 | return=187.22 | steps=235
global_step=1388960 | return=-25.87 | steps=426
global_step=1389152 | return=-126.79 | steps=460
global_step=1389344 | return=109.01 | steps=261
global_step=1389536 | return=66.68 | steps=415
global_step=1389920 | return=252.33 | steps=200
global_step=1390880 | return=59.88 | steps=217
global_step=1390944 | return=-130.60 | steps=500
global_step=1391040 | return=47.41 | steps=374
global_step=1391232 | return=61.95 | steps=232
global_step=1391264 | return=80.48 | steps=268
global_step=1391328 | return=15.70 | steps=326
global_step=1392032 | return=83.42 | steps=283
global_step=1392416 | return=126.43 | steps=238
global_step=1392672 | return=-212.94 | steps=500
global_step=1392864 | return=-134.67 | steps=500
global_step=1392992 | return=184.63 | steps=316
global_step=1393152 | return=-276.96 | steps=500
global_step=1393472 | return=66.51 | steps=206
global_step=1393696 | return=-110.46 | steps=87
global_step=1393952 | return=79.92 | steps=287
global_step=1394048 | return=87.97 | steps=240
global_step=1394688 | return=-359.94 | steps=178
global_step=1394784 | return=69.70 | steps=266
global_step=1395264 | return=127.99 | steps=467
global_step=1395552 | return=62.30 | steps=175
global_step=1395584 | return=-157.15 | steps=90
global_step=1396384 | return=154.99 | steps=225
global_step=1396736 | return=188.63 | steps=177
global_step=1397248 | return=-189.95 | steps=500
global_step=1397440 | return=257.11 | steps=168
global_step=1397504 | return=-391.62 | steps=192
global_step=1398368 | return=129.57 | steps=221
global_step=1398528 | return=-80.45 | steps=91
global_step=1398784 | return=36.76 | steps=410
global_step=1398848 | return=201.97 | steps=177
global_step=1398880 | return=200.11 | steps=358
global_step=1399072 | return=59.68 | steps=189
global_step=1399808 | return=-279.83 | steps=500
global_step=1399968 | return=-564.61 | steps=272
global_step=1400032 | return=-72.87 | steps=500
global_step=1400128 | return=-252.88 | steps=189
global_step=1400128 | return=208.71 | steps=192
global_step=1400224 | return=54.14 | steps=243
global_step=1400384 | return=132.10 | steps=177
global_step=1400672 | return=124.95 | steps=183
global_step=1400800 | return=185.13 | steps=221
global_step=1401440 | return=-101.91 | steps=500
global_step=1401952 | return=120.97 | steps=393
global_step=1402112 | return=-333.63 | steps=111
global_step=1402112 | return=-102.17 | steps=500
global_step=1402272 | return=-202.38 | steps=105
global_step=1402496 | return=-180.11 | steps=500
global_step=1402560 | return=-78.62 | steps=500
global_step=1402816 | return=-204.63 | steps=500
global_step=1402976 | return=185.01 | steps=231
global_step=1403232 | return=-166.02 | steps=96
global_step=1403424 | return=157.43 | steps=254
global_step=1403936 | return=-149.62 | steps=101
global_step=1404096 | return=101.80 | steps=229
global_step=1404256 | return=195.69 | steps=161
global_step=1404608 | return=93.62 | steps=181
global_step=1405568 | return=-43.32 | steps=500
global_step=1406624 | return=94.82 | steps=242
global_step=1406976 | return=-226.41 | steps=500
global_step=1407008 | return=-148.98 | steps=152
global_step=1407072 | return=-78.31 | steps=443
global_step=1407072 | return=154.76 | steps=221
global_step=1407360 | return=131.66 | steps=225
global_step=1407392 | return=198.01 | steps=205
global_step=1407616 | return=251.67 | steps=171
global_step=1408288 | return=173.59 | steps=309
global_step=1408448 | return=217.75 | steps=262
global_step=1408768 | return=56.72 | steps=261
global_step=1408928 | return=133.94 | steps=358
SPS: 638
global_step=1409344 | return=197.40 | steps=220
global_step=1409472 | return=229.43 | steps=194
global_step=1409504 | return=-4.72 | steps=500
global_step=1409504 | return=5.84 | steps=302
global_step=1409536 | return=182.83 | steps=219
global_step=1409536 | return=247.36 | steps=169
global_step=1410112 | return=-151.22 | steps=84
global_step=1410304 | return=-236.17 | steps=188
global_step=1410560 | return=96.56 | steps=222
global_step=1411584 | return=-583.87 | steps=187
global_step=1411776 | return=15.98 | steps=480
global_step=1411968 | return=-417.51 | steps=293
global_step=1411968 | return=103.20 | steps=250
global_step=1412768 | return=183.10 | steps=310
global_step=1412800 | return=16.93 | steps=392
global_step=1412896 | return=207.57 | steps=181
global_step=1413248 | return=142.71 | steps=175
global_step=1413280 | return=-88.08 | steps=500
global_step=1413312 | return=221.72 | steps=208
global_step=1413344 | return=183.95 | steps=272
global_step=1413536 | return=-229.85 | steps=500
global_step=1413600 | return=-38.06 | steps=132
global_step=1414528 | return=-493.63 | steps=157
global_step=1414848 | return=140.24 | steps=204
global_step=1415680 | return=234.66 | steps=159
global_step=1415680 | return=94.07 | steps=259
global_step=1416192 | return=190.51 | steps=286
global_step=1416480 | return=216.70 | steps=192
global_step=1416544 | return=229.26 | steps=154
global_step=1416576 | return=-189.07 | steps=117
global_step=1416896 | return=-23.45 | steps=482
global_step=1416928 | return=182.86 | steps=230
global_step=1417024 | return=-70.34 | steps=128
global_step=1417024 | return=235.20 | steps=233
global_step=1417376 | return=-369.32 | steps=128
global_step=1417504 | return=-257.52 | steps=172
global_step=1417536 | return=114.68 | steps=250
global_step=1417600 | return=185.18 | steps=252
global_step=1417728 | return=60.77 | steps=274
global_step=1417952 | return=-315.25 | steps=144
global_step=1417984 | return=-165.25 | steps=500
global_step=1418432 | return=70.37 | steps=482
global_step=1418688 | return=36.32 | steps=309
global_step=1418944 | return=239.38 | steps=223
global_step=1418976 | return=80.74 | steps=218
global_step=1419424 | return=-196.12 | steps=88
global_step=1419904 | return=-135.36 | steps=403
global_step=1420000 | return=-125.42 | steps=160
global_step=1420032 | return=211.64 | steps=226
global_step=1420192 | return=5.45 | steps=366
global_step=1420608 | return=194.12 | steps=189
global_step=1420928 | return=-316.62 | steps=124
global_step=1421792 | return=175.89 | steps=263
global_step=1422624 | return=47.75 | steps=390
global_step=1422816 | return=177.96 | steps=222
global_step=1423104 | return=-154.54 | steps=500
global_step=1423200 | return=99.92 | steps=209
global_step=1423744 | return=116.87 | steps=209
global_step=1423936 | return=-72.49 | steps=103
global_step=1424160 | return=225.87 | steps=206
global_step=1424544 | return=86.09 | steps=174
global_step=1424576 | return=217.25 | steps=145
global_step=1424896 | return=114.57 | steps=170
global_step=1425408 | return=53.69 | steps=303
global_step=1425600 | return=177.86 | steps=237
global_step=1425824 | return=192.86 | steps=213
global_step=1426400 | return=84.38 | steps=318
global_step=1426432 | return=-190.22 | steps=100
global_step=1426752 | return=54.58 | steps=285
global_step=1427616 | return=180.23 | steps=231
global_step=1427648 | return=192.27 | steps=316
global_step=1428256 | return=136.41 | steps=321
global_step=1428608 | return=-132.62 | steps=115
global_step=1428736 | return=51.32 | steps=243
global_step=1428896 | return=78.33 | steps=276
global_step=1429024 | return=33.78 | steps=281
global_step=1429120 | return=-147.01 | steps=484
global_step=1429312 | return=-269.04 | steps=500
global_step=1429504 | return=166.07 | steps=199
global_step=1429568 | return=-30.34 | steps=500
global_step=1430016 | return=197.83 | steps=256
global_step=1431424 | return=-31.80 | steps=453
global_step=1431456 | return=164.17 | steps=275
global_step=1431552 | return=79.18 | steps=230
global_step=1431872 | return=237.87 | steps=228
global_step=1432576 | return=-210.44 | steps=500
global_step=1432704 | return=85.72 | steps=445
global_step=1432864 | return=174.10 | steps=284
global_step=1432896 | return=-150.02 | steps=124
global_step=1433056 | return=-85.33 | steps=500
global_step=1433152 | return=-435.67 | steps=141
global_step=1433184 | return=220.10 | steps=229
global_step=1433216 | return=208.67 | steps=237
global_step=1433408 | return=-41.71 | steps=500
global_step=1433568 | return=120.12 | steps=212
global_step=1433760 | return=-2.87 | steps=500
global_step=1434720 | return=-234.78 | steps=500
global_step=1434912 | return=54.38 | steps=322
global_step=1435104 | return=176.78 | steps=213
global_step=1435584 | return=154.60 | steps=285
global_step=1435712 | return=-602.35 | steps=251
global_step=1436000 | return=-113.31 | steps=97
global_step=1436192 | return=-16.97 | steps=382
global_step=1436416 | return=100.61 | steps=213
global_step=1436512 | return=-141.86 | steps=103
global_step=1437184 | return=129.12 | steps=239
global_step=1437248 | return=-70.38 | steps=369
global_step=1437408 | return=178.30 | steps=305
global_step=1437408 | return=84.03 | steps=230
global_step=1437568 | return=245.62 | steps=177
global_step=1437696 | return=-190.91 | steps=133
global_step=1437792 | return=214.85 | steps=152
global_step=1437824 | return=-13.85 | steps=356
global_step=1437824 | return=127.47 | steps=195
global_step=1438272 | return=222.79 | steps=173
global_step=1438752 | return=-331.07 | steps=155
global_step=1438752 | return=-65.60 | steps=119
global_step=1438848 | return=-137.27 | steps=500
global_step=1438976 | return=151.27 | steps=307
global_step=1439264 | return=230.92 | steps=177
global_step=1439296 | return=-156.35 | steps=102
global_step=1440160 | return=190.89 | steps=236
global_step=1441280 | return=51.40 | steps=251
global_step=1441632 | return=124.92 | steps=317
global_step=1441792 | return=-8.69 | steps=398
SPS: 638
global_step=1441824 | return=232.40 | steps=168
global_step=1441952 | return=209.53 | steps=179
global_step=1442240 | return=198.30 | steps=222
global_step=1442464 | return=-4.52 | steps=144
global_step=1442560 | return=242.55 | steps=167
global_step=1442656 | return=-172.73 | steps=121
global_step=1443072 | return=-115.49 | steps=127
global_step=1443264 | return=-192.81 | steps=96
global_step=1443680 | return=252.63 | steps=195
global_step=1443744 | return=-146.16 | steps=138
global_step=1443872 | return=243.63 | steps=229
global_step=1444192 | return=84.49 | steps=216
global_step=1444768 | return=-92.74 | steps=500
global_step=1444864 | return=239.39 | steps=205
global_step=1445280 | return=24.92 | steps=302
global_step=1445344 | return=-147.30 | steps=500
global_step=1445856 | return=124.21 | steps=316
global_step=1446336 | return=131.90 | steps=278
global_step=1446432 | return=-140.66 | steps=120
global_step=1446752 | return=91.67 | steps=159
global_step=1447168 | return=-16.70 | steps=440
global_step=1447456 | return=-50.77 | steps=500
global_step=1447872 | return=156.54 | steps=314
global_step=1448032 | return=33.68 | steps=318
global_step=1448160 | return=155.89 | steps=326
global_step=1448256 | return=56.91 | steps=333
global_step=1449088 | return=211.68 | steps=226
global_step=1449184 | return=70.63 | steps=209
global_step=1449184 | return=-75.11 | steps=500
global_step=1449536 | return=-152.68 | steps=99
global_step=1450080 | return=211.54 | steps=212
global_step=1450592 | return=54.23 | steps=260
global_step=1450592 | return=64.36 | steps=209
global_step=1450720 | return=185.24 | steps=251
global_step=1450752 | return=-51.20 | steps=500
global_step=1450816 | return=-107.03 | steps=104
global_step=1450848 | return=192.43 | steps=223
global_step=1450912 | return=195.00 | steps=188
global_step=1450944 | return=78.55 | steps=210
global_step=1451296 | return=134.64 | steps=375
global_step=1451648 | return=167.59 | steps=214
global_step=1451840 | return=191.01 | steps=204
global_step=1452864 | return=-202.69 | steps=150
global_step=1452864 | return=123.33 | steps=146
global_step=1453184 | return=192.11 | steps=153
global_step=1453216 | return=133.13 | steps=211
global_step=1453536 | return=221.74 | steps=176
global_step=1453536 | return=11.23 | steps=458
global_step=1453824 | return=-232.90 | steps=133
global_step=1453984 | return=-202.61 | steps=105
global_step=1454048 | return=243.49 | steps=214
global_step=1454656 | return=-148.45 | steps=401
global_step=1454784 | return=-174.26 | steps=500
global_step=1455168 | return=140.02 | steps=186
global_step=1455744 | return=-507.87 | steps=204
global_step=1455872 | return=-11.10 | steps=434
global_step=1456160 | return=-126.00 | steps=102
global_step=1456224 | return=134.59 | steps=410
global_step=1456480 | return=220.82 | steps=230
global_step=1456896 | return=102.26 | steps=163
global_step=1457056 | return=-130.37 | steps=109
global_step=1457312 | return=-177.06 | steps=500
global_step=1457312 | return=248.44 | steps=205
global_step=1457824 | return=-96.17 | steps=98
global_step=1457920 | return=-101.76 | steps=120
global_step=1458016 | return=246.20 | steps=221
global_step=1458080 | return=-178.17 | steps=90
global_step=1458240 | return=-30.10 | steps=386
global_step=1458240 | return=-286.45 | steps=137
global_step=1458368 | return=67.09 | steps=235
global_step=1458400 | return=-463.26 | steps=238
global_step=1459360 | return=-156.35 | steps=112
global_step=1459424 | return=196.94 | steps=264
global_step=1459744 | return=-260.26 | steps=179
global_step=1459776 | return=-91.52 | steps=500
global_step=1459776 | return=149.39 | steps=302
global_step=1460096 | return=173.75 | steps=215
global_step=1460224 | return=-150.78 | steps=103
global_step=1460480 | return=126.59 | steps=428
global_step=1461152 | return=109.93 | steps=237
global_step=1461184 | return=139.00 | steps=291
global_step=1461216 | return=138.21 | steps=323
global_step=1461312 | return=-158.03 | steps=498
global_step=1462176 | return=-84.84 | steps=122
global_step=1462464 | return=-165.31 | steps=126
global_step=1463008 | return=237.78 | steps=222
global_step=1463008 | return=234.28 | steps=148
global_step=1463104 | return=12.97 | steps=390
global_step=1463200 | return=-180.29 | steps=96
global_step=1463264 | return=-100.05 | steps=119
global_step=1463296 | return=-427.04 | steps=212
global_step=1463648 | return=-521.69 | steps=178
global_step=1464192 | return=-98.60 | steps=92
global_step=1464192 | return=-144.02 | steps=137
global_step=1464544 | return=104.89 | steps=225
global_step=1464704 | return=118.50 | steps=264
global_step=1464896 | return=173.74 | steps=236
global_step=1465056 | return=127.02 | steps=380
global_step=1465824 | return=-260.06 | steps=201
global_step=1466080 | return=205.07 | steps=182
global_step=1466240 | return=-79.49 | steps=94
global_step=1467136 | return=211.69 | steps=185
global_step=1467296 | return=126.26 | steps=212
global_step=1467328 | return=-107.86 | steps=500
global_step=1467456 | return=-96.79 | steps=129
global_step=1467488 | return=-131.32 | steps=136
global_step=1467584 | return=-95.55 | steps=328
global_step=1467712 | return=-221.20 | steps=302
global_step=1468160 | return=88.36 | steps=186
global_step=1468288 | return=203.05 | steps=164
global_step=1468320 | return=63.53 | steps=327
global_step=1468352 | return=188.73 | steps=267
global_step=1469248 | return=-65.58 | steps=500
global_step=1469344 | return=212.06 | steps=189
global_step=1469760 | return=69.84 | steps=227
global_step=1470816 | return=-50.04 | steps=500
global_step=1470816 | return=112.39 | steps=206
global_step=1471168 | return=183.14 | steps=217
global_step=1471424 | return=194.22 | steps=262
global_step=1471680 | return=-142.85 | steps=104
global_step=1471712 | return=-141.02 | steps=137
global_step=1472064 | return=-286.68 | steps=121
global_step=1472192 | return=-63.50 | steps=500
global_step=1472576 | return=114.24 | steps=202
global_step=1472768 | return=109.26 | steps=161
global_step=1472768 | return=91.77 | steps=251
global_step=1472896 | return=77.63 | steps=260
global_step=1473504 | return=87.52 | steps=472
global_step=1473856 | return=-336.75 | steps=209
global_step=1474112 | return=107.99 | steps=404
global_step=1474112 | return=-42.30 | steps=500
global_step=1474528 | return=218.15 | steps=212
SPS: 638
global_step=1474912 | return=93.90 | steps=270
global_step=1474976 | return=197.97 | steps=238
global_step=1475200 | return=-27.59 | steps=292
global_step=1475552 | return=168.56 | steps=180
global_step=1475776 | return=-210.78 | steps=500
global_step=1475904 | return=173.00 | steps=235
global_step=1476096 | return=190.60 | steps=268
global_step=1476128 | return=46.41 | steps=211
global_step=1476896 | return=-167.80 | steps=128
global_step=1477152 | return=-274.15 | steps=94
global_step=1477184 | return=128.46 | steps=155
global_step=1477344 | return=-53.83 | steps=500
global_step=1477856 | return=173.86 | steps=191
global_step=1477920 | return=203.02 | steps=160
global_step=1477984 | return=-59.01 | steps=168
global_step=1478048 | return=7.14 | steps=274
global_step=1478272 | return=53.06 | steps=337
global_step=1478432 | return=233.85 | steps=237
global_step=1478528 | return=113.09 | steps=229
global_step=1479200 | return=-142.44 | steps=113
global_step=1479584 | return=-179.75 | steps=114
global_step=1479616 | return=-67.44 | steps=498
global_step=1479968 | return=225.35 | steps=220
global_step=1480928 | return=-99.76 | steps=500
global_step=1481056 | return=128.83 | steps=191
global_step=1481088 | return=-194.48 | steps=500
global_step=1481408 | return=-149.05 | steps=108
global_step=1481952 | return=129.19 | steps=328
global_step=1481952 | return=197.96 | steps=192
global_step=1482080 | return=226.97 | steps=267
global_step=1482560 | return=87.03 | steps=263
global_step=1483232 | return=25.11 | steps=292
global_step=1483424 | return=223.51 | steps=173
global_step=1483520 | return=186.39 | steps=192
global_step=1483616 | return=-38.65 | steps=478
global_step=1484032 | return=199.62 | steps=188
global_step=1484320 | return=226.41 | steps=291
global_step=1484320 | return=192.32 | steps=222
global_step=1484512 | return=-132.25 | steps=111
global_step=1484960 | return=98.17 | steps=441
global_step=1485056 | return=58.31 | steps=279
global_step=1485088 | return=-412.37 | steps=329
global_step=1485152 | return=-129.38 | steps=99
global_step=1485536 | return=-124.75 | steps=111
global_step=1485632 | return=-162.58 | steps=131
global_step=1485664 | return=107.41 | steps=237
global_step=1486336 | return=-207.46 | steps=96
global_step=1486592 | return=214.44 | steps=218
global_step=1486624 | return=62.60 | steps=218
global_step=1487296 | return=-156.96 | steps=86
global_step=1487520 | return=-139.75 | steps=99
global_step=1487712 | return=-134.22 | steps=500
global_step=1488032 | return=86.62 | steps=170
global_step=1488096 | return=-268.70 | steps=500
global_step=1488448 | return=11.47 | steps=360
global_step=1489152 | return=142.63 | steps=286
global_step=1489568 | return=-39.36 | steps=419
global_step=1489632 | return=-110.67 | steps=93
global_step=1489664 | return=-38.35 | steps=350
global_step=1489760 | return=210.08 | steps=270
global_step=1489856 | return=65.92 | steps=353
global_step=1490176 | return=-150.75 | steps=141
global_step=1490176 | return=70.07 | steps=284
global_step=1491168 | return=-17.68 | steps=402
global_step=1491232 | return=217.30 | steps=192
global_step=1491232 | return=102.59 | steps=177
global_step=1491232 | return=-15.83 | steps=500
global_step=1491424 | return=137.72 | steps=445
global_step=1491680 | return=-163.23 | steps=129
global_step=1492064 | return=-262.44 | steps=215
global_step=1492096 | return=85.80 | steps=222
global_step=1492448 | return=-36.99 | steps=413
global_step=1492704 | return=-129.46 | steps=97
global_step=1492768 | return=37.09 | steps=263
global_step=1492832 | return=-143.58 | steps=98
global_step=1493408 | return=172.34 | steps=308
global_step=1493536 | return=98.86 | steps=263
global_step=1493696 | return=232.01 | steps=199
global_step=1493824 | return=70.21 | steps=167
global_step=1493824 | return=155.11 | steps=318
global_step=1494016 | return=246.80 | steps=186
global_step=1494176 | return=248.11 | steps=189
global_step=1494752 | return=-114.34 | steps=109
global_step=1494880 | return=213.52 | steps=146
global_step=1495264 | return=71.10 | steps=270
global_step=1495840 | return=235.14 | steps=176
global_step=1495872 | return=-11.03 | steps=318
global_step=1495936 | return=-133.22 | steps=96
global_step=1496160 | return=-155.07 | steps=139
global_step=1496544 | return=62.40 | steps=215
global_step=1496608 | return=-23.16 | steps=232
global_step=1497088 | return=-481.44 | steps=184
global_step=1497760 | return=66.41 | steps=203
global_step=1497920 | return=69.45 | steps=170
global_step=1498080 | return=65.35 | steps=323
global_step=1498112 | return=-223.54 | steps=500
global_step=1498112 | return=189.87 | steps=166
global_step=1498304 | return=-175.91 | steps=139
global_step=1498496 | return=70.72 | steps=269
global_step=1498752 | return=-89.93 | steps=157
global_step=1499104 | return=64.87 | steps=239
global_step=1499456 | return=-33.92 | steps=500
global_step=1499680 | return=-194.18 | steps=137
global_step=1500000 | return=180.11 | steps=201
global_step=1500064 | return=-120.60 | steps=500
global_step=1500096 | return=125.69 | steps=276
global_step=1500320 | return=64.06 | steps=237
global_step=1500448 | return=102.44 | steps=260
global_step=1500736 | return=242.70 | steps=215
global_step=1501248 | return=230.35 | steps=158
global_step=1501504 | return=245.48 | steps=206
global_step=1501568 | return=83.01 | steps=254
global_step=1501664 | return=91.41 | steps=233
global_step=1502144 | return=87.32 | steps=157
global_step=1502368 | return=-128.87 | steps=500
global_step=1502560 | return=-89.89 | steps=144
global_step=1502624 | return=-101.32 | steps=79
global_step=1502656 | return=119.18 | steps=188
global_step=1503136 | return=-190.91 | steps=97
global_step=1503392 | return=-128.32 | steps=102
global_step=1503936 | return=93.92 | steps=192
global_step=1504640 | return=35.64 | steps=308
global_step=1504960 | return=79.00 | steps=182
global_step=1505120 | return=138.40 | steps=212
global_step=1505280 | return=216.57 | steps=224
global_step=1505344 | return=199.19 | steps=176
global_step=1505344 | return=182.50 | steps=274
global_step=1505376 | return=98.34 | steps=206
global_step=1505600 | return=-121.07 | steps=122
global_step=1505760 | return=-500.99 | steps=112
global_step=1505792 | return=-168.74 | steps=500
global_step=1505888 | return=194.35 | steps=242
global_step=1506656 | return=10.50 | steps=336
global_step=1507264 | return=-36.60 | steps=474
SPS: 638
global_step=1507520 | return=-113.07 | steps=89
global_step=1507648 | return=9.05 | steps=158
global_step=1507840 | return=85.14 | steps=230
global_step=1508160 | return=-487.87 | steps=171
global_step=1508512 | return=149.98 | steps=242
global_step=1509184 | return=158.77 | steps=333
global_step=1509408 | return=-237.22 | steps=138
global_step=1509504 | return=19.25 | steps=426
global_step=1509792 | return=-146.46 | steps=140
global_step=1510048 | return=-183.94 | steps=500
global_step=1510080 | return=-248.62 | steps=147
global_step=1510176 | return=-109.39 | steps=82
global_step=1510496 | return=-50.53 | steps=454
global_step=1510560 | return=204.20 | steps=231
global_step=1510848 | return=223.44 | steps=215
global_step=1511264 | return=187.86 | steps=191
global_step=1511520 | return=163.79 | steps=310
global_step=1511712 | return=92.83 | steps=197
global_step=1511712 | return=28.47 | steps=382
global_step=1511840 | return=-130.11 | steps=161
global_step=1511872 | return=-421.85 | steps=264
global_step=1512000 | return=179.47 | steps=207
global_step=1512000 | return=222.19 | steps=190
global_step=1512640 | return=-120.94 | steps=97
global_step=1513056 | return=178.10 | steps=226
global_step=1513248 | return=169.26 | steps=331
global_step=1513280 | return=-211.71 | steps=96
global_step=1514112 | return=-311.20 | steps=185
global_step=1514144 | return=-165.23 | steps=500
global_step=1514400 | return=229.41 | steps=210
global_step=1514496 | return=70.48 | steps=186
global_step=1514496 | return=195.80 | steps=272
global_step=1514720 | return=-311.62 | steps=93
global_step=1516032 | return=122.16 | steps=186
global_step=1516064 | return=87.54 | steps=274
global_step=1516128 | return=206.52 | steps=209
global_step=1516352 | return=-14.74 | steps=500
global_step=1516352 | return=-102.90 | steps=135
global_step=1516672 | return=-148.39 | steps=112
global_step=1517088 | return=-34.90 | steps=494
global_step=1517184 | return=206.65 | steps=141
global_step=1517248 | return=105.01 | steps=186
global_step=1517536 | return=-172.42 | steps=500
global_step=1517600 | return=167.30 | steps=221
global_step=1517600 | return=-91.76 | steps=108
global_step=1517600 | return=93.84 | steps=234
global_step=1517856 | return=207.44 | steps=251
global_step=1518400 | return=-216.77 | steps=500
global_step=1518560 | return=-155.27 | steps=126
global_step=1518720 | return=178.09 | steps=224
global_step=1518752 | return=190.25 | steps=219
global_step=1519232 | return=233.17 | steps=158
global_step=1519744 | return=-161.64 | steps=115
global_step=1520224 | return=159.94 | steps=301
global_step=1520416 | return=-95.11 | steps=87
global_step=1520576 | return=-288.40 | steps=131
global_step=1520640 | return=228.17 | steps=191
global_step=1520768 | return=-137.39 | steps=146
global_step=1520960 | return=-119.97 | steps=117
global_step=1521024 | return=102.30 | steps=206
global_step=1521216 | return=229.36 | steps=202
global_step=1521632 | return=-125.25 | steps=500
global_step=1522144 | return=196.43 | steps=180
global_step=1522336 | return=-365.73 | steps=147
global_step=1523200 | return=76.77 | steps=309
global_step=1523232 | return=18.35 | steps=311
global_step=1523328 | return=-285.10 | steps=79
global_step=1523616 | return=110.16 | steps=198
global_step=1523712 | return=43.75 | steps=236
global_step=1523872 | return=-85.55 | steps=500
global_step=1524096 | return=-42.66 | steps=202
global_step=1524288 | return=206.82 | steps=183
global_step=1524416 | return=-295.78 | steps=86
global_step=1524480 | return=-99.51 | steps=119
global_step=1524608 | return=125.84 | steps=210
global_step=1524672 | return=108.44 | steps=249
global_step=1525216 | return=-188.10 | steps=500
global_step=1525568 | return=110.71 | steps=427
global_step=1525696 | return=99.45 | steps=427
global_step=1525728 | return=111.71 | steps=223
global_step=1525856 | return=-179.35 | steps=115
global_step=1526016 | return=22.51 | steps=442
global_step=1526464 | return=73.38 | steps=240
global_step=1526624 | return=-129.33 | steps=133
global_step=1526656 | return=64.28 | steps=200
global_step=1526688 | return=18.46 | steps=299
global_step=1526880 | return=-112.82 | steps=500
global_step=1527104 | return=-174.75 | steps=83
global_step=1527136 | return=114.92 | steps=209
global_step=1527136 | return=-163.17 | steps=106
global_step=1527232 | return=207.73 | steps=207
global_step=1527296 | return=155.76 | steps=189
global_step=1527456 | return=100.77 | steps=256
global_step=1527648 | return=106.56 | steps=278
global_step=1528672 | return=17.70 | steps=347
global_step=1528896 | return=-215.48 | steps=131
global_step=1529088 | return=-66.06 | steps=104
global_step=1529312 | return=61.93 | steps=298
global_step=1529408 | return=218.40 | steps=180
global_step=1529504 | return=219.87 | steps=152
global_step=1530336 | return=140.52 | steps=182
global_step=1530400 | return=72.44 | steps=224
global_step=1530752 | return=230.77 | steps=214
global_step=1531456 | return=139.65 | steps=169
global_step=1531712 | return=-260.87 | steps=139
global_step=1532032 | return=204.53 | steps=152
global_step=1532128 | return=-83.04 | steps=145
global_step=1532128 | return=-479.15 | steps=139
global_step=1532608 | return=99.59 | steps=171
global_step=1532832 | return=148.76 | steps=266
global_step=1533024 | return=224.08 | steps=191
global_step=1533024 | return=90.23 | steps=183
global_step=1533504 | return=-281.66 | steps=85
global_step=1533568 | return=84.08 | steps=221
global_step=1533888 | return=197.15 | steps=305
global_step=1534240 | return=205.70 | steps=153
global_step=1534432 | return=224.29 | steps=242
global_step=1534752 | return=247.55 | steps=182
global_step=1535264 | return=80.45 | steps=444
global_step=1535264 | return=115.04 | steps=192
global_step=1535584 | return=-99.87 | steps=107
global_step=1535808 | return=222.43 | steps=222
global_step=1536192 | return=-161.97 | steps=129
global_step=1536224 | return=62.76 | steps=181
global_step=1536544 | return=-96.56 | steps=115
global_step=1536896 | return=194.36 | steps=204
global_step=1536992 | return=-106.25 | steps=500
global_step=1537280 | return=159.12 | steps=311
global_step=1537600 | return=194.95 | steps=183
global_step=1537728 | return=251.66 | steps=259
global_step=1537792 | return=-496.76 | steps=131
global_step=1537856 | return=-109.17 | steps=106
global_step=1538112 | return=-150.41 | steps=143
global_step=1538368 | return=5.77 | steps=390
global_step=1538528 | return=-92.19 | steps=133
global_step=1539136 | return=-218.58 | steps=103
global_step=1539264 | return=-37.74 | steps=500
global_step=1539360 | return=-224.45 | steps=500
global_step=1539488 | return=127.04 | steps=250
global_step=1539680 | return=168.57 | steps=220
SPS: 638
global_step=1540256 | return=-343.06 | steps=92
global_step=1540512 | return=-109.32 | steps=134
global_step=1541152 | return=208.01 | steps=183
global_step=1541248 | return=-22.79 | steps=500
global_step=1541312 | return=-222.66 | steps=111
global_step=1541472 | return=191.93 | steps=193
global_step=1541568 | return=215.08 | steps=212
global_step=1541600 | return=-189.80 | steps=500
global_step=1541632 | return=-108.75 | steps=117
global_step=1541728 | return=-57.52 | steps=500
global_step=1541984 | return=-374.65 | steps=279
global_step=1542048 | return=29.73 | steps=309
global_step=1542144 | return=103.46 | steps=284
global_step=1542368 | return=-91.19 | steps=93
global_step=1542432 | return=161.80 | steps=213
global_step=1542592 | return=-204.43 | steps=103
global_step=1542656 | return=-72.32 | steps=500
global_step=1542720 | return=-39.85 | steps=500
global_step=1543168 | return=234.18 | steps=144
global_step=1543520 | return=-28.01 | steps=119
global_step=1543552 | return=92.24 | steps=207
global_step=1544480 | return=155.15 | steps=247
global_step=1544480 | return=-255.63 | steps=166
global_step=1544512 | return=-36.33 | steps=99
global_step=1544576 | return=197.38 | steps=217
global_step=1545056 | return=-50.22 | steps=485
global_step=1545216 | return=218.69 | steps=221
global_step=1545728 | return=-284.12 | steps=97
global_step=1545824 | return=207.10 | steps=232
global_step=1545952 | return=-107.53 | steps=102
global_step=1546368 | return=99.16 | steps=159
global_step=1546624 | return=-123.17 | steps=132
global_step=1546816 | return=127.41 | steps=204
global_step=1547360 | return=-331.60 | steps=144
global_step=1547424 | return=148.06 | steps=247
global_step=1547552 | return=241.16 | steps=219
global_step=1547744 | return=-135.44 | steps=101
global_step=1547776 | return=171.93 | steps=193
global_step=1547904 | return=227.60 | steps=195
global_step=1547936 | return=-255.16 | steps=201
global_step=1548000 | return=-154.88 | steps=109
global_step=1548064 | return=246.68 | steps=201
global_step=1548320 | return=-108.17 | steps=101
global_step=1548672 | return=64.25 | steps=159
global_step=1548992 | return=215.06 | steps=244
global_step=1549120 | return=194.19 | steps=222
global_step=1549440 | return=240.90 | steps=227
global_step=1549920 | return=-450.34 | steps=500
global_step=1550240 | return=-158.80 | steps=156
global_step=1550336 | return=33.52 | steps=391
global_step=1550368 | return=225.61 | steps=180
global_step=1550400 | return=-192.70 | steps=117
global_step=1550752 | return=-117.95 | steps=103
global_step=1550752 | return=-228.12 | steps=93
global_step=1551168 | return=-74.85 | steps=98
global_step=1551264 | return=94.85 | steps=241
global_step=1552256 | return=-70.01 | steps=500
global_step=1552704 | return=124.50 | steps=332
global_step=1552896 | return=47.90 | steps=326
global_step=1552960 | return=-104.65 | steps=119
global_step=1553024 | return=-73.18 | steps=500
global_step=1553696 | return=91.93 | steps=245
global_step=1553696 | return=132.49 | steps=197
global_step=1554016 | return=87.72 | steps=251
global_step=1554048 | return=175.87 | steps=297
global_step=1554848 | return=-459.86 | steps=203
global_step=1554976 | return=163.21 | steps=268
global_step=1555040 | return=242.48 | steps=133
global_step=1555488 | return=102.35 | steps=231
global_step=1555584 | return=124.01 | steps=238
global_step=1555712 | return=57.61 | steps=277
global_step=1555744 | return=70.51 | steps=312
global_step=1556384 | return=-497.26 | steps=201
global_step=1556768 | return=138.12 | steps=203
global_step=1556896 | return=97.08 | steps=284
global_step=1557600 | return=202.69 | steps=200
global_step=1557632 | return=145.48 | steps=255
global_step=1557760 | return=-165.17 | steps=500
global_step=1557952 | return=-125.52 | steps=121
global_step=1557984 | return=233.34 | steps=225
global_step=1558080 | return=-148.29 | steps=100
global_step=1558240 | return=202.86 | steps=162
global_step=1558528 | return=81.39 | steps=254
global_step=1558752 | return=-0.28 | steps=338
global_step=1559040 | return=129.05 | steps=197
global_step=1559072 | return=131.16 | steps=272
global_step=1559136 | return=-107.13 | steps=110
global_step=1559200 | return=-208.83 | steps=500
global_step=1559392 | return=-86.45 | steps=324
global_step=1559616 | return=-174.59 | steps=121
global_step=1560256 | return=60.48 | steps=249
global_step=1560768 | return=88.48 | steps=243
global_step=1560768 | return=222.98 | steps=156
global_step=1560832 | return=-110.37 | steps=126
global_step=1560928 | return=159.95 | steps=250
global_step=1560928 | return=114.90 | steps=225
global_step=1561280 | return=146.43 | steps=196
global_step=1561280 | return=190.06 | steps=226
global_step=1561280 | return=87.05 | steps=194
global_step=1562016 | return=0.13 | steps=125
global_step=1562176 | return=222.32 | steps=208
global_step=1562208 | return=-135.99 | steps=142
global_step=1562496 | return=-112.88 | steps=102
global_step=1562656 | return=-136.99 | steps=137
global_step=1563584 | return=-170.51 | steps=500
global_step=1564288 | return=121.72 | steps=208
global_step=1564448 | return=177.95 | steps=235
global_step=1564672 | return=-142.35 | steps=105
global_step=1564704 | return=-219.40 | steps=500
global_step=1565440 | return=166.70 | steps=215
global_step=1565536 | return=-138.27 | steps=148
global_step=1565824 | return=4.35 | steps=454
global_step=1566048 | return=195.34 | steps=207
global_step=1566080 | return=54.65 | steps=219
global_step=1566272 | return=175.37 | steps=187
global_step=1566432 | return=63.70 | steps=171
global_step=1566432 | return=-175.47 | steps=500
global_step=1566656 | return=131.46 | steps=267
global_step=1566880 | return=-64.06 | steps=131
global_step=1567040 | return=121.89 | steps=231
global_step=1567200 | return=132.47 | steps=184
global_step=1568448 | return=99.36 | steps=195
global_step=1569056 | return=-92.05 | steps=100
global_step=1569344 | return=10.96 | steps=488
global_step=1569664 | return=-337.49 | steps=328
global_step=1569760 | return=-331.57 | steps=278
global_step=1569888 | return=-135.39 | steps=135
global_step=1569920 | return=121.64 | steps=240
global_step=1570016 | return=37.94 | steps=341
global_step=1570080 | return=148.06 | steps=353
global_step=1570688 | return=214.88 | steps=199
global_step=1570848 | return=205.48 | steps=199
global_step=1570880 | return=-73.26 | steps=138
global_step=1571968 | return=196.34 | steps=184
global_step=1572064 | return=185.63 | steps=186
global_step=1572416 | return=-197.56 | steps=500
global_step=1572640 | return=97.64 | steps=174
global_step=1572672 | return=-110.85 | steps=93
SPS: 637
global_step=1573472 | return=-365.17 | steps=205
global_step=1573504 | return=98.56 | steps=381
global_step=1573504 | return=11.06 | steps=309
global_step=1573696 | return=130.40 | steps=349
global_step=1573792 | return=-200.40 | steps=500
global_step=1573824 | return=-347.77 | steps=139
global_step=1573824 | return=-128.40 | steps=122
global_step=1573984 | return=-168.52 | steps=500
global_step=1573984 | return=-128.48 | steps=102
global_step=1574464 | return=123.22 | steps=255
global_step=1574656 | return=-163.76 | steps=152
global_step=1574816 | return=157.78 | steps=399
global_step=1575072 | return=30.01 | steps=187
global_step=1575232 | return=-149.35 | steps=101
global_step=1575328 | return=84.25 | steps=270
global_step=1575520 | return=114.66 | steps=174
global_step=1576096 | return=44.49 | steps=478
global_step=1576320 | return=204.17 | steps=194
global_step=1576480 | return=35.01 | steps=368
global_step=1576832 | return=-117.68 | steps=148
global_step=1576864 | return=-186.18 | steps=497
global_step=1577088 | return=-205.85 | steps=101
global_step=1577120 | return=-177.63 | steps=195
global_step=1577280 | return=-106.87 | steps=102
global_step=1577376 | return=-489.72 | steps=120
global_step=1577952 | return=-123.88 | steps=128
global_step=1578208 | return=57.00 | steps=173
global_step=1578304 | return=163.61 | steps=307
global_step=1578720 | return=169.33 | steps=359
global_step=1578976 | return=-291.17 | steps=422
global_step=1579168 | return=116.15 | steps=258
global_step=1579200 | return=132.45 | steps=177
global_step=1579456 | return=-299.71 | steps=122
global_step=1579872 | return=195.42 | steps=232
global_step=1580384 | return=187.27 | steps=184
global_step=1580576 | return=-185.05 | steps=102
global_step=1580736 | return=-65.77 | steps=500
global_step=1580864 | return=-16.40 | steps=172
global_step=1580896 | return=188.86 | steps=256
global_step=1581344 | return=104.03 | steps=235
global_step=1581376 | return=215.97 | steps=230
global_step=1581536 | return=168.50 | steps=201
global_step=1582208 | return=-236.05 | steps=150
global_step=1582464 | return=-196.54 | steps=500
global_step=1583040 | return=-146.90 | steps=126
global_step=1583104 | return=-156.59 | steps=122
global_step=1583136 | return=-123.91 | steps=137
global_step=1583296 | return=97.68 | steps=212
global_step=1583424 | return=164.74 | steps=273
global_step=1583808 | return=182.76 | steps=182
global_step=1584288 | return=230.89 | steps=295
global_step=1584384 | return=206.56 | steps=226
global_step=1584512 | return=-136.09 | steps=128
global_step=1584544 | return=168.42 | steps=194
global_step=1584864 | return=137.41 | steps=207
global_step=1585440 | return=-134.66 | steps=142
global_step=1585504 | return=-90.26 | steps=123
global_step=1585632 | return=-148.42 | steps=106
global_step=1585920 | return=57.89 | steps=201
global_step=1586048 | return=-136.91 | steps=500
global_step=1586528 | return=-15.93 | steps=407
global_step=1586848 | return=79.52 | steps=328
global_step=1586912 | return=106.94 | steps=337
global_step=1587296 | return=-163.50 | steps=93
global_step=1587488 | return=-347.00 | steps=215
global_step=1588192 | return=-116.98 | steps=160
global_step=1588320 | return=-101.13 | steps=140
global_step=1588544 | return=156.51 | steps=291
global_step=1588736 | return=75.76 | steps=244
global_step=1588768 | return=167.92 | steps=372
global_step=1588800 | return=178.94 | steps=251
global_step=1588832 | return=63.98 | steps=233
global_step=1589280 | return=194.76 | steps=212
global_step=1589344 | return=-582.63 | steps=295
global_step=1589504 | return=206.22 | steps=253
global_step=1589728 | return=-180.83 | steps=500
global_step=1590208 | return=101.12 | steps=177
global_step=1590560 | return=86.41 | steps=231
global_step=1591008 | return=106.02 | steps=201
global_step=1591264 | return=-37.79 | steps=500
global_step=1591264 | return=-255.11 | steps=199
global_step=1591328 | return=98.28 | steps=250
global_step=1591392 | return=216.69 | steps=179
global_step=1591392 | return=232.93 | steps=185
global_step=1591584 | return=126.21 | steps=264
global_step=1591840 | return=-88.62 | steps=467
global_step=1591872 | return=-383.52 | steps=97
global_step=1591904 | return=-152.35 | steps=111
global_step=1592480 | return=182.70 | steps=185
global_step=1592512 | return=-87.25 | steps=123
global_step=1592704 | return=90.20 | steps=224
global_step=1593120 | return=-190.05 | steps=500
global_step=1594272 | return=-55.58 | steps=338
global_step=1594304 | return=39.38 | steps=309
global_step=1594368 | return=105.65 | steps=259
global_step=1594368 | return=129.16 | steps=192
global_step=1594496 | return=188.16 | steps=238
global_step=1594560 | return=84.55 | steps=269
global_step=1594816 | return=163.23 | steps=234
global_step=1595168 | return=-206.33 | steps=154
global_step=1595200 | return=41.05 | steps=200
global_step=1595520 | return=-137.50 | steps=94
global_step=1596192 | return=97.53 | steps=161
global_step=1596320 | return=242.98 | steps=179
global_step=1596608 | return=-115.62 | steps=127
global_step=1596768 | return=93.87 | steps=247
global_step=1596992 | return=194.76 | steps=226
global_step=1597056 | return=-482.32 | steps=242
global_step=1598016 | return=214.47 | steps=265
global_step=1598304 | return=80.91 | steps=215
global_step=1598432 | return=73.05 | steps=219
global_step=1598528 | return=112.09 | steps=224
global_step=1598976 | return=195.35 | steps=240
global_step=1599040 | return=-330.79 | steps=119
global_step=1599200 | return=178.56 | steps=324
global_step=1599904 | return=177.06 | steps=172
global_step=1600960 | return=30.58 | steps=292
global_step=1600992 | return=110.74 | steps=200
global_step=1601024 | return=218.67 | steps=286
global_step=1601056 | return=172.29 | steps=260
global_step=1601056 | return=167.85 | steps=204
global_step=1601184 | return=-138.72 | steps=137
global_step=1601184 | return=31.49 | steps=309
global_step=1601248 | return=125.38 | steps=217
global_step=1601408 | return=175.73 | steps=221
global_step=1601888 | return=79.70 | steps=312
global_step=1602080 | return=-139.93 | steps=96
global_step=1602496 | return=67.75 | steps=217
global_step=1602816 | return=144.22 | steps=249
global_step=1602816 | return=-139.91 | steps=117
global_step=1602944 | return=-49.78 | steps=306
global_step=1602944 | return=-43.56 | steps=500
global_step=1603040 | return=136.20 | steps=200
global_step=1603520 | return=-64.53 | steps=500
global_step=1603584 | return=131.36 | steps=262
global_step=1603936 | return=111.03 | steps=237
global_step=1604096 | return=87.57 | steps=173
global_step=1604320 | return=-97.99 | steps=97
global_step=1604416 | return=-168.89 | steps=140
global_step=1604608 | return=96.33 | steps=192
global_step=1605248 | return=201.72 | steps=255
global_step=1605376 | return=-350.26 | steps=500
global_step=1605472 | return=-538.92 | steps=138
SPS: 637
global_step=1606016 | return=127.70 | steps=363
global_step=1606304 | return=176.32 | steps=315
global_step=1606592 | return=30.75 | steps=458
global_step=1606656 | return=194.43 | steps=174
global_step=1607456 | return=-99.54 | steps=94
global_step=1607808 | return=248.40 | steps=210
global_step=1608096 | return=134.60 | steps=305
global_step=1608384 | return=-111.06 | steps=90
global_step=1608576 | return=-149.44 | steps=139
global_step=1608992 | return=111.46 | steps=188
global_step=1609184 | return=224.67 | steps=194
global_step=1609600 | return=-413.66 | steps=324
global_step=1609920 | return=-207.16 | steps=244
global_step=1609952 | return=40.09 | steps=215
global_step=1610304 | return=-353.47 | steps=290
global_step=1611488 | return=-201.51 | steps=125
global_step=1611680 | return=78.73 | steps=286
global_step=1611904 | return=174.01 | steps=203
global_step=1612000 | return=68.96 | steps=286
global_step=1612000 | return=146.61 | steps=344
global_step=1612000 | return=0.35 | steps=264
global_step=1612064 | return=111.95 | steps=339
global_step=1612096 | return=206.37 | steps=169
global_step=1612096 | return=113.36 | steps=289
global_step=1612160 | return=51.19 | steps=320
global_step=1612352 | return=-83.49 | steps=132
global_step=1612960 | return=203.80 | steps=365
global_step=1613024 | return=-192.21 | steps=500
global_step=1613376 | return=-56.00 | steps=373
global_step=1613472 | return=127.36 | steps=176
global_step=1614048 | return=111.57 | steps=250
global_step=1614048 | return=-202.62 | steps=500
global_step=1614080 | return=197.83 | steps=295
global_step=1614624 | return=98.95 | steps=333
global_step=1614656 | return=-160.81 | steps=82
global_step=1614752 | return=-132.24 | steps=138
global_step=1615232 | return=68.33 | steps=269
global_step=1615456 | return=190.15 | steps=195
global_step=1615648 | return=147.79 | steps=291
global_step=1615712 | return=105.72 | steps=190
global_step=1616256 | return=-69.09 | steps=127
global_step=1617312 | return=210.96 | steps=168
global_step=1617504 | return=111.34 | steps=236
global_step=1617760 | return=-157.92 | steps=115
global_step=1617792 | return=-318.00 | steps=169
global_step=1617984 | return=109.52 | steps=397
global_step=1618112 | return=151.10 | steps=303
global_step=1618400 | return=174.75 | steps=306
global_step=1618720 | return=-61.37 | steps=123
global_step=1618816 | return=-84.43 | steps=111
global_step=1618848 | return=76.16 | steps=211
global_step=1619392 | return=-433.78 | steps=470
global_step=1619616 | return=-239.12 | steps=500
global_step=1619648 | return=-121.73 | steps=124
global_step=1619744 | return=127.21 | steps=209
global_step=1619904 | return=-356.80 | steps=130
global_step=1619968 | return=184.55 | steps=166
global_step=1620576 | return=138.21 | steps=277
global_step=1620608 | return=96.59 | steps=238
global_step=1620704 | return=143.67 | steps=228
global_step=1620768 | return=-183.54 | steps=101
global_step=1621504 | return=-13.44 | steps=390
global_step=1621728 | return=3.28 | steps=300
global_step=1622016 | return=-174.99 | steps=121
global_step=1622784 | return=193.04 | steps=170
global_step=1622848 | return=-77.50 | steps=124
global_step=1622912 | return=156.51 | steps=276
global_step=1623040 | return=-91.68 | steps=106
global_step=1623040 | return=132.08 | steps=164
global_step=1623200 | return=80.09 | steps=284
global_step=1623584 | return=-147.27 | steps=89
global_step=1623776 | return=-126.32 | steps=154
global_step=1623904 | return=-196.93 | steps=124
global_step=1624128 | return=-164.60 | steps=104
global_step=1624384 | return=-44.36 | steps=386
global_step=1624480 | return=156.37 | steps=256
global_step=1624928 | return=12.36 | steps=320
global_step=1625184 | return=54.80 | steps=411
global_step=1625440 | return=175.34 | steps=188
global_step=1625632 | return=102.28 | steps=244
global_step=1625760 | return=92.89 | steps=180
global_step=1625984 | return=-129.84 | steps=500
global_step=1625984 | return=220.45 | steps=194
global_step=1627488 | return=214.25 | steps=215
global_step=1627520 | return=-195.32 | steps=500
global_step=1627648 | return=150.75 | steps=301
global_step=1628128 | return=-168.53 | steps=500
global_step=1628192 | return=100.50 | steps=168
global_step=1628416 | return=-213.49 | steps=144
global_step=1628768 | return=215.14 | steps=182
global_step=1629184 | return=173.73 | steps=297
global_step=1629504 | return=-114.38 | steps=500
global_step=1629600 | return=99.30 | steps=204
global_step=1630336 | return=-313.25 | steps=233
global_step=1631008 | return=-103.14 | steps=485
global_step=1631616 | return=80.01 | steps=233
global_step=1631680 | return=103.71 | steps=177
global_step=1631680 | return=-154.32 | steps=130
global_step=1631776 | return=97.00 | steps=245
global_step=1631904 | return=195.33 | steps=195
global_step=1632224 | return=49.53 | steps=318
global_step=1632320 | return=98.36 | steps=204
global_step=1632512 | return=181.45 | steps=290
global_step=1632896 | return=180.55 | steps=290
global_step=1633312 | return=100.76 | steps=396
global_step=1633600 | return=202.25 | steps=189
global_step=1633696 | return=-104.54 | steps=83
global_step=1634432 | return=-45.99 | steps=500
global_step=1634464 | return=143.26 | steps=356
global_step=1634528 | return=162.95 | steps=266
global_step=1634720 | return=-204.19 | steps=185
global_step=1634752 | return=-34.55 | steps=500
global_step=1634848 | return=63.67 | steps=224
global_step=1635040 | return=-157.03 | steps=84
global_step=1635264 | return=220.99 | steps=213
global_step=1636128 | return=113.83 | steps=366
global_step=1636192 | return=91.59 | steps=251
global_step=1636224 | return=100.70 | steps=209
global_step=1636800 | return=-109.72 | steps=142
global_step=1637056 | return=91.65 | steps=245
global_step=1637184 | return=174.22 | steps=236
global_step=1637440 | return=143.22 | steps=382
global_step=1637536 | return=-71.29 | steps=500
global_step=1637760 | return=-51.61 | steps=500
global_step=1637856 | return=72.27 | steps=185
global_step=1638336 | return=93.65 | steps=156
  Checkpoint saved → runs/var_fps_kf/LunarLander_VarFramerate_KF_fc_2.0_bud_30_windTrue_20_2.0_vert20_sns0.05_01-08-14-24-29/ckpts/timestep_1638400_iterations_50/ckpt_1638400_iterations_50.pt
SPS: 638
global_step=1638496 | return=181.60 | steps=209
global_step=1638624 | return=220.59 | steps=190
global_step=1638848 | return=-195.61 | steps=118
global_step=1639232 | return=-411.25 | steps=235
global_step=1639232 | return=132.88 | steps=148
global_step=1639520 | return=190.61 | steps=155
global_step=1639584 | return=197.88 | steps=246
global_step=1640224 | return=110.74 | steps=170
global_step=1640512 | return=-168.84 | steps=500
global_step=1640960 | return=-142.13 | steps=500
global_step=1641216 | return=213.88 | steps=234
global_step=1641376 | return=88.47 | steps=216
global_step=1641472 | return=-102.00 | steps=500
global_step=1641696 | return=-148.35 | steps=122
global_step=1641888 | return=-186.16 | steps=94
global_step=1641888 | return=79.72 | steps=360
global_step=1641920 | return=123.92 | steps=220
global_step=1642208 | return=208.30 | steps=268
global_step=1642496 | return=-637.08 | steps=144
global_step=1642560 | return=103.22 | steps=197
global_step=1643072 | return=200.37 | steps=175
global_step=1643456 | return=99.97 | steps=207
global_step=1643968 | return=186.83 | steps=170
global_step=1644160 | return=-139.08 | steps=498
global_step=1644672 | return=46.95 | steps=293
global_step=1644672 | return=166.53 | steps=197
global_step=1645056 | return=69.52 | steps=322
global_step=1645312 | return=-413.28 | steps=208
global_step=1645408 | return=62.23 | steps=256
global_step=1645472 | return=-224.46 | steps=163
global_step=1645536 | return=-141.51 | steps=92
global_step=1645568 | return=224.60 | steps=250
global_step=1645664 | return=203.05 | steps=160
global_step=1645696 | return=-377.19 | steps=124
global_step=1646016 | return=108.11 | steps=211
global_step=1646080 | return=70.02 | steps=310
global_step=1646848 | return=-160.77 | steps=117
global_step=1647648 | return=-223.17 | steps=500
global_step=1647712 | return=199.22 | steps=171
global_step=1648192 | return=-109.96 | steps=125
global_step=1648320 | return=237.87 | steps=200
global_step=1648576 | return=-162.64 | steps=98
global_step=1648928 | return=-220.80 | steps=500
global_step=1648960 | return=-27.13 | steps=371
global_step=1649056 | return=-125.48 | steps=136
global_step=1649152 | return=-45.86 | steps=404
global_step=1649472 | return=204.50 | steps=187
global_step=1649536 | return=-133.04 | steps=107
global_step=1650400 | return=218.64 | steps=264
global_step=1650976 | return=215.17 | steps=168
global_step=1651232 | return=151.79 | steps=365
global_step=1651264 | return=230.58 | steps=227
global_step=1651584 | return=-494.41 | steps=122
global_step=1651616 | return=198.51 | steps=174
global_step=1651808 | return=193.54 | steps=190
global_step=1652256 | return=-78.31 | steps=122
global_step=1652448 | return=-145.62 | steps=108
global_step=1652928 | return=188.18 | steps=162
global_step=1653152 | return=-547.57 | steps=142
global_step=1653664 | return=165.05 | steps=367
global_step=1653984 | return=-250.04 | steps=85
global_step=1654464 | return=120.35 | steps=373
global_step=1654784 | return=-203.95 | steps=288
global_step=1654880 | return=134.99 | steps=181
global_step=1655264 | return=-174.20 | steps=500
global_step=1655616 | return=-68.10 | steps=500
global_step=1655744 | return=21.69 | steps=453
global_step=1655840 | return=56.61 | steps=448
global_step=1655840 | return=-147.14 | steps=131
global_step=1656096 | return=36.36 | steps=325
global_step=1656992 | return=-44.63 | steps=500
global_step=1657056 | return=-394.07 | steps=318
global_step=1657408 | return=-111.22 | steps=500
global_step=1657472 | return=207.46 | steps=183
global_step=1657760 | return=-10.33 | steps=396
global_step=1657824 | return=122.99 | steps=385
global_step=1657856 | return=73.09 | steps=301
global_step=1658176 | return=202.13 | steps=224
global_step=1658624 | return=179.24 | steps=198
global_step=1658688 | return=-249.62 | steps=146
global_step=1658752 | return=-145.79 | steps=108
global_step=1658784 | return=-178.07 | steps=98
global_step=1659616 | return=52.27 | steps=287
global_step=1659616 | return=194.71 | steps=150
global_step=1660320 | return=111.11 | steps=336
global_step=1660704 | return=-223.40 | steps=500
global_step=1660864 | return=221.12 | steps=159
global_step=1661312 | return=145.72 | steps=200
global_step=1661344 | return=-120.32 | steps=500
global_step=1661536 | return=-169.57 | steps=245
global_step=1661664 | return=128.22 | steps=181
global_step=1662112 | return=12.12 | steps=338
global_step=1662176 | return=-106.93 | steps=135
global_step=1662496 | return=131.84 | steps=199
global_step=1662880 | return=237.16 | steps=168
global_step=1662944 | return=121.68 | steps=327
global_step=1663456 | return=-171.37 | steps=146
global_step=1663648 | return=89.03 | steps=194
global_step=1664096 | return=127.74 | steps=197
global_step=1664128 | return=210.09 | steps=185
global_step=1664160 | return=-12.51 | steps=343
global_step=1664768 | return=91.49 | steps=189
global_step=1664960 | return=-91.86 | steps=500
global_step=1665056 | return=214.43 | steps=251
global_step=1665184 | return=175.36 | steps=253
global_step=1665184 | return=-193.58 | steps=500
global_step=1665280 | return=-146.10 | steps=96
global_step=1665504 | return=-130.22 | steps=500
global_step=1665568 | return=-85.66 | steps=95
global_step=1665856 | return=-135.06 | steps=141
global_step=1665984 | return=174.70 | steps=198
global_step=1666176 | return=118.08 | steps=144
global_step=1666208 | return=90.24 | steps=183
global_step=1666496 | return=76.63 | steps=332
global_step=1666848 | return=237.16 | steps=186
global_step=1667008 | return=46.17 | steps=261
global_step=1667200 | return=-185.91 | steps=110
global_step=1667840 | return=-22.44 | steps=500
global_step=1668544 | return=216.83 | steps=214
global_step=1668736 | return=215.07 | steps=164
global_step=1668768 | return=124.96 | steps=183
global_step=1668960 | return=-157.88 | steps=500
global_step=1669056 | return=-33.57 | steps=349
global_step=1669184 | return=-181.71 | steps=114
global_step=1669376 | return=208.46 | steps=200
global_step=1669632 | return=59.72 | steps=278
global_step=1670304 | return=-54.45 | steps=494
global_step=1670720 | return=-269.15 | steps=160
global_step=1670912 | return=109.62 | steps=378
SPS: 638
global_step=1671328 | return=173.91 | steps=287
global_step=1671520 | return=217.62 | steps=176
global_step=1671776 | return=-142.61 | steps=142
global_step=1672320 | return=192.46 | steps=222
global_step=1672384 | return=-96.19 | steps=103
global_step=1672736 | return=179.30 | steps=248
global_step=1672768 | return=229.08 | steps=195
global_step=1672992 | return=52.01 | steps=212
global_step=1673888 | return=-74.60 | steps=166
global_step=1673984 | return=124.69 | steps=307
global_step=1674048 | return=-191.84 | steps=116
global_step=1674112 | return=183.12 | steps=275
global_step=1674208 | return=242.33 | steps=198
global_step=1674528 | return=109.16 | steps=234
global_step=1674624 | return=-181.80 | steps=176
global_step=1675616 | return=116.94 | steps=200
global_step=1675648 | return=142.37 | steps=333
global_step=1675648 | return=-142.83 | steps=500
global_step=1676384 | return=207.24 | steps=157
global_step=1676640 | return=125.96 | steps=218
global_step=1676640 | return=-78.06 | steps=120
global_step=1677024 | return=189.73 | steps=258
global_step=1677056 | return=207.54 | steps=258
global_step=1677152 | return=-175.67 | steps=101
global_step=1677184 | return=-129.64 | steps=130
global_step=1677376 | return=-126.66 | steps=500
global_step=1677408 | return=73.29 | steps=385
global_step=1677440 | return=-156.49 | steps=107
global_step=1678720 | return=190.31 | steps=224
global_step=1678752 | return=81.97 | steps=457
global_step=1679584 | return=98.71 | steps=172
global_step=1679712 | return=142.90 | steps=247
global_step=1680000 | return=-416.85 | steps=180
global_step=1680192 | return=-292.49 | steps=500
global_step=1680224 | return=-153.14 | steps=244
global_step=1680480 | return=-95.80 | steps=150
global_step=1680640 | return=122.86 | steps=259
global_step=1680832 | return=-395.45 | steps=309
global_step=1680864 | return=130.37 | steps=197
global_step=1681216 | return=-34.19 | steps=500
global_step=1682016 | return=-94.55 | steps=500
global_step=1682048 | return=94.40 | steps=247
global_step=1682240 | return=-151.99 | steps=500
global_step=1682624 | return=-73.25 | steps=120
global_step=1682880 | return=-76.72 | steps=500
global_step=1682976 | return=96.47 | steps=229
global_step=1683136 | return=188.50 | steps=202
global_step=1683712 | return=-152.32 | steps=100
global_step=1684544 | return=59.38 | steps=230
global_step=1684800 | return=-205.52 | steps=122
global_step=1684864 | return=215.37 | steps=231
global_step=1685088 | return=149.83 | steps=198
global_step=1685408 | return=-230.29 | steps=500
global_step=1685408 | return=-198.15 | steps=98
global_step=1686368 | return=119.14 | steps=178
global_step=1686752 | return=-261.22 | steps=500
global_step=1686752 | return=213.87 | steps=204
global_step=1687200 | return=222.26 | steps=224
global_step=1687424 | return=158.61 | steps=240
global_step=1687520 | return=-590.70 | steps=171
global_step=1687616 | return=50.23 | steps=319
global_step=1687648 | return=202.67 | steps=174
global_step=1688224 | return=157.20 | steps=348
global_step=1688448 | return=-114.21 | steps=94
global_step=1688768 | return=-182.09 | steps=500
global_step=1689024 | return=82.27 | steps=274
global_step=1689152 | return=141.14 | steps=298
global_step=1689504 | return=-59.63 | steps=464
global_step=1689536 | return=55.38 | steps=215
global_step=1689632 | return=140.91 | steps=207
global_step=1689952 | return=127.92 | steps=415
global_step=1690656 | return=198.37 | steps=173
global_step=1691040 | return=4.27 | steps=318
global_step=1691168 | return=-69.16 | steps=109
global_step=1691488 | return=-127.18 | steps=101
global_step=1691520 | return=-65.31 | steps=447
global_step=1691520 | return=26.42 | steps=440
global_step=1691680 | return=-49.98 | steps=500
global_step=1692416 | return=-214.71 | steps=500
global_step=1692832 | return=196.49 | steps=165
global_step=1693056 | return=-212.46 | steps=500
global_step=1693056 | return=249.19 | steps=182
global_step=1694112 | return=150.88 | steps=229
global_step=1694336 | return=64.28 | steps=209
global_step=1694432 | return=-90.83 | steps=334
global_step=1694944 | return=233.71 | steps=169
global_step=1695552 | return=-154.95 | steps=120
global_step=1695840 | return=-154.01 | steps=135
global_step=1696096 | return=207.29 | steps=204
global_step=1696128 | return=203.56 | steps=170
global_step=1696256 | return=4.69 | steps=357
global_step=1696256 | return=64.98 | steps=275
global_step=1696576 | return=87.40 | steps=172
global_step=1697248 | return=-88.00 | steps=500
global_step=1697440 | return=-150.36 | steps=446
global_step=1698432 | return=199.79 | steps=311
global_step=1698528 | return=-61.77 | steps=488
global_step=1698688 | return=-170.84 | steps=97
global_step=1698816 | return=-319.10 | steps=146
global_step=1699008 | return=118.25 | steps=205
global_step=1699104 | return=166.61 | steps=295
global_step=1699520 | return=-86.21 | steps=410
global_step=1699584 | return=85.70 | steps=251
global_step=1699904 | return=-163.15 | steps=126
global_step=1699936 | return=-145.16 | steps=114
global_step=1700128 | return=-226.95 | steps=180
global_step=1700224 | return=93.95 | steps=223
global_step=1700576 | return=-166.79 | steps=500
global_step=1700896 | return=-249.95 | steps=500
global_step=1701024 | return=-31.86 | steps=487
global_step=1701024 | return=103.79 | steps=205
global_step=1701312 | return=-199.96 | steps=162
global_step=1701312 | return=-235.48 | steps=198
global_step=1701440 | return=-191.22 | steps=85
global_step=1702464 | return=-97.49 | steps=490
global_step=1702592 | return=-351.08 | steps=394
global_step=1703008 | return=141.27 | steps=358
global_step=1703456 | return=248.30 | steps=214
SPS: 638
global_step=1704032 | return=-147.26 | steps=107
global_step=1704064 | return=106.51 | steps=343
global_step=1704256 | return=-196.17 | steps=91
global_step=1704608 | return=-202.29 | steps=136
global_step=1704704 | return=81.49 | steps=174
global_step=1704800 | return=-218.23 | steps=500
global_step=1704960 | return=215.27 | steps=234
global_step=1705024 | return=163.71 | steps=277
global_step=1705056 | return=-278.20 | steps=500
global_step=1705088 | return=121.15 | steps=173
global_step=1705120 | return=176.73 | steps=276
global_step=1705120 | return=42.04 | steps=498
global_step=1705344 | return=-144.14 | steps=134
global_step=1705696 | return=195.14 | steps=214
global_step=1705856 | return=-181.22 | steps=141
global_step=1705984 | return=123.75 | steps=199
global_step=1706656 | return=151.07 | steps=209
global_step=1706752 | return=-146.52 | steps=102
global_step=1706880 | return=-81.28 | steps=120
global_step=1706912 | return=-122.30 | steps=183
global_step=1706976 | return=82.58 | steps=248
global_step=1707200 | return=-260.85 | steps=500
global_step=1707552 | return=169.01 | steps=231
global_step=1707840 | return=224.97 | steps=247
global_step=1708160 | return=-247.28 | steps=96
global_step=1708224 | return=-98.44 | steps=130
global_step=1708288 | return=-167.93 | steps=99
global_step=1708320 | return=-128.86 | steps=112
global_step=1708864 | return=-158.16 | steps=500
global_step=1709056 | return=155.51 | steps=368
global_step=1709120 | return=93.08 | steps=256
global_step=1709792 | return=103.82 | steps=260
global_step=1709888 | return=209.49 | steps=148
global_step=1710240 | return=214.09 | steps=186
global_step=1710464 | return=211.15 | steps=245
global_step=1710656 | return=-351.24 | steps=149
global_step=1710688 | return=191.27 | steps=206
global_step=1711040 | return=29.09 | steps=390
global_step=1711104 | return=223.28 | steps=202
global_step=1711136 | return=-109.70 | steps=139
global_step=1711744 | return=115.29 | steps=211
global_step=1711808 | return=223.56 | steps=181
global_step=1712064 | return=-202.09 | steps=99
global_step=1712512 | return=-499.38 | steps=439
global_step=1712640 | return=-57.34 | steps=85
global_step=1712768 | return=-161.49 | steps=141
global_step=1713152 | return=118.38 | steps=260
global_step=1713344 | return=193.91 | steps=201
global_step=1713792 | return=-164.12 | steps=103
global_step=1714688 | return=233.94 | steps=199
global_step=1714976 | return=137.73 | steps=231
global_step=1715136 | return=-201.76 | steps=138
global_step=1715200 | return=-267.25 | steps=79
global_step=1715264 | return=81.68 | steps=265
global_step=1715424 | return=-145.64 | steps=114
global_step=1715456 | return=32.70 | steps=304
global_step=1716224 | return=203.17 | steps=186
global_step=1716704 | return=108.88 | steps=215
global_step=1716768 | return=234.41 | steps=190
global_step=1716800 | return=-77.88 | steps=133
global_step=1717856 | return=146.43 | steps=341
global_step=1717920 | return=221.00 | steps=212
global_step=1718112 | return=-67.03 | steps=106
global_step=1718400 | return=122.93 | steps=205
global_step=1718496 | return=-72.57 | steps=500
global_step=1718624 | return=100.04 | steps=424
global_step=1718656 | return=122.70 | steps=234
global_step=1719328 | return=84.05 | steps=320
global_step=1719392 | return=185.04 | steps=360
global_step=1720672 | return=232.90 | steps=214
global_step=1720832 | return=109.45 | steps=251
global_step=1721152 | return=-38.57 | steps=500
global_step=1721376 | return=-82.95 | steps=500
global_step=1721440 | return=-522.99 | steps=144
global_step=1721664 | return=26.68 | steps=421
global_step=1721952 | return=228.32 | steps=208
global_step=1722112 | return=-102.09 | steps=84
global_step=1722176 | return=-102.23 | steps=134
global_step=1722176 | return=-91.88 | steps=114
global_step=1722208 | return=134.86 | steps=210
global_step=1722368 | return=31.31 | steps=287
global_step=1722592 | return=139.67 | steps=328
global_step=1723008 | return=-182.07 | steps=500
global_step=1723232 | return=-247.08 | steps=500
global_step=1723744 | return=207.60 | steps=266
global_step=1723840 | return=217.95 | steps=222
global_step=1724192 | return=-388.50 | steps=282
global_step=1724352 | return=-144.04 | steps=500
global_step=1725152 | return=-225.41 | steps=500
global_step=1725216 | return=-104.57 | steps=94
global_step=1725216 | return=106.34 | steps=204
global_step=1727072 | return=-159.31 | steps=500
global_step=1727328 | return=197.78 | steps=162
global_step=1727456 | return=185.71 | steps=171
global_step=1728064 | return=42.88 | steps=230
global_step=1728672 | return=112.96 | steps=196
global_step=1728864 | return=207.24 | steps=208
global_step=1729088 | return=188.25 | steps=231
global_step=1729120 | return=36.48 | steps=327
global_step=1729376 | return=-80.51 | steps=500
global_step=1729696 | return=182.06 | steps=208
global_step=1729792 | return=97.78 | steps=236
global_step=1729824 | return=108.85 | steps=449
global_step=1730752 | return=130.03 | steps=204
global_step=1731008 | return=-32.33 | steps=500
global_step=1731040 | return=111.56 | steps=227
global_step=1731264 | return=169.97 | steps=315
global_step=1731520 | return=-78.18 | steps=460
global_step=1732256 | return=-62.30 | steps=500
global_step=1732384 | return=-85.54 | steps=115
global_step=1732864 | return=-120.89 | steps=116
global_step=1733152 | return=-114.29 | steps=104
global_step=1733792 | return=-46.94 | steps=404
global_step=1733888 | return=-391.39 | steps=297
global_step=1733952 | return=-83.65 | steps=500
global_step=1734144 | return=-247.95 | steps=500
global_step=1734432 | return=-60.58 | steps=500
global_step=1734560 | return=-132.87 | steps=151
global_step=1734560 | return=166.26 | steps=221
global_step=1734656 | return=98.94 | steps=236
global_step=1734688 | return=43.93 | steps=297
global_step=1735328 | return=154.92 | steps=226
global_step=1735360 | return=-203.67 | steps=500
global_step=1736256 | return=215.17 | steps=162
global_step=1736352 | return=-91.18 | steps=123
global_step=1736704 | return=87.80 | steps=214
SPS: 638
global_step=1736832 | return=-130.06 | steps=91
global_step=1737088 | return=190.54 | steps=197
global_step=1737408 | return=-150.54 | steps=500
global_step=1737472 | return=-208.94 | steps=500
global_step=1737504 | return=108.41 | steps=186
global_step=1737696 | return=-107.48 | steps=101
global_step=1737824 | return=-112.16 | steps=154
global_step=1738272 | return=-91.31 | steps=115
global_step=1738624 | return=-101.80 | steps=500
global_step=1739008 | return=100.43 | steps=182
global_step=1739136 | return=107.77 | steps=155
global_step=1739264 | return=-63.45 | steps=324
global_step=1739264 | return=-65.38 | steps=500
global_step=1739520 | return=77.59 | steps=154
global_step=1739520 | return=100.16 | steps=173
global_step=1739520 | return=-23.45 | steps=316
global_step=1739872 | return=-224.34 | steps=500
global_step=1740288 | return=-517.73 | steps=111
global_step=1741248 | return=-147.64 | steps=500
global_step=1741248 | return=-210.41 | steps=500
global_step=1741728 | return=-99.96 | steps=84
global_step=1741952 | return=221.10 | steps=174
global_step=1741984 | return=-95.86 | steps=133
global_step=1742336 | return=33.54 | steps=217
global_step=1742368 | return=250.47 | steps=190
global_step=1742464 | return=-8.40 | steps=417
global_step=1742592 | return=170.11 | steps=246
global_step=1742688 | return=-130.15 | steps=182
global_step=1743360 | return=-236.20 | steps=500
global_step=1744000 | return=151.57 | steps=178
global_step=1744128 | return=-105.99 | steps=119
global_step=1744256 | return=148.43 | steps=299
global_step=1744256 | return=-114.70 | steps=147
global_step=1744384 | return=-87.47 | steps=159
global_step=1744768 | return=212.93 | steps=229
global_step=1744832 | return=-128.11 | steps=111
global_step=1744992 | return=143.98 | steps=246
global_step=1745312 | return=-118.36 | steps=438
global_step=1745376 | return=208.55 | steps=182
global_step=1745408 | return=223.52 | steps=211
global_step=1745408 | return=201.56 | steps=183
global_step=1745664 | return=-166.44 | steps=114
global_step=1745856 | return=-187.16 | steps=109
global_step=1746496 | return=-121.51 | steps=141
global_step=1746720 | return=-104.63 | steps=490
global_step=1748288 | return=-155.96 | steps=500
global_step=1749088 | return=-113.83 | steps=115
global_step=1749408 | return=227.93 | steps=168
global_step=1749440 | return=104.76 | steps=240
global_step=1749536 | return=71.85 | steps=213
global_step=1749664 | return=-14.26 | steps=262
global_step=1749824 | return=-141.49 | steps=500
global_step=1749856 | return=-10.17 | steps=334
global_step=1750592 | return=79.49 | steps=225
global_step=1750912 | return=229.30 | steps=263
global_step=1751040 | return=111.50 | steps=188
global_step=1751360 | return=-152.89 | steps=500
global_step=1751616 | return=197.06 | steps=193
global_step=1751712 | return=108.38 | steps=232
global_step=1752000 | return=-93.03 | steps=453
global_step=1752128 | return=103.83 | steps=241
global_step=1752384 | return=211.56 | steps=217
global_step=1752384 | return=173.56 | steps=235
global_step=1752448 | return=-189.11 | steps=259
global_step=1752960 | return=85.66 | steps=482
global_step=1752992 | return=252.82 | steps=195
global_step=1753504 | return=-93.64 | steps=123
global_step=1753600 | return=137.51 | steps=343
global_step=1753728 | return=-265.86 | steps=87
global_step=1753792 | return=226.59 | steps=227
global_step=1753856 | return=44.84 | steps=283
global_step=1753856 | return=-229.25 | steps=500
global_step=1754528 | return=-459.14 | steps=169
global_step=1754720 | return=-146.57 | steps=96
global_step=1754976 | return=-320.45 | steps=208
global_step=1755072 | return=155.94 | steps=396
global_step=1755104 | return=-144.84 | steps=140
global_step=1755200 | return=224.54 | steps=166
global_step=1755296 | return=-81.80 | steps=500
global_step=1755616 | return=124.23 | steps=193
global_step=1755904 | return=-130.59 | steps=500
global_step=1756000 | return=-126.06 | steps=94
global_step=1756064 | return=-177.63 | steps=95
global_step=1756096 | return=-48.18 | steps=113
global_step=1756832 | return=88.77 | steps=218
global_step=1757120 | return=-208.07 | steps=112
global_step=1757344 | return=-295.32 | steps=186
global_step=1757344 | return=-78.79 | steps=175
global_step=1757504 | return=-104.40 | steps=117
global_step=1757632 | return=-123.06 | steps=125
global_step=1757728 | return=-117.81 | steps=99
global_step=1757728 | return=198.21 | steps=178
global_step=1758400 | return=-168.38 | steps=99
global_step=1758432 | return=-165.61 | steps=142
global_step=1758784 | return=179.63 | steps=241
global_step=1758944 | return=-132.09 | steps=123
global_step=1759168 | return=115.26 | steps=211
global_step=1759232 | return=219.58 | steps=221
global_step=1759584 | return=219.81 | steps=224
global_step=1759776 | return=101.20 | steps=186
global_step=1759968 | return=-150.34 | steps=126
global_step=1760288 | return=-160.15 | steps=500
global_step=1760480 | return=144.63 | steps=337
global_step=1761344 | return=-49.18 | steps=500
global_step=1761536 | return=68.54 | steps=212
global_step=1761696 | return=-181.68 | steps=500
global_step=1761888 | return=-187.98 | steps=500
global_step=1762304 | return=213.10 | steps=145
global_step=1762336 | return=84.27 | steps=226
global_step=1762560 | return=-160.97 | steps=103
global_step=1762688 | return=236.23 | steps=208
global_step=1762688 | return=-85.26 | steps=109
global_step=1763008 | return=-124.66 | steps=143
global_step=1763392 | return=-51.22 | steps=118
global_step=1764000 | return=75.96 | steps=271
global_step=1764032 | return=227.27 | steps=158
global_step=1764160 | return=112.18 | steps=207
global_step=1764160 | return=131.55 | steps=212
global_step=1764224 | return=203.47 | steps=180
global_step=1765312 | return=-143.34 | steps=92
global_step=1765472 | return=-210.62 | steps=500
global_step=1766176 | return=224.46 | steps=199
global_step=1766304 | return=200.87 | steps=181
global_step=1766528 | return=204.38 | steps=155
global_step=1766816 | return=104.15 | steps=365
global_step=1766912 | return=75.90 | steps=352
global_step=1766944 | return=125.71 | steps=254
global_step=1767136 | return=143.65 | steps=180
global_step=1767264 | return=224.49 | steps=217
global_step=1767328 | return=-148.55 | steps=134
global_step=1767488 | return=-647.45 | steps=425
global_step=1767744 | return=-111.33 | steps=109
global_step=1767776 | return=162.69 | steps=313
global_step=1767840 | return=124.31 | steps=245
global_step=1767968 | return=-75.43 | steps=118
global_step=1767968 | return=89.99 | steps=164
global_step=1768064 | return=-207.67 | steps=171
global_step=1768064 | return=51.58 | steps=322
global_step=1768064 | return=153.67 | steps=341
global_step=1768960 | return=39.55 | steps=378
SPS: 639
global_step=1770048 | return=201.60 | steps=254
global_step=1771072 | return=-90.49 | steps=103
global_step=1771360 | return=-21.32 | steps=476
global_step=1771456 | return=167.01 | steps=273
global_step=1771872 | return=207.25 | steps=245
global_step=1772064 | return=183.70 | steps=205
global_step=1772096 | return=-75.10 | steps=500
global_step=1772192 | return=-173.30 | steps=463
global_step=1772384 | return=-195.37 | steps=137
global_step=1772608 | return=69.15 | steps=227
global_step=1772832 | return=198.53 | steps=148
global_step=1773408 | return=146.37 | steps=312
global_step=1773536 | return=213.31 | steps=193
global_step=1773664 | return=141.53 | steps=210
global_step=1773792 | return=180.57 | steps=178
global_step=1774048 | return=160.63 | steps=221
global_step=1774528 | return=207.60 | steps=210
global_step=1775040 | return=-171.22 | steps=92
global_step=1775552 | return=91.56 | steps=251
global_step=1775584 | return=-146.46 | steps=108
global_step=1775840 | return=133.34 | steps=180
global_step=1776000 | return=91.69 | steps=302
global_step=1776320 | return=-2.62 | steps=456
global_step=1776576 | return=-110.34 | steps=123
global_step=1776928 | return=0.46 | steps=456
global_step=1776928 | return=81.79 | steps=170
global_step=1777248 | return=70.82 | steps=412
global_step=1777632 | return=81.37 | steps=169
global_step=1777728 | return=-236.96 | steps=99
global_step=1777792 | return=-1.33 | steps=328
global_step=1778752 | return=-138.62 | steps=98
global_step=1778816 | return=-44.63 | steps=342
global_step=1779136 | return=222.04 | steps=166
global_step=1779264 | return=200.01 | steps=182
global_step=1779392 | return=93.56 | steps=382
global_step=1779424 | return=221.92 | steps=235
global_step=1779744 | return=-41.62 | steps=423
global_step=1779776 | return=149.04 | steps=365
global_step=1780160 | return=-150.94 | steps=111
global_step=1780192 | return=-89.42 | steps=500
global_step=1780480 | return=77.56 | steps=216
global_step=1780768 | return=-37.73 | steps=399
global_step=1781088 | return=69.53 | steps=312
global_step=1781376 | return=229.63 | steps=167
global_step=1781568 | return=217.98 | steps=203
global_step=1782048 | return=107.51 | steps=202
global_step=1782208 | return=-140.87 | steps=86
global_step=1782400 | return=-99.92 | steps=160
global_step=1782432 | return=111.33 | steps=205
global_step=1782560 | return=-148.96 | steps=500
global_step=1782624 | return=-135.55 | steps=89
global_step=1782848 | return=-234.85 | steps=500
global_step=1783072 | return=72.71 | steps=333
global_step=1783424 | return=233.74 | steps=202
global_step=1783520 | return=83.13 | steps=178
global_step=1783744 | return=123.78 | steps=386
global_step=1783808 | return=123.85 | steps=145
global_step=1784000 | return=-105.95 | steps=109
global_step=1784608 | return=-44.61 | steps=162
global_step=1784640 | return=148.67 | steps=259
global_step=1784800 | return=124.99 | steps=220
global_step=1784800 | return=-200.28 | steps=143
global_step=1784832 | return=-96.57 | steps=107
global_step=1784992 | return=-15.56 | steps=500
global_step=1785824 | return=-113.12 | steps=92
global_step=1786304 | return=-158.82 | steps=100
global_step=1786336 | return=-217.36 | steps=133
global_step=1786464 | return=49.44 | steps=399
global_step=1786880 | return=159.93 | steps=310
global_step=1787232 | return=231.40 | steps=150
global_step=1787232 | return=-468.59 | steps=156
global_step=1787520 | return=221.28 | steps=210
global_step=1787648 | return=-21.95 | steps=462
global_step=1788064 | return=-427.41 | steps=144
global_step=1788064 | return=43.20 | steps=325
global_step=1788224 | return=200.15 | steps=222
global_step=1788288 | return=67.20 | steps=295
global_step=1788320 | return=-32.06 | steps=266
global_step=1788480 | return=-90.31 | steps=114
global_step=1788992 | return=-454.77 | steps=130
global_step=1789184 | return=-174.09 | steps=130
global_step=1789216 | return=219.12 | steps=168
global_step=1789664 | return=102.14 | steps=221
global_step=1790080 | return=-246.48 | steps=500
global_step=1790784 | return=197.70 | steps=185
global_step=1791040 | return=-24.35 | steps=339
global_step=1791072 | return=79.35 | steps=368
global_step=1791072 | return=-133.23 | steps=106
global_step=1792256 | return=128.53 | steps=185
global_step=1792544 | return=122.08 | steps=189
global_step=1792576 | return=-148.76 | steps=140
global_step=1792928 | return=115.88 | steps=221
global_step=1793120 | return=99.68 | steps=183
global_step=1793216 | return=213.17 | steps=214
global_step=1794336 | return=141.19 | steps=190
global_step=1794560 | return=223.21 | steps=152
global_step=1794784 | return=-37.80 | steps=500
global_step=1794880 | return=130.93 | steps=199
global_step=1794880 | return=105.73 | steps=382
global_step=1795328 | return=214.59 | steps=163
global_step=1796224 | return=140.02 | steps=362
global_step=1796352 | return=132.08 | steps=250
global_step=1796448 | return=144.65 | steps=168
global_step=1796576 | return=-89.48 | steps=468
global_step=1796864 | return=192.38 | steps=311
global_step=1797664 | return=166.68 | steps=205
global_step=1797824 | return=104.06 | steps=304
global_step=1798112 | return=205.17 | steps=228
global_step=1798272 | return=81.60 | steps=289
global_step=1798368 | return=35.35 | steps=227
global_step=1798464 | return=-183.61 | steps=500
global_step=1798880 | return=-59.49 | steps=197
global_step=1798912 | return=-257.57 | steps=186
global_step=1799040 | return=28.41 | steps=484
global_step=1799488 | return=-85.73 | steps=146
global_step=1799776 | return=-191.30 | steps=500
global_step=1799904 | return=184.56 | steps=238
global_step=1799968 | return=237.09 | steps=210
global_step=1800032 | return=-265.31 | steps=500
global_step=1800288 | return=88.65 | steps=178
global_step=1800672 | return=-107.23 | steps=500
global_step=1801280 | return=100.20 | steps=185
global_step=1801376 | return=-212.17 | steps=110
global_step=1801888 | return=171.62 | steps=235
SPS: 639
global_step=1802336 | return=91.17 | steps=304
global_step=1802848 | return=-150.10 | steps=91
global_step=1803168 | return=197.93 | steps=258
global_step=1803200 | return=239.50 | steps=197
global_step=1803264 | return=-99.99 | steps=500
global_step=1803552 | return=-48.97 | steps=500
global_step=1803680 | return=-66.28 | steps=480
global_step=1803712 | return=-77.80 | steps=94
global_step=1803776 | return=-427.30 | steps=133
global_step=1803776 | return=68.76 | steps=171
global_step=1804192 | return=200.35 | steps=203
global_step=1804768 | return=115.83 | steps=266
global_step=1804832 | return=210.71 | steps=180
global_step=1805216 | return=-102.98 | steps=500
global_step=1805248 | return=-244.45 | steps=500
global_step=1805760 | return=-109.71 | steps=120
global_step=1806784 | return=204.32 | steps=168
global_step=1807232 | return=211.93 | steps=185
global_step=1807232 | return=113.21 | steps=216
global_step=1807264 | return=-118.77 | steps=108
global_step=1807296 | return=-98.03 | steps=127
global_step=1807968 | return=-316.35 | steps=175
global_step=1808032 | return=31.28 | steps=309
global_step=1808128 | return=125.92 | steps=301
global_step=1809024 | return=210.28 | steps=165
global_step=1809152 | return=26.08 | steps=445
global_step=1809152 | return=-237.73 | steps=500
global_step=1809216 | return=187.51 | steps=188
global_step=1809312 | return=61.43 | steps=188
global_step=1809696 | return=-121.46 | steps=139
global_step=1809888 | return=-423.71 | steps=128
global_step=1810368 | return=-23.84 | steps=322
global_step=1810400 | return=-287.32 | steps=209
global_step=1810816 | return=-436.01 | steps=88
global_step=1810976 | return=250.84 | steps=191
global_step=1811296 | return=-144.52 | steps=126
global_step=1811392 | return=150.82 | steps=356
global_step=1811456 | return=-98.11 | steps=129
global_step=1812128 | return=-133.76 | steps=489
global_step=1812384 | return=-129.22 | steps=500
global_step=1812576 | return=88.60 | steps=243
global_step=1812608 | return=-187.47 | steps=500
global_step=1813568 | return=-89.88 | steps=458
global_step=1813728 | return=-164.13 | steps=146
global_step=1813984 | return=-181.04 | steps=111
global_step=1814112 | return=-104.89 | steps=149
global_step=1814400 | return=-99.10 | steps=500
global_step=1814496 | return=-100.87 | steps=96
global_step=1814720 | return=125.22 | steps=341
global_step=1814944 | return=-11.59 | steps=500
global_step=1815008 | return=230.51 | steps=182
global_step=1815168 | return=146.99 | steps=309
global_step=1815488 | return=-153.18 | steps=89
global_step=1815808 | return=-150.14 | steps=500
global_step=1816192 | return=130.44 | steps=217
global_step=1816288 | return=134.29 | steps=377
global_step=1816576 | return=190.26 | steps=263
global_step=1816864 | return=-55.10 | steps=415
global_step=1817280 | return=205.29 | steps=201
global_step=1817504 | return=131.05 | steps=203
global_step=1817600 | return=-208.79 | steps=96
global_step=1818496 | return=109.07 | steps=224
global_step=1818720 | return=197.44 | steps=197
global_step=1818880 | return=-205.66 | steps=500
global_step=1819008 | return=-172.72 | steps=126
global_step=1819296 | return=109.77 | steps=173
global_step=1819296 | return=142.37 | steps=299
global_step=1819424 | return=-130.31 | steps=97
global_step=1819648 | return=80.14 | steps=189
global_step=1819680 | return=74.66 | steps=221
global_step=1820384 | return=-15.09 | steps=385
global_step=1820832 | return=-414.88 | steps=209
global_step=1820832 | return=-139.01 | steps=144
global_step=1821568 | return=-1.13 | steps=315
global_step=1821632 | return=-551.28 | steps=296
global_step=1821664 | return=-375.66 | steps=202
global_step=1821664 | return=4.13 | steps=352
global_step=1821792 | return=182.20 | steps=230
global_step=1821984 | return=108.89 | steps=217
global_step=1822080 | return=141.91 | steps=229
global_step=1822144 | return=111.02 | steps=144
global_step=1822400 | return=204.33 | steps=172
global_step=1822464 | return=-113.03 | steps=98
global_step=1822816 | return=-159.61 | steps=500
global_step=1823008 | return=-98.95 | steps=133
global_step=1823232 | return=195.97 | steps=231
global_step=1823264 | return=-220.30 | steps=500
global_step=1823296 | return=-87.72 | steps=500
global_step=1823872 | return=64.83 | steps=227
global_step=1823904 | return=0.08 | steps=460
global_step=1823936 | return=188.99 | steps=310
global_step=1824576 | return=228.52 | steps=189
global_step=1824768 | return=88.38 | steps=179
global_step=1824896 | return=234.45 | steps=174
global_step=1825344 | return=202.37 | steps=184
global_step=1825440 | return=-186.65 | steps=143
global_step=1825728 | return=-70.86 | steps=319
global_step=1825920 | return=-121.19 | steps=500
global_step=1826208 | return=162.59 | steps=268
global_step=1826240 | return=180.40 | steps=182
global_step=1826368 | return=106.34 | steps=208
global_step=1826432 | return=25.75 | steps=211
global_step=1827040 | return=-216.23 | steps=154
global_step=1827360 | return=164.42 | steps=203
global_step=1827680 | return=-107.39 | steps=138
global_step=1827776 | return=97.03 | steps=180
global_step=1827872 | return=229.51 | steps=193
global_step=1828096 | return=103.48 | steps=203
global_step=1828192 | return=29.01 | steps=290
global_step=1828352 | return=205.78 | steps=193
global_step=1829152 | return=93.21 | steps=229
global_step=1829408 | return=-75.51 | steps=140
global_step=1829472 | return=163.01 | steps=243
global_step=1829728 | return=95.56 | steps=226
global_step=1830656 | return=129.47 | steps=230
global_step=1831008 | return=75.05 | steps=194
global_step=1831200 | return=237.67 | steps=228
global_step=1831424 | return=-187.67 | steps=110
global_step=1831808 | return=188.17 | steps=183
global_step=1831840 | return=85.04 | steps=175
global_step=1832000 | return=-68.15 | steps=80
global_step=1832384 | return=-297.87 | steps=143
global_step=1832448 | return=191.79 | steps=221
global_step=1832512 | return=149.29 | steps=296
global_step=1832832 | return=86.82 | steps=221
global_step=1832832 | return=12.58 | steps=278
global_step=1833120 | return=183.44 | steps=239
global_step=1833280 | return=96.73 | steps=363
global_step=1833312 | return=-295.98 | steps=500
global_step=1833536 | return=136.80 | steps=223
global_step=1833696 | return=118.53 | steps=207
global_step=1833952 | return=-332.25 | steps=91
global_step=1834080 | return=193.38 | steps=244
global_step=1834400 | return=137.74 | steps=326
global_step=1834912 | return=83.78 | steps=225
global_step=1834976 | return=91.87 | steps=266
global_step=1835008 | return=-125.75 | steps=135
SPS: 639
global_step=1835072 | return=-530.91 | steps=240
global_step=1835648 | return=-72.76 | steps=131
global_step=1835904 | return=101.27 | steps=210
global_step=1835936 | return=-140.79 | steps=82
global_step=1836864 | return=-132.32 | steps=137
global_step=1837536 | return=174.52 | steps=291
global_step=1837856 | return=-84.01 | steps=134
global_step=1838208 | return=-263.93 | steps=132
global_step=1838432 | return=-235.78 | steps=500
global_step=1838848 | return=-226.32 | steps=500
global_step=1839104 | return=186.59 | steps=226
global_step=1839200 | return=101.44 | steps=208
global_step=1839328 | return=-76.51 | steps=500
global_step=1839456 | return=205.60 | steps=191
global_step=1839616 | return=85.77 | steps=237
global_step=1839648 | return=-112.24 | steps=124
global_step=1840064 | return=66.42 | steps=276
global_step=1840480 | return=202.67 | steps=171
global_step=1840512 | return=234.64 | steps=212
global_step=1840608 | return=-176.11 | steps=500
global_step=1840864 | return=74.19 | steps=282
global_step=1841120 | return=215.82 | steps=193
global_step=1841216 | return=96.62 | steps=252
global_step=1841248 | return=75.03 | steps=367
global_step=1842080 | return=217.05 | steps=249
global_step=1842208 | return=160.51 | steps=292
global_step=1842528 | return=242.63 | steps=176
global_step=1842688 | return=104.57 | steps=211
global_step=1843168 | return=207.93 | steps=273
global_step=1843200 | return=-76.69 | steps=80
global_step=1843744 | return=-200.45 | steps=89
global_step=1844128 | return=-228.67 | steps=500
global_step=1844128 | return=240.72 | steps=184
global_step=1844384 | return=-240.15 | steps=500
global_step=1844544 | return=136.55 | steps=166
global_step=1845152 | return=-170.06 | steps=145
global_step=1845216 | return=77.06 | steps=289
global_step=1845632 | return=-252.65 | steps=224
global_step=1845760 | return=-115.44 | steps=500
global_step=1845824 | return=102.32 | steps=202
global_step=1846048 | return=-98.71 | steps=88
global_step=1846176 | return=28.66 | steps=348
global_step=1846272 | return=214.98 | steps=207
global_step=1847008 | return=218.28 | steps=202
global_step=1847936 | return=57.45 | steps=264
global_step=1847936 | return=-126.90 | steps=84
global_step=1848000 | return=68.74 | steps=473
global_step=1848416 | return=-86.31 | steps=500
global_step=1848448 | return=230.05 | steps=198
global_step=1848512 | return=125.60 | steps=301
global_step=1848832 | return=199.52 | steps=237
global_step=1849088 | return=-26.35 | steps=311
global_step=1849248 | return=-157.39 | steps=106
global_step=1849824 | return=-339.19 | steps=113
global_step=1850240 | return=240.94 | steps=235
global_step=1850272 | return=-82.63 | steps=124
global_step=1850368 | return=186.46 | steps=224
global_step=1850464 | return=174.01 | steps=247
global_step=1850688 | return=118.29 | steps=196
global_step=1850912 | return=87.59 | steps=271
global_step=1851072 | return=51.30 | steps=310
global_step=1851072 | return=242.93 | steps=216
global_step=1851104 | return=-67.60 | steps=500
global_step=1851168 | return=-280.01 | steps=98
global_step=1851392 | return=173.45 | steps=238
global_step=1851424 | return=52.88 | steps=176
global_step=1851520 | return=207.20 | steps=170
global_step=1851872 | return=-73.77 | steps=122
global_step=1852192 | return=103.23 | steps=204
global_step=1852448 | return=-68.28 | steps=465
global_step=1853056 | return=89.71 | steps=246
global_step=1853568 | return=-290.07 | steps=204
global_step=1853728 | return=182.37 | steps=286
global_step=1853888 | return=-143.30 | steps=86
global_step=1853888 | return=-70.85 | steps=500
global_step=1854016 | return=-488.94 | steps=189
global_step=1854368 | return=-224.77 | steps=128
global_step=1854464 | return=245.17 | steps=188
global_step=1854976 | return=216.89 | steps=183
global_step=1855072 | return=206.16 | steps=206
global_step=1855680 | return=-96.84 | steps=500
global_step=1856096 | return=-126.78 | steps=500
global_step=1856992 | return=221.11 | steps=189
global_step=1857056 | return=-209.29 | steps=108
global_step=1857120 | return=209.70 | steps=268
global_step=1857216 | return=215.47 | steps=203
global_step=1857280 | return=-72.14 | steps=500
global_step=1857696 | return=-101.90 | steps=103
global_step=1857920 | return=194.24 | steps=252
global_step=1857984 | return=174.13 | steps=215
global_step=1858688 | return=131.53 | steps=194
global_step=1859648 | return=198.36 | steps=289
global_step=1859680 | return=197.21 | steps=258
global_step=1859712 | return=163.61 | steps=244
global_step=1859808 | return=118.13 | steps=258
global_step=1860160 | return=-134.60 | steps=500
global_step=1860384 | return=-159.28 | steps=133
global_step=1860640 | return=-95.51 | steps=109
global_step=1860672 | return=-159.67 | steps=92
global_step=1861632 | return=39.77 | steps=329
global_step=1861664 | return=224.87 | steps=224
global_step=1861888 | return=65.87 | steps=275
global_step=1862080 | return=-158.06 | steps=129
global_step=1862432 | return=105.90 | steps=169
global_step=1862528 | return=71.88 | steps=382
global_step=1862720 | return=91.17 | steps=271
global_step=1862944 | return=-367.28 | steps=132
global_step=1863136 | return=53.83 | steps=184
global_step=1863232 | return=-116.16 | steps=106
global_step=1863328 | return=55.02 | steps=238
global_step=1863936 | return=91.37 | steps=313
global_step=1863936 | return=58.49 | steps=279
global_step=1863968 | return=-367.40 | steps=133
global_step=1864064 | return=-409.46 | steps=394
global_step=1864224 | return=-300.15 | steps=140
global_step=1864416 | return=-92.22 | steps=117
global_step=1864864 | return=-110.55 | steps=500
global_step=1864896 | return=150.16 | steps=343
global_step=1865280 | return=-77.63 | steps=500
global_step=1866112 | return=248.97 | steps=201
global_step=1866368 | return=167.89 | steps=290
global_step=1866400 | return=8.26 | steps=353
global_step=1866496 | return=-61.87 | steps=500
global_step=1866560 | return=-154.66 | steps=106
global_step=1867200 | return=-119.49 | steps=500
SPS: 639
global_step=1867808 | return=221.10 | steps=178
global_step=1867968 | return=229.30 | steps=197
global_step=1867968 | return=228.78 | steps=227
global_step=1868032 | return=-176.19 | steps=149
global_step=1868224 | return=-21.48 | steps=500
global_step=1868352 | return=-227.50 | steps=95
global_step=1868576 | return=-203.43 | steps=188
global_step=1868608 | return=-213.90 | steps=115
global_step=1869120 | return=238.90 | steps=161
global_step=1869536 | return=210.75 | steps=165
global_step=1869568 | return=-24.31 | steps=171
global_step=1869760 | return=-46.50 | steps=500
global_step=1869792 | return=196.58 | steps=229
global_step=1869920 | return=233.61 | steps=171
global_step=1870112 | return=209.19 | steps=192
global_step=1870368 | return=108.96 | steps=199
global_step=1870976 | return=40.26 | steps=283
global_step=1871200 | return=-95.94 | steps=105
global_step=1871328 | return=68.69 | steps=341
global_step=1871744 | return=95.77 | steps=163
global_step=1872064 | return=172.99 | steps=371
global_step=1872864 | return=180.99 | steps=297
global_step=1872896 | return=-137.42 | steps=103
global_step=1873280 | return=-164.37 | steps=108
global_step=1873312 | return=-170.63 | steps=500
global_step=1874016 | return=-208.39 | steps=500
global_step=1874688 | return=109.92 | steps=253
global_step=1874944 | return=-61.28 | steps=123
global_step=1874976 | return=137.67 | steps=182
global_step=1875008 | return=120.47 | steps=243
global_step=1875040 | return=139.09 | steps=269
global_step=1875168 | return=185.04 | steps=212
global_step=1875328 | return=198.19 | steps=221
global_step=1875488 | return=-95.02 | steps=116
global_step=1875584 | return=65.73 | steps=237
global_step=1875904 | return=138.63 | steps=180
global_step=1876192 | return=204.88 | steps=256
global_step=1876352 | return=-121.47 | steps=107
global_step=1876384 | return=203.65 | steps=201
global_step=1876672 | return=-127.15 | steps=118
global_step=1876768 | return=121.90 | steps=169
global_step=1876928 | return=211.32 | steps=260
global_step=1876992 | return=-143.09 | steps=115
global_step=1877376 | return=85.60 | steps=192
global_step=1877696 | return=85.77 | steps=228
global_step=1877696 | return=-240.90 | steps=500
global_step=1877920 | return=-159.74 | steps=92
global_step=1878368 | return=64.33 | steps=374
global_step=1878400 | return=206.98 | steps=276
global_step=1878752 | return=-86.58 | steps=500
global_step=1878752 | return=209.61 | steps=208
global_step=1878944 | return=-122.65 | steps=132
global_step=1878976 | return=-158.41 | steps=500
global_step=1879520 | return=-3.82 | steps=457
global_step=1879648 | return=-285.14 | steps=116
global_step=1879840 | return=-123.17 | steps=140
global_step=1880320 | return=177.68 | steps=166
global_step=1880928 | return=232.71 | steps=184
global_step=1881600 | return=-167.54 | steps=99
global_step=1881664 | return=134.96 | steps=152
global_step=1881856 | return=-201.67 | steps=170
global_step=1881888 | return=-128.23 | steps=97
global_step=1882048 | return=176.71 | steps=177
global_step=1882048 | return=247.75 | steps=167
global_step=1882144 | return=-229.95 | steps=500
global_step=1882240 | return=-103.37 | steps=108
global_step=1882848 | return=-126.14 | steps=139
global_step=1883584 | return=179.71 | steps=205
global_step=1883648 | return=145.53 | steps=232
global_step=1883680 | return=112.99 | steps=255
global_step=1883968 | return=196.02 | steps=188
global_step=1884064 | return=-52.94 | steps=500
global_step=1884288 | return=-494.95 | steps=123
global_step=1884640 | return=-51.07 | steps=500
global_step=1884672 | return=-113.56 | steps=86
global_step=1884704 | return=209.44 | steps=242
global_step=1884736 | return=-111.87 | steps=467
global_step=1884800 | return=149.29 | steps=181
global_step=1884896 | return=-112.41 | steps=102
global_step=1885024 | return=14.77 | steps=311
global_step=1885504 | return=-130.86 | steps=107
global_step=1885760 | return=156.70 | steps=251
global_step=1886048 | return=198.17 | steps=203
global_step=1886144 | return=-159.20 | steps=127
global_step=1886464 | return=218.43 | steps=234
global_step=1886592 | return=-152.04 | steps=138
global_step=1886912 | return=160.52 | steps=297
global_step=1887456 | return=-117.75 | steps=117
global_step=1887680 | return=212.89 | steps=181
global_step=1887840 | return=73.98 | steps=453
global_step=1888096 | return=186.94 | steps=200
global_step=1888352 | return=-123.47 | steps=112
global_step=1888480 | return=193.05 | steps=269
global_step=1889024 | return=186.64 | steps=192
global_step=1889184 | return=226.06 | steps=162
global_step=1889312 | return=117.98 | steps=441
global_step=1889472 | return=230.48 | steps=225
global_step=1889952 | return=81.20 | steps=198
global_step=1890048 | return=-164.72 | steps=500
global_step=1890784 | return=112.52 | steps=186
global_step=1890944 | return=250.18 | steps=188
global_step=1891200 | return=223.85 | steps=204
global_step=1891296 | return=235.16 | steps=180
global_step=1891616 | return=-70.09 | steps=500
global_step=1891648 | return=154.47 | steps=249
global_step=1892256 | return=42.21 | steps=255
global_step=1892896 | return=-8.24 | steps=474
global_step=1892896 | return=-82.87 | steps=115
global_step=1893408 | return=-49.64 | steps=429
global_step=1893792 | return=-82.18 | steps=169
global_step=1893984 | return=99.15 | steps=230
global_step=1894432 | return=-318.14 | steps=108
global_step=1894528 | return=216.78 | steps=157
global_step=1894528 | return=234.82 | steps=213
global_step=1894688 | return=138.66 | steps=269
global_step=1894688 | return=213.10 | steps=242
global_step=1894720 | return=30.12 | steps=313
global_step=1894816 | return=188.42 | steps=270
global_step=1894880 | return=62.43 | steps=262
global_step=1895040 | return=-138.05 | steps=116
global_step=1895072 | return=52.29 | steps=217
global_step=1895264 | return=221.67 | steps=165
global_step=1895392 | return=225.17 | steps=235
global_step=1895776 | return=230.54 | steps=201
global_step=1896000 | return=214.87 | steps=234
global_step=1896224 | return=-400.82 | steps=87
global_step=1896224 | return=49.66 | steps=224
global_step=1896480 | return=23.44 | steps=485
global_step=1896608 | return=-40.69 | steps=338
global_step=1897088 | return=-148.87 | steps=96
global_step=1897760 | return=103.24 | steps=240
global_step=1898112 | return=14.81 | steps=408
global_step=1898528 | return=230.28 | steps=175
global_step=1898912 | return=-729.11 | steps=443
global_step=1899104 | return=-69.47 | steps=232
global_step=1899168 | return=-427.85 | steps=128
global_step=1899264 | return=176.99 | steps=238
global_step=1899392 | return=-362.75 | steps=124
global_step=1899520 | return=-190.35 | steps=146
global_step=1899872 | return=214.59 | steps=169
global_step=1900096 | return=132.51 | steps=277
global_step=1900192 | return=-548.36 | steps=170
global_step=1900320 | return=-71.85 | steps=500
global_step=1900416 | return=205.30 | steps=178
global_step=1900544 | return=-178.34 | steps=141
SPS: 639
global_step=1900736 | return=244.86 | steps=182
global_step=1901120 | return=180.66 | steps=152
global_step=1901600 | return=171.57 | steps=243
global_step=1901888 | return=15.21 | steps=450
global_step=1902048 | return=162.77 | steps=229
global_step=1902496 | return=-183.60 | steps=105
global_step=1902752 | return=86.18 | steps=217
global_step=1903488 | return=159.69 | steps=214
global_step=1903584 | return=-113.90 | steps=130
global_step=1903648 | return=102.23 | steps=223
global_step=1903808 | return=39.50 | steps=360
global_step=1904096 | return=170.52 | steps=245
global_step=1904384 | return=-293.94 | steps=133
global_step=1904512 | return=180.83 | steps=294
global_step=1905120 | return=51.63 | steps=174
global_step=1905888 | return=135.79 | steps=229
global_step=1906336 | return=-86.93 | steps=138
global_step=1906816 | return=-193.35 | steps=500
global_step=1907136 | return=54.17 | steps=292
global_step=1907200 | return=237.15 | steps=258
global_step=1907232 | return=-7.16 | steps=396
global_step=1907360 | return=-143.69 | steps=92
global_step=1907616 | return=-429.14 | steps=202
global_step=1907808 | return=-122.68 | steps=115
global_step=1908096 | return=18.33 | steps=343
global_step=1908352 | return=91.90 | steps=146
global_step=1908512 | return=13.23 | steps=215
global_step=1908704 | return=34.70 | steps=275
global_step=1908800 | return=-156.08 | steps=155
global_step=1908928 | return=-237.80 | steps=500
global_step=1909504 | return=134.49 | steps=187
global_step=1909696 | return=-19.96 | steps=361
global_step=1910496 | return=-132.56 | steps=143
global_step=1910496 | return=-231.90 | steps=104
global_step=1910560 | return=-51.22 | steps=500
global_step=1911008 | return=-138.90 | steps=90
global_step=1911296 | return=-172.57 | steps=500
global_step=1912096 | return=-328.17 | steps=360
global_step=1912160 | return=108.22 | steps=181
global_step=1912960 | return=-154.57 | steps=263
global_step=1913088 | return=199.18 | steps=183
global_step=1913248 | return=-58.53 | steps=147
global_step=1913344 | return=116.31 | steps=338
global_step=1913536 | return=226.63 | steps=184
global_step=1913824 | return=237.00 | steps=218
global_step=1913888 | return=-1.10 | steps=321
global_step=1914112 | return=183.18 | steps=196
global_step=1914592 | return=201.62 | steps=225
global_step=1914624 | return=-102.22 | steps=126
global_step=1914848 | return=135.80 | steps=188
global_step=1915168 | return=29.40 | steps=463
global_step=1915200 | return=-46.44 | steps=500
global_step=1915264 | return=-157.01 | steps=132
global_step=1915296 | return=-78.49 | steps=500
global_step=1915456 | return=-149.58 | steps=179
global_step=1915456 | return=1.06 | steps=418
global_step=1916224 | return=-99.63 | steps=500
global_step=1916448 | return=-163.52 | steps=500
global_step=1916768 | return=-188.69 | steps=500
global_step=1916768 | return=60.31 | steps=226
global_step=1916800 | return=-168.82 | steps=119
global_step=1916928 | return=33.07 | steps=256
global_step=1917600 | return=258.48 | steps=169
global_step=1918784 | return=-133.66 | steps=500
global_step=1919168 | return=194.21 | steps=181
global_step=1919648 | return=203.37 | steps=260
global_step=1919648 | return=-22.74 | steps=453
global_step=1919808 | return=103.40 | steps=184
global_step=1920128 | return=193.98 | steps=219
global_step=1920320 | return=113.19 | steps=170
global_step=1920384 | return=40.79 | steps=308
global_step=1920384 | return=-90.79 | steps=112
global_step=1920448 | return=5.58 | steps=377
global_step=1920608 | return=211.46 | steps=229
global_step=1920768 | return=-128.88 | steps=134
global_step=1920992 | return=234.65 | steps=199
global_step=1921024 | return=-101.79 | steps=278
global_step=1921184 | return=111.11 | steps=238
global_step=1921376 | return=239.71 | steps=184
global_step=1921504 | return=256.71 | steps=194
global_step=1921888 | return=108.35 | steps=209
global_step=1922080 | return=88.18 | steps=206
global_step=1922144 | return=135.54 | steps=250
global_step=1922208 | return=164.26 | steps=261
global_step=1922720 | return=95.35 | steps=185
global_step=1922976 | return=115.89 | steps=438
global_step=1923264 | return=-150.00 | steps=89
global_step=1923264 | return=-60.55 | steps=500
global_step=1924512 | return=-55.95 | steps=136
global_step=1924544 | return=49.40 | steps=288
global_step=1924928 | return=-228.83 | steps=84
global_step=1925408 | return=199.93 | steps=179
global_step=1925600 | return=-121.83 | steps=89
global_step=1925664 | return=237.32 | steps=152
global_step=1926112 | return=177.61 | steps=180
global_step=1926464 | return=-84.56 | steps=142
global_step=1926528 | return=-159.83 | steps=500
global_step=1926912 | return=-139.18 | steps=73
global_step=1926976 | return=129.59 | steps=317
global_step=1927104 | return=-173.51 | steps=128
global_step=1927392 | return=102.93 | steps=187
global_step=1927808 | return=-46.43 | steps=339
global_step=1927840 | return=141.45 | steps=270
global_step=1928096 | return=67.57 | steps=240
global_step=1928160 | return=65.08 | steps=265
global_step=1928416 | return=207.53 | steps=300
global_step=1928448 | return=-343.89 | steps=161
global_step=1928960 | return=182.24 | steps=232
global_step=1928992 | return=95.01 | steps=213
global_step=1929376 | return=205.80 | steps=278
global_step=1929472 | return=-86.92 | steps=104
global_step=1929600 | return=-90.11 | steps=449
global_step=1929920 | return=14.93 | steps=477
global_step=1929984 | return=25.08 | steps=246
global_step=1930720 | return=-124.15 | steps=116
global_step=1930752 | return=-418.47 | steps=158
global_step=1931072 | return=-392.45 | steps=143
global_step=1931200 | return=-140.57 | steps=104
global_step=1931264 | return=181.67 | steps=197
global_step=1931392 | return=220.29 | steps=214
global_step=1931616 | return=-234.93 | steps=99
global_step=1931680 | return=178.34 | steps=332
global_step=1931712 | return=-95.11 | steps=161
global_step=1931744 | return=-88.24 | steps=85
global_step=1931776 | return=-148.34 | steps=123
global_step=1932160 | return=153.77 | steps=277
global_step=1932160 | return=-181.17 | steps=124
global_step=1932256 | return=-204.11 | steps=500
global_step=1932288 | return=170.46 | steps=208
global_step=1932512 | return=-94.15 | steps=94
global_step=1932864 | return=40.47 | steps=364
SPS: 639
global_step=1933504 | return=189.67 | steps=157
global_step=1933600 | return=117.84 | steps=208
global_step=1933600 | return=161.46 | steps=171
global_step=1933632 | return=-82.99 | steps=500
global_step=1933696 | return=-113.33 | steps=117
global_step=1934432 | return=203.78 | steps=157
global_step=1934848 | return=127.40 | steps=183
global_step=1934944 | return=85.41 | steps=244
global_step=1935840 | return=-153.62 | steps=500
global_step=1935840 | return=110.60 | steps=325
global_step=1936224 | return=-43.68 | steps=123
global_step=1936256 | return=-136.53 | steps=127
global_step=1936640 | return=-107.76 | steps=500
global_step=1936992 | return=173.12 | steps=194
global_step=1937024 | return=-63.85 | steps=500
global_step=1937120 | return=97.47 | steps=167
global_step=1937280 | return=-532.62 | steps=308
global_step=1937536 | return=231.68 | steps=212
global_step=1937696 | return=-149.80 | steps=124
global_step=1937792 | return=145.34 | steps=187
global_step=1937920 | return=218.42 | steps=213
global_step=1937952 | return=-499.02 | steps=134
global_step=1938688 | return=40.77 | steps=233
global_step=1938720 | return=107.04 | steps=182
global_step=1939168 | return=176.39 | steps=173
global_step=1939424 | return=42.98 | steps=306
global_step=1939424 | return=239.32 | steps=222
global_step=1939520 | return=42.13 | steps=246
global_step=1939648 | return=223.35 | steps=188
global_step=1940416 | return=38.39 | steps=257
global_step=1940512 | return=248.70 | steps=249
global_step=1940896 | return=13.14 | steps=340
global_step=1940960 | return=181.38 | steps=203
global_step=1941440 | return=-94.73 | steps=129
global_step=1941472 | return=-455.54 | steps=110
global_step=1941536 | return=-221.01 | steps=119
global_step=1941760 | return=-161.54 | steps=118
global_step=1941792 | return=225.30 | steps=185
global_step=1942016 | return=34.80 | steps=335
global_step=1942048 | return=-458.20 | steps=168
global_step=1942176 | return=208.19 | steps=160
global_step=1942464 | return=-481.38 | steps=335
global_step=1943040 | return=-142.33 | steps=105
global_step=1943424 | return=227.18 | steps=200
global_step=1944000 | return=-291.45 | steps=108
global_step=1944096 | return=217.80 | steps=244
global_step=1944096 | return=167.83 | steps=245
global_step=1944960 | return=77.80 | steps=180
global_step=1945632 | return=-143.56 | steps=111
global_step=1945728 | return=-204.00 | steps=130
global_step=1945856 | return=-61.22 | steps=442
global_step=1946048 | return=194.75 | steps=229
global_step=1946304 | return=66.59 | steps=214
global_step=1946528 | return=111.44 | steps=218
global_step=1946528 | return=185.48 | steps=173
global_step=1946784 | return=177.94 | steps=229
global_step=1947168 | return=73.33 | steps=168
global_step=1947328 | return=-224.06 | steps=151
global_step=1947424 | return=-214.80 | steps=500
global_step=1947584 | return=-187.09 | steps=108
global_step=1947616 | return=18.89 | steps=367
global_step=1947904 | return=235.70 | steps=178
global_step=1948032 | return=214.79 | steps=204
global_step=1948320 | return=97.69 | steps=214
global_step=1948800 | return=-109.70 | steps=98
global_step=1948960 | return=168.18 | steps=319
global_step=1949216 | return=123.05 | steps=224
global_step=1949536 | return=-48.20 | steps=500
global_step=1949760 | return=-149.36 | steps=100
global_step=1949792 | return=142.46 | steps=292
global_step=1950176 | return=-191.85 | steps=128
global_step=1950304 | return=-103.63 | steps=97
global_step=1950304 | return=29.48 | steps=398
global_step=1950880 | return=-94.37 | steps=500
global_step=1950976 | return=-98.41 | steps=500
global_step=1951072 | return=144.11 | steps=217
global_step=1951264 | return=-133.15 | steps=100
global_step=1951488 | return=70.95 | steps=233
global_step=1951552 | return=65.48 | steps=332
global_step=1951808 | return=70.15 | steps=189
global_step=1952096 | return=-5.62 | steps=282
global_step=1952192 | return=-65.15 | steps=470
global_step=1952384 | return=180.47 | steps=149
global_step=1952544 | return=-56.66 | steps=116
global_step=1953056 | return=128.52 | steps=300
global_step=1953536 | return=187.21 | steps=210
global_step=1953824 | return=-83.98 | steps=500
global_step=1954016 | return=172.48 | steps=233
global_step=1954048 | return=136.56 | steps=206
global_step=1954080 | return=-150.05 | steps=141
global_step=1954144 | return=125.30 | steps=212
global_step=1954624 | return=188.51 | steps=168
global_step=1955200 | return=-118.35 | steps=113
global_step=1955360 | return=75.22 | steps=219
global_step=1955520 | return=-100.99 | steps=106
global_step=1955584 | return=-153.71 | steps=140
global_step=1955712 | return=-300.80 | steps=185
global_step=1955872 | return=-109.29 | steps=108
global_step=1956224 | return=196.13 | steps=184
global_step=1956608 | return=-110.45 | steps=110
global_step=1956640 | return=-252.45 | steps=160
global_step=1956736 | return=53.65 | steps=275
global_step=1956864 | return=-387.46 | steps=87
global_step=1957024 | return=163.21 | steps=293
global_step=1957056 | return=-185.12 | steps=94
global_step=1957248 | return=-194.61 | steps=96
global_step=1957248 | return=-117.90 | steps=106
global_step=1957408 | return=197.13 | steps=174
global_step=1957728 | return=217.42 | steps=201
global_step=1957824 | return=-91.20 | steps=500
global_step=1958240 | return=196.91 | steps=177
global_step=1958368 | return=88.42 | steps=293
global_step=1958368 | return=235.69 | steps=230
global_step=1959296 | return=-214.51 | steps=106
global_step=1959584 | return=89.46 | steps=171
global_step=1959776 | return=184.84 | steps=236
global_step=1959840 | return=-101.16 | steps=87
global_step=1960416 | return=-201.98 | steps=118
global_step=1960576 | return=75.09 | steps=445
global_step=1960608 | return=182.77 | steps=163
global_step=1960992 | return=-115.76 | steps=500
global_step=1961504 | return=-123.79 | steps=148
global_step=1961568 | return=21.37 | steps=351
global_step=1961568 | return=-219.52 | steps=153
global_step=1961600 | return=-237.09 | steps=217
global_step=1961760 | return=-143.03 | steps=105
global_step=1961856 | return=-269.66 | steps=112
global_step=1961888 | return=-45.41 | steps=500
global_step=1962112 | return=-378.91 | steps=116
global_step=1963040 | return=241.35 | steps=212
global_step=1963040 | return=124.82 | steps=244
global_step=1963072 | return=15.80 | steps=380
global_step=1964064 | return=-437.02 | steps=328
global_step=1964096 | return=198.38 | steps=213
global_step=1964448 | return=126.91 | steps=209
global_step=1964512 | return=141.27 | steps=278
global_step=1964608 | return=202.06 | steps=229
global_step=1964896 | return=-157.97 | steps=133
global_step=1965184 | return=225.82 | steps=242
global_step=1965344 | return=-214.26 | steps=100
global_step=1965824 | return=-88.80 | steps=500
global_step=1965984 | return=266.32 | steps=208
SPS: 639
global_step=1966208 | return=-206.09 | steps=500
global_step=1966528 | return=112.89 | steps=156
global_step=1967168 | return=175.52 | steps=291
global_step=1967200 | return=206.07 | steps=211
global_step=1967872 | return=-342.94 | steps=227
global_step=1968320 | return=41.98 | steps=351
global_step=1968416 | return=238.74 | steps=212
global_step=1968800 | return=-506.57 | steps=178
global_step=1968928 | return=221.56 | steps=223
global_step=1969088 | return=-174.20 | steps=116
global_step=1969600 | return=179.32 | steps=250
global_step=1969600 | return=-151.06 | steps=95
global_step=1969920 | return=113.83 | steps=214
global_step=1970048 | return=222.12 | steps=174
global_step=1970112 | return=114.68 | steps=220
global_step=1970144 | return=-168.79 | steps=91
global_step=1970336 | return=-240.18 | steps=135
global_step=1970560 | return=-185.72 | steps=135
global_step=1971136 | return=121.64 | steps=165
global_step=1971168 | return=150.42 | steps=299
global_step=1971200 | return=226.46 | steps=196
global_step=1971552 | return=179.27 | steps=301
global_step=1971552 | return=-89.78 | steps=500
global_step=1971648 | return=-190.46 | steps=84
global_step=1971744 | return=-234.39 | steps=500
global_step=1971776 | return=102.31 | steps=372
global_step=1972224 | return=73.50 | steps=350
global_step=1972448 | return=-221.64 | steps=88
global_step=1972544 | return=233.60 | steps=263
global_step=1972608 | return=202.91 | steps=249
global_step=1972896 | return=-204.10 | steps=500
global_step=1972928 | return=192.75 | steps=345
global_step=1973056 | return=-125.57 | steps=107
global_step=1973568 | return=227.73 | steps=261
global_step=1973824 | return=150.73 | steps=207
global_step=1974432 | return=239.35 | steps=190
global_step=1974624 | return=-54.20 | steps=463
global_step=1974880 | return=64.06 | steps=218
global_step=1974944 | return=164.42 | steps=339
global_step=1975072 | return=-580.37 | steps=140
global_step=1975392 | return=-189.44 | steps=166
global_step=1975616 | return=-202.41 | steps=500
global_step=1975616 | return=-214.81 | steps=126
global_step=1975744 | return=-169.92 | steps=97
global_step=1975968 | return=218.15 | steps=148
global_step=1976128 | return=-145.80 | steps=139
global_step=1976128 | return=233.55 | steps=186
global_step=1976352 | return=-23.06 | steps=369
global_step=1976768 | return=92.03 | steps=239
global_step=1977088 | return=83.45 | steps=223
global_step=1977152 | return=165.71 | steps=272
global_step=1977184 | return=-98.24 | steps=104
global_step=1977472 | return=-115.92 | steps=137
global_step=1977504 | return=83.83 | steps=197
global_step=1978624 | return=-353.15 | steps=124
global_step=1978720 | return=108.14 | steps=261
global_step=1979072 | return=169.07 | steps=279
global_step=1979264 | return=93.71 | steps=253
global_step=1979328 | return=126.65 | steps=242
global_step=1979488 | return=124.59 | steps=205
global_step=1979520 | return=187.27 | steps=185
global_step=1979680 | return=-142.18 | steps=126
global_step=1980352 | return=193.60 | steps=268
global_step=1980480 | return=219.14 | steps=147
global_step=1980832 | return=-405.17 | steps=146
global_step=1980864 | return=217.64 | steps=163
global_step=1980864 | return=39.06 | steps=186
global_step=1981152 | return=233.26 | steps=193
global_step=1981408 | return=188.35 | steps=164
global_step=1981600 | return=87.80 | steps=223
global_step=1981632 | return=105.48 | steps=307
global_step=1981792 | return=215.69 | steps=144
global_step=1982048 | return=71.98 | steps=189
global_step=1982880 | return=152.37 | steps=190
global_step=1983424 | return=-334.73 | steps=129
global_step=1983936 | return=-102.99 | steps=343
global_step=1984352 | return=-183.67 | steps=79
global_step=1984832 | return=-113.02 | steps=500
global_step=1984992 | return=87.09 | steps=243
global_step=1985056 | return=-297.92 | steps=311
global_step=1985312 | return=209.64 | steps=181
global_step=1985376 | return=-494.03 | steps=281
global_step=1985440 | return=-251.58 | steps=133
global_step=1986048 | return=209.17 | steps=279
global_step=1986304 | return=-265.27 | steps=185
global_step=1986496 | return=209.05 | steps=231
global_step=1986784 | return=89.10 | steps=251
global_step=1986848 | return=223.29 | steps=186
global_step=1988064 | return=168.92 | steps=272
global_step=1988256 | return=-152.59 | steps=500
global_step=1988480 | return=-40.28 | steps=500
global_step=1988576 | return=-29.50 | steps=500
global_step=1988864 | return=198.75 | steps=232
global_step=1988928 | return=-604.22 | steps=288
global_step=1989184 | return=-84.20 | steps=120
global_step=1989536 | return=22.12 | steps=375
global_step=1990464 | return=252.70 | steps=236
global_step=1990560 | return=86.28 | steps=372
global_step=1991296 | return=61.63 | steps=201
global_step=1991424 | return=-211.26 | steps=500
global_step=1991712 | return=129.73 | steps=338
global_step=1991904 | return=149.65 | steps=168
global_step=1992384 | return=-117.05 | steps=134
global_step=1992416 | return=224.82 | steps=264
global_step=1993344 | return=150.17 | steps=280
global_step=1993504 | return=-184.92 | steps=500
global_step=1993536 | return=17.22 | steps=315
global_step=1994080 | return=191.79 | steps=162
global_step=1994144 | return=220.87 | steps=227
global_step=1994624 | return=159.90 | steps=288
global_step=1994880 | return=66.69 | steps=414
global_step=1994944 | return=-72.03 | steps=402
global_step=1995040 | return=100.34 | steps=257
global_step=1995040 | return=-315.95 | steps=82
global_step=1995392 | return=229.56 | steps=222
global_step=1995488 | return=157.15 | steps=294
global_step=1995552 | return=-236.83 | steps=500
global_step=1995552 | return=167.91 | steps=329
global_step=1995936 | return=187.89 | steps=218
global_step=1996096 | return=113.52 | steps=204
global_step=1996128 | return=-124.38 | steps=115
global_step=1996352 | return=88.36 | steps=484
global_step=1996512 | return=-113.32 | steps=500
global_step=1996576 | return=186.35 | steps=252
global_step=1997088 | return=-562.72 | steps=265
global_step=1997344 | return=151.39 | steps=188
global_step=1997472 | return=57.54 | steps=258
global_step=1997472 | return=223.66 | steps=215
global_step=1997664 | return=-148.62 | steps=500
global_step=1997664 | return=109.67 | steps=354
global_step=1997920 | return=-108.95 | steps=117
global_step=1997984 | return=-98.49 | steps=403
global_step=1998144 | return=-120.93 | steps=96
global_step=1998208 | return=-166.09 | steps=241
global_step=1998752 | return=-260.32 | steps=87
global_step=1998816 | return=-481.44 | steps=164
SPS: 639
global_step=1999328 | return=13.86 | steps=237
global_step=1999808 | return=-111.40 | steps=151
global_step=2000352 | return=-145.75 | steps=119
global_step=2000352 | return=-107.42 | steps=465
global_step=2000448 | return=111.97 | steps=168
global_step=2000896 | return=235.82 | steps=230
global_step=2001856 | return=80.37 | steps=265
global_step=2002144 | return=111.86 | steps=180
global_step=2002304 | return=216.82 | steps=212
global_step=2002464 | return=93.99 | steps=215
global_step=2002528 | return=169.05 | steps=161
global_step=2002720 | return=183.54 | steps=337
global_step=2002944 | return=222.86 | steps=198
global_step=2003584 | return=173.04 | steps=250
global_step=2003680 | return=182.77 | steps=282
global_step=2004224 | return=97.64 | steps=275
global_step=2004480 | return=-419.07 | steps=299
global_step=2004992 | return=81.62 | steps=211
global_step=2005024 | return=171.69 | steps=219
global_step=2005120 | return=225.01 | steps=232
global_step=2005504 | return=90.14 | steps=229
global_step=2005600 | return=101.36 | steps=295
global_step=2005696 | return=52.04 | steps=362
global_step=2005888 | return=-99.62 | steps=91
global_step=2005952 | return=122.61 | steps=264
global_step=2006176 | return=233.98 | steps=181
global_step=2006240 | return=128.94 | steps=215
global_step=2006240 | return=73.15 | steps=273
global_step=2006432 | return=73.52 | steps=237
global_step=2006432 | return=87.97 | steps=265
global_step=2006464 | return=236.77 | steps=187
global_step=2007168 | return=78.57 | steps=212
global_step=2007392 | return=23.84 | steps=321
global_step=2007456 | return=-118.33 | steps=500
global_step=2008064 | return=85.58 | steps=193
global_step=2008224 | return=-45.91 | steps=329
global_step=2008288 | return=112.53 | steps=173
global_step=2009056 | return=181.11 | steps=210
global_step=2009088 | return=167.54 | steps=204
global_step=2009248 | return=219.24 | steps=176
global_step=2009440 | return=210.38 | steps=179
global_step=2009568 | return=101.50 | steps=158
global_step=2009824 | return=208.48 | steps=239
global_step=2009888 | return=-542.27 | steps=115
global_step=2010176 | return=-72.56 | steps=142
global_step=2011072 | return=-79.96 | steps=86
global_step=2011808 | return=226.21 | steps=211
global_step=2012128 | return=202.45 | steps=200
global_step=2012128 | return=-56.90 | steps=500
global_step=2012512 | return=30.69 | steps=258
global_step=2012544 | return=54.45 | steps=205
global_step=2012672 | return=-182.73 | steps=96
global_step=2012896 | return=103.75 | steps=218
global_step=2013472 | return=216.49 | steps=225
global_step=2014784 | return=-200.54 | steps=500
global_step=2014816 | return=-195.41 | steps=93
global_step=2015008 | return=141.10 | steps=267
global_step=2015200 | return=-348.31 | steps=179
global_step=2015232 | return=133.69 | steps=192
global_step=2015232 | return=211.37 | steps=166
global_step=2015264 | return=127.49 | steps=192
global_step=2015296 | return=-53.18 | steps=483
global_step=2015424 | return=220.97 | steps=280
global_step=2015456 | return=45.02 | steps=322
global_step=2015616 | return=88.85 | steps=263
global_step=2015712 | return=106.07 | steps=259
global_step=2016576 | return=243.63 | steps=210
global_step=2016864 | return=91.90 | steps=269
global_step=2016928 | return=-48.96 | steps=500
global_step=2017440 | return=-71.14 | steps=467
global_step=2017952 | return=-331.43 | steps=327
global_step=2018112 | return=81.56 | steps=173
global_step=2018432 | return=-161.12 | steps=98
global_step=2018656 | return=195.16 | steps=191
global_step=2018688 | return=92.89 | steps=237
global_step=2018720 | return=240.21 | steps=205
global_step=2019040 | return=-7.22 | steps=399
global_step=2019232 | return=198.12 | steps=204
global_step=2019296 | return=-142.09 | steps=140
global_step=2019424 | return=-109.17 | steps=143
global_step=2019616 | return=-90.04 | steps=456
global_step=2019840 | return=204.69 | steps=216
global_step=2020096 | return=136.99 | steps=206
global_step=2020416 | return=139.96 | steps=258
global_step=2020960 | return=226.48 | steps=185
global_step=2021376 | return=250.25 | steps=192
global_step=2021376 | return=150.45 | steps=349
global_step=2021536 | return=-104.63 | steps=500
global_step=2021568 | return=-410.17 | steps=146
global_step=2021856 | return=-336.32 | steps=87
global_step=2022112 | return=136.17 | steps=207
global_step=2022368 | return=-109.70 | steps=97
global_step=2022496 | return=-184.03 | steps=500
global_step=2023040 | return=92.70 | steps=243
global_step=2023776 | return=101.52 | steps=453
global_step=2024096 | return=-174.39 | steps=84
global_step=2024096 | return=-128.41 | steps=500
global_step=2024160 | return=-243.72 | steps=151
global_step=2024512 | return=193.75 | steps=199
global_step=2024576 | return=206.95 | steps=238
global_step=2024608 | return=65.50 | steps=185
global_step=2024704 | return=228.28 | steps=158
global_step=2024864 | return=-188.52 | steps=108
global_step=2025056 | return=181.04 | steps=175
global_step=2025120 | return=64.29 | steps=296
global_step=2025824 | return=5.66 | steps=330
global_step=2025888 | return=173.24 | steps=247
global_step=2026112 | return=206.67 | steps=195
global_step=2026624 | return=103.13 | steps=203
global_step=2026656 | return=190.22 | steps=341
global_step=2027584 | return=-343.27 | steps=93
global_step=2027872 | return=52.05 | steps=232
global_step=2028160 | return=-249.30 | steps=126
global_step=2028192 | return=127.89 | steps=207
global_step=2028352 | return=240.42 | steps=165
global_step=2028544 | return=112.35 | steps=236
global_step=2028736 | return=-109.53 | steps=144
global_step=2028800 | return=-86.41 | steps=116
global_step=2028960 | return=58.21 | steps=422
global_step=2029056 | return=84.54 | steps=224
global_step=2029152 | return=199.33 | steps=219
global_step=2029216 | return=118.76 | steps=209
global_step=2029408 | return=-143.65 | steps=133
global_step=2029632 | return=214.85 | steps=170
global_step=2029856 | return=-175.05 | steps=116
global_step=2029888 | return=45.79 | steps=349
global_step=2030304 | return=229.36 | steps=203
global_step=2030688 | return=154.60 | steps=373
global_step=2031168 | return=-7.23 | steps=397
global_step=2031328 | return=-43.62 | steps=500
global_step=2031488 | return=-123.22 | steps=121
SPS: 639
global_step=2031904 | return=100.47 | steps=227
global_step=2031968 | return=-172.51 | steps=118
global_step=2032128 | return=-150.34 | steps=117
global_step=2032224 | return=184.89 | steps=332
global_step=2032448 | return=-111.89 | steps=115
global_step=2032608 | return=-40.00 | steps=500
global_step=2032608 | return=-110.59 | steps=113
global_step=2032992 | return=219.45 | steps=198
global_step=2033184 | return=-123.53 | steps=103
global_step=2033472 | return=-210.09 | steps=500
global_step=2033952 | return=-70.17 | steps=361
global_step=2034176 | return=-153.45 | steps=159
global_step=2034272 | return=-142.44 | steps=123
global_step=2034528 | return=34.89 | steps=306
global_step=2034592 | return=12.48 | steps=303
global_step=2034624 | return=92.32 | steps=189
global_step=2035072 | return=-148.01 | steps=111
global_step=2035424 | return=-136.73 | steps=107
global_step=2035712 | return=-181.08 | steps=96
global_step=2035808 | return=41.27 | steps=309
global_step=2035936 | return=115.34 | steps=163
global_step=2036032 | return=205.21 | steps=206
global_step=2036096 | return=207.25 | steps=214
global_step=2036128 | return=30.52 | steps=295
global_step=2036256 | return=-94.19 | steps=113
global_step=2036320 | return=-258.75 | steps=253
global_step=2036992 | return=106.06 | steps=244
global_step=2037344 | return=208.25 | steps=240
global_step=2038240 | return=-220.03 | steps=215
global_step=2038336 | return=-78.34 | steps=116
global_step=2038624 | return=-90.40 | steps=124
global_step=2038976 | return=104.36 | steps=203
global_step=2039008 | return=199.49 | steps=181
global_step=2039168 | return=-163.62 | steps=162
global_step=2039520 | return=181.92 | steps=227
global_step=2039872 | return=-132.39 | steps=78
global_step=2040544 | return=-202.51 | steps=500
global_step=2040736 | return=112.83 | steps=226
global_step=2040896 | return=-89.20 | steps=142
global_step=2041056 | return=229.65 | steps=251
global_step=2041856 | return=-84.90 | steps=500
global_step=2042336 | return=81.38 | steps=251
global_step=2042464 | return=185.80 | steps=207
global_step=2042496 | return=23.07 | steps=330
global_step=2043360 | return=73.55 | steps=275
global_step=2043904 | return=154.86 | steps=248
global_step=2043904 | return=-192.67 | steps=500
global_step=2044320 | return=204.93 | steps=258
global_step=2044448 | return=-172.92 | steps=259
global_step=2044736 | return=180.50 | steps=178
global_step=2044832 | return=115.60 | steps=154
global_step=2044832 | return=-91.49 | steps=500
global_step=2044928 | return=-156.62 | steps=95
global_step=2045056 | return=161.82 | steps=311
global_step=2045088 | return=220.97 | steps=213
global_step=2045280 | return=-194.98 | steps=307
global_step=2045376 | return=-233.76 | steps=139
global_step=2045696 | return=-192.84 | steps=144
global_step=2045792 | return=-264.75 | steps=102
global_step=2045920 | return=-80.78 | steps=500
global_step=2045984 | return=158.79 | steps=308
global_step=2046400 | return=-68.04 | steps=445
global_step=2046944 | return=130.83 | steps=259
global_step=2047040 | return=0.16 | steps=353
global_step=2047200 | return=-104.46 | steps=500
global_step=2047328 | return=52.52 | steps=243
global_step=2048608 | return=-223.03 | steps=146
global_step=2049120 | return=166.66 | steps=211
global_step=2049248 | return=-148.37 | steps=107
global_step=2049664 | return=-385.08 | steps=133
global_step=2049728 | return=-84.05 | steps=152
global_step=2050016 | return=82.79 | steps=190
global_step=2050208 | return=-43.08 | steps=500
global_step=2050208 | return=1.57 | steps=183
global_step=2050272 | return=10.71 | steps=437
global_step=2050560 | return=119.65 | steps=361
global_step=2050656 | return=246.75 | steps=178
global_step=2050784 | return=124.45 | steps=171
global_step=2050880 | return=53.91 | steps=391
global_step=2051200 | return=196.36 | steps=272
global_step=2051616 | return=194.33 | steps=223
global_step=2051904 | return=98.56 | steps=193
global_step=2052032 | return=213.01 | steps=217
global_step=2052384 | return=-145.15 | steps=117
global_step=2052544 | return=101.48 | steps=206
global_step=2052800 | return=-168.66 | steps=80
global_step=2052992 | return=184.80 | steps=180
global_step=2053024 | return=-210.77 | steps=500
global_step=2053216 | return=181.67 | steps=261
global_step=2053408 | return=61.25 | steps=444
global_step=2053664 | return=-188.47 | steps=89
global_step=2053728 | return=182.93 | steps=241
global_step=2055584 | return=240.63 | steps=173
global_step=2055680 | return=-155.32 | steps=472
global_step=2055744 | return=-80.17 | steps=128
global_step=2055808 | return=153.83 | steps=345
global_step=2055968 | return=157.31 | steps=278
global_step=2056128 | return=213.50 | steps=214
global_step=2056512 | return=88.08 | steps=185
global_step=2056576 | return=218.06 | steps=213
global_step=2056704 | return=115.03 | steps=219
global_step=2056768 | return=-194.11 | steps=500
global_step=2056832 | return=-40.25 | steps=119
global_step=2057184 | return=-387.77 | steps=123
global_step=2057184 | return=210.36 | steps=186
global_step=2057344 | return=106.75 | steps=324
global_step=2057472 | return=-270.17 | steps=158
global_step=2057632 | return=143.35 | steps=265
global_step=2057952 | return=237.29 | steps=153
global_step=2057984 | return=212.69 | steps=221
global_step=2058016 | return=198.73 | steps=186
global_step=2058176 | return=190.00 | steps=248
global_step=2058624 | return=-23.21 | steps=476
global_step=2058880 | return=72.12 | steps=256
global_step=2059296 | return=-155.05 | steps=110
global_step=2059392 | return=199.90 | steps=176
global_step=2059584 | return=204.96 | steps=239
global_step=2059968 | return=79.88 | steps=204
global_step=2060640 | return=162.94 | steps=157
global_step=2061120 | return=-237.73 | steps=500
global_step=2061152 | return=-119.76 | steps=109
global_step=2061152 | return=-92.77 | steps=166
global_step=2061248 | return=-116.13 | steps=147
global_step=2061280 | return=208.30 | steps=264
global_step=2061312 | return=73.90 | steps=465
global_step=2061376 | return=221.85 | steps=240
global_step=2061568 | return=95.55 | steps=155
global_step=2061600 | return=217.42 | steps=184
global_step=2061728 | return=-191.73 | steps=141
global_step=2062336 | return=59.32 | steps=151
global_step=2062368 | return=163.93 | steps=194
global_step=2062880 | return=-119.27 | steps=108
global_step=2063008 | return=-309.58 | steps=176
global_step=2063040 | return=-194.69 | steps=129
global_step=2063360 | return=-280.49 | steps=500
global_step=2063936 | return=62.64 | steps=185
SPS: 639
global_step=2064544 | return=227.88 | steps=244
global_step=2064608 | return=96.69 | steps=231
global_step=2064736 | return=-95.90 | steps=380
global_step=2064800 | return=178.77 | steps=248
global_step=2065024 | return=-137.14 | steps=120
global_step=2065664 | return=99.66 | steps=233
global_step=2065728 | return=63.25 | steps=304
global_step=2065824 | return=-10.15 | steps=485
global_step=2065952 | return=-141.33 | steps=150
global_step=2065952 | return=244.78 | steps=198
global_step=2066112 | return=201.98 | steps=191
global_step=2066560 | return=-82.42 | steps=109
global_step=2066816 | return=55.62 | steps=162
global_step=2066880 | return=-501.91 | steps=276
global_step=2067072 | return=84.21 | steps=242
global_step=2067264 | return=117.30 | steps=190
global_step=2067840 | return=115.42 | steps=201
global_step=2068448 | return=89.91 | steps=224
global_step=2068640 | return=189.05 | steps=220
global_step=2068672 | return=232.60 | steps=180
global_step=2068704 | return=95.68 | steps=372
global_step=2068800 | return=-159.47 | steps=97
global_step=2069216 | return=174.00 | steps=214
global_step=2069280 | return=-194.53 | steps=107
global_step=2069408 | return=-106.77 | steps=80
global_step=2069728 | return=70.42 | steps=229
global_step=2069824 | return=180.22 | steps=266
global_step=2069856 | return=1.82 | steps=253
global_step=2069984 | return=-18.85 | steps=354
global_step=2070112 | return=97.78 | steps=173
global_step=2070592 | return=-183.95 | steps=144
global_step=2071328 | return=-159.68 | steps=108
global_step=2072448 | return=166.35 | steps=283
global_step=2072576 | return=-26.63 | steps=456
global_step=2072864 | return=212.88 | steps=180
global_step=2072992 | return=-118.25 | steps=98
global_step=2073152 | return=-97.36 | steps=183
global_step=2073216 | return=85.05 | steps=392
global_step=2073280 | return=105.91 | steps=223
global_step=2073568 | return=-118.96 | steps=92
global_step=2073728 | return=218.63 | steps=242
global_step=2074048 | return=-102.69 | steps=122
global_step=2074176 | return=204.22 | steps=227
global_step=2074176 | return=24.69 | steps=263
global_step=2074208 | return=150.39 | steps=286
global_step=2074816 | return=85.84 | steps=174
global_step=2075008 | return=198.99 | steps=197
global_step=2075040 | return=208.11 | steps=175
global_step=2075200 | return=129.36 | steps=162
global_step=2075392 | return=193.81 | steps=176
global_step=2075872 | return=201.83 | steps=220
global_step=2076128 | return=184.00 | steps=239
global_step=2076736 | return=-153.73 | steps=481
global_step=2076992 | return=-448.99 | steps=240
global_step=2077120 | return=-393.65 | steps=180
global_step=2077280 | return=-58.25 | steps=445
global_step=2077344 | return=216.35 | steps=233
global_step=2077408 | return=122.39 | steps=338
global_step=2077984 | return=17.94 | steps=291
global_step=2079040 | return=-103.94 | steps=98
global_step=2079968 | return=-147.59 | steps=500
global_step=2080224 | return=191.46 | steps=218
global_step=2080288 | return=138.69 | steps=222
global_step=2080384 | return=-288.02 | steps=247
global_step=2080416 | return=199.22 | steps=167
global_step=2080448 | return=-118.22 | steps=115
global_step=2080480 | return=80.36 | steps=233
global_step=2080640 | return=-211.75 | steps=500
global_step=2080640 | return=218.85 | steps=251
global_step=2080768 | return=-221.05 | steps=500
global_step=2080800 | return=172.93 | steps=234
global_step=2080832 | return=-66.80 | steps=500
global_step=2081056 | return=99.40 | steps=214
global_step=2081088 | return=-130.89 | steps=123
global_step=2081152 | return=183.46 | steps=197
global_step=2081408 | return=-219.83 | steps=193
global_step=2081728 | return=162.35 | steps=239
global_step=2081760 | return=-424.23 | steps=148
global_step=2081952 | return=235.95 | steps=204
global_step=2082144 | return=-10.56 | steps=247
global_step=2082208 | return=-152.50 | steps=421
global_step=2083200 | return=-156.49 | steps=182
global_step=2083232 | return=213.71 | steps=221
global_step=2083264 | return=-132.87 | steps=87
global_step=2083360 | return=62.00 | steps=189
global_step=2083392 | return=-154.87 | steps=85
global_step=2083936 | return=76.48 | steps=185
global_step=2084640 | return=-473.04 | steps=145
global_step=2085056 | return=-234.35 | steps=103
global_step=2085120 | return=-107.39 | steps=92
global_step=2085760 | return=222.65 | steps=170
global_step=2085920 | return=-155.62 | steps=160
global_step=2086080 | return=94.30 | steps=182
global_step=2086432 | return=-23.46 | steps=423
global_step=2086720 | return=90.22 | steps=405
global_step=2086912 | return=-75.09 | steps=113
global_step=2087200 | return=208.17 | steps=406
global_step=2087392 | return=183.53 | steps=175
global_step=2087424 | return=-22.76 | steps=387
global_step=2087424 | return=88.59 | steps=261
global_step=2087520 | return=186.37 | steps=190
global_step=2087936 | return=174.83 | steps=232
global_step=2088480 | return=-127.31 | steps=104
global_step=2089312 | return=188.19 | steps=221
global_step=2089408 | return=-125.64 | steps=113
global_step=2089440 | return=174.59 | steps=260
global_step=2089600 | return=-181.96 | steps=500
global_step=2090400 | return=87.97 | steps=223
global_step=2090464 | return=148.74 | steps=221
global_step=2090592 | return=-109.02 | steps=99
global_step=2090720 | return=-7.46 | steps=301
global_step=2090944 | return=-161.83 | steps=156
global_step=2090976 | return=-141.50 | steps=94
global_step=2091264 | return=219.91 | steps=245
global_step=2091680 | return=221.61 | steps=174
global_step=2091776 | return=73.99 | steps=222
global_step=2092672 | return=215.37 | steps=163
global_step=2092704 | return=87.44 | steps=164
global_step=2092832 | return=222.41 | steps=199
global_step=2093184 | return=-84.56 | steps=111
global_step=2093184 | return=109.44 | steps=176
global_step=2093440 | return=-176.05 | steps=500
global_step=2093824 | return=9.49 | steps=395
global_step=2094432 | return=154.36 | steps=225
global_step=2094912 | return=197.03 | steps=170
global_step=2095168 | return=206.48 | steps=373
global_step=2095744 | return=68.17 | steps=164
global_step=2095776 | return=-178.40 | steps=95
global_step=2095904 | return=10.76 | steps=286
global_step=2096416 | return=-202.42 | steps=500
global_step=2096448 | return=-181.46 | steps=500
global_step=2096448 | return=157.68 | steps=390
global_step=2096448 | return=-327.75 | steps=101
global_step=2096672 | return=-84.88 | steps=500
global_step=2096832 | return=-108.19 | steps=500
global_step=2096864 | return=-70.41 | steps=500
global_step=2096992 | return=190.25 | steps=205
SPS: 639
global_step=2097312 | return=-416.92 | steps=144
global_step=2097312 | return=-708.04 | steps=205
global_step=2097632 | return=19.55 | steps=259
global_step=2097696 | return=119.23 | steps=187
global_step=2097792 | return=184.52 | steps=203
global_step=2097984 | return=-84.94 | steps=500
global_step=2097984 | return=186.97 | steps=230
global_step=2098016 | return=155.98 | steps=404
global_step=2098784 | return=196.33 | steps=244
global_step=2099200 | return=-114.76 | steps=125
global_step=2099520 | return=226.35 | steps=197
global_step=2099584 | return=120.44 | steps=268
global_step=2099872 | return=106.61 | steps=200
global_step=2100768 | return=232.70 | steps=280
global_step=2100832 | return=-150.35 | steps=94
global_step=2101760 | return=125.88 | steps=228
global_step=2102176 | return=92.95 | steps=166
global_step=2102304 | return=91.26 | steps=183
global_step=2102368 | return=227.65 | steps=232
global_step=2102464 | return=109.07 | steps=187
global_step=2102528 | return=245.66 | steps=176
global_step=2102656 | return=169.02 | steps=275
global_step=2102656 | return=185.25 | steps=215
global_step=2102880 | return=177.49 | steps=173
global_step=2102944 | return=-70.90 | steps=500
global_step=2103008 | return=172.38 | steps=317
global_step=2103136 | return=-326.89 | steps=225
global_step=2103808 | return=229.02 | steps=212
global_step=2103872 | return=196.04 | steps=231
global_step=2103872 | return=67.63 | steps=183
global_step=2103968 | return=210.90 | steps=234
global_step=2104000 | return=195.12 | steps=187
global_step=2104128 | return=76.34 | steps=212
global_step=2104384 | return=100.04 | steps=240
global_step=2104512 | return=-113.84 | steps=500
global_step=2104736 | return=219.69 | steps=162
global_step=2104800 | return=114.53 | steps=187
global_step=2104864 | return=246.35 | steps=176
global_step=2105440 | return=-129.64 | steps=500
global_step=2105984 | return=156.81 | steps=248
global_step=2107136 | return=-174.27 | steps=139
global_step=2107264 | return=-296.97 | steps=147
global_step=2107808 | return=-160.49 | steps=102
global_step=2107840 | return=104.97 | steps=167
global_step=2107840 | return=-73.18 | steps=318
global_step=2107904 | return=-150.10 | steps=125
global_step=2107936 | return=-667.11 | steps=110
global_step=2108032 | return=-215.64 | steps=125
global_step=2108608 | return=146.78 | steps=281
global_step=2108864 | return=-455.10 | steps=208
global_step=2108960 | return=182.12 | steps=187
global_step=2109440 | return=193.03 | steps=239
global_step=2109440 | return=-143.16 | steps=144
global_step=2109824 | return=-483.06 | steps=208
global_step=2110016 | return=75.96 | steps=188
global_step=2110080 | return=221.64 | steps=195
global_step=2110176 | return=236.75 | steps=188
global_step=2110400 | return=175.40 | steps=241
global_step=2110560 | return=-39.27 | steps=461
global_step=2111392 | return=-153.97 | steps=110
global_step=2111648 | return=191.75 | steps=215
global_step=2112128 | return=-60.20 | steps=134
global_step=2112672 | return=101.24 | steps=225
global_step=2112768 | return=224.30 | steps=246
global_step=2113376 | return=-131.84 | steps=169
global_step=2113600 | return=-68.75 | steps=129
global_step=2113728 | return=-62.23 | steps=500
global_step=2113824 | return=58.68 | steps=184
global_step=2113952 | return=-196.19 | steps=105
global_step=2114080 | return=214.03 | steps=252
global_step=2114656 | return=202.89 | steps=188
global_step=2114784 | return=159.04 | steps=184
global_step=2115104 | return=-382.44 | steps=92
global_step=2115616 | return=150.51 | steps=393
global_step=2115904 | return=-164.43 | steps=500
global_step=2116000 | return=56.55 | steps=186
global_step=2116608 | return=-148.51 | steps=119
global_step=2116672 | return=158.01 | steps=297
global_step=2116800 | return=-179.29 | steps=500
global_step=2116864 | return=-153.09 | steps=500
global_step=2117088 | return=150.55 | steps=306
global_step=2117216 | return=99.63 | steps=257
global_step=2117504 | return=95.40 | steps=239
global_step=2117824 | return=167.43 | steps=305
global_step=2118240 | return=113.38 | steps=495
global_step=2118336 | return=-77.24 | steps=500
global_step=2118400 | return=-9.05 | steps=210
global_step=2118688 | return=177.61 | steps=258
global_step=2118752 | return=-152.90 | steps=123
global_step=2118912 | return=-169.85 | steps=500
global_step=2119168 | return=209.41 | steps=158
global_step=2119424 | return=86.87 | steps=170
global_step=2119904 | return=-210.02 | steps=500
global_step=2119968 | return=232.07 | steps=198
global_step=2120224 | return=204.39 | steps=159
global_step=2120224 | return=-85.54 | steps=97
global_step=2120384 | return=240.56 | steps=207
global_step=2121248 | return=236.14 | steps=166
global_step=2121408 | return=-152.63 | steps=143
global_step=2121664 | return=-130.86 | steps=85
global_step=2123040 | return=85.58 | steps=219
global_step=2123168 | return=-394.77 | steps=202
global_step=2123296 | return=17.57 | steps=371
global_step=2123360 | return=-63.02 | steps=484
global_step=2123584 | return=207.34 | steps=217
global_step=2123936 | return=5.31 | steps=452
global_step=2124032 | return=-613.67 | steps=164
global_step=2124288 | return=-186.10 | steps=126
global_step=2124544 | return=231.15 | steps=239
global_step=2124928 | return=-597.15 | steps=154
global_step=2124960 | return=122.71 | steps=232
global_step=2125024 | return=232.09 | steps=243
global_step=2125792 | return=145.86 | steps=248
global_step=2126112 | return=-171.40 | steps=500
global_step=2126112 | return=-105.01 | steps=497
global_step=2126752 | return=224.69 | steps=236
global_step=2126944 | return=8.17 | steps=423
global_step=2127200 | return=72.23 | steps=180
global_step=2127456 | return=173.37 | steps=250
global_step=2127520 | return=82.13 | steps=227
global_step=2127520 | return=-112.30 | steps=139
global_step=2127840 | return=199.67 | steps=232
global_step=2127872 | return=-179.33 | steps=146
global_step=2127936 | return=151.81 | steps=288
global_step=2128672 | return=222.23 | steps=218
global_step=2128704 | return=-159.87 | steps=500
global_step=2129056 | return=-162.05 | steps=128
global_step=2129088 | return=188.61 | steps=171
global_step=2129440 | return=-67.40 | steps=487
SPS: 639
global_step=2130080 | return=113.86 | steps=211
global_step=2130080 | return=71.68 | steps=172
global_step=2130112 | return=226.35 | steps=160
global_step=2130208 | return=-521.07 | steps=213
global_step=2130368 | return=-153.34 | steps=78
global_step=2130528 | return=199.05 | steps=194
global_step=2130624 | return=-332.39 | steps=386
global_step=2130688 | return=-199.75 | steps=500
global_step=2130720 | return=44.91 | steps=337
global_step=2130912 | return=144.42 | steps=390
global_step=2131360 | return=75.38 | steps=231
global_step=2131648 | return=-164.54 | steps=500
global_step=2131872 | return=-130.34 | steps=135
global_step=2132992 | return=198.71 | steps=214
global_step=2133248 | return=66.33 | steps=256
global_step=2133440 | return=4.01 | steps=238
global_step=2133568 | return=-317.87 | steps=297
global_step=2133568 | return=231.27 | steps=212
global_step=2134016 | return=105.64 | steps=166
global_step=2134272 | return=-239.93 | steps=90
global_step=2134368 | return=-91.14 | steps=500
global_step=2134400 | return=148.74 | steps=232
global_step=2134592 | return=211.11 | steps=171
global_step=2135008 | return=-187.98 | steps=134
global_step=2135232 | return=240.46 | steps=180
global_step=2135776 | return=89.62 | steps=209
global_step=2135936 | return=30.26 | steps=182
global_step=2136000 | return=107.74 | steps=180
global_step=2136032 | return=169.07 | steps=228
global_step=2137248 | return=-109.69 | steps=100
global_step=2137280 | return=-184.73 | steps=500
global_step=2137280 | return=230.28 | steps=210
global_step=2137600 | return=-171.18 | steps=143
global_step=2137632 | return=103.47 | steps=186
global_step=2137728 | return=-156.88 | steps=107
global_step=2138272 | return=11.42 | steps=337
global_step=2139264 | return=238.87 | steps=187
global_step=2139392 | return=163.46 | steps=281
global_step=2139456 | return=108.07 | steps=416
global_step=2139552 | return=23.78 | steps=294
global_step=2139680 | return=-187.85 | steps=113
global_step=2140096 | return=251.57 | steps=158
global_step=2140096 | return=123.03 | steps=203
global_step=2140352 | return=180.15 | steps=294
global_step=2140576 | return=97.07 | steps=218
global_step=2141376 | return=-71.70 | steps=117
global_step=2141376 | return=161.99 | steps=296
global_step=2141792 | return=85.17 | steps=187
global_step=2141792 | return=41.05 | steps=365
global_step=2142432 | return=225.30 | steps=251
global_step=2142560 | return=-185.04 | steps=164
global_step=2142656 | return=100.33 | steps=168
global_step=2142688 | return=-13.34 | steps=232
global_step=2143104 | return=137.29 | steps=265
global_step=2143232 | return=-126.97 | steps=500
global_step=2143552 | return=-174.39 | steps=500
global_step=2143712 | return=-153.96 | steps=97
global_step=2143904 | return=-161.19 | steps=500
global_step=2143968 | return=-187.41 | steps=500
global_step=2144032 | return=20.35 | steps=252
global_step=2144096 | return=-153.75 | steps=137
global_step=2144544 | return=206.02 | steps=226
global_step=2144864 | return=189.95 | steps=168
global_step=2144928 | return=125.66 | steps=224
global_step=2145472 | return=108.52 | steps=375
global_step=2145696 | return=0.50 | steps=302
global_step=2145952 | return=-150.85 | steps=142
global_step=2146272 | return=-43.86 | steps=485
global_step=2146656 | return=-190.47 | steps=500
global_step=2146912 | return=173.51 | steps=229
global_step=2147648 | return=242.15 | steps=195
global_step=2147680 | return=208.57 | steps=163
global_step=2148032 | return=-94.02 | steps=124
global_step=2148288 | return=-64.27 | steps=134
global_step=2148576 | return=-205.10 | steps=125
global_step=2148576 | return=-608.86 | steps=139
global_step=2148640 | return=121.24 | steps=186
global_step=2149600 | return=196.06 | steps=183
global_step=2150048 | return=-229.16 | steps=105
global_step=2150432 | return=-38.39 | steps=500
global_step=2151168 | return=66.10 | steps=196
global_step=2151520 | return=-117.87 | steps=433
global_step=2151872 | return=27.09 | steps=314
global_step=2151968 | return=225.61 | steps=219
global_step=2152032 | return=89.32 | steps=398
global_step=2152032 | return=162.98 | steps=264
global_step=2152352 | return=143.39 | steps=374
global_step=2152416 | return=79.84 | steps=384
global_step=2152832 | return=106.79 | steps=149
global_step=2153280 | return=236.57 | steps=175
global_step=2153408 | return=-185.45 | steps=222
global_step=2153504 | return=223.69 | steps=151
global_step=2154240 | return=-235.93 | steps=144
global_step=2154272 | return=183.00 | steps=205
global_step=2154304 | return=-250.32 | steps=500
global_step=2154624 | return=104.44 | steps=355
global_step=2154880 | return=105.66 | steps=286
global_step=2155136 | return=100.58 | steps=204
global_step=2155424 | return=-120.62 | steps=500
global_step=2155488 | return=167.75 | steps=267
global_step=2155616 | return=121.40 | steps=403
global_step=2155904 | return=230.39 | steps=182
global_step=2156128 | return=-241.35 | steps=500
global_step=2156192 | return=-151.95 | steps=104
global_step=2156480 | return=55.64 | steps=392
global_step=2157088 | return=-176.00 | steps=118
global_step=2157440 | return=26.64 | steps=373
global_step=2157760 | return=208.45 | steps=183
global_step=2157824 | return=-48.04 | steps=500
global_step=2157888 | return=83.21 | steps=198
global_step=2158144 | return=127.36 | steps=380
global_step=2158176 | return=-24.98 | steps=470
global_step=2158528 | return=-147.90 | steps=121
global_step=2158592 | return=-94.25 | steps=500
global_step=2158880 | return=-136.44 | steps=101
global_step=2158976 | return=201.74 | steps=218
global_step=2159072 | return=-93.88 | steps=130
global_step=2159168 | return=52.58 | steps=222
global_step=2159552 | return=-83.09 | steps=164
global_step=2159744 | return=-95.73 | steps=134
global_step=2160192 | return=161.57 | steps=304
global_step=2160384 | return=239.56 | steps=217
global_step=2160896 | return=177.64 | steps=205
global_step=2160992 | return=-145.22 | steps=110
global_step=2161600 | return=133.47 | steps=201
global_step=2161632 | return=130.39 | steps=287
global_step=2162560 | return=204.67 | steps=207
global_step=2162560 | return=28.97 | steps=328
global_step=2162624 | return=189.84 | steps=200
SPS: 639
global_step=2162976 | return=109.27 | steps=183
global_step=2164192 | return=238.54 | steps=174
global_step=2164320 | return=-201.09 | steps=500
global_step=2164608 | return=-42.83 | steps=500
global_step=2164640 | return=92.06 | steps=265
global_step=2165056 | return=-88.46 | steps=106
global_step=2165216 | return=24.38 | steps=401
global_step=2165344 | return=-153.35 | steps=86
global_step=2165440 | return=67.50 | steps=163
global_step=2165696 | return=-144.96 | steps=127
global_step=2166304 | return=51.57 | steps=242
global_step=2166496 | return=170.61 | steps=237
global_step=2166848 | return=169.68 | steps=281
global_step=2166880 | return=-348.15 | steps=246
global_step=2166912 | return=178.71 | steps=273
global_step=2167008 | return=3.79 | steps=359
global_step=2167072 | return=-14.00 | steps=423
global_step=2167200 | return=-69.93 | steps=500
global_step=2167328 | return=134.81 | steps=242
global_step=2167360 | return=-214.02 | steps=98
global_step=2167392 | return=100.02 | steps=238
global_step=2167552 | return=-7.13 | steps=415
global_step=2168160 | return=183.08 | steps=172
global_step=2168480 | return=-209.19 | steps=94
global_step=2168608 | return=91.34 | steps=240
global_step=2168736 | return=117.32 | steps=241
global_step=2168800 | return=257.25 | steps=181
global_step=2169216 | return=11.96 | steps=316
global_step=2169504 | return=122.03 | steps=216
global_step=2169536 | return=108.45 | steps=285
global_step=2170304 | return=-159.17 | steps=124
global_step=2170720 | return=193.64 | steps=167
global_step=2170784 | return=-154.96 | steps=111
global_step=2171200 | return=78.51 | steps=171
global_step=2171264 | return=110.40 | steps=216
global_step=2171264 | return=107.88 | steps=193
global_step=2171456 | return=212.18 | steps=154
global_step=2171584 | return=133.91 | steps=198
global_step=2171808 | return=-123.15 | steps=95
global_step=2171936 | return=-69.94 | steps=482
global_step=2171968 | return=-97.56 | steps=104
global_step=2173056 | return=132.99 | steps=193
global_step=2173088 | return=65.73 | steps=189
global_step=2173408 | return=179.54 | steps=203
global_step=2173536 | return=120.83 | steps=192
global_step=2173568 | return=-75.15 | steps=135
global_step=2173632 | return=-77.27 | steps=127
global_step=2173664 | return=179.66 | steps=195
global_step=2173664 | return=-209.41 | steps=104
global_step=2173792 | return=-234.25 | steps=500
global_step=2173856 | return=77.76 | steps=458
global_step=2173920 | return=74.31 | steps=205
global_step=2173920 | return=-136.42 | steps=500
global_step=2174208 | return=-164.14 | steps=500
global_step=2174336 | return=197.14 | steps=182
global_step=2174592 | return=191.64 | steps=310
global_step=2174720 | return=-127.13 | steps=122
global_step=2175072 | return=91.60 | steps=215
global_step=2175136 | return=222.61 | steps=175
global_step=2175360 | return=-123.91 | steps=105
global_step=2175680 | return=-120.19 | steps=131
global_step=2175904 | return=160.52 | steps=260
global_step=2175968 | return=117.35 | steps=146
global_step=2176032 | return=-168.14 | steps=81
global_step=2176192 | return=87.30 | steps=289
global_step=2176320 | return=-118.32 | steps=101
global_step=2176384 | return=-166.45 | steps=87
global_step=2176640 | return=-445.48 | steps=150
global_step=2177344 | return=218.15 | steps=189
global_step=2177440 | return=-151.51 | steps=100
global_step=2177472 | return=-171.40 | steps=85
global_step=2177984 | return=97.47 | steps=199
global_step=2177984 | return=107.93 | steps=226
global_step=2178144 | return=-96.66 | steps=139
global_step=2178144 | return=142.41 | steps=143
global_step=2178368 | return=-131.42 | steps=138
global_step=2178784 | return=-175.81 | steps=130
global_step=2178880 | return=233.62 | steps=239
global_step=2179392 | return=-342.51 | steps=330
global_step=2179424 | return=219.33 | steps=158
global_step=2179712 | return=-112.70 | steps=103
global_step=2180640 | return=-307.71 | steps=500
global_step=2180800 | return=69.78 | steps=240
global_step=2181120 | return=21.41 | steps=228
global_step=2181312 | return=213.78 | steps=239
global_step=2181600 | return=-82.64 | steps=154
global_step=2182272 | return=-370.08 | steps=194
global_step=2182464 | return=-245.90 | steps=134
global_step=2182624 | return=89.93 | steps=164
global_step=2182848 | return=14.08 | steps=280
global_step=2183104 | return=-193.25 | steps=500
global_step=2183200 | return=186.65 | steps=218
global_step=2183680 | return=-131.02 | steps=132
global_step=2183712 | return=105.14 | steps=260
global_step=2183808 | return=207.72 | steps=246
global_step=2183936 | return=188.84 | steps=180
global_step=2184096 | return=127.90 | steps=190
global_step=2184672 | return=87.35 | steps=280
global_step=2185056 | return=-19.18 | steps=132
global_step=2185408 | return=-191.05 | steps=127
global_step=2185728 | return=45.62 | steps=304
global_step=2185952 | return=168.51 | steps=220
global_step=2186720 | return=-128.47 | steps=90
global_step=2186720 | return=82.95 | steps=288
global_step=2187072 | return=196.87 | steps=200
global_step=2187136 | return=-109.36 | steps=122
global_step=2187200 | return=-35.21 | steps=233
global_step=2187456 | return=257.00 | steps=155
global_step=2187680 | return=179.04 | steps=354
global_step=2187904 | return=220.85 | steps=157
global_step=2187968 | return=-203.06 | steps=500
global_step=2188032 | return=82.17 | steps=200
global_step=2188128 | return=-345.70 | steps=156
global_step=2189696 | return=-103.86 | steps=500
global_step=2189952 | return=-196.01 | steps=500
global_step=2190016 | return=-43.77 | steps=363
global_step=2190272 | return=-203.53 | steps=99
global_step=2190496 | return=-343.91 | steps=87
global_step=2190592 | return=88.55 | steps=248
global_step=2191104 | return=-163.58 | steps=500
global_step=2191168 | return=-29.90 | steps=500
global_step=2191328 | return=-27.87 | steps=433
global_step=2191680 | return=-49.42 | steps=110
global_step=2192128 | return=114.20 | steps=155
global_step=2192704 | return=129.16 | steps=210
global_step=2192736 | return=96.47 | steps=187
global_step=2193184 | return=99.25 | steps=178
global_step=2193408 | return=170.71 | steps=260
global_step=2193504 | return=47.57 | steps=306
global_step=2194016 | return=-197.53 | steps=500
global_step=2194016 | return=126.03 | steps=314
global_step=2194112 | return=-193.63 | steps=127
global_step=2194272 | return=150.39 | steps=317
global_step=2194560 | return=225.24 | steps=205
global_step=2194592 | return=-4.02 | steps=309
global_step=2194688 | return=-182.27 | steps=289
global_step=2194816 | return=-188.95 | steps=500
global_step=2195424 | return=-218.13 | steps=500
SPS: 639
global_step=2196224 | return=-34.45 | steps=327
global_step=2196448 | return=-97.66 | steps=397
global_step=2196512 | return=73.89 | steps=194
global_step=2196704 | return=180.31 | steps=270
global_step=2197088 | return=222.87 | steps=230
global_step=2197152 | return=-200.83 | steps=500
global_step=2197920 | return=-142.83 | steps=113
global_step=2197952 | return=241.36 | steps=162
global_step=2198304 | return=-56.44 | steps=500
global_step=2198400 | return=168.94 | steps=195
global_step=2199264 | return=-99.71 | steps=94
global_step=2199552 | return=80.32 | steps=151
global_step=2199552 | return=27.94 | steps=279
global_step=2199712 | return=200.55 | steps=261
global_step=2199872 | return=103.68 | steps=271
global_step=2199936 | return=-149.60 | steps=86
global_step=2200352 | return=110.11 | steps=388
global_step=2200448 | return=213.53 | steps=219
global_step=2200512 | return=174.19 | steps=275
global_step=2200736 | return=-104.55 | steps=131
global_step=2201280 | return=66.01 | steps=317
global_step=2201568 | return=87.20 | steps=362
global_step=2201984 | return=-66.24 | steps=126
global_step=2202144 | return=-483.56 | steps=130
global_step=2202496 | return=3.41 | steps=374
global_step=2202752 | return=-131.23 | steps=108
global_step=2202752 | return=-89.07 | steps=500
global_step=2202848 | return=214.29 | steps=231
global_step=2203232 | return=-203.38 | steps=500
global_step=2203744 | return=-290.68 | steps=120
global_step=2204064 | return=-274.94 | steps=288
global_step=2204192 | return=216.04 | steps=180
global_step=2204512 | return=176.98 | steps=231
global_step=2204544 | return=104.81 | steps=252
global_step=2204608 | return=-234.25 | steps=132
global_step=2205088 | return=-69.70 | steps=345
global_step=2205760 | return=-519.43 | steps=366
global_step=2205888 | return=-251.23 | steps=94
global_step=2206368 | return=-416.85 | steps=136
global_step=2206624 | return=206.73 | steps=190
global_step=2207136 | return=124.66 | steps=155
global_step=2207968 | return=-80.65 | steps=461
global_step=2208064 | return=45.05 | steps=435
global_step=2208224 | return=-98.11 | steps=97
global_step=2208448 | return=-230.60 | steps=132
global_step=2208480 | return=-103.75 | steps=84
global_step=2208736 | return=72.30 | steps=286
global_step=2208736 | return=-76.53 | steps=500
global_step=2208736 | return=185.45 | steps=232
global_step=2209088 | return=166.39 | steps=205
global_step=2209152 | return=21.42 | steps=294
global_step=2209216 | return=231.79 | steps=201
global_step=2209344 | return=-87.19 | steps=92
global_step=2209440 | return=-74.71 | steps=497
global_step=2209632 | return=119.50 | steps=277
global_step=2210144 | return=144.56 | steps=267
global_step=2210560 | return=131.80 | steps=187
global_step=2210592 | return=-148.17 | steps=500
global_step=2210624 | return=209.74 | steps=187
global_step=2210624 | return=-241.53 | steps=500
global_step=2211040 | return=155.08 | steps=258
global_step=2211424 | return=-14.18 | steps=358
global_step=2212064 | return=51.74 | steps=259
global_step=2212448 | return=-192.52 | steps=96
global_step=2212544 | return=-374.33 | steps=184
global_step=2212736 | return=-177.06 | steps=500
global_step=2212928 | return=-200.60 | steps=119
global_step=2212992 | return=174.20 | steps=304
global_step=2213280 | return=60.70 | steps=400
global_step=2213440 | return=-121.43 | steps=133
global_step=2213920 | return=-238.12 | steps=102
global_step=2213984 | return=117.46 | steps=184
global_step=2214016 | return=99.91 | steps=172
global_step=2214304 | return=221.11 | steps=158
global_step=2214336 | return=-61.53 | steps=500
global_step=2215584 | return=-117.96 | steps=500
global_step=2215936 | return=117.04 | steps=224
global_step=2216608 | return=95.75 | steps=217
global_step=2216704 | return=219.71 | steps=226
global_step=2216736 | return=177.16 | steps=265
global_step=2217056 | return=-312.42 | steps=117
global_step=2217088 | return=39.56 | steps=310
global_step=2217184 | return=-247.77 | steps=132
global_step=2217472 | return=39.79 | steps=418
global_step=2217536 | return=-212.35 | steps=202
global_step=2217568 | return=253.73 | steps=217
global_step=2217760 | return=-126.17 | steps=106
global_step=2217792 | return=163.47 | steps=225
global_step=2218240 | return=113.54 | steps=212
global_step=2218464 | return=-141.01 | steps=138
global_step=2218592 | return=-35.31 | steps=396
global_step=2218784 | return=-120.49 | steps=151
global_step=2219360 | return=106.06 | steps=355
global_step=2219488 | return=-198.62 | steps=171
global_step=2220064 | return=-143.08 | steps=103
global_step=2220352 | return=7.43 | steps=362
global_step=2220544 | return=-160.03 | steps=500
global_step=2220544 | return=-11.94 | steps=377
global_step=2220672 | return=195.29 | steps=253
global_step=2220992 | return=205.14 | steps=257
global_step=2221056 | return=-511.95 | steps=159
global_step=2221184 | return=213.24 | steps=272
global_step=2221216 | return=76.67 | steps=215
global_step=2221440 | return=97.19 | steps=182
global_step=2222720 | return=200.04 | steps=175
global_step=2222720 | return=90.85 | steps=289
global_step=2223232 | return=-574.81 | steps=144
global_step=2223520 | return=148.42 | steps=178
global_step=2223552 | return=94.31 | steps=198
global_step=2223584 | return=94.18 | steps=214
global_step=2223616 | return=102.41 | steps=191
global_step=2223648 | return=-20.48 | steps=92
global_step=2223648 | return=102.65 | steps=361
global_step=2223680 | return=125.64 | steps=333
global_step=2223744 | return=-115.41 | steps=136
global_step=2224000 | return=202.43 | steps=162
global_step=2224448 | return=244.78 | steps=193
global_step=2224768 | return=-99.06 | steps=500
global_step=2224768 | return=-348.62 | steps=240
global_step=2224864 | return=231.51 | steps=167
global_step=2225504 | return=149.16 | steps=241
global_step=2225728 | return=199.51 | steps=176
global_step=2226112 | return=201.94 | steps=173
global_step=2226176 | return=-251.17 | steps=500
global_step=2226432 | return=53.85 | steps=183
global_step=2226656 | return=-241.35 | steps=500
global_step=2226720 | return=40.59 | steps=285
global_step=2226816 | return=155.88 | steps=289
global_step=2226816 | return=131.03 | steps=181
global_step=2227072 | return=-158.62 | steps=95
global_step=2227168 | return=-64.95 | steps=329
global_step=2227520 | return=-76.99 | steps=124
global_step=2228032 | return=264.40 | steps=165
SPS: 639
global_step=2228256 | return=-129.94 | steps=143
global_step=2229024 | return=203.86 | steps=236
global_step=2229312 | return=251.72 | steps=205
global_step=2229536 | return=113.05 | steps=186
global_step=2229536 | return=203.00 | steps=182
global_step=2229600 | return=185.12 | steps=186
global_step=2229600 | return=-70.69 | steps=86
global_step=2229632 | return=204.40 | steps=148
global_step=2229920 | return=-172.88 | steps=88
global_step=2230176 | return=220.65 | steps=216
global_step=2230496 | return=217.92 | steps=178
global_step=2231232 | return=-119.66 | steps=115
global_step=2231392 | return=222.15 | steps=238
global_step=2231776 | return=201.47 | steps=157
global_step=2232096 | return=218.92 | steps=198
global_step=2232384 | return=227.77 | steps=195
global_step=2232416 | return=43.01 | steps=435
global_step=2232768 | return=-146.40 | steps=98
global_step=2232800 | return=111.10 | steps=388
global_step=2232992 | return=-192.01 | steps=107
global_step=2233056 | return=225.40 | steps=206
global_step=2233120 | return=56.75 | steps=237
global_step=2233504 | return=205.38 | steps=213
global_step=2233568 | return=-149.81 | steps=105
global_step=2234368 | return=128.32 | steps=235
global_step=2235136 | return=215.54 | steps=221
global_step=2235296 | return=60.26 | steps=365
global_step=2235328 | return=-191.08 | steps=90
global_step=2235328 | return=109.98 | steps=196
global_step=2235392 | return=41.53 | steps=341
global_step=2236736 | return=-485.11 | steps=166
global_step=2237088 | return=-194.66 | steps=500
global_step=2237120 | return=23.08 | steps=496
global_step=2237216 | return=-255.61 | steps=500
global_step=2237312 | return=44.12 | steps=239
global_step=2238112 | return=169.60 | steps=237
global_step=2238688 | return=195.99 | steps=184
global_step=2238720 | return=192.89 | steps=174
global_step=2238944 | return=202.31 | steps=204
global_step=2239008 | return=153.09 | steps=225
global_step=2239040 | return=64.39 | steps=243
global_step=2239264 | return=225.13 | steps=223
global_step=2239360 | return=206.62 | steps=182
global_step=2239392 | return=-110.01 | steps=132
global_step=2239680 | return=-59.78 | steps=500
global_step=2239680 | return=173.60 | steps=214
global_step=2239808 | return=-160.45 | steps=139
global_step=2240320 | return=76.12 | steps=376
global_step=2240416 | return=24.10 | steps=231
global_step=2240544 | return=-96.08 | steps=118
global_step=2240672 | return=-239.53 | steps=452
global_step=2240800 | return=-197.90 | steps=500
global_step=2241536 | return=-229.34 | steps=88
global_step=2242432 | return=-287.84 | steps=222
global_step=2243072 | return=-129.07 | steps=115
global_step=2243104 | return=-166.53 | steps=106
global_step=2243200 | return=36.24 | steps=190
global_step=2243200 | return=-265.89 | steps=500
global_step=2243360 | return=-191.17 | steps=191
global_step=2244032 | return=-169.77 | steps=148
global_step=2244128 | return=17.93 | steps=274
global_step=2244192 | return=77.00 | steps=160
global_step=2244384 | return=199.23 | steps=155
global_step=2244864 | return=198.64 | steps=184
global_step=2244992 | return=66.85 | steps=356
global_step=2245120 | return=-112.26 | steps=83
global_step=2245344 | return=-57.67 | steps=500
global_step=2245568 | return=-207.73 | steps=500
global_step=2245632 | return=-46.21 | steps=500
global_step=2245952 | return=-86.18 | steps=500
global_step=2246368 | return=240.60 | steps=208
global_step=2246528 | return=244.30 | steps=234
global_step=2246624 | return=24.57 | steps=296
global_step=2246912 | return=-90.71 | steps=115
global_step=2247456 | return=92.53 | steps=211
global_step=2247520 | return=137.98 | steps=240
global_step=2247552 | return=-200.35 | steps=225
global_step=2247872 | return=82.47 | steps=285
global_step=2248032 | return=-103.99 | steps=394
global_step=2248512 | return=-305.24 | steps=134
global_step=2248672 | return=-548.69 | steps=170
global_step=2248960 | return=190.71 | steps=266
global_step=2249088 | return=-122.83 | steps=500
global_step=2249216 | return=-450.75 | steps=131
global_step=2249920 | return=161.07 | steps=213
global_step=2250400 | return=131.06 | steps=219
global_step=2250400 | return=-182.92 | steps=500
global_step=2250720 | return=-122.94 | steps=88
global_step=2250752 | return=90.55 | steps=394
global_step=2250944 | return=132.09 | steps=212
global_step=2251648 | return=75.58 | steps=226
global_step=2252288 | return=120.81 | steps=231
global_step=2252576 | return=183.38 | steps=232
global_step=2253248 | return=220.04 | steps=147
global_step=2253344 | return=-110.92 | steps=500
global_step=2254048 | return=135.91 | steps=262
global_step=2254112 | return=20.71 | steps=266
global_step=2254208 | return=110.10 | steps=208
global_step=2254272 | return=-114.73 | steps=120
global_step=2254304 | return=187.12 | steps=230
global_step=2254336 | return=-16.89 | steps=430
global_step=2254880 | return=167.03 | steps=213
global_step=2255072 | return=122.04 | steps=303
global_step=2255232 | return=30.48 | steps=242
global_step=2255392 | return=-217.22 | steps=96
global_step=2255872 | return=131.53 | steps=224
global_step=2256384 | return=59.70 | steps=176
global_step=2256832 | return=-68.25 | steps=500
global_step=2257024 | return=158.76 | steps=251
global_step=2257024 | return=148.78 | steps=405
global_step=2257024 | return=212.93 | steps=189
global_step=2257504 | return=111.79 | steps=182
global_step=2257568 | return=-128.59 | steps=500
global_step=2257792 | return=76.29 | steps=230
global_step=2258368 | return=91.52 | steps=159
global_step=2258848 | return=18.73 | steps=389
global_step=2259008 | return=-138.64 | steps=122
global_step=2259072 | return=169.95 | steps=259
global_step=2259136 | return=-122.40 | steps=500
global_step=2259680 | return=201.03 | steps=221
global_step=2260032 | return=197.35 | steps=184
global_step=2260096 | return=-79.69 | steps=131
global_step=2260096 | return=219.35 | steps=183
global_step=2260224 | return=230.55 | steps=166
global_step=2260832 | return=-258.71 | steps=101
