step,value
2016,3.174603223800659
2720,2.5647058486938477
2912,4.285714149475098
6592,3.1147541999816895
7168,5.128205299377441
7680,2.6315789222717285
7840,2.6315789222717285
8800,1.0
11136,4.294871807098389
14784,1.8823529481887817
15104,5.57446813583374
15616,4.361445903778076
17632,6.553333282470703
17888,4.216867446899414
19616,1.0
22816,3.426666736602783
25504,2.232876777648926
25824,3.563636302947998
29760,4.546875
31584,5.595238208770752
33952,1.6666666269302368
36064,4.083969593048096
36160,3.2179486751556396
45376,2.7962963581085205
48864,3.05633807182312
49568,3.0102040767669678
49792,1.8253967761993408
52896,1.0
54944,4.113475322723389
56736,4.847222328186035
57280,4.01298713684082
60608,2.6315789222717285
60640,1.6666666269302368
61824,3.223684310913086
65408,2.86956524848938
69504,5.976377964019775
70208,6.622448921203613
70432,2.222222328186035
71008,1.9183673858642578
72672,2.18666672706604
73216,6.160714149475098
75872,3.8311688899993896
77248,6.077441215515137
78560,2.4590163230895996
78656,7.0080647468566895
78880,4.797297477722168
79264,1.6896551847457886
81472,3.420454502105713
81952,9.420289993286133
84832,4.91304349899292
85824,4.032258033752441
86112,2.8970587253570557
91200,5.44615364074707
97344,4.651162624359131
99104,4.137930870056152
99328,3.661290407180786
102240,6.995555400848389
106048,4.482758522033691
110400,4.71212100982666
115520,8.84615421295166
116512,8.559523582458496
123328,8.687943458557129
126240,5.0
127232,4.6875
129216,5.074999809265137
133088,1.0
133952,7.941747665405273
134720,5.402777671813965
137376,5.3416666984558105
143552,6.798561096191406
147328,6.163934230804443
150816,3.799999952316284
153504,6.4831461906433105
153760,3.779069662094116
159328,5.038348197937012
159936,9.722222328186035
163520,6.515151500701904
166144,7.2123894691467285
167072,2.8421051502227783
167488,2.517857074737549
175872,7.07027006149292
176896,1.2264150381088257
178048,4.663934230804443
186368,9.693877220153809
186464,8.360655784606934
191200,6.011904716491699
192704,5.687103748321533
193472,8.026315689086914
193792,6.4772725105285645
207104,4.491428375244141
209280,4.878787994384766
211040,5.674698829650879
217344,5.03636360168457
218176,5.519999980926514
221408,4.652777671813965
223072,4.640776634216309
230880,8.089887619018555
231904,8.798076629638672
232544,6.72580623626709
236512,11.413043022155762
244192,7.831325531005859
249792,8.192770957946777
249920,8.154762268066406
251456,3.0172414779663086
254368,6.901408672332764
257408,9.375
260672,5.952381134033203
264288,6.453488349914551
266336,9.350648880004883
266560,3.559999942779541
268160,9.622641563415527
270016,4.117647171020508
275200,8.07228946685791
275360,5.0
277408,2.5757575035095215
277472,6.8842973709106445
281152,7.9213480949401855
289952,6.377510070800781
291424,6.984615325927734
297568,5.941634178161621
299392,5.190839767456055
304448,6.206896781921387
304480,7.552447319030762
305696,4.857142925262451
311104,4.9242424964904785
312928,3.1578948497772217
313152,5.747126579284668
322176,3.6623377799987793
331680,5.186046600341797
332160,9.259259223937988
335744,8.020833015441895
338016,10.333333015441895
345120,4.830508708953857
348864,8.021978378295898
349952,8.0
351840,8.256410598754883
353760,8.292682647705078
354528,7.5806450843811035
358144,7.601351261138916
360448,9.10595989227295
375680,6.535911560058594
378272,7.909090995788574
378656,10.5
380192,10.510204315185547
381472,8.333333015441895
383584,7.150000095367432
385568,7.527272701263428
387936,2.7962963581085205
389024,8.426966667175293
390624,8.875
393312,5.803468227386475
396832,8.540772438049316
397088,8.475675582885742
399104,12.051281929016113
399552,8.466666221618652
403360,6.447099208831787
405920,5.852017879486084
407296,8.935185432434082
407328,9.726027488708496
407680,4.247499942779541
410400,10.493975639343262
416128,9.102563858032227
421856,10.526315689086914
422624,4.6875
424256,6.734694004058838
426240,10.824742317199707
429440,10.203883171081543
429952,11.052631378173828
431520,7.907079696655273
431840,7.157051086425781
432384,8.55555534362793
432832,7.219047546386719
434816,9.186046600341797
436000,7.941176414489746
441824,10.79230785369873
445152,4.0731706619262695
450624,7.0
459968,3.175675630569458
460928,8.716666221618652
463424,9.935897827148438
468736,4.754098415374756
471296,6.645569801330566
478304,7.4670186042785645
479072,10.460526466369629
479328,8.044943809509277
481760,9.590164184570312
486272,8.692770957946777
489536,10.133333206176758
491744,9.15384578704834
494336,8.362637519836426
495616,9.574467658996582
499040,10.60693645477295
504224,10.46634578704834
505952,10.276785850524902
506624,8.641509056091309
507456,7.943819999694824
522560,8.473154067993164
523776,11.413043022155762
526880,10.051546096801758
529216,4.854000091552734
538912,4.661016941070557
542688,8.084415435791016
546112,7.358490467071533
547648,9.752065658569336
548032,9.75903606414795
548128,6.114035129547119
551232,7.3862433433532715
556288,5.2727274894714355
559904,6.425703048706055
560512,10.0
564000,11.086956977844238
566464,10.64102554321289
575616,6.320000171661377
579904,10.681818008422852
580928,10.759493827819824
581920,3.319999933242798
582656,5.0
585216,6.974522113800049
587232,7.816901206970215
587872,7.130584239959717
596512,7.4146342277526855
599616,9.746835708618164
599776,4.323529243469238
606304,11.299212455749512
607680,10.297029495239258
609792,7.929577350616455
614368,9.523809432983398
624544,8.186956405639648
630816,10.810811042785645
630976,9.02439022064209
632064,10.093877792358398
635008,9.270587921142578
636896,11.050419807434082
640384,8.447653770446777
644448,9.682539939880371
645152,10.533333778381348
647904,9.510869979858398
650336,10.786517143249512
653344,11.714285850524902
654592,6.453968048095703
662432,10.147783279418945
663328,10.243902206420898
670112,10.0
670944,10.526315689086914
679040,8.974358558654785
680992,7.852040767669678
689440,7.199999809265137
690112,8.082706451416016
699744,8.383333206176758
704448,9.540229797363281
708640,7.456140518188477
710848,8.451148986816406
711488,9.764705657958984
718048,5.622000217437744
721280,8.414633750915527
721344,9.081632614135742
722944,8.458646774291992
723808,9.081632614135742
725504,10.161290168762207
729664,6.30476188659668
733376,9.8989896774292
739360,10.677083015441895
741728,9.239130020141602
748096,8.496688842773438
749216,9.313725471496582
751904,9.398773193359375
752160,9.560439109802246
752896,10.085470199584961
754848,13.1578950881958
759904,9.051724433898926
762400,6.99305534362793
763232,10.984848022460938
764192,8.432835578918457
770464,9.382716178894043
770848,9.053498268127441
771232,10.0
772384,8.066038131713867
774336,12.19298267364502
776608,11.333333015441895
779808,10.194174766540527
787520,11.666666984558105
792288,13.118279457092285
793376,9.248995780944824
794400,5.841121673583984
795552,9.807692527770996
797984,7.9863481521606445
799936,3.6666667461395264
800192,12.093406677246094
800736,10.877193450927734
802464,8.659217834472656
809152,9.0
811296,5.847681999206543
811520,7.747081756591797
816992,9.462540626525879
818944,9.159664154052734
820736,9.345794677734375
825600,14.132231712341309
826624,12.4180326461792
833696,8.927586555480957
837216,9.337016105651855
842624,8.030769348144531
842624,11.25
850304,12.5
852512,9.25
858176,9.823204040527344
864832,8.571428298950195
865344,9.073033332824707
866272,8.4375
875968,9.836956977844238
891424,9.02597427368164
891904,8.307692527770996
893280,8.519553184509277
909440,10.482758522033691
914848,12.333333015441895
922656,7.80084753036499
933376,12.516129493713379
943648,11.219511985778809
945312,10.769230842590332
952192,12.671233177185059
958112,12.698412895202637
962976,8.295858383178711
964000,8.62580680847168
966208,11.80555534362793
974240,8.528138160705566
976608,9.789237976074219
976640,11.351351737976074
981344,7.92041540145874
985792,9.596685409545898
991360,12.17391300201416
991552,11.163793563842773
994624,1.6666666269302368
995168,8.891227722167969
999328,11.039999961853027
999360,9.852941513061523
1005856,9.333333015441895
1006240,9.789999961853027
1008768,11.424731254577637
1009152,11.876847267150879
1012512,8.78787899017334
1019104,10.371999740600586
1020064,12.417582511901855
1020704,5.0920000076293945
1026272,10.256410598754883
1029472,11.704545021057129
1034048,10.275229454040527
1035680,10.588234901428223
1036512,9.827338218688965
1045120,6.2519683837890625
1045280,10.909090995788574
1048320,12.330097198486328
1052480,12.022472381591797
1053568,12.784090995788574
1057792,8.946666717529297
1059072,10.12994384765625
1061824,8.346368789672852
1062496,9.610737800598145
1075232,12.465277671813965
1079168,11.808510780334473
1089504,12.616822242736816
1091648,12.531645774841309
1096192,10.542168617248535
1099840,8.875555992126465
1108352,10.277777671813965
1111168,14.0
1111328,9.629630088806152
1115712,8.57986068725586
1115776,12.479798316955566
1118304,9.776535987854004
1124480,13.88888931274414
1130016,10.545454978942871
1136128,12.289156913757324
1139264,10.560748100280762
1141056,14.0625
1142848,10.106383323669434
1143200,10.894309043884277
1143872,11.843971252441406
1145504,10.422534942626953
1145568,9.589040756225586
1150528,9.729729652404785
1157216,8.634614944458008
1161728,6.501466274261475
1164320,12.056737899780273
1165728,11.209677696228027
1169344,10.20522403717041
1169664,10.088757514953613
1170080,11.379310607910156
1179360,9.142105102539062
1181120,9.301204681396484
1187072,14.953703880310059
1188640,10.422534942626953
1192896,13.942307472229004
1198464,10.786127090454102
1198848,11.074379920959473
1200288,12.359550476074219
1201024,12.49171257019043
1202368,13.302752494812012
1206912,8.904109954833984
1211840,12.470588684082031
1214624,11.197628021240234
1225376,11.65467643737793
1230784,12.5
1237120,9.719100952148438
1242432,10.399999618530273
1245056,7.906976699829102
1247264,10.476190567016602
1250720,10.84337329864502
1258816,9.379310607910156
1262752,15.853658676147461
1267712,8.029999732971191
1272416,11.836734771728516
1276352,13.674698829650879
1277120,10.769230842590332
1277856,12.6016263961792
1285632,8.242774963378906
1301056,10.97560977935791
1306048,10.404040336608887
1310144,12.222222328186035
1312960,10.1694917678833
1315648,11.709402084350586
1328416,13.793892860412598
1330528,11.385714530944824
1332960,8.467741966247559
1342912,7.019230842590332
1344736,11.75
1350912,11.273585319519043
1352992,10.094827651977539
1355040,11.77419376373291
1360320,11.48717975616455
1371488,11.11111068725586
1371808,11.142857551574707
1374016,12.5625
1376544,5.910852909088135
1385184,11.690140724182129
1386176,10.254335403442383
1391744,12.388059616088867
1391744,10.256982803344727
1394240,10.818181991577148
1394880,7.038461685180664
1394912,10.413223266601562
1398432,12.058823585510254
1402304,10.549783706665039
1404704,14.03389835357666
1415072,9.156118392944336
1415168,10.318181991577148
1415584,8.974895477294922
1416576,12.782608985900879
1423168,11.25
1424800,11.420731544494629
1430496,14.0
1432352,17.126436233520508
1435424,15.616437911987305
1441792,12.094017028808594
1445120,14.380952835083008
1445792,7.511415481567383
1449088,10.863435745239258
1449600,11.34375
1451904,13.55555534362793
1456096,12.32065200805664
1457504,8.572916984558105
1459808,11.25
1467776,11.607142448425293
1468288,13.571428298950195
1477248,10.803323745727539
1482432,13.145161628723145
1484320,10.103093147277832
1485056,11.34615421295166
1486976,10.747663497924805
1500416,10.882352828979492
1505344,6.683168411254883
1507168,13.206107139587402
1507552,11.060606002807617
1514016,11.091954231262207
1516192,10.70588207244873
1518816,10.883838653564453
1519200,13.118279457092285
1521408,11.560283660888672
1524896,10.366972923278809
1525280,12.619047164916992
1525856,8.964285850524902
1526112,11.681415557861328
1532512,8.039813041687012
1535456,13.296703338623047
1538336,13.13131332397461
1541440,13.333333015441895
1541920,11.129533767700195
1544512,14.230769157409668
1549728,11.728395462036133
1552192,10.714285850524902
1557024,8.913043022155762
1558592,11.4179105758667
1562208,13.068181991577148
1564704,9.742267608642578
1568192,11.222222328186035
1568832,12.453703880310059
1581376,11.767955780029297
1581664,14.53608226776123
1581792,5.056180000305176
1583040,9.27464771270752
1584128,12.191781044006348
1585056,11.914691925048828
1586880,13.947368621826172
1597056,12.190476417541504
1600480,12.30215835571289
1602752,11.375
1602880,13.545454978942871
1603552,9.020000457763672
1609728,13.347457885742188
1611136,12.134831428527832
1611936,10.394737243652344
1612096,10.651079177856445
1614560,13.186813354492188
1625088,10.977099418640137
1627200,6.661538600921631
1628192,14.791666984558105
1638496,9.308510780334473
1639488,11.23834228515625
1641824,13.257575988769531
1643296,11.083333015441895
1648928,13.65384578704834
1649568,10.202898979187012
1652192,13.829787254333496
1661120,11.714285850524902
1664800,12.622221946716309
1665568,13.047618865966797
1667104,11.834146499633789
1668512,13.195266723632812
1672928,11.44444465637207
1674912,12.336448669433594
1682976,7.896797180175781
1684576,11.029411315917969
1693632,10.412370681762695
1697248,7.931034564971924
1697696,12.6875
1698272,15.535714149475098
1699744,13.357843399047852
1701760,10.730262756347656
1710432,8.04587173461914
1719232,10.32608699798584
1723808,8.43137264251709
1724416,9.970588684082031
1725984,11.549295425415039
1731872,16.25
1734016,13.48874568939209
1739456,11.492537498474121
1739456,13.247862815856934
1742880,12.994011878967285
1743616,6.00990104675293
1748384,10.80701732635498
1748512,13.11111068725586
1749792,10.206029891967773
1750048,12.393162727355957
1750368,10.399999618530273
1756928,11.213017463684082
1764768,9.256197929382324
1767392,9.645021438598633
1770336,7.6878981590271
1775392,13.68852424621582
1776672,13.698630332946777
1779872,11.56862735748291
1793792,9.889434814453125
1795936,9.028168678283691
1797472,14.015151977539062
1798816,12.231155395507812
1802336,14.117647171020508
1805312,11.11111068725586
1808224,9.166666984558105
1813216,10.64102554321289
1819712,6.812672138214111
1820960,10.128205299377441
1822048,6.283746719360352
1823008,14.105262756347656
1823328,13.666666984558105
1825280,12.074626922607422
1831072,13.584905624389648
1831392,11.775700569152832
1834464,10.55555534362793
1837792,12.773109436035156
1845920,10.284403800964355
1845952,10.967741966247559
1858496,12.142857551574707
1859968,9.373770713806152
1862528,4.093999862670898
1863264,7.490909099578857
1863392,11.810344696044922
1869664,7.994444370269775
1869984,17.25
1879424,9.372549057006836
1888384,10.751908302307129
1889504,7.429347991943359
1890560,12.023622512817383
1890848,13.59375
1893632,11.545044898986816
1898240,14.032258033752441
1899936,12.775330543518066
1908640,10.886075973510742
1917920,10.387434959411621
1918304,12.92682933807373
1925792,12.276785850524902
1936928,14.948453903198242
1937280,10.69847297668457
1938976,13.699999809265137
1942688,10.173184394836426
1948512,13.924050331115723
1949216,10.714285850524902
1952896,11.2606840133667
1953664,13.181818008422852
1953728,13.137755393981934
1954144,5.269999980926514
1955392,14.794520378112793
1963808,11.535294532775879
1974912,11.406416893005371
1976320,7.304239273071289
1979200,12.125
1979808,9.345454216003418
1980704,11.742424011230469
1983776,8.56382942199707
1987744,12.061403274536133
1998048,3.5087718963623047
2003552,9.314641952514648
2007744,12.480620384216309
2015552,12.095237731933594
2016704,10.808382987976074
2020096,13.439716339111328
2023424,13.3695650100708
2026592,10.431924819946289
2038912,10.0
2042688,10.520737648010254
2053440,12.838709831237793
2058464,10.76200008392334
2066624,9.164305686950684
2067552,15.071089744567871
2068960,12.853333473205566
2073088,7.117647171020508
2079296,11.386138916015625
2082496,10.535714149475098
2091392,13.622047424316406
2105632,13.77550983428955
2106464,10.221590995788574
2113056,13.148148536682129
2114752,12.608695983886719
2115648,11.875
2119872,13.016529083251953
2121088,14.533679008483887
2125024,12.34375
2125120,10.11347484588623
2130368,14.054794311523438
2133376,9.299516677856445
2140064,13.008130073547363
2145632,12.028302192687988
2148608,12.368420600891113
2153248,8.359999656677246
2155520,8.977272987365723
2160224,10.0
2164224,9.720207214355469
2164768,11.33093547821045
2166880,14.634146690368652
2171584,13.311688423156738
2173184,8.088234901428223
2180000,12.808988571166992
2181056,11.548571586608887
2189280,9.898477554321289
2191616,16.3125
2193472,12.5
2195040,16.0
2197152,11.055866241455078
2197600,10.871508598327637
2203136,11.162790298461914
2204224,14.44444465637207
2204512,14.360901832580566
2206368,10.212560653686523
2208256,15.25906753540039
2214176,9.972414016723633
2216576,11.627906799316406
2219392,8.317856788635254
2220704,15.0
2228416,14.430379867553711
2229856,10.324324607849121
2232992,9.758793830871582
2236160,13.0
2244736,13.66906452178955
2245280,9.923497200012207
2250752,13.565217018127441
2256320,12.219100952148438
2256448,13.660714149475098
2264000,11.975845336914062
2267712,13.393034934997559
2278208,11.538461685180664
2280032,10.647577285766602
2280128,12.527472496032715
2280800,16.569766998291016
2285056,13.666666984558105
2299744,9.806949615478516
2303360,9.263157844543457
2305568,10.299212455749512
2305600,11.477386474609375
2311712,12.814684867858887
2323360,6.6569342613220215
2323392,12.63698673248291
2325248,11.954802513122559
2330880,14.339622497558594
2335392,10.261333465576172
2337760,9.340659141540527
2346848,11.489933013916016
2351936,10.660286903381348
2357536,11.142857551574707
2372384,11.323529243469238
2374496,9.180327415466309
2381600,11.711206436157227
2382080,10.526315689086914
2383648,11.44339656829834
2386624,13.021978378295898
2388384,10.056180000305176
2390272,11.525424003601074
2391040,12.020201683044434
2392416,14.725275039672852
2394368,7.61916446685791
2396576,11.796875
2410464,9.529939651489258
2414624,12.336448669433594
2418592,14.529914855957031
2419168,13.529411315917969
2421376,14.339622497558594
2421760,12.15999984741211
2425280,12.142857551574707
2429056,6.685393333435059
2434176,14.776119232177734
2435584,13.5
2435968,7.0471014976501465
2436128,11.582010269165039
2436768,9.393939018249512
2438816,14.714285850524902
2442880,11.727272987365723
2444352,12.852563858032227
2451264,10.790322303771973
2455904,11.483145713806152
2474496,12.17391300201416
2482912,14.370079040527344
2487360,12.105262756347656
2488256,8.50828742980957
2488672,13.370786666870117
2492416,14.406779289245605
2500704,14.134614944458008
2503840,11.376470565795898
2512480,12.03125
2513888,7.319587707519531
2517408,10.960893630981445
2518048,10.219731330871582
2518336,7.777292728424072
2525824,10.880502700805664
2526720,9.803921699523926
2534144,8.680723190307617
2535424,10.895705223083496
2537536,9.372880935668945
2541184,12.377049446105957
2543296,10.388349533081055
2543360,13.94444465637207
2547712,10.800000190734863
2550464,11.512604713439941
2551168,12.844037055969238
2552896,13.875
2559360,16.32653045654297
2560416,11.927373886108398
2567232,12.1359224319458
2568544,15.316455841064453
2574720,12.72680377960205
2577248,13.11111068725586
2588640,10.815068244934082
2590944,5.549132823944092
2594688,9.545112609863281
2594720,13.333333015441895
2595392,11.603686332702637
2602080,12.737226486206055
2602144,10.490476608276367
2602752,8.92682933807373
2606368,13.897058486938477
2608384,11.739130020141602
2610016,12.162161827087402
2619616,12.258064270019531
2623104,15.185185432434082
2630720,12.064814567565918
2636736,13.352272987365723
2641184,14.1304349899292
2643264,10.132184028625488
2653408,14.055944442749023
2658624,11.207253456115723
2661568,10.721649169921875
2663008,13.75
2663456,10.127412796020508
2668576,14.67391300201416
2670240,10.072815895080566
2672000,13.915094375610352
2673408,14.954545021057129
2678784,15.045044898986816
2683008,13.203125
2686656,11.685393333435059
2688928,14.104477882385254
2689120,9.030099868774414
2691264,12.986394882202148
2695584,13.788820266723633
2699264,12.941176414489746
2703296,8.154302597045898
2705472,12.387096405029297
2710464,10.538744926452637
2711648,8.767857551574707
2715296,13.445945739746094
2718560,13.43137264251709
2718784,9.972092628479004
2719136,5.961999893188477
2724256,12.088234901428223
2733952,15.203251838684082
2734240,6.679999828338623
2734592,13.164556503295898
2740384,13.56382942199707
2741440,13.202247619628906
2748544,15.972222328186035
2758304,12.3989896774292
2760832,14.23611068725586
2765920,8.5377779006958
2770496,9.339622497558594
2772960,13.736263275146484
2774560,12.365168571472168
2777536,13.247058868408203
2778400,6.838709831237793
2781376,16.836734771728516
2785696,10.954704284667969
2789056,5.3496503829956055
2790400,10.558035850524902
2792256,12.590425491333008
2796192,11.087912559509277
2803456,13.532110214233398
2804352,12.300518035888672
2804640,6.953488349914551
2806016,11.309523582458496
2807648,12.195121765136719
2807840,15.353535652160645
2811296,12.22580623626709
2813568,11.8421049118042
2825504,12.31137752532959
2839040,9.554140090942383
2851936,13.064516067504883
2853280,10.979487419128418
2854784,13.08450698852539
2855040,10.49350643157959
2859200,12.956204414367676
2861312,12.870369911193848
2863584,13.493975639343262
2864096,11.406593322753906
2870624,12.56944465637207
2876832,14.621849060058594
2878176,13.580246925354004
2878208,10.318181991577148
2888864,13.45678997039795
2889472,14.411765098571777
2889952,8.181818008422852
2908512,13.4765625
2913728,13.422727584838867
2918624,12.006579399108887
2920448,12.147650718688965
2921408,13.20442008972168
2922208,14.655172348022461
2926720,13.707864761352539
2929920,13.803191184997559
2954304,11.176055908203125
2959904,14.814814567565918
2963072,13.271027565002441
2970400,12.197802543640137
2972000,9.430107116699219
2981408,13.106060981750488
2981472,11.693988800048828
2988288,13.562162399291992
2995392,10.435028076171875
2996000,14.210526466369629
2996928,13.617021560668945
2997312,12.5
2997408,11.421568870544434
2997984,12.820512771606445
3001056,9.78723430633545
3001120,11.15384578704834
3007168,14.959349632263184
3008160,14.012739181518555
3016608,10.5
3017952,12.87600040435791
3023296,12.608938217163086
3023840,12.8695650100708
3024608,13.19444465637207
3030688,11.441441535949707
3030976,9.144144058227539
3033088,13.666666984558105
3033248,12.586206436157227
3033472,11.016948699951172
3035008,11.546961784362793
3043040,11.235955238342285
3046336,14.44444465637207
3050464,14.835165023803711
3051040,12.916666984558105
3054080,13.55140209197998
3059872,10.166666984558105
3060480,15.333333015441895
3062016,13.605713844299316
3064448,13.06598949432373
3070400,13.413461685180664
3074560,13.052631378173828
3074848,13.14685344696045
3075168,13.624338150024414
3076704,11.170854568481445
3078272,14.040698051452637
3082080,12.218905448913574
3083616,13.566038131713867
3087072,13.421052932739258
3087264,10.873950004577637
3089760,15.454545021057129
3090592,15.46610164642334
3091936,10.44186019897461
3092640,12.323232650756836
3097216,14.08264446258545
3098400,13.100591659545898
3099072,12.698412895202637
3106912,14.0
3106912,12.276422500610352
3110752,12.897777557373047
3110944,14.230769157409668
3112128,11.446309089660645
3115680,16.98113250732422
3115904,11.97354507446289
3119392,14.9557523727417
3120608,11.705479621887207
3125856,14.393939018249512
3128480,13.5
3136704,13.989361763000488
3145632,12.978723526000977
3154848,9.87550163269043
3162048,15.44444465637207
3167584,9.426229476928711
3171360,14.312169075012207
3171840,11.363636016845703
3175456,16.435184478759766
3178656,11.886792182922363
3181440,15.808823585510254
3182816,12.544378280639648
3188992,10.839024543762207
3190528,13.068181991577148
3193280,14.852941513061523
3194720,12.5
3195552,10.714285850524902
3196640,14.653409004211426
3208704,9.458515167236328
3209536,13.473684310913086
3215168,11.80555534362793
3230208,13.516854286193848
3239424,16.018518447875977
3241280,14.090909004211426
3244160,13.170731544494629
3250176,13.066666603088379
3251936,13.78636360168457
3253856,15.041322708129883
3257024,14.456521987915039
3261600,13.928571701049805
3268032,9.593103408813477
3272960,16.66666603088379
3274016,14.147286415100098
3277600,10.67415714263916
3279904,13.698630332946777
3283776,12.346939086914062
3288352,10.531343460083008
3289792,11.453658103942871
3292224,14.634146690368652
3295040,13.222222328186035
3299872,11.495145797729492
3301376,9.391509056091309
3302304,14.141413688659668
3302496,14.70588207244873
3310336,14.02173900604248
3311840,12.870369911193848
3312896,10.684931755065918
3315936,10.07305908203125
3319232,13.65482234954834
3321856,12.479999542236328
3328640,14.52808952331543
3331712,11.578947067260742
3332864,10.93630599975586
3335328,13.600000381469727
3335936,9.222222328186035
3340704,11.538461685180664
3346112,14.627659797668457
3352256,6.670731544494629
3352960,12.475247383117676
3353856,12.277777671813965
3354176,14.621212005615234
3356032,13.716814041137695
3359232,13.0
3362112,12.03389835357666
3362240,12.776649475097656
3363840,15.163934707641602
3364928,11.511628150939941
3367392,14.560439109802246
3367456,11.311786651611328
3371744,12.698412895202637
3391328,12.5
3391392,16.18556785583496
3391616,8.384614944458008
3392000,15.979381561279297
3394784,12.899999618530273
3399872,16.168224334716797
3399968,12.804878234863281
3401856,14.34426212310791
3402144,13.253011703491211
3402368,13.911916732788086
3402752,11.597222328186035
3406528,11.306818008422852
3417088,14.10891056060791
3423904,14.67391300201416
3432224,12.282608985900879
3434368,16.635513305664062
3435104,14.711538314819336
3435456,13.88888931274414
3444064,16.545454025268555
3446656,7.456140518188477
3449792,9.078947067260742
3450784,9.430000305175781
3452192,13.855932235717773
3455392,10.847457885742188
3460480,14.22459888458252
3464768,14.396552085876465
3467584,12.223809242248535
3469280,13.4408597946167
3470432,16.31944465637207
3474080,14.636014938354492
3477952,10.02450942993164
3478688,13.152709007263184
3479104,14.915966033935547
3479200,14.150943756103516
3479840,12.602739334106445
3483488,14.268292427062988
3490752,11.693333625793457
3492608,11.08108139038086
3495136,10.3125
3496992,12.626262664794922
3500832,12.012121200561523
3503456,12.254901885986328
3503584,13.023255348205566
3504096,16.66666603088379
3506208,8.220000267028809
3506848,14.423076629638672
3510496,14.051095008850098
3510688,10.112195014953613
3512032,13.68055534362793
3514176,14.21875
3514848,12.65432071685791
3516128,11.470588684082031
3516352,13.195266723632812
3517280,9.844221115112305
3518368,14.37062931060791
3522272,13.439153671264648
3527648,14.382022857666016
3530976,14.335664749145508
3532864,11.231884002685547
3533472,15.0
3537024,11.727272987365723
3537536,11.153543472290039
3546656,9.521367073059082
3552192,11.69064712524414
3554304,12.0393705368042
3556288,9.574467658996582
3556768,14.074073791503906
3560672,12.816091537475586
3561888,13.867924690246582
3564000,14.88888931274414
3566560,12.808218955993652
3569344,9.386792182922363
3574240,10.876494407653809
3578304,11.958763122558594
3580224,10.879432678222656
3594208,13.119266510009766
3603936,12.857142448425293
3605056,13.174603462219238
3608032,15.625
3611200,8.908045768737793
3612768,14.157303810119629
3615328,11.530200958251953
3626752,14.449541091918945
3628320,13.333333015441895
3633568,13.333333015441895
3634816,12.116564750671387
3635104,7.6875
3637760,17.241378784179688
3638976,15.322580337524414
3640768,13.711339950561523
3645504,15.473684310913086
3646752,10.251798629760742
3650976,14.51388931274414
3653312,14.032258033752441
3656000,14.156976699829102
3660416,11.868292808532715
3661824,9.522472381591797
3662272,14.439655303955078
3666336,14.450549125671387
3670112,11.08910846710205
3692096,14.35393238067627
3695744,12.051281929016113
3697600,12.196969985961914
3698496,14.083333015441895
3707424,11.472867965698242
3710720,9.941422462463379
3711392,13.018017768859863
3713216,14.24731159210205
3722464,12.947368621826172
3724384,12.83088207244873
3729408,13.88888931274414
3730816,11.016216278076172
3731776,12.727272987365723
3732032,13.063291549682617
3732192,14.065934181213379
3733600,9.686192512512207
3743936,12.7380952835083
3750560,13.045161247253418
3756032,10.959301948547363
3762112,10.380952835083008
3765120,11.743243217468262
3768448,14.368931770324707
3769280,11.366120338439941
3774912,13.661616325378418
3779424,12.844037055969238
3780608,10.86486530303955
3792832,15.251798629760742
3798976,13.779569625854492
3803104,15.496183395385742
3803168,12.076923370361328
3814656,14.838709831237793
3823136,12.919354438781738
3823776,11.631901741027832
3828352,13.991031646728516
3830240,11.132075309753418
3830912,12.852458953857422
3831392,10.960199356079102
3846240,9.800000190734863
3855232,10.523148536682129
3866144,12.5
3868096,13.719008445739746
3878944,10.679611206054688
3886592,11.206896781921387
3886624,6.519999980926514
3891104,12.647058486938477
3892544,12.83919620513916
3899840,7.72123908996582
3902112,11.630573272705078
3907680,9.93710708618164
3909856,14.473684310913086
3910464,15.609756469726562
3915424,11.638554573059082
3918432,10.95108699798584
3918784,12.277777671813965
3920224,10.181207656860352
3924512,13.1578950881958
3925056,9.740540504455566
3925280,12.525252342224121
3933120,13.492063522338867
3940448,12.071823120117188
3942656,12.946428298950195
3946432,12.7619047164917
3947680,12.716049194335938
3949952,13.409937858581543
3950272,11.127450942993164
3953280,15.053763389587402
3959296,14.00990104675293
3959680,12.472222328186035
3959904,15.137614250183105
3960576,13.706896781921387
3960800,13.005181312561035
3960960,10.01395320892334
3962816,14.409448623657227
3964576,12.10106372833252
3970336,14.806201934814453
3970752,15.051546096801758
3972480,15.79861068725586
3974240,14.411765098571777
3975872,12.1875
3976672,12.592814445495605
3977088,7.6201300621032715
3986784,13.861472129821777
3990176,12.610465049743652
3994592,12.478385925292969
3996256,11.884057998657227
3997344,4.746835231781006
3997920,13.583333015441895
4007552,13.14606761932373
4009024,16.35802459716797
4011456,10.769230842590332
4016160,13.988371849060059
4018336,14.102563858032227
4019392,14.5
4019808,11.875
4022656,14.0
4023136,14.685628890991211
4025440,15.546218872070312
4030848,12.2848482131958
4035648,15.14018726348877
4036672,13.004032135009766
4044288,11.853658676147461
4047104,14.102563858032227
4050144,9.611701965332031
4054336,12.386363983154297
4055424,13.55140209197998
4056640,10.485713958740234
4058144,12.654867172241211
4059776,13.814433097839355
4060576,14.127516746520996
4060800,12.692307472229004
4068832,13.768115997314453
4071168,12.142857551574707
4076064,11.363636016845703
4077248,10.657370567321777
4078272,15.9375
4081632,10.901638984680176
4082048,12.5
4083424,12.887700080871582
4088672,13.913043022155762
4089792,9.324324607849121
4089888,12.398876190185547
4093920,11.77419376373291
4093952,12.356322288513184
4096960,9.474860191345215
4102112,10.854748725891113
4104960,7.244897842407227
4105184,9.767857551574707
4106944,9.838129043579102
4109216,8.219779968261719
4109696,10.952662467956543
4110080,13.54838752746582
4118912,10.032258033752441
4119936,9.797297477722168
4120960,11.538461685180664
4133824,11.255707740783691
4137408,14.764705657958984
4137472,14.583333015441895
4138880,12.717391014099121
4146400,11.981818199157715
4149632,13.300000190734863
4157088,13.264248847961426
4171392,14.166666984558105
4191872,12.904191970825195
4193152,11.315789222717285
4198944,12.25
4203072,14.563106536865234
4209312,12.543103218078613
4220096,13.480392456054688
4220960,13.069498062133789
4228480,12.901554107666016
4230752,12.47191047668457
4232704,11.679144859313965
4235840,11.816666603088379
4238944,11.898734092712402
4239552,13.821138381958008
4248832,13.69565200805664
4249568,11.833333015441895
4252608,13.899999618530273
4253088,14.454545021057129
4259904,12.095808029174805
4260032,13.524590492248535
4262848,13.84615421295166
4263136,13.732394218444824
4268000,16.357616424560547
4271424,13.945578575134277
4271712,15.508474349975586
4277152,13.78787899017334
4286720,9.032679557800293
4287424,12.557077407836914
4293920,13.0
4294592,15.0
4302944,9.584615707397461
4310848,10.623376846313477
4319200,13.425926208496094
4324224,11.899543762207031
4324352,13.43537425994873
4326240,14.437870025634766
4327520,13.329896926879883
4338336,13.053892135620117
4342208,12.683615684509277
4348096,15.844156265258789
4350336,13.855422019958496
4354208,13.866666793823242
4354592,12.757225036621094
4355296,12.795699119567871
4355872,12.255033493041992
4357600,16.23655891418457
4358752,13.669724464416504
4367648,13.550724983215332
4376256,12.916129112243652
4385824,10.053908348083496
4390112,11.210526466369629
4394656,14.47236156463623
4395136,11.005847930908203
4395264,12.340425491333008
4395744,12.184873580932617
4396768,11.479820251464844
4402400,14.349593162536621
4405408,11.020408630371094
4409632,14.482758522033691
4413344,10.958333015441895
4423584,8.796296119689941
4425344,13.877551078796387
4425536,7.108433723449707
4425664,13.855262756347656
4427232,12.839805603027344
4428704,15.841584205627441
4434304,11.650485038757324
4441184,12.15999984741211
4445408,14.1304349899292
4445888,14.02173900604248
4449024,14.0625
4452064,13.958333015441895
4453536,12.429906845092773
4466720,11.71875
4467488,10.416215896606445
4469216,12.875
4473120,12.943262100219727
4477600,12.130268096923828
4479552,16.309524536132812
4483552,11.896174430847168
4489408,14.554140090942383
4489888,10.615385055541992
4492832,9.664864540100098
4494848,10.96875
4498176,10.874214172363281
4501440,11.443299293518066
4503552,12.30927848815918
4505248,13.882352828979492
4506144,15.303030014038086
4508864,14.699999809265137
4513280,12.19913387298584
4514528,11.861818313598633
4524096,13.920000076293945
4525024,16.200000762939453
4526816,13.942307472229004
4528960,11.523529052734375
4534336,13.4005765914917
4551296,16.483516693115234
4553760,13.682170867919922
4554688,12.5
4561152,12.753623008728027
4561760,15.368420600891113
4564448,13.808988571166992
4564800,15.568181991577148
4565472,12.372093200683594
4569024,13.761260986328125
4571712,8.970588684082031
4582304,14.243749618530273
4583200,14.214876174926758
4592864,14.439655303955078
4592864,11.851851463317871
4594656,16.412214279174805
4598592,13.553459167480469
4610912,13.228346824645996
4613664,13.483145713806152
4621312,14.40217399597168
4623136,14.136212348937988
4643744,13.372780799865723
4645472,11.01265811920166
4647040,14.523809432983398
4653632,11.255172729492188
4665536,13.020833015441895
4665664,13.494623184204102
4665920,11.709183692932129
4667072,13.924050331115723
4674816,10.741463661193848
4677088,17.105262756347656
4681376,13.961038589477539
4682560,12.251655578613281
4689600,13.452381134033203
4692160,15.052631378173828
4704192,14.1304349899292
4704288,13.18359375
4708544,11.34615421295166
4709600,13.928571701049805
4710496,9.251824378967285
4713440,11.809523582458496
4719296,14.682539939880371
4721984,10.104166984558105
4732192,13.731343269348145
4733920,9.389188766479492
4739776,11.843971252441406
4743872,13.060240745544434
4747552,14.016393661499023
4748416,14.831460952758789
4750112,10.915789604187012
4751744,11.854999542236328
4753280,10.416666984558105
4761952,13.090909004211426
4762688,12.085308074951172
4767584,12.5
4767712,11.233918190002441
4770528,14.962406158447266
4772928,11.975369453430176
4775520,9.655555725097656
4780224,13.194756507873535
4781152,13.260869979858398
4789792,11.083870887756348
4797888,13.409090995788574
4811392,14.623656272888184
4820192,14.70443344116211
4823104,13.246753692626953
4828864,12.1096773147583
4828864,16.23762321472168
4829248,12.209301948547363
4829824,12.577319145202637
4843520,13.37423324584961
4844896,13.106796264648438
4860544,14.727272987365723
4861600,9.955157279968262
4864032,14.82300853729248
4865152,13.798449516296387
4866432,8.240838050842285
4874528,12.723214149475098
4874912,14.158878326416016
4877216,15.234375
4883136,12.391304016113281
4887072,11.253164291381836
4894176,13.089700698852539
4897216,14.470588684082031
4901472,13.855422019958496
4903776,11.685393333435059
4906112,12.375
4911392,13.867924690246582
4916320,11.75
4917792,14.32663345336914
4922016,14.615385055541992
4924512,14.684684753417969
4925088,16.0
4928704,13.62804889678955
4928736,9.419354438781738
4930304,9.862903594970703
4931872,15.205479621887207
4934688,14.364641189575195
4937440,9.02395248413086
4938784,10.934131622314453
4947584,12.929292678833008
4957792,12.460733413696289
4958432,12.545454978942871
4960896,13.228856086730957
4969984,14.375
4971328,12.957317352294922
4971648,13.505746841430664
4975584,14.0591402053833
4985376,10.29707145690918
4990208,14.124293327331543
4990880,13.703703880310059
4994240,14.545454978942871
4995712,16.554054260253906
4997920,15.5
5002688,13.01324462890625
5003488,14.94565200805664
5006016,14.102941513061523
5011936,17.117116928100586
5012608,12.965517044067383
5017152,15.575221061706543
5018336,11.55063247680664
5021664,15.048543930053711
5021664,15.196078300476074
5023072,12.134831428527832
5023232,13.917160034179688
5026336,17.317073822021484
5028032,10.217143058776855
5030624,14.429411888122559
5036416,12.860962867736816
5039936,12.857142448425293
5041216,14.326923370361328
5041632,14.864197731018066
5046944,15.561224937438965
5050848,13.865979194641113
5053952,11.521865844726562
5056640,15.75
5065312,16.20689582824707
5069600,18.5
5069824,8.755263328552246
5078176,17.456140518188477
5082912,12.248062133789062
5083264,16.816143035888672
5085536,12.642045021057129
5085696,13.051947593688965
5087392,13.942856788635254
5088128,13.685185432434082
5088384,13.333333015441895
5091264,10.928961753845215
5095008,16.45569610595703
5095616,10.423529624938965
5097184,12.794285774230957
5099584,15.333333015441895
5107008,11.473684310913086
5118976,14.122137069702148
5120160,13.703703880310059
5120960,15.454545021057129
5126944,12.051643371582031
5141120,14.561403274536133
5143744,11.139240264892578
5144640,11.811594009399414
5145376,9.107142448425293
5153920,15.393258094787598
5162016,11.9436616897583
5162208,10.560748100280762
5169472,11.133005142211914
5172128,13.870967864990234
5174592,12.409638404846191
5176896,10.416666984558105
5180128,12.273255348205566
5187680,7.6339287757873535
5197568,11.545893669128418
5199776,14.512195587158203
5200928,13.413461685180664
5201024,13.422819137573242
5201888,16.216217041015625
5203776,12.614378929138184
5209792,11.761589050292969
5210784,12.086956977844238
5217056,12.956521987915039
5219200,7.491228103637695
5220320,8.460250854492188
5220448,13.358778953552246
5221952,13.217822074890137
5223104,8.561701774597168
5225376,10.229166984558105
5228480,12.658227920532227
5233824,12.693181991577148
5234048,13.740458488464355
5236704,15.084967613220215
5238304,15.203251838684082
5240416,12.760416984558105
5246464,13.2828950881958
5249504,12.925926208496094
5250656,13.529411315917969
5251712,9.64976978302002
5255552,15.420560836791992
5266304,15.421687126159668
5267296,12.461538314819336
5271872,12.196532249450684
5278432,14.34343433380127
5281248,6.997290134429932
5287040,10.662281036376953
5289856,12.318007469177246
5298528,11.428571701049805
5298912,12.77489185333252
5300032,12.242424011230469
5301120,11.290322303771973
5305984,11.083333015441895
5306016,11.313131332397461
5310144,13.629032135009766
5312032,8.958715438842773
5315840,9.89830493927002
5316352,14.70588207244873
5320672,12.94444465637207
5324384,15.245098114013672
5324608,11.650485038757324
5329024,7.6616315841674805
5333312,13.0
5334848,13.968254089355469
5340096,11.940593719482422
5348160,13.496503829956055
5350624,12.672514915466309
5356192,9.439655303955078
5363584,11.349397659301758
5365888,11.870306968688965
5368864,13.267973899841309
5372224,11.554973602294922
5374048,10.02515697479248
5374816,10.572164535522461
5376160,12.05142879486084
5376320,13.47826099395752
5377696,15.955056190490723
5379136,13.877551078796387
5384480,16.428571701049805
5387072,9.703947067260742
5392416,10.440994262695312
5398368,14.166666984558105
5402336,11.936781883239746
5402912,14.188034057617188
5406080,12.696629524230957
5412128,14.422110557556152
5412480,14.88888931274414
5420192,14.171428680419922
5420352,10.434065818786621
5423744,13.290322303771973
5429120,13.582473754882812
5430624,10.274261474609375
5435008,10.959390640258789
5442304,15.232558250427246
5444960,15.151515007019043
5450304,13.352272987365723
5456576,16.867469787597656
5468032,8.271143913269043
5468544,9.480851173400879
5472480,12.711764335632324
5472864,13.460227012634277
5473856,10.181818008422852
5474048,15.454545021057129
5485376,16.344085693359375
5491072,16.30434799194336
5494432,14.134614944458008
5494560,16.526315689086914
5495488,13.065868377685547
5504384,9.693290710449219
5514048,11.619999885559082
5514112,12.42364501953125
5516608,13.207317352294922
5517696,13.167539596557617
5519072,15.394737243652344
5521760,12.60377311706543
5526432,15.734265327453613
5528384,11.958937644958496
5530048,12.083333015441895
5535744,11.4620943069458
5547680,10.264423370361328
5550432,12.109375
5550592,11.831683158874512
5554688,14.16080379486084
5557664,12.917526245117188
5564384,13.5
5569728,13.591463088989258
5574944,12.5
5575424,17.1875
5575488,13.819095611572266
5579616,12.932039260864258
5580000,8.0
5581312,12.923497200012207
5584064,13.777505874633789
5584320,10.55555534362793
5589504,12.980769157409668
5591968,11.210843086242676
5593824,14.042552947998047
5594912,13.815789222717285
5596896,11.92513370513916
5599904,13.493975639343262
5601280,13.764705657958984
5615936,10.082352638244629
5617568,17.70833396911621
5620704,13.949495315551758
5632928,12.454545021057129
5637024,9.825581550598145
5641472,14.038250923156738
5658176,16.96581268310547
5658208,15.638298034667969
5658272,17.39130401611328
5678240,12.65217399597168
5680000,10.170588493347168
5681792,11.42241382598877
5682144,8.430493354797363
5699840,14.919354438781738
5708672,17.23404312133789
5716000,14.685315132141113
5728960,15.432098388671875
5731040,13.25
5741056,13.545454978942871
5741472,14.1304349899292
5743104,13.765822410583496
5747200,13.099173545837402
5755200,12.552325248718262
5758240,15.82524299621582
5759712,10.094636917114258
5761376,14.800000190734863
5767648,14.907975196838379
5768992,13.12883472442627
5782464,16.04938316345215
5789728,11.562873840332031
5790144,13.231707572937012
5804928,14.741379737854004
5807168,13.199999809265137
5812448,8.404411315917969
5824352,2.222222328186035
5827456,9.13294792175293
5831680,14.897958755493164
5834400,10.351239204406738
5835808,13.196721076965332
5838464,14.252873420715332
5842176,17.173913955688477
5842272,12.530303001403809
5844096,17.45341682434082
5850976,15.897436141967773
5852224,15.191082954406738
5852832,14.283019065856934
5863488,16.63157844543457
5875232,11.90526294708252
5884736,15.219511985778809
5885728,12.15075397491455
5889856,14.036585807800293
5895328,11.511236190795898
5898464,15.94339656829834
5898560,10.380000114440918
5899840,12.81138801574707
5905856,13.03045654296875
5914784,15.282485961914062
5917696,15.547945022583008
5918208,15.909090995788574
5918368,13.292682647705078
5927520,16.37614631652832
5931840,15.891472816467285
5932800,12.829383850097656
5933152,12.021276473999023
5936832,14.895833015441895
5938880,12.220833778381348
5948256,9.372197151184082
5956256,14.588234901428223
5962848,10.326424598693848
5964384,15.061111450195312
5968768,13.571428298950195
5983232,14.84615421295166
5992928,14.708738327026367
5993856,17.600000381469727
5996608,15.32374095916748
6002240,12.364532470703125
6006112,13.668292999267578
6011360,14.027777671813965
6012256,14.527027130126953
6013472,19.090909957885742
6015072,16.64122200012207
6017568,15.28925609588623
6018752,14.63087272644043
6020416,9.690476417541504
6024736,12.432432174682617
6025856,10.031087875366211
6029088,15.833333015441895
6031456,13.199999809265137
6034976,11.426512718200684
6042272,14.891304016113281
6044256,12.689393997192383
6053568,12.119497299194336
6075008,12.95588207244873
6078144,9.378000259399414
6079104,14.351851463317871
6090048,9.743362426757812
6090592,11.812865257263184
6092608,10.527896881103516
6093824,14.679665565490723
6094528,14.457831382751465
6095040,15.08264446258545
6096512,12.662337303161621
6097824,12.026666641235352
6106208,9.523255348205566
6109440,12.535211563110352
6116096,10.029585838317871
6121344,12.270000457763672
6125088,14.0
6127072,12.248619079589844
6135424,14.647887229919434
6135424,15.267857551574707
6135968,11.07228946685791
6138912,7.42460298538208
6143232,12.25
6147616,9.42338752746582
6154048,13.027777671813965
6157664,15.163934707641602
6159232,13.43137264251709
6164224,12.222222328186035
6165856,14.82758617401123
6169696,10.138461112976074
6176512,11.301204681396484
6177408,15.65217399597168
6179840,15.609756469726562
6180800,14.682539939880371
6186048,13.5
6187584,13.191489219665527
6191296,14.110429763793945
6191456,7.856617450714111
6192224,10.518671989440918
6192672,15.0
6194112,13.9436616897583
6196928,16.571428298950195
6196992,12.5
6200064,13.600000381469727
6200800,14.851485252380371
6205184,13.859648704528809
6207808,12.127659797668457
6215232,13.45588207244873
6218560,14.014084815979004
6218592,11.777777671813965
6222944,12.896039962768555
6223616,14.015748023986816
6223904,10.230769157409668
6226720,11.216080665588379
6232640,11.875
6235968,13.606796264648438
6239040,11.07608699798584
6248064,11.809836387634277
6249152,14.959016799926758
6262240,17.924528121948242
6271552,16.405529022216797
6272960,16.66666603088379
6276832,15.740740776062012
6278080,12.644230842590332
6289536,14.252577781677246
6289568,14.529914855957031
6289632,15.9375
6296480,12.746835708618164
6298848,13.405797004699707
6299520,15.526315689086914
6304928,13.827160835266113
6313216,12.055299758911133
6314720,11.635514259338379
6315648,12.649214744567871
6316448,12.263157844543457
6317696,16.363636016845703
6322208,13.083333015441895
6324064,16.14678955078125
6331232,12.837004661560059
6332192,12.054312705993652
6337120,12.530611991882324
6337280,11.603447914123535
6339360,12.365591049194336
6339552,11.220000267028809
6343424,13.63350772857666
6346176,14.717391014099121
6350336,14.550000190734863
6357888,14.697802543640137
6358400,12.335329055786133
6364896,11.54878044128418
6371008,11.732558250427246
6372704,15.808823585510254
6374240,14.441176414489746
6375072,13.88888931274414
6375968,10.963190078735352
6379840,15.530303001403809
6381088,16.745283126831055
6385184,13.543307304382324
6392512,9.209580421447754
6400064,14.021448135375977
6405728,12.115385055541992
6407168,15.55555534362793
6407328,12.122806549072266
6423008,11.556886672973633
6427232,11.301136016845703
6435232,13.084366798400879
6444160,13.765560150146484
6449024,15.078125
6452352,11.940298080444336
6456224,13.190183639526367
6457216,12.982035636901855
6461024,13.333333015441895
6462880,14.05660343170166
6470048,15.060240745544434
6477856,9.061403274536133
6483360,11.958333015441895
6483904,13.13725471496582
6490112,13.108108520507812
6496352,10.969230651855469
6496608,14.600000381469727
6500896,10.816091537475586
6502208,10.670330047607422
6505280,11.542168617248535
6505312,14.611871719360352
6506080,11.653429985046387
6514944,9.151515007019043
6517952,13.502824783325195
6520320,12.684210777282715
6520896,13.55555534362793
6523808,14.0
6526176,18.095237731933594
6526592,11.432432174682617
6529088,12.439023971557617
6530112,12.017143249511719
6532736,13.120418548583984
6532992,16.27118682861328
6534592,12.4179105758667
6536864,14.240506172180176
6539424,11.774999618530273
6542240,13.110465049743652
6544736,16.052631378173828
6552960,13.636363983154297
6554432,11.176470756530762
6555392,10.696629524230957
6556800,16.891891479492188
6560064,16.395349502563477
6560800,11.979798316955566
6564512,13.668478012084961
6566400,12.588571548461914
6574016,14.117647171020508
6576896,14.079999923706055
6577184,14.773869514465332
6581568,16.483516693115234
6586016,13.8628568649292
6588736,16.66666603088379
6592832,17.755102157592773
6596352,12.959595680236816
6597536,16.66666603088379
6597728,14.887639999389648
6599488,12.732718467712402
6602176,14.756097793579102
6602304,10.380753517150879
6606816,16.19318199157715
6610688,14.752474784851074
6613856,13.546797752380371
6614272,12.886597633361816
6619648,15.241379737854004
6626080,15.186046600341797
6630656,11.954023361206055
6636768,17.30769157409668
6640992,14.285714149475098
6643392,14.285714149475098
6658496,14.523809432983398
6662880,19.016393661499023
6663968,12.389937400817871
6665504,9.197952270507812
6669344,10.458444595336914
6670752,14.618643760681152
6672064,13.47826099395752
6674816,14.907407760620117
6674944,15.783132553100586
6676704,7.6348772048950195
6676864,13.068965911865234
6678304,16.14583396911621
6680608,16.11111068725586
6684672,10.931818008422852
6685472,16.385541915893555
6690976,10.764423370361328
6692800,13.82608699798584
6709472,10.005494117736816
6712416,14.457831382751465
6721568,11.709677696228027
6724064,14.067357063293457
6730336,12.671233177185059
6733632,15.392156600952148
6747552,16.25
6751680,14.383562088012695
6754944,19.316238403320312
6761792,13.425414085388184
6766080,14.191919326782227
6779040,11.039999961853027
6779072,14.081218719482422
6790592,12.964072227478027
6793472,10.18709659576416
6799904,12.880000114440918
6806592,12.590062141418457
6807872,13.981818199157715
6808928,11.74056625366211
6820864,11.604938507080078
6821888,14.44444465637207
6835136,12.58741283416748
6837184,13.937007904052734
6839168,10.90395450592041
6841504,12.757575988769531
6848288,12.710280418395996
6854368,13.068782806396484
6856672,13.405228614807129
6879136,16.987178802490234
6879264,12.414141654968262
6879360,16.66666603088379
6886848,16.00719451904297
6890816,9.632352828979492
6893056,10.41897201538086
6893856,18.33333396911621
6896064,10.939759254455566
6899872,12.09313678741455
6902624,13.58847713470459
6910496,12.489933013916016
6913856,16.379310607910156
6918144,11.866310119628906
6919520,11.742690086364746
6923168,10.884422302246094
6924640,10.188570976257324
6927040,15.0
6928096,10.703703880310059
6931136,11.978947639465332
6937088,13.559322357177734
6941568,9.537500381469727
6944672,12.058823585510254
6949152,10.933333396911621
6951072,11.990950584411621
6955552,14.329031944274902
6956544,11.394737243652344
6960160,11.767295837402344
6967328,14.591836929321289
6969408,12.303030014038086
6972960,10.68862247467041
6974656,12.241379737854004
6975200,14.47089958190918
6976896,11.423076629638672
6979008,13.736263275146484
6986304,13.094058990478516
6987424,13.745173454284668
6987776,13.255813598632812
6988640,11.806167602539062
7001984,15.28925609588623
7002688,16.66666603088379
7012704,15.089285850524902
7014528,14.204545021057129
7015968,13.370786666870117
7016640,14.349775314331055
7027424,14.828703880310059
7030304,10.060869216918945
7036864,14.190476417541504
7046784,12.247899055480957
7048480,13.410714149475098
7052288,16.071428298950195
7054208,15.056497573852539
7065184,11.552631378173828
7067936,15.44715404510498
7074080,17.849740982055664
7074336,11.966666221618652
7076224,14.67977523803711
7084544,14.970414161682129
7086336,12.914285659790039
7089920,14.980676651000977
7091168,16.66666603088379
7098816,17.727272033691406
7104192,15.67164134979248
7105248,10.424603462219238
7106368,13.891687393188477
7106496,10.649717330932617
7108416,16.417909622192383
7108512,9.216080665588379
7115008,15.165853500366211
7117152,11.880828857421875
7119392,9.711538314819336
7121120,13.336787223815918
7125024,16.260162353515625
7128448,15.63380241394043
7134400,18.18181800842285
7140960,12.826732635498047
7142432,15.745341300964355
7145984,13.987096786499023
7147360,9.973179817199707
7151008,14.94252872467041
7153184,14.95283031463623
7159680,11.512499809265137
7162208,15.909090995788574
7169824,17.920791625976562
7178912,13.433884620666504
7182592,12.838541984558105
7190432,11.759259223937988
7193248,12.691099166870117
7201280,16.228069305419922
7203904,14.71861457824707
7209760,13.303030014038086
7213376,14.037266731262207
7218080,11.340277671813965
7218400,15.3125
7218688,17.625
7221184,11.85792350769043
7221440,12.505319595336914
7222336,15.794392585754395
7223904,15.325444221496582
7224128,11.81005573272705
7224896,12.870466232299805
7226816,15.272727012634277
7233056,16.14678955078125
7233216,12.961538314819336
7234592,10.788043022155762
7237792,17.171716690063477
7239840,12.059210777282715
7248864,14.330143928527832
7249664,13.719511985778809
7254944,14.724409103393555
7262784,15.346534729003906
7262784,12.277227401733398
7265440,12.746031761169434
7270368,9.815717697143555
7275680,15.625
7279840,15.051546096801758
7280224,14.626556396484375
7281088,12.746479034423828
7282592,17.547170639038086
7296992,12.3695650100708
7298912,8.473684310913086
7303008,10.6875
7314848,14.621849060058594
7315904,13.61111068725586
7317120,13.675213813781738
7321952,12.092024803161621
7327360,14.56692886352539
7332992,16.119403839111328
7333120,17.5510196685791
7333888,8.704300880432129
7335744,13.713592529296875
7338176,21.923076629638672
7340992,12.82608699798584
7347392,13.07228946685791
7348864,14.078947067260742
7360704,13.03797435760498
7363840,13.7606840133667
7365952,11.508143424987793
7372448,10.5676851272583
7375616,13.963963508605957
7376864,12.372880935668945
7377984,13.592232704162598
7379712,12.79120922088623
7380224,11.558823585510254
7382432,13.333333015441895
7385408,12.734463691711426
7386496,14.85981273651123
7386624,13.13131332397461
7387008,13.75
7391328,10.115385055541992
7393792,10.442708015441895
7406944,13.402061462402344
7412352,12.916666984558105
7415520,15.22988510131836
7417376,12.803030014038086
7420480,16.305418014526367
7420736,13.065902709960938
7427520,10.862069129943848
7432736,14.591836929321289
7442144,10.91020393371582
7443296,13.043478012084961
7443584,11.366811752319336
7444736,12.736842155456543
7446496,10.600000381469727
7447008,13.679244995117188
7448672,12.180723190307617
7449504,12.235849380493164
7453056,14.655172348022461
7453472,11.771783828735352
7459552,10.206060409545898
7459904,12.779999732971191
7463456,13.529411315917969
7467552,13.279762268066406
7470304,9.180272102355957
7474496,16.869918823242188
7481088,17.027027130126953
7484832,13.943299293518066
7487008,16.891891479492188
7487232,12.469696998596191
7488288,12.5
7493856,13.084112167358398
7495680,13.866994857788086
7498464,14.93034839630127
7503840,14.353741645812988
7520832,9.328571319580078
7523488,14.10169506072998
7524896,15.104166984558105
7526432,16.514970779418945
7527040,10.808510780334473
7531392,9.716737747192383
7538880,8.99310302734375
7540288,12.188284873962402
7540320,15.029585838317871
7545408,16.0
7546304,18.55769157409668
7556160,13.08510684967041
7558336,14.882352828979492
7559392,13.782051086425781
7562496,13.7151517868042
7565344,9.571969985961914
7567840,14.758454322814941
7569984,15.109289169311523
7570208,12.199999809265137
7572320,18.72549057006836
7589984,14.242424011230469
7590144,7.1619720458984375
7592032,13.640167236328125
7593568,13.161017417907715
7596832,15.625
7601952,12.873015403747559
7602592,11.825708389282227
7606752,16.11111068725586
7610432,12.912500381469727
7614784,11.423999786376953
7620288,16.23853302001953
7622656,17.80821990966797
7628736,12.161765098571777
7629632,11.688311576843262
7630272,16.29032325744629
7631200,11.493826866149902
7632352,11.567251205444336
7641728,13.329411506652832
7642432,18.658536911010742
7642912,12.230031967163086
7653504,11.240838050842285
7657408,14.595041275024414
7659168,17.77108383178711
7664032,12.59276008605957
7668832,11.242137908935547
7677440,13.586345672607422
7677952,15.9399995803833
7678656,13.547618865966797
7681472,10.460063934326172
7683968,17.241378784179688
7708800,20.83333396911621
7713472,12.79079532623291
7719712,11.03381633758545
7720704,15.227272987365723
7721600,15.030488014221191
7722368,11.753424644470215
7725472,16.38888931274414
7726624,10.807692527770996
7728352,17.014925003051758
7734592,13.720930099487305
7735360,17.803030014038086
7737952,12.308510780334473
7739008,13.865030288696289
7746496,16.138614654541016
7746624,16.767677307128906
7750688,11.739436149597168
7762912,13.793103218078613
7764512,15.845070838928223
7770336,12.645630836486816
7770624,14.21875
7770816,11.621622085571289
7773696,16.831684112548828
7774880,13.36734676361084
7780992,16.20967674255371
7783296,10.496688842773438
7788704,10.759336471557617
7789408,14.915254592895508
7799072,11.95196533203125
7799200,14.221105575561523
7799712,15.0
7816832,13.660714149475098
7819488,16.5625
7823488,13.650887489318848
7824352,12.432432174682617
7826624,12.972972869873047
7835328,11.982062339782715
7840224,13.67934799194336
7847968,13.258883476257324
7851040,15.950920104980469
7855104,12.583690643310547
7855456,13.617021560668945
7858208,12.175324440002441
7859808,17.5
7861024,17.816091537475586
7861344,14.78723430633545
7862368,11.925000190734863
7863712,11.926605224609375
7866656,9.634285926818848
7870880,12.98342514038086
7871072,17.177419662475586
7876704,13.342541694641113
7877536,14.324324607849121
7877696,17.304964065551758
7883808,10.451807022094727
7885376,14.586465835571289
7887584,15.664739608764648
7899424,12.118959426879883
7903456,14.769874572753906
7912096,12.379807472229004
7914432,16.45569610595703
7914624,13.348624229431152
7915200,20.461538314819336
7926272,12.954545021057129
7942880,12.595745086669922
7953280,12.962963104248047
7955904,16.477272033691406
7962464,13.0600004196167
7965152,12.538860321044922
7971360,13.296052932739258
7973760,15.202702522277832
7974496,11.176470756530762
7992384,13.621262550354004
7994368,16.136363983154297
7994720,12.05555534362793
7995904,13.191489219665527
8003072,14.722222328186035
8006432,12.510416984558105
8009952,15.1694917678833
8014880,14.618643760681152
8015008,9.894366264343262
8024736,13.615385055541992
8046944,13.496240615844727
8053536,19.220779418945312
8055552,11.708571434020996
8058368,15.689655303955078
8060000,13.182965278625488
8060704,15.324675559997559
8072416,13.229572296142578
8074528,17.41666603088379
8077472,14.410714149475098
8080256,20.63953399658203
8089728,19.62616729736328
8093440,15.091836929321289
8095584,18.15999984741211
8096768,16.0
8099424,11.535484313964844
8104032,16.5625
8104160,14.484716415405273
8104800,17.83333396911621
8106784,12.014925003051758
8107552,15.714285850524902
8108512,13.098958015441895
8116928,15.13513469696045
8119136,11.680203437805176
8119232,16.760562896728516
8120224,8.764705657958984
8131136,12.941176414489746
8134272,15.14018726348877
8138400,13.344444274902344
8141312,14.17391300201416
8142624,11.269230842590332
8151936,14.408601760864258
8156032,16.25
8167936,17.80487823486328
8170496,13.586956977844238
8173088,14.970085144042969
8173504,16.919191360473633
8176480,9.758865356445312
8181440,11.48543643951416
8182720,14.106172561645508
8183648,13.526315689086914
8188544,11.333333015441895
8190016,17.278480529785156
8192064,9.896713256835938
8193120,11.129032135009766
8193376,15.076530456542969
8193472,11.921687126159668
8195392,15.865385055541992
8215360,13.260869979858398
8223232,14.678898811340332
8224768,15.597015380859375
8227840,11.484536170959473
8231200,12.669902801513672
8231264,13.88888931274414
8231872,14.70588207244873
8236032,14.691943168640137
8236288,10.877193450927734
8239360,13.95522403717041
8244992,9.806122779846191
8245280,11.554054260253906
8251808,10.876190185546875
8254880,11.80555534362793
8256896,14.466019630432129
8256960,14.310638427734375
8261984,11.948529243469238
8268224,11.762499809265137
8270496,14.646341323852539
8270784,11.882352828979492
8271904,10.585858345031738
8280288,13.514792442321777
8284192,12.413793563842773
8295360,14.02515697479248
8300960,15.363636016845703
8304928,14.569832801818848
8313152,14.198718070983887
8314304,14.732142448425293
8319456,14.183673858642578
8331232,15.55555534362793
8333856,13.513513565063477
8340960,9.296116828918457
8351648,12.800000190734863
8352384,11.9140625
8352448,15.076923370361328
8356672,10.256410598754883
8357600,14.84000015258789
8358336,14.563106536865234
8360960,16.42276382446289
8364640,14.08741283416748
8370976,12.251748085021973
8371936,13.199999809265137
8372928,15.384614944458008
8376864,11.031645774841309
8379776,12.772727012634277
8380416,13.05660343170166
8382208,18.55670166015625
8384928,11.1902437210083
8385824,13.838383674621582
8392160,11.8385648727417
8395424,10.989795684814453
8408640,15.29411792755127
8412160,10.645962715148926
8419104,12.181818008422852
8425440,12.11111068725586
8435040,12.77173900604248
8437952,15.767045021057129
8440672,14.642105102539062
8451264,18.0
8454976,12.940119743347168
8465760,15.904762268066406
8466080,14.441919326782227
8469696,17.91044807434082
8471264,13.034314155578613
8473216,17.61467933654785
8474272,10.759259223937988
8474464,10.82758617401123
8478720,15.517241477966309
8483136,13.923469543457031
8486432,17.117116928100586
8487360,9.69131851196289
8489632,12.063380241394043
8490816,15.801886558532715
8492096,18.148147583007812
8492512,16.790122985839844
8499456,13.039106369018555
8511968,15.986621856689453
8514368,14.020000457763672
8521792,14.149253845214844
8523808,15.254237174987793
8524704,15.769230842590332
8529024,13.773006439208984
8529248,12.592592239379883
8532576,13.231578826904297
8536800,15.333333015441895
8543744,12.93048095703125
8544384,13.661972045898438
8557984,13.11974811553955
8562816,15.350876808166504
8562816,12.9176025390625
8563744,9.914691925048828
8571232,15.514019012451172
8572224,12.233766555786133
8572704,13.484375
8574240,13.125
8574240,14.5
8577632,10.557788848876953
8582240,13.069307327270508
8583200,12.0
8587136,16.541353225708008
8590272,10.418830871582031
8598112,12.038095474243164
8598784,12.763636589050293
8599520,15.344827651977539
8600672,11.647619247436523
8603424,11.636792182922363
8604800,13.262032508850098
8611680,14.033613204956055
8619136,14.851485252380371
8619232,14.27419376373291
8619776,12.354496955871582
8619968,14.285714149475098
8620096,10.0
8621504,11.873494148254395
8628448,11.818181991577148
8630720,14.255319595336914
8633888,14.285714149475098
8638016,10.962963104248047
8638336,9.908425331115723
8643424,11.923076629638672
8645280,12.185840606689453
8647360,16.31944465637207
8651200,13.544973373413086
8651392,13.26530647277832
8651840,10.430463790893555
8662464,11.073089599609375
8666944,15.063291549682617
8670880,15.393258094787598
8673376,13.562873840332031
8675296,13.115607261657715
8678336,12.084905624389648
8679136,13.181818008422852
8691072,15.217391014099121
8694656,10.634831428527832
8699008,11.639344215393066
8702208,10.863636016845703
8703936,12.355555534362793
8708064,11.6740083694458
8711520,16.822429656982422
8712192,13.53233814239502
8724256,16.964284896850586
8727264,12.115385055541992
8735264,14.816326141357422
8737216,12.530120849609375
8739616,16.132076263427734
8740928,11.91082763671875
8744416,12.541899681091309
8748768,16.600000381469727
8749792,18.115942001342773
8761344,14.553990364074707
8762432,14.031007766723633
8763360,10.381579399108887
8763968,10.909090995788574
8766304,12.767295837402344
8777312,11.220657348632812
8778176,14.630681991577148
8780672,13.589743614196777
8782752,15.569620132446289
8784896,7.0620436668396
8787136,9.318181991577148
8788192,13.043478012084961
8790656,13.026315689086914
8801216,13.46798038482666
8809408,11.571428298950195
8812000,9.565789222717285
8817792,15.707964897155762
8821536,14.074073791503906
8823296,12.410714149475098
8823680,15.625
8824032,15.315315246582031
8835264,13.0316743850708
8851520,13.238636016845703
8856000,15.802469253540039
8856192,15.473684310913086
8860736,11.917475700378418
8863584,10.91351318359375
8869248,14.802631378173828
8876448,13.020833015441895
8880224,12.004273414611816
8881216,8.954732894897461
8881472,13.270833015441895
8881792,15.891472816467285
8897568,14.571428298950195
8899200,15.539567947387695
8904352,11.431952476501465
8906080,15.436893463134766
8906912,14.595745086669922
8908480,12.840579986572266
8909024,14.87804889678955
8911264,9.179487228393555
8912608,14.921875
8916160,11.406779289245605
8917568,15.731843948364258
8918016,10.647619247436523
8926432,12.788888931274414
8929216,15.906593322753906
8932256,13.970588684082031
8933760,12.06598949432373
8937152,8.669322967529297
8949984,16.046510696411133
8953888,13.933333396911621
8953888,11.885000228881836
8957824,15.2380952835083
8972192,9.86400032043457
8972256,13.149532318115234
8972576,11.620111465454102
8980992,17.33333396911621
8991328,15.646258354187012
8993376,13.300000190734863
9001376,12.51111125946045
9001792,14.367815971374512
9010848,14.384105682373047
9012352,15.162790298461914
9012960,13.658064842224121
9013760,15.852941513061523
9018592,12.275675773620605
9021184,14.479166984558105
9024448,14.409090995788574
9026752,13.245614051818848
9033536,17.068965911865234
9040576,10.040935516357422
9043584,12.911877632141113
9043904,12.91891860961914
9046656,16.34000015258789
9050304,16.440000534057617
9052896,13.736263275146484
9056000,15.00564956665039
9060544,14.457831382751465
9062848,14.02597427368164
9064448,15.95041275024414
9077632,13.897058486938477
9077984,11.789473533630371
9084448,15.333333015441895
9093728,9.937219619750977
9099712,11.690140724182129
9103872,15.3424654006958
9104096,18.13953399658203
9109088,11.034013748168945
9127328,18.75
9131200,12.789999961853027
9135072,14.117647171020508
9141664,12.228310585021973
9145984,13.361963272094727
9146912,15.192307472229004
9152704,13.880184173583984
9153696,11.853333473205566
9161088,13.125
9170144,16.965517044067383
9173120,12.28742504119873
9176064,12.968944549560547
9181408,16.559999465942383
9183552,18.904109954833984
9185792,14.913875579833984
9187328,15.020618438720703
9192960,11.239999771118164
9210240,16.597938537597656
9210784,17.280000686645508
9214464,12.916666984558105
9218880,17.09677505493164
9219136,14.037266731262207
9222688,15.420560836791992
9227456,15.463963508605957
9230496,14.476439476013184
9231264,12.494623184204102
9235424,13.055944442749023
9237472,9.089743614196777
9244160,13.447114944458008
9245472,15.403587341308594
9245792,15.845070838928223
9246016,17.659574508666992
9246432,14.0837984085083
9247136,8.4005765914917
9255648,15.005746841430664
9258464,11.918181419372559
9259680,14.067357063293457
9261568,16.799999237060547
9264544,13.27011489868164
9266688,11.928571701049805
9273216,8.38671875
9275072,15.28735637664795
9276160,16.200000762939453
9287872,11.39645004272461
9292672,12.343194961547852
9302880,9.915441513061523
9303552,15.100000381469727
9305504,11.515625
9308992,12.324999809265137
9308992,16.9777774810791
9310592,17.69784164428711
9314432,13.482142448425293
9314816,18.414634704589844
9315872,13.95108699798584
9316256,14.726776123046875
9320704,12.954166412353516
9328032,16.77777862548828
9340160,13.195945739746094
9347392,12.567708015441895
9354528,11.664834976196289
9371200,14.791666984558105
9375104,15.05494499206543
9375616,13.736263275146484
9376160,11.569948196411133
9382624,10.027027130126953
9382720,13.98328685760498
9393696,15.828125
9404864,17.36111068725586
9405280,12.742267608642578
9416416,12.413793563842773
9421568,14.46875
9422528,13.928571701049805
9422656,12.893401145935059
9429056,13.823529243469238
9429728,12.913461685180664
9443296,14.843205451965332
9444480,13.58044147491455
9449408,13.053690910339355
9451328,10.984292984008789
9456096,15.0
9461024,12.954802513122559
9461664,13.013157844543457
9464768,16.212121963500977
9465088,17.040817260742188
9472800,13.142857551574707
9476352,16.814159393310547
9478720,12.08955192565918
9479328,11.068965911865234
9486496,17.179487228393555
9489632,17.244897842407227
9498528,13.432835578918457
9501760,7.030470848083496
9505632,16.543209075927734
9505920,13.703703880310059
9508064,16.428571701049805
9511744,13.679244995117188
9516960,14.022988319396973
9519392,7.877659797668457
9522912,12.805194854736328
9523392,12.272727012634277
9527040,14.94444465637207
9533152,15.752212524414062
9534624,15.4399995803833
9536384,15.952381134033203
9546496,15.288461685180664
9552896,14.123656272888184
9553280,10.610062599182129
9553312,16.86046600341797
9553824,12.328042030334473
9556512,16.504854202270508
9561216,16.842105865478516
9565760,16.822429656982422
9567648,13.503649711608887
9567936,18.409090042114258
9577056,12.994949340820312
9577472,15.699999809265137
9582944,12.867724418640137
9583072,12.72988510131836
9583776,15.167464256286621
9584896,17.1875
9586720,18.389829635620117
9589440,15.476190567016602
9591040,16.5
9593280,10.384210586547852
9598880,10.909090995788574
9600480,16.015037536621094
9603904,12.475247383117676
9613344,12.265536308288574
9617824,14.729729652404785
9620288,13.181395530700684
9621952,12.291892051696777
9624544,16.30434799194336
9630688,18.06722640991211
9633408,11.640000343322754
9635360,12.282608985900879
9642976,14.653060913085938
9653888,14.86486530303955
9654656,13.461538314819336
9658880,19.86842155456543
9664704,14.146892547607422
9665472,11.654708862304688
9669504,14.143791198730469
9678304,15.32608699798584
9681792,8.819819450378418
9684992,12.715116500854492
9689632,15.17543888092041
9692064,18.932039260864258
9693920,13.77419376373291
9696864,7.453580856323242
9697824,17.70270347595215
9698016,11.155378341674805
9699648,10.831775665283203
9705280,12.887096405029297
9706112,18.550724029541016
9723328,12.392857551574707
9723488,11.86619758605957
9726944,15.802469253540039
9731296,9.668049812316895
9734496,13.334821701049805
9734976,10.398876190185547
9737760,13.034826278686523
9738752,15.0837984085083
9740896,14.424083709716797
9741664,15.666666984558105
9751264,15.818181991577148
9751456,14.202312469482422
9754560,8.008298873901367
9759520,13.529411315917969
9763424,9.144927978515625
9765376,8.80434799194336
9766976,13.19523811340332
9769408,14.34426212310791
9773088,14.3125
9773280,15.104166984558105
9779104,12.038690567016602
9781984,13.100558280944824
9795616,17.600000381469727
9796320,14.747474670410156
9801280,12.745283126831055
9804992,12.775362014770508
9812288,13.608695983886719
9819008,11.923076629638672
9821600,11.898089408874512
9823456,9.345454216003418
9823968,13.614034652709961
9830112,16.825397491455078
9831712,14.162161827087402
9832160,12.015974044799805
9835456,11.462428092956543
9840512,16.11111068725586
9849056,10.691823959350586
9852224,17.24770736694336
9864384,10.890172958374023
9872352,13.882681846618652
9897952,12.529762268066406
9898720,12.53608226776123
9900064,13.410852432250977
9900160,10.768558502197266
9906720,14.763513565063477
9907712,15.571428298950195
9909600,16.08391571044922
9910560,13.921875
9911104,14.306011199951172
9913312,13.714285850524902
9914272,11.481012344360352
9926592,16.3157901763916
9937920,14.560439109802246
9941088,15.702479362487793
9945504,13.375
9946560,12.189075469970703
9949632,17.633586883544922
9951808,11.020000457763672
9954816,14.275956153869629
9956256,12.8255033493042
9964288,12.006134986877441
9970240,15.5
9978464,11.282608985900879
9984416,13.580246925354004
9985344,12.266666412353516
9986848,13.181818008422852
9996704,13.051643371582031
10001472,17.12765884399414
10002400,11.875757217407227
10003296,12.539682388305664
10009920,12.584269523620605
10015776,15.443037986755371
10019744,17.95620346069336
10021248,15.279999732971191
10023680,9.730158805847168
10023776,17.440000534057617
10027360,10.54982852935791
10030496,15.514286041259766
10030528,14.719626426696777
10036192,15.199999809265137
10036224,9.730216026306152
10045376,12.754011154174805
10054432,13.842519760131836
10059424,12.397958755493164
10064544,11.946341514587402
10070368,13.680750846862793
10071008,12.633879661560059
10084192,15.909090995788574
10091840,11.478991508483887
10094624,14.077670097351074
10095168,15.176470756530762
10096864,13.05555534362793
10105920,13.41549301147461
10109952,10.519553184509277
10114208,11.546667098999023
10119392,14.137930870056152
10121600,13.0
10122368,16.5
10123840,14.615385055541992
10127040,14.343194961547852
10131328,16.33027458190918
10131744,14.29861068725586
10136576,12.614679336547852
10138912,13.957447052001953
10141056,12.707317352294922
10145440,10.788177490234375
10155424,14.316546440124512
10160320,14.691357612609863
10160416,13.09782600402832
10167936,15.179012298583984
10177184,17.329545974731445
10178944,17.574256896972656
10186720,17.125
10191552,14.509803771972656
10200352,17.36111068725586
10208512,13.341317176818848
10210912,13.382352828979492
10216992,11.839378356933594
10223968,14.175824165344238
10226496,12.240838050842285
10227424,11.823529243469238
10227424,13.98974323272705
10232256,18.965517044067383
10236736,12.432432174682617
10238464,13.005154609680176
10255328,16.25
10255520,18.21782112121582
10258624,18.473281860351562
10264448,14.848484992980957
10266560,15.377358436584473
10270208,12.804469108581543
10270304,16.08108139038086
10272000,15.214723587036133
10275008,13.790178298950195
10281824,12.064516067504883
10285568,12.582191467285156
10286688,11.59890079498291
10286976,11.840206146240234
10288800,14.276315689086914
10293824,12.407407760620117
10298144,10.44398307800293
10299904,11.911110877990723
10304768,13.877551078796387
10314848,14.255813598632812
10318432,10.820809364318848
10320448,15.728571891784668
10323296,15.44444465637207
10324640,14.359375
10327456,8.136363983154297
10329920,14.31515121459961
10330624,17.653060913085938
10331264,16.25274658203125
10332640,15.440677642822266
10333344,12.73888874053955
10334144,20.322580337524414
10334208,16.0
10339040,14.67336654663086
10339648,18.518518447875977
10346528,18.508771896362305
10364384,14.523809432983398
10368928,14.199999809265137
10370944,16.310680389404297
10373888,18.693693161010742
10376032,17.128713607788086
10379104,17.672412872314453
10379648,17.849397659301758
10381600,10.458715438842773
10383456,13.13807487487793
10386656,19.741378784179688
10387392,15.471795082092285
10395328,14.862637519836426
10396384,10.321101188659668
10403968,11.767326354980469
10415584,11.995049476623535
10419232,14.818181991577148
10424032,12.020618438720703
10424800,17.021276473999023
10429472,14.474708557128906
10431936,16.409395217895508
10447680,15.504587173461914
10449664,12.420382499694824
10451040,15.275362014770508
10454336,12.584157943725586
10463904,14.875
10470112,14.098361015319824
10476960,11.82835865020752
10483104,14.365078926086426
10493216,12.680627822875977
10494944,14.142857551574707
10499200,11.198979377746582
10502528,12.023391723632812
10508736,12.090225219726562
10510176,12.519230842590332
10515488,15.277777671813965
10520736,12.850467681884766
10522272,14.701492309570312
10523072,16.901409149169922
10524224,12.747126579284668
10527744,16.40625
10529440,14.70588207244873
10530624,17.022472381591797
10533472,13.826666831970215
10536672,17.676767349243164
10540960,14.337348937988281
10544288,15.39823055267334
10545184,14.07453441619873
10546528,15.625
10547808,12.792792320251465
10549280,13.671361923217773
10552160,15.030488014221191
10557760,13.106280326843262
10559488,11.337718963623047
10560736,14.545454978942871
10564736,14.075630187988281
10571872,14.693877220153809
10573280,11.8100004196167
10573376,12.873332977294922
10573536,12.98245620727539
10574016,15.277777671813965
10575360,17.30769157409668
10576608,13.503401756286621
10577408,15.052631378173828
10581664,13.652582168579102
10583040,14.375
10586944,12.982353210449219
10596480,14.058823585510254
10602656,15.215311050415039
10614592,20.65217399597168
10614656,13.4140625
10620800,14.189188957214355
10643616,14.40217399597168
10646720,14.505494117736816
10646912,15.197674751281738
10650272,14.874285697937012
10653344,13.44444465637207
10656416,16.526315689086914
10664416,11.341463088989258
10665472,15.625
10669728,16.55172348022461
10670016,11.84713363647461
10670272,14.395604133605957
10679168,15.199999809265137
10683200,14.027149200439453
10686336,16.2579288482666
10707872,14.622093200683594
10708960,18.175182342529297
10714784,14.683544158935547
10717216,14.497206687927246
10717824,16.071428298950195
10718848,12.473958015441895
10722752,19.42148780822754
10725568,11.574193954467773
10725920,18.68181800842285
10729440,13.764705657958984
10729568,15.909090995788574
10731680,10.65418529510498
10735712,14.534883499145508
10736032,12.100000381469727
10739456,18.33333396911621
10739936,9.971962928771973
10744960,15.877193450927734
10754496,13.09278392791748
10755520,13.84615421295166
10758336,18.35443115234375
10763712,9.220930099487305
10764832,11.791666984558105
10774144,17.324562072753906
10776192,12.520270347595215
10780352,11.514969825744629
10782816,15.0
10783296,18.307086944580078
10787712,17.04347801208496
10789248,13.112107276916504
10792448,7.6898393630981445
10800608,13.724138259887695
10801536,16.208791732788086
10801728,11.705645561218262
10804576,17.299999237060547
10808704,15.196078300476074
10808864,15.888324737548828
10812576,12.369047164916992
10814816,12.549019813537598
10816224,13.589473724365234
10816992,11.125654220581055
10817312,14.70588207244873
10823136,14.884057998657227
10824384,14.468085289001465
10829888,12.817609786987305
10831104,11.420212745666504
10831840,15.633333206176758
10836672,19.277109146118164
10840768,12.390625
10849120,11.949073791503906
10853472,12.564705848693848
10859392,14.891304016113281
10867808,14.333333015441895
10877216,16.600000381469727
10893952,15.319149017333984
10899104,14.004901885986328
10905952,15.853658676147461
10905984,13.383259773254395
10910464,9.773006439208984
10928608,11.34857177734375
10944224,11.012930870056152
10946880,14.261241912841797
10948000,15.673758506774902
10948288,12.095949172973633
10955168,13.729838371276855
10959648,17.669902801513672
10966976,12.926470756530762
10969600,12.833333015441895
10969824,13.255724906921387
10972000,14.871622085571289
10979872,15.432098388671875
10979936,18.33333396911621
10984480,19.711538314819336
10984864,8.454000473022461
10985824,19.3150691986084
10991520,15.123656272888184
10992064,13.818181991577148
10995616,14.080568313598633
10996064,16.41509437561035
10999360,16.389829635620117
11003360,17.30769157409668
11010656,15.035087585449219
11011328,13.183961868286133
11015392,19.069766998291016
11024288,19.26229476928711
11032064,18.241758346557617
11032320,15.166666984558105
11038816,18.028169631958008
11040512,15.725000381469727
11041376,11.27062702178955
11045248,14.0819673538208
11051904,12.691823959350586
11053344,10.354066848754883
11063072,13.273585319519043
11066720,13.030973434448242
11067104,13.837209701538086
11086304,16.756755828857422
11090272,18.298969268798828
11093504,11.65662670135498
11095232,11.950248718261719
11097568,9.284210205078125
11099232,13.631979942321777
11099872,15.65217399597168
11103680,15.0
11108928,12.348258972167969
11114240,11.278409004211426
11117824,15.866666793823242
11119328,15.699481964111328
11119936,13.162161827087402
11120896,14.5
11128320,14.841269493103027
11130432,12.837838172912598
11130624,13.601895332336426
11131296,12.930000305175781
11141824,15.963302612304688
11156960,14.556034088134766
11163936,16.822429656982422
11171040,11.158536911010742
11171680,12.285714149475098
11174048,11.3125
11175648,13.866242408752441
11176928,14.764150619506836
11177024,16.521739959716797
11184000,15.629920959472656
11187232,17.42424201965332
11198784,14.208954811096191
11199104,18.795181274414062
11205344,9.174528121948242
11212768,14.632978439331055
11216192,15.30964469909668
11224224,11.82608699798584
11225952,11.754011154174805
11227008,14.795918464660645
11230816,17.317073822021484
11233568,14.694244384765625
11237120,9.380000114440918
11245888,14.668604850769043
11250432,11.072463989257812
11250560,12.28735637664795
11251616,16.329113006591797
11251904,11.805405616760254
11252064,17.241378784179688
11258944,8.51835823059082
11259936,13.019354820251465
11261344,17.05128288269043
11268160,14.100502967834473
11272160,17.402597427368164
11281536,16.47058868408203
11282240,9.741379737854004
11282432,10.77511978149414
11287104,14.666666984558105
11287200,17.036083221435547
11308032,8.645776748657227
11314560,13.284263610839844
11326624,12.772276878356934
11332224,17.886178970336914
11336448,11.283950805664062
11337152,17.272727966308594
11341696,12.614378929138184
11344576,12.431694030761719
11350592,15.157480239868164
11357024,17.115385055541992
11363808,15.301204681396484
11367968,15.806451797485352
11373504,14.246479034423828
11380352,14.21276569366455
11382976,15.454545021057129
11386144,12.929292678833008
11388480,15.882352828979492
11389280,15.573770523071289
11393088,13.397958755493164
11404000,11.685393333435059
11408768,13.345588684082031
11408960,10.4845609664917
11414720,14.257425308227539
11426048,14.634146690368652
11445568,15.11111068725586
11451136,11.980769157409668
11457504,12.673076629638672
11458144,11.415842056274414
11458528,14.728682518005371
11462464,13.95522403717041
11464160,10.380165100097656
11465824,12.619047164916992
11466080,11.923076629638672
11474144,16.285715103149414
11481024,12.296116828918457
11485024,14.782608985900879
11487808,12.459016799926758
11488320,11.452631950378418
11495712,12.482758522033691
11499936,11.409574508666992
11503488,11.57711410522461
11505184,17.5
11509472,11.309523582458496
11511232,14.088607788085938
11513696,18.513513565063477
11514880,7.344913005828857
11516320,14.69565200805664
11516480,13.020512580871582
11519392,15.158730506896973
11525408,9.960366249084473
11530176,16.960784912109375
11547168,12.949308395385742
11556832,15.767955780029297
11563904,12.659090995788574
11564064,13.556818008422852
11565856,14.143791198730469
11567296,15.060240745544434
11569888,16.279069900512695
11570400,14.874371528625488
11588576,14.961832046508789
11590976,15.452127456665039
11596032,12.753246307373047
11599456,18.125
11605120,12.619318008422852
11606624,19.078947067260742
11610464,14.443750381469727
11616352,12.79557991027832
11616928,14.820809364318848
11618656,18.58974266052246
11618752,18.965517044067383
11623840,15.813953399658203
11630048,18.023256301879883
11634560,16.815046310424805
11642496,11.884848594665527
11645728,10.824999809265137
11645824,12.88505744934082
11659232,10.378377914428711
11661792,13.66871166229248
11667616,17.045454025268555
11668320,17.731958389282227
11671552,13.350574493408203
11694464,15.526570320129395
11696352,11.287128448486328
11697312,18.316831588745117
11698560,15.97560977935791
11699360,11.770186424255371
11702560,14.607843399047852
11703040,7.942105293273926
11714496,12.617486000061035
11715712,12.743902206420898
11716640,11.294963836669922
11716672,12.72585678100586
11718784,13.333333015441895
11719904,12.853658676147461
11725504,10.186602592468262
11727424,15.526315689086914
11728000,12.721311569213867
11729024,12.556180000305176
11729792,11.214953422546387
11730112,14.134078025817871
11732608,12.416149139404297
11735712,12.517730712890625
11738496,13.917526245117188
11740480,12.256410598754883
11745664,14.796791076660156
11749696,15.659340858459473
11752128,12.476510047912598
11753056,12.321950912475586
11768800,15.530303001403809
11773728,14.956896781921387
11785472,11.979166984558105
11792160,12.0135498046875
11794848,14.722222328186035
11799584,14.580536842346191
11803584,10.579310417175293
11808256,18.738739013671875
11808480,12.52707576751709
11821536,13.595505714416504
11830208,8.13725471496582
11831072,10.743169784545898
11836032,14.851485252380371
11841440,16.5625
11844384,11.933333396911621
11844640,11.388625144958496
11845152,16.66666603088379
11847936,9.785387992858887
11850080,10.635270118713379
11853760,12.89576530456543
11853920,15.28925609588623
11858656,15.100000381469727
11859680,15.755724906921387
11860032,13.370369911193848
11862080,12.866242408752441
11867072,14.074073791503906
11875648,14.952381134033203
11885984,14.6575345993042
11892192,12.752941131591797
11893472,15.833333015441895
11897600,12.874345779418945
11898272,13.063291549682617
11901312,9.335293769836426
11904384,12.586206436157227
11905216,11.675926208496094
11907968,14.813953399658203
11920896,14.615385055541992
11921888,14.333333015441895
11923936,11.898734092712402
11925344,11.797979354858398
11930976,11.912862777709961
11931008,14.296773910522461
11931584,14.1304349899292
11931680,10.609756469726562
11937088,17.14285659790039
11941376,11.394904136657715
11943232,11.157068252563477
11949664,10.520000457763672
11961216,10.42512035369873
11961696,17.321428298950195
11963616,18.953489303588867
11964768,19.090909957885742
11965056,13.1065092086792
11967584,15.603447914123535
11967840,12.848958015441895
11973248,16.265060424804688
11988128,14.485980987548828
11990976,14.109588623046875
11992384,12.331877708435059
11992608,14.057591438293457
11997216,12.38219928741455
11998112,14.468085289001465
12000384,13.524663925170898
12002240,10.103447914123535
12006432,13.577981948852539
12012256,16.75
12014016,14.868913650512695
12021600,12.303665161132812
12028832,14.257425308227539
12041344,7.68493127822876
12050656,14.485294342041016
12052224,16.320755004882812
12059776,9.920167922973633
12066368,12.939226150512695
12068512,11.777777671813965
12069792,17.037036895751953
12082080,17.241378784179688
12082880,12.00564956665039
12087200,11.338027954101562
12094944,13.661835670471191
12099712,12.034682273864746
12110720,14.0625
12129632,12.636363983154297
12129920,12.060773849487305
12137184,14.871794700622559
12137472,16.545454025268555
12138560,13.335548400878906
12140064,13.136363983154297
12140096,14.948453903198242
12145632,14.377906799316406
12152448,15.666666984558105
12152544,17.0
12155872,12.291428565979004
12158784,13.805309295654297
12160352,12.789473533630371
12162816,15.795000076293945
12163872,14.948453903198242
12165600,13.527606964111328
12175680,13.142857551574707
12185664,12.95108699798584
12186720,9.0
12187552,14.414414405822754
12194656,15.588234901428223
12202368,10.49099063873291
12202976,17.52941131591797
12203648,9.570342063903809
12217408,15.29411792755127
12221312,16.94444465637207
12225504,18.983051300048828
12230144,11.945813179016113
12234912,17.058822631835938
12235104,11.194805145263672
12238976,14.375
12242016,14.90654182434082
12246080,12.265957832336426
12250112,12.260464668273926
12252928,13.1356782913208
12253344,12.5
12253408,15.547445297241211
12254144,12.622950553894043
12255520,12.720588684082031
12262496,15.769230842590332
12264256,14.333333015441895
12273664,7.7420148849487305
12289440,9.753520965576172
12290240,12.362244606018066
12291872,16.584362030029297
12297632,12.5
12301312,16.297468185424805
12302208,13.837209701538086
12314560,17.5510196685791
12315552,14.456647872924805
12330176,15.55555534362793
12330368,8.327974319458008
12331392,14.01204776763916
12331456,13.375
12332480,15.833333015441895
12340960,12.65625
12343072,16.46666717529297
12354080,14.199073791503906
12363136,12.531073570251465
12365472,10.7549409866333
12368992,12.228571891784668
12372544,13.926701545715332
12375008,12.049019813537598
12377312,12.395121574401855
12384000,15.282051086425781
12384480,16.52941131591797
12388320,12.645833015441895
12391904,13.642857551574707
12404992,11.758620262145996
12406720,13.132596969604492
12412896,10.707317352294922
12416608,12.725191116333008
12417888,11.224265098571777
12424704,13.184834480285645
12428288,16.94444465637207
12431328,15.379630088806152
12432000,13.012422561645508
12432352,12.716279029846191
12439552,15.669291496276855
12440320,15.579710006713867
12443552,14.484076499938965
12448832,17.288135528564453
12454368,14.485980987548828
12457824,14.210256576538086
12459744,14.96753215789795
12459936,14.795918464660645
12470304,13.030303001403809
12470624,17.14044952392578
12473088,15.056818008422852
12477344,15.675000190734863
12482432,17.063491821289062
12485120,13.117116928100586
12489888,14.550000190734863
12492576,20.612245559692383
12495840,17.129629135131836
12499008,13.90999984741211
12500704,20.625
12506976,14.589285850524902
12508384,13.105262756347656
12510336,14.833333015441895
12514912,15.50967788696289
12518624,20.217391967773438
12525760,10.411392211914062
12526208,14.855932235717773
12528768,13.821138381958008
12531424,16.93693733215332
12532640,14.795918464660645
12533152,18.34951400756836
12534848,13.331034660339355
12543264,10.347015380859375
12548640,16.494844436645508
12549376,12.522167205810547
12549504,12.57312297821045
12554016,19.367088317871094
12556928,17.00787353515625
12560416,12.683229446411133
12562720,9.640000343322754
12563648,14.466019630432129
12564864,13.163538932800293
12573088,8.828070640563965
12574176,12.137681007385254
12584512,11.625550270080566
12586912,13.074324607849121
12587424,19.054054260253906
12592224,17.5
12593216,18.91472816467285
12595552,17.156862258911133
12602176,14.758865356445312
12602368,11.386363983154297
12605728,10.87924575805664
12611072,17.45098114013672
12613024,15.549450874328613
12614336,11.22745132446289
12625280,15.491803169250488
12625600,18.200000762939453
12626048,14.34615421295166
12632160,15.930233001708984
12637792,18.88888931274414
12644832,20.636363983154297
12646400,18.18181800842285
12646464,16.554054260253906
12650304,20.608108520507812
12658944,13.147929191589355
12663328,9.449541091918945
12668480,15.174824714660645
12670976,13.688371658325195
12671040,13.87804889678955
12683424,16.457626342773438
12685152,13.13559341430664
12686208,15.39823055267334
12686880,13.579268455505371
12687232,18.68686866760254
12689920,16.46666717529297
12690272,18.271604537963867
12694528,14.107407569885254
12697728,13.637096405029297
12698368,19.402984619140625
12701952,14.020942687988281
12702720,16.543209075927734
12703936,12.909090995788574
12710912,17.70833396911621
12717376,15.57456111907959
12721216,15.09727668762207
12724192,14.697142601013184
12727008,17.94871711730957
12736928,16.14285659790039
12737792,13.946107864379883
12742656,11.180000305175781
12743136,14.981818199157715
12747520,15.88888931274414
12750752,17.77777862548828
12752512,13.129353523254395
12753856,13.502793312072754
12759744,17.69230842590332
12773664,16.32183837890625
12774560,11.730262756347656
12776416,18.059701919555664
12786592,10.430893898010254
12801088,13.061349868774414
12805792,12.937799453735352
12808384,10.88692569732666
12811584,16.065990447998047
12820864,14.497142791748047
12821984,13.977900505065918
12822944,15.827410697937012
12825952,15.305882453918457
12830784,14.351648330688477
12837760,16.83035659790039
12840864,11.343537330627441
12849472,17.22891616821289
12855232,12.316964149475098
12858816,14.689265251159668
12859008,18.780487060546875
12864224,16.05813980102539
12864416,13.25
12864672,16.90322494506836
12868672,14.663461685180664
12873792,14.7245512008667
12884576,14.290122985839844
12894176,16.45569610595703
12894592,11.28323745727539
12898976,14.97484302520752
12902560,12.279762268066406
12915200,17.171716690063477
12925088,14.622950553894043
12928032,13.578947067260742
12933376,11.644067764282227
12939744,13.529411315917969
12941376,17.070707321166992
12942336,17.763158798217773
12943328,12.766467094421387
12947904,18.842975616455078
12951808,13.740740776062012
12960224,13.371681213378906
12960832,16.11111068725586
12964864,15.298507690429688
12968768,13.70588207244873
12971424,12.368098258972168
12974368,19.589040756225586
12977408,16.772727966308594
12977952,13.476190567016602
12981056,10.900249481201172
12981376,16.35802459716797
12987616,17.619047164916992
12991232,14.189188957214355
12991840,13.370786666870117
12995136,10.785425186157227
13004352,15.686813354492188
13007168,13.606965065002441
13008544,13.76344108581543
13015168,16.456693649291992
13019616,13.05555534362793
13024448,9.513761520385742
13027488,12.98974323272705
13033376,11.468292236328125
13038144,19.539474487304688
13040544,12.351351737976074
13047200,13.591954231262207
13049632,14.590164184570312
13054400,12.993670463562012
13075584,12.405797004699707
13084128,14.791666984558105
13084512,13.809523582458496
13093440,9.050745964050293
13093504,11.28078842163086
13102720,9.230158805847168
13108640,10.754189491271973
13109824,12.782353401184082
13110624,11.890243530273438
13115744,17.058822631835938
13118400,11.261438369750977
13129792,10.416666984558105
13132160,15.401129722595215
13136736,13.16489315032959
13143040,12.341772079467773
13149984,13.336538314819336
13151872,11.975845336914062
13153984,16.935483932495117
13156480,12.070588111877441
13168448,12.90062141418457
13173568,17.380952835083008
13185184,18.16239356994629
13189984,14.962406158447266
13194976,17.045454025268555
13195712,13.022599220275879
13197408,20.05494499206543
13199232,11.813333511352539
13200352,17.75
13203232,13.441558837890625
13208256,17.523365020751953
13208256,14.213836669921875
13211936,13.139534950256348
13221024,15.635467529296875
13229408,13.324175834655762
13235552,13.90052318572998
13237312,18.04347801208496
13239392,12.741497039794922
13243904,11.740260124206543
13251264,11.992218017578125
13251520,13.962566375732422
13253216,13.4408597946167
13260544,15.155914306640625
13261888,14.965173721313477
13265728,14.791666984558105
13266336,13.413793563842773
13272832,18.648649215698242
13277824,15.123456954956055
13286560,14.357142448425293
13292864,10.1171875
13293952,16.691177368164062
13302240,11.873170852661133
13304000,12.379084587097168
13304640,16.371681213378906
13307296,17.961164474487305
13311136,16.638654708862305
13311456,14.79891300201416
13311584,18.421052932739258
13317632,10.995951652526855
13318336,13.132184028625488
13322688,16.79611587524414
13323072,11.352331161499023
13323392,15.994897842407227
13333152,12.086956977844238
13337088,13.147887229919434
13339680,15.922329902648926
13341312,12.666666984558105
13341504,11.047618865966797
13347840,15.0
13348992,10.357142448425293
13357312,12.808988571166992
13359872,13.947368621826172
13370592,9.453125
13379840,10.193877220153809
13381088,11.657142639160156
13381792,13.620879173278809
13385728,13.557376861572266
13390368,9.980295181274414
13390688,13.770949363708496
13392608,13.301281929016113
13393248,15.147436141967773
13395872,15.503875732421875
13401184,16.47058868408203
13402784,9.404000282287598
13405568,13.958333015441895
13406464,14.94565200805664
13412480,11.088435173034668
13413248,12.296703338623047
13413408,13.894737243652344
13417344,14.326483726501465
13417888,14.078431129455566
13421984,13.828221321105957
13423872,16.66666603088379
13424064,11.752212524414062
13424832,14.187134742736816
13426048,12.893616676330566
13427776,17.763158798217773
13430272,14.252474784851074
13432480,16.44230842590332
13432960,13.806451797485352
13439296,13.86440658569336
13439744,12.566473960876465
13460160,12.460000038146973
13467840,18.05194854736328
13469472,19.44444465637207
13471328,12.903448104858398
13478272,11.538888931274414
13482720,14.224138259887695
13483904,10.259259223937988
13489824,17.81818199157715
13496608,12.142131805419922
13497248,9.412322044372559
13497312,13.957746505737305
13500224,18.12030029296875
13504864,15.402298927307129
13505408,17.22222137451172
13506144,17.12765884399414
13507040,12.627705574035645
13507776,18.47058868408203
13525280,13.148148536682129
13530688,11.738371849060059
13532256,10.764705657958984
13533920,11.457894325256348
13536512,13.11049747467041
13537536,9.931451797485352
13543264,15.073446273803711
13544352,19.830509185791016
13552320,11.079602241516113
13556544,11.476190567016602
13575424,11.619246482849121
13581536,9.091255187988281
13584512,14.897958755493164
13589376,9.541236877441406
13591776,15.090909004211426
13596224,14.850000381469727
13603872,10.493975639343262
13604064,12.98795223236084
13610816,10.990196228027344
13617152,9.563785552978516
13621440,11.899371147155762
13630336,12.709677696228027
13633920,10.323718070983887
13634272,17.0
13647040,15.353535652160645
13647456,11.606557846069336
13650016,11.329949378967285
13651136,16.71641731262207
13653184,15.52845573425293
13658496,12.207792282104492
13659520,13.0
13662912,14.822221755981445
13663264,14.774868965148926
13666656,11.823899269104004
13667424,16.629213333129883
13668672,14.70588207244873
13669024,14.70588207244873
13672800,12.028902053833008
13677152,16.898147583007812
13678912,15.43137264251709
13685568,13.621052742004395
13687328,14.07582950592041
13689312,13.095808029174805
13690752,16.071428298950195
13696608,14.321138381958008
13697248,15.438596725463867
13697664,15.270142555236816
13702048,12.042704582214355
13703392,16.037734985351562
13704224,18.543689727783203
13706560,13.089622497558594
13710176,17.882352828979492
13710944,15.808823585510254
13714624,12.32065200805664
13719712,13.21658992767334
13724832,18.53333282470703
13729376,11.16058349609375
13730048,13.100000381469727
13733760,17.36111068725586
13748864,12.288235664367676
13761216,15.047297477722168
13761536,13.816993713378906
13770688,14.871794700622559
13771232,9.041543006896973
13771840,14.022026062011719
13779904,15.862069129943848
13786048,14.794520378112793
13789888,16.80672264099121
13793408,15.732620239257812
13795712,13.899371147155762
13797280,13.565713882446289
13801856,12.690217018127441
13812480,14.16058349609375
13813184,11.75
13816928,16.56934356689453
13816960,15.735294342041016
13819104,14.748201370239258
13825280,11.192708015441895
13825696,16.452991485595703
13832096,16.363636016845703
13837088,11.363636016845703
13837216,14.811320304870605
13844096,17.263158798217773
13845536,10.425287246704102
13847200,13.259739875793457
13851232,10.723756790161133
13861248,17.121212005615234
13865440,16.976743698120117
13868672,12.30555534362793
13870784,12.692307472229004
13876576,12.032051086425781
13877280,13.008368492126465
13882624,13.768115997314453
13884480,7.409999847412109
13885632,12.213114738464355
13890176,11.383928298950195
13891808,14.908256530761719
13897376,10.58883285522461
13900160,10.574898719787598
13900960,13.93617057800293
13902112,10.596385955810547
13905408,15.55555534362793
13906048,12.976190567016602
13920640,14.670000076293945
13925280,11.408601760864258
13925632,15.0
13927584,16.849315643310547
13932352,11.483091354370117
13933088,9.242037773132324
13934752,10.831632614135742
13938112,12.670157432556152
13939296,12.330316543579102
13944864,13.978873252868652
13948224,10.798029899597168
13951968,18.604650497436523
13958496,13.854748725891113
13959072,12.630681991577148
13960704,16.47058868408203
13960864,10.449999809265137
13962528,15.144508361816406
13979104,14.178744316101074
13983264,16.438356399536133
13986944,10.808642387390137
13990464,12.337209701538086
14009824,15.530120849609375
14012000,17.88888931274414
14015232,14.005376815795898
14015424,13.425287246704102
14018368,13.22282600402832
14022080,15.65656566619873
14029120,13.175675392150879
14030528,14.802631378173828
14030720,14.993420600891113
14036768,13.664999961853027
14040064,13.045161247253418
14040864,17.126436233520508
14041408,7.239999771118164
14041984,12.649999618530273
14046016,16.79611587524414
14048960,15.877193450927734
14050016,18.30645179748535
14054528,15.918367385864258
14055168,13.690322875976562
14055904,12.891304016113281
14067264,14.814814567565918
14069120,13.29054069519043
14072352,13.827160835266113
14079136,19.259260177612305
14084864,13.801074981689453
14085696,11.821621894836426
14089952,17.80821990966797
14092448,13.486842155456543
14098944,15.045454978942871
14101984,11.9579439163208
14103936,10.67415714263916
14107872,12.165178298950195
14108832,12.5
14112032,14.014084815979004
14116480,14.054054260253906
14117568,8.834060668945312
14120320,11.680473327636719
14120544,13.913043022155762
14127520,14.512195587158203
14130176,16.31147575378418
14130944,14.7619047164917
14131744,9.957589149475098
14138016,13.004545211791992
14141184,11.698630332946777
14144576,12.163265228271484
14146560,12.425149917602539
14161664,17.967479705810547
14166080,13.709677696228027
14172128,14.77876091003418
14174816,10.740425109863281
14175008,8.991150856018066
14176640,12.696334838867188
14182464,12.257732391357422
14187776,10.586956977844238
14189984,15.833333015441895
14195232,15.317460060119629
14195264,14.714285850524902
14198208,9.81938362121582
14201312,11.909574508666992
14213216,13.5649995803833
14220448,14.395938873291016
14223616,12.316061973571777
14228480,19.130434036254883
14232224,12.170588493347168
14235104,15.397436141967773
14239648,11.9940824508667
14241504,14.9557523727417
14250144,15.655405044555664
14257440,14.84536075592041
14259456,13.9559326171875
14260352,15.172222137451172
14260864,16.294963836669922
14262144,14.772727012634277
14262880,14.880952835083008
14263360,13.5
14270848,12.873332977294922
14273728,20.56818199157715
14287136,13.167512893676758
14287168,18.04347801208496
14287776,15.46391773223877
14288448,13.425837516784668
14289216,8.384976387023926
14293856,10.29411792755127
14293952,12.2848482131958
14305056,14.5
14310400,9.927536010742188
14324352,11.852041244506836
14329376,12.673076629638672
14332928,10.295082092285156
14343424,9.595141410827637
14344480,15.673076629638672
14346400,15.454545021057129
14348992,14.375
14351680,12.826666831970215
14353088,11.8421049118042
14355616,12.438596725463867
14357120,13.702020645141602
14358048,9.269896507263184
14358240,11.044586181640625
14369024,15.65656566619873
14385504,12.079545021057129
14389696,12.857954978942871
14390784,10.960911750793457
14390912,10.005952835083008
14392032,15.783132553100586
14395200,13.297778129577637
14395360,10.636363983154297
14395648,12.196078300476074
14404832,11.877551078796387
14417472,13.614212989807129
14417984,11.737500190734863
14420896,12.227723121643066
14425632,12.223809242248535
14426752,11.820359230041504
14434112,11.748344421386719
14438464,16.66666603088379
14446560,12.544943809509277
14450976,13.021505355834961
14455392,13.714681625366211
14456320,10.603658676147461
14457152,18.16666603088379
14459936,16.379310607910156
14464032,12.3125
14469792,20.675676345825195
14470688,12.801980018615723
14480352,14.042552947998047
14489664,11.664921760559082
14491648,12.925311088562012
14493184,18.18181800842285
14500480,13.186666488647461
14505952,10.51265811920166
14506592,14.495412826538086
14511296,9.368420600891113
14516064,12.752100944519043
14519936,12.171052932739258
14522144,9.695906639099121
14523072,15.567009925842285
14527008,12.0927152633667
14530368,14.663636207580566
14537344,9.777070045471191
14538528,15.849056243896484
14539872,12.072507858276367
14544704,11.380208015441895
14545920,11.081632614135742
14549440,15.061224937438965
14557920,13.013513565063477
14558240,13.589040756225586
14564192,18.66666603088379
14565152,15.163934707641602
14572096,13.526315689086914
14575808,9.984536170959473
14576288,13.90243911743164
14577440,13.8424654006958
14581632,18.04347801208496
14583712,15.954545021057129
14589216,14.077670097351074
14597568,9.538461685180664
14609088,18.780487060546875
14610016,12.177778244018555
14612992,10.508251190185547
14613760,12.682051658630371
14616576,11.397436141967773
14621280,13.58510684967041
14627488,16.614173889160156
14630016,14.164502143859863
14633344,12.735631942749023
14633856,15.042016983032227
14649984,15.645161628723145
14663232,16.791044235229492
14665088,15.5
14667360,15.0
14672352,14.666666984558105
14675296,11.614886283874512
14681440,17.525774002075195
14682240,14.460432052612305
14684064,8.983277320861816
14689216,12.492610931396484
14690048,13.330143928527832
14691776,10.091370582580566
14694784,15.410959243774414
14695264,11.687897682189941
14701312,9.983240127563477
14702752,14.88888931274414
14714144,11.446666717529297
14718208,13.135869979858398
14720320,15.314606666564941
14720448,14.152416229248047
14726976,10.989418029785156
14727680,13.121827125549316
14729376,12.547770500183105
14731776,10.897561073303223
14737216,13.68639087677002
14737824,15.972222328186035
14738880,14.68108081817627
14740192,14.239130020141602
14746432,15.130719184875488
14750784,10.409835815429688
14755744,10.563636779785156
14759584,15.204081535339355
14761856,13.854166984558105
14761984,14.207317352294922
14762304,13.367568016052246
14763264,15.34782600402832
14765728,10.035927772521973
14771648,18.54838752746582
14772480,13.37419319152832
14775328,15.757575988769531
14776032,16.363636016845703
14777312,12.936893463134766
14779520,11.686567306518555
14784640,14.237112998962402
14785088,14.252808570861816
14787392,11.975369453430176
14790464,12.5
14793984,16.52777862548828
14797760,9.969565391540527
14812000,15.692307472229004
14822496,13.385787010192871
14822944,14.586387634277344
14823328,12.785714149475098
14827552,13.75
14829952,12.310976028442383
14831488,14.558375358581543
14835168,13.417647361755371
14846880,17.91208839416504
14849056,13.53499984741211
14850624,8.151163101196289
14854080,13.05660343170166
14860192,15.853658676147461
14860256,11.768867492675781
14863168,18.88888931274414
14867264,22.66666603088379
14868896,16.66666603088379
14869792,17.901233673095703
14870144,11.876324653625488
14872256,13.100000381469727
14873696,12.70285701751709
14877216,16.379310607910156
14880704,16.880733489990234
14882560,11.858447074890137
14882912,13.585492134094238
14884608,21.05691146850586
14886848,15.78672981262207
14899232,12.190045356750488
14900704,18.299999237060547
14906016,14.508771896362305
14907104,11.902702331542969
14908256,12.456521987915039
14909632,12.493087768554688
14909856,19.852941513061523
14914432,14.529999732971191
14921760,16.727941513061523
14926048,15.597609519958496
14935104,14.537313461303711
14944800,13.359550476074219
14946432,13.392265319824219
14947232,9.214007377624512
14948352,10.318872451782227
14951456,13.561798095703125
14952000,14.679426193237305
14964928,14.086956977844238
14971104,12.141263961791992
14980576,13.411110877990723
14981248,20.0
14984192,10.711111068725586
14986080,15.247148513793945
14989792,19.789474487304688
14996640,11.005555152893066
14998336,11.463302612304688
15000864,12.817646980285645
15001376,17.563024520874023
15004032,11.524271965026855
15013568,16.68000030517578
15022432,18.275861740112305
15023424,11.666666984558105
15023616,15.0
15024736,13.508670806884766
15025248,12.548717498779297
15026560,11.982142448425293
15027552,13.811518669128418
15032064,17.753164291381836
15032544,12.815789222717285
15034432,15.2380952835083
15044800,10.134831428527832
15052096,12.902777671813965
15053344,13.034285545349121
15059584,13.131455421447754
15062176,14.271844863891602
15072864,15.484663009643555
15074592,14.109947204589844
15088288,10.229166984558105
15091232,11.15017032623291
15093728,12.597402572631836
15095392,14.967567443847656
15097216,9.94301986694336
15099936,11.528634071350098
15104160,14.88888931274414
15106016,14.31640625
15110336,10.202247619628906
15113600,14.392857551574707
15121120,17.866666793823242
15135456,13.395604133605957
15140160,15.321428298950195
15144928,13.0
15145184,17.799999237060547
15148064,14.230769157409668
15150464,16.289772033691406
15152224,12.586465835571289
15154528,12.357142448425293
15164832,12.443349838256836
15165088,16.052631378173828
15165728,11.657439231872559
15165792,17.5
15166944,13.717391014099121
15171424,11.8549222946167
15171680,15.137777328491211
15175104,14.690553665161133
15175584,15.222222328186035
15178560,16.52531623840332
15179808,16.03960418701172
15192960,12.554973602294922
15197472,17.483871459960938
15200032,13.04878044128418
15202144,15.63025188446045
15204224,9.262248039245605
15209600,9.786517143249512
15210144,9.931034088134766
15220832,16.439393997192383
15234336,11.666000366210938
15246944,12.289473533630371
15257920,8.16387939453125
15258176,11.927631378173828
15259104,16.363636016845703
15262144,15.363636016845703
15263488,9.334736824035645
15267648,11.545000076293945
15270560,14.634146690368652
15271936,12.575129508972168
15274464,16.735536575317383
15295712,12.555024147033691
15307776,13.016042709350586
15316928,11.18775463104248
15323968,12.761421203613281
15325280,13.19565200805664
15331424,10.87600040435791
15333792,16.637168884277344
15340032,15.07486629486084
15345952,12.704119682312012
15361568,19.534883499145508
15361824,13.604790687561035
15365600,12.242938041687012
15371392,18.55670166015625
15383808,15.132743835449219
15386240,13.702564239501953
15388224,14.291666984558105
15389728,16.067415237426758
15390016,14.335526466369629
15391296,17.22891616821289
15401248,8.854320526123047
15402624,15.70512866973877
15405984,12.930850982666016
15409728,15.760000228881836
15410624,17.560976028442383
15423744,10.85892105102539
15425120,10.733918190002441
15428608,11.330708503723145
15441344,17.77777862548828
15441984,13.734807014465332
15442176,11.79365062713623
15446784,15.653465270996094
15456320,16.438356399536133
15459744,12.188172340393066
15465120,13.814433097839355
15467680,13.0
15471712,12.210000038146973
15472224,14.244897842407227
15475840,15.66891860961914
15475936,14.814814567565918
15476800,14.045684814453125
15479808,14.477124214172363
15480416,18.534482955932617
15484064,15.235576629638672
15484608,16.80769157409668
15486848,14.304054260253906
15495808,11.209039688110352
15504000,18.1871337890625
15510496,19.07216453552246
15522880,14.052980422973633
15524480,12.640000343322754
15526784,21.478872299194336
15532352,13.262672424316406
15540832,20.535715103149414
15541952,15.785953521728516
15544960,18.939393997192383
15546912,14.654545783996582
15547104,17.958904266357422
15547648,14.790960311889648
15550048,16.96891212463379
15551296,15.421687126159668
15552800,15.131250381469727
15555520,16.545976638793945
15557376,12.22580623626709
15558624,16.61326026916504
15559872,17.532466888427734
15560896,13.896321296691895
15564640,13.572613716125488
15569824,18.75
15574528,13.33486270904541
15578720,14.677596092224121
15582624,13.716666221618652
15591936,9.96875
15600992,21.467391967773438
15604192,18.34482765197754
15607680,16.623376846313477
15611488,21.169355392456055
15612224,14.185483932495117
15621216,15.556180000305176
15631680,20.375
15633376,15.025125503540039
15634752,13.765432357788086
15635520,11.867403030395508
15635776,19.370079040527344
15635808,15.705263137817383
15636000,16.198347091674805
15640960,15.514792442321777
15642624,13.660919189453125
15643520,15.646341323852539
15647200,15.566844940185547
15653568,17.876712799072266
15656864,13.688172340393066
15659232,16.780105590820312
15668512,11.277456283569336
15669088,17.26760482788086
15672512,12.268750190734863
15683072,13.608108520507812
15688128,15.979381561279297
15689312,12.522842407226562
15692736,18.095237731933594
15698112,17.094017028808594
15698464,16.5238094329834
15698592,13.142045021057129
15699136,14.044025421142578
15704320,17.0
15711904,16.07526969909668
15718112,13.226744651794434
15718176,9.920833587646484
15723200,15.714285850524902
15728256,17.3381290435791
15730240,15.77297306060791
15739648,15.535714149475098
15748576,18.75
15751232,8.800000190734863
15753632,17.16216278076172
15759392,14.331034660339355
15761216,13.824644088745117
15767808,12.410112380981445
15769920,15.119047164916992
15778656,16.100000381469727
15779520,15.720497131347656
15783264,14.625592231750488
15791008,15.224851608276367
15794752,12.74008846282959
15799104,9.643172264099121
15800832,13.105819702148438
15812096,13.678160667419434
15814944,16.55487823486328
15815232,15.232257843017578
15816320,12.740540504455566
15818176,19.157894134521484
15820928,14.682539939880371
15823936,16.5625
15826304,15.825175285339355
15828096,15.271317481994629
15828704,17.641510009765625
15831392,14.941176414489746
15836960,15.368000030517578
15838336,19.43661880493164
15839328,13.050359725952148
15846208,14.687074661254883
15848128,12.995305061340332
15852160,14.27173900604248
15852448,14.83684253692627
15857248,10.763636589050293
15857344,13.742137908935547
15864224,11.450980186462402
15864832,16.630434036254883
15865664,15.357142448425293
15867616,15.789473533630371
15871104,13.45945930480957
15872576,14.579208374023438
15882464,16.559139251708984
15885920,13.43137264251709
15901504,14.582159996032715
15901696,14.855072021484375
15903680,10.169811248779297
15910624,8.588000297546387
15911008,11.379888534545898
15915648,14.591836929321289
15920032,11.151291847229004
15923232,9.271929740905762
15925952,9.249394416809082
15930752,12.0
15953696,13.131868362426758
15954240,11.71005916595459
15961024,10.252174377441406
15964160,16.29032325744629
15968160,15.32374095916748
15968992,15.959595680236816
15976896,12.739999771118164
15978176,17.094017028808594
15978304,15.0819673538208
15981504,11.809782981872559
15985664,17.204301834106445
15987200,11.147239685058594
15989472,11.265822410583496
15990272,14.285714149475098
15992416,15.024845123291016
15995584,16.19862937927246
15996640,16.24479103088379
15999392,14.772727012634277
16001600,11.301587104797363
16008320,11.683673858642578
16010304,15.466666221618652
16021984,13.82022476196289
16031712,14.489795684814453
16034944,18.303571701049805
16036608,15.853658676147461
16042656,18.85416603088379
16044800,14.931507110595703
16048032,14.96350383758545
16048064,15.727272987365723
16048960,12.934910774230957
16051520,15.1694917678833
16052832,17.373737335205078
16060000,11.0
16067232,12.329730033874512
16069568,14.536842346191406
16071968,12.119815826416016
16078560,12.539999961853027
16078976,11.375
16079808,9.97175121307373
16082464,12.477272987365723
16085056,14.938271522521973
16085664,16.504854202270508
16085760,14.814814567565918
16088448,13.956097602844238
16090112,12.4375
16096032,12.428571701049805
16096384,16.034482955932617
16098144,10.863353729248047
16099904,15.247525215148926
16100832,12.570512771606445
16105632,14.172972679138184
16110144,17.123287200927734
16112832,13.054217338562012
16115392,17.721519470214844
16117024,16.625
16121536,15.1578950881958
16123264,15.254237174987793
16132064,11.797101020812988
16133088,12.981566429138184
16139584,11.779220581054688
16140672,13.75
16142912,12.457746505737305
16144960,14.177419662475586
16145024,12.342857360839844
16145088,17.341772079467773
16146400,19.22480583190918
16149792,14.581006050109863
16156032,12.516129493713379
16163328,12.939597129821777
16163712,14.467391014099121
16167264,15.842696189880371
16168672,12.84337329864502
16175072,10.107023239135742
16179520,17.1875
16179648,15.150259017944336
16180320,16.385541915893555
16182944,15.988439559936523
16184864,10.831460952758789
16189376,17.0205135345459
16193888,12.772727012634277
16198240,17.426469802856445
16198496,12.883333206176758
16204928,13.303921699523926
16205024,14.383562088012695
16207840,13.401041984558105
16211648,16.78767204284668
16211776,16.923076629638672
16212064,16.814159393310547
16213216,13.066666603088379
16216768,12.524115562438965
16219648,12.616915702819824
16230304,16.549999237060547
16230368,14.35025405883789
16231424,14.748662948608398
16232448,8.728434562683105
16236896,16.66666603088379
16239584,16.20689582824707
16244640,16.5
16260480,18.095237731933594
16260864,15.033148765563965
16264320,15.39234447479248
16266528,12.563291549682617
16274816,15.082524299621582
16275008,12.976608276367188
16276192,16.082473754882812
16284608,14.504716873168945
16288448,10.6386137008667
16289600,18.031496047973633
16291648,18.59375
16295712,18.88888931274414
16296128,10.860360145568848
16299296,10.37545108795166
16301568,11.183673858642578
16302176,13.448453903198242
16303776,12.587064743041992
16308288,17.0930233001709
16309920,12.119231224060059
16313760,13.473429679870605
16315584,12.958333015441895
16331104,15.483870506286621
16339040,15.75
16339264,17.886178970336914
16344416,14.828766822814941
16346688,14.95283031463623
16352288,12.095237731933594
16355552,12.909090995788574
16361376,16.203006744384766
16374752,13.399999618530273
16377568,22.19512176513672
16387264,12.756906509399414
16388128,20.361446380615234
16391648,15.703125
16395008,17.173913955688477
16413728,15.292552947998047
16415200,16.85714340209961
16422240,16.35416603088379
16425312,14.493420600891113
16430368,11.144827842712402
16433056,14.194594383239746
16439456,10.664921760559082
16442752,16.147541046142578
16443648,15.72580623626709
16448224,18.505746841430664
16449984,11.789772987365723
16457728,17.189743041992188
16458080,15.811518669128418
16458944,13.027397155761719
16466752,18.303571701049805
16479072,13.557195663452148
16481632,17.403846740722656
16482880,17.87401580810547
16490944,15.789473533630371
16492480,16.836734771728516
16498784,14.44444465637207
16501792,14.633047103881836
16509792,13.413461685180664
16512544,15.204081535339355
16517536,14.63888931274414
16518624,18.254545211791992
16521600,13.352272987365723
16523008,15.344594955444336
16523360,17.09183692932129
16529760,18.0
16537248,13.829787254333496
16537664,15.423357963562012
16541152,19.5238094329834
16541760,13.382352828979492
16542048,13.719100952148438
16542528,20.40816307067871
16542720,16.448598861694336
16557888,14.004950523376465
16565664,14.62569808959961
16566304,16.03960418701172
16570400,15.607476234436035
16570592,12.029536247253418
16589024,21.568628311157227
16589472,13.670000076293945
16595072,13.363636016845703
16601024,18.18181800842285
16606656,12.438502311706543
16612416,18.20754623413086
16615904,16.466941833496094
16617728,17.864078521728516
16618560,17.873493194580078
16624704,14.347149848937988
16626176,18.681318283081055
16632032,13.351351737976074
16636032,12.051852226257324
16638560,14.390243530273438
16639904,16.298702239990234
16640448,15.819999694824219
16641344,15.970060348510742
16642144,12.951690673828125
16648320,11.336099624633789
16652576,13.257894515991211
16655328,13.664706230163574
16655456,13.88088607788086
16656704,15.887850761413574
16657120,17.829458236694336
16658016,13.402009963989258
16665728,15.508670806884766
16667520,14.508474349975586
16669824,12.4399995803833
16672640,16.130231857299805
16674624,15.614130020141602
16688992,13.63228702545166
16697376,15.862069129943848
16700224,15.625
16702944,13.89102554321289
16705600,13.668539047241211
16706560,13.256250381469727
16707456,13.812010765075684
16708032,16.133333206176758
16708352,9.597015380859375
16709120,14.639784812927246
16716160,19.842519760131836
16716480,10.618677139282227
16717632,13.5703706741333
16719328,13.086956977844238
16722624,17.55813980102539
16734336,14.0578031539917
16737568,14.506250381469727
16754592,15.95121955871582
16755392,11.059322357177734
16760032,15.682432174682617
16761568,16.352941513061523
16765568,16.47058868408203
16767968,12.582010269165039
16770592,12.852070808410645
16773792,16.01507568359375
16778112,16.044776916503906
16782944,10.864978790283203
16785312,18.05617904663086
16786656,17.824323654174805
16790496,14.389140129089355
16797664,16.03535270690918
16799392,12.490797996520996
16801344,19.130434036254883
16802816,12.731707572937012
16805056,17.49479103088379
16807744,15.053763389587402
16811168,15.021052360534668
16814912,12.125874519348145
16815136,14.348684310913086
16815200,19.256755828857422
16831296,12.467289924621582
16835296,18.11111068725586
16835808,18.202247619628906
16838304,17.181371688842773
16846880,20.921052932739258
16853248,14.376884460449219
16858816,10.957983016967773
16863008,17.115385055541992
16866016,12.308176040649414
16867520,14.885906219482422
16867648,12.120786666870117
16868128,15.096070289611816
16868928,16.15151596069336
16872448,19.532711029052734
16874112,15.397515296936035
16888032,14.29834270477295
16896096,15.806451797485352
16896352,18.452381134033203
16900416,13.570512771606445
16901472,15.458715438842773
16908992,14.537735939025879
16909632,13.5
16911200,10.03723430633545
16915872,13.617977142333984
16917120,15.29411792755127
16917504,15.560240745544434
16917984,16.66666603088379
16929408,13.89830493927002
16931648,16.55487823486328
16943008,9.300675392150879
16943392,13.287671089172363
16945664,14.855072021484375
16946208,13.774011611938477
16952000,15.579710006713867
16952224,16.30137062072754
16958464,13.719806671142578
16960320,15.356322288513184
16961280,12.993902206420898
16961408,14.760869979858398
16970016,9.670635223388672
16973792,21.904762268066406
16974336,11.776649475097656
16976320,12.06185531616211
16980224,14.53389835357666
16990240,13.65656566619873
16993632,15.2380952835083
16999552,12.973684310913086
17006624,14.788732528686523
17008160,12.837369918823242
17009952,13.016129493713379
17013600,14.032407760620117
17016800,15.068492889404297
17022592,9.677902221679688
17024192,13.736842155456543
17027808,13.559322357177734
17029568,13.874439239501953
17030848,14.760000228881836
17031968,15.426356315612793
17034528,12.227723121643066
17035232,12.333333015441895
17038208,15.614034652709961
17038976,19.41964340209961
17040416,15.0
17043104,14.454545021057129
17045024,14.51748275756836
17053472,13.730769157409668
17053920,11.759398460388184
17058784,15.01657485961914
17061920,19.534883499145508
17062752,13.926108360290527
17064480,17.647058486938477
17066208,15.783132553100586
17067744,14.663101196289062
17068448,10.64383602142334
17071264,18.22916603088379
17072320,9.156794548034668
17073280,13.936781883239746
17073760,12.928104400634766
17076864,13.920904159545898
17082880,13.63742733001709
17084832,13.853800773620605
17088192,13.651933670043945
17089696,14.885350227355957
17091200,16.11842155456543
17093344,17.843137741088867
17096512,14.815668106079102
17096608,15.217391014099121
17097312,13.737967491149902
17102624,15.068965911865234
17103968,15.730337142944336
17105888,14.428571701049805
17110912,16.52150535583496
17111072,16.904762268066406
17112704,13.141463279724121
17122720,13.47402572631836
17123392,15.447114944458008
17126304,14.131979942321777
17131488,11.035856246948242
17132768,11.74666690826416
17145696,13.533707618713379
17148896,18.15217399597168
17154848,15.31351375579834
17156096,16.461538314819336
17159328,14.85326099395752
17160192,16.99114990234375
17163872,12.84834098815918
17179136,11.580838203430176
17182880,15.357142448425293
17184544,14.222222328186035
17190240,10.956521987915039
17195392,12.01456356048584
17197088,15.52554702758789
17200000,11.70512866973877
17205760,14.743718147277832
17211200,7.4760870933532715
17216000,12.972222328186035
17233312,12.77550983428955
17233856,9.630319595336914
17235648,14.355191230773926
17242368,12.764705657958984
17242464,11.447090148925781
17243456,18.28358268737793
17252480,13.097222328186035
17257312,11.410714149475098
17257504,14.431034088134766
17264032,13.57758617401123
17264672,16.0
17274848,13.780611991882324
17276608,11.5283842086792
17280512,14.718563079833984
17280992,7.9109416007995605
17283456,17.272727966308594
17285632,8.501138687133789
17285984,19.042552947998047
17286656,15.784530639648438
17292032,13.347305297851562
17295584,19.363636016845703
17295744,12.608294486999512
17297024,16.464454650878906
17297280,20.0
17302816,15.65243911743164
17306656,15.195402145385742
17307072,15.194244384765625
17309568,11.923076629638672
17310112,13.834224700927734
17320576,16.368749618530273
17326848,12.209580421447754
17332928,17.205127716064453
17342496,14.360655784606934
17345536,14.947019577026367
17356928,14.044943809509277
17357088,18.513513565063477
17357472,14.807229042053223
17357792,15.874317169189453
17363232,16.725807189941406
17365504,15.425000190734863
17366176,12.319999694824219
17368544,15.689119338989258
17376032,17.399999618530273
17383712,18.225807189941406
17385248,13.384976387023926
17386784,17.324562072753906
17390752,10.532374382019043
17393792,15.355450630187988
17396480,15.177165031433105
17398400,12.872340202331543
17401024,16.367149353027344
17404864,22.169811248779297
17406304,14.776923179626465
17406592,12.710382461547852
17423936,22.156862258911133
17428192,18.421052932739258
17444672,12.842696189880371
17450272,11.867815971374512
17451104,17.669902801513672
17457152,10.66891860961914
17463040,15.09493637084961
17470880,16.086956024169922
17473408,13.738775253295898
17474400,16.553030014038086
17475616,16.92708396911621
17476480,13.857142448425293
17487200,13.15217399597168
17488992,10.5625
17490080,15.565789222717285
17490592,12.071942329406738
17494944,13.875
17495360,13.080459594726562
17498816,17.44444465637207
17505952,13.01754379272461
17508928,14.367815971374512
17509984,11.5
17512128,13.78125
17514432,13.333333015441895
17518400,17.34513282775879
17518656,10.840206146240234
17518816,15.596330642700195
17521120,12.990675926208496
17524640,11.679557800292969
17535072,18.727272033691406
17535616,14.283333778381348
17539264,17.674419403076172
17539744,15.588234901428223
17539776,11.482758522033691
17541632,12.653060913085938
17547488,15.65217399597168
17548768,14.532051086425781
17551392,14.962406158447266
17552672,18.309858322143555
17553504,15.311258316040039
17554848,13.074073791503906
17556000,16.730770111083984
17560064,15.629138946533203
17562464,16.037734985351562
17564896,12.091370582580566
17569312,13.493749618530273
17570816,15.425532341003418
17576288,16.402877807617188
17588256,12.387978553771973
17594880,12.59615421295166
17598720,12.342696189880371
17599712,13.186666488647461
17615968,13.303317070007324
17617920,11.621622085571289
17620928,10.90243911743164
17628416,16.571428298950195
17629696,15.945945739746094
17633280,13.235669136047363
17637536,16.036035537719727
17644256,10.003058433532715
17648928,12.170000076293945
17653024,17.93893051147461
17654912,8.747368812561035
17655392,14.764397621154785
17656032,15.237837791442871
17660288,14.538461685180664
17674752,10.522875785827637
17678624,19.117647171020508
17680512,12.835978507995605
17681824,12.719511985778809
17694080,13.88888931274414
17695488,12.752293586730957
17710272,15.538095474243164
17713856,13.214021682739258
17715616,14.01047134399414
17718464,13.65384578704834
17718624,14.595376014709473
17720256,14.886363983154297
17723392,16.174158096313477
17724000,15.972222328186035
17724928,10.25333309173584
17729664,11.240876197814941
17730144,9.898038864135742
17731936,16.8799991607666
17733408,14.21875
17735904,14.257668495178223
17736000,18.126903533935547
17737120,17.88135528564453
17738144,13.634921073913574
17740064,12.647342681884766
17749440,14.416666984558105
17752448,16.263736724853516
17756800,13.947090148925781
17758048,6.644000053405762
17768256,10.270270347595215
17769760,14.709091186523438
17769856,15.55555534362793
17773184,10.939799308776855
17773696,14.307229042053223
17775040,8.309210777282715
17779648,15.379518508911133
17787680,10.17829418182373
17791808,12.816594123840332
17797536,15.0
17798080,11.913043022155762
17805888,16.336633682250977
17811040,13.289156913757324
17820736,21.22222137451172
17824352,14.925580978393555
17825120,19.927536010742188
17825248,12.228723526000977
17832864,14.135965347290039
17838496,14.344444274902344
17841088,17.282608032226562
17842656,13.887499809265137
17849536,13.144278526306152
17850752,13.7619047164917
17864704,13.816666603088379
17870720,14.26177978515625
17873184,17.84000015258789
17876352,15.455026626586914
17877600,14.193877220153809
17878208,12.635869979858398
17880032,10.51229476928711
17881344,11.091398239135742
17887712,15.600000381469727
17890112,12.70555591583252
17899360,12.47154426574707
17902848,10.80923080444336
17904480,12.558011054992676
17912928,18.94308853149414
17921792,12.159509658813477
17928096,10.635897636413574
17933856,22.380952835083008
17938080,12.522988319396973
17940192,15.190839767456055
17946400,16.264925003051758
17950112,15.505494117736816
17950656,15.631068229675293
17967520,14.53365421295166
17971072,15.568181991577148
17972800,17.824073791503906
17973856,17.19354820251465
17977216,14.59876537322998
17991520,14.852070808410645
18001600,10.022624015808105
18015072,9.119999885559082
18017376,13.032966613769531
18028448,12.086519241333008
18028608,17.375
18034272,14.194029808044434
18038496,12.175926208496094
18039168,14.948718070983887
18041792,14.779141426086426
18045184,13.48901081085205
18045632,12.271844863891602
18046304,14.899999618530273
18046912,19.195402145385742
18048672,14.102941513061523
18048672,17.80821990966797
18050848,12.609999656677246
18052800,15.445544242858887
18053568,16.040000915527344
18073280,14.034482955932617
18074720,11.693726539611816
18075168,16.129032135009766
18079712,12.824073791503906
18083552,13.673469543457031
18088288,13.762887001037598
18089536,12.15168571472168
18097696,15.904762268066406
18099456,13.460265159606934
18103712,13.94565200805664
18113344,14.35960578918457
18120192,16.279069900512695
18121632,11.231155395507812
18124192,14.615385055541992
18133600,14.33684253692627
18135040,13.80555534362793
18138368,14.670807838439941
18139552,17.566667556762695
18141696,14.332015991210938
18142752,16.210525512695312
18143200,11.803827285766602
18144544,17.47252655029297
18147360,15.948275566101074
18155168,17.285715103149414
18158976,14.778523445129395
18160000,12.804469108581543
18165696,13.683615684509277
18168064,17.788461685180664
18171872,14.697916984558105
18172608,14.911242485046387
18173184,17.128713607788086
18173664,14.455781936645508
18174784,14.086705207824707
18180640,14.632911682128906
18181600,13.893719673156738
18187808,10.625
18189600,17.052631378173828
18195232,15.606060981750488
18198176,14.105819702148438
18199040,16.0
18206752,8.153605461120605
18207744,13.22449016571045
18212352,17.046632766723633
18213536,13.448979377746582
18214144,16.66666603088379
18216640,13.023622512817383
18219616,10.261363983154297
18221248,15.584415435791016
18226144,12.995614051818848
18229664,15.612021446228027
18232832,16.046154022216797
18233152,15.0
18235712,13.285714149475098
18243808,11.98717975616455
18254240,14.156976699829102
18255552,14.19339656829834
18256640,14.24848461151123
18261600,15.782608985900879
18262272,12.305085182189941
18263232,14.806818008422852
18263328,18.04878044128418
18265088,17.735849380493164
18265216,14.61274528503418
18265248,16.41666603088379
18268832,14.409326553344727
18270048,17.12765884399414
18279488,15.936585426330566
18279744,13.218181610107422
18285248,17.452829360961914
18301504,17.339448928833008
18302560,12.41489315032959
18303712,14.204545021057129
18305344,21.976743698120117
18308256,12.581151962280273
18313792,11.61077880859375
18323584,10.254166603088379
18330144,17.39130401611328
18331744,15.51980209350586
18338624,19.50757598876953
18341472,12.297778129577637
18342848,12.1875
18345152,13.448275566101074
18346944,17.583892822265625
18352896,14.497237205505371
18359936,16.95652198791504
18364896,14.11258316040039
18365920,10.525489807128906
18369440,13.292993545532227
18374848,12.547770500183105
18375296,14.140776634216309
18375776,12.182741165161133
18376672,15.748031616210938
18378272,14.634146690368652
18390240,16.350711822509766
18390272,12.938888549804688
18394624,10.5
18399712,16.058393478393555
18404128,13.0
18411328,13.833333015441895
18411904,14.651260375976562
18416128,13.375839233398438
18417440,12.525641441345215
18418400,14.44444465637207
18423968,16.595745086669922
18430848,17.714284896850586
18431168,16.581632614135742
18435648,16.99186897277832
18439904,12.748344421386719
18441984,14.920000076293945
18448864,12.142045021057129
18451840,13.984375
18452352,18.59813117980957
18462752,14.452229499816895
18464576,13.149170875549316
18465824,16.557376861572266
18466688,17.13178253173828
18466848,11.950616836547852
18469664,18.487394332885742
18476928,10.710674285888672
18478080,14.289617538452148
18479968,13.711339950561523
18482144,12.743697166442871
18491232,11.494253158569336
18491584,12.482954978942871
18492256,16.175758361816406
18494496,21.33333396911621
18496160,18.979591369628906
18500256,11.277580261230469
18501856,16.961326599121094
18504128,14.557894706726074
18506080,13.427745819091797
18506784,15.740740776062012
18507904,14.797618865966797
18508288,18.298969268798828
18510592,12.32835865020752
18510944,16.212121963500977
18522080,18.235294342041016
18522496,12.718592643737793
18525376,17.511764526367188
18535200,16.730497360229492
18540416,11.163636207580566
18545664,13.828571319580078
18549440,11.479623794555664
18556608,14.518367767333984
18556832,9.452054977416992
18564544,14.959349632263184
18570368,12.756756782531738
18573792,13.84255313873291
18574400,15.653594970703125
18577792,10.240506172180176
18581248,14.076923370361328
18585696,12.074688911437988
18590272,15.471428871154785
18602368,15.043290138244629
18604704,15.438596725463867
18606848,12.614458084106445
18609856,20.089284896850586
18610112,15.123967170715332
18611520,13.373494148254395
18615904,10.039216041564941
18616736,15.2380952835083
18619744,16.20833396911621
18624224,13.920635223388672
18629472,10.978947639465332
18634688,10.36619758605957
18636064,15.942028999328613
18637472,13.418803215026855
18637824,11.950819969177246
18642016,9.309523582458496
18644064,11.08450698852539
18650496,10.839024543762207
18651392,15.789473533630371
18651808,14.515923500061035
18652192,13.439790725708008
18660288,15.554794311523438
18661856,10.674121856689453
18662080,15.864999771118164
18662784,13.357142448425293
18666656,15.557046890258789
18672512,12.734177589416504
18678176,16.639345169067383
18688800,17.592592239379883
18689216,17.272727966308594
18690016,15.585585594177246
18694592,15.322580337524414
18700608,14.41290283203125
18707392,12.303278923034668
18715776,17.478992462158203
18722624,14.333333015441895
18723744,19.369369506835938
18726720,16.564706802368164
18733056,13.428571701049805
18734144,13.649038314819336
18737472,13.434124946594238
18738080,18.4375
18739488,15.437788009643555
18739872,12.572164535522461
18740320,17.88888931274414
18744064,14.589743614196777
18750208,15.29411792755127
18756704,13.98952865600586
18759904,8.673139572143555
18771424,16.23711395263672
18774272,16.235294342041016
18780768,12.995049476623535
18781504,12.76344108581543
18782656,15.178571701049805
18784000,13.345745086669922
18798304,14.468085289001465
18800704,12.931937217712402
18806432,14.809160232543945
18826048,12.827410697937012
18828992,10.373584747314453
18833056,15.368852615356445
18836512,12.250965118408203
18842240,16.550264358520508
18843232,13.381817817687988
18844736,12.22115421295166
18848576,16.582090377807617
18860256,14.912281036376953
18861056,15.542253494262695
18862624,13.930233001708984
18863456,11.74731159210205
18864480,19.47916603088379
18871840,12.877729415893555
18872064,9.376623153686523
18879072,17.76595687866211
18880032,19.966442108154297
18884736,15.439153671264648
18887648,7.758620738983154
18892064,16.13138771057129
18904864,15.788732528686523
18905280,16.493507385253906
18908928,15.2380952835083
18922688,16.380367279052734
18928832,11.70138931274414
18928928,12.97633171081543
18931904,20.689655303955078
18938464,12.253520965576172
18938656,16.108842849731445
18942880,15.526315689086914
18944352,16.037734985351562
18944576,12.824000358581543
18946048,16.75257682800293
18946368,16.745222091674805
18946944,18.05442237854004
18947200,15.528796195983887
18964160,14.32584285736084
18966400,14.320987701416016
18982432,11.77297306060791
18988576,16.740196228027344
18999712,20.933332443237305
19009408,10.976744651794434
19009632,16.154254913330078
19012128,13.408804893493652
19019776,18.085105895996094
19029216,11.122904777526855
19034752,16.88311767578125
19042624,12.676136016845703
19044704,14.641711235046387
19050656,18.22916603088379
19052416,12.618182182312012
19053408,12.742137908935547
19054720,12.895000457763672
19058112,13.559748649597168
19062464,15.0
19066880,13.309941291809082
19073248,12.682927131652832
19074176,16.547618865966797
19074976,15.061798095703125
19083136,16.42276382446289
19085792,18.359115600585938
19086848,18.70689582824707
19090880,13.285714149475098
19094752,14.875457763671875
19095840,17.901233673095703
19096000,12.733989715576172
19105760,15.104999542236328
19112832,14.552325248718262
19122880,13.342857360839844
19123456,11.864999771118164
19126080,12.614034652709961
19130656,10.766871452331543
19144192,16.9819278717041
19144960,13.501945495605469
19146688,11.915151596069336
19148000,10.697368621826172
19153056,15.085308074951172
19153728,15.53125
19155328,12.48698902130127
19158688,18.205127716064453
19160960,17.063491821289062
19162080,14.95121955871582
19163552,14.946523666381836
19165760,15.119999885559082
19168672,15.726666450500488
19170368,17.15116310119629
19171424,13.673469543457031
19173888,14.0
19174752,19.320388793945312
19176608,17.0
19180768,20.64102554321289
19184288,17.641510009765625
19184736,14.75
19187264,16.580509185791016
19193408,13.843023300170898
19194176,14.979866027832031
19196544,12.330143928527832
19197792,17.266990661621094
19199840,14.080459594726562
19201184,14.25
19203808,13.035927772521973
19209376,14.920454978942871
19211616,18.224138259887695
19215872,16.918270111083984
19217824,15.853658676147461
19232064,18.970930099487305
19235296,14.685714721679688
19241696,7.15895938873291
19243456,13.632768630981445
19260832,14.4399995803833
19261728,16.84782600402832
19263904,18.47058868408203
19272800,15.789473533630371
19277728,17.30769157409668
19285056,14.528302192687988
19285056,17.705883026123047
19300800,11.553398132324219
19303616,13.871794700622559
19311808,14.251497268676758
19325696,15.591715812683105
19329568,13.185791969299316
19329760,14.829999923706055
19330944,14.089946746826172
19332032,14.078947067260742
19333824,14.149999618530273
19334048,18.039215087890625
19342208,15.41044807434082
19351520,17.399999618530273
19352192,15.448529243469238
19353760,17.586206436157227
19358688,15.308176040649414
19362624,14.29230785369873
19366496,14.251572608947754
19372384,16.385541915893555
19380224,13.712820053100586
19380224,15.909090995788574
19382816,12.084444046020508
19385984,14.053254127502441
19389280,16.102439880371094
19395584,12.585799217224121
19398304,18.394365310668945
19399616,14.894309043884277
19401344,19.892473220825195
19403968,17.8038387298584
19407808,16.630434036254883
19411040,16.53424644470215
19411200,15.5645751953125
19415008,13.279735565185547
19422368,16.77114486694336
19424576,19.606298446655273
19429600,16.153846740722656
19430336,10.071942329406738
19442912,19.5
19443616,13.687970161437988
19444352,12.677083015441895
19444704,14.82412052154541
19448352,14.112195014953613
19457536,15.182353019714355
19461472,15.761589050292969
19464192,16.50943374633789
19467328,13.634782791137695
19471936,16.610811233520508
19479328,13.86528491973877
19480736,15.80152702331543
19485984,15.693467140197754
19488448,13.278688430786133
19490624,14.296296119689941
19497760,13.477706909179688
19502784,19.264705657958984
19504320,10.14973258972168
19508960,9.984375
19511712,12.14225959777832
19522432,14.510066986083984
19527200,17.282608032226562
19527936,13.72937297821045
19529632,17.356321334838867
19530880,17.786884307861328
19541888,15.274724960327148
19547648,14.276729583740234
19549440,14.582191467285156
19551712,16.09195327758789
19564672,10.141666412353516
19569504,15.283400535583496
19574880,18.194805145263672
19579744,17.30434799194336
19600160,16.47058868408203
19612768,17.278480529785156
19613792,14.376744270324707
19615168,16.66666603088379
19618176,16.529680252075195
19625472,16.172565460205078
19627136,16.43059539794922
19628032,15.147208213806152
19633312,16.0
19634848,18.421052932739258
19637408,19.277109146118164
19648896,16.554838180541992
19651392,12.270547866821289
19666592,20.175437927246094
19669760,14.41489315032959
19670560,15.13888931274414
19670784,14.335165023803711
19671712,14.340782165527344
19677472,14.883721351623535
19677984,16.454545974731445
19686336,12.206896781921387
19687648,17.115182876586914
19691200,12.658767700195312
19695648,13.0
19696768,13.20555591583252
19705376,13.167464256286621
19707680,7.679999828338623
19713824,14.614973068237305
19714560,16.75
19714816,16.35675621032715
19716832,13.328063011169434
19716960,14.942708015441895
19722016,15.463414192199707
19739904,14.449338912963867
19741856,12.788945198059082
19750176,14.545454978942871
19753184,17.448530197143555
19753184,20.07518768310547
19769792,13.897849082946777
19770752,18.129730224609375
19776640,11.43881893157959
19776640,20.58823585510254
19784736,13.8630952835083
19785600,14.17475700378418
19788128,20.512821197509766
19790976,14.967741966247559
19792128,9.34117603302002
19794816,14.030927658081055
19796416,13.215685844421387
19796864,16.287425994873047
19801408,14.13725471496582
19804032,13.576744079589844
19805856,13.277486801147461
19807360,10.637065887451172
19808896,16.237762451171875
19809472,21.157894134521484
19809824,15.605633735656738
19810848,8.560976028442383
19818048,9.58984375
19819808,17.18235206604004
19823648,14.757425308227539
19826912,15.526315689086914
19832000,14.146341323852539
19838368,13.734848022460938
19838400,17.6842098236084
19841984,16.75213623046875
19844352,14.845770835876465
19849920,14.610062599182129
19854400,17.1200008392334
19856288,11.363636016845703
19857568,12.970296859741211
19860160,17.383176803588867
19864832,14.959301948547363
19866368,13.566879272460938
19867264,13.85425090789795
19871200,16.828357696533203
19880736,15.642486572265625
19882112,15.637930870056152
19883936,10.933673858642578
19884416,17.384614944458008
19887872,13.583850860595703
19890144,16.08791160583496
19893632,16.559999465942383
19895616,11.354430198669434
19912160,13.339180946350098
19914048,19.176469802856445
19920032,13.24666690826416
19929888,16.506410598754883
19930432,11.557195663452148
19931104,12.539325714111328
19935232,7.679999828338623
19935936,11.596490859985352
19943104,17.978723526000977
19948512,19.452054977416992
19951136,12.063583374023438
19954336,13.683168411254883
19954784,15.416666984558105
19958752,17.619047164916992
19959392,14.070512771606445
19960768,16.40350914001465
19962432,17.216495513916016
19975872,11.596969604492188
19978784,11.470237731933594
19979136,13.11111068725586
19982848,14.666666984558105
19982976,15.426136016845703
19993856,14.598540306091309
19994112,13.612903594970703
19996576,8.352380752563477
19998752,14.064327239990234
19998944,11.683544158935547
20001184,10.488636016845703
20001408,18.714284896850586
20014240,14.873562812805176
20018784,11.012396812438965
20021696,14.622047424316406
20024192,15.625
20030720,14.702247619628906
20031776,19.195402145385742
20037216,11.219672203063965
20041152,11.498054504394531
20048096,16.22099494934082
20048384,13.25146198272705
20054048,15.074324607849121
20072288,14.864999771118164
20086944,12.31751823425293
20090848,15.476190567016602
20093664,13.560209274291992
20097568,12.005988121032715
20099488,15.461538314819336
20099520,11.768867492675781
20102720,13.632768630981445
20107520,13.106666564941406
20108160,14.93989086151123
20110272,12.316128730773926
20111360,13.336405754089355
20112800,13.496688842773438
20114848,12.771929740905762
20117696,12.120535850524902
20125280,15.576271057128906
20129888,13.459915161132812
20130368,15.378150939941406
20130464,10.47154426574707
20133920,15.025906562805176
20134816,13.698225021362305
20135168,16.1061954498291
20141984,13.123287200927734
20144288,14.027523040771484
20146336,12.231183052062988
20147456,16.552940368652344
20147776,12.338308334350586
20152032,13.13432788848877
20153600,15.021276473999023
20154688,15.82524299621582
20159552,12.654762268066406
20160864,20.3389835357666
20163456,14.390000343322754
20167392,17.140541076660156
20170112,15.559210777282715
20172704,13.764705657958984
20174848,14.620689392089844
20175168,15.512195587158203
20178816,14.096385955810547
20185920,17.123287200927734
20187040,15.322580337524414
20191872,20.09345817565918
20203488,15.882352828979492
20204608,13.165680885314941
20208544,13.124293327331543
20213344,10.86060619354248
20218016,16.72932243347168
20223360,14.254335403442383
20228000,15.77319622039795
20228704,8.697530746459961
20230080,12.402298927307129
20231872,15.762162208557129
20234752,13.069766998291016
20236320,10.380697250366211
20238048,16.402877807617188
20243776,15.056180000305176
20258496,14.563106536865234
20260640,14.343194961547852
20263712,11.290816307067871
20270400,14.615385055541992
20271904,13.656716346740723
20276768,17.039735794067383
20276960,11.101449012756348
20287456,8.831804275512695
20289888,14.649532318115234
20292768,11.988950729370117
20294240,19.69072151184082
20295616,12.022222518920898
20296128,14.753488540649414
20296224,14.539473533630371
20302656,14.1875
20320160,14.87005615234375
20324928,17.46666717529297
20325760,11.196296691894531
20331520,11.5
20333568,18.33333396911621
20336032,15.781064987182617
20338848,15.708333015441895
20339104,15.923076629638672
20344608,9.329730033874512
20351200,11.693333625793457
20351200,17.377483367919922
20352448,14.460432052612305
20361856,17.104394912719727
20363680,17.236024856567383
20366304,15.66880989074707
20367712,12.90999984741211
20378176,16.571428298950195
20380832,15.118110656738281
20406624,19.72222137451172
20408000,15.303665161132812
20408864,15.726367950439453
20408896,16.398406982421875
20411552,10.354938507080078
20422624,18.2391300201416
20422848,15.17937183380127
20427424,14.83510684967041
20429120,15.485148429870605
20431456,14.904109954833984
20440160,15.184210777282715
20445504,13.256097793579102
20446592,15.823204040527344
20448512,13.099447250366211
20461024,16.27450942993164
20461888,11.327160835266113
20462656,11.155340194702148
20466240,12.540372848510742
20477888,15.230392456054688
20478592,14.678898811340332
20481792,16.399999618530273
20489216,19.02777862548828
20492864,13.168367385864258
20492992,16.779661178588867
20494048,18.091602325439453
20496160,15.264705657958984
20500768,15.403726577758789
20503872,11.524862289428711
20506688,14.243749618530273
20509152,16.536584854125977
20511616,20.099010467529297
20511776,16.27450942993164
20512224,14.182857513427734
20516320,16.04938316345215
20518368,11.672727584838867
20533024,13.0
20539040,14.970731735229492
20543168,20.0
20549952,16.486486434936523
20552544,12.001999855041504
20555840,10.722222328186035
20557696,15.472527503967285
20560352,13.728571891784668
20565152,14.982758522033691
20566144,16.496774673461914
20581120,13.152542114257812
20586496,14.913793563842773
20590816,15.952702522277832
20599584,15.63265323638916
20618048,17.669902801513672
20618720,14.709877014160156
20620704,13.459349632263184
20624736,11.647058486938477
20627584,17.220779418945312
20627872,15.732758522033691
20628288,20.247934341430664
20629536,14.986577033996582
20631168,17.60344886779785
20632800,12.433961868286133
20634560,15.293705940246582
20638688,10.144330024719238
20640736,10.256410598754883
20643616,16.732027053833008
20645280,15.690789222717285
20647712,14.533333778381348
20648608,11.529069900512695
20650144,15.952381134033203
20650400,16.006288528442383
20652000,16.57594871520996
20653472,16.816667556762695
20656384,14.030927658081055
20657728,13.98245620727539
20658528,13.807453155517578
20669536,16.157302856445312
20672224,13.455056190490723
20679040,16.66666603088379
20683104,12.361445426940918
20688768,15.984127044677734
20689952,17.545454025268555
20691296,22.030075073242188
20703936,17.55828285217285
20704064,15.324502944946289
20706432,15.427778244018555
20708864,15.069620132446289
20711904,17.69230842590332
20712288,14.913579940795898
20713504,14.795811653137207
20719360,11.543103218078613
20724544,16.467741012573242
20725088,11.873785972595215
20728096,18.064516067504883
20739424,15.55384635925293
20744608,15.134146690368652
20758816,15.837662696838379
20759072,17.082901000976562
20773824,13.276596069335938
20774752,16.25423812866211
20777088,14.877300262451172
20778144,14.688405990600586
20780512,20.410959243774414
20787296,16.066225051879883
20802496,11.79477596282959
20802688,15.634831428527832
20809760,14.677419662475586
20810784,15.528302192687988
20811968,14.306748390197754
20814464,10.877805709838867
20819040,16.559139251708984
20820160,15.454545021057129
20823968,13.460000038146973
20826912,14.890830039978027
20852672,18.25
20855552,14.731958389282227
20858176,10.35981273651123
20870080,12.819209098815918
20871072,15.89637279510498
20872384,18.839284896850586
20876032,15.060240745544434
20881216,18.202247619628906
20888416,16.399999618530273
20889120,17.86516761779785
20890880,14.670269966125488
20891296,13.207650184631348
20893568,12.451923370361328
20896576,12.553672790527344
20912672,13.88888931274414
20926080,14.194117546081543
20929664,15.401459693908691
20933600,13.478599548339844
20935872,18.524999618530273
20941600,14.781131744384766
20944736,15.254545211791992
20947136,16.104476928710938
20953312,11.660377502441406
20954144,16.30845832824707
20962880,13.84713363647461
20965248,20.0
20965856,12.78125
20972800,12.80349349975586
20979360,14.19463062286377
20982272,18.44444465637207
20992864,16.272727966308594
21001216,16.94409942626953
21006240,13.816455841064453
21008064,17.02083396911621
21013280,10.459183692932129
21013536,12.804733276367188
21013568,13.660919189453125
21015232,12.841269493103027
21017376,11.379310607910156
21020704,17.503225326538086
21020864,14.814814567565918
21021536,15.061798095703125
21023104,22.947368621826172
21024096,18.037914276123047
21030560,13.068571090698242
21032320,16.538461685180664
21042912,14.769697189331055
21045536,14.586206436157227
21049952,15.070755004882812
21053056,17.5
21054016,11.032500267028809
21054432,13.962499618530273
21061472,16.840206146240234
21063520,17.520362854003906
21075840,16.9786319732666
21075968,16.54913330078125
21076224,9.939130783081055
21082240,14.740506172180176
21082592,15.133333206176758
21082848,17.313432693481445
21089728,13.312820434570312
21091424,14.515957832336426
21094944,13.04433536529541
21095072,16.53061294555664
21103040,18.0184326171875
21104928,13.396985054016113
21113024,14.160655975341797
21114400,16.633092880249023
21118240,14.324999809265137
21125760,13.924050331115723
21127008,16.19135856628418
21128096,17.066965103149414
21128992,15.107954978942871
21130752,15.142857551574707
21130816,14.454148292541504
21132928,15.0625
21142656,18.702289581298828
21143008,14.623656272888184
21145280,15.482926368713379
21146944,14.338164329528809
21147200,17.1011905670166
21155520,15.511628150939941
21156064,8.474431991577148
21157824,15.351351737976074
21164160,16.958114624023438
21164832,16.719999313354492
21165216,16.2568302154541
21168480,15.600000381469727
21169024,15.615818977355957
21169824,20.188678741455078
21170784,19.870967864990234
21173856,13.31615161895752
21180192,16.053333282470703
21187744,11.219779968261719
21193280,12.802030563354492
21193728,15.546875
21198144,19.393939971923828
21202816,13.537848472595215
21204320,18.88888931274414
21221056,16.65534019470215
21230880,16.83333396911621
21231424,15.189188957214355
21237120,16.566667556762695
21240480,21.870588302612305
21243136,14.953917503356934
21244800,14.659793853759766
21247616,14.339506149291992
21248288,16.545000076293945
21263200,19.772727966308594
21269952,18.90625
21273664,13.3421049118042
21276640,14.80536937713623
21277888,16.93693733215332
21278816,13.61832046508789
21289152,14.133689880371094
21293472,16.82822036743164
21294624,17.97810173034668
21295808,14.622221946716309
21310656,14.040404319763184
21316000,15.11111068725586
21319456,14.344827651977539
21319776,12.633986473083496
21321152,15.753424644470215
21325792,18.148147583007812
21325920,13.529411315917969
21328992,13.814126014709473
21329344,16.440414428710938
21340640,14.681564331054688
21351168,14.414965629577637
21351616,12.870813369750977
21354400,15.30386734008789
21356256,15.965517044067383
21357280,15.69444465637207
21357824,16.975460052490234
21358944,16.428571701049805
21362208,12.670782089233398
21363584,13.626373291015625
21376864,12.523809432983398
21386816,14.236263275146484
21387392,16.974746704101562
21387776,15.130719184875488
21401792,11.192192077636719
21403040,16.19473648071289
21408544,13.636363983154297
21408864,14.147783279418945
21413568,13.664864540100098
21415552,7.222580432891846
21420128,13.971311569213867
21421120,15.461111068725586
21422976,15.562162399291992
21423328,16.316741943359375
21428000,10.394330024719238
21429504,13.746445655822754
21439104,15.89696979522705
21439456,8.441441535949707
21439616,14.131428718566895
21442112,15.649572372436523
21443168,13.941520690917969
21454112,13.497607231140137
21457632,15.056180000305176
21463424,12.13888931274414
21463968,10.497109413146973
21464672,14.210526466369629
21465664,14.6936616897583
21471520,14.039999961853027
21475392,14.144186019897461
21477376,15.149660110473633
21480032,13.473958015441895
21494720,11.794759750366211
21495456,10.995671272277832
21502752,14.880952835083008
21503360,9.854508399963379
21504288,15.058479309082031
21507840,13.893333435058594
21512640,19.196428298950195
21516704,14.318181991577148
21521248,15.00540542602539
21527040,13.714285850524902
21528000,13.712871551513672
21538560,12.070270538330078
21538944,17.753623962402344
21540736,13.328042030334473
21541440,10.747618675231934
21543680,13.807486534118652
21544128,18.248554229736328
21544704,11.595745086669922
21549088,14.892617225646973
21549792,13.788079261779785
21554944,12.82629108428955
21558880,16.879194259643555
21571328,9.612716674804688
21571616,16.695402145385742
21573344,16.911243438720703
21575424,14.354430198669434
21578016,15.939023971557617
21578688,16.14678955078125
21580032,19.042552947998047
21582976,9.603333473205566
21585696,11.63900375366211
21592544,13.70223331451416
21593568,11.486891746520996
21596640,17.540983200073242
21597344,21.384614944458008
21597792,13.37423324584961
21603872,15.554286003112793
21606432,16.052980422973633
21614048,15.227272987365723
21623424,14.463519096374512
21627712,15.199999809265137
21637824,17.1733341217041
21643008,12.538070678710938
21648448,13.213017463684082
21649088,17.435897827148438
21652384,14.22535228729248
21653504,14.21264362335205
21657184,19.594594955444336
21657792,15.818750381469727
21662272,14.850678443908691
21662592,15.413793563842773
21662688,14.497512817382812
21663200,14.81900405883789
21665312,9.777070045471191
21666880,11.355999946594238
21671264,20.175437927246094
21676288,21.061946868896484
21678592,18.981481552124023
21684288,17.5
21690144,12.634482383728027
21697760,16.382198333740234
21698176,12.77439022064209
21705024,14.756522178649902
21707456,16.365854263305664
21708448,15.866666793823242
21712640,15.634517669677734
21714752,16.929729461669922
21720448,13.095237731933594
21724640,15.52173900604248
21728256,10.42682933807373
21729312,17.79660987854004
21731808,16.233766555786133
21733824,14.982659339904785
21734336,16.23015785217285
21746752,19.846153259277344
21749600,16.120689392089844
21754944,16.506023406982422
21755520,18.367347717285156
21757568,11.616487503051758
21761312,13.607913970947266
21763680,8.876518249511719
21764224,17.894737243652344
21768672,17.812902450561523
21770944,17.476634979248047
21773152,16.222856521606445
21780736,17.895706176757812
21785856,16.592592239379883
21791488,12.46212100982666
21794528,13.169610977172852
21799456,10.236948013305664
21802240,11.314741134643555
21815104,16.75742530822754
21815904,16.904762268066406
21824096,17.08791160583496
21829408,18.9743595123291
21830432,17.92893409729004
21830560,18.618356704711914
21831776,12.968838691711426
21834304,15.044642448425293
21834400,17.165353775024414
21838432,15.92682933807373
21845408,17.314815521240234
21863648,15.75428581237793
21865856,13.884146690368652
21872192,15.852380752563477
21874912,21.66666603088379
21881568,16.59281349182129
21895456,16.654376983642578
21897664,15.55063247680664
21903072,13.71830940246582
21905504,16.471961975097656
21910656,16.89051055908203
21918944,12.774999618530273
21920864,16.592592239379883
21920864,18.938356399536133
21921632,20.4819278717041
21924224,11.961038589477539
21924960,13.450237274169922
21925920,16.26335906982422
21935104,17.2261905670166
21939680,17.75
21945696,12.746543884277344
21949248,16.32903289794922
21950272,14.743718147277832
21953248,16.66666603088379
21955776,15.973958015441895
21958240,16.039772033691406
21960960,15.90673542022705
21961056,21.544715881347656
21964800,20.975608825683594
21965664,10.040358543395996
21965792,16.43404197692871
21971456,16.05555534362793
21972512,16.488584518432617
21973472,20.0
21983136,18.492753982543945
21986176,12.745762825012207
21987328,16.796178817749023
21991488,18.045917510986328
21993824,18.292682647705078
21998112,17.13529396057129
22000352,15.236842155456543
22001920,22.1126766204834
22004160,15.832511901855469
22004352,16.811111450195312
22020992,18.970060348510742
22025056,8.358695983886719
22030240,18.461538314819336
22037408,15.15384578704834
22038752,15.24096393585205
22042688,15.90234375
22045952,16.801204681396484
22048992,15.11111068725586
22055456,14.415842056274414
22059488,18.11111068725586
22062336,18.080808639526367
22068928,15.908601760864258
22074176,14.28834342956543
22075680,17.53472137451172
22082720,11.739130020141602
22086944,16.447673797607422
22094016,17.418033599853516
22097056,16.112611770629883
22098784,19.440000534057617
22105952,13.071428298950195
22110848,13.973684310913086
22121952,16.31147575378418
22124352,16.87978172302246
22124448,14.64383602142334
22125312,11.1026611328125
22132832,20.161972045898438
22132864,16.654449462890625
22147168,12.5
22152832,12.005555152893066
22153216,14.413793563842773
22158688,11.876032829284668
22164064,15.432098388671875
22167872,15.919354438781738
22176224,16.44623565673828
22177728,15.963414192199707
22181472,15.8804349899292
22181792,16.005714416503906
22182240,15.384614944458008
22188736,15.024752616882324
22190944,18.084821701049805
22191648,17.643835067749023
22197120,18.934425354003906
22208512,10.498591423034668
22215680,18.122303009033203
22223136,17.30434799194336
22223328,20.0
22232320,21.322580337524414
22235360,14.583333015441895
22247456,19.055171966552734
22252864,14.350000381469727
22253856,18.624364852905273
22258080,17.46666717529297
22259008,16.167665481567383
22261792,20.56910514831543
22265056,18.730592727661133
22268320,17.764192581176758
22270336,20.384180068969727
22276320,14.0
22278592,17.18181800842285
22281888,16.410404205322266
22286208,17.153846740722656
22286560,21.504425048828125
22286880,17.14912223815918
22291968,14.16201114654541
22299904,14.871794700622559
22304608,17.685314178466797
22304672,15.805970191955566
22310208,17.47282600402832
22329024,13.112675666809082
22329824,12.247899055480957
22332544,15.494208335876465
22332960,15.190839767456055
22335488,14.72670841217041
22339872,17.566137313842773
22340704,20.86419677734375
22342208,14.668181419372559
22345824,18.0238094329834
22347584,18.371257781982422
22350080,12.989510536193848
22354976,21.265823364257812
22360256,16.879310607910156
22361152,16.796875
22363232,13.967741966247559
22365632,18.22694969177246
22368224,10.314159393310547
22371712,14.38624382019043
22373664,16.10897445678711
22375616,16.808509826660156
22378528,17.5657901763916
22378560,21.182796478271484
22381472,15.222891807556152
22386656,17.55555534362793
22396544,13.644670486450195
22397184,9.895522117614746
22404896,8.832134246826172
22405344,17.708541870117188
22410432,15.591928482055664
22415232,15.607758522033691
22424512,9.414414405822754
22428512,13.194805145263672
22429184,13.623188018798828
22443968,14.462809562683105
22451232,15.908571243286133
22456192,17.446807861328125
22464000,22.4489803314209
22467200,8.670000076293945
22474624,16.66666603088379
22484192,18.269502639770508
22487904,12.041152000427246
22488064,14.429863929748535
22490432,18.773584365844727
22490560,15.449101448059082
22490592,15.734375
22493632,14.366935729980469
22493920,12.902040481567383
22494240,15.123287200927734
22498208,14.690909385681152
22508608,14.398104667663574
22510624,14.863636016845703
22511232,16.151079177856445
22511744,13.124324798583984
22512800,14.765217781066895
22515936,13.180000305175781
22521824,12.524590492248535
22534688,13.341911315917969
22535680,10.476190567016602
22536192,15.648780822753906
22536960,7.8322367668151855
22539744,16.1616153717041
22541632,14.51098918914795
22543008,9.946478843688965
22547520,19.03508758544922
22549856,11.816216468811035
22558400,14.481781005859375
22559776,16.75342559814453
22567168,16.576086044311523
22567936,16.606382369995117
22568224,17.1875
22572576,14.933774948120117
22585088,15.695121765136719
22593728,13.214285850524902
22600320,15.916666984558105
22612448,10.347402572631836
22612992,18.414634704589844
22617152,14.618496894836426
22618720,18.19895362854004
22624960,15.318681716918945
22630656,17.230215072631836
22633664,20.620155334472656
22663264,19.44961166381836
22663520,16.914474487304688
22679904,19.5
22690848,16.767566680908203
22693696,16.44230842590332
22710016,19.11111068725586
22711072,17.251163482666016
22717568,16.295337677001953
22718016,14.623656272888184
22731776,18.037384033203125
22731872,16.28125
22734464,18.082279205322266
22737888,15.427083015441895
22745344,15.894495010375977
22747232,15.191709518432617
22758624,19.594594955444336
22764320,14.916666984558105
22768256,12.373332977294922
22772320,14.322580337524414
22774496,13.666666984558105
22776032,12.506173133850098
22782848,18.33333396911621
22783200,16.30434799194336
22784736,15.630952835083008
22789024,10.896552085876465
22789056,18.621795654296875
22792512,16.689189910888672
22793888,17.46794891357422
22797152,17.78911590576172
22804032,13.788820266723633
22804928,15.859550476074219
22835072,15.707070350646973
22839104,16.829545974731445
22839424,11.788546562194824
22839744,14.1010103225708
22848960,13.734939575195312
22853728,18.97385597229004
22856288,11.758139610290527
22860416,19.195402145385742
22862560,16.538461685180664
22867136,17.216981887817383
22869632,17.026315689086914
22872928,17.125
22874592,14.518072128295898
22878464,13.83684253692627
22893760,9.833333015441895
22894080,19.055213928222656
22900800,16.06467628479004
22906304,14.57317066192627
22907680,17.52808952331543
22909888,16.852041244506836
22913344,14.956332206726074
22919232,16.076923370361328
22929280,16.875
22929760,23.850574493408203
22930496,16.36305809020996
22941472,16.399999618530273
22941984,11.996109008789062
22942528,11.93962287902832
22948448,13.622857093811035
22949760,17.313432693481445
22965568,21.547618865966797
22974368,16.355030059814453
22975008,12.260869979858398
22977984,22.589284896850586
22988960,14.979591369628906
22990752,15.768844604492188
22990816,13.670330047607422
22994880,14.428571701049805
22997888,12.46753215789795
22999008,16.425743103027344
22999360,25.65217399597168
23007072,18.312849044799805
23007104,13.743315696716309
23011584,15.036585807800293
23012608,16.926965713500977
23021152,19.603960037231445
23021728,12.706611633300781
23026336,17.288135528564453
23037536,13.09937858581543
23050720,15.334951400756836
23059168,12.35169506072998
23072960,14.416666984558105
23083424,15.877419471740723
23085152,16.052631378173828
23086624,15.03546142578125
23088000,19.238094329833984
23088448,16.526315689086914
23089120,13.857142448425293
23090560,17.193628311157227
23095840,16.385135650634766
23099424,14.015957832336426
23099712,14.26767635345459
23104064,15.809523582458496
23105088,17.78074836730957
23105248,18.5
23111808,15.586956977844238
23113568,15.434782981872559
23114528,14.644444465637207
23114592,11.346320152282715
23119072,16.896739959716797
23125152,5.44444465637207
23126784,12.514376640319824
23128160,16.876848220825195
23138336,13.274999618530273
23139360,18.617021560668945
23140480,15.896039962768555
23140992,11.973214149475098
23141664,13.022222518920898
23150688,15.963414192199707
23165824,13.433673858642578
23167136,14.633879661560059
23169536,15.824175834655762
23174784,9.094202995300293
23175296,14.96954345703125
23175552,15.736196517944336
23187616,7.952218532562256
23191168,19.595958709716797
23207584,10.51101303100586
23213120,18.65168571472168
23216992,15.02808952331543
23217504,15.237837791442871
23217536,13.855721473693848
23218496,13.550561904907227
23224000,12.10091781616211
23227808,16.64804458618164
23237696,15.020833015441895
23248192,14.825726509094238
23251200,12.35195541381836
23254432,15.38620662689209
23254656,15.321637153625488
23254880,19.320755004882812
23272704,10.327272415161133
23279872,15.668449401855469
23281792,15.098591804504395
23283072,17.587379455566406
23284416,15.860215187072754
23289760,11.974358558654785
23293152,15.649999618530273
23293504,15.4399995803833
23295424,16.914474487304688
23299680,13.911392211914062
23313632,17.51764678955078
23314752,18.911916732788086
23320064,15.542372703552246
23333152,15.393258094787598
23338112,19.20754623413086
23341248,19.065933227539062
23346208,7.663551330566406
23358720,13.947368621826172
23362080,16.767677307128906
23363200,18.59813117980957
23364352,16.890243530273438
23365056,17.63087272644043
23365152,16.99342155456543
23371616,16.798851013183594
23371744,16.57232666015625
23378912,18.628416061401367
23382528,16.311111450195312
23384416,17.473430633544922
23384512,15.739837646484375
23385280,15.590909004211426
23404448,12.145228385925293
23404512,17.975309371948242
23411424,14.1899995803833
23411552,13.772455215454102
23416000,11.8467435836792
23418624,12.510526657104492
23433376,16.923076629638672
23438528,14.375
23442560,12.06862735748291
23443200,16.391565322875977
23451584,15.381817817687988
23455680,16.5
23473536,13.29946517944336
23473568,19.904762268066406
23477504,20.299999237060547
23488576,14.587570190429688
23494304,12.604477882385254
23498144,14.081218719482422
23499456,16.537572860717773
23500640,17.986425399780273
23500768,23.882352828979492
23502432,18.122303009033203
23520000,15.079999923706055
23533920,13.178571701049805
23543680,13.142857551574707
23544192,17.11467933654785
23556768,18.823530197143555
23557472,17.44444465637207
23562560,16.144886016845703
23569408,9.192307472229004
23570112,13.108108520507812
23573184,12.633027076721191
23588512,19.247312545776367
23598048,12.868182182312012
23607744,16.909090042114258
23610752,11.391975402832031
23620128,14.647887229919434
23620768,11.660550117492676
23621984,10.369999885559082
23623040,15.664429664611816
23628928,16.70212745666504
23633440,17.954545974731445
23634752,14.610062599182129
23635584,14.919047355651855
23635904,13.777108192443848
23640512,15.859550476074219
23643520,17.77777862548828
23651168,13.755208015441895
23657696,17.200000762939453
23659488,11.640151977539062
23661312,15.0
23666336,11.894272804260254
23666912,17.649351119995117
23671840,20.176990509033203
23674976,13.01195240020752
23676448,16.213953018188477
23676800,11.236000061035156
23687744,16.306358337402344
23694528,11.973509788513184
23697888,15.878453254699707
23698560,17.808822631835938
23701184,17.745098114013672
23702944,15.601190567016602
23708288,11.751968383789062
23719360,16.143749237060547
23731584,14.84782600402832
23732896,15.55555534362793
23738080,17.414894104003906
23742208,18.29347801208496
23743648,17.769229888916016
23744320,15.850000381469727
23747968,14.324324607849121
23754016,12.592040061950684
23757696,16.438356399536133
23757728,15.996015548706055
23762816,22.158227920532227
23772768,14.614130020141602
23775712,13.965517044067383
23777536,16.005847930908203
23781216,23.783782958984375
23783360,13.295720100402832
23787808,11.012225151062012
23789088,15.059633255004883
23791936,13.485915184020996
23793024,14.814814567565918
23796608,16.585365295410156
23796768,18.079999923706055
23801376,15.490446090698242
23803808,13.261224746704102
23808160,9.694323539733887
23811904,19.328357696533203
23812224,9.43379020690918
23812352,13.655914306640625
23815968,13.185185432434082
23822048,18.44660186767578
23823648,15.564516067504883
23825792,17.162790298461914
23826496,13.04444408416748
23835424,15.944162368774414
23837408,13.365385055541992
23837920,16.83333396911621
23843872,11.771604537963867
23847200,16.260204315185547
23847808,9.757281303405762
23852704,15.876404762268066
23870464,11.608695983886719
23877856,16.201257705688477
23878720,18.21904754638672
23880960,14.54913330078125
23880960,18.483516693115234
23889984,16.20689582824707
23890432,11.1694917678833
23892288,12.736842155456543
23896352,17.47468376159668
23900480,13.883041381835938
23902240,14.75
23909984,19.617021560668945
23912672,14.826347351074219
23916320,16.069364547729492
23917152,15.033019065856934
23922336,16.362499237060547
23925984,16.60194206237793
23929472,14.923076629638672
23931200,11.964496612548828
23937216,15.245283126831055
23942080,11.662125587463379
23946752,18.045454025268555
23953728,13.133333206176758
23960512,15.0
23962208,15.662069320678711
23965984,15.353590965270996
23975136,15.761290550231934
23976256,15.297297477722168
23979136,14.125
23993280,15.639639854431152
24000960,8.70608139038086
24001632,11.333333015441895
24007296,17.32596778869629
24015872,17.597511291503906
24021056,16.479768753051758
24028608,15.535135269165039
24029056,16.111650466918945
24031776,14.139896392822266
24033280,16.302013397216797
24041728,19.03061294555664
24042528,15.877551078796387
24045728,17.0
24051200,11.871508598327637
24053920,13.3804349899292
24059456,14.149484634399414
24063072,9.418103218078613
24063136,15.934959411621094
24065792,17.649635314941406
24066560,12.69035530090332
24070528,20.535715103149414
24070720,17.29556655883789
24074848,15.54054069519043
24076704,13.377049446105957
24077088,17.64583396911621
24077920,16.526315689086914
24079360,16.056337356567383
24079360,17.660919189453125
24089504,18.26490020751953
24091232,15.48795223236084
24091264,17.204301834106445
24102048,17.342342376708984
24106368,15.206029891967773
24106912,12.449897766113281
24117760,16.92405128479004
24122496,17.664596557617188
24132128,19.299999237060547
24140224,16.236263275146484
24141664,12.358695983886719
24143392,13.625
24144384,12.155660629272461
24151232,14.977143287658691
24162368,13.619047164916992
24163712,12.459301948547363
24164928,10.874396324157715
24165120,16.823530197143555
24167936,19.5
24174848,12.17391300201416
24176128,12.925000190734863
24178560,17.8764705657959
24181792,16.409090042114258
24200480,14.576576232910156
24209760,14.869318008422852
24215360,16.994253158569336
24218944,16.423913955688477
24222336,15.764976501464844
24226656,14.933649063110352
24227840,14.530120849609375
24239808,16.636363983154297
24240672,16.23595428466797
24240704,16.79096031188965
24241408,16.874252319335938
24247104,16.53333282470703
24248480,17.52941131591797
24249152,15.580952644348145
24255168,15.115385055541992
24256448,12.969849586486816
24261888,16.27142906188965
24266400,14.31891918182373
24267200,10.79420280456543
24271968,13.832369804382324
24274752,11.590089797973633
24278464,14.627659797668457
24281504,8.310262680053711
24281888,14.642486572265625
24292512,15.433155059814453
24301792,18.76288604736328
24310112,13.567058563232422
24312896,15.517441749572754
24316416,13.328859329223633
24321472,17.225433349609375
24329888,16.63225746154785
24339968,8.99352741241455
24350912,13.790122985839844
24358496,13.168724060058594
24362880,15.021459579467773
24363328,17.16025733947754
24363552,13.687150955200195
24363552,17.15447235107422
24364192,20.34482765197754
24365536,16.163742065429688
24367328,19.6842098236084
24375072,15.415458679199219
24378656,12.595918655395508
24379136,16.47333335876465
24384704,8.953332901000977
24387328,13.166666984558105
24394240,7.855233669281006
24396032,17.657533645629883
24401760,14.466666221618652
24409856,15.53499984741211
24415872,17.578125
24422080,11.029939651489258
24426848,16.865497589111328
24427520,15.35106372833252
24440032,14.850746154785156
24440352,17.62580680847168
24446240,13.201004981994629
24446464,15.530863761901855
24450976,15.303191184997559
24455584,17.105262756347656
24458528,14.754097938537598
24460640,17.163522720336914
24463264,9.988763809204102
24467744,9.47445297241211
24472608,11.551724433898926
24476000,20.61855697631836
24483072,10.959866523742676
24491488,18.518518447875977
24492608,17.79660987854004
24493536,12.088234901428223
24499616,18.206249237060547
24502336,17.571428298950195
24505088,17.118919372558594
24510624,16.368715286254883
24513248,24.325841903686523
24513376,17.074073791503906
24520288,17.20138931274414
24524128,10.41772174835205
24527040,18.235294342041016
24532832,11.426087379455566
24536416,18.546052932739258
24537760,16.86274528503418
24539552,11.576923370361328
24542944,13.571428298950195
24544864,16.200000762939453
24547936,16.305389404296875
24551616,16.236967086791992
24560800,18.115942001342773
24564416,15.935483932495117
24566304,16.116504669189453
24570496,15.52601146697998
24583616,17.021276473999023
24589888,14.987069129943848
24590208,13.614999771118164
24593280,16.513761520385742
24593312,16.08148193359375
24595456,16.95375633239746
24599200,16.829267501831055
24613504,15.2380952835083
24613536,14.602563858032227
24617216,14.232558250427246
24633984,16.41025733947754
24637184,18.231884002685547
24641920,14.205479621887207
24642336,16.60714340209961
24648384,14.115646362304688
24652736,15.65656566619873
24653056,16.46073341369629
24656512,13.699999809265137
24663232,15.49350643157959
24664160,14.661818504333496
24668544,15.192307472229004
24676000,18.206666946411133
24678144,14.86111068725586
24679456,18.55555534362793
24681184,14.369942665100098
24687232,18.006492614746094
24688160,14.482558250427246
24692896,16.190475463867188
24694880,16.56770896911621
24695424,12.435606002807617
24699328,19.670732498168945
24702336,14.889867782592773
24706048,15.25
24708544,18.893617630004883
24714336,15.416666984558105
24725568,10.424107551574707
24725600,18.7439022064209
24727680,17.97101402282715
24728832,15.207253456115723
24734112,18.44660186767578
24734592,14.35616397857666
24739104,16.19565200805664
24743008,15.702479362487793
24743648,17.882352828979492
24743840,11.056034088134766
24745280,13.737089157104492
24746240,16.40999984741211
24747296,14.177215576171875
24749664,11.808080673217773
24753120,12.498154640197754
24753472,15.5591402053833
24756128,12.54958724975586
24759392,15.55555534362793
24768672,12.528735160827637
24774912,9.95195198059082
24776032,11.765957832336426
24779616,12.706767082214355
24780384,12.181034088134766
24786016,16.38888931274414
24795776,12.46258544921875
24806304,13.174273490905762
24806944,14.871794700622559
24808032,16.26595687866211
24810304,14.538961410522461
24825088,13.095041275024414
24825792,11.561403274536133
24829632,15.887324333190918
24833216,15.677419662475586
24835328,14.927778244018555
24854688,11.637554168701172
24856736,13.178343772888184
24864928,16.19565200805664
24869632,17.402009963989258
24873888,16.347305297851562
24884832,17.612499237060547
24885024,15.977272987365723
24891136,16.36111068725586
24894976,15.714285850524902
24896256,16.5696964263916
24896448,20.4255313873291
24901472,16.785715103149414
24902016,12.195402145385742
24908096,17.941177368164062
24912096,17.165803909301758
24915584,23.928571701049805
24917856,13.783019065856934
24918816,17.375782012939453
24919264,15.569697380065918
24921728,15.476190567016602
24926688,20.987653732299805
24936800,13.873831748962402
24945056,12.371133804321289
24945056,14.117116928100586
24947328,16.22147560119629
24951232,14.793388366699219
24971232,12.924528121948242
24974368,16.1061954498291
24975616,14.733766555786133
24977312,15.49315071105957
24980992,11.111650466918945
24981056,12.788461685180664
24984320,17.5219783782959
24996960,16.076923370361328
25003904,13.474226951599121
25006144,14.30555534362793
25006976,18.086956024169922
25010112,16.63157844543457
25011840,15.80971622467041
25015232,16.73366928100586
25019616,15.933333396911621
25019808,17.74242401123047
25024512,8.195876121520996
25031840,9.220000267028809
25037600,13.860335350036621
25042272,16.17177963256836
25048160,16.769229888916016
25048256,14.248868942260742
25052608,14.570588111877441
25052928,16.491329193115234
25063008,15.275132179260254
25065568,17.291261672973633
25065984,12.100558280944824
25071424,18.092714309692383
25077600,15.484375
25086208,9.901960372924805
25089216,13.354625701904297
25091392,9.940909385681152
25114976,12.598424911499023
25115616,12.814814567565918
25120736,16.50857162475586
25123136,17.503759384155273
25124320,12.461538314819336
25128576,16.392637252807617
25139040,15.38341999053955
25151392,22.289155960083008
25154112,13.980392456054688
25155968,15.517241477966309
25159840,19.0264892578125
25164704,15.924418449401855
25174496,18.225000381469727
25186016,14.0
25187456,19.350000381469727
25188096,18.2756404876709
25189152,17.02970314025879
25194656,17.038888931274414
25199104,10.88479232788086
25203584,17.882051467895508
25205344,20.28481101989746
25211776,21.25
25213472,15.783333778381348
25215968,15.349726676940918
25218880,18.77777862548828
25220256,13.844444274902344
25222080,15.473958015441895
25228576,15.050504684448242
25230176,11.066666603088379
25234592,18.006755828857422
25234656,17.985610961914062
25235104,15.416666984558105
25236128,12.95708179473877
25236896,15.729166984558105
25237888,14.774834632873535
25251680,16.60869598388672
25252864,17.978723526000977
25253248,14.545454978942871
25254976,13.317584991455078
25255712,17.960893630981445
25259008,22.12765884399414
25262080,16.238094329833984
25263712,14.275861740112305
25270304,13.162161827087402
25271808,10.00990104675293
25285536,14.296052932739258
25285600,16.64824104309082
25295424,12.661375999450684
25298400,13.234042167663574
25299744,15.415300369262695
25300640,15.622221946716309
25304832,14.458937644958496
25305728,14.5119047164917
25305888,17.69753074645996
25308192,15.067416191101074
25310816,18.132274627685547
25321600,14.99438190460205
25324192,16.31818199157715
25331968,15.640718460083008
25333408,18.125
25336032,15.960000038146973
25343872,16.156028747558594
25351328,12.051063537597656
25359040,11.5
25367808,13.883562088012695
25370912,15.627193450927734
25377056,16.245487213134766
25380128,17.043010711669922
25380768,16.381187438964844
25389664,17.125
25393472,17.710844039916992
25397120,13.164251327514648
25399744,13.990476608276367
25399744,15.241829872131348
25402400,12.344594955444336
25408256,11.782608985900879
25412352,14.018867492675781
25417952,5.804166793823242
25423936,14.397849082946777
25424288,12.858208656311035
25426016,15.833333015441895
25437568,17.04918098449707
25438016,13.564356803894043
25441024,15.553072929382324
25441472,19.705883026123047
25442048,14.235849380493164
25446016,16.989246368408203
25450752,12.985507011413574
25463840,13.454999923706055
25470080,13.334558486938477
25485536,14.98019790649414
25486368,15.664921760559082
25487904,20.44247817993164
25492416,15.121827125549316
25495168,18.66666603088379
25496544,15.789473533630371
25501120,14.087629318237305
25502656,17.658031463623047
25508416,16.917098999023438
25509088,17.92405128479004
25524544,11.52464771270752
25532736,14.415094375610352
25539296,11.937007904052734
25547200,19.18857192993164
25551520,17.691823959350586
25551808,13.970760345458984
25555520,16.60115623474121
25571296,15.913907051086426
25575968,14.682795524597168
25578144,17.184465408325195
25582752,13.980769157409668
25584224,19.119047164916992
25589184,14.65573787689209
25595584,20.99009895324707
25597888,17.5510196685791
25598848,13.309941291809082
25600096,14.654053688049316
25601824,14.411765098571777
25603520,16.703296661376953
25608672,17.36842155456543
25609792,11.683544158935547
25611232,20.21527862548828
25614528,18.78911590576172
25618848,16.17368507385254
25626048,16.9946231842041
25630400,14.325925827026367
25630912,15.145161628723145
25634944,13.132530212402344
25638272,14.084415435791016
25638560,13.477341651916504
25641664,16.675325393676758
25642496,19.6564884185791
25656640,16.730770111083984
25657824,18.0
25667904,22.19512176513672
25674880,16.36627960205078
25689984,12.59115982055664
25693632,16.932584762573242
25694080,14.296116828918457
25701472,7.1880340576171875
25703360,15.395000457763672
25704416,12.069090843200684
25705536,15.293193817138672
25705888,13.869767189025879
25707264,8.574117660522461
25715840,12.654053688049316
25722304,15.781914710998535
25724992,12.144330024719238
25728608,13.614458084106445
25734400,20.22516632080078
25746848,8.339682579040527
25749472,14.715084075927734
25751424,14.79878044128418
25751872,15.227272987365723
25755744,17.647058486938477
25757664,11.086331367492676
25757760,18.74860382080078
25762304,15.229050636291504
25766560,19.078947067260742
25774976,14.75
25779968,13.358490943908691
25787008,16.24761962890625
25799648,15.881356239318848
25813120,13.4945650100708
25816768,14.341708183288574
25820992,14.437186241149902
25830528,15.608108520507812
25834496,14.939759254455566
25837600,12.83185863494873
25840672,12.022472381591797
25841184,18.36206817626953
25855072,13.416149139404297
25855584,11.415887832641602
25856864,10.801652908325195
25861248,10.599190711975098
25861952,13.533333778381348
25866016,11.46842098236084
25872736,12.610092163085938
25878656,14.315789222717285
25879616,13.423255920410156
25879680,12.719806671142578
25882624,13.107142448425293
25890688,12.884297370910645
25891968,16.45833396911621
25893504,11.401606559753418
25897632,13.654088020324707
25899808,15.942028999328613
25903904,12.451282501220703
25905248,16.794872283935547
25906016,13.005127906799316
25906560,12.939535140991211
25908352,13.607734680175781
25908960,13.032966613769531
25913344,9.023529052734375
25916736,15.301724433898926
25921120,12.124223709106445
25927424,16.679487228393555
25933696,12.786585807800293
25936480,12.792349815368652
25941888,16.34328269958496
25970592,13.994680404663086
25976768,17.624113082885742
25979200,13.891891479492188
25979488,16.07913589477539
25983840,11.092391014099121
25985216,15.315476417541504
25985920,15.791411399841309
25986848,15.9375
25989984,13.996015548706055
25999200,15.894472122192383
26003488,11.519841194152832
26012608,16.774192810058594
26020128,13.376518249511719
26022400,15.994152069091797
26024224,13.621622085571289
26027968,15.939849853515625
26031936,14.340909004211426
26034208,16.965116500854492
26035456,11.940119743347168
26035744,11.62109375
26039968,18.150327682495117
26049472,15.039999961853027
26057888,17.974092483520508
26059648,19.030303955078125
26066016,15.327102661132812
26069280,15.507246017456055
26072960,19.64912223815918
26074208,18.16901397705078
26079680,17.710344314575195
26083296,16.255952835083008
26087040,17.891565322875977
26090880,16.513158798217773
26104864,8.573891639709473
26107040,14.725714683532715
26110720,17.16867446899414
26115968,17.29166603088379
26116544,15.449101448059082
26117920,14.346368789672852
26118208,16.1200008392334
26118240,18.85714340209961
26118880,16.05238151550293
26121504,16.26589584350586
26122560,21.730770111083984
26122656,14.629807472229004
26124960,13.37320613861084
26133664,13.248780250549316
26149184,15.462499618530273
26153152,9.962963104248047
26155904,11.516948699951172
26156032,14.927083015441895
26157696,14.049723625183105
26166816,15.487804412841797
26174240,15.502793312072754
26177856,17.037036895751953
26179136,8.5910062789917
26179648,17.564102172851562
26184384,16.49635124206543
26186560,15.424460411071777
26189856,14.545454978942871
26199936,13.081896781921387
26204928,16.210525512695312
26211168,18.108434677124023
26220672,13.6802978515625
26221248,13.529411315917969
26229536,15.166666984558105
26229632,13.887700080871582
26230880,11.400777816772461
26231456,15.914285659790039
26242432,13.473684310913086
26243008,17.147058486938477
26244896,15.251798629760742
26251168,15.810714721679688
26253824,15.447513580322266
26254912,10.534278869628906
26258976,19.069766998291016
26264544,15.275167465209961
26266176,10.267857551574707
26272928,18.023256301879883
26277888,15.890909194946289
26279840,15.855422019958496
26284224,16.990049362182617
26285024,13.787128448486328
26289664,14.153060913085938
26296672,11.71597671508789
26301472,13.5658540725708
26306752,16.164382934570312
26308832,20.0
26312832,16.625
26315168,11.103286743164062
26315456,15.988505363464355
26320672,16.26595687866211
26320736,21.428571701049805
26327168,17.799999237060547
26339648,16.2331600189209
26340896,15.54054069519043
26344992,14.733606338500977
26353600,17.90999984741211
26353792,17.325580596923828
26356992,17.751131057739258
26360800,8.520231246948242
26364800,14.2615385055542
26388864,18.446969985961914
26389728,13.784530639648438
26390560,18.5
26394976,16.635513305664062
26395200,15.689507484436035
26395744,16.00636863708496
26403040,14.48356819152832
26408544,17.71351432800293
26411456,15.126437187194824
26411616,18.732027053833008
26413248,14.550561904907227
26416288,14.95283031463623
26418336,16.575342178344727
26427232,11.327465057373047
26428928,16.106508255004883
26430528,18.61111068725586
26432160,13.522900581359863
26434720,14.5
26441664,16.11236000061035
26442048,16.330142974853516
26443168,12.495626449584961
26447840,17.161073684692383
26448064,20.0
26454944,15.835897445678711
26455296,13.649999618530273
26460928,14.334346771240234
26461152,19.346153259277344
26462080,14.648648262023926
26468000,16.494844436645508
26480000,12.108695983886719
26496000,16.329479217529297
26503232,17.676136016845703
26508672,16.279720306396484
26512992,20.027971267700195
26515744,7.91005277633667
26525920,17.417266845703125
26527616,18.45569610595703
26533536,16.68811798095703
26541696,15.98469352722168
26544352,17.62162208557129
26546816,18.17892074584961
26546976,13.011236190795898
26551200,17.925373077392578
26551584,15.649999618530273
26555232,14.789743423461914
26555904,23.298969268798828
26556192,18.796993255615234
26564832,11.711538314819336
26566336,14.67361068725586
26578624,19.35714340209961
26582176,20.43010711669922
26585312,15.794285774230957
26590176,16.27374267578125
26594144,17.57668685913086
26596672,12.837838172912598
26599744,13.371980667114258
26601216,16.945945739746094
26601536,12.43708610534668
26602368,13.229050636291504
26603936,17.882352828979492
26604160,21.41509437561035
26614144,16.708608627319336
26617888,19.069929122924805
26622336,14.950920104980469
26625120,10.648148536682129
26625184,12.722713470458984
26627744,14.154762268066406
26630208,16.23353385925293
26634176,13.635869979858398
26645568,11.678000450134277
26646272,16.483516693115234
26648384,11.692307472229004
26654048,16.355140686035156
26655264,14.347368240356445
26656192,16.01449203491211
26657568,13.20108699798584
26657792,14.767441749572754
26660288,15.454545021057129
26679072,14.826347351074219
26680064,17.25
26683680,14.692307472229004
26688064,13.235294342041016
26693696,12.1359224319458
26695648,13.593406677246094
26695648,12.909090995788574
26696448,17.093524932861328
26704160,9.508599281311035
26707552,14.009132385253906
26711616,15.789216041564941
26723968,15.481481552124023
26724608,18.13953399658203
26729280,18.708608627319336
26729888,17.252809524536133
26734624,17.1842098236084
26741920,15.958823204040527
26750432,18.735631942749023
26752288,12.523809432983398
26763552,16.623376846313477
26780384,13.835978507995605
26783776,10.942085266113281
26786720,20.25954246520996
26787168,15.356724739074707
26789312,13.544303894042969
26791008,13.22449016571045
26791424,18.04878044128418
26794240,16.504854202270508
26796992,13.959537506103516
26798752,15.151375770568848
26802048,11.96954345703125
26804928,16.893400192260742
26807840,13.357513427734375
26814624,12.760618209838867
26821792,20.175437927246094
26822144,13.8125
26823008,14.101265907287598
26831008,13.91018009185791
26838624,15.382352828979492
26846304,16.725664138793945
26848416,11.722688674926758
26853344,15.07065200805664
26862912,13.143460273742676
26878976,15.373332977294922
26898432,13.972375869750977
26899040,15.760869979858398
26900160,15.323944091796875
26909952,16.409326553344727
26914240,15.295154571533203
26918144,12.190476417541504
26920960,15.724637985229492
26923552,15.826315879821777
26927776,16.21917724609375
26928096,16.744047164916992
26931840,17.674556732177734
26935328,20.034013748168945
26936800,14.86486530303955
26939840,17.428571701049805
26949920,16.936416625976562
26963264,12.662460327148438
26965184,12.973451614379883
26972416,12.766467094421387
26973472,17.682926177978516
26976160,11.266375541687012
26992416,18.149700164794922
26999552,16.715328216552734
27002944,15.742990493774414
27013216,24.634145736694336
27014944,13.929824829101562
27019072,17.532466888427734
27032960,17.153284072875977
27033504,16.891891479492188
27034912,16.83974266052246
27036288,17.71270751953125
27037504,9.810126304626465
27048992,18.434782028198242
27052032,15.9375
27056736,14.726027488708496
27058496,18.757062911987305
27061056,20.714284896850586
27061632,12.840517044067383
27064448,20.399999618530273
27066944,10.961538314819336
27092128,15.29411792755127
27092288,21.720430374145508
27108000,16.371681213378906
27112448,16.629138946533203
27114560,16.488262176513672
27117760,18.5
27118432,14.01229476928711
27119904,14.06130313873291
27125824,17.742137908935547
27131168,13.801324844360352
27132256,12.427745819091797
27140800,15.485713958740234
27147008,11.684684753417969
27150752,16.8128662109375
27156288,14.074073791503906
27158432,22.2772274017334
27163456,15.660819053649902
27165088,23.275861740112305
27169376,18.616352081298828
27172000,14.44444465637207
27174848,13.289473533630371
27183232,15.881080627441406
27188192,16.733766555786133
27190176,14.350000381469727
27193280,16.89873504638672
27210080,14.697802543640137
27212256,13.513618469238281
27217536,13.309677124023438
27225792,8.166281700134277
27229056,15.979695320129395
27230304,12.142857551574707
27239872,18.125
27240224,15.051947593688965
27249632,15.911392211914062
27253760,15.725191116333008
27261760,13.814606666564941
27265088,12.376237869262695
27273696,9.87407398223877
27275072,14.796609878540039
27279584,14.815533638000488
27281600,19.711999893188477
27285888,16.600984573364258
27292960,14.432039260864258
27293952,9.44089412689209
27303968,17.517005920410156
27306176,11.577670097351074
27306432,16.393442153930664
27310336,15.039473533630371
27312096,18.653846740722656
27320480,16.734596252441406
27320736,14.880000114440918
27332800,13.98974323272705
27334752,13.211864471435547
27337056,17.26618766784668
27342720,14.607954978942871
27345760,17.21761703491211
27351488,14.622950553894043
27353408,14.640449523925781
27357536,16.965347290039062
27364992,14.798742294311523
27368640,12.572916984558105
27376256,16.142045974731445
27377472,15.769230842590332
27377792,15.833333015441895
27381824,17.620689392089844
27383264,16.0
27384704,15.316964149475098
27387104,20.33613395690918
27387200,15.677852630615234
27387840,11.718390464782715
27399712,13.268816947937012
27402432,16.928571701049805
27402944,14.716312408447266
27410624,9.748953819274902
27416352,12.034482955932617
27417600,13.782608985900879
27417600,13.664473533630371
27420992,17.079545974731445
27431296,17.491621017456055
27452000,14.732142448425293
27455264,13.007575988769531
27479712,14.239473342895508
27480032,15.185185432434082
27482528,16.075000762939453
27483136,15.040935516357422
27490848,17.286821365356445
27495328,14.781914710998535
27496256,13.533632278442383
27501184,16.13725471496582
27506176,13.452381134033203
27507008,15.96610164642334
27511904,12.8549222946167
27513344,15.970000267028809
27526688,9.824073791503906
27531264,16.342105865478516
27533152,18.636363983154297
27533856,15.0
27551488,12.796052932739258
27554880,12.727272987365723
27565344,14.962963104248047
27565472,15.91549301147461
27577664,13.227272987365723
27580960,16.129213333129883
27581760,14.26701545715332
27582656,16.528661727905273
27584992,18.03418731689453
27588384,23.714284896850586
27589568,13.15217399597168
27595584,18.175140380859375
27596224,11.131579399108887
27597760,16.060606002807617
27597920,15.039734840393066
27602688,14.145569801330566
27609568,14.87564754486084
27611520,15.031645774841309
27618528,15.849138259887695
27626304,11.870079040527344
27630400,13.121004104614258
27631104,15.254901885986328
27643008,18.449703216552734
27645984,12.887445449829102
27653120,19.23972511291504
27660096,11.614212989807129
27661504,14.385026931762695
27663040,18.20571517944336
27663936,17.113094329833984
27667136,19.348100662231445
27672704,18.96178436279297
27673408,15.642105102539062
27680960,17.331396102905273
27682016,18.868545532226562
27691584,9.526086807250977
27702304,14.140703201293945
27706240,13.1578950881958
27707744,10.316061973571777
27710528,20.322580337524414
27712128,14.710526466369629
27714208,24.728260040283203
27721088,18.416057586669922
27726048,14.823834419250488
27733760,16.208053588867188
27738816,11.149812698364258
27743232,16.852272033691406
27746848,17.23214340209961
27748768,17.31182861328125
27749344,14.325301170349121
27753760,17.511363983154297
27754112,12.346456527709961
27754240,17.570589065551758
27761952,20.210525512695312
27772320,17.297142028808594
27773696,13.70053482055664
27774688,17.80451202392578
27775744,14.631579399108887
27776096,18.547008514404297
27782272,17.870370864868164
27782816,15.57635498046875
27783904,11.541850090026855
27784544,8.852320671081543
27790112,14.703448295593262
27790304,16.17919158935547
27793056,9.330357551574707
27798848,13.554913520812988
27799424,17.747474670410156
27800320,14.539325714111328
27803328,13.251533508300781
27804864,12.399999618530273
27808704,14.965065956115723
27814240,17.76422691345215
27815648,21.6842098236084
27820576,11.820512771606445
27826752,15.625
27828000,19.881988525390625
27829216,16.40116310119629
27830464,19.52513885498047
27837408,16.382978439331055
27838112,15.943877220153809
27838464,12.870369911193848
27839744,14.274853706359863
27843392,18.4939022064209
27844416,17.63157844543457
27857312,15.849056243896484
27859136,17.102563858032227
27863424,20.29585838317871
27864064,15.197674751281738
27875712,8.64212703704834
27876032,14.893162727355957
27883328,14.835051536560059
27887616,14.935643196105957
27888320,16.654821395874023
27891488,20.153060913085938
27894528,11.95566463470459
27896576,15.571428298950195
27897536,13.755813598632812
27899296,19.64285659790039
27902176,13.140496253967285
27905760,15.783439636230469
27914656,14.692737579345703
27918688,13.973958015441895
27929920,12.39669418334961
27935488,20.5
27936224,15.446327209472656
27939872,14.162651062011719
27942688,15.55721378326416
27943456,12.443877220153809
27951872,13.234309196472168
27958720,16.34328269958496
27965760,16.889312744140625
27969440,10.65168571472168
27973568,21.634614944458008
27981472,12.952569007873535
27984032,14.79487133026123
27985760,16.49056625366211
27988288,8.47234058380127
27991072,16.25342559814453
27994464,14.703910827636719
27995968,11.529562950134277
27999328,16.310976028442383
28002368,19.294116973876953
28013856,12.122363090515137
28014560,15.244186401367188
28022464,14.310344696044922
28023072,19.61206817626953
28023168,15.057894706726074
28024864,13.934131622314453
28026912,13.97927474975586
28029568,15.936651229858398
28031424,14.941176414489746
28031808,15.134259223937988
28032256,20.510204315185547
28032960,9.935999870300293
28045376,10.639098167419434
28050112,12.475862503051758
28052416,17.71027946472168
28054432,12.5
28059136,16.84848403930664
28068352,16.06629753112793
28070080,11.587209701538086
28071648,8.11377239227295
28071968,17.375
28073024,13.810606002807617
28075392,20.144826889038086
28086240,18.8343563079834
28086976,14.853535652160645
28095680,15.141361236572266
28096864,12.2023344039917
28100960,13.13513469696045
28106720,10.242424011230469
28109024,16.66666603088379
28111776,20.810810089111328
28114016,16.763513565063477
28117856,16.22222137451172
28118464,17.23497200012207
28121888,16.547618865966797
28127520,17.463415145874023
28132352,14.266666412353516
28136448,15.96610164642334
28136800,16.50259017944336
28143008,13.791139602661133
28143648,15.405660629272461
28149728,14.754901885986328
28153792,16.6645565032959
28154208,13.191142082214355
28154336,16.77914047241211
28154752,12.014440536499023
28155008,19.573171615600586
28156352,16.297618865966797
28160064,18.072847366333008
28161824,15.050504684448242
28165216,17.060976028442383
28166464,17.700000762939453
28172224,13.661017417907715
28172672,11.177913665771484
28173088,14.171003341674805
28174720,16.36216163635254
28176128,13.54285717010498
28178432,16.513334274291992
28194848,12.142857551574707
28197376,13.8986177444458
28200448,13.409326553344727
28201568,15.451977729797363
28210720,16.102272033691406
28212096,13.884614944458008
28212864,16.19626235961914
28212896,13.448275566101074
28215136,16.662721633911133
28237344,15.769230842590332
28240416,10.364285469055176
28242624,17.340425491333008
28249824,17.587499618530273
28250304,15.914572715759277
28258752,17.0
28261728,12.696078300476074
28264288,12.380952835083008
28269824,18.809160232543945
28275072,15.154411315917969
28276544,15.569060325622559
28276608,17.27485466003418
28277536,10.768340110778809
28277536,17.81768035888672
28281952,14.972431182861328
28288672,10.807869911193848
28290752,15.116278648376465
28291296,10.082125663757324
28292192,15.303030014038086
28299456,12.246753692626953
28314016,14.63902473449707
28316800,13.25654411315918
28318368,17.230770111083984
28321408,17.96503448486328
28322560,16.538461685180664
28325568,9.276214599609375
28331936,15.917430877685547
28333824,10.136929512023926
28336736,10.988593101501465
28338720,16.58709716796875
28343136,11.637930870056152
28346720,15.853333473205566
28347008,14.777777671813965
28347296,17.56321907043457
28349504,14.136363983154297
28352640,15.196890830993652
28352864,17.01657485961914
28356256,19.188940048217773
28362528,15.1304349899292
28364000,18.085561752319336
28367264,15.874141693115234
28368032,12.188570976257324
28383232,14.370129585266113
28390624,15.297618865966797
28399552,20.49505043029785
28403840,15.260115623474121
28420736,15.22123908996582
28422464,17.684524536132812
28429856,9.380622863769531
28432352,13.210526466369629
28434560,17.073890686035156
28444256,16.05188751220703
28453344,18.58152198791504
28459680,15.476190567016602
28462400,9.99459457397461
28467552,15.575916290283203
28468736,12.856574058532715
28470656,12.608695983886719
28476224,15.886075973510742
28476512,14.326424598693848
28477856,24.134614944458008
28480288,10.814285278320312
28485856,13.81502914428711
28491904,16.3092098236084
28493504,18.652694702148438
28506176,15.707317352294922
28507456,13.513368606567383
28519456,13.496503829956055
28520864,14.670968055725098
28523808,14.875
28525376,13.442623138427734
28534176,12.729999542236328
28538400,15.670103073120117
28552576,14.779411315917969
28556704,10.163568496704102
28558048,20.026315689086914
28570272,16.683332443237305
28576160,14.222222328186035
28580544,18.374149322509766
28588672,15.492958068847656
28592000,14.883838653564453
28592384,15.059459686279297
28597216,19.66666603088379
28600544,15.054054260253906
28603648,17.130434036254883
28609216,17.668710708618164
28615584,13.747525215148926
28620288,15.962499618530273
28623840,7.498007774353027
28624480,15.954838752746582
28630080,13.821138381958008
28644480,17.245161056518555
28645504,13.684210777282715
28653344,11.606694221496582
28654048,13.823529243469238
28660608,15.591836929321289
28663680,15.137614250183105
28669280,12.821211814880371
28672704,14.950616836547852
28673696,18.715084075927734
28677152,15.41772174835205
28677952,14.547264099121094
28678112,20.465116500854492
28685408,20.566038131713867
28696032,14.246153831481934
28702720,14.046154022216797
28712864,13.817204475402832
28715616,14.89830493927002
28721536,14.798851013183594
28729600,18.81012725830078
28729824,13.682464599609375
28731328,14.052909851074219
28737056,15.70053482055664
28757984,17.3028564453125
28758400,15.863874435424805
28761920,11.822714805603027
28763776,13.835051536560059
28768256,13.9436616897583
28771168,16.19718360900879
28794080,17.49382781982422
28805056,12.251908302307129
28805280,11.737903594970703
28807232,17.695363998413086
28807904,15.173684120178223
28814848,16.459259033203125
28818624,11.11658000946045
28818624,18.913043975830078
28822304,16.366666793823242
28826368,15.702531814575195
28832448,14.107526779174805
28839328,10.719879150390625
28845024,20.3125
28851648,17.252099990844727
28852768,20.0
28858432,17.28251075744629
28859744,16.44936752319336
28861824,12.254901885986328
28864576,16.628742218017578
28867776,12.45283031463623
28868064,12.17199993133545
28870496,17.975460052490234
28871328,18.522058486938477
28886144,12.01395320892334
28886816,15.199999809265137
28911488,17.701297760009766
28912672,12.16312026977539
28916096,17.767955780029297
28923840,16.893081665039062
28927616,16.279069900512695
28929856,13.199051856994629
28930784,17.17934799194336
28937280,16.60173225402832
28938912,20.554744720458984
28942688,21.576923370361328
28947424,21.1200008392334
28948736,19.310733795166016
28951168,13.932660102844238
28957696,14.786458015441895
28959136,18.088050842285156
28965856,21.647058486938477
28968096,20.118749618530273
28968576,17.520231246948242
28976480,13.298245429992676
28978496,14.92485523223877
28983936,11.626262664794922
28988384,20.70138931274414
28989280,10.658435821533203
28995168,14.265060424804688
28997664,15.100000381469727
29003200,16.682926177978516
29005088,11.785387992858887
29010240,15.322580337524414
29011936,13.819875717163086
29012864,13.114154815673828
29013440,15.265700340270996
29016000,17.012346267700195
29016256,21.724138259887695
29016352,16.935829162597656
29023872,17.69230842590332
29027968,17.954545974731445
29028192,18.80128288269043
29028832,13.180790901184082
29031808,14.139896392822266
29036288,15.591398239135742
29039520,16.967741012573242
29048576,13.440251350402832
29055840,16.18644142150879
29057056,8.425926208496094
29059840,14.440171241760254
29070528,15.490797996520996
29071616,15.647798538208008
29077088,15.26767635345459
29079680,19.566879272460938
29085056,18.299999237060547
29087872,15.368420600891113
29091680,16.26262664794922
29093408,16.759689331054688
29093632,13.732954978942871
29098080,10.74222183227539
29098368,15.219511985778809
29099264,15.638298034667969
29107648,15.867133140563965
29113312,13.537313461303711
29121568,22.080537796020508
29130464,17.7297306060791
29134208,19.714284896850586
29141440,17.027585983276367
29143456,13.144577980041504
29148800,17.442424774169922
29152256,14.80888843536377
29156960,11.890510559082031
29163392,13.350000381469727
29166688,11.070247650146484
29175808,17.29166603088379
29179360,17.153284072875977
29179552,18.449703216552734
29183136,15.005319595336914
29186656,14.395061492919922
29186752,18.125
29186816,16.611465454101562
29186848,14.103004455566406
29187712,18.69285774230957
29189216,11.646090507507324
29194656,15.109453201293945
29199040,16.580951690673828
29199264,12.01171875
29199648,11.449275016784668
29203104,13.148809432983398
29204576,14.722222328186035
29209728,13.875
29211040,13.67682933807373
29218080,14.427229881286621
29219136,15.746753692626953
29225248,14.285714149475098
29226112,16.292682647705078
29232864,13.98701286315918
29239616,15.890000343322754
29241920,14.213973999023438
29245856,19.254777908325195
29246048,10.590277671813965
29251872,16.972414016723633
29257824,24.680850982666016
29262656,17.605634689331055
29266112,19.405941009521484
29270016,12.321428298950195
29272960,13.140625
29278432,13.577272415161133
29278976,12.784810066223145
29280416,8.533112525939941
29283360,18.98611068725586
29289856,13.076923370361328
29294176,11.66551685333252
29304800,14.934673309326172
29304928,13.086420059204102
29306208,15.508108139038086
29309248,16.524038314819336
29312096,12.699453353881836
29316800,14.251497268676758
29333024,15.881772994995117
29334400,18.603490829467773
29337248,16.54787254333496
29339008,15.703703880310059
29339808,6.729124069213867
29341024,18.547008514404297
29360000,15.614285469055176
29360800,12.28654956817627
29364128,19.21875
29366048,15.0625
29371488,19.017751693725586
29374144,19.692771911621094
29374848,24.105262756347656
29386080,14.34782600402832
29386144,11.281407356262207
29391808,16.40999984741211
29394080,16.926666259765625
29397920,13.215017318725586
29398080,12.655038833618164
29403520,15.568047523498535
29407200,14.115182876586914
29409984,13.105262756347656
29420352,13.230337142944336
29424512,15.13194465637207
29425760,16.388349533081055
29426368,15.168539047241211
29430080,15.730337142944336
29431040,11.670769691467285
29438208,13.684210777282715
29448896,13.467065811157227
29449504,16.0
29451680,16.05208396911621
29454112,14.393939018249512
29462368,21.77083396911621
29473504,17.17361068725586
29473920,18.696969985961914
29476768,14.647727012634277
29479424,12.660256385803223
29480256,18.71794891357422
29483744,14.412120819091797
29486144,15.935483932495117
29494048,13.489361763000488
29499648,16.59195327758789
29500416,19.42148780822754
29500416,14.581280708312988
29503648,21.299270629882812
29505664,14.673796653747559
29509312,16.005495071411133
29512320,19.892473220825195
29512448,17.590360641479492
29514432,13.58169937133789
29519168,23.2608699798584
29520672,13.336898803710938
29525376,9.076923370361328
29529056,11.887290000915527
29531072,14.619718551635742
29531104,20.140844345092773
29531424,16.81818199157715
29539296,13.49763011932373
29544480,16.238739013671875
29547296,15.180723190307617
29548192,16.029239654541016
29557472,19.86842155456543
29558336,18.720930099487305
29565792,18.947673797607422
29567040,15.828766822814941
29577088,16.378948211669922
29587200,13.691011428833008
29588448,10.485118865966797
29595360,15.908045768737793
29601664,20.790849685668945
29605408,14.75
29614112,17.18343162536621
29621248,13.941781044006348
29627200,17.457626342773438
29630112,16.867088317871094
29634976,8.90394115447998
29643392,16.77083396911621
29644608,17.5771427154541
29648256,17.05649757385254
29648672,16.34756088256836
29655424,16.29166603088379
29659360,17.66242027282715
29667456,12.697142601013184
29669888,15.398693084716797
29670976,16.81355857849121
29680672,18.910890579223633
29689984,22.159090042114258
29690816,15.126505851745605
29693024,15.58666706085205
29694336,20.56818199157715
29702400,16.85234832763672
29703392,18.887096405029297
29706400,13.5
29711200,16.80666732788086
29717504,15.77368450164795
29720416,16.606935501098633
29722464,16.710525512695312
29725056,17.711111068725586
29731744,13.02884578704834
29732160,17.045751571655273
29752320,15.666666984558105
29753664,15.600000381469727
29754848,17.30769157409668
29757568,12.183908462524414
29762496,14.108808517456055
29763296,17.35172462463379
29764928,13.185840606689453
29766432,15.471795082092285
29778496,15.442028999328613
29779680,14.883721351623535
29780096,14.729166984558105
29786848,8.282142639160156
29788864,15.071794509887695
29790400,12.373737335205078
29792384,12.209301948547363
29793344,21.21323585510254
29793984,9.238754272460938
29799136,18.88888931274414
29800064,14.76296329498291
29805280,18.740962982177734
29810848,11.73469352722168
29812544,13.505882263183594
29814496,17.933332443237305
29815360,12.231155395507812
29817792,11.508196830749512
29820736,16.07978630065918
29824864,20.34482765197754
29829760,19.276315689086914
29834016,15.813186645507812
29851712,10.81751823425293
29852832,15.145630836486816
29861888,16.72395896911621
29864960,12.333333015441895
29873632,15.845070838928223
29898816,17.678361892700195
29902432,17.79245376586914
29908448,15.10179615020752
29912992,16.153846740722656
29913408,16.0060977935791
29928448,16.754629135131836
29930432,13.909090995788574
29931584,17.835052490234375
29932032,17.478992462158203
29934976,17.25
29937792,16.402366638183594
29939840,17.846153259277344
29955136,16.24657440185547
29957248,17.800994873046875
29958432,15.985401153564453
29962496,18.0112361907959
29965056,15.852760314941406
29968384,15.528796195983887
29977088,17.033113479614258
29981920,13.560185432434082
29992928,9.956174850463867
29994176,11.404145240783691
29999648,15.168604850769043
30003904,15.222857475280762
30010208,15.684684753417969
30016416,14.92178726196289
30023168,15.751444816589355
30026048,10.163978576660156
30027872,9.724528312683105
30029760,14.04641342163086
30030528,13.655914306640625
30035456,14.17391300201416
30045120,15.459330558776855
30045472,14.472906112670898
30045952,17.285715103149414
30050784,16.966886520385742
30062400,15.955801010131836
30063616,16.076923370361328
30067040,14.201681137084961
30070400,17.15168571472168
30074336,14.109004974365234
30077440,14.842639923095703
30083648,19.24580955505371
30096096,17.149425506591797
30097216,15.424580574035645
30099968,15.95041275024414
30105344,21.029850006103516
30111808,19.071428298950195
30118688,13.210762023925781
30123584,15.348101615905762
30124544,15.824467658996582
30126336,13.647058486938477
30129088,14.642424583435059
30136192,12.434389114379883
30138720,16.495098114013672
30139232,17.66025733947754
30139488,16.363636016845703
30144160,17.682758331298828
30144288,18.312101364135742
30144896,12.613065719604492
30154208,14.801587104797363
30154784,10.723849296569824
30154976,17.94285774230957
30159648,21.639999389648438
30160288,18.569307327270508
30164960,18.092782974243164
30165472,17.259668350219727
30165536,18.4375
30168352,10.760000228881836
30168608,12.515789031982422
30173248,17.238094329833984
30187296,19.060810089111328
30187520,17.098766326904297
30200256,13.665236473083496
30201600,15.141176223754883
30202944,15.40119743347168
30209696,16.22222137451172
30209888,16.433734893798828
30218656,15.298013687133789
30223008,13.091954231262207
30228384,14.372671127319336
30231136,13.370786666870117
30234432,14.09424114227295
30234784,18.21782112121582
30240896,14.476922988891602
30248704,15.169230461120605
30257952,11.891891479492188
30261408,15.82868480682373
30272288,15.61111068725586
30272512,15.2380952835083
30279872,16.851064682006836
30287936,14.103825569152832
30293376,15.963302612304688
30294752,16.987340927124023
30298816,17.076923370361328
30300448,11.22449016571045
30306400,18.66666603088379
30310912,14.676579475402832
30314048,17.932641983032227
30327136,13.36734676361084
30328032,12.434782981872559
30333056,13.867724418640137
30335008,15.183245658874512
30337856,14.611607551574707
30340896,16.104938507080078
30341280,17.933332443237305
30348704,13.561135292053223
30350112,13.351597785949707
30365280,18.056604385375977
30368608,13.848101615905762
30371424,20.804597854614258
30377344,14.281124114990234
30384192,15.981307983398438
30393952,14.281914710998535
30401024,16.44230842590332
30402464,14.22099494934082
30406688,22.91666603088379
30411872,16.415929794311523
30412832,13.359683990478516
30413504,15.202312469482422
30413600,15.511628150939941
30414112,13.622448921203613
30426112,13.387096405029297
30426592,15.454545021057129
30435104,11.470588684082031
30436800,15.683908462524414
30439904,16.706249237060547
30445888,13.883248329162598
30455936,16.311403274536133
30461888,14.77297306060791
30466336,7.192770957946777
30468448,17.49689483642578
30468512,19.879121780395508
30474368,16.21527862548828
30482336,16.85714340209961
30484416,19.058822631835938
30485536,10.2450590133667
30487840,20.283018112182617
30489408,16.929824829101562
30491136,15.44715404510498
30494016,12.418478012084961
30496672,16.699115753173828
30501216,12.274038314819336
30501344,16.958824157714844
30502432,18.52777862548828
30505984,14.93055534362793
30512352,19.875911712646484
30514496,15.55555534362793
30518176,12.9399995803833
30518720,15.191489219665527
30523872,12.84313678741455
30525984,14.454081535339355
30527104,15.09392261505127
30540768,18.419889450073242
30540896,19.61979103088379
30541632,15.419161796569824
30543552,10.448559761047363
30545536,16.530927658081055
30549568,14.779999732971191
30560320,20.60416603088379
30573824,13.113300323486328
30579712,13.664473533630371
30583488,17.478872299194336
30594272,16.255102157592773
30594560,13.738693237304688
30594624,15.789999961853027
30607328,15.105555534362793
30609728,16.73214340209961
30609824,15.537500381469727
30611232,14.361701965332031
30611904,12.595376014709473
30616160,18.269662857055664
30620416,13.121052742004395
30626208,18.319149017333984
30632544,10.169811248779297
30638560,16.88780403137207
30641120,15.50318431854248
30642464,13.865217208862305
30644832,19.700000762939453
30648640,17.039548873901367
30649984,19.280000686645508
30650880,15.792552947998047
30652192,17.79290008544922
30664544,18.650888442993164
30667424,12.80701732635498
30668256,14.308823585510254
30669728,16.628742218017578
30680064,16.730337142944336
30680576,14.109588623046875
30686784,15.98543643951416
30688256,15.882051467895508
30688928,13.925580978393555
30690144,15.161290168762207
30690720,17.632530212402344
30691200,21.318681716918945
30694912,15.178744316101074
30695712,14.800948143005371
30696096,15.329896926879883
30696448,13.523809432983398
30707072,15.166666984558105
30708256,13.333333015441895
30709888,16.2722225189209
30713760,12.75
30721952,17.36969757080078
30723424,18.85802459716797
30732896,15.71676254272461
30735328,18.389829635620117
30735424,15.796178817749023
30741920,16.0
30746752,18.113332748413086
30746944,15.353174209594727
30756128,16.971752166748047
30756288,12.042552947998047
30759488,13.028112411499023
30760544,14.560538291931152
30769696,20.61870574951172
30770912,8.369906425476074
30774176,16.804054260253906
30778592,14.175115585327148
30782176,16.093406677246094
30783392,16.412429809570312
30786816,13.0927152633667
30788576,14.349397659301758
30793632,14.488263130187988
30794944,12.690217018127441
30802208,16.59281349182129
30804608,11.78600025177002
30813856,14.631868362426758
30814528,17.26589584350586
30816032,14.372611045837402
30821184,14.483695983886719
30822016,15.63742733001709
30825696,20.823530197143555
30826112,16.471153259277344
30826784,16.02645492553711
30838912,17.338624954223633
30839936,14.149532318115234
30842944,8.293999671936035
30848672,17.654970169067383
30858048,12.852018356323242
30864480,14.360465049743652
30866880,15.22580623626709
30882432,14.514286041259766
30886176,12.136792182922363
30889152,18.04347801208496
30893792,15.104166984558105
30898016,14.580459594726562
30900384,19.693878173828125
30902528,11.932772636413574
30903840,16.27118682861328
30916480,18.296417236328125
30917408,21.086956024169922
30917536,11.784140586853027
30919456,17.69230842590332
30923040,11.12195110321045
30927072,18.071428298950195
30927584,13.784210205078125
30928128,18.367347717285156
30930912,20.57377052307129
30934048,17.289474487304688
30938528,16.405405044555664
30939008,14.797794342041016
30942048,18.468467712402344
30944128,12.962963104248047
30946848,19.230770111083984
30953824,15.813333511352539
30963808,15.728813171386719
30973984,19.929576873779297
30976448,13.145454406738281
30982656,13.481864929199219
30984160,15.052631378173828
30986432,21.25874137878418
30988992,15.713815689086914
30993088,9.834711074829102
30999104,13.585585594177246
30999392,11.299145698547363
31000672,18.50467300415039
31005600,15.882352828979492
31008736,16.396984100341797
31009280,22.912620544433594
31010016,13.442623138427734
31010304,21.18644142150879
31020896,14.152284622192383
31020992,17.196319580078125
31027680,14.078312873840332
31029088,19.08108139038086
31031712,15.25
31040704,14.06598949432373
31041888,15.83687973022461
31042016,16.328125
31043328,19.438201904296875
31043552,11.858586311340332
31043808,13.362637519836426
31047072,16.42201805114746
31054624,16.30729103088379
31054784,12.935185432434082
31062144,9.79704761505127
31067616,11.199346542358398
31070592,13.079812049865723
31071296,16.22222137451172
31074368,20.105262756347656
31079040,16.776859283447266
31081248,14.472891807556152
31086048,13.297872543334961
31090624,15.414772987365723
31104288,15.751322746276855
31111392,16.939393997192383
31112064,20.591623306274414
31115040,14.239130020141602
31117280,16.0
31119136,16.210525512695312
31124160,17.69426727294922
31136320,15.323529243469238
31138464,15.0
31140000,13.380281448364258
31143040,18.76288604736328
31150432,12.821101188659668
31166240,15.059459686279297
31166720,22.66666603088379
31167200,13.967741966247559
31171968,16.85645866394043
31181728,14.705583572387695
31188640,19.346405029296875
31190016,11.225531578063965
31196192,14.322916984558105
31202528,19.962766647338867
31208512,15.333333015441895
31213152,18.789155960083008
31215136,15.315476417541504
31218720,15.113402366638184
31228832,15.123809814453125
31238080,13.895027160644531
31252896,16.02409553527832
31253088,13.416370391845703
31254304,16.009803771972656
31255808,22.0546875
31265280,18.140243530273438
31276640,16.391891479492188
31282176,21.6842098236084
31286880,17.5
31293696,17.129629135131836
31302464,12.529644012451172
31303104,19.75
31308544,13.589743614196777
31310240,16.949771881103516
31313536,9.903314590454102
31315616,16.38020896911621
31315744,21.170732498168945
31317472,11.190045356750488
31329856,17.81690216064453
31333984,7.426914215087891
31342592,17.340425491333008
31343616,20.91366958618164
31348128,17.98245620727539
31356960,11.866294860839844
31357760,13.465685844421387
31359072,19.01785659790039
31362464,19.383562088012695
31363168,19.97590446472168
31363232,16.88679313659668
31364352,12.792792320251465
31374304,9.546479225158691
31374784,12.941176414489746
31384160,9.78365421295166
31387904,12.523364067077637
31390336,12.58108139038086
31390464,17.386363983154297
31392128,17.019323348999023
31395936,22.022472381591797
31404864,14.053398132324219
31408800,12.457489967346191
31409376,13.578182220458984
31413824,19.25
31414688,17.880794525146484
31416160,15.646018028259277
31419680,11.558823585510254
31420224,15.924369812011719
31432224,18.721893310546875
31432896,11.880341529846191
31433248,17.077669143676758
31440608,9.50629711151123
31442144,18.940397262573242
31444960,16.71748924255371
31445920,11.094444274902344
31450112,11.525773048400879
31451040,21.137723922729492
31481152,15.567009925842285
31482848,19.519229888916016
31491296,17.54861068725586
31494048,16.5
31494784,17.955554962158203
31510336,16.69801902770996
31511712,9.733850479125977
31514368,18.269229888916016
31514688,18.960432052612305
31521600,24.112150192260742
31522336,11.123595237731934
31524480,18.329479217529297
31525216,19.132911682128906
31527360,17.721519470214844
31538016,21.101694107055664
31541792,11.915058135986328
31546624,18.788888931274414
31549696,20.255319595336914
31556096,14.245210647583008
31557600,18.435754776000977
31559744,16.811763763427734
31560256,16.22994613647461
31567552,14.865979194641113
31567680,20.428571701049805
31568256,20.401273727416992
31568384,14.20588207244873
31570144,18.192771911621094
31570656,19.880239486694336
31570944,19.238094329833984
31581696,18.685714721679688
31583776,16.180328369140625
31584576,16.02898597717285
31584672,17.5
31585056,17.58571434020996
31586528,14.943819999694824
31589568,13.234200477600098
31589856,16.44444465637207
31593824,16.1061954498291
31598880,21.33757972717285
31605344,15.384614944458008
31608064,18.94761848449707
31609344,16.0
31609472,19.9209041595459
31620384,16.66666603088379
31622784,17.85714340209961
31631648,11.7151517868042
31639104,12.195121765136719
31645280,10.020000457763672
31646720,17.969924926757812
31651456,13.503875732421875
31655552,18.976743698120117
31658816,14.356097221374512
31663744,15.92258071899414
31668800,18.9329891204834
31672160,16.923076629638672
31676000,18.869565963745117
31681952,18.60091781616211
31693056,15.686746597290039
31695488,12.66079330444336
31704512,18.435293197631836
31710336,16.395721435546875
31718144,18.30674934387207
31725504,13.62111759185791
31727264,8.886446952819824
31742112,16.349206924438477
31746048,14.020833015441895
31754688,14.939759254455566
31759712,20.405405044555664
31763872,13.018867492675781
31767392,19.35714340209961
31772832,12.597633361816406
31783360,13.28502368927002
31787072,14.292682647705078
31787968,17.782608032226562
31789888,13.974358558654785
31799232,14.543859481811523
31803584,14.837209701538086
31815552,12.404999732971191
31846624,15.502958297729492
31849024,16.613636016845703
31851104,12.162790298461914
31861824,15.203296661376953
31865600,15.321211814880371
31867200,15.600000381469727
31868736,11.532995223999023
31873344,18.125
31875392,13.202417373657227
31876800,16.72955894470215
31878528,14.580952644348145
31879232,16.102439880371094
31879648,16.9350643157959
31880512,16.0053768157959
31883136,17.31386947631836
31890144,15.77319622039795
31898496,13.531707763671875
31899744,13.763006210327148
31902048,15.618182182312012
31905440,9.968609809875488
31905888,16.277456283569336
31910272,13.652582168579102
31917728,16.235294342041016
31921152,14.889705657958984
31927680,13.917430877685547
31928000,15.673796653747559
31932512,13.773648262023926
31952288,12.67241382598877
31960128,15.625
31973376,14.180233001708984
31975968,16.5
31978624,14.49438190460205
31981728,13.463276863098145
31983104,14.893855094909668
31990912,15.850339889526367
31993568,13.781094551086426
31999328,11.808510780334473
32011360,14.659090995788574
32013888,10.006579399108887
32019200,10.652318000793457
32023712,19.264705657958984
32024160,16.410358428955078
32026592,16.21917724609375
32035392,13.9453125
32036512,11.864583015441895
32038272,16.379518508911133
32050496,14.866666793823242
32060128,17.204545974731445
32062112,15.909090995788574
32063264,10.418000221252441
32076864,16.393102645874023
32099040,13.682634353637695
32104192,18.879432678222656
32106400,11.883871078491211
32109088,16.57216453552246
32111584,18.449703216552734
32119104,12.398340225219727
32122752,19.971223831176758
32130112,16.770700454711914
32131296,14.432990074157715
32133280,19.177143096923828
32135264,14.527027130126953
32147136,16.684616088867188
32153088,12.024922370910645
32153152,23.48314666748047
32156288,13.333333015441895
32167168,12.39778995513916
32167840,15.86486530303955
32170720,17.18181800842285
32170848,19.41176414489746
32173312,14.861701965332031
32174176,17.705263137817383
32176448,16.22222137451172
32188576,14.94690227508545
32188608,20.15584373474121
32188896,13.20442008972168
32191360,11.310043334960938
32195936,13.889534950256348
32196960,18.136363983154297
32199200,13.689655303955078
32200384,17.191011428833008
32202912,16.17977523803711
32206336,16.57647132873535
32209792,14.845303535461426
32211392,17.343948364257812
32216768,12.022472381591797
32223744,16.485206604003906
32227104,12.737500190734863
32231808,23.947019577026367
32238944,14.927460670471191
32242176,18.062856674194336
32250976,13.267080307006836
32251104,16.940092086791992
32255872,17.827869415283203
32258560,16.95030975341797
32258560,18.9609375
32263872,13.365296363830566
32272928,17.389610290527344
32275328,13.483145713806152
32280480,16.18055534362793
32288384,13.359999656677246
32304064,14.870646476745605
32313792,9.911110877990723
32315360,14.113333702087402
32327520,15.766233444213867
32337184,17.40322494506836
32346880,17.212766647338867
32348608,20.384614944458008
32358176,14.491891860961914
32360192,10.375
32370592,12.144104957580566
32373344,16.35570526123047
32373984,13.785714149475098
32374752,14.791411399841309
32376992,17.956989288330078
32383072,14.05802059173584
32386336,19.97402572631836
32386432,22.213115692138672
32386912,12.790322303771973
32394336,15.583333015441895
32399872,12.366000175476074
32409248,11.166666984558105
32412544,13.68725872039795
32413440,15.246575355529785
32417280,19.459182739257812
32425504,19.934131622314453
32425984,21.894737243652344
32429216,19.9761905670166
32429280,14.383333206176758
32430816,17.727272033691406
32438144,12.79190731048584
32445728,19.417526245117188
32447104,16.649532318115234
32448160,19.310344696044922
32450880,17.553192138671875
32454688,17.682926177978516
32457216,19.41116714477539
32463264,18.125
32463584,11.2393159866333
32466688,17.0
32479040,19.01530647277832
32482528,16.606935501098633
32494080,14.994818687438965
32503008,13.62686538696289
32507136,17.98701286315918
32508896,18.872549057006836
32513376,10.803213119506836
32515168,16.1156063079834
32520160,18.654449462890625
32527776,14.679487228393555
32530016,16.680768966674805
32531296,16.760000228881836
32540192,14.763818740844727
32542624,19.30864143371582
32548000,15.961749076843262
32549888,11.824073791503906
32554176,13.467889785766602
32567712,18.18987274169922
32568480,17.322834014892578
32573440,16.47058868408203
32577536,13.410377502441406
32580992,23.953489303588867
32581376,16.594594955444336
32583936,8.494773864746094
32585120,18.442623138427734
32587872,14.552447319030762
32604608,16.91907501220703
32606336,14.560976028442383
32607104,14.078048706054688
32610560,17.272727966308594
32615328,17.39521026611328
32619456,8.288000106811523
32625280,16.41891860961914
32626208,19.230770111083984
32628000,12.909090995788574
32628320,16.788888931274414
32628992,15.54321002960205
32629216,12.67054271697998
32629600,13.296703338623047
32632960,18.34831428527832
32636224,16.633663177490234
32651360,14.913793563842773
32669824,14.310344696044922
32677728,11.337398529052734
32679840,21.053030014038086
32684960,14.948275566101074
32687328,11.75
32690880,20.620689392089844
32697440,17.07329750061035
32706752,13.90810775756836
32707136,15.164319038391113
32708832,14.517857551574707
32716768,16.12425994873047
32725280,16.5572509765625
32727424,14.85405445098877
32729632,17.600000381469727
32731840,13.482233047485352
32735264,18.796875
32737312,15.972726821899414
32737952,16.795698165893555
32740416,13.672042846679688
32741088,14.349112510681152
32746400,15.654545783996582
32750592,13.367876052856445
32754816,16.179244995117188
32762592,16.44444465637207
32764992,16.360946655273438
32767328,16.908536911010742
32773920,17.183544158935547
32777632,11.248587608337402
32796896,9.763736724853516
32797568,17.458824157714844
32800064,16.282352447509766
32806016,12.559374809265137
32810688,10.16319465637207
32814368,16.51744270324707
32816608,14.21500015258789
32820896,15.259459495544434
32821824,9.382716178894043
32829152,16.185184478759766
32829984,13.295999526977539
32835264,14.774868965148926
32835808,13.756906509399414
32838112,15.215277671813965
32838944,13.65384578704834
32840512,14.858299255371094
32845792,16.170103073120117
32849728,11.65243911743164
32851872,17.100000381469727
32857184,15.289340019226074
32858016,14.703910827636719
32873792,19.561643600463867
32879552,16.47798728942871
32881088,15.865385055541992
32893664,14.976414680480957
32895840,20.816326141357422
32898816,14.129729270935059
32901280,10.308942794799805
32905024,16.72857093811035
32908864,17.434782028198242
32913600,10.753138542175293
32914976,20.879121780395508
32918080,12.38888931274414
32918592,14.685185432434082
32920576,10.838815689086914
32920832,14.64888858795166
32928544,12.754666328430176
32929696,12.488188743591309
32930464,15.742514610290527
32934592,13.693641662597656
32938208,14.893013000488281
32938496,11.69003677368164
32941408,11.366412162780762
32941920,14.77319622039795
32945824,14.248730659484863
32954656,17.527950286865234
32955136,12.213114738464355
32962208,14.473684310913086
32968000,19.20792007446289
32978752,14.94972038269043
32981120,17.068750381469727
32983840,13.562962532043457
32987328,16.164794921875
32988160,16.479999542236328
33001056,16.15168571472168
33002656,11.85779857635498
33005920,15.277777671813965
33013024,11.080459594726562
33013120,17.15243911743164
33016000,15.50251293182373
33019360,17.244897842407227
33020672,9.321678161621094
33029696,15.329192161560059
33030368,24.216867446899414
33030624,11.532319068908691
33037344,21.022727966308594
33043008,13.75
33047808,15.713482856750488
33052096,19.98701286315918
33053152,19.97590446472168
33053664,14.844085693359375
33053728,14.790055274963379
33056544,17.075862884521484
33056800,17.735631942749023
33057312,12.550264358520508
33060480,18.863636016845703
33063680,14.917160034179688
33065024,17.60846519470215
33067552,9.600000381469727
33069024,13.174698829650879
33072416,17.615385055541992
33074848,15.225564002990723
33076128,11.387187004089355
33077344,16.47191047668457
33085408,12.921687126159668
33086112,15.850000381469727
33092480,18.189319610595703
33100608,17.978723526000977
33103456,22.086956024169922
33106432,17.816455841064453
33116032,11.397489547729492
33126176,16.432098388671875
33129984,19.445783615112305
33133600,13.031914710998535
33134560,15.587570190429688
33138944,17.44318199157715
33145856,12.493022918701172
33147616,16.05194854736328
33153984,14.015151977539062
33157568,17.701148986816406
33160192,15.206185340881348
33184192,19.238094329833984
33188160,17.567567825317383
33188384,14.19428539276123
33192128,14.316239356994629
33194688,12.616666793823242
33199136,17.5
33200928,16.89090919494629
33202400,17.974225997924805
33202944,18.64197540283203
33206464,14.519867897033691
33222112,19.104476928710938
33227296,15.40394115447998
33228224,18.267045974731445
33229536,22.0
33234368,14.132780075073242
33235232,13.163461685180664
33237248,18.794872283935547
33238208,23.52941131591797
33243744,16.160804748535156
33247360,12.009132385253906
33248032,22.650602340698242
33254848,16.017963409423828
33256352,20.645160675048828
33260064,16.48128318786621
33266080,18.39622688293457
33268032,13.830986022949219
33269152,16.92168617248535
33293184,17.43708610534668
33296288,17.507692337036133
33303008,15.075675964355469
33311456,16.15625
33314336,12.937743186950684
33317152,14.404494285583496
33322208,15.744770050048828
33325472,20.0
33329888,14.077319145202637
33330208,15.690476417541504
33330944,15.965685844421387
33336416,15.295858383178711
33337504,13.893719673156738
33337536,10.070175170898438
33344480,14.456989288330078
33357440,13.51075267791748
33358624,13.611428260803223
33371392,13.419214248657227
33375136,17.06369400024414
33378336,15.155688285827637
33381280,15.497237205505371
33383040,11.750556945800781
33391744,12.849740982055664
33392032,11.13725471496582
33392480,11.743119239807129
33392480,16.67403221130371
33394048,13.820512771606445
33400896,6.28000020980835
33405856,15.176470756530762
33411520,13.711339950561523
33420064,13.453125
33425984,13.163865089416504
33435488,17.43119239807129
33437984,20.649351119995117
33443392,15.240740776062012
33447936,11.904458999633789
33448352,13.838120460510254
33448480,16.51388931274414
33453376,17.33974266052246
33461280,17.39548110961914
33468928,18.6842098236084
33471520,15.04395580291748
33473344,17.594594955444336
33476416,21.261682510375977
33477376,16.60198974609375
33480608,20.689655303955078
33483936,19.424083709716797
33485856,22.429906845092773
33485952,14.070686340332031
33488096,13.551063537597656
33490176,14.90721607208252
33499040,15.245192527770996
33501888,16.478872299194336
33505472,15.012121200561523
33511040,15.144067764282227
33515520,16.562091827392578
33517920,15.995412826538086
33522592,17.280899047851562
33524256,17.252099990844727
33530016,14.804651260375977
33535456,15.494999885559082
33536736,19.609756469726562
33542080,15.0
33549888,16.40322494506836
33552992,14.185791969299316
33554016,19.417476654052734
33555232,12.870129585266113
33555296,16.047618865966797
33556256,14.045454978942871
33559648,20.681249618530273
33563328,21.34831428527832
33568384,12.126394271850586
33579232,13.406639099121094
33586720,6.6579999923706055
33596480,11.12582778930664
33598240,7.510000228881836
33604256,15.44444465637207
33607392,12.679611206054688
33608704,14.84924602508545
33610528,16.17894744873047
33619616,16.863636016845703
33622816,16.847368240356445
33623040,21.226415634155273
33624224,12.502674102783203
33628832,18.726707458496094
33630752,18.496644973754883
33634016,14.531428337097168
33641920,14.812833786010742
33642720,20.2020206451416
33645792,14.863118171691895
33649760,17.073171615600586
33653440,20.006328582763672
33657664,15.399999618530273
33661888,17.47058868408203
33677024,16.907533645629883
33677568,19.97765350341797
33683136,18.775861740112305
33688608,17.0625
33689248,11.40109920501709
33697344,11.503676414489746
33699904,8.086633682250977
33703232,7.47599983215332
33708032,16.96178436279297
33710336,18.487340927124023
33728192,14.004975318908691
33732128,18.613861083984375
33739360,19.31818199157715
33746624,14.591195106506348
33750048,14.907767295837402
33767072,9.184615135192871
33778432,15.461077690124512
33779072,17.29585838317871
33785600,14.438201904296875
33790176,15.995305061340332
33791200,14.10180950164795
33791232,17.799999237060547
33791776,11.900662422180176
33794656,17.305084228515625
33795328,14.842592239379883
33801632,15.168367385864258
33806336,15.656410217285156
33813568,20.40816307067871
33816832,13.144508361816406
33819168,16.506023406982422
33832896,19.71875
33836416,19.05384635925293
33844256,16.526626586914062
33848064,10.5
33850720,17.390804290771484
33855872,13.898550987243652
33856576,18.77618980407715
33863072,12.881817817687988
33864416,16.524038314819336
33869696,15.549737930297852
33870752,17.728260040283203
33874176,16.453039169311523
33879360,14.75977611541748
33890464,16.071428298950195
33899744,17.27941131591797
33900128,14.528350830078125
33901088,18.21839141845703
33903968,15.329896926879883
33907680,16.0256404876709
33927808,16.607526779174805
33927968,15.622377395629883
33930560,18.63157844543457
33933856,15.617977142333984
33939072,25.879121780395508
33944416,14.530805587768555
33945152,17.055213928222656
33947072,16.651933670043945
33958688,19.473684310913086
33963360,17.436363220214844
33963456,12.646788597106934
33964960,15.523077011108398
33966016,18.728395462036133
33966144,17.843538284301758
33969248,13.502732276916504
33973024,16.727848052978516
33974624,15.568075180053711
33975744,18.29353141784668
33976640,17.05442237854004
33977920,15.327381134033203
33979712,17.027027130126953
33982048,17.89908218383789
33983904,12.586065292358398
33984032,19.822086334228516
33986144,17.81768035888672
33991744,16.720930099487305
33992224,15.132743835449219
33993984,15.542986869812012
33995552,16.864999771118164
33995712,18.235294342041016
33997056,16.606060028076172
33998528,13.963302612304688
33999424,14.269058227539062
34000288,19.560209274291992
34001824,18.61025619506836
34002560,9.02319622039795
34008256,17.513158798217773
34013184,10.510204315185547
34016896,11.374531745910645
34017152,10.51171875
34018272,15.278787612915039
34019136,14.857142448425293
34023840,13.282051086425781
34030432,17.14285659790039
34043008,20.070707321166992
34043232,13.59473705291748
34043936,15.327485084533691
34046464,12.931034088134766
34051136,11.796703338623047
34053088,16.94318199157715
34053216,13.3149995803833
34057568,11.5563383102417
34059680,12.699999809265137
34061120,16.597938537597656
34061920,16.24691390991211
34063712,15.329031944274902
34064864,14.318181991577148
34071328,10.079999923706055
34072384,16.877094268798828
34072960,15.317948341369629
34074656,17.95569610595703
34085792,9.720000267028809
34087744,16.26262664794922
34091040,16.700637817382812
34095040,16.883817672729492
34098464,13.54444408416748
34103872,11.421348571777344
34104480,17.9069766998291
34107136,17.40101432800293
34107680,16.251571655273438
34109280,18.335294723510742
34109440,17.213903427124023
34118016,17.12734031677246
34123712,17.929031372070312
34126624,16.07329750061035
34127296,13.209524154663086
34129472,16.05027961730957
34140896,16.720497131347656
34142688,14.527559280395508
34150784,18.11475372314453
34154464,19.769229888916016
34160288,17.118852615356445
34167360,16.58086585998535
34167424,10.03153133392334
34169248,18.65168571472168
34171264,19.23671531677246
34172512,16.69354820251465
34187488,11.536231994628906
34190112,14.852409362792969
34190208,13.723163604736328
34196704,15.0
34199264,12.92569637298584
34201152,13.259739875793457
34206016,16.639345169067383
34206368,17.77083396911621
34207872,17.727272033691406
34211008,16.745222091674805
34214208,21.3908634185791
34223424,17.300411224365234
34227552,16.79290008544922
34231488,11.851851463317871
34232736,15.66906452178955
34238400,13.714285850524902
34238752,15.89893627166748
34240224,20.909605026245117
34245376,16.15816307067871
34249056,11.19636344909668
34251232,16.829267501831055
34254208,10.524590492248535
34256064,19.189542770385742
34256896,15.309782981872559
34259168,16.59195327758789
34262496,15.76555061340332
34264896,16.73770523071289
34267456,11.957447052001953
34270240,17.593219757080078
34282720,23.421052932739258
34285184,14.01047134399414
34287584,13.55760383605957
34291840,11.995433807373047
34292768,10.938628196716309
34294720,13.25333309173584
34297760,16.489360809326172
34301568,11.788079261779785
34302656,17.605911254882812
34306496,17.22085952758789
34323424,17.24305534362793
34331648,14.921182632446289
34338880,15.313432693481445
34343744,15.663717269897461
34350976,24.065933227539062
34358592,15.227777481079102
34360384,14.866666793823242
34363104,13.878787994384766
34367776,17.9251708984375
34377984,14.845237731933594
34380896,19.012821197509766
34384928,17.173913955688477
34396192,19.72527503967285
34397472,20.66666603088379
34404064,13.117073059082031
34411680,17.78481101989746
34417440,15.970760345458984
34423072,19.462366104125977
34424992,17.575580596923828
34428352,17.154321670532227
34429088,13.995671272277832
34435360,15.790575981140137
34439680,18.477123260498047
34445760,15.765957832336426
34446464,15.089385032653809
34451072,15.714285850524902
34466560,16.97402572631836
34467232,15.424389839172363
34469792,18.90243911743164
34472256,14.553571701049805
34472704,17.02479362487793
34477536,20.985401153564453
34478432,15.09756088256836
34480864,15.246988296508789
34482560,14.628787994384766
34485312,20.265060424804688
34498176,13.368182182312012
34504832,20.55118179321289
34506592,23.369565963745117
34510048,19.947643280029297
34524512,13.763818740844727
34525376,10.313559532165527
34528384,15.741379737854004
34531936,9.805429458618164
34532480,15.760000228881836
34538784,9.241829872131348
34544864,13.026596069335938
34551296,16.75
34552544,12.447916984558105
34576384,16.72195053100586
34579328,15.714285850524902
34579360,13.698630332946777
34581472,16.14583396911621
34583136,16.594202041625977
34610784,17.077320098876953
34611552,15.790441513061523
34611840,12.720588684082031
34618688,19.090909957885742
34619040,13.167315483093262
34619424,18.648414611816406
34622496,17.085859298706055
34625120,13.15999984741211
34625408,18.848100662231445
34628096,17.926828384399414
34631168,22.584270477294922
34636800,13.637681007385254
34637440,16.015384674072266
34652832,11.067960739135742
34661536,19.179012298583984
34668160,15.211678504943848
34669792,15.32022476196289
34674496,15.139784812927246
34675616,12.979487419128418
34676192,17.18942642211914
34690656,12.039772987365723
34696512,14.958549499511719
34696896,7.773279190063477
34698624,13.759161949157715
34700640,16.85620880126953
34701248,21.97452163696289
34702944,19.26490020751953
34708896,12.314285278320312
34709856,22.403846740722656
34711584,13.301435470581055
34713568,16.48815155029297
34713792,12.150837898254395
34719616,16.89285659790039
34725728,17.6842098236084
34727040,17.162921905517578
34733856,17.356250762939453
34734016,14.567975997924805
34735328,19.172618865966797
34738144,15.625
34738208,15.183485984802246
34740224,16.020408630371094
34741376,12.814814567565918
34743456,12.17415714263916
34744384,20.360824584960938
34746624,14.77005386352539
34747616,12.736196517944336
34753248,17.994504928588867
34755232,12.513513565063477
34755232,15.905829429626465
34760640,17.45535659790039
34765440,13.367815971374512
34770688,11.183908462524414
34775104,15.956204414367676
34776736,17.18343162536621
34785376,17.80748748779297
34785824,17.17365264892578
34789984,17.838150024414062
34801280,20.648147583007812
34805664,16.76300621032715
34808320,15.425287246704102
34810976,15.784037590026855
34814080,16.519229888916016
34816320,16.305221557617188
34821760,13.932583808898926
34822048,25.0
34824480,13.75
34828704,21.13401985168457
34829920,16.274999618530273
34831616,16.387096405029297
34841632,12.590909004211426
34843136,15.316239356994629
34851808,14.328947067260742
34853216,14.988950729370117
34861024,14.421940803527832
34865696,18.88397789001465
34872480,12.90526294708252
34874272,15.652000427246094
34874976,18.536584854125977
34875840,14.05907154083252
34886880,16.493507385253906
34889120,13.422222137451172
34890048,16.455171585083008
34891008,14.845000267028809
34894080,15.465116500854492
34899424,12.222222328186035
34902848,16.142045974731445
34902880,21.028038024902344
34903392,13.875
34903456,13.863636016845703
34906016,13.612335205078125
34918592,20.469799041748047
34920576,16.072893142700195
34927776,16.0
34930688,14.042194366455078
34947776,15.31515121459961
34951840,11.280596733093262
34955456,14.853658676147461
34961472,14.707447052001953
34962080,14.737931251525879
34962272,13.671428680419922
34968224,12.706161499023438
34968864,14.433961868286133
34979904,18.02941131591797
34982880,20.54347801208496
34994688,15.497777938842773
35004896,17.60747718811035
35007360,17.91666603088379
35013888,17.41176414489746
35019008,17.954545974731445
35021568,12.136363983154297
35029536,12.585492134094238
35041472,17.047618865966797
35052256,11.79665756225586
35054848,16.95266342163086
35056512,15.71505355834961
35057280,25.697673797607422
35065088,11.818181991577148
35068352,14.98701286315918
35072224,12.037837982177734
35072672,19.291391372680664
35076576,16.465517044067383
35076800,19.711538314819336
35098336,16.150537490844727
35112736,16.467592239379883
35115488,15.904545783996582
35133536,8.951898574829102
35134592,16.139394760131836
35139936,12.43891429901123
35148192,13.34426212310791
35154208,14.246153831481934
35168064,16.66225242614746
35170240,12.768041610717773
35174560,20.871166229248047
35183168,11.49795913696289
35186368,20.0
35191936,15.52601146697998
35197472,13.103447914123535
35198656,13.745562553405762
35203168,13.48458194732666
35205216,16.01004981994629
35205632,17.5
35212384,17.429630279541016
35213088,15.747292518615723
35215936,16.73245620727539
35217504,20.77669906616211
35218432,18.776397705078125
35219296,15.48611068725586
35219904,17.864662170410156
35234272,13.539534568786621
35234816,17.077465057373047
35235808,14.992481231689453
35236320,15.928176879882812
35248800,17.03174591064453
35256288,16.538921356201172
35260320,19.75163459777832
35261056,16.37162208557129
35263040,15.325966835021973
35265760,17.748428344726562
35266688,13.753926277160645
35282784,13.593073844909668
35283136,13.98828125
35283552,16.512195587158203
35286496,12.176922798156738
35288384,14.867924690246582
35290624,16.98802375793457
35293312,17.21938705444336
35301760,17.261146545410156
35308544,16.860000610351562
35321024,15.682353019714355
35331456,17.15277862548828
35331968,16.511905670166016
35334336,17.62702751159668
35335168,15.701754570007324
35341792,17.965517044067383
35342528,18.30769157409668
35347584,19.24203872680664
35348288,16.700000762939453
35350048,15.483333587646484
35350720,16.763158798217773
35357984,9.050000190734863
35358048,13.186813354492188
35358272,18.083831787109375
35368832,18.720930099487305
35370144,17.423728942871094
35372416,20.201257705688477
35379392,16.413043975830078
35383040,21.904762268066406
35393216,17.0
35397088,14.561403274536133
35399488,18.52903175354004
35403232,20.88275909423828
35405472,15.491620063781738
35405952,18.629629135131836
35408384,16.101123809814453
35410272,15.202970504760742
35411136,15.261083602905273
35412576,19.148935317993164
35414464,16.511493682861328
35414688,22.26890754699707
35417760,17.241546630859375
35420352,16.176469802856445
35421280,9.476015090942383
35433024,11.135457992553711
35436032,19.66883087158203
35438400,18.145349502563477
35439328,17.286550521850586
35441632,15.880644798278809
35445568,13.572139739990234
35449216,15.929203987121582
35451872,16.743934631347656
35462400,19.022857666015625
35462752,16.535911560058594
35470464,15.882352828979492
35471264,13.4408597946167
35484800,15.471590995788574
35494592,14.720930099487305
35499104,14.308724403381348
35499584,13.816455841064453
35499968,19.07281494140625
35503744,18.928571701049805
35514112,16.323530197143555
35515328,15.078431129455566
35516192,16.45033073425293
35520736,9.384614944458008
35523776,14.025906562805176
35524448,18.9350643157959
35526272,17.14545440673828
35537856,19.053333282470703
35540352,13.942730903625488
35545248,13.131707191467285
35545376,18.45255470275879
35549216,19.012346267700195
35553280,12.254901885986328
35555648,17.898088455200195
35556608,11.32608699798584
35558464,15.523560523986816
35560288,14.747706413269043
35562208,17.22282600402832
35564640,19.950355529785156
35565024,16.384614944458008
35565248,13.99532699584961
35574048,12.600000381469727
35576896,15.242774963378906
35579488,14.085227012634277
35588768,16.725351333618164
35591072,21.33333396911621
35591520,15.078341484069824
35595808,12.178914070129395
35609760,16.91907501220703
35612576,14.81751823425293
35616992,15.09782600402832
35618080,14.186813354492188
35621536,17.19512176513672
35622144,16.060606002807617
35627680,11.453441619873047
35631136,9.501384735107422
35631552,15.47089958190918
35632000,17.55223846435547
35633280,17.023147583007812
35638368,16.679244995117188
35647744,16.160642623901367
35671904,12.09756088256836
35673888,17.972850799560547
35674592,14.166666984558105
35675072,18.203947067260742
35679936,11.888298034667969
35681600,12.638418197631836
35682240,15.087156295776367
35683904,17.45977020263672
35690592,15.338383674621582
35692480,12.75460147857666
35692832,17.668750762939453
35696064,15.305418968200684
35700992,13.380952835083008
35708448,15.670807838439941
35710528,16.879432678222656
35717664,10.791304588317871
35721504,11.751269340515137
35728640,16.015151977539062
35730912,12.819587707519531
35739136,16.502824783325195
35739904,14.515463829040527
35744320,12.743589401245117
35745632,20.342466354370117
35750752,12.281853675842285
35756320,15.251396179199219
35761664,18.328571319580078
35774272,15.349112510681152
35777088,14.987804412841797
35778432,17.769697189331055
35790496,15.703947067260742
35790944,12.970953941345215
35791904,13.223809242248535
35792096,12.019230842590332
35795072,15.121052742004395
35800448,15.371257781982422
35807616,14.929411888122559
35810208,19.186046600341797
35813984,18.376068115234375
35815520,14.835821151733398
35821920,15.751592636108398
35824800,15.960526466369629
35827488,14.891304016113281
35829728,13.53723430633545
35830784,11.408601760864258
35833792,16.47089958190918
35836768,14.446236610412598
35840640,17.6842098236084
35848448,17.272727966308594
35850624,12.07575798034668
35852160,15.683615684509277
35852576,19.326923370361328
35856064,16.636363983154297
35858496,18.358585357666016
35858624,13.757225036621094
35860128,16.78160858154297
35861376,19.920454025268555
35889952,15.727723121643066
35891712,17.30845832824707
35894464,13.103447914123535
35902560,14.970237731933594
35905280,16.677852630615234
35907616,12.862944602966309
35911712,18.05681800842285
35922560,13.037266731262207
35925184,16.597484588623047
35926656,14.424908638000488
35929984,15.103896141052246
35929984,18.563758850097656
35930688,17.038251876831055
35939904,16.427711486816406
35940160,18.616437911987305
35943616,17.36842155456543
35947232,12.943089485168457
35949664,16.530054092407227
35950400,15.309391975402832
35956576,17.309091567993164
35962816,13.960113525390625
35970400,16.212644577026367
36001344,23.551401138305664
36003104,12.66513729095459
36014816,16.178571701049805
36021440,17.609466552734375
36024128,17.704917907714844
36029024,15.730337142944336
36029472,17.295597076416016
36030784,20.21830940246582
36041280,14.642486572265625
36043712,10.154385566711426
36045760,16.83490562438965
36052384,16.78160858154297
36053600,11.168830871582031
36064928,14.48356819152832
36069856,17.165563583374023
36071104,17.964824676513672
36072320,15.61212158203125
36078016,11.105504989624023
36079360,18.953947067260742
36093312,16.299999237060547
36094016,12.48603343963623
36096832,12.103658676147461
36104000,21.261260986328125
36104576,15.07456111907959
36112320,14.331730842590332
36112992,16.323699951171875
36120576,15.252525329589844
36127296,16.011560440063477
36127648,17.089946746826172
36128480,13.076923370361328
36129120,12.76097583770752
36138176,12.8125
36139264,13.305785179138184
36139712,18.5
36146272,13.721428871154785
36147872,17.822484970092773
36148832,17.473052978515625
36149568,14.9375
36155520,15.69473648071289
36156480,11.17989444732666
36161760,12.639423370361328
36163968,10.899614334106445
36172096,14.196629524230957
36175392,11.921951293945312
36184320,16.279069900512695
36186624,16.127071380615234
36186624,15.336787223815918
36188192,14.886363983154297
36189856,7.2792792320251465
36190336,13.104000091552734
36191360,9.677143096923828
36192448,14.516279220581055
36193888,11.750842094421387
36205760,14.544943809509277
36205824,9.061320304870605
36209408,14.300000190734863
36214944,12.366278648376465
36218080,14.89830493927002
36223744,15.653631210327148
36232608,10.964072227478027
36240352,12.809523582458496
36243168,16.017698287963867
36243776,13.235294342041016
36250400,14.721212387084961
36254656,18.847618103027344
36259232,16.355262756347656
36261216,16.203208923339844
36266880,14.230769157409668
36270784,8.212903022766113
36273664,12.857142448425293
36275328,15.729591369628906
36281536,15.828025817871094
36287104,12.365591049194336
36294656,12.824675559997559
36294816,14.516129493713379
36300544,17.209877014160156
36300960,11.956521987915039
36315776,17.20833396911621
36329312,17.984848022460938
36330368,15.789473533630371
36332352,12.699152946472168
36333600,15.961904525756836
36333856,12.445945739746094
36340640,13.411765098571777
36341312,10.171428680419922
36341920,16.488372802734375
36350944,18.493671417236328
36354592,12.575221061706543
36355616,10.975000381469727
36361440,17.928571701049805
36361632,19.467153549194336
36366432,13.172897338867188
36366848,13.371794700622559
36368288,15.912500381469727
36368480,12.982142448425293
36371456,12.472440719604492
36375648,20.9375
36377344,12.827242851257324
36383712,17.070707321166992
36396896,12.969849586486816
36396992,16.14418601989746
36398688,16.68181800842285
36399968,13.094527244567871
36402272,16.874252319335938
36403424,16.94972038269043
36415136,13.45348834991455
36417696,13.586956977844238
36419104,17.251909255981445
36421632,14.698795318603516
36427296,14.888412475585938
36429152,13.97484302520752
36438112,16.433120727539062
36443104,13.950920104980469
36449216,15.25
36450944,15.963414192199707
36456000,16.509553909301758
36456960,5.77400016784668
36458656,20.140625
36460864,13.274335861206055
36468288,17.071428298950195
36472736,15.594594955444336
36474880,15.1450777053833
36476384,12.169013977050781
36477696,15.251396179199219
36480960,15.288461685180664
36489472,19.009008407592773
36494400,14.742574691772461
36498112,17.98245620727539
36502912,14.238636016845703
36503008,16.051612854003906
36503232,13.415789604187012
36503424,11.49315071105957
36509248,8.920000076293945
36511392,12.717948913574219
36516960,9.974522590637207
36519296,10.528677940368652
36522208,11.979220390319824
36523744,18.115942001342773
36524032,15.54913330078125
36525376,19.112903594970703
36528640,16.972476959228516
36532576,14.384614944458008
36532672,15.058823585510254
36537728,11.427509307861328
36538432,14.881656646728516
36540416,15.037837982177734
36549600,13.0316743850708
36556512,16.074766159057617
36559424,15.913978576660156
36562656,10.481675148010254
36570112,14.748299598693848
36580672,14.2615385055542
36583200,18.619047164916992
36585472,16.58823585510254
36590752,12.95348834991455
36594368,19.85416603088379
36597760,23.956043243408203
36612576,16.58823585510254
36616544,15.222222328186035
36617696,15.470930099487305
36618464,18.61111068725586
36639520,19.786666870117188
36641888,14.198925018310547
36645664,15.807692527770996
36645856,11.340081214904785
36648608,19.230770111083984
36657280,15.789473533630371
36672064,7.517857074737549
36681568,14.71264362335205
36689376,19.417112350463867
36697504,16.50261688232422
36699200,10.007518768310547
36705920,16.095693588256836
36708416,14.15384578704834
36712288,17.78443145751953
36713344,12.184739112854004
36713792,16.60416603088379
36719520,13.725000381469727
36723776,14.157303810119629
36735232,20.562044143676758
36740064,11.440171241760254
36741536,19.59541893005371
36741888,18.81188201904297
36744640,12.978723526000977
36748544,12.272727012634277
36751008,13.164556503295898
36757056,16.474285125732422
36757568,20.265060424804688
36758336,13.729281425476074
36762144,16.89285659790039
36763872,16.89655113220215
36769408,14.502824783325195
36770944,20.3150691986084
36774944,13.553571701049805
36795552,12.608695983886719
36805632,16.40625
36807552,18.518518447875977
36813728,16.76041603088379
36816672,21.962615966796875
36817696,10.608870506286621
36818880,12.62436580657959
36823808,15.68823528289795
36833216,10.132596969604492
36834816,14.855555534362793
36838816,17.026845932006836
36838848,17.419355392456055
36849344,10.977048873901367
36852800,11.905349731445312
36862336,13.0
36864672,19.503597259521484
36865024,19.868749618530273
36869312,18.495574951171875
36873952,19.321212768554688
36874624,16.224390029907227
36875904,12.165178298950195
36877248,14.714285850524902
36884064,12.324742317199707
36889440,20.535715103149414
36895072,18.029197692871094
36897376,13.611428260803223
36898976,15.227272987365723
36904096,16.561403274536133
36910208,14.545454978942871
36914368,12.300578117370605
36917888,12.945606231689453
36924160,14.285714149475098
36933888,15.735294342041016
36936640,17.647058486938477
36949312,18.07065200805664
36951168,12.759562492370605
36951360,12.461240768432617
36952352,15.742574691772461
36954528,25.56962013244629
36955456,16.589595794677734
36964000,13.640740394592285
36965696,17.1552791595459
36970432,11.023255348205566
36974976,16.314285278320312
36976320,18.18055534362793
36977792,17.13194465637207
36978656,11.991803169250488
36978848,16.60988998413086
36980128,19.131250381469727
36982848,12.769783973693848
36983488,11.97580623626709
36985152,18.234636306762695
36993920,17.754011154174805
36996384,11.180644989013672
37001472,18.173076629638672
37001920,14.089285850524902
37003008,17.144737243652344
37007616,13.256830215454102
37010272,14.545454978942871
37012608,16.827587127685547
37014368,11.646153450012207
37027520,15.683938026428223
37030592,15.78169059753418
37032800,12.921951293945312
37035584,20.421768188476562
37039008,16.36931800842285
37040320,17.55555534362793
37053920,15.33484172821045
37054016,20.91549301147461
37058688,16.40625
37059136,17.362499237060547
37059456,13.748571395874023
37060288,17.064102172851562
37062848,15.23703670501709
37063296,12.331877708435059
37066592,24.19354820251465
37069536,22.192981719970703
37083552,14.549737930297852
37086464,15.630841255187988
37086688,15.727723121643066
37092864,12.254901885986328
37093632,19.363636016845703
37098368,13.871344566345215
37100896,14.951456069946289
37103360,14.100000381469727
37103424,12.096345901489258
37116928,9.731449127197266
37117408,13.951351165771484
37130976,15.875
37134176,15.471795082092285
37135104,15.453125
37140288,11.735177993774414
37140704,13.196890830993652
37149504,15.43617057800293
37150400,20.886075973510742
37150816,13.904522895812988
37151616,17.767045974731445
37153184,16.144384384155273
37153248,13.81862735748291
37153568,14.990196228027344
37153792,14.319587707519531
37156512,11.553398132324219
37161824,13.598726272583008
37167872,18.11627960205078
37168096,16.03125
37171712,18.221519470214844
37173056,11.230392456054688
37176320,11.330316543579102
37179904,8.315068244934082
37183040,12.116161346435547
37187072,20.0
37202080,16.94936752319336
37206848,15.766467094421387
37218912,19.97402572631836
37219648,14.381720542907715
37221056,9.957627296447754
37232736,12.577670097351074
37233984,16.564706802368164
37239008,15.961749076843262
37250144,16.565475463867188
37251040,15.3450288772583
37252256,9.160714149475098
37259552,15.733333587646484
37274336,21.104894638061523
37283392,15.185185432434082
37286720,17.1907901763916
37288160,16.5230770111084
37288192,12.57328987121582
37293184,12.890546798706055
37295328,15.837209701538086
37296224,22.77227783203125
37296608,15.438502311706543
37299040,13.373494148254395
37302624,15.199028968811035
37303136,8.4399995803833
37303200,14.352631568908691
37305664,16.782608032226562
37310272,15.485074996948242
37311360,12.061151504516602
37311680,12.84000015258789
37311712,14.351351737976074
37312224,14.004328727722168
37312768,15.632431983947754
37316224,17.0264892578125
37320160,15.202614784240723
37322560,15.838173866271973
37331712,13.664864540100098
37332192,10.610526084899902
37332992,14.254807472229004
37334944,15.97402572631836
37335424,20.337078094482422
37336192,14.458599090576172
37339296,11.879069328308105
37352960,14.496437072753906
37354816,12.880658149719238
37359264,8.037190437316895
37360448,14.429487228393555
37364288,14.260869979858398
37370624,14.83615779876709
37371424,13.666666984558105
37375488,13.528634071350098
37376320,14.228395462036133
37384576,18.7439022064209
37400544,15.679244995117188
37403808,16.430692672729492
37405216,13.973821640014648
37405408,14.395973205566406
37408800,15.399999618530273
37412960,20.354839324951172
37417024,14.543478012084961
37417888,13.945782661437988
37419424,15.563953399658203
37427264,16.013071060180664
37428544,12.56944465637207
37431136,13.507692337036133
37438336,12.126214027404785
37452928,14.753926277160645
37455264,18.613401412963867
37455392,15.079999923706055
37472832,15.971831321716309
37478880,15.65217399597168
37479808,15.758865356445312
37484160,12.625
37486208,16.28643226623535
37486720,13.783132553100586
37491168,16.156625747680664
37492480,14.051136016845703
37495296,20.123456954956055
37501600,11.939759254455566
37516032,16.797101974487305
37532448,15.732026100158691
37534560,16.19403076171875
37538240,7.980000019073486
37542752,16.785715103149414
37560096,14.034482955932617
37564640,20.021276473999023
37566464,13.913978576660156
37578880,18.37837791442871
37582656,14.310924530029297
37582752,13.541666984558105
37582816,13.125785827636719
37586816,14.5
37588160,12.849397659301758
37592992,12.834224700927734
37593600,21.704545974731445
37594752,16.86802101135254
37595072,18.046154022216797
37596512,11.98019790649414
37597632,12.142857551574707
37599424,15.431111335754395
37600384,16.363636016845703
37601760,13.845745086669922
37610656,11.375
37624192,22.758621215820312
37624224,18.950355529785156
37624416,12.796609878540039
37631424,14.391111373901367
37636416,16.714284896850586
37643744,18.272727966308594
37647744,12.372880935668945
37676288,14.8125
37681344,18.627450942993164
37687968,17.98473358154297
37688672,14.71337604522705
37704256,14.689265251159668
37709952,13.423487663269043
37711360,15.701148986816406
37720736,15.680000305175781
37725408,16.0
37739712,14.640000343322754
37746112,18.96503448486328
37753600,19.50666618347168
37758048,15.383084297180176
37774624,14.514123916625977
37782944,15.279329299926758
37785888,15.823863983154297
37787520,10.996153831481934
37792544,14.772486686706543
37807200,19.43037986755371
37807584,14.430379867553711
37808672,18.035293579101562
37811968,20.87837791442871
37814144,15.977400779724121
37817632,13.832298278808594
37820704,17.563291549682617
37825856,12.75
37827840,14.436619758605957
37829120,18.961538314819336
37834944,14.089473724365234
37840032,16.942195892333984
37846368,20.204082489013672
37847840,11.970443725585938
37849248,15.840909004211426
37852608,16.539474487304688
37853504,11.947182655334473
37854848,13.739130020141602
37857120,22.167831420898438
37858976,14.61734676361084
37864672,10.251937866210938
37867584,20.4407901763916
37876128,16.429447174072266
37877056,13.909090995788574
37880288,19.30337142944336
37884672,18.183822631835938
37885632,20.73714256286621
37905856,11.272000312805176
37913216,18.303571701049805
37917440,18.20945930480957
37922848,18.7394962310791
37923104,16.738372802734375
37924288,16.88524627685547
37926720,14.64102554321289
37938944,12.212453842163086
37946336,11.581761360168457
37957984,15.13471508026123
37960032,20.549999237060547
37963904,10.761363983154297
37964640,14.48987865447998
37969216,18.125
37969280,19.251497268676758
37970368,18.11236000061035
37972128,19.0059871673584
37973472,15.531707763671875
37975872,12.59105396270752
37981184,18.306570053100586
37981792,16.209821701049805
37984544,19.83333396911621
37985216,20.47101402282715
37992224,14.155843734741211
37993696,16.966291427612305
37997728,14.45348834991455
37997856,20.37837791442871
38004992,17.874286651611328
38006848,16.67336654663086
38010688,14.649999618530273
38014400,12.468000411987305
38015328,12.644737243652344
38019936,13.926966667175293
38020256,13.398963928222656
38020896,12.958333015441895
38022496,18.18181800842285
38025312,13.563218116760254
38031040,14.760765075683594
38036384,19.176469802856445
38038272,15.734463691711426
38041184,12.038834571838379
38050048,11.686363220214844
38050624,14.614679336547852
38054816,14.560209274291992
38055168,18.03896141052246
38057408,20.200000762939453
38059104,11.494880676269531
38062464,14.631386756896973
38069344,12.621622085571289
38083520,16.74698829650879
38085376,17.346939086914062
38090496,18.69811248779297
38097312,13.303665161132812
38102912,16.63068199157715
38113984,16.32617950439453
38123264,13.812833786010742
38142432,18.85211181640625
38145696,11.192856788635254
38159776,11.755102157592773
38161056,17.548076629638672
38164256,15.601265907287598
38171712,11.109965324401855
38173760,20.20958137512207
38181248,8.930000305175781
38182464,16.917720794677734
38184288,22.247190475463867
38186432,15.786666870117188
38199008,15.840425491333008
38199520,11.299492835998535
38207168,14.10857105255127
38213536,12.720588684082031
38217664,14.90062141418457
38217920,12.698225021362305
38230208,12.898550987243652
38239808,16.734939575195312
38246688,16.169811248779297
38246976,11.230392456054688
38252160,17.69098663330078
38253472,12.724252700805664
38253792,13.596273422241211
38257376,12.691630363464355
38260480,14.608433723449707
38275360,14.451428413391113
38276320,16.493244171142578
38276480,10.879630088806152
38279616,17.359222412109375
38283040,10.106122016906738
38292448,14.740113258361816
38296512,16.377777099609375
38302400,14.973684310913086
38307840,10.041095733642578
38313536,10.529729843139648
38313824,13.95161247253418
38318976,20.26785659790039
38329536,16.81751823425293
38330016,14.42364501953125
38334176,11.447916984558105
38335104,14.662069320678711
38337152,13.67724895477295
38341920,14.244791984558105
38361312,14.171233177185059
38370560,15.88888931274414
38378080,13.412429809570312
38379008,14.358695983886719
38383072,14.267080307006836
38386048,10.415807723999023
38388000,16.035898208618164
38393952,14.65562915802002
38397440,14.990825653076172
38399360,10.644827842712402
38402208,20.894365310668945
38404544,17.8994083404541
38406912,16.176166534423828
38407552,15.374015808105469
38410848,15.54594612121582
38414528,15.463276863098145
38419904,13.964072227478027
38427008,12.677596092224121
38440032,15.538116455078125
38440896,14.290657043457031
38442688,12.535836219787598
38443264,12.270936012268066
38451296,14.0
38459104,15.341772079467773
38461568,11.996109008789062
38462272,18.796993255615234
38463168,14.411765098571777
38466976,18.88888931274414
38470080,16.25
38472896,12.460000038146973
38492288,15.012121200561523
38496384,16.30573272705078
38501856,14.543269157409668
38503904,14.693181991577148
38504288,16.62162208557129
38508864,14.52597427368164
38510208,16.36470603942871
38510976,14.16058349609375
38513728,12.03553295135498
38515840,14.005319595336914
38519232,17.69862937927246
38520384,18.52666664123535
38522624,18.031496047973633
38524000,12.537688255310059
38527456,16.18644142150879
38530592,14.883721351623535
38533568,14.993939399719238
38535808,10.29716968536377
38536096,16.890804290771484
38541984,17.012739181518555
38542624,14.606741905212402
38545248,15.232673645019531
38546144,11.091873168945312
38551392,11.126696586608887
38563328,16.93181800842285
38564032,15.580459594726562
38564192,16.793893814086914
38564384,16.05813980102539
38567264,18.851612091064453
38568384,15.167664527893066
38573920,17.572368621826172
38574048,15.846590995788574
38575360,13.110526084899902
38576224,14.081395149230957
38576576,16.226667404174805
38579072,16.0
38580768,12.99459457397461
38583968,14.877813339233398
38584416,15.198863983154297
38584704,15.645962715148926
38591456,19.785715103149414
38594624,14.094339370727539
38595200,15.567708015441895
38600320,16.346153259277344
38606752,12.08984375
38608992,15.494318008422852
38609472,18.263158798217773
38611808,17.114648818969727
38616256,14.473451614379883
38627168,16.01734161376953
38627456,12.779141426086426
38630880,16.8988094329834
38631840,13.854671478271484
38639936,14.675127029418945
38640096,17.211538314819336
38641216,15.59115982055664
38646176,15.248677253723145
38655584,14.708333015441895
38658368,18.12413787841797
38665184,16.7515926361084
38679552,14.601156234741211
38684576,13.929648399353027
38686528,17.14285659790039
38689888,15.227723121643066
38691392,12.544041633605957
38696000,13.186813354492188
38697728,18.384105682373047
38701632,14.453658103942871
38705856,16.113636016845703
38726080,14.0054349899292
38729024,16.89655113220215
38736352,13.729166984558105
38737568,15.457317352294922
38740096,12.573033332824707
38740864,16.267759323120117
38741120,14.313432693481445
38741280,14.076576232910156
38747872,11.17391300201416
38757312,17.107437133789062
38757376,10.06598949432373
38760064,12.878787994384766
38770592,16.086956024169922
38778144,16.850339889526367
38786848,15.817733764648438
38793088,9.793814659118652
38795104,14.17241382598877
38795232,17.79527473449707
38796544,15.431138038635254
38797536,22.543859481811523
38802624,9.305085182189941
38809152,13.363183975219727
38811904,13.583756446838379
38812384,12.491978645324707
38813216,11.822368621826172
38816576,14.851485252380371
38825536,14.621052742004395
38829152,15.0
38829184,15.959770202636719
38829472,11.51572322845459
38830880,21.86274528503418
38833312,16.024391174316406
38833920,20.854700088500977
38836352,15.264317512512207
38844128,13.306451797485352
38850432,10.028777122497559
38851616,16.016666412353516
38854240,14.318181991577148
38862528,16.330142974853516
38863392,12.574257850646973
38865984,15.375
38873312,13.883721351623535
38881152,14.349112510681152
38883552,14.17475700378418
38885472,12.496295928955078
38886464,14.613526344299316
38895616,16.284849166870117
38900160,13.54891300201416
38905728,13.331818580627441
38914336,14.100000381469727
38924192,22.432432174682617
38924800,10.397590637207031
38925152,13.049549102783203
38928704,20.27397346496582
38945888,18.288043975830078
38951552,14.65294075012207
38958336,14.893081665039062
38963808,13.426396369934082
38966400,16.831275939941406
38967840,14.981132507324219
38970560,13.697872161865234
38976384,13.4375
38996192,14.030303001403809
38999328,12.289916038513184
39003232,16.153846740722656
39013696,14.244186401367188
39016192,16.74576187133789
39018720,16.511627197265625
39021568,19.032258987426758
39022208,18.3157901763916
39027712,14.698564529418945
39028032,12.910506248474121
39032832,15.018404960632324
39033376,17.84756088256836
39035264,14.460227012634277
39036256,15.600000381469727
39052416,14.867256164550781
39054112,14.408601760864258
39054688,14.100628852844238
39055104,18.263158798217773
39055392,16.712871551513672
39055424,15.342391014099121
39057600,11.343283653259277
39061600,15.590909004211426
39068480,12.721893310546875
39079584,22.77108383178711
39080192,16.916278839111328
39088544,19.645389556884766
39088832,10.512711524963379
39089472,14.175824165344238
39089888,13.203125
39091520,16.329669952392578
39095488,15.478468894958496
39097984,16.163461685180664
39098272,15.810880661010742
39101408,14.516129493713379
39111712,16.747474670410156
39114304,15.893048286437988
39116320,16.524822235107422
39120096,14.84705924987793
39123744,16.355670928955078
39124704,17.92405128479004
39125632,9.494866371154785
39126752,12.828877449035645
39130144,17.402515411376953
39142464,14.155914306640625
39150624,16.40243911743164
39154080,7.989999771118164
39166048,17.12765884399414
39170464,16.854839324951172
39183264,16.5
39189472,15.363636016845703
39190944,18.598901748657227
39207200,13.898148536682129
39210304,13.457447052001953
39213056,13.008333206176758
39215264,16.142105102539062
39226144,17.4887638092041
39228736,13.4375
39230368,13.488371849060059
39232512,16.61931800842285
39237760,15.739884376525879
39247136,14.88888931274414
39248448,13.754838943481445
39250912,15.539216041564941
39251264,17.952754974365234
39251392,14.64974594116211
39265568,16.643171310424805
39267232,18.02614402770996
39272992,14.042552947998047
39278720,18.955413818359375
39282080,20.096969604492188
39289696,17.90625
39293152,14.674311637878418
39298016,9.408284187316895
39301056,18.057554244995117
39301216,10.890070915222168
39302944,15.839743614196777
39303904,9.715909004211426
39308096,17.59898567199707
39317600,11.282608985900879
39320288,18.778480529785156
39323680,9.993420600891113
39326112,20.337078094482422
39326208,9.039604187011719
39328672,12.775861740112305
39343552,14.510416984558105
39345824,16.80219841003418
39346016,14.04102611541748
39347712,15.264705657958984
39350208,16.17346954345703
39354304,19.65584373474121
