step,value
448,26.066667556762695
2256,13.0
3808,13.0
4848,17.83333396911621
5616,18.714284896850586
6448,11.399999618530273
6736,2.75
7920,13.0
8944,13.699999809265137
11904,22.461538314819336
13728,19.0
14048,15.5
16048,4.0
19632,12.399999618530273
19760,0.6666666865348816
26480,4.0
27136,5.166666507720947
27504,9.727272987365723
30672,14.25
31968,11.928571701049805
32848,17.58333396911621
33856,15.769230842590332
37968,9.699999809265137
38592,17.928571701049805
39872,9.741935729980469
40640,11.166666984558105
41376,18.5
47488,16.571428298950195
49632,14.666666984558105
51776,10.142857551574707
53712,4.666666507720947
55840,14.733333587646484
57728,9.714285850524902
60704,9.642857551574707
61504,10.333333015441895
62864,11.29411792755127
66960,8.947368621826172
70208,7.083333492279053
71152,12.807692527770996
72352,17.0
83504,13.416666984558105
85936,18.066667556762695
87424,8.380952835083008
91264,11.852941513061523
91680,8.1304349899292
96480,11.571428298950195
97328,13.8125
97808,16.77142906188965
100944,9.666666984558105
101424,2.75
102720,5.07692289352417
109152,15.071428298950195
111392,16.11111068725586
112224,18.33333396911621
120224,9.736842155456543
122704,6.0714287757873535
123440,9.117647171020508
129360,7.5
130544,12.0
131184,15.25
134352,11.040816307067871
142000,3.6666667461395264
148576,4.199999809265137
150960,7.307692527770996
153136,12.727272987365723
156464,11.875
157136,8.3125
163936,10.0
174816,14.0
175856,7.0
179936,15.29411792755127
184016,17.163265228271484
194000,14.473684310913086
198016,7.941176414489746
198560,10.666666984558105
199792,9.5
201024,15.256410598754883
203840,10.454545021057129
208624,8.0
209152,12.574999809265137
217504,8.4399995803833
226256,13.529411315917969
226624,10.13888931274414
236864,9.090909004211426
241600,8.913043022155762
241712,11.75
244800,11.91891860961914
253024,10.673076629638672
263296,10.416666984558105
263728,8.884614944458008
263856,8.636363983154297
264176,12.5
270672,11.263157844543457
275712,10.028571128845215
287392,8.78125
293344,11.71875
294032,11.052631378173828
294528,10.666666984558105
302496,13.095237731933594
305008,14.193548202514648
315584,12.25
320848,10.354838371276855
323616,13.125
328752,10.800000190734863
335312,9.615385055541992
345312,11.098039627075195
347536,13.513513565063477
350240,10.366666793823242
351376,10.6578950881958
358256,13.308510780334473
358608,10.379310607910156
362432,10.689655303955078
367472,12.564102172851562
367520,10.428571701049805
368160,11.25
372640,10.193548202514648
374704,13.571428298950195
379104,10.55555534362793
388384,10.533333778381348
389520,11.38888931274414
389920,11.875
391360,10.789473533630371
402048,10.909090995788574
421120,10.65217399597168
422096,11.078947067260742
424400,10.740740776062012
424640,11.11111068725586
424848,12.033333778381348
426592,9.0
427152,12.702702522277832
432704,9.11111068725586
434912,11.527777671813965
435040,8.965517044067383
439424,10.967741966247559
443568,10.028571128845215
454256,8.958333015441895
456768,10.206896781921387
458288,9.11111068725586
467392,12.666666984558105
470096,8.34615421295166
476832,8.821428298950195
480912,9.096774101257324
483568,11.434782981872559
485408,10.65625
485872,9.285714149475098
487104,10.714285850524902
493648,12.63888931274414
496304,12.800000190734863
500624,10.55555534362793
508384,10.590164184570312
510720,13.060606002807617
519184,10.516129493713379
520528,13.911110877990723
525152,14.074073791503906
529680,11.0
532080,9.230769157409668
537056,10.263157844543457
543664,9.5
546592,10.379310607910156
549008,9.239999771118164
549136,10.961538314819336
553520,9.149999618530273
558848,10.833333015441895
570080,11.15384578704834
570832,12.333333015441895
572640,10.470588684082031
573584,9.066666603088379
578208,9.296296119689941
582192,11.486486434936523
601792,13.078947067260742
608064,10.875
618848,13.030303001403809
621648,11.806451797485352
625008,8.885714530944824
632272,11.883721351623535
647664,10.375
648192,9.274999618530273
670256,9.318181991577148
679600,10.289473533630371
679872,9.366666793823242
683376,10.21212100982666
690640,11.90625
691760,9.166666984558105
695952,9.375
707696,10.181818008422852
713456,9.309523582458496
724576,9.600000381469727
730000,9.34782600402832
736256,10.387096405029297
740240,8.9375
742832,9.09375
746304,8.962963104248047
749264,8.947368621826172
752112,9.25
753968,10.75
755296,10.066666603088379
756528,14.399999618530273
757296,9.830188751220703
764976,11.699999809265137
766192,10.027777671813965
769808,11.967741966247559
774304,10.029411315917969
775392,12.45714282989502
786320,12.076923370361328
786976,13.742856979370117
793392,9.066666603088379
803296,8.9375
805328,9.523809432983398
805856,12.6875
808704,10.220338821411133
820288,10.214285850524902
822720,12.84375
825776,10.885714530944824
827744,10.333333015441895
846608,12.074073791503906
847152,9.285714149475098
849200,11.857142448425293
852480,9.208333015441895
852800,11.4375
855184,14.5
891440,11.06315803527832
896544,10.314285278320312
900832,10.756097793579102
905216,10.699999809265137
906304,10.279999732971191
922768,10.65625
928848,10.754716873168945
943360,9.034482955932617
944912,13.230769157409668
954400,12.11111068725586
956080,9.0
957280,10.21212100982666
968992,12.03125
969648,14.04878044128418
971200,13.552631378173828
974784,14.121212005615234
983008,12.600000381469727
990976,9.318181991577148
992352,9.142857551574707
998368,14.125
1001072,10.714285850524902
1003840,9.399999618530273
1005968,12.103447914123535
1009776,8.866666793823242
1018800,8.4399995803833
1019600,14.678571701049805
1023824,10.45714282989502
1025280,13.033333778381348
1032000,11.806451797485352
1034752,14.674418449401855
1038896,9.142857551574707
1041776,11.931034088134766
1047424,8.928571701049805
1048368,8.923076629638672
1057344,9.44444465637207
1057936,9.399999618530273
1066000,9.296296119689941
1070464,9.545454978942871
1086688,9.399999618530273
1087424,10.617647171020508
1087856,14.689655303955078
1089952,15.896552085876465
1094528,11.699999809265137
1106304,12.386363983154297
1110304,9.53125
1113728,10.323529243469238
1121680,8.866666793823242
1131472,8.821428298950195
1141408,12.65217399597168
1143104,10.314285278320312
1148432,10.470588684082031
1150032,14.038461685180664
1151952,10.387096405029297
1158448,9.1304349899292
1159984,14.0
1165616,9.199999809265137
1177376,10.714285850524902
1184080,10.44444465637207
1184176,10.024999618530273
1189504,10.714285850524902
1194576,10.615385055541992
1199280,11.416666984558105
1205056,11.806451797485352
1209952,9.473684310913086
1215696,9.833333015441895
1226160,9.523809432983398
1227936,9.344827651977539
1228336,9.411765098571777
1231920,10.807692527770996
1235856,8.730769157409668
1252784,8.699999809265137
1257792,9.034482955932617
1266896,13.28125
1267664,10.206896781921387
1267728,9.583333015441895
1269392,11.866666793823242
1269840,12.241379737854004
1270560,13.256410598754883
1284640,8.2619047164917
1286304,10.533333778381348
1292368,8.680000305175781
1297520,9.5
1303184,8.925926208496094
1305680,16.171428680419922
1320000,10.279999732971191
1332256,8.899999618530273
1335008,9.064516067504883
1337600,13.310344696044922
1342448,9.875
1348304,12.84375
1355328,10.030303001403809
1355936,11.857142448425293
1356336,10.954545021057129
1360736,12.399999618530273
1362464,11.38888931274414
1367200,9.583333015441895
1370544,12.571428298950195
1375392,9.793478012084961
1379120,13.515151977539062
1389696,13.1578950881958
1396960,8.964285850524902
1397632,18.399999618530273
1399776,13.70588207244873
1400064,16.97222137451172
1400752,9.583333015441895
1402048,13.448275566101074
1403360,13.9375
1407632,13.848484992980957
1409024,13.421052932739258
1410992,13.818181991577148
1413952,9.565217018127441
1418064,12.391304016113281
1418576,15.297297477722168
1422240,14.242424011230469
1439488,11.413793563842773
1442784,10.50943374633789
1447104,15.315789222717285
1453920,12.08108139038086
1454144,12.577777862548828
1461136,8.866666793823242
1464896,12.411765098571777
1470752,12.800000190734863
1480480,12.115385055541992
1482960,8.923076629638672
1487264,13.625
1489600,12.239999771118164
1491280,12.15384578704834
1515248,10.533333778381348
1518944,8.882352828979492
1520304,12.77419376373291
1525280,10.600000381469727
1531280,10.617647171020508
1555904,11.84000015258789
1567440,11.75
1567920,10.571428298950195
1568816,10.379310607910156
1572848,9.318181991577148
1572976,13.13513469696045
1580464,11.821428298950195
1584416,15.178571701049805
1589712,15.44444465637207
1591024,14.838709831237793
1596336,10.5
1596928,9.565217018127441
1601712,14.34782600402832
1608960,9.903225898742676
1610624,11.806451797485352
1629344,11.0
1634752,8.079999923706055
1641392,8.863636016845703
1643008,13.545454978942871
1648048,10.5
1648640,14.5
1661280,13.414633750915527
1668256,9.285714149475098
1690464,11.59375
1691040,14.742856979370117
1701680,12.482758522033691
1701904,12.277777671813965
1713280,10.21875
1718448,14.485713958740234
1724384,11.413043022155762
1732304,14.125
1739328,12.592592239379883
1743792,13.199999809265137
1746432,10.1875
1747152,12.866666793823242
1751456,8.464285850524902
1753552,12.82608699798584
1758752,9.34782600402832
1760736,11.30434799194336
1773712,9.523809432983398
1783776,13.620689392089844
1812240,18.23404312133789
1814240,11.857142448425293
1815776,10.410256385803223
1816224,15.178571701049805
1817536,15.676470756530762
1818752,11.041666984558105
1827856,10.800000190734863
1828064,14.617647171020508
1838192,15.149999618530273
1851968,9.34782600402832
1855488,10.066666603088379
1855600,12.411765098571777
1864272,11.75
1864320,10.714285850524902
1864416,11.931034088134766
1865872,11.88888931274414
1877216,8.625
1881328,11.75
1886768,10.184210777282715
1916544,12.875
1924800,9.142857551574707
1927184,9.892857551574707
1937408,11.59375
1942608,10.206896781921387
1945376,18.294116973876953
1947712,17.03333282470703
1947808,9.11111068725586
1948272,15.684210777282715
1950368,14.617647171020508
1951168,10.291666984558105
1951584,16.14285659790039
1951712,12.482758522033691
1954656,15.384614944458008
1960736,11.30434799194336
1970992,12.407407760620117
1979872,11.321428298950195
1985904,15.029411315917969
1989760,12.399999618530273
1995888,16.20689582824707
1997248,10.354838371276855
2007408,16.3125
2008576,13.222222328186035
2016224,12.216216087341309
2019328,12.743589401245117
2021168,8.479999542236328
2025104,9.033333778381348
2025696,13.0
2032448,9.615385055541992
2038064,14.851851463317871
2041248,10.392857551574707
2049104,12.13888931274414
2054672,10.800000190734863
2056688,14.128205299377441
2057040,8.9375
2061760,12.277777671813965
2065824,10.034482955932617
2068384,11.528302192687988
2068544,10.029411315917969
2077664,10.071428298950195
2079344,14.366666793823242
2089760,13.333333015441895
2094864,9.5
2103376,13.0
2105200,12.307692527770996
2105296,13.310344696044922
2106320,13.34615421295166
2109600,11.821428298950195
2115456,9.038461685180664
2115680,10.777777671813965
2126272,15.813953399658203
2133024,12.606060981750488
2142064,15.567567825317383
2146224,11.363636016845703
2151456,9.909090995788574
2159712,16.217391967773438
2163008,11.758620262145996
2165488,14.833333015441895
2168528,14.394737243652344
2173584,16.386363983154297
2174832,8.77419376373291
2177088,12.037036895751953
2179600,13.65625
2196576,12.307692527770996
2202992,18.125
2204208,13.607142448425293
2211680,14.678571701049805
2215616,10.384614944458008
2217488,14.387096405029297
2222656,12.0
2234976,11.199999809265137
2242064,12.965517044067383
2258400,12.82758617401123
2275232,9.047618865966797
2282816,9.0
2292512,13.707317352294922
2302576,13.166666984558105
2302656,10.392857551574707
2306896,10.21875
2315600,11.645161628723145
2315648,9.117647171020508
2322128,8.863636016845703
2326400,10.551724433898926
2332144,14.02439022064209
2332576,8.964285850524902
2339456,15.5
2346176,8.884614944458008
2351088,9.064516067504883
2351456,9.0
2359712,11.0
2361472,14.0
2362800,8.363636016845703
2365072,8.862069129943848
2365376,8.272727012634277
2384944,10.071428298950195
2386528,11.533333778381348
2404144,13.171428680419922
2409600,11.642857551574707
2417552,10.076923370361328
2432448,9.899999618530273
2444608,12.82608699798584
2452752,10.032258033752441
2457488,13.88888931274414
2458816,12.645161628723145
2464912,14.366666793823242
2465344,11.645161628723145
2466544,10.079999923706055
2468688,8.730769157409668
2468944,8.925926208496094
2471856,12.5
2474416,11.057143211364746
2488528,12.375
2488816,10.939393997192383
2508992,10.600000381469727
2527552,9.5
2531760,10.068965911865234
2533808,9.473684310913086
2536288,9.199999809265137
2538496,8.479999542236328
2545104,10.86111068725586
2552064,11.28125
2553232,7.967741966247559
2571488,10.4399995803833
2572240,8.785714149475098
2572288,13.96875
2574096,10.279999732971191
2580704,10.640000343322754
2586080,8.642857551574707
2586784,13.199999809265137
2593936,12.699999809265137
2594176,14.22580623626709
2595600,9.523809432983398
2598064,16.86842155456543
2598112,10.071428298950195
2612416,13.45714282989502
2618352,8.884614944458008
2622656,11.699999809265137
2623536,11.241379737854004
2642288,10.222222328186035
2646784,12.321428298950195
2651200,9.884614944458008
2653552,9.038461685180664
2656032,11.086956977844238
2667184,9.59375
2673760,11.740740776062012
2680416,11.807692527770996
2680640,9.285714149475098
2685328,8.428571701049805
2688448,11.190476417541504
2688688,10.181818008422852
2688976,12.606060981750488
2694288,13.357142448425293
2695680,8.222222328186035
2700224,13.441176414489746
2704816,8.956521987915039
2706032,10.55555534362793
2706448,10.55555534362793
2729024,9.399999618530273
2740096,11.896552085876465
2745376,13.9375
2751856,8.566666603088379
2757632,9.039999961853027
2758384,10.800000190734863
2758752,14.517241477966309
2764320,10.032258033752441
2772384,11.533333778381348
2774160,11.142857551574707
2782992,10.039999961853027
2788112,11.086956977844238
2788592,10.1875
2798448,10.615385055541992
2801216,9.210526466369629
2820112,12.708333015441895
2821840,9.0
2827040,14.851851463317871
2827328,14.064516067504883
2828320,10.071428298950195
2831376,11.833333015441895
2834592,18.189189910888672
2837456,12.789473533630371
2840064,13.692307472229004
2845232,9.0
2847088,11.193548202514648
2848496,12.53125
2856640,9.1304349899292
2866736,10.640000343322754
2869184,16.016666412353516
2870016,9.318181991577148
2871952,8.742856979370117
2884224,11.285714149475098
2896256,13.558823585510254
2896336,13.071428298950195
2897248,14.113636016845703
2899072,8.964285850524902
2900720,8.84000015258789
2902288,10.0
2903504,15.416666984558105
2916896,11.578947067260742
2917504,11.25
2918736,10.193548202514648
2921216,10.379310607910156
2924800,8.818181991577148
2925536,10.21875
2930544,14.882352828979492
2933776,8.709677696228027
2940416,11.758620262145996
2942672,10.407407760620117
2943504,12.307692527770996
2951776,8.689655303955078
2951984,8.692307472229004
2955744,12.222222328186035
2956672,14.441176414489746
2957536,9.033333778381348
2959488,10.615385055541992
2960944,12.727272987365723
2975072,11.88888931274414
2981216,9.5
2982576,12.448275566101074
3010272,9.199999809265137
3011408,9.594594955444336
3020640,11.94444465637207
3027600,10.423076629638672
3028384,14.852941513061523
3040176,9.0
3041136,9.631579399108887
3043648,11.028571128845215
3047952,11.190476417541504
3065296,11.0
3077136,11.28125
3079408,10.303030014038086
3087264,8.692307472229004
3089424,8.884614944458008
3092896,10.807692527770996
3095648,11.352941513061523
3097168,12.086956977844238
3101216,15.029411315917969
3104640,9.22580623626709
3108336,10.387096405029297
3111664,12.324324607849121
3112640,13.333333015441895
3113008,16.205883026123047
3114048,9.545454978942871
3115472,12.25
3118064,9.039999961853027
3123088,12.5
3128112,13.264705657958984
3129840,8.82758617401123
3133648,16.941177368164062
3134224,11.13888931274414
3136816,10.666666984558105
3146320,11.20588207244873
3147040,10.699999809265137
3148528,10.034482955932617
3151744,9.615385055541992
3152048,16.60784339904785
3162784,9.870967864990234
3169184,9.166666984558105
3173328,9.166666984558105
3189504,15.5
3191600,8.785714149475098
3200016,13.588234901428223
3215760,12.0
3217184,14.351351737976074
3223280,12.733333587646484
3224640,10.366666793823242
3232352,11.363636016845703
3234512,8.91891860961914
3244800,11.42424201965332
3246016,12.166666984558105
3251904,12.439393997192383
3262688,11.931034088134766
3266416,12.606060981750488
3270480,15.17241382598877
3278880,10.25
3287984,15.21276569366455
3299712,9.314285278320312
3305920,15.34375
3308784,15.466666221618652
3311136,13.096774101257324
3313120,9.565217018127441
3315552,9.5
3317232,10.379310607910156
3321088,12.800000190734863
3337168,12.909090995788574
3339568,10.823529243469238
3348208,10.461538314819336
3366784,13.852941513061523
3367264,9.5
3368576,11.515151977539062
3371296,11.086956977844238
3373024,12.15384578704834
3374448,10.029411315917969
3375152,17.94444465637207
3376832,10.800000190734863
3379760,17.7297306060791
3386208,10.535714149475098
3387856,11.45714282989502
3388688,10.214285850524902
3412288,17.84375
3414240,13.5
3414640,8.692307472229004
3415152,11.243243217468262
3421616,12.222222328186035
3430784,8.533333778381348
3434144,14.230769157409668
3434832,15.465116500854492
3445296,15.44444465637207
3460016,10.193548202514648
3460096,17.461538314819336
3464016,13.928571701049805
3467760,9.523809432983398
3475184,14.885714530944824
3492592,10.029411315917969
3495360,14.55813980102539
3502944,11.578947067260742
3510224,11.516129493713379
3516176,12.935483932495117
3517408,20.019607543945312
3528736,13.742856979370117
3534624,11.323529243469238
3534864,14.428571701049805
3536032,9.84615421295166
3539744,9.04878044128418
3549824,12.708333015441895
3549840,11.354838371276855
3551872,9.147058486938477
3553568,12.875
3554304,10.029411315917969
3556112,10.193548202514648
3558272,11.961538314819336
3562976,15.939393997192383
3565696,11.586206436157227
3585152,10.241379737854004
3585920,12.5
3596480,13.627906799316406
3599712,9.545454978942871
3602400,9.375
3604800,17.526315689086914
3605424,11.241379737854004
3610784,10.625
3614208,10.199999809265137
3616240,13.684210777282715
3619440,11.931034088134766
3621552,10.181818008422852
3621568,8.785714149475098
3622832,15.885714530944824
3627136,10.84000015258789
3635424,16.80555534362793
3642912,8.733333587646484
3646480,11.59375
3648448,15.606060981750488
3652368,11.4375
3653664,12.5
3659872,16.370370864868164
3663744,9.473684310913086
3665424,10.413793563842773
3665456,10.032258033752441
3665984,11.366666793823242
3671936,10.366666793823242
3675680,9.375
3680304,13.54054069519043
3685168,13.088234901428223
3687712,13.0
3687904,11.199999809265137
3694192,10.25
3701072,12.82608699798584
3702160,8.833333015441895
3706928,8.583333015441895
3739408,11.199999809265137
3741248,15.0625
3744000,8.833333015441895
3748800,13.470588684082031
3749056,8.5
3751664,10.777777671813965
3754320,8.739130020141602
3756880,11.5
3759936,15.12195110321045
3762848,10.576923370361328
3767472,11.566666603088379
3771344,11.733333587646484
3775296,13.696969985961914
3776032,8.730769157409668
3778240,13.558823585510254
3784752,13.479999542236328
3807760,13.342857360839844
3824704,15.181818008422852
3827600,13.833333015441895
3845792,10.181818008422852
3850848,16.068965911865234
3856704,10.241379737854004
3860272,13.55555534362793
3860496,9.0
3861808,13.387096405029297
3861808,11.769230842590332
3874592,10.032258033752441
3875712,11.413793563842773
3879408,13.333333015441895
3884176,9.259259223937988
3884320,12.7380952835083
3890288,11.041666984558105
3890432,12.333333015441895
3904768,9.870967864990234
3909248,16.69444465637207
3931488,12.199999809265137
3932144,9.117647171020508
3942432,14.17241382598877
3944192,22.921052932739258
3945296,10.333333015441895
3956096,11.678571701049805
3967136,10.214285850524902
3969664,13.852941513061523
3970128,12.15384578704834
3982512,13.515151977539062
3988656,16.090909957885742
3988720,9.666666984558105
3994624,27.884614944458008
3999696,11.28125
4004368,9.0
4004480,15.399999618530273
4012416,18.926828384399414
4013888,15.69444465637207
4013968,15.399999618530273
4014944,23.14285659790039
4026176,15.416666984558105
4026816,9.75
4028400,19.16666603088379
4032784,13.333333015441895
4034000,8.52173900604248
4044448,9.34782600402832
4044496,11.333333015441895
4046080,10.379310607910156
4068800,12.608695983886719
4075952,15.384614944458008
4078656,18.846153259277344
4080592,15.774999618530273
4106448,17.84782600402832
4108528,12.037036895751953
4111520,13.899999618530273
4122640,12.84615421295166
4126080,16.595237731933594
4130192,11.758620262145996
4134480,16.176469802856445
4145904,12.333333015441895
4147056,12.171428680419922
4153712,12.195121765136719
4160736,14.189188957214355
4168208,10.625
4175184,15.064516067504883
4180416,14.757575988769531
4185360,12.606060981750488
4192736,13.315789222717285
4200032,13.974358558654785
4204432,10.407407760620117
4205744,13.571428298950195
4205856,9.44444465637207
4207200,13.25
4210752,12.189188957214355
4212560,9.318181991577148
4213488,11.25
4226864,11.866666793823242
4230480,17.66666603088379
4239408,12.592592239379883
4242576,13.744186401367188
4255440,17.94444465637207
4273488,16.59375
4274768,10.230769157409668
4276576,18.375
4284064,22.1200008392334
4290656,11.029411315917969
4291744,19.428571701049805
4294560,16.6875
4302736,14.096774101257324
4305904,12.899999618530273
4308480,13.666666984558105
4313920,11.703703880310059
4325264,14.074073791503906
4339200,14.078947067260742
4340544,15.34375
4352304,16.86111068725586
4364896,15.025641441345215
4371472,13.65384578704834
4383856,16.473684310913086
4388912,14.375
4396352,13.363636016845703
4400368,11.199999809265137
4405280,10.405405044555664
4405568,11.961538314819336
4416608,9.095237731933594
4418368,17.33333396911621
4420160,18.230770111083984
4420944,9.1304349899292
4425440,9.0
4427344,12.44186019897461
4428928,20.625
4429552,17.289474487304688
4430304,14.636363983154297
4431216,11.961538314819336
4435552,11.5
4440160,14.351351737976074
4440880,18.102563858032227
4454464,12.07317066192627
4463072,10.035714149475098
4477792,17.5238094329834
4489328,16.60714340209961
4490112,12.222222328186035
4493616,12.965517044067383
4497744,14.875
4499248,19.62162208557129
4500112,20.764705657958984
4507136,12.239999771118164
4512064,17.272727966308594
4513776,16.75
4519184,11.028571128845215
4526432,14.774999618530273
4526880,10.535714149475098
4542752,9.583333015441895
4546480,9.285714149475098
4546944,9.862069129943848
4555424,10.4399995803833
4566240,10.8695650100708
4570416,14.166666984558105
4571376,8.620689392089844
4579744,12.162161827087402
4582432,13.666666984558105
4582512,12.054054260253906
4585248,9.199999809265137
4586608,8.78125
4597328,10.533333778381348
4598816,11.28125
4608640,12.179487228393555
4610784,11.393939018249512
4644864,18.279069900512695
4646720,12.642857551574707
4659712,13.60465145111084
4660784,22.33333396911621
4663584,10.066666603088379
4670528,16.707317352294922
4674032,10.033333778381348
4682576,14.891891479492188
4685856,12.314285278320312
4687264,15.853658676147461
4690960,10.392857551574707
4692368,16.799999237060547
4696576,13.45714282989502
4700080,15.44444465637207
4702048,9.0
4714368,16.545454025268555
4715568,12.962963104248047
4716080,12.941176414489746
4716496,11.363636016845703
4719296,15.289473533630371
4722016,13.607142448425293
4723056,10.407407760620117
4734752,35.5405387878418
4739776,12.7380952835083
4747104,13.666666984558105
4752400,17.02857208251953
4753664,11.390243530273438
4760816,14.428571701049805
4761776,16.10714340209961
4762896,12.435897827148438
4768096,14.090909004211426
4776000,12.162161827087402
4784768,13.703703880310059
4795056,12.676470756530762
4796064,13.84615421295166
4797952,14.600000381469727
4813520,15.1875
4817872,12.314285278320312
4825344,11.680000305175781
4825680,13.945945739746094
4826192,12.866666793823242
4826432,10.600000381469727
4839264,11.94444465637207
4839936,11.627906799316406
4842704,17.44186019897461
4844112,14.22580623626709
4862608,11.586206436157227
4868816,13.033333778381348
4874128,19.024999618530273
4876144,14.04878044128418
4876464,13.70588207244873
4887568,12.589743614196777
4897904,15.323529243469238
4900960,9.6875
4901568,10.909090995788574
4904736,10.366666793823242
4924208,11.30434799194336
4925984,10.030303001403809
4941584,10.535714149475098
4941632,10.193548202514648
4943152,10.024999618530273
4943200,21.04166603088379
4943344,18.705883026123047
4945232,12.051281929016113
4953120,8.777777671813965
4957968,19.55813980102539
4961456,11.483870506286621
4962336,9.724138259887695
4970224,17.36842155456543
4989200,11.483870506286621
4994656,8.82758617401123
4997984,18.399999618530273
4999024,11.428571701049805
5005168,11.428571701049805
5008432,9.136363983154297
5009888,12.758620262145996
5011712,18.25806427001953
5019632,8.55555534362793
5021216,16.435897827148438
5028416,11.315789222717285
5032672,20.66666603088379
5033184,16.0625
5036272,14.0
5038704,12.166666984558105
5044736,9.482758522033691
5048848,11.11111068725586
5050048,16.272727966308594
5050992,11.533333778381348
5055248,20.30555534362793
5057792,19.736841201782227
5063424,14.199999809265137
5075312,14.375
5075792,11.586206436157227
5086848,11.322580337524414
5089712,20.023256301879883
5092080,23.269229888916016
5092592,12.0
5102928,14.199999809265137
5105296,13.78125
5105584,28.745098114013672
5108256,14.375
5126384,14.149999618530273
5128768,9.25
5133376,18.04347801208496
5137456,12.928571701049805
5142288,17.789474487304688
5151200,13.710526466369629
5160400,16.4375
5161200,12.483870506286621
5162208,14.166666984558105
5168288,14.199999809265137
5178208,12.866666793823242
5186048,11.25
5194240,11.931034088134766
5198640,10.0
5200992,16.25
5214640,8.969696998596191
5221008,16.511627197265625
5223552,13.970588684082031
5228256,14.133333206176758
5231504,13.78125
5233856,13.185185432434082
5234336,18.05714225769043
5236000,28.90625
5240352,13.9375
5251856,12.935483932495117
5254688,13.666666984558105
5258960,11.25
5261040,16.97222137451172
5262720,23.461538314819336
5273792,12.793103218078613
5275856,10.29411792755127
5283680,13.315789222717285
5292880,10.074073791503906
5293744,21.191490173339844
5301696,12.606060981750488
5302080,9.34782600402832
5305440,11.322580337524414
5306048,11.25
5313232,8.956521987915039
5318080,16.513513565063477
5319008,10.714285850524902
5320160,8.692307472229004
5322592,13.676470756530762
5322608,15.25
5328560,11.642857551574707
5332304,15.185185432434082
5332672,19.16666603088379
5340064,18.405405044555664
5344976,12.82758617401123
5346528,9.75
5373264,11.428571701049805
5376832,13.13513469696045
5387536,14.55813980102539
5394128,10.25
5400672,14.064516067504883
5406368,10.259259223937988
5430032,11.029411315917969
5445952,17.5510196685791
5449504,14.064516067504883
5454304,20.517240524291992
5466224,17.935483932495117
5473648,12.92682933807373
5482000,17.230770111083984
5482832,14.689655303955078
5484816,13.529411315917969
5485808,12.216216087341309
5494944,10.230769157409668
5519616,13.818181991577148
5520720,26.83333396911621
5522336,37.43589782714844
5523072,14.199999809265137
5523872,10.666666984558105
5548160,16.707317352294922
5555152,9.09375
5559200,8.55555534362793
5562800,9.318181991577148
5571168,11.925926208496094
5578112,20.294116973876953
5583824,12.866666793823242
5599184,14.236842155456543
5599744,13.969696998596191
5605200,9.166666984558105
5617600,13.479999542236328
5621968,14.344827651977539
5623408,25.34000015258789
5629936,13.92682933807373
5630224,16.690475463867188
5631600,14.149999618530273
5640928,10.230769157409668
5644560,12.42424201965332
5644608,19.375
5646016,17.03333282470703
5647296,9.0
5647904,20.6842098236084
5653792,18.461538314819336
5661728,10.392857551574707
5664128,31.75
5672480,11.4375
5682112,11.758620262145996
5683056,32.173912048339844
5689952,11.758620262145996
5696352,20.0
5697664,17.02857208251953
5705840,11.833333015441895
5716912,11.08108139038086
5727328,19.384614944458008
5732144,14.594594955444336
5751472,15.185185432434082
5752512,36.621620178222656
5772448,9.0
5782032,13.78125
5784144,14.588234901428223
5797936,11.75
5802640,11.483870506286621
5809888,17.95121955871582
5811280,14.75
5813536,10.03125
5817056,21.452381134033203
5822800,13.25
5823344,12.676470756530762
5823392,24.545454025268555
5823808,11.885714530944824
5828112,25.700000762939453
5832400,12.5
5837552,14.068965911865234
5844528,16.521739959716797
5846128,25.285715103149414
5850784,25.0
5862464,24.259260177612305
5862944,20.034482955932617
5865808,10.230769157409668
5868400,29.032258987426758
5868432,24.510639190673828
5868800,9.039999961853027
5878896,11.242424011230469
5879616,17.707317352294922
5885696,20.255813598632812
5889360,17.7560977935791
5891664,13.8421049118042
5911472,10.649999618530273
5912304,16.25
5914912,8.771428108215332
5917328,10.34375
5925408,14.22580623626709
5934096,13.8125
5940864,13.185185432434082
5950448,11.363636016845703
5956144,23.727272033691406
5958624,17.526315689086914
5964416,11.15625
5964784,8.77419376373291
5965424,14.61111068725586
5977264,23.254901885986328
5990016,11.642857551574707
6006912,13.34615421295166
6010864,20.600000381469727
6024032,14.655172348022461
6041184,11.0
6048544,26.97222137451172
6050928,18.705883026123047
6052192,15.410256385803223
6053744,9.925926208496094
6054336,25.5
6064000,19.727272033691406
6072096,9.88888931274414
6089232,23.2702693939209
6090352,13.370369911193848
6102080,28.282608032226562
6113760,23.399999618530273
6117904,10.4399995803833
6121504,12.612903594970703
6121664,17.454545974731445
6143584,10.407407760620117
6148880,8.925926208496094
6150688,9.047618865966797
6155712,23.027027130126953
6158800,21.65116310119629
6166080,14.658536911010742
6168688,15.354838371276855
6170304,10.032258033752441
6171920,18.723403930664062
6173952,10.379310607910156
6183392,18.80487823486328
6184256,9.090909004211426
6185632,10.233333587646484
6189600,13.852941513061523
6192880,16.11111068725586
6198944,12.909090995788574
6210128,13.636363983154297
6212960,30.15151596069336
6217888,14.681818008422852
6229232,17.630434036254883
6241472,28.552631378173828
6244384,31.14285659790039
6246448,18.482759475708008
6248432,12.954545021057129
6252560,22.054054260253906
6253776,13.137930870056152
6255936,9.464285850524902
6258240,9.545454978942871
6259728,20.34782600402832
6260704,14.033333778381348
6263200,20.380952835083008
6269120,16.511627197265625
6269248,20.0
6269872,25.149999618530273
6276192,20.14634132385254
6277280,19.735294342041016
6281696,21.205883026123047
6303040,12.606060981750488
6306240,11.699999809265137
6312128,14.366666793823242
6318480,26.923076629638672
6318800,12.199999809265137
6330000,14.128205299377441
6331152,16.66666603088379
6350192,10.4399995803833
6351888,22.25
6353984,14.239130020141602
6354816,26.98214340209961
6363888,13.741935729980469
6364144,17.325580596923828
6375712,22.303030014038086
6376608,17.58974266052246
6390064,11.941176414489746
6397712,10.366666793823242
6399408,27.295454025268555
6399488,10.806451797485352
6401088,19.600000381469727
6402672,14.0
6407152,21.25
6425232,18.0
6431312,14.366666793823242
6431616,20.945945739746094
6432528,9.333333015441895
6438336,25.25
6438368,16.875
6449136,37.105262756347656
6452944,21.05128288269043
6464640,11.28125
6465984,12.620689392089844
6467312,13.484848022460938
6492384,10.972222328186035
6492560,19.838708877563477
6508960,22.55555534362793
6522160,12.366666793823242
6527200,14.5
6529216,34.02777862548828
6529856,26.024999618530273
6532080,13.666666984558105
6535424,30.788461685180664
6540496,11.322580337524414
6554048,17.65625
6556752,20.1875
6563296,27.83333396911621
6575328,30.2391300201416
6585008,15.634146690368652
6595600,26.0
6607712,14.45714282989502
6607792,27.274999618530273
6614032,25.399999618530273
6619360,12.829268455505371
6619840,28.43181800842285
6620416,24.75
6620640,29.03508758544922
6624608,23.710525512695312
6627536,33.125
6647520,23.090909957885742
6653632,28.537036895751953
6662672,18.41176414489746
6666064,21.045454025268555
6684016,24.816326141357422
6688448,21.302326202392578
6703280,16.216217041015625
6704016,17.70270347595215
6704656,23.147058486938477
6705920,25.125
6710448,14.742856979370117
6725264,12.53125
6732576,14.757575988769531
6735168,21.914894104003906
6738000,26.386363983154297
6743072,17.619047164916992
6744912,16.52777862548828
6759936,17.87234115600586
6773088,16.205127716064453
6776400,19.128204345703125
6784832,11.0
6811696,24.186046600341797
6817168,8.956521987915039
6820544,14.22580623626709
6821024,24.176469802856445
6826128,18.809524536132812
6831536,8.9375
6839744,18.035715103149414
6843520,9.666666984558105
6845456,18.578947067260742
6851456,12.533333778381348
6860752,11.275861740112305
6865616,21.200000762939453
6870208,14.517241477966309
6874128,13.696969985961914
6887696,10.666666984558105
6888352,29.674419403076172
6889648,23.162790298461914
6894080,24.133333206176758
6902400,11.716666221618652
6904912,16.59375
6907296,21.200000762939453
6909328,13.0
6917232,27.85714340209961
6920928,13.137930870056152
6922784,18.84848403930664
6924400,22.58974266052246
6937072,12.454545021057129
6937552,14.233333587646484
6941136,12.866666793823242
6941600,26.85365867614746
6943856,25.22916603088379
6944064,20.020408630371094
6947280,8.692307472229004
6957536,13.447368621826172
6960928,19.149999618530273
6980832,23.22916603088379
6982560,24.545454025268555
6994816,22.72916603088379
7001184,21.274999618530273
7008832,23.43181800842285
7031376,27.133333206176758
7046832,28.454545974731445
7056784,26.409090042114258
7061296,18.85714340209961
7064992,26.279069900512695
7065568,12.733333587646484
7086432,20.33333396911621
7092352,10.03125
7095152,32.91666793823242
7104320,20.34883689880371
7104352,26.0
7106608,14.0
7108304,12.571428298950195
7108864,32.25862121582031
7113616,12.028571128845215
7126016,21.605262756347656
7128288,16.27083396911621
7128432,17.714284896850586
7130240,37.07316970825195
7135488,14.22580623626709
7152384,13.137930870056152
7155440,8.785714149475098
7157440,14.333333015441895
7158160,11.5
7168720,21.274999618530273
7183648,19.325580596923828
7187648,21.785715103149414
7198384,23.520000457763672
7199328,15.0
7213936,24.86111068725586
7214048,15.764705657958984
7215792,13.703703880310059
7216224,21.38888931274414
7217776,16.571428298950195
7232096,22.80487823486328
7233056,10.384614944458008
7237488,17.975608825683594
7251552,21.217391967773438
7255568,20.03125
7260720,23.399999618530273
7264112,28.0
7266848,17.5
7299008,18.69565200805664
7333088,20.89285659790039
7337120,12.159090995788574
7342688,15.722222328186035
7362624,15.896552085876465
7372528,17.0
7375424,19.200000762939453
7386384,15.151515007019043
7387408,14.233333587646484
7400160,11.322580337524414
7404832,22.657894134521484
7405408,19.16666603088379
7407968,26.98630142211914
7408880,28.947368621826172
7410608,8.925926208496094
7413280,17.571428298950195
7417264,17.870370864868164
7417696,14.851851463317871
7423296,12.777777671813965
7426432,23.456790924072266
7429456,21.81818199157715
7431216,29.488889694213867
7434592,28.921567916870117
7436832,11.88888931274414
7441216,16.24242401123047
7445296,18.255813598632812
7448112,18.06818199157715
7453456,25.477272033691406
7464976,27.290908813476562
7472496,24.903846740722656
7473952,16.564102172851562
7477344,27.038461685180664
7489520,24.375
7494400,18.604650497436523
7494688,27.30434799194336
7508240,9.565217018127441
7508976,28.510204315185547
7509552,22.5
7509936,17.731706619262695
7516240,21.108108520507812
7520864,26.66666603088379
7523856,15.875
7549120,13.529411315917969
7552960,9.5
7557360,14.696969985961914
7561248,12.8125
7577552,21.586206436157227
7579040,18.886363983154297
7583376,18.170732498168945
7590064,17.117647171020508
7599728,13.84615421295166
7601584,24.150943756103516
7609808,26.634145736694336
7613072,27.0
7614608,21.272727966308594
7626352,25.20833396911621
7631856,19.1875
7642864,24.117647171020508
7644160,21.66666603088379
7645808,27.0222225189209
7651120,11.363636016845703
7657744,15.866666793823242
7669488,16.487804412841797
7669824,25.7608699798584
7677872,24.02857208251953
7686624,24.66666603088379
7692512,18.02857208251953
7695296,20.2439022064209
7695968,22.14285659790039
7696096,12.757575988769531
7710208,25.72916603088379
7715600,23.06122398376465
7721776,13.0
7722016,14.230769157409668
7727952,17.6875
7732640,11.45161247253418
7738160,24.486486434936523
7746464,20.41025733947754
7754720,22.33333396911621
7777648,22.893617630004883
7783344,23.173913955688477
7788336,24.122806549072266
7810448,14.735294342041016
7817952,16.625
7826272,25.72222137451172
7837600,20.125
7839040,26.600000381469727
7850848,21.326086044311523
7860992,27.824562072753906
7862000,20.878047943115234
7864304,25.73469352722168
7867616,13.411765098571777
7880912,25.149999618530273
7894128,25.714284896850586
7894624,30.92727279663086
7896784,23.431371688842773
7903856,15.370369911193848
7906912,28.491525650024414
7908160,33.01886749267578
7916128,25.428571701049805
7916320,27.0
7938928,21.404254913330078
7940480,22.274999618530273
7942880,23.976743698120117
7955120,17.71875
7969408,25.021739959716797
7973664,23.073171615600586
7979248,22.428571701049805
7985936,31.76744270324707
8007824,23.743589401245117
8014832,34.45283126831055
8038752,32.91666793823242
8040336,23.973684310913086
8045952,26.386363983154297
8057152,20.66666603088379
8061984,29.714284896850586
8069408,38.45977020263672
8076384,23.63888931274414
8079056,26.571428298950195
8081232,25.274999618530273
8087392,20.16216278076172
8088528,15.064516067504883
8089424,27.244443893432617
8097152,26.534883499145508
8109168,26.45833396911621
8126368,26.0625
8127888,30.910715103149414
8138528,15.0625
8142272,29.0222225189209
8153344,21.30769157409668
8154176,27.654544830322266
8172352,36.25
8174992,18.3157901763916
8190976,23.5625
8199264,24.58333396911621
8200672,25.399999618530273
8204800,24.210525512695312
8206432,27.7391300201416
8206896,17.33333396911621
8211520,32.81999969482422
8216864,25.157894134521484
8221904,28.381818771362305
8227952,26.784313201904297
8246032,28.157894134521484
8248432,17.620689392089844
8256208,37.380950927734375
8263344,25.274999618530273
8272768,25.764705657958984
8275136,17.526315689086914
8277328,24.428571701049805
8278448,37.63750076293945
8286672,24.528301239013672
8292032,27.920000076293945
8292608,30.08571434020996
8297680,28.266666412353516
8301312,28.846153259277344
8307824,20.05555534362793
8312384,35.67567443847656
8313040,20.16666603088379
8318032,34.18367385864258
8319968,30.017240524291992
8327920,15.911765098571777
8342192,30.923076629638672
8350784,23.420000076293945
8352608,30.73469352722168
8381856,30.604650497436523
8393008,31.685184478759766
8395584,27.88888931274414
8397344,34.64179229736328
8398592,28.897958755493164
8399632,28.744186401367188
8400160,26.069766998291016
8402160,30.0
8407088,34.32758712768555
8414080,30.016948699951172
8441808,29.586956024169922
8443088,29.413793563842773
8477920,30.115385055541992
8518352,29.016948699951172
8519504,24.210525512695312
8524624,28.274999618530273
8527696,26.020000457763672
8530832,21.243244171142578
8542656,26.613636016845703
8560496,19.838708877563477
8561136,16.393939971923828
8562112,25.794872283935547
8563600,21.10909080505371
8600880,22.5238094329834
8603664,29.149999618530273
8611040,14.368420600891113
8611776,23.723403930664062
8622160,17.171428680419922
8624656,23.384614944458008
8630768,33.599998474121094
8634928,22.95121955871582
8642480,28.254901885986328
8650368,30.396825790405273
8652592,33.70000076293945
8658096,31.980392456054688
8658400,26.88372039794922
8660432,28.117647171020508
8692176,13.870967864990234
8708704,28.24561309814453
8713456,24.46808433532715
8716560,31.875
8718352,24.6875
8723664,26.5510196685791
8726304,28.58333396911621
8732528,28.773584365844727
8738368,34.153846740722656
8741760,26.32653045654297
8742432,38.06493377685547
8744176,24.7560977935791
8750496,33.13432693481445
8766784,27.5
8771872,20.27777862548828
8796048,13.043478012084961
8807360,26.81818199157715
8809360,34.07692337036133
8816256,22.875
8844560,22.58974266052246
8851392,34.68333435058594
8854704,35.349998474121094
8862672,32.727272033691406
8862768,34.04166793823242
8867680,29.90243911743164
8874208,30.0
8881984,19.102563858032227
8897088,27.613636016845703
8903664,35.0
8906816,21.85714340209961
8914096,29.811321258544922
8934432,25.565217971801758
8937040,19.66666603088379
8945856,31.779661178588867
8948064,26.0
8949904,25.125
8958480,28.84375
8961376,24.216217041015625
8962064,27.60416603088379
8962256,26.88888931274414
8979952,27.700000762939453
9001424,34.45283126831055
9001472,30.203702926635742
9010752,16.17021369934082
9012224,27.413793563842773
9015808,27.163265228271484
9018192,15.370369911193848
9034160,30.632652282714844
9034176,29.090909957885742
9048864,15.625
9053760,23.073171615600586
9054368,15.289473533630371
9054960,30.10714340209961
9082016,25.878047943115234
9082544,33.541282653808594
9088272,20.9375
9110720,23.52941131591797
9110992,28.31818199157715
9111392,31.228069305419922
9114384,33.96491241455078
9115488,33.13114929199219
9116400,17.84375
9117920,36.08928680419922
9139408,22.149999618530273
9146096,36.907894134521484
9168128,19.785715103149414
9169376,28.66666603088379
9169648,25.810810089111328
9204336,28.406780242919922
9218736,20.609756469726562
9226112,23.133333206176758
9233840,17.42424201965332
9234288,25.274999618530273
9235840,26.37837791442871
9235968,20.12765884399414
9240064,27.71794891357422
9244208,29.799999237060547
9245824,15.583333015441895
9266032,25.780487060546875
9271424,36.492958068847656
9276784,20.027027130126953
9279648,26.095237731933594
9282320,25.61111068725586
9301072,31.033897399902344
9302784,28.20754623413086
9303680,30.577777862548828
9316928,25.54347801208496
9342240,29.745454788208008
9355328,31.4489803314209
9366624,28.33333396911621
9373888,22.1875
9378208,30.76595687866211
9395584,29.714284896850586
9407504,26.568965911865234
9417488,24.918367385864258
9419808,26.174999237060547
9423408,30.477272033691406
9425904,28.789474487304688
9428608,27.285715103149414
9429488,24.14634132385254
9430320,29.871795654296875
9436304,30.659574508666992
9447360,30.66666603088379
9463936,29.39285659790039
9476704,41.43564224243164
9477472,36.80356979370117
9483424,28.6200008392334
9487520,29.11475372314453
9496832,27.522727966308594
9500960,28.4375
9502080,30.428571701049805
9515504,30.12244987487793
9521936,21.577777862548828
9534624,31.920000076293945
9534784,23.162790298461914
9541600,27.0222225189209
9555760,28.47222137451172
9561648,29.054054260253906
9567648,30.456140518188477
9570416,34.632911682128906
9579040,36.625
9579776,36.94285583496094
9594048,31.947368621826172
9618560,29.25423812866211
9622144,22.13953399658203
9637344,25.836734771728516
9674400,30.530303955078125
9676576,31.228069305419922
9692320,22.921052932739258
9703168,33.72222137451172
9703648,32.68888854980469
9719200,34.10769271850586
9721952,28.787878036499023
9722704,33.95161437988281
9731552,27.938461303710938
9734192,42.40782165527344
9752096,25.878047943115234
9758016,31.510639190673828
9763984,34.0
9764640,24.105262756347656
9769792,17.84375
9778896,33.235294342041016
9779104,23.926828384399414
9779648,32.32692337036133
9787680,35.08000183105469
9790512,21.975608825683594
9792000,25.026315689086914
9807024,33.21875
9807728,32.73584747314453
9815920,35.625
9817008,32.641510009765625
9831184,37.514286041259766
9833024,23.046510696411133
9835248,31.653060913085938
9862816,33.86538314819336
9866160,35.82143020629883
9883728,29.180328369140625
9887104,20.972972869873047
9888496,31.346939086914062
9893952,23.578947067260742
9899312,30.189655303955078
9901264,33.375
9902560,29.39655113220215
9904272,30.41509437561035
9907648,33.081634521484375
9916000,31.346939086914062
9922512,30.200000762939453
9925152,26.219999313354492
9926464,28.957447052001953
9934048,26.133333206176758
9934512,35.761192321777344
9949104,27.630434036254883
9953248,27.134614944458008
9953280,28.717391967773438
9958880,32.17241287231445
9961984,33.97222137451172
9964240,30.735294342041016
9979168,32.609375
9994272,29.185184478759766
10000208,31.339622497558594
10024640,24.909090042114258
10026112,16.69444465637207
10039216,28.91111183166504
10043648,28.190475463867188
10047728,25.026315689086914
10057232,30.600000381469727
10070480,34.64814758300781
10103872,16.518518447875977
10107120,25.878047943115234
10121888,33.52381134033203
10131200,25.604650497436523
10144080,33.47916793823242
10146064,34.27941131591797
10153488,27.71794891357422
10157456,35.0
10173408,28.45833396911621
10176288,33.09090805053711
10176656,31.224138259887695
10195904,29.2608699798584
10196032,38.55421829223633
10197616,28.43181800842285
10199760,32.46808624267578
10216192,34.35714340209961
10217712,38.6315803527832
10224288,35.41935348510742
10225984,34.93650817871094
10237712,37.0
10240096,33.46666717529297
10240512,36.94285583496094
10246720,28.238094329833984
10252640,28.30188751220703
10264976,27.625
10268144,33.400001525878906
10301440,33.704917907714844
10314384,31.582090377807617
10318144,32.69230651855469
10319840,37.80882263183594
10326624,34.873416900634766
10343040,29.274999618530273
10344848,31.612903594970703
10348704,29.148935317993164
10349184,34.22222137451172
10349376,37.934783935546875
10371904,37.803279876708984
10374688,28.829267501831055
10380704,36.57746505737305
10394208,29.707693099975586
10404560,33.76785659790039
10409200,35.09836196899414
10420496,33.015384674072266
10439408,19.428571701049805
10464624,35.01818084716797
10477984,29.878047943115234
10480688,29.44230842590332
10487040,30.420000076293945
10488640,36.3466682434082
10489488,33.8870964050293
10524368,34.06349182128906
10529216,33.71739196777344
10541040,38.228572845458984
10546704,27.846153259277344
10549264,26.433961868286133
10555472,34.60416793823242
10567856,36.74359130859375
10591376,25.462963104248047
10595936,38.82089614868164
10599456,34.728572845458984
10619264,30.219999313354492
10636832,21.885713577270508
10637632,38.413333892822266
10642464,34.417911529541016
10661328,32.69767379760742
10673008,37.17241287231445
10691696,30.177419662475586
10702176,32.578125
10705104,30.115385055541992
10711520,29.578947067260742
10724112,34.6129035949707
10746768,28.238094329833984
10757120,33.5
10773024,28.5
10792560,33.62295150756836
10800736,38.20212936401367
10805568,30.53061294555664
10807568,30.290908813476562
10815920,32.17647171020508
10822736,34.05263137817383
10834976,35.83783721923828
10862832,28.35416603088379
10877824,28.106382369995117
10878832,31.91666603088379
10884368,35.0
10904848,30.766666412353516
10913472,27.596153259277344
10949872,35.581817626953125
10976400,30.9375
10994224,36.38356018066406
11021824,35.93846130371094
11032064,39.092105865478516
11042720,41.26041793823242
11046016,37.47618865966797
11051040,36.20634841918945
11078176,29.387754440307617
11081264,36.05769348144531
11081984,37.514286041259766
11094176,35.91999816894531
11099920,40.25510025024414
11106752,38.35087585449219
11124384,39.59722137451172
11127648,30.980770111083984
11136064,33.319149017333984
11151488,34.078948974609375
11156272,35.640625
11156432,35.95744705200195
11157984,36.96104049682617
11170272,38.50685119628906
11173632,39.72463607788086
11192624,38.19480514526367
11195184,35.296295166015625
11197088,35.61333465576172
11197120,39.57143020629883
11208032,33.877193450927734
11215536,37.54545593261719
11223200,34.3125
11225360,38.74647903442383
11237920,33.55172348022461
11249088,37.33333206176758
11250000,35.91071319580078
11265520,31.842105865478516
11265696,34.849998474121094
11267392,28.43181800842285
11271632,33.57777786254883
11273488,36.859649658203125
11288016,38.33333206176758
11294144,33.507938385009766
11296832,39.54666519165039
11298784,33.29090881347656
11353136,34.67741775512695
11363488,35.29411697387695
11365440,35.621212005615234
11365472,30.788461685180664
11387808,36.52631759643555
11403696,39.57500076293945
11422960,32.42307662963867
11436208,39.52777862548828
11442848,38.14285659790039
11443024,31.653846740722656
11451568,30.472726821899414
11464960,37.10447692871094
11467520,38.728572845458984
11471264,38.209877014160156
11486896,39.469879150390625
11492000,38.21428680419922
11492256,31.73770523071289
11492992,37.95000076293945
11497472,30.31999969482422
11504048,37.375
11530176,36.96428680419922
11532976,31.89583396911621
11571600,37.68333435058594
11584192,41.014286041259766
11598976,36.11111068725586
11628272,33.43333435058594
11629216,38.301368713378906
11639552,36.79487228393555
11647184,32.6363639831543
11649152,30.788461685180664
11651536,36.90909194946289
11661376,33.69643020629883
11677488,32.630767822265625
11680832,39.871429443359375
11683712,43.73404312133789
11684160,34.66666793823242
11706336,39.30769348144531
11719760,38.228572845458984
11724896,31.978260040283203
11731392,40.272727966308594
11735904,36.132076263427734
11735984,38.82089614868164
11776192,37.0684928894043
11788928,39.47999954223633
11792512,37.09090805053711
11795616,34.099998474121094
11798624,35.30882263183594
11810016,39.44303894042969
11825728,35.879310607910156
11834672,36.62711715698242
11843568,35.01818084716797
11851232,33.94736862182617
11855952,35.9638557434082
11880128,31.16666603088379
11889904,41.28571319580078
11891216,39.83720779418945
11894672,37.769229888916016
11898016,27.522727966308594
11900864,34.74074172973633
11901808,33.830509185791016
11904672,30.22916603088379
11906240,36.07017517089844
11920128,34.59321975708008
11941312,40.681819915771484
11945536,36.07017517089844
11955776,36.51250076293945
11957936,38.25675582885742
11960480,37.469879150390625
11991152,40.22222137451172
12023104,36.506492614746094
12023584,37.27381134033203
12026464,38.643836975097656
12036240,35.91999816894531
12036816,38.47999954223633
12055776,33.4375
12065520,37.59375
12070944,36.03895950317383
12074880,38.41666793823242
12082624,32.77777862548828
12084384,39.45833206176758
12101184,37.11111068725586
12102336,35.29999923706055
12111776,38.6184196472168
12119200,36.76829147338867
12125632,34.0
12146640,27.521739959716797
12150528,30.925926208496094
12154080,37.79999923706055
12156400,40.05504608154297
12182128,35.28571319580078
12202496,37.18309783935547
12206944,35.57143020629883
12217760,40.235294342041016
12221936,38.97590255737305
12222864,39.83333206176758
12227856,31.226415634155273
12235984,31.245283126831055
12247904,30.441177368164062
12251072,34.878379821777344
12274752,37.19230651855469
12277184,29.153846740722656
12308848,35.61728286743164
12314496,35.92307662963867
12324352,36.68000030517578
12336064,35.35714340209961
12350432,34.943397521972656
12351552,39.157142639160156
12357024,32.78688430786133
12371136,38.97222137451172
12393424,39.68831253051758
12396864,38.3466682434082
12398864,34.13793182373047
12404928,36.07954406738281
12405312,34.849998474121094
12409232,34.5
12410368,32.42424392700195
12421104,36.35135269165039
12423968,40.434783935546875
12454784,30.1639347076416
12477856,34.849998474121094
12491952,31.339284896850586
12511520,32.407405853271484
12513536,34.561405181884766
12528384,36.632354736328125
12538912,37.22891616821289
12549104,32.425926208496094
12559536,35.313724517822266
12560816,28.921567916870117
12561392,35.73770523071289
12573728,39.02631759643555
12575728,34.66666793823242
12588848,38.030303955078125
12599920,33.6708869934082
12624976,33.115943908691406
12630608,33.425533294677734
12668800,32.14285659790039
12669040,34.0
12674800,34.49152374267578
12685312,38.5
12696256,38.0
12704400,37.1136360168457
12704848,31.363636016845703
12706080,40.21739196777344
12716976,33.907405853271484
12730960,36.02409744262695
12747680,23.693878173828125
12788608,38.45000076293945
12804896,30.648147583007812
12812736,30.020000457763672
12838160,31.39655113220215
12854480,32.803279876708984
12861760,32.78461456298828
12861888,36.070587158203125
12872080,35.49180221557617
12875152,38.74626922607422
12890128,32.425926208496094
12890192,34.29999923706055
12893136,27.09433937072754
12913360,32.21154022216797
12924640,32.272727966308594
12926960,33.516666412353516
12952880,30.632652282714844
12957904,35.238807678222656
12968016,29.672130584716797
12968896,30.288461685180664
12971008,32.42307662963867
12972864,40.5
12990736,32.16666793823242
13000352,31.363636016845703
13023776,30.454545974731445
13026336,34.36231994628906
13044000,35.761192321777344
13059808,42.55882263183594
13066512,33.82089614868164
13094432,32.297298431396484
13106688,33.16666793823242
13145312,33.125
13147040,30.0
13153952,32.519229888916016
13154480,30.859375
13155584,32.720001220703125
13171808,28.673076629638672
13186448,38.01818084716797
13192528,33.40322494506836
13211296,40.50495147705078
13221904,37.882354736328125
13223984,40.19736862182617
13225328,33.82352828979492
13233184,34.50724792480469
13237648,37.17567443847656
13255056,35.91999816894531
13261456,39.47368240356445
13263248,34.35897445678711
13266416,31.634614944458008
13284912,32.51785659790039
13299600,33.16666793823242
13307408,34.59321975708008
13314400,34.130435943603516
13315936,35.15999984741211
13320960,36.35443115234375
13335808,38.17647171020508
13339728,28.88679313659668
13342944,32.960784912109375
13347344,37.55555725097656
13355808,34.943660736083984
13373984,37.400001525878906
13374960,26.93877601623535
13398304,36.49180221557617
13398496,38.21428680419922
13402128,42.81632614135742
13421392,28.79245376586914
13421632,35.48147964477539
13442832,31.226415634155273
13444224,36.94805145263672
13445664,36.79999923706055
13449952,34.5538444519043
13459744,34.123287200927734
13465328,30.217391967773438
13513328,37.274192810058594
13515904,33.93846130371094
13551536,34.35714340209961
13553392,37.32143020629883
13556512,33.33333206176758
13558464,37.38983154296875
13562112,36.5538444519043
13566336,26.532258987426758
13570496,35.91044616699219
13576624,32.721309661865234
13577072,35.11320877075195
13581168,35.1136360168457
13589536,37.53731155395508
13596128,38.93333435058594
13607744,33.75
13614528,32.0
13618224,38.0579719543457
13637792,38.18681335449219
13640720,34.625
13660224,32.01492691040039
13671152,40.08333206176758
13671744,37.89855194091797
13680992,31.557376861572266
13683456,32.77777862548828
13702128,36.66666793823242
13707136,27.16216278076172
13744208,39.5
13763824,35.859375
13775088,31.98113250732422
13798880,34.81012725830078
13803504,35.5
13804496,34.119998931884766
13807392,38.043479919433594
13813168,38.626373291015625
13813904,38.910255432128906
13820608,33.76811599731445
13872576,31.46666717529297
13881808,34.0
13900384,27.85714340209961
13924688,34.20000076293945
13926256,34.150943756103516
13941744,30.56818199157715
13947536,38.202247619628906
13957072,30.483871459960938
13962880,36.18055725097656
13978848,38.57143020629883
14000768,38.592594146728516
14012144,40.927833557128906
14022240,37.55223846435547
14042880,35.625
14074352,34.4594612121582
14077888,34.22222137451172
14078528,33.74509811401367
14102352,39.42708206176758
14116688,30.899999618530273
14123232,35.169490814208984
14162544,36.818180084228516
14179376,32.543861389160156
14180192,38.01369857788086
14183008,36.96296310424805
14186704,36.11111068725586
14197888,34.24528121948242
14198800,36.92856979370117
14205264,38.0405387878418
14224352,40.29069900512695
14229360,37.769229888916016
14238544,38.03571319580078
14239408,36.486488342285156
14243632,35.14285659790039
14262560,27.12765884399414
14263840,39.456520080566406
14267424,37.619049072265625
14272368,33.125
14281008,36.871429443359375
14290800,29.41666603088379
14297792,36.68055725097656
14302224,30.714284896850586
14309408,24.245283126831055
14310624,34.27536392211914
14321248,36.7662353515625
14324400,26.0222225189209
14326864,36.49180221557617
14332160,29.576271057128906
14348176,28.039215087890625
14366736,32.26530456542969
14376256,36.20000076293945
14408672,34.599998474121094
14411968,31.535715103149414
14413632,31.18181800842285
14416288,33.61538314819336
14417856,39.602272033691406
14418544,30.342105865478516
14420464,32.58333206176758
14429008,39.105262756347656
14430528,37.112674713134766
14446144,31.578947067260742
14449344,33.64706039428711
14452368,30.689655303955078
14467072,29.615385055541992
14468640,34.931034088134766
14492000,34.72972869873047
14499072,40.377357482910156
14499440,36.47058868408203
14506928,32.51852035522461
14523520,37.839508056640625
14529328,36.54411697387695
14550336,37.733333587646484
14556592,36.55769348144531
14563312,31.953125
14584400,34.14285659790039
14608192,37.532466888427734
14672944,38.85714340209961
14673056,31.975309371948242
14687056,33.802818298339844
14691744,36.11111068725586
14734912,28.524999618530273
14747840,31.88524627685547
14821024,38.761905670166016
14823024,30.91666603088379
14840960,35.35714340209961
14849488,33.80952453613281
14852128,39.33333206176758
14874384,34.846153259277344
14877664,38.2716064453125
14885024,35.37036895751953
14892560,37.94117736816406
14895696,43.42519760131836
14905728,34.099998474121094
14915136,34.71014404296875
14933136,29.34782600402832
14936176,37.988765716552734
14938624,35.15151596069336
14945344,36.43283462524414
14945968,30.299999237060547
14948896,36.84810256958008
14958752,40.489131927490234
14967616,29.328357696533203
14967632,29.672130584716797
14969088,35.98684310913086
14973328,39.16666793823242
14988720,39.69565200805664
14991312,36.855262756347656
14993664,35.77381134033203
14993888,35.09375
15016624,37.7976188659668
15018160,38.55555725097656
15021184,38.23214340209961
15023904,36.66666793823242
15079024,38.69230651855469
15095168,30.140844345092773
15107120,33.14285659790039
15111472,28.673076629638672
15124928,35.50847625732422
15124976,33.72413635253906
15133008,36.16666793823242
15135936,31.63793182373047
15139776,34.140350341796875
15149248,39.1875
15156352,41.35416793823242
15164944,34.59722137451172
15183792,38.88888931274414
15192928,32.344825744628906
15197984,31.94915199279785
15220992,38.475608825683594
15237296,43.13725662231445
15251248,41.85344696044922
15263760,32.64912414550781
15270304,32.96296310424805
15275584,37.882354736328125
15284176,35.93846130371094
15287712,35.0
15290960,38.74576187133789
15303744,34.871795654296875
15307280,42.11000061035156
15321472,38.375
15321584,32.654544830322266
15327824,31.65517234802246
15330080,42.5
15343248,31.64179039001465
15347952,36.26865768432617
15350160,40.4054069519043
15360016,39.36559295654297
15366288,37.56097412109375
15377104,37.83529281616211
15387712,44.18260955810547
15391376,39.20201873779297
15394624,43.154640197753906
15401520,37.203125
15401920,35.02000045776367
15417856,32.51852035522461
15441968,39.684783935546875
15482736,28.282608032226562
15483168,34.74074172973633
15502144,36.394737243652344
15511008,34.4594612121582
15532672,34.315067291259766
15538544,34.358489990234375
15571152,35.72413635253906
15571584,37.24468231201172
15588112,32.61538314819336
15589456,36.41379165649414
15601568,35.6315803527832
15643600,32.109092712402344
15644384,31.945453643798828
15650544,32.02000045776367
15662368,36.092308044433594
15671344,34.842105865478516
15680432,32.28302001953125
15692432,40.411766052246094
15695968,32.31745910644531
15706816,32.849998474121094
15707920,34.65217208862305
15719616,38.9892463684082
15721248,39.54081726074219
15727216,32.33871078491211
15735248,38.987178802490234
15752032,40.842105865478516
15757408,33.05356979370117
15761824,34.24615478515625
15823840,26.969696044921875
15827968,38.61445617675781
15832608,34.266666412353516
15847696,32.27450942993164
15866272,32.818180084228516
15876336,36.7042236328125
15878704,34.16923141479492
15885408,35.06493377685547
15891584,32.97101593017578
15899168,36.14516067504883
15902720,36.94285583496094
15911888,36.015384674072266
15918320,35.18987274169922
15928464,39.08045959472656
15934944,36.06578826904297
15950336,33.32258224487305
15959248,33.90625
15976832,26.60377311706543
15978208,34.88372039794922
15994896,39.3564338684082
16019232,36.52054977416992
16029856,35.3125
16034864,33.66666793823242
16040240,32.14285659790039
16047488,31.433961868286133
16058816,33.86885070800781
16062224,29.921567916870117
16081744,33.54545593261719
16086880,33.96154022216797
16088000,40.90425491333008
16091648,30.620689392089844
16093712,37.887325286865234
16103072,37.10447692871094
16122656,36.19607925415039
16128496,32.344825744628906
16135712,38.649349212646484
16141680,31.739999771118164
16152464,31.94230842590332
16164208,37.671875
16173152,32.64912414550781
16178240,36.482757568359375
16178240,34.625
16186064,36.28571319580078
16202608,35.69696807861328
16207504,36.709678649902344
16239568,31.81999969482422
16253744,32.47541046142578
16255520,35.25
16274608,27.979591369628906
16278816,35.739131927490234
16279120,41.64210510253906
16286336,39.59090805053711
16292000,32.86206817626953
16296544,37.23611068725586
16299664,36.20634841918945
16308416,35.228572845458984
16324944,31.967212677001953
16329696,33.400001525878906
16347984,35.83636474609375
16351376,39.46341323852539
16363552,39.25742721557617
16377280,28.851064682006836
16390816,35.596153259277344
16395824,37.08333206176758
16400032,34.873416900634766
16401904,36.841270446777344
16423392,31.129629135131836
16431392,35.516666412353516
16444112,32.92727279663086
16475728,33.05882263183594
16485136,35.10714340209961
16486864,36.16923141479492
16496848,35.440677642822266
16511184,34.74074172973633
16517568,42.988765716552734
16522464,42.345794677734375
16530928,27.846153259277344
16533872,31.653846740722656
16569760,34.565216064453125
16578160,32.19355010986328
16603072,36.17647171020508
16613968,37.32307815551758
16615472,34.367088317871094
16616064,32.51852035522461
16629008,32.98214340209961
16630112,33.4202880859375
16633760,35.96226501464844
16650592,31.173076629638672
16665024,34.45283126831055
16667664,34.38181686401367
16678240,33.18367385864258
16744208,38.0
16762016,33.63793182373047
16769264,32.22222137451172
16779760,32.873016357421875
16780832,32.69565200805664
16785616,33.379310607910156
16792464,38.698631286621094
16811184,30.821428298950195
16818768,38.325843811035156
16824256,33.438594818115234
16826272,33.15254211425781
16829952,32.559322357177734
16830400,32.5
16846544,34.0
16873360,35.43333435058594
16887200,35.60810852050781
16895536,31.0181827545166
16899104,35.0
16906896,33.23214340209961
16908560,26.58823585510254
16909472,37.1929817199707
16911552,35.0
16922288,36.075950622558594
16934336,32.099998474121094
16934608,35.769229888916016
16939360,35.0
16954704,35.9620246887207
16959136,35.56097412109375
16959504,34.41999816894531
16962528,27.23404312133789
16962896,38.01250076293945
16965696,37.65151596069336
16969472,30.89285659790039
16977648,31.19607925415039
16993008,37.323944091796875
17001264,30.679244995117188
17012224,35.25
17014416,33.359375
17041104,31.5510196685791
17054800,31.26984214782715
17082160,34.873416900634766
17093488,32.20338821411133
17098144,35.4878044128418
17102688,36.349998474121094
17106272,31.592592239379883
17107376,29.64285659790039
17114160,29.344263076782227
17115888,32.35293960571289
17126592,34.75806427001953
17135024,32.28571319580078
17138848,33.21428680419922
17159472,34.264705657958984
17205104,35.77586364746094
17212880,38.03947448730469
17215088,23.571428298950195
17229424,35.53333282470703
17242576,35.15151596069336
17248224,31.829267501831055
17265632,28.039215087890625
17270416,32.41572952270508
17285760,29.919355392456055
17302944,37.97368240356445
17320560,30.727272033691406
17332128,33.46938705444336
17342512,33.71232986450195
17376528,32.98507308959961
17393376,31.825397491455078
17394816,34.81632614135742
17399904,36.75324630737305
17418160,33.96154022216797
17438992,31.018518447875977
17443520,40.053192138671875
17450592,41.70329666137695
17455152,35.650794982910156
17471072,29.81818199157715
17495264,35.238807678222656
17498624,36.5217399597168
17509584,22.274999618530273
17520176,37.287235260009766
17526352,35.54794692993164
17532672,30.604650497436523
17578416,32.61538314819336
17591584,33.161766052246094
17595360,32.19355010986328
17597632,34.609375
17600544,38.227848052978516
17608560,34.26027297973633
17609488,29.688888549804688
17623296,36.91358184814453
17626640,31.66666603088379
17626928,34.482757568359375
17633344,36.44736862182617
17635296,30.910715103149414
17651552,34.209678649902344
17663776,38.48684310913086
17682896,29.72549057006836
17728240,37.35293960571289
17730880,38.19047546386719
17732544,36.012657165527344
17740320,33.66071319580078
17740464,28.290908813476562
17763232,37.6436767578125
17766912,30.508195877075195
17768768,33.955223083496094
17781168,33.57534408569336
17788464,35.21739196777344
17789360,35.08620834350586
17794640,30.851852416992188
17802768,36.28571319580078
17828896,35.739131927490234
17845344,34.855072021484375
17849280,33.05882263183594
17858192,31.482759475708008
17860752,30.53061294555664
17877648,35.25806427001953
17879664,36.015384674072266
17891360,38.18309783935547
17896080,33.95082092285156
17901088,26.33333396911621
17917776,35.88679122924805
17923504,31.1200008392334
17930288,31.5510196685791
17937312,29.0222225189209
17942624,35.98701477050781
17954352,41.27118682861328
17963408,34.59321975708008
17970240,32.25490188598633
17970416,33.934783935546875
17971360,33.23728942871094
17984128,32.83636474609375
18010656,35.492061614990234
18019920,32.17647171020508
18029088,36.209678649902344
18057344,41.75438690185547
18060288,39.40243911743164
18062048,34.07017517089844
18079616,39.70769119262695
18080240,28.214284896850586
18084752,39.876712799072266
18091088,37.764705657958984
18100608,40.29166793823242
18103744,32.0
18112640,36.514286041259766
18122672,34.25
18143456,33.208953857421875
18147504,28.447368621826172
18154400,38.54878234863281
18166304,34.2400016784668
18180816,30.980770111083984
18191312,35.11320877075195
18193984,35.97058868408203
18199984,30.10714340209961
18235792,40.4054069519043
18256272,33.85714340209961
18263088,31.076923370361328
18275408,31.4489803314209
18279200,38.22988510131836
18298672,35.588233947753906
18306720,32.67924499511719
18308928,37.31343460083008
18308976,36.80356979370117
18316512,27.47058868408203
18317856,36.378787994384766
18358656,38.735633850097656
18360880,35.27118682861328
18382208,36.90909194946289
18388544,40.741573333740234
18392816,31.428571701049805
18406112,26.820512771606445
18415328,34.849998474121094
18415344,33.05555725097656
18431840,36.53658676147461
18437408,34.52458953857422
18445472,35.835819244384766
18445584,37.16666793823242
18447632,33.69811248779297
18448736,37.40506362915039
18450736,37.16923141479492
18451680,40.29411697387695
18457520,31.421875
18471184,36.35820770263672
18472816,38.21917724609375
18488272,35.41935348510742
18488352,36.51315689086914
18494272,36.88888931274414
18498368,44.36619567871094
18498752,31.985916137695312
18513216,37.93902587890625
18525232,32.3725471496582
18542512,32.47618865966797
18581184,30.203702926635742
18582112,32.16071319580078
18593776,31.723403930664062
18600560,36.064517974853516
18603760,37.24615478515625
18610720,33.3870964050293
18627408,32.46666717529297
18634016,32.94827651977539
18635744,41.56666564941406
18643312,27.829267501831055
18651232,38.643836975097656
18652544,33.563636779785156
18658064,33.76785659790039
18663200,33.039215087890625
18707904,28.88679313659668
18719072,27.72916603088379
18732384,27.274999618530273
18759728,31.38888931274414
18773744,36.841270446777344
18819744,31.920000076293945
18822448,37.625
18888384,36.44285583496094
18892336,29.769229888916016
18893824,30.128204345703125
18895232,32.59677505493164
18904448,37.32307815551758
18904960,31.46938705444336
18912096,31.15151596069336
18916160,25.196428298950195
18917824,27.580644607543945
18918688,34.16666793823242
18936048,36.709678649902344
18938864,36.40983581542969
18994096,36.859649658203125
19009472,34.85714340209961
19020704,35.75409698486328
19020832,41.087501525878906
19022848,31.77777862548828
19034832,28.91111183166504
19035488,39.33333206176758
19038384,36.75324630737305
19047024,33.69811248779297
19066320,31.294116973876953
19088432,37.610389709472656
19131104,35.79661178588867
19135840,35.64788818359375
19142992,36.157894134521484
19145312,34.59722137451172
19200528,36.629215240478516
19214160,20.5
19224304,36.02531814575195
19230960,37.36470413208008
19241264,40.144737243652344
19257024,37.38750076293945
19260032,36.266666412353516
19268720,37.25862121582031
19276624,35.158729553222656
19277936,36.230770111083984
19280608,39.30434799194336
19292624,39.174312591552734
19294144,39.57143020629883
19301552,35.650794982910156
19332384,36.875
19334160,34.5945930480957
19337312,39.21739196777344
19338416,34.70149230957031
19347648,35.745452880859375
19349888,36.88888931274414
19352272,34.38181686401367
19364464,38.5
19376896,36.83333206176758
19379360,37.828125
19383952,35.564517974853516
19386448,35.77777862548828
19398048,36.9315071105957
19399040,37.35802459716797
19405440,36.63380432128906
19419136,37.47169876098633
19420496,35.7931022644043
19437792,37.046875
19442512,34.41379165649414
19449744,40.36046600341797
19466368,37.70149230957031
19469920,41.53543472290039
19481232,31.54838752746582
19485968,31.020000457763672
19488208,35.776119232177734
19495712,35.375
19515072,27.43181800842285
19533920,31.617021560668945
19543760,32.44230651855469
19546880,33.05882263183594
19565072,34.94029998779297
19573280,39.88372039794922
19593760,38.797298431396484
19617264,37.197181701660156
19619760,35.745452880859375
19630672,32.51785659790039
19640384,32.94827651977539
19645760,35.44285583496094
19650144,32.18840408325195
19670880,33.918365478515625
19680448,32.49152374267578
19696976,34.29999923706055
19707088,38.453125
19720720,36.5
19722384,35.01818084716797
19731824,34.92307662963867
19732272,38.438594818115234
19737872,38.80303192138672
19757264,37.38461685180664
19762800,31.0
19767760,35.68333435058594
19771664,33.69811248779297
19780800,33.14285659790039
19805344,36.52054977416992
19806000,31.452054977416992
19806704,32.57777786254883
19807264,36.609195709228516
19815856,38.11827850341797
19821360,36.83544158935547
19840176,39.73958206176758
19845040,36.849998474121094
19855120,35.06097412109375
19866048,38.37704849243164
19867808,33.18367385864258
19887792,36.0
19892144,36.092308044433594
19913872,34.442623138427734
19925232,38.06944274902344
19927840,31.719999313354492
19930032,39.5396842956543
19937408,34.49253845214844
19941392,37.4782600402832
19943664,31.140350341796875
19944992,33.74647903442383
19964544,35.918033599853516
19986752,29.571428298950195
19986848,31.28205108642578
19989216,34.442623138427734
20003424,31.1200008392334
20013792,30.76595687866211
20025568,39.68421173095703
20034832,36.81159591674805
20065568,33.09090805053711
20069360,30.822580337524414
20090224,38.29411697387695
20111824,37.10126495361328
20120352,36.52631759643555
20130352,29.039215087890625
20146368,36.065574645996094
20167184,34.35714340209961
20167488,33.476924896240234
20170624,35.180328369140625
20179040,36.61971664428711
20192448,29.210525512695312
20201648,34.19403076171875
20211056,33.43333435058594
20221360,33.18367385864258
20230576,31.217391967773438
20233376,34.52381134033203
20236208,31.5510196685791
20247632,27.47058868408203
20265216,31.547618865966797
20277280,33.68333435058594
20283232,31.45161247253418
20284320,31.610170364379883
20290784,31.567163467407227
20296832,29.808509826660156
20299056,37.0
20302112,32.671875
20321248,29.830188751220703
20324096,29.323076248168945
20379568,32.75
20401488,35.382354736328125
20421920,30.021739959716797
20431712,31.372880935668945
20439712,28.957447052001953
20452864,33.925926208496094
20464480,36.0945930480957
20464976,35.23188400268555
20469328,34.45283126831055
20493248,36.22222137451172
20499264,34.016666412353516
20519504,31.688888549804688
20523168,37.93258285522461
20528896,29.745454788208008
20541200,32.25
20564176,35.875
20580192,32.28302001953125
20583504,28.4761905670166
20599952,40.7421875
20601136,32.81999969482422
20610064,38.574466705322266
20632592,38.47058868408203
20649072,35.15277862548828
20660336,35.867923736572266
20661744,28.133333206176758
20661792,38.63768005371094
20662224,37.38461685180664
20663872,34.849998474121094
20670160,31.245901107788086
20678768,37.86206817626953
20679648,30.211538314819336
20697872,24.64102554321289
20699152,31.294116973876953
20702016,35.016666412353516
20704608,36.573768615722656
20705616,33.11111068725586
20714256,35.24590301513672
20719856,37.63492202758789
20763552,33.96154022216797
20763984,34.57143020629883
20770080,33.934425354003906
20777040,38.015384674072266
20787392,34.882354736328125
20792992,29.55339813232422
20806768,35.83606719970703
20807936,36.9315071105957
20808208,32.25373077392578
20810608,31.40350914001465
20837584,32.619998931884766
20837632,42.105262756347656
20838064,34.79999923706055
20843136,40.80952453613281
20843248,33.23214340209961
20851600,40.29703140258789
20865984,34.83333206176758
20872000,32.73684310913086
20881728,37.60759353637695
20887040,33.120689392089844
20888064,33.921875
20894864,35.739131927490234
20917408,31.617021560668945
20926000,31.975608825683594
20951696,31.381818771362305
20974736,38.63793182373047
20981856,32.28302001953125
20998944,32.83636474609375
21015568,33.818180084228516
21018112,34.94736862182617
21022688,34.6274528503418
21023696,33.887325286865234
21033312,33.15254211425781
21042112,34.37681198120117
21046640,32.654544830322266
21058896,37.400001525878906
21070160,34.29090881347656
21086032,31.741378784179688
21087424,36.25
21090704,39.40909194946289
21092112,37.29090881347656
21103888,36.45833206176758
21104768,34.092594146728516
21106016,32.075469970703125
21113968,29.772727966308594
21120896,35.27777862548828
21122832,27.930233001708984
21122976,38.45161437988281
21131600,31.173076629638672
21137440,31.88135528564453
21141360,35.551021575927734
21148816,34.8795166015625
21150128,34.6065559387207
21156960,28.926828384399414
21165296,32.25396728515625
21181856,29.04878044128418
21183920,33.156864166259766
21198432,38.844154357910156
21211104,36.216217041015625
21221568,32.39130401611328
21221760,38.157894134521484
21222560,35.342464447021484
21223440,34.66666793823242
21225728,37.64044952392578
21255216,36.97101593017578
21256608,35.60293960571289
21259392,39.56962203979492
21269232,32.18867874145508
21282272,35.949153900146484
21286448,38.346153259277344
21288080,35.75409698486328
21292384,32.18333435058594
21293840,32.574466705322266
21318400,34.7164192199707
21344144,35.72413635253906
21353104,33.568965911865234
21368112,32.849056243896484
21377424,37.078651428222656
21397904,38.511112213134766
21400160,39.17045593261719
21422848,40.042015075683594
21437744,36.57352828979492
21441776,39.55555725097656
21460336,38.47058868408203
21461760,29.9069766998291
21465424,34.27941131591797
21465552,31.5510196685791
21481168,35.92856979370117
21484064,39.288658142089844
21484736,33.826087951660156
21491136,36.18333435058594
21494448,38.95774459838867
21518640,35.57143020629883
21528592,34.50847625732422
21537248,42.58095169067383
21540176,33.599998474121094
21550976,36.7042236328125
21558288,30.91111183166504
21568496,34.842105865478516
21572704,36.35416793823242
21586240,36.54237365722656
21637936,36.33333206176758
21638064,35.456138610839844
21639776,32.40983581542969
21651040,37.54794692993164
21653936,35.57143020629883
21657520,35.48147964477539
21658784,31.714284896850586
21669248,35.50847625732422
21697632,36.77777862548828
21715376,43.00833511352539
21733024,37.882354736328125
21766656,36.80356979370117
21790064,33.25925827026367
21810496,37.97368240356445
21812272,38.410255432128906
21817984,31.272727966308594
21843536,36.91358184814453
21860000,41.75206756591797
21861184,31.040000915527344
21865088,34.129032135009766
21869584,30.189655303955078
21885248,40.22222137451172
21891200,37.26760482788086
21896608,39.703704833984375
21922320,36.230770111083984
21946256,36.30303192138672
21950992,36.90909194946289
21963808,34.30158615112305
21973600,36.28571319580078
21978848,36.20634841918945
21999824,33.88888931274414
22013392,36.70000076293945
22032688,43.5625
22044128,41.38461685180664
22049904,36.22666549682617
22056352,38.83529281616211
22076720,41.818180084228516
22078832,39.68817138671875
22080720,38.47058868408203
22085776,40.164180755615234
22087120,37.935482025146484
22090688,41.20000076293945
22092304,38.06779479980469
22100448,38.5538444519043
22104256,35.94285583496094
22121424,32.42307662963867
22127520,33.439998626708984
22137264,35.71875
22157040,40.931034088134766
22198624,41.09574508666992
22213008,33.75
22219136,37.274192810058594
22239120,31.200000762939453
22252080,34.918365478515625
22258800,36.89855194091797
22306208,39.04166793823242
22324400,36.426231384277344
22344512,34.57500076293945
22347952,34.140350341796875
22355776,38.06779479980469
22356816,38.58064651489258
22363888,38.109588623046875
22375120,37.03508758544922
22390976,36.89855194091797
22393536,38.55555725097656
22401040,39.55172348022461
22419280,38.30188751220703
22420032,37.73584747314453
22450720,34.93650817871094
22469664,40.154930114746094
22472080,39.0
22487888,40.671051025390625
22489280,43.15503692626953
22507536,41.82417678833008
22508976,36.09756088256836
22517472,33.84745788574219
22533632,40.53845977783203
22541472,34.05769348144531
22553184,44.13333511352539
22567488,36.563636779785156
22568592,39.530120849609375
22577232,39.36470413208008
22592688,34.83333206176758
22614096,38.63768005371094
22631520,40.068180084228516
22636928,38.30356979370117
22644208,35.017242431640625
22652912,45.36507797241211
22653904,41.79999923706055
22655280,42.21333312988281
22660144,45.185184478759766
22672976,37.783782958984375
22682848,36.47272872924805
22715632,44.55356979370117
22720960,43.99193572998047
22794688,42.64834976196289
22817056,42.134830474853516
22834864,40.49397659301758
22866144,43.599998474121094
22870736,40.08000183105469
22881792,38.65151596069336
22888544,42.64210510253906
22897952,39.73404312133789
22930912,38.985294342041016
22938256,39.73958206176758
22941216,43.3636360168457
22951072,39.10843276977539
22959824,40.9878044128418
22972112,40.64788818359375
22992592,41.80434799194336
23032800,38.75
23041520,37.046875
23041648,43.599998474121094
23057968,41.68000030517578
23077856,39.28985595703125
23097984,40.31312942504883
23101344,39.078125
23104336,40.517242431640625
23111616,41.5042724609375
23113568,38.71014404296875
23119280,39.878379821777344
23156704,41.59493637084961
23177424,44.738739013671875
23202416,39.32758712768555
23209104,39.88888931274414
23215152,44.16814041137695
23217136,40.37681198120117
23230832,39.21686935424805
23233824,41.53703689575195
23234096,40.904109954833984
23250672,38.39706039428711
23252480,41.42307662963867
23253328,40.66666793823242
23264864,46.007408142089844
23273520,42.0
23285344,42.55223846435547
23287088,43.064517974853516
23299424,42.486488342285156
23310944,34.6779670715332
23311760,42.54794692993164
23326336,43.3125
23331904,38.565216064453125
23372416,38.761905670166016
23378976,42.46721267700195
23380288,39.44285583496094
23391216,37.45454406738281
23392336,43.61475372314453
23392976,41.188236236572266
23402976,46.105262756347656
23413040,34.45070266723633
23415872,44.181819915771484
23418960,39.79710006713867
23426336,44.318965911865234
23431952,38.71014404296875
23432000,40.01041793823242
23434496,38.47058868408203
23436816,33.16901397705078
23447888,43.28571319580078
23451936,39.39325714111328
23460880,40.9886360168457
23468096,35.772727966308594
23468224,36.77777862548828
23498400,35.41935348510742
23502848,37.63492202758789
23508448,39.82926940917969
23538640,34.140350341796875
23554080,35.81159591674805
23562640,43.67618942260742
23577024,38.3934440612793
23588400,36.72413635253906
23589584,38.70000076293945
23618864,44.423423767089844
23622720,39.04545593261719
23627776,37.776119232177734
23630160,36.38356018066406
23632784,42.57143020629883
23637968,33.934783935546875
23647872,42.22093200683594
23676960,38.9466667175293
23677664,41.94623565673828
23700544,40.068965911865234
23732272,39.86153793334961
23747808,40.01492691040039
23770432,37.046875
23773968,43.3125
23779504,43.79999923706055
23789744,42.06410217285156
23818880,38.47058868408203
23834688,42.39583206176758
23887312,30.125
23903280,37.93846130371094
23905392,32.88461685180664
23920864,35.70833206176758
23926448,43.74766540527344
23936096,41.28888702392578
23985584,44.938270568847656
23997248,39.59722137451172
24004544,43.97402572631836
24009776,38.57500076293945
24017424,36.2835807800293
24039776,37.157142639160156
24041312,43.49180221557617
24058416,33.51063919067383
24061664,42.74226760864258
24095296,38.188236236572266
24104592,41.14666748046875
24114368,38.85897445678711
24119456,40.13750076293945
24119648,37.987342834472656
24162512,40.46154022216797
24203856,33.088233947753906
24207136,41.369564056396484
24222176,38.880001068115234
24224560,41.35820770263672
24225136,38.269229888916016
24235152,40.47674560546875
24238000,41.39759063720703
24246352,38.375
24272000,38.269840240478516
24273296,44.966217041015625
24274208,37.80882263183594
24279056,45.0
24300896,38.74576187133789
24302912,41.5057487487793
24303040,38.19047546386719
24308320,38.55555725097656
24311056,35.599998474121094
24319744,40.63750076293945
24336096,35.69230651855469
24341392,43.17307662963867
24343712,42.20000076293945
24363392,45.28971862792969
24399936,39.233009338378906
24401232,37.38983154296875
24446032,43.85185241699219
24448480,41.72380828857422
24458880,36.157894134521484
24463360,39.935482025146484
24465904,36.49180221557617
24491280,40.9594612121582
24505648,40.61333465576172
24521552,33.23214340209961
24525008,38.269840240478516
24525552,32.83333206176758
24531888,39.08000183105469
24539376,33.05882263183594
24550528,42.53333282470703
24552992,43.044944763183594
24556752,34.55555725097656
24598672,37.47457504272461
24610160,37.10447692871094
24610416,35.871429443359375
24610608,32.42856979370117
24618064,32.20000076293945
24631520,37.3220329284668
24642592,31.510639190673828
24648272,35.739131927490234
24662656,35.746665954589844
24675968,42.61458206176758
24677664,38.71232986450195
24694736,37.04819107055664
24707360,37.87036895751953
24727968,32.83606719970703
24729616,39.621360778808594
24736080,35.745452880859375
24737056,36.056602478027344
24742512,37.25640869140625
24745168,41.62963104248047
24750480,41.417911529541016
24763232,39.9487190246582
24782800,39.238094329833984
24785392,38.55696105957031
24791760,39.4603157043457
24797472,36.52054977416992
24813872,35.220001220703125
24854096,34.25
24861904,35.620689392089844
24863696,42.13131332397461
24877344,36.841270446777344
24879760,41.988094329833984
24889024,30.01785659790039
24914112,35.238807678222656
24922272,36.11864471435547
24928256,33.52631759643555
24928288,38.727272033691406
24928368,35.68333435058594
24929104,37.014286041259766
24929232,42.06666564941406
24944624,33.11111068725586
24952208,35.98387145996094
24958448,34.52458953857422
24960048,37.30434799194336
24960208,31.24561309814453
24967872,34.93333435058594
24968720,33.065216064453125
24973776,37.40579605102539
24981744,33.034481048583984
24984800,39.298702239990234
25000576,36.93333435058594
25005632,31.3354434967041
25035568,33.69811248779297
25054832,36.88888931274414
25071408,32.82258224487305
25077664,39.911766052246094
25104368,39.04166793823242
25105776,41.727272033691406
25108800,37.417720794677734
25112240,40.23595428466797
25113248,37.35483932495117
25116464,40.49397659301758
25125440,33.28845977783203
25151184,34.66666793823242
25162096,35.93846130371094
25162784,31.510639190673828
25177920,35.98387145996094
25178016,34.1136360168457
25181280,35.59420394897461
25189568,38.25675582885742
25201312,34.48484802246094
25209024,36.0704231262207
25213712,30.980770111083984
25236816,34.74074172973633
25260384,34.842105865478516
25275232,39.0
25276208,37.98305130004883
25288080,36.02702713012695
25290944,41.24691390991211
25305216,28.976743698120117
25309808,26.052631378173828
25311024,36.28571319580078
25313680,40.88888931274414
25321664,33.57143020629883
25322064,42.527557373046875
25334096,31.245283126831055
25344256,39.29999923706055
25363808,30.295082092285156
25382976,33.35087585449219
25395136,41.0
25443024,36.47272872924805
25461728,38.76543045043945
25468144,36.15151596069336
25494832,40.60439682006836
25504576,40.671051025390625
25517376,32.0
25517872,35.8684196472168
25529520,36.371429443359375
25531312,34.03076934814453
25535824,38.70000076293945
25546640,35.01639175415039
25551536,33.04917907714844
25559168,36.75
25564528,41.0927848815918
25577952,37.78571319580078
25588896,36.91139221191406
25601952,37.55223846435547
25606512,37.62686538696289
25613472,39.70769119262695
25618048,37.58571243286133
25633504,41.58333206176758
25662384,39.71154022216797
25674176,37.11111068725586
25675216,36.230770111083984
25677840,38.43037796020508
25680560,37.77647018432617
25687024,37.59770202636719
25733296,35.19355010986328
25749872,35.98387145996094
25764864,37.32307815551758
25768000,36.638553619384766
25791280,37.77027130126953
25792560,33.96491241455078
25797232,41.635135650634766
25808208,40.77777862548828
25842720,41.29069900512695
25875072,40.84722137451172
25879072,40.75531768798828
25881104,38.85897445678711
25901168,42.095237731933594
25912560,38.630767822265625
25922768,32.17647171020508
25948288,34.32307815551758
25966224,40.71831130981445
25975616,36.863014221191406
25991744,31.819671630859375
26032912,32.459014892578125
26047760,32.943397521972656
26071056,37.33928680419922
26074672,38.95774459838867
26083792,41.475608825683594
26126160,40.08000183105469
26146432,37.28571319580078
26152096,37.578948974609375
26171760,40.82758712768555
26199728,40.1134033203125
26201632,35.01818084716797
26206000,39.0
26241856,36.14285659790039
26241904,35.119998931884766
26248432,38.815216064453125
26272272,40.08450698852539
26274256,38.5538444519043
26287488,35.44285583496094
26301600,36.18333435058594
26305552,39.81081008911133
26317360,34.26415252685547
26320496,39.144927978515625
26322320,39.371429443359375
26327632,35.96226501464844
26331872,35.019229888916016
26334016,35.017242431640625
26334960,37.924049377441406
26341568,37.065574645996094
26357392,33.843135833740234
26361712,36.49180221557617
26367984,33.69117736816406
26369792,37.02597427368164
26396528,36.482757568359375
26414688,41.536231994628906
26420704,41.76250076293945
26421552,37.516666412353516
26422544,38.790321350097656
26424960,32.869564056396484
26451904,36.632354736328125
26456000,34.092594146728516
26462848,38.04545593261719
26469136,39.9466667175293
26477648,39.33783721923828
26493424,36.859649658203125
26493872,34.656715393066406
26496352,38.0843391418457
26500720,39.0
26516080,39.49253845214844
26518992,38.63768005371094
26543888,37.625
26569760,41.27000045776367
26572608,41.225807189941406
26584464,37.42856979370117
26611120,37.417720794677734
26616832,35.10344696044922
26623728,36.96875
26626688,37.819149017333984
26630176,32.7931022644043
26652864,36.62711715698242
26657808,34.36065673828125
26661392,37.93055725097656
26665696,37.657142639160156
26666432,37.80882263183594
26679328,37.40579605102539
26684000,38.54666519165039
26706592,38.48611068725586
26708768,30.821428298950195
26739024,36.80769348144531
26752576,30.0222225189209
26756096,37.14754104614258
26771168,29.578947067260742
26780992,28.13953399658203
26788432,31.782608032226562
26805776,35.92207717895508
26827776,36.629032135009766
26832096,31.739999771118164
26834144,35.28070068359375
26838768,33.1929817199707
26841776,36.826087951660156
26842048,42.619468688964844
26843024,34.64814758300781
26869744,36.49180221557617
26874224,36.855262756347656
26890752,34.93333435058594
26925728,31.03174591064453
26930528,34.25757598876953
26931296,35.875
26939120,38.15254211425781
26940160,35.3684196472168
26985552,39.6184196472168
26992240,36.265625
27013424,28.52941131591797
27028272,32.849056243896484
27039920,31.55769157409668
27048848,37.32307815551758
27066256,35.01449203491211
27082784,36.632354736328125
27111440,38.08064651489258
27112480,34.38888931274414
27118016,30.322580337524414
27122512,29.70212745666504
27127536,29.816326141357422
27135040,33.35185241699219
27144000,40.33766174316406
27147344,35.456138610839844
27187888,40.216495513916016
27198864,37.125
27201840,34.73469543457031
27216384,33.32258224487305
27225312,37.09090805053711
27233008,35.64788818359375
27246224,37.64912414550781
27247072,34.42647171020508
27247760,40.63953399658203
27255568,37.29090881347656
27277200,35.3684196472168
27278944,35.761192321777344
27291824,35.28571319580078
27299472,31.79660987854004
27300224,36.68055725097656
27300320,37.77586364746094
27309280,38.69047546386719
27313792,40.154930114746094
27314912,33.38983154296875
27346944,34.230770111083984
27357344,39.57500076293945
27366336,41.13978576660156
27366400,33.55172348022461
27378928,37.33333206176758
27380544,36.07575607299805
27391296,33.156864166259766
27394000,38.481014251708984
27420944,37.924049377441406
27435024,36.632354736328125
27435040,33.830509185791016
27436576,30.961538314819336
27453168,40.339622497558594
27463152,42.5078125
27491184,35.54878234863281
27492896,38.25675582885742
27496912,34.30158615112305
27527280,25.526315689086914
27536464,38.574710845947266
27566320,35.69230651855469
27568128,36.761905670166016
27571744,34.945945739746094
27585968,33.034481048583984
27592784,38.95774459838867
27631536,39.320987701416016
27648112,40.180721282958984
27651344,39.06666564941406
27672576,38.323944091796875
27698800,42.21519088745117
27705584,40.760868072509766
27720848,37.230770111083984
27744064,37.83529281616211
27744912,35.33871078491211
27764768,38.01818084716797
27777696,36.68115997314453
27791760,36.70000076293945
27798816,40.28089904785156
27802496,39.085365295410156
27822032,37.882354736328125
27822048,38.2470588684082
27832512,40.34782791137695
27848144,38.82666778564453
27855408,34.657142639160156
27889232,36.24359130859375
27897664,35.28571319580078
27921696,33.83720779418945
27928352,38.4878044128418
27935088,36.40277862548828
27944592,33.35185241699219
27949040,36.140846252441406
27959008,42.984127044677734
27980656,40.53125
28025392,34.6274528503418
28043344,36.83333206176758
28049616,35.949153900146484
28057280,41.8125
28062496,36.630767822265625
28076240,35.26229476928711
28077360,37.17241287231445
28078128,42.57944107055664
28091280,38.0
28107696,37.867645263671875
28114528,36.9886360168457
28149840,42.656864166259766
28150256,36.88571548461914
28150816,40.53125
28157744,33.48387145996094
28169536,37.83333206176758
28178672,39.844444274902344
28194288,36.739131927490234
28194864,39.61538314819336
28223376,36.802467346191406
28225168,33.94736862182617
28233824,43.18965530395508
28234368,41.97674560546875
28253200,36.94736862182617
28255584,36.421875
28260368,34.31999969482422
28274208,37.9466667175293
28304080,36.14285659790039
28304096,40.012657165527344
28305328,37.90140914916992
28307680,47.0
28330160,41.23404312133789
28331024,37.065574645996094
28371552,42.20000076293945
28381520,33.79245376586914
28389392,39.42307662963867
28393248,40.014286041259766
28408896,37.0
28412496,31.600000381469727
28423312,39.188236236572266
28451280,38.728572845458984
28520432,40.89011001586914
28523456,41.318180084228516
28531344,41.620967864990234
28548656,36.08928680419922
28554032,41.72618865966797
28555456,37.493507385253906
28576768,34.45283126831055
28579904,37.70149230957031
28603920,34.31999969482422
28628480,34.52381134033203
28633136,39.126583099365234
28657920,33.52631759643555
28688976,44.18852615356445
28691344,38.987178802490234
28693216,41.43955993652344
28704960,38.89552307128906
28705008,43.0
28735312,36.04109573364258
28740368,39.530120849609375
28744224,38.28395080566406
28745424,42.087379455566406
28745440,35.632652282714844
28753936,40.88372039794922
28771360,39.8271598815918
28781504,42.80644989013672
28789072,33.94643020629883
28800304,40.21505355834961
28828720,37.93055725097656
28833104,40.16483688354492
28836592,39.0
28859232,31.06818199157715
28892336,34.380950927734375
28903952,36.563636779785156
28920048,40.29166793823242
28921024,45.32258224487305
28921824,38.95774459838867
28954240,36.0
28970912,32.3725471496582
28974176,36.266666412353516
28986448,44.27586364746094
29002128,39.01333236694336
29026608,42.93939208984375
29053872,33.38461685180664
29054496,39.44285583496094
29076400,36.371429443359375
29078560,44.831932067871094
29085360,32.46808624267578
29086304,39.126583099365234
29087936,37.29090881347656
29108224,33.52631759643555
29111696,37.021278381347656
29114272,42.5099983215332
29119600,37.882354736328125
29150624,31.88372039794922
29166656,40.216495513916016
29171344,36.78461456298828
29177392,43.029701232910156
29181504,34.93333435058594
29195120,36.482757568359375
29205104,39.05617904663086
29210608,42.085105895996094
29216624,43.69696807861328
29227872,40.76250076293945
29228624,34.41999816894531
29231856,39.82143020629883
29239168,39.74193572998047
29239744,31.5510196685791
29253776,34.93333435058594
29262384,34.57143020629883
29302432,38.9466667175293
29308976,35.52238845825195
29309536,35.574073791503906
29323200,32.10416793823242
29325456,39.9487190246582
29371344,35.867923736572266
29377136,33.58333206176758
29395440,29.82978630065918
29403648,42.233333587646484
29417088,40.34951400756836
29418656,39.43299102783203
29430576,39.078125
29431616,37.97368240356445
29455264,36.29411697387695
29461520,31.020000457763672
29471744,36.015384674072266
29481280,33.619998931884766
29499968,38.18918991088867
29500576,36.371429443359375
29505008,34.4603157043457
29520880,35.632652282714844
29524832,35.93846130371094
29538288,34.57143020629883
29543920,35.5
29550848,36.279998779296875
29565712,38.29850769042969
29577808,33.25925827026367
29607888,31.452381134033203
29618128,37.97368240356445
29624416,30.73469352722168
29631792,34.92307662963867
29646896,34.358489990234375
29672096,32.10416793823242
29689536,32.9375
29732416,34.0
29732656,36.71428680419922
29746288,38.015384674072266
29754000,35.599998474121094
29754016,38.121212005615234
29774464,40.30232620239258
29798992,33.66666793823242
29801456,29.22222137451172
29806704,23.743589401245117
29807168,34.484375
29816800,38.25973892211914
29817440,30.910715103149414
29827072,42.62616729736328
29827520,34.52458953857422
29839408,34.81632614135742
29861120,40.97260284423828
29861744,37.721309661865234
29865712,26.346939086914062
29879168,38.625
29879904,35.33871078491211
29880672,33.18367385864258
29886240,40.1020393371582
29898288,39.878379821777344
29899968,37.47618865966797
29908928,32.894737243652344
29912816,31.625
29915600,32.0
29943536,39.78888702392578
29966016,35.745452880859375
29967120,29.189189910888672
29973328,35.10714340209961
30005200,32.519229888916016
30012192,37.86111068725586
30027840,30.2391300201416
30043264,37.19355010986328
30055040,36.4383544921875
30059088,36.266666412353516
30059920,33.0
30063440,33.55172348022461
30070016,33.18367385864258
30105136,33.843135833740234
30110496,33.75
30117792,39.85245895385742
30138288,32.0
30138592,34.05263137817383
30140032,31.80596923828125
30162576,27.95121955871582
30180736,34.140350341796875
30194224,36.056602478027344
30210448,38.880001068115234
30221536,35.30882263183594
30232320,33.32258224487305
30244048,36.701297760009766
30260816,31.26530647277832
30273216,35.58333206176758
30280320,39.70588302612305
30282464,35.93846130371094
30310560,33.55172348022461
30324704,35.875
30327968,33.37704849243164
30336368,36.92063522338867
30337056,34.20000076293945
30345920,38.323944091796875
30359056,32.46666717529297
30377664,32.960784912109375
30397184,27.13157844543457
30407680,40.72881317138672
30408576,38.32352828979492
30440112,35.761192321777344
30463888,43.0476188659668
30466768,37.94117736816406
30474224,31.387096405029297
30495184,35.599998474121094
30499120,40.272727966308594
30508608,40.541175842285156
30510864,34.45283126831055
30515088,38.678897857666016
30524448,35.09836196899414
30526784,32.71154022216797
30543216,24.795454025268555
30565136,42.752689361572266
30575728,37.43421173095703
30586080,27.630434036254883
30597456,39.119049072265625
30601584,33.074073791503906
30607040,32.0
30614128,35.632652282714844
30615072,35.35593032836914
30652560,40.98850631713867
30666480,37.716217041015625
30669936,36.98684310913086
30678288,37.875
30693056,37.029850006103516
30704368,24.70212745666504
30713504,37.716217041015625
30714672,34.20547866821289
30742288,39.20000076293945
30746800,30.69444465637207
30763072,35.095237731933594
30765632,36.197181701660156
30780816,43.86458206176758
30824352,39.6363639831543
30826464,31.81999969482422
30844352,27.630434036254883
30855760,39.22618865966797
30860064,33.05882263183594
30874640,43.007999420166016
30887728,29.921567916870117
30889712,31.076923370361328
30896304,36.39130401611328
30897392,38.438594818115234
30915040,28.714284896850586
30916880,39.67045593261719
30948560,36.563636779785156
30954848,40.21428680419922
30971440,34.41999816894531
31028832,38.08064651489258
31037728,38.14457702636719
31056208,37.10447692871094
31074288,37.66265106201172
31083856,40.852630615234375
31103392,42.28571319580078
31104240,41.546390533447266
31105184,44.15178680419922
31149360,38.717647552490234
31153200,34.31999969482422
31184624,41.441558837890625
31190512,38.39706039428711
31224304,40.52564239501953
31224880,39.37974548339844
31258928,35.09722137451172
31262736,39.68421173095703
31272112,37.21428680419922
31278624,35.536231994628906
31280816,36.064517974853516
31298480,37.024391174316406
31300080,40.08450698852539
31308032,32.849056243896484
31309920,42.650001525878906
31327216,39.591548919677734
31336032,34.943660736083984
31367712,43.09734344482422
31391296,40.54216766357422
31392336,38.015384674072266
31413712,41.3106803894043
31458672,43.24761962890625
31460480,39.89247131347656
31461792,42.35293960571289
31467600,33.78688430786133
31482848,40.717647552490234
31483744,38.6315803527832
31494544,39.684783935546875
31524016,26.86111068725586
31589232,36.70588302612305
31609040,43.42499923706055
31615584,36.30303192138672
31618544,32.965518951416016
31625920,34.5
31626912,35.47169876098633
31630096,39.650604248046875
31654256,37.22950744628906
31658640,41.34831619262695
31671728,40.89583206176758
31678624,35.375
31687872,38.83529281616211
31701456,36.20634841918945
31702528,29.625
31711744,34.57143020629883
31720544,34.12727355957031
31725504,30.0222225189209
31731168,33.66666793823242
31762560,23.86842155456543
31766224,38.71232986450195
31769824,41.03845977783203
31786880,38.269840240478516
31824448,34.93333435058594
31840688,35.180328369140625
31851296,34.625
31870880,38.011112213134766
31875440,36.421875
31878976,30.650793075561523
31885760,36.45205307006836
31887200,33.66666793823242
31897536,38.164180755615234
31900192,40.188236236572266
31901904,38.411766052246094
31911456,37.73684310913086
31915968,36.75757598876953
31951136,36.140846252441406
31954320,18.148147583007812
31954640,35.536231994628906
32002784,37.435482025146484
32040912,37.08571243286133
32040928,41.02531814575195
32058944,43.43307113647461
32077888,41.827274322509766
32083056,41.23404312133789
32163072,39.0
32179296,29.369565963745117
32182464,40.47674560546875
32199728,31.920000076293945
32215920,41.2023811340332
32216688,40.065216064453125
32219168,33.915252685546875
32222256,42.69444274902344
32252896,41.66666793823242
32305552,38.16666793823242
32313968,40.92683029174805
32318704,37.70149230957031
32333120,35.516666412353516
32359584,38.79069900512695
32363296,33.425533294677734
32366656,37.760562896728516
32379760,39.77647018432617
32380272,37.63492202758789
32385696,35.20754623413086
32392624,42.397727966308594
32470064,35.730159759521484
32486720,38.592594146728516
32487792,39.4555549621582
32492464,37.25862121582031
32499536,37.26744079589844
32521936,37.59375
32528368,43.30370330810547
32536208,40.320987701416016
32538160,39.89156723022461
32540784,37.33802795410156
32562736,36.015384674072266
32574048,40.25742721557617
32576912,38.438594818115234
32586016,36.92063522338867
32590704,39.202701568603516
32594608,34.85483932495117
32601376,41.39603805541992
32603696,36.31884002685547
32618400,37.769229888916016
32621200,39.03278732299805
32634832,41.89610290527344
32682528,43.224491119384766
32699232,36.95294189453125
32708576,36.49180221557617
32724064,38.725807189941406
32748656,39.9466667175293
32754608,40.011627197265625
32768112,40.5405387878418
32796416,36.55882263183594
32800320,38.30487823486328
32859424,35.94285583496094
32871440,43.86238479614258
32872416,37.22950744628906
32883472,37.47999954223633
32889616,37.136985778808594
32920976,37.31081008911133
32940880,36.871795654296875
32945408,36.42856979370117
32952288,34.0
32952480,36.14516067504883
32985136,31.326086044311523
32999024,39.75
33027120,36.092308044433594
33034096,37.33333206176758
33040560,39.818180084228516
33071680,37.44285583496094
33080688,33.81034469604492
33088288,34.24615478515625
33091088,38.296875
33095408,36.033897399902344
33100144,41.14285659790039
33106864,38.157142639160156
33110480,36.875
33145504,42.66371536254883
33169936,35.109092712402344
33172624,32.476924896240234
33178640,33.18367385864258
33187968,39.75324630737305
33226912,37.274192810058594
33240480,41.411766052246094
33246784,37.58108139038086
33269024,40.25
33283536,41.845069885253906
33314368,41.64044952392578
33327840,37.32692337036133
33344928,36.02000045776367
33351984,35.745452880859375
33365488,42.152381896972656
33370784,39.945945739746094
33411600,34.1020393371582
33432672,37.29090881347656
33462608,42.85185241699219
33464240,37.54794692993164
33469104,39.54666519165039
33471568,36.49180221557617
33487984,40.154930114746094
33495296,40.49397659301758
33512320,39.67045593261719
33512848,39.69565200805664
33518304,38.914634704589844
33519216,38.0
33525792,40.6363639831543
33534352,33.120689392089844
33534688,38.96511459350586
33544096,38.727272033691406
33555568,32.09434127807617
33563696,33.83333206176758
33585904,39.47297286987305
33601104,35.119998931884766
33611456,38.936710357666016
33615152,34.6274528503418
33621072,39.028167724609375
33640592,42.512821197509766
33655696,37.86206817626953
33669552,34.05769348144531
33698480,39.22368240356445
33701104,40.130950927734375
33706432,34.16923141479492
33714320,33.52238845825195
33716032,35.75409698486328
33728000,38.039215087890625
33732592,39.16923141479492
33738960,39.651161193847656
33750832,39.27631759643555
33751952,42.64834976196289
33757392,41.74736785888672
33758704,39.21052551269531
33778880,35.66666793823242
33785456,37.682926177978516
33801552,40.21739196777344
33812112,36.75
33815936,44.0
33833888,32.894737243652344
33845872,38.015384674072266
33861760,33.877193450927734
33862112,40.181819915771484
33872160,38.540985107421875
33875840,42.72806930541992
33885680,40.875
33896928,35.79999923706055
33900256,28.212766647338867
33904304,35.29999923706055
33913648,37.75
33914192,38.77922058105469
33931024,39.54666519165039
33936880,39.26027297973633
33954928,38.494380950927734
33957216,40.012657165527344
34023888,37.24615478515625
34040528,39.36559295654297
34041696,37.54794692993164
34047360,41.453487396240234
34067472,41.08860778808594
34073632,36.29069900512695
34075616,34.40909194946289
34087680,37.97674560546875
34103760,32.83636474609375
34114736,42.030303955078125
34121856,26.0222225189209
34134192,31.327869415283203
34148000,31.920000076293945
34157024,34.06349182128906
34163920,39.17647171020508
34164912,27.522727966308594
34167392,40.418365478515625
34174560,35.27118682861328
34175232,29.0222225189209
34193040,34.72222137451172
34206800,36.75757598876953
34245728,31.711864471435547
34255440,31.1200008392334
34276960,31.351350784301758
34287104,33.35714340209961
34293408,38.37313461303711
34298592,40.344444274902344
34323152,32.83636474609375
34326208,38.453125
34328000,31.617021560668945
34333600,31.688888549804688
34340496,34.41379165649414
34355280,29.365385055541992
34365824,29.660715103149414
34384864,37.880001068115234
34385600,29.736841201782227
34402480,29.5
34419520,33.818180084228516
34430768,35.796875
34438672,35.57143020629883
34441696,36.18333435058594
34443648,33.630767822265625
34453744,30.22916603088379
34455408,35.82258224487305
34455856,31.386363983154297
34457312,34.41071319580078
34472800,38.64210510253906
34486768,34.13999938964844
34507824,30.563636779785156
34512480,33.94643020629883
34513568,34.774192810058594
34515776,34.85714340209961
34520544,36.279998779296875
34521952,31.975608825683594
34540592,38.808082580566406
34573456,37.22950744628906
34573952,40.26050567626953
34576192,33.31999969482422
34576480,35.97260284423828
34615728,31.58823585510254
34628032,33.563636779785156
34628704,29.538461685180664
34642784,31.5510196685791
34659536,36.421875
34666288,34.71084213256836
34672928,28.60869598388672
34683472,38.643836975097656
34687296,32.11666488647461
34694032,36.54716873168945
34695168,36.5
34706448,38.92307662963867
34713232,28.36111068725586
34718736,27.399999618530273
34725488,34.45283126831055
34752448,26.0
34772048,35.171875
34789728,28.39130401611328
34797808,34.140350341796875
34809568,24.66666603088379
34823648,26.404254913330078
34824448,41.32966995239258
34827200,33.8979606628418
34838608,32.540000915527344
34838624,27.84782600402832
34852864,34.57143020629883
34868304,22.52777862548828
34875408,30.719297409057617
34880416,33.630435943603516
34883984,24.723403930664062
34901040,35.52941131591797
34913600,34.5
34918512,32.29545593261719
34934112,39.79710006713867
34937024,33.081634521484375
34948288,31.33333396911621
34952048,40.30392074584961
34959760,34.69355010986328
34962544,42.11000061035156
34963232,30.53061294555664
34986640,27.263158798217773
34987840,33.57777786254883
35019184,35.228572845458984
35042528,31.272727966308594
35064016,37.29411697387695
35077552,30.61403465270996
35103616,36.573768615722656
35108848,33.156864166259766
35115952,32.27450942993164
35128016,31.490196228027344
35131296,38.16438293457031
35141152,31.88372039794922
35146400,36.0945930480957
35148112,33.74509811401367
35156976,35.411766052246094
35175920,28.86046600341797
35177392,23.0
35186048,34.93939208984375
35190352,33.23214340209961
35194752,35.599998474121094
35202448,35.54545593261719
35205680,28.60869598388672
35205904,33.18367385864258
35216208,28.4375
35219744,30.253969192504883
35231424,41.348838806152344
35235232,39.2337646484375
35244512,29.520000457763672
35252112,25.851852416992188
35265584,33.38028335571289
35274720,40.30588150024414
35275264,41.6767692565918
35277824,34.5797119140625
35278880,34.20000076293945
35313232,40.22222137451172
35315984,36.721519470214844
35317344,38.975608825683594
35318928,32.94285583496094
35333376,43.45454406738281
35342864,40.83333206176758
35348736,31.75
35352240,34.92307662963867
35354608,31.617021560668945
35358960,32.76811599731445
35392704,41.3564338684082
35404320,24.351350784301758
35415920,27.26530647277832
35418784,41.953704833984375
35424864,33.81034469604492
35430976,34.20000076293945
35432880,39.900001525878906
35438944,40.85714340209961
35448288,29.462963104248047
35454432,42.2068977355957
35475360,42.78632354736328
35485472,43.44117736816406
35488192,37.23456954956055
35489472,40.108909606933594
35508240,39.13750076293945
35519616,38.105262756347656
35525216,35.875
35535168,42.64834976196289
35538576,24.171428680419922
35545600,34.85714340209961
35550320,33.62295150756836
35551520,40.693180084228516
35553088,37.17241287231445
35554576,38.04545593261719
35571088,41.088233947753906
35590384,43.292930603027344
35620400,38.01818084716797
35625792,43.65217208862305
35633840,36.35416793823242
35636352,28.43181800842285
35640752,39.621360778808594
35653088,33.93939208984375
35653200,37.25862121582031
35654192,32.75806427001953
35670096,32.17647171020508
35682960,35.55555725097656
35687392,41.8505744934082
35725488,25.380952835083008
35731696,38.29999923706055
35735840,38.105262756347656
35756640,38.911766052246094
35781776,31.33333396911621
35825104,33.619998931884766
35846256,39.64706039428711
35889136,37.05263137817383
35893696,43.174312591552734
35899760,35.349998474121094
35903232,41.089107513427734
35903296,20.03125
35904400,39.47916793823242
35909056,35.09090805053711
35962320,31.1200008392334
35982672,27.36170196533203
35993728,37.1204833984375
35995440,39.589473724365234
35999168,32.431034088134766
36007248,19.19444465637207
36046496,40.072288513183594
36068400,39.6136360168457
36071856,34.2400016784668
36074240,37.47169876098633
36078976,35.621620178222656
36099344,40.761192321777344
36112064,35.68918991088867
36129024,30.822580337524414
36130416,33.936710357666016
36136816,39.818180084228516
36147616,39.04819107055664
36150240,40.61445617675781
36155616,26.076923370361328
36155664,44.22549057006836
36169376,37.93846130371094
36188656,37.721309661865234
36189968,29.571428298950195
36204480,41.424530029296875
36206768,32.88524627685547
36230112,35.3880615234375
36237200,22.58974266052246
36247296,40.58571243286133
36258272,38.44578170776367
36260400,35.017242431640625
36261184,26.46666717529297
36263600,36.813331604003906
36269600,36.015384674072266
36281120,34.158729553222656
36288000,37.721309661865234
36294320,34.83333206176758
36295392,39.953487396240234
36310848,37.51515197753906
36314576,38.3636360168457
36326704,25.35555648803711
36329200,36.863014221191406
36336368,32.69767379760742
36373440,36.582088470458984
36376336,30.01886749267578
36379312,36.790321350097656
36383728,29.5
36385168,39.371795654296875
36389520,32.17021179199219
36411744,40.724491119384766
36414768,38.05356979370117
36432528,26.174999237060547
36436816,29.102041244506836
36448944,29.923076629638672
36457248,27.11627960205078
36461520,34.044776916503906
36462960,31.264705657958984
36467504,34.05263137817383
36486880,30.796875
36504448,34.7164192199707
36516352,27.903846740722656
36536992,26.461538314819336
36560832,39.78461456298828
36588336,38.42683029174805
36612768,36.39655303955078
36634320,40.89011001586914
36639680,27.9743595123291
36642752,38.728572845458984
36642832,30.219999313354492
36650672,36.90909194946289
36656592,32.66666793823242
36686064,32.83333206176758
36686528,35.69696807861328
36691216,32.0
36716032,38.82089614868164
36722064,32.03508758544922
36735520,40.97590255737305
36747712,39.157894134521484
36774528,43.9793815612793
36776384,33.46938705444336
36786208,38.11111068725586
36788400,34.54716873168945
36819952,33.015384674072266
36833136,41.91752624511719
36836976,34.66666793823242
36867728,36.584415435791016
36911808,38.01818084716797
36920352,33.92753601074219
36937248,33.74418640136719
36948384,33.092308044433594
36956304,39.05263137817383
36960752,37.550724029541016
36970880,32.824562072753906
36975152,28.4761905670166
36976384,36.22222137451172
37007328,31.482759475708008
37007504,31.037036895751953
37027616,37.397727966308594
37032960,33.953487396240234
37047472,41.602272033691406
37057216,35.35593032836914
37061088,39.33333206176758
37061648,41.233333587646484
37082288,28.72222137451172
37092336,31.761905670166016
37096272,33.72413635253906
37104224,32.81999969482422
37126656,32.519229888916016
37133920,38.728572845458984
37134896,38.540985107421875
37135024,30.893333435058594
37164416,32.33333206176758
37168192,33.23728942871094
37180768,34.48484802246094
37183504,34.48484802246094
37199072,33.878787994384766
37204416,37.655738830566406
37205008,36.630767822265625
37205136,39.28985595703125
37210448,33.86885070800781
37226160,31.472726821899414
37243456,33.23728942871094
37248512,34.092594146728516
37250464,40.01149368286133
37260576,36.68000030517578
37274336,38.9466667175293
37290656,27.636363983154297
37290768,37.88524627685547
37320176,37.803279876708984
37324448,32.51852035522461
37358064,39.092105865478516
37359872,38.9466667175293
37359936,30.97916603088379
37361808,33.35087585449219
37367792,32.720001220703125
37374128,37.17241287231445
37379344,36.71428680419922
37389120,31.536231994628906
37404432,36.260868072509766
37405216,37.016666412353516
37420992,37.08571243286133
37424928,32.03508758544922
37430480,42.0
37431200,27.9743595123291
37441136,39.63750076293945
37450544,41.95762634277344
37452288,37.195404052734375
37465152,18.2608699798584
37481504,38.48695755004883
37514000,40.83516311645508
37516624,40.30588150024414
37517760,35.013511657714844
37526720,40.075950622558594
37528416,36.400001525878906
37537088,35.01515197753906
37570672,38.80303192138672
37574272,30.910715103149414
37579312,38.05063247680664
37581440,38.630767822265625
37582896,29.56818199157715
37586032,37.73684310913086
37590080,39.739131927490234
37592320,30.903846740722656
37598368,38.78082275390625
37598576,32.349998474121094
37604496,29.929824829101562
37606704,37.813331604003906
37609264,33.235294342041016
37609504,35.21333312988281
37634544,36.227272033691406
37652624,40.83516311645508
37656320,33.14285659790039
37669648,38.19047546386719
37677120,38.01333236694336
37685184,41.3232307434082
37690144,37.72289276123047
37691392,35.516666412353516
37710800,36.126983642578125
37721056,39.818180084228516
37723568,32.766666412353516
37751856,40.15277862548828
37754400,34.18333435058594
37756688,27.521739959716797
37761824,39.21739196777344
37770656,36.71186447143555
37786528,33.379310607910156
37795840,38.8125
37799472,36.175437927246094
37802784,38.92307662963867
37828096,37.51515197753906
37831888,29.9069766998291
37834176,37.16923141479492
37839440,31.129629135131836
37840304,40.24752426147461
37854464,32.720001220703125
37857072,40.92473220825195
37859408,40.518985748291016
37864576,43.230770111083984
37876608,38.324676513671875
37905216,30.610170364379883
37936736,40.012046813964844
37938784,35.516666412353516
37941856,33.72413635253906
37955312,41.62626266479492
37962480,29.365385055541992
38002480,38.53333282470703
38020176,29.736841201782227
38028960,41.74736785888672
38033456,34.5405387878418
38037968,39.132354736328125
38044928,38.380435943603516
38054096,34.0
38065344,37.26760482788086
38077824,40.844444274902344
38102128,36.90909194946289
38102496,35.880001068115234
38112592,36.15151596069336
38114640,35.4375
38118080,38.57500076293945
38127376,38.0843391418457
38138592,40.013511657714844
38167696,40.07792282104492
38176112,36.36507797241211
38197184,35.30188751220703
38212848,32.367347717285156
38224032,37.63380432128906
38238064,39.64706039428711
38260112,35.3880615234375
38260160,38.279998779296875
38260928,37.25862121582031
38274464,36.5
38276112,36.7746467590332
38281600,35.83561706542969
38331648,30.76595687866211
38339760,32.51852035522461
38343920,33.564517974853516
38363472,35.68333435058594
38363584,30.688888549804688
38369968,35.180328369140625
38370160,36.14516067504883
38370720,39.80821990966797
38372592,35.68333435058594
38381712,30.477272033691406
38384816,34.52458953857422
38391152,29.632652282714844
38401152,37.94827651977539
38403824,38.19047546386719
38406176,39.86111068725586
38416128,35.0
38436640,34.60416793823242
38441536,36.44285583496094
38467840,32.869564056396484
38488496,39.38461685180664
38489152,36.568965911865234
38498432,32.75806427001953
38498496,39.95402145385742
38498608,35.013511657714844
38504528,36.11864471435547
38504672,30.350000381469727
38524432,33.96491241455078
38539200,37.305084228515625
38544592,41.233333587646484
38566368,33.843135833740234
38572720,31.161291122436523
38580896,33.0843391418457
38590288,36.38356018066406
38599984,33.74509811401367
38605232,32.46808624267578
38631616,32.960784912109375
38641520,32.31147384643555
38644608,29.55555534362793
38667616,41.453609466552734
38668272,42.54999923706055
38680448,34.25
38682880,36.92063522338867
38685680,36.02898406982422
38691600,41.21333312988281
38719056,37.79545593261719
38734800,37.296295166015625
38768496,36.64285659790039
38778800,36.867469787597656
38779920,30.020408630371094
38781248,39.05882263183594
38790672,40.23595428466797
38804496,38.0843391418457
38804544,30.449275970458984
38820128,37.94827651977539
38823904,35.38461685180664
38842288,37.04545593261719
38862112,41.581634521484375
38862160,38.80219650268555
38863456,35.01315689086914
38878960,38.540985107421875
38884656,38.0
38893760,37.657142639160156
38903568,37.813331604003906
38943776,32.19355010986328
38959552,38.839508056640625
38974336,38.0
38986624,40.5054931640625
38993680,38.975608825683594
39002944,39.33333206176758
39008528,41.04597854614258
39015248,36.44776153564453
39043664,39.20000076293945
39069296,34.66071319580078
39086976,39.430233001708984
39090720,34.52941131591797
39125216,38.012821197509766
39132288,32.46938705444336
39133600,35.71794891357422
39137616,40.15151596069336
39141232,41.53703689575195
39142112,39.30434799194336
39155760,34.092594146728516
39156336,39.2470588684082
39172496,38.04545593261719
39175936,39.53488540649414
39181520,39.68421173095703
39186528,36.58571243286133
39245088,39.4554443359375
39246576,35.813331604003906
39246832,33.52000045776367
39248864,34.274192810058594
39248992,39.95283126831055
39261184,40.61333465576172
39272688,35.07936477661133
39275120,36.400001525878906
39291248,35.0
39295600,41.32966995239258
39296640,39.57143020629883
39297184,33.120689392089844
39310848,36.92307662963867
39320816,34.621212005615234
39336640,33.20512771606445
39358160,37.727272033691406
39365744,40.126583099365234
39369648,34.35293960571289
39372064,39.14634323120117
39386560,36.36507797241211
39403664,25.81818199157715
39407856,35.45588302612305
39427008,37.25
39436000,39.52112579345703
39443312,38.54666519165039
39458480,36.36507797241211
39469280,31.741378784179688
39477232,37.702701568603516
39499584,33.712120056152344
39506832,33.599998474121094
39525936,35.949153900146484
39528928,34.31999969482422
39533728,28.918367385864258
39561664,33.7931022644043
39569712,36.9466667175293
39570848,38.511112213134766
39601120,29.918367385864258
39617904,36.55882263183594
39646528,40.602149963378906
39679024,38.375
39693680,31.10869598388672
39700064,37.136985778808594
39704672,38.830509185791016
39711744,35.739131927490234
39718336,31.617021560668945
39735520,36.81944274902344
39783744,39.01333236694336
39808784,33.44776153564453
39813904,37.566036224365234
39862144,39.59722137451172
39871296,35.08955383300781
39902848,36.70769119262695
39910976,37.25640869140625
39912656,34.52458953857422
39918560,33.21311569213867
39934560,37.14706039428711
39936736,38.02739715576172
39939072,35.650794982910156
39944576,33.25423812866211
39950928,37.728572845458984
39966112,41.29069900512695
39979696,36.14516067504883
39994640,29.830188751220703
40012944,38.77777862548828
40018560,35.01818084716797
40019424,35.599998474121094
40019504,34.38461685180664
40022624,31.81999969482422
40031808,37.45454406738281
40035184,37.62686538696289
40037520,31.482759475708008
40053872,33.046512603759766
40070928,37.43939208984375
40075984,40.272727966308594
40089152,33.065216064453125
40096144,32.12676239013672
40099168,35.43661880493164
40099296,29.66666603088379
40117360,26.35555648803711
40125152,28.520000457763672
40144176,36.849998474121094
40145664,38.36585235595703
40161408,25.261905670166016
40162896,33.78688430786133
40172704,35.33871078491211
40185520,35.30188751220703
40210096,32.10416793823242
40210800,34.64179229736328
40212144,35.01818084716797
40216160,26.92727279663086
40230784,36.880001068115234
40280768,36.126983642578125
40282656,30.837209701538086
40309168,33.296875
40322352,31.771930694580078
40330880,26.571428298950195
40338272,31.79166603088379
40344976,34.05769348144531
40358608,31.92727279663086
40367680,38.41666793823242
40396816,37.727272033691406
40426992,30.574073791503906
40429392,30.22222137451172
40434608,34.80434799194336
40468208,30.41176414489746
40473648,34.92753601074219
40481920,36.39655303955078
40485104,32.92307662963867
40493888,34.75
40495232,35.45588302612305
40506656,30.884614944458008
40509776,38.21794891357422
40515488,32.83333206176758
40529968,31.1200008392334
40533776,27.72916603088379
40541328,30.456140518188477
40558976,38.223880767822266
40571600,32.153846740722656
40578544,38.987953186035156
40593232,33.921875
40625824,30.76595687866211
40626480,39.219512939453125
40637584,35.91044616699219
40644960,33.934783935546875
40655408,37.32307815551758
40663088,32.93055725097656
40666480,39.2337646484375
40667664,38.82666778564453
40668288,37.492061614990234
40686608,31.6200008392334
40690048,28.204545974731445
40698480,32.75
40706096,34.849998474121094
40708224,43.64545440673828
40708304,31.0625
40723456,31.339622497558594
40737184,37.203125
40742848,25.29729652404785
40747488,35.88135528564453
40749040,29.45161247253418
40774320,37.73684310913086
40793648,33.45833206176758
40799440,41.28888702392578
40812128,33.28845977783203
40856496,24.63888931274414
40858896,34.25757598876953
40867776,34.50847625732422
40887984,34.21818161010742
40892272,36.482757568359375
40914016,29.478260040283203
40919568,31.245283126831055
40929744,35.48147964477539
40931856,37.721309661865234
40939776,33.66666793823242
40957120,29.581817626953125
40962928,39.30769348144531
40963424,37.47169876098633
40978480,36.98360824584961
40984128,30.0222225189209
41005840,39.34782791137695
41012000,28.119047164916992
41019440,34.93650817871094
41061904,36.448978424072266
41073344,30.36170196533203
41093840,36.58571243286133
41095184,36.629032135009766
41100512,36.45762634277344
41103136,33.46666717529297
41103872,31.021739959716797
41109040,31.75
41119728,38.413333892822266
41125856,36.033897399902344
41133984,35.440677642822266
41140448,39.29999923706055
41147312,36.71697998046875
41154240,36.468353271484375
41198736,39.6588249206543
41221760,28.77083396911621
41224544,31.88888931274414
41233088,36.96296310424805
41235312,32.122806549072266
41240480,35.20754623413086
41244656,34.50847625732422
41245520,34.0
41250768,38.540985107421875
41253376,34.37036895751953
41257680,29.870370864868164
41272224,32.67924499511719
41285440,35.75409698486328
41291344,36.93333435058594
41291824,38.813331604003906
41327040,30.659574508666992
41328944,39.3466682434082
41330624,38.0
41334752,32.75471878051758
41341776,35.45588302612305
41344448,29.91111183166504
41353872,38.04545593261719
41359824,37.78260803222656
41361344,31.799999237060547
41372336,37.26760482788086
41399728,37.64912414550781
41402688,39.77049255371094
41407632,33.80644989013672
41414960,32.574466705322266
41416208,33.843135833740234
41417584,32.19565200805664
41419904,38.97222137451172
41422976,25.780487060546875
41447648,38.459014892578125
41468400,33.907405853271484
41480864,41.6588249206543
41487264,37.10447692871094
41488688,34.64814758300781
41499040,36.3636360168457
41502992,36.34375
41503616,35.650794982910156
41504720,19.314285278320312
41510752,35.32307815551758
41527104,29.090909957885742
41533808,37.75609588623047
41565808,31.577777862548828
41578320,35.411766052246094
41583232,43.287357330322266
41589536,34.69355010986328
41595312,26.58974266052246
41620224,38.64516067504883
41621232,29.10416603088379
41625424,31.685184478759766
41631184,40.518985748291016
41640688,29.0222225189209
41649696,41.085105895996094
41649840,39.07500076293945
41650064,35.171875
41651776,33.63793182373047
41658864,33.18367385864258
41659040,32.425926208496094
41661248,35.98387145996094
41665856,37.9466667175293
41671472,40.61445617675781
41686864,30.563636779785156
41711440,38.36000061035156
41731264,37.33928680419922
41740320,34.0363655090332
41755568,37.59375
41766736,30.632652282714844
41769376,31.037036895751953
41770016,38.22222137451172
41773488,37.47618865966797
41776032,38.296875
41777888,34.46666717529297
41780848,37.43333435058594
41798800,27.829267501831055
41836496,35.63888931274414
41840896,31.674419403076172
41843072,30.76595687866211
41870784,30.0222225189209
41873440,34.625
41889488,31.219999313354492
41898496,34.05769348144531
41898528,28.5625
41906320,35.554054260253906
41909808,31.653846740722656
41911584,34.358489990234375
41914560,29.399999618530273
41919056,30.49056625366211
41928272,29.627450942993164
41939968,35.01818084716797
41953408,27.83333396911621
41954464,35.949153900146484
41956848,32.27450942993164
41957360,33.074073791503906
41961696,42.27906799316406
41963568,32.439998626708984
41967376,30.02083396911621
41986416,38.296875
41999488,36.55769348144531
42002864,35.12765884399414
42003392,39.19178009033203
42020208,38.93333435058594
42028560,40.514286041259766
42031376,33.835819244384766
42037568,36.26229476928711
42043264,37.14706039428711
42068960,41.769229888916016
42091424,34.66666793823242
42144560,39.430233001708984
42155488,32.979591369628906
42156528,36.5538444519043
42159232,37.98484802246094
42170304,35.125
42173056,39.80821990966797
42205168,36.421875
42216096,33.907405853271484
42231136,42.03191375732422
42246624,29.41538429260254
42252128,35.871429443359375
42263152,38.74603271484375
42264624,37.566036224365234
42269616,30.5744686126709
42274112,30.58490562438965
42275824,38.56097412109375
42304128,30.5
42318384,34.0
42319424,43.9052619934082
42319584,27.5238094329834
42327248,37.3636360168457
42349680,36.568965911865234
42354912,38.30588150024414
42373840,36.02000045776367
42385616,20.314285278320312
42403952,34.57143020629883
42429744,32.344825744628906
42458240,35.73493957519531
42474976,34.842105865478516
42478176,37.016666412353516
42482880,37.54794692993164
42487552,35.01639175415039
42501200,40.57954406738281
42516848,31.452381134033203
42530384,35.22222137451172
42538224,25.81818199157715
42553040,27.023256301879883
42554656,36.140846252441406
42568864,32.28571319580078
42571008,33.40425491333008
42572720,37.54794692993164
42620768,32.10416793823242
42632160,35.17910385131836
42643392,42.36538314819336
42675376,40.50819778442383
42680064,42.86666488647461
42689904,35.54545593261719
42699008,35.095237731933594
42707680,20.89285659790039
42710768,31.510639190673828
42726400,33.25925827026367
42730448,35.509803771972656
42742208,42.622222900390625
42766688,28.046510696411133
42783296,38.02739715576172
42786432,36.05882263183594
42787024,37.1204833984375
42790064,31.472726821899414
42795232,29.9069766998291
42803936,37.18461608886719
42813792,36.14516067504883
42823104,35.01886749267578
42831904,35.10344696044922
42840080,41.872093200683594
42844576,34.5
42846368,32.01818084716797
42852528,32.92537307739258
42875024,38.46479034423828
42880384,40.5
42883072,37.655738830566406
42883696,36.57143020629883
42913088,34.07692337036133
42920528,35.09836196899414
42928256,37.86046600341797
42932400,35.296295166015625
42937648,29.13725471496582
42953376,39.79069900512695
42970416,35.109092712402344
42971456,31.688888549804688
42975504,34.17021179199219
42978016,33.120689392089844
42978064,30.73469352722168
42982960,33.72413635253906
42994576,39.19178009033203
42994832,36.709678649902344
42999200,36.16666793823242
43006784,37.024391174316406
43026864,24.216217041015625
43033312,33.39285659790039
43036448,39.66666793823242
43037056,27.837209701538086
43037216,34.0
43040944,36.22972869873047
43056784,38.49275207519531
43059600,40.41891860961914
43083248,40.82352828979492
43086240,35.181819915771484
43113280,39.2337646484375
43115056,29.102041244506836
43119584,38.50602340698242
43136880,34.17021179199219
43143616,31.88372039794922
43147840,39.144927978515625
43151184,27.625
43156880,30.97916603088379
43165184,36.43283462524414
43168640,40.83783721923828
43176992,29.340909957885742
43178960,42.20000076293945
43179760,32.519229888916016
43204656,38.054054260253906
43209888,35.180328369140625
43247120,40.582279205322266
43248608,38.727272033691406
43258992,36.421875
43266832,38.83529281616211
43272416,30.679244995117188
43293888,41.13750076293945
43300432,38.565216064453125
43301744,32.64912414550781
43324576,43.2717399597168
43329712,34.084747314453125
43334816,30.76595687866211
43342048,30.837209701538086
43343248,33.38461685180664
43345792,39.4603157043457
43357424,41.4886360168457
43359840,25.744186401367188
43367968,37.274192810058594
43404896,40.30434799194336
43414304,43.55555725097656
43417792,38.18918991088867
43424848,37.17910385131836
43427408,38.37036895751953
43439664,37.803279876708984
43450992,38.728572845458984
43466592,43.70588302612305
43486448,39.16883087158203
43500672,38.936710357666016
43514368,34.931034088134766
43527248,31.625
43532832,34.74074172973633
43569776,29.15217399597168
43591008,36.19117736816406
43604336,38.68254089355469
43607632,37.08571243286133
43616768,38.79487228393555
43634960,34.32758712768555
43649488,35.01388931274414
43651968,43.7088623046875
43655760,38.94643020629883
43687568,39.71428680419922
43689984,36.0
43693472,35.338462829589844
43729296,34.75
43729984,28.43181800842285
43733024,37.016666412353516
43746256,42.536842346191406
43768336,41.0361442565918
43769952,42.23762512207031
43778368,31.020000457763672
43801664,41.78947448730469
43818704,34.70769119262695
43821248,39.34146499633789
43832592,33.41999816894531
43838416,42.3636360168457
43851808,28.926828384399414
43856624,34.31999969482422
43856848,35.19643020629883
43892320,35.09090805053711
43916160,38.81690216064453
43926032,34.28302001953125
43934912,38.323944091796875
43943792,29.822221755981445
43945824,37.516666412353516
43964608,38.130435943603516
43966080,35.456138610839844
43975920,40.875
43976640,34.32307815551758
43991616,40.197532653808594
43996688,38.400001525878906
44017296,39.0
44064352,39.150001525878906
44068832,34.22222137451172
44100368,37.08620834350586
44108944,33.69811248779297
44110144,39.063289642333984
44145664,29.799999237060547
44157104,29.418182373046875
44189504,35.33871078491211
44201744,35.33333206176758
44207680,23.049999237060547
44222960,37.716217041015625
44237616,40.08000183105469
44241536,26.133333206176758
44248656,31.92727279663086
44256192,31.81999969482422
44266208,28.106382369995117
44278576,42.70000076293945
44278624,32.68888854980469
44288688,35.14285659790039
44317136,34.72549057006836
44326016,37.55223846435547
44356304,38.703704833984375
44368192,38.323944091796875
44372224,35.017242431640625
44410800,35.516666412353516
44416576,37.35483932495117
44428784,29.808509826660156
44430832,30.879310607910156
44432784,39.625
44450144,35.18965530395508
44464464,41.414634704589844
44476576,36.813331604003906
44517408,32.720001220703125
44517728,32.63934326171875
44518928,32.745452880859375
44526816,36.83333206176758
44531536,36.246376037597656
44536272,33.66666793823242
44537888,35.159420013427734
44566112,42.86021423339844
44578224,34.66666793823242
44593264,41.08571243286133
44616592,35.4375
44622288,32.93333435058594
44625568,31.55769157409668
44640080,26.85365867614746
44646624,36.68055725097656
44655568,36.68333435058594
44657328,33.76785659790039
44661440,33.814815521240234
44674400,34.48214340209961
44681456,37.136985778808594
44682848,36.34375
44685552,30.363636016845703
44688400,20.972972869873047
44694640,33.19230651855469
44695936,42.0379753112793
44698416,41.21126937866211
44703584,39.423728942871094
44714944,41.84146499633789
44726080,33.96491241455078
44728256,40.27659606933594
44730432,37.03076934814453
44734336,38.797298431396484
44753024,37.588233947753906
44762800,36.22222137451172
44771840,39.21739196777344
44786672,35.57143020629883
44791760,35.089744567871094
44792224,43.4555549621582
44822000,38.848838806152344
44834992,26.487804412841797
44835424,46.61000061035156
44850288,24.64102554321289
44852176,35.835819244384766
44855040,44.5
44867360,31.446428298950195
44883232,31.488889694213867
44899392,43.852630615234375
44925264,40.96190643310547
44926544,32.29999923706055
44929904,38.19696807861328
44963808,40.43902587890625
44977056,38.985294342041016
44982928,32.09434127807617
44996512,31.869565963745117
44997696,33.05356979370117
44999136,46.24778747558594
45004272,40.11458206176758
45031456,32.956520080566406
45040784,35.11320877075195
45046976,39.400001525878906
45046976,36.625
45050944,38.31034469604492
45054912,31.490196228027344
45056336,38.30263137817383
45060176,42.622222900390625
45068944,40.852630615234375
45072816,41.13978576660156
45086208,34.48214340209961
45088960,35.016666412353516
45108352,35.28571319580078
45114160,29.0930233001709
45115120,35.45588302612305
45116016,33.76785659790039
45130992,24.80487823486328
45134016,38.16438293457031
45137680,39.79710006713867
45152992,32.0
45154272,36.064517974853516
45181408,25.026315689086914
45182160,38.584415435791016
45198768,40.81159591674805
45203776,34.157142639160156
45209088,30.610170364379883
45221760,32.38983154296875
45223264,25.97916603088379
45227952,30.34782600402832
45275200,38.564517974853516
45287744,41.90804672241211
45291104,26.85365867614746
45299568,33.85714340209961
45303008,30.25
45311792,37.43939208984375
45314304,40.63750076293945
45320048,39.599998474121094
45327680,42.25
45336352,38.914634704589844
45343824,31.346939086914062
45351552,35.019229888916016
45366656,38.936710357666016
45367440,33.319149017333984
45377456,37.0
45384016,20.457143783569336
45405824,32.41095733642578
45415584,18.53333282470703
45426688,30.344263076782227
45429072,35.27777862548828
45470112,33.11111068725586
45496144,33.599998474121094
45504224,31.89583396911621
45513328,35.169490814208984
45539264,36.03703689575195
45544208,35.60344696044922
45552688,29.303571701049805
45554304,43.1698112487793
45561296,34.52941131591797
45562416,34.774192810058594
45572384,31.4489803314209
45582352,35.238807678222656
45590128,36.421875
45600544,33.76811599731445
45601984,35.82143020629883
45604448,40.63750076293945
45609472,38.45000076293945
45633264,35.91071319580078
45639696,32.69767379760742
45642848,35.89706039428711
45653968,34.6129035949707
45659168,35.400001525878906
45661088,37.77586364746094
45662624,41.3125
45665408,36.39655303955078
45674816,28.0222225189209
45685248,41.06741714477539
45686144,41.568626403808594
45720576,43.29523849487305
45720768,45.144229888916016
45723744,35.57143020629883
45728976,46.70922088623047
45760976,44.06779479980469
45807488,41.56756591796875
45809424,41.64210510253906
45815344,38.54430389404297
45840736,40.075950622558594
45884128,45.105770111083984
45891472,41.74736785888672
45893104,43.42045593261719
45893728,40.400001525878906
45913408,43.29545593261719
45963392,42.512821197509766
45978512,39.95402145385742
45979136,40.82352828979492
45980944,37.51785659790039
45982304,43.625
45984704,34.48214340209961
45995744,40.64788818359375
46019936,41.20000076293945
46058016,43.680850982666016
46063552,41.96739196777344
46077440,38.86075973510742
46080320,35.28571319580078
46083616,43.78070068359375
46152192,32.58333206176758
46152368,39.18055725097656
46161760,32.42856979370117
46162752,35.095237731933594
46163344,37.86153793334961
46168480,36.58571243286133
46172480,38.4878044128418
46178928,41.67777633666992
46183120,37.75
46183408,34.94117736816406
46190032,42.03571319580078
46204016,43.18269348144531
46206384,41.348838806152344
46248576,36.314815521240234
46261872,38.63750076293945
46280288,36.50602340698242
46283440,36.58571243286133
46304992,36.493507385253906
46309632,38.975608825683594
46320304,35.77777862548828
46336336,35.761192321777344
46357456,40.013511657714844
46357824,34.9375
46363152,37.065574645996094
46376064,34.29090881347656
46378752,39.49253845214844
46407152,34.41999816894531
46436528,41.91304397583008
46462112,42.57143020629883
46467344,36.514286041259766
46489216,40.2470588684082
46493888,41.86419677734375
46511808,41.84693908691406
46522240,35.171875
46548880,43.067962646484375
46555056,37.75
46562624,45.58654022216797
46578784,42.90361404418945
46582896,41.74736785888672
46610352,40.632911682128906
46617648,41.0
46627296,41.93975830078125
46661968,35.72289276123047
46674816,43.55769348144531
46693680,40.356163024902344
46703024,34.787879943847656
46704320,42.51041793823242
46705856,37.769229888916016
46731728,39.56962203979492
46745168,39.77647018432617
46748192,35.01515197753906
46753680,39.370967864990234
46757600,38.11111068725586
46766496,44.46154022216797
46767888,36.70588302612305
46774736,40.71428680419922
46777584,35.796875
46787712,42.21333312988281
46808864,43.95192337036133
46814368,39.21590805053711
46825888,39.71428680419922
46826752,38.349998474121094
46835664,34.0
46840192,37.016666412353516
46848464,37.32307815551758
46873984,29.830188751220703
46877072,41.70000076293945
46895200,35.019229888916016
46902320,41.081634521484375
46905536,42.3763427734375
46917488,31.688888549804688
46928240,32.61538314819336
46938896,30.76595687866211
46943888,35.83516311645508
46945680,35.10344696044922
46953376,41.51807403564453
46970160,38.121212005615234
46986064,35.574073791503906
46987184,36.81944274902344
46995504,39.70769119262695
46998592,38.656715393066406
47003728,43.349998474121094
47025184,33.765625
47036736,41.02898406982422
47043088,43.44791793823242
47043504,42.81632614135742
47048784,43.827274322509766
47071216,39.717647552490234
47096368,39.371795654296875
47103632,42.0
47124432,41.619049072265625
47127920,38.453125
47130736,40.73196029663086
47139696,43.25
47140272,39.59770202636719
47151904,34.22806930541992
47169600,37.83098602294922
47177424,41.919193267822266
47189488,40.94444274902344
47212720,43.511112213134766
47226016,43.029701232910156
47226560,30.69444465637207
47229120,33.230770111083984
47246176,40.33707809448242
47257712,38.14457702636719
47262080,38.08064651489258
47273104,27.85714340209961
47303456,37.22222137451172
47338624,35.879310607910156
47349520,38.06779479980469
47350112,43.2365608215332
47354336,35.574073791503906
47374928,40.42465591430664
47377808,41.2023811340332
47453472,34.75438690185547
47470032,36.33333206176758
47474560,35.69696807861328
47492352,35.6721305847168
47498096,37.51515197753906
47507744,36.573768615722656
47511776,35.7931022644043
47512608,29.842105865478516
47516800,35.516666412353516
47525680,36.70000076293945
47526736,36.31884002685547
47536736,30.773584365844727
47548208,35.095237731933594
47555808,38.5538444519043
47596256,40.20000076293945
47615712,35.18965530395508
47623312,38.64197540283203
47641824,40.20000076293945
47658464,38.3466682434082
47672944,38.095890045166016
47685184,31.799999237060547
47693040,32.26530456542969
47742160,35.019229888916016
47766352,34.94545364379883
47774128,45.16666793823242
47792496,31.5510196685791
47795664,42.03191375732422
47818128,42.9555549621582
47825824,42.085105895996094
47826464,33.74603271484375
47843376,38.130435943603516
47851344,28.214284896850586
47857408,31.528301239013672
47866288,40.012657165527344
47879600,41.376625061035156
47882928,44.769229888916016
47890064,39.818180084228516
47894080,35.220001220703125
47900432,40.6588249206543
47908208,39.230770111083984
47913360,43.861385345458984
47918336,37.86075973510742
47955008,37.63492202758789
47957216,38.17241287231445
47975824,34.17021179199219
47980080,40.685394287109375
48000304,38.93333435058594
48015616,44.69911575317383
48017952,39.66666793823242
48023472,35.328125
48032512,39.79570007324219
48081216,38.760868072509766
48096784,37.33802795410156
48101808,30.30769157409668
48106208,37.73584747314453
48110240,34.25862121582031
48127024,38.39436721801758
48129632,37.878047943115234
48145152,36.62711715698242
48153104,28.176469802856445
48166800,38.346153259277344
48167808,34.0
48169040,37.58571243286133
48177728,41.19736862182617
48183936,40.826087951660156
48192272,31.975608825683594
48198288,26.302326202392578
48226784,43.13541793823242
48231296,27.636363983154297
48231936,35.71428680419922
48233680,42.10126495361328
48237712,42.5099983215332
48237760,38.90277862548828
48241152,33.15254211425781
48253168,41.84403610229492
48259280,33.074073791503906
48286816,34.92307662963867
48292144,32.032257080078125
48300848,28.524999618530273
48310608,36.573768615722656
48324928,36.33333206176758
48327904,40.68656539916992
48339728,33.568965911865234
48360224,35.532466888427734
48367408,36.126983642578125
48370560,35.41935348510742
48396176,35.72413635253906
48403856,32.850746154785156
48415728,40.58064651489258
48437296,38.985294342041016
48440512,31.91666603088379
48441424,40.875
48442784,35.871429443359375
48486080,41.424530029296875
48491392,33.563636779785156
48498400,46.546390533447266
48518000,27.65217399597168
48519040,35.109092712402344
48519792,30.396825790405273
48526784,17.70833396911621
48575376,34.35293960571289
48600144,34.1020393371582
48611600,35.76712417602539
48612576,33.74603271484375
48612688,34.1020393371582
48653472,36.24691390991211
48653760,43.58241653442383
48659216,38.08256912231445
48670624,35.516666412353516
48680368,36.266666412353516
48691264,31.33333396911621
48695024,35.19643020629883
48708432,36.81132125854492
48716928,32.68888854980469
48725296,30.60377311706543
48773648,42.32926940917969
48779968,40.0113639831543
48787488,41.55952453613281
48801664,35.518985748291016
48824384,29.56818199157715
48827248,39.371795654296875
48847152,37.78571319580078
48880064,41.369564056396484
48880608,33.80303192138672
48885264,27.399999618530273
48888224,33.94117736816406
48906512,39.55172348022461
48912096,35.52941131591797
48912880,26.613636016845703
48939472,41.948978424072266
48944704,38.18840408325195
48956416,41.431819915771484
48987664,34.25
49013392,40.76744079589844
49016240,31.901639938354492
49022368,29.420000076293945
49026752,37.716217041015625
49041632,36.57500076293945
49056624,38.153846740722656
49057136,31.89583396911621
49071616,34.91935348510742
49074608,43.74736785888672
49078624,34.07936477661133
49086224,40.36470413208008
49089616,37.40579605102539
49095040,32.943397521972656
49103760,34.59321975708008
49112544,33.86885070800781
49115504,27.571428298950195
49125136,41.092308044433594
49134448,33.8870964050293
49144016,40.602149963378906
49161280,35.516666412353516
49172464,41.431819915771484
49186256,28.43181800842285
49190160,40.698631286621094
49194256,43.599998474121094
49199680,34.11940383911133
49200352,40.989131927490234
49217920,30.219999313354492
49220272,29.9069766998291
49224272,28.5625
49251088,32.519229888916016
49252320,30.44827651977539
49263328,31.117647171020508
49265664,39.88461685180664
49272720,26.820512771606445
49282432,34.765625
49288016,31.482759475708008
49294032,36.15217208862305
49299136,32.28571319580078
49299568,38.864864349365234
49319552,35.28571319580078
49329456,40.16666793823242
49329728,29.219999313354492
49330736,39.20000076293945
49334560,41.97618865966797
49355808,33.843135833740234
49360272,27.64285659790039
49406240,41.39759063720703
49412032,32.25
49420992,36.064517974853516
49438944,33.57777786254883
49468096,24.133333206176758
49486976,34.54901885986328
49488128,28.285715103149414
49531008,33.514286041259766
49531152,39.03658676147461
49531328,27.95121955871582
49536144,37.51515197753906
49541632,37.93055725097656
49557520,35.918033599853516
49562096,32.849056243896484
49586832,36.29411697387695
49589872,40.068180084228516
49612624,33.62295150756836
49619760,38.53703689575195
49628048,34.40909194946289
49636576,34.18333435058594
49637968,39.728572845458984
49643584,38.5
49666480,38.47999954223633
49668016,44.0
49706480,35.918033599853516
49708432,29.370370864868164
49715808,38.19047546386719
49730416,34.05769348144531
49745376,32.86666488647461
49746496,38.81012725830078
49768976,36.5
49769776,34.31999969482422
49777696,45.19811248779297
49778992,36.68000030517578
49787408,42.48192596435547
49792128,35.871429443359375
49803808,33.85714340209961
49813440,34.044776916503906
49830432,43.344085693359375
49851104,33.704917907714844
49852272,34.1020393371582
49854912,35.27631759643555
49856480,36.563636779785156
49887536,37.45000076293945
49892816,39.078125
49902336,36.22972869873047
49906768,41.3125
49906816,39.94936752319336
49912224,40.6588249206543
49919632,32.0
49924448,36.13750076293945
49934768,34.349998474121094
49936352,39.144927978515625
49938464,35.599998474121094
49955776,38.55696105957031
49966416,33.17647171020508
49966784,40.17241287231445
50003632,41.54545593261719
50024176,36.44285583496094
50046880,34.41999816894531
50053792,38.6315803527832
50058032,36.16666793823242
50067408,40.989688873291016
50070320,38.95774459838867
50073328,29.600000381469727
50078416,38.0
50082080,34.153846740722656
50091120,39.33333206176758
50092976,33.587303161621094
50108576,35.4375
50111632,30.821428298950195
50116064,32.42307662963867
50117152,32.47457504272461
50122032,38.345680236816406
50131136,36.55769348144531
50143808,37.33928680419922
50148336,40.25925827026367
50172416,34.7164192199707
50211328,28.743589401245117
50216784,32.91666793823242
50224384,34.57143020629883
50229552,41.35365676879883
50262480,40.43373489379883
50263440,36.47435760498047
50269408,40.33766174316406
50273856,38.19480514526367
50301296,41.4886360168457
50316896,38.987953186035156
50337872,41.67618942260742
50340576,36.27083206176758
50378768,42.18840408325195
50404384,42.263736724853516
50406704,36.0
50408848,44.44329833984375
50409232,41.960784912109375
50425088,39.929203033447266
50449424,38.28205108642578
50470928,38.89552307128906
50474272,37.828125
50484816,39.609195709228516
50485152,42.18811798095703
50494240,31.127273559570312
50500432,35.33333206176758
50509808,39.21739196777344
50516800,36.54838562011719
50521568,32.956520080566406
50521648,37.51315689086914
50543344,40.52564239501953
50552288,38.18918991088867
50564800,35.19643020629883
50590256,39.70000076293945
50592992,40.32978820800781
50600992,33.921875
50621024,42.75490188598633
50633248,37.760562896728516
50634928,41.948978424072266
50639520,35.75308609008789
50644720,42.0
50673536,41.191009521484375
50689248,34.54716873168945
50693264,41.13750076293945
50695008,37.82352828979492
50718336,41.948978424072266
50726240,34.092594146728516
50729424,36.349998474121094
50739696,35.650794982910156
50745488,37.80519485473633
50750784,41.30864334106445
50765744,39.01333236694336
50770240,33.74603271484375
50789856,39.80412292480469
50790960,43.308509826660156
50811264,34.38181686401367
50813680,28.77083396911621
50833904,40.08000183105469
50839760,39.72941207885742
50889024,40.57732009887695
50901072,31.64285659790039
50919168,41.17777633666992
50939328,41.441558837890625
50942768,35.407405853271484
50949824,39.26027297973633
50950576,42.408164978027344
50959968,36.90909194946289
50967760,40.934783935546875
50971792,38.55813980102539
50993184,38.78082275390625
50993776,39.73972702026367
50994800,34.0
50998112,44.32258224487305
51015600,33.843135833740234
51022544,40.91139221191406
51050576,39.64706039428711
51064240,39.078125
51068432,35.59740447998047
51087792,42.0
51090208,41.78947448730469
51100320,37.4487190246582
51135216,33.95082092285156
51168352,44.4555549621582
51183648,38.476924896240234
51196608,37.550724029541016
51210336,42.095237731933594
51221024,38.89552307128906
51244832,31.263158798217773
51246688,37.413333892822266
51248608,34.129032135009766
51264640,34.092594146728516
51286144,36.78461456298828
51308224,32.68888854980469
51310656,40.08000183105469
51320704,34.0
51321840,25.673913955688477
51333072,38.47999954223633
51337408,32.61538314819336
51345568,28.639999389648438
51369568,36.27083206176758
51386352,37.26760482788086
51387552,32.83333206176758
51426032,40.41860580444336
51428896,43.880950927734375
51431200,38.326316833496094
51434080,38.89552307128906
51443200,38.2933349609375
51444048,36.22105407714844
51458352,36.51852035522461
51473904,38.19047546386719
51502272,30.920000076293945
51508000,36.065574645996094
51510272,35.01818084716797
51511728,44.021976470947266
51515616,34.85483932495117
51521936,42.79411697387695
51523232,32.92727279663086
51537504,33.74418640136719
51537824,39.95744705200195
51538352,34.084747314453125
51546160,39.5
51547248,43.04901885986328
51549792,40.76250076293945
51555984,36.378787994384766
51565680,36.16923141479492
51580544,31.16666603088379
51581136,31.046510696411133
51582848,35.81159591674805
51610368,44.66990280151367
51619376,34.918365478515625
51628112,39.78888702392578
51635088,36.5
51636256,35.017242431640625
51646400,42.20408248901367
51656128,32.93333435058594
51689632,32.0
51714224,45.58407211303711
51717552,40.92683029174805
51723840,37.38461685180664
51730800,38.68674850463867
51737184,38.63793182373047
51773232,31.0
51778192,39.64706039428711
51784576,34.0217399597168
51793888,37.17241287231445
51818288,40.08000183105469
51845520,41.62626266479492
51855680,33.80434799194336
51858640,37.492061614990234
51876128,39.10843276977539
51891616,43.598289489746094
51892752,37.47618865966797
51894368,34.842105865478516
51924224,20.457143783569336
51931520,37.22058868408203
51970624,42.415584564208984
51971616,41.21126937866211
51973680,40.01149368286133
51985184,40.71697998046875
52006848,36.98484802246094
52014720,35.27118682861328
52024896,36.2835807800293
52056240,38.540985107421875
52061344,36.47272872924805
52066592,35.109092712402344
52083424,36.126983642578125
52093232,28.413043975830078
52094832,37.51785659790039
52104896,28.589284896850586
52145312,30.31999969482422
52162144,38.72972869873047
52187344,28.39130401611328
52190320,28.36111068725586
52196176,28.280899047851562
52197216,29.102041244506836
52202832,31.472726821899414
52203024,33.69811248779297
52219744,34.1020393371582
52233808,40.06593322753906
52243488,31.206348419189453
52247360,32.404762268066406
52268960,38.323944091796875
52273776,38.25352096557617
52286640,37.56666564941406
52291552,39.900001525878906
52294048,31.245283126831055
52301808,22.83333396911621
52308960,37.55555725097656
52310704,34.95082092285156
52311568,29.5
52313312,39.54166793823242
52318080,38.82089614868164
52331376,39.478721618652344
52348208,31.433961868286133
52357120,35.57746505737305
52358656,37.125
52372016,41.08333206176758
52386416,38.07500076293945
52399600,37.35483932495117
52401920,40.97435760498047
52402208,41.55670166015625
52409152,37.96521759033203
52418432,34.52458953857422
52424880,32.875
52433152,36.32432556152344
52447632,26.274999618530273
52469776,29.72222137451172
52496832,33.375
52498816,33.349998474121094
52500064,27.83333396911621
52513040,32.46808624267578
52513072,32.619998931884766
52522784,39.89411926269531
52523728,41.043479919433594
52528640,34.266666412353516
52535200,37.413333892822266
52536992,32.03508758544922
52554224,36.64706039428711
52570832,32.0363655090332
52575600,34.93846130371094
52587456,32.53845977783203
52606912,40.06593322753906
52609744,32.0
52620544,34.6779670715332
52625440,43.599998474121094
52641104,33.14754104614258
52647552,30.22916603088379
52671520,25.619047164916992
52686048,32.18367385864258
52687344,36.033897399902344
52689488,33.918365478515625
52694432,42.70000076293945
52697440,45.009803771972656
52704784,35.19643020629883
52714032,36.27083206176758
52715744,34.66071319580078
52716176,34.41999816894531
52729280,38.540985107421875
52742784,30.024391174316406
52760512,36.629032135009766
52763536,39.589473724365234
52772160,35.78845977783203
52778320,37.33802795410156
52780320,37.279998779296875
52783056,36.582088470458984
52825536,37.47457504272461
52840176,34.81632614135742
52851760,44.96330261230469
52852864,33.627906799316406
52861568,33.85714340209961
52877248,44.021976470947266
52881952,32.35714340209961
52884352,41.619049072265625
52892288,35.109092712402344
52896288,34.69355010986328
52901712,35.50632858276367
52904352,39.79710006713867
52907200,34.75438690185547
52911632,38.625
52917616,29.204082489013672
52939712,35.01639175415039
52950864,30.91111183166504
52954304,37.4782600402832
52956960,41.5512809753418
52966080,35.019229888916016
52966496,43.7613639831543
52973584,39.290321350097656
52983344,30.30769157409668
52992608,42.55882263183594
52994544,34.129032135009766
52994672,37.69047546386719
52998768,35.30188751220703
53009664,39.21739196777344
53012704,30.15217399597168
53018768,39.609195709228516
53021600,37.55223846435547
53037584,39.50847625732422
53045232,37.96154022216797
53047408,40.08000183105469
53053328,40.621212005615234
53066912,42.9572639465332
53075744,38.565216064453125
53082288,37.47457504272461
53086592,34.39725875854492
53088384,33.69811248779297
53089232,31.600000381469727
53102672,39.95402145385742
53124032,37.75
53126032,34.625
53132992,43.903846740722656
53138400,34.6274528503418
53140480,34.52941131591797
53145680,30.211538314819336
53148416,32.720001220703125
53155168,43.805824279785156
53175136,32.540000915527344
53183776,29.020408630371094
53200544,33.41999816894531
53209088,40.1860466003418
53211472,37.197181701660156
53248912,29.478260040283203
53250144,41.56989288330078
53260160,31.617021560668945
53265264,35.109092712402344
53272288,41.423912048339844
53284176,38.95774459838867
53300400,42.90361404418945
53324224,39.69791793823242
53344992,40.449275970458984
53362128,37.367645263671875
53378032,36.39130401611328
53383040,31.5510196685791
53392240,39.05882263183594
53406032,38.9466667175293
53409248,38.85293960571289
53430704,40.075950622558594
53445072,38.29999923706055
53445936,30.38888931274414
53449488,32.559322357177734
53458016,36.94736862182617
53464480,35.180328369140625
53465456,32.619998931884766
53465504,37.7746467590332
53477776,35.574073791503906
53483904,39.10714340209961
53488368,35.7931022644043
53499888,38.625
53506320,43.70588302612305
53522944,38.74603271484375
53536320,38.269840240478516
53536336,41.481014251708984
53538880,33.58333206176758
53542352,46.1592903137207
53547504,36.4375
53549712,33.52631759643555
53553328,40.989131927490234
53554176,37.58571243286133
53568528,42.0
53596592,35.25
53596656,32.519229888916016
53603568,40.07500076293945
53609104,41.08000183105469
53615200,44.238460540771484
53635136,38.19480514526367
53642000,40.61445617675781
53657696,42.61176300048828
53657952,43.50485610961914
53661568,43.122222900390625
53669072,42.67289733886719
53681696,36.96428680419922
53686912,36.056602478027344
53689088,35.875
53748976,34.6274528503418
53762688,37.54430389404297
53778496,44.03092956542969
53780128,35.41935348510742
53796096,44.327999114990234
53797728,35.52941131591797
53801312,29.454545974731445
53802000,39.20000076293945
53813008,38.790122985839844
53826736,42.77011489868164
53832336,37.0
53846304,43.13750076293945
53852752,23.2702693939209
53876960,32.46808624267578
53877216,38.41666793823242
53895408,41.5512809753418
53945680,39.157894134521484
53949824,42.67289733886719
53952672,39.02631759643555
53956768,35.08333206176758
53975280,32.540000915527344
53977232,31.723403930664062
53991872,41.56989288330078
54000432,41.3815803527832
54042976,36.92063522338867
54055008,34.6779670715332
54057808,36.80555725097656
54062832,32.33928680419922
54100720,39.371429443359375
54104176,42.73737335205078
54140368,34.774192810058594
54153248,35.650794982910156
54185712,40.011627197265625
54190864,36.559322357177734
54221920,33.377777099609375
54222480,43.42045593261719
54255904,36.77027130126953
54268768,40.13924026489258
54276064,40.693180084228516
54290016,37.566036224365234
54298400,36.10256576538086
54305216,40.356163024902344
54305584,40.814815521240234
54309648,45.77852249145508
54319760,33.034481048583984
54320400,42.080806732177734
54325344,44.275230407714844
54335568,32.35714340209961
54340176,40.400001525878906
54364896,41.58571243286133
54371856,37.98550796508789
54377824,45.86178970336914
54410576,27.36111068725586
54411008,39.36470413208008
54420192,36.88750076293945
54422960,32.71428680419922
54429376,40.01515197753906
54443120,41.05454635620117
54459568,42.26250076293945
54464016,40.61333465576172
54469760,41.93975830078125
54479008,39.95121765136719
54488912,37.38983154296875
54496416,34.69565200805664
54502688,42.90654373168945
54506832,34.6129035949707
54509760,42.10810852050781
54512496,40.012046813964844
54561664,38.269840240478516
54562064,35.83636474609375
54564800,40.693180084228516
54590608,36.625
54596160,42.90909194946289
54599696,39.07500076293945
54615024,35.30188751220703
54623616,38.32432556152344
54630384,40.97468185424805
54631680,39.844444274902344
54637824,40.371429443359375
54642960,41.872093200683594
54647232,35.30188751220703
54689232,31.94230842590332
54721504,35.440677642822266
54741424,40.655914306640625
54818224,40.61445617675781
54827376,43.24242401123047
54833184,41.56626510620117
54839984,43.39215850830078
54854512,42.656864166259766
54865680,38.0
54883200,35.212764739990234
54892720,40.58571243286133
54897712,37.9466667175293
54911520,35.7068977355957
54918848,44.0
54931312,41.70769119262695
54932416,44.380531311035156
54956480,34.75438690185547
54961952,42.71666717529297
54973792,42.41345977783203
54987920,39.20000076293945
54992432,35.918033599853516
54993952,40.67346954345703
55024784,40.400001525878906
55052528,42.48421096801758
55057264,45.53125
55064128,42.918182373046875
55070544,40.61333465576172
55089136,35.10344696044922
55093840,40.39325714111328
55107248,40.76250076293945
55111808,39.55696105957031
55117216,40.39743423461914
55119856,43.94174575805664
55122544,38.55813980102539
55139632,33.23728942871094
55141200,42.17525863647461
55154352,38.657142639160156
55179936,38.18333435058594
55188096,43.58241653442383
55193888,40.08000183105469
55194592,32.720001220703125
55196928,44.650794982910156
55199136,38.91304397583008
55215184,39.66666793823242
55225088,32.9375
55229728,43.852630615234375
55245104,40.173912048339844
55253504,42.76530456542969
55263488,43.43421173095703
55277232,44.28205108642578
55279120,41.41999816894531
55302704,37.91304397583008
55327760,40.58333206176758
55336432,38.043479919433594
55341712,42.56666564941406
55370352,30.600000381469727
55371232,36.227272033691406
55387136,43.310001373291016
55396400,39.71831130981445
55441328,45.49038314819336
55443024,38.565216064453125
55474016,31.217391967773438
55475072,36.411766052246094
55509120,44.69827651977539
55518672,40.75531768798828
55533072,34.514286041259766
55540048,26.274999618530273
55548368,40.486488342285156
55554368,42.296295166015625
55575424,36.33333206176758
55588400,35.18965530395508
55615568,42.44036865234375
55622064,35.019229888916016
55642784,44.14130401611328
55646224,35.6315803527832
55652080,39.94285583496094
55677248,37.90140914916992
55677968,43.52777862548828
55686480,37.44444274902344
55706208,39.78461456298828
55714768,42.74418640136719
55723312,42.867347717285156
55741952,41.872093200683594
55745264,44.673912048339844
55748192,43.23636245727539
55761776,46.63580322265625
55789456,40.814815521240234
55795632,42.32926940917969
55802432,42.48421096801758
55803680,41.780487060546875
55819920,41.377357482910156
55829504,24.88888931274414
55829776,34.264705657958984
55835760,40.014286041259766
55862128,43.438201904296875
55900320,41.83333206176758
55909472,43.44954299926758
55923184,35.83606719970703
55928832,34.130435943603516
55933584,40.88372039794922
55954192,31.39215660095215
56013552,40.075950622558594
56068800,40.900001525878906
56075616,41.26315689086914
56084544,40.671051025390625
56094016,37.32051467895508
56119200,36.349998474121094
56164912,32.03508758544922
56177632,34.74074172973633
56184736,39.56962203979492
56188544,42.122222900390625
56194544,42.70329666137695
56203920,37.40579605102539
56205168,41.93589782714844
56215648,39.95180892944336
56221776,30.128204345703125
56222160,38.69736862182617
56228688,38.04545593261719
56256880,40.449275970458984
56260352,34.78461456298828
56266288,41.42307662963867
56292464,37.33802795410156
56306816,42.25510025024414
56306992,44.769229888916016
56324432,38.28205108642578
56326608,42.27906799316406
56332544,43.852630615234375
56339456,39.404762268066406
56357952,42.39024353027344
56365968,37.12676239013672
56383456,36.92063522338867
56396208,34.431373596191406
56409216,31.200000762939453
56412416,37.735294342041016
56414624,42.10810852050781
56415168,32.25
56436176,39.132354736328125
56436752,38.03947448730469
56456576,32.84782791137695
56466560,31.0625
56472224,35.33871078491211
56476816,37.51515197753906
56477072,40.92207717895508
56498240,37.69013977050781
56501248,43.01852035522461
56506528,40.554054260253906
56511456,45.33027648925781
56525728,28.3157901763916
56543040,29.38596534729004
56559344,40.931034088134766
56561888,37.89393997192383
56638208,41.24691390991211
56646800,42.134830474853516
56652944,45.663368225097656
56657488,35.35593032836914
56666048,43.44791793823242
56676672,35.25
56681904,39.79710006713867
56698688,40.64429473876953
56706288,41.411766052246094
56713776,34.48214340209961
56751904,34.45283126831055
56754000,39.818180084228516
56778944,37.0
56784752,32.27450942993164
56791888,42.57265090942383
56803824,36.266666412353516
56804128,34.59722137451172
56808240,41.728973388671875
56813248,35.119998931884766
56813424,42.63750076293945
56831408,36.62711715698242
56837296,40.233333587646484
56841696,39.202701568603516
56842400,38.25675582885742
56850224,37.987342834472656
56862352,38.728572845458984
56864736,33.75
56866352,34.6779670715332
56869408,28.204545974731445
56881248,37.09090805053711
56904688,42.0684928894043
56937744,43.18269348144531
56950656,34.19403076171875
56953888,30.659574508666992
56974416,40.13750076293945
57002192,35.650794982910156
57004160,39.13750076293945
57024880,40.30434799194336
57045424,41.841583251953125
57064192,40.514286041259766
57070672,41.9555549621582
57076288,30.799999237060547
57079936,43.230770111083984
57100432,37.86153793334961
57108640,36.126983642578125
57116288,45.80916213989258
57129952,38.19696807861328
57129968,38.82352828979492
57141088,36.5
57144720,31.75
57167008,36.746665954589844
57184608,18.66666603088379
57191856,33.47272872924805
57192336,36.12963104248047
57205792,43.509090423583984
57208272,36.08928680419922
57217248,35.71875
57218608,36.728572845458984
57223424,36.29411697387695
57223904,36.349998474121094
57243840,37.153846740722656
57265840,43.53333282470703
57291040,21.393939971923828
57300848,42.60784149169922
57304656,39.03845977783203
57312400,43.55813980102539
57325648,44.394737243652344
57354160,19.25
57374720,33.438594818115234
57375968,38.904762268066406
57381744,45.05504608154297
57384848,35.91044616699219
57385360,44.28155517578125
57396464,40.36470413208008
57406624,37.599998474121094
57410000,36.30303192138672
57416928,33.60377502441406
57432240,40.69135665893555
57443136,36.578125
57456352,40.068180084228516
57467840,39.092105865478516
57473024,43.92173767089844
57478160,42.67777633666992
57496256,39.71428680419922
57534240,39.73611068725586
57568960,43.0
57574128,39.95180892944336
57582896,41.4886360168457
57589856,40.26250076293945
57593920,34.25
57600288,38.25675582885742
57608288,40.82558059692383
57624336,36.89855194091797
57650304,38.01176452636719
57686688,41.948978424072266
57695920,37.88524627685547
57702880,40.92207717895508
57726448,34.54716873168945
57739792,36.81132125854492
57741584,36.709678649902344
57773152,39.609195709228516
57776128,42.48051834106445
57784624,33.28845977783203
57794832,36.117645263671875
57804672,38.565216064453125
57813328,36.22222137451172
57837488,36.97101593017578
57842608,38.28571319580078
57853232,34.08571243286133
57882240,42.43010711669922
57886240,30.836734771728516
57886560,36.482757568359375
57913536,33.18367385864258
57915600,35.57143020629883
57917968,38.0579719543457
57919824,41.33333206176758
57934944,34.0
57937008,37.35483932495117
57937776,32.27450942993164
57951440,31.528301239013672
57970112,36.635135650634766
57975216,34.085105895996094
57988928,29.454545974731445
57991168,35.57746505737305
57998352,41.556339263916016
58011344,37.93055725097656
58015456,28.39130401611328
58020704,33.41999816894531
58021040,37.54794692993164
58021056,36.709678649902344
58021360,36.514286041259766
58060928,27.893617630004883
58076400,36.19117736816406
58079296,42.56666564941406
58109440,39.54666519165039
58144656,38.975608825683594
58146416,39.08695602416992
58151696,39.36470413208008
58153616,37.657142639160156
58180048,31.920000076293945
58208880,33.85714340209961
58235344,39.64706039428711
58237376,34.6779670715332
58238128,33.319149017333984
58244640,37.91304397583008
58248352,43.0177001953125
58285824,35.382354736328125
58287216,33.05356979370117
58297488,40.486488342285156
58300896,41.227272033691406
58302672,41.717647552490234
58303904,43.0
58308944,38.69230651855469
58329312,39.29999923706055
58330096,36.08928680419922
58354112,34.35293960571289
58365584,32.29166793823242
58367648,42.194175720214844
58368480,35.01818084716797
58467200,30.659574508666992
58471968,39.10769271850586
58482992,36.175437927246094
58514272,42.20000076293945
58520560,37.14754104614258
58533408,38.48611068725586
58542960,37.371795654296875
58543808,36.24561309814453
58547120,38.89552307128906
58551312,36.15151596069336
58552096,38.55555725097656
58594864,37.551021575927734
58609408,42.97435760498047
58627552,42.71428680419922
58632016,40.808509826660156
58633792,38.266666412353516
58637136,40.011627197265625
58660128,36.033897399902344
58673184,35.574073791503906
58678432,38.0
58736736,37.828125
58736944,42.48421096801758
58741648,37.60759353637695
58755904,41.8139533996582
58781296,43.55454635620117
58791472,28.5
58791920,42.07352828979492
58829568,39.56962203979492
58830048,38.727272033691406
58839536,36.568965911865234
58844736,34.380950927734375
58845312,38.68965530395508
58849680,39.935482025146484
58854160,41.92156982421875
58856720,29.799999237060547
58868112,28.871795654296875
58880240,43.852630615234375
58894160,34.52941131591797
58921392,42.9555549621582
58934800,40.518985748291016
58943952,33.81034469604492
58963040,32.51852035522461
58963968,38.57500076293945
58967088,40.97260284423828
59002240,34.20588302612305
59009248,33.23728942871094
59012288,40.30434799194336
59023360,34.871429443359375
59025168,31.86440658569336
59025568,34.38181686401367
59029824,31.94230842590332
59052480,35.543861389160156
59065568,35.58333206176758
59090832,39.469879150390625
59097904,35.879310607910156
59107184,29.090909957885742
59110768,38.105262756347656
59113632,40.64788818359375
59117280,34.33333206176758
59135840,34.69355010986328
59155584,35.92856979370117
59169712,32.75806427001953
59173088,43.313560485839844
59184944,42.98198318481445
59192160,34.338233947753906
59194480,41.59493637084961
59195408,37.64912414550781
59210304,41.778846740722656
59220592,40.7386360168457
59228544,41.45783233642578
59239200,35.46154022216797
59250480,37.32307815551758
59264176,31.037036895751953
59276544,44.5
59312128,42.19791793823242
59312144,34.657142639160156
59316848,38.0
59328944,40.60714340209961
59354144,37.03508758544922
59359680,41.88393020629883
59378512,41.61165237426758
59381344,42.90909194946289
59407040,36.0
59411168,44.877193450927734
59411616,41.67618942260742
59435824,37.296295166015625
59437728,38.95774459838867
59440544,39.79710006713867
59463920,39.9487190246582
59468448,40.959999084472656
59472112,33.66666793823242
59475888,38.413333892822266
59498848,43.16304397583008
59508704,35.66666793823242
59537376,40.4361686706543
59544192,39.11475372314453
59544560,40.808509826660156
59548240,29.705883026123047
59551040,33.400001525878906
59553040,37.29411697387695
59576240,38.228572845458984
59578864,39.20833206176758
59591248,34.03895950317383
59602528,31.339622497558594
59631984,40.65277862548828
59637808,29.5
59639248,36.492958068847656
59648400,32.720001220703125
59659200,39.56716537475586
59673184,38.21794891357422
59674480,37.77586364746094
59677296,39.33783721923828
59678288,35.09836196899414
59680224,35.75409698486328
59692848,25.18181800842285
59716592,34.0
59720240,39.25581359863281
59723440,41.52054977416992
59737488,41.8659782409668
59739232,38.181819915771484
59756416,37.83098602294922
59758576,36.582088470458984
59822816,29.03508758544922
59831760,44.5217399597168
59832960,36.266666412353516
59839808,28.933332443237305
59859456,36.58904266357422
59861136,44.43362808227539
59880192,30.019607543945312
59887952,34.35293960571289
59912016,38.47058868408203
59914448,25.18181800842285
59929456,29.538461685180664
59938976,26.783782958984375
59943456,29.45070457458496
59947264,45.6129035949707
59948096,30.30769157409668
59948528,37.22077941894531
59952144,36.28571319580078
59965360,28.829267501831055
59990944,40.20779037475586
59994736,38.32432556152344
60020688,39.08695602416992
60041296,42.263736724853516
60043216,35.69811248779297
60052752,34.29090881347656
60054720,36.560001373291016
60056112,35.599998474121094
60057696,40.20779037475586
60066752,37.157142639160156
60070704,37.4782600402832
60087584,30.632652282714844
60088976,44.96039581298828
60122896,35.654544830322266
60128992,39.26250076293945
60135504,41.72368240356445
60146464,40.154930114746094
60155040,32.68888854980469
60164368,39.0
60170160,39.591548919677734
60179568,45.18584060668945
60183024,32.02000045776367
60188656,35.98387145996094
60203216,38.64516067504883
60212576,40.012046813964844
60217424,41.20000076293945
60236144,34.434783935546875
60263776,37.42856979370117
60303664,46.28799819946289
60306000,35.41538619995117
60307616,30.45652198791504
60327968,39.869564056396484
60340928,41.77647018432617
60365248,31.386363983154297
60368128,30.477272033691406
60381696,38.565216064453125
60384576,39.876712799072266
60402960,38.39189147949219
60407568,36.22222137451172
60408560,44.33333206176758
60411616,32.625
60437728,35.30188751220703
60457680,41.02531814575195
60459744,30.76595687866211
60460592,41.37272644042969
60468352,43.151161193847656
60470816,38.01176452636719
60472736,39.625
60474656,32.76595687866211
60479424,31.674419403076172
60492432,31.06818199157715
60506080,36.90909194946289
60516880,44.021976470947266
60518192,32.27450942993164
60537168,40.599998474121094
60538528,36.44285583496094
60550560,30.4489803314209
60567888,27.11627960205078
60573536,37.12727355957031
60578464,34.6274528503418
60583792,43.81651306152344
60595376,36.55356979370117
60599264,29.9069766998291
60599680,33.654544830322266
60601920,31.381818771362305
60615504,42.93902587890625
60616432,43.099998474121094
60618480,40.08000183105469
60618720,37.24324417114258
60626304,43.287357330322266
60627168,34.153846740722656
60630016,36.44776153564453
60635776,34.59321975708008
60656544,34.632652282714844
60667264,33.23214340209961
60668704,32.122806549072266
60730576,36.573768615722656
60746896,39.78461456298828
60747312,36.630767822265625
60757872,46.12036895751953
60763776,33.907405853271484
60776768,40.68000030517578
60781872,38.84848403930664
60782512,38.171051025390625
60783088,39.650604248046875
60790800,44.78571319580078
60796672,36.955223083496094
60806080,36.31884002685547
60808576,39.66666793823242
60808864,37.014286041259766
60810224,41.02857208251953
60812992,38.015384674072266
60816176,38.977012634277344
60816992,41.658226013183594
60829216,44.613861083984375
60829952,35.38888931274414
60853904,37.016666412353516
60855184,38.5538444519043
60861424,31.24615478515625
60869872,41.08000183105469
60922576,34.140350341796875
60923808,35.09836196899414
60929792,42.188236236572266
60937888,39.04166793823242
60940640,41.38461685180664
60977344,42.08988952636719
60985472,31.10869598388672
60990176,40.181819915771484
60992976,41.89610290527344
61001424,39.47999954223633
61017616,33.94117736816406
61031504,44.16831588745117
61049616,44.75833511352539
61062848,31.490196228027344
61073584,40.41891860961914
61076096,40.52564239501953
61113248,40.41891860961914
61115136,30.272727966308594
61123824,41.60714340209961
61135360,30.980770111083984
61141840,33.25925827026367
61156848,44.13761520385742
61161504,42.6588249206543
61174768,42.96590805053711
61183456,34.92982482910156
61193888,30.91111183166504
61201888,38.413333892822266
61203616,31.326086044311523
61249248,31.490196228027344
61255952,38.25973892211914
61270720,38.62650680541992
61284320,32.557376861572266
61288608,31.846153259277344
61295792,33.03773498535156
61305264,33.034481048583984
61329504,33.563636779785156
61338464,35.93421173095703
61339248,34.1020393371582
61373008,35.75409698486328
61387616,38.0579719543457
61392368,34.92307662963867
61409680,40.72618865966797
61411456,40.5
61419632,37.671875
61495872,38.22222137451172
61497392,43.224491119384766
61502224,33.03773498535156
61545824,36.871795654296875
61546080,41.35051727294922
61547136,38.54411697387695
61565104,39.1494255065918
61589712,38.29999923706055
61597872,30.909090042114258
61601744,37.400001525878906
61609648,37.882354736328125
61619984,35.83636474609375
61628992,42.296295166015625
61635264,38.0
61646384,33.82539749145508
61666320,35.20754623413086
61671728,38.58333206176758
61678592,36.90909194946289
61680880,35.28571319580078
61687152,41.60714340209961
61710128,44.64516067504883
61716192,39.30434799194336
61723408,35.78845977783203
61771776,38.223880767822266
61779168,36.140846252441406
61779920,31.200000762939453
61812160,40.51515197753906
61815184,37.63492202758789
61826656,31.219999313354492
61831536,35.5538444519043
61838048,42.60377502441406
61868016,29.17021369934082
61874720,32.882354736328125
61878864,39.209877014160156
61880912,35.01639175415039
61886480,39.80821990966797
61889984,38.01818084716797
61906992,37.29090881347656
61944992,42.03370666503906
61948512,42.31867980957031
61961744,38.130435943603516
61965984,40.21739196777344
61967952,34.59321975708008
62001568,34.24137878417969
62017136,39.64210510253906
62024848,34.774192810058594
62041664,39.44285583496094
62047088,40.83529281616211
62058784,36.90909194946289
62082080,29.913793563842773
62082160,37.413333892822266
62089856,35.171875
62091392,41.72380828857422
62135456,35.78205108642578
62168208,26.46666717529297
62177856,37.29411697387695
62178128,27.75
62229120,33.11111068725586
62265360,38.630767822265625
62268848,36.015384674072266
62270784,40.01612854003906
62271472,32.91935348510742
62301232,37.47999954223633
62322864,38.438201904296875
62328352,39.89411926269531
62337664,37.644737243652344
62339088,32.57777786254883
62352000,41.15151596069336
62362800,25.46666717529297
62368928,36.261905670166016
62376288,38.4878044128418
62392240,31.83333396911621
62406288,37.671875
62408816,35.29166793823242
62432752,26.600000381469727
62439008,29.0930233001709
62453312,34.56962203979492
62458144,37.54430389404297
62460112,35.75
62473056,30.552631378173828
62478592,22.66666603088379
62487856,36.681819915771484
62493808,41.26315689086914
62504976,34.41999816894531
62505472,36.45205307006836
62540336,33.41999816894531
62561616,44.730159759521484
62562080,41.84146499633789
62562304,30.45652198791504
62571488,36.014286041259766
62580080,34.48684310913086
62586608,36.92063522338867
62598864,33.453125
62605440,27.09756088256836
62613056,34.38181686401367
62613328,41.32966995239258
62645040,40.011112213134766
62653408,42.16842269897461
62663888,30.543859481811523
62701296,40.959999084472656
62708240,38.0
62712528,41.79207992553711
62715552,44.282257080078125
62721696,30.80392074584961
62722352,38.871429443359375
62754176,36.96296310424805
62765872,30.509803771972656
62781392,38.25675582885742
62806528,32.46938705444336
62812608,38.16438293457031
62825440,40.012657165527344
62836720,39.19178009033203
62851872,37.515625
62856016,32.764705657958984
62864960,40.6363639831543
62867792,34.266666412353516
62868096,20.58333396911621
62873616,36.7662353515625
62886912,32.46938705444336
62907392,38.4555549621582
62910720,39.64706039428711
62916416,33.10447692871094
62917840,32.943397521972656
62920048,37.233333587646484
62928496,40.52564239501953
62936704,36.265625
62960864,33.830509185791016
62963264,31.76744270324707
62965536,38.157142639160156
62979456,39.17856979370117
62990416,34.94117736816406
62990880,39.33333206176758
62994288,39.54666519165039
63019760,40.62886428833008
63023056,40.588233947753906
63026832,32.849056243896484
63034048,36.30864334106445
63046512,34.66666793823242
63047520,38.5538444519043
63060016,40.27631759643555
63064464,31.31147575378418
63074752,32.871429443359375
63075760,38.6315803527832
63076608,33.03773498535156
63081264,31.836734771728516
63111728,30.97260284423828
63111984,38.19767379760742
63124800,40.014286041259766
63152560,40.29166793823242
63156608,41.326316833496094
63159216,34.2400016784668
63160080,40.08450698852539
63160304,34.27659606933594
63190704,43.68867874145508
63201360,36.593406677246094
63228224,37.12676239013672
63258576,26.648649215698242
63260272,45.054054260253906
63276992,36.413333892822266
63282336,37.3636360168457
63319920,30.33333396911621
63323840,35.93846130371094
63325632,34.05263137817383
63326544,37.8070182800293
63334384,36.263736724853516
63377952,36.25
63392528,38.28395080566406
63430320,30.420000076293945
63431840,38.421051025390625
63431904,29.830188751220703
63449408,34.64814758300781
63463328,35.66666793823242
63467728,34.52458953857422
63469008,38.63750076293945
63474496,41.81132125854492
63475072,30.53061294555664
63486320,33.156864166259766
63500512,37.29411697387695
63510032,36.55882263183594
63512960,35.95000076293945
63524800,35.159420013427734
63528000,33.034481048583984
63538944,36.701297760009766
63563520,39.196720123291016
63563776,38.28395080566406
63564048,41.41666793823242
63622112,40.9878044128418
63640304,36.29411697387695
63643040,35.125
63645232,29.75438690185547
63653568,40.834861755371094
63654976,36.96875
63655472,31.653060913085938
63660304,41.5514030456543
63681168,40.012657165527344
63683792,38.914634704589844
63695792,39.66666793823242
63706208,33.425533294677734
63724448,38.521278381347656
63725616,44.91666793823242
63727696,30.2391300201416
63734480,38.63750076293945
63750192,39.01234436035156
63766816,36.7042236328125
63787200,36.98684310913086
63817792,39.238094329833984
63850448,32.720001220703125
63851504,37.89393997192383
63860656,36.31884002685547
63871792,40.86868667602539
63872688,31.94444465637207
63877280,33.878787994384766
63895072,38.887325286865234
63898704,42.56666564941406
63925040,32.425926208496094
63940464,28.35416603088379
63947200,36.826087951660156
63951088,39.703704833984375
63955312,33.5538444519043
63960048,34.04838562011719
63960992,31.0625
63964992,38.565216064453125
63995344,43.292930603027344
64009008,39.57500076293945
64021072,29.538461685180664
64029552,36.064517974853516
64032160,37.776119232177734
64040992,39.063289642333984
64044336,39.52112579345703
64055936,35.918033599853516
64078112,30.196428298950195
64090128,32.849998474121094
64105488,40.01149368286133
64110064,32.08695602416992
64110128,27.394737243652344
64117680,31.920000076293945
64119920,39.878379821777344
64123040,33.516666412353516
64129632,36.3636360168457
64131936,39.03845977783203
64131968,32.448978424072266
64143360,32.86206817626953
64149040,39.0
64158192,35.519229888916016
64162880,40.934783935546875
64163152,36.625
64190000,32.83636474609375
64192208,42.156864166259766
64195808,42.38383865356445
64223600,38.54411697387695
64238224,40.41860580444336
64244560,36.38461685180664
64247200,37.769229888916016
64255456,41.81944274902344
64276976,39.131866455078125
64286672,37.26760482788086
64303776,36.54166793823242
64337408,35.69696807861328
64340176,32.94827651977539
64369216,40.61333465576172
64369760,33.3220329284668
64375264,36.31884002685547
64375728,24.893617630004883
64406592,37.0684928894043
64413360,40.07500076293945
64414288,31.16666603088379
64417136,39.370967864990234
64423072,40.2470588684082
64430000,41.09090805053711
64435456,36.04411697387695
64439744,43.43157958984375
64449568,35.09090805053711
64471040,37.14754104614258
64479600,28.871795654296875
64481920,40.46154022216797
64482224,37.065574645996094
64483840,37.21333312988281
64487104,30.688888549804688
64489040,36.86666488647461
64500336,36.9315071105957
64501680,36.064517974853516
64510000,34.25
64538048,31.452381134033203
64563952,23.02857208251953
64569616,27.285715103149414
64574016,31.77777862548828
64612208,32.81999969482422
64614752,36.97468185424805
64617392,29.235294342041016
64660192,38.61627960205078
64693520,25.780487060546875
64706528,38.63768005371094
64720048,29.56818199157715
64724272,32.367347717285156
64781712,37.61538314819336
64782016,27.399999618530273
64784272,35.910255432128906
64802640,37.35802459716797
64807184,32.61538314819336
64818160,40.39560317993164
64824656,34.47297286987305
64825616,34.328765869140625
64826704,36.7528076171875
64850896,34.57143020629883
64859216,14.714285850524902
64870512,41.969696044921875
64891344,28.285715103149414
64902064,35.835819244384766
64915808,30.256410598754883
64915856,32.8139533996582
64937968,38.26250076293945
64939824,30.22916603088379
64953856,37.599998474121094
64955472,43.957984924316406
64964160,39.66666793823242
64964608,32.10416793823242
64989568,28.076923370361328
64999952,36.79661178588867
65007760,22.45945930480957
65008592,34.04838562011719
65014240,42.24137878417969
65016752,41.14666748046875
65021552,35.98360824584961
65029664,38.44578170776367
65043952,36.266666412353516
65048400,38.71232986450195
65060464,33.09090805053711
65062528,42.66371536254883
65066416,29.255319595336914
65071280,32.59375
65071872,32.18333435058594
65071872,33.846153259277344
65076224,42.58415985107422
65078896,35.52941131591797
65097024,29.102041244506836
65104256,32.64706039428711
65111120,32.050846099853516
65112240,39.127906799316406
65114208,43.48147964477539
65114656,36.80769348144531
65117424,27.5238094329834
65122128,34.05263137817383
65143216,36.05813980102539
65149008,33.64285659790039
65181056,38.75
65208192,33.68055725097656
65210368,35.81159591674805
65213072,36.10988998413086
65216096,34.92727279663086
65221568,36.33333206176758
65222416,30.35714340209961
65261136,36.378787994384766
65265264,34.14634323120117
65265616,31.339622497558594
65269120,33.96491241455078
65270032,30.490909576416016
65276976,32.28302001953125
65289696,35.45588302612305
65297232,19.600000381469727
65300288,32.943397521972656
65323584,34.44303894042969
65341776,32.10416793823242
65347072,22.34883689880371
65356528,37.73611068725586
65370656,36.0
65373344,39.406593322753906
65376368,38.06097412109375
65379520,30.477272033691406
65406944,24.795454025268555
65414960,33.26315689086914
65418736,40.06593322753906
65421168,42.098899841308594
65439232,34.93333435058594
65458512,36.31884002685547
65459120,38.32432556152344
65479840,34.084747314453125
65531216,29.370370864868164
65540000,39.7303352355957
65547904,31.38888931274414
65548048,37.839508056640625
65552464,36.26760482788086
65558512,27.571428298950195
65562176,39.494380950927734
65564800,27.824562072753906
65567632,35.69696807861328
65571072,35.83636474609375
65583200,31.200000762939453
65603936,34.47297286987305
65607600,35.7068977355957
65609840,39.39506149291992
65635664,38.29787063598633
65637200,37.02898406982422
65644144,25.70270347595215
65652032,33.58571243286133
65662240,33.480770111083984
65669376,32.367347717285156
65704096,30.875
65712464,32.33333206176758
65726336,38.82539749145508
65739232,34.38356018066406
65798640,29.344263076782227
65812256,39.79999923706055
65826192,33.016666412353516
65829568,27.020000457763672
65837744,34.76271057128906
65855264,40.10988998413086
65869120,40.125
65901152,34.16923141479492
65941408,41.21333312988281
65963408,40.46590805053711
65968864,35.61643981933594
66014208,36.82432556152344
66019088,37.95918273925781
66022624,33.425926208496094
66040736,36.40277862548828
66043296,16.25
66065072,36.1184196472168
66102656,37.10126495361328
66108704,35.0
66126672,38.46479034423828
66128576,36.582088470458984
66136608,33.879310607910156
66138432,41.02898406982422
66138912,34.71014404296875
66148832,33.72413635253906
66154160,41.99074172973633
66184016,33.96491241455078
66207232,39.423728942871094
66213984,40.7303352355957
66217664,38.96341323852539
66222576,41.28888702392578
66248640,40.46511459350586
66255024,37.28571319580078
66262336,35.5
66264992,34.46154022216797
66282784,32.265625
66294960,37.9487190246582
66297216,36.644737243652344
66302032,36.36507797241211
66309152,40.28409194946289
66318352,39.375
66326048,38.83529281616211
66349232,37.75
66352160,36.349998474121094
66364144,33.85714340209961
66365904,34.38181686401367
66368960,34.08450698852539
66378864,39.069766998291016
66392848,32.61538314819336
66396800,39.264705657958984
66433472,34.52458953857422
66446592,36.75757598876953
66453040,40.808082580566406
66463216,36.78813552856445
66473680,42.16345977783203
66483424,38.35714340209961
66506432,38.0
66571296,44.70338821411133
66579712,33.563636779785156
66582864,37.19178009033203
66590224,38.269840240478516
66596032,38.5
66602080,35.41891860961914
66606512,38.625
66632432,38.988765716552734
66634000,29.6200008392334
66646912,26.299999237060547
66681472,38.81690216064453
66686160,39.91453170776367
66686224,41.224491119384766
66689072,37.550724029541016
66692832,38.6708869934082
66735712,29.72222137451172
66740800,42.121212005615234
66764656,38.94382095336914
66782816,34.18333435058594
66788320,39.76829147338867
66798304,37.93333435058594
66804048,41.60256576538086
66833392,35.16666793823242
66847008,36.11864471435547
66851456,33.619998931884766
66868208,40.810001373291016
66872736,40.075950622558594
66876560,37.14754104614258
66882432,32.47541046142578
66977936,38.5538444519043
66980992,43.9636344909668
66989328,40.08955383300781
66989888,44.33009719848633
67022800,39.16923141479492
67058912,33.563636779785156
67069040,44.327274322509766
67074464,43.46017837524414
67079520,45.92982482910156
67081760,38.649349212646484
67088240,43.81651306152344
67091904,33.30769348144531
67098560,43.484375
67114064,33.85714340209961
67120128,37.70149230957031
67143808,37.30555725097656
67148720,43.10869598388672
67150640,40.50505065917969
67176160,26.54054069519043
67216928,20.20689582824707
67242208,38.82539749145508
67249776,39.290321350097656
67253328,39.13750076293945
67256640,38.1298713684082
67271872,32.27450942993164
67273584,33.95082092285156
67278848,36.826087951660156
67287648,35.918033599853516
67293008,33.52000045776367
67332736,23.91666603088379
67336032,37.22950744628906
67381120,42.408164978027344
67397104,37.86206817626953
67397984,41.127906799316406
67439376,40.0121955871582
67525104,39.73972702026367
67525424,36.16923141479492
67539632,36.94736862182617
67576864,40.39743423461914
67583968,40.317073822021484
67594480,45.054054260253906
67605232,37.59375
67608080,28.945945739746094
67619760,35.48147964477539
67646560,34.140350341796875
67656400,40.573768615722656
67678464,37.29411697387695
67694944,43.2365608215332
67704176,35.20754623413086
67723584,34.01960754394531
67724656,35.4375
67747728,31.4255313873291
67751504,37.26760482788086
67784992,41.619049072265625
67811200,39.46479034423828
67812032,38.540985107421875
67817904,33.66666793823242
67819280,41.09166717529297
67825520,36.421875
67832816,38.620689392089844
67880400,39.83720779418945
67887696,29.90243911743164
67889216,37.86153793334961
67889360,30.100000381469727
67891456,38.03947448730469
67906224,39.144927978515625
67908480,32.72916793823242
67917888,42.531532287597656
67919424,39.371429443359375
67928096,42.2068977355957
67949872,32.19565200805664
67956784,36.80356979370117
67965872,38.47058868408203
67972368,35.796875
67988528,38.375
67989664,39.123287200927734
67997856,44.83185958862305
68006528,36.19607925415039
68008736,36.246376037597656
68071152,30.76595687866211
68072752,38.17142868041992
68074496,36.568965911865234
68080864,33.034481048583984
68093360,41.86419677734375
68094928,36.863014221191406
68130128,40.64814758300781
68134640,39.52112579345703
68138288,29.0
68141728,32.08695602416992
68175760,38.67256546020508
68183712,29.9069766998291
68199520,42.085105895996094
68219072,44.834781646728516
68244144,42.47474670410156
68258976,35.86153793334961
68279136,37.9466667175293
68291568,43.310001373291016
68351616,42.03370666503906
68354064,31.490196228027344
68360752,42.6860466003418
68440752,38.649349212646484
68456000,38.813331604003906
68461104,40.69135665893555
68491904,32.07143020629883
68493056,42.27906799316406
68501920,37.32307815551758
68501952,40.14666748046875
68508496,39.54666519165039
68529888,39.670589447021484
68567904,39.79570007324219
68571664,39.13750076293945
68604816,35.43333435058594
68607824,41.32966995239258
68609984,39.78651809692383
68617296,37.882354736328125
68619056,41.37036895751953
68652672,42.673912048339844
68655968,34.266666412353516
68658000,31.846153259277344
68662560,36.1363639831543
68682000,44.11382293701172
68683600,40.13750076293945
68685504,38.28205108642578
68691952,38.16438293457031
68710944,38.727272033691406
68718640,38.06779479980469
68723808,38.39436721801758
68729616,36.33333206176758
68735840,39.43589782714844
68744240,38.797298431396484
68768272,39.063289642333984
68820064,38.725807189941406
68863760,41.35365676879883
68870096,38.5538444519043
68871392,31.452381134033203
68876432,42.90909194946289
68880240,41.948978424072266
68920848,37.413333892822266
68938096,41.348838806152344
68942816,38.5538444519043
68953392,37.24615478515625
68957904,26.54054069519043
69031184,33.843135833740234
69034432,30.87234115600586
69054976,37.66265106201172
69071312,39.043861389160156
69074192,35.75409698486328
69092128,36.015384674072266
69102624,41.04597854614258
69109472,39.8271598815918
69110976,35.01818084716797
69111296,31.524999618530273
69135184,32.96428680419922
69149744,40.22222137451172
69151104,35.27118682861328
69151952,37.14754104614258
69173840,40.37681198120117
69179936,33.034481048583984
69184944,41.71428680419922
69215568,39.01333236694336
69247008,33.18367385864258
69261408,31.433961868286133
69275520,30.384614944458008
69281040,34.78461456298828
69294192,30.94444465637207
69295584,31.33333396911621
69296192,39.09574508666992
69306848,39.29999923706055
69310832,27.930233001708984
69314384,42.7064208984375
69327552,38.62025451660156
69332096,41.58571243286133
69358816,38.5538444519043
69366544,38.11111068725586
69379824,42.485713958740234
69393744,42.87640380859375
69398112,35.47368240356445
69411168,37.63492202758789
69435920,39.818180084228516
69440048,34.83333206176758
69450896,38.7303352355957
69476912,32.33333206176758
69496016,37.36470413208008
69521984,32.3725471496582
69538240,41.8863639831543
69552048,37.67441940307617
69565568,24.314285278320312
69566096,30.25
69582064,38.565216064453125
69591312,32.20000076293945
69598272,42.03191375732422
69613568,26.975608825683594
69619744,41.02531814575195
69648928,34.0
69654736,35.20754623413086
69685072,35.476924896240234
69701088,37.68333435058594
69713728,39.739131927490234
69743760,36.03703689575195
69754736,40.844444274902344
69767296,35.03278732299805
69792112,40.25
69797056,40.514286041259766
69833424,37.03508758544922
69854224,35.9295768737793
69856000,39.05063247680664
69858192,34.774192810058594
69866672,33.599998474121094
69871728,38.46479034423828
69874944,32.17647171020508
69886512,39.45454406738281
69891520,38.9012336730957
69902416,34.66071319580078
69925200,37.61643981933594
69952528,38.11111068725586
69953776,43.52542495727539
69974944,32.08695602416992
69987888,40.761192321777344
69993392,40.33333206176758
70000096,39.86153793334961
70024096,38.459014892578125
70028688,41.487178802490234
70031040,39.61333465576172
70046704,40.61176300048828
70078832,37.45454406738281
70082384,38.63793182373047
70085952,37.305084228515625
70095360,34.358489990234375
70098832,33.85714340209961
70127872,36.70769119262695
70142768,35.119998931884766
70159536,38.410255432128906
70168384,33.563636779785156
70186720,45.49193572998047
70190880,35.220001220703125
70200992,39.196720123291016
70232336,31.367347717285156
70252032,43.74736785888672
70261216,37.578948974609375
70265168,33.09090805053711
70298544,41.810001373291016
70301232,37.367645263671875
70307568,40.605262756347656
70341872,36.126983642578125
70351888,37.45762634277344
70366832,40.92683029174805
70384480,27.878787994384766
70392640,41.92156982421875
70405440,34.52458953857422
70414992,39.44285583496094
70426912,34.377357482910156
70455952,38.266666412353516
70472416,40.095237731933594
70473616,37.136985778808594
70474320,30.33333396911621
70493952,40.26250076293945
70513488,25.75
70522512,33.065574645996094
70525680,39.18055725097656
70537152,38.880001068115234
70546528,40.30434799194336
70553648,34.07692337036133
70566640,38.835819244384766
70572992,39.75
70573728,40.61445617675781
70581744,40.97435760498047
70588240,43.16504669189453
70608880,42.75490188598633
70619296,28.212766647338867
70626560,35.220001220703125
70627472,42.66371536254883
70635888,41.51807403564453
70647152,40.904109954833984
70666096,38.82089614868164
70673456,39.32758712768555
70695056,41.67856979370117
70709408,38.71232986450195
70712688,41.89610290527344
70726560,35.98387145996094
70731968,39.11475372314453
70751584,40.989688873291016
70812336,41.35365676879883
70815760,43.839508056640625
70819424,26.648649215698242
70841872,38.39189147949219
70856816,40.956520080566406
70934160,33.074073791503906
70940336,43.581634521484375
70956304,34.46808624267578
70959344,38.5
70973840,33.260868072509766
70987536,41.188236236572266
71001648,35.159420013427734
71010736,43.539215087890625
71013536,31.16666603088379
71016800,41.04597854614258
71025072,36.573768615722656
71049696,38.18918991088867
71053328,37.94827651977539
71077968,34.6065559387207
71082000,37.10447692871094
71097392,37.47457504272461
71097600,31.081966400146484
71109808,36.49180221557617
71116640,35.456138610839844
71117584,34.266666412353516
71117760,37.22950744628906
71118656,35.509803771972656
71147136,40.814815521240234
71148016,38.39436721801758
71148560,41.72916793823242
71154464,29.80487823486328
71155056,43.213592529296875
71157600,22.91428565979004
71170160,43.68867874145508
71174736,38.887325286865234
71182352,39.24615478515625
71182832,40.235294342041016
71239136,42.18811798095703
71257808,36.117645263671875
71282368,43.87128829956055
71306368,31.966102600097656
71332944,32.72916793823242
71343584,41.93975830078125
71346672,40.55421829223633
71370512,34.0
71381360,36.71428680419922
71390832,35.96226501464844
71400032,16.285715103149414
71456752,36.314815521240234
71457312,39.77381134033203
71472496,35.31343460083008
71473136,38.105262756347656
71483264,35.796875
71485360,42.18260955810547
71493472,37.17910385131836
71497440,38.01818084716797
71503920,36.015384674072266
71507872,41.727272033691406
71555632,43.04901885986328
71556496,44.63829803466797
71557488,39.24137878417969
71580512,37.35714340209961
71595568,43.56700897216797
71599168,34.5
71620688,41.769229888916016
71646752,33.38461685180664
71672784,43.174312591552734
71677376,34.5
71686336,41.86666488647461
71690080,42.22105407714844
71708304,34.71697998046875
71726928,38.482757568359375
71729728,37.435482025146484
71741024,37.10447692871094
71764896,44.803279876708984
71770432,45.20000076293945
71790592,39.49253845214844
71791648,39.132354736328125
71802192,40.013511657714844
71816480,39.26027297973633
71820064,37.880001068115234
71836112,39.15151596069336
71848000,35.35483932495117
71864544,42.86606979370117
71873424,39.19178009033203
71882736,39.869564056396484
71898384,37.599998474121094
71898832,40.072288513183594
71908144,30.799999237060547
71908864,36.98484802246094
71925488,40.19047546386719
71931248,39.599998474121094
71931488,32.19565200805664
71944320,35.456138610839844
71945296,35.596153259277344
71948912,39.28985595703125
71956960,37.153846740722656
71964368,36.38888931274414
71965936,35.440677642822266
71969120,36.5
71973312,39.238094329833984
71989264,37.274192810058594
71990752,39.05882263183594
72004496,40.57954406738281
72034112,41.733333587646484
72039360,40.75949478149414
72047328,32.574466705322266
72078368,39.1494255065918
72079520,42.80644989013672
72081456,39.136985778808594
72082560,35.456138610839844
72087088,37.75
72101712,37.08571243286133
72104928,39.48192596435547
72110544,39.10843276977539
72119408,31.76744270324707
72124784,26.878047943115234
72133600,37.0625
72159520,37.610389709472656
72166528,36.629032135009766
72168960,39.06666564941406
72170400,42.894229888916016
72181472,39.59722137451172
72190144,36.79268264770508
72192240,42.77011489868164
72220576,39.370967864990234
72232976,41.96341323852539
72235184,42.03191375732422
72254816,39.68421173095703
72295392,36.93333435058594
72301600,30.019607543945312
72303168,41.02531814575195
72314736,39.66666793823242
72332816,39.238094329833984
72350240,41.89610290527344
72352640,30.22222137451172
72355424,39.196720123291016
72355616,34.442623138427734
72356944,40.017242431640625
72359584,39.11475372314453
72365680,42.485713958740234
72379360,20.33333396911621
72382016,31.0
72392144,38.0
72402944,36.33333206176758
72410912,41.802467346191406
72414288,35.48147964477539
72436880,40.22222137451172
72438976,43.79999923706055
72477216,36.19117736816406
72480224,40.554054260253906
72480560,29.365385055541992
72488352,42.48051834106445
72503920,40.13750076293945
72532432,39.238094329833984
72533872,42.650943756103516
72541632,38.459014892578125
72542704,33.66666793823242
72543872,39.703125
72554992,20.799999237060547
72557296,40.45569610595703
72581008,40.9052619934082
72581584,38.745452880859375
72587472,40.98850631713867
72606512,42.028846740722656
72612528,25.0
72630208,36.93333435058594
72639728,38.0
72641600,37.828125
72647600,37.52631759643555
72670768,43.354331970214844
72671536,41.54545593261719
72672688,32.46666717529297
72682768,37.33802795410156
72693872,41.27777862548828
72730144,37.42856979370117
72735904,34.94827651977539
72739344,29.600000381469727
72742544,36.14516067504883
72743536,40.20000076293945
72749648,37.30555725097656
72771488,40.582279205322266
72786352,33.843135833740234
72797376,39.625
72797712,37.92727279663086
72797936,36.88888931274414
72809424,29.813953399658203
72824544,41.83333206176758
72854336,29.659090042114258
72869840,39.16867446899414
72876640,37.73770523071289
72882720,35.918033599853516
72890560,36.064517974853516
72899824,35.27118682861328
72908320,40.97435760498047
72919904,39.298702239990234
72923408,35.31343460083008
72923568,41.51612854003906
72929360,35.69696807861328
72940368,36.630767822265625
72941856,32.09090805053711
72957488,33.14285659790039
72966272,30.524999618530273
72967760,40.70833206176758
72972000,26.571428298950195
72974016,38.95774459838867
72976896,36.50746154785156
73004144,39.5396842956543
73009808,37.1728401184082
73021904,43.05217361450195
73032160,36.88888931274414
73043232,41.8725471496582
73044816,35.44285583496094
73054912,38.95774459838867
73058336,38.0
73074512,42.93902587890625
73075248,35.385963439941406
73092832,38.630767822265625
73093904,38.223880767822266
73112560,40.20779037475586
73126864,38.375
73130976,36.266666412353516
73154496,38.157142639160156
73171072,37.016666412353516
73186608,38.223880767822266
73191008,35.91044616699219
73229040,37.721309661865234
73232592,39.371429443359375
73248672,39.371795654296875
73256240,39.703125
73268256,40.724491119384766
73276768,35.220001220703125
73309984,40.13750076293945
73313136,36.014286041259766
73331216,36.7042236328125
73348064,34.92307662963867
73352960,35.019229888916016
73372816,36.20833206176758
73383840,38.426666259765625
73387232,41.18367385864258
73417968,41.134830474853516
73442048,43.17346954345703
73446656,36.056602478027344
73454992,30.659574508666992
73466416,41.978721618652344
73466912,39.4054069519043
73471184,33.540985107421875
73518912,39.04917907714844
73543456,38.82539749145508
73549392,37.32692337036133
73549776,35.543861389160156
73567792,38.3934440612793
73575696,42.327274322509766
73587088,37.45454406738281
73609904,39.945945739746094
73623296,41.52054977416992
73629600,40.486488342285156
73654608,37.55555725097656
73664256,37.125
73683952,40.52873611450195
73686240,44.663368225097656
73698176,36.790321350097656
73701952,42.06024169921875
73714480,45.05882263183594
73716720,40.70833206176758
73727408,31.16666603088379
73742400,37.125
73761744,39.370967864990234
73776528,39.328765869140625
73789568,38.64516067504883
73809728,45.13461685180664
73821360,43.12941360473633
73851872,42.35802459716797
73855712,39.6184196472168
73862064,37.14754104614258
73871760,44.82075500488281
73888080,37.86206817626953
73893008,36.578125
73894624,40.97435760498047
73905232,38.80303192138672
73906928,36.49180221557617
73908416,37.203125
73958896,41.03845977783203
73962832,42.94444274902344
73974656,38.6315803527832
73985296,34.93846130371094
73988080,40.605262756347656
74018928,35.38888931274414
74022480,40.014286041259766
74026256,41.30864334106445
74033376,43.45098114013672
74045632,39.02325439453125
74049184,41.02898406982422
74084240,42.9361686706543
74090768,39.28985595703125
74119536,40.23595428466797
74121936,39.85245895385742
74137936,38.0
74143072,32.29545593261719
74156320,40.29850769042969
74162032,43.36170196533203
74163936,40.842594146728516
74170096,34.934425354003906
74187712,36.24561309814453
74190032,41.93693542480469
74196768,39.50847625732422
74198960,38.797298431396484
74208400,39.0
74210304,37.88524627685547
74213632,41.43955993652344
74222832,37.657142639160156
74237312,34.60416793823242
74241776,23.580644607543945
74243856,39.85245895385742
74246272,38.55555725097656
74254752,33.94643020629883
74260672,27.846153259277344
74262368,30.021276473999023
74266720,41.61333465576172
74294896,37.081966400146484
74302016,37.14706039428711
74311488,43.77227783203125
74320608,37.68333435058594
74335936,43.931034088134766
74336576,40.43373489379883
74373328,34.93333435058594
74405712,29.399999618530273
74410384,46.12727355957031
74411504,38.228572845458984
74413776,38.71428680419922
74416416,39.488372802734375
74420112,38.71014404296875
74442336,35.509803771972656
74449200,40.013511657714844
74472432,40.154930114746094
74473216,37.17241287231445
74487584,37.878047943115234
74502000,44.239315032958984
74506048,34.54901885986328
74523232,31.920000076293945
74531360,42.53932571411133
74568144,29.946428298950195
74596784,33.28571319580078
74598032,41.431819915771484
74605056,35.77049255371094
74609056,38.67567443847656
74641120,40.52873611450195
74642128,37.49367141723633
74668384,40.235294342041016
74672576,40.185184478759766
74680336,29.428571701049805
74682416,40.64788818359375
74689520,17.851852416992188
74716464,40.70000076293945
74722512,29.189189910888672
74734976,41.44827651977539
74758368,38.95774459838867
74768880,37.64179229736328
74814592,28.77083396911621
74814912,38.77647018432617
74843200,39.47999954223633
74848672,32.08695602416992
74850720,37.83333206176758
74850752,33.38461685180664
74870224,41.948978424072266
74902544,37.38983154296875
74931584,36.378787994384766
74937232,37.20000076293945
74943216,27.263158798217773
74949152,37.68333435058594
74949968,37.05555725097656
74961184,30.97916603088379
74975792,35.01449203491211
74985936,28.35714340209961
74993424,28.413043975830078
74996512,31.88372039794922
75004784,42.49473571777344
75007776,39.50632858276367
75055264,35.180328369140625
75067760,41.0450439453125
75068976,32.83333206176758
75076512,37.83098602294922
75086400,35.68656539916992
75089600,35.5538444519043
75096752,33.727272033691406
75099760,23.274999618530273
75111968,35.35593032836914
75119888,39.76543045043945
75128656,31.0
75130784,29.11111068725586
75137184,35.68333435058594
75141712,33.40678024291992
75143632,37.880001068115234
75165488,39.430233001708984
75172096,35.015872955322266
75178352,35.33871078491211
75185936,36.47272872924805
75189232,37.599998474121094
75195936,30.45652198791504
75220784,30.73469352722168
75231056,37.33802795410156
75232448,32.52000045776367
75268816,35.77777862548828
75272688,44.628787994384766
75292960,38.476924896240234
75307840,41.39603805541992
75309360,43.224491119384766
75314128,35.180328369140625
75328384,40.6119384765625
75330464,42.073394775390625
75332208,32.08695602416992
75345248,38.93333435058594
75357680,42.50893020629883
75361120,40.014286041259766
75363808,42.78260803222656
75376256,42.20878982543945
75382352,33.703125
75390880,36.28571319580078
75398544,40.30588150024414
75454912,40.20000076293945
75466784,35.93846130371094
75473584,36.890625
75483040,38.95774459838867
75484448,35.010990142822266
75523248,41.4782600402832
75532864,34.766666412353516
75535248,32.18867874145508
75540384,28.073171615600586
75544560,36.056602478027344
75557936,17.435897827148438
75569744,39.59722137451172
75572912,40.41891860961914
75584832,36.93333435058594
75585216,39.272727966308594
75588992,35.27118682861328
75601920,36.014286041259766
75606560,30.87234115600586
75607088,38.19696807861328
75621344,28.88888931274414
75645840,29.524999618530273
75651520,36.71186447143555
75661296,37.55555725097656
75665040,34.61666488647461
75675024,36.30303192138672
75685664,39.16842269897461
75698928,33.597015380859375
75731248,42.085105895996094
75733008,33.03773498535156
75738464,38.08571243286133
75745072,35.875
75746496,41.78888702392578
75749584,41.55952453613281
75772768,34.31999969482422
75782480,40.154930114746094
75808672,39.328765869140625
75810384,35.411766052246094
75814800,30.4375
75830896,40.61333465576172
75840048,38.269840240478516
75841072,37.828125
75841824,39.80821990966797
75857648,38.1298713684082
75870608,39.46341323852539
75884080,36.19117736816406
75884320,36.813331604003906
75902880,34.130435943603516
75910512,40.58571243286133
75953728,42.264705657958984
75975024,38.04545593261719
75976592,30.837209701538086
75987104,42.90654373168945
75987696,29.711111068725586
75998368,40.17460250854492
76023808,35.33333206176758
76091088,38.43037796020508
76094064,36.71186447143555
76111392,33.826087951660156
76118272,38.55555725097656
76150064,39.33333206176758
76162688,36.033897399902344
76175472,38.238807678222656
76215136,39.72058868408203
76216480,39.524391174316406
76223888,41.07777786254883
76225408,34.31999969482422
76259792,38.324676513671875
76262096,34.45283126831055
76270016,42.19791793823242
76279840,39.703125
76281216,40.36046600341797
76282400,32.71154022216797
76287760,38.48611068725586
76287808,42.0
76295504,41.376625061035156
76315792,43.88764190673828
76320384,37.62963104248047
76335040,43.69696807861328
76348624,35.581817626953125
76349632,32.41999816894531
76355568,25.91176414489746
76358416,41.2023811340332
76401760,36.849998474121094
76419056,39.91666793823242
76424432,42.11579132080078
76424608,40.014286041259766
76430224,37.125
76454080,36.349998474121094
76465360,38.55172348022461
76468208,41.36585235595703
76470016,34.69565200805664
76476096,40.43243408203125
76478976,42.425289154052734
76518992,39.16923141479492
76531216,37.05555725097656
76531776,35.48147964477539
76556176,40.63750076293945
76583184,37.41379165649414
76622096,30.399999618530273
76642960,42.758243560791016
76647376,34.5
76648448,35.25
76696736,38.52564239501953
76725056,41.960784912109375
76737952,34.54716873168945
76739920,38.80303192138672
76744896,39.47999954223633
76759520,42.9052619934082
76761424,42.511905670166016
76771216,43.16304397583008
76772080,39.32758712768555
76774736,41.92307662963867
76784064,32.61538314819336
76790080,38.9466667175293
76800176,34.24615478515625
76813232,37.17241287231445
76818240,34.228572845458984
76827056,35.01818084716797
76866416,40.82558059692383
76873376,41.85869598388672
76876592,44.62711715698242
76886096,41.84146499633789
76892608,41.891090393066406
76904672,30.524999618530273
76917824,38.630767822265625
76922112,37.74725341796875
76925088,31.10869598388672
76931360,42.589473724365234
76942944,37.93055725097656
76950960,42.43801498413086
76952896,44.52631759643555
76955056,42.49367141723633
76961152,30.878047943115234
76978784,38.725807189941406
76980640,39.43589782714844
76984192,39.05263137817383
76999696,43.54081726074219
77000752,42.0
77035472,39.44303894042969
77070832,33.86885070800781
77097968,40.349998474121094
77099552,29.0
77099968,35.38888931274414
77102608,39.94285583496094
77110992,42.17441940307617
77134736,41.33333206176758
77150672,34.0638313293457
77158752,39.88461685180664
77163488,41.965518951416016
77166928,38.05356979370117
77184432,41.80434799194336
77184720,37.599998474121094
77216912,38.82539749145508
77220800,45.92647171020508
77227744,33.016666412353516
77254848,42.66666793823242
77286608,34.92307662963867
77290752,42.79487228393555
77291312,23.171428680419922
77291840,30.31999969482422
77298240,32.266666412353516
77307776,30.87234115600586
77313856,36.573768615722656
77323072,42.16666793823242
77323856,42.14583206176758
77340080,37.9466667175293
77346352,40.6224479675293
77346352,34.57143020629883
77381488,37.29090881347656
77385376,31.703702926635742
77385984,31.021739959716797
77389472,43.9555549621582
77392240,38.0579719543457
77411792,41.462364196777344
77413536,34.842105865478516
77451360,39.945945739746094
77459296,37.279998779296875
77460416,39.625
77460784,28.639999389648438
77468496,41.092308044433594
77470000,36.02702713012695
77477840,37.22950744628906
77507648,29.020408630371094
77517216,28.814815521240234
77517984,29.0222225189209
77520496,33.03773498535156
77533024,29.428571701049805
77539536,31.978260040283203
77580816,31.27083396911621
77586688,34.94545364379883
77614576,33.94643020629883
77616528,32.73684310913086
77622368,37.29090881347656
77635280,31.685184478759766
77664912,40.98850631713867
77673664,45.53333282470703
77674496,31.975608825683594
77686432,42.6860466003418
77692880,33.61701965332031
77709392,43.9793815612793
77710240,38.349998474121094
77711856,34.74074172973633
77738928,33.425533294677734
77756000,45.608001708984375
77764032,43.59782791137695
77793776,38.71014404296875
77832304,43.927833557128906
77833872,41.56756591796875
77863792,31.94230842590332
77882320,33.654544830322266
77886208,44.8870964050293
77897520,36.16923141479492
77924480,39.88461685180664
77949104,26.7608699798584
77952496,43.62963104248047
77954752,32.5
77959488,35.35593032836914
77960128,37.136985778808594
77963712,43.08256912231445
77976848,33.480770111083984
77984352,28.319149017333984
77985632,33.41999816894531
78000560,33.02083206176758
78006032,44.443397521972656
78018304,36.551021575927734
78031344,32.42856979370117
78039408,36.7746467590332
78057456,32.18867874145508
78067200,36.314815521240234
78071328,43.36170196533203
78084576,37.39682388305664
78101840,36.482757568359375
78103600,27.1875
78109104,45.14655303955078
78113888,29.90243911743164
78117872,37.3466682434082
78120176,42.509803771972656
78122656,30.477272033691406
78132624,37.35483932495117
78144368,35.171875
78167760,39.47999954223633
78192976,39.6184196472168
78193744,44.92241287231445
78194496,42.33720779418945
78214624,35.83636474609375
78225984,16.0
78228672,38.540985107421875
78235648,35.25
78241120,41.28168869018555
78253168,40.77777862548828
78255376,39.05882263183594
78257152,33.878787994384766
78259856,40.86666488647461
78266064,41.390804290771484
78266736,26.571428298950195
78285184,36.70769119262695
78286672,41.79570007324219
78290464,28.046510696411133
78319136,41.35365676879883
78338224,23.743589401245117
78342512,42.20560836791992
78344000,37.935482025146484
78355392,37.882354736328125
78356480,32.720001220703125
78360288,35.745452880859375
78374528,38.89552307128906
78381648,38.25274658203125
78383360,34.358489990234375
78383488,31.600000381469727
78385616,32.404762268066406
78393856,39.180328369140625
78407392,31.914894104003906
78418512,34.05263137817383
78425296,34.17021179199219
78433312,40.01333236694336
78442944,37.703704833984375
78475728,40.57954406738281
78483232,36.63380432128906
78486960,33.69811248779297
78494848,37.93902587890625
78520736,32.36170196533203
78523792,38.93243408203125
78561760,20.060606002807617
78565056,31.46666717529297
78570544,39.417911529541016
78582480,37.599998474121094
78596592,31.590909957885742
78611264,38.0987663269043
78620800,37.95082092285156
78636800,37.5
78656912,42.88888931274414
78679200,36.88888931274414
78713280,37.35483932495117
78715584,38.269840240478516
78724816,34.044776916503906
78748896,41.17777633666992
78753776,40.58333206176758
78760608,45.21138381958008
78781296,41.35365676879883
78784240,29.849056243896484
78785504,36.702701568603516
78789184,41.47190856933594
78791664,38.64516067504883
78794752,36.54838562011719
78797792,40.70833206176758
78811760,38.48611068725586
78831472,39.70000076293945
78835328,42.10843276977539
78835808,37.63492202758789
78841680,43.37894821166992
78853488,44.693695068359375
78862032,37.0
78880816,35.581817626953125
78889600,33.81690216064453
78896512,33.081634521484375
78912544,28.447368621826172
78923488,41.414634704589844
78924544,20.0
78956864,43.25675582885742
78964752,44.009525299072266
78971472,39.61333465576172
78977856,35.38888931274414
78980448,42.81632614135742
78983280,41.52809143066406
79022704,29.918367385864258
79033328,27.11111068725586
79042208,43.21739196777344
79051376,43.599998474121094
79057728,33.03773498535156
79073008,41.578125
79076096,32.81999969482422
79076848,33.77083206176758
79094464,32.9375
79101904,32.19565200805664
79103456,33.81034469604492
79108160,34.5
79119056,45.83458709716797
79127664,40.89189147949219
79134992,45.43157958984375
79146240,34.849998474121094
79147888,33.20454406738281
79192656,40.685394287109375
79210272,30.477272033691406
79220752,28.162790298461914
79235392,21.75
79242320,31.55813980102539
79283488,32.05882263183594
79284544,43.01852035522461
79286128,41.71428680419922
79314208,36.563636779785156
79315616,42.988094329833984
79325712,34.29090881347656
79345696,35.5538444519043
79353968,31.5510196685791
79361952,31.129629135131836
79363344,37.671875
79379552,36.87036895751953
79380576,44.15957260131836
79382464,30.933332443237305
79392208,39.11475372314453
79392656,23.54054069519043
79410032,30.799999237060547
79427424,29.36842155456543
79438816,27.299999237060547
79447248,30.070589065551758
79463152,36.279998779296875
79511920,41.54545593261719
79524656,44.69047546386719
79529424,27.263158798217773
79536096,33.065216064453125
79548176,42.54216766357422
79551312,35.543861389160156
79560576,30.211538314819336
79596400,39.79710006713867
79599328,32.44444274902344
79612640,36.39655303955078
79619744,33.081634521484375
79625024,37.0379753112793
79625536,24.577777862548828
79637888,19.70967674255371
79648288,36.22222137451172
79653664,35.650794982910156
79661232,40.63750076293945
79665536,34.45283126831055
79674912,38.46479034423828
79675632,34.45283126831055
79678288,27.157894134521484
79679664,44.92683029174805
79682496,33.034481048583984
79682848,39.871429443359375
79685392,38.74576187133789
79689872,34.81632614135742
79698688,37.64912414550781
79698976,35.554054260253906
79701424,42.93258285522461
79702736,40.93814468383789
79718192,29.9069766998291
79719728,44.14754104614258
79725184,43.11111068725586
79741712,27.930233001708984
79753088,36.426231384277344
79757312,38.13750076293945
79761472,39.595237731933594
79807744,38.728572845458984
79818384,42.22093200683594
79821104,40.01408386230469
79833728,40.13580322265625
79836000,37.046875
79849168,39.19178009033203
79857920,41.89610290527344
79863120,37.803279876708984
79867632,41.54545593261719
79877376,36.034481048583984
79878032,37.51515197753906
79896144,38.64516067504883
79897552,34.774192810058594
79899840,35.73469543457031
79914912,42.122222900390625
79917168,37.93055725097656
79917696,33.34000015258789
79922944,27.23255729675293
79926080,42.14606857299805
79938224,42.0
79952880,40.86585235595703
79961136,32.965518951416016
79974752,41.69767379760742
79982528,33.14285659790039
79982976,40.154930114746094
79991312,35.421051025390625
80008192,33.40678024291992
80035632,38.540985107421875
80045344,36.426231384277344
80046272,37.413333892822266
80086144,42.35714340209961
80104144,37.85185241699219
80120464,35.69230651855469
80141264,43.09803771972656
80156464,38.864864349365234
80183376,39.371429443359375
80187328,36.482757568359375
80194816,35.48147964477539
80232832,39.371429443359375
80337840,33.20454406738281
80363584,34.703125
80379504,26.975608825683594
80403376,41.842105865478516
80408336,38.810001373291016
80418608,31.553571701049805
80424032,33.38461685180664
80425008,41.376625061035156
80425808,31.238094329833984
80443696,36.77027130126953
80448304,38.01333236694336
80479088,16.14285659790039
80483824,43.81415939331055
80486128,29.822221755981445
80490208,39.6184196472168
80507792,35.83561706542969
80508432,22.484848022460938
80514400,42.59321975708008
80515536,35.60293960571289
80533920,40.60869598388672
80539504,27.428571701049805
80540208,27.636363983154297
80542368,37.796295166015625
80545552,37.828125
80552816,29.04878044128418
80568016,40.66128921508789
80590688,34.318180084228516
80595600,40.89706039428711
80617952,37.32307815551758
80635200,37.7931022644043
80641568,23.969696044921875
80644064,44.11606979370117
80657296,42.063636779785156
80667440,37.47457504272461
80680064,38.39189147949219
80680688,33.20454406738281
80692512,36.632354736328125
80693392,36.7662353515625
80697904,21.628570556640625
80699536,42.0
80719472,45.53982162475586
80723120,40.77777862548828
80737856,39.66071319580078
80744672,34.74074172973633
80745776,40.900001525878906
80745808,40.587501525878906
80763680,37.776119232177734
80779952,43.310001373291016
80793424,42.838382720947266
80795136,40.92683029174805
80799504,41.93269348144531
80802336,39.30434799194336
80809200,39.075469970703125
80809648,40.0
80821056,37.235294342041016
80827680,36.625
80832704,32.19565200805664
80849056,41.56989288330078
80852432,33.156864166259766
80870992,36.314815521240234
80871664,37.230770111083984
80886800,39.893333435058594
80912032,36.74074172973633
80914064,40.486488342285156
80921056,22.75757598876953
80921648,43.306819915771484
80924000,40.730159759521484
80933872,36.85714340209961
80939648,39.77049255371094
80954224,33.78688430786133
80968576,34.29090881347656
80970128,36.81944274902344
80978016,30.788461685180664
81018160,36.568965911865234
81023264,39.75
81030336,40.41414260864258
81037664,43.154640197753906
81064208,38.43055725097656
81093360,36.880001068115234
81093648,43.46391677856445
81097664,36.064517974853516
81118544,37.86206817626953
81118768,37.367645263671875
81126672,34.93650817871094
81155088,34.32758712768555
81167968,38.323944091796875
81193072,39.57352828979492
81199376,37.33802795410156
81213328,30.256410598754883
81215152,40.072288513183594
81221488,38.5436897277832
81222336,39.906978607177734
81237504,37.51388931274414
81240704,26.975608825683594
81250656,40.931034088134766
81256624,37.47457504272461
81280272,40.01333236694336
81312688,41.78125
81315664,39.70000076293945
81374736,40.25
81379696,22.129032135009766
81379952,36.71186447143555
81389312,43.04999923706055
81395568,37.45454406738281
81406992,37.63492202758789
81411184,29.0
81417760,36.22222137451172
81420288,37.817073822021484
81423392,34.29090881347656
81426928,40.619468688964844
81436608,44.101009368896484
81440896,37.566036224365234
81443264,45.0476188659668
81457424,45.047245025634766
81458512,38.864864349365234
81461744,41.0361442565918
81471360,37.83333206176758
81515552,37.10810852050781
81523408,17.457143783569336
81531184,33.69811248779297
81536688,41.855262756347656
81543056,21.894737243652344
81565360,33.69811248779297
81579040,28.0222225189209
81585008,32.89855194091797
81592288,32.29545593261719
81598560,32.578948974609375
81600384,37.0
81603920,42.97087478637695
81608432,34.94545364379883
81614128,33.5625
81626144,38.97674560546875
81631920,42.852272033691406
81632960,33.21311569213867
81645296,42.31034469604492
81654864,39.86153793334961
81682880,28.046510696411133
81684752,40.33766174316406
81689520,27.75
81711536,42.459678649902344
81712816,39.24615478515625
81718128,39.13750076293945
81726096,35.904109954833984
81737328,33.03773498535156
81748320,42.787879943847656
81757728,37.22950744628906
81759312,30.87234115600586
81781808,29.0930233001709
81813632,40.47126388549805
81820736,36.056602478027344
81827264,33.79245376586914
81828496,43.04901885986328
81832240,37.157142639160156
81855712,30.799999237060547
81876320,40.582279205322266
81878576,39.0945930480957
81911376,31.558441162109375
81918656,33.69811248779297
81960528,40.28767013549805
81963024,27.157894134521484
81975376,39.298702239990234
81980496,37.90140914916992
81987328,34.05263137817383
81991280,39.488372802734375
82001312,32.109092712402344
82002080,29.42622947692871
82005216,38.29850769042969
82015168,32.19607925415039
82021616,35.10344696044922
82024848,36.235294342041016
82027744,24.171428680419922
82029728,44.175926208496094
82035920,37.88888931274414
82054832,32.57777786254883
82098528,36.568965911865234
82104432,39.75324630737305
82116000,36.33333206176758
82117408,39.52112579345703
82126016,33.480770111083984
82147568,35.73469543457031
82147712,31.89583396911621
82148496,31.4489803314209
82155328,36.790321350097656
82175184,36.62711715698242
82182064,44.18260955810547
82198688,40.64102554321289
82199152,34.358489990234375
82208896,41.14666748046875
82219200,35.28571319580078
82221840,31.428571701049805
82225136,26.4761905670166
82226528,21.243244171142578
82234480,38.323944091796875
82252144,26.105262756347656
82265920,36.52631759643555
82273648,40.26041793823242
82308240,43.22834777832031
82309152,28.263158798217773
82323184,31.217391967773438
82325728,38.095890045166016
82335696,40.98850631713867
82349328,44.16831588745117
82350944,29.924528121948242
82389520,41.66054916381836
82402384,38.06779479980469
82410960,35.186439514160156
82416336,35.33333206176758
82416400,41.86419677734375
82422192,40.04716873168945
82432080,42.74418640136719
82438448,44.771427154541016
82439040,43.06666564941406
82441504,26.0930233001709
82443040,39.595237731933594
82444640,29.634614944458008
82446592,43.03296661376953
82447184,35.20754623413086
82454112,42.790122985839844
82480272,29.547618865966797
82485536,25.66666603088379
82499216,36.22222137451172
82519824,38.0579719543457
82524880,32.9375
82531280,41.134830474853516
82535776,41.72916793823242
82538080,36.30908966064453
82564096,40.01515197753906
82569264,41.7599983215332
82572640,41.0
82588784,39.79166793823242
82626096,43.3636360168457
82629136,30.653060913085938
82630624,34.1020393371582
82631712,40.98850631713867
82647888,33.375
82668688,43.6129035949707
82672768,43.0
82676944,33.57777786254883
82677904,38.975608825683594
82695200,36.14516067504883
82699008,19.47222137451172
82707536,41.91752624511719
82721296,28.073171615600586
82732656,43.13461685180664
82733216,37.35714340209961
82733856,25.93181800842285
82733968,38.540985107421875
82750752,36.871795654296875
82761504,31.409835815429688
82763200,29.673913955688477
82769424,29.921567916870117
82771728,38.43157958984375
82776304,41.38356018066406
82777904,34.22806930541992
82780928,41.7931022644043
82806544,41.64285659790039
82819744,38.92307662963867
82829248,20.885713577270508
82844176,31.0
82846112,43.44954299926758
82846880,36.568965911865234
82847088,30.2608699798584
82847104,31.290908813476562
82882160,40.852630615234375
82883040,42.97916793823242
82892496,33.843135833740234
82895584,33.43333435058594
82913904,35.28813552856445
82926192,39.24615478515625
82966032,41.70000076293945
82967952,34.6129035949707
82973856,37.578948974609375
82985056,42.0
82991664,38.121212005615234
83009824,35.91044616699219
83011456,37.209678649902344
83026032,41.4886360168457
83033136,36.266666412353516
83051344,23.969696044921875
83051568,31.037036895751953
83061488,40.514286041259766
83065712,41.35820770263672
83075680,36.13432693481445
83078304,41.233333587646484
83090288,42.085105895996094
83090400,39.55172348022461
83093760,36.70769119262695
83105760,40.11111068725586
83109152,44.33333206176758
83120096,34.0
83128480,32.51852035522461
83129216,33.41999816894531
83130080,24.571428298950195
83137840,39.95180892944336
83153248,32.46808624267578
83160048,35.10344696044922
83165264,32.720001220703125
83182768,28.717391967773438
83197296,43.1224479675293
83201008,27.864864349365234
83205648,40.489131927490234
83206848,31.482759475708008
83208224,34.68831253051758
83232928,34.38181686401367
83259696,36.24561309814453
83267520,33.05882263183594
83272544,29.928571701049805
83272688,39.878379821777344
83273040,41.185184478759766
83279840,38.77922058105469
83316528,38.19480514526367
83318752,41.20000076293945
83329776,33.13725662231445
83346880,35.846153259277344
83350192,39.371795654296875
83368528,37.88524627685547
83387888,38.68965530395508
83388368,29.428571701049805
83389936,40.425533294677734
83391088,39.371795654296875
83393088,32.08695602416992
83401856,22.615385055541992
83407520,40.818180084228516
83440544,38.06944274902344
83461136,34.18333435058594
83472176,24.6875
83476192,33.69230651855469
83483792,30.984848022460938
83496560,35.69696807861328
83501824,34.016666412353516
83504480,28.60869598388672
83506784,31.510639190673828
83512000,29.133333206176758
83524384,35.30188751220703
83532768,29.799999237060547
83534928,35.83636474609375
83556480,33.66666793823242
83557504,27.524999618530273
83561056,23.405405044555664
83561920,43.52747344970703
83566576,40.63750076293945
83568800,19.25
83616800,35.20754623413086
83654384,40.89706039428711
83655744,39.49253845214844
83661744,33.563636779785156
83668080,30.799999237060547
83680224,39.44303894042969
83683072,44.55555725097656
83687856,41.52054977416992
83697296,40.685394287109375
83728656,37.30555725097656
83741680,32.05882263183594
83756880,41.76250076293945
83773600,31.95161247253418
83774000,40.77647018432617
83787760,43.10869598388672
83804528,31.983606338500977
83837584,37.68333435058594
83842288,32.367347717285156
83850960,35.4375
83853088,33.13432693481445
83857248,29.04878044128418
83882096,33.480770111083984
83888896,42.58415985107422
83889040,34.25
83895856,42.93258285522461
83898464,41.68000030517578
83906848,39.818180084228516
83910368,38.323944091796875
83910576,37.91935348510742
83917760,42.13985824584961
83920864,30.0222225189209
83926288,28.76744270324707
83954896,35.28571319580078
83964224,34.140350341796875
83969024,38.19047546386719
83990176,45.350425720214844
83993296,33.016666412353516
84029264,41.5
84034640,39.844444274902344
84073888,32.75
84082800,43.844661712646484
84097024,36.753623962402344
84102144,45.62886428833008
84107392,35.30188751220703
84107728,34.54716873168945
84109152,28.319149017333984
84112000,41.287357330322266
84114240,34.358489990234375
84115520,33.52000045776367
84118160,42.252872467041016
84155392,27.5238094329834
84165584,39.546512603759766
84190784,41.35365676879883
84193360,32.404762268066406
84201296,39.37974548339844
84203760,40.77906799316406
84205856,32.68888854980469
84211584,44.060001373291016
84213744,40.0121955871582
84215664,43.882354736328125
84236192,32.956520080566406
84238192,33.66666793823242
84259248,35.60975646972656
84267744,41.84146499633789
84269184,35.69230651855469
84275296,15.931034088134766
84290528,37.882354736328125
84307888,37.721309661865234
84309184,43.16455841064453
84310272,35.01886749267578
84327088,34.842105865478516
84334976,42.852272033691406
84343008,35.38888931274414
84348032,32.720001220703125
84354240,41.390804290771484
84367408,42.03603744506836
84371872,37.82828140258789
84389472,35.109092712402344
84391248,32.57143020629883
84396160,33.90909194946289
84404400,39.95402145385742
84407520,40.86585235595703
84408000,33.95082092285156
84416704,42.415584564208984
84419312,32.8139533996582
84426336,33.66666793823242
84487056,38.89552307128906
84488672,30.76595687866211
84490896,39.30434799194336
84493312,42.14583206176758
84511392,14.714285850524902
84517632,37.55555725097656
84542592,37.91935348510742
84545664,36.02000045776367
84557936,37.94827651977539
84569248,27.35555648803711
84574848,28.717391967773438
84622080,35.109092712402344
84625456,17.91666603088379
84627232,27.580644607543945
84641040,38.269840240478516
84664000,36.55769348144531
84682400,33.58333206176758
84687024,28.595237731933594
84687936,25.157894134521484
84695600,28.524999618530273
84699520,36.64285659790039
84699632,43.14285659790039
84709184,39.49253845214844
84716912,42.25233459472656
84727504,31.433961868286133
84728672,43.53061294555664
84729536,39.56962203979492
84747008,36.78461456298828
84748576,35.918033599853516
84794544,35.10344696044922
84794544,36.24561309814453
84805392,39.524391174316406
84821488,41.08571243286133
84831408,44.69643020629883
84832720,41.84146499633789
84835584,38.46479034423828
84854000,29.3157901763916
84863408,39.632911682128906
84868192,41.26315689086914
84872384,37.769229888916016
84875760,36.421875
84902832,37.05555725097656
84909280,41.51807403564453
84972592,30.16666603088379
84982672,40.33333206176758
84984416,33.238094329833984
85002528,32.02000045776367
85011104,42.36170196533203
85020320,33.18367385864258
85062304,36.02000045776367
85070064,42.78260803222656
85096576,35.20754623413086
85098896,37.0
85103760,34.94117736816406
85106256,36.266666412353516
85118144,39.19117736816406
85121296,21.885713577270508
85122272,27.0
85132304,27.981481552124023
85154656,38.04545593261719
85155392,38.985294342041016
85155456,36.71186447143555
85187408,36.378787994384766
85197552,41.20000076293945
85211488,34.42307662963867
85221472,37.75
85231184,43.06315612792969
85248656,31.741378784179688
85260256,41.0361442565918
85291712,21.69444465637207
85300592,35.30188751220703
85303312,46.17293167114258
85333424,37.17241287231445
85337392,41.376625061035156
85341504,21.894737243652344
85345664,39.89024353027344
85350368,35.97260284423828
85355216,29.90243911743164
85365232,43.43157958984375
85366512,30.33333396911621
85368688,41.559139251708984
85395712,32.92727279663086
85409040,30.953489303588867
85426768,37.24615478515625
85430848,26.840909957885742
85446880,36.015384674072266
85447984,35.96428680419922
85461616,33.5538444519043
85473296,31.617021560668945
85492416,29.25
85519584,30.773584365844727
85523840,38.03947448730469
85564272,36.181819915771484
85576416,35.371429443359375
85581664,35.411766052246094
85583264,36.83606719970703
85607024,33.81690216064453
85622288,39.18055725097656
85631824,44.22549057006836
85632160,40.884056091308594
85633344,41.74074172973633
85637264,44.5099983215332
85638688,30.524999618530273
85640112,42.51041793823242
85640160,38.26760482788086
85655952,33.18367385864258
85679424,41.09090805053711
85685168,32.03508758544922
85686240,42.19791793823242
85711760,34.622642517089844
85714736,30.01886749267578
85720544,35.75409698486328
85728160,32.720001220703125
85736640,40.73786544799805
85741184,20.16216278076172
85742128,25.45945930480957
85742288,25.70270347595215
85753680,34.092594146728516
85753872,21.0
85755280,29.41666603088379
85758640,30.87234115600586
85774816,24.0
85786064,35.03278732299805
85792480,30.29032325744629
85796928,29.60416603088379
85808976,29.822221755981445
85832720,35.10344696044922
85833600,17.571428298950195
85835728,36.04411697387695
85841024,36.92063522338867
85847456,23.264705657958984
85850096,35.90277862548828
85876656,39.08333206176758
85876688,36.75324630737305
85878080,43.31132125854492
85879296,35.83636474609375
85881536,23.83333396911621
85890496,29.299999237060547
85890624,30.799999237060547
85895312,37.29090881347656
85897872,27.71794891357422
85911952,36.71186447143555
85932288,41.6588249206543
85943536,25.567567825317383
85948784,25.052631378173828
85965056,36.71697998046875
85971632,34.48214340209961
85973856,26.274999618530273
85974608,32.720001220703125
85978288,35.30188751220703
85985824,26.840909957885742
86005648,35.09375
86067968,34.41379165649414
86068416,42.509090423583984
86093536,31.617021560668945
86125376,34.92727279663086
86127824,30.363636016845703
86146688,26.820512771606445
86159744,38.349998474121094
86165712,42.59550476074219
86166752,30.953489303588867
86170048,33.14285659790039
86170800,30.068492889404297
86192800,34.72549057006836
86197936,27.829267501831055
86199120,36.18333435058594
86199456,35.543861389160156
86212688,30.01754379272461
86219168,37.69047546386719
86226608,31.490196228027344
86229840,33.630767822265625
86234608,29.822221755981445
86237504,41.622222900390625
86246512,37.671875
86249424,35.119998931884766
86252400,38.0
86255040,33.77083206176758
86256112,37.40579605102539
86257072,39.86153793334961
86272016,24.80487823486328
86288960,34.0
86343824,38.55555725097656
86349024,32.64406967163086
86350624,37.17910385131836
86351456,41.45783233642578
86356896,37.35483932495117
86375088,35.48147964477539
86378784,38.323944091796875
86385888,41.328948974609375
86386320,38.852630615234375
86394048,33.425533294677734
86406320,36.632652282714844
86406816,29.929824829101562
86411808,38.23214340209961
86415392,39.90425491333008
86439136,29.9069766998291
86458608,34.92982482910156
86459808,35.26229476928711
86470048,29.41666603088379
86481104,40.15277862548828
86510208,25.524999618530273
86522960,36.9466667175293
86524528,35.516666412353516
86535792,34.29090881347656
86537584,25.973684310913086
86547648,30.953489303588867
86567696,43.85185241699219
86581648,42.400001525878906
86591552,42.30097198486328
86594944,32.619998931884766
86600896,37.400001525878906
86602640,34.41379165649414
86624480,35.375
86639488,37.26760482788086
86660992,30.878047943115234
86668608,35.81159591674805
86669712,32.46808624267578
86672912,32.36170196533203
86689888,35.96226501464844
86694496,40.621212005615234
86710720,37.305084228515625
86732592,32.0
86761376,25.130434036254883
86776288,41.943180084228516
86795184,28.70270347595215
86805280,35.400001525878906
86814640,34.0
86826672,36.421875
86843280,39.49253845214844
86844176,35.879310607910156
86855248,36.97101593017578
86867456,25.88888931274414
86871424,38.338462829589844
86876912,42.31578826904297
86882080,34.22806930541992
86896080,37.203125
86923520,44.120967864990234
86925296,35.109092712402344
86929232,38.65151596069336
86930432,41.03409194946289
86944576,38.53409194946289
86946080,44.1274528503418
86969824,33.295082092285156
86979856,43.77227783203125
86992256,45.71666717529297
86997776,39.82926940917969
87000624,29.039215087890625
87005408,33.480770111083984
87010544,36.39655303955078
87022480,32.8139533996582
87029840,35.19643020629883
87039664,35.220001220703125
87050880,38.06779479980469
87062224,37.93846130371094
87063760,32.956520080566406
87065296,14.583333015441895
87067712,26.600000381469727
87068448,38.296875
87110560,37.197181701660156
87112672,26.174999237060547
87120640,39.18055725097656
87134144,42.269229888916016
87138720,36.92063522338867
87159664,41.122222900390625
87163136,43.96190643310547
87167152,35.33333206176758
87172816,44.391754150390625
87187248,41.82954406738281
87206304,38.476924896240234
87237664,41.40506362915039
87254288,42.656864166259766
87264912,38.14285659790039
87265952,41.872093200683594
87283456,41.650001525878906
87286048,43.821781158447266
87289120,34.842105865478516
87289456,27.25
87293040,31.803571701049805
87304224,38.459014892578125
87306016,35.26229476928711
87344672,39.11724090576172
87348064,35.440677642822266
87348480,27.255319595336914
87358032,26.212766647338867
87371184,40.068180084228516
87382704,41.28168869018555
87389312,32.46938705444336
87400480,42.80644989013672
87403840,44.78985595703125
87439200,34.918365478515625
87442608,38.19696807861328
87446128,40.08333206176758
87462240,29.56818199157715
87471600,32.09090805053711
87472816,35.180328369140625
87485744,26.0
87491840,43.20000076293945
87500448,34.2400016784668
87501216,32.46938705444336
87503344,44.04081726074219
87512816,44.223140716552734
87524656,31.272727966308594
87571216,34.0
87576320,42.18811798095703
87586656,27.84782600402832
87596128,36.58571243286133
87596640,28.162790298461914
87596848,40.75308609008789
87599216,32.29545593261719
87599712,42.988094329833984
87605520,36.40983581542969
87611584,43.76041793823242
87624176,26.0
87627120,22.382352828979492
87628192,38.35087585449219
87633408,35.91071319580078
87656752,44.62711715698242
87660720,38.121212005615234
87671376,31.88372039794922
87687216,42.25
87688016,26.13888931274414
87697408,35.01818084716797
87710416,36.64615249633789
87713072,28.183673858642578
87726672,31.703702926635742
87729152,31.799999237060547
87735888,22.33333396911621
87757728,39.21739196777344
87792800,30.25
87829712,33.092594146728516
87836016,38.64516067504883
87858096,39.290321350097656
87867120,42.22641372680664
87876464,44.453704833984375
87899552,36.81132125854492
87900640,43.47252655029297
87910240,30.239999771118164
87912160,33.5625
87921424,41.74074172973633
87931280,42.96154022216797
87937344,39.52777862548828
87948320,36.94736862182617
87952464,31.326086044311523
87954448,43.88764190673828
87956816,31.339622497558594
87981840,35.879310607910156
87984256,37.882354736328125
87985760,43.56666564941406
87998816,36.70769119262695
88031264,42.080806732177734
88034880,36.93333435058594
88057152,37.64912414550781
88057216,36.27631759643555
88058480,43.900001525878906
88060272,37.86206817626953
88060400,40.68041229248047
88071280,29.60416603088379
88072160,27.295454025268555
88072464,36.056602478027344
88086064,42.511905670166016
88089232,38.121212005615234
88094352,23.294116973876953
88095168,43.07920837402344
88095456,29.914894104003906
88107600,17.571428298950195
88124656,42.25
88136320,37.33928680419922
88139952,30.524999618530273
88153104,36.71428680419922
88159280,41.76744079589844
88166320,39.380950927734375
88177824,38.921875
88197744,28.106382369995117
88209072,35.875
88219968,37.73684310913086
88232656,43.326316833496094
88294384,25.738094329833984
88306304,44.23636245727539
88310544,37.40579605102539
88311472,41.346534729003906
88350656,37.35483932495117
88392304,40.22222137451172
88396400,40.55434799194336
88409584,38.121212005615234
88414624,42.51063919067383
88424528,40.514286041259766
88424784,41.531646728515625
88425232,38.0579719543457
88436736,32.574466705322266
88453376,34.918365478515625
88461696,43.51948165893555
88478224,32.88888931274414
88499360,25.69230842590332
88506192,39.290321350097656
88521328,34.842105865478516
88532864,36.97101593017578
88546128,32.18965530395508
88585728,34.9523811340332
88592528,28.945945739746094
88597632,35.599998474121094
88606928,40.017242431640625
88621376,36.83333206176758
88654608,38.65151596069336
88665136,39.19696807861328
88672176,31.214284896850586
88673824,43.55339813232422
88689600,38.64516067504883
88698880,40.188236236572266
88714224,37.882354736328125
88728016,40.21917724609375
88737360,24.171428680419922
88743648,41.140846252441406
88750768,38.654544830322266
88751168,37.68333435058594
88765968,28.264705657958984
88777424,38.727272033691406
88777488,41.55952453613281
88787968,28.945945739746094
88793136,44.96296310424805
88835328,27.64285659790039
88846896,34.25
88852432,41.599998474121094
88854880,32.46808624267578
88869056,39.47999954223633
88878816,34.27659606933594
88879536,42.48484802246094
88894256,40.13750076293945
88912496,37.05263137817383
88914544,37.35483932495117
88919216,35.48147964477539
88945376,44.448978424072266
88947968,42.6588249206543
88950624,33.655174255371094
88952656,41.414634704589844
88961760,32.02000045776367
88962400,38.47058868408203
88971840,39.150943756103516
88979568,43.67618942260742
88984400,39.298702239990234
88993008,42.0
88995552,44.7876091003418
89002320,37.51785659790039
89006384,37.803279876708984
89027648,32.720001220703125
89028480,39.94285583496094
89042768,40.61333465576172
89051600,38.269840240478516
89056192,43.425743103027344
89066544,35.77777862548828
89068464,41.24691390991211
89069360,37.39682388305664
89085616,32.557376861572266
89085744,35.509803771972656
89100080,42.69072341918945
89102304,35.31343460083008
89110048,27.255319595336914
89119424,37.125
89127776,34.943660736083984
89132256,36.49180221557617
89145184,38.63768005371094
89168560,40.072288513183594
89175408,40.072288513183594
89176800,43.104652404785156
89205584,40.92683029174805
89213984,41.44827651977539
89226192,40.46154022216797
89241584,36.563636779785156
89242864,30.76595687866211
89282480,43.438201904296875
89302256,37.065574645996094
89310144,45.703704833984375
89326864,35.98507308959961
89357056,41.09375
89369840,43.98214340209961
89379744,35.18965530395508
89379872,40.88372039794922
89430656,37.0
89435504,38.56626510620117
89443280,26.210525512695312
89449280,42.75
89463392,34.49367141723633
89467680,31.947368621826172
89467792,26.648649215698242
89483104,38.345680236816406
89486928,37.0684928894043
89488304,36.08928680419922
89488896,40.449275970458984
89491552,37.22950744628906
89492848,33.94117736816406
89496400,26.783782958984375
89515568,43.09803771972656
89521904,30.477272033691406
89523472,33.28571319580078
89537200,39.157894134521484
89543760,31.714284896850586
89555024,34.16666793823242
89558896,28.926828384399414
89559200,34.60869598388672
89572208,28.636363983154297
89578816,33.439998626708984
89580064,35.09090805053711
89606816,30.31999969482422
89620448,39.034481048583984
89632080,38.095890045166016
89640912,38.324676513671875
89650016,39.76213455200195
89660144,38.20000076293945
89673264,34.39583206176758
89688768,37.882354736328125
89692304,38.08064651489258
89714064,28.769229888916016
89715200,43.03125
89731792,31.5510196685791
89754720,39.80769348144531
89783408,40.621212005615234
89793056,41.08860778808594
89797808,35.68333435058594
89799408,39.650604248046875
89801968,36.71428680419922
89811216,34.72549057006836
89829424,28.50943374633789
89853440,40.078948974609375
89856512,36.397850036621094
89888096,34.0
89901632,30.023256301879883
89912336,30.799999237060547
89953296,37.26760482788086
89964080,32.46808624267578
89976144,41.191009521484375
89986752,41.4886360168457
90000192,42.313724517822266
90000208,41.907405853271484
90036528,36.90909194946289
90037168,42.64814758300781
90038752,36.563636779785156
90044528,37.4782600402832
90047472,34.0
90051248,26.904762268066406
90060384,42.653846740722656
90072816,38.087913513183594
90078928,29.56818199157715
90084816,39.028167724609375
90085648,30.021276473999023
90110384,29.102041244506836
90112752,41.233333587646484
90113104,41.487178802490234
90128256,41.13750076293945
90130976,43.79999923706055
90166800,44.33333206176758
90174672,39.20000076293945
90202112,38.0
90202624,42.16842269897461
90211520,40.68000030517578
90213600,40.068965911865234
90216272,32.83636474609375
90222144,36.0
90240400,37.22077941894531
90247632,35.10344696044922
90255456,41.54545593261719
90271136,42.53932571411133
90280384,37.80519485473633
90286032,32.33333206176758
90289280,42.57143020629883
90289840,31.5510196685791
90301664,44.94382095336914
90310080,39.739131927490234
90332480,42.536842346191406
90343312,35.20754623413086
90348512,44.0
90357696,37.54545593261719
90358528,35.599998474121094
90371984,40.486488342285156
90386048,43.831459045410156
90390752,45.05882263183594
90412432,43.67441940307617
90414736,39.63750076293945
90443072,36.482757568359375
90460608,32.98039245605469
90468368,35.68000030517578
90469280,39.25757598876953
90485328,40.33766174316406
90495584,43.21739196777344
90496368,38.72340393066406
90534320,31.77777862548828
90536368,44.15151596069336
90536608,37.51785659790039
90554688,42.6588249206543
90567776,40.518985748291016
90573888,39.0
90591200,35.019229888916016
90592704,36.421875
90592912,39.76543045043945
90600544,35.52083206176758
90612976,41.855262756347656
90613488,39.64706039428711
90631824,36.93333435058594
90649184,44.391754150390625
90662608,37.47457504272461
90669536,44.4594612121582
90669568,39.328765869140625
90684304,42.53932571411133
90685712,43.37383270263672
90687728,41.085105895996094
90704736,36.871795654296875
90722304,34.52458953857422
90740896,41.950496673583984
90745696,37.400001525878906
90755168,40.882354736328125
90756432,36.056602478027344
90765952,41.14457702636719
90776336,37.60759353637695
90783968,28.91111183166504
90784528,34.1136360168457
90788144,30.380952835083008
90796032,37.19230651855469
90802448,38.47058868408203
90806336,36.44444274902344
90808256,41.041236877441406
90812848,25.90243911743164
90842304,43.515464782714844
90847376,41.53061294555664
90850544,42.83695602416992
90862176,23.83333396911621
90864864,37.26760482788086
90870720,38.459014892578125
90877248,41.059600830078125
90894736,34.49122619628906
90903360,38.93333435058594
90907216,42.60185241699219
90911008,44.214874267578125
90914336,36.378787994384766
90921184,44.78571319580078
90923728,31.162790298461914
90957824,40.655914306640625
90968816,39.52112579345703
90969168,45.33333206176758
90980032,38.349998474121094
90992256,45.05454635620117
91008336,40.400001525878906
91011808,42.45121765136719
91012368,35.6315803527832
91033520,42.056819915771484
91038960,41.59574508666992
91057616,29.72222137451172
91070880,34.16666793823242
91100544,38.115943908691406
91113584,44.31034469604492
91120304,43.37894821166992
91134240,43.08256912231445
91149472,42.415584564208984
91193728,39.54666519165039
91202704,40.52873611450195
91213984,39.88888931274414
91221088,39.52112579345703
91313648,43.414894104003906
91332240,35.588233947753906
91334560,43.99224853515625
91375952,41.0361442565918
91414896,36.016666412353516
91427440,40.53125
91439408,42.26852035522461
91452928,42.13131332397461
91454160,39.21052551269531
91455568,42.134830474853516
91464864,40.22222137451172
91473104,37.55555725097656
91475584,45.17073059082031
91475776,41.09782791137695
91481008,42.06024169921875
91486368,42.8070182800293
91486592,44.400001525878906
91508704,43.58241653442383
91515008,44.2068977355957
91527264,43.640777587890625
91542864,42.556602478027344
91553840,43.8053092956543
91594096,41.20000076293945
91607376,43.64646530151367
91634176,40.657894134521484
91639632,43.38383865356445
91657968,44.56410217285156
91664688,41.15189743041992
91680224,39.078125
91686240,42.35714340209961
91692240,42.70329666137695
91705392,39.953487396240234
91710336,36.099998474121094
91740576,40.394737243652344
91768368,40.154930114746094
91783232,41.54545593261719
91804160,43.73728942871094
91809152,40.164180755615234
91815312,36.0
91831040,41.849056243896484
91836112,41.90291213989258
91856544,40.717647552490234
91861584,40.28767013549805
91873472,37.046875
91881296,43.29670333862305
91883392,37.19355010986328
91901984,40.68656539916992
91912496,40.55421829223633
91927296,39.028167724609375
91937728,41.20481872558594
91948224,39.94285583496094
91951968,42.415584564208984
91963200,43.88372039794922
91965424,43.55339813232422
91969104,38.630767822265625
92008304,40.98850631713867
92013648,43.760684967041016
92025264,42.37623596191406
92025312,37.89411926269531
92042880,42.85185241699219
92049216,43.83333206176758
92056384,43.40178680419922
92064336,40.08450698852539
92072720,44.42856979370117
92079568,46.01438903808594
92088208,38.970149993896484
92106336,40.26250076293945
92108752,43.693695068359375
92108752,40.84931564331055
92131904,39.33333206176758
92161072,41.35820770263672
92165888,44.959999084472656
92178544,40.73684310913086
92185552,36.5
92186096,38.0476188659668
92189408,38.0579719543457
92201520,41.453487396240234
92220448,40.478721618652344
92223024,33.75
92267824,38.599998474121094
92280672,43.844825744628906
92292864,42.67777633666992
92296688,45.04511260986328
92316608,36.92063522338867
92328128,40.144737243652344
92351088,45.267173767089844
92352848,27.25
92373520,45.42499923706055
92399008,40.578948974609375
92413648,40.82352828979492
92463456,38.52941131591797
92503008,37.776119232177734
92514912,37.14754104614258
92516256,35.400001525878906
92534176,43.99152374267578
92547872,39.44285583496094
92580288,39.0
92606160,44.71186447143555
92635584,44.15999984741211
92674032,43.98484802246094
92675712,34.41999816894531
92685056,38.23287582397461
92697584,43.04901885986328
92723424,38.375
92736640,42.263736724853516
92764352,43.310001373291016
92764992,37.566036224365234
92768656,37.07843017578125
92778832,42.87036895751953
92793600,42.233333587646484
92815376,36.582088470458984
92821264,41.769229888916016
92831136,43.96875
92862016,45.26803970336914
92907328,41.96104049682617
92913968,40.39560317993164
92922528,40.60396194458008
92944736,45.26803970336914
92982736,42.0
92994928,39.20000076293945
93004160,37.63492202758789
93004752,39.03278732299805
93026288,39.94285583496094
93032608,33.480770111083984
93033280,42.296295166015625
93044752,42.57143020629883
93047904,40.73684310913086
93066752,44.620689392089844
93087872,41.2471923828125
93102240,41.328948974609375
93118320,42.03370666503906
93120112,36.056602478027344
93166880,43.06666564941406
93175456,34.084747314453125
93178336,44.49152374267578
93188768,42.0
93203088,43.25242614746094
93204784,43.78302001953125
93217648,44.05714416503906
93228000,38.0
93231952,43.48421096801758
93234400,36.96875
93243696,29.363636016845703
93272192,40.71831130981445
93286352,34.18333435058594
93310544,42.51388931274414
93323248,40.08450698852539
93364864,43.95412826538086
93370720,41.33333206176758
93378224,43.927711486816406
93383280,42.31578826904297
93385232,32.09090805053711
93386976,44.345130920410156
93398496,31.723403930664062
93402320,41.02898406982422
93438704,36.75757598876953
93439392,39.61333465576172
93443472,42.593406677246094
93458480,41.03773498535156
93460368,34.6274528503418
93469744,27.75
93478320,37.261539459228516
93498096,38.71014404296875
93526160,41.0224723815918
93535712,35.411766052246094
93543712,39.371429443359375
93555056,32.83636474609375
93572800,39.74193572998047
93589488,37.125
93593776,42.38383865356445
93611712,43.56730651855469
93613824,38.55696105957031
93652928,40.17856979370117
93655360,37.76250076293945
93658736,39.42353057861328
93660320,38.410255432128906
93717632,39.66666793823242
93728080,41.49532699584961
93743184,40.582279205322266
93743776,39.04166793823242
93750080,35.78845977783203
93764672,34.93333435058594
93776928,37.727272033691406
93784496,36.80356979370117
93817824,37.029850006103516
93820960,42.263736724853516
93853168,44.33654022216797
93855456,43.11392593383789
93879456,42.930694580078125
93895936,37.63492202758789
93928992,42.36781692504883
93958912,36.641510009765625
93961728,40.900001525878906
93970112,35.730159759521484
93977696,41.1363639831543
93994528,41.02702713012695
93994896,41.48039245605469
94010688,33.4782600402832
94027344,39.196720123291016
94031536,42.408164978027344
94033888,42.132076263427734
94042400,40.53125
94054224,40.130950927734375
94065264,38.095890045166016
94090400,40.88785171508789
94130608,31.0
94132432,44.62711715698242
94133600,39.57746505737305
94163344,37.03508758544922
94165072,35.739131927490234
94171040,37.70149230957031
94192304,40.33333206176758
94203888,38.818180084228516
94209872,37.54430389404297
94228112,44.16814041137695
94230448,42.233333587646484
94230736,35.68333435058594
94261488,34.1020393371582
94278032,44.16831588745117
94293440,37.61643981933594
94311824,40.14666748046875
94314512,39.157894134521484
94332032,37.60759353637695
94336480,26.878047943115234
94337072,35.98507308959961
94342784,42.0
94356480,39.298702239990234
94358256,40.60869598388672
94392064,28.659090042114258
94415008,38.375
94416864,33.14285659790039
94430656,34.92727279663086
94440192,32.0
94442080,26.0222225189209
94451392,37.93846130371094
94470048,38.95774459838867
94474688,33.21311569213867
94475168,39.49253845214844
94483376,34.7164192199707
94500576,34.50724792480469
94512336,42.03191375732422
94524320,33.66666793823242
94526032,36.266666412353516
94536032,35.41935348510742
94553248,42.69444274902344
94560704,36.26388931274414
94621664,38.13750076293945
94658480,26.94871711730957
94659296,35.73469543457031
94659376,35.730159759521484
94660832,36.978023529052734
94677376,36.11864471435547
94706064,32.27450942993164
94709680,34.59321975708008
94722800,35.75409698486328
94728928,32.83636474609375
94771200,40.15151596069336
94775456,34.574073791503906
94801536,31.076923370361328
94813824,35.228572845458984
94816656,38.63768005371094
94818784,32.619049072265625
94825616,38.37313461303711
94844992,39.88461685180664
94846192,34.774192810058594
94858928,32.619998931884766
94865584,34.45283126831055
94874432,34.774192810058594
94900544,28.846153259277344
94904608,36.33333206176758
94919536,43.10476303100586
94938544,36.140846252441406
94955216,33.30769348144531
94956128,37.5121955871582
94964896,37.38461685180664
94968672,37.28571319580078
94971728,34.4603157043457
94983600,30.625
95004848,34.60416793823242
95039088,34.11666488647461
95043392,28.60869598388672
95044048,34.24615478515625
95048720,30.092592239379883
95065504,33.40322494506836
95081248,36.807228088378906
95084688,37.761192321777344
95102176,26.935483932495117
95102624,36.93333435058594
95110288,38.985294342041016
95121264,37.83098602294922
95147680,41.14285659790039
95184480,36.18333435058594
95228160,35.875
95228992,40.61445617675781
95233824,38.77777862548828
95238032,31.61111068725586
95240784,25.61111068725586
95240944,35.650794982910156
95256832,43.819671630859375
95267840,41.90243911743164
95291968,40.41379165649414
95312240,31.08333396911621
95337664,40.43373489379883
95338528,33.38181686401367
95342032,39.94936752319336
95354352,28.39130401611328
95354624,35.040321350097656
95361056,38.727272033691406
95367360,34.084747314453125
95374688,38.453125
95401280,32.26027297973633
95402992,34.44444274902344
95420976,37.065574645996094
95421456,35.5
95426448,36.39130401611328
95431040,25.553192138671875
95436000,38.59756088256836
95456240,36.907894134521484
95483056,39.64210510253906
95483088,36.314815521240234
95484768,42.81632614135742
95486960,37.657142639160156
95487088,41.92929458618164
95497632,36.55769348144531
95510704,29.80487823486328
95511936,40.014286041259766
95525552,29.399999618530273
95544336,42.38834762573242
95575936,37.63750076293945
95579488,37.93258285522461
95583744,32.32307815551758
95590224,42.511905670166016
95592592,36.34375
95595520,36.92063522338867
95611648,39.0
95619440,40.08000183105469
95649504,36.5
95650128,37.35483932495117
95654816,31.472726821899414
95722016,32.11538314819336
95756400,32.19565200805664
95757888,30.0222225189209
95767664,37.54794692993164
95791696,40.013511657714844
95795168,36.95833206176758
95807248,38.76250076293945
95836160,33.26315689086914
95840016,36.246376037597656
95843776,35.574073791503906
95857792,29.0930233001709
95871728,34.380950927734375
95888848,44.01801681518555
95901440,34.140350341796875
95902672,40.58571243286133
95946592,40.41891860961914
95949904,38.904762268066406
95975504,41.802467346191406
95976352,34.45283126831055
95976992,32.109092712402344
95977920,40.25
95997872,36.7042236328125
96035248,41.134830474853516
96042560,32.367347717285156
96056096,23.2702693939209
96069728,39.4054069519043
96080928,31.245901107788086
96094784,38.105262756347656
96130272,42.90999984741211
96135024,39.58490753173828
96135040,37.4782600402832
96138992,34.630767822265625
96143728,41.39603805541992
96158016,39.945945739746094
96186880,36.720428466796875
96223600,36.378787994384766
96235776,38.565216064453125
96256496,41.155738830566406
96267744,34.442623138427734
96269968,40.21739196777344
96304128,39.04545593261719
96305680,18.518518447875977
96313888,35.10344696044922
96322224,39.288658142089844
96359120,33.21311569213867
96360448,35.83636474609375
96362896,37.22950744628906
96400272,41.635135650634766
96405680,42.16842269897461
96416064,39.900001525878906
96426240,29.5
96428432,32.425926208496094
96433904,33.30769348144531
96436656,35.9878044128418
96442016,33.622642517089844
96464880,35.772727966308594
96477616,39.57500076293945
96493488,33.05882263183594
96494464,30.745454788208008
96498672,36.39655303955078
96508480,35.91044616699219
96509136,34.86153793334961
96515040,38.532466888427734
96524336,38.42856979370117
96527584,36.709678649902344
96534224,34.29090881347656
96543440,38.47435760498047
96559808,35.83606719970703
96575616,42.46154022216797
96605104,34.264705657958984
96607312,27.129629135131836
96612208,35.109092712402344
96623776,40.36046600341797
96633200,38.57575607299805
96636976,36.54237365722656
96638448,23.44827651977539
96660576,22.959182739257812
96684416,38.70833206176758
96687744,29.654544830322266
96700960,27.23255729675293
96711456,32.720001220703125
96722240,38.32352828979492
96729216,28.851064682006836
96749536,31.217391967773438
96752080,17.97222137451172
96761312,37.760562896728516
96764800,39.54666519165039
96772736,35.953125
96776976,33.563636779785156
96793536,25.86046600341797
96795312,36.578948974609375
96799664,34.766666412353516
96805120,41.21126937866211
96815472,32.435482025146484
96833088,33.79245376586914
96836736,34.17910385131836
96851008,43.03125
96860448,37.86153793334961
96864704,33.38461685180664
96865872,30.76595687866211
96879360,25.432432174682617
96887088,34.129032135009766
96896432,44.101009368896484
96916928,39.44444274902344
96922864,18.70967674255371
96927968,38.835819244384766
96932464,35.186439514160156
96933648,41.348838806152344
96942240,39.717647552490234
96952256,25.130434036254883
96952672,24.170732498168945
96957600,43.16304397583008
96967824,27.263158798217773
96979040,39.2716064453125
96990176,35.92856979370117
96991792,36.573768615722656
96996112,40.77647018432617
96999968,40.272727966308594
97001344,30.744186401367188
97002592,36.70588302612305
97003552,38.68674850463867
97005776,40.39743423461914
97023088,40.31312942504883
97026288,32.559322357177734
97031296,41.980770111083984
97031760,42.58928680419922
97034160,33.16666793823242
97037536,37.721309661865234
97038816,29.914894104003906
97077568,29.836734771728516
97087136,40.43373489379883
97092192,34.078125
97106480,30.363636016845703
97144144,35.356163024902344
97150720,39.33333206176758
97153776,32.619998931884766
97166112,32.574466705322266
97169696,37.75
97171888,34.7164192199707
97183520,43.224491119384766
97185696,33.28571319580078
97213888,34.625
97216144,33.6875
97228080,39.34146499633789
97233680,24.66666603088379
97243776,30.25806427001953
97249536,43.37623596191406
97255792,39.73611068725586
97256208,30.659574508666992
97298112,39.43589782714844
97303456,38.39706039428711
97315968,33.35185241699219
97331280,20.838708877563477
97331904,38.121212005615234
97335520,26.069766998291016
97347488,29.6200008392334
97362144,38.49367141723633
97394128,31.173076629638672
97403408,40.72618865966797
97418560,38.23214340209961
97431952,31.421052932739258
97448848,44.52631759643555
97464768,39.02325439453125
97467408,35.014705657958984
97482944,40.582279205322266
97487696,37.88524627685547
97495856,39.16867446899414
97508352,41.273685455322266
97513088,30.211538314819336
97517808,39.1494255065918
97522432,30.399999618530273
97541536,42.12941360473633
97548688,36.157894134521484
97553424,41.4782600402832
97554704,31.617021560668945
97560080,43.58241653442383
97561008,31.870370864868164
97561344,40.13924026489258
97564256,33.3220329284668
97588592,35.421688079833984
97597904,36.790321350097656
97603184,26.65217399597168
97604240,36.90909194946289
97635136,42.408164978027344
97640304,31.58823585510254
97660512,30.45652198791504
97679040,41.38461685180664
97681712,40.43955993652344
97704288,38.4782600402832
97722096,34.92727279663086
97730064,39.225807189941406
97734208,40.20000076293945
97746992,42.16455841064453
97769328,40.57500076293945
97778576,38.4878044128418
97801472,44.58064651489258
97801648,35.12765884399414
97806592,42.630950927734375
97812736,33.91304397583008
97830704,37.35802459716797
97854176,41.657142639160156
97855184,39.876712799072266
97862592,42.095237731933594
97877840,37.47457504272461
97925104,42.752689361572266
97956720,44.0
97975824,36.9315071105957
98066128,36.20000076293945
98066576,39.70000076293945
98072528,36.20634841918945
98076288,41.394229888916016
98087120,32.344825744628906
98090560,42.54807662963867
98117760,37.08571243286133
98126208,30.87234115600586
98155920,33.16666793823242
98159600,40.08450698852539
98164368,39.42353057861328
98198768,32.10416793823242
98202272,40.52564239501953
98202736,33.915252685546875
98222736,34.6065559387207
98232336,33.23214340209961
98236704,36.266666412353516
98260448,37.25862121582031
98274384,32.943397521972656
98275008,41.03845977783203
98289632,34.85454559326172
98293168,29.5
98299200,36.578125
98310976,34.6779670715332
98313952,32.64912414550781
98314736,37.45000076293945
98319648,37.98550796508789
98326736,34.943660736083984
98350048,36.47272872924805
98352384,32.02000045776367
98374032,34.6779670715332
98388224,35.456138610839844
98422656,37.16923141479492
98429504,39.209877014160156
98438256,34.157142639160156
98438896,42.132076263427734
98442912,36.59493637084961
98454576,39.16883087158203
98456336,33.480770111083984
98458048,31.920000076293945
98459200,40.87356185913086
98514368,34.74074172973633
98516752,25.764705657958984
98531024,37.7599983215332
98545072,41.122222900390625
98549152,37.760562896728516
98564400,39.293479919433594
98570064,31.19607925415039
98576848,38.266666412353516
98583152,44.04999923706055
98597472,38.818180084228516
98603328,43.37623596191406
98603776,34.0
98605040,41.0945930480957
98611264,37.32307815551758
98636736,38.62025451660156
98667728,33.41999816894531
98687744,38.873416900634766
98689744,40.37894821166992
98724240,42.056819915771484
98725264,37.531646728515625
98731648,31.433961868286133
98745120,33.934783935546875
98753376,41.07500076293945
98754048,35.180328369140625
98765520,41.348838806152344
98775280,32.266666412353516
98811856,37.14754104614258
98830416,31.933332443237305
98860544,30.799999237060547
98910304,36.5
98918624,37.413333892822266
98936080,35.93846130371094
98937200,29.586206436157227
98960192,39.07692337036133
98974176,37.599998474121094
98984960,43.04901885986328
98988704,30.91111183166504
98988768,34.72549057006836
99015280,41.423912048339844
99037488,35.69230651855469
99037760,38.977012634277344
99059616,39.8271598815918
99067216,40.298851013183594
99082448,39.12941360473633
99095136,34.85483932495117
99096016,37.074466705322266
99106192,39.625
99119856,39.89887619018555
99129760,37.93846130371094
99139584,37.90140914916992
99147120,38.37313461303711
99148496,28.11475372314453
99182560,42.7282600402832
99182816,40.5494499206543
99213600,34.266666412353516
99216016,40.70000076293945
99226592,45.181034088134766
99232976,43.94017028808594
99237648,43.93162536621094
99266064,39.84946060180664
99269520,38.349998474121094
99308880,44.84677505493164
99326272,32.51852035522461
99328944,42.07692337036133
99335472,40.97590255737305
99336544,39.2337646484375
99336784,34.46875
99352480,35.813331604003906
99355488,42.42267990112305
99361296,35.53845977783203
99396096,36.349998474121094
99406432,41.79999923706055
99424880,40.08000183105469
99462272,33.60377502441406
99465264,40.78888702392578
99469792,42.08988952636719
99482784,45.1489372253418
99492352,25.454545974731445
99494704,40.075950622558594
99496384,40.66666793823242
99522960,40.629215240478516
99555440,36.064517974853516
99559392,41.390804290771484
99567792,44.968502044677734
99588544,38.62650680541992
99604176,38.65151596069336
99612768,38.91304397583008
99616240,31.81999969482422
99630992,38.50685119628906
99663072,38.2386360168457
99674000,41.88888931274414
99679728,37.10447692871094
99687696,32.4603157043457
99693008,39.252872467041016
99698592,43.26415252685547
99699280,39.13793182373047
99709616,38.06944274902344
99718272,38.456790924072266
99728400,38.11392593383789
99757936,37.80952453613281
99779712,42.32143020629883
99781232,40.227272033691406
99781392,39.417911529541016
99797776,38.50602340698242
99797904,41.00961685180664
99821840,40.70588302612305
99824256,41.14583206176758
99831408,33.51852035522461
99844048,36.099998474121094
99846896,42.42718505859375
99886496,38.095890045166016
99892016,37.0
99899520,38.345680236816406
99906688,41.2023811340332
99914448,38.5
99920592,32.488887786865234
99921584,38.71604919433594
99921632,36.30303192138672
99937904,40.58095169067383
99991536,44.4040412902832
