step,value
448,100.0
2256,74.0
3808,84.0
4848,70.0
5616,58.0
6448,62.0
6736,64.0
7920,56.0
8944,135.0
11904,128.0
13728,144.0
14048,116.0
16048,59.0
19632,59.0
19760,62.0
26480,52.0
27136,79.0
27504,127.0
30672,209.0
31968,166.0
32848,83.0
33856,81.0
37968,116.0
38592,117.0
39872,474.0
40640,106.0
41376,65.0
47488,82.0
49632,128.0
51776,88.0
53712,128.0
55840,124.0
57728,105.0
60704,95.0
61504,87.0
62864,170.0
66960,132.0
70208,74.0
71152,254.0
72352,100.0
83504,112.0
85936,82.0
87424,194.0
91264,305.0
91680,251.0
96480,75.0
97328,100.0
97808,256.0
100944,100.0
101424,68.0
102720,101.0
109152,82.0
111392,102.0
112224,105.0
120224,118.0
122704,101.0
123440,118.0
129360,96.0
130544,99.0
131184,187.0
134352,353.0
142000,101.0
148576,71.0
150960,83.0
153136,196.0
156464,106.0
157136,269.0
163936,105.0
174816,164.0
175856,86.0
179936,85.0
184016,270.0
194000,102.0
198016,99.0
198560,85.0
199792,174.0
201024,189.0
203840,120.0
208624,89.0
209152,500.0
217504,184.0
226256,81.0
226624,194.0
236864,112.0
241600,121.0
241712,121.0
244800,240.0
253024,278.0
263296,186.0
263728,174.0
263856,194.0
264176,184.0
270672,375.0
275712,183.0
287392,216.0
293344,162.0
294032,95.0
294528,149.0
302496,207.0
305008,152.0
315584,201.0
320848,190.0
323616,204.0
328752,125.0
335312,121.0
345312,288.0
347536,182.0
350240,193.0
351376,182.0
358256,500.0
358608,190.0
362432,142.0
367472,186.0
367520,177.0
368160,107.0
372640,203.0
374704,131.0
379104,177.0
388384,187.0
389520,179.0
389920,155.0
391360,181.0
402048,108.0
421120,219.0
422096,240.0
424400,132.0
424640,195.0
424848,179.0
426592,134.0
427152,175.0
432704,180.0
434912,180.0
435040,159.0
439424,143.0
443568,229.0
454256,127.0
456768,187.0
458288,158.0
467392,197.0
470096,188.0
476832,183.0
480912,236.0
483568,260.0
485408,166.0
485872,102.0
487104,137.0
493648,174.0
496304,112.0
500624,178.0
508384,353.0
510720,192.0
519184,192.0
520528,237.0
525152,118.0
529680,215.0
532080,131.0
537056,192.0
543664,94.0
546592,166.0
549008,162.0
549136,126.0
553520,252.0
558848,145.0
570080,121.0
570832,200.0
572640,205.0
573584,222.0
578208,174.0
582192,186.0
601792,234.0
608064,323.0
618848,154.0
621648,190.0
625008,231.0
632272,257.0
647664,229.0
648192,223.0
670256,109.0
679600,189.0
679872,189.0
683376,205.0
690640,176.0
691760,121.0
695952,119.0
707696,171.0
713456,231.0
724576,118.0
730000,112.0
736256,210.0
740240,211.0
742832,187.0
746304,186.0
749264,98.0
752112,205.0
753968,144.0
755296,222.0
756528,106.0
757296,331.0
764976,143.0
766192,212.0
769808,185.0
774304,207.0
775392,218.0
786320,204.0
786976,201.0
793392,210.0
803296,173.0
805328,98.0
805856,172.0
808704,398.0
820288,184.0
822720,189.0
825776,205.0
827744,193.0
846608,168.0
847152,104.0
849200,215.0
852480,154.0
852800,179.0
855184,214.0
891440,500.0
896544,202.0
900832,262.0
905216,174.0
906304,187.0
922768,179.0
928848,274.0
943360,223.0
944912,231.0
954400,220.0
956080,185.0
957280,220.0
968992,150.0
969648,236.0
971200,184.0
974784,180.0
983008,213.0
990976,109.0
992352,185.0
998368,193.0
1001072,138.0
1003840,123.0
1005968,164.0
1009776,198.0
1018800,185.0
1019600,174.0
1023824,195.0
1025280,185.0
1032000,192.0
1034752,244.0
1038896,170.0
1041776,180.0
1047424,148.0
1048368,189.0
1057344,132.0
1057936,122.0
1066000,171.0
1070464,102.0
1086688,121.0
1087424,205.0
1087856,172.0
1089952,164.0
1094528,189.0
1106304,204.0
1110304,156.0
1113728,198.0
1121680,185.0
1131472,198.0
1141408,139.0
1143104,220.0
1148432,207.0
1150032,114.0
1151952,230.0
1158448,119.0
1159984,145.0
1165616,130.0
1177376,197.0
1184080,187.0
1184176,254.0
1189504,169.0
1194576,169.0
1199280,212.0
1205056,190.0
1209952,88.0
1215696,326.0
1226160,97.0
1227936,181.0
1228336,80.0
1231920,163.0
1235856,185.0
1252784,198.0
1257792,186.0
1266896,146.0
1267664,194.0
1267728,180.0
1269392,187.0
1269840,134.0
1270560,266.0
1284640,500.0
1286304,187.0
1292368,183.0
1297520,94.0
1303184,156.0
1305680,180.0
1320000,165.0
1332256,198.0
1335008,201.0
1337600,166.0
1342448,196.0
1348304,198.0
1355328,217.0
1355936,169.0
1356336,307.0
1360736,119.0
1362464,84.0
1367200,114.0
1370544,178.0
1375392,500.0
1379120,201.0
1389696,92.0
1396960,174.0
1397632,190.0
1399776,206.0
1400064,157.0
1400752,115.0
1402048,138.0
1403360,187.0
1407632,214.0
1409024,83.0
1410992,201.0
1413952,108.0
1418064,112.0
1418576,218.0
1422240,151.0
1439488,177.0
1442784,364.0
1447104,228.0
1453920,231.0
1454144,274.0
1461136,202.0
1464896,252.0
1470752,110.0
1480480,131.0
1482960,170.0
1487264,396.0
1489600,143.0
1491280,144.0
1515248,185.0
1518944,216.0
1520304,196.0
1525280,130.0
1531280,204.0
1555904,147.0
1567440,195.0
1567920,174.0
1568816,183.0
1572848,109.0
1572976,227.0
1580464,171.0
1584416,117.0
1589712,216.0
1591024,131.0
1596336,199.0
1596928,110.0
1601712,106.0
1608960,220.0
1610624,189.0
1629344,117.0
1634752,195.0
1641392,117.0
1643008,212.0
1648048,198.0
1648640,239.0
1661280,194.0
1668256,104.0
1690464,202.0
1691040,192.0
1701680,453.0
1701904,250.0
1713280,214.0
1718448,244.0
1724384,220.0
1732304,194.0
1739328,118.0
1743792,183.0
1746432,190.0
1747152,170.0
1751456,234.0
1753552,107.0
1758752,113.0
1760736,104.0
1773712,98.0
1783776,130.0
1812240,300.0
1814240,184.0
1815776,229.0
1816224,123.0
1817536,264.0
1818752,113.0
1827856,123.0
1828064,213.0
1838192,224.0
1851968,113.0
1855488,206.0
1855600,208.0
1864272,187.0
1864320,141.0
1864416,171.0
1865872,171.0
1877216,169.0
1881328,191.0
1886768,273.0
1916544,189.0
1924800,176.0
1927184,203.0
1937408,199.0
1942608,177.0
1945376,191.0
1947712,176.0
1947808,176.0
1948272,199.0
1950368,204.0
1951168,190.0
1951584,164.0
1951712,225.0
1954656,179.0
1960736,105.0
1970992,127.0
1979872,189.0
1985904,192.0
1989760,122.0
1995888,130.0
1997248,200.0
2007408,182.0
2008576,187.0
2016224,236.0
2019328,253.0
2021168,172.0
2025104,190.0
2025696,233.0
2032448,124.0
2038064,152.0
2041248,159.0
2049104,237.0
2054672,124.0
2056688,218.0
2057040,198.0
2061760,222.0
2065824,194.0
2068384,312.0
2068544,210.0
2077664,188.0
2079344,183.0
2089760,194.0
2094864,93.0
2103376,165.0
2105200,127.0
2105296,178.0
2106320,164.0
2109600,179.0
2115456,137.0
2115680,171.0
2126272,195.0
2133024,191.0
2142064,201.0
2146224,176.0
2151456,213.0
2159712,222.0
2163008,183.0
2165488,130.0
2168528,260.0
2173584,248.0
2174832,222.0
2177088,137.0
2179600,224.0
2196576,124.0
2202992,180.0
2204208,149.0
2211680,159.0
2215616,141.0
2217488,179.0
2222656,177.0
2234976,115.0
2242064,187.0
2258400,193.0
2275232,109.0
2282816,165.0
2292512,278.0
2302576,148.0
2302656,165.0
2306896,220.0
2315600,176.0
2315648,83.0
2322128,119.0
2326400,177.0
2332144,203.0
2332576,186.0
2339456,178.0
2346176,172.0
2351088,203.0
2351456,157.0
2359712,217.0
2361472,207.0
2362800,236.0
2365072,190.0
2365376,160.0
2384944,210.0
2386528,192.0
2404144,229.0
2409600,170.0
2417552,179.0
2432448,224.0
2444608,107.0
2452752,205.0
2457488,122.0
2458816,191.0
2464912,179.0
2465344,171.0
2466544,172.0
2468688,173.0
2468944,172.0
2471856,117.0
2474416,219.0
2488528,211.0
2488816,219.0
2508992,128.0
2527552,93.0
2531760,192.0
2533808,89.0
2536288,130.0
2538496,185.0
2545104,239.0
2552064,212.0
2553232,233.0
2571488,166.0
2572240,186.0
2572288,195.0
2574096,171.0
2580704,160.0
2586080,196.0
2586784,174.0
2593936,181.0
2594176,183.0
2595600,98.0
2598064,202.0
2598112,210.0
2612416,208.0
2618352,151.0
2622656,178.0
2623536,197.0
2642288,182.0
2646784,130.0
2651200,207.0
2653552,137.0
2656032,108.0
2667184,244.0
2673760,187.0
2680416,171.0
2680640,102.0
2685328,178.0
2688448,99.0
2688688,215.0
2688976,194.0
2694288,266.0
2695680,216.0
2700224,238.0
2704816,160.0
2706032,138.0
2706448,214.0
2729024,123.0
2740096,147.0
2745376,199.0
2751856,241.0
2757632,154.0
2758384,117.0
2758752,175.0
2764320,203.0
2772384,196.0
2774160,197.0
2782992,176.0
2788112,109.0
2788592,188.0
2798448,162.0
2801216,92.0
2820112,112.0
2821840,190.0
2827040,168.0
2827328,186.0
2828320,188.0
2831376,148.0
2834592,278.0
2837456,233.0
2840064,134.0
2845232,224.0
2847088,221.0
2848496,181.0
2856640,119.0
2866736,165.0
2869184,349.0
2870016,108.0
2871952,205.0
2884224,189.0
2896256,165.0
2896336,180.0
2897248,245.0
2899072,183.0
2900720,167.0
2902288,159.0
2903504,181.0
2916896,84.0
2917504,188.0
2918736,204.0
2921216,177.0
2924800,185.0
2925536,214.0
2930544,185.0
2933776,179.0
2940416,168.0
2942672,170.0
2943504,126.0
2951776,205.0
2951984,179.0
2955744,130.0
2956672,196.0
2957536,198.0
2959488,160.0
2960944,162.0
2975072,173.0
2981216,93.0
2982576,197.0
3010272,127.0
3011408,220.0
3020640,197.0
3027600,172.0
3028384,164.0
3040176,159.0
3041136,260.0
3043648,226.0
3047952,93.0
3065296,193.0
3077136,181.0
3079408,173.0
3087264,172.0
3089424,150.0
3092896,155.0
3095648,181.0
3097168,299.0
3101216,199.0
3104640,178.0
3108336,213.0
3111664,198.0
3112640,187.0
3113008,191.0
3114048,103.0
3115472,198.0
3118064,168.0
3123088,176.0
3128112,182.0
3129840,195.0
3133648,170.0
3134224,187.0
3136816,160.0
3146320,183.0
3147040,186.0
3148528,196.0
3151744,123.0
3152048,287.0
3162784,176.0
3169184,87.0
3173328,122.0
3189504,174.0
3191600,178.0
3200016,215.0
3215760,146.0
3217184,220.0
3223280,204.0
3224640,163.0
3232352,101.0
3234512,210.0
3244800,217.0
3246016,140.0
3251904,404.0
3262688,166.0
3266416,197.0
3270480,124.0
3278880,202.0
3287984,225.0
3299712,189.0
3305920,179.0
3308784,225.0
3311136,185.0
3313120,106.0
3315552,93.0
3317232,190.0
3321088,109.0
3337168,197.0
3339568,307.0
3348208,166.0
3366784,186.0
3367264,150.0
3368576,167.0
3371296,108.0
3373024,165.0
3374448,202.0
3375152,203.0
3376832,123.0
3379760,208.0
3386208,142.0
3387856,203.0
3388688,157.0
3412288,176.0
3414240,158.0
3414640,183.0
3415152,195.0
3421616,128.0
3430784,190.0
3434144,187.0
3434832,215.0
3445296,205.0
3460016,199.0
3460096,197.0
3464016,123.0
3467760,100.0
3475184,204.0
3492592,190.0
3495360,212.0
3502944,85.0
3510224,192.0
3516176,192.0
3517408,266.0
3528736,203.0
3534624,174.0
3534864,185.0
3536032,188.0
3539744,217.0
3549824,112.0
3549840,194.0
3551872,218.0
3553568,353.0
3554304,188.0
3556112,166.0
3558272,171.0
3562976,160.0
3565696,184.0
3585152,184.0
3585920,122.0
3596480,226.0
3599712,103.0
3602400,119.0
3604800,213.0
3605424,179.0
3610784,126.0
3614208,180.0
3616240,79.0
3619440,179.0
3621552,211.0
3621568,165.0
3622832,205.0
3627136,158.0
3635424,171.0
3642912,196.0
3646480,193.0
3648448,145.0
3652368,168.0
3653664,120.0
3659872,156.0
3663744,87.0
3665424,226.0
3665456,205.0
3665984,158.0
3671936,175.0
3675680,119.0
3680304,198.0
3685168,157.0
3687712,186.0
3687904,113.0
3694192,183.0
3701072,107.0
3702160,179.0
3706928,172.0
3739408,114.0
3741248,202.0
3744000,156.0
3748800,241.0
3749056,267.0
3751664,169.0
3754320,149.0
3756880,207.0
3759936,194.0
3762848,136.0
3767472,190.0
3771344,201.0
3775296,207.0
3776032,186.0
3778240,208.0
3784752,196.0
3807760,222.0
3824704,186.0
3827600,213.0
3845792,209.0
3850848,160.0
3856704,190.0
3860272,168.0
3860496,146.0
3861808,139.0
3861808,168.0
3874592,190.0
3875712,194.0
3879408,184.0
3884176,139.0
3884320,217.0
3890288,116.0
3890432,153.0
3904768,215.0
3909248,163.0
3931488,263.0
3932144,84.0
3942432,168.0
3944192,188.0
3945296,211.0
3956096,175.0
3967136,191.0
3969664,173.0
3970128,167.0
3982512,201.0
3988656,173.0
3988720,178.0
3994624,80.0
3999696,208.0
4004368,143.0
4004480,177.0
4012416,219.0
4013888,167.0
4013968,191.0
4014944,132.0
4026176,186.0
4026816,242.0
4028400,215.0
4032784,136.0
4034000,168.0
4044448,111.0
4044496,164.0
4046080,171.0
4068800,111.0
4075952,117.0
4078656,101.0
4080592,195.0
4106448,226.0
4108528,137.0
4111520,198.0
4122640,219.0
4126080,237.0
4130192,187.0
4134480,158.0
4145904,220.0
4147056,196.0
4153712,208.0
4160736,194.0
4168208,124.0
4175184,192.0
4180416,197.0
4185360,201.0
4192736,225.0
4200032,197.0
4204432,161.0
4205744,219.0
4205856,132.0
4207200,164.0
4210752,232.0
4212560,110.0
4213488,92.0
4226864,186.0
4230480,230.0
4239408,119.0
4242576,227.0
4255440,164.0
4273488,172.0
4274768,169.0
4276576,171.0
4284064,200.0
4290656,188.0
4291744,154.0
4294560,230.0
4302736,228.0
4305904,186.0
4308480,167.0
4313920,182.0
4325264,118.0
4339200,194.0
4340544,182.0
4352304,197.0
4364896,207.0
4371472,128.0
4383856,211.0
4388912,106.0
4396352,180.0
4400368,116.0
4405280,189.0
4405568,169.0
4416608,136.0
4418368,131.0
4420160,216.0
4420944,116.0
4425440,152.0
4427344,234.0
4428928,127.0
4429552,213.0
4430304,286.0
4431216,156.0
4435552,202.0
4440160,195.0
4440880,218.0
4454464,208.0
4463072,159.0
4477792,195.0
4489328,116.0
4490112,128.0
4493616,145.0
4497744,200.0
4499248,207.0
4500112,180.0
4507136,160.0
4512064,209.0
4513776,194.0
4519184,190.0
4526432,201.0
4526880,142.0
4542752,113.0
4546480,102.0
4546944,174.0
4555424,165.0
4566240,115.0
4570416,113.0
4571376,167.0
4579744,198.0
4582432,204.0
4582512,232.0
4585248,130.0
4586608,214.0
4597328,190.0
4598816,186.0
4608640,202.0
4610784,171.0
4644864,191.0
4646720,241.0
4659712,225.0
4660784,189.0
4663584,199.0
4670528,194.0
4674032,172.0
4682576,192.0
4685856,215.0
4687264,202.0
4690960,177.0
4692368,264.0
4696576,215.0
4700080,205.0
4702048,162.0
4714368,177.0
4715568,302.0
4716080,195.0
4716496,98.0
4719296,208.0
4722016,165.0
4723056,172.0
4734752,88.0
4739776,220.0
4747104,195.0
4752400,197.0
4753664,305.0
4760816,185.0
4761776,144.0
4762896,223.0
4768096,150.0
4776000,194.0
4784768,126.0
4795056,196.0
4796064,123.0
4797952,212.0
4813520,191.0
4817872,175.0
4825344,168.0
4825680,218.0
4826192,189.0
4826432,127.0
4839264,203.0
4839936,238.0
4842704,204.0
4844112,176.0
4862608,180.0
4868816,175.0
4874128,171.0
4876144,214.0
4876464,204.0
4887568,220.0
4897904,184.0
4900960,182.0
4901568,186.0
4904736,179.0
4924208,104.0
4925984,198.0
4941584,146.0
4941632,180.0
4943152,209.0
4943200,191.0
4943344,173.0
4945232,199.0
4953120,181.0
4957968,212.0
4961456,200.0
4962336,198.0
4970224,183.0
4989200,199.0
4994656,199.0
4997984,195.0
4999024,93.0
5005168,180.0
5008432,145.0
5009888,158.0
5011712,160.0
5019632,190.0
5021216,202.0
5028416,88.0
5032672,197.0
5033184,253.0
5036272,114.0
5038704,139.0
5044736,145.0
5048848,191.0
5050048,189.0
5050992,173.0
5055248,188.0
5057792,158.0
5063424,112.0
5075312,105.0
5075792,166.0
5086848,178.0
5089712,236.0
5092080,93.0
5092592,242.0
5102928,171.0
5105296,168.0
5105584,197.0
5108256,108.0
5126384,195.0
5128768,97.0
5133376,94.0
5137456,174.0
5142288,194.0
5151200,248.0
5160400,184.0
5161200,198.0
5162208,148.0
5168288,189.0
5178208,187.0
5186048,95.0
5194240,182.0
5198640,152.0
5200992,209.0
5214640,220.0
5221008,208.0
5223552,164.0
5228256,231.0
5231504,204.0
5233856,178.0
5234336,236.0
5236000,211.0
5240352,196.0
5251856,190.0
5254688,207.0
5258960,111.0
5261040,199.0
5262720,228.0
5273792,191.0
5275856,180.0
5283680,225.0
5292880,191.0
5293744,222.0
5301696,206.0
5302080,114.0
5305440,181.0
5306048,108.0
5313232,158.0
5318080,211.0
5319008,138.0
5320160,183.0
5322592,168.0
5322608,84.0
5328560,187.0
5332304,123.0
5332672,203.0
5340064,181.0
5344976,180.0
5346528,231.0
5373264,94.0
5376832,222.0
5387536,210.0
5394128,201.0
5400672,190.0
5406368,172.0
5430032,186.0
5445952,214.0
5449504,176.0
5454304,275.0
5466224,180.0
5473648,210.0
5482000,226.0
5482832,166.0
5484816,171.0
5485808,225.0
5494944,177.0
5519616,201.0
5520720,171.0
5522336,79.0
5523072,112.0
5523872,150.0
5548160,200.0
5555152,196.0
5559200,174.0
5562800,109.0
5571168,172.0
5578112,218.0
5583824,176.0
5599184,189.0
5599744,196.0
5605200,90.0
5617600,187.0
5621968,176.0
5623408,228.0
5629936,220.0
5630224,229.0
5631600,228.0
5640928,153.0
5644560,175.0
5644608,131.0
5646016,169.0
5647296,158.0
5647904,182.0
5653792,174.0
5661728,183.0
5664128,106.0
5672480,185.0
5682112,164.0
5683056,130.0
5689952,179.0
5696352,181.0
5697664,200.0
5705840,151.0
5716912,201.0
5727328,184.0
5732144,179.0
5751472,121.0
5752512,85.0
5772448,164.0
5782032,167.0
5784144,178.0
5797936,190.0
5802640,195.0
5809888,219.0
5811280,199.0
5813536,211.0
5817056,210.0
5822800,172.0
5823344,207.0
5823392,170.0
5823808,218.0
5828112,200.0
5832400,183.0
5837552,251.0
5844528,93.0
5846128,198.0
5850784,131.0
5862464,95.0
5862944,162.0
5865808,159.0
5868400,90.0
5868432,217.0
5868800,165.0
5878896,201.0
5879616,222.0
5885696,202.0
5889360,257.0
5891664,239.0
5911472,219.0
5912304,218.0
5914912,226.0
5917328,189.0
5925408,170.0
5934096,191.0
5940864,175.0
5950448,100.0
5956144,225.0
5958624,211.0
5964416,246.0
5964784,203.0
5965424,205.0
5977264,212.0
5990016,175.0
6006912,161.0
6010864,162.0
6024032,137.0
6041184,119.0
6048544,149.0
6050928,179.0
6052192,204.0
6053744,217.0
6054336,204.0
6064000,166.0
6072096,194.0
6089232,175.0
6090352,160.0
6102080,173.0
6113760,170.0
6117904,157.0
6121504,192.0
6121664,192.0
6143584,181.0
6148880,170.0
6150688,108.0
6155712,180.0
6158800,186.0
6166080,224.0
6168688,187.0
6170304,205.0
6171920,206.0
6173952,190.0
6183392,198.0
6184256,113.0
6185632,192.0
6189600,199.0
6192880,222.0
6198944,190.0
6210128,168.0
6212960,94.0
6217888,231.0
6229232,225.0
6241472,114.0
6244384,104.0
6246448,166.0
6248432,99.0
6252560,192.0
6253776,174.0
6255936,138.0
6258240,105.0
6259728,234.0
6260704,180.0
6263200,183.0
6269120,206.0
6269248,208.0
6269872,186.0
6276192,205.0
6277280,163.0
6281696,167.0
6303040,197.0
6306240,188.0
6312128,180.0
6318480,187.0
6318800,126.0
6330000,201.0
6331152,177.0
6350192,167.0
6351888,154.0
6353984,232.0
6354816,250.0
6363888,187.0
6364144,207.0
6375712,147.0
6376608,205.0
6390064,226.0
6397712,178.0
6399408,169.0
6399488,147.0
6401088,181.0
6402672,201.0
6407152,236.0
6425232,188.0
6431312,180.0
6431616,159.0
6432528,190.0
6438336,172.0
6438368,140.0
6449136,78.0
6452944,178.0
6464640,203.0
6465984,194.0
6467312,177.0
6492384,199.0
6492560,123.0
6508960,183.0
6522160,200.0
6527200,179.0
6529216,92.0
6529856,185.0
6532080,200.0
6535424,170.0
6540496,186.0
6554048,144.0
6556752,151.0
6563296,191.0
6575328,137.0
6585008,222.0
6595600,178.0
6607712,196.0
6607792,159.0
6614032,181.0
6619360,211.0
6619840,163.0
6620416,134.0
6620640,187.0
6624608,180.0
6627536,158.0
6647520,186.0
6653632,226.0
6662672,156.0
6666064,206.0
6684016,182.0
6688448,206.0
6703280,186.0
6704016,173.0
6704656,171.0
6705920,204.0
6710448,181.0
6725264,198.0
6732576,196.0
6735168,197.0
6738000,175.0
6743072,192.0
6744912,175.0
6759936,208.0
6773088,258.0
6776400,177.0
6784832,119.0
6811696,164.0
6817168,155.0
6820544,154.0
6821024,192.0
6826128,185.0
6831536,213.0
6839744,116.0
6843520,144.0
6845456,191.0
6851456,171.0
6860752,214.0
6865616,158.0
6870208,169.0
6874128,205.0
6887696,156.0
6888352,166.0
6889648,187.0
6894080,212.0
6902400,500.0
6904912,185.0
6907296,155.0
6909328,195.0
6917232,201.0
6920928,180.0
6922784,193.0
6924400,183.0
6937072,187.0
6937552,177.0
6941136,192.0
6941600,159.0
6943856,212.0
6944064,207.0
6947280,181.0
6957536,223.0
6960928,188.0
6980832,198.0
6982560,213.0
6994816,213.0
7001184,195.0
7008832,177.0
7031376,191.0
7046832,178.0
7056784,195.0
7061296,168.0
7064992,145.0
7065568,192.0
7086432,189.0
7092352,210.0
7095152,92.0
7104320,187.0
7104352,145.0
7106608,203.0
7108304,172.0
7108864,190.0
7113616,186.0
7126016,179.0
7128288,257.0
7128432,153.0
7130240,88.0
7135488,181.0
7152384,139.0
7155440,190.0
7157440,142.0
7158160,160.0
7168720,171.0
7183648,183.0
7187648,165.0
7198384,206.0
7199328,199.0
7213936,134.0
7214048,162.0
7215792,128.0
7216224,148.0
7217776,208.0
7232096,167.0
7233056,140.0
7237488,217.0
7251552,190.0
7255568,173.0
7260720,178.0
7264112,171.0
7266848,122.0
7299008,206.0
7333088,108.0
7337120,218.0
7342688,162.0
7362624,169.0
7372528,161.0
7375424,205.0
7386384,152.0
7387408,186.0
7400160,163.0
7404832,177.0
7405408,157.0
7407968,259.0
7408880,191.0
7410608,185.0
7413280,145.0
7417264,255.0
7417696,167.0
7423296,205.0
7426432,304.0
7429456,184.0
7431216,193.0
7434592,175.0
7436832,163.0
7441216,185.0
7445296,201.0
7448112,208.0
7453456,172.0
7464976,212.0
7472496,189.0
7473952,211.0
7477344,199.0
7489520,178.0
7494400,186.0
7494688,167.0
7508240,108.0
7508976,238.0
7509552,205.0
7509936,225.0
7516240,177.0
7520864,143.0
7523856,193.0
7549120,179.0
7552960,92.0
7557360,173.0
7561248,163.0
7577552,148.0
7579040,217.0
7583376,174.0
7590064,215.0
7599728,208.0
7601584,218.0
7609808,179.0
7613072,177.0
7614608,177.0
7626352,179.0
7631856,218.0
7642864,202.0
7644160,123.0
7645808,165.0
7651120,176.0
7657744,162.0
7669488,208.0
7669824,174.0
7677872,139.0
7686624,188.0
7692512,201.0
7695296,163.0
7695968,183.0
7696096,200.0
7710208,187.0
7715600,193.0
7721776,169.0
7722016,113.0
7727952,149.0
7732640,162.0
7738160,172.0
7746464,197.0
7754720,187.0
7777648,224.0
7783344,179.0
7788336,219.0
7810448,161.0
7817952,181.0
7826272,172.0
7837600,174.0
7839040,197.0
7850848,201.0
7860992,192.0
7862000,183.0
7864304,174.0
7867616,172.0
7880912,179.0
7894128,204.0
7894624,186.0
7896784,201.0
7903856,119.0
7906912,227.0
7908160,145.0
7916128,123.0
7916320,184.0
7938928,217.0
7940480,176.0
7942880,169.0
7955120,181.0
7969408,198.0
7973664,175.0
7979248,215.0
7985936,143.0
8007824,182.0
8014832,164.0
8038752,92.0
8040336,181.0
8045952,188.0
8057152,166.0
8061984,187.0
8069408,239.0
8076384,169.0
8079056,177.0
8081232,184.0
8087392,182.0
8088528,199.0
8089424,173.0
8097152,163.0
8109168,151.0
8126368,205.0
8127888,192.0
8138528,226.0
8142272,173.0
8153344,202.0
8154176,217.0
8172352,81.0
8174992,192.0
8190976,215.0
8199264,171.0
8200672,179.0
8204800,211.0
8206432,500.0
8206896,192.0
8211520,163.0
8216864,162.0
8221904,207.0
8227952,203.0
8246032,201.0
8248432,145.0
8256208,89.0
8263344,178.0
8272768,157.0
8275136,169.0
8277328,183.0
8278448,211.0
8286672,196.0
8292032,201.0
8292608,231.0
8297680,233.0
8301312,161.0
8307824,211.0
8312384,84.0
8313040,194.0
8318032,122.0
8319968,203.0
8327920,179.0
8342192,145.0
8350784,210.0
8352608,167.0
8381856,161.0
8393008,186.0
8395584,207.0
8397344,181.0
8398592,156.0
8399632,153.0
8400160,193.0
8402160,218.0
8407088,181.0
8414080,203.0
8441808,177.0
8443088,211.0
8477920,186.0
8518352,234.0
8519504,139.0
8524624,145.0
8527696,193.0
8530832,184.0
8542656,185.0
8560496,123.0
8561136,182.0
8562112,162.0
8563600,261.0
8600880,178.0
8603664,175.0
8611040,194.0
8611776,184.0
8622160,192.0
8624656,207.0
8630768,135.0
8634928,188.0
8642480,198.0
8650368,196.0
8652592,127.0
8658096,176.0
8658400,170.0
8660432,150.0
8692176,163.0
8708704,197.0
8713456,185.0
8716560,144.0
8718352,199.0
8723664,172.0
8726304,210.0
8732528,186.0
8738368,147.0
8741760,181.0
8742432,185.0
8744176,160.0
8750496,208.0
8766784,198.0
8771872,151.0
8796048,100.0
8807360,197.0
8809360,182.0
8816256,169.0
8844560,172.0
8851392,169.0
8854704,178.0
8862672,80.0
8862768,213.0
8867680,153.0
8874208,126.0
8881984,180.0
8897088,149.0
8903664,89.0
8906816,135.0
8914096,168.0
8934432,193.0
8937040,184.0
8945856,182.0
8948064,181.0
8949904,208.0
8958480,207.0
8961376,174.0
8962064,172.0
8962256,170.0
8979952,177.0
9001424,151.0
9001472,199.0
9010752,209.0
9012224,89.0
9015808,180.0
9018192,119.0
9034160,187.0
9034176,182.0
9048864,142.0
9053760,193.0
9054368,218.0
9054960,215.0
9082016,172.0
9082544,412.0
9088272,117.0
9110720,190.0
9110992,157.0
9111392,175.0
9114384,182.0
9115488,192.0
9116400,172.0
9117920,144.0
9139408,190.0
9146096,192.0
9168128,215.0
9169376,205.0
9169648,124.0
9204336,211.0
9218736,182.0
9226112,208.0
9233840,157.0
9234288,175.0
9235840,167.0
9235968,202.0
9240064,152.0
9244208,167.0
9245824,209.0
9266032,179.0
9271424,199.0
9276784,195.0
9279648,175.0
9282320,174.0
9301072,219.0
9302784,180.0
9303680,171.0
9316928,184.0
9342240,190.0
9355328,162.0
9366624,89.0
9373888,208.0
9378208,163.0
9395584,194.0
9407504,201.0
9417488,201.0
9419808,177.0
9423408,166.0
9425904,211.0
9428608,168.0
9429488,149.0
9430320,125.0
9436304,162.0
9447360,194.0
9463936,175.0
9476704,195.0
9477472,157.0
9483424,191.0
9487520,238.0
9496832,182.0
9500960,94.0
9502080,175.0
9515504,167.0
9521936,199.0
9534624,156.0
9534784,195.0
9541600,188.0
9555760,112.0
9561648,112.0
9567648,203.0
9570416,234.0
9579040,165.0
9579776,190.0
9594048,195.0
9618560,198.0
9622144,212.0
9637344,204.0
9674400,217.0
9676576,171.0
9692320,176.0
9703168,177.0
9703648,146.0
9719200,238.0
9721952,106.0
9722704,178.0
9731552,219.0
9734192,366.0
9752096,164.0
9758016,179.0
9763984,165.0
9764640,166.0
9769792,157.0
9778896,85.0
9779104,179.0
9779648,181.0
9787680,208.0
9790512,195.0
9792000,176.0
9807024,211.0
9807728,156.0
9815920,108.0
9817008,166.0
9831184,206.0
9833024,170.0
9835248,161.0
9862816,159.0
9866160,160.0
9883728,200.0
9887104,169.0
9888496,192.0
9893952,188.0
9899312,183.0
9901264,203.0
9902560,188.0
9904272,221.0
9907648,165.0
9916000,190.0
9922512,182.0
9925152,208.0
9926464,151.0
9934048,192.0
9934512,173.0
9949104,178.0
9953248,200.0
9953280,159.0
9958880,195.0
9961984,228.0
9964240,94.0
9979168,219.0
9994272,188.0
10000208,198.0
10024640,178.0
10026112,176.0
10039216,154.0
10043648,470.0
10047728,180.0
10057232,176.0
10070480,176.0
10103872,156.0
10107120,178.0
10121888,213.0
10131200,178.0
10144080,174.0
10146064,211.0
10153488,154.0
10157456,177.0
10173408,194.0
10176288,150.0
10176656,206.0
10195904,166.0
10196032,189.0
10197616,180.0
10199760,154.0
10216192,212.0
10217712,220.0
10224288,154.0
10225984,188.0
10237712,158.0
10240096,162.0
10240512,203.0
10246720,173.0
10252640,174.0
10264976,181.0
10268144,203.0
10301440,205.0
10314384,211.0
10318144,202.0
10319840,182.0
10326624,208.0
10343040,153.0
10344848,81.0
10348704,145.0
10349184,196.0
10349376,215.0
10371904,169.0
10374688,165.0
10380704,215.0
10394208,241.0
10404560,176.0
10409200,181.0
10420496,209.0
10439408,195.0
10464624,155.0
10477984,127.0
10480688,204.0
10487040,182.0
10488640,206.0
10489488,202.0
10524368,197.0
10529216,152.0
10541040,170.0
10546704,155.0
10549264,194.0
10555472,151.0
10567856,193.0
10591376,209.0
10595936,173.0
10599456,209.0
10619264,184.0
10636832,172.0
10637632,200.0
10642464,214.0
10661328,160.0
10673008,169.0
10691696,228.0
10702176,189.0
10705104,185.0
10711520,222.0
10724112,201.0
10746768,152.0
10757120,138.0
10773024,173.0
10792560,175.0
10800736,209.0
10805568,186.0
10807568,183.0
10815920,172.0
10822736,160.0
10834976,243.0
10862832,179.0
10877824,195.0
10878832,175.0
10884368,192.0
10904848,197.0
10913472,192.0
10949872,192.0
10976400,84.0
10994224,206.0
11021824,185.0
11032064,192.0
11042720,223.0
11046016,174.0
11051040,172.0
11078176,177.0
11081264,315.0
11081984,187.0
11094176,158.0
11099920,209.0
11106752,144.0
11124384,151.0
11127648,182.0
11136064,157.0
11151488,223.0
11156272,212.0
11156432,112.0
11157984,203.0
11170272,206.0
11173632,160.0
11192624,179.0
11195184,175.0
11197088,217.0
11197120,154.0
11208032,185.0
11215536,204.0
11223200,178.0
11225360,181.0
11237920,201.0
11249088,171.0
11250000,167.0
11265520,168.0
11265696,165.0
11267392,177.0
11271632,138.0
11273488,179.0
11288016,173.0
11294144,195.0
11296832,184.0
11298784,195.0
11353136,169.0
11363488,189.0
11365440,204.0
11365472,181.0
11387808,215.0
11403696,190.0
11422960,172.0
11436208,183.0
11442848,162.0
11443024,171.0
11451568,206.0
11464960,177.0
11467520,170.0
11471264,193.0
11486896,207.0
11492000,155.0
11492256,201.0
11492992,233.0
11497472,184.0
11504048,183.0
11530176,123.0
11532976,166.0
11571600,154.0
11584192,158.0
11598976,193.0
11628272,186.0
11629216,207.0
11639552,193.0
11647184,160.0
11649152,193.0
11651536,172.0
11661376,188.0
11677488,199.0
11680832,166.0
11683712,200.0
11684160,179.0
11706336,177.0
11719760,179.0
11724896,154.0
11731392,192.0
11735904,125.0
11735984,184.0
11776192,210.0
11788928,195.0
11792512,212.0
11795616,188.0
11798624,179.0
11810016,196.0
11825728,168.0
11834672,185.0
11843568,158.0
11851232,163.0
11855952,223.0
11880128,174.0
11889904,217.0
11891216,211.0
11894672,178.0
11898016,155.0
11900864,170.0
11901808,180.0
11904672,167.0
11906240,165.0
11920128,165.0
11941312,219.0
11945536,167.0
11955776,232.0
11957936,183.0
11960480,203.0
11991152,185.0
12023104,195.0
12023584,227.0
12026464,198.0
12036240,163.0
12036816,204.0
12055776,75.0
12065520,195.0
12070944,201.0
12074880,167.0
12082624,121.0
12084384,190.0
12101184,236.0
12102336,189.0
12111776,167.0
12119200,210.0
12125632,175.0
12146640,177.0
12150528,167.0
12154080,183.0
12156400,252.0
12182128,181.0
12202496,168.0
12206944,167.0
12217760,180.0
12221936,185.0
12222864,196.0
12227856,164.0
12235984,170.0
12247904,229.0
12251072,204.0
12274752,216.0
12277184,177.0
12308848,221.0
12314496,173.0
12324352,192.0
12336064,98.0
12350432,177.0
12351552,198.0
12357024,196.0
12371136,164.0
12393424,191.0
12396864,214.0
12398864,163.0
12404928,251.0
12405312,179.0
12409232,203.0
12410368,200.0
12421104,201.0
12423968,195.0
12454784,207.0
12477856,180.0
12491952,182.0
12511520,157.0
12513536,163.0
12528384,165.0
12538912,219.0
12549104,195.0
12559536,164.0
12560816,172.0
12561392,154.0
12573728,190.0
12575728,168.0
12588848,157.0
12599920,237.0
12624976,209.0
12630608,163.0
12668800,172.0
12669040,190.0
12674800,165.0
12685312,203.0
12696256,199.0
12704400,227.0
12704848,89.0
12706080,216.0
12716976,181.0
12730960,213.0
12747680,207.0
12788608,221.0
12804896,179.0
12812736,175.0
12838160,215.0
12854480,200.0
12861760,190.0
12861888,278.0
12872080,171.0
12875152,180.0
12890128,187.0
12890192,207.0
12893136,213.0
12913360,163.0
12924640,183.0
12926960,205.0
12952880,175.0
12957904,190.0
12968016,202.0
12968896,153.0
12971008,150.0
12972864,108.0
12990736,160.0
13000352,93.0
13023776,174.0
13026336,207.0
13044000,208.0
13059808,206.0
13066512,194.0
13094432,101.0
13106688,173.0
13145312,121.0
13147040,212.0
13153952,172.0
13154480,230.0
13155584,173.0
13171808,191.0
13186448,142.0
13192528,199.0
13211296,237.0
13221904,171.0
13223984,158.0
13225328,141.0
13233184,210.0
13237648,184.0
13255056,151.0
13261456,176.0
13263248,93.0
13266416,163.0
13284912,191.0
13299600,171.0
13307408,185.0
13314400,111.0
13315936,238.0
13320960,230.0
13335808,202.0
13339728,191.0
13342944,182.0
13347344,156.0
13355808,209.0
13373984,185.0
13374960,183.0
13398304,171.0
13398496,159.0
13402128,209.0
13421392,180.0
13421632,173.0
13442832,162.0
13444224,200.0
13445664,191.0
13449952,189.0
13459744,201.0
13465328,223.0
13513328,154.0
13515904,194.0
13551536,209.0
13553392,134.0
13556512,192.0
13558464,161.0
13562112,184.0
13566336,236.0
13570496,195.0
13576624,190.0
13577072,151.0
13581168,108.0
13589536,162.0
13596128,165.0
13607744,187.0
13614528,168.0
13618224,186.0
13637792,211.0
13640720,184.0
13660224,206.0
13671152,177.0
13671744,163.0
13680992,198.0
13683456,117.0
13702128,181.0
13707136,308.0
13744208,179.0
13763824,162.0
13775088,157.0
13798880,215.0
13803504,154.0
13804496,156.0
13807392,159.0
13813168,210.0
13813904,172.0
13820608,193.0
13872576,166.0
13881808,203.0
13900384,174.0
13924688,179.0
13926256,152.0
13941744,127.0
13947536,219.0
13957072,211.0
13962880,187.0
13978848,211.0
14000768,200.0
14012144,206.0
14022240,175.0
14042880,177.0
14074352,196.0
14077888,178.0
14078528,168.0
14102352,223.0
14116688,157.0
14123232,163.0
14162544,165.0
14179376,170.0
14180192,170.0
14183008,145.0
14186704,190.0
14197888,152.0
14198800,173.0
14205264,186.0
14224352,179.0
14229360,154.0
14238544,204.0
14239408,188.0
14243632,188.0
14262560,167.0
14263840,216.0
14267424,203.0
14272368,189.0
14281008,190.0
14290800,194.0
14297792,183.0
14302224,181.0
14309408,214.0
14310624,196.0
14321248,210.0
14324400,163.0
14326864,170.0
14332160,198.0
14348176,184.0
14366736,176.0
14376256,139.0
14408672,169.0
14411968,191.0
14413632,175.0
14416288,172.0
14417856,187.0
14418544,256.0
14420464,188.0
14429008,212.0
14430528,172.0
14446144,185.0
14449344,172.0
14452368,183.0
14467072,223.0
14468640,172.0
14492000,217.0
14499072,206.0
14499440,114.0
14506928,152.0
14523520,187.0
14529328,175.0
14550336,182.0
14556592,159.0
14563312,194.0
14584400,185.0
14608192,190.0
14672944,150.0
14673056,229.0
14687056,195.0
14691744,190.0
14734912,144.0
14747840,178.0
14821024,178.0
14823024,177.0
14840960,177.0
14849488,165.0
14852128,175.0
14874384,165.0
14877664,188.0
14885024,205.0
14892560,111.0
14895696,227.0
14905728,168.0
14915136,170.0
14933136,218.0
14936176,195.0
14938624,165.0
14945344,191.0
14945968,153.0
14948896,198.0
14958752,194.0
14967616,213.0
14967632,205.0
14969088,184.0
14973328,217.0
14988720,239.0
14991312,197.0
14993664,214.0
14993888,203.0
15016624,193.0
15018160,197.0
15021184,142.0
15023904,186.0
15079024,214.0
15095168,204.0
15107120,180.0
15111472,177.0
15124928,143.0
15124976,160.0
15133008,151.0
15135936,165.0
15139776,178.0
15149248,174.0
15156352,183.0
15164944,206.0
15183792,211.0
15192928,167.0
15197984,167.0
15220992,184.0
15237296,175.0
15251248,218.0
15263760,173.0
15270304,166.0
15275584,177.0
15284176,180.0
15287712,185.0
15290960,155.0
15303744,195.0
15307280,194.0
15321472,174.0
15321584,168.0
15327824,183.0
15330080,172.0
15343248,201.0
15347952,180.0
15350160,222.0
15360016,223.0
15366288,184.0
15377104,191.0
15387712,183.0
15391376,216.0
15394624,194.0
15401520,153.0
15401920,164.0
15417856,153.0
15441968,216.0
15482736,185.0
15483168,176.0
15502144,183.0
15511008,93.0
15532672,192.0
15538544,157.0
15571152,186.0
15571584,270.0
15588112,167.0
15589456,183.0
15601568,169.0
15643600,173.0
15644384,196.0
15650544,155.0
15662368,191.0
15671344,179.0
15680432,166.0
15692432,165.0
15695968,181.0
15706816,167.0
15707920,187.0
15719616,206.0
15721248,208.0
15727216,169.0
15735248,184.0
15752032,194.0
15757408,185.0
15761824,163.0
15823840,235.0
15827968,184.0
15832608,180.0
15847696,159.0
15866272,157.0
15876336,181.0
15878704,204.0
15885408,202.0
15891584,185.0
15899168,152.0
15902720,191.0
15911888,179.0
15918320,217.0
15928464,189.0
15934944,207.0
15950336,176.0
15959248,178.0
15976832,195.0
15978208,246.0
15994896,221.0
16019232,199.0
16029856,231.0
16034864,159.0
16040240,194.0
16047488,187.0
16058816,187.0
16062224,167.0
16081744,150.0
16086880,163.0
16088000,176.0
16091648,192.0
16093712,159.0
16103072,186.0
16122656,146.0
16128496,175.0
16135712,189.0
16141680,182.0
16152464,155.0
16164208,189.0
16173152,172.0
16178240,166.0
16178240,98.0
16186064,157.0
16202608,180.0
16207504,178.0
16239568,173.0
16253744,212.0
16255520,175.0
16274608,198.0
16278816,174.0
16279120,221.0
16286336,231.0
16292000,188.0
16296544,219.0
16299664,178.0
16308416,200.0
16324944,174.0
16329696,191.0
16347984,165.0
16351376,192.0
16363552,231.0
16377280,179.0
16390816,153.0
16395824,113.0
16400032,207.0
16401904,187.0
16423392,182.0
16431392,175.0
16444112,177.0
16475728,168.0
16485136,170.0
16486864,176.0
16496848,177.0
16511184,161.0
16517568,190.0
16522464,199.0
16530928,150.0
16533872,187.0
16569760,183.0
16578160,196.0
16603072,200.0
16613968,188.0
16615472,216.0
16616064,165.0
16629008,193.0
16630112,213.0
16633760,142.0
16650592,172.0
16665024,161.0
16667664,156.0
16678240,150.0
16744208,177.0
16762016,159.0
16769264,188.0
16779760,202.0
16780832,192.0
16785616,176.0
16792464,155.0
16811184,173.0
16818768,227.0
16824256,147.0
16826272,182.0
16829952,205.0
16830400,198.0
16846544,162.0
16873360,161.0
16887200,184.0
16895536,180.0
16899104,141.0
16906896,163.0
16908560,174.0
16909472,120.0
16911552,99.0
16922288,191.0
16934336,135.0
16934608,201.0
16939360,185.0
16954704,210.0
16959136,209.0
16959504,164.0
16962528,164.0
16962896,215.0
16965696,146.0
16969472,168.0
16977648,157.0
16993008,160.0
17001264,163.0
17012224,237.0
17014416,174.0
17041104,162.0
17054800,183.0
17082160,206.0
17093488,154.0
17098144,212.0
17102688,149.0
17106272,186.0
17107376,172.0
17114160,190.0
17115888,144.0
17126592,162.0
17135024,190.0
17138848,185.0
17159472,184.0
17205104,148.0
17212880,203.0
17215088,164.0
17229424,205.0
17242576,163.0
17248224,253.0
17265632,184.0
17270416,303.0
17285760,211.0
17302944,182.0
17320560,164.0
17332128,124.0
17342512,200.0
17376528,175.0
17393376,185.0
17394816,148.0
17399904,181.0
17418160,184.0
17438992,164.0
17443520,186.0
17450592,176.0
17455152,157.0
17471072,178.0
17495264,186.0
17498624,153.0
17509584,177.0
17520176,222.0
17526352,175.0
17532672,141.0
17578416,165.0
17591584,186.0
17595360,184.0
17597632,170.0
17600544,163.0
17608560,194.0
17609488,188.0
17623296,187.0
17626640,169.0
17626928,231.0
17633344,191.0
17635296,189.0
17651552,160.0
17663776,174.0
17682896,187.0
17728240,156.0
17730880,156.0
17732544,189.0
17740320,164.0
17740464,183.0
17763232,209.0
17766912,206.0
17768768,191.0
17781168,202.0
17788464,174.0
17789360,150.0
17794640,172.0
17802768,167.0
17828896,205.0
17845344,196.0
17849280,170.0
17858192,175.0
17860752,183.0
17877648,193.0
17879664,195.0
17891360,168.0
17896080,189.0
17901088,172.0
17917776,177.0
17923504,187.0
17930288,182.0
17937312,174.0
17942624,225.0
17954352,233.0
17963408,188.0
17970240,147.0
17970416,144.0
17971360,164.0
17984128,191.0
18010656,180.0
18019920,180.0
18029088,146.0
18057344,211.0
18060288,178.0
18062048,198.0
18079616,152.0
18080240,83.0
18084752,178.0
18091088,210.0
18100608,168.0
18103744,173.0
18112640,178.0
18122672,162.0
18143456,198.0
18147504,143.0
18154400,198.0
18166304,171.0
18180816,183.0
18191312,164.0
18193984,183.0
18199984,207.0
18235792,225.0
18256272,166.0
18263088,174.0
18275408,163.0
18279200,214.0
18298672,213.0
18306720,200.0
18308928,146.0
18308976,145.0
18316512,197.0
18317856,167.0
18358656,188.0
18360880,169.0
18382208,179.0
18388544,171.0
18392816,94.0
18406112,152.0
18415328,168.0
18415344,91.0
18431840,193.0
18437408,194.0
18445472,202.0
18445584,222.0
18447632,174.0
18448736,195.0
18450736,179.0
18451680,213.0
18457520,189.0
18471184,177.0
18472816,158.0
18488272,171.0
18488352,182.0
18494272,167.0
18498368,354.0
18498752,212.0
18513216,179.0
18525232,171.0
18542512,192.0
18581184,171.0
18582112,165.0
18593776,169.0
18600560,167.0
18603760,159.0
18610720,170.0
18627408,144.0
18634016,187.0
18635744,316.0
18643312,149.0
18651232,171.0
18652544,175.0
18658064,190.0
18663200,143.0
18707904,187.0
18719072,202.0
18732384,164.0
18759728,178.0
18773744,162.0
18819744,162.0
18822448,190.0
18888384,184.0
18892336,157.0
18893824,115.0
18895232,198.0
18904448,172.0
18904960,179.0
18912096,214.0
18916160,209.0
18917824,210.0
18918688,138.0
18936048,175.0
18938864,181.0
18994096,151.0
19009472,194.0
19020704,166.0
19020832,199.0
19022848,183.0
19034832,183.0
19035488,222.0
19038384,182.0
19047024,160.0
19066320,188.0
19088432,204.0
19131104,189.0
19135840,184.0
19142992,166.0
19145312,205.0
19200528,218.0
19214160,165.0
19224304,230.0
19230960,198.0
19241264,168.0
19257024,220.0
19260032,190.0
19268720,146.0
19276624,155.0
19277936,152.0
19280608,218.0
19292624,229.0
19294144,197.0
19301552,172.0
19332384,179.0
19334160,85.0
19337312,170.0
19338416,176.0
19347648,162.0
19349888,209.0
19352272,168.0
19364464,204.0
19376896,171.0
19379360,156.0
19383952,146.0
19386448,198.0
19398048,186.0
19399040,193.0
19405440,173.0
19419136,147.0
19420496,179.0
19437792,184.0
19442512,177.0
19449744,196.0
19466368,183.0
19469920,251.0
19481232,176.0
19485968,172.0
19488208,200.0
19495712,170.0
19515072,187.0
19533920,172.0
19543760,184.0
19546880,167.0
19565072,199.0
19573280,184.0
19593760,199.0
19617264,185.0
19619760,158.0
19630672,178.0
19640384,177.0
19645760,191.0
19650144,209.0
19670880,171.0
19680448,206.0
19696976,197.0
19707088,171.0
19720720,168.0
19722384,169.0
19731824,168.0
19732272,154.0
19737872,163.0
19757264,203.0
19762800,129.0
19767760,161.0
19771664,176.0
19780800,188.0
19805344,195.0
19806000,221.0
19806704,163.0
19807264,221.0
19815856,211.0
19821360,196.0
19840176,194.0
19845040,171.0
19855120,211.0
19866048,157.0
19867808,164.0
19887792,216.0
19892144,168.0
19913872,190.0
19925232,175.0
19927840,193.0
19930032,146.0
19937408,203.0
19941392,157.0
19943664,176.0
19944992,196.0
19964544,157.0
19986752,201.0
19986848,104.0
19989216,163.0
20003424,153.0
20013792,177.0
20025568,177.0
20034832,172.0
20065568,156.0
20069360,223.0
20090224,225.0
20111824,204.0
20120352,193.0
20130352,167.0
20146368,139.0
20167184,175.0
20167488,196.0
20170624,183.0
20179040,177.0
20192448,177.0
20201648,196.0
20211056,199.0
20221360,151.0
20230576,170.0
20233376,101.0
20236208,157.0
20247632,206.0
20265216,118.0
20277280,170.0
20283232,186.0
20284320,193.0
20290784,204.0
20296832,156.0
20299056,202.0
20302112,180.0
20321248,189.0
20324096,201.0
20379568,207.0
20401488,191.0
20421920,190.0
20431712,182.0
20439712,188.0
20452864,177.0
20464480,181.0
20464976,185.0
20469328,148.0
20493248,151.0
20499264,192.0
20519504,167.0
20523168,217.0
20528896,177.0
20541200,172.0
20564176,163.0
20580192,167.0
20583504,170.0
20599952,254.0
20601136,159.0
20610064,225.0
20632592,178.0
20649072,214.0
20660336,175.0
20661744,164.0
20661792,183.0
20662224,199.0
20663872,173.0
20670160,195.0
20678768,139.0
20679648,187.0
20697872,173.0
20699152,165.0
20702016,176.0
20704608,170.0
20705616,196.0
20714256,154.0
20719856,148.0
20763552,164.0
20763984,146.0
20770080,162.0
20777040,160.0
20787392,207.0
20792992,500.0
20806768,158.0
20807936,174.0
20808208,196.0
20810608,162.0
20837584,182.0
20837632,207.0
20838064,192.0
20843136,141.0
20843248,158.0
20851600,200.0
20865984,157.0
20872000,185.0
20881728,188.0
20887040,172.0
20888064,206.0
20894864,183.0
20917408,156.0
20926000,148.0
20951696,185.0
20974736,154.0
20981856,153.0
20998944,183.0
21015568,138.0
21018112,203.0
21022688,149.0
21023696,216.0
21033312,170.0
21042112,220.0
21046640,170.0
21058896,170.0
21070160,155.0
21086032,196.0
21087424,127.0
21090704,157.0
21092112,163.0
21103888,168.0
21104768,169.0
21106016,159.0
21113968,127.0
21120896,177.0
21122832,179.0
21122976,241.0
21131600,171.0
21137440,199.0
21141360,175.0
21148816,207.0
21150128,176.0
21156960,170.0
21165296,224.0
21181856,161.0
21183920,173.0
21198432,184.0
21211104,179.0
21221568,187.0
21221760,166.0
21222560,192.0
21223440,179.0
21225728,200.0
21255216,183.0
21256608,186.0
21259392,185.0
21269232,170.0
21282272,145.0
21286448,201.0
21288080,179.0
21292384,167.0
21293840,161.0
21318400,175.0
21344144,176.0
21353104,203.0
21368112,187.0
21377424,214.0
21397904,204.0
21400160,233.0
21422848,245.0
21437744,197.0
21441776,184.0
21460336,169.0
21461760,156.0
21465424,199.0
21465552,169.0
21481168,173.0
21484064,209.0
21484736,154.0
21491136,154.0
21494448,176.0
21518640,200.0
21528592,182.0
21537248,212.0
21540176,192.0
21550976,185.0
21558288,166.0
21568496,159.0
21572704,111.0
21586240,174.0
21637936,151.0
21638064,176.0
21639776,211.0
21651040,180.0
21653936,192.0
21657520,162.0
21658784,177.0
21669248,143.0
21697632,188.0
21715376,250.0
21733024,181.0
21766656,155.0
21790064,169.0
21810496,188.0
21812272,198.0
21817984,164.0
21843536,190.0
21860000,271.0
21861184,194.0
21865088,196.0
21869584,200.0
21885248,171.0
21891200,176.0
21896608,200.0
21922320,216.0
21946256,185.0
21950992,183.0
21963808,184.0
21973600,168.0
21978848,163.0
21999824,153.0
22013392,203.0
22032688,229.0
22044128,203.0
22049904,223.0
22056352,205.0
22076720,174.0
22078832,199.0
22080720,166.0
22085776,167.0
22087120,178.0
22090688,225.0
22092304,155.0
22100448,159.0
22104256,199.0
22121424,179.0
22127520,173.0
22137264,188.0
22157040,205.0
22198624,297.0
22213008,99.0
22219136,184.0
22239120,184.0
22252080,149.0
22258800,174.0
22306208,190.0
22324400,179.0
22344512,456.0
22347952,182.0
22355776,169.0
22356816,166.0
22363888,196.0
22375120,151.0
22390976,196.0
22393536,172.0
22401040,202.0
22419280,116.0
22420032,112.0
22450720,187.0
22469664,175.0
22472080,172.0
22487888,174.0
22489280,273.0
22507536,184.0
22508976,92.0
22517472,192.0
22533632,372.0
22541472,162.0
22553184,208.0
22567488,149.0
22568592,190.0
22577232,218.0
22592688,155.0
22614096,186.0
22631520,224.0
22636928,120.0
22644208,163.0
22652912,208.0
22653904,211.0
22655280,156.0
22660144,194.0
22672976,182.0
22682848,144.0
22715632,167.0
22720960,206.0
22794688,185.0
22817056,160.0
22834864,189.0
22866144,194.0
22870736,167.0
22881792,162.0
22888544,170.0
22897952,213.0
22930912,167.0
22938256,196.0
22941216,168.0
22951072,175.0
22959824,178.0
22972112,159.0
22992592,193.0
23032800,186.0
23041520,168.0
23041648,193.0
23057968,174.0
23077856,177.0
23097984,226.0
23101344,164.0
23104336,175.0
23111616,233.0
23113568,165.0
23119280,177.0
23156704,188.0
23177424,196.0
23202416,153.0
23209104,172.0
23215152,201.0
23217136,167.0
23230832,171.0
23233824,233.0
23234096,159.0
23250672,170.0
23252480,178.0
23253328,170.0
23264864,200.0
23273520,162.0
23285344,155.0
23287088,207.0
23299424,221.0
23310944,190.0
23311760,148.0
23326336,231.0
23331904,187.0
23372416,178.0
23378976,234.0
23380288,176.0
23391216,182.0
23392336,207.0
23392976,171.0
23402976,124.0
23413040,219.0
23415872,227.0
23418960,176.0
23426336,204.0
23431952,185.0
23432000,201.0
23434496,175.0
23436816,207.0
23447888,183.0
23451936,204.0
23460880,205.0
23468096,185.0
23468224,215.0
23498400,177.0
23502848,176.0
23508448,179.0
23538640,190.0
23554080,186.0
23562640,189.0
23577024,172.0
23588400,129.0
23589584,174.0
23618864,188.0
23622720,206.0
23627776,186.0
23630160,180.0
23632784,181.0
23637968,158.0
23647872,185.0
23676960,180.0
23677664,188.0
23700544,216.0
23732272,151.0
23747808,153.0
23770432,190.0
23773968,210.0
23779504,197.0
23789744,172.0
23818880,168.0
23834688,163.0
23887312,181.0
23903280,152.0
23905392,135.0
23920864,205.0
23926448,197.0
23936096,176.0
23985584,116.0
23997248,169.0
24004544,327.0
24009776,188.0
24017424,200.0
24039776,192.0
24041312,205.0
24058416,123.0
24061664,189.0
24095296,218.0
24104592,162.0
24114368,199.0
24119456,190.0
24119648,193.0
24162512,190.0
24203856,90.0
24207136,207.0
24222176,182.0
24224560,154.0
24225136,103.0
24235152,205.0
24238000,176.0
24246352,181.0
24272000,166.0
24273296,230.0
24274208,171.0
24279056,207.0
24300896,152.0
24302912,196.0
24303040,163.0
24308320,177.0
24311056,185.0
24319744,184.0
24336096,159.0
24341392,187.0
24343712,154.0
24363392,189.0
24399936,235.0
24401232,159.0
24446032,206.0
24448480,211.0
24458880,177.0
24463360,145.0
24465904,169.0
24491280,164.0
24505648,167.0
24521552,184.0
24525008,165.0
24525552,173.0
24531888,184.0
24539376,180.0
24550528,203.0
24552992,174.0
24556752,177.0
24598672,157.0
24610160,172.0
24610416,197.0
24610608,178.0
24618064,173.0
24631520,177.0
24642592,171.0
24648272,202.0
24662656,216.0
24675968,176.0
24677664,192.0
24694736,207.0
24707360,118.0
24727968,289.0
24729616,256.0
24736080,157.0
24737056,159.0
24742512,214.0
24745168,228.0
24750480,254.0
24763232,193.0
24782800,198.0
24785392,212.0
24791760,154.0
24797472,207.0
24813872,152.0
24854096,153.0
24861904,169.0
24863696,204.0
24877344,186.0
24879760,190.0
24889024,207.0
24914112,195.0
24922272,166.0
24928256,188.0
24928288,156.0
24928368,181.0
24929104,191.0
24929232,196.0
24944624,203.0
24952208,180.0
24958448,194.0
24960048,275.0
24960208,197.0
24967872,193.0
24968720,154.0
24973776,174.0
24981744,196.0
24984800,193.0
25000576,154.0
25005632,500.0
25035568,171.0
25054832,175.0
25071408,176.0
25077664,213.0
25104368,176.0
25105776,216.0
25108800,207.0
25112240,191.0
25113248,169.0
25116464,209.0
25125440,183.0
25151184,171.0
25162096,177.0
25162784,166.0
25177920,180.0
25178016,147.0
25181280,183.0
25189568,199.0
25201312,193.0
25209024,190.0
25213712,191.0
25236816,165.0
25260384,182.0
25275232,183.0
25276208,152.0
25288080,189.0
25290944,199.0
25305216,164.0
25309808,210.0
25311024,186.0
25313680,175.0
25321664,182.0
25322064,237.0
25334096,187.0
25344256,154.0
25363808,271.0
25382976,174.0
25395136,239.0
25443024,158.0
25461728,184.0
25468144,177.0
25494832,175.0
25504576,164.0
25517376,159.0
25517872,214.0
25529520,192.0
25531312,217.0
25535824,199.0
25546640,169.0
25551536,185.0
25559168,190.0
25564528,213.0
25577952,154.0
25588896,219.0
25601952,173.0
25606512,169.0
25613472,179.0
25618048,171.0
25633504,211.0
25662384,104.0
25674176,225.0
25675216,199.0
25677840,196.0
25680560,224.0
25687024,214.0
25733296,203.0
25749872,173.0
25764864,165.0
25768000,221.0
25791280,172.0
25792560,190.0
25797232,148.0
25808208,172.0
25842720,193.0
25875072,171.0
25879072,214.0
25881104,203.0
25901168,183.0
25912560,158.0
25922768,179.0
25948288,203.0
25966224,153.0
25975616,201.0
25991744,185.0
26032912,179.0
26047760,182.0
26071056,140.0
26074672,175.0
26083792,155.0
26126160,168.0
26146432,187.0
26152096,178.0
26171760,209.0
26199728,213.0
26201632,150.0
26206000,152.0
26241856,214.0
26241904,160.0
26248432,222.0
26272272,168.0
26274256,182.0
26287488,195.0
26301600,178.0
26305552,184.0
26317360,165.0
26320496,168.0
26322320,178.0
26327632,158.0
26331872,164.0
26334016,189.0
26334960,213.0
26341568,170.0
26357392,163.0
26361712,173.0
26367984,206.0
26369792,217.0
26396528,174.0
26414688,156.0
26420704,184.0
26421552,166.0
26422544,124.0
26424960,162.0
26451904,178.0
26456000,168.0
26462848,187.0
26469136,192.0
26477648,177.0
26493424,162.0
26493872,203.0
26496352,214.0
26500720,195.0
26516080,176.0
26518992,166.0
26543888,56.0
26569760,226.0
26572608,141.0
26584464,167.0
26611120,192.0
26616832,180.0
26623728,181.0
26626688,216.0
26630176,215.0
26652864,171.0
26657808,191.0
26661392,183.0
26665696,195.0
26666432,188.0
26679328,191.0
26684000,174.0
26706592,180.0
26708768,210.0
26739024,198.0
26752576,173.0
26756096,176.0
26771168,206.0
26780992,137.0
26788432,175.0
26805776,241.0
26827776,186.0
26832096,199.0
26834144,178.0
26838768,205.0
26841776,182.0
26842048,206.0
26843024,172.0
26869744,172.0
26874224,197.0
26890752,180.0
26925728,199.0
26930528,198.0
26931296,174.0
26939120,144.0
26940160,178.0
26985552,168.0
26992240,184.0
27013424,101.0
27028272,175.0
27039920,199.0
27048848,155.0
27066256,199.0
27082784,198.0
27111440,146.0
27112480,207.0
27118016,86.0
27122512,185.0
27127536,175.0
27135040,158.0
27144000,160.0
27147344,177.0
27187888,192.0
27198864,152.0
27201840,162.0
27216384,199.0
27225312,216.0
27233008,201.0
27246224,170.0
27247072,195.0
27247760,191.0
27255568,149.0
27277200,183.0
27278944,188.0
27291824,172.0
27299472,211.0
27300224,199.0
27300320,176.0
27309280,185.0
27313792,178.0
27314912,156.0
27346944,130.0
27357344,208.0
27366336,187.0
27366400,178.0
27378928,173.0
27380544,171.0
27391296,163.0
27394000,175.0
27420944,185.0
27435024,178.0
27435040,184.0
27436576,163.0
27453168,215.0
27463152,232.0
27491184,208.0
27492896,185.0
27496912,187.0
27527280,125.0
27536464,199.0
27566320,163.0
27568128,188.0
27571744,205.0
27585968,181.0
27592784,170.0
27631536,172.0
27648112,163.0
27651344,160.0
27672576,186.0
27698800,139.0
27705584,168.0
27720848,154.0
27744064,214.0
27744912,196.0
27764768,151.0
27777696,169.0
27791760,203.0
27798816,183.0
27802496,170.0
27822032,167.0
27822048,241.0
27832512,238.0
27848144,204.0
27855408,196.0
27889232,244.0
27897664,161.0
27921696,111.0
27928352,170.0
27935088,191.0
27944592,155.0
27949040,202.0
27959008,229.0
27980656,198.0
28025392,166.0
28043344,175.0
28049616,175.0
28057280,144.0
28062496,186.0
28076240,176.0
28077360,175.0
28078128,205.0
28091280,146.0
28107696,153.0
28114528,210.0
28149840,202.0
28150256,207.0
28150816,188.0
28157744,207.0
28169536,207.0
28178672,186.0
28194288,101.0
28194864,151.0
28223376,206.0
28225168,93.0
28233824,207.0
28234368,149.0
28253200,165.0
28255584,182.0
28260368,156.0
28274208,169.0
28304080,189.0
28304096,167.0
28305328,172.0
28307680,239.0
28330160,208.0
28331024,149.0
28371552,179.0
28381520,173.0
28389392,168.0
28393248,168.0
28408896,109.0
28412496,170.0
28423312,216.0
28451280,184.0
28520432,195.0
28523456,217.0
28531344,265.0
28548656,155.0
28554032,152.0
28555456,241.0
28576768,169.0
28579904,171.0
28603920,162.0
28628480,101.0
28633136,164.0
28657920,160.0
28688976,215.0
28691344,171.0
28693216,161.0
28704960,148.0
28705008,181.0
28735312,196.0
28740368,194.0
28744224,178.0
28745424,183.0
28745440,146.0
28753936,160.0
28771360,167.0
28781504,185.0
28789072,177.0
28800304,187.0
28828720,181.0
28833104,179.0
28836592,163.0
28859232,166.0
28892336,189.0
28903952,158.0
28920048,142.0
28921024,185.0
28921824,164.0
28954240,174.0
28970912,166.0
28974176,154.0
28986448,203.0
29002128,166.0
29026608,198.0
29053872,181.0
29054496,156.0
29076400,185.0
29078560,179.0
29085360,168.0
29086304,177.0
29087936,163.0
29108224,185.0
29111696,102.0
29114272,211.0
29119600,174.0
29150624,153.0
29166656,212.0
29171344,180.0
29177392,192.0
29181504,169.0
29195120,157.0
29205104,216.0
29210608,192.0
29216624,204.0
29227872,185.0
29228624,144.0
29231856,103.0
29239168,222.0
29239744,182.0
29253776,171.0
29262384,169.0
29302432,193.0
29308976,158.0
29309536,148.0
29323200,166.0
29325456,196.0
29371344,174.0
29377136,161.0
29395440,180.0
29403648,174.0
29417088,226.0
29418656,207.0
29430576,148.0
29431616,219.0
29455264,152.0
29461520,174.0
29471744,190.0
29481280,158.0
29499968,213.0
29500576,184.0
29505008,180.0
29520880,150.0
29524832,179.0
29538288,161.0
29543920,188.0
29550848,178.0
29565712,188.0
29577808,158.0
29607888,145.0
29618128,183.0
29624416,176.0
29631792,170.0
29646896,178.0
29672096,172.0
29689536,154.0
29732416,169.0
29732656,145.0
29746288,150.0
29754000,167.0
29754016,187.0
29774464,198.0
29798992,154.0
29801456,135.0
29806704,181.0
29807168,201.0
29816800,171.0
29817440,186.0
29827072,225.0
29827520,186.0
29839408,141.0
29861120,166.0
29861744,175.0
29865712,183.0
29879168,159.0
29879904,164.0
29880672,157.0
29886240,189.0
29898288,175.0
29899968,159.0
29908928,97.0
29912816,112.0
29915600,169.0
29943536,217.0
29966016,152.0
29967120,108.0
29973328,179.0
30005200,162.0
30012192,191.0
30027840,169.0
30043264,186.0
30055040,184.0
30059088,151.0
30059920,195.0
30063440,179.0
30070016,155.0
30105136,159.0
30110496,95.0
30117792,144.0
30138288,163.0
30138592,164.0
30140032,213.0
30162576,151.0
30180736,161.0
30194224,149.0
30210448,200.0
30221536,197.0
30232320,175.0
30244048,180.0
30260816,189.0
30273216,148.0
30280320,141.0
30282464,181.0
30310560,172.0
30324704,178.0
30327968,202.0
30336368,168.0
30337056,163.0
30345920,174.0
30359056,149.0
30377664,174.0
30397184,172.0
30407680,297.0
30408576,157.0
30440112,202.0
30463888,179.0
30466768,195.0
30474224,200.0
30495184,184.0
30499120,182.0
30508608,219.0
30510864,155.0
30515088,500.0
30524448,184.0
30526784,174.0
30543216,172.0
30565136,206.0
30575728,181.0
30586080,179.0
30597456,206.0
30601584,171.0
30607040,150.0
30614128,155.0
30615072,154.0
30652560,177.0
30666480,198.0
30669936,199.0
30678288,245.0
30693056,170.0
30704368,201.0
30713504,187.0
30714672,234.0
30742288,174.0
30746800,104.0
30763072,190.0
30765632,172.0
30780816,186.0
30824352,104.0
30826464,168.0
30844352,169.0
30855760,182.0
30860064,179.0
30874640,219.0
30887728,189.0
30889712,193.0
30896304,163.0
30897392,139.0
30915040,117.0
30916880,186.0
30948560,153.0
30954848,238.0
30971440,143.0
31028832,171.0
31037728,199.0
31056208,185.0
31074288,189.0
31083856,209.0
31103392,127.0
31104240,182.0
31105184,174.0
31149360,205.0
31153200,150.0
31184624,142.0
31190512,187.0
31224304,174.0
31224880,201.0
31258928,242.0
31262736,191.0
31272112,156.0
31278624,245.0
31280816,155.0
31298480,205.0
31300080,172.0
31308032,167.0
31309920,172.0
31327216,150.0
31336032,209.0
31367712,194.0
31391296,167.0
31392336,159.0
31413712,191.0
31458672,191.0
31460480,190.0
31461792,183.0
31467600,171.0
31482848,202.0
31483744,205.0
31494544,210.0
31524016,163.0
31589232,169.0
31609040,217.0
31615584,170.0
31618544,208.0
31625920,170.0
31626912,124.0
31630096,167.0
31654256,158.0
31658640,160.0
31671728,223.0
31678624,175.0
31687872,203.0
31701456,188.0
31702528,120.0
31711744,161.0
31720544,183.0
31725504,158.0
31731168,193.0
31762560,190.0
31766224,182.0
31769824,168.0
31786880,156.0
31824448,173.0
31840688,176.0
31851296,177.0
31870880,208.0
31875440,185.0
31878976,193.0
31885760,183.0
31887200,197.0
31897536,193.0
31900192,218.0
31901904,183.0
31911456,145.0
31915968,179.0
31951136,212.0
31954320,114.0
31954640,215.0
32002784,155.0
32040912,198.0
32040928,172.0
32058944,213.0
32077888,211.0
32083056,210.0
32163072,177.0
32179296,173.0
32182464,161.0
32199728,172.0
32215920,164.0
32216688,235.0
32219168,184.0
32222256,202.0
32252896,169.0
32305552,204.0
32313968,163.0
32318704,192.0
32333120,181.0
32359584,202.0
32363296,150.0
32366656,194.0
32379760,195.0
32380272,161.0
32385696,174.0
32392624,175.0
32470064,159.0
32486720,187.0
32487792,213.0
32492464,158.0
32499536,190.0
32521936,187.0
32528368,221.0
32536208,176.0
32538160,185.0
32540784,196.0
32562736,181.0
32574048,225.0
32576912,134.0
32586016,176.0
32590704,179.0
32594608,160.0
32601376,220.0
32603696,183.0
32618400,216.0
32621200,175.0
32634832,159.0
32682528,189.0
32699232,218.0
32708576,168.0
32724064,153.0
32748656,190.0
32754608,169.0
32768112,147.0
32796416,162.0
32800320,221.0
32859424,185.0
32871440,210.0
32872416,152.0
32883472,167.0
32889616,158.0
32920976,200.0
32940880,207.0
32945408,93.0
32952288,172.0
32952480,158.0
32985136,156.0
32999024,216.0
33027120,181.0
33034096,96.0
33040560,170.0
33071680,204.0
33080688,176.0
33088288,186.0
33091088,178.0
33095408,163.0
33100144,178.0
33106864,191.0
33110480,217.0
33145504,220.0
33169936,164.0
33172624,205.0
33178640,161.0
33187968,179.0
33226912,172.0
33240480,169.0
33246784,200.0
33269024,150.0
33283536,154.0
33314368,190.0
33327840,145.0
33344928,157.0
33351984,156.0
33365488,212.0
33370784,165.0
33411600,156.0
33432672,162.0
33462608,139.0
33464240,163.0
33469104,185.0
33471568,171.0
33487984,160.0
33495296,201.0
33512320,184.0
33512848,242.0
33518304,176.0
33519216,149.0
33525792,204.0
33534352,183.0
33534688,219.0
33544096,161.0
33555568,176.0
33563696,179.0
33585904,157.0
33601104,158.0
33611456,184.0
33615152,170.0
33621072,168.0
33640592,153.0
33655696,149.0
33669552,168.0
33698480,196.0
33701104,198.0
33706432,173.0
33714320,173.0
33716032,185.0
33728000,106.0
33732592,151.0
33738960,169.0
33750832,154.0
33751952,185.0
33757392,184.0
33758704,161.0
33778880,183.0
33785456,177.0
33801552,177.0
33812112,182.0
33815936,211.0
33833888,97.0
33845872,151.0
33861760,202.0
33862112,181.0
33872160,169.0
33875840,231.0
33885680,198.0
33896928,178.0
33900256,179.0
33904304,119.0
33913648,157.0
33914192,182.0
33931024,187.0
33936880,189.0
33954928,198.0
33957216,167.0
34023888,168.0
34040528,213.0
34041696,200.0
34047360,158.0
34067472,183.0
34073632,217.0
34075616,178.0
34087680,192.0
34103760,179.0
34114736,220.0
34121856,185.0
34134192,182.0
34148000,153.0
34157024,204.0
34163920,253.0
34164912,172.0
34167392,203.0
34174560,173.0
34175232,156.0
34193040,142.0
34206800,175.0
34245728,193.0
34255440,178.0
34276960,100.0
34287104,140.0
34293408,175.0
34298592,207.0
34323152,188.0
34326208,157.0
34328000,170.0
34333600,151.0
34340496,170.0
34355280,202.0
34365824,187.0
34384864,190.0
34385600,109.0
34402480,162.0
34419520,207.0
34430768,181.0
34438672,181.0
34441696,168.0
34443648,186.0
34453744,174.0
34455408,186.0
34455856,151.0
34457312,189.0
34472800,259.0
34486768,181.0
34507824,199.0
34512480,168.0
34513568,175.0
34515776,202.0
34520544,186.0
34521952,150.0
34540592,290.0
34573456,156.0
34573952,274.0
34576192,173.0
34576480,197.0
34615728,170.0
34628032,166.0
34628704,178.0
34642784,162.0
34659536,184.0
34666288,460.0
34672928,167.0
34683472,181.0
34687296,206.0
34694032,176.0
34695168,181.0
34706448,186.0
34713232,152.0
34718736,146.0
34725488,142.0
34752448,184.0
34772048,190.0
34789728,181.0
34797808,174.0
34809568,186.0
34823648,183.0
34824448,207.0
34827200,174.0
34838608,184.0
34838624,165.0
34852864,178.0
34868304,174.0
34875408,193.0
34880416,164.0
34883984,203.0
34901040,190.0
34913600,125.0
34918512,148.0
34934112,175.0
34937024,161.0
34948288,168.0
34952048,248.0
34959760,184.0
34962544,209.0
34963232,191.0
34986640,160.0
34987840,140.0
35019184,210.0
35042528,169.0
35064016,190.0
35077552,175.0
35103616,168.0
35108848,145.0
35115952,181.0
35128016,163.0
35131296,189.0
35141152,144.0
35146400,191.0
35148112,157.0
35156976,155.0
35175920,170.0
35177392,163.0
35186048,207.0
35190352,168.0
35194752,165.0
35202448,184.0
35205680,173.0
35205904,147.0
35216208,95.0
35219744,206.0
35231424,191.0
35235232,197.0
35244512,176.0
35252112,195.0
35265584,190.0
35274720,183.0
35275264,203.0
35277824,202.0
35278880,175.0
35313232,160.0
35315984,239.0
35317344,192.0
35318928,224.0
35333376,150.0
35342864,102.0
35348736,167.0
35352240,147.0
35354608,161.0
35358960,197.0
35392704,227.0
35404320,166.0
35415920,184.0
35418784,217.0
35424864,180.0
35430976,166.0
35432880,226.0
35438944,168.0
35448288,195.0
35454432,207.0
35475360,215.0
35485472,191.0
35488192,195.0
35489472,211.0
35508240,207.0
35519616,184.0
35525216,173.0
35535168,164.0
35538576,162.0
35545600,188.0
35550320,202.0
35551520,186.0
35553088,163.0
35554576,169.0
35571088,212.0
35590384,191.0
35620400,148.0
35625792,173.0
35633840,112.0
35636352,165.0
35640752,257.0
35653088,80.0
35653200,155.0
35654192,207.0
35670096,165.0
35682960,102.0
35687392,190.0
35725488,165.0
35731696,169.0
35735840,197.0
35756640,169.0
35781776,184.0
35825104,169.0
35846256,160.0
35889136,189.0
35893696,178.0
35899760,181.0
35903232,191.0
35903296,169.0
35904400,191.0
35909056,184.0
35962320,173.0
35982672,196.0
35993728,195.0
35995440,203.0
35999168,156.0
36007248,166.0
36046496,191.0
36068400,214.0
36071856,187.0
36074240,143.0
36078976,175.0
36099344,149.0
36112064,178.0
36129024,186.0
36130416,251.0
36136816,176.0
36147616,191.0
36150240,181.0
36155616,196.0
36155664,178.0
36169376,158.0
36188656,158.0
36189968,198.0
36204480,208.0
36206768,211.0
36230112,202.0
36237200,177.0
36247296,163.0
36258272,216.0
36260400,162.0
36261184,172.0
36263600,195.0
36269600,184.0
36281120,216.0
36288000,173.0
36294320,142.0
36295392,169.0
36310848,166.0
36314576,184.0
36326704,200.0
36329200,196.0
36336368,143.0
36373440,167.0
36376336,168.0
36379312,164.0
36383728,167.0
36385168,182.0
36389520,189.0
36411744,208.0
36414768,157.0
36432528,175.0
36436816,177.0
36448944,191.0
36457248,171.0
36461520,183.0
36462960,239.0
36467504,167.0
36486880,194.0
36504448,188.0
36516352,183.0
36536992,179.0
36560832,158.0
36588336,208.0
36612768,171.0
36634320,203.0
36639680,151.0
36642752,169.0
36642832,195.0
36650672,168.0
36656592,200.0
36686064,164.0
36686528,181.0
36691216,160.0
36716032,157.0
36722064,184.0
36735520,179.0
36747712,177.0
36774528,175.0
36776384,124.0
36786208,142.0
36788400,164.0
36819952,204.0
36833136,198.0
36836976,214.0
36867728,220.0
36911808,142.0
36920352,195.0
36937248,145.0
36948384,193.0
36956304,142.0
36960752,175.0
36970880,161.0
36975152,172.0
36976384,149.0
37007328,177.0
37007504,199.0
37027616,203.0
37032960,106.0
37047472,180.0
37057216,163.0
37061088,159.0
37061648,215.0
37082288,188.0
37092336,212.0
37096272,174.0
37104224,150.0
37126656,163.0
37133920,189.0
37134896,147.0
37135024,500.0
37164416,183.0
37168192,187.0
37180768,187.0
37183504,174.0
37199072,191.0
37204416,181.0
37205008,181.0
37205136,162.0
37210448,202.0
37226160,172.0
37243456,205.0
37248512,158.0
37250464,187.0
37260576,187.0
37274336,183.0
37290656,159.0
37290768,150.0
37320176,158.0
37324448,183.0
37358064,197.0
37359872,197.0
37359936,194.0
37361808,165.0
37367792,155.0
37374128,163.0
37379344,165.0
37389120,240.0
37404432,237.0
37405216,136.0
37420992,167.0
37424928,188.0
37430480,183.0
37431200,163.0
37441136,197.0
37450544,245.0
37452288,218.0
37465152,90.0
37481504,308.0
37514000,200.0
37516624,174.0
37517760,203.0
37526720,181.0
37528416,168.0
37537088,187.0
37570672,170.0
37574272,188.0
37579312,184.0
37581440,153.0
37582896,166.0
37586032,159.0
37590080,200.0
37592320,199.0
37598368,153.0
37598576,184.0
37604496,198.0
37606704,218.0
37609264,85.0
37609504,209.0
37634544,201.0
37652624,195.0
37656320,176.0
37669648,154.0
37677120,183.0
37685184,212.0
37690144,215.0
37691392,183.0
37710800,191.0
37721056,170.0
37723568,200.0
37751856,176.0
37754400,178.0
37756688,183.0
37761824,171.0
37770656,163.0
37786528,194.0
37795840,218.0
37799472,171.0
37802784,183.0
37828096,164.0
37831888,164.0
37834176,175.0
37839440,188.0
37840304,207.0
37854464,163.0
37857072,213.0
37859408,173.0
37864576,206.0
37876608,180.0
37905216,183.0
37936736,172.0
37938784,180.0
37941856,182.0
37955312,184.0
37962480,199.0
38002480,164.0
38020176,109.0
38028960,195.0
38033456,209.0
38037968,160.0
38044928,200.0
38054096,183.0
38065344,161.0
38077824,207.0
38102128,172.0
38102496,200.0
38112592,186.0
38114640,148.0
38118080,220.0
38127376,213.0
38138592,161.0
38167696,207.0
38176112,186.0
38197184,152.0
38212848,153.0
38224032,201.0
38238064,152.0
38260112,176.0
38260160,201.0
38260928,163.0
38274464,164.0
38276112,186.0
38281600,199.0
38331648,172.0
38339760,162.0
38343920,182.0
38363472,154.0
38363584,166.0
38369968,154.0
38370160,161.0
38370720,169.0
38372592,154.0
38381712,161.0
38384816,187.0
38391152,193.0
38401152,162.0
38403824,174.0
38406176,208.0
38416128,141.0
38436640,152.0
38441536,173.0
38467840,161.0
38488496,128.0
38489152,151.0
38498432,190.0
38498496,207.0
38498608,195.0
38504528,176.0
38504672,175.0
38524432,173.0
38539200,150.0
38544592,202.0
38566368,148.0
38572720,230.0
38580896,500.0
38590288,205.0
38599984,170.0
38605232,172.0
38631616,151.0
38641520,217.0
38644608,172.0
38667616,214.0
38668272,182.0
38680448,141.0
38682880,184.0
38685680,201.0
38691600,147.0
38719056,225.0
38734800,191.0
38768496,159.0
38778800,186.0
38779920,172.0
38781248,173.0
38790672,195.0
38804496,192.0
38804544,230.0
38820128,136.0
38823904,195.0
38842288,144.0
38862112,187.0
38862160,220.0
38863456,189.0
38878960,155.0
38884656,183.0
38893760,172.0
38903568,213.0
38943776,189.0
38959552,181.0
38974336,153.0
38986624,193.0
38993680,188.0
39002944,157.0
39008528,161.0
39015248,191.0
39043664,163.0
39069296,178.0
39086976,200.0
39090720,169.0
39125216,167.0
39132288,157.0
39133600,214.0
39137616,195.0
39141232,251.0
39142112,205.0
39155760,156.0
39156336,212.0
39172496,187.0
39175936,179.0
39181520,173.0
39186528,157.0
39245088,213.0
39246576,178.0
39246832,152.0
39248864,158.0
39248992,220.0
39261184,161.0
39272688,153.0
39275120,180.0
39291248,145.0
39295600,195.0
39296640,192.0
39297184,176.0
39310848,221.0
39320816,166.0
39336640,103.0
39358160,177.0
39365744,157.0
39369648,173.0
39372064,165.0
39386560,162.0
39403664,146.0
39407856,201.0
39427008,185.0
39436000,178.0
39443312,184.0
39458480,182.0
39469280,171.0
39477232,177.0
39499584,190.0
39506832,170.0
39525936,165.0
39528928,160.0
39533728,193.0
39561664,153.0
39569712,190.0
39570848,204.0
39601120,172.0
39617904,192.0
39646528,207.0
39679024,167.0
39693680,174.0
39700064,177.0
39704672,139.0
39711744,176.0
39718336,147.0
39735520,199.0
39783744,168.0
39808784,201.0
39813904,153.0
39862144,168.0
39871296,195.0
39902848,176.0
39910976,221.0
39912656,186.0
39918560,170.0
39934560,164.0
39936736,204.0
39939072,159.0
39944576,192.0
39950928,172.0
39966112,190.0
39979696,180.0
39994640,180.0
40012944,207.0
40018560,180.0
40019424,180.0
40019504,165.0
40022624,154.0
40031808,193.0
40035184,167.0
40037520,198.0
40053872,338.0
40070928,182.0
40075984,176.0
40089152,162.0
40096144,224.0
40099168,213.0
40099296,186.0
40117360,184.0
40125152,190.0
40144176,154.0
40145664,185.0
40161408,198.0
40162896,185.0
40172704,151.0
40185520,146.0
40210096,154.0
40210800,200.0
40212144,170.0
40216160,212.0
40230784,188.0
40280768,170.0
40282656,142.0
40309168,206.0
40322352,182.0
40330880,118.0
40338272,163.0
40344976,167.0
40358608,189.0
40367680,196.0
40396816,141.0
40426992,198.0
40429392,127.0
40434608,149.0
40468208,201.0
40473648,186.0
40481920,159.0
40485104,187.0
40493888,168.0
40495232,181.0
40506656,177.0
40509776,186.0
40515488,157.0
40529968,174.0
40533776,202.0
40541328,188.0
40558976,175.0
40571600,196.0
40578544,219.0
40593232,202.0
40625824,180.0
40626480,203.0
40637584,192.0
40644960,146.0
40655408,175.0
40663088,227.0
40666480,199.0
40667664,203.0
40668288,188.0
40686608,176.0
40690048,179.0
40698480,102.0
40706096,181.0
40708224,200.0
40708304,181.0
40723456,180.0
40737184,156.0
40742848,161.0
40747488,185.0
40749040,254.0
40774320,152.0
40793648,176.0
40799440,196.0
40812128,179.0
40856496,167.0
40858896,202.0
40867776,181.0
40887984,185.0
40892272,165.0
40914016,183.0
40919568,182.0
40929744,145.0
40931856,179.0
40939776,178.0
40957120,232.0
40962928,183.0
40963424,139.0
40978480,166.0
40984128,168.0
41005840,89.0
41012000,160.0
41019440,177.0
41061904,151.0
41073344,188.0
41093840,184.0
41095184,179.0
41100512,178.0
41103136,153.0
41103872,177.0
41109040,181.0
41119728,207.0
41125856,164.0
41133984,165.0
41140448,176.0
41147312,140.0
41154240,217.0
41198736,205.0
41221760,186.0
41224544,122.0
41233088,146.0
41235312,190.0
41240480,155.0
41244656,195.0
41245520,169.0
41250768,151.0
41253376,168.0
41257680,253.0
41272224,193.0
41285440,170.0
41291344,173.0
41291824,199.0
41327040,184.0
41328944,189.0
41330624,164.0
41334752,176.0
41341776,206.0
41344448,173.0
41353872,167.0
41359824,201.0
41361344,163.0
41372336,190.0
41399728,150.0
41402688,153.0
41407632,200.0
41414960,162.0
41416208,158.0
41417584,151.0
41419904,198.0
41422976,180.0
41447648,158.0
41468400,156.0
41480864,179.0
41487264,184.0
41488688,179.0
41499040,151.0
41502992,190.0
41503616,184.0
41504720,182.0
41510752,208.0
41527104,92.0
41533808,224.0
41565808,174.0
41578320,160.0
41583232,175.0
41589536,193.0
41595312,180.0
41620224,163.0
41621232,201.0
41625424,174.0
41631184,196.0
41640688,161.0
41649696,223.0
41649840,197.0
41650064,183.0
41651776,180.0
41658864,169.0
41659040,190.0
41661248,193.0
41665856,196.0
41671472,195.0
41686864,196.0
41711440,204.0
41731264,158.0
41740320,186.0
41755568,174.0
41766736,167.0
41769376,198.0
41770016,231.0
41773488,178.0
41776032,172.0
41777888,145.0
41780848,157.0
41798800,169.0
41836496,191.0
41840896,159.0
41843072,177.0
41870784,152.0
41873440,186.0
41889488,158.0
41898496,157.0
41898528,182.0
41906320,210.0
41909808,183.0
41911584,160.0
41914560,141.0
41919056,185.0
41928272,186.0
41939968,175.0
41953408,183.0
41954464,180.0
41956848,171.0
41957360,182.0
41961696,174.0
41963568,192.0
41967376,176.0
41986416,172.0
41999488,150.0
42002864,150.0
42003392,187.0
42020208,157.0
42028560,163.0
42031376,225.0
42037568,189.0
42043264,201.0
42068960,193.0
42091424,177.0
42144560,202.0
42155488,173.0
42156528,193.0
42159232,195.0
42170304,190.0
42173056,178.0
42205168,195.0
42216096,171.0
42231136,201.0
42246624,500.0
42252128,199.0
42263152,163.0
42264624,157.0
42269616,186.0
42274112,180.0
42275824,261.0
42304128,112.0
42318384,179.0
42319424,182.0
42319584,160.0
42327248,185.0
42349680,161.0
42354912,221.0
42373840,147.0
42385616,181.0
42403952,165.0
42429744,178.0
42458240,229.0
42474976,161.0
42478176,175.0
42482880,201.0
42487552,193.0
42501200,193.0
42516848,154.0
42530384,200.0
42538224,185.0
42553040,179.0
42554656,187.0
42568864,185.0
42571008,127.0
42572720,185.0
42620768,170.0
42632160,207.0
42643392,210.0
42675376,140.0
42680064,127.0
42689904,190.0
42699008,190.0
42707680,105.0
42710768,179.0
42726400,179.0
42730448,158.0
42742208,172.0
42766688,157.0
42783296,185.0
42786432,203.0
42787024,221.0
42790064,189.0
42795232,160.0
42803936,187.0
42813792,186.0
42823104,181.0
42831904,176.0
42840080,177.0
42844576,177.0
42846368,181.0
42852528,205.0
42875024,176.0
42880384,185.0
42883072,177.0
42883696,212.0
42913088,176.0
42920528,170.0
42928256,232.0
42932400,154.0
42937648,190.0
42953376,227.0
42970416,160.0
42971456,168.0
42975504,139.0
42978016,194.0
42978064,178.0
42982960,170.0
42994576,156.0
42994832,169.0
42999200,204.0
43006784,212.0
43026864,169.0
43033312,142.0
43036448,166.0
43037056,191.0
43037216,163.0
43040944,204.0
43056784,180.0
43059600,160.0
43083248,151.0
43086240,135.0
43113280,192.0
43115056,185.0
43119584,213.0
43136880,154.0
43143616,159.0
43147840,167.0
43151184,180.0
43156880,177.0
43165184,189.0
43168640,185.0
43176992,148.0
43178960,181.0
43179760,169.0
43204656,188.0
43209888,176.0
43247120,173.0
43248608,157.0
43258992,176.0
43266832,210.0
43272416,180.0
43293888,192.0
43300432,173.0
43301744,189.0
43324576,169.0
43329712,182.0
43334816,169.0
43342048,166.0
43343248,162.0
43345792,151.0
43357424,184.0
43359840,196.0
43367968,163.0
43404896,164.0
43414304,228.0
43417792,188.0
43424848,171.0
43427408,157.0
43439664,161.0
43450992,174.0
43466592,216.0
43486448,186.0
43500672,200.0
43514368,185.0
43527248,183.0
43532832,155.0
43569776,180.0
43591008,187.0
43604336,180.0
43607632,192.0
43616768,203.0
43634960,176.0
43649488,215.0
43651968,309.0
43655760,137.0
43687568,195.0
43689984,153.0
43693472,207.0
43729296,92.0
43729984,182.0
43733024,155.0
43746256,198.0
43768336,197.0
43769952,204.0
43778368,167.0
43801664,159.0
43818704,199.0
43821248,199.0
43832592,161.0
43838416,180.0
43851808,162.0
43856624,150.0
43856848,173.0
43892320,196.0
43916160,184.0
43926032,174.0
43934912,197.0
43943792,174.0
43945824,164.0
43964608,179.0
43966080,176.0
43975920,151.0
43976640,195.0
43991616,188.0
43996688,175.0
44017296,159.0
44064352,213.0
44068832,194.0
44100368,168.0
44108944,169.0
44110144,206.0
44145664,170.0
44157104,286.0
44189504,174.0
44201744,166.0
44207680,198.0
44222960,199.0
44237616,172.0
44241536,180.0
44248656,187.0
44256192,171.0
44266208,181.0
44278576,159.0
44278624,156.0
44288688,222.0
44317136,142.0
44326016,193.0
44356304,108.0
44368192,181.0
44372224,177.0
44410800,184.0
44416576,149.0
44428784,164.0
44430832,196.0
44432784,146.0
44450144,173.0
44464464,182.0
44476576,193.0
44517408,166.0
44517728,191.0
44518928,176.0
44526816,185.0
44531536,190.0
44536272,182.0
44537888,193.0
44566112,193.0
44578224,178.0
44593264,173.0
44616592,142.0
44622288,190.0
44625568,177.0
44640080,171.0
44646624,176.0
44655568,190.0
44657328,168.0
44661440,175.0
44674400,171.0
44681456,203.0
44682848,187.0
44685552,169.0
44688400,193.0
44694640,174.0
44695936,177.0
44698416,158.0
44703584,148.0
44714944,190.0
44726080,177.0
44728256,215.0
44730432,198.0
44734336,183.0
44753024,190.0
44762800,148.0
44771840,168.0
44786672,178.0
44791760,245.0
44792224,169.0
44822000,225.0
44834992,163.0
44835424,155.0
44850288,161.0
44852176,182.0
44855040,177.0
44867360,171.0
44883232,172.0
44899392,191.0
44925264,233.0
44926544,222.0
44929904,167.0
44963808,183.0
44977056,170.0
44982928,188.0
44996512,164.0
44997696,172.0
44999136,181.0
45004272,238.0
45031456,150.0
45040784,152.0
45046976,228.0
45046976,169.0
45050944,326.0
45054912,184.0
45056336,198.0
45060176,193.0
45068944,210.0
45072816,199.0
45086208,176.0
45088960,178.0
45108352,162.0
45114160,165.0
45115120,188.0
45116016,171.0
45130992,185.0
45134016,184.0
45137680,162.0
45152992,162.0
45154272,175.0
45181408,175.0
45182160,213.0
45198768,178.0
45203776,208.0
45209088,204.0
45221760,184.0
45223264,205.0
45227952,178.0
45275200,156.0
45287744,174.0
45291104,162.0
45299568,179.0
45303008,151.0
45311792,167.0
45314304,173.0
45320048,200.0
45327680,179.0
45336352,198.0
45343824,150.0
45351552,143.0
45366656,179.0
45367440,168.0
45377456,183.0
45384016,183.0
45405824,218.0
45415584,160.0
45426688,196.0
45429072,145.0
45470112,197.0
45496144,209.0
45504224,158.0
45513328,158.0
45539264,144.0
45544208,157.0
45552688,190.0
45554304,192.0
45561296,170.0
45562416,196.0
45572384,170.0
45582352,166.0
45590128,151.0
45600544,202.0
45601984,155.0
45604448,175.0
45609472,211.0
45633264,175.0
45639696,148.0
45642848,197.0
45653968,166.0
45659168,194.0
45661088,150.0
45662624,208.0
45665408,169.0
45674816,187.0
45685248,185.0
45686144,188.0
45720576,197.0
45720768,162.0
45723744,199.0
45728976,194.0
45760976,191.0
45807488,160.0
45809424,183.0
45815344,176.0
45840736,167.0
45884128,177.0
45891472,168.0
45893104,169.0
45893728,198.0
45913408,155.0
45963392,179.0
45978512,216.0
45979136,153.0
45980944,158.0
45982304,203.0
45984704,156.0
45995744,164.0
46019936,186.0
46058016,184.0
46063552,164.0
46077440,188.0
46080320,160.0
46083616,200.0
46152192,181.0
46152368,161.0
46161760,162.0
46162752,195.0
46163344,167.0
46168480,176.0
46172480,192.0
46178928,188.0
46183120,166.0
46183408,186.0
46190032,185.0
46204016,205.0
46206384,198.0
46248576,156.0
46261872,174.0
46280288,211.0
46283440,183.0
46304992,200.0
46309632,181.0
46320304,190.0
46336336,182.0
46357456,147.0
46357824,195.0
46363152,160.0
46376064,172.0
46378752,164.0
46407152,161.0
46436528,197.0
46462112,160.0
46467344,173.0
46489216,180.0
46493888,161.0
46511808,218.0
46522240,180.0
46548880,193.0
46555056,157.0
46562624,163.0
46578784,174.0
46582896,182.0
46610352,155.0
46617648,211.0
46627296,177.0
46661968,200.0
46674816,178.0
46693680,171.0
46703024,189.0
46704320,196.0
46705856,155.0
46731728,187.0
46745168,206.0
46748192,167.0
46753680,158.0
46757600,173.0
46766496,152.0
46767888,175.0
46774736,192.0
46777584,167.0
46787712,158.0
46808864,189.0
46814368,200.0
46825888,178.0
46826752,144.0
46835664,159.0
46840192,141.0
46848464,167.0
46873984,177.0
46877072,174.0
46895200,144.0
46902320,204.0
46905536,209.0
46917488,170.0
46928240,151.0
46938896,152.0
46943888,238.0
46945680,171.0
46953376,162.0
46970160,164.0
46986064,147.0
46987184,183.0
46995504,165.0
46998592,158.0
47003728,174.0
47025184,190.0
47036736,151.0
47043088,185.0
47043504,187.0
47048784,198.0
47071216,206.0
47096368,196.0
47103632,202.0
47124432,172.0
47127920,149.0
47130736,177.0
47139696,195.0
47140272,177.0
47151904,182.0
47169600,179.0
47177424,200.0
47189488,170.0
47212720,175.0
47226016,206.0
47226560,101.0
47229120,199.0
47246176,178.0
47257712,178.0
47262080,174.0
47273104,108.0
47303456,177.0
47338624,168.0
47349520,172.0
47350112,203.0
47354336,151.0
47374928,157.0
47377808,186.0
47453472,158.0
47470032,189.0
47474560,174.0
47492352,191.0
47498096,154.0
47507744,166.0
47511776,173.0
47512608,194.0
47516800,169.0
47525680,203.0
47526736,200.0
47536736,180.0
47548208,183.0
47555808,181.0
47596256,192.0
47615712,163.0
47623312,189.0
47641824,146.0
47658464,174.0
47672944,185.0
47685184,154.0
47693040,166.0
47742160,154.0
47766352,172.0
47774128,151.0
47792496,163.0
47795664,197.0
47818128,199.0
47825824,188.0
47826464,185.0
47843376,159.0
47851344,81.0
47857408,156.0
47866288,180.0
47879600,163.0
47882928,168.0
47890064,154.0
47894080,152.0
47900432,200.0
47908208,192.0
47913360,166.0
47918336,208.0
47955008,158.0
47957216,205.0
47975824,140.0
47980080,213.0
48000304,152.0
48015616,217.0
48017952,168.0
48023472,172.0
48032512,210.0
48081216,224.0
48096784,176.0
48101808,176.0
48106208,112.0
48110240,192.0
48127024,195.0
48129632,202.0
48145152,174.0
48153104,214.0
48166800,172.0
48167808,177.0
48169040,192.0
48177728,184.0
48183936,171.0
48192272,143.0
48198288,183.0
48226784,180.0
48231296,159.0
48231936,155.0
48233680,163.0
48237712,201.0
48237760,189.0
48241152,187.0
48253168,233.0
48259280,182.0
48286816,149.0
48292144,218.0
48300848,150.0
48310608,167.0
48324928,154.0
48327904,147.0
48339728,193.0
48360224,214.0
48367408,192.0
48370560,168.0
48396176,181.0
48403856,213.0
48415728,142.0
48437296,159.0
48440512,174.0
48441424,210.0
48442784,195.0
48486080,224.0
48491392,153.0
48498400,129.0
48518000,182.0
48519040,168.0
48519792,198.0
48526784,100.0
48575376,205.0
48600144,162.0
48611600,205.0
48612576,190.0
48612688,157.0
48653472,214.0
48653760,170.0
48659216,291.0
48670624,162.0
48680368,166.0
48691264,169.0
48695024,178.0
48708432,154.0
48716928,146.0
48725296,200.0
48773648,169.0
48779968,205.0
48787488,180.0
48801664,200.0
48824384,172.0
48827248,189.0
48847152,154.0
48880064,201.0
48880608,217.0
48885264,166.0
48888224,155.0
48906512,193.0
48912096,188.0
48912880,167.0
48939472,200.0
48944704,149.0
48956416,194.0
48987664,148.0
49013392,191.0
49016240,198.0
49022368,165.0
49026752,192.0
49041632,196.0
49056624,209.0
49057136,149.0
49071616,190.0
49074608,195.0
49078624,210.0
49086224,188.0
49089616,187.0
49095040,150.0
49103760,167.0
49112544,185.0
49115504,191.0
49125136,143.0
49134448,184.0
49144016,208.0
49161280,175.0
49172464,195.0
49186256,162.0
49190160,160.0
49194256,171.0
49199680,198.0
49200352,193.0
49217920,192.0
49220272,145.0
49224272,166.0
49251088,180.0
49252320,204.0
49263328,204.0
49265664,194.0
49272720,172.0
49282432,157.0
49288016,191.0
49294032,227.0
49299136,175.0
49299568,181.0
49319552,168.0
49329456,209.0
49329728,205.0
49330736,206.0
49334560,196.0
49355808,174.0
49360272,162.0
49406240,173.0
49412032,180.0
49420992,149.0
49438944,143.0
49468096,221.0
49486976,164.0
49488128,197.0
49531008,215.0
49531152,202.0
49531328,172.0
49536144,159.0
49541632,198.0
49557520,185.0
49562096,159.0
49586832,157.0
49589872,203.0
49612624,192.0
49619760,134.0
49628048,204.0
49636576,183.0
49637968,186.0
49643584,215.0
49666480,182.0
49668016,163.0
49706480,163.0
49708432,191.0
49715808,163.0
49730416,140.0
49745376,197.0
49746496,194.0
49768976,172.0
49769776,152.0
49777696,170.0
49778992,206.0
49787408,172.0
49792128,184.0
49803808,171.0
49813440,209.0
49830432,184.0
49851104,207.0
49852272,151.0
49854912,239.0
49856480,151.0
49887536,175.0
49892816,157.0
49902336,179.0
49906768,219.0
49906816,176.0
49912224,194.0
49919632,159.0
49924448,190.0
49934768,186.0
49936352,170.0
49938464,165.0
49955776,210.0
49966416,204.0
49966784,171.0
50003632,160.0
50024176,203.0
50046880,157.0
50053792,177.0
50058032,218.0
50067408,206.0
50070320,176.0
50073328,203.0
50078416,194.0
50082080,152.0
50091120,169.0
50092976,199.0
50108576,155.0
50111632,187.0
50116064,169.0
50117152,185.0
50122032,193.0
50131136,145.0
50143808,149.0
50148336,173.0
50172416,191.0
50211328,169.0
50216784,167.0
50224384,151.0
50229552,174.0
50262480,184.0
50263440,179.0
50269408,172.0
50273856,166.0
50301296,172.0
50316896,193.0
50337872,213.0
50340576,145.0
50378768,140.0
50404384,166.0
50406704,192.0
50408848,175.0
50409232,187.0
50425088,336.0
50449424,215.0
50470928,168.0
50474272,166.0
50484816,186.0
50485152,206.0
50494240,204.0
50500432,136.0
50509808,162.0
50516800,182.0
50521568,145.0
50521648,208.0
50543344,171.0
50552288,184.0
50564800,162.0
50590256,186.0
50592992,191.0
50600992,187.0
50621024,188.0
50633248,205.0
50634928,211.0
50639520,228.0
50644720,202.0
50673536,195.0
50689248,173.0
50693264,171.0
50695008,197.0
50718336,219.0
50726240,175.0
50729424,174.0
50739696,170.0
50745488,181.0
50750784,189.0
50765744,181.0
50770240,185.0
50789856,208.0
50790960,193.0
50811264,144.0
50813680,158.0
50833904,178.0
50839760,222.0
50889024,221.0
50901072,200.0
50919168,200.0
50939328,176.0
50942768,174.0
50949824,173.0
50950576,196.0
50959968,173.0
50967760,225.0
50971792,210.0
50993184,181.0
50993776,174.0
50994800,183.0
50998112,217.0
51015600,168.0
51022544,204.0
51050576,158.0
51064240,159.0
51068432,199.0
51087792,177.0
51090208,165.0
51100320,198.0
51135216,177.0
51168352,156.0
51183648,156.0
51196608,173.0
51210336,182.0
51221024,184.0
51244832,207.0
51246688,197.0
51248608,188.0
51264640,160.0
51286144,167.0
51308224,150.0
51310656,182.0
51320704,145.0
51321840,193.0
51333072,177.0
51337408,177.0
51345568,201.0
51369568,138.0
51386352,178.0
51387552,146.0
51426032,206.0
51428896,174.0
51431200,244.0
51434080,180.0
51443200,205.0
51444048,247.0
51458352,310.0
51473904,155.0
51502272,187.0
51508000,136.0
51510272,166.0
51511728,166.0
51515616,186.0
51521936,111.0
51523232,165.0
51537504,149.0
51537824,204.0
51538352,176.0
51546160,185.0
51547248,212.0
51549792,173.0
51555984,184.0
51565680,191.0
51580544,155.0
51581136,122.0
51582848,199.0
51610368,191.0
51619376,146.0
51628112,217.0
51635088,174.0
51636256,177.0
51646400,225.0
51656128,193.0
51689632,157.0
51714224,182.0
51717552,183.0
51723840,208.0
51730800,197.0
51737184,156.0
51773232,199.0
51778192,165.0
51784576,115.0
51793888,152.0
51818288,169.0
51845520,208.0
51855680,120.0
51858640,177.0
51876128,200.0
51891616,210.0
51892752,165.0
51894368,159.0
51924224,179.0
51931520,189.0
51970624,170.0
51971616,157.0
51973680,202.0
51985184,208.0
52006848,159.0
52014720,179.0
52024896,203.0
52056240,163.0
52061344,167.0
52066592,154.0
52083424,182.0
52093232,190.0
52094832,158.0
52104896,208.0
52145312,172.0
52162144,192.0
52187344,174.0
52190320,151.0
52196176,431.0
52197216,177.0
52202832,181.0
52203024,161.0
52219744,157.0
52233808,202.0
52243488,178.0
52247360,146.0
52268960,166.0
52273776,179.0
52286640,258.0
52291552,211.0
52294048,179.0
52301808,106.0
52308960,178.0
52310704,195.0
52311568,151.0
52313312,187.0
52318080,156.0
52331376,202.0
52348208,170.0
52357120,167.0
52358656,175.0
52372016,202.0
52386416,215.0
52399600,151.0
52401920,164.0
52402208,196.0
52409152,332.0
52418432,192.0
52424880,193.0
52433152,295.0
52447632,160.0
52469776,103.0
52496832,180.0
52498816,190.0
52500064,174.0
52513040,163.0
52513072,164.0
52522784,196.0
52523728,203.0
52528640,167.0
52535200,180.0
52536992,172.0
52554224,201.0
52570832,191.0
52575600,176.0
52587456,181.0
52606912,201.0
52609744,155.0
52620544,165.0
52625440,214.0
52641104,197.0
52647552,177.0
52671520,183.0
52686048,175.0
52687344,163.0
52689488,165.0
52694432,165.0
52697440,176.0
52704784,169.0
52714032,141.0
52715744,167.0
52716176,162.0
52729280,151.0
52742784,159.0
52760512,187.0
52763536,225.0
52772160,164.0
52778320,191.0
52780320,208.0
52783056,195.0
52825536,157.0
52840176,142.0
52851760,190.0
52852864,140.0
52861568,175.0
52877248,176.0
52881952,189.0
52884352,183.0
52892288,162.0
52896288,188.0
52901712,197.0
52904352,166.0
52907200,186.0
52911632,170.0
52917616,174.0
52939712,164.0
52950864,168.0
52954304,180.0
52956960,169.0
52966080,159.0
52966496,165.0
52973584,163.0
52983344,189.0
52992608,223.0
52994544,181.0
52994672,229.0
52998768,152.0
53009664,166.0
53012704,184.0
53018768,205.0
53021600,183.0
53037584,139.0
53045232,193.0
53047408,174.0
53053328,160.0
53066912,232.0
53075744,188.0
53082288,158.0
53086592,205.0
53088384,180.0
53089232,182.0
53102672,206.0
53124032,172.0
53126032,184.0
53132992,196.0
53138400,159.0
53140480,169.0
53145680,190.0
53148416,172.0
53155168,210.0
53175136,190.0
53183776,224.0
53200544,155.0
53209088,219.0
53211472,194.0
53248912,160.0
53250144,200.0
53260160,161.0
53265264,165.0
53272288,205.0
53284176,186.0
53300400,165.0
53324224,231.0
53344992,150.0
53362128,181.0
53378032,184.0
53383040,166.0
53392240,177.0
53406032,188.0
53409248,193.0
53430704,176.0
53445072,169.0
53445936,175.0
53449488,192.0
53458016,155.0
53464480,170.0
53465456,162.0
53465504,195.0
53477776,160.0
53483904,108.0
53488368,162.0
53499888,184.0
53506320,222.0
53522944,166.0
53536320,161.0
53536336,187.0
53538880,176.0
53542352,192.0
53547504,193.0
53549712,183.0
53553328,207.0
53554176,181.0
53568528,208.0
53596592,189.0
53596656,170.0
53603568,189.0
53609104,163.0
53615200,244.0
53635136,209.0
53642000,182.0
53657696,184.0
53657952,205.0
53661568,178.0
53669072,224.0
53681696,122.0
53686912,144.0
53689088,179.0
53748976,144.0
53762688,193.0
53778496,181.0
53780128,193.0
53796096,222.0
53797728,183.0
53801312,150.0
53802000,197.0
53813008,207.0
53826736,189.0
53832336,183.0
53846304,163.0
53852752,158.0
53876960,153.0
53877216,175.0
53895408,182.0
53945680,175.0
53949824,206.0
53952672,197.0
53956768,199.0
53975280,177.0
53977232,151.0
53991872,189.0
54000432,140.0
54042976,178.0
54055008,172.0
54057808,175.0
54062832,154.0
54100720,169.0
54104176,205.0
54140368,174.0
54153248,172.0
54185712,184.0
54190864,193.0
54221920,154.0
54222480,162.0
54255904,192.0
54268768,182.0
54276064,186.0
54290016,145.0
54298400,209.0
54305216,170.0
54305584,172.0
54309648,259.0
54319760,186.0
54320400,197.0
54325344,187.0
54335568,210.0
54340176,186.0
54364896,160.0
54371856,184.0
54377824,215.0
54410576,115.0
54411008,214.0
54420192,249.0
54422960,233.0
54429376,147.0
54443120,226.0
54459568,163.0
54464016,166.0
54469760,176.0
54479008,190.0
54488912,148.0
54496416,141.0
54502688,218.0
54506832,192.0
54509760,147.0
54512496,197.0
54561664,158.0
54562064,146.0
54564800,197.0
54590608,157.0
54596160,168.0
54599696,186.0
54615024,149.0
54623616,183.0
54630384,189.0
54631680,213.0
54637824,163.0
54642960,179.0
54647232,160.0
54689232,161.0
54721504,162.0
54741424,187.0
54818224,174.0
54827376,186.0
54833184,152.0
54839984,203.0
54854512,192.0
54865680,201.0
54883200,113.0
54892720,174.0
54897712,174.0
54911520,172.0
54918848,178.0
54931312,136.0
54932416,186.0
54956480,162.0
54961952,234.0
54973792,214.0
54987920,186.0
54992432,156.0
54993952,219.0
55024784,188.0
55052528,211.0
55057264,173.0
55064128,201.0
55070544,169.0
55089136,172.0
55093840,171.0
55107248,170.0
55111808,169.0
55117216,176.0
55119856,190.0
55122544,180.0
55139632,196.0
55141200,218.0
55154352,157.0
55179936,141.0
55188096,161.0
55193888,192.0
55194592,153.0
55196928,217.0
55199136,194.0
55215184,169.0
55225088,150.0
55229728,175.0
55245104,199.0
55253504,194.0
55263488,141.0
55277232,206.0
55279120,276.0
55302704,173.0
55327760,213.0
55336432,159.0
55341712,180.0
55370352,141.0
55371232,169.0
55387136,187.0
55396400,137.0
55441328,180.0
55443024,174.0
55474016,155.0
55475072,189.0
55509120,176.0
55518672,181.0
55533072,204.0
55540048,171.0
55548368,156.0
55554368,162.0
55575424,150.0
55588400,154.0
55615568,192.0
55622064,153.0
55642784,160.0
55646224,148.0
55652080,158.0
55677248,158.0
55677968,196.0
55686480,174.0
55706208,154.0
55714768,163.0
55723312,169.0
55741952,168.0
55745264,210.0
55748192,185.0
55761776,224.0
55789456,161.0
55795632,167.0
55802432,201.0
55803680,167.0
55819920,230.0
55829504,142.0
55829776,185.0
55835760,170.0
55862128,157.0
55900320,193.0
55909472,203.0
55923184,168.0
55928832,175.0
55933584,175.0
55954192,173.0
56013552,194.0
56068800,167.0
56075616,157.0
56084544,169.0
56094016,179.0
56119200,173.0
56164912,162.0
56177632,165.0
56184736,172.0
56188544,199.0
56194544,174.0
56203920,181.0
56205168,177.0
56215648,203.0
56221776,115.0
56222160,177.0
56228688,180.0
56256880,146.0
56260352,168.0
56266288,167.0
56292464,163.0
56306816,209.0
56306992,155.0
56324432,202.0
56326608,172.0
56332544,178.0
56339456,167.0
56357952,177.0
56365968,194.0
56383456,170.0
56396208,172.0
56409216,177.0
56412416,173.0
56414624,145.0
56415168,180.0
56436176,180.0
56436752,188.0
56456576,163.0
56466560,153.0
56472224,173.0
56476816,152.0
56477072,169.0
56498240,199.0
56501248,207.0
56506528,150.0
56511456,182.0
56525728,152.0
56543040,167.0
56559344,201.0
56561888,176.0
56638208,178.0
56646800,158.0
56652944,189.0
56657488,161.0
56666048,185.0
56676672,174.0
56681904,170.0
56698688,318.0
56706288,149.0
56713776,180.0
56751904,146.0
56754000,178.0
56778944,170.0
56784752,177.0
56791888,227.0
56803824,165.0
56804128,198.0
56808240,217.0
56813248,162.0
56813424,165.0
56831408,177.0
56837296,205.0
56841696,187.0
56842400,187.0
56850224,195.0
56862352,172.0
56864736,97.0
56866352,158.0
56869408,171.0
56881248,195.0
56904688,143.0
56937744,194.0
56950656,182.0
56953888,171.0
56974416,181.0
57002192,173.0
57004160,177.0
57024880,160.0
57045424,199.0
57064192,158.0
57070672,175.0
57076288,149.0
57079936,193.0
57100432,168.0
57108640,159.0
57116288,211.0
57129952,160.0
57129968,98.0
57141088,157.0
57144720,168.0
57167008,188.0
57184608,162.0
57191856,160.0
57192336,158.0
57205792,193.0
57208272,160.0
57217248,187.0
57218608,206.0
57223424,143.0
57223904,175.0
57243840,157.0
57265840,209.0
57291040,160.0
57300848,203.0
57304656,103.0
57312400,174.0
57325648,222.0
57354160,157.0
57374720,176.0
57375968,155.0
57381744,186.0
57384848,173.0
57385360,189.0
57396464,182.0
57406624,163.0
57410000,185.0
57416928,183.0
57432240,187.0
57443136,156.0
57456352,181.0
57467840,182.0
57473024,187.0
57478160,180.0
57496256,189.0
57534240,158.0
57568960,205.0
57574128,189.0
57582896,187.0
57589856,175.0
57593920,152.0
57600288,184.0
57608288,189.0
57624336,166.0
57650304,208.0
57686688,204.0
57695920,165.0
57702880,160.0
57726448,147.0
57739792,135.0
57741584,183.0
57773152,197.0
57776128,152.0
57784624,160.0
57794832,170.0
57804672,165.0
57813328,155.0
57837488,166.0
57842608,155.0
57853232,201.0
57882240,176.0
57886240,165.0
57886560,141.0
57913536,142.0
57915600,169.0
57917968,183.0
57919824,201.0
57934944,170.0
57937008,157.0
57937776,156.0
57951440,180.0
57970112,190.0
57975216,157.0
57988928,162.0
57991168,184.0
57998352,318.0
58011344,181.0
58015456,162.0
58020704,172.0
58021040,179.0
58021056,184.0
58021360,182.0
58060928,175.0
58076400,157.0
58079296,178.0
58109440,186.0
58144656,180.0
58146416,185.0
58151696,199.0
58153616,174.0
58180048,160.0
58208880,189.0
58235344,156.0
58237376,161.0
58238128,166.0
58244640,164.0
58248352,217.0
58285824,197.0
58287216,173.0
58297488,176.0
58300896,162.0
58302672,174.0
58303904,202.0
58308944,200.0
58329312,165.0
58330096,172.0
58354112,190.0
58365584,127.0
58367648,224.0
58368480,157.0
58467200,163.0
58471968,184.0
58482992,174.0
58514272,185.0
58520560,155.0
58533408,185.0
58542960,184.0
58543808,166.0
58547120,159.0
58551312,198.0
58552096,176.0
58594864,104.0
58609408,174.0
58627552,195.0
58632016,190.0
58633792,152.0
58637136,182.0
58660128,165.0
58673184,149.0
58678432,162.0
58736736,165.0
58736944,205.0
58741648,198.0
58755904,178.0
58781296,204.0
58791472,186.0
58791920,148.0
58829568,181.0
58830048,202.0
58839536,154.0
58844736,187.0
58845312,199.0
58849680,144.0
58854160,212.0
58856720,162.0
58868112,145.0
58880240,181.0
58894160,170.0
58921392,182.0
58934800,182.0
58943952,173.0
58963040,167.0
58963968,198.0
58967088,171.0
59002240,194.0
59009248,196.0
59012288,150.0
59023360,195.0
59025168,177.0
59025568,147.0
59029824,158.0
59052480,143.0
59065568,154.0
59090832,187.0
59097904,178.0
59107184,94.0
59110768,185.0
59113632,158.0
59117280,180.0
59135840,168.0
59155584,173.0
59169712,175.0
59173088,198.0
59184944,178.0
59192160,177.0
59194480,155.0
59195408,140.0
59210304,188.0
59220592,168.0
59228544,178.0
59239200,163.0
59250480,155.0
59264176,170.0
59276544,202.0
59312128,194.0
59312144,200.0
59316848,182.0
59328944,202.0
59354144,169.0
59359680,210.0
59378512,202.0
59381344,188.0
59407040,147.0
59411168,198.0
59411616,219.0
59435824,188.0
59437728,164.0
59440544,158.0
59463920,194.0
59468448,211.0
59472112,158.0
59475888,187.0
59498848,178.0
59508704,182.0
59537376,201.0
59544192,158.0
59544560,188.0
59548240,97.0
59551040,195.0
59553040,187.0
59576240,169.0
59578864,393.0
59591248,209.0
59602528,192.0
59631984,181.0
59637808,159.0
59639248,193.0
59648400,149.0
59659200,162.0
59673184,201.0
59674480,174.0
59677296,172.0
59678288,172.0
59680224,162.0
59692848,153.0
59716592,170.0
59720240,219.0
59723440,154.0
59737488,195.0
59739232,112.0
59756416,178.0
59758576,186.0
59822816,185.0
59831760,176.0
59832960,170.0
59839808,183.0
59859456,186.0
59861136,206.0
59880192,169.0
59887952,196.0
59912016,163.0
59914448,143.0
59929456,186.0
59938976,157.0
59943456,500.0
59947264,214.0
59948096,177.0
59948528,213.0
59952144,170.0
59965360,161.0
59990944,182.0
59994736,182.0
60020688,190.0
60041296,181.0
60043216,172.0
60052752,164.0
60054720,228.0
60056112,174.0
60057696,189.0
60066752,172.0
60070704,181.0
60087584,161.0
60088976,194.0
60122896,161.0
60128992,197.0
60135504,180.0
60146464,156.0
60155040,147.0
60164368,157.0
60170160,181.0
60179568,188.0
60183024,156.0
60188656,184.0
60203216,167.0
60212576,201.0
60217424,193.0
60236144,218.0
60263776,161.0
60303664,191.0
60306000,203.0
60307616,172.0
60327968,164.0
60340928,180.0
60365248,152.0
60368128,147.0
60381696,182.0
60384576,171.0
60402960,179.0
60407568,164.0
60408560,196.0
60411616,108.0
60437728,156.0
60457680,188.0
60459744,171.0
60460592,240.0
60468352,169.0
60470816,210.0
60472736,159.0
60474656,120.0
60479424,166.0
60492432,169.0
60506080,173.0
60516880,163.0
60518192,165.0
60537168,189.0
60538528,184.0
60550560,188.0
60567888,176.0
60573536,176.0
60578464,163.0
60583792,210.0
60595376,186.0
60599264,150.0
60599680,182.0
60601920,175.0
60615504,158.0
60616432,210.0
60618480,157.0
60618720,203.0
60626304,188.0
60627168,169.0
60630016,193.0
60635776,168.0
60656544,186.0
60667264,148.0
60668704,182.0
60730576,164.0
60746896,158.0
60747312,184.0
60757872,177.0
60763776,172.0
60776768,163.0
60781872,210.0
60782512,179.0
60783088,198.0
60790800,196.0
60796672,198.0
60806080,186.0
60808576,156.0
60808864,190.0
60810224,177.0
60812992,173.0
60816176,239.0
60816992,174.0
60829216,165.0
60829952,164.0
60853904,153.0
60855184,168.0
60861424,205.0
60869872,170.0
60922576,160.0
60923808,179.0
60929792,179.0
60937888,183.0
60940640,192.0
60977344,180.0
60985472,162.0
60990176,182.0
60992976,168.0
61001424,178.0
61017616,158.0
61031504,190.0
61049616,206.0
61062848,179.0
61073584,171.0
61076096,164.0
61113248,168.0
61115136,176.0
61123824,209.0
61135360,173.0
61141840,168.0
61156848,210.0
61161504,171.0
61174768,176.0
61183456,164.0
61193888,160.0
61201888,185.0
61203616,156.0
61249248,153.0
61255952,195.0
61270720,203.0
61284320,185.0
61288608,169.0
61295792,166.0
61305264,178.0
61329504,167.0
61338464,194.0
61339248,163.0
61373008,154.0
61387616,171.0
61392368,151.0
61409680,171.0
61411456,168.0
61419632,168.0
61495872,92.0
61497392,179.0
61502224,158.0
61545824,183.0
61546080,237.0
61547136,160.0
61565104,196.0
61589712,158.0
61597872,150.0
61601744,173.0
61609648,172.0
61619984,154.0
61628992,165.0
61635264,174.0
61646384,167.0
61666320,157.0
61671728,207.0
61678592,167.0
61680880,162.0
61687152,208.0
61710128,193.0
61716192,194.0
61723408,146.0
61771776,169.0
61779168,192.0
61779920,181.0
61812160,213.0
61815184,151.0
61826656,145.0
61831536,173.0
61838048,203.0
61868016,164.0
61874720,179.0
61878864,198.0
61880912,179.0
61886480,162.0
61889984,157.0
61906992,154.0
61944992,191.0
61948512,183.0
61961744,165.0
61965984,82.0
61967952,180.0
62001568,180.0
62017136,211.0
62024848,179.0
62041664,165.0
62047088,181.0
62058784,163.0
62082080,191.0
62082160,169.0
62089856,186.0
62091392,235.0
62135456,193.0
62168208,166.0
62177856,170.0
62178128,167.0
62229120,187.0
62265360,175.0
62268848,183.0
62270784,145.0
62271472,158.0
62301232,177.0
62322864,222.0
62328352,188.0
62337664,187.0
62339088,164.0
62352000,144.0
62362800,176.0
62368928,209.0
62376288,205.0
62392240,160.0
62406288,165.0
62408816,183.0
62432752,141.0
62439008,152.0
62453312,208.0
62458144,197.0
62460112,197.0
62473056,138.0
62478592,158.0
62487856,183.0
62493808,175.0
62504976,155.0
62505472,198.0
62540336,175.0
62561616,213.0
62562080,180.0
62562304,170.0
62571488,186.0
62580080,196.0
62586608,165.0
62598864,177.0
62605440,163.0
62613056,161.0
62613328,201.0
62645040,196.0
62653408,189.0
62663888,199.0
62701296,203.0
62708240,165.0
62712528,218.0
62715552,233.0
62721696,177.0
62722352,168.0
62754176,141.0
62765872,181.0
62781392,192.0
62806528,161.0
62812608,186.0
62825440,164.0
62836720,174.0
62851872,178.0
62856016,175.0
62864960,199.0
62867792,176.0
62868096,157.0
62873616,195.0
62886912,159.0
62907392,237.0
62910720,169.0
62916416,315.0
62917840,169.0
62920048,225.0
62928496,172.0
62936704,200.0
62960864,189.0
62963264,164.0
62965536,187.0
62979456,187.0
62990416,176.0
62990880,169.0
62994288,180.0
63019760,210.0
63023056,219.0
63026832,165.0
63034048,226.0
63046512,108.0
63047520,163.0
63060016,180.0
63064464,171.0
63074752,204.0
63075760,199.0
63076608,157.0
63081264,131.0
63111728,244.0
63111984,184.0
63124800,159.0
63152560,151.0
63156608,194.0
63159216,162.0
63160080,162.0
63160304,145.0
63190704,190.0
63201360,216.0
63228224,181.0
63258576,147.0
63260272,178.0
63276992,205.0
63282336,176.0
63319920,181.0
63323840,164.0
63325632,161.0
63326544,125.0
63334384,207.0
63377952,224.0
63392528,196.0
63430320,169.0
63431840,206.0
63431904,191.0
63449408,158.0
63463328,149.0
63467728,187.0
63469008,189.0
63474496,275.0
63475072,193.0
63486320,144.0
63500512,168.0
63510032,162.0
63512960,214.0
63524800,185.0
63528000,186.0
63538944,186.0
63563520,158.0
63563776,186.0
63564048,190.0
63622112,193.0
63640304,143.0
63643040,209.0
63645232,191.0
63653568,265.0
63654976,177.0
63655472,159.0
63660304,219.0
63681168,174.0
63683792,190.0
63695792,167.0
63706208,154.0
63724448,231.0
63725616,194.0
63727696,180.0
63734480,192.0
63750192,164.0
63766816,183.0
63787200,188.0
63817792,188.0
63850448,159.0
63851504,185.0
63860656,191.0
63871792,199.0
63872688,95.0
63877280,188.0
63895072,186.0
63898704,181.0
63925040,184.0
63940464,162.0
63947200,204.0
63951088,210.0
63955312,195.0
63960048,163.0
63960992,161.0
63964992,171.0
63995344,186.0
64009008,201.0
64021072,164.0
64029552,190.0
64032160,164.0
64040992,204.0
64044336,174.0
64055936,159.0
64078112,189.0
64090128,181.0
64105488,187.0
64110064,146.0
64110128,146.0
64117680,163.0
64119920,173.0
64123040,185.0
64129632,72.0
64131936,101.0
64131968,137.0
64143360,188.0
64149040,156.0
64158192,167.0
64162880,184.0
64163152,152.0
64190000,168.0
64192208,199.0
64195808,196.0
64223600,166.0
64238224,185.0
64244560,167.0
64247200,210.0
64255456,176.0
64276976,201.0
64286672,204.0
64303776,224.0
64337408,166.0
64340176,174.0
64369216,180.0
64369760,173.0
64375264,196.0
64375728,168.0
64406592,172.0
64413360,195.0
64414288,160.0
64417136,152.0
64423072,193.0
64430000,188.0
64435456,179.0
64439744,184.0
64449568,189.0
64471040,160.0
64479600,155.0
64481920,169.0
64482224,174.0
64483840,214.0
64487104,175.0
64489040,175.0
64500336,202.0
64501680,172.0
64510000,166.0
64538048,143.0
64563952,143.0
64569616,174.0
64574016,174.0
64612208,168.0
64614752,188.0
64617392,172.0
64660192,191.0
64693520,180.0
64706528,182.0
64720048,162.0
64724272,172.0
64781712,302.0
64782016,166.0
64784272,203.0
64802640,192.0
64807184,156.0
64818160,203.0
64824656,190.0
64825616,202.0
64826704,196.0
64850896,177.0
64859216,166.0
64870512,192.0
64891344,177.0
64902064,186.0
64915808,110.0
64915856,148.0
64937968,173.0
64939824,161.0
64953856,155.0
64955472,225.0
64964160,166.0
64964608,172.0
64989568,114.0
64999952,157.0
65007760,165.0
65008592,183.0
65014240,208.0
65016752,169.0
65021552,144.0
65029664,205.0
65043952,158.0
65048400,168.0
65060464,142.0
65062528,243.0
65066416,142.0
65071280,182.0
65071872,172.0
65071872,203.0
65076224,198.0
65078896,184.0
65097024,163.0
65104256,186.0
65111120,170.0
65112240,176.0
65114208,191.0
65114656,197.0
65117424,147.0
65122128,187.0
65143216,214.0
65149008,191.0
65181056,183.0
65208192,187.0
65210368,172.0
65213072,224.0
65216096,171.0
65221568,210.0
65222416,164.0
65261136,191.0
65265264,100.0
65265616,176.0
65269120,170.0
65270032,200.0
65276976,168.0
65289696,167.0
65297232,168.0
65300288,161.0
65323584,203.0
65341776,149.0
65347072,172.0
65356528,207.0
65370656,122.0
65373344,203.0
65376368,178.0
65379520,149.0
65406944,159.0
65414960,183.0
65418736,201.0
65421168,172.0
65439232,168.0
65458512,198.0
65459120,190.0
65479840,171.0
65531216,185.0
65540000,208.0
65547904,207.0
65548048,187.0
65552464,166.0
65558512,175.0
65562176,177.0
65564800,180.0
65567632,184.0
65571072,151.0
65583200,180.0
65603936,196.0
65607600,163.0
65609840,191.0
65635664,207.0
65637200,156.0
65644144,144.0
65652032,196.0
65662240,168.0
65669376,154.0
65704096,184.0
65712464,189.0
65726336,151.0
65739232,189.0
65798640,187.0
65812256,196.0
65826192,193.0
65829568,203.0
65837744,160.0
65855264,182.0
65869120,188.0
65901152,166.0
65941408,168.0
65963408,210.0
65968864,169.0
66014208,166.0
66019088,217.0
66022624,138.0
66040736,168.0
66043296,156.0
66065072,177.0
66102656,179.0
66108704,141.0
66126672,147.0
66128576,169.0
66136608,147.0
66138432,153.0
66138912,173.0
66148832,167.0
66154160,200.0
66184016,173.0
66207232,138.0
66213984,173.0
66217664,180.0
66222576,189.0
66248640,170.0
66255024,152.0
66262336,168.0
66264992,158.0
66282784,173.0
66294960,171.0
66297216,172.0
66302032,171.0
66309152,170.0
66318352,180.0
66326048,186.0
66349232,227.0
66352160,180.0
66364144,176.0
66365904,163.0
66368960,175.0
66378864,179.0
66392848,172.0
66396800,209.0
66433472,162.0
66446592,184.0
66453040,197.0
66463216,330.0
66473680,181.0
66483424,150.0
66506432,208.0
66571296,186.0
66579712,177.0
66582864,163.0
66590224,152.0
66596032,185.0
66602080,200.0
66606512,183.0
66632432,190.0
66634000,152.0
66646912,175.0
66681472,163.0
66686160,236.0
66686224,187.0
66689072,184.0
66692832,161.0
66735712,158.0
66740800,179.0
66764656,199.0
66782816,187.0
66788320,197.0
66798304,172.0
66804048,142.0
66833392,173.0
66847008,171.0
66851456,146.0
66868208,201.0
66872736,182.0
66876560,166.0
66882432,194.0
66977936,175.0
66980992,197.0
66989328,154.0
66989888,176.0
67022800,150.0
67058912,183.0
67069040,203.0
67074464,211.0
67079520,185.0
67081760,196.0
67088240,200.0
67091904,173.0
67098560,219.0
67114064,155.0
67120128,166.0
67143808,175.0
67148720,192.0
67150640,192.0
67176160,173.0
67216928,144.0
67242208,166.0
67249776,152.0
67253328,182.0
67256640,199.0
67271872,179.0
67273584,196.0
67278848,187.0
67287648,172.0
67293008,156.0
67332736,167.0
67336032,157.0
67381120,189.0
67397104,150.0
67397984,220.0
67439376,190.0
67525104,175.0
67525424,185.0
67539632,162.0
67576864,169.0
67583968,189.0
67594480,204.0
67605232,176.0
67608080,151.0
67619760,172.0
67646560,171.0
67656400,113.0
67678464,176.0
67694944,183.0
67704176,156.0
67723584,127.0
67724656,137.0
67747728,183.0
67751504,178.0
67784992,179.0
67811200,188.0
67812032,152.0
67817904,153.0
67819280,500.0
67825520,175.0
67832816,195.0
67880400,212.0
67887696,143.0
67889216,177.0
67889360,204.0
67891456,199.0
67906224,167.0
67908480,156.0
67917888,211.0
67919424,160.0
67928096,221.0
67949872,148.0
67956784,155.0
67965872,165.0
67972368,179.0
67988528,164.0
67989664,185.0
67997856,211.0
68006528,144.0
68008736,193.0
68071152,153.0
68072752,189.0
68074496,167.0
68080864,180.0
68093360,162.0
68094928,188.0
68130128,201.0
68134640,173.0
68138288,154.0
68141728,158.0
68175760,478.0
68183712,171.0
68199520,192.0
68219072,208.0
68244144,177.0
68258976,187.0
68279136,189.0
68291568,203.0
68351616,188.0
68354064,164.0
68360752,173.0
68440752,201.0
68456000,191.0
68461104,178.0
68491904,158.0
68493056,175.0
68501920,187.0
68501952,175.0
68508496,182.0
68529888,215.0
68567904,228.0
68571664,197.0
68604816,158.0
68607824,198.0
68609984,191.0
68617296,174.0
68619056,158.0
68652672,192.0
68655968,181.0
68658000,176.0
68662560,96.0
68682000,219.0
68683600,176.0
68685504,196.0
68691952,183.0
68710944,204.0
68718640,155.0
68723808,168.0
68729616,171.0
68735840,192.0
68744240,184.0
68768272,197.0
68820064,165.0
68863760,194.0
68870096,164.0
68871392,157.0
68876432,178.0
68880240,201.0
68920848,188.0
68938096,185.0
68942816,174.0
68953392,193.0
68957904,164.0
69031184,162.0
69034432,158.0
69054976,195.0
69071312,304.0
69074192,155.0
69092128,185.0
69102624,192.0
69109472,198.0
69110976,157.0
69111296,151.0
69135184,160.0
69149744,161.0
69151104,166.0
69151952,163.0
69173840,153.0
69179936,182.0
69184944,203.0
69215568,191.0
69247008,145.0
69261408,170.0
69275520,156.0
69281040,172.0
69294192,180.0
69295584,140.0
69296192,202.0
69306848,185.0
69310832,169.0
69314384,203.0
69327552,186.0
69332096,174.0
69358816,169.0
69366544,178.0
69379824,201.0
69393744,186.0
69398112,174.0
69411168,161.0
69435920,173.0
69440048,174.0
69450896,260.0
69476912,176.0
69496016,219.0
69521984,163.0
69538240,196.0
69552048,195.0
69565568,154.0
69566096,176.0
69582064,181.0
69591312,160.0
69598272,187.0
69613568,167.0
69619744,176.0
69648928,140.0
69654736,156.0
69685072,173.0
69701088,162.0
69713728,210.0
69743760,138.0
69754736,197.0
69767296,190.0
69792112,164.0
69797056,170.0
69833424,153.0
69854224,203.0
69856000,172.0
69858192,181.0
69866672,199.0
69871728,170.0
69874944,164.0
69886512,442.0
69891520,191.0
69902416,168.0
69925200,184.0
69952528,163.0
69953776,231.0
69974944,156.0
69987888,148.0
69993392,205.0
70000096,163.0
70024096,172.0
70028688,184.0
70031040,177.0
70046704,212.0
70078832,197.0
70082384,159.0
70085952,174.0
70095360,179.0
70098832,175.0
70127872,180.0
70142768,161.0
70159536,192.0
70168384,160.0
70186720,214.0
70190880,152.0
70200992,152.0
70232336,197.0
70252032,196.0
70261216,166.0
70265168,141.0
70298544,215.0
70301232,190.0
70307568,180.0
70341872,199.0
70351888,133.0
70366832,187.0
70384480,96.0
70392640,211.0
70405440,198.0
70414992,171.0
70426912,170.0
70455952,150.0
70472416,151.0
70473616,198.0
70474320,178.0
70493952,181.0
70513488,165.0
70522512,206.0
70525680,185.0
70537152,192.0
70546528,176.0
70553648,173.0
70566640,175.0
70572992,182.0
70573728,174.0
70581744,166.0
70588240,209.0
70608880,192.0
70619296,178.0
70626560,159.0
70627472,236.0
70635888,192.0
70647152,166.0
70666096,187.0
70673456,137.0
70695056,185.0
70709408,192.0
70712688,166.0
70726560,181.0
70731968,148.0
70751584,228.0
70812336,184.0
70815760,160.0
70819424,148.0
70841872,190.0
70856816,172.0
70934160,173.0
70940336,179.0
70956304,114.0
70959344,179.0
70973840,114.0
70987536,181.0
71001648,188.0
71010736,182.0
71013536,177.0
71016800,183.0
71025072,158.0
71049696,199.0
71053328,148.0
71077968,191.0
71082000,166.0
71097392,159.0
71097600,197.0
71109808,163.0
71116640,166.0
71117584,176.0
71117760,168.0
71118656,156.0
71147136,190.0
71148016,182.0
71148560,215.0
71154464,165.0
71155056,196.0
71157600,174.0
71170160,205.0
71174736,175.0
71182352,161.0
71182832,156.0
71239136,208.0
71257808,180.0
71282368,186.0
71306368,204.0
71332944,155.0
71343584,175.0
71346672,186.0
71370512,188.0
71381360,149.0
71390832,145.0
71400032,143.0
71456752,158.0
71457312,187.0
71472496,182.0
71473136,185.0
71483264,180.0
71485360,223.0
71493472,170.0
71497440,143.0
71503920,196.0
71507872,199.0
71555632,197.0
71556496,179.0
71557488,152.0
71580512,170.0
71595568,195.0
71599168,192.0
71620688,194.0
71646752,165.0
71672784,216.0
71677376,126.0
71686336,128.0
71690080,193.0
71708304,128.0
71726928,171.0
71729728,177.0
71741024,182.0
71764896,219.0
71770432,172.0
71790592,164.0
71791648,160.0
71802192,180.0
71816480,179.0
71820064,190.0
71836112,258.0
71848000,192.0
71864544,225.0
71873424,191.0
71882736,167.0
71898384,167.0
71898832,197.0
71908144,174.0
71908864,175.0
71925488,183.0
71931248,140.0
71931488,162.0
71944320,172.0
71945296,163.0
71948912,164.0
71956960,155.0
71964368,126.0
71965936,167.0
71969120,186.0
71973312,203.0
71989264,157.0
71990752,161.0
72004496,192.0
72034112,201.0
72039360,146.0
72047328,160.0
72078368,212.0
72079520,194.0
72081456,193.0
72082560,164.0
72087088,177.0
72101712,184.0
72104928,210.0
72110544,197.0
72119408,159.0
72124784,170.0
72133600,201.0
72159520,200.0
72166528,172.0
72168960,210.0
72170400,201.0
72181472,166.0
72190144,250.0
72192240,186.0
72220576,145.0
72232976,174.0
72235184,190.0
72254816,192.0
72295392,178.0
72301600,190.0
72303168,184.0
72314736,184.0
72332816,206.0
72350240,163.0
72352640,128.0
72355424,159.0
72355616,179.0
72356944,137.0
72359584,152.0
72365680,221.0
72379360,169.0
72382016,147.0
72392144,165.0
72402944,161.0
72410912,168.0
72414288,160.0
72436880,180.0
72438976,215.0
72477216,187.0
72480224,166.0
72480560,203.0
72488352,171.0
72503920,192.0
72532432,195.0
72533872,218.0
72541632,165.0
72542704,155.0
72543872,162.0
72554992,92.0
72557296,192.0
72581008,215.0
72581584,145.0
72587472,194.0
72606512,212.0
72612528,113.0
72630208,157.0
72639728,190.0
72641600,161.0
72647600,246.0
72670768,272.0
72671536,202.0
72672688,165.0
72682768,198.0
72693872,306.0
72730144,168.0
72735904,198.0
72739344,192.0
72742544,186.0
72743536,186.0
72749648,195.0
72771488,184.0
72786352,162.0
72797376,159.0
72797712,139.0
72797936,160.0
72809424,191.0
72824544,150.0
72854336,132.0
72869840,202.0
72876640,175.0
72882720,184.0
72890560,187.0
72899824,178.0
72908320,174.0
72919904,196.0
72923408,186.0
72923568,215.0
72929360,181.0
72940368,167.0
72941856,164.0
72957488,185.0
72966272,147.0
72967760,161.0
72972000,175.0
72974016,188.0
72976896,182.0
73004144,161.0
73009808,229.0
73021904,242.0
73032160,184.0
73043232,218.0
73044816,191.0
73054912,190.0
73058336,169.0
73074512,160.0
73075248,182.0
73092832,167.0
73093904,158.0
73112560,185.0
73126864,167.0
73130976,158.0
73154496,198.0
73171072,166.0
73186608,180.0
73191008,183.0
73229040,161.0
73232592,159.0
73248672,183.0
73256240,161.0
73268256,221.0
73276768,159.0
73309984,197.0
73313136,192.0
73331216,201.0
73348064,162.0
73352960,151.0
73372816,210.0
73383840,203.0
73387232,221.0
73417968,200.0
73442048,190.0
73446656,149.0
73454992,159.0
73466416,204.0
73466912,184.0
73471184,206.0
73518912,165.0
73543456,161.0
73549392,142.0
73549776,157.0
73567792,172.0
73575696,253.0
73587088,193.0
73609904,167.0
73623296,169.0
73629600,169.0
73654608,163.0
73664256,183.0
73683952,199.0
73686240,178.0
73698176,182.0
73701952,185.0
73714480,175.0
73716720,166.0
73727408,180.0
73742400,186.0
73761744,162.0
73776528,167.0
73789568,160.0
73809728,288.0
73821360,170.0
73851872,162.0
73855712,191.0
73862064,167.0
73871760,191.0
73888080,159.0
73893008,173.0
73894624,175.0
73905232,166.0
73906928,163.0
73908416,175.0
73958896,173.0
73962832,168.0
73974656,189.0
73985296,178.0
73988080,191.0
74018928,147.0
74022480,164.0
74026256,174.0
74033376,210.0
74045632,193.0
74049184,169.0
74084240,201.0
74090768,179.0
74119536,201.0
74121936,144.0
74137936,159.0
74143072,139.0
74156320,125.0
74162032,183.0
74163936,209.0
74170096,187.0
74187712,170.0
74190032,199.0
74196768,147.0
74198960,179.0
74208400,198.0
74210304,159.0
74213632,197.0
74222832,195.0
74237312,152.0
74241776,140.0
74243856,148.0
74246272,181.0
74254752,176.0
74260672,158.0
74262368,174.0
74266720,171.0
74294896,185.0
74302016,172.0
74311488,186.0
74320608,156.0
74335936,219.0
74336576,189.0
74373328,175.0
74405712,150.0
74410384,236.0
74411504,177.0
74413776,188.0
74416416,202.0
74420112,173.0
74442336,136.0
74449200,180.0
74472432,168.0
74473216,157.0
74487584,198.0
74502000,211.0
74506048,175.0
74523232,162.0
74531360,172.0
74568144,219.0
74596784,154.0
74598032,197.0
74605056,189.0
74609056,203.0
74641120,200.0
74642128,211.0
74668384,152.0
74672576,97.0
74680336,160.0
74682416,159.0
74689520,167.0
74716464,174.0
74722512,107.0
74734976,188.0
74758368,174.0
74768880,197.0
74814592,186.0
74814912,199.0
74843200,190.0
74848672,151.0
74850720,204.0
74850752,157.0
74870224,216.0
74902544,153.0
74931584,181.0
74937232,143.0
74943216,157.0
74949152,157.0
74949968,151.0
74961184,191.0
74975792,200.0
74985936,174.0
74993424,183.0
74996512,156.0
75004784,204.0
75007776,184.0
75055264,178.0
75067760,262.0
75068976,151.0
75076512,200.0
75086400,218.0
75089600,185.0
75096752,205.0
75099760,192.0
75111968,187.0
75119888,192.0
75128656,147.0
75130784,139.0
75137184,168.0
75141712,195.0
75143632,197.0
75165488,214.0
75172096,186.0
75178352,191.0
75185936,159.0
75189232,152.0
75195936,169.0
75220784,167.0
75231056,191.0
75232448,154.0
75268816,198.0
75272688,237.0
75292960,171.0
75307840,215.0
75309360,190.0
75314128,168.0
75328384,164.0
75330464,228.0
75332208,160.0
75345248,149.0
75357680,248.0
75361120,157.0
75363808,178.0
75376256,185.0
75382352,244.0
75390880,174.0
75398544,192.0
75454912,189.0
75466784,206.0
75473584,168.0
75483040,181.0
75484448,288.0
75523248,202.0
75532864,168.0
75535248,163.0
75540384,164.0
75544560,143.0
75557936,211.0
75569744,167.0
75572912,167.0
75584832,156.0
75585216,217.0
75588992,169.0
75601920,190.0
75606560,162.0
75607088,164.0
75621344,170.0
75645840,140.0
75651520,160.0
75661296,168.0
75665040,206.0
75675024,185.0
75685664,219.0
75698928,194.0
75731248,193.0
75733008,169.0
75738464,194.0
75745072,178.0
75746496,194.0
75749584,189.0
75772768,146.0
75782480,171.0
75808672,187.0
75810384,152.0
75814800,175.0
75830896,180.0
75840048,157.0
75841072,170.0
75841824,181.0
75857648,205.0
75870608,188.0
75884080,182.0
75884320,189.0
75902880,113.0
75910512,161.0
75953728,198.0
75975024,163.0
75976592,144.0
75987104,237.0
75987696,176.0
75998368,159.0
76023808,160.0
76091088,206.0
76094064,176.0
76111392,147.0
76118272,184.0
76150064,177.0
76162688,174.0
76175472,187.0
76215136,161.0
76216480,202.0
76223888,218.0
76225408,168.0
76259792,180.0
76262096,170.0
76270016,218.0
76279840,155.0
76281216,208.0
76282400,171.0
76287760,191.0
76287808,149.0
76295504,175.0
76315792,183.0
76320384,158.0
76335040,189.0
76348624,189.0
76349632,174.0
76355568,146.0
76358416,186.0
76401760,176.0
76419056,270.0
76424432,197.0
76424608,174.0
76430224,166.0
76454080,170.0
76465360,152.0
76468208,204.0
76470016,148.0
76476096,190.0
76478976,186.0
76518992,155.0
76531216,151.0
76531776,145.0
76556176,190.0
76583184,125.0
76622096,159.0
76642960,182.0
76647376,163.0
76648448,160.0
76696736,166.0
76725056,185.0
76737952,163.0
76739920,164.0
76744896,186.0
76759520,195.0
76761424,178.0
76771216,177.0
76772080,155.0
76774736,161.0
76784064,166.0
76790080,187.0
76800176,203.0
76813232,160.0
76818240,204.0
76827056,178.0
76866416,201.0
76873376,204.0
76876592,226.0
76886096,182.0
76892608,204.0
76904672,144.0
76917824,171.0
76922112,217.0
76925088,162.0
76931360,186.0
76942944,192.0
76950960,227.0
76952896,215.0
76955056,186.0
76961152,144.0
76978784,162.0
76980640,193.0
76984192,147.0
76999696,219.0
77000752,185.0
77035472,208.0
77070832,177.0
77097968,148.0
77099552,153.0
77099968,173.0
77102608,162.0
77110992,220.0
77134736,205.0
77150672,150.0
77158752,193.0
77163488,185.0
77166928,141.0
77184432,186.0
77184720,165.0
77216912,169.0
77220800,225.0
77227744,192.0
77254848,186.0
77286608,154.0
77290752,268.0
77291312,159.0
77291840,172.0
77298240,199.0
77307776,160.0
77313856,181.0
77323072,211.0
77323856,216.0
77340080,192.0
77346352,231.0
77346352,160.0
77381488,163.0
77385376,190.0
77385984,180.0
77389472,180.0
77392240,173.0
77411792,211.0
77413536,167.0
77451360,172.0
77459296,193.0
77460416,168.0
77460784,212.0
77468496,143.0
77470000,194.0
77477840,169.0
77507648,188.0
77517216,196.0
77517984,165.0
77520496,175.0
77533024,156.0
77539536,171.0
77580816,165.0
77586688,186.0
77614576,181.0
77616528,184.0
77622368,155.0
77635280,179.0
77664912,189.0
77673664,180.0
77674496,138.0
77686432,182.0
77692880,118.0
77709392,179.0
77710240,158.0
77711856,164.0
77738928,141.0
77756000,215.0
77764032,171.0
77793776,165.0
77832304,190.0
77833872,167.0
77863792,161.0
77882320,167.0
77886208,225.0
77897520,178.0
77924480,182.0
77949104,179.0
77952496,229.0
77954752,114.0
77959488,167.0
77960128,187.0
77963712,218.0
77976848,167.0
77984352,166.0
77985632,159.0
78000560,123.0
78006032,198.0
78018304,140.0
78031344,179.0
78039408,184.0
78057456,185.0
78067200,144.0
78071328,164.0
78084576,181.0
78101840,179.0
78103600,95.0
78109104,241.0
78113888,158.0
78117872,193.0
78120176,231.0
78122656,159.0
78132624,152.0
78144368,186.0
78167760,182.0
78192976,189.0
78193744,212.0
78194496,178.0
78214624,155.0
78225984,104.0
78228672,159.0
78235648,184.0
78241120,154.0
78253168,172.0
78255376,166.0
78257152,195.0
78259856,218.0
78266064,188.0
78266736,170.0
78285184,180.0
78286672,216.0
78290464,149.0
78319136,183.0
78338224,172.0
78342512,235.0
78344000,173.0
78355392,178.0
78356480,161.0
78360288,151.0
78374528,176.0
78381648,218.0
78383360,167.0
78383488,162.0
78385616,144.0
78393856,130.0
78407392,125.0
78418512,191.0
78425296,139.0
78433312,165.0
78442944,143.0
78475728,205.0
78483232,191.0
78486960,179.0
78494848,205.0
78520736,164.0
78523792,179.0
78561760,180.0
78565056,151.0
78570544,161.0
78582480,164.0
78596592,117.0
78611264,215.0
78620800,133.0
78636800,165.0
78656912,210.0
78679200,203.0
78713280,175.0
78715584,163.0
78724816,194.0
78748896,199.0
78753776,189.0
78760608,210.0
78781296,178.0
78784240,205.0
78785504,200.0
78789184,202.0
78791664,172.0
78794752,187.0
78797792,163.0
78811760,197.0
78831472,193.0
78835328,144.0
78835808,166.0
78841680,180.0
78853488,193.0
78862032,175.0
78880816,173.0
78889600,215.0
78896512,163.0
78912544,152.0
78923488,180.0
78924544,102.0
78956864,143.0
78964752,196.0
78971472,189.0
78977856,173.0
78980448,209.0
78983280,194.0
79022704,177.0
79033328,148.0
79042208,182.0
79051376,200.0
79057728,176.0
79073008,151.0
79076096,165.0
79076848,145.0
79094464,153.0
79101904,159.0
79103456,172.0
79108160,165.0
79119056,230.0
79127664,185.0
79134992,167.0
79146240,187.0
79147888,153.0
79192656,207.0
79210272,164.0
79220752,168.0
79235392,152.0
79242320,165.0
79283488,89.0
79284544,209.0
79286128,192.0
79314208,153.0
79315616,174.0
79325712,182.0
79345696,194.0
79353968,167.0
79361952,182.0
79363344,173.0
79379552,164.0
79380576,179.0
79382464,203.0
79392208,150.0
79392656,156.0
79410032,158.0
79427424,154.0
79438816,189.0
79447248,500.0
79463152,209.0
79511920,188.0
79524656,222.0
79529424,163.0
79536096,152.0
79548176,161.0
79551312,166.0
79560576,174.0
79596400,161.0
79599328,197.0
79612640,171.0
79619744,156.0
79625024,209.0
79625536,193.0
79637888,143.0
79648288,155.0
79653664,179.0
79661232,180.0
79665536,176.0
79674912,176.0
79675632,160.0
79678288,177.0
79679664,213.0
79682496,182.0
79682848,166.0
79685392,166.0
79689872,161.0
79698688,146.0
79698976,187.0
79701424,191.0
79702736,228.0
79718192,156.0
79719728,237.0
79725184,204.0
79741712,163.0
79753088,191.0
79757312,208.0
79761472,203.0
79807744,193.0
79818384,180.0
79821104,167.0
79833728,210.0
79836000,192.0
79849168,183.0
79857920,161.0
79863120,155.0
79867632,185.0
79877376,130.0
79878032,180.0
79896144,168.0
79897552,178.0
79899840,151.0
79914912,199.0
79917168,183.0
79917696,178.0
79922944,169.0
79926080,182.0
79938224,181.0
79952880,182.0
79961136,203.0
79974752,184.0
79982528,168.0
79982976,177.0
79991312,225.0
80008192,187.0
80035632,158.0
80045344,188.0
80046272,199.0
80086144,190.0
80104144,209.0
80120464,157.0
80141264,202.0
80156464,184.0
80183376,181.0
80187328,154.0
80194816,166.0
80232832,184.0
80337840,150.0
80363584,180.0
80379504,171.0
80403376,169.0
80408336,249.0
80418608,205.0
80424032,170.0
80425008,182.0
80425808,154.0
80443696,194.0
80448304,188.0
80479088,173.0
80483824,207.0
80486128,170.0
80490208,185.0
80507792,211.0
80508432,176.0
80514400,257.0
80515536,192.0
80533920,201.0
80539504,170.0
80540208,169.0
80542368,141.0
80545552,170.0
80552816,162.0
80568016,140.0
80590688,104.0
80595600,147.0
80617952,168.0
80635200,165.0
80641568,141.0
80644064,205.0
80657296,263.0
80667440,160.0
80680064,183.0
80680688,148.0
80692512,193.0
80693392,202.0
80697904,172.0
80699536,368.0
80719472,182.0
80723120,155.0
80737856,151.0
80744672,171.0
80745776,199.0
80745808,204.0
80763680,187.0
80779952,189.0
80793424,201.0
80795136,185.0
80799504,233.0
80802336,220.0
80809200,146.0
80809648,198.0
80821056,188.0
80827680,172.0
80832704,152.0
80849056,197.0
80852432,167.0
80870992,147.0
80871664,137.0
80886800,203.0
80912032,220.0
80914064,175.0
80921056,154.0
80921648,172.0
80924000,146.0
80933872,184.0
80939648,152.0
80954224,205.0
80968576,171.0
80970128,195.0
80978016,182.0
81018160,158.0
81023264,176.0
81030336,223.0
81037664,179.0
81064208,194.0
81093360,191.0
81093648,199.0
81097664,173.0
81118544,167.0
81118768,182.0
81126672,188.0
81155088,165.0
81167968,186.0
81193072,167.0
81199376,161.0
81213328,110.0
81215152,198.0
81221488,221.0
81222336,208.0
81237504,182.0
81240704,151.0
81250656,186.0
81256624,154.0
81280272,186.0
81312688,201.0
81315664,178.0
81374736,153.0
81379696,135.0
81379952,174.0
81389312,168.0
81395568,184.0
81406992,158.0
81411184,174.0
81417760,149.0
81420288,223.0
81423392,171.0
81426928,222.0
81436608,174.0
81440896,143.0
81443264,226.0
81457424,219.0
81458512,180.0
81461744,178.0
81471360,201.0
81515552,182.0
81523408,181.0
81531184,168.0
81536688,152.0
81543056,180.0
81565360,161.0
81579040,175.0
81585008,189.0
81592288,138.0
81598560,194.0
81600384,159.0
81603920,207.0
81608432,174.0
81614128,147.0
81626144,217.0
81631920,181.0
81632960,205.0
81645296,195.0
81654864,153.0
81682880,156.0
81684752,181.0
81689520,156.0
81711536,216.0
81712816,162.0
81718128,205.0
81726096,202.0
81737328,170.0
81748320,214.0
81757728,163.0
81759312,158.0
81781808,158.0
81813632,192.0
81820736,151.0
81827264,154.0
81828496,201.0
81832240,192.0
81855712,156.0
81876320,171.0
81878576,272.0
81911376,219.0
81918656,171.0
81960528,168.0
81963024,161.0
81975376,185.0
81980496,183.0
81987328,168.0
81991280,197.0
82001312,173.0
82002080,182.0
82005216,174.0
82015168,176.0
82021616,161.0
82024848,374.0
82027744,147.0
82029728,202.0
82035920,191.0
82054832,147.0
82098528,160.0
82104432,185.0
82116000,164.0
82117408,171.0
82126016,160.0
82147568,141.0
82147712,163.0
82148496,162.0
82155328,160.0
82175184,165.0
82182064,208.0
82198688,223.0
82199152,171.0
82208896,161.0
82219200,163.0
82221840,90.0
82225136,186.0
82226528,167.0
82234480,194.0
82252144,165.0
82265920,198.0
82273648,186.0
82308240,216.0
82309152,205.0
82323184,153.0
82325728,192.0
82335696,199.0
82349328,181.0
82350944,178.0
82389520,219.0
82402384,158.0
82410960,177.0
82416336,145.0
82416400,161.0
82422192,207.0
82432080,168.0
82438448,186.0
82439040,171.0
82441504,189.0
82443040,200.0
82444640,194.0
82446592,189.0
82447184,161.0
82454112,162.0
82480272,157.0
82485536,97.0
82499216,169.0
82519824,188.0
82524880,143.0
82531280,187.0
82535776,202.0
82538080,172.0
82564096,154.0
82569264,204.0
82572640,197.0
82588784,196.0
82626096,174.0
82629136,183.0
82630624,162.0
82631712,183.0
82647888,184.0
82668688,183.0
82672768,152.0
82676944,139.0
82677904,186.0
82695200,167.0
82699008,179.0
82707536,195.0
82721296,152.0
82732656,209.0
82733216,160.0
82733856,167.0
82733968,167.0
82750752,220.0
82761504,222.0
82763200,136.0
82769424,191.0
82771728,224.0
82776304,181.0
82777904,168.0
82780928,195.0
82806544,196.0
82819744,193.0
82829248,166.0
82844176,140.0
82846112,217.0
82846880,157.0
82847088,186.0
82847104,189.0
82882160,212.0
82883040,200.0
82892496,163.0
82895584,189.0
82913904,181.0
82926192,159.0
82966032,165.0
82967952,189.0
82973856,195.0
82985056,188.0
82991664,165.0
83009824,184.0
83011456,216.0
83026032,192.0
83033136,164.0
83051344,152.0
83051568,191.0
83061488,173.0
83065712,147.0
83075680,203.0
83078304,194.0
83090288,188.0
83090400,206.0
83093760,172.0
83105760,200.0
83109152,185.0
83120096,157.0
83128480,173.0
83129216,155.0
83130080,195.0
83137840,197.0
83153248,147.0
83160048,167.0
83165264,168.0
83182768,179.0
83197296,199.0
83201008,156.0
83205648,191.0
83206848,210.0
83208224,213.0
83232928,166.0
83259696,162.0
83267520,157.0
83272544,193.0
83272688,170.0
83273040,185.0
83279840,187.0
83316528,190.0
83318752,165.0
83329776,140.0
83346880,210.0
83350192,200.0
83368528,152.0
83387888,208.0
83388368,149.0
83389936,186.0
83391088,185.0
83393088,153.0
83401856,179.0
83407520,206.0
83440544,181.0
83461136,179.0
83472176,107.0
83476192,174.0
83483792,190.0
83496560,191.0
83501824,185.0
83504480,170.0
83506784,179.0
83512000,159.0
83524384,143.0
83532768,167.0
83534928,151.0
83556480,155.0
83557504,144.0
83561056,160.0
83561920,172.0
83566576,185.0
83568800,158.0
83616800,149.0
83654384,149.0
83655744,166.0
83661744,176.0
83668080,162.0
83680224,193.0
83683072,171.0
83687856,160.0
83697296,203.0
83728656,189.0
83741680,191.0
83756880,164.0
83773600,221.0
83774000,177.0
83787760,190.0
83804528,196.0
83837584,169.0
83842288,162.0
83850960,140.0
83853088,173.0
83857248,147.0
83882096,157.0
83888896,206.0
83889040,155.0
83895856,172.0
83898464,155.0
83906848,171.0
83910368,179.0
83910576,181.0
83917760,316.0
83920864,161.0
83926288,182.0
83954896,163.0
83964224,184.0
83969024,160.0
83990176,193.0
83993296,180.0
84029264,204.0
84034640,216.0
84073888,169.0
84082800,208.0
84097024,198.0
84102144,165.0
84107392,148.0
84107728,159.0
84109152,178.0
84112000,210.0
84114240,165.0
84115520,169.0
84118160,181.0
84155392,163.0
84165584,195.0
84190784,184.0
84193360,149.0
84201296,196.0
84203760,219.0
84205856,159.0
84211584,192.0
84213744,202.0
84215664,186.0
84236192,153.0
84238192,150.0
84259248,201.0
84267744,175.0
84269184,145.0
84275296,171.0
84290528,168.0
84307888,175.0
84309184,132.0
84310272,173.0
84327088,174.0
84334976,179.0
84343008,165.0
84348032,164.0
84354240,183.0
84367408,241.0
84371872,273.0
84389472,157.0
84391248,89.0
84396160,151.0
84404400,201.0
84407520,177.0
84408000,180.0
84416704,153.0
84419312,141.0
84426336,210.0
84487056,169.0
84488672,162.0
84490896,219.0
84493312,200.0
84511392,168.0
84517632,170.0
84542592,162.0
84545664,156.0
84557936,161.0
84569248,161.0
84574848,171.0
84622080,150.0
84625456,93.0
84627232,97.0
84641040,163.0
84664000,136.0
84682400,163.0
84687024,169.0
84687936,159.0
84695600,151.0
84699520,168.0
84699632,178.0
84709184,175.0
84716912,229.0
84727504,183.0
84728672,198.0
84729536,177.0
84747008,162.0
84748576,175.0
84794544,161.0
84794544,161.0
84805392,187.0
84821488,170.0
84831408,208.0
84832720,191.0
84835584,171.0
84854000,191.0
84863408,183.0
84868192,170.0
84872384,199.0
84875760,179.0
84902832,139.0
84909280,170.0
84972592,173.0
84982672,203.0
84984416,152.0
85002528,168.0
85011104,212.0
85020320,149.0
85062304,145.0
85070064,172.0
85096576,167.0
85098896,178.0
85103760,200.0
85106256,163.0
85118144,138.0
85121296,156.0
85122272,157.0
85132304,206.0
85154656,174.0
85155392,173.0
85155456,157.0
85187408,169.0
85197552,176.0
85211488,196.0
85221472,170.0
85231184,180.0
85248656,190.0
85260256,184.0
85291712,174.0
85300592,154.0
85303312,218.0
85333424,162.0
85337392,174.0
85341504,197.0
85345664,188.0
85350368,204.0
85355216,158.0
85365232,186.0
85366512,177.0
85368688,178.0
85395712,186.0
85409040,143.0
85426768,190.0
85430848,183.0
85446880,195.0
85447984,219.0
85461616,199.0
85473296,146.0
85492416,182.0
85519584,192.0
85523840,211.0
85564272,216.0
85576416,193.0
85581664,161.0
85583264,200.0
85607024,224.0
85622288,165.0
85631824,187.0
85632160,158.0
85633344,177.0
85637264,191.0
85638688,151.0
85640112,199.0
85640160,197.0
85655952,169.0
85679424,198.0
85685168,182.0
85686240,209.0
85711760,133.0
85714736,179.0
85720544,192.0
85728160,163.0
85736640,237.0
85741184,180.0
85742128,162.0
85742288,155.0
85753680,168.0
85753872,147.0
85755280,222.0
85758640,163.0
85774816,81.0
85786064,196.0
85792480,326.0
85796928,167.0
85808976,180.0
85832720,166.0
85833600,162.0
85835728,185.0
85841024,179.0
85847456,151.0
85850096,172.0
85876656,260.0
85876688,179.0
85878080,204.0
85879296,153.0
85881536,182.0
85890496,171.0
85890624,157.0
85895312,149.0
85897872,162.0
85911952,169.0
85932288,184.0
85943536,150.0
85948784,168.0
85965056,140.0
85971632,179.0
85973856,173.0
85974608,164.0
85978288,162.0
85985824,170.0
86005648,197.0
86067968,166.0
86068416,229.0
86093536,163.0
86125376,160.0
86127824,164.0
86146688,166.0
86159744,149.0
86165712,180.0
86166752,158.0
86170048,181.0
86170800,216.0
86192800,151.0
86197936,166.0
86199120,164.0
86199456,172.0
86212688,191.0
86219168,228.0
86226608,178.0
86229840,210.0
86234608,172.0
86237504,194.0
86246512,172.0
86249424,166.0
86252400,159.0
86255040,148.0
86256112,179.0
86257072,149.0
86272016,186.0
86288960,155.0
86343824,181.0
86349024,190.0
86350624,179.0
86351456,189.0
86356896,167.0
86375088,155.0
86378784,179.0
86385888,167.0
86386320,226.0
86394048,154.0
86406320,112.0
86406816,197.0
86411808,145.0
86415392,220.0
86439136,154.0
86458608,179.0
86459808,188.0
86470048,185.0
86481104,180.0
86510208,164.0
86522960,194.0
86524528,163.0
86535792,169.0
86537584,167.0
86547648,153.0
86567696,205.0
86581648,240.0
86591552,220.0
86594944,169.0
86600896,174.0
86602640,178.0
86624480,153.0
86639488,191.0
86660992,154.0
86668608,201.0
86669712,172.0
86672912,175.0
86689888,150.0
86694496,154.0
86710720,161.0
86732592,164.0
86761376,193.0
86776288,194.0
86795184,152.0
86805280,183.0
86814640,145.0
86826672,193.0
86843280,170.0
86844176,173.0
86855248,195.0
86867456,157.0
86871424,184.0
86876912,172.0
86882080,176.0
86896080,172.0
86923520,261.0
86925296,166.0
86929232,180.0
86930432,194.0
86944576,248.0
86946080,185.0
86969824,189.0
86979856,205.0
86992256,205.0
86997776,188.0
87000624,184.0
87005408,163.0
87010544,157.0
87022480,137.0
87029840,170.0
87039664,153.0
87050880,151.0
87062224,172.0
87063760,163.0
87065296,103.0
87067712,152.0
87068448,169.0
87110560,204.0
87112672,181.0
87120640,169.0
87134144,236.0
87138720,165.0
87159664,214.0
87163136,195.0
87167152,151.0
87172816,176.0
87187248,206.0
87206304,173.0
87237664,182.0
87254288,204.0
87264912,148.0
87265952,178.0
87283456,180.0
87286048,183.0
87289120,171.0
87289456,150.0
87293040,188.0
87304224,153.0
87306016,188.0
87344672,448.0
87348064,170.0
87348480,169.0
87358032,201.0
87371184,222.0
87382704,170.0
87389312,154.0
87400480,193.0
87403840,249.0
87439200,159.0
87442608,159.0
87446128,208.0
87462240,162.0
87471600,162.0
87472816,185.0
87485744,150.0
87491840,162.0
87500448,176.0
87501216,165.0
87503344,182.0
87512816,221.0
87524656,149.0
87571216,184.0
87576320,218.0
87586656,176.0
87596128,182.0
87596640,168.0
87596848,182.0
87599216,148.0
87599712,176.0
87605520,165.0
87611584,202.0
87624176,144.0
87627120,165.0
87628192,146.0
87633408,167.0
87656752,212.0
87660720,177.0
87671376,153.0
87687216,204.0
87688016,156.0
87697408,151.0
87710416,195.0
87713072,201.0
87726672,201.0
87729152,153.0
87735888,163.0
87757728,169.0
87792800,174.0
87829712,186.0
87836016,157.0
87858096,165.0
87867120,217.0
87876464,214.0
87899552,147.0
87900640,175.0
87910240,208.0
87912160,153.0
87921424,177.0
87931280,176.0
87937344,176.0
87948320,167.0
87952464,154.0
87954448,179.0
87956816,173.0
87981840,163.0
87984256,174.0
87985760,161.0
87998816,177.0
88031264,205.0
88034880,155.0
88057152,156.0
88057216,231.0
88058480,189.0
88060272,147.0
88060400,214.0
88071280,178.0
88072160,169.0
88072464,149.0
88086064,177.0
88089232,169.0
88094352,178.0
88095168,199.0
88095456,176.0
88107600,170.0
88124656,212.0
88136320,154.0
88139952,150.0
88153104,160.0
88159280,190.0
88166320,173.0
88177824,181.0
88197744,197.0
88209072,188.0
88219968,151.0
88232656,192.0
88294384,175.0
88306304,218.0
88310544,184.0
88311472,223.0
88350656,159.0
88392304,160.0
88396400,213.0
88409584,167.0
88414624,194.0
88424528,175.0
88424784,182.0
88425232,185.0
88436736,160.0
88453376,145.0
88461696,160.0
88478224,115.0
88499360,168.0
88506192,154.0
88521328,183.0
88532864,183.0
88546128,205.0
88585728,195.0
88592528,145.0
88597632,174.0
88606928,143.0
88621376,182.0
88654608,188.0
88665136,175.0
88672176,161.0
88673824,196.0
88689600,170.0
88698880,209.0
88714224,168.0
88728016,186.0
88737360,150.0
88743648,171.0
88750768,137.0
88751168,172.0
88765968,131.0
88777424,165.0
88777488,188.0
88787968,145.0
88793136,188.0
88835328,158.0
88846896,150.0
88852432,189.0
88854880,170.0
88869056,198.0
88878816,153.0
88879536,199.0
88894256,182.0
88912496,193.0
88914544,162.0
88919216,170.0
88945376,180.0
88947968,182.0
88950624,190.0
88952656,178.0
88961760,166.0
88962400,176.0
88971840,108.0
88979568,192.0
88984400,183.0
88993008,162.0
88995552,203.0
89002320,145.0
89006384,153.0
89027648,155.0
89028480,156.0
89042768,168.0
89051600,148.0
89056192,186.0
89066544,190.0
89068464,194.0
89069360,173.0
89085616,191.0
89085744,157.0
89100080,195.0
89102304,200.0
89110048,172.0
89119424,185.0
89127776,191.0
89132256,164.0
89145184,188.0
89168560,195.0
89175408,193.0
89176800,190.0
89205584,182.0
89213984,197.0
89226192,171.0
89241584,150.0
89242864,153.0
89282480,178.0
89302256,161.0
89310144,186.0
89326864,177.0
89357056,115.0
89369840,203.0
89379744,172.0
89379872,189.0
89430656,157.0
89435504,181.0
89443280,150.0
89449280,208.0
89463392,205.0
89467680,187.0
89467792,148.0
89483104,191.0
89486928,184.0
89488304,167.0
89488896,156.0
89491552,158.0
89492848,150.0
89496400,146.0
89515568,201.0
89521904,157.0
89523472,143.0
89537200,176.0
89543760,177.0
89555024,207.0
89558896,158.0
89559200,152.0
89572208,167.0
89578816,167.0
89580064,188.0
89606816,170.0
89620448,213.0
89632080,189.0
89640912,181.0
89650016,500.0
89660144,187.0
89673264,143.0
89688768,169.0
89692304,146.0
89714064,179.0
89715200,196.0
89731792,175.0
89754720,98.0
89783408,143.0
89793056,182.0
89797808,159.0
89799408,183.0
89801968,158.0
89811216,144.0
89829424,181.0
89853440,178.0
89856512,223.0
89888096,146.0
89901632,162.0
89912336,151.0
89953296,186.0
89964080,168.0
89976144,204.0
89986752,186.0
90000192,199.0
90000208,203.0
90036528,195.0
90037168,206.0
90038752,152.0
90044528,194.0
90047472,184.0
90051248,129.0
90060384,238.0
90072816,222.0
90078928,145.0
90084816,165.0
90085648,160.0
90110384,167.0
90112752,193.0
90113104,171.0
90128256,176.0
90130976,191.0
90166800,265.0
90174672,186.0
90202112,176.0
90202624,189.0
90211520,166.0
90213600,195.0
90216272,172.0
90222144,215.0
90240400,188.0
90247632,166.0
90255456,178.0
90271136,175.0
90280384,190.0
90286032,180.0
90289280,175.0
90289840,160.0
90301664,128.0
90310080,208.0
90332480,186.0
90343312,149.0
90348512,197.0
90357696,204.0
90358528,160.0
90371984,173.0
90386048,173.0
90390752,175.0
90412432,182.0
90414736,182.0
90443072,150.0
90460608,174.0
90468368,198.0
90469280,162.0
90485328,167.0
90495584,174.0
90496368,201.0
90534320,176.0
90536368,175.0
90536608,149.0
90554688,167.0
90567776,179.0
90573888,183.0
90591200,165.0
90592704,171.0
90592912,169.0
90600544,113.0
90612976,155.0
90613488,168.0
90631824,162.0
90649184,182.0
90662608,152.0
90669536,171.0
90669568,185.0
90684304,180.0
90685712,195.0
90687728,222.0
90704736,183.0
90722304,178.0
90740896,244.0
90745696,153.0
90755168,160.0
90756432,153.0
90765952,151.0
90776336,192.0
90783968,164.0
90784528,145.0
90788144,163.0
90796032,212.0
90802448,158.0
90806336,100.0
90808256,216.0
90812848,175.0
90842304,197.0
90847376,192.0
90850544,166.0
90862176,160.0
90864864,175.0
90870720,153.0
90877248,328.0
90894736,191.0
90903360,140.0
90907216,232.0
90911008,193.0
90914336,175.0
90921184,168.0
90923728,118.0
90957824,197.0
90968816,163.0
90969168,190.0
90980032,149.0
90992256,189.0
91008336,163.0
91011808,157.0
91012368,162.0
91033520,185.0
91038960,185.0
91057616,102.0
91070880,185.0
91100544,154.0
91113584,134.0
91120304,178.0
91134240,192.0
91149472,156.0
91193728,178.0
91202704,175.0
91213984,189.0
91221088,158.0
91313648,158.0
91332240,116.0
91334560,205.0
91375952,181.0
91414896,176.0
91427440,196.0
91439408,201.0
91452928,182.0
91454160,160.0
91455568,162.0
91464864,157.0
91473104,167.0
91475584,187.0
91475776,166.0
91481008,177.0
91486368,199.0
91486592,167.0
91508704,188.0
91515008,164.0
91527264,167.0
91542864,204.0
91553840,186.0
91594096,153.0
91607376,189.0
91634176,225.0
91639632,162.0
91657968,153.0
91664688,157.0
91680224,161.0
91686240,192.0
91692240,173.0
91705392,197.0
91710336,174.0
91740576,218.0
91768368,156.0
91783232,191.0
91804160,224.0
91809152,145.0
91815312,156.0
91831040,200.0
91836112,206.0
91856544,185.0
91861584,191.0
91873472,172.0
91881296,146.0
91883392,172.0
91901984,157.0
91912496,197.0
91927296,185.0
91937728,150.0
91948224,159.0
91951968,143.0
91963200,206.0
91965424,191.0
91969104,173.0
92008304,181.0
92013648,184.0
92025264,172.0
92025312,187.0
92042880,171.0
92049216,177.0
92056384,192.0
92064336,162.0
92072720,184.0
92079568,231.0
92088208,157.0
92106336,148.0
92108752,184.0
92108752,183.0
92131904,157.0
92161072,159.0
92165888,154.0
92178544,169.0
92185552,157.0
92186096,179.0
92189408,168.0
92201520,158.0
92220448,181.0
92223024,96.0
92267824,101.0
92280672,207.0
92292864,194.0
92296688,217.0
92316608,152.0
92328128,188.0
92351088,196.0
92352848,155.0
92373520,194.0
92399008,179.0
92413648,151.0
92463456,149.0
92503008,182.0
92514912,166.0
92516256,165.0
92534176,190.0
92547872,142.0
92580288,170.0
92606160,197.0
92635584,180.0
92674032,229.0
92675712,148.0
92685056,175.0
92697584,181.0
92723424,171.0
92736640,181.0
92764352,185.0
92764992,152.0
92768656,139.0
92778832,179.0
92793600,167.0
92815376,185.0
92821264,189.0
92831136,165.0
92862016,177.0
92907328,144.0
92913968,193.0
92922528,209.0
92944736,162.0
92982736,195.0
92994928,183.0
93004160,159.0
93004752,165.0
93026288,166.0
93032608,154.0
93033280,163.0
93044752,167.0
93047904,186.0
93066752,198.0
93087872,163.0
93102240,171.0
93118320,188.0
93120112,137.0
93166880,173.0
93175456,187.0
93178336,177.0
93188768,178.0
93203088,171.0
93204784,184.0
93217648,179.0
93228000,184.0
93231952,174.0
93234400,186.0
93243696,171.0
93272192,147.0
93286352,197.0
93310544,160.0
93323248,170.0
93364864,183.0
93370720,157.0
93378224,150.0
93383280,158.0
93385232,157.0
93386976,218.0
93398496,165.0
93402320,149.0
93438704,194.0
93439392,176.0
93443472,194.0
93458480,208.0
93460368,171.0
93469744,179.0
93478320,181.0
93498096,185.0
93526160,203.0
93535712,146.0
93543712,168.0
93555056,177.0
93572800,220.0
93589488,176.0
93593776,207.0
93611712,205.0
93613824,196.0
93652928,167.0
93655360,175.0
93658736,182.0
93660320,187.0
93717632,175.0
93728080,210.0
93743184,164.0
93743776,168.0
93750080,158.0
93764672,171.0
93776928,176.0
93784496,147.0
93817824,177.0
93820960,183.0
93853168,174.0
93855456,153.0
93879456,201.0
93895936,161.0
93928992,180.0
93958912,157.0
93961728,192.0
93970112,176.0
93977696,165.0
93994528,163.0
93994896,210.0
94010688,183.0
94027344,161.0
94031536,198.0
94033888,212.0
94042400,200.0
94054224,168.0
94065264,193.0
94090400,202.0
94130608,139.0
94132432,196.0
94133600,148.0
94163344,150.0
94165072,177.0
94171040,170.0
94192304,176.0
94203888,211.0
94209872,200.0
94228112,196.0
94230448,186.0
94230736,162.0
94261488,143.0
94278032,180.0
94293440,174.0
94311824,175.0
94314512,179.0
94332032,196.0
94336480,169.0
94337072,190.0
94342784,195.0
94356480,191.0
94358256,211.0
94392064,175.0
94415008,156.0
94416864,172.0
94430656,161.0
94440192,170.0
94442080,186.0
94451392,169.0
94470048,175.0
94474688,201.0
94475168,159.0
94483376,192.0
94500576,202.0
94512336,198.0
94524320,162.0
94526032,167.0
94536032,168.0
94553248,211.0
94560704,196.0
94621664,203.0
94658480,154.0
94659296,154.0
94659376,174.0
94660832,214.0
94677376,175.0
94706064,172.0
94709680,187.0
94722800,182.0
94728928,165.0
94771200,194.0
94775456,178.0
94801536,162.0
94813824,188.0
94816656,162.0
94818784,109.0
94825616,177.0
94844992,197.0
94846192,173.0
94858928,169.0
94865584,160.0
94874432,176.0
94900544,165.0
94904608,184.0
94919536,200.0
94938544,166.0
94955216,180.0
94956128,205.0
94964896,145.0
94968672,184.0
94971728,188.0
94983600,131.0
95004848,150.0
95039088,194.0
95043392,164.0
95044048,184.0
95048720,178.0
95065504,171.0
95081248,187.0
95084688,151.0
95102176,216.0
95102624,161.0
95110288,160.0
95121264,161.0
95147680,187.0
95184480,154.0
95228160,165.0
95228992,192.0
95233824,180.0
95238032,198.0
95240784,170.0
95240944,173.0
95256832,233.0
95267840,171.0
95291968,200.0
95312240,169.0
95337664,196.0
95338528,190.0
95342032,192.0
95354352,183.0
95354624,340.0
95361056,159.0
95367360,180.0
95374688,167.0
95401280,197.0
95402992,210.0
95420976,169.0
95421456,155.0
95426448,170.0
95431040,183.0
95436000,173.0
95456240,192.0
95483056,194.0
95483088,150.0
95484768,189.0
95486960,177.0
95487088,209.0
95497632,152.0
95510704,162.0
95511936,144.0
95525552,154.0
95544336,209.0
95575936,222.0
95579488,222.0
95583744,184.0
95590224,183.0
95592592,154.0
95595520,187.0
95611648,159.0
95619440,171.0
95649504,171.0
95650128,168.0
95654816,176.0
95722016,138.0
95756400,139.0
95757888,166.0
95767664,175.0
95791696,169.0
95795168,172.0
95807248,202.0
95836160,172.0
95840016,173.0
95843776,149.0
95857792,166.0
95871728,192.0
95888848,198.0
95901440,169.0
95902672,156.0
95946592,176.0
95949904,145.0
95975504,166.0
95976352,156.0
95976992,164.0
95977920,183.0
95997872,184.0
96035248,189.0
96042560,165.0
96056096,179.0
96069728,162.0
96080928,206.0
96094784,194.0
96130272,191.0
96135024,217.0
96135040,171.0
96138992,191.0
96143728,192.0
96158016,169.0
96186880,232.0
96223600,194.0
96235776,176.0
96256496,500.0
96267744,176.0
96269968,183.0
96304128,231.0
96305680,106.0
96313888,160.0
96322224,240.0
96359120,194.0
96360448,166.0
96362896,160.0
96400272,155.0
96405680,186.0
96416064,211.0
96426240,163.0
96428432,192.0
96433904,182.0
96436656,225.0
96442016,174.0
96464880,181.0
96477616,183.0
96493488,170.0
96494464,180.0
96498672,177.0
96508480,176.0
96509136,172.0
96515040,213.0
96524336,259.0
96527584,159.0
96534224,178.0
96543440,181.0
96559808,164.0
96575616,207.0
96605104,187.0
96607312,186.0
96612208,158.0
96623776,207.0
96633200,168.0
96636976,176.0
96638448,100.0
96660576,207.0
96684416,240.0
96687744,178.0
96700960,171.0
96711456,157.0
96722240,179.0
96729216,163.0
96749536,173.0
96752080,204.0
96761312,182.0
96764800,174.0
96772736,182.0
96776976,188.0
96793536,203.0
96795312,179.0
96799664,179.0
96805120,159.0
96815472,234.0
96833088,176.0
96836736,175.0
96851008,187.0
96860448,180.0
96864704,160.0
96865872,164.0
96879360,164.0
96887088,184.0
96896432,180.0
96916928,163.0
96922864,122.0
96927968,176.0
96932464,164.0
96933648,183.0
96942240,206.0
96952256,196.0
96952672,173.0
96957600,187.0
96967824,156.0
96979040,188.0
96990176,188.0
96991792,158.0
96996112,196.0
96999968,178.0
97001344,171.0
97002592,175.0
97003552,197.0
97005776,178.0
97023088,238.0
97026288,190.0
97031296,212.0
97031760,206.0
97034160,178.0
97037536,166.0
97038816,174.0
97077568,201.0
97087136,172.0
97092192,188.0
97106480,152.0
97144144,208.0
97150720,157.0
97153776,154.0
97166112,145.0
97169696,171.0
97171888,182.0
97183520,189.0
97185696,165.0
97213888,170.0
97216144,215.0
97228080,187.0
97233680,178.0
97243776,208.0
97249536,192.0
97255792,144.0
97256208,155.0
97298112,182.0
97303456,158.0
97315968,166.0
97331280,152.0
97331904,156.0
97335520,164.0
97347488,189.0
97362144,175.0
97394128,188.0
97403408,169.0
97418560,140.0
97431952,167.0
97448848,203.0
97464768,199.0
97467408,194.0
97482944,177.0
97487696,156.0
97495856,186.0
97508352,203.0
97513088,170.0
97517808,208.0
97522432,146.0
97541536,189.0
97548688,166.0
97553424,180.0
97554704,147.0
97560080,164.0
97561008,180.0
97561344,183.0
97564256,154.0
97588592,194.0
97597904,143.0
97603184,202.0
97604240,167.0
97635136,194.0
97640304,176.0
97660512,148.0
97679040,195.0
97681712,190.0
97704288,91.0
97722096,185.0
97730064,163.0
97734208,179.0
97746992,137.0
97769328,182.0
97778576,185.0
97801472,161.0
97801648,151.0
97806592,149.0
97812736,191.0
97830704,198.0
97854176,156.0
97855184,165.0
97862592,176.0
97877840,171.0
97925104,188.0
97956720,222.0
97975824,171.0
98066128,113.0
98066576,187.0
98072528,180.0
98076288,191.0
98087120,171.0
98090560,180.0
98117760,182.0
98126208,158.0
98155920,173.0
98159600,150.0
98164368,201.0
98198768,156.0
98202272,171.0
98202736,180.0
98222736,180.0
98232336,179.0
98236704,168.0
98260448,150.0
98274384,164.0
98275008,163.0
98289632,190.0
98293168,174.0
98299200,164.0
98310976,167.0
98313952,174.0
98314736,223.0
98319648,187.0
98326736,179.0
98350048,149.0
98352384,174.0
98374032,162.0
98388224,167.0
98422656,171.0
98429504,178.0
98438256,197.0
98438896,211.0
98442912,200.0
98454576,180.0
98456336,161.0
98458048,164.0
98459200,178.0
98514368,145.0
98516752,139.0
98531024,232.0
98545072,195.0
98549152,193.0
98564400,198.0
98570064,190.0
98576848,164.0
98583152,217.0
98597472,186.0
98603328,195.0
98603776,184.0
98605040,160.0
98611264,175.0
98636736,165.0
98667728,178.0
98687744,198.0
98689744,210.0
98724240,179.0
98725264,182.0
98731648,172.0
98745120,158.0
98753376,175.0
98754048,160.0
98765520,154.0
98775280,161.0
98811856,153.0
98830416,196.0
98860544,153.0
98910304,163.0
98918624,170.0
98936080,161.0
98937200,218.0
98960192,193.0
98974176,161.0
98984960,189.0
98988704,156.0
98988768,166.0
99015280,172.0
99037488,152.0
99037760,199.0
99059616,206.0
99067216,203.0
99082448,193.0
99095136,161.0
99096016,210.0
99106192,155.0
99119856,204.0
99129760,160.0
99139584,179.0
99147120,174.0
99148496,193.0
99182560,164.0
99182816,180.0
99213600,169.0
99216016,164.0
99226592,205.0
99232976,189.0
99237648,200.0
99266064,196.0
99269520,157.0
99308880,209.0
99326272,158.0
99328944,210.0
99335472,185.0
99336544,176.0
99336784,177.0
99352480,180.0
99355488,169.0
99361296,159.0
99396096,150.0
99406432,172.0
99424880,167.0
99462272,164.0
99465264,183.0
99469792,154.0
99482784,238.0
99492352,106.0
99494704,182.0
99496384,189.0
99522960,189.0
99555440,159.0
99559392,174.0
99567792,236.0
99588544,176.0
99604176,153.0
99612768,193.0
99616240,148.0
99630992,196.0
99663072,208.0
99674000,157.0
99679728,168.0
99687696,181.0
99693008,178.0
99698592,190.0
99699280,189.0
99709616,166.0
99718272,173.0
99728400,183.0
99757936,192.0
99779712,201.0
99781232,177.0
99781392,159.0
99797776,184.0
99797904,196.0
99821840,176.0
99824256,172.0
99831408,213.0
99844048,171.0
99846896,184.0
99886496,181.0
99892016,107.0
99899520,172.0
99906688,177.0
99914448,196.0
99920592,157.0
99921584,190.0
99921632,192.0
99937904,213.0
99991536,196.0
