step,value
448,-193.8282470703125
2256,-31.268571853637695
3808,-408.24139404296875
4848,-395.1331787109375
5616,-105.4808120727539
6448,-101.6617660522461
6736,-173.20960998535156
7920,-305.815185546875
8944,-107.26188659667969
11904,-90.93753051757812
13728,1.5551605224609375
14048,34.026756286621094
16048,-208.4480743408203
19632,-121.05107116699219
19760,-62.382789611816406
26480,-92.4649429321289
27136,-161.09132385253906
27504,-89.97168731689453
30672,26.07588005065918
31968,41.856937408447266
32848,-165.7500762939453
33856,11.645201683044434
37968,-278.6748962402344
38592,-256.5933837890625
39872,-130.033935546875
40640,42.859371185302734
41376,-459.5796203613281
47488,-70.20240020751953
49632,-64.32038879394531
51776,-280.5123291015625
53712,-274.6707458496094
55840,-1.8266825675964355
57728,-45.65363311767578
60704,-24.5853214263916
61504,-433.7567443847656
62864,-194.11843872070312
66960,13.24806022644043
70208,-52.786380767822266
71152,30.17746925354004
72352,-384.5986633300781
83504,-49.482479095458984
85936,17.76546287536621
87424,269.5341491699219
91264,261.3907775878906
91680,61.907325744628906
96480,-139.16522216796875
97328,-127.69497680664062
97808,-209.9679718017578
100944,26.827680587768555
101424,-507.8309020996094
102720,-54.56745910644531
109152,-166.7235565185547
111392,7.974874019622803
112224,-78.49441528320312
120224,19.976806640625
122704,29.455787658691406
123440,60.83424377441406
129360,34.09333038330078
130544,-9.569973945617676
131184,-299.8160705566406
134352,4.393566131591797
142000,-219.6280517578125
148576,-129.88734436035156
150960,29.409513473510742
153136,279.9482116699219
156464,2.859415054321289
157136,-136.9664306640625
163936,17.497024536132812
174816,73.59178924560547
175856,3.4674770832061768
179936,38.78509521484375
184016,272.68927001953125
194000,-14.03417682647705
198016,10.698628425598145
198560,-38.1163330078125
199792,282.8150939941406
201024,313.1377258300781
203840,34.27553939819336
208624,-64.05892944335938
209152,151.0875244140625
217504,-83.87703704833984
226256,7.3824849128723145
226624,257.7191162109375
236864,46.031944274902344
241600,13.89256477355957
241712,18.121097564697266
244800,288.14373779296875
253024,246.39857482910156
263296,260.56146240234375
263728,267.71173095703125
263856,276.76446533203125
264176,284.85906982421875
270672,-9.414650917053223
275712,259.9741516113281
287392,300.6756591796875
293344,237.83111572265625
294032,-56.63471984863281
294528,262.164306640625
302496,285.4601135253906
305008,271.14263916015625
315584,270.8576354980469
320848,240.5729522705078
323616,270.0408630371094
328752,9.588311195373535
335312,39.71870422363281
345312,285.6646423339844
347536,274.8151550292969
350240,278.8454284667969
351376,277.3918151855469
358256,166.61904907226562
358608,271.1645812988281
362432,46.10284423828125
367472,271.9673156738281
367520,281.99609375
368160,27.573076248168945
372640,283.4590148925781
374704,57.19364929199219
379104,284.5787353515625
388384,251.9232635498047
389520,274.3804931640625
389920,279.13458251953125
391360,253.32569885253906
402048,-44.12382507324219
421120,279.04498291015625
422096,287.2819519042969
424400,48.919349670410156
424640,283.69927978515625
424848,227.0821990966797
426592,60.5971794128418
427152,263.8927307128906
432704,248.9868621826172
434912,272.988525390625
435040,248.59800720214844
439424,53.12615966796875
443568,231.02577209472656
454256,31.82906150817871
456768,245.7316131591797
458288,238.07264709472656
467392,265.4057922363281
470096,250.77304077148438
476832,247.63938903808594
480912,261.2897033691406
483568,263.15692138671875
485408,242.11053466796875
485872,18.84341049194336
487104,9.48129940032959
493648,254.83970642089844
496304,41.98793029785156
500624,270.802734375
508384,284.3001708984375
510720,252.1295928955078
519184,257.00750732421875
520528,250.89369201660156
525152,46.526119232177734
529680,281.01373291015625
532080,68.50395965576172
537056,289.84124755859375
543664,-6.9132466316223145
546592,240.0766143798828
549008,238.6425323486328
549136,13.63751220703125
553520,267.59619140625
558848,48.04671096801758
570080,34.45270919799805
570832,283.13824462890625
572640,252.5283966064453
573584,245.54212951660156
578208,264.21441650390625
582192,274.8838195800781
601792,263.16351318359375
608064,10.596282958984375
618848,275.3807067871094
621648,237.53060913085938
625008,296.5810546875
632272,287.8763427734375
647664,251.81491088867188
648192,281.0917053222656
670256,45.171531677246094
679600,265.8197326660156
679872,296.4857177734375
683376,289.0592956542969
690640,263.8915100097656
691760,30.025041580200195
695952,26.436368942260742
707696,261.4504699707031
713456,286.703125
724576,34.11735534667969
730000,27.2225341796875
736256,289.3898620605469
740240,263.3194274902344
742832,287.97552490234375
746304,290.2458190917969
749264,27.350910186767578
752112,222.470458984375
753968,268.75341796875
755296,248.55438232421875
756528,39.77888488769531
757296,7.154420375823975
764976,57.36272048950195
766192,258.8860168457031
769808,278.64263916015625
774304,257.85931396484375
775392,288.85760498046875
786320,243.37799072265625
786976,249.5393829345703
793392,279.9286193847656
803296,262.1669616699219
805328,33.734249114990234
805856,254.64614868164062
808704,261.82269287109375
820288,288.6736145019531
822720,246.6972198486328
825776,277.0475769042969
827744,266.3829040527344
846608,267.1045227050781
847152,39.13054275512695
849200,277.8413391113281
852480,227.9747772216797
852800,249.8961639404297
855184,257.4886169433594
891440,180.44508361816406
896544,226.0855255126953
900832,294.3372497558594
905216,260.27099609375
906304,279.6661376953125
922768,261.8752746582031
928848,285.8787841796875
943360,272.1539306640625
944912,282.60479736328125
954400,313.5299072265625
956080,284.1329345703125
957280,247.11700439453125
968992,271.337646484375
969648,304.0906677246094
971200,291.0959777832031
974784,225.72601318359375
983008,283.6067810058594
990976,15.471311569213867
992352,247.2116241455078
998368,268.0597229003906
1001072,45.75144577026367
1003840,38.63700485229492
1005968,274.0898742675781
1009776,256.6639404296875
1018800,245.12364196777344
1019600,206.0692596435547
1023824,275.1896667480469
1025280,271.51971435546875
1032000,277.3607482910156
1034752,279.5879211425781
1038896,236.24038696289062
1041776,240.09718322753906
1047424,270.0089416503906
1048368,253.7242889404297
1057344,56.835182189941406
1057936,49.26877975463867
1066000,264.5461120605469
1070464,43.312740325927734
1086688,28.216238021850586
1087424,247.51687622070312
1087856,242.8427276611328
1089952,240.51548767089844
1094528,247.3308868408203
1106304,270.1930236816406
1110304,267.1253967285156
1113728,249.7433319091797
1121680,256.713134765625
1131472,244.31143188476562
1141408,230.8448944091797
1143104,275.2877502441406
1148432,262.57708740234375
1150032,16.321971893310547
1151952,261.9668884277344
1158448,32.604736328125
1159984,227.9187469482422
1165616,40.447444915771484
1177376,276.7852478027344
1184080,236.21377563476562
1184176,282.7085266113281
1189504,255.47637939453125
1194576,304.69610595703125
1199280,227.15054321289062
1205056,246.96505737304688
1209952,35.60129928588867
1215696,264.1414489746094
1226160,29.995906829833984
1227936,274.8238830566406
1228336,17.900821685791016
1231920,208.9616241455078
1235856,270.6973571777344
1252784,243.0001983642578
1257792,254.84547424316406
1266896,63.27342987060547
1267664,300.4683837890625
1267728,268.217529296875
1269392,268.0245361328125
1269840,55.818729400634766
1270560,246.9307403564453
1284640,186.19082641601562
1286304,255.26780700683594
1292368,230.74087524414062
1297520,44.43629455566406
1303184,274.2475891113281
1305680,236.50430297851562
1320000,251.7904510498047
1332256,286.60601806640625
1335008,269.1867370605469
1337600,216.9428253173828
1342448,260.36773681640625
1348304,262.3093566894531
1355328,278.55194091796875
1355936,268.85272216796875
1356336,258.44635009765625
1360736,55.004798889160156
1362464,25.52903938293457
1367200,39.873878479003906
1370544,309.4830322265625
1375392,185.66607666015625
1379120,278.107666015625
1389696,-5.438426971435547
1396960,253.2783203125
1397632,238.7919158935547
1399776,254.94265747070312
1400064,248.1510772705078
1400752,66.30316925048828
1402048,54.47900390625
1403360,251.3571014404297
1407632,255.73526000976562
1409024,4.875181674957275
1410992,272.7162780761719
1413952,38.626190185546875
1418064,58.88856506347656
1418576,268.46820068359375
1422240,73.17494201660156
1439488,238.0926055908203
1442784,237.73779296875
1447104,262.6773986816406
1453920,286.95257568359375
1454144,278.9914245605469
1461136,273.7332763671875
1464896,262.789794921875
1470752,54.48746109008789
1480480,51.03644943237305
1482960,280.60150146484375
1487264,286.79742431640625
1489600,240.2545928955078
1491280,246.71365356445312
1515248,258.31695556640625
1518944,285.4514465332031
1520304,252.43870544433594
1525280,37.68722915649414
1531280,276.779296875
1555904,244.4646759033203
1567440,226.8106231689453
1567920,238.3210906982422
1568816,251.84283447265625
1572848,68.23323059082031
1572976,264.99053955078125
1580464,230.82086181640625
1584416,79.9079360961914
1589712,307.9013977050781
1591024,70.47769165039062
1596336,276.3998718261719
1596928,58.181453704833984
1601712,-69.7649154663086
1608960,252.62667846679688
1610624,281.20751953125
1629344,41.141258239746094
1634752,241.56336975097656
1641392,23.699146270751953
1643008,294.2881774902344
1648048,223.67063903808594
1648640,240.86373901367188
1661280,273.490966796875
1668256,-2.959362745285034
1690464,263.4802551269531
1691040,239.9256591796875
1701680,273.1657409667969
1701904,269.48101806640625
1713280,253.4707794189453
1718448,258.5049743652344
1724384,271.9258728027344
1732304,259.25067138671875
1739328,27.654033660888672
1743792,260.2830810546875
1746432,280.2956848144531
1747152,245.96389770507812
1751456,226.03646850585938
1753552,7.259125709533691
1758752,35.86107635498047
1760736,56.863983154296875
1773712,36.08271026611328
1783776,61.62487030029297
1812240,269.34320068359375
1814240,272.65106201171875
1815776,251.5579833984375
1816224,66.39909362792969
1817536,259.6692810058594
1818752,20.125917434692383
1827856,25.754703521728516
1828064,277.80865478515625
1838192,261.13232421875
1851968,63.024757385253906
1855488,244.5791473388672
1855600,278.3616943359375
1864272,233.57803344726562
1864320,84.39707946777344
1864416,243.60951232910156
1865872,235.806884765625
1877216,254.1707305908203
1881328,276.7030334472656
1886768,301.6534423828125
1916544,277.0242004394531
1924800,294.6069641113281
1927184,247.65982055664062
1937408,275.9473876953125
1942608,257.7223205566406
1945376,267.75140380859375
1947712,301.39678955078125
1947808,264.9951477050781
1948272,273.8660888671875
1950368,304.828857421875
1951168,263.7497863769531
1951584,264.83648681640625
1951712,232.80198669433594
1954656,273.1914978027344
1960736,50.62689971923828
1970992,36.346431732177734
1979872,250.9777374267578
1985904,285.7588806152344
1989760,37.13123321533203
1995888,42.89752197265625
1997248,262.7922668457031
2007408,247.33767700195312
2008576,237.8525390625
2016224,250.75650024414062
2019328,263.06427001953125
2021168,252.99542236328125
2025104,257.6494445800781
2025696,292.29852294921875
2032448,40.9374885559082
2038064,236.01947021484375
2041248,267.2406005859375
2049104,280.3589172363281
2054672,33.51793670654297
2056688,262.22198486328125
2057040,267.3577880859375
2061760,281.8321228027344
2065824,243.27664184570312
2068384,258.02215576171875
2068544,260.1343078613281
2077664,258.6089782714844
2079344,258.076416015625
2089760,287.0873718261719
2094864,43.557456970214844
2103376,244.52420043945312
2105200,31.622894287109375
2105296,237.6452178955078
2106320,287.7523498535156
2109600,274.06689453125
2115456,66.58354187011719
2115680,228.692138671875
2126272,309.53790283203125
2133024,273.268798828125
2142064,259.64788818359375
2146224,246.51873779296875
2151456,291.56689453125
2159712,285.05950927734375
2163008,235.83761596679688
2165488,32.994873046875
2168528,301.23040771484375
2173584,279.9237976074219
2174832,278.14013671875
2177088,67.02184295654297
2179600,219.80194091796875
2196576,78.1234130859375
2202992,231.09341430664062
2204208,258.8314514160156
2211680,237.85946655273438
2215616,56.08979034423828
2217488,243.67059326171875
2222656,300.685302734375
2234976,60.375633239746094
2242064,263.29742431640625
2258400,246.9771270751953
2275232,13.82623291015625
2282816,288.1583251953125
2292512,245.36119079589844
2302576,69.81424713134766
2302656,261.85498046875
2306896,276.61444091796875
2315600,238.6107635498047
2315648,12.321080207824707
2322128,45.700069427490234
2326400,264.16680908203125
2332144,294.754638671875
2332576,286.8327331542969
2339456,302.3221740722656
2346176,272.9570617675781
2351088,275.5428771972656
2351456,250.80728149414062
2359712,275.1319274902344
2361472,275.786376953125
2362800,250.1900634765625
2365072,284.13641357421875
2365376,280.6375732421875
2384944,243.86219787597656
2386528,268.5587158203125
2404144,266.8078918457031
2409600,221.324462890625
2417552,248.6896209716797
2432448,258.501220703125
2444608,77.24640655517578
2452752,254.7933349609375
2457488,28.335126876831055
2458816,261.0367736816406
2464912,258.7541198730469
2465344,245.7005157470703
2466544,247.362548828125
2468688,247.91171264648438
2468944,258.4068298339844
2471856,28.522586822509766
2474416,300.0610656738281
2488528,263.7619934082031
2488816,253.92919921875
2508992,33.45096206665039
2527552,34.96134948730469
2531760,274.7747802734375
2533808,42.46143341064453
2536288,43.938541412353516
2538496,257.6868896484375
2545104,262.8100891113281
2552064,243.01158142089844
2553232,286.9358215332031
2571488,227.2093505859375
2572240,276.6903381347656
2572288,259.0699768066406
2574096,269.4066162109375
2580704,206.00930786132812
2586080,265.69720458984375
2586784,221.3595428466797
2593936,248.52024841308594
2594176,228.76675415039062
2595600,67.61670684814453
2598064,271.09405517578125
2598112,226.5919647216797
2612416,245.45362854003906
2618352,267.7624816894531
2622656,247.2789764404297
2623536,238.4493865966797
2642288,275.831298828125
2646784,26.02300262451172
2651200,253.31695556640625
2653552,46.49334716796875
2656032,22.148448944091797
2667184,253.87594604492188
2673760,267.0726318359375
2680416,310.93597412109375
2680640,25.009119033813477
2685328,279.612060546875
2688448,31.27165985107422
2688688,260.2660217285156
2688976,255.90211486816406
2694288,249.8188018798828
2695680,231.49618530273438
2700224,276.5120544433594
2704816,223.58468627929688
2706032,51.403419494628906
2706448,278.659423828125
2729024,44.76964569091797
2740096,270.7092590332031
2745376,257.67779541015625
2751856,277.2182312011719
2757632,257.8548583984375
2758384,41.8590087890625
2758752,242.86676025390625
2764320,251.58416748046875
2772384,245.9058380126953
2774160,251.7692108154297
2782992,247.62393188476562
2788112,26.979928970336914
2788592,248.44384765625
2798448,287.4314270019531
2801216,40.954715728759766
2820112,30.31403923034668
2821840,243.96853637695312
2827040,222.37379455566406
2827328,254.74166870117188
2828320,268.72686767578125
2831376,81.9453353881836
2834592,249.24053955078125
2837456,288.02081298828125
2840064,269.81298828125
2845232,283.9686584472656
2847088,268.5345764160156
2848496,276.5440979003906
2856640,32.39858627319336
2866736,266.41156005859375
2869184,267.9859924316406
2870016,30.434127807617188
2871952,277.1669616699219
2884224,283.85357666015625
2896256,273.2670593261719
2896336,223.05601501464844
2897248,304.16094970703125
2899072,261.0234375
2900720,282.0849304199219
2902288,255.30697631835938
2903504,280.1697998046875
2916896,30.59792137145996
2917504,293.2108154296875
2918736,259.9161071777344
2921216,234.936279296875
2924800,271.2898254394531
2925536,274.50616455078125
2930544,258.1146545410156
2933776,283.3685302734375
2940416,259.69964599609375
2942672,268.7289123535156
2943504,22.779802322387695
2951776,268.77197265625
2951984,234.17247009277344
2955744,53.70460891723633
2956672,242.4501190185547
2957536,252.7576904296875
2959488,221.1494598388672
2960944,263.98077392578125
2975072,208.6748046875
2981216,48.78535079956055
2982576,222.37730407714844
3010272,50.47377395629883
3011408,287.0018615722656
3020640,241.65000915527344
3027600,261.1401672363281
3028384,263.6302490234375
3040176,71.31995391845703
3041136,261.4733581542969
3043648,283.2547912597656
3047952,49.78004455566406
3065296,281.7658996582031
3077136,287.391845703125
3079408,299.5141296386719
3087264,253.68873596191406
3089424,271.0580749511719
3092896,267.62127685546875
3095648,266.1769714355469
3097168,264.31903076171875
3101216,271.9420471191406
3104640,267.54833984375
3108336,240.56045532226562
3111664,274.6365661621094
3112640,302.492431640625
3113008,283.70526123046875
3114048,63.04530334472656
3115472,253.10223388671875
3118064,227.5364532470703
3123088,281.4251403808594
3128112,285.8819885253906
3129840,247.85501098632812
3133648,245.4156951904297
3134224,280.81787109375
3136816,241.13430786132812
3146320,276.4427490234375
3147040,237.80014038085938
3148528,230.49801635742188
3151744,53.49679183959961
3152048,262.4340515136719
3162784,237.1981964111328
3169184,32.9712028503418
3173328,25.147680282592773
3189504,224.81439208984375
3191600,240.7244415283203
3200016,244.77877807617188
3215760,66.14231872558594
3217184,293.716064453125
3223280,267.0863037109375
3224640,238.3489990234375
3232352,59.594093322753906
3234512,277.0921936035156
3244800,263.2491149902344
3246016,78.30258178710938
3251904,283.2139892578125
3262688,229.42938232421875
3266416,254.3044891357422
3270480,41.342689514160156
3278880,242.67626953125
3287984,263.2326354980469
3299712,279.34075927734375
3305920,243.80731201171875
3308784,275.2840881347656
3311136,275.71331787109375
3313120,52.53501892089844
3315552,25.05095672607422
3317232,240.7039337158203
3321088,56.11915969848633
3337168,239.381103515625
3339568,195.5571746826172
3348208,280.21307373046875
3366784,234.06680297851562
3367264,49.68097686767578
3368576,244.71176147460938
3371296,23.755979537963867
3373024,274.7681579589844
3374448,257.8852233886719
3375152,218.37142944335938
3376832,39.316165924072266
3379760,249.32994079589844
3386208,48.99563217163086
3387856,267.02850341796875
3388688,271.51055908203125
3412288,303.9039001464844
3414240,253.90835571289062
3414640,214.94139099121094
3415152,289.04376220703125
3421616,55.23162078857422
3430784,228.38189697265625
3434144,269.8381042480469
3434832,265.6597900390625
3445296,271.1160583496094
3460016,240.9788818359375
3460096,261.0639953613281
3464016,26.20212745666504
3467760,52.20320510864258
3475184,280.2336120605469
3492592,273.6734924316406
3495360,267.7659912109375
3502944,28.70981216430664
3510224,270.0298767089844
3516176,214.02825927734375
3517408,289.16015625
3528736,291.4713134765625
3534624,282.3152160644531
3534864,262.76678466796875
3536032,235.07916259765625
3539744,297.5951232910156
3549824,63.69097900390625
3549840,278.282470703125
3551872,274.2496337890625
3553568,226.06024169921875
3554304,289.6006164550781
3556112,242.0063018798828
3558272,245.208251953125
3562976,255.52105712890625
3565696,244.25363159179688
3585152,281.9258117675781
3585920,35.61558532714844
3596480,296.2177429199219
3599712,70.81900024414062
3602400,27.970321655273438
3604800,240.24099731445312
3605424,239.79904174804688
3610784,36.12870407104492
3614208,251.12283325195312
3616240,-0.6331027746200562
3619440,260.0223083496094
3621552,268.3013000488281
3621568,237.896484375
3622832,269.0823059082031
3627136,252.97210693359375
3635424,257.19720458984375
3642912,284.500244140625
3646480,298.1302795410156
3648448,67.71492004394531
3652368,250.52760314941406
3653664,42.75660705566406
3659872,271.2140197753906
3663744,40.30640411376953
3665424,263.71295166015625
3665456,228.4189453125
3665984,248.5792694091797
3671936,239.90049743652344
3675680,57.29268264770508
3680304,268.7652282714844
3685168,69.90853118896484
3687712,251.0746307373047
3687904,43.01015853881836
3694192,242.9823455810547
3701072,33.982120513916016
3702160,262.05731201171875
3706928,210.05819702148438
3739408,58.3922233581543
3741248,251.2899627685547
3744000,293.2384338378906
3748800,285.0958251953125
3749056,237.0084991455078
3751664,262.2501220703125
3754320,213.5476531982422
3756880,271.79522705078125
3759936,279.8492736816406
3762848,50.29692077636719
3767472,274.8625183105469
3771344,279.9119873046875
3775296,268.8958740234375
3776032,239.29409790039062
3778240,290.8197937011719
3784752,248.9785919189453
3807760,299.8014221191406
3824704,260.08184814453125
3827600,295.1474304199219
3845792,257.1281433105469
3850848,240.8304901123047
3856704,267.2509460449219
3860272,237.44676208496094
3860496,262.13043212890625
3861808,38.56493377685547
3861808,264.0514831542969
3874592,248.58294677734375
3875712,255.1015167236328
3879408,273.5028991699219
3884176,47.86283493041992
3884320,305.0516357421875
3890288,47.32704162597656
3890432,273.3266296386719
3904768,264.28790283203125
3909248,241.5617218017578
3931488,313.4564208984375
3932144,19.416236877441406
3942432,220.44613647460938
3944192,273.4133605957031
3945296,252.1971893310547
3956096,273.985595703125
3967136,218.31996154785156
3969664,241.24508666992188
3970128,242.96981811523438
3982512,272.0508728027344
3988656,234.91476440429688
3988720,280.50848388671875
3994624,-31.079158782958984
3999696,277.3807678222656
4004368,261.3079528808594
4004480,286.8964538574219
4012416,278.75439453125
4013888,320.6015625
4013968,263.9380798339844
4014944,27.613576889038086
4026176,255.4965057373047
4026816,291.5614013671875
4028400,280.7846374511719
4032784,43.096527099609375
4034000,213.77978515625
4044448,53.27837371826172
4044496,244.16258239746094
4046080,256.8070983886719
4068800,28.746734619140625
4075952,24.962404251098633
4078656,37.603302001953125
4080592,256.45068359375
4106448,255.84530639648438
4108528,47.44280242919922
4111520,251.17364501953125
4122640,281.4655456542969
4126080,270.0604553222656
4130192,228.47523498535156
4134480,266.95355224609375
4145904,291.4010009765625
4147056,277.46588134765625
4153712,285.29833984375
4160736,282.8716125488281
4168208,36.56205368041992
4175184,273.0732421875
4180416,274.37548828125
4185360,284.7725830078125
4192736,267.42095947265625
4200032,278.89788818359375
4204432,249.22103881835938
4205744,290.4934387207031
4205856,64.64856719970703
4207200,240.89219665527344
4210752,266.127685546875
4212560,45.97711944580078
4213488,32.482872009277344
4226864,286.8955383300781
4230480,294.5236511230469
4239408,58.80494689941406
4242576,267.146240234375
4255440,262.2842102050781
4273488,261.6916198730469
4274768,250.93814086914062
4276576,290.6421203613281
4284064,293.5827331542969
4290656,284.45941162109375
4291744,245.4257354736328
4294560,255.60165405273438
4302736,294.5505676269531
4305904,251.9180908203125
4308480,278.532470703125
4313920,275.05438232421875
4325264,63.89515686035156
4339200,260.5601501464844
4340544,289.0880126953125
4352304,296.48883056640625
4364896,256.251953125
4371472,44.5349235534668
4383856,289.1624450683594
4388912,14.550545692443848
4396352,272.1986083984375
4400368,81.31635284423828
4405280,248.4493408203125
4405568,285.1223449707031
4416608,256.95953369140625
4418368,32.97676467895508
4420160,254.42164611816406
4420944,51.2291259765625
4425440,256.2481689453125
4427344,276.8680114746094
4428928,-0.6569234132766724
4429552,266.0255126953125
4430304,289.6572265625
4431216,248.7783203125
4435552,259.46783447265625
4440160,224.97088623046875
4440880,263.38079833984375
4454464,277.2880859375
4463072,285.9938049316406
4477792,249.86288452148438
4489328,33.48684310913086
4490112,48.384315490722656
4493616,269.149169921875
4497744,273.3652038574219
4499248,235.11683654785156
4500112,237.8531036376953
4507136,277.1165466308594
4512064,278.9251708984375
4513776,298.0884094238281
4519184,275.5069274902344
4526432,281.1898193359375
4526880,25.32744789123535
4542752,67.33960723876953
4546480,29.491037368774414
4546944,276.9584045410156
4555424,277.06268310546875
4566240,61.84739685058594
4570416,34.36934280395508
4571376,279.2583312988281
4579744,292.86126708984375
4582432,259.382080078125
4582512,273.9796447753906
4585248,49.752803802490234
4586608,267.4582214355469
4597328,268.77593994140625
4598816,269.4394836425781
4608640,289.8762512207031
4610784,262.5429992675781
4644864,292.0919189453125
4646720,289.8204345703125
4659712,297.0294494628906
4660784,242.57562255859375
4663584,286.3065185546875
4670528,283.56536865234375
4674032,233.02349853515625
4682576,272.09893798828125
4685856,274.7048034667969
4687264,271.5896301269531
4690960,260.5654296875
4692368,273.17474365234375
4696576,296.22564697265625
4700080,256.6781005859375
4702048,231.97235107421875
4714368,248.50894165039062
4715568,258.02264404296875
4716080,284.609375
4716496,44.04414749145508
4719296,240.28338623046875
4722016,248.60382080078125
4723056,229.49815368652344
4734752,10.618337631225586
4739776,300.3039245605469
4747104,256.1309509277344
4752400,273.22918701171875
4753664,269.2100524902344
4760816,253.56640625
4761776,252.46768188476562
4762896,257.09906005859375
4768096,59.684303283691406
4776000,286.5005798339844
4784768,43.44343948364258
4795056,258.1667785644531
4796064,57.792903900146484
4797952,286.2669677734375
4813520,249.35304260253906
4817872,302.1325988769531
4825344,241.86180114746094
4825680,294.1926574707031
4826192,223.4965057373047
4826432,33.7618293762207
4839264,256.5632629394531
4839936,258.3185729980469
4842704,265.975830078125
4844112,249.21217346191406
4862608,241.95455932617188
4868816,241.08990478515625
4874128,259.5046691894531
4876144,254.79248046875
4876464,286.8050231933594
4887568,271.7591552734375
4897904,254.92428588867188
4900960,253.46759033203125
4901568,294.1646728515625
4904736,248.63487243652344
4924208,75.7658920288086
4925984,267.8377990722656
4941584,50.18352508544922
4941632,264.16741943359375
4943152,290.1512756347656
4943200,295.8637390136719
4943344,277.50714111328125
4945232,277.3443298339844
4953120,269.1908874511719
4957968,279.71624755859375
4961456,241.85586547851562
4962336,257.3682556152344
4970224,286.92462158203125
4989200,181.6944122314453
4994656,250.3809356689453
4997984,246.79026794433594
4999024,49.017845153808594
5005168,261.6095275878906
5008432,260.73309326171875
5009888,273.52667236328125
5011712,240.82200622558594
5019632,247.12005615234375
5021216,252.7725830078125
5028416,13.648970603942871
5032672,290.23687744140625
5033184,277.28778076171875
5036272,6.1878252029418945
5038704,37.68244552612305
5044736,61.68540954589844
5048848,256.3156433105469
5050048,274.16729736328125
5050992,242.3882598876953
5055248,260.01611328125
5057792,277.25518798828125
5063424,8.773021697998047
5075312,36.16956329345703
5075792,239.87710571289062
5086848,269.85198974609375
5089712,235.19114685058594
5092080,36.02757263183594
5092592,298.9088439941406
5102928,231.51873779296875
5105296,269.6457824707031
5105584,268.88970947265625
5108256,3.883516550064087
5126384,299.6710205078125
5128768,43.468727111816406
5133376,34.34603500366211
5137456,265.86175537109375
5142288,275.7791748046875
5151200,256.2268371582031
5160400,250.7053985595703
5161200,263.91949462890625
5162208,292.97601318359375
5168288,268.92535400390625
5178208,260.92413330078125
5186048,30.999330520629883
5194240,280.607421875
5198640,260.25836181640625
5200992,237.3563232421875
5214640,268.34466552734375
5221008,284.0436706542969
5223552,281.80389404296875
5228256,283.23199462890625
5231504,244.9570770263672
5233856,208.00823974609375
5234336,275.5761413574219
5236000,310.542236328125
5240352,230.1024932861328
5251856,264.4369812011719
5254688,252.39486694335938
5258960,63.44510269165039
5261040,268.641845703125
5262720,276.068359375
5273792,222.59107971191406
5275856,270.9277648925781
5283680,268.8326721191406
5292880,230.3387908935547
5293744,257.1212158203125
5301696,283.7649230957031
5302080,21.22838592529297
5305440,256.6499328613281
5306048,48.53155517578125
5313232,253.00050354003906
5318080,279.3106384277344
5319008,45.67343521118164
5320160,275.97344970703125
5322592,247.74050903320312
5322608,36.23945999145508
5328560,246.820068359375
5332304,28.825605392456055
5332672,295.5884094238281
5340064,242.65191650390625
5344976,257.12286376953125
5346528,271.454345703125
5373264,39.00560760498047
5376832,265.2632751464844
5387536,280.3153991699219
5394128,280.07891845703125
5400672,260.8865051269531
5406368,281.98345947265625
5430032,297.980712890625
5445952,290.1065368652344
5449504,269.37469482421875
5454304,281.1102294921875
5466224,269.2633056640625
5473648,260.4913024902344
5482000,280.1323547363281
5482832,262.055908203125
5484816,251.37608337402344
5485808,290.4694519042969
5494944,254.75909423828125
5519616,243.7342987060547
5520720,239.1670684814453
5522336,-41.2780647277832
5523072,20.596731185913086
5523872,233.3665771484375
5548160,291.296142578125
5555152,235.4606475830078
5559200,267.8913879394531
5562800,20.307405471801758
5571168,279.3707275390625
5578112,266.5746154785156
5583824,222.81932067871094
5599184,269.5988464355469
5599744,248.2043914794922
5605200,51.78529357910156
5617600,247.36813354492188
5621968,241.45228576660156
5623408,290.2409362792969
5629936,292.86077880859375
5630224,273.4562683105469
5631600,255.0667266845703
5640928,251.25909423828125
5644560,246.62615966796875
5644608,37.16266632080078
5646016,223.80018615722656
5647296,252.06594848632812
5647904,242.69122314453125
5653792,284.6993713378906
5661728,252.4483642578125
5664128,10.416190147399902
5672480,256.5957336425781
5682112,252.1630859375
5683056,80.85127258300781
5689952,250.49281311035156
5696352,275.3494873046875
5697664,210.2763671875
5705840,292.0066223144531
5716912,273.8570556640625
5727328,236.01473999023438
5732144,256.3455810546875
5751472,20.136449813842773
5752512,35.025508880615234
5772448,265.5306091308594
5782032,238.6171112060547
5784144,260.582275390625
5797936,266.83905029296875
5802640,253.09532165527344
5809888,257.235107421875
5811280,242.50950622558594
5813536,245.62612915039062
5817056,256.70513916015625
5822800,218.35336303710938
5823344,309.20703125
5823392,295.7638854980469
5823808,261.4973449707031
5828112,277.39471435546875
5832400,285.83013916015625
5837552,249.49484252929688
5844528,49.24091339111328
5846128,281.28643798828125
5850784,52.528526306152344
5862464,28.124378204345703
5862944,240.27740478515625
5865808,231.14028930664062
5868400,32.06679916381836
5868432,278.3941345214844
5868800,224.2667999267578
5878896,269.2841491699219
5879616,251.16748046875
5885696,252.72760009765625
5889360,260.21826171875
5891664,265.1126708984375
5911472,299.9808654785156
5912304,262.0039367675781
5914912,298.512939453125
5917328,250.81370544433594
5925408,244.8526611328125
5934096,252.08995056152344
5940864,248.75723266601562
5950448,55.60149002075195
5956144,259.20550537109375
5958624,296.8364562988281
5964416,278.8049621582031
5964784,233.47427368164062
5965424,266.3890380859375
5977264,293.6940002441406
5990016,224.82489013671875
6006912,273.6997985839844
6010864,241.76425170898438
6024032,60.44866943359375
6041184,39.4281005859375
6048544,246.04881286621094
6050928,264.15643310546875
6052192,254.4958953857422
6053744,291.6158447265625
6054336,285.1719055175781
6064000,231.0163116455078
6072096,245.63629150390625
6089232,298.08172607421875
6090352,223.58712768554688
6102080,219.69717407226562
6113760,257.83349609375
6117904,252.6002960205078
6121504,230.87490844726562
6121664,270.5485534667969
6143584,249.07513427734375
6148880,255.46585083007812
6150688,10.656103134155273
6155712,243.30213928222656
6158800,251.00973510742188
6166080,280.4356384277344
6168688,268.8310546875
6170304,276.72296142578125
6171920,283.936767578125
6173952,312.94989013671875
6183392,268.2214050292969
6184256,25.69194793701172
6185632,304.2121276855469
6189600,274.5806579589844
6192880,301.78424072265625
6198944,262.1892395019531
6210128,277.8408508300781
6212960,-6.152384281158447
6217888,293.96148681640625
6229232,282.1641845703125
6241472,26.828031539916992
6244384,-9.824812889099121
6246448,220.4224090576172
6248432,24.136646270751953
6252560,243.8451690673828
6253776,283.62591552734375
6255936,41.159027099609375
6258240,62.997005462646484
6259728,285.01812744140625
6260704,257.2194519042969
6263200,264.99853515625
6269120,279.95458984375
6269248,273.5573425292969
6269872,225.6480255126953
6276192,304.55084228515625
6277280,239.63711547851562
6281696,252.30694580078125
6303040,249.0198516845703
6306240,239.7406005859375
6312128,268.3814697265625
6318480,286.2510986328125
6318800,31.124286651611328
6330000,250.58726501464844
6331152,260.42022705078125
6350192,231.39015197753906
6351888,284.2767333984375
6353984,311.7128601074219
6354816,294.0025939941406
6363888,235.16848754882812
6364144,290.2110900878906
6375712,256.0242004394531
6376608,303.43341064453125
6390064,263.2876281738281
6397712,225.14137268066406
6399408,264.74664306640625
6399488,74.6487808227539
6401088,204.5185546875
6402672,292.2713317871094
6407152,265.1421203613281
6425232,278.76416015625
6431312,245.35887145996094
6431616,284.6319274902344
6432528,262.4358825683594
6438336,281.9332275390625
6438368,56.88760757446289
6449136,-30.310932159423828
6452944,281.5429382324219
6464640,268.39764404296875
6465984,227.8709259033203
6467312,292.88482666015625
6492384,310.2193908691406
6492560,50.462467193603516
6508960,293.9437561035156
6522160,264.8125
6527200,247.25096130371094
6529216,26.799116134643555
6529856,241.87066650390625
6532080,270.6361083984375
6535424,236.35809326171875
6540496,287.1418762207031
6554048,271.47430419921875
6556752,263.6190490722656
6563296,301.68341064453125
6575328,272.4765319824219
6585008,291.28887939453125
6595600,270.8454895019531
6607712,261.2311096191406
6607792,233.23822021484375
6614032,303.5547180175781
6619360,273.8999328613281
6619840,251.75027465820312
6620416,281.9490966796875
6620640,267.30975341796875
6624608,229.553466796875
6627536,280.7384033203125
6647520,268.0418395996094
6653632,259.7829284667969
6662672,276.08319091796875
6666064,285.7672119140625
6684016,310.8772888183594
6688448,262.2890930175781
6703280,249.44032287597656
6704016,244.29489135742188
6704656,257.53741455078125
6705920,284.2779846191406
6710448,259.5419006347656
6725264,268.6419372558594
6732576,304.43646240234375
6735168,277.6478576660156
6738000,261.4676513671875
6743072,301.619140625
6744912,267.98541259765625
6759936,257.0796813964844
6773088,263.3706970214844
6776400,265.1502990722656
6784832,45.97800827026367
6811696,285.3753967285156
6817168,248.1831817626953
6820544,226.08355712890625
6821024,222.2303924560547
6826128,249.75222778320312
6831536,289.9293518066406
6839744,9.713829040527344
6843520,60.61680221557617
6845456,253.7939453125
6851456,260.0511474609375
6860752,263.8518371582031
6865616,242.7467498779297
6870208,255.61996459960938
6874128,253.04721069335938
6887696,283.61065673828125
6888352,256.378662109375
6889648,240.71255493164062
6894080,235.8312530517578
6902400,182.85462951660156
6904912,252.67843627929688
6907296,223.63922119140625
6909328,302.8633117675781
6917232,298.16497802734375
6920928,272.1956481933594
6922784,284.517333984375
6924400,249.63365173339844
6937072,260.9187927246094
6937552,290.7760925292969
6941136,302.3040771484375
6941600,230.35902404785156
6943856,304.9950256347656
6944064,275.1048278808594
6947280,259.5036926269531
6957536,276.7759704589844
6960928,248.45570373535156
6980832,291.7528381347656
6982560,285.2898254394531
6994816,274.3620910644531
7001184,278.9859924316406
7008832,267.5076904296875
7031376,232.23863220214844
7046832,272.61962890625
7056784,282.1655578613281
7061296,256.3790283203125
7064992,56.055137634277344
7065568,256.8308410644531
7086432,259.70928955078125
7092352,258.1026916503906
7095152,32.57185745239258
7104320,231.25526428222656
7104352,260.4601745605469
7106608,293.7708740234375
7108304,285.1562194824219
7108864,234.4409942626953
7113616,283.85919189453125
7126016,254.7560577392578
7128288,232.8189697265625
7128432,227.8698272705078
7130240,2.431091547012329
7135488,285.4466857910156
7152384,271.1048583984375
7155440,299.3809814453125
7157440,275.4568176269531
7158160,286.0575866699219
7168720,255.24139404296875
7183648,307.30010986328125
7187648,253.4630889892578
7198384,276.01849365234375
7199328,281.0365295410156
7213936,34.82623291015625
7214048,258.7204284667969
7215792,53.82879638671875
7216224,257.9142761230469
7217776,298.8976745605469
7232096,259.5101013183594
7233056,275.2174072265625
7237488,281.846923828125
7251552,269.4036560058594
7255568,246.06507873535156
7260720,279.3743896484375
7264112,254.439697265625
7266848,47.250213623046875
7299008,294.5999450683594
7333088,23.00187873840332
7337120,295.8945007324219
7342688,289.5901794433594
7362624,222.95008850097656
7372528,274.6716613769531
7375424,288.7127990722656
7386384,292.7991027832031
7387408,247.73568725585938
7400160,255.62022399902344
7404832,235.09593200683594
7405408,284.5308532714844
7407968,253.76853942871094
7408880,291.2458801269531
7410608,241.9140167236328
7413280,63.9372673034668
7417264,308.4587707519531
7417696,271.7036437988281
7423296,276.2081604003906
7426432,251.9247283935547
7429456,242.7949676513672
7431216,269.5207214355469
7434592,284.6352844238281
7436832,236.74313354492188
7441216,218.5218505859375
7445296,297.0913391113281
7448112,268.34698486328125
7453456,253.97830200195312
7464976,274.0868835449219
7472496,291.78729248046875
7473952,259.4802551269531
7477344,269.1678771972656
7489520,292.7869567871094
7494400,279.2715148925781
7494688,270.4717712402344
7508240,44.03636169433594
7508976,266.0956115722656
7509552,286.3691711425781
7509936,276.3515625
7516240,268.1977844238281
7520864,79.41645812988281
7523856,283.91522216796875
7549120,253.00230407714844
7552960,30.416229248046875
7557360,264.650146484375
7561248,281.27935791015625
7577552,248.10848999023438
7579040,285.80224609375
7583376,279.2035827636719
7590064,256.0119934082031
7599728,276.5749816894531
7601584,305.5269470214844
7609808,289.0072021484375
7613072,262.4591064453125
7614608,272.22015380859375
7626352,282.8318176269531
7631856,293.0709533691406
7642864,267.50335693359375
7644160,57.32145309448242
7645808,270.9732666015625
7651120,244.30433654785156
7657744,223.3961181640625
7669488,288.7046203613281
7669824,254.1586456298828
7677872,279.55023193359375
7686624,263.90020751953125
7692512,226.5974578857422
7695296,77.21197509765625
7695968,250.8561553955078
7696096,273.6363830566406
7710208,248.4235076904297
7715600,282.4145812988281
7721776,256.0693359375
7722016,56.549564361572266
7727952,246.4754180908203
7732640,259.3934326171875
7738160,244.4304656982422
7746464,248.83200073242188
7754720,280.6123352050781
7777648,275.0760498046875
7783344,266.24639892578125
7788336,290.2135925292969
7810448,303.44256591796875
7817952,272.6177978515625
7826272,279.1905212402344
7837600,290.9146728515625
7839040,285.9123840332031
7850848,276.86090087890625
7860992,283.72607421875
7862000,286.9140319824219
7864304,233.29920959472656
7867616,299.3351135253906
7880912,245.8549346923828
7894128,288.8286437988281
7894624,274.0069274902344
7896784,268.3559265136719
7903856,63.50305938720703
7906912,274.0962829589844
7908160,277.1686096191406
7916128,34.02253341674805
7916320,251.02334594726562
7938928,279.72454833984375
7940480,284.87939453125
7942880,267.1040344238281
7955120,266.57550048828125
7969408,265.0178527832031
7973664,231.72222900390625
7979248,275.39324951171875
7985936,265.1792297363281
8007824,263.1064147949219
8014832,227.54298400878906
8038752,23.684125900268555
8040336,216.06240844726562
8045952,234.70654296875
8057152,254.06370544433594
8061984,229.9497528076172
8069408,251.2435760498047
8076384,266.6114501953125
8079056,289.0332946777344
8081232,264.11749267578125
8087392,266.62567138671875
8088528,243.5869903564453
8089424,253.90353393554688
8097152,256.0126647949219
8109168,38.70476531982422
8126368,260.8111572265625
8127888,223.92755126953125
8138528,274.6461486816406
8142272,234.19393920898438
8153344,256.0090026855469
8154176,280.6849060058594
8172352,-44.007896423339844
8174992,254.01429748535156
8190976,261.7597351074219
8199264,281.0223083496094
8200672,230.9683074951172
8204800,284.5893859863281
8206432,175.8253936767578
8206896,258.79290771484375
8211520,221.07098388671875
8216864,252.13604736328125
8221904,271.7736511230469
8227952,252.77101135253906
8246032,273.7702941894531
8248432,260.6864013671875
8256208,21.307405471801758
8263344,215.25921630859375
8272768,276.1853942871094
8275136,297.3464660644531
8277328,226.96981811523438
8278448,269.765380859375
8286672,276.3102111816406
8292032,278.35003662109375
8292608,283.1881408691406
8297680,278.42816162109375
8301312,263.3486633300781
8307824,232.29373168945312
8312384,-1.6655452251434326
8313040,235.70896911621094
8318032,54.26211929321289
8319968,266.271728515625
8327920,271.2153015136719
8342192,242.89149475097656
8350784,289.92681884765625
8352608,274.8416442871094
8381856,247.68441772460938
8393008,257.2098388671875
8395584,258.91845703125
8397344,238.20460510253906
8398592,273.8147277832031
8399632,268.2076721191406
8400160,292.7932434082031
8402160,274.6696472167969
8407088,273.2686767578125
8414080,272.6047668457031
8441808,227.69781494140625
8443088,239.83460998535156
8477920,257.92230224609375
8518352,298.8517761230469
8519504,43.7142448425293
8524624,258.0330505371094
8527696,259.6672058105469
8530832,280.7980651855469
8542656,258.3843688964844
8560496,59.19667434692383
8561136,248.72889709472656
8562112,254.3817138671875
8563600,260.5740051269531
8600880,289.8744201660156
8603664,225.74964904785156
8611040,282.8775634765625
8611776,275.2444763183594
8622160,294.9502868652344
8624656,240.12063598632812
8630768,-2.790011405944824
8634928,262.149658203125
8642480,283.4569091796875
8650368,273.5749206542969
8652592,57.56959533691406
8658096,230.18519592285156
8658400,269.6412048339844
8660432,239.32992553710938
8692176,280.5827331542969
8708704,270.0307312011719
8713456,253.2882080078125
8716560,241.1112060546875
8718352,281.2637634277344
8723664,265.8910827636719
8726304,277.96307373046875
8732528,250.82376098632812
8738368,225.78443908691406
8741760,260.0736389160156
8742432,224.25607299804688
8744176,258.50634765625
8750496,250.8762969970703
8766784,282.72613525390625
8771872,269.3790588378906
8796048,5.542439937591553
8807360,290.54522705078125
8809360,251.5721435546875
8816256,275.0363464355469
8844560,234.3088836669922
8851392,258.6170959472656
8854704,279.2189025878906
8862672,17.49051856994629
8862768,263.4537048339844
8867680,258.00897216796875
8874208,30.943632125854492
8881984,268.61334228515625
8897088,60.73353958129883
8903664,27.308441162109375
8906816,290.31201171875
8914096,264.73681640625
8934432,240.7910919189453
8937040,302.7799072265625
8945856,259.3125305175781
8948064,254.5074920654297
8949904,266.89422607421875
8958480,265.9117431640625
8961376,226.39645385742188
8962064,246.51263427734375
8962256,265.4530029296875
8979952,251.51620483398438
9001424,237.94862365722656
9001472,246.7416534423828
9010752,309.95263671875
9012224,32.75955581665039
9015808,254.8099822998047
9018192,46.430152893066406
9034160,253.42591857910156
9034176,276.3534240722656
9048864,75.24080657958984
9053760,278.284912109375
9054368,307.29571533203125
9054960,222.32998657226562
9082016,246.3265838623047
9082544,250.19656372070312
9088272,88.76792907714844
9110720,292.64599609375
9110992,262.59710693359375
9111392,268.5372314453125
9114384,252.1111297607422
9115488,240.9779052734375
9116400,238.40199279785156
9117920,259.4549255371094
9139408,234.7596893310547
9146096,268.0167541503906
9168128,255.78298950195312
9169376,269.5915832519531
9169648,84.2045669555664
9204336,293.5255432128906
9218736,265.3321533203125
9226112,266.2901306152344
9233840,294.13421630859375
9234288,260.62969970703125
9235840,245.7418975830078
9235968,296.62384033203125
9240064,259.9759216308594
9244208,247.17971801757812
9245824,252.31297302246094
9266032,288.91796875
9271424,234.76434326171875
9276784,281.6470642089844
9279648,251.84959411621094
9282320,263.2580871582031
9301072,281.29766845703125
9302784,232.32479858398438
9303680,228.2358856201172
9316928,275.4672546386719
9342240,271.4278564453125
9355328,268.2898864746094
9366624,30.31639289855957
9373888,309.0202331542969
9378208,265.1496887207031
9395584,254.88497924804688
9407504,273.0982360839844
9417488,278.70318603515625
9419808,251.16876220703125
9423408,246.95082092285156
9425904,257.66278076171875
9428608,246.14825439453125
9429488,58.967315673828125
9430320,33.372947692871094
9436304,245.02627563476562
9447360,273.5538024902344
9463936,287.518798828125
9476704,252.59527587890625
9477472,249.9633331298828
9483424,254.26780700683594
9487520,279.0805358886719
9496832,262.3615417480469
9500960,25.200408935546875
9502080,253.57806396484375
9515504,261.91644287109375
9521936,283.9819030761719
9534624,250.80709838867188
9534784,258.6199645996094
9541600,255.76998901367188
9555760,37.311607360839844
9561648,17.65880584716797
9567648,260.85723876953125
9570416,265.5505065917969
9579040,214.62498474121094
9579776,246.98583984375
9594048,266.7464599609375
9618560,272.24957275390625
9622144,301.2190856933594
9637344,244.96751403808594
9674400,272.6561279296875
9676576,264.3359069824219
9692320,246.534423828125
9703168,235.1888427734375
9703648,258.6686706542969
9719200,237.24969482421875
9721952,31.410720825195312
9722704,256.4075927734375
9731552,287.4162292480469
9734192,279.41729736328125
9752096,256.26177978515625
9758016,223.0792236328125
9763984,245.6835479736328
9764640,240.62937927246094
9769792,278.87054443359375
9778896,20.604650497436523
9779104,270.43023681640625
9779648,256.82012939453125
9787680,252.42372131347656
9790512,274.59893798828125
9792000,251.2168731689453
9807024,264.97808837890625
9807728,249.8577117919922
9815920,-8.749640464782715
9817008,276.3905029296875
9831184,245.42120361328125
9833024,290.45355224609375
9835248,207.5228271484375
9862816,275.1869812011719
9866160,225.814697265625
9883728,288.81500244140625
9887104,284.7834777832031
9888496,232.509033203125
9893952,249.39576721191406
9899312,263.5186462402344
9901264,230.21517944335938
9902560,266.9483947753906
9904272,287.7477722167969
9907648,219.67637634277344
9916000,267.05035400390625
9922512,302.2814636230469
9925152,270.1167907714844
9926464,268.34173583984375
9934048,256.43328857421875
9934512,264.10260009765625
9949104,259.1775817871094
9953248,254.0655517578125
9953280,252.7993927001953
9958880,266.0921630859375
9961984,259.5921936035156
9964240,15.781689643859863
9979168,291.8141174316406
9994272,269.0950012207031
10000208,257.63720703125
10024640,284.2944641113281
10026112,276.06927490234375
10039216,250.1426544189453
10043648,246.02577209472656
10047728,229.15000915527344
10057232,236.26031494140625
10070480,247.68638610839844
10103872,253.4722442626953
10107120,236.8616180419922
10121888,283.3652038574219
10131200,257.7186279296875
10144080,263.5802001953125
10146064,253.7038116455078
10153488,252.58575439453125
10157456,255.43565368652344
10173408,236.10621643066406
10176288,239.2276153564453
10176656,256.9048767089844
10195904,233.4442901611328
10196032,270.4916076660156
10197616,225.69815063476562
10199760,260.78704833984375
10216192,272.2068786621094
10217712,276.5434875488281
10224288,251.7088165283203
10225984,233.94525146484375
10237712,238.0458221435547
10240096,215.43431091308594
10240512,238.50131225585938
10246720,244.7596435546875
10252640,292.3162841796875
10264976,297.1361083984375
10268144,288.2575988769531
10301440,279.5447692871094
10314384,242.81341552734375
10318144,268.5338134765625
10319840,228.447998046875
10326624,272.5333251953125
10343040,270.9848937988281
10344848,26.180667877197266
10348704,90.34358978271484
10349184,267.8424072265625
10349376,296.4017639160156
10371904,220.70877075195312
10374688,235.93911743164062
10380704,246.23226928710938
10394208,283.4742736816406
10404560,229.31744384765625
10409200,232.08348083496094
10420496,244.5238800048828
10439408,284.2750244140625
10464624,265.4013671875
10477984,35.517303466796875
10480688,275.52642822265625
10487040,279.50531005859375
10488640,266.294677734375
10489488,278.0367431640625
10524368,249.2765350341797
10529216,216.71612548828125
10541040,224.8167724609375
10546704,258.1504821777344
10549264,295.5506286621094
10555472,250.6702117919922
10567856,271.41046142578125
10591376,290.453125
10595936,221.33004760742188
10599456,264.5477294921875
10619264,245.6668243408203
10636832,244.07562255859375
10637632,227.7538299560547
10642464,274.80145263671875
10661328,218.58056640625
10673008,259.23150634765625
10691696,257.5286865234375
10702176,276.2919616699219
10705104,288.5079040527344
10711520,275.7503356933594
10724112,259.28265380859375
10746768,267.2738342285156
10757120,33.11431884765625
10773024,272.27386474609375
10792560,256.56903076171875
10800736,269.7449035644531
10805568,272.9924621582031
10807568,278.3848876953125
10815920,230.84112548828125
10822736,262.3356628417969
10834976,298.0533447265625
10862832,244.60606384277344
10877824,272.57598876953125
10878832,271.619384765625
10884368,281.9175720214844
10904848,286.1010437011719
10913472,291.7817687988281
10949872,271.3489990234375
10976400,21.377233505249023
10994224,284.10736083984375
11021824,269.6086730957031
11032064,252.84165954589844
11042720,281.228271484375
11046016,240.97622680664062
11051040,253.6912384033203
11078176,271.0225830078125
11081264,285.8280944824219
11081984,254.19178771972656
11094176,279.7248840332031
11099920,260.6180725097656
11106752,252.2985076904297
11124384,72.68964385986328
11127648,206.6510467529297
11136064,244.2206268310547
11151488,276.6031188964844
11156272,231.58335876464844
11156432,18.87868309020996
11157984,281.5421447753906
11170272,274.5003356933594
11173632,228.417236328125
11192624,245.3638458251953
11195184,227.75030517578125
11197088,258.7793884277344
11197120,234.7171630859375
11208032,247.4473419189453
11215536,263.5142822265625
11223200,260.8636779785156
11225360,267.5558776855469
11237920,252.33688354492188
11249088,265.10504150390625
11250000,220.24037170410156
11265520,250.53826904296875
11265696,275.015625
11267392,266.3517150878906
11271632,244.3458709716797
11273488,255.45114135742188
11288016,254.44114685058594
11294144,258.07415771484375
11296832,238.23240661621094
11298784,269.1869812011719
11353136,280.0672607421875
11363488,317.2525634765625
11365440,254.90768432617188
11365472,268.5605773925781
11387808,273.5033264160156
11403696,256.94183349609375
11422960,252.79989624023438
11436208,244.38555908203125
11442848,208.91807556152344
11443024,230.40994262695312
11451568,269.15234375
11464960,265.6222229003906
11467520,264.4983825683594
11471264,311.7802429199219
11486896,274.7707824707031
11492000,265.80889892578125
11492256,268.0898132324219
11492992,250.97007751464844
11497472,267.66864013671875
11504048,246.38011169433594
11530176,78.05860137939453
11532976,267.6825256347656
11571600,251.0513458251953
11584192,223.4730987548828
11598976,282.24725341796875
11628272,268.650634765625
11629216,232.61544799804688
11639552,285.953125
11647184,290.99163818359375
11649152,259.08056640625
11651536,251.5270538330078
11661376,308.80987548828125
11677488,323.5669860839844
11680832,238.29571533203125
11683712,299.1888427734375
11684160,309.8167724609375
11706336,249.9073486328125
11719760,282.82379150390625
11724896,251.77066040039062
11731392,273.2911682128906
11735904,23.357589721679688
11735984,230.2077178955078
11776192,305.0093688964844
11788928,242.11929321289062
11792512,256.3042297363281
11795616,271.1861267089844
11798624,312.6524658203125
11810016,255.56161499023438
11825728,215.18812561035156
11834672,258.6170959472656
11843568,254.42514038085938
11851232,261.16546630859375
11855952,263.3670959472656
11880128,210.49468994140625
11889904,284.70001220703125
11891216,277.2307434082031
11894672,291.0823974609375
11898016,249.09861755371094
11900864,214.16127014160156
11901808,265.02496337890625
11904672,236.14251708984375
11906240,248.7006072998047
11920128,248.0878143310547
11941312,301.79010009765625
11945536,229.2275848388672
11955776,279.2791442871094
11957936,249.5460205078125
11960480,255.18019104003906
11991152,282.79327392578125
12023104,272.16778564453125
12023584,206.10678100585938
12026464,248.46884155273438
12036240,256.6108703613281
12036816,305.2930603027344
12055776,-32.58620834350586
12065520,264.7122497558594
12070944,280.046875
12074880,281.40234375
12082624,52.823612213134766
12084384,234.52940368652344
12101184,270.3945617675781
12102336,287.1243591308594
12111776,251.8865203857422
12119200,309.5820617675781
12125632,223.430908203125
12146640,250.22447204589844
12150528,252.09393310546875
12154080,321.81024169921875
12156400,293.3957214355469
12182128,291.55181884765625
12202496,276.1855163574219
12206944,279.34808349609375
12217760,287.1897888183594
12221936,261.90802001953125
12222864,284.5190734863281
12227856,243.8439178466797
12235984,242.59719848632812
12247904,277.8678283691406
12251072,269.64300537109375
12274752,284.4810485839844
12277184,288.21337890625
12308848,286.1158447265625
12314496,275.4754943847656
12324352,283.6600646972656
12336064,27.63910675048828
12350432,257.3912658691406
12351552,277.9179992675781
12357024,283.2685546875
12371136,258.78118896484375
12393424,264.2226867675781
12396864,286.70037841796875
12398864,268.84149169921875
12404928,285.40380859375
12405312,228.18734741210938
12409232,261.58184814453125
12410368,280.4272766113281
12421104,273.8135070800781
12423968,289.0411682128906
12454784,296.52520751953125
12477856,259.0495910644531
12491952,275.8604736328125
12511520,242.79611206054688
12513536,262.7674255371094
12528384,305.7046203613281
12538912,285.3468322753906
12549104,238.7576904296875
12559536,220.13938903808594
12560816,247.75259399414062
12561392,257.99072265625
12573728,260.4125061035156
12575728,268.5937805175781
12588848,286.4973449707031
12599920,272.3197326660156
12624976,263.581298828125
12630608,274.8477478027344
12668800,277.5405578613281
12669040,287.53466796875
12674800,269.3951721191406
12685312,265.1300048828125
12696256,278.5557861328125
12704400,300.4669494628906
12704848,36.92030334472656
12706080,279.5860595703125
12716976,204.95130920410156
12730960,283.710693359375
12747680,264.61859130859375
12788608,252.4789276123047
12804896,296.8511657714844
12812736,255.34625244140625
12838160,230.67037963867188
12854480,246.55857849121094
12861760,289.17578125
12861888,284.7042541503906
12872080,299.1148986816406
12875152,233.10702514648438
12890128,249.24351501464844
12890192,298.5467224121094
12893136,290.71014404296875
12913360,259.88934326171875
12924640,260.6726989746094
12926960,246.763671875
12952880,247.499755859375
12957904,275.9317932128906
12968016,308.8321533203125
12968896,75.02012634277344
12971008,274.3717041015625
12972864,77.62098693847656
12990736,242.85806274414062
13000352,19.15207290649414
13023776,266.2728576660156
13026336,276.0561218261719
13044000,236.24490356445312
13059808,293.94549560546875
13066512,269.60400390625
13094432,43.501766204833984
13106688,253.27212524414062
13145312,4.8184943199157715
13147040,289.8548278808594
13153952,278.1354675292969
13154480,289.5161437988281
13155584,270.95599365234375
13171808,243.7788543701172
13186448,228.94113159179688
13192528,271.1424560546875
13211296,280.3606262207031
13221904,236.70338439941406
13223984,289.81353759765625
13225328,274.6038818359375
13233184,253.2885284423828
13237648,277.3814697265625
13255056,212.92135620117188
13261456,267.42462158203125
13263248,70.11148071289062
13266416,289.5675048828125
13284912,212.47213745117188
13299600,257.58502197265625
13307408,259.7470703125
13314400,32.863773345947266
13315936,282.43206787109375
13320960,286.30718994140625
13335808,282.9716796875
13339728,251.40155029296875
13342944,291.6625061035156
13347344,255.4808349609375
13355808,246.08824157714844
13373984,279.5734558105469
13374960,301.2047424316406
13398304,275.4764404296875
13398496,259.99969482421875
13402128,265.144775390625
13421392,293.09033203125
13421632,209.86607360839844
13442832,276.8370666503906
13444224,288.4072570800781
13445664,248.68597412109375
13449952,271.9619140625
13459744,288.3062744140625
13465328,277.02069091796875
13513328,262.3615417480469
13515904,287.50396728515625
13551536,260.6684265136719
13553392,275.35430908203125
13556512,262.3712158203125
13558464,217.72129821777344
13562112,234.45010375976562
13566336,295.4914245605469
13570496,215.041015625
13576624,261.775146484375
13577072,250.73965454101562
13581168,0.15579168498516083
13589536,286.8263244628906
13596128,266.27325439453125
13607744,290.6355895996094
13614528,208.6013641357422
13618224,253.45709228515625
13637792,256.8641662597656
13640720,259.4922790527344
13660224,313.85992431640625
13671152,219.06329345703125
13671744,285.06341552734375
13680992,281.2169189453125
13683456,19.707660675048828
13702128,264.4894714355469
13707136,276.4735412597656
13744208,226.11085510253906
13763824,262.078369140625
13775088,278.013916015625
13798880,282.4080810546875
13803504,270.84149169921875
13804496,270.5858154296875
13807392,234.14109802246094
13813168,269.843994140625
13813904,265.68829345703125
13820608,291.5630798339844
13872576,262.0897521972656
13881808,275.1341552734375
13900384,269.87005615234375
13924688,277.4436340332031
13926256,275.67474365234375
13941744,38.29329299926758
13947536,295.8975524902344
13957072,267.4801940917969
13962880,264.9139099121094
13978848,292.7020263671875
14000768,274.0926818847656
14012144,290.7621154785156
14022240,267.957275390625
14042880,266.74896240234375
14074352,276.5136413574219
14077888,270.681640625
14078528,269.220703125
14102352,280.6060791015625
14116688,279.04376220703125
14123232,304.967529296875
14162544,285.88824462890625
14179376,295.33966064453125
14180192,256.5392150878906
14183008,247.4568634033203
14186704,283.72882080078125
14197888,276.3811340332031
14198800,278.3486022949219
14205264,248.87918090820312
14224352,250.42823791503906
14229360,245.47415161132812
14238544,282.9676513671875
14239408,270.30316162109375
14243632,300.19873046875
14262560,248.45455932617188
14263840,301.3305358886719
14267424,293.0225524902344
14272368,286.9217834472656
14281008,267.9398498535156
14290800,286.3109130859375
14297792,292.68878173828125
14302224,279.3387451171875
14309408,262.8970031738281
14310624,261.7272033691406
14321248,275.4766540527344
14324400,295.0590515136719
14326864,245.13038635253906
14332160,260.9384460449219
14348176,267.6120300292969
14366736,217.1805419921875
14376256,294.3643798828125
14408672,271.5812072753906
14411968,259.405517578125
14413632,302.0548095703125
14416288,260.47283935546875
14417856,275.9697570800781
14418544,282.3459167480469
14420464,253.0670928955078
14429008,299.8626708984375
14430528,294.52294921875
14446144,298.9111022949219
14449344,247.553466796875
14452368,284.1070556640625
14467072,302.6387939453125
14468640,249.04013061523438
14492000,279.5397033691406
14499072,257.49920654296875
14499440,39.77579116821289
14506928,277.33465576171875
14523520,277.3601989746094
14529328,273.239013671875
14550336,267.4472961425781
14556592,260.4389953613281
14563312,302.2400207519531
14584400,243.24339294433594
14608192,274.1746826171875
14672944,267.8955993652344
14673056,304.1448974609375
14687056,291.87701416015625
14691744,292.9992980957031
14734912,261.1029052734375
14747840,277.0495910644531
14821024,279.9319763183594
14823024,307.115478515625
14840960,322.00201416015625
14849488,241.87713623046875
14852128,276.6330261230469
14874384,257.2786560058594
14877664,257.6036682128906
14885024,264.2162170410156
14892560,18.194293975830078
14895696,289.8702087402344
14905728,271.49761962890625
14915136,268.37109375
14933136,291.60760498046875
14936176,309.8108215332031
14938624,251.57745361328125
14945344,246.99940490722656
14945968,281.9301452636719
14948896,261.5688781738281
14958752,289.40496826171875
14967616,291.2648010253906
14967632,274.83935546875
14969088,297.4195251464844
14973328,281.6675109863281
14988720,264.3260192871094
14991312,301.7180480957031
14993664,308.52001953125
14993888,271.8643493652344
15016624,285.86688232421875
15018160,277.0369567871094
15021184,250.63514709472656
15023904,282.1709899902344
15079024,262.27545166015625
15095168,249.65272521972656
15107120,263.56231689453125
15111472,294.2474060058594
15124928,264.9456787109375
15124976,271.67449951171875
15133008,274.0849914550781
15135936,310.796630859375
15139776,210.67315673828125
15149248,252.2469482421875
15156352,284.4466552734375
15164944,248.5450439453125
15183792,282.19891357421875
15192928,242.9279022216797
15197984,292.48406982421875
15220992,271.4249572753906
15237296,271.04852294921875
15251248,305.8393249511719
15263760,252.1578369140625
15270304,231.39881896972656
15275584,239.84890747070312
15284176,245.31298828125
15287712,240.9944305419922
15290960,255.22366333007812
15303744,286.5204772949219
15307280,268.2939453125
15321472,233.6603546142578
15321584,268.7667541503906
15327824,228.2108917236328
15330080,293.7494201660156
15343248,280.3484802246094
15347952,285.2864685058594
15350160,288.9275817871094
15360016,253.91677856445312
15366288,265.7461242675781
15377104,283.1985168457031
15387712,287.99505615234375
15391376,292.49700927734375
15394624,277.267822265625
15401520,227.72254943847656
15401920,234.3914031982422
15417856,278.17718505859375
15441968,268.6877746582031
15482736,270.6890563964844
15483168,254.7425079345703
15502144,288.71710205078125
15511008,14.672725677490234
15532672,255.76365661621094
15538544,264.5171813964844
15571152,248.54324340820312
15571584,282.2682800292969
15588112,226.16778564453125
15589456,241.74705505371094
15601568,256.5269470214844
15643600,271.1467590332031
15644384,292.3904724121094
15650544,264.4599609375
15662368,278.0754089355469
15671344,253.675537109375
15680432,217.12258911132812
15692432,246.49632263183594
15695968,267.26751708984375
15706816,280.5743408203125
15707920,251.2592315673828
15719616,290.4331359863281
15721248,301.87579345703125
15727216,293.2591247558594
15735248,239.74749755859375
15752032,267.8459777832031
15757408,223.2978973388672
15761824,305.192138671875
15823840,294.79254150390625
15827968,278.3717346191406
15832608,266.5155334472656
15847696,226.85598754882812
15866272,246.2878875732422
15876336,302.0994873046875
15878704,272.2743225097656
15885408,290.0691833496094
15891584,282.2433166503906
15899168,275.4285583496094
15902720,271.9051208496094
15911888,269.70184326171875
15918320,285.3072509765625
15928464,298.5680847167969
15934944,249.3974609375
15950336,279.8075256347656
15959248,288.87451171875
15976832,312.0535583496094
15978208,311.2554626464844
15994896,289.0640563964844
16019232,260.91253662109375
16029856,263.7357482910156
16034864,224.14979553222656
16040240,276.26251220703125
16047488,260.2637023925781
16058816,254.73611450195312
16062224,265.1670227050781
16081744,254.32147216796875
16086880,248.23851013183594
16088000,304.31121826171875
16091648,277.9980163574219
16093712,79.38623809814453
16103072,270.59619140625
16122656,251.7232666015625
16128496,235.82656860351562
16135712,248.90541076660156
16141680,287.62164306640625
16152464,268.57611083984375
16164208,270.5611572265625
16173152,288.429443359375
16178240,204.58912658691406
16178240,17.33019256591797
16186064,276.5592346191406
16202608,232.45970153808594
16207504,247.3866424560547
16239568,248.02415466308594
16253744,241.36810302734375
16255520,241.2636260986328
16274608,258.83416748046875
16278816,260.79754638671875
16279120,255.1820831298828
16286336,278.85931396484375
16292000,278.00823974609375
16296544,268.20001220703125
16299664,227.7694854736328
16308416,260.0451354980469
16324944,288.54132080078125
16329696,241.0218963623047
16347984,220.3421630859375
16351376,265.5224304199219
16363552,291.802978515625
16377280,247.53379821777344
16390816,234.53271484375
16395824,14.781645774841309
16400032,264.9413757324219
16401904,222.79611206054688
16423392,229.42245483398438
16431392,256.83489990234375
16444112,223.36387634277344
16475728,251.12890625
16485136,247.71078491210938
16486864,241.4038543701172
16496848,222.9820098876953
16511184,280.13201904296875
16517568,270.7608337402344
16522464,262.35968017578125
16530928,229.50796508789062
16533872,278.02752685546875
16569760,296.2523498535156
16578160,246.15008544921875
16603072,291.2001647949219
16613968,268.3303527832031
16615472,298.6900939941406
16616064,247.87664794921875
16629008,273.57989501953125
16630112,278.55780029296875
16633760,253.42222595214844
16650592,245.8978271484375
16665024,257.3678894042969
16667664,251.0961456298828
16678240,272.8849792480469
16744208,272.3545837402344
16762016,241.1985321044922
16769264,298.79644775390625
16779760,275.8504333496094
16780832,296.1778869628906
16785616,291.483642578125
16792464,68.82388305664062
16811184,269.1734619140625
16818768,261.0127868652344
16824256,249.3511199951172
16826272,277.0235595703125
16829952,231.3909454345703
16830400,279.10919189453125
16846544,213.34640502929688
16873360,255.5167694091797
16887200,283.0412292480469
16895536,275.68994140625
16899104,288.6940612792969
16906896,222.50257873535156
16908560,296.6047668457031
16909472,37.748233795166016
16911552,11.133392333984375
16922288,282.71771240234375
16934336,31.366851806640625
16934608,280.2358703613281
16939360,281.3324279785156
16954704,259.7212219238281
16959136,271.2213439941406
16959504,260.9890441894531
16962528,294.6290283203125
16962896,276.0811767578125
16965696,50.76933670043945
16969472,282.87408447265625
16977648,287.4828796386719
16993008,266.216552734375
17001264,245.13348388671875
17012224,252.9576873779297
17014416,275.64837646484375
17041104,268.8320007324219
17054800,271.2823791503906
17082160,306.7337646484375
17093488,256.0357971191406
17098144,303.25634765625
17102688,260.3245544433594
17106272,252.77734375
17107376,251.1481475830078
17114160,251.40740966796875
17115888,271.06988525390625
17126592,280.426025390625
17135024,253.57850646972656
17138848,258.6920166015625
17159472,294.63116455078125
17205104,261.609130859375
17212880,258.61395263671875
17215088,275.30303955078125
17229424,292.282958984375
17242576,302.143798828125
17248224,291.259521484375
17265632,275.0449523925781
17270416,279.6109924316406
17285760,301.8306579589844
17302944,237.33023071289062
17320560,238.05789184570312
17332128,60.06561279296875
17342512,299.8569030761719
17376528,253.52947998046875
17393376,277.5263977050781
17394816,245.4755401611328
17399904,280.36724853515625
17418160,214.1822052001953
17438992,286.7090148925781
17443520,274.46441650390625
17450592,284.6831970214844
17455152,277.2373352050781
17471072,282.7406005859375
17495264,256.9383239746094
17498624,268.6944580078125
17509584,265.2610778808594
17520176,302.6178283691406
17526352,243.0076141357422
17532672,274.1813659667969
17578416,234.38705444335938
17591584,260.41357421875
17595360,274.54241943359375
17597632,257.2297058105469
17600544,257.65570068359375
17608560,258.6372375488281
17609488,208.61314392089844
17623296,269.36749267578125
17626640,239.33331298828125
17626928,303.885986328125
17633344,278.9517822265625
17635296,269.6317138671875
17651552,249.38424682617188
17663776,288.6843566894531
17682896,252.33853149414062
17728240,255.3765411376953
17730880,246.54144287109375
17732544,283.606689453125
17740320,281.21405029296875
17740464,293.8385009765625
17763232,295.3298645019531
17766912,260.427978515625
17768768,299.958251953125
17781168,298.05804443359375
17788464,249.5962371826172
17789360,278.2898254394531
17794640,264.2904357910156
17802768,237.91522216796875
17828896,253.40338134765625
17845344,284.616943359375
17849280,276.8246154785156
17858192,275.9744873046875
17860752,248.4290313720703
17877648,256.17926025390625
17879664,253.20103454589844
17891360,309.5419616699219
17896080,254.2637481689453
17901088,283.4696044921875
17917776,228.37118530273438
17923504,239.63931274414062
17930288,317.0857238769531
17937312,221.35986328125
17942624,274.1441345214844
17954352,283.7693176269531
17963408,263.747802734375
17970240,276.8837890625
17970416,245.1395263671875
17971360,273.380859375
17984128,264.4406433105469
18010656,294.4256591796875
18019920,260.51202392578125
18029088,79.86028289794922
18057344,297.3819885253906
18060288,251.25750732421875
18062048,242.52647399902344
18079616,262.26171875
18080240,-22.520389556884766
18084752,238.49514770507812
18091088,264.9410400390625
18100608,236.79676818847656
18103744,250.48739624023438
18112640,256.9832458496094
18122672,211.9180450439453
18143456,261.7547607421875
18147504,252.25137329101562
18154400,241.39578247070312
18166304,275.8968200683594
18180816,253.11170959472656
18191312,280.1321716308594
18193984,229.24095153808594
18199984,245.3683319091797
18235792,281.5474853515625
18256272,243.21827697753906
18263088,244.0695037841797
18275408,264.08721923828125
18279200,263.9423522949219
18298672,274.78662109375
18306720,282.3652038574219
18308928,267.4996643066406
18308976,263.099365234375
18316512,252.03924560546875
18317856,265.1654357910156
18358656,287.496337890625
18360880,226.8111572265625
18382208,243.61207580566406
18388544,253.68252563476562
18392816,42.26108169555664
18406112,234.95376586914062
18415328,280.2059631347656
18415344,60.69724655151367
18431840,300.2335205078125
18437408,280.3163757324219
18445472,256.2455749511719
18445584,281.0048522949219
18447632,267.17529296875
18448736,277.3527526855469
18450736,232.29818725585938
18451680,277.48876953125
18457520,294.54071044921875
18471184,283.6173095703125
18472816,291.7525939941406
18488272,286.9249572753906
18488352,291.40924072265625
18494272,249.48085021972656
18498368,284.0244445800781
18498752,291.655517578125
18513216,269.7027282714844
18525232,210.59173583984375
18542512,259.62506103515625
18581184,277.34613037109375
18582112,307.94219970703125
18593776,250.68966674804688
18600560,223.65628051757812
18603760,243.5839385986328
18610720,284.4107666015625
18627408,264.0218811035156
18634016,253.11569213867188
18635744,288.1261291503906
18643312,276.94818115234375
18651232,267.0443115234375
18652544,259.1655578613281
18658064,276.6553955078125
18663200,263.42718505859375
18707904,296.7919006347656
18719072,255.68826293945312
18732384,241.39073181152344
18759728,276.42523193359375
18773744,297.0704040527344
18819744,251.7434539794922
18822448,292.7890625
18888384,230.6815643310547
18892336,228.33187866210938
18893824,39.33256149291992
18895232,266.971435546875
18904448,238.00430297851562
18904960,246.4591064453125
18912096,267.4452209472656
18916160,292.03631591796875
18917824,265.5653381347656
18918688,86.48027038574219
18936048,241.42071533203125
18938864,236.01431274414062
18994096,246.20608520507812
19009472,263.04913330078125
19020704,238.49432373046875
19020832,276.4305114746094
19022848,243.35073852539062
19034832,263.9009704589844
19035488,285.9007568359375
19038384,277.3222961425781
19047024,232.46649169921875
19066320,247.25315856933594
19088432,259.4461669921875
19131104,290.20379638671875
19135840,235.96189880371094
19142992,208.16677856445312
19145312,289.02691650390625
19200528,282.17669677734375
19214160,256.9470520019531
19224304,259.4018249511719
19230960,290.021728515625
19241264,254.59803771972656
19257024,261.99920654296875
19260032,265.88470458984375
19268720,244.04110717773438
19276624,256.1668395996094
19277936,253.27716064453125
19280608,271.0035705566406
19292624,272.4927673339844
19294144,277.05963134765625
19301552,255.16368103027344
19332384,262.1190185546875
19334160,30.020177841186523
19337312,272.6097717285156
19338416,280.9807434082031
19347648,245.19989013671875
19349888,235.5329132080078
19352272,241.72250366210938
19364464,285.36572265625
19376896,287.46063232421875
19379360,254.95535278320312
19383952,263.98486328125
19386448,268.4696044921875
19398048,294.8621520996094
19399040,271.349365234375
19405440,304.4241027832031
19419136,249.38685607910156
19420496,233.2877960205078
19437792,261.1036376953125
19442512,246.5663299560547
19449744,280.9147033691406
19466368,250.81304931640625
19469920,294.5018005371094
19481232,321.4277648925781
19485968,289.2437438964844
19488208,311.4262390136719
19495712,228.16262817382812
19515072,305.8288269042969
19533920,253.62716674804688
19543760,270.5232238769531
19546880,263.34222412109375
19565072,257.2290954589844
19573280,286.3460693359375
19593760,283.0855712890625
19617264,263.6330261230469
19619760,240.7388916015625
19630672,251.43911743164062
19640384,239.3571014404297
19645760,277.5368347167969
19650144,261.9823303222656
19670880,260.13690185546875
19680448,291.2645568847656
19696976,236.20220947265625
19707088,229.87535095214844
19720720,269.790283203125
19722384,245.0447540283203
19731824,222.3585205078125
19732272,249.44561767578125
19737872,246.6933135986328
19757264,259.14459228515625
19762800,39.20320129394531
19767760,231.9599609375
19771664,263.59527587890625
19780800,267.7924499511719
19805344,253.31275939941406
19806000,274.3321838378906
19806704,262.32049560546875
19807264,278.3830871582031
19815856,272.4001159667969
19821360,287.742919921875
19840176,282.2690734863281
19845040,222.28822326660156
19855120,288.2668151855469
19866048,256.13140869140625
19867808,241.7150115966797
19887792,307.9757080078125
19892144,237.657470703125
19913872,249.90203857421875
19925232,258.9477233886719
19927840,224.06202697753906
19930032,252.3136444091797
19937408,280.762451171875
19941392,259.8798828125
19943664,267.0975646972656
19944992,270.3041076660156
19964544,228.3601531982422
19986752,253.28330993652344
19986848,19.7044734954834
19989216,294.8768310546875
20003424,258.56390380859375
20013792,286.7586975097656
20025568,234.28488159179688
20034832,311.1047058105469
20065568,246.1980438232422
20069360,282.8404846191406
20090224,279.47747802734375
20111824,277.1499938964844
20120352,253.34515380859375
20130352,277.0986022949219
20146368,277.43817138671875
20167184,228.9680633544922
20167488,269.7609558105469
20170624,254.13194274902344
20179040,251.45382690429688
20192448,274.156494140625
20201648,256.6376953125
20211056,237.00694274902344
20221360,267.34332275390625
20230576,252.35508728027344
20233376,19.415327072143555
20236208,231.31605529785156
20247632,275.4621276855469
20265216,12.664653778076172
20277280,245.5044403076172
20283232,286.8359375
20284320,252.0044708251953
20290784,293.6432189941406
20296832,241.64183044433594
20299056,280.9230041503906
20302112,272.02960205078125
20321248,288.19805908203125
20324096,304.4177551269531
20379568,233.660888671875
20401488,283.60870361328125
20421920,265.97271728515625
20431712,256.16082763671875
20439712,266.6298522949219
20452864,265.7233581542969
20464480,291.10205078125
20464976,248.3764190673828
20469328,271.4893798828125
20493248,229.2665557861328
20499264,243.8787384033203
20519504,253.38587951660156
20523168,274.1939392089844
20528896,293.7262878417969
20541200,267.73675537109375
20564176,247.72630310058594
20580192,240.0247039794922
20583504,243.73008728027344
20599952,290.553955078125
20601136,226.54510498046875
20610064,283.01690673828125
20632592,242.05650329589844
20649072,240.72482299804688
20660336,274.58795166015625
20661744,253.6045684814453
20661792,261.5657958984375
20662224,257.5553894042969
20663872,271.0789489746094
20670160,283.3570861816406
20678768,259.5676574707031
20679648,271.79205322265625
20697872,269.1365966796875
20699152,296.57666015625
20702016,237.02874755859375
20704608,212.61607360839844
20705616,266.2940368652344
20714256,270.22943115234375
20719856,259.24761962890625
20763552,285.14501953125
20763984,235.93710327148438
20770080,259.34149169921875
20777040,247.61373901367188
20787392,277.0088195800781
20792992,194.2860565185547
20806768,283.34393310546875
20807936,285.8151550292969
20808208,279.515380859375
20810608,283.1161804199219
20837584,290.2446594238281
20837632,288.0762634277344
20838064,268.1963806152344
20843136,253.85496520996094
20843248,235.2255859375
20851600,288.7361755371094
20865984,257.7072448730469
20872000,263.0427551269531
20881728,281.78631591796875
20887040,249.0826416015625
20888064,263.5543212890625
20894864,276.8746032714844
20917408,258.8135986328125
20926000,261.9805603027344
20951696,254.8950653076172
20974736,254.31007385253906
20981856,290.1790466308594
20998944,236.62831115722656
21015568,72.12528991699219
21018112,264.37481689453125
21022688,270.0577697753906
21023696,276.63861083984375
21033312,265.5622253417969
21042112,290.81787109375
21046640,248.35479736328125
21058896,250.7574462890625
21070160,234.48243713378906
21086032,267.8883056640625
21087424,17.084150314331055
21090704,225.52745056152344
21092112,241.19346618652344
21103888,288.0505676269531
21104768,238.0605926513672
21106016,278.56982421875
21113968,54.04426574707031
21120896,266.7352600097656
21122832,259.1549377441406
21122976,287.0329895019531
21131600,289.7485046386719
21137440,283.1202392578125
21141360,255.1679229736328
21148816,289.7488098144531
21150128,249.184814453125
21156960,253.1129608154297
21165296,288.8602600097656
21181856,208.36863708496094
21183920,250.5152130126953
21198432,268.4562072753906
21211104,286.14703369140625
21221568,269.62451171875
21221760,280.2108459472656
21222560,256.95208740234375
21223440,239.23655700683594
21225728,272.1666259765625
21255216,236.46981811523438
21256608,242.76219177246094
21259392,242.0943145751953
21269232,254.07861328125
21282272,281.7457275390625
21286448,273.6627197265625
21288080,265.8987731933594
21292384,247.33465576171875
21293840,210.49839782714844
21318400,254.97181701660156
21344144,255.3773956298828
21353104,255.977294921875
21368112,243.3258514404297
21377424,273.12347412109375
21397904,285.4607849121094
21400160,287.6108093261719
21422848,290.4062194824219
21437744,283.8995666503906
21441776,244.4117889404297
21460336,248.7760772705078
21461760,273.20245361328125
21465424,258.034423828125
21465552,266.3045654296875
21481168,279.3408203125
21484064,285.364990234375
21484736,252.67857360839844
21491136,268.65570068359375
21494448,240.11996459960938
21518640,267.35113525390625
21528592,285.2876892089844
21537248,271.3345947265625
21540176,259.96826171875
21550976,251.85101318359375
21558288,254.2335662841797
21568496,256.97125244140625
21572704,18.476341247558594
21586240,260.14373779296875
21637936,247.9327850341797
21638064,269.2304382324219
21639776,272.4051513671875
21651040,279.2855224609375
21653936,255.79347229003906
21657520,268.2440185546875
21658784,254.84837341308594
21669248,89.85930633544922
21697632,251.7965850830078
21715376,265.16949462890625
21733024,268.65643310546875
21766656,245.73536682128906
21790064,281.0422058105469
21810496,280.629150390625
21812272,243.66290283203125
21817984,226.88084411621094
21843536,270.2888488769531
21860000,275.31103515625
21861184,251.16506958007812
21865088,254.87411499023438
21869584,250.7696075439453
21885248,240.91497802734375
21891200,263.0517272949219
21896608,259.0582275390625
21922320,262.45709228515625
21946256,248.7339324951172
21950992,236.17250061035156
21963808,254.2178497314453
21973600,259.2952575683594
21978848,270.70306396484375
21999824,293.2637634277344
22013392,269.93548583984375
22032688,276.70166015625
22044128,231.09524536132812
22049904,294.2467956542969
22056352,255.53155517578125
22076720,268.49029541015625
22078832,262.23797607421875
22080720,242.3706817626953
22085776,243.25799560546875
22087120,239.8289794921875
22090688,292.9709777832031
22092304,237.22181701660156
22100448,239.47689819335938
22104256,234.6765899658203
22121424,241.87197875976562
22127520,242.29302978515625
22137264,265.0780944824219
22157040,264.5157165527344
22198624,256.4971008300781
22213008,20.81783103942871
22219136,271.5126953125
22239120,260.4658203125
22252080,240.49436950683594
22258800,244.1697998046875
22306208,217.04725646972656
22324400,252.6466827392578
22344512,247.91867065429688
22347952,236.440185546875
22355776,213.9307403564453
22356816,257.0010681152344
22363888,260.6390075683594
22375120,228.86439514160156
22390976,244.3204803466797
22393536,239.5246124267578
22401040,241.9195098876953
22419280,29.96262550354004
22420032,10.214159965515137
22450720,268.7301940917969
22469664,223.8211212158203
22472080,224.117431640625
22487888,239.59718322753906
22489280,285.0752868652344
22507536,245.73519897460938
22508976,62.02690887451172
22517472,271.8333740234375
22533632,214.97015380859375
22541472,287.34429931640625
22553184,261.45068359375
22567488,256.3883361816406
22568592,260.6236877441406
22577232,259.7548828125
22592688,261.0755920410156
22614096,241.99488830566406
22631520,278.20574951171875
22636928,26.12299919128418
22644208,284.15338134765625
22652912,277.8150329589844
22653904,292.8487243652344
22655280,229.2964630126953
22660144,296.06787109375
22672976,237.7963409423828
22682848,265.31353759765625
22715632,259.25360107421875
22720960,308.2901611328125
22794688,271.4021301269531
22817056,255.17941284179688
22834864,232.08053588867188
22866144,287.0452575683594
22870736,232.71397399902344
22881792,274.03387451171875
22888544,232.24391174316406
22897952,271.087890625
22930912,298.29913330078125
22938256,268.15765380859375
22941216,251.68861389160156
22951072,251.82049560546875
22959824,244.25875854492188
22972112,248.85549926757812
22992592,266.651611328125
23032800,249.98712158203125
23041520,274.6592102050781
23041648,273.67626953125
23057968,252.87913513183594
23077856,220.16600036621094
23097984,271.8173522949219
23101344,213.83570861816406
23104336,268.3861389160156
23111616,279.8860168457031
23113568,226.36602783203125
23119280,258.67059326171875
23156704,306.73419189453125
23177424,281.0244140625
23202416,246.20574951171875
23209104,263.0787353515625
23215152,248.52078247070312
23217136,271.68719482421875
23230832,272.3497009277344
23233824,280.3442077636719
23234096,234.24070739746094
23250672,239.96035766601562
23252480,241.72154235839844
23253328,253.1880340576172
23264864,268.8982238769531
23273520,224.77481079101562
23285344,211.22930908203125
23287088,289.2734375
23299424,292.2046813964844
23310944,234.36183166503906
23311760,224.10655212402344
23326336,275.8162536621094
23331904,278.14886474609375
23372416,235.7805633544922
23378976,289.0649108886719
23380288,253.02056884765625
23391216,275.2270812988281
23392336,257.445068359375
23392976,253.6755828857422
23402976,50.728511810302734
23413040,273.2044982910156
23415872,281.76666259765625
23418960,214.33221435546875
23426336,254.0221405029297
23431952,271.09759521484375
23432000,279.2005310058594
23434496,238.26121520996094
23436816,283.4234619140625
23447888,268.807861328125
23451936,268.31927490234375
23460880,287.1601867675781
23468096,244.7529296875
23468224,277.6763610839844
23498400,257.3764343261719
23502848,240.2987823486328
23508448,266.8412780761719
23538640,305.7519226074219
23554080,225.6637725830078
23562640,256.83642578125
23577024,267.3890075683594
23588400,40.09202575683594
23589584,253.4052734375
23618864,258.823486328125
23622720,275.21185302734375
23627776,221.9046630859375
23630160,290.2341613769531
23632784,273.1929931640625
23637968,275.4897766113281
23647872,279.8431396484375
23676960,261.0182189941406
23677664,284.0054016113281
23700544,299.016845703125
23732272,245.65719604492188
23747808,259.1151428222656
23770432,223.63475036621094
23773968,267.48175048828125
23779504,294.1610412597656
23789744,247.0265350341797
23818880,237.47637939453125
23834688,277.5090637207031
23887312,262.22467041015625
23903280,256.3439636230469
23905392,47.820987701416016
23920864,285.46185302734375
23926448,277.6159973144531
23936096,270.3428649902344
23985584,80.93976593017578
23997248,242.64642333984375
24004544,273.7812805175781
24009776,282.15228271484375
24017424,251.54542541503906
24039776,257.5626220703125
24041312,312.244873046875
24058416,64.21228790283203
24061664,238.9051971435547
24095296,284.4066467285156
24104592,266.542724609375
24114368,282.6930236816406
24119456,261.6908874511719
24119648,234.48995971679688
24162512,262.40374755859375
24203856,40.54811096191406
24207136,274.6983947753906
24222176,254.74118041992188
24224560,241.9453125
24225136,18.459400177001953
24235152,230.5082244873047
24238000,254.4613037109375
24246352,279.0343933105469
24272000,219.23983764648438
24273296,272.8896484375
24274208,268.8643493652344
24279056,281.8578186035156
24300896,257.126220703125
24302912,231.91012573242188
24303040,235.28720092773438
24308320,251.92596435546875
24311056,271.23931884765625
24319744,275.99957275390625
24336096,243.95089721679688
24341392,313.4410705566406
24343712,290.31683349609375
24363392,274.3205261230469
24399936,272.6409606933594
24401232,263.1706848144531
24446032,275.7579345703125
24448480,264.2327575683594
24458880,257.4247131347656
24463360,274.0428466796875
24465904,268.051513671875
24491280,234.10411071777344
24505648,272.280517578125
24521552,229.91793823242188
24525008,239.58428955078125
24525552,228.1538543701172
24531888,247.5951690673828
24539376,275.0035400390625
24550528,259.9815979003906
24552992,251.56692504882812
24556752,286.2297668457031
24598672,235.62860107421875
24610160,268.14013671875
24610416,243.87078857421875
24610608,251.0753173828125
24618064,249.26373291015625
24631520,248.3907470703125
24642592,272.0799865722656
24648272,243.58035278320312
24662656,240.25057983398438
24675968,280.78448486328125
24677664,237.33973693847656
24694736,288.7254638671875
24707360,35.01066589355469
24727968,240.36001586914062
24729616,236.414306640625
24736080,287.11273193359375
24737056,255.71775817871094
24742512,277.0098876953125
24745168,275.95037841796875
24750480,282.114990234375
24763232,265.7474670410156
24782800,261.7195739746094
24785392,254.230712890625
24791760,237.5388946533203
24797472,255.54623413085938
24813872,273.279541015625
24854096,248.8111114501953
24861904,255.0865478515625
24863696,269.41204833984375
24877344,230.4208984375
24879760,312.3194580078125
24889024,270.43902587890625
24914112,253.86253356933594
24922272,216.917236328125
24928256,232.08958435058594
24928288,252.939208984375
24928368,226.2659912109375
24929104,282.27337646484375
24929232,257.6565246582031
24944624,241.89224243164062
24952208,250.3314666748047
24958448,253.1117401123047
24960048,291.05828857421875
24960208,269.63702392578125
24967872,287.986083984375
24968720,215.00767517089844
24973776,270.0787353515625
24981744,254.00474548339844
24984800,256.533203125
25000576,293.6958312988281
25005632,188.504638671875
25035568,216.9707794189453
25054832,256.55999755859375
25071408,292.8015441894531
25077664,270.8222961425781
25104368,283.3056945800781
25105776,236.166259765625
25108800,302.2629089355469
25112240,280.05694580078125
25113248,246.1529998779297
25116464,294.7183532714844
25125440,235.34970092773438
25151184,286.94390869140625
25162096,267.0917663574219
25162784,272.3810729980469
25177920,250.61964416503906
25178016,236.99234008789062
25181280,286.4986267089844
25189568,252.97048950195312
25201312,240.87669372558594
25209024,260.96026611328125
25213712,267.2047119140625
25236816,277.35260009765625
25260384,250.34542846679688
25275232,274.97650146484375
25276208,265.5807189941406
25288080,289.06640625
25290944,284.2606201171875
25305216,223.8854522705078
25309808,291.54156494140625
25311024,268.87030029296875
25313680,280.2235412597656
25321664,280.12445068359375
25322064,303.3888244628906
25334096,262.40960693359375
25344256,259.9817199707031
25363808,227.5791778564453
25382976,248.82846069335938
25395136,278.2028503417969
25443024,229.68280029296875
25461728,268.832763671875
25468144,260.07952880859375
25494832,272.5447998046875
25504576,290.4757080078125
25517376,272.0816345214844
25517872,251.09596252441406
25529520,252.6601104736328
25531312,281.55682373046875
25535824,278.2944030761719
25546640,251.0067901611328
25551536,256.43426513671875
25559168,287.26666259765625
25564528,256.8589782714844
25577952,58.47256088256836
25588896,252.7545928955078
25601952,280.4888610839844
25606512,255.31788635253906
25613472,282.8450622558594
25618048,244.57948303222656
25633504,292.6907958984375
25662384,18.741418838500977
25674176,264.9718933105469
25675216,277.87725830078125
25677840,275.364013671875
25680560,283.8590393066406
25687024,299.0614013671875
25733296,258.5095520019531
25749872,260.2019958496094
25764864,248.1461944580078
25768000,258.5409240722656
25791280,264.82989501953125
25792560,228.47137451171875
25797232,226.55421447753906
25808208,229.544677734375
25842720,262.2252502441406
25875072,252.89837646484375
25879072,269.1728515625
25881104,242.10922241210938
25901168,264.55523681640625
25912560,280.7413330078125
25922768,230.04611206054688
25948288,246.8690948486328
25966224,278.1147155761719
25975616,266.1404724121094
25991744,263.7200622558594
26032912,273.9881286621094
26047760,244.9727783203125
26071056,278.5584411621094
26074672,263.2162170410156
26083792,260.16314697265625
26126160,257.72332763671875
26146432,235.73277282714844
26152096,269.5960388183594
26171760,271.1292419433594
26199728,276.52508544921875
26201632,247.28564453125
26206000,244.52810668945312
26241856,298.4544372558594
26241904,256.4349060058594
26248432,258.30224609375
26272272,248.60630798339844
26274256,264.4176940917969
26287488,252.712646484375
26301600,261.8554992675781
26305552,242.8119354248047
26317360,284.80810546875
26320496,269.64813232421875
26322320,234.53135681152344
26327632,240.18905639648438
26331872,217.45948791503906
26334016,254.08639526367188
26334960,268.4631042480469
26341568,230.18826293945312
26357392,245.3947296142578
26361712,238.2300262451172
26367984,271.8017883300781
26369792,281.8513488769531
26396528,252.83975219726562
26414688,229.65882873535156
26420704,281.5224914550781
26421552,257.8133239746094
26422544,56.03878402709961
26424960,259.9831237792969
26451904,238.42977905273438
26456000,216.9346160888672
26462848,250.5868682861328
26469136,277.2073669433594
26477648,250.84132385253906
26493424,253.92628479003906
26493872,280.39862060546875
26496352,267.70233154296875
26500720,254.29275512695312
26516080,225.61032104492188
26518992,272.15167236328125
26543888,-104.7352066040039
26569760,281.3138427734375
26572608,259.4867248535156
26584464,238.24977111816406
26611120,269.2982177734375
26616832,217.79681396484375
26623728,261.5130310058594
26626688,300.1661682128906
26630176,262.2303466796875
26652864,215.9578399658203
26657808,265.0973815917969
26661392,272.37060546875
26665696,276.3884582519531
26666432,277.7519226074219
26679328,247.5908966064453
26684000,246.02296447753906
26706592,234.92308044433594
26708768,262.267578125
26739024,290.09222412109375
26752576,303.4790954589844
26756096,222.52130126953125
26771168,273.11492919921875
26780992,20.2396183013916
26788432,248.86041259765625
26805776,272.30303955078125
26827776,246.02125549316406
26832096,242.6137237548828
26834144,237.41412353515625
26838768,253.514404296875
26841776,246.3707733154297
26842048,262.24810791015625
26843024,232.8852081298828
26869744,264.68292236328125
26874224,271.1622619628906
26890752,262.7915954589844
26925728,265.9765930175781
26930528,261.92291259765625
26931296,239.7100372314453
26939120,247.29428100585938
26940160,259.3165283203125
26985552,279.9612731933594
26992240,252.99656677246094
27013424,31.68744659423828
27028272,265.7181701660156
27039920,219.4843292236328
27048848,254.5861358642578
27066256,258.7587890625
27082784,253.7352294921875
27111440,263.110107421875
27112480,276.7826232910156
27118016,17.082292556762695
27122512,235.637939453125
27127536,230.81878662109375
27135040,234.01304626464844
27144000,264.8892517089844
27147344,246.26258850097656
27187888,282.65472412109375
27198864,245.4664764404297
27201840,275.6307678222656
27216384,251.89332580566406
27225312,290.59027099609375
27233008,259.5790710449219
27246224,282.5920715332031
27247072,256.029296875
27247760,277.4357604980469
27255568,259.2635803222656
27277200,252.29151916503906
27278944,239.4928436279297
27291824,244.74339294433594
27299472,230.8600311279297
27300224,272.294189453125
27300320,265.7030029296875
27309280,275.0865173339844
27313792,261.53973388671875
27314912,238.94468688964844
27346944,59.93475341796875
27357344,254.9038543701172
27366336,263.6693115234375
27366400,286.1932067871094
27378928,276.6380920410156
27380544,242.01589965820312
27391296,221.56130981445312
27394000,275.98992919921875
27420944,267.43231201171875
27435024,288.02130126953125
27435040,252.81512451171875
27436576,294.1217041015625
27453168,276.5661926269531
27463152,290.0618896484375
27491184,291.0904541015625
27492896,266.8186950683594
27496912,264.2231140136719
27527280,41.444915771484375
27536464,293.3125
27566320,247.39451599121094
27568128,247.1974334716797
27571744,286.09381103515625
27585968,261.4053039550781
27592784,236.6392822265625
27631536,282.852294921875
27648112,294.2794494628906
27651344,246.93399047851562
27672576,278.7750244140625
27698800,282.402099609375
27705584,285.5782775878906
27720848,232.5542449951172
27744064,283.90533447265625
27744912,259.8186340332031
27764768,253.6125946044922
27777696,267.56787109375
27791760,267.053955078125
27798816,275.85546875
27802496,293.0938720703125
27822032,237.41600036621094
27822048,284.8897399902344
27832512,297.18353271484375
27848144,267.9054870605469
27855408,275.87493896484375
27889232,255.63882446289062
27897664,270.1050720214844
27921696,19.533008575439453
27928352,284.22979736328125
27935088,266.41339111328125
27944592,231.71238708496094
27949040,248.1885528564453
27959008,309.2345275878906
27980656,270.2695007324219
28025392,246.07366943359375
28043344,248.65280151367188
28049616,252.2451171875
28057280,300.0396423339844
28062496,249.33766174316406
28076240,239.61972045898438
28077360,231.30862426757812
28078128,276.74725341796875
28091280,293.4007873535156
28107696,279.5950927734375
28114528,312.1111145019531
28149840,253.99200439453125
28150256,261.0520324707031
28150816,250.56076049804688
28157744,246.5190887451172
28169536,270.47393798828125
28178672,294.9709777832031
28194288,48.195072174072266
28194864,269.17413330078125
28223376,284.2455139160156
28225168,51.303565979003906
28233824,305.0035705566406
28234368,279.3175354003906
28253200,249.01808166503906
28255584,281.0856018066406
28260368,262.7537841796875
28274208,247.47323608398438
28304080,289.7351379394531
28304096,253.99566650390625
28305328,239.16275024414062
28307680,298.98077392578125
28330160,262.9676513671875
28331024,269.7474670410156
28371552,249.29397583007812
28381520,222.95877075195312
28389392,261.7381591796875
28393248,238.88375854492188
28408896,22.03223991394043
28412496,254.22317504882812
28423312,250.02122497558594
28451280,232.24708557128906
28520432,269.7877197265625
28523456,301.4322204589844
28531344,263.0719909667969
28548656,254.7183380126953
28554032,272.5109558105469
28555456,267.73370361328125
28576768,250.16798400878906
28579904,235.64016723632812
28603920,230.13526916503906
28628480,55.98923873901367
28633136,262.1069641113281
28657920,240.87399291992188
28688976,267.4551086425781
28691344,258.12908935546875
28693216,270.8061218261719
28704960,267.8478698730469
28705008,290.4134521484375
28735312,246.814453125
28740368,263.2425231933594
28744224,259.0318298339844
28745424,286.3638610839844
28745440,259.44866943359375
28753936,260.437744140625
28771360,250.57577514648438
28781504,258.1070861816406
28789072,241.9847412109375
28800304,280.00250244140625
28828720,254.4094696044922
28833104,257.32562255859375
28836592,243.2153778076172
28859232,247.8097686767578
28892336,234.7042694091797
28903952,227.37339782714844
28920048,280.86181640625
28921024,302.787353515625
28921824,278.2999267578125
28954240,256.5033264160156
28970912,217.42359924316406
28974176,266.5116271972656
28986448,275.055419921875
29002128,286.436767578125
29026608,234.05233764648438
29053872,249.97850036621094
29054496,246.50836181640625
29076400,305.9938049316406
29078560,307.1537170410156
29085360,239.5648956298828
29086304,249.09390258789062
29087936,268.78704833984375
29108224,241.62957763671875
29111696,33.86899185180664
29114272,267.1214294433594
29119600,233.5406036376953
29150624,243.0217742919922
29166656,244.78302001953125
29171344,231.81051635742188
29177392,273.03271484375
29181504,220.95587158203125
29195120,235.6710968017578
29205104,278.0353698730469
29210608,254.289794921875
29216624,304.7251281738281
29227872,266.86566162109375
29228624,232.2189178466797
29231856,36.238731384277344
29239168,267.119873046875
29239744,291.4430847167969
29253776,236.13214111328125
29262384,272.4214782714844
29302432,260.294677734375
29308976,104.73114013671875
29309536,266.2893371582031
29323200,259.7745666503906
29325456,267.60223388671875
29371344,263.1224060058594
29377136,276.49029541015625
29395440,230.41761779785156
29403648,261.19293212890625
29417088,282.8640441894531
29418656,299.5358581542969
29430576,240.9670867919922
29431616,295.17437744140625
29455264,229.0299530029297
29461520,255.08999633789062
29471744,277.0301208496094
29481280,226.4322509765625
29499968,269.622802734375
29500576,252.47789001464844
29505008,256.65106201171875
29520880,255.6882781982422
29524832,251.55361938476562
29538288,250.8700408935547
29543920,213.03675842285156
29550848,262.44586181640625
29565712,298.5165100097656
29577808,262.80810546875
29607888,258.7516784667969
29618128,283.6721496582031
29624416,266.5636901855469
29631792,218.41021728515625
29646896,228.84457397460938
29672096,260.6790466308594
29689536,246.72235107421875
29732416,281.51470947265625
29732656,252.64466857910156
29746288,270.7869567871094
29754000,245.58572387695312
29754016,291.127685546875
29774464,266.1379089355469
29798992,271.6131286621094
29801456,51.10013198852539
29806704,240.45111083984375
29807168,278.273193359375
29816800,294.74945068359375
29817440,263.55975341796875
29827072,273.6087646484375
29827520,238.90216064453125
29839408,270.9783020019531
29861120,239.773193359375
29861744,255.4000244140625
29865712,254.43739318847656
29879168,246.52487182617188
29879904,264.8168640136719
29880672,278.5410461425781
29886240,244.73081970214844
29898288,253.64210510253906
29899968,230.60537719726562
29908928,42.69231033325195
29912816,31.580698013305664
29915600,230.98367309570312
29943536,276.6048278808594
29966016,274.8295593261719
29967120,89.85836029052734
29973328,236.67149353027344
30005200,243.13247680664062
30012192,255.13040161132812
30027840,236.75732421875
30043264,242.6206817626953
30055040,259.4992980957031
30059088,268.1643371582031
30059920,249.52149963378906
30063440,270.8487548828125
30070016,257.7808837890625
30105136,261.7126770019531
30110496,17.285823822021484
30117792,251.16455078125
30138288,247.8601531982422
30138592,289.8096923828125
30140032,273.7058410644531
30162576,235.85009765625
30180736,265.4883728027344
30194224,252.39889526367188
30210448,257.4927062988281
30221536,253.56484985351562
30232320,253.33712768554688
30244048,256.82965087890625
30260816,278.21630859375
30273216,281.1094055175781
30280320,53.67222213745117
30282464,246.365234375
30310560,275.5252990722656
30324704,252.194091796875
30327968,291.4769592285156
30336368,290.10150146484375
30337056,239.2866668701172
30345920,245.22605895996094
30359056,224.94107055664062
30377664,259.03692626953125
30397184,213.87057495117188
30407680,258.3561096191406
30408576,267.8130798339844
30440112,247.39520263671875
30463888,252.7340545654297
30466768,301.27301025390625
30474224,275.1325378417969
30495184,232.7361297607422
30499120,251.60902404785156
30508608,267.4012145996094
30510864,259.6996154785156
30515088,195.27792358398438
30524448,275.24481201171875
30526784,210.2168426513672
30543216,238.9969482421875
30565136,240.94415283203125
30575728,274.87957763671875
30586080,279.4789123535156
30597456,268.0486755371094
30601584,258.35235595703125
30607040,282.3056335449219
30614128,219.39117431640625
30615072,294.770263671875
30652560,267.2053527832031
30666480,270.64129638671875
30669936,264.2167663574219
30678288,279.00048828125
30693056,239.70980834960938
30704368,263.9186706542969
30713504,248.64657592773438
30714672,281.2499084472656
30742288,261.35516357421875
30746800,52.44649124145508
30763072,233.7260284423828
30765632,260.8466491699219
30780816,269.2355651855469
30824352,24.217578887939453
30826464,240.1874542236328
30844352,250.65850830078125
30855760,246.79470825195312
30860064,219.17759704589844
30874640,293.924560546875
30887728,225.08888244628906
30889712,270.7989807128906
30896304,249.64874267578125
30897392,261.785888671875
30915040,39.79509735107422
30916880,299.8263244628906
30948560,261.0760803222656
30954848,261.11004638671875
30971440,261.8123474121094
31028832,239.3263702392578
31037728,265.6342468261719
31056208,226.99740600585938
31074288,286.8524475097656
31083856,260.73443603515625
31103392,32.575592041015625
31104240,272.4029541015625
31105184,299.21533203125
31149360,276.8961181640625
31153200,248.96298217773438
31184624,277.16436767578125
31190512,240.87252807617188
31224304,258.6295471191406
31224880,261.3221130371094
31258928,274.3059997558594
31262736,265.756103515625
31272112,266.2760009765625
31278624,268.8755798339844
31280816,288.47088623046875
31298480,260.66461181640625
31300080,278.3191223144531
31308032,218.26426696777344
31309920,297.68597412109375
31327216,247.57594299316406
31336032,279.0037536621094
31367712,297.925048828125
31391296,265.66680908203125
31392336,243.16773986816406
31413712,285.5592346191406
31458672,262.3438720703125
31460480,272.4880676269531
31461792,325.82470703125
31467600,282.83087158203125
31482848,255.4998321533203
31483744,274.1067810058594
31494544,269.2012634277344
31524016,262.95635986328125
31589232,267.3658447265625
31609040,292.0535888671875
31615584,293.8819274902344
31618544,257.40081787109375
31625920,214.8370819091797
31626912,13.536664962768555
31630096,250.57785034179688
31654256,258.3216857910156
31658640,254.4449920654297
31671728,281.6932067871094
31678624,255.1282196044922
31687872,279.2658996582031
31701456,269.56805419921875
31702528,30.158472061157227
31711744,218.85362243652344
31720544,272.4701843261719
31725504,259.7277526855469
31731168,262.36712646484375
31762560,294.6403503417969
31766224,251.34950256347656
31769824,239.707275390625
31786880,272.2761535644531
31824448,266.52655029296875
31840688,267.94073486328125
31851296,261.0999755859375
31870880,288.6330261230469
31875440,285.1531677246094
31878976,258.4307556152344
31885760,309.1285095214844
31887200,259.7242736816406
31897536,279.4632568359375
31900192,271.4774475097656
31901904,256.79150390625
31911456,254.47471618652344
31915968,297.9163513183594
31951136,286.2393798828125
31954320,50.56676483154297
31954640,295.14251708984375
32002784,228.8748016357422
32040912,240.87771606445312
32040928,279.9649353027344
32058944,315.98583984375
32077888,281.2101745605469
32083056,277.27374267578125
32163072,280.18994140625
32179296,230.51693725585938
32182464,242.97804260253906
32199728,237.4872283935547
32215920,256.56353759765625
32216688,287.39349365234375
32219168,263.8261413574219
32222256,297.1973571777344
32252896,266.1360778808594
32305552,260.711669921875
32313968,269.49298095703125
32318704,252.9718780517578
32333120,224.55844116210938
32359584,268.8043212890625
32363296,253.9346466064453
32366656,282.88665771484375
32379760,239.37554931640625
32380272,227.59017944335938
32385696,267.84881591796875
32392624,246.62953186035156
32470064,276.11248779296875
32486720,291.5694885253906
32487792,276.095458984375
32492464,230.1593475341797
32499536,270.3497619628906
32521936,254.14305114746094
32528368,295.4454650878906
32536208,274.3618469238281
32538160,264.70361328125
32540784,225.0494384765625
32562736,265.68115234375
32574048,273.8597412109375
32576912,253.25460815429688
32586016,227.84759521484375
32590704,264.9325866699219
32594608,232.0863037109375
32601376,285.9672546386719
32603696,245.81861877441406
32618400,252.58900451660156
32621200,267.8838806152344
32634832,259.0462646484375
32682528,276.0492858886719
32699232,250.21839904785156
32708576,291.8383483886719
32724064,239.10848999023438
32748656,250.1005859375
32754608,241.1721649169922
32768112,81.29843139648438
32796416,309.7182312011719
32800320,272.3009948730469
32859424,266.04833984375
32871440,273.4428405761719
32872416,268.0739440917969
32883472,261.0855712890625
32889616,300.95233154296875
32920976,245.0003662109375
32940880,261.9150085449219
32945408,62.484519958496094
32952288,248.34713745117188
32952480,258.37506103515625
32985136,224.15469360351562
32999024,293.9607238769531
33027120,229.11004638671875
33034096,41.986915588378906
33040560,238.10142517089844
33071680,273.9624938964844
33080688,238.44798278808594
33088288,246.52169799804688
33091088,283.970458984375
33095408,236.91683959960938
33100144,243.8624267578125
33106864,240.48622131347656
33110480,283.4656677246094
33145504,282.1305847167969
33169936,217.3253936767578
33172624,235.90489196777344
33178640,224.633544921875
33187968,244.13059997558594
33226912,245.8202667236328
33240480,267.6689147949219
33246784,260.7203674316406
33269024,243.57278442382812
33283536,238.2410888671875
33314368,256.5727233886719
33327840,245.92324829101562
33344928,222.839599609375
33351984,272.7781982421875
33365488,257.8965759277344
33370784,268.7937316894531
33411600,221.00381469726562
33432672,261.9323425292969
33462608,256.84686279296875
33464240,245.87063598632812
33469104,284.2120056152344
33471568,252.73199462890625
33487984,250.25643920898438
33495296,252.97207641601562
33512320,259.90521240234375
33512848,250.84535217285156
33518304,309.4414978027344
33519216,281.06982421875
33525792,253.7154998779297
33534352,236.86790466308594
33534688,247.77029418945312
33544096,261.9488220214844
33555568,281.245849609375
33563696,270.1288757324219
33585904,246.92071533203125
33601104,287.3327941894531
33611456,268.2091369628906
33615152,221.6403045654297
33621072,253.25149536132812
33640592,269.9837646484375
33655696,242.8279571533203
33669552,281.5846862792969
33698480,255.1272430419922
33701104,262.1211853027344
33706432,285.9340515136719
33714320,273.1402587890625
33716032,208.8660888671875
33728000,3.2939624786376953
33732592,241.20291137695312
33738960,265.7904357910156
33750832,276.51165771484375
33751952,265.0645751953125
33757392,276.119140625
33758704,278.33837890625
33778880,267.07830810546875
33785456,269.0968017578125
33801552,305.64306640625
33812112,257.35638427734375
33815936,298.754638671875
33833888,67.5765380859375
33845872,267.2383117675781
33861760,250.19546508789062
33862112,240.70115661621094
33872160,282.95965576171875
33875840,293.9059143066406
33885680,283.32794189453125
33896928,303.34600830078125
33900256,230.6055145263672
33904304,39.73694610595703
33913648,250.4622802734375
33914192,271.28118896484375
33931024,276.0013732910156
33936880,258.50750732421875
33954928,286.2342224121094
33957216,262.0071105957031
34023888,250.3657684326172
34040528,258.03778076171875
34041696,248.1502685546875
34047360,287.4972229003906
34067472,266.9927673339844
34073632,286.24603271484375
34075616,288.48040771484375
34087680,302.3673400878906
34103760,258.8891296386719
34114736,264.42608642578125
34121856,239.13436889648438
34134192,271.36016845703125
34148000,250.31927490234375
34157024,248.68954467773438
34163920,257.0210876464844
34164912,226.8636016845703
34167392,281.3760986328125
34174560,254.92666625976562
34175232,221.65562438964844
34193040,41.850341796875
34206800,286.9171447753906
34245728,287.5498962402344
34255440,257.79315185546875
34276960,61.83496856689453
34287104,237.04054260253906
34293408,233.2843780517578
34298592,270.6126708984375
34323152,247.39996337890625
34326208,254.89666748046875
34328000,244.76028442382812
34333600,265.26593017578125
34340496,267.9910888671875
34355280,257.13946533203125
34365824,236.2836151123047
34384864,241.58694458007812
34385600,25.870487213134766
34402480,245.9083709716797
34419520,288.24298095703125
34430768,245.8842010498047
34438672,261.3942565917969
34441696,244.77511596679688
34443648,270.6041564941406
34453744,253.081787109375
34455408,256.3101806640625
34455856,243.546630859375
34457312,284.52581787109375
34472800,282.369384765625
34486768,261.8812255859375
34507824,253.51634216308594
34512480,240.28524780273438
34513568,245.0637664794922
34515776,229.65689086914062
34520544,251.17233276367188
34521952,253.80528259277344
34540592,278.0677490234375
34573456,229.2582550048828
34573952,265.729736328125
34576192,257.7409362792969
34576480,259.8318176269531
34615728,254.72036743164062
34628032,234.90093994140625
34628704,289.3927917480469
34642784,243.06141662597656
34659536,253.08982849121094
34666288,226.87525939941406
34672928,241.1458740234375
34683472,256.79876708984375
34687296,276.3802490234375
34694032,251.9408416748047
34695168,274.18670654296875
34706448,250.06488037109375
34713232,291.4740295410156
34718736,258.0363464355469
34725488,274.8887939453125
34752448,263.1802062988281
34772048,265.7281188964844
34789728,240.96485900878906
34797808,249.37979125976562
34809568,254.3301544189453
34823648,242.86488342285156
34824448,269.3631591796875
34827200,220.8871612548828
34838608,248.68389892578125
34838624,255.82858276367188
34852864,250.52590942382812
34868304,264.7525329589844
34875408,232.3512725830078
34880416,268.8764953613281
34883984,256.9131164550781
34901040,258.57244873046875
34913600,54.426353454589844
34918512,240.5386962890625
34934112,250.67495727539062
34937024,263.8621826171875
34948288,266.3855285644531
34952048,247.042236328125
34959760,243.40499877929688
34962544,255.9840545654297
34963232,222.57785034179688
34986640,279.4789733886719
34987840,246.99659729003906
35019184,247.02928161621094
35042528,244.6466827392578
35064016,235.48622131347656
35077552,254.9226531982422
35103616,228.114990234375
35108848,265.4745788574219
35115952,244.6644287109375
35128016,232.8201904296875
35131296,260.6517639160156
35141152,235.63693237304688
35146400,273.4989929199219
35148112,271.3664245605469
35156976,250.0209197998047
35175920,290.43896484375
35177392,275.1540832519531
35186048,247.69874572753906
35190352,237.24085998535156
35194752,253.88819885253906
35202448,282.81585693359375
35205680,233.47451782226562
35205904,261.4831848144531
35216208,51.3420524597168
35219744,275.06610107421875
35231424,268.36090087890625
35235232,262.59490966796875
35244512,261.0985412597656
35252112,240.80307006835938
35265584,284.81439208984375
35274720,286.47894287109375
35275264,234.65206909179688
35277824,267.84088134765625
35278880,234.07850646972656
35313232,273.15045166015625
35315984,258.8835144042969
35317344,275.26922607421875
35318928,254.6255340576172
35333376,258.1230773925781
35342864,4.701354026794434
35348736,234.81362915039062
35352240,237.46441650390625
35354608,265.3675231933594
35358960,291.9088439941406
35392704,304.8586120605469
35404320,273.8982849121094
35415920,270.2195129394531
35418784,291.85498046875
35424864,254.76951599121094
35430976,234.0787811279297
35432880,263.3555603027344
35438944,275.37652587890625
35448288,286.8484191894531
35454432,296.15374755859375
35475360,267.687744140625
35485472,253.638916015625
35488192,296.01416015625
35489472,276.55560302734375
35508240,247.92877197265625
35519616,228.46067810058594
35525216,219.30697631835938
35535168,280.7198181152344
35538576,258.4845886230469
35545600,284.3077697753906
35550320,278.7276611328125
35551520,254.4061737060547
35553088,219.3634490966797
35554576,261.078369140625
35571088,285.73602294921875
35590384,249.16036987304688
35620400,239.261962890625
35625792,233.74842834472656
35633840,22.62899398803711
35636352,246.89381408691406
35640752,277.2331848144531
35653088,-34.04604721069336
35653200,218.7945098876953
35654192,256.0766906738281
35670096,218.70164489746094
35682960,38.88007354736328
35687392,260.3919677734375
35725488,284.05419921875
35731696,259.26220703125
35735840,273.04205322265625
35756640,256.3009338378906
35781776,246.50152587890625
35825104,269.55633544921875
35846256,246.10772705078125
35889136,249.87705993652344
35893696,292.44775390625
35899760,241.4641571044922
35903232,290.9898376464844
35903296,270.22991943359375
35904400,287.4206237792969
35909056,255.7452392578125
35962320,259.65069580078125
35982672,287.11724853515625
35993728,285.8413391113281
35995440,274.85333251953125
35999168,271.3315124511719
36007248,283.13983154296875
36046496,264.3681640625
36068400,278.5596923828125
36071856,232.0228729248047
36074240,246.1400909423828
36078976,281.13873291015625
36099344,246.3700408935547
36112064,255.15576171875
36129024,291.0911560058594
36130416,297.60186767578125
36136816,267.3396301269531
36147616,254.42379760742188
36150240,252.36219787597656
36155616,277.1716003417969
36155664,268.7020568847656
36169376,223.98190307617188
36188656,235.5249786376953
36189968,283.5278015136719
36204480,299.0558776855469
36206768,241.64227294921875
36230112,222.17640686035156
36237200,251.47323608398438
36247296,235.17556762695312
36258272,284.0457458496094
36260400,230.0192413330078
36261184,291.2251281738281
36263600,289.75518798828125
36269600,249.7554473876953
36281120,282.5090026855469
36288000,225.42709350585938
36294320,263.2275695800781
36295392,297.38458251953125
36310848,218.1300811767578
36314576,277.02252197265625
36326704,293.8266296386719
36329200,272.6980895996094
36336368,255.24978637695312
36373440,252.6353759765625
36376336,223.32382202148438
36379312,259.27777099609375
36383728,287.4670715332031
36385168,253.32772827148438
36389520,244.36131286621094
36411744,281.4144592285156
36414768,215.27850341796875
36432528,291.737548828125
36436816,266.1026306152344
36448944,267.793701171875
36457248,273.86407470703125
36461520,265.1440124511719
36462960,268.24761962890625
36467504,259.1938171386719
36486880,285.17205810546875
36504448,251.9715576171875
36516352,269.415771484375
36536992,245.5693817138672
36560832,243.56143188476562
36588336,254.93063354492188
36612768,228.85914611816406
36634320,259.92608642578125
36639680,245.4420928955078
36642752,253.576171875
36642832,232.14376831054688
36650672,240.56427001953125
36656592,280.60491943359375
36686064,228.89749145507812
36686528,274.7790832519531
36691216,236.53260803222656
36716032,275.0671081542969
36722064,266.22601318359375
36735520,277.16754150390625
36747712,253.0836639404297
36774528,270.9437561035156
36776384,55.2176399230957
36786208,274.68170166015625
36788400,216.66773986816406
36819952,265.62091064453125
36833136,278.5386657714844
36836976,279.64056396484375
36867728,301.2078857421875
36911808,256.8877868652344
36920352,292.99578857421875
36937248,254.04600524902344
36948384,265.1388854980469
36956304,262.97796630859375
36960752,241.35281372070312
36970880,285.6658630371094
36975152,207.14862060546875
36976384,240.54302978515625
37007328,267.92303466796875
37007504,243.8529815673828
37027616,292.9833984375
37032960,25.399852752685547
37047472,273.2242736816406
37057216,229.25360107421875
37061088,238.06671142578125
37061648,264.4052429199219
37082288,256.3019104003906
37092336,272.5787048339844
37096272,240.3721923828125
37104224,259.2867736816406
37126656,276.745849609375
37133920,252.77743530273438
37134896,215.73825073242188
37135024,198.16299438476562
37164416,266.1226806640625
37168192,278.1995544433594
37180768,254.57196044921875
37183504,271.80377197265625
37199072,277.728759765625
37204416,284.0203857421875
37205008,235.92848205566406
37205136,263.9659729003906
37210448,300.91778564453125
37226160,252.9232177734375
37243456,272.65264892578125
37248512,247.6311492919922
37250464,288.23291015625
37260576,269.0452575683594
37274336,268.64483642578125
37290656,239.75331115722656
37290768,227.71458435058594
37320176,256.5218505859375
37324448,273.2669677734375
37358064,231.2764434814453
37359872,241.45632934570312
37359936,279.14892578125
37361808,247.4730224609375
37367792,248.29318237304688
37374128,215.7429962158203
37379344,267.8914794921875
37389120,244.62896728515625
37404432,233.69113159179688
37405216,266.0981750488281
37420992,274.9049072265625
37424928,246.9537353515625
37430480,281.12860107421875
37431200,291.7626647949219
37441136,262.1123962402344
37450544,280.281982421875
37452288,274.142333984375
37465152,47.97004699707031
37481504,269.293212890625
37514000,275.67132568359375
37516624,262.4944152832031
37517760,255.36444091796875
37526720,250.55258178710938
37528416,262.3544006347656
37537088,244.24468994140625
37570672,251.00914001464844
37574272,259.9160461425781
37579312,301.3238830566406
37581440,225.17530822753906
37582896,207.6224365234375
37586032,242.9686279296875
37590080,285.0830993652344
37592320,262.2462158203125
37598368,248.59254455566406
37598576,255.58480834960938
37604496,281.7788391113281
37606704,279.6203918457031
37609264,6.002061367034912
37609504,236.29483032226562
37634544,234.95162963867188
37652624,287.3864440917969
37656320,241.7397003173828
37669648,240.54527282714844
37677120,265.3558349609375
37685184,274.1343688964844
37690144,267.52996826171875
37691392,244.4241943359375
37710800,236.96009826660156
37721056,267.3908386230469
37723568,271.36083984375
37751856,244.16412353515625
37754400,249.3719940185547
37756688,285.0578918457031
37761824,256.9798583984375
37770656,234.9043426513672
37786528,246.0506134033203
37795840,292.4967041015625
37799472,261.41351318359375
37802784,291.2715759277344
37828096,253.5738983154297
37831888,241.87582397460938
37834176,267.30047607421875
37839440,245.3068084716797
37840304,308.54754638671875
37854464,242.70506286621094
37857072,271.4928283691406
37859408,232.52130126953125
37864576,271.11187744140625
37876608,247.3700714111328
37905216,272.3260498046875
37936736,257.18365478515625
37938784,243.80743408203125
37941856,250.83096313476562
37955312,268.4955139160156
37962480,272.1827697753906
38002480,251.4334259033203
38020176,60.37006759643555
38028960,272.1359558105469
38033456,264.3544921875
38037968,228.02337646484375
38044928,291.74798583984375
38054096,254.019775390625
38065344,255.27676391601562
38077824,283.85223388671875
38102128,269.7960205078125
38102496,259.4586486816406
38112592,266.4005432128906
38114640,264.1257019042969
38118080,235.38108825683594
38127376,278.5421142578125
38138592,258.4648742675781
38167696,245.0439910888672
38176112,220.890625
38197184,259.2273864746094
38212848,251.05465698242188
38224032,285.1560363769531
38238064,275.4632568359375
38260112,259.5012512207031
38260160,263.1090393066406
38260928,236.17355346679688
38274464,280.01953125
38276112,247.01229858398438
38281600,284.7835998535156
38331648,251.44308471679688
38339760,288.0134582519531
38343920,259.3993225097656
38363472,234.33018493652344
38363584,213.0732879638672
38369968,279.398681640625
38370160,250.01625061035156
38370720,228.5763397216797
38372592,264.62457275390625
38381712,213.0911407470703
38384816,275.02984619140625
38391152,290.3858947753906
38401152,216.54771423339844
38403824,249.5431365966797
38406176,277.426025390625
38416128,20.590625762939453
38436640,254.50186157226562
38441536,266.2380065917969
38467840,280.27545166015625
38488496,56.41028594970703
38489152,262.3922119140625
38498432,276.45501708984375
38498496,270.30584716796875
38498608,248.70584106445312
38504528,249.96435546875
38504672,244.84222412109375
38524432,278.0335693359375
38539200,254.31784057617188
38544592,277.3348388671875
38566368,232.8691864013672
38572720,296.7725830078125
38580896,184.2041015625
38590288,233.90525817871094
38599984,235.74822998046875
38605232,258.2883605957031
38631616,248.39321899414062
38641520,236.63294982910156
38644608,262.174560546875
38667616,234.8812713623047
38668272,269.3031005859375
38680448,258.7593078613281
38682880,244.51339721679688
38685680,270.083984375
38691600,257.30291748046875
38719056,283.0584716796875
38734800,275.990966796875
38768496,247.21246337890625
38778800,269.0226745605469
38779920,241.35594177246094
38781248,264.55426025390625
38790672,260.4792175292969
38804496,293.4814147949219
38804544,270.2781066894531
38820128,274.5179138183594
38823904,286.5340881347656
38842288,282.9470520019531
38862112,270.8651123046875
38862160,266.1192321777344
38863456,284.5219421386719
38878960,259.3791809082031
38884656,257.5069274902344
38893760,230.9409942626953
38903568,239.19717407226562
38943776,256.6293029785156
38959552,260.5684509277344
38974336,264.0948181152344
38986624,254.75546264648438
38993680,276.06719970703125
39002944,234.27560424804688
39008528,275.68035888671875
39015248,260.881103515625
39043664,264.8969421386719
39069296,247.81199645996094
39086976,262.3611755371094
39090720,256.6204833984375
39125216,259.18646240234375
39132288,287.6045837402344
39133600,258.3736877441406
39137616,260.4715576171875
39141232,250.8865203857422
39142112,247.08909606933594
39155760,226.1763153076172
39156336,265.600830078125
39172496,251.62841796875
39175936,304.7715759277344
39181520,232.7792205810547
39186528,240.0170440673828
39245088,298.0352783203125
39246576,288.8248596191406
39246832,242.52032470703125
39248864,259.85333251953125
39248992,297.5017395019531
39261184,238.1570587158203
39272688,273.02276611328125
39275120,265.9512023925781
39291248,252.05479431152344
39295600,279.69781494140625
39296640,292.3140563964844
39297184,243.4453582763672
39310848,288.2697448730469
39320816,263.71270751953125
39336640,29.39541244506836
39358160,319.5152893066406
39365744,285.77557373046875
39369648,252.67816162109375
39372064,279.9862365722656
39386560,276.29302978515625
39403664,292.52044677734375
39407856,278.2427673339844
39427008,284.04864501953125
39436000,285.0013427734375
39443312,248.75840759277344
39458480,225.16368103027344
39469280,252.41329956054688
39477232,268.41595458984375
39499584,276.8139343261719
39506832,284.30364990234375
39525936,261.2514953613281
39528928,195.3013153076172
39533728,289.0561828613281
39561664,252.9642791748047
39569712,249.5540771484375
39570848,304.5837097167969
39601120,227.8303680419922
39617904,260.8177795410156
39646528,282.4329528808594
39679024,240.41310119628906
39693680,213.42596435546875
39700064,265.527587890625
39704672,251.77976989746094
39711744,255.35360717773438
39718336,282.5486145019531
39735520,284.1529846191406
39783744,272.749755859375
39808784,272.3398742675781
39813904,224.65696716308594
39862144,253.5823974609375
39871296,278.4595031738281
39902848,242.70785522460938
39910976,259.2536315917969
39912656,235.71214294433594
39918560,261.63775634765625
39934560,263.6581726074219
39936736,266.11822509765625
39939072,266.02655029296875
39944576,287.3702087402344
39950928,263.0747985839844
39966112,279.0014343261719
39979696,209.0161590576172
39994640,265.1357421875
40012944,277.1578674316406
40018560,213.02613830566406
40019424,269.1082763671875
40019504,268.52044677734375
40022624,260.6888732910156
40031808,257.95556640625
40035184,267.69683837890625
40037520,276.43133544921875
40053872,281.89630126953125
40070928,223.7782745361328
40075984,267.85723876953125
40089152,208.143798828125
40096144,290.0129699707031
40099168,273.6869812011719
40099296,269.5968017578125
40117360,236.04986572265625
40125152,257.6761169433594
40144176,259.3056335449219
40145664,269.6303405761719
40161408,290.4508056640625
40162896,274.6065673828125
40172704,278.4729309082031
40185520,250.3245391845703
40210096,241.4069061279297
40210800,254.59361267089844
40212144,223.1353759765625
40216160,276.68438720703125
40230784,288.74755859375
40280768,271.490478515625
40282656,236.63246154785156
40309168,262.8756103515625
40322352,288.5552673339844
40330880,28.24349021911621
40338272,245.71849060058594
40344976,235.14686584472656
40358608,244.4683837890625
40367680,238.42037963867188
40396816,50.299537658691406
40426992,256.884521484375
40429392,76.22749328613281
40434608,227.3658905029297
40468208,238.29148864746094
40473648,237.92811584472656
40481920,228.48828125
40485104,267.12176513671875
40493888,273.0982971191406
40495232,260.9496154785156
40506656,235.87393188476562
40509776,293.0257873535156
40515488,261.2427978515625
40529968,237.73782348632812
40533776,276.92431640625
40541328,289.19293212890625
40558976,266.6399230957031
40571600,281.7607116699219
40578544,273.3829650878906
40593232,244.26348876953125
40625824,259.41845703125
40626480,270.9764404296875
40637584,269.6466369628906
40644960,253.50218200683594
40655408,248.41712951660156
40663088,295.5443420410156
40666480,233.73712158203125
40667664,265.856201171875
40668288,265.60888671875
40686608,278.73162841796875
40690048,250.28338623046875
40698480,19.791868209838867
40706096,243.42721557617188
40708224,255.55320739746094
40708304,255.46456909179688
40723456,276.160888671875
40737184,245.1625213623047
40742848,266.40582275390625
40747488,248.6245880126953
40749040,257.89404296875
40774320,217.18902587890625
40793648,235.11737060546875
40799440,269.62445068359375
40812128,234.999267578125
40856496,288.9625244140625
40858896,283.1419677734375
40867776,262.9796447753906
40887984,273.85931396484375
40892272,234.57186889648438
40914016,222.70565795898438
40919568,280.22393798828125
40929744,247.83119201660156
40931856,225.10755920410156
40939776,256.3915100097656
40957120,274.8970031738281
40962928,287.3758850097656
40963424,261.14483642578125
40978480,252.520263671875
40984128,259.5966491699219
41005840,59.17824172973633
41012000,272.2613830566406
41019440,240.30665588378906
41061904,239.4483184814453
41073344,308.2943115234375
41093840,250.71580505371094
41095184,246.4109649658203
41100512,237.37158203125
41103136,260.42193603515625
41103872,246.98574829101562
41109040,245.05262756347656
41119728,273.60223388671875
41125856,237.4085235595703
41133984,232.7792510986328
41140448,248.0656280517578
41147312,239.7387237548828
41154240,281.3985290527344
41198736,271.2205810546875
41221760,245.6678466796875
41224544,32.54330825805664
41233088,251.99180603027344
41235312,231.73486328125
41240480,226.43309020996094
41244656,252.67385864257812
41245520,215.56297302246094
41250768,257.927490234375
41253376,245.7909698486328
41257680,278.86444091796875
41272224,259.6754150390625
41285440,279.5293884277344
41291344,253.51834106445312
41291824,267.1822204589844
41327040,217.2411346435547
41328944,267.0573425292969
41330624,236.6396026611328
41334752,260.4732666015625
41341776,257.6077575683594
41344448,225.6610565185547
41353872,286.4596862792969
41359824,295.3362731933594
41361344,210.3404083251953
41372336,264.8236999511719
41399728,266.9303283691406
41402688,232.80311584472656
41407632,266.5589904785156
41414960,237.86740112304688
41416208,236.8771514892578
41417584,268.6563720703125
41419904,246.51573181152344
41422976,265.3636474609375
41447648,259.736328125
41468400,269.6082458496094
41480864,275.9501037597656
41487264,272.80413818359375
41488688,214.23321533203125
41499040,71.98867797851562
41502992,251.8682098388672
41503616,250.89759826660156
41504720,272.9153747558594
41510752,253.99874877929688
41527104,41.2535514831543
41533808,269.4082336425781
41565808,258.4670715332031
41578320,231.4641571044922
41583232,235.08413696289062
41589536,269.0363464355469
41595312,303.37127685546875
41620224,271.85491943359375
41621232,274.8470458984375
41625424,284.0809020996094
41631184,268.26605224609375
41640688,235.97021484375
41649696,282.10223388671875
41649840,265.5181579589844
41650064,262.9895935058594
41651776,250.6679229736328
41658864,245.736083984375
41659040,265.5685729980469
41661248,243.25794982910156
41665856,282.0787658691406
41671472,239.13595581054688
41686864,253.6639404296875
41711440,306.6358337402344
41731264,246.34683227539062
41740320,277.9390563964844
41755568,228.34446716308594
41766736,270.24456787109375
41769376,263.3476257324219
41770016,258.4925537109375
41773488,249.62423706054688
41776032,246.5441131591797
41777888,232.25698852539062
41780848,239.13226318359375
41798800,213.73643493652344
41836496,267.6347351074219
41840896,272.73248291015625
41843072,230.7604217529297
41870784,271.42547607421875
41873440,256.9974670410156
41889488,226.44296264648438
41898496,291.4460144042969
41898528,255.25840759277344
41906320,282.2449951171875
41909808,259.90753173828125
41911584,237.6519012451172
41914560,252.53182983398438
41919056,262.6658630371094
41928272,273.5508728027344
41939968,264.3395080566406
41953408,253.70111083984375
41954464,229.55795288085938
41956848,261.7769470214844
41957360,231.3515625
41961696,271.2174377441406
41963568,259.2561340332031
41967376,267.26043701171875
41986416,247.8525848388672
41999488,255.95980834960938
42002864,251.02078247070312
42003392,252.3876495361328
42020208,251.1981201171875
42028560,266.8924255371094
42031376,298.15118408203125
42037568,276.66998291015625
42043264,248.22471618652344
42068960,252.95147705078125
42091424,230.76670837402344
42144560,259.7130126953125
42155488,245.94699096679688
42156528,246.512451171875
42159232,284.4960632324219
42170304,284.699951171875
42173056,257.2632751464844
42205168,235.74266052246094
42216096,253.13827514648438
42231136,278.2770690917969
42246624,193.49758911132812
42252128,263.7279968261719
42263152,226.1885986328125
42264624,227.61773681640625
42269616,247.74652099609375
42274112,242.78384399414062
42275824,249.90432739257812
42304128,45.41482925415039
42318384,240.94125366210938
42319424,250.74884033203125
42319584,222.87428283691406
42327248,253.77980041503906
42349680,231.3000030517578
42354912,280.2622375488281
42373840,229.6510772705078
42385616,267.8328552246094
42403952,221.78587341308594
42429744,260.21807861328125
42458240,293.0874328613281
42474976,254.70797729492188
42478176,226.39073181152344
42482880,283.8038330078125
42487552,239.61135864257812
42501200,279.5868835449219
42516848,250.5619659423828
42530384,244.06802368164062
42538224,275.86968994140625
42553040,253.8786163330078
42554656,270.6189270019531
42568864,241.82974243164062
42571008,65.66313934326172
42572720,246.5675506591797
42620768,269.4207763671875
42632160,297.32037353515625
42643392,296.3470153808594
42675376,244.06552124023438
42680064,48.26638412475586
42689904,267.527587890625
42699008,244.19256591796875
42707680,29.62282943725586
42710768,231.62265014648438
42726400,278.38397216796875
42730448,259.93487548828125
42742208,245.0672607421875
42766688,264.1401062011719
42783296,268.63494873046875
42786432,300.43212890625
42787024,285.881591796875
42790064,248.11300659179688
42795232,260.4781188964844
42803936,274.5029602050781
42813792,209.4944305419922
42823104,225.12562561035156
42831904,226.83285522460938
42840080,271.3386535644531
42844576,278.9281311035156
42846368,229.16842651367188
42852528,233.97686767578125
42875024,258.0193176269531
42880384,244.23141479492188
42883072,257.1646728515625
42883696,294.0049133300781
42913088,237.11439514160156
42920528,246.0471954345703
42928256,250.53012084960938
42932400,235.45460510253906
42937648,271.50543212890625
42953376,295.99420166015625
42970416,240.88002014160156
42971456,267.221435546875
42975504,267.2220153808594
42978016,260.93798828125
42978064,218.94874572753906
42982960,262.1166687011719
42994576,282.78509521484375
42994832,222.48703002929688
42999200,258.4862060546875
43006784,248.56980895996094
43026864,278.3122253417969
43033312,78.6248779296875
43036448,233.40663146972656
43037056,238.64715576171875
43037216,257.2409973144531
43040944,280.6817626953125
43056784,249.68516540527344
43059600,268.58233642578125
43083248,225.3701934814453
43086240,38.74544143676758
43113280,247.4364471435547
43115056,273.4191589355469
43119584,256.76373291015625
43136880,218.48056030273438
43143616,256.6150817871094
43147840,261.9502868652344
43151184,250.9926300048828
43156880,288.7278747558594
43165184,230.71348571777344
43168640,298.3258972167969
43176992,288.93341064453125
43178960,235.616943359375
43179760,265.265625
43204656,286.29412841796875
43209888,241.20579528808594
43247120,275.2436218261719
43248608,254.00521850585938
43258992,231.48712158203125
43266832,239.5224609375
43272416,250.8815155029297
43293888,265.4756774902344
43300432,245.40560913085938
43301744,265.40087890625
43324576,255.54562377929688
43329712,241.78973388671875
43334816,263.98260498046875
43342048,216.3135986328125
43343248,256.594482421875
43345792,239.24603271484375
43357424,254.75729370117188
43359840,288.88043212890625
43367968,224.14707946777344
43404896,254.06082153320312
43414304,280.17291259765625
43417792,279.1678161621094
43424848,248.8815155029297
43427408,276.9333801269531
43439664,228.4121551513672
43450992,238.13650512695312
43466592,289.18817138671875
43486448,254.873291015625
43500672,264.0955505371094
43514368,261.593994140625
43527248,266.3204345703125
43532832,246.5716552734375
43569776,240.07302856445312
43591008,252.15115356445312
43604336,273.6502685546875
43607632,261.34619140625
43616768,249.13919067382812
43634960,281.8056335449219
43649488,263.2601623535156
43651968,265.0569152832031
43655760,262.1746826171875
43687568,274.75732421875
43689984,258.3445129394531
43693472,269.4364318847656
43729296,56.61021041870117
43729984,277.7805480957031
43733024,259.45404052734375
43746256,256.0252685546875
43768336,232.72157287597656
43769952,264.0765380859375
43778368,283.9983825683594
43801664,274.19854736328125
43818704,251.02212524414062
43821248,281.9956359863281
43832592,226.2786407470703
43838416,286.2391357421875
43851808,264.0848388671875
43856624,245.52325439453125
43856848,265.2592468261719
43892320,268.3605651855469
43916160,287.55035400390625
43926032,253.19390869140625
43934912,249.72032165527344
43943792,276.14404296875
43945824,238.75926208496094
43964608,232.3280792236328
43966080,265.77252197265625
43975920,250.66957092285156
43976640,228.95213317871094
43991616,295.3067626953125
43996688,267.11627197265625
44017296,248.81094360351562
44064352,284.68524169921875
44068832,271.509521484375
44100368,236.04795837402344
44108944,213.1073455810547
44110144,274.88067626953125
44145664,260.0884094238281
44157104,249.49229431152344
44189504,248.78343200683594
44201744,250.2098846435547
44207680,273.37384033203125
44222960,245.26544189453125
44237616,271.4891052246094
44241536,276.8552551269531
44248656,261.3462829589844
44256192,261.789794921875
44266208,234.9231414794922
44278576,249.65882873535156
44278624,254.58645629882812
44288688,280.20233154296875
44317136,248.71620178222656
44326016,249.51365661621094
44356304,66.63372039794922
44368192,267.66241455078125
44372224,290.0465393066406
44410800,267.3912658691406
44416576,242.26258850097656
44428784,234.59573364257812
44430832,273.555908203125
44432784,234.83807373046875
44450144,243.81060791015625
44464464,284.9300842285156
44476576,284.3104248046875
44517408,213.67938232421875
44517728,243.62979125976562
44518928,231.52890014648438
44526816,234.62298583984375
44531536,255.7238311767578
44536272,266.6505432128906
44537888,275.4272766113281
44566112,284.3382873535156
44578224,227.92066955566406
44593264,241.62619018554688
44616592,256.5555725097656
44622288,274.216796875
44625568,280.64630126953125
44640080,245.3755645751953
44646624,273.5224914550781
44655568,256.03216552734375
44657328,250.3317413330078
44661440,240.18247985839844
44674400,265.28192138671875
44681456,224.84271240234375
44682848,253.27044677734375
44685552,229.00958251953125
44688400,237.69419860839844
44694640,260.9639892578125
44695936,244.3792266845703
44698416,257.5491638183594
44703584,250.246337890625
44714944,251.01588439941406
44726080,288.3165283203125
44728256,253.65505981445312
44730432,246.14122009277344
44734336,243.63265991210938
44753024,264.435791015625
44762800,235.939697265625
44771840,232.77610778808594
44786672,258.1461486816406
44791760,278.5610046386719
44792224,256.2370910644531
44822000,227.69129943847656
44834992,288.01678466796875
44835424,237.7120361328125
44850288,274.3878173828125
44852176,251.2660369873047
44855040,282.4801940917969
44867360,276.12359619140625
44883232,246.81211853027344
44899392,244.58314514160156
44925264,293.1109313964844
44926544,284.08477783203125
44929904,230.8479766845703
44963808,270.9409484863281
44977056,238.46267700195312
44982928,225.70274353027344
44996512,233.39236450195312
44997696,278.596435546875
44999136,279.5352478027344
45004272,271.3665466308594
45031456,229.7703094482422
45040784,237.86007690429688
45046976,277.9784240722656
45046976,254.36972045898438
45050944,252.2960662841797
45054912,250.3014373779297
45056336,251.3834991455078
45060176,237.43397521972656
45068944,264.25103759765625
45072816,260.8790283203125
45086208,264.51025390625
45088960,245.11436462402344
45108352,278.926513671875
45114160,250.0927276611328
45115120,275.2097473144531
45116016,248.296142578125
45130992,265.3635559082031
45134016,255.9801788330078
45137680,221.5310821533203
45152992,243.94711303710938
45154272,255.9365997314453
45181408,265.6813049316406
45182160,253.57037353515625
45198768,234.40011596679688
45203776,291.1865234375
45209088,264.2012634277344
45221760,282.2442932128906
45223264,291.4364318847656
45227952,238.5123291015625
45275200,290.4777526855469
45287744,288.0925598144531
45291104,263.57763671875
45299568,279.08233642578125
45303008,277.4035339355469
45311792,247.8162384033203
45314304,281.10723876953125
45320048,271.4745178222656
45327680,284.7818298339844
45336352,261.27935791015625
45343824,264.43060302734375
45351552,249.76246643066406
45366656,250.8859405517578
45367440,231.2476043701172
45377456,283.5160217285156
45384016,250.59490966796875
45405824,278.2605285644531
45415584,250.65472412109375
45426688,272.8979797363281
45429072,277.1268005371094
45470112,270.97088623046875
45496144,303.7874450683594
45504224,255.03509521484375
45513328,285.86627197265625
45539264,274.51190185546875
45544208,265.2500915527344
45552688,273.64984130859375
45554304,292.6275939941406
45561296,223.51405334472656
45562416,265.29443359375
45572384,276.1223449707031
45582352,256.4895324707031
45590128,274.1119689941406
45600544,275.6736755371094
45601984,249.05084228515625
45604448,276.15069580078125
45609472,269.8542785644531
45633264,240.5813751220703
45639696,233.9931640625
45642848,265.5567321777344
45653968,268.61749267578125
45659168,252.09877014160156
45661088,264.6408996582031
45662624,268.4862060546875
45665408,259.69964599609375
45674816,244.90994262695312
45685248,292.7755432128906
45686144,288.0872497558594
45720576,256.130615234375
45720768,289.12567138671875
45723744,240.92587280273438
45728976,294.73956298828125
45760976,309.571044921875
45807488,255.59649658203125
45809424,278.6235046386719
45815344,261.67755126953125
45840736,247.61244201660156
45884128,272.79644775390625
45891472,282.1359558105469
45893104,224.4832305908203
45893728,252.1400604248047
45913408,257.66217041015625
45963392,307.2591552734375
45978512,230.3907928466797
45979136,240.2927703857422
45980944,234.23715209960938
45982304,279.2162170410156
45984704,269.4720153808594
45995744,230.25225830078125
46019936,252.2407684326172
46058016,266.0730895996094
46063552,242.2997589111328
46077440,273.41497802734375
46080320,270.9640808105469
46083616,290.8277893066406
46152192,293.2575988769531
46152368,241.03370666503906
46161760,287.1483459472656
46162752,274.64495849609375
46163344,244.04421997070312
46168480,230.13609313964844
46172480,251.98550415039062
46178928,283.76531982421875
46183120,270.2386169433594
46183408,260.11431884765625
46190032,240.09825134277344
46204016,281.43780517578125
46206384,254.09527587890625
46248576,216.7348175048828
46261872,274.51470947265625
46280288,273.19964599609375
46283440,282.4849548339844
46304992,277.20947265625
46309632,276.781982421875
46320304,280.1317138671875
46336336,260.4443054199219
46357456,268.8024597167969
46357824,259.38104248046875
46363152,236.30250549316406
46376064,249.2057342529297
46378752,216.3255157470703
46407152,226.62606811523438
46436528,263.9774169921875
46462112,297.8757019042969
46467344,269.61669921875
46489216,294.6026306152344
46493888,260.69305419921875
46511808,259.8369445800781
46522240,266.86712646484375
46548880,290.9607238769531
46555056,245.10391235351562
46562624,255.69113159179688
46578784,258.75555419921875
46582896,258.2742614746094
46610352,248.2561492919922
46617648,253.55918884277344
46627296,273.51104736328125
46661968,291.3141784667969
46674816,298.84539794921875
46693680,262.75482177734375
46703024,267.8045349121094
46704320,285.6333923339844
46705856,247.4580078125
46731728,256.5110778808594
46745168,284.6403503417969
46748192,271.6375732421875
46753680,225.0079345703125
46757600,232.16574096679688
46766496,288.6014404296875
46767888,267.3029479980469
46774736,303.82757568359375
46777584,266.0495910644531
46787712,244.30062866210938
46808864,267.3992919921875
46814368,282.83197021484375
46825888,279.93560791015625
46826752,254.59483337402344
46835664,275.54156494140625
46840192,284.26971435546875
46848464,232.04354858398438
46873984,257.7072448730469
46877072,270.44403076171875
46895200,244.3431396484375
46902320,286.78363037109375
46905536,246.82933044433594
46917488,209.7872772216797
46928240,279.99285888671875
46938896,262.4007263183594
46943888,316.5401916503906
46945680,258.9133605957031
46953376,250.15667724609375
46970160,236.76876831054688
46986064,221.00521850585938
46987184,275.4560241699219
46995504,217.29925537109375
46998592,269.83343505859375
47003728,267.9002685546875
47025184,292.1947937011719
47036736,230.01773071289062
47043088,273.2247314453125
47043504,266.8552551269531
47048784,295.68438720703125
47071216,293.4834899902344
47096368,280.28472900390625
47103632,293.31256103515625
47124432,269.07684326171875
47127920,270.1012878417969
47130736,268.7890930175781
47139696,284.3673400878906
47140272,298.8222351074219
47151904,243.76727294921875
47169600,255.65847778320312
47177424,266.3044738769531
47189488,248.96966552734375
47212720,229.55088806152344
47226016,254.7974853515625
47226560,13.266393661499023
47229120,271.7105712890625
47246176,296.02215576171875
47257712,248.71839904785156
47262080,268.4257507324219
47273104,27.181364059448242
47303456,281.2193908691406
47338624,226.57301330566406
47349520,243.89698791503906
47350112,259.9560241699219
47354336,264.87591552734375
47374928,272.16204833984375
47377808,258.25299072265625
47453472,293.9657287597656
47470032,270.530517578125
47474560,255.29747009277344
47492352,306.2257080078125
47498096,249.09609985351562
47507744,251.2850341796875
47511776,228.75863647460938
47512608,260.2660217285156
47516800,278.4897766113281
47525680,278.5512390136719
47526736,251.5897674560547
47536736,241.7909698486328
47548208,265.51318359375
47555808,308.301513671875
47596256,254.6715850830078
47615712,274.1807861328125
47623312,258.48687744140625
47641824,81.77902221679688
47658464,239.79324340820312
47672944,243.64659118652344
47685184,209.42880249023438
47693040,283.0255126953125
47742160,222.30368041992188
47766352,274.8161926269531
47774128,290.4170837402344
47792496,220.181884765625
47795664,269.7404479980469
47818128,228.5023193359375
47825824,235.72622680664062
47826464,275.26995849609375
47843376,246.42015075683594
47851344,16.354211807250977
47857408,254.1176300048828
47866288,247.65328979492188
47879600,237.07345581054688
47882928,290.4524230957031
47890064,267.24188232421875
47894080,237.5594482421875
47900432,263.05718994140625
47908208,292.17620849609375
47913360,288.79547119140625
47918336,270.8811950683594
47955008,235.82643127441406
47957216,286.09820556640625
47975824,258.43414306640625
47980080,269.7363586425781
48000304,263.44036865234375
48015616,271.7500915527344
48017952,261.9094543457031
48023472,235.64556884765625
48032512,280.0179443359375
48081216,262.5201721191406
48096784,255.85472106933594
48101808,227.21644592285156
48106208,54.499656677246094
48110240,256.3169250488281
48127024,242.26966857910156
48129632,274.8101806640625
48145152,251.90591430664062
48153104,260.95330810546875
48166800,261.1632995605469
48167808,269.47027587890625
48169040,233.9291229248047
48177728,265.3650207519531
48183936,283.9311828613281
48192272,233.8504180908203
48198288,239.70266723632812
48226784,270.8376159667969
48231296,224.72634887695312
48231936,242.7742156982422
48233680,244.70724487304688
48237712,266.8833312988281
48237760,266.9122009277344
48241152,264.53009033203125
48253168,268.3500671386719
48259280,249.40968322753906
48286816,255.5457763671875
48292144,258.70233154296875
48300848,233.47695922851562
48310608,230.01507568359375
48324928,261.98419189453125
48327904,277.3467712402344
48339728,253.6512451171875
48360224,280.9229736328125
48367408,262.4574890136719
48370560,254.71621704101562
48396176,238.06585693359375
48403856,292.9245910644531
48415728,244.71575927734375
48437296,262.59991455078125
48440512,273.2032165527344
48441424,264.3873291015625
48442784,260.97088623046875
48486080,291.1952209472656
48491392,273.2120666503906
48498400,50.19087600708008
48518000,267.89794921875
48519040,247.06813049316406
48519792,282.32080078125
48526784,23.09108543395996
48575376,279.6467590332031
48600144,238.84536743164062
48611600,260.1119384765625
48612576,239.0337371826172
48612688,233.90481567382812
48653472,257.3009338378906
48653760,278.0945129394531
48659216,271.1492004394531
48670624,283.91070556640625
48680368,249.6386260986328
48691264,267.2863464355469
48695024,257.0802001953125
48708432,262.8716735839844
48716928,255.59303283691406
48725296,256.1992492675781
48773648,267.9201965332031
48779968,263.607421875
48787488,247.7482452392578
48801664,267.20074462890625
48824384,252.37498474121094
48827248,253.3943634033203
48847152,61.993350982666016
48880064,276.191162109375
48880608,311.1605529785156
48885264,226.876953125
48888224,226.68333435058594
48906512,285.8646545410156
48912096,250.98387145996094
48912880,280.7502136230469
48939472,286.5531311035156
48944704,263.26776123046875
48956416,283.38909912109375
48987664,255.63070678710938
49013392,263.60577392578125
49016240,255.6986083984375
49022368,258.67181396484375
49026752,254.63247680664062
49041632,290.2633361816406
49056624,275.61712646484375
49057136,280.9805603027344
49071616,267.8210144042969
49074608,261.33953857421875
49078624,268.826904296875
49086224,264.0452880859375
49089616,280.788330078125
49095040,272.5313415527344
49103760,250.86831665039062
49112544,248.3293914794922
49115504,248.8815460205078
49125136,233.52899169921875
49134448,267.9710388183594
49144016,261.1599426269531
49161280,255.67417907714844
49172464,267.0968322753906
49186256,230.8587646484375
49190160,255.87905883789062
49194256,270.61328125
49199680,269.8572998046875
49200352,283.4132385253906
49217920,237.1140899658203
49220272,251.1080780029297
49224272,294.6607971191406
49251088,251.24383544921875
49252320,276.3222961425781
49263328,283.44207763671875
49265664,258.144775390625
49272720,213.40736389160156
49282432,260.10076904296875
49288016,288.54022216796875
49294032,304.1923828125
49299136,238.13742065429688
49299568,258.07427978515625
49319552,253.6879119873047
49329456,292.7060852050781
49329728,269.510498046875
49330736,288.66912841796875
49334560,256.9765625
49355808,256.2538757324219
49360272,219.2016143798828
49406240,272.51422119140625
49412032,291.7685546875
49420992,266.50164794921875
49438944,262.4951171875
49468096,246.04632568359375
49486976,264.12188720703125
49488128,248.980224609375
49531008,280.1705322265625
49531152,275.9961853027344
49531328,265.2770690917969
49536144,239.14955139160156
49541632,220.67173767089844
49557520,274.9159240722656
49562096,243.92868041992188
49586832,233.00047302246094
49589872,247.09121704101562
49612624,259.2323303222656
49619760,264.6094665527344
49628048,287.7509765625
49636576,257.47955322265625
49637968,237.80868530273438
49643584,280.62347412109375
49666480,278.51171875
49668016,258.5545959472656
49706480,225.70643615722656
49708432,274.153564453125
49715808,253.15928649902344
49730416,283.6656494140625
49745376,269.8583984375
49746496,268.13604736328125
49768976,255.07012939453125
49769776,272.72808837890625
49777696,282.25469970703125
49778992,290.057373046875
49787408,244.69168090820312
49792128,278.1375732421875
49803808,254.4955596923828
49813440,279.7924499511719
49830432,265.6607360839844
49851104,269.43994140625
49852272,270.1424255371094
49854912,245.24649047851562
49856480,253.8209228515625
49887536,261.161865234375
49892816,233.24925231933594
49902336,274.8263244628906
49906768,264.4682922363281
49906816,261.73779296875
49912224,245.3804931640625
49919632,249.07029724121094
49924448,269.3685302734375
49934768,212.1691436767578
49936352,233.1038818359375
49938464,277.50341796875
49955776,299.69219970703125
49966416,288.04180908203125
49966784,271.2881164550781
50003632,290.350830078125
50024176,279.9385681152344
50046880,233.74441528320312
50053792,236.5861053466797
50058032,276.2960510253906
50067408,288.16357421875
50070320,247.53981018066406
50073328,260.77325439453125
50078416,270.8603210449219
50082080,248.8443145751953
50091120,269.97998046875
50092976,293.5216064453125
50108576,247.7462158203125
50111632,244.99520874023438
50116064,282.4791259765625
50117152,246.3800506591797
50122032,274.3389587402344
50131136,237.55322265625
50143808,252.3748779296875
50148336,257.33953857421875
50172416,263.8126220703125
50211328,247.14724731445312
50216784,260.41265869140625
50224384,243.48226928710938
50229552,290.0129089355469
50262480,261.66607666015625
50263440,258.52117919921875
50269408,270.6040344238281
50273856,256.9300842285156
50301296,269.2340087890625
50316896,253.49539184570312
50337872,287.8856506347656
50340576,252.29217529296875
50378768,267.26007080078125
50404384,273.9478454589844
50406704,254.06494140625
50408848,259.3128662109375
50409232,317.6032409667969
50425088,286.1192932128906
50449424,241.3880615234375
50470928,275.5642395019531
50474272,229.35887145996094
50484816,276.9087829589844
50485152,281.52935791015625
50494240,277.5128173828125
50500432,259.2915954589844
50509808,244.50132751464844
50516800,237.33505249023438
50521568,241.9532012939453
50521648,253.25184631347656
50543344,253.509765625
50552288,262.07342529296875
50564800,234.96139526367188
50590256,252.34262084960938
50592992,255.29074096679688
50600992,289.6181945800781
50621024,262.8103942871094
50633248,308.4044189453125
50634928,271.6876525878906
50639520,254.8125457763672
50644720,305.7548828125
50673536,268.42041015625
50689248,212.72740173339844
50693264,241.0231170654297
50695008,253.1948699951172
50718336,261.0075378417969
50726240,247.83851623535156
50729424,228.5455780029297
50739696,248.080322265625
50745488,262.98138427734375
50750784,264.1824035644531
50765744,253.17633056640625
50770240,257.530517578125
50789856,299.52703857421875
50790960,257.82086181640625
50811264,241.75485229492188
50813680,226.83517456054688
50833904,258.53192138671875
50839760,294.6027526855469
50889024,246.7901611328125
50901072,277.0331726074219
50919168,268.4969482421875
50939328,247.60855102539062
50942768,246.22650146484375
50949824,283.9847412109375
50950576,262.1123046875
50959968,231.24539184570312
50967760,254.8127899169922
50971792,288.7549743652344
50993184,247.41746520996094
50993776,265.7940979003906
50994800,226.95651245117188
50998112,261.52886962890625
51015600,207.7747802734375
51022544,256.9822692871094
51050576,241.73947143554688
51064240,255.78695678710938
51068432,264.97381591796875
51087792,254.47898864746094
51090208,259.5787353515625
51100320,234.8333282470703
51135216,239.32443237304688
51168352,250.27882385253906
51183648,242.2539825439453
51196608,254.04344177246094
51210336,277.59033203125
51221024,283.8212890625
51244832,241.53384399414062
51246688,279.1529235839844
51248608,230.86146545410156
51264640,227.50257873535156
51286144,279.98199462890625
51308224,254.2357940673828
51310656,247.04835510253906
51320704,269.1376647949219
51321840,282.8341369628906
51333072,254.03326416015625
51337408,244.1534881591797
51345568,265.0542297363281
51369568,241.425048828125
51386352,270.05438232421875
51387552,269.19598388671875
51426032,263.0343017578125
51428896,270.9678955078125
51431200,254.93019104003906
51434080,237.94793701171875
51443200,296.8044128417969
51444048,266.1361083984375
51458352,238.03179931640625
51473904,224.8303680419922
51502272,241.931396484375
51508000,64.64949035644531
51510272,207.8429412841797
51511728,278.6029357910156
51515616,240.72467041015625
51521936,27.922388076782227
51523232,239.37185668945312
51537504,238.23634338378906
51537824,294.3205871582031
51538352,267.7900390625
51546160,254.02194213867188
51547248,268.72705078125
51549792,282.0646667480469
51555984,253.72605895996094
51565680,247.1869354248047
51580544,233.9008026123047
51581136,55.08562469482422
51582848,272.8620910644531
51610368,284.8307800292969
51619376,264.4540710449219
51628112,291.3840026855469
51635088,279.0978088378906
51636256,237.2049102783203
51646400,265.587158203125
51656128,252.25021362304688
51689632,273.92889404296875
51714224,256.8758544921875
51717552,266.9618225097656
51723840,231.90594482421875
51730800,249.9967498779297
51737184,259.31988525390625
51773232,223.56617736816406
51778192,242.97088623046875
51784576,43.452919006347656
51793888,243.94970703125
51818288,281.391845703125
51845520,288.9132995605469
51855680,48.378089904785156
51858640,265.09661865234375
51876128,267.425048828125
51891616,277.8043212890625
51892752,250.32162475585938
51894368,273.3364562988281
51924224,286.1955871582031
51931520,265.1537170410156
51970624,238.11376953125
51971616,269.91680908203125
51973680,256.5779724121094
51985184,296.5222473144531
52006848,264.5295104980469
52014720,228.1815185546875
52024896,237.44210815429688
52056240,256.0321044921875
52061344,269.8711242675781
52066592,221.8281707763672
52083424,241.41163635253906
52093232,290.8332214355469
52094832,222.86448669433594
52104896,272.1624755859375
52145312,250.25669860839844
52162144,252.463134765625
52187344,249.52146911621094
52190320,251.77383422851562
52196176,279.9046936035156
52197216,259.66778564453125
52202832,246.11178588867188
52203024,223.01649475097656
52219744,212.29580688476562
52233808,292.3876647949219
52243488,260.4001770019531
52247360,246.08413696289062
52268960,258.72552490234375
52273776,266.9453430175781
52286640,279.0196228027344
52291552,285.4371337890625
52294048,261.51995849609375
52301808,19.0489501953125
52308960,228.56285095214844
52310704,271.63250732421875
52311568,229.64627075195312
52313312,298.21234130859375
52318080,254.58497619628906
52331376,291.4029235839844
52348208,292.9003601074219
52357120,251.13050842285156
52358656,233.64239501953125
52372016,291.25811767578125
52386416,265.77191162109375
52399600,278.72711181640625
52401920,273.63232421875
52402208,286.04913330078125
52409152,280.8485412597656
52418432,268.87762451171875
52424880,237.46975708007812
52433152,258.87481689453125
52447632,244.97984313964844
52469776,78.87543487548828
52496832,267.651123046875
52498816,263.775390625
52500064,239.418212890625
52513040,262.3407897949219
52513072,253.6466064453125
52522784,264.2178649902344
52523728,268.1632080078125
52528640,261.89630126953125
52535200,294.26556396484375
52536992,283.40777587890625
52554224,267.6903076171875
52570832,250.73533630371094
52575600,257.2123107910156
52587456,249.36944580078125
52606912,263.86102294921875
52609744,232.3064422607422
52620544,250.55844116210938
52625440,260.18682861328125
52641104,282.55340576171875
52647552,261.5636291503906
52671520,237.85874938964844
52686048,265.4469909667969
52687344,262.1231384277344
52689488,283.12249755859375
52694432,277.6775817871094
52697440,280.47100830078125
52704784,252.2360076904297
52714032,257.03448486328125
52715744,246.58262634277344
52716176,212.43936157226562
52729280,252.6140899658203
52742784,229.55023193359375
52760512,240.08998107910156
52763536,286.1509704589844
52772160,214.27963256835938
52778320,263.6180725097656
52780320,248.89817810058594
52783056,241.0577392578125
52825536,235.52699279785156
52840176,238.0168914794922
52851760,249.5443878173828
52852864,264.42132568359375
52861568,265.9765625
52877248,258.4855041503906
52881952,268.9429626464844
52884352,268.3431091308594
52892288,214.40528869628906
52896288,267.4976806640625
52901712,286.36639404296875
52904352,234.6688690185547
52907200,238.3008270263672
52911632,261.5539245605469
52917616,233.3578643798828
52939712,277.12200927734375
52950864,230.03407287597656
52954304,250.03948974609375
52956960,256.2613525390625
52966080,272.17266845703125
52966496,270.1020812988281
52973584,237.2475128173828
52983344,241.56187438964844
52992608,259.5049743652344
52994544,249.90753173828125
52994672,281.57916259765625
52998768,259.05914306640625
53009664,242.81768798828125
53012704,249.840576171875
53018768,284.07586669921875
53021600,258.87109375
53037584,262.1120910644531
53045232,255.0592803955078
53047408,250.07040405273438
53053328,247.888671875
53066912,258.9845275878906
53075744,254.71267700195312
53082288,254.6051025390625
53086592,258.5718688964844
53088384,242.831298828125
53089232,258.2807922363281
53102672,267.844970703125
53124032,273.260986328125
53126032,256.2924499511719
53132992,270.75848388671875
53138400,233.8004913330078
53140480,230.5244598388672
53145680,252.15553283691406
53148416,278.55902099609375
53155168,304.0997314453125
53175136,232.71124267578125
53183776,276.38177490234375
53200544,277.05810546875
53209088,258.6266174316406
53211472,266.0528869628906
53248912,248.34884643554688
53250144,258.9223937988281
53260160,270.3990478515625
53265264,276.3815002441406
53272288,254.03720092773438
53284176,249.20852661132812
53300400,243.81924438476562
53324224,285.45556640625
53344992,258.0969543457031
53362128,254.39260864257812
53378032,255.5326690673828
53383040,267.42510986328125
53392240,260.64532470703125
53406032,254.94224548339844
53409248,299.1719055175781
53430704,255.3980712890625
53445072,247.3412628173828
53445936,263.54437255859375
53449488,271.9029541015625
53458016,262.2763671875
53464480,270.24163818359375
53465456,238.84474182128906
53465504,269.52044677734375
53477776,230.58990478515625
53483904,10.532304763793945
53488368,264.9766540527344
53499888,244.02565002441406
53506320,288.748046875
53522944,233.0865478515625
53536320,230.7509765625
53536336,301.0636291503906
53538880,286.8587341308594
53542352,281.6235046386719
53547504,265.7547302246094
53549712,219.03692626953125
53553328,248.20718383789062
53554176,261.5819091796875
53568528,282.30438232421875
53596592,244.8798370361328
53596656,266.6390075683594
53603568,259.87872314453125
53609104,246.75030517578125
53615200,266.99249267578125
53635136,247.46812438964844
53642000,255.40707397460938
53657696,256.718994140625
53657952,274.7705383300781
53661568,260.6567687988281
53669072,258.35479736328125
53681696,57.1847038269043
53686912,236.70433044433594
53689088,273.4931945800781
53748976,247.20372009277344
53762688,276.8525695800781
53778496,283.9452819824219
53780128,217.0251922607422
53796096,276.4256896972656
53797728,259.1492004394531
53801312,297.7439270019531
53802000,275.860107421875
53813008,282.82208251953125
53826736,238.6720428466797
53832336,266.4152526855469
53846304,258.0953369140625
53852752,292.088134765625
53876960,256.7627258300781
53877216,248.92367553710938
53895408,247.45144653320312
53945680,274.52362060546875
53949824,290.25555419921875
53952672,235.4137420654297
53956768,280.03656005859375
53975280,270.3456726074219
53977232,220.106201171875
53991872,286.7405090332031
54000432,292.45086669921875
54042976,285.6908874511719
54055008,261.0452880859375
54057808,255.1235809326172
54062832,315.6788330078125
54100720,243.42222595214844
54104176,267.498046875
54140368,277.5135498046875
54153248,285.8520812988281
54185712,263.45574951171875
54190864,295.74517822265625
54221920,289.3523864746094
54222480,219.6925506591797
54255904,261.8294982910156
54268768,231.21890258789062
54276064,260.8516845703125
54290016,241.7269287109375
54298400,277.4925231933594
54305216,231.15626525878906
54305584,225.78721618652344
54309648,257.8122253417969
54319760,252.8298797607422
54320400,287.826171875
54325344,250.89187622070312
54335568,249.85328674316406
54340176,269.6459045410156
54364896,241.28933715820312
54371856,256.9800109863281
54377824,258.8577575683594
54410576,47.13487243652344
54411008,278.9316711425781
54420192,273.6487121582031
54422960,231.92222595214844
54429376,223.61343383789062
54443120,300.3726806640625
54459568,221.07086181640625
54464016,253.76150512695312
54469760,286.878662109375
54479008,265.8336486816406
54488912,257.32025146484375
54496416,267.332275390625
54502688,261.10784912109375
54506832,256.31268310546875
54509760,230.5775604248047
54512496,243.19578552246094
54561664,240.5575714111328
54562064,261.5565185546875
54564800,257.9831848144531
54590608,248.1582794189453
54596160,233.51002502441406
54599696,261.1346740722656
54615024,257.89471435546875
54623616,248.69737243652344
54630384,271.8965759277344
54631680,261.61968994140625
54637824,247.91392517089844
54642960,246.50387573242188
54647232,211.0147247314453
54689232,254.9570770263672
54721504,226.5557403564453
54741424,267.70458984375
54818224,238.6623077392578
54827376,261.2542419433594
54833184,264.194580078125
54839984,258.42218017578125
54854512,295.91693115234375
54865680,282.26171875
54883200,9.585346221923828
54892720,260.86370849609375
54897712,242.44664001464844
54911520,242.80810546875
54918848,263.33111572265625
54931312,265.7263488769531
54932416,299.4192810058594
54956480,263.1807861328125
54961952,264.6105041503906
54973792,255.5139923095703
54987920,263.1739501953125
54992432,262.5606689453125
54993952,279.63232421875
55024784,291.22125244140625
55052528,249.30966186523438
55057264,261.2444763183594
55064128,292.7702941894531
55070544,236.4788360595703
55089136,274.0441589355469
55093840,257.26129150390625
55107248,229.80906677246094
55111808,268.763427734375
55117216,277.5038757324219
55119856,286.94805908203125
55122544,285.9808654785156
55139632,227.45179748535156
55141200,267.8670349121094
55154352,283.96600341796875
55179936,263.5799865722656
55188096,274.4851379394531
55193888,243.41299438476562
55194592,276.8270568847656
55196928,271.25897216796875
55199136,293.5391540527344
55215184,221.32846069335938
55225088,278.0226135253906
55229728,276.41912841796875
55245104,281.3923034667969
55253504,270.4206237792969
55263488,254.55609130859375
55277232,241.64938354492188
55279120,236.72068786621094
55302704,271.127197265625
55327760,286.69281005859375
55336432,266.4866943359375
55341712,249.3223876953125
55370352,57.18560028076172
55371232,247.17897033691406
55387136,250.9786376953125
55396400,79.32939910888672
55441328,258.86370849609375
55443024,290.40203857421875
55474016,240.0867462158203
55475072,290.27203369140625
55509120,266.5660095214844
55518672,282.1083984375
55533072,271.51483154296875
55540048,249.3575897216797
55548368,230.2875518798828
55554368,247.55946350097656
55575424,271.0774841308594
55588400,286.2483825683594
55615568,278.03533935546875
55622064,248.4982452392578
55642784,233.77049255371094
55646224,274.1659851074219
55652080,229.74305725097656
55677248,273.8527526855469
55677968,254.98489379882812
55686480,273.35711669921875
55706208,256.16259765625
55714768,246.501708984375
55723312,245.44033813476562
55741952,269.2665100097656
55745264,298.7109069824219
55748192,253.26998901367188
55761776,303.808349609375
55789456,247.54103088378906
55795632,248.30758666992188
55802432,278.4447021484375
55803680,272.7050476074219
55819920,266.51824951171875
55829504,270.4382019042969
55829776,271.4136962890625
55835760,224.10044860839844
55862128,286.8695983886719
55900320,266.6752014160156
55909472,279.41815185546875
55923184,253.68585205078125
55928832,241.2770538330078
55933584,272.7940979003906
55954192,267.5924072265625
56013552,268.064453125
56068800,250.0889129638672
56075616,279.99896240234375
56084544,247.140869140625
56094016,304.2086181640625
56119200,222.86764526367188
56164912,279.48443603515625
56177632,249.6291046142578
56184736,265.1029052734375
56188544,264.94586181640625
56194544,278.9282531738281
56203920,230.4189453125
56205168,245.84803771972656
56215648,283.20355224609375
56221776,45.99855041503906
56222160,253.9457550048828
56228688,262.03466796875
56256880,249.32286071777344
56260352,296.4874267578125
56266288,242.90997314453125
56292464,264.63336181640625
56306816,276.958740234375
56306992,241.32901000976562
56324432,236.56890869140625
56326608,261.1701965332031
56332544,267.79486083984375
56339456,265.11334228515625
56357952,258.7159423828125
56365968,277.401611328125
56383456,239.54913330078125
56396208,224.41250610351562
56409216,289.484619140625
56412416,271.06890869140625
56414624,269.64910888671875
56415168,268.7672424316406
56436176,244.3804931640625
56436752,284.4120788574219
56456576,257.5420837402344
56466560,273.4888000488281
56472224,296.8127136230469
56476816,261.60076904296875
56477072,258.58953857421875
56498240,273.82232666015625
56501248,281.594970703125
56506528,263.361083984375
56511456,265.82080078125
56525728,244.24095153808594
56543040,290.84393310546875
56559344,270.76416015625
56561888,263.0798034667969
56638208,240.84735107421875
56646800,254.83322143554688
56652944,268.3153991699219
56657488,270.17254638671875
56666048,251.26881408691406
56676672,262.9694519042969
56681904,242.91053771972656
56698688,268.47222900390625
56706288,275.60205078125
56713776,235.29226684570312
56751904,275.1799621582031
56754000,245.22401428222656
56778944,217.65194702148438
56784752,259.5672912597656
56791888,294.7507629394531
56803824,259.08477783203125
56804128,245.93345642089844
56808240,300.45318603515625
56813248,224.53355407714844
56813424,252.3386688232422
56831408,243.06585693359375
56837296,277.1292724609375
56841696,259.1058044433594
56842400,255.82261657714844
56850224,276.49652099609375
56862352,260.5511779785156
56864736,27.497913360595703
56866352,299.2491149902344
56869408,284.4871520996094
56881248,233.05984497070312
56904688,265.3871154785156
56937744,267.7469787597656
56950656,234.92324829101562
56953888,219.4431610107422
56974416,293.5160217285156
57002192,276.47796630859375
57004160,281.6724548339844
57024880,218.01661682128906
57045424,285.892822265625
57064192,248.31736755371094
57070672,264.2597351074219
57076288,235.62904357910156
57079936,274.7171936035156
57100432,271.6807861328125
57108640,290.7398681640625
57116288,293.62640380859375
57129952,236.39109802246094
57129968,26.501317977905273
57141088,247.64161682128906
57144720,265.12139892578125
57167008,297.59954833984375
57184608,270.7847595214844
57191856,233.6287078857422
57192336,223.68325805664062
57205792,300.5902099609375
57208272,247.55401611328125
57217248,283.1973571777344
57218608,292.06097412109375
57223424,255.92611694335938
57223904,280.3594970703125
57243840,284.29345703125
57265840,281.5563659667969
57291040,258.67987060546875
57300848,255.4635009765625
57304656,43.33028030395508
57312400,276.8913879394531
57325648,282.47576904296875
57354160,264.7868957519531
57374720,272.96551513671875
57375968,228.5592041015625
57381744,258.5800476074219
57384848,266.9610290527344
57385360,270.4489440917969
57396464,261.5428161621094
57406624,245.51602172851562
57410000,234.87364196777344
57416928,264.0082702636719
57432240,241.4318389892578
57443136,234.04034423828125
57456352,265.0352478027344
57467840,251.82350158691406
57473024,268.6858825683594
57478160,234.0301971435547
57496256,234.6435089111328
57534240,255.4697723388672
57568960,274.2549133300781
57574128,244.3585662841797
57582896,268.91717529296875
57589856,256.2964782714844
57593920,272.55859375
57600288,260.40924072265625
57608288,241.34494018554688
57624336,247.78184509277344
57650304,262.32928466796875
57686688,273.8570861816406
57695920,224.38233947753906
57702880,269.7220458984375
57726448,257.4134826660156
57739792,262.4761657714844
57741584,220.1439208984375
57773152,280.69647216796875
57776128,236.6491241455078
57784624,238.65325927734375
57794832,247.7952880859375
57804672,250.6221160888672
57813328,233.5558319091797
57837488,237.21408081054688
57842608,258.2032470703125
57853232,246.33438110351562
57882240,249.31858825683594
57886240,260.2815246582031
57886560,273.7620544433594
57913536,277.58697509765625
57915600,283.57177734375
57917968,248.38929748535156
57919824,287.5870666503906
57934944,254.62606811523438
57937008,262.676025390625
57937776,263.27239990234375
57951440,220.6907196044922
57970112,288.12744140625
57975216,280.3636169433594
57988928,239.06202697753906
57991168,252.1732635498047
57998352,260.3447570800781
58011344,240.64060974121094
58015456,270.63714599609375
58020704,224.5241241455078
58021040,253.28878784179688
58021056,281.783935546875
58021360,229.53387451171875
58060928,285.6025390625
58076400,302.4568176269531
58079296,251.6675567626953
58109440,229.46560668945312
58144656,273.4172668457031
58146416,262.7047119140625
58151696,266.03106689453125
58153616,273.13726806640625
58180048,237.80694580078125
58208880,257.11907958984375
58235344,244.7794952392578
58237376,291.71026611328125
58238128,258.4909362792969
58244640,258.0965881347656
58248352,274.6737976074219
58285824,285.4713439941406
58287216,264.02392578125
58297488,284.93218994140625
58300896,271.9375305175781
58302672,275.7705078125
58303904,283.14288330078125
58308944,295.2907409667969
58329312,254.17730712890625
58330096,239.7392578125
58354112,257.6938171386719
58365584,75.30086517333984
58367648,266.51171875
58368480,280.31591796875
58467200,288.6459655761719
58471968,261.8797912597656
58482992,268.8857421875
58514272,259.6324157714844
58520560,236.02557373046875
58533408,282.7983703613281
58542960,271.7060241699219
58543808,252.08555603027344
58547120,241.86363220214844
58551312,220.25521850585938
58552096,259.6335754394531
58594864,28.358983993530273
58609408,278.79876708984375
58627552,267.35540771484375
58632016,267.06427001953125
58633792,245.4479217529297
58637136,265.06396484375
58660128,263.97686767578125
58673184,261.9792175292969
58678432,264.2811279296875
58736736,235.1143341064453
58736944,275.8091125488281
58741648,275.8857116699219
58755904,234.71978759765625
58781296,267.06915283203125
58791472,251.35304260253906
58791920,241.7097930908203
58829568,238.20033264160156
58830048,283.5696716308594
58839536,266.7164611816406
58844736,252.41770935058594
58845312,281.254638671875
58849680,270.4872131347656
58854160,245.11154174804688
58856720,231.1121368408203
58868112,261.6269836425781
58880240,258.1141662597656
58894160,264.4639587402344
58921392,266.8314208984375
58934800,246.9491424560547
58943952,259.1060791015625
58963040,273.6315002441406
58963968,258.84130859375
58967088,227.2235107421875
59002240,276.6965026855469
59009248,253.4738006591797
59012288,272.7995910644531
59023360,253.9176483154297
59025168,290.2157287597656
59025568,259.62591552734375
59029824,255.73631286621094
59052480,265.2979736328125
59065568,250.67971801757812
59090832,256.6449279785156
59097904,248.9517059326172
59107184,19.262252807617188
59110768,271.2062072753906
59113632,243.42227172851562
59117280,267.0403137207031
59135840,255.97804260253906
59155584,243.8230743408203
59169712,280.6776123046875
59173088,307.2740783691406
59184944,284.2418518066406
59192160,254.32305908203125
59194480,249.2274932861328
59195408,280.2464904785156
59210304,263.487060546875
59220592,277.5233459472656
59228544,277.14892578125
59239200,282.69561767578125
59250480,250.44752502441406
59264176,281.8057861328125
59276544,263.4027099609375
59312128,293.63299560546875
59312144,256.7723693847656
59316848,294.7167053222656
59328944,263.8451232910156
59354144,293.0926208496094
59359680,294.54925537109375
59378512,304.1454772949219
59381344,243.235595703125
59407040,262.0373229980469
59411168,261.218017578125
59411616,282.329833984375
59435824,272.4907531738281
59437728,250.0345001220703
59440544,223.0901641845703
59463920,239.95143127441406
59468448,283.853271484375
59472112,245.23680114746094
59475888,278.5787658691406
59498848,263.6762390136719
59508704,272.6188659667969
59537376,279.1710510253906
59544192,246.5963897705078
59544560,280.20831298828125
59548240,29.686086654663086
59551040,233.11863708496094
59553040,262.1329345703125
59576240,250.5563507080078
59578864,253.34780883789062
59591248,284.2247619628906
59602528,276.2801208496094
59631984,270.57830810546875
59637808,231.85850524902344
59639248,250.28150939941406
59648400,290.5473937988281
59659200,257.82177734375
59673184,283.2542724609375
59674480,223.5372772216797
59677296,264.62469482421875
59678288,278.9858703613281
59680224,237.7928924560547
59692848,283.1864929199219
59716592,238.42201232910156
59720240,274.3356018066406
59723440,246.73684692382812
59737488,281.0760498046875
59739232,21.877643585205078
59756416,279.97149658203125
59758576,257.188232421875
59822816,263.15496826171875
59831760,270.1686706542969
59832960,249.5250701904297
59839808,253.04345703125
59859456,247.94908142089844
59861136,267.0882263183594
59880192,232.3513946533203
59887952,260.3291015625
59912016,231.10801696777344
59914448,218.71713256835938
59929456,233.2722930908203
59938976,238.8058624267578
59943456,148.62733459472656
59947264,268.74652099609375
59948096,251.65289306640625
59948528,245.04348754882812
59952144,243.1238250732422
59965360,261.54150390625
59990944,247.89694213867188
59994736,243.50901794433594
60020688,285.08355712890625
60041296,263.92779541015625
60043216,267.70330810546875
60052752,240.48497009277344
60054720,300.7014465332031
60056112,227.07286071777344
60057696,256.0023193359375
60066752,262.0318298339844
60070704,250.5927734375
60087584,237.44549560546875
60088976,272.462890625
60122896,271.3290710449219
60128992,275.2266845703125
60135504,226.839599609375
60146464,235.224609375
60155040,255.17507934570312
60164368,266.59283447265625
60170160,238.36160278320312
60179568,284.3578796386719
60183024,270.9785461425781
60188656,267.2677917480469
60203216,279.1676025390625
60212576,255.45358276367188
60217424,254.72801208496094
60236144,246.0797119140625
60263776,228.7864227294922
60303664,265.7687072753906
60306000,278.6488342285156
60307616,264.2283020019531
60327968,210.5973358154297
60340928,249.15345764160156
60365248,255.21383666992188
60368128,237.29396057128906
60381696,255.6114501953125
60384576,255.45443725585938
60402960,253.35926818847656
60407568,247.9032440185547
60408560,289.10638427734375
60411616,47.24031066894531
60437728,210.13938903808594
60457680,243.1580047607422
60459744,233.18051147460938
60460592,254.49945068359375
60468352,260.411865234375
60470816,271.1199035644531
60472736,235.1135711669922
60474656,35.32630920410156
60479424,260.73870849609375
60492432,265.3449401855469
60506080,286.71343994140625
60516880,270.6124572753906
60518192,255.76031494140625
60537168,284.3055419921875
60538528,268.31170654296875
60550560,267.87164306640625
60567888,234.95339965820312
60573536,258.9112854003906
60578464,244.44949340820312
60583792,293.68890380859375
60595376,237.70849609375
60599264,240.12832641601562
60599680,236.29733276367188
60601920,265.40692138671875
60615504,235.31710815429688
60616432,283.6195373535156
60618480,272.7225646972656
60618720,274.1639404296875
60626304,249.3222198486328
60627168,249.0891876220703
60630016,268.9922790527344
60635776,240.22421264648438
60656544,228.1372833251953
60667264,257.9669189453125
60668704,257.6755676269531
60730576,232.215087890625
60746896,239.828125
60747312,268.70904541015625
60757872,267.9687805175781
60763776,272.81573486328125
60776768,273.4383544921875
60781872,288.68255615234375
60782512,265.84161376953125
60783088,262.7690124511719
60790800,280.97662353515625
60796672,251.3220672607422
60806080,267.8710632324219
60808576,278.859130859375
60808864,268.3291015625
60810224,245.9652862548828
60812992,251.8861541748047
60816176,228.92550659179688
60816992,256.8138732910156
60829216,264.5056457519531
60829952,241.36488342285156
60853904,259.59112548828125
60855184,266.46197509765625
60861424,241.9958953857422
60869872,264.63531494140625
60922576,273.61041259765625
60923808,283.9212951660156
60929792,273.15423583984375
60937888,273.1076354980469
60940640,249.61605834960938
60977344,271.6765441894531
60985472,267.5155944824219
60990176,258.8871154785156
60992976,259.1462097167969
61001424,280.3541259765625
61017616,220.37583923339844
61031504,279.864013671875
61049616,276.4074401855469
61062848,225.44044494628906
61073584,238.97402954101562
61076096,234.40777587890625
61113248,243.37338256835938
61115136,235.33486938476562
61123824,282.19921875
61135360,235.2948455810547
61141840,241.88751220703125
61156848,273.76324462890625
61161504,248.56219482421875
61174768,257.0574035644531
61183456,262.54315185546875
61193888,227.7306671142578
61201888,250.63511657714844
61203616,256.7897644042969
61249248,269.62713623046875
61255952,270.0795593261719
61270720,266.9486999511719
61284320,263.5679016113281
61288608,246.19349670410156
61295792,255.04803466796875
61305264,238.1107940673828
61329504,272.3461608886719
61338464,267.1785583496094
61339248,210.1871795654297
61373008,283.085205078125
61387616,283.3828430175781
61392368,242.21484375
61409680,255.37693786621094
61411456,259.7550354003906
61419632,291.69287109375
61495872,62.89656448364258
61497392,250.6566619873047
61502224,280.7648620605469
61545824,254.1565399169922
61546080,272.4202880859375
61547136,221.82989501953125
61565104,260.72662353515625
61589712,247.22459411621094
61597872,287.7120666503906
61601744,245.37168884277344
61609648,296.8749694824219
61619984,224.90272521972656
61628992,275.9068298339844
61635264,234.99697875976562
61646384,240.6839141845703
61666320,253.3691864013672
61671728,273.1325378417969
61678592,278.8925476074219
61680880,278.966552734375
61687152,299.8569030761719
61710128,276.370361328125
61716192,262.71875
61723408,225.16046142578125
61771776,237.47451782226562
61779168,263.433837890625
61779920,259.9698181152344
61812160,289.47247314453125
61815184,282.4219970703125
61826656,276.0771179199219
61831536,245.87001037597656
61838048,288.2315368652344
61868016,221.1304931640625
61874720,233.9471435546875
61878864,261.9734191894531
61880912,241.57550048828125
61886480,254.31028747558594
61889984,261.0280456542969
61906992,255.35018920898438
61944992,257.6822204589844
61948512,254.30836486816406
61961744,220.57484436035156
61965984,16.14242172241211
61967952,228.26846313476562
62001568,241.1529998779297
62017136,272.5638732910156
62024848,247.8641815185547
62041664,243.50839233398438
62047088,257.6666259765625
62058784,254.57215881347656
62082080,276.9543762207031
62082160,292.129638671875
62089856,279.1772155761719
62091392,265.8130187988281
62135456,275.0636291503906
62168208,220.02525329589844
62177856,235.91342163085938
62178128,216.44691467285156
62229120,256.2937316894531
62265360,220.4139862060547
62268848,262.4994201660156
62270784,256.25457763671875
62271472,300.8270263671875
62301232,265.1038513183594
62322864,268.3820495605469
62328352,259.2117614746094
62337664,261.40887451171875
62339088,294.1977233886719
62352000,252.42767333984375
62362800,299.0982360839844
62368928,317.71630859375
62376288,268.95599365234375
62392240,246.0823211669922
62406288,273.9398193359375
62408816,253.5588836669922
62432752,256.0865783691406
62439008,266.8250427246094
62453312,270.606689453125
62458144,279.86285400390625
62460112,286.7245178222656
62473056,231.8896026611328
62478592,273.8415832519531
62487856,287.1174621582031
62493808,279.13909912109375
62504976,218.21066284179688
62505472,266.56427001953125
62540336,228.73330688476562
62561616,291.0164794921875
62562080,281.6739807128906
62562304,257.02801513671875
62571488,283.68853759765625
62580080,298.83160400390625
62586608,285.6531677246094
62598864,270.2101135253906
62605440,219.84979248046875
62613056,223.0589141845703
62613328,284.01470947265625
62645040,295.5711364746094
62653408,265.5718994140625
62663888,237.7608184814453
62701296,298.2665710449219
62708240,250.82797241210938
62712528,288.3101501464844
62715552,283.57177734375
62721696,203.0455322265625
62722352,248.25038146972656
62754176,272.7220153808594
62765872,227.4695281982422
62781392,280.6216735839844
62806528,213.74887084960938
62812608,273.8792419433594
62825440,252.33792114257812
62836720,295.13604736328125
62851872,263.758056640625
62856016,232.38150024414062
62864960,278.8523864746094
62867792,249.1600341796875
62868096,239.3083038330078
62873616,261.31243896484375
62886912,225.3628387451172
62907392,258.42596435546875
62910720,279.73468017578125
62916416,252.80043029785156
62917840,241.46112060546875
62920048,268.6304016113281
62928496,274.00628662109375
62936704,244.25375366210938
62960864,289.1099548339844
62963264,239.58804321289062
62965536,265.1618347167969
62979456,272.2240295410156
62990416,258.90081787109375
62990880,258.4352722167969
62994288,271.5301208496094
63019760,289.2580261230469
63023056,295.7838134765625
63026832,235.34210205078125
63034048,239.37669372558594
63046512,72.62376403808594
63047520,270.0051574707031
63060016,251.18382263183594
63064464,234.64630126953125
63074752,306.8974304199219
63075760,234.2301483154297
63076608,253.3640899658203
63081264,41.68307876586914
63111728,238.24502563476562
63111984,284.7612609863281
63124800,241.63616943359375
63152560,263.1272277832031
63156608,275.8432922363281
63159216,283.981689453125
63160080,233.59190368652344
63160304,271.8338623046875
63190704,260.40435791015625
63201360,304.2433166503906
63228224,283.49853515625
63258576,267.76617431640625
63260272,281.46051025390625
63276992,252.5423583984375
63282336,277.60455322265625
63319920,222.15521240234375
63323840,242.82789611816406
63325632,223.09791564941406
63326544,47.89098358154297
63334384,291.882568359375
63377952,288.7379150390625
63392528,284.6759948730469
63430320,252.5568084716797
63431840,299.8495178222656
63431904,279.0522155761719
63449408,282.84881591796875
63463328,273.33404541015625
63467728,233.85879516601562
63469008,264.8726806640625
63474496,278.6434326171875
63475072,271.61212158203125
63486320,267.3843688964844
63500512,232.90963745117188
63510032,281.3625183105469
63512960,295.6324157714844
63524800,253.35060119628906
63528000,243.6891632080078
63538944,259.05908203125
63563520,239.3419189453125
63563776,259.9141540527344
63564048,289.79827880859375
63622112,248.94923400878906
63640304,231.52593994140625
63643040,282.3373107910156
63645232,285.2996520996094
63653568,287.2046203613281
63654976,272.1086730957031
63655472,235.64584350585938
63660304,292.5244445800781
63681168,293.5034484863281
63683792,268.93743896484375
63695792,267.4333801269531
63706208,226.572265625
63724448,287.2845458984375
63725616,285.5052490234375
63727696,277.4215087890625
63734480,281.2757873535156
63750192,268.3601379394531
63766816,222.95068359375
63787200,272.1993103027344
63817792,260.837890625
63850448,226.26895141601562
63851504,232.50213623046875
63860656,227.1730194091797
63871792,301.7259216308594
63872688,36.51370620727539
63877280,260.6766662597656
63895072,271.826416015625
63898704,275.5907287597656
63925040,234.67877197265625
63940464,262.69781494140625
63947200,261.51849365234375
63951088,253.173095703125
63955312,292.38031005859375
63960048,255.10064697265625
63960992,289.86187744140625
63964992,232.0069580078125
63995344,268.24212646484375
64009008,273.2716064453125
64021072,286.82098388671875
64029552,266.4157409667969
64032160,235.10934448242188
64040992,271.8223876953125
64044336,230.9004364013672
64055936,241.26124572753906
64078112,274.1097106933594
64090128,260.450927734375
64105488,281.52911376953125
64110064,230.42193603515625
64110128,226.6033477783203
64117680,255.40501403808594
64119920,290.7186584472656
64123040,281.9402160644531
64129632,-133.55874633789062
64131936,62.68284225463867
64131968,95.43167877197266
64143360,279.39508056640625
64149040,250.26226806640625
64158192,291.42449951171875
64162880,282.5079345703125
64163152,256.2755432128906
64190000,232.46316528320312
64192208,296.5112609863281
64195808,269.1441955566406
64223600,235.21145629882812
64238224,265.5230712890625
64244560,278.9031982421875
64247200,259.6356506347656
64255456,257.706787109375
64276976,282.2458190917969
64286672,227.93690490722656
64303776,257.93804931640625
64337408,285.75555419921875
64340176,223.40567016601562
64369216,257.0088195800781
64369760,283.5880432128906
64375264,237.2958221435547
64375728,286.6390686035156
64406592,251.43992614746094
64413360,277.70880126953125
64414288,234.78334045410156
64417136,222.43310546875
64423072,256.764404296875
64430000,274.8052978515625
64435456,248.0552520751953
64439744,260.40606689453125
64449568,263.240966796875
64471040,231.09454345703125
64479600,258.26678466796875
64481920,241.0011749267578
64482224,253.11776733398438
64483840,264.6394958496094
64487104,246.93980407714844
64489040,297.9626159667969
64500336,236.66046142578125
64501680,267.05816650390625
64510000,238.20516967773438
64538048,241.96746826171875
64563952,276.1152648925781
64569616,274.5826110839844
64574016,278.90692138671875
64612208,245.61865234375
64614752,293.9956970214844
64617392,225.22047424316406
64660192,264.33856201171875
64693520,281.5744323730469
64706528,236.3270721435547
64720048,236.4216766357422
64724272,222.70494079589844
64781712,264.8531494140625
64782016,269.8438720703125
64784272,259.2684326171875
64802640,254.41351318359375
64807184,235.90011596679688
64818160,278.711669921875
64824656,296.2760009765625
64825616,285.1466369628906
64826704,309.4666442871094
64850896,258.9927978515625
64859216,272.2855224609375
64870512,277.6944274902344
64891344,296.59063720703125
64902064,286.0309753417969
64915808,46.647945404052734
64915856,240.01968383789062
64937968,256.4696960449219
64939824,240.6725616455078
64953856,233.4552764892578
64955472,286.464111328125
64964160,239.6872100830078
64964608,279.6488952636719
64989568,53.77267837524414
64999952,254.3063507080078
65007760,254.3765869140625
65008592,247.49635314941406
65014240,308.6221008300781
65016752,234.21441650390625
65021552,284.03271484375
65029664,278.9905090332031
65043952,260.3040466308594
65048400,249.37452697753906
65060464,250.75869750976562
65062528,249.9113311767578
65066416,264.1678161621094
65071280,263.7238464355469
65071872,260.7443542480469
65071872,287.59490966796875
65076224,261.95989990234375
65078896,262.6147155761719
65097024,279.1195068359375
65104256,280.9298400878906
65111120,241.20335388183594
65112240,307.25592041015625
65114208,281.7845458984375
65114656,283.5080871582031
65117424,269.73291015625
65122128,276.1012878417969
65143216,308.0259704589844
65149008,283.3637390136719
65181056,280.25115966796875
65208192,265.4195251464844
65210368,261.10491943359375
65213072,301.6666564941406
65216096,275.7281494140625
65221568,315.01873779296875
65222416,267.8366394042969
65261136,226.4609832763672
65265264,25.357620239257812
65265616,228.29380798339844
65269120,275.86590576171875
65270032,306.17340087890625
65276976,222.41561889648438
65289696,290.8838806152344
65297232,235.8749542236328
65300288,277.1259765625
65323584,282.6415100097656
65341776,265.9519348144531
65347072,265.8377380371094
65356528,286.6995849609375
65370656,37.413291931152344
65373344,307.226806640625
65376368,286.4137878417969
65379520,240.46957397460938
65406944,293.8305358886719
65414960,248.72650146484375
65418736,286.9673156738281
65421168,290.3870849609375
65439232,229.7133026123047
65458512,270.75372314453125
65459120,237.26515197753906
65479840,231.20936584472656
65531216,291.9528503417969
65540000,271.31805419921875
65547904,297.733154296875
65548048,292.51751708984375
65552464,293.4727478027344
65558512,249.73973083496094
65562176,281.56451416015625
65564800,241.51296997070312
65567632,249.8687286376953
65571072,260.195068359375
65583200,275.3914489746094
65603936,289.7837829589844
65607600,245.43814086914062
65609840,241.12380981445312
65635664,305.1527404785156
65637200,286.7485046386719
65644144,250.37432861328125
65652032,295.328857421875
65662240,224.79013061523438
65669376,248.2582550048828
65704096,254.3551788330078
65712464,256.99859619140625
65726336,267.2384948730469
65739232,289.21783447265625
65798640,249.0895538330078
65812256,287.9684143066406
65826192,255.3013916015625
65829568,248.53126525878906
65837744,254.7889404296875
65855264,294.4184265136719
65869120,301.57373046875
65901152,285.3631286621094
65941408,233.11497497558594
65963408,251.47808837890625
65968864,270.7128601074219
66014208,297.6319580078125
66019088,312.6524963378906
66022624,279.1484069824219
66040736,282.4746398925781
66043296,279.3057556152344
66065072,292.70074462890625
66102656,274.9239196777344
66108704,253.17410278320312
66126672,246.93231201171875
66128576,243.54742431640625
66136608,272.94940185546875
66138432,219.48681640625
66138912,274.64324951171875
66148832,279.484130859375
66154160,299.0096435546875
66184016,291.2714538574219
66207232,268.8384094238281
66213984,287.49615478515625
66217664,273.1940002441406
66222576,267.1723937988281
66248640,270.1260070800781
66255024,294.1166076660156
66262336,261.77593994140625
66264992,251.73451232910156
66282784,269.0351867675781
66294960,300.1601867675781
66297216,275.4275207519531
66302032,239.56448364257812
66309152,309.28759765625
66318352,286.8920593261719
66326048,297.0328674316406
66349232,283.9678955078125
66352160,297.1375427246094
66364144,268.65875244140625
66365904,208.1214141845703
66368960,269.05853271484375
66378864,289.8153381347656
66392848,266.01116943359375
66396800,277.5906066894531
66433472,273.6085510253906
66446592,276.78570556640625
66453040,261.6326904296875
66463216,218.644775390625
66473680,275.7624206542969
66483424,293.068115234375
66506432,302.0455627441406
66571296,289.088134765625
66579712,264.7176818847656
66582864,286.3918762207031
66590224,259.45294189453125
66596032,273.70458984375
66602080,309.72344970703125
66606512,245.0111846923828
66632432,295.7456359863281
66634000,240.2845458984375
66646912,277.705810546875
66681472,274.0570983886719
66686160,294.6604309082031
66686224,264.7724914550781
66689072,228.49082946777344
66692832,300.6072998046875
66735712,301.7810363769531
66740800,273.39794921875
66764656,292.571533203125
66782816,237.7333526611328
66788320,284.1141662597656
66798304,271.6078796386719
66804048,50.01133346557617
66833392,250.7193603515625
66847008,228.93563842773438
66851456,242.23233032226562
66868208,298.41033935546875
66872736,280.1698303222656
66876560,272.43798828125
66882432,242.33938598632812
66977936,222.79312133789062
66980992,262.91168212890625
66989328,246.4088134765625
66989888,273.1121520996094
67022800,278.42083740234375
67058912,225.15084838867188
67069040,247.56423950195312
67074464,272.1556396484375
67079520,271.1606750488281
67081760,239.6583709716797
67088240,261.3459167480469
67091904,255.07777404785156
67098560,296.91253662109375
67114064,276.4676513671875
67120128,259.2948913574219
67143808,287.5506286621094
67148720,237.1068115234375
67150640,265.74853515625
67176160,259.0167541503906
67216928,267.32867431640625
67242208,247.99134826660156
67249776,232.34722900390625
67253328,294.5164794921875
67256640,283.24755859375
67271872,225.5852508544922
67273584,224.9942169189453
67278848,225.3817901611328
67287648,234.7186737060547
67293008,221.89024353027344
67332736,223.3468780517578
67336032,222.4522705078125
67381120,249.42662048339844
67397104,252.65359497070312
67397984,294.5654296875
67439376,261.9845886230469
67525104,247.30958557128906
67525424,242.46011352539062
67539632,224.78053283691406
67576864,305.12652587890625
67583968,262.4827880859375
67594480,265.28363037109375
67605232,270.3203125
67608080,231.10308837890625
67619760,261.91680908203125
67646560,267.1646728515625
67656400,5.762458324432373
67678464,259.0667724609375
67694944,242.06227111816406
67704176,216.94873046875
67723584,57.246917724609375
67724656,256.09613037109375
67747728,273.6579284667969
67751504,252.8850860595703
67784992,270.2797546386719
67811200,291.9710693359375
67812032,245.03607177734375
67817904,237.92901611328125
67819280,196.43341064453125
67825520,238.45472717285156
67832816,272.05010986328125
67880400,233.16949462890625
67887696,271.7230224609375
67889216,272.9640808105469
67889360,288.0364074707031
67891456,254.6584930419922
67906224,284.29962158203125
67908480,234.68218994140625
67917888,273.55548095703125
67919424,253.73049926757812
67928096,272.9883728027344
67949872,258.75469970703125
67956784,233.54808044433594
67965872,245.8294219970703
67972368,287.17840576171875
67988528,269.2310791015625
67989664,245.1922149658203
67997856,235.45339965820312
68006528,263.6158447265625
68008736,285.80096435546875
68071152,255.248291015625
68072752,280.0545959472656
68074496,236.8715057373047
68080864,214.12408447265625
68093360,249.06365966796875
68094928,295.5860900878906
68130128,307.91448974609375
68134640,232.6151580810547
68138288,223.38992309570312
68141728,248.67311096191406
68175760,290.86444091796875
68183712,243.7228240966797
68199520,258.6221923828125
68219072,267.1134948730469
68244144,286.6277160644531
68258976,286.7306823730469
68279136,271.8905944824219
68291568,228.63259887695312
68351616,247.55690002441406
68354064,230.75613403320312
68360752,249.8766326904297
68440752,296.274658203125
68456000,270.75830078125
68461104,285.9810485839844
68491904,294.1741943359375
68493056,291.80902099609375
68501920,235.3262939453125
68501952,229.169677734375
68508496,254.87371826171875
68529888,303.144287109375
68567904,265.96435546875
68571664,279.3678283691406
68604816,268.70379638671875
68607824,270.45770263671875
68609984,304.0708923339844
68617296,279.9189453125
68619056,244.80389404296875
68652672,259.8603210449219
68655968,228.97543334960938
68658000,227.12667846679688
68662560,30.567110061645508
68682000,285.0965576171875
68683600,261.4490051269531
68685504,274.8162536621094
68691952,231.39434814453125
68710944,252.556640625
68718640,268.8091125488281
68723808,248.57345581054688
68729616,251.86505126953125
68735840,259.9877014160156
68744240,265.6307373046875
68768272,251.23670959472656
68820064,239.25625610351562
68863760,261.78173828125
68870096,217.64364624023438
68871392,244.80718994140625
68876432,241.4716796875
68880240,290.32965087890625
68920848,260.3406677246094
68938096,239.27586364746094
68942816,256.15435791015625
68953392,263.16888427734375
68957904,262.74359130859375
69031184,254.01295471191406
69034432,267.0706787109375
69054976,257.6641845703125
69071312,270.1390075683594
69074192,268.4757995605469
69092128,271.3161315917969
69102624,254.43215942382812
69109472,226.43736267089844
69110976,258.7635498046875
69111296,230.59010314941406
69135184,236.20281982421875
69149744,241.42185974121094
69151104,261.45068359375
69151952,236.11465454101562
69173840,254.03213500976562
69179936,248.04888916015625
69184944,243.1735076904297
69215568,255.062744140625
69247008,259.5135192871094
69261408,253.9481658935547
69275520,252.254638671875
69281040,266.4648742675781
69294192,254.11163330078125
69295584,269.9462890625
69296192,264.16949462890625
69306848,239.3123016357422
69310832,285.8713684082031
69314384,309.3142395019531
69327552,251.7781524658203
69332096,227.12100219726562
69358816,271.22802734375
69366544,239.25796508789062
69379824,249.9374237060547
69393744,234.90264892578125
69398112,243.1034393310547
69411168,230.0643310546875
69435920,296.5380554199219
69440048,253.37173461914062
69450896,284.795166015625
69476912,276.9508972167969
69496016,291.1480712890625
69521984,233.9196014404297
69538240,282.12933349609375
69552048,295.4105224609375
69565568,210.6222686767578
69566096,247.62557983398438
69582064,270.77288818359375
69591312,241.29225158691406
69598272,254.38426208496094
69613568,245.011962890625
69619744,248.4245147705078
69648928,249.2488555908203
69654736,219.93997192382812
69685072,265.7800598144531
69701088,236.400634765625
69713728,293.0682067871094
69743760,277.30718994140625
69754736,277.93902587890625
69767296,313.1863098144531
69792112,253.45181274414062
69797056,232.46897888183594
69833424,219.4088897705078
69854224,286.56341552734375
69856000,270.77752685546875
69858192,281.66143798828125
69866672,247.80809020996094
69871728,226.1645965576172
69874944,268.2212829589844
69886512,284.0572204589844
69891520,265.5763854980469
69902416,232.76492309570312
69925200,260.4653625488281
69952528,266.2881164550781
69953776,277.6969909667969
69974944,251.3267364501953
69987888,256.8747863769531
69993392,263.3779602050781
70000096,235.89407348632812
70024096,255.57037353515625
70028688,229.4788055419922
70031040,259.0174865722656
70046704,305.722412109375
70078832,254.55274963378906
70082384,257.1958923339844
70085952,254.11309814453125
70095360,263.66619873046875
70098832,259.5992431640625
70127872,250.4833221435547
70142768,232.7374725341797
70159536,242.96206665039062
70168384,250.2216796875
70186720,268.68743896484375
70190880,260.74407958984375
70200992,217.43336486816406
70232336,244.1273956298828
70252032,242.25119018554688
70261216,253.2782745361328
70265168,254.81243896484375
70298544,239.83665466308594
70301232,246.73753356933594
70307568,273.22540283203125
70341872,243.5109405517578
70351888,95.98524475097656
70366832,260.4368591308594
70384480,40.24294662475586
70392640,282.4785461425781
70405440,268.8011779785156
70414992,251.5987091064453
70426912,255.2742156982422
70455952,280.2216796875
70472416,257.3183898925781
70473616,243.0170135498047
70474320,229.93557739257812
70493952,280.9984436035156
70513488,283.1599426269531
70522512,276.7711181640625
70525680,232.34194946289062
70537152,268.8384094238281
70546528,228.9132537841797
70553648,278.7681884765625
70566640,260.0164489746094
70572992,267.3973388671875
70573728,256.7658386230469
70581744,246.9322052001953
70588240,264.47039794921875
70608880,285.0382385253906
70619296,260.6911926269531
70626560,237.3656463623047
70627472,273.8901062011719
70635888,253.60069274902344
70647152,251.15560913085938
70666096,256.8686828613281
70673456,273.89422607421875
70695056,263.3834228515625
70709408,255.2464599609375
70712688,256.4512023925781
70726560,264.9775085449219
70731968,256.82080078125
70751584,275.57769775390625
70812336,248.88406372070312
70815760,262.6615905761719
70819424,235.78761291503906
70841872,242.2034149169922
70856816,250.05001831054688
70934160,250.6305389404297
70940336,256.3287048339844
70956304,13.024728775024414
70959344,256.3757629394531
70973840,24.548982620239258
70987536,286.10833740234375
71001648,277.0497741699219
71010736,277.4014587402344
71013536,225.2356414794922
71016800,262.10174560546875
71025072,223.52798461914062
71049696,270.5433349609375
71053328,238.98353576660156
71077968,263.78973388671875
71082000,238.3623504638672
71097392,222.44190979003906
71097600,269.2569885253906
71109808,258.6719055175781
71116640,240.4291534423828
71117584,280.736328125
71117760,263.1026306152344
71118656,240.7631072998047
71147136,268.20404052734375
71148016,269.2620849609375
71148560,274.1496276855469
71154464,266.0894470214844
71155056,246.6505889892578
71157600,263.82550048828125
71170160,249.19497680664062
71174736,252.18223571777344
71182352,217.84230041503906
71182832,244.01617431640625
71239136,284.2041320800781
71257808,276.55426025390625
71282368,249.74180603027344
71306368,269.67327880859375
71332944,226.6223907470703
71343584,253.72244262695312
71346672,276.0254821777344
71370512,254.54013061523438
71381360,241.8004913330078
71390832,242.41639709472656
71400032,240.2529754638672
71456752,216.8411102294922
71457312,275.96722412109375
71472496,277.6765441894531
71473136,262.36920166015625
71483264,221.13192749023438
71485360,276.2124938964844
71493472,252.49810791015625
71497440,251.54681396484375
71503920,237.35916137695312
71507872,260.1496887207031
71555632,264.6075134277344
71556496,264.4495849609375
71557488,251.3304901123047
71580512,269.2303466796875
71595568,258.8028259277344
71599168,228.9390411376953
71620688,261.390869140625
71646752,267.8445129394531
71672784,292.6520080566406
71677376,34.584495544433594
71686336,68.7975082397461
71690080,265.5895080566406
71708304,54.60940170288086
71726928,267.6380920410156
71729728,262.0412292480469
71741024,273.1036071777344
71764896,275.5951843261719
71770432,281.26043701171875
71790592,244.95388793945312
71791648,234.8368682861328
71802192,236.05361938476562
71816480,259.6657409667969
71820064,271.6361083984375
71836112,272.2191162109375
71848000,281.2987365722656
71864544,287.7652893066406
71873424,279.94891357421875
71882736,245.96177673339844
71898384,259.9854431152344
71898832,254.8748321533203
71908144,226.1620635986328
71908864,258.3138122558594
71925488,279.3692626953125
71931248,248.52735900878906
71931488,239.148681640625
71944320,283.275146484375
71945296,233.3445281982422
71948912,232.34597778320312
71956960,290.1578674316406
71964368,49.479225158691406
71965936,265.5313415527344
71969120,233.28707885742188
71973312,280.07586669921875
71989264,250.82180786132812
71990752,250.9991455078125
72004496,283.8757019042969
72034112,271.89111328125
72039360,58.02173614501953
72047328,211.50819396972656
72078368,275.3002014160156
72079520,250.71957397460938
72081456,313.986083984375
72082560,291.6607666015625
72087088,250.2992401123047
72101712,285.88671875
72104928,299.86761474609375
72110544,259.9520568847656
72119408,245.9513702392578
72124784,247.8221435546875
72133600,252.83058166503906
72159520,284.1468811035156
72166528,278.0492248535156
72168960,286.30419921875
72170400,264.91192626953125
72181472,276.6436767578125
72190144,288.3010559082031
72192240,258.3717956542969
72220576,257.8724365234375
72232976,255.5972442626953
72235184,258.48455810546875
72254816,268.8122253417969
72295392,265.84747314453125
72301600,237.01243591308594
72303168,237.26425170898438
72314736,252.62806701660156
72332816,253.0770721435547
72350240,229.0870819091797
72352640,46.15287399291992
72355424,220.290771484375
72355616,244.06358337402344
72356944,260.5434875488281
72359584,236.9952392578125
72365680,278.43499755859375
72379360,198.32235717773438
72382016,237.82595825195312
72392144,228.4730987548828
72402944,228.03463745117188
72410912,265.2032775878906
72414288,239.6392822265625
72436880,268.2012939453125
72438976,293.95306396484375
72477216,253.0087890625
72480224,251.8773193359375
72480560,270.20562744140625
72488352,271.4228210449219
72503920,290.932373046875
72532432,273.60693359375
72533872,260.8097839355469
72541632,258.2713928222656
72542704,244.36814880371094
72543872,268.1058349609375
72554992,13.446806907653809
72557296,235.9120330810547
72581008,273.0799255371094
72581584,244.63011169433594
72587472,273.3506164550781
72606512,274.59698486328125
72612528,33.94293975830078
72630208,257.99609375
72639728,245.01454162597656
72641600,236.77835083007812
72647600,241.69056701660156
72670768,283.4748840332031
72671536,269.2120056152344
72672688,234.4226837158203
72682768,250.83218383789062
72693872,275.052734375
72730144,263.1146240234375
72735904,299.30108642578125
72739344,252.85629272460938
72742544,227.85023498535156
72743536,268.3283996582031
72749648,252.36090087890625
72771488,224.5104522705078
72786352,230.033447265625
72797376,287.708251953125
72797712,273.1534729003906
72797936,283.31182861328125
72809424,226.5383758544922
72824544,253.4582061767578
72854336,50.92096710205078
72869840,257.4008483886719
72876640,265.2732238769531
72882720,248.41949462890625
72890560,249.72080993652344
72899824,271.3821716308594
72908320,286.47540283203125
72919904,261.35552978515625
72923408,257.3245544433594
72923568,247.03631591796875
72929360,254.246337890625
72940368,240.25717163085938
72941856,243.59347534179688
72957488,247.7268829345703
72966272,240.2959747314453
72967760,238.5192413330078
72972000,217.95985412597656
72974016,241.32940673828125
72976896,263.1234130859375
73004144,253.6343231201172
73009808,272.57147216796875
73021904,264.42352294921875
73032160,262.0555419921875
73043232,281.97674560546875
73044816,257.8747863769531
73054912,264.8487548828125
73058336,292.5408935546875
73074512,259.3019714355469
73075248,295.1739196777344
73092832,223.92803955078125
73093904,262.0242614746094
73112560,254.8426971435547
73126864,262.0153503417969
73130976,272.3819885253906
73154496,283.4233703613281
73171072,281.3858642578125
73186608,268.4853820800781
73191008,256.0946960449219
73229040,239.39588928222656
73232592,266.0577392578125
73248672,260.9140625
73256240,268.08050537109375
73268256,261.9805603027344
73276768,263.22564697265625
73309984,231.09349060058594
73313136,258.60137939453125
73331216,256.9281005859375
73348064,222.7663116455078
73352960,223.7279815673828
73372816,307.94354248046875
73383840,288.4975280761719
73387232,278.5547790527344
73417968,260.1233215332031
73442048,282.1796875
73446656,265.9102783203125
73454992,269.4888610839844
73466416,251.70370483398438
73466912,250.71102905273438
73471184,268.3227233886719
73518912,251.8784637451172
73543456,258.4355773925781
73549392,252.90206909179688
73549776,217.82620239257812
73567792,281.3236999511719
73575696,257.15740966796875
73587088,265.69482421875
73609904,220.4017333984375
73623296,265.3660583496094
73629600,256.0606994628906
73654608,272.80157470703125
73664256,264.6773376464844
73683952,263.9332275390625
73686240,259.27349853515625
73698176,224.71498107910156
73701952,244.84303283691406
73714480,261.91802978515625
73716720,234.78086853027344
73727408,219.6423797607422
73742400,239.06448364257812
73761744,243.8638458251953
73776528,236.93606567382812
73789568,255.42437744140625
73809728,250.6878204345703
73821360,239.68521118164062
73851872,247.06451416015625
73855712,246.3739776611328
73862064,218.2631378173828
73871760,268.3009338378906
73888080,283.2015686035156
73893008,238.3245086669922
73894624,265.3925476074219
73905232,251.99951171875
73906928,220.46507263183594
73908416,224.74986267089844
73958896,224.310546875
73962832,276.4035339355469
73974656,252.10076904296875
73985296,236.2667999267578
73988080,278.2361145019531
74018928,260.6629333496094
74022480,235.59603881835938
74026256,253.43112182617188
74033376,301.8860168457031
74045632,280.6918029785156
74049184,261.79669189453125
74084240,265.17755126953125
74090768,247.22515869140625
74119536,262.3881530761719
74121936,260.6796875
74137936,258.6956787109375
74143072,244.82701110839844
74156320,35.14583969116211
74162032,256.8847961425781
74163936,297.9527587890625
74170096,263.5557861328125
74187712,244.31161499023438
74190032,270.5420227050781
74196768,236.39157104492188
74198960,261.2164611816406
74208400,244.18798828125
74210304,247.84559631347656
74213632,267.56243896484375
74222832,250.10472106933594
74237312,215.4132843017578
74241776,233.3927764892578
74243856,225.7346954345703
74246272,242.12940979003906
74254752,238.54891967773438
74260672,249.08103942871094
74262368,232.78732299804688
74266720,278.7182922363281
74294896,265.2916564941406
74302016,255.31658935546875
74311488,278.2236022949219
74320608,239.0003662109375
74335936,256.6978759765625
74336576,290.52801513671875
74373328,242.3326873779297
74405712,221.768310546875
74410384,299.7421569824219
74411504,260.54998779296875
74413776,284.5080871582031
74416416,271.3536376953125
74420112,229.6964569091797
74442336,258.837646484375
74449200,244.38658142089844
74472432,243.21278381347656
74473216,226.0381622314453
74487584,296.91998291015625
74502000,273.1444396972656
74506048,242.8943328857422
74523232,228.00267028808594
74531360,272.5981750488281
74568144,279.7060546875
74596784,227.2990264892578
74598032,252.58229064941406
74605056,255.22708129882812
74609056,258.5013427734375
74641120,268.8619384765625
74642128,278.7525634765625
74668384,251.5834197998047
74672576,14.216569900512695
74680336,233.8501434326172
74682416,228.7943115234375
74689520,265.0938415527344
74716464,268.6079406738281
74722512,49.90779495239258
74734976,242.6958770751953
74758368,249.20849609375
74768880,248.95245361328125
74814592,226.81507873535156
74814912,286.9842224121094
74843200,273.798583984375
74848672,267.99127197265625
74850720,255.4870147705078
74850752,239.2864990234375
74870224,235.27920532226562
74902544,275.5403137207031
74931584,253.28253173828125
74937232,259.22406005859375
74943216,217.25003051757812
74949152,236.96702575683594
74949968,254.67703247070312
74961184,294.9574279785156
74975792,279.6150817871094
74985936,234.94802856445312
74993424,279.15594482421875
74996512,238.57444763183594
75004784,283.38677978515625
75007776,256.58380126953125
75055264,238.7867889404297
75067760,277.24755859375
75068976,246.96945190429688
75076512,294.9443664550781
75086400,283.2618713378906
75089600,252.51490783691406
75096752,269.7813720703125
75099760,278.06243896484375
75111968,286.4892883300781
75119888,254.42884826660156
75128656,217.2836456298828
75130784,56.72053527832031
75137184,253.0397186279297
75141712,239.44094848632812
75143632,257.5340576171875
75165488,242.13134765625
75172096,252.01487731933594
75178352,256.411865234375
75185936,219.88462829589844
75189232,236.83871459960938
75195936,207.76678466796875
75220784,267.3985900878906
75231056,261.6980895996094
75232448,279.94390869140625
75268816,255.0088348388672
75272688,258.25823974609375
75292960,272.5021057128906
75307840,287.7121276855469
75309360,252.7323455810547
75314128,273.0405578613281
75328384,240.0817413330078
75330464,269.2492980957031
75332208,222.25852966308594
75345248,245.06166076660156
75357680,267.0950012207031
75361120,218.3693084716797
75363808,260.7149658203125
75376256,273.099365234375
75382352,217.6456756591797
75390880,248.95327758789062
75398544,255.8992462158203
75454912,234.00367736816406
75466784,266.33544921875
75473584,278.51611328125
75483040,283.6667175292969
75484448,283.4447326660156
75523248,253.8029327392578
75532864,264.0372009277344
75535248,236.00454711914062
75540384,224.74900817871094
75544560,224.46035766601562
75557936,273.19781494140625
75569744,258.04656982421875
75572912,295.9121398925781
75584832,268.1925048828125
75585216,262.8687744140625
75588992,251.94558715820312
75601920,259.9149475097656
75606560,230.7373809814453
75607088,239.48895263671875
75621344,278.9000244140625
75645840,249.1852264404297
75651520,244.34608459472656
75661296,254.0961151123047
75665040,287.0147399902344
75675024,249.8240203857422
75685664,291.17938232421875
75698928,254.00941467285156
75731248,297.7177734375
75733008,222.88124084472656
75738464,254.96617126464844
75745072,241.1824493408203
75746496,241.80484008789062
75749584,244.85740661621094
75772768,258.1353759765625
75782480,246.51705932617188
75808672,274.2443542480469
75810384,244.24847412109375
75814800,221.04249572753906
75830896,269.9174499511719
75840048,267.69659423828125
75841072,232.8655548095703
75841824,233.2266387939453
75857648,281.1121520996094
75870608,274.06890869140625
75884080,235.6399383544922
75884320,268.32269287109375
75902880,60.99802780151367
75910512,275.0606994628906
75953728,260.8771667480469
75975024,293.0727844238281
75976592,262.9258117675781
75987104,274.6458740234375
75987696,272.1576232910156
75998368,259.1699523925781
76023808,267.3329162597656
76091088,251.9495849609375
76094064,273.42437744140625
76111392,271.31915283203125
76118272,275.35040283203125
76150064,232.57345581054688
76162688,237.521484375
76175472,271.76806640625
76215136,230.35816955566406
76216480,265.5745849609375
76223888,288.2866516113281
76225408,220.1186981201172
76259792,264.59149169921875
76262096,259.0193786621094
76270016,235.62937927246094
76279840,232.68740844726562
76281216,274.7984619140625
76282400,235.82054138183594
76287760,255.46055603027344
76287808,245.21234130859375
76295504,273.6654968261719
76315792,247.5064239501953
76320384,253.32183837890625
76335040,281.2642822265625
76348624,265.1960144042969
76349632,275.2912902832031
76355568,250.94351196289062
76358416,248.041015625
76401760,226.27532958984375
76419056,240.53323364257812
76424432,253.56857299804688
76424608,223.67550659179688
76430224,218.9412841796875
76454080,241.5883026123047
76465360,257.8353271484375
76468208,250.73666381835938
76470016,258.3953552246094
76476096,289.892822265625
76478976,262.1806335449219
76518992,230.9857940673828
76531216,222.63934326171875
76531776,252.005859375
76556176,278.9485778808594
76583184,55.56016540527344
76622096,221.74119567871094
76642960,259.102294921875
76647376,261.1451721191406
76648448,268.5224304199219
76696736,279.6286926269531
76725056,274.7618103027344
76737952,236.8633575439453
76739920,235.4514617919922
76744896,229.3315887451172
76759520,252.40931701660156
76761424,241.9296417236328
76771216,254.34178161621094
76772080,221.0765380859375
76774736,272.7486877441406
76784064,257.22821044921875
76790080,266.2447204589844
76800176,254.523193359375
76813232,255.60440063476562
76818240,273.0160217285156
76827056,219.2864990234375
76866416,279.17724609375
76873376,232.16456604003906
76876592,284.6386413574219
76886096,269.29815673828125
76892608,274.9380187988281
76904672,243.08644104003906
76917824,220.57281494140625
76922112,299.3804931640625
76925088,277.50897216796875
76931360,260.70941162109375
76942944,273.0538330078125
76950960,307.0964660644531
76952896,272.79156494140625
76955056,286.09912109375
76961152,248.40635681152344
76978784,267.24249267578125
76980640,243.6035919189453
76984192,251.25770568847656
76999696,275.8996276855469
77000752,242.04412841796875
77035472,257.40594482421875
77070832,253.42933654785156
77097968,239.65966796875
77099552,233.47283935546875
77099968,221.36117553710938
77102608,245.21632385253906
77110992,274.7923889160156
77134736,292.4162902832031
77150672,243.19219970703125
77158752,277.64031982421875
77163488,271.80694580078125
77166928,264.2265625
77184432,275.2271423339844
77184720,223.34613037109375
77216912,282.78729248046875
77220800,290.0699462890625
77227744,224.74867248535156
77254848,264.6796569824219
77286608,250.69361877441406
77290752,249.10885620117188
77291312,219.4954833984375
77291840,243.19886779785156
77298240,207.01373291015625
77307776,230.9202880859375
77313856,234.46499633789062
77323072,264.213623046875
77323856,266.1062316894531
77340080,260.0833435058594
77346352,276.13836669921875
77346352,257.1315612792969
77381488,235.06971740722656
77385376,263.0184631347656
77385984,243.25901794433594
77389472,267.2470703125
77392240,235.45301818847656
77411792,262.40911865234375
77413536,247.5728302001953
77451360,234.89768981933594
77459296,264.70587158203125
77460416,263.2015380859375
77460784,258.5069580078125
77468496,246.99380493164062
77470000,256.327392578125
77477840,242.2186279296875
77507648,273.30877685546875
77517216,280.8006591796875
77517984,234.36196899414062
77520496,247.65496826171875
77533024,259.7938232421875
77539536,271.2002868652344
77580816,227.79220581054688
77586688,253.5648956298828
77614576,233.70645141601562
77616528,259.4137878417969
77622368,234.36544799804688
77635280,273.4361572265625
77664912,261.9360046386719
77673664,274.28851318359375
77674496,259.2068176269531
77686432,244.14613342285156
77692880,66.52681732177734
77709392,251.25852966308594
77710240,240.88148498535156
77711856,234.89450073242188
77738928,250.223876953125
77756000,248.6321258544922
77764032,274.686279296875
77793776,245.13670349121094
77832304,268.931396484375
77833872,276.4938659667969
77863792,228.89682006835938
77882320,249.52560424804688
77886208,281.9665222167969
77897520,245.9897918701172
77924480,245.8899688720703
77949104,264.8766784667969
77952496,281.1507568359375
77954752,52.55851745605469
77959488,253.6433563232422
77960128,230.93299865722656
77963712,279.0439758300781
77976848,231.2107696533203
77984352,252.3024444580078
77985632,232.0529022216797
78000560,53.208168029785156
78006032,273.1812438964844
78018304,237.9488983154297
78031344,248.5089874267578
78039408,254.32630920410156
78057456,227.83372497558594
78067200,243.64048767089844
78071328,263.62860107421875
78084576,288.8355407714844
78101840,235.81031799316406
78103600,42.25861740112305
78109104,280.4348449707031
78113888,232.4471435546875
78117872,274.6361083984375
78120176,284.8214416503906
78122656,209.49667358398438
78132624,240.4449920654297
78144368,268.129638671875
78167760,282.9742431640625
78192976,250.6778564453125
78193744,235.36282348632812
78194496,227.6277313232422
78214624,222.82374572753906
78225984,36.72519302368164
78228672,241.92201232910156
78235648,244.96871948242188
78241120,248.63113403320312
78253168,246.45068359375
78255376,236.3600616455078
78257152,261.7005615234375
78259856,303.8731689453125
78266064,258.952880859375
78266736,270.8833312988281
78285184,274.7033386230469
78286672,278.0860595703125
78290464,247.78533935546875
78319136,273.74810791015625
78338224,215.4295654296875
78342512,258.5660095214844
78344000,244.54824829101562
78355392,268.5802307128906
78356480,291.52099609375
78360288,265.3340148925781
78374528,227.4282684326172
78381648,284.8568115234375
78383360,269.4943542480469
78383488,286.0885009765625
78385616,253.69808959960938
78393856,50.213748931884766
78407392,44.64889907836914
78418512,261.1788635253906
78425296,262.7734069824219
78433312,273.9958190917969
78442944,248.32949829101562
78475728,262.5675354003906
78483232,231.05955505371094
78486960,288.9031982421875
78494848,272.3612365722656
78520736,230.03790283203125
78523792,249.78591918945312
78561760,239.83592224121094
78565056,245.52737426757812
78570544,279.4859619140625
78582480,266.47540283203125
78596592,49.65254592895508
78611264,283.6854553222656
78620800,53.01777648925781
78636800,275.47021484375
78656912,251.4447021484375
78679200,278.4574279785156
78713280,241.77532958984375
78715584,267.58062744140625
78724816,271.6190490722656
78748896,251.60848999023438
78753776,304.0931091308594
78760608,254.18292236328125
78781296,279.6713562011719
78784240,255.11802673339844
78785504,253.18569946289062
78789184,273.83587646484375
78791664,234.12481689453125
78794752,277.7908630371094
78797792,239.64781188964844
78811760,247.92123413085938
78831472,251.8523712158203
78835328,50.861202239990234
78835808,242.92477416992188
78841680,275.0793762207031
78853488,276.9930114746094
78862032,226.84812927246094
78880816,306.1937561035156
78889600,281.7071838378906
78896512,261.8680114746094
78912544,253.61244201660156
78923488,235.04025268554688
78924544,24.8115234375
78956864,258.048583984375
78964752,256.6788330078125
78971472,235.1484832763672
78977856,269.8177795410156
78980448,272.5276794433594
78983280,294.6518859863281
79022704,247.22964477539062
79033328,257.63482666015625
79042208,242.3665008544922
79051376,242.83099365234375
79057728,234.17884826660156
79073008,244.77383422851562
79076096,244.42300415039062
79076848,267.54693603515625
79094464,247.6292266845703
79101904,218.48678588867188
79103456,236.1592254638672
79108160,243.71177673339844
79119056,292.44854736328125
79127664,244.9097900390625
79134992,259.3919982910156
79146240,235.9917449951172
79147888,242.3590087890625
79192656,278.5939025878906
79210272,213.60179138183594
79220752,201.25230407714844
79235392,237.6753387451172
79242320,267.97943115234375
79283488,27.086551666259766
79284544,272.67254638671875
79286128,262.9008483886719
79314208,262.6112976074219
79315616,261.0812072753906
79325712,219.37425231933594
79345696,261.42987060546875
79353968,247.7204132080078
79361952,226.57659912109375
79363344,242.85153198242188
79379552,232.4296875
79380576,253.0317840576172
79382464,267.9757995605469
79392208,271.4371032714844
79392656,237.8804168701172
79410032,219.2246551513672
79427424,240.04373168945312
79438816,252.3639373779297
79447248,140.83473205566406
79463152,274.2031555175781
79511920,243.2876434326172
79524656,292.6047058105469
79529424,253.2543487548828
79536096,243.89845275878906
79548176,234.257568359375
79551312,257.4945983886719
79560576,297.1460266113281
79596400,251.98765563964844
79599328,251.6287841796875
79612640,272.5439758300781
79619744,256.0167236328125
79625024,279.8255920410156
79625536,265.3090515136719
79637888,244.52748107910156
79648288,233.0745086669922
79653664,253.67164611816406
79661232,245.0993194580078
79665536,256.3818664550781
79674912,253.91905212402344
79675632,227.4453887939453
79678288,255.2818603515625
79679664,265.9785461425781
79682496,255.05487060546875
79682848,277.2992858886719
79685392,285.48809814453125
79689872,221.11940002441406
79698688,275.10589599609375
79698976,305.1734924316406
79701424,248.3040771484375
79702736,252.9544677734375
79718192,265.7218017578125
79719728,285.21807861328125
79725184,248.2300262451172
79741712,252.10574340820312
79753088,264.8632507324219
79757312,247.1195068359375
79761472,277.16827392578125
79807744,251.56935119628906
79818384,268.4349060058594
79821104,239.93167114257812
79833728,269.6432189941406
79836000,258.1480407714844
79849168,298.0804748535156
79857920,240.969970703125
79863120,257.31292724609375
79867632,249.70465087890625
79877376,50.60731506347656
79878032,230.78924560546875
79896144,259.0987854003906
79897552,253.31509399414062
79899840,228.9360809326172
79914912,262.8056945800781
79917168,262.3096618652344
79917696,298.2195739746094
79922944,236.4405059814453
79926080,229.97142028808594
79938224,241.4575653076172
79952880,255.50979614257812
79961136,273.3909912109375
79974752,287.5511779785156
79982528,259.354736328125
79982976,260.1246337890625
79991312,291.78564453125
80008192,255.0261688232422
80035632,226.15003967285156
80045344,237.07916259765625
80046272,257.0381774902344
80086144,265.90264892578125
80104144,278.0544128417969
80120464,251.8551025390625
80141264,271.4019470214844
80156464,222.00588989257812
80183376,265.14739990234375
80187328,233.94773864746094
80194816,244.71336364746094
80232832,260.80914306640625
80337840,245.39381408691406
80363584,260.9678649902344
80379504,226.16177368164062
80403376,269.9647216796875
80408336,276.38812255859375
80418608,268.60418701171875
80424032,243.08621215820312
80425008,263.2381286621094
80425808,272.1398620605469
80443696,247.79336547851562
80448304,248.51962280273438
80479088,239.50318908691406
80483824,266.9765930175781
80486128,260.6611022949219
80490208,264.8056945800781
80507792,283.31964111328125
80508432,261.2101135253906
80514400,246.77455139160156
80515536,269.66619873046875
80533920,274.24029541015625
80539504,271.2887878417969
80540208,227.6433563232422
80542368,225.98089599609375
80545552,249.49761962890625
80552816,224.42298889160156
80568016,252.6780548095703
80590688,50.79157638549805
80595600,228.13565063476562
80617952,230.72930908203125
80635200,288.81768798828125
80641568,242.06472778320312
80644064,259.1889953613281
80657296,278.3970642089844
80667440,235.25155639648438
80680064,226.951171875
80680688,245.57284545898438
80692512,262.6363220214844
80693392,242.2373504638672
80697904,263.4706115722656
80699536,274.4950256347656
80719472,281.37103271484375
80723120,271.0030822753906
80737856,239.3966827392578
80744672,229.51573181152344
80745776,238.42657470703125
80745808,265.0084228515625
80763680,241.97068786621094
80779952,287.70428466796875
80793424,261.53009033203125
80795136,282.2676086425781
80799504,275.7489318847656
80802336,280.4876708984375
80809200,236.88150024414062
80809648,302.32818603515625
80821056,271.3623352050781
80827680,270.93878173828125
80832704,222.7334747314453
80849056,258.6422424316406
80852432,226.05592346191406
80870992,263.59661865234375
80871664,272.33203125
80886800,275.5025329589844
80912032,250.52151489257812
80914064,247.0331268310547
80921056,237.79776000976562
80921648,274.0186462402344
80924000,250.3594512939453
80933872,261.2446594238281
80939648,265.8278503417969
80954224,252.6749267578125
80968576,246.01284790039062
80970128,270.6880187988281
80978016,238.2702178955078
81018160,236.67071533203125
81023264,250.60308837890625
81030336,283.68212890625
81037664,255.20318603515625
81064208,284.8373107910156
81093360,272.3000183105469
81093648,229.1407928466797
81097664,253.79177856445312
81118544,224.10894775390625
81118768,261.7835998535156
81126672,267.77423095703125
81155088,228.08351135253906
81167968,245.44094848632812
81193072,287.6936340332031
81199376,274.9961853027344
81213328,54.20138931274414
81215152,256.9904479980469
81221488,284.71490478515625
81222336,287.6393737792969
81237504,275.6395263671875
81240704,229.24850463867188
81250656,273.5065612792969
81256624,242.9729766845703
81280272,275.2503967285156
81312688,255.30029296875
81315664,238.2869415283203
81374736,277.2165832519531
81379696,257.272705078125
81379952,220.86996459960938
81389312,287.604736328125
81395568,262.9778137207031
81406992,252.51345825195312
81411184,256.4089660644531
81417760,276.6842956542969
81420288,264.6097717285156
81423392,241.01573181152344
81426928,299.9233093261719
81436608,280.98974609375
81440896,258.978515625
81443264,237.60186767578125
81457424,262.16680908203125
81458512,259.3211364746094
81461744,267.5343017578125
81471360,261.1084899902344
81515552,257.5971374511719
81523408,211.49697875976562
81531184,227.85592651367188
81536688,266.2889709472656
81543056,259.5335388183594
81565360,235.78164672851562
81579040,216.3606414794922
81585008,287.89495849609375
81592288,244.6406707763672
81598560,273.18994140625
81600384,221.3710479736328
81603920,287.79443359375
81608432,265.1100158691406
81614128,271.6041564941406
81626144,316.34197998046875
81631920,251.2316131591797
81632960,283.21441650390625
81645296,234.2407989501953
81654864,241.6693115234375
81682880,238.02029418945312
81684752,250.38284301757812
81689520,222.39474487304688
81711536,261.58642578125
81712816,232.89602661132812
81718128,263.51312255859375
81726096,263.41943359375
81737328,227.96116638183594
81748320,256.36309814453125
81757728,276.5936584472656
81759312,241.96722412109375
81781808,218.08770751953125
81813632,284.5641784667969
81820736,228.16217041015625
81827264,250.2813720703125
81828496,270.0494689941406
81832240,257.5984191894531
81855712,217.13914489746094
81876320,252.5524139404297
81878576,261.41082763671875
81911376,281.12945556640625
81918656,251.9197540283203
81960528,272.2096862792969
81963024,300.5495300292969
81975376,262.2666015625
81980496,259.7337646484375
81987328,281.31011962890625
81991280,254.9793243408203
82001312,243.83497619628906
82002080,247.05087280273438
82005216,233.14248657226562
82015168,261.8306884765625
82021616,239.896728515625
82024848,263.5474853515625
82027744,257.41015625
82029728,261.3966064453125
82035920,276.94073486328125
82054832,273.8520812988281
82098528,255.28665161132812
82104432,271.0198669433594
82116000,277.2357177734375
82117408,268.34429931640625
82126016,233.89108276367188
82147568,251.95912170410156
82147712,230.132568359375
82148496,249.04403686523438
82155328,234.25987243652344
82175184,285.5223388671875
82182064,261.6982116699219
82198688,296.1659851074219
82199152,253.24330139160156
82208896,269.36981201171875
82219200,273.2250061035156
82221840,37.061824798583984
82225136,255.65794372558594
82226528,247.93560791015625
82234480,249.9154815673828
82252144,285.7628173828125
82265920,273.907470703125
82273648,260.1280212402344
82308240,298.4350280761719
82309152,278.2958984375
82323184,264.1754150390625
82325728,282.8580322265625
82335696,237.38665771484375
82349328,285.6576843261719
82350944,240.05108642578125
82389520,272.1734924316406
82402384,276.2938232421875
82410960,244.64157104492188
82416336,247.14443969726562
82416400,243.2005615234375
82422192,296.70220947265625
82432080,282.29559326171875
82438448,235.46585083007812
82439040,269.55865478515625
82441504,250.05433654785156
82443040,265.8506164550781
82444640,224.16598510742188
82446592,246.39035034179688
82447184,243.1606903076172
82454112,267.15472412109375
82480272,235.52879333496094
82485536,59.795841217041016
82499216,223.49508666992188
82519824,230.76416015625
82524880,258.7755432128906
82531280,273.5043640136719
82535776,290.987548828125
82538080,255.7406463623047
82564096,231.08853149414062
82569264,266.8287658691406
82572640,260.2107849121094
82588784,281.25701904296875
82626096,279.5685119628906
82629136,242.48117065429688
82630624,245.34762573242188
82631712,252.3257293701172
82647888,264.1295166015625
82668688,252.7603302001953
82672768,231.96632385253906
82676944,258.4812927246094
82677904,287.77978515625
82695200,290.73931884765625
82699008,234.5099639892578
82707536,266.3369445800781
82721296,271.9091491699219
82732656,294.1045837402344
82733216,300.5071716308594
82733856,229.30552673339844
82733968,239.63726806640625
82750752,262.6238708496094
82761504,239.00193786621094
82763200,49.64567947387695
82769424,228.0384521484375
82771728,296.37506103515625
82776304,246.41323852539062
82777904,222.3389892578125
82780928,252.10643005371094
82806544,276.5762939453125
82819744,273.114501953125
82829248,235.61312866210938
82844176,258.2460632324219
82846112,277.84808349609375
82846880,235.81373596191406
82847088,234.26480102539062
82847104,261.90374755859375
82882160,245.15103149414062
82883040,250.32777404785156
82892496,243.775390625
82895584,273.95953369140625
82913904,282.7898254394531
82926192,263.1998596191406
82966032,281.0347595214844
82967952,243.906494140625
82973856,268.352294921875
82985056,261.3005676269531
82991664,269.7326965332031
83009824,272.5990905761719
83011456,245.5047607421875
83026032,255.50880432128906
83033136,224.07781982421875
83051344,247.19927978515625
83051568,255.30319213867188
83061488,231.45579528808594
83065712,230.99009704589844
83075680,249.22109985351562
83078304,275.5299987792969
83090288,244.3278045654297
83090400,273.10638427734375
83093760,251.62953186035156
83105760,286.1058349609375
83109152,257.4961853027344
83120096,244.4604034423828
83128480,246.0303192138672
83129216,242.4749755859375
83130080,266.4874572753906
83137840,273.4929504394531
83153248,229.47608947753906
83160048,260.0999755859375
83165264,268.4862060546875
83182768,228.38919067382812
83197296,280.8548583984375
83201008,219.33262634277344
83205648,259.716552734375
83206848,272.08502197265625
83208224,282.23748779296875
83232928,208.62210083007812
83259696,229.6378631591797
83267520,233.05380249023438
83272544,291.3035583496094
83272688,247.22999572753906
83273040,263.7073974609375
83279840,251.32395935058594
83316528,266.93048095703125
83318752,265.3783874511719
83329776,51.0771369934082
83346880,280.9897766113281
83350192,263.6609802246094
83368528,245.70498657226562
83387888,275.3254699707031
83388368,230.76519775390625
83389936,289.646728515625
83391088,278.57177734375
83393088,254.9921112060547
83401856,256.9416809082031
83407520,274.9150695800781
83440544,229.3485107421875
83461136,299.8772888183594
83472176,23.470500946044922
83476192,265.30126953125
83483792,287.9646911621094
83496560,257.1986999511719
83501824,252.96856689453125
83504480,226.8365478515625
83506784,219.29791259765625
83512000,214.51597595214844
83524384,243.93235778808594
83532768,244.80465698242188
83534928,273.72955322265625
83556480,241.86851501464844
83557504,247.92698669433594
83561056,212.5404052734375
83561920,246.63951110839844
83566576,278.0920715332031
83568800,246.29261779785156
83616800,237.4112548828125
83654384,263.42291259765625
83655744,236.01084899902344
83661744,244.33973693847656
83668080,266.70794677734375
83680224,277.34344482421875
83683072,287.54638671875
83687856,255.50050354003906
83697296,283.2403869628906
83728656,299.03875732421875
83741680,231.72161865234375
83756880,237.97561645507812
83773600,272.4547424316406
83774000,282.0936584472656
83787760,263.200927734375
83804528,251.00723266601562
83837584,268.61279296875
83842288,244.836669921875
83850960,240.7680206298828
83853088,240.75462341308594
83857248,234.68470764160156
83882096,218.07485961914062
83888896,290.48419189453125
83889040,220.3248748779297
83895856,275.49957275390625
83898464,257.2118225097656
83906848,254.48121643066406
83910368,233.9484405517578
83910576,265.59912109375
83917760,275.856689453125
83920864,220.10899353027344
83926288,253.8004608154297
83954896,235.3092803955078
83964224,249.95716857910156
83969024,266.2402038574219
83990176,249.62351989746094
83993296,248.98773193359375
84029264,287.8861083984375
84034640,261.75042724609375
84073888,241.726806640625
84082800,282.1129455566406
84097024,256.1548767089844
84102144,239.43527221679688
84107392,233.7431182861328
84107728,223.0383758544922
84109152,238.85610961914062
84112000,290.3584289550781
84114240,256.8187561035156
84115520,211.65447998046875
84118160,251.30450439453125
84155392,222.300537109375
84165584,260.79193115234375
84190784,265.1866760253906
84193360,237.44032287597656
84201296,263.43768310546875
84203760,291.4620056152344
84205856,216.17926025390625
84211584,246.26129150390625
84213744,244.92994689941406
84215664,265.8321228027344
84236192,269.4798278808594
84238192,232.18235778808594
84259248,295.2821960449219
84267744,259.219970703125
84269184,259.0498352050781
84275296,236.1109161376953
84290528,231.24537658691406
84307888,252.27716064453125
84309184,54.79956817626953
84310272,277.28680419921875
84327088,265.5726013183594
84334976,260.0226745605469
84343008,233.64556884765625
84348032,252.825439453125
84354240,239.8051300048828
84367408,273.2497253417969
84371872,256.21661376953125
84389472,222.4225616455078
84391248,31.489051818847656
84396160,284.11553955078125
84404400,301.4828186035156
84407520,242.69496154785156
84408000,247.60244750976562
84416704,284.347412109375
84419312,237.80528259277344
84426336,295.9673156738281
84487056,245.39356994628906
84488672,250.8578338623047
84490896,275.7757263183594
84493312,274.28704833984375
84511392,256.33868408203125
84517632,272.97845458984375
84542592,266.0574035644531
84545664,230.16197204589844
84557936,258.04388427734375
84569248,218.9401397705078
84574848,217.034912109375
84622080,252.05654907226562
84625456,70.92951965332031
84627232,36.67876434326172
84641040,252.4044189453125
84664000,269.983642578125
84682400,263.8091125488281
84687024,211.43316650390625
84687936,257.98162841796875
84695600,244.7822265625
84699520,250.58152770996094
84699632,256.42877197265625
84709184,242.11106872558594
84716912,263.52783203125
84727504,248.619873046875
84728672,271.1148376464844
84729536,270.1174621582031
84747008,244.41329956054688
84748576,227.6995391845703
84794544,268.1198425292969
84794544,237.16065979003906
84805392,256.2064208984375
84821488,248.2047119140625
84831408,272.6134033203125
84832720,247.3306121826172
84835584,280.95819091796875
84854000,226.28404235839844
84863408,276.01788330078125
84868192,230.17446899414062
84872384,272.68359375
84875760,273.4332275390625
84902832,248.0189208984375
84909280,272.0863952636719
84972592,270.1844482421875
84982672,279.6415710449219
84984416,258.68328857421875
85002528,241.0586395263672
85011104,292.6784362792969
85020320,248.29217529296875
85062304,258.9006042480469
85070064,275.5564880371094
85096576,222.19288635253906
85098896,275.03741455078125
85103760,268.911376953125
85106256,270.5927734375
85118144,58.12348556518555
85121296,240.09474182128906
85122272,271.19915771484375
85132304,249.15499877929688
85154656,287.3961181640625
85155392,276.85479736328125
85155456,226.45689392089844
85187408,261.41607666015625
85197552,241.9608154296875
85211488,266.5368957519531
85221472,253.0680694580078
85231184,251.98313903808594
85248656,250.52761840820312
85260256,289.0364074707031
85291712,221.47251892089844
85300592,221.40835571289062
85303312,263.742431640625
85333424,250.69161987304688
85337392,230.63719177246094
85341504,245.03350830078125
85345664,249.32717895507812
85350368,251.37893676757812
85355216,237.75753784179688
85365232,261.25616455078125
85366512,243.32717895507812
85368688,266.4444580078125
85395712,233.3954620361328
85409040,233.55084228515625
85426768,260.1475830078125
85430848,247.17189025878906
85446880,267.005859375
85447984,281.5506591796875
85461616,257.92437744140625
85473296,258.7845153808594
85492416,244.75357055664062
85519584,243.29852294921875
85523840,256.7323913574219
85564272,254.97315979003906
85576416,275.6100158691406
85581664,269.0224304199219
85583264,272.9794921875
85607024,240.95899963378906
85622288,242.2095489501953
85631824,255.74752807617188
85632160,249.5422821044922
85633344,237.27752685546875
85637264,248.2019805908203
85638688,234.2784423828125
85640112,289.6008605957031
85640160,266.4835510253906
85655952,257.667236328125
85679424,228.78700256347656
85685168,257.1297607421875
85686240,246.14906311035156
85711760,70.5645523071289
85714736,239.80641174316406
85720544,255.5259552001953
85728160,267.9632263183594
85736640,261.51336669921875
85741184,254.77078247070312
85742128,279.67962646484375
85742288,247.68592834472656
85753680,236.05662536621094
85753872,217.58741760253906
85755280,232.22119140625
85758640,228.6715087890625
85774816,14.459406852722168
85786064,290.5422668457031
85792480,255.49380493164062
85796928,231.98814392089844
85808976,253.79928588867188
85832720,241.9784698486328
85833600,267.73321533203125
85835728,243.65789794921875
85841024,263.93792724609375
85847456,243.57359313964844
85850096,286.93585205078125
85876656,293.56365966796875
85876688,284.8232116699219
85878080,278.71112060546875
85879296,223.197509765625
85881536,232.8920135498047
85890496,253.22259521484375
85890624,267.49322509765625
85895312,256.2615661621094
85897872,271.6625671386719
85911952,277.8047790527344
85932288,284.4754333496094
85943536,263.1299133300781
85948784,241.4803466796875
85965056,255.7855224609375
85971632,259.43212890625
85973856,260.05712890625
85974608,249.24122619628906
85978288,268.08099365234375
85985824,227.898681640625
86005648,259.0628967285156
86067968,247.8561553955078
86068416,271.28497314453125
86093536,277.134765625
86125376,242.09715270996094
86127824,243.74530029296875
86146688,273.383056640625
86159744,255.67494201660156
86165712,263.36822509765625
86166752,284.8281555175781
86170048,252.760009765625
86170800,301.294189453125
86192800,224.02613830566406
86197936,277.6611022949219
86199120,242.65325927734375
86199456,272.27099609375
86212688,254.47698974609375
86219168,242.3811798095703
86226608,255.48483276367188
86229840,283.53179931640625
86234608,287.5848693847656
86237504,276.32000732421875
86246512,244.9087371826172
86249424,249.40478515625
86252400,230.04798889160156
86255040,267.2456970214844
86256112,243.14756774902344
86257072,257.2448425292969
86272016,254.52561950683594
86288960,265.1382751464844
86343824,256.9249267578125
86349024,249.36367797851562
86350624,250.37667846679688
86351456,270.2379455566406
86356896,240.59701538085938
86375088,250.9577178955078
86378784,247.2729949951172
86385888,251.5684814453125
86386320,289.3100891113281
86394048,220.69058227539062
86406320,63.99702453613281
86406816,254.9157257080078
86411808,232.1775360107422
86415392,277.3475341796875
86439136,230.79293823242188
86458608,249.5294647216797
86459808,246.09967041015625
86470048,275.0455017089844
86481104,271.2212829589844
86510208,216.0128173828125
86522960,270.02227783203125
86524528,260.89447021484375
86535792,262.9094543457031
86537584,276.39581298828125
86547648,229.23452758789062
86567696,282.67205810546875
86581648,238.47866821289062
86591552,312.2084045410156
86594944,249.22573852539062
86600896,288.5188903808594
86602640,235.40689086914062
86624480,268.3451232910156
86639488,223.1768798828125
86660992,259.9999694824219
86668608,267.2494201660156
86669712,266.92059326171875
86672912,272.79266357421875
86689888,259.8621520996094
86694496,242.94882202148438
86710720,237.84609985351562
86732592,237.8052520751953
86761376,247.8026580810547
86776288,264.2596435546875
86795184,286.4956970214844
86805280,262.8643493652344
86814640,261.8893127441406
86826672,253.34715270996094
86843280,242.3280792236328
86844176,227.37100219726562
86855248,245.8738250732422
86867456,246.52040100097656
86871424,262.0767822265625
86876912,231.08253479003906
86882080,229.93109130859375
86896080,229.5587158203125
86923520,259.8370056152344
86925296,268.2901916503906
86929232,255.87803649902344
86930432,277.8570251464844
86944576,287.1576843261719
86946080,289.729248046875
86969824,251.6951446533203
86979856,249.35604858398438
86992256,252.34303283691406
86997776,280.5890197753906
87000624,262.8276672363281
87005408,221.85958862304688
87010544,252.5634002685547
87022480,257.52374267578125
87029840,272.42449951171875
87039664,240.28988647460938
87050880,251.2412567138672
87062224,256.0072021484375
87063760,219.98098754882812
87065296,65.04216003417969
87067712,248.83546447753906
87068448,253.2020721435547
87110560,274.6959228515625
87112672,275.4557189941406
87120640,229.40924072265625
87134144,243.54095458984375
87138720,239.64410400390625
87159664,279.0223083496094
87163136,259.462158203125
87167152,249.19314575195312
87172816,261.4753112792969
87187248,276.10748291015625
87206304,294.77593994140625
87237664,262.50103759765625
87254288,284.6221923828125
87264912,254.43984985351562
87265952,245.35797119140625
87283456,262.9397888183594
87286048,253.44332885742188
87289120,222.5040740966797
87289456,257.4010009765625
87293040,248.1819610595703
87304224,266.2315673828125
87306016,254.45956420898438
87344672,281.34136962890625
87348064,228.48472595214844
87348480,235.9827880859375
87358032,278.3761291503906
87371184,270.5235900878906
87382704,254.3826141357422
87389312,227.042236328125
87400480,244.05563354492188
87403840,276.3277587890625
87439200,219.63880920410156
87442608,219.98228454589844
87446128,308.6142578125
87462240,227.61013793945312
87471600,265.8751525878906
87472816,269.29425048828125
87485744,277.2088928222656
87491840,269.96160888671875
87500448,237.8465118408203
87501216,247.7874298095703
87503344,268.07611083984375
87512816,281.4507751464844
87524656,272.1754150390625
87571216,263.6257629394531
87576320,255.81199645996094
87586656,235.32901000976562
87596128,246.07794189453125
87596640,231.29640197753906
87596848,245.58168029785156
87599216,254.81488037109375
87599712,266.68994140625
87605520,282.8240966796875
87611584,257.62213134765625
87624176,268.3401184082031
87627120,230.67486572265625
87628192,244.7885284423828
87633408,283.1219177246094
87656752,265.79925537109375
87660720,270.2842102050781
87671376,229.34844970703125
87687216,261.2975158691406
87688016,207.8125457763672
87697408,242.2864532470703
87710416,286.00762939453125
87713072,275.4647521972656
87726672,267.8257141113281
87729152,286.0593566894531
87735888,284.8048400878906
87757728,246.7189178466797
87792800,219.97679138183594
87829712,296.22967529296875
87836016,254.48866271972656
87858096,228.695556640625
87867120,274.5137939453125
87876464,252.66932678222656
87899552,251.00209045410156
87900640,270.02899169921875
87910240,241.66018676757812
87912160,247.87742614746094
87921424,279.56170654296875
87931280,251.18649291992188
87937344,253.7090301513672
87948320,255.305908203125
87952464,224.89031982421875
87954448,274.3688659667969
87956816,261.6203918457031
87981840,272.340576171875
87984256,271.8028869628906
87985760,264.5380859375
87998816,233.8163604736328
88031264,266.29998779296875
88034880,259.6061096191406
88057152,265.16607666015625
88057216,272.11285400390625
88058480,274.2237243652344
88060272,277.4034729003906
88060400,285.1087646484375
88071280,241.040771484375
88072160,250.9412078857422
88072464,246.8683624267578
88086064,256.2608947753906
88089232,239.25831604003906
88094352,253.45103454589844
88095168,264.8639831542969
88095456,249.18972778320312
88107600,267.87054443359375
88124656,257.94354248046875
88136320,233.3245391845703
88139952,239.82528686523438
88153104,260.3646240234375
88159280,300.0551452636719
88166320,252.9546661376953
88177824,239.21542358398438
88197744,253.24266052246094
88209072,246.75018310546875
88219968,283.55438232421875
88232656,279.2506103515625
88294384,238.5689239501953
88306304,242.25437927246094
88310544,279.10577392578125
88311472,278.71728515625
88350656,223.22378540039062
88392304,252.8580322265625
88396400,272.7197265625
88409584,269.38531494140625
88414624,261.4568786621094
88424528,262.4128112792969
88424784,251.25289916992188
88425232,264.07208251953125
88436736,236.86935424804688
88453376,223.35818481445312
88461696,264.49127197265625
88478224,62.02878952026367
88499360,242.0660400390625
88506192,249.62684631347656
88521328,219.49868774414062
88532864,252.6944580078125
88546128,269.5731201171875
88585728,268.8890686035156
88592528,245.74200439453125
88597632,243.0111541748047
88606928,254.05575561523438
88621376,241.79489135742188
88654608,253.09860229492188
88665136,304.5485534667969
88672176,235.02040100097656
88673824,277.4342346191406
88689600,279.4756774902344
88698880,242.862060546875
88714224,271.5650939941406
88728016,244.62277221679688
88737360,253.09083557128906
88743648,258.51806640625
88750768,261.4181823730469
88751168,229.61758422851562
88765968,261.9309387207031
88777424,230.698974609375
88777488,251.19581604003906
88787968,233.46827697753906
88793136,243.9619140625
88835328,218.4534912109375
88846896,221.92701721191406
88852432,269.5716247558594
88854880,209.50518798828125
88869056,241.56344604492188
88878816,245.1923065185547
88879536,283.4058837890625
88894256,274.4930114746094
88912496,244.29824829101562
88914544,238.761474609375
88919216,260.6063537597656
88945376,275.3876953125
88947968,265.7894287109375
88950624,254.17584228515625
88952656,288.4915466308594
88961760,250.93028259277344
88962400,276.0193786621094
88971840,56.73432159423828
88979568,267.1641845703125
88984400,237.09495544433594
88993008,257.01080322265625
88995552,247.83563232421875
89002320,259.6963195800781
89006384,241.61019897460938
89027648,247.33819580078125
89028480,231.6953887939453
89042768,266.6595153808594
89051600,268.404541015625
89056192,275.48193359375
89066544,266.125732421875
89068464,229.084228515625
89069360,281.36737060546875
89085616,269.7512512207031
89085744,218.38352966308594
89100080,280.82330322265625
89102304,222.49502563476562
89110048,257.0616760253906
89119424,252.2648162841797
89127776,267.31121826171875
89132256,232.8353271484375
89145184,212.0306854248047
89168560,257.8196716308594
89175408,281.0955505371094
89176800,296.82122802734375
89205584,239.21995544433594
89213984,278.32647705078125
89226192,242.1491241455078
89241584,250.77377319335938
89242864,271.310791015625
89282480,266.8316345214844
89302256,263.5574951171875
89310144,272.8125
89326864,264.3857116699219
89357056,71.617431640625
89369840,290.33636474609375
89379744,241.5322723388672
89379872,251.1240997314453
89430656,270.235595703125
89435504,258.5958557128906
89443280,221.97169494628906
89449280,261.78277587890625
89463392,276.7646789550781
89467680,258.2925720214844
89467792,253.09710693359375
89483104,260.63018798828125
89486928,274.7469177246094
89488304,244.89791870117188
89488896,244.36541748046875
89491552,215.94349670410156
89492848,239.56698608398438
89496400,258.8573913574219
89515568,247.84841918945312
89521904,217.12620544433594
89523472,263.52447509765625
89537200,257.7301025390625
89543760,273.1376647949219
89555024,265.8114013671875
89558896,232.7246856689453
89559200,275.9257507324219
89572208,266.0740966796875
89578816,252.65066528320312
89580064,278.3579406738281
89606816,248.34288024902344
89620448,273.5285339355469
89632080,255.13304138183594
89640912,270.2027282714844
89650016,161.47076416015625
89660144,267.5723876953125
89673264,251.69290161132812
89688768,270.05364990234375
89692304,225.5489044189453
89714064,250.45169067382812
89715200,263.6255798339844
89731792,200.2168731689453
89754720,6.152230739593506
89783408,219.03961181640625
89793056,259.2138977050781
89797808,275.06298828125
89799408,281.7520751953125
89801968,258.6575927734375
89811216,232.46319580078125
89829424,271.18084716796875
89853440,257.8329772949219
89856512,291.3899841308594
89888096,258.3879089355469
89901632,248.71461486816406
89912336,250.61306762695312
89953296,255.53236389160156
89964080,252.2194366455078
89976144,272.5426940917969
89986752,271.5402526855469
90000192,268.5207214355469
90000208,259.8873596191406
90036528,273.5680236816406
90037168,279.156982421875
90038752,263.52056884765625
90044528,255.86181640625
90047472,259.50634765625
90051248,49.06416702270508
90060384,248.52291870117188
90072816,288.9527587890625
90078928,237.18016052246094
90084816,262.0950622558594
90085648,232.87181091308594
90110384,250.64694213867188
90112752,281.76507568359375
90113104,249.89146423339844
90128256,238.3701934814453
90130976,273.3596496582031
90166800,287.505859375
90174672,232.95265197753906
90202112,284.83477783203125
90202624,271.4617004394531
90211520,214.7366180419922
90213600,268.72412109375
90216272,258.78082275390625
90222144,306.2020568847656
90240400,274.5974426269531
90247632,239.4178009033203
90255456,284.44390869140625
90271136,269.9718017578125
90280384,236.52133178710938
90286032,267.7702941894531
90289280,252.3997039794922
90289840,234.8427734375
90301664,57.1169548034668
90310080,270.87237548828125
90332480,260.3698425292969
90343312,230.0348358154297
90348512,283.1219482421875
90357696,273.28582763671875
90358528,242.14097595214844
90371984,277.406494140625
90386048,276.00592041015625
90390752,287.72784423828125
90412432,251.93609619140625
90414736,268.7681579589844
90443072,255.24208068847656
90460608,266.304931640625
90468368,300.53302001953125
90469280,283.79571533203125
90485328,238.24403381347656
90495584,275.0136413574219
90496368,296.7655334472656
90534320,231.8461151123047
90536368,249.34898376464844
90536608,259.2461242675781
90554688,270.9223937988281
90567776,280.2370910644531
90573888,273.2125549316406
90591200,276.9646911621094
90592704,255.44129943847656
90592912,275.8583984375
90600544,5.743010520935059
90612976,251.51669311523438
90613488,238.41683959960938
90631824,231.664306640625
90649184,266.5759582519531
90662608,253.5447998046875
90669536,289.60491943359375
90669568,251.75392150878906
90684304,241.68873596191406
90685712,290.7132873535156
90687728,293.2421875
90704736,281.332275390625
90722304,232.46449279785156
90740896,280.9045715332031
90745696,231.313720703125
90755168,295.260986328125
90756432,240.357177734375
90765952,260.6493835449219
90776336,233.0243682861328
90783968,260.1361999511719
90784528,267.77911376953125
90788144,248.70362854003906
90796032,246.05905151367188
90802448,272.4485778808594
90806336,37.734928131103516
90808256,253.52667236328125
90812848,247.9886474609375
90842304,260.48712158203125
90847376,281.492431640625
90850544,253.01446533203125
90862176,227.57861328125
90864864,240.51283264160156
90870720,219.26280212402344
90877248,284.83074951171875
90894736,286.65087890625
90903360,260.5418395996094
90907216,267.4638977050781
90911008,300.8123474121094
90914336,247.44293212890625
90921184,280.2530822753906
90923728,39.64439010620117
90957824,259.1087646484375
90968816,283.8158874511719
90969168,252.66929626464844
90980032,264.81683349609375
90992256,252.55718994140625
91008336,222.37217712402344
91011808,238.2701873779297
91012368,221.95980834960938
91033520,255.388427734375
91038960,281.60498046875
91057616,30.955604553222656
91070880,302.6671447753906
91100544,299.279052734375
91113584,49.61043167114258
91120304,287.27667236328125
91134240,305.800048828125
91149472,254.95025634765625
91193728,231.21243286132812
91202704,272.5979309082031
91213984,262.07086181640625
91221088,292.0611267089844
91313648,263.3323669433594
91332240,60.90508270263672
91334560,309.2971496582031
91375952,263.07025146484375
91414896,275.3263244628906
91427440,287.9779052734375
91439408,282.16949462890625
91452928,255.85574340820312
91454160,273.0341491699219
91455568,309.88153076171875
91464864,245.59796142578125
91473104,224.44679260253906
91475584,283.090576171875
91475776,263.1261901855469
91481008,251.86581420898438
91486368,271.6142578125
91486592,273.90191650390625
91508704,300.5108337402344
91515008,263.1004943847656
91527264,257.4926452636719
91542864,264.5290832519531
91553840,278.7624816894531
91594096,277.965087890625
91607376,262.4429016113281
91634176,299.751220703125
91639632,284.53912353515625
91657968,252.0591278076172
91664688,249.28121948242188
91680224,234.7642822265625
91686240,271.5862731933594
91692240,242.49998474121094
91705392,285.9111633300781
91710336,281.0545349121094
91740576,280.935302734375
91768368,228.90867614746094
91783232,271.08843994140625
91804160,274.9411926269531
91809152,220.9312744140625
91815312,242.8863067626953
91831040,272.4683532714844
91836112,282.4078369140625
91856544,290.65557861328125
91861584,257.40228271484375
91873472,245.0611114501953
91881296,255.18643188476562
91883392,276.1292419433594
91901984,238.36453247070312
91912496,233.7452850341797
91927296,234.20175170898438
91937728,277.069580078125
91948224,251.3778839111328
91951968,271.3327331542969
91963200,290.7793884277344
91965424,252.26539611816406
91969104,217.269775390625
92008304,250.3758544921875
92013648,256.88525390625
92025264,275.4800109863281
92025312,254.50872802734375
92042880,225.4366455078125
92049216,266.8871765136719
92056384,294.01922607421875
92064336,235.37022399902344
92072720,273.9352722167969
92079568,273.34722900390625
92088208,236.5591278076172
92106336,273.2132873535156
92108752,307.8952941894531
92108752,258.5226745605469
92131904,225.81480407714844
92161072,224.7175750732422
92165888,278.438232421875
92178544,227.39541625976562
92185552,247.3026885986328
92186096,252.82894897460938
92189408,285.53277587890625
92201520,287.2452697753906
92220448,294.524658203125
92223024,28.266767501831055
92267824,16.11772346496582
92280672,281.733642578125
92292864,289.4549255371094
92296688,274.3465576171875
92316608,247.05126953125
92328128,272.1821594238281
92351088,312.4208679199219
92352848,219.9720916748047
92373520,258.4013671875
92399008,295.4305725097656
92413648,288.5406188964844
92463456,270.50762939453125
92503008,233.4324951171875
92514912,233.80563354492188
92516256,262.2610168457031
92534176,290.9295349121094
92547872,275.3187255859375
92580288,279.95361328125
92606160,295.4473571777344
92635584,288.4058532714844
92674032,278.7548522949219
92675712,267.3557434082031
92685056,229.2590789794922
92697584,264.041015625
92723424,230.14149475097656
92736640,257.6075439453125
92764352,273.4839172363281
92764992,226.82546997070312
92768656,256.8153991699219
92778832,276.359130859375
92793600,253.76657104492188
92815376,272.6412658691406
92821264,263.56329345703125
92831136,265.15118408203125
92862016,270.6130676269531
92907328,259.46435546875
92913968,293.47216796875
92922528,290.04705810546875
92944736,275.6200866699219
92982736,291.59552001953125
92994928,267.9291687011719
93004160,230.7703094482422
93004752,223.98826599121094
93026288,233.96632385253906
93032608,245.62583923339844
93033280,275.7190246582031
93044752,246.07960510253906
93047904,232.72132873535156
93066752,287.34112548828125
93087872,277.2391357421875
93102240,234.4601593017578
93118320,251.8015899658203
93120112,253.36026000976562
93166880,291.14056396484375
93175456,221.41983032226562
93178336,307.2191467285156
93188768,241.90928649902344
93203088,279.1019287109375
93204784,284.9228820800781
93217648,288.6483459472656
93228000,257.0372009277344
93231952,258.108642578125
93234400,250.69754028320312
93243696,274.8448486328125
93272192,241.8922119140625
93286352,248.7147674560547
93310544,272.65557861328125
93323248,278.71038818359375
93364864,304.5032958984375
93370720,270.1029052734375
93378224,287.9520263671875
93383280,271.4634094238281
93385232,278.7430725097656
93386976,267.2587890625
93398496,211.05738830566406
93402320,263.2970886230469
93438704,253.7367706298828
93439392,220.090576171875
93443472,254.8134765625
93458480,296.8045349121094
93460368,258.4992370605469
93469744,234.3451690673828
93478320,270.0164794921875
93498096,217.197998046875
93526160,249.60971069335938
93535712,243.7648468017578
93543712,243.33056640625
93555056,250.6208953857422
93572800,263.8415832519531
93589488,264.3660888671875
93593776,250.4403839111328
93611712,259.3088073730469
93613824,265.45074462890625
93652928,276.5449523925781
93655360,265.6064758300781
93658736,266.4026184082031
93660320,268.2398681640625
93717632,276.1597900390625
93728080,289.4775695800781
93743184,242.3715057373047
93743776,278.94134521484375
93750080,262.32440185546875
93764672,239.300537109375
93776928,305.49725341796875
93784496,238.11070251464844
93817824,280.3440856933594
93820960,265.0294189453125
93853168,274.181640625
93855456,267.0852355957031
93879456,283.97369384765625
93895936,227.70989990234375
93928992,255.57070922851562
93958912,305.2195739746094
93961728,278.1341247558594
93970112,209.36570739746094
93977696,274.6169128417969
93994528,282.0576477050781
93994896,278.3628845214844
94010688,249.14837646484375
94027344,274.45513916015625
94031536,261.5555725097656
94033888,251.5036163330078
94042400,273.96600341796875
94054224,281.6661071777344
94065264,233.2742462158203
94090400,294.1765441894531
94130608,249.17465209960938
94132432,290.2066650390625
94133600,285.6517028808594
94163344,233.18563842773438
94165072,251.95848083496094
94171040,237.85789489746094
94192304,275.98065185546875
94203888,287.29315185546875
94209872,253.2213134765625
94228112,273.4637451171875
94230448,255.18482971191406
94230736,229.7231903076172
94261488,260.5
94278032,284.8949279785156
94293440,266.1700439453125
94311824,254.86537170410156
94314512,277.1740417480469
94332032,250.08462524414062
94336480,263.7043762207031
94337072,260.2376403808594
94342784,262.44842529296875
94356480,246.70034790039062
94358256,282.0350646972656
94392064,220.22254943847656
94415008,251.1495361328125
94416864,235.59048461914062
94430656,271.4530944824219
94440192,247.0129852294922
94442080,276.4719543457031
94451392,297.8913879394531
94470048,242.50938415527344
94474688,254.6121063232422
94475168,254.09007263183594
94483376,264.7869873046875
94500576,272.41436767578125
94512336,287.3053894042969
94524320,272.51727294921875
94526032,218.9709014892578
94536032,266.5737609863281
94553248,278.99053955078125
94560704,270.58123779296875
94621664,237.00888061523438
94658480,271.3130798339844
94659296,244.5311737060547
94659376,244.9097137451172
94660832,297.5831298828125
94677376,207.8498992919922
94706064,229.98585510253906
94709680,238.00450134277344
94722800,259.77716064453125
94728928,259.2949523925781
94771200,279.17462158203125
94775456,273.4033203125
94801536,238.96963500976562
94813824,300.1180419921875
94816656,270.58807373046875
94818784,56.34422302246094
94825616,227.54977416992188
94844992,278.7171936035156
94846192,254.42689514160156
94858928,276.4851379394531
94865584,223.32546997070312
94874432,239.61854553222656
94900544,255.9630126953125
94904608,250.71237182617188
94919536,278.08172607421875
94938544,271.6230163574219
94955216,258.8822937011719
94956128,246.76754760742188
94964896,281.9998474121094
94968672,261.699462890625
94971728,251.1344451904297
94983600,36.326934814453125
95004848,256.940673828125
95039088,292.8661193847656
95043392,246.70008850097656
95044048,257.7111511230469
95048720,263.945556640625
95065504,272.09222412109375
95081248,289.9293518066406
95084688,286.96527099609375
95102176,299.6224060058594
95102624,257.37322998046875
95110288,259.3498840332031
95121264,244.29254150390625
95147680,271.7171630859375
95184480,264.3913269042969
95228160,228.21615600585938
95228992,250.52752685546875
95233824,290.5665588378906
95238032,260.407470703125
95240784,282.862060546875
95240944,262.6502990722656
95256832,264.96044921875
95267840,263.3216857910156
95291968,278.41015625
95312240,287.97906494140625
95337664,245.83819580078125
95338528,271.9823303222656
95342032,238.95420837402344
95354352,228.36488342285156
95354624,272.7949523925781
95361056,281.244140625
95367360,247.44395446777344
95374688,232.5751495361328
95401280,287.7358703613281
95402992,288.3701171875
95420976,208.84547424316406
95421456,249.14564514160156
95426448,272.6104431152344
95431040,246.97276306152344
95436000,281.07672119140625
95456240,276.20257568359375
95483056,296.2459716796875
95483088,265.4466247558594
95484768,269.0250244140625
95486960,257.1864929199219
95487088,289.59503173828125
95497632,244.3400115966797
95510704,288.8603820800781
95511936,253.02325439453125
95525552,261.7288818359375
95544336,294.4152526855469
95575936,276.9324035644531
95579488,299.6433410644531
95583744,275.7998046875
95590224,251.74745178222656
95592592,293.42022705078125
95595520,260.05963134765625
95611648,236.5612030029297
95619440,253.36410522460938
95649504,269.489013671875
95650128,220.4991912841797
95654816,250.97377014160156
95722016,54.392459869384766
95756400,262.4701232910156
95757888,241.56057739257812
95767664,250.47027587890625
95791696,234.4320068359375
95795168,240.6344757080078
95807248,250.43081665039062
95836160,289.71826171875
95840016,271.9817199707031
95843776,226.00648498535156
95857792,212.65892028808594
95871728,254.5625
95888848,281.13690185546875
95901440,249.1314239501953
95902672,250.27041625976562
95946592,251.2073974609375
95949904,249.08424377441406
95975504,274.94769287109375
95976352,260.62548828125
95976992,257.21453857421875
95977920,261.5451354980469
95997872,273.5433044433594
96035248,260.3622741699219
96042560,282.29705810546875
96056096,280.3597106933594
96069728,264.8014221191406
96080928,271.408935546875
96094784,245.94073486328125
96130272,256.0683898925781
96135024,299.7953796386719
96135040,244.15489196777344
96138992,259.58306884765625
96143728,282.6179504394531
96158016,261.45458984375
96186880,283.8580017089844
96223600,259.427001953125
96235776,237.51513671875
96256496,164.50039672851562
96267744,254.3993377685547
96269968,297.2628479003906
96304128,275.63409423828125
96305680,47.303985595703125
96313888,249.72396850585938
96322224,290.79022216796875
96359120,272.95428466796875
96360448,215.77139282226562
96362896,222.3006134033203
96400272,227.87893676757812
96405680,270.3975524902344
96416064,224.5055389404297
96426240,265.5306091308594
96428432,271.8564453125
96433904,236.47178649902344
96436656,261.2234802246094
96442016,255.80868530273438
96464880,246.3657989501953
96477616,285.13079833984375
96493488,246.91261291503906
96494464,245.8258819580078
96498672,228.38150024414062
96508480,295.7906494140625
96509136,251.35552978515625
96515040,308.4706726074219
96524336,295.2251281738281
96527584,248.72152709960938
96534224,236.47914123535156
96543440,269.1322021484375
96559808,229.30625915527344
96575616,261.0698547363281
96605104,230.486083984375
96607312,273.6069641113281
96612208,250.4301300048828
96623776,277.8220520019531
96633200,264.39794921875
96636976,263.9322509765625
96638448,47.54645538330078
96660576,305.1900634765625
96684416,279.58294677734375
96687744,279.28546142578125
96700960,221.90182495117188
96711456,246.52655029296875
96722240,241.9275665283203
96729216,233.65103149414062
96749536,212.49900817871094
96752080,260.2168884277344
96761312,255.1507110595703
96764800,243.19375610351562
96772736,232.71937561035156
96776976,299.22491455078125
96793536,291.261962890625
96795312,273.94866943359375
96799664,224.80809020996094
96805120,278.2325134277344
96815472,285.8810729980469
96833088,234.78517150878906
96836736,276.8876647949219
96851008,274.7804870605469
96860448,277.9908752441406
96864704,237.83860778808594
96865872,230.6764373779297
96879360,267.39556884765625
96887088,265.1879577636719
96896432,238.0365753173828
96916928,282.97442626953125
96922864,53.91902160644531
96927968,263.7908020019531
96932464,251.74436950683594
96933648,278.7135314941406
96942240,272.498291015625
96952256,251.720947265625
96952672,250.34585571289062
96957600,261.60076904296875
96967824,247.90440368652344
96979040,244.68893432617188
96990176,256.1197204589844
96991792,280.55096435546875
96996112,237.85523986816406
96999968,268.39825439453125
97001344,256.5787353515625
97002592,251.53062438964844
97003552,258.605712890625
97005776,245.50677490234375
97023088,244.70118713378906
97026288,278.7781982421875
97031296,285.5321350097656
97031760,293.8110046386719
97034160,280.5142822265625
97037536,229.77137756347656
97038816,238.9897003173828
97077568,245.00184631347656
97087136,283.3763732910156
97092192,267.0794677734375
97106480,280.404296875
97144144,283.6659240722656
97150720,238.49429321289062
97153776,282.4378967285156
97166112,230.57742309570312
97169696,231.92559814453125
97171888,275.5722351074219
97183520,261.00946044921875
97185696,260.9681396484375
97213888,249.6812744140625
97216144,280.3754577636719
97228080,294.0213623046875
97233680,248.19155883789062
97243776,275.3431091308594
97249536,261.6095275878906
97255792,285.1860046386719
97256208,236.76959228515625
97298112,289.6635437011719
97303456,255.55076599121094
97315968,223.26380920410156
97331280,254.91046142578125
97331904,258.2926940917969
97335520,245.3965606689453
97347488,199.6521759033203
97362144,280.1573486328125
97394128,278.7669982910156
97403408,279.85382080078125
97418560,251.8546142578125
97431952,237.6016387939453
97448848,264.8929443359375
97464768,272.7938537597656
97467408,261.85565185546875
97482944,271.2460021972656
97487696,251.25929260253906
97495856,246.25135803222656
97508352,244.40225219726562
97513088,246.3739013671875
97517808,268.6700744628906
97522432,246.6493682861328
97541536,259.4856872558594
97548688,257.9975891113281
97553424,260.9258117675781
97554704,239.8755645751953
97560080,265.9092102050781
97561008,251.04714965820312
97561344,254.98114013671875
97564256,288.21075439453125
97588592,274.9916687011719
97597904,277.3115234375
97603184,252.48709106445312
97604240,240.1682586669922
97635136,248.74447631835938
97640304,226.13839721679688
97660512,265.40118408203125
97679040,281.98992919921875
97681712,317.6351013183594
97704288,30.788610458374023
97722096,252.84352111816406
97730064,287.89654541015625
97734208,250.11859130859375
97746992,270.71234130859375
97769328,251.37338256835938
97778576,269.31884765625
97801472,284.3161926269531
97801648,235.1010284423828
97806592,240.4879608154297
97812736,284.45477294921875
97830704,285.0609130859375
97854176,248.38572692871094
97855184,260.8134765625
97862592,277.058837890625
97877840,265.1860656738281
97925104,279.4607238769531
97956720,289.8333740234375
97975824,282.87152099609375
98066128,69.316162109375
98066576,276.396240234375
98072528,249.429931640625
98076288,286.2551574707031
98087120,254.08111572265625
98090560,269.9027099609375
98117760,259.7113342285156
98126208,231.63833618164062
98155920,282.0296325683594
98159600,271.290283203125
98164368,261.32763671875
98198768,228.59107971191406
98202272,227.42913818359375
98202736,239.95962524414062
98222736,252.40773010253906
98232336,232.21922302246094
98236704,276.1264953613281
98260448,275.287353515625
98274384,232.98202514648438
98275008,253.09097290039062
98289632,280.666259765625
98293168,285.05267333984375
98299200,231.30386352539062
98310976,284.8927917480469
98313952,266.615966796875
98314736,290.3825378417969
98319648,279.8760986328125
98326736,269.5279235839844
98350048,265.64202880859375
98352384,236.5179443359375
98374032,251.7936248779297
98388224,287.6753234863281
98422656,245.06124877929688
98429504,304.38189697265625
98438256,289.4201965332031
98438896,272.27215576171875
98442912,266.6062927246094
98454576,259.2899475097656
98456336,226.82960510253906
98458048,265.3292541503906
98459200,295.0584716796875
98514368,256.9015808105469
98516752,243.8462677001953
98531024,256.6190490722656
98545072,269.7413635253906
98549152,238.23191833496094
98564400,281.04217529296875
98570064,254.39666748046875
98576848,245.9330291748047
98583152,298.6903381347656
98597472,268.15692138671875
98603328,267.63201904296875
98603776,258.197265625
98605040,225.46009826660156
98611264,238.2523651123047
98636736,257.53271484375
98667728,257.475341796875
98687744,238.05775451660156
98689744,282.5102233886719
98724240,258.17474365234375
98725264,264.76763916015625
98731648,218.11373901367188
98745120,274.159912109375
98753376,290.827880859375
98754048,262.57489013671875
98765520,295.88385009765625
98775280,261.7568054199219
98811856,283.0546875
98830416,268.31231689453125
98860544,234.52789306640625
98910304,249.5182647705078
98918624,244.39797973632812
98936080,295.0115051269531
98937200,283.9318542480469
98960192,314.0903625488281
98974176,258.5578308105469
98984960,283.0971374511719
98988704,258.9611511230469
98988768,272.0714111328125
99015280,289.24444580078125
99037488,247.5638427734375
99037760,284.8087463378906
99059616,282.5854797363281
99067216,281.48431396484375
99082448,283.2446594238281
99095136,231.9486083984375
99096016,298.6407470703125
99106192,243.1554412841797
99119856,281.1466064453125
99129760,264.0300598144531
99139584,256.96942138671875
99147120,208.76333618164062
99148496,259.6038513183594
99182560,268.67071533203125
99182816,296.8642883300781
99213600,237.01852416992188
99216016,279.2441711425781
99226592,279.2942199707031
99232976,303.210205078125
99237648,297.0001220703125
99266064,289.7417907714844
99269520,235.21556091308594
99308880,287.47821044921875
99326272,234.9395294189453
99328944,275.65362548828125
99335472,276.9444580078125
99336544,259.5664978027344
99336784,260.35076904296875
99352480,258.3678894042969
99355488,294.9537353515625
99361296,278.31134033203125
99396096,254.21624755859375
99406432,247.0427703857422
99424880,253.95388793945312
99462272,280.28472900390625
99465264,271.0210266113281
99469792,305.9193420410156
99482784,273.8136901855469
99492352,39.074851989746094
99494704,259.4131164550781
99496384,277.83868408203125
99522960,265.6425476074219
99555440,279.16790771484375
99559392,267.8192138671875
99567792,277.74981689453125
99588544,265.2661437988281
99604176,239.16845703125
99612768,265.3508605957031
99616240,286.1604919433594
99630992,260.01556396484375
99663072,282.166015625
99674000,281.24554443359375
99679728,259.55145263671875
99687696,275.1662902832031
99693008,283.38421630859375
99698592,293.6787109375
99699280,272.1463317871094
99709616,242.8826141357422
99718272,274.6927490234375
99728400,251.36126708984375
99757936,274.651123046875
99779712,276.50164794921875
99781232,260.0567626953125
99781392,260.21075439453125
99797776,308.1990966796875
99797904,289.4365234375
99821840,309.2770690917969
99824256,273.962158203125
99831408,284.91802978515625
99844048,235.04226684570312
99846896,309.62518310546875
99886496,268.9944152832031
99892016,47.724159240722656
99899520,262.0507507324219
99906688,262.9637451171875
99914448,288.5382080078125
99920592,282.40545654296875
99921584,293.15460205078125
99921632,259.90380859375
99937904,293.2966613769531
99991536,259.69207763671875
