step,value
2016,63.0
2720,85.0
2912,91.0
6592,61.0
7168,78.0
7840,57.0
8800,50.0
11136,78.0
14784,51.0
15104,94.0
15616,83.0
17632,150.0
17888,83.0
19616,68.0
22816,75.0
25504,73.0
29760,64.0
31584,84.0
36064,131.0
36160,78.0
45504,55.0
48928,62.0
49568,196.0
49792,63.0
52768,52.0
54944,141.0
56736,72.0
57280,70.0
60608,57.0
60640,60.0
61856,60.0
65888,75.0
69920,91.0
70432,105.0
70432,61.0
70912,129.0
72768,57.0
76224,86.0
77184,109.0
78624,230.0
78752,78.0
78944,56.0
79360,76.0
81472,88.0
81760,93.0
84352,77.0
84736,72.0
85728,82.0
91104,70.0
96288,73.0
97920,299.0
98336,308.0
101152,52.0
104384,65.0
109440,52.0
113792,60.0
115616,92.0
122720,133.0
124992,184.0
125792,107.0
127456,76.0
130784,86.0
131808,277.0
132960,67.0
136000,139.0
140800,86.0
144512,50.0
148832,66.0
150816,61.0
151296,78.0
156032,76.0
156928,61.0
160352,75.0
162752,94.0
163712,357.0
164064,66.0
171488,60.0
182240,164.0
182592,55.0
186528,74.0
188608,91.0
189280,88.0
189472,65.0
202592,262.0
204928,134.0
207136,500.0
212384,68.0
213408,195.0
216832,81.0
219200,53.0
226272,91.0
227392,468.0
230560,74.0
238624,130.0
243648,63.0
243936,78.0
244864,66.0
247552,83.0
255360,65.0
258816,92.0
260448,63.0
261792,110.0
263936,94.0
269024,72.0
269280,162.0
270656,137.0
270912,101.0
274208,104.0
282272,80.0
283552,59.0
289856,167.0
291008,73.0
296544,99.0
296672,77.0
297888,62.0
303776,225.0
303904,243.0
323456,95.0
323936,145.0
330048,113.0
335840,107.0
339232,57.0
340640,129.0
341696,114.0
343456,54.0
344480,222.0
347072,95.0
349632,64.0
364032,63.0
367072,88.0
367904,58.0
368864,74.0
372384,70.0
373952,86.0
375648,149.0
377056,109.0
378528,101.0
381344,104.0
386528,130.0
386976,367.0
390432,108.0
394656,71.0
396928,241.0
397952,75.0
398144,242.0
398528,117.0
401376,78.0
407072,136.0
412128,91.0
413248,205.0
415680,194.0
417600,70.0
421088,93.0
421696,73.0
423168,109.0
423776,91.0
424480,232.0
425440,102.0
428160,248.0
429056,229.0
434784,321.0
436960,192.0
442560,68.0
451616,87.0
452576,104.0
454496,69.0
459264,77.0
460864,66.0
469376,242.0
470464,269.0
470752,127.0
473504,77.0
477472,80.0
480864,105.0
482688,181.0
486112,174.0
487616,116.0
490240,87.0
495136,403.0
496736,103.0
497216,76.0
498848,316.0
513024,107.0
514208,64.0
516416,185.0
518272,66.0
525760,112.0
529696,155.0
533408,75.0
535072,64.0
535392,166.0
535776,88.0
538592,68.0
543104,481.0
546880,207.0
550752,105.0
552992,96.0
559232,85.0
561856,110.0
563136,185.0
564480,110.0
565088,103.0
567712,270.0
569216,256.0
569696,133.0
576672,103.0
578752,70.0
579072,103.0
585504,71.0
586624,98.0
588512,71.0
591328,90.0
600992,351.0
607392,64.0
608192,212.0
613312,112.0
616960,218.0
621408,212.0
624672,161.0
627008,103.0
630496,110.0
632608,98.0
641504,74.0
641760,297.0
648000,96.0
648480,90.0
656320,287.0
658880,130.0
665376,134.0
665632,191.0
672704,113.0
676736,101.0
680672,206.0
682624,307.0
690464,88.0
693152,101.0
693184,108.0
694112,59.0
694816,75.0
697120,93.0
700480,142.0
703872,164.0
708704,65.0
710720,204.0
716224,198.0
719488,75.0
719968,163.0
721024,86.0
722624,97.0
727296,117.0
728416,119.0
730624,110.0
737088,150.0
737120,300.0
737216,70.0
739904,352.0
741376,220.0
743584,82.0
746368,59.0
753472,167.0
757408,237.0
759136,95.0
760384,107.0
763040,82.0
765984,87.0
766176,172.0
766368,287.0
768672,119.0
778240,110.0
778464,89.0
782080,66.0
783488,80.0
784992,94.0
790272,131.0
790912,68.0
797600,87.0
800544,78.0
804928,126.0
811328,221.0
822688,111.0
823008,119.0
824128,120.0
832512,84.0
848512,102.0
850144,112.0
863392,79.0
869312,201.0
876000,89.0
886464,147.0
896928,269.0
898112,107.0
905504,75.0
911008,133.0
915424,94.0
916864,67.0
918560,181.0
926208,91.0
928672,204.0
928800,84.0
933312,159.0
937984,148.0
943136,102.0
943744,80.0
947392,109.0
948480,310.0
951488,75.0
957824,148.0
958080,272.0
962528,154.0
967680,74.0
968864,127.0
969792,70.0
974208,124.0
977088,164.0
980000,70.0
981984,123.0
982784,85.0
990720,110.0
991680,102.0
998752,114.0
999552,72.0
1003840,277.0
1008416,82.0
1019264,102.0
1033344,112.0
1041600,119.0
1050464,86.0
1052480,280.0
1052896,75.0
1057408,108.0
1057440,131.0
1060608,86.0
1065568,334.0
1071232,80.0
1076608,398.0
1079520,97.0
1080832,107.0
1082880,90.0
1083584,245.0
1084480,112.0
1085504,184.0
1085632,89.0
1090080,297.0
1099456,91.0
1101504,75.0
1102592,63.0
1104000,286.0
1105120,78.0
1105440,89.0
1114176,62.0
1116448,207.0
1121888,274.0
1122496,118.0
1126080,71.0
1131904,500.0
1132576,271.0
1133760,223.0
1134080,113.0
1139872,86.0
1143040,97.0
1145216,86.0
1156480,364.0
1160928,86.0
1171360,108.0
1175008,125.0
1176256,127.0
1180416,129.0
1187232,92.0
1189248,214.0
1194624,184.0
1198464,75.0
1201664,176.0
1202240,197.0
1210304,88.0
1223872,328.0
1228960,160.0
1232352,236.0
1235392,79.0
1238016,109.0
1250944,116.0
1253344,102.0
1255648,127.0
1267936,380.0
1269056,74.0
1275776,183.0
1277952,133.0
1283616,99.0
1293184,107.0
1293344,84.0
1295808,97.0
1297408,254.0
1307104,111.0
1307520,197.0
1313408,500.0
1315680,203.0
1316192,86.0
1316224,333.0
1319776,71.0
1324704,185.0
1326656,261.0
1337344,124.0
1337376,92.0
1337632,108.0
1338592,126.0
1344448,75.0
1346528,109.0
1352384,107.0
1357376,242.0
1363072,209.0
1366304,114.0
1368352,64.0
1372960,500.0
1375808,90.0
1379776,90.0
1381056,128.0
1383520,194.0
1391904,130.0
1399616,257.0
1403712,86.0
1405728,189.0
1407072,130.0
1409024,124.0
1420928,207.0
1425728,100.0
1427264,71.0
1427552,205.0
1434688,500.0
1437376,306.0
1439776,270.0
1440224,82.0
1442208,243.0
1445376,286.0
1445632,98.0
1446784,84.0
1452864,96.0
1455584,131.0
1457920,127.0
1462048,132.0
1463104,195.0
1464352,186.0
1469824,138.0
1471360,251.0
1476352,132.0
1477632,107.0
1483648,93.0
1487456,209.0
1499360,97.0
1499392,136.0
1499648,98.0
1500544,114.0
1501248,106.0
1503104,89.0
1504224,109.0
1514176,87.0
1517024,118.0
1517888,71.0
1518112,111.0
1526432,123.0
1528192,184.0
1529152,141.0
1529280,171.0
1531360,64.0
1541760,125.0
1543776,189.0
1544896,205.0
1553280,84.0
1553696,136.0
1557120,274.0
1558176,111.0
1564352,392.0
1565792,114.0
1568096,221.0
1577248,78.0
1581056,94.0
1582336,200.0
1583776,83.0
1587520,266.0
1590848,224.0
1596832,106.0
1597984,343.0
1608544,217.0
1612224,232.0
1612288,320.0
1613856,126.0
1614592,116.0
1616608,212.0
1624800,123.0
1632960,89.0
1636288,131.0
1637824,218.0
1639008,120.0
1645248,100.0
1648576,432.0
1653248,87.0
1653344,246.0
1655616,86.0
1657632,205.0
1662304,120.0
1662432,109.0
1664032,117.0
1664416,240.0
1664800,106.0
1672320,436.0
1681184,69.0
1683904,57.0
1688800,62.0
1690400,96.0
1693792,172.0
1704864,59.0
1706656,141.0
1708064,72.0
1709024,104.0
1712128,81.0
1715136,152.0
1717280,169.0
1722176,110.0
1727552,131.0
1729280,134.0
1730848,198.0
1732224,217.0
1732704,149.0
1734048,209.0
1739168,102.0
1740096,86.0
1742688,180.0
1746432,68.0
1753376,63.0
1753440,110.0
1764256,323.0
1766592,119.0
1767520,122.0
1768288,500.0
1768480,68.0
1774336,215.0
1782848,93.0
1793120,79.0
1793792,411.0
1794944,166.0
1795168,83.0
1798400,302.0
1802176,80.0
1802944,97.0
1819328,180.0
1827520,312.0
1837888,156.0
1838176,103.0
1839616,96.0
1842272,94.0
1847584,185.0
1848032,181.0
1851392,91.0
1852640,79.0
1853696,202.0
1854592,271.0
1862272,132.0
1874656,85.0
1874784,80.0
1877376,214.0
1878112,102.0
1878656,171.0
1882016,77.0
1885280,205.0
1895552,84.0
1899840,92.0
1904512,118.0
1911520,184.0
1912608,82.0
1915936,274.0
1919712,167.0
1922048,317.0
1935392,227.0
1939776,178.0
1950240,76.0
1955968,123.0
1963168,172.0
1964736,327.0
1965952,217.0
1969344,105.0
1977184,187.0
1980672,107.0
1988256,190.0
2002624,179.0
2003360,93.0
2009952,136.0
2011232,102.0
2012800,93.0
2016320,457.0
2018304,84.0
2021472,101.0
2021472,82.0
2026656,161.0
2029760,193.0
2035840,125.0
2040736,180.0
2043712,335.0
2051200,114.0
2056704,116.0
2059488,238.0
2060416,142.0
2063776,119.0
2069312,137.0
2078528,82.0
2079904,135.0
2087904,270.0
2091712,79.0
2093312,176.0
2096672,76.0
2097024,94.0
2102208,146.0
2102848,88.0
2102880,380.0
2104320,195.0
2105664,59.0
2110976,131.0
2114432,242.0
2117664,100.0
2119744,201.0
2126496,68.0
2127072,94.0
2131328,141.0
2133632,110.0
2144672,296.0
2145280,230.0
2150048,356.0
2155808,164.0
2156320,208.0
2165248,107.0
2168544,327.0
2180512,187.0
2182240,126.0
2182336,184.0
2187104,114.0
2201632,127.0
2206400,190.0
2207872,112.0
2213920,72.0
2222912,72.0
2223040,120.0
2225248,86.0
2230432,172.0
2234432,197.0
2235776,157.0
2243520,91.0
2247712,117.0
2254304,263.0
2270048,120.0
2270624,106.0
2277696,116.0
2278016,99.0
2279680,158.0
2283552,197.0
2284928,126.0
2287264,99.0
2288224,96.0
2289856,139.0
2290240,125.0
2293696,118.0
2305248,116.0
2309344,193.0
2313920,150.0
2314624,149.0
2316832,192.0
2317088,79.0
2322144,170.0
2325376,211.0
2330400,156.0
2331200,343.0
2332224,189.0
2332832,100.0
2333152,215.0
2335520,83.0
2340512,98.0
2346496,172.0
2350688,85.0
2368288,185.0
2376064,226.0
2379328,206.0
2380512,340.0
2381664,117.0
2384928,81.0
2392192,81.0
2396000,269.0
2404736,104.0
2408640,130.0
2409248,72.0
2409504,148.0
2416704,98.0
2417856,192.0
2425824,126.0
2427552,98.0
2429120,106.0
2432768,200.0
2434560,242.0
2434592,291.0
2438368,80.0
2440864,156.0
2441344,73.0
2442528,165.0
2449216,270.0
2450688,179.0
2456992,285.0
2458496,196.0
2464000,331.0
2466080,105.0
2476192,110.0
2478816,81.0
2481184,112.0
2481344,111.0
2481920,96.0
2489184,81.0
2489984,180.0
2490400,123.0
2492288,112.0
2495168,282.0
2507424,500.0
2510560,255.0
2519936,202.0
2523904,115.0
2528800,157.0
2531904,192.0
2540608,293.0
2545440,362.0
2549952,72.0
2550464,108.0
2554944,204.0
2556448,176.0
2557728,143.0
2559648,85.0
2565856,122.0
2569504,100.0
2573856,85.0
2575200,189.0
2575264,179.0
2582720,205.0
2586400,261.0
2591872,132.0
2593088,268.0
2597600,202.0
2599328,156.0
2601920,134.0
2604800,82.0
2605280,147.0
2606048,147.0
2610368,69.0
2619904,123.0
2620640,80.0
2620960,144.0
2628160,108.0
2628896,199.0
2636576,146.0
2645184,210.0
2646560,117.0
2652288,79.0
2659648,193.0
2662240,115.0
2663648,105.0
2666592,315.0
2671072,214.0
2674080,125.0
2675456,185.0
2678464,172.0
2683168,87.0
2688832,186.0
2689632,202.0
2690080,104.0
2691584,199.0
2692672,203.0
2692896,122.0
2696576,147.0
2710368,254.0
2721568,104.0
2736416,186.0
2737120,123.0
2739136,420.0
2744608,98.0
2747072,131.0
2749312,192.0
2750432,268.0
2756352,76.0
2762336,203.0
2763584,223.0
2763872,185.0
2776896,219.0
2777952,79.0
2795840,98.0
2800032,184.0
2804416,359.0
2805952,380.0
2807712,69.0
2808672,352.0
2813472,102.0
2817440,283.0
2847808,87.0
2856864,74.0
2858560,330.0
2867520,209.0
2867616,121.0
2874944,191.0
2882144,137.0
2882656,84.0
2883648,171.0
2884000,202.0
2884032,107.0
2888384,178.0
2888480,109.0
2894560,190.0
2895840,150.0
2904384,71.0
2906272,70.0
2911584,110.0
2912608,127.0
2914176,105.0
2921536,118.0
2921760,465.0
2923328,196.0
2923456,79.0
2923648,76.0
2924736,130.0
2933280,157.0
2936352,96.0
2940736,63.0
2941056,201.0
2944608,114.0
2950080,159.0
2950912,138.0
2952192,68.0
2955168,308.0
2960480,165.0
2965952,112.0
2965952,279.0
2965984,110.0
2968320,90.0
2969824,186.0
2973216,146.0
2975808,245.0
2979168,202.0
2979424,105.0
2981888,157.0
2983040,79.0
2984864,85.0
2984960,129.0
2990208,387.0
2991904,164.0
2992448,69.0
3000992,170.0
3001056,240.0
3002784,227.0
3003296,89.0
3004800,95.0
3010048,214.0
3010208,168.0
3013344,133.0
3014624,127.0
3019072,267.0
3022016,167.0
3030016,176.0
3038880,128.0
3047488,101.0
3054464,118.0
3060384,149.0
3064640,129.0
3068640,184.0
3071776,115.0
3074528,95.0
3076064,203.0
3083040,183.0
3084576,90.0
3087968,90.0
3089280,206.0
3091168,159.0
3102080,85.0
3102464,72.0
3108672,484.0
3133760,107.0
3136064,169.0
3143168,433.0
3145824,218.0
3148480,185.0
3151968,134.0
3155936,147.0
3162688,205.0
3167136,167.0
3168576,86.0
3173472,226.0
3176320,140.0
3180448,135.0
3181472,89.0
3183488,83.0
3186496,177.0
3192000,91.0
3193664,71.0
3194592,218.0
3195040,169.0
3202816,196.0
3204160,277.0
3205312,168.0
3207488,180.0
3211296,128.0
3214400,221.0
3221728,159.0
3224800,204.0
3225600,223.0
3228064,377.0
3228320,93.0
3232960,152.0
3237760,108.0
3245504,499.0
3247008,94.0
3248064,94.0
3248320,117.0
3249408,175.0
3252288,131.0
3255072,201.0
3255776,93.0
3257184,135.0
3258368,83.0
3260896,90.0
3261472,91.0
3284416,183.0
3284576,114.0
3284832,164.0
3284832,101.0
3287264,214.0
3294112,178.0
3294112,115.0
3295968,188.0
3296160,210.0
3296320,280.0
3296384,70.0
3299168,99.0
3310048,85.0
3315936,183.0
3324256,69.0
3325824,67.0
3327328,146.0
3335872,83.0
3343072,164.0
3344576,113.0
3348576,225.0
3357024,101.0
3358400,198.0
3361056,86.0
3361856,221.0
3364416,190.0
3366848,72.0
3368224,166.0
3368640,131.0
3368928,99.0
3369920,121.0
3380160,103.0
3382016,174.0
3385088,94.0
3386176,187.0
3389504,98.0
3391776,82.0
3392224,210.0
3395168,188.0
3395904,185.0
3399712,79.0
3400512,101.0
3402080,244.0
3403680,500.0
3405280,194.0
3406528,175.0
3407552,215.0
3408960,164.0
3410432,133.0
3413696,336.0
3418912,190.0
3422720,103.0
3429248,94.0
3429792,172.0
3438304,391.0
3443392,93.0
3445248,150.0
3447360,82.0
3448256,128.0
3451808,110.0
3452384,131.0
3453888,205.0
3456864,92.0
3459168,221.0
3464640,280.0
3468512,84.0
3472544,197.0
3484640,100.0
3493792,174.0
3494912,93.0
3502304,95.0
3504096,86.0
3517216,87.0
3523072,222.0
3523840,94.0
3525024,176.0
3527648,128.0
3528640,71.0
3530336,85.0
3535104,127.0
3535680,119.0
3542016,159.0
3544544,88.0
3546912,191.0
3551328,99.0
3552864,70.0
3552928,168.0
3556832,82.0
3560352,178.0
3578592,158.0
3581632,311.0
3583520,182.0
3585056,127.0
3594752,171.0
3597792,84.0
3598304,88.0
3600320,184.0
3610240,205.0
3611104,138.0
3616704,463.0
3618336,183.0
3619520,166.0
3620128,208.0
3620512,113.0
3621568,168.0
3632128,86.0
3639328,329.0
3645216,93.0
3652096,88.0
3655360,190.0
3657888,234.0
3659296,110.0
3663616,145.0
3667520,91.0
3669472,212.0
3680352,177.0
3686176,190.0
3691168,215.0
3691232,115.0
3703104,181.0
3711328,132.0
3712416,172.0
3716448,86.0
3717216,303.0
3718400,131.0
3719072,81.0
3733920,80.0
3742176,99.0
3753376,164.0
3754560,122.0
3764704,210.0
3773728,140.0
3773920,176.0
3777728,273.0
3786624,98.0
3787872,212.0
3794208,207.0
3796608,334.0
3797248,153.0
3802976,73.0
3804928,183.0
3806208,96.0
3810272,323.0
3810752,111.0
3811072,110.0
3817504,170.0
3824800,198.0
3826112,244.0
3830688,207.0
3832448,175.0
3834016,107.0
3836960,203.0
3843712,167.0
3844320,258.0
3844416,188.0
3845344,88.0
3845536,290.0
3845792,275.0
3846976,234.0
3849408,72.0
3854976,188.0
3855360,90.0
3856480,98.0
3858688,187.0
3860544,105.0
3861440,451.0
3861472,172.0
3872096,167.0
3876608,218.0
3881952,141.0
3882752,181.0
3883712,220.0
3883936,94.0
3892992,171.0
3894560,186.0
3896256,132.0
3900224,77.0
3903104,103.0
3904864,172.0
3905120,196.0
3907552,121.0
3908320,268.0
3910816,81.0
3915456,314.0
3921216,121.0
3921792,268.0
3929216,208.0
3931008,222.0
3934976,230.0
3939680,77.0
3941984,188.0
3942912,184.0
3944608,99.0
3946048,221.0
3946560,87.0
3954272,312.0
3956160,149.0
3960160,134.0
3963456,195.0
3966400,145.0
3967520,218.0
3975648,98.0
3975744,369.0
3980672,122.0
3983712,141.0
3989600,90.0
3991328,297.0
3991584,323.0
3994400,159.0
3995328,223.0
3995616,187.0
3996832,190.0
4006944,238.0
4008864,139.0
4026464,175.0
4026688,215.0
4028384,241.0
4036384,67.0
4038944,151.0
4046176,165.0
4060608,145.0
4078848,157.0
4080736,85.0
4086496,179.0
4090944,75.0
4098368,104.0
4108512,92.0
4109472,185.0
4117408,84.0
4121856,104.0
4124896,94.0
4128128,194.0
4128864,207.0
4138784,187.0
4140160,281.0
4142336,66.0
4142944,172.0
4148704,145.0
4150880,151.0
4156160,125.0
4158304,175.0
4159008,180.0
4163072,189.0
4172480,215.0
4173248,175.0
4179200,187.0
4188608,304.0
4196704,100.0
4204480,271.0
4209696,215.0
4209696,202.0
4211328,168.0
4211840,159.0
4222368,116.0
4224992,99.0
4230496,99.0
4232992,157.0
4237824,230.0
4238592,198.0
4239712,113.0
4241504,114.0
4250304,179.0
4261024,124.0
4272896,177.0
4277120,184.0
4277472,220.0
4279360,108.0
4285056,176.0
4287136,78.0
4292320,172.0
4294592,175.0
4305344,225.0
4306752,103.0
4308000,201.0
4308224,500.0
4309440,269.0
4316672,165.0
4322944,68.0
4326464,84.0
4327296,112.0
4331296,248.0
4333760,86.0
4335584,92.0
4348672,186.0
4349664,199.0
4351008,136.0
4355392,209.0
4358912,118.0
4362048,97.0
4367264,297.0
4373056,112.0
4373600,92.0
4375456,162.0
4377184,222.0
4380288,109.0
4383456,196.0
4385056,212.0
4386240,113.0
4387616,192.0
4389312,108.0
4392896,185.0
4395200,139.0
4406400,111.0
4406624,96.0
4409472,195.0
4417664,210.0
4435712,83.0
4437696,274.0
4439168,195.0
4445088,82.0
4445440,104.0
4447968,500.0
4448416,214.0
4449888,149.0
4453344,316.0
4467488,284.0
4469376,177.0
4479040,227.0
4479072,136.0
4480768,188.0
4484224,206.0
4498048,95.0
4500224,105.0
4508192,113.0
4510560,388.0
4531328,124.0
4533120,140.0
4535008,104.0
4541600,107.0
4552704,106.0
4552960,152.0
4553184,163.0
4554336,185.0
4561984,139.0
4563712,122.0
4567648,84.0
4568096,94.0
4577504,185.0
4589216,133.0
4589664,100.0
4593408,74.0
4593664,81.0
4595200,166.0
4597952,115.0
4604320,198.0
4605888,336.0
4617792,105.0
4620064,173.0
4626432,200.0
4631264,148.0
4636640,235.0
4636864,199.0
4638656,500.0
4640352,169.0
4642496,153.0
4649440,83.0
4651168,164.0
4655840,83.0
4656032,177.0
4660192,129.0
4662912,190.0
4665664,61.0
4669632,170.0
4671328,104.0
4679776,116.0
4689248,71.0
4702656,92.0
4711040,168.0
4713568,202.0
4719936,201.0
4720128,174.0
4720544,366.0
4734656,187.0
4735648,84.0
4752608,104.0
4752992,74.0
4755360,73.0
4756704,88.0
4757728,110.0
4766080,118.0
4766528,161.0
4769280,224.0
4775936,192.0
4779392,149.0
4786176,153.0
4795232,175.0
4796768,89.0
4798112,101.0
4805536,91.0
4809056,118.0
4811136,99.0
4816192,204.0
4819520,178.0
4819968,246.0
4824000,174.0
4824832,160.0
4826432,185.0
4832064,178.0
4834112,115.0
4834912,500.0
4858432,207.0
4859296,196.0
4862048,68.0
4870752,314.0
4871328,64.0
4871648,214.0
4877408,194.0
4892096,99.0
4892672,227.0
4896704,92.0
4897696,96.0
4901600,96.0
4906784,208.0
4907072,127.0
4908864,214.0
4913344,81.0
4915104,73.0
4918368,258.0
4920160,266.0
4922656,156.0
4922720,95.0
4923904,88.0
4924384,252.0
4927232,180.0
4929216,94.0
4931680,103.0
4936608,179.0
4939136,75.0
4940256,108.0
4941216,184.0
4946080,213.0
4950368,200.0
4953760,205.0
4957024,207.0
4965216,294.0
4969184,113.0
4969696,121.0
4977056,102.0
4981664,113.0
4982336,165.0
4984320,95.0
4984576,135.0
4985984,277.0
4986464,135.0
4986976,131.0
4989824,192.0
4992736,123.0
4993344,149.0
4995520,172.0
4997248,188.0
5004608,99.0
5015904,93.0
5018112,196.0
5018688,181.0
5025056,82.0
5038272,190.0
5041504,113.0
5042240,246.0
5043520,400.0
5060096,105.0
5060256,86.0
5067040,204.0
5069312,212.0
5072352,153.0
5074656,90.0
5085536,188.0
5095296,321.0
5098656,108.0
5100384,286.0
5100672,167.0
5100800,178.0
5103456,95.0
5109824,83.0
5110528,108.0
5116032,97.0
5118208,226.0
5119488,160.0
5120224,109.0
5120544,183.0
5121504,113.0
5127552,122.0
5133600,247.0
5133760,127.0
5136576,419.0
5139168,162.0
5141824,96.0
5148288,360.0
5150208,102.0
5151840,110.0
5152672,177.0
5170688,376.0
5171136,83.0
5176160,140.0
5182208,186.0
5183200,117.0
5189440,85.0
5192160,116.0
5200416,96.0
5200576,76.0
5202528,110.0
5203040,288.0
5208608,255.0
5208672,146.0
5211104,262.0
5213792,91.0
5217536,117.0
5218464,67.0
5222656,394.0
5227584,167.0
5231584,268.0
5236128,60.0
5238528,93.0
5243712,93.0
5250944,204.0
5253088,117.0
5259168,157.0
5266048,160.0
5268704,141.0
5271904,109.0
5275456,75.0
5277664,98.0
5278336,186.0
5279456,157.0
5280928,243.0
5282752,184.0
5288384,187.0
5291136,168.0
5297280,205.0
5302816,213.0
5307264,219.0
5308224,97.0
5310816,150.0
5316928,404.0
5317312,144.0
5326208,68.0
5330112,166.0
5335488,107.0
5336160,214.0
5341280,174.0
5348480,108.0
5349824,266.0
5354976,191.0
5372832,84.0
5373280,99.0
5376544,165.0
5377344,351.0
5389280,357.0
5395232,105.0
5398816,114.0
5399488,87.0
5400640,168.0
5410528,449.0
5421184,63.0
5421248,163.0
5424096,112.0
5424896,95.0
5426560,167.0
5428608,164.0
5432928,164.0
5434688,253.0
5436960,183.0
5442720,240.0
5453792,193.0
5455552,142.0
5455712,162.0
5459488,177.0
5461792,64.0
5468544,97.0
5474752,158.0
5480544,278.0
5485120,203.0
5485568,205.0
5486592,115.0
5490656,237.0
5494880,243.0
5497216,116.0
5499392,138.0
5501952,159.0
5506336,82.0
5521728,232.0
5526304,186.0
5535520,177.0
5540096,185.0
5544384,86.0
5559776,74.0
5560064,194.0
5560128,179.0
5579936,160.0
5580256,157.0
5583232,175.0
5583936,114.0
5600096,79.0
5609376,72.0
5617024,173.0
5629888,85.0
5632352,136.0
5642560,249.0
5642592,231.0
5644352,154.0
5657120,148.0
5660192,195.0
5660832,177.0
5662144,89.0
5667488,87.0
5668448,170.0
5680768,80.0
5688320,96.0
5688800,81.0
5704864,309.0
5707296,183.0
5711648,202.0
5723072,80.0
5726112,236.0
5729792,128.0
5732256,82.0
5733760,212.0
5736512,173.0
5740096,297.0
5740224,218.0
5741696,85.0
5748736,72.0
5751072,183.0
5751424,175.0
5763488,154.0
5775648,169.0
5785984,188.0
5790112,192.0
5794784,261.0
5798176,121.0
5798336,159.0
5798976,95.0
5805824,161.0
5815808,181.0
5818272,203.0
5819936,76.0
5820032,76.0
5827904,95.0
5833568,180.0
5833728,278.0
5837536,192.0
5848256,112.0
5855360,327.0
5860576,139.0
5863072,364.0
5881056,153.0
5890336,127.0
5894464,196.0
5898496,88.0
5908864,217.0
5909760,500.0
5911008,453.0
5912832,76.0
5915072,126.0
5917664,319.0
5920896,239.0
5922816,84.0
5926112,280.0
5927808,107.0
5932800,93.0
5937792,155.0
5938752,201.0
5947712,142.0
5970336,171.0
5972864,361.0
5973408,151.0
5983616,124.0
5983712,92.0
5986336,84.0
5988096,102.0
5989792,123.0
5990080,217.0
5990720,179.0
5992064,98.0
6000704,124.0
6003392,187.0
6008416,437.0
6014336,209.0
6019232,170.0
6027616,79.0
6028032,198.0
6028672,273.0
6030784,190.0
6035936,76.0
6040000,118.0
6046464,201.0
6050336,212.0
6051488,261.0
6058176,244.0
6060640,184.0
6063904,189.0
6070240,177.0
6070816,188.0
6073280,67.0
6073408,219.0
6079584,84.0
6080512,163.0
6084480,241.0
6084736,109.0
6084992,185.0
6085376,210.0
6086304,141.0
6089152,223.0
6090048,161.0
6092320,70.0
6093408,251.0
6098368,229.0
6101472,97.0
6108416,198.0
6110816,86.0
6110880,121.0
6116000,228.0
6116640,94.0
6116832,191.0
6119712,298.0
6129280,208.0
6132608,176.0
6141280,196.0
6141920,183.0
6155232,106.0
6165696,185.0
6169952,163.0
6171136,228.0
6182240,84.0
6182528,169.0
6182560,164.0
6188992,118.0
6190400,228.0
6191136,89.0
6196416,92.0
6203584,183.0
6205760,110.0
6207392,175.0
6207488,177.0
6213408,227.0
6215648,123.0
6222688,151.0
6223616,124.0
6229216,72.0
6229312,102.0
6231200,138.0
6234720,113.0
6237280,79.0
6240640,187.0
6248960,86.0
6249216,144.0
6254560,166.0
6263360,163.0
6265600,229.0
6266784,239.0
6268320,100.0
6271712,197.0
6273248,170.0
6277376,187.0
6283360,114.0
6290592,157.0
6295936,190.0
6297696,166.0
6297952,136.0
6317120,169.0
6323040,159.0
6333184,110.0
6341344,230.0
6345248,176.0
6347072,149.0
6349536,215.0
6352736,176.0
6357312,77.0
6365216,82.0
6371392,209.0
6371904,97.0
6378464,418.0
6384288,181.0
6384832,166.0
6388256,228.0
6390080,334.0
6392352,127.0
6393664,72.0
6402240,82.0
6405536,146.0
6407744,216.0
6410752,162.0
6411584,116.0
6411968,319.0
6414368,246.0
6415840,224.0
6417888,190.0
6418048,272.0
6419488,132.0
6421056,140.0
6426592,176.0
6428640,86.0
6437056,238.0
6439104,225.0
6440640,167.0
6441216,182.0
6445248,148.0
6445952,163.0
6448800,76.0
6451712,430.0
6460448,170.0
6463264,197.0
6463392,88.0
6468832,121.0
6471200,73.0
6473120,199.0
6477408,116.0
6480672,105.0
6481664,87.0
6481888,134.0
6484064,188.0
6485984,113.0
6486080,197.0
6490752,195.0
6494144,70.0
6496672,84.0
6496896,194.0
6501952,94.0
6508288,215.0
6513760,209.0
6519808,160.0
6522848,176.0
6525312,279.0
6539328,129.0
6542720,291.0
6543840,500.0
6549344,206.0
6550368,166.0
6550464,171.0
6553856,169.0
6553984,79.0
6555904,91.0
6556064,154.0
6557728,116.0
6560480,177.0
6563488,98.0
6565248,189.0
6571136,238.0
6572416,170.0
6588640,269.0
6592128,146.0
6599104,178.0
6602080,181.0
6609248,157.0
6612416,98.0
6624320,205.0
6628800,82.0
6631680,62.0
6638176,203.0
6644544,79.0
6656864,119.0
6657088,179.0
6669792,75.0
6672608,231.0
6677888,94.0
6685440,91.0
6715232,220.0
6716864,209.0
6719712,411.0
6721536,107.0
6728128,175.0
6733472,166.0
6735616,91.0
6759296,91.0
6759424,98.0
6759520,397.0
6766112,111.0
6769952,98.0
6772416,152.0
6773664,172.0
6774720,105.0
6777696,206.0
6780352,110.0
6786944,188.0
6795040,188.0
6796736,138.0
6802016,168.0
6803904,129.0
6804768,105.0
6808096,130.0
6813728,258.0
6817728,149.0
6820896,92.0
6824640,171.0
6826624,164.0
6833504,229.0
6836672,246.0
6843104,173.0
6845408,65.0
6848384,76.0
6851200,178.0
6851296,213.0
6853184,129.0
6855648,207.0
6864320,251.0
6866144,104.0
6866336,169.0
6878816,247.0
6880704,121.0
6890400,190.0
6892960,201.0
6893760,158.0
6894720,206.0
6905632,99.0
6907840,193.0
6915360,156.0
6927200,192.0
6928928,270.0
6932960,155.0
6933984,177.0
6945344,146.0
6948704,98.0
6954944,194.0
6955872,215.0
6957472,500.0
6965984,182.0
6967712,244.0
6970720,111.0
6971552,313.0
6980224,202.0
6984320,79.0
6986688,217.0
6986816,205.0
6988288,223.0
6988576,112.0
6994304,91.0
6996352,188.0
6997984,126.0
6999872,173.0
7003168,192.0
7006048,145.0
7012768,372.0
7019232,172.0
7020768,123.0
7025408,186.0
7028576,258.0
7030528,190.0
7035392,220.0
7038176,238.0
7046592,176.0
7056096,87.0
7059584,170.0
7065952,127.0
7068032,231.0
7076672,192.0
7078400,102.0
7084224,91.0
7088416,130.0
7093504,154.0
7094016,117.0
7095936,223.0
7097216,290.0
7098080,78.0
7099232,310.0
7100128,181.0
7102304,145.0
7109024,133.0
7109024,177.0
7110848,93.0
7112960,80.0
7115136,203.0
7122432,160.0
7123328,137.0
7128224,135.0
7134368,65.0
7136288,251.0
7141312,101.0
7146176,148.0
7150624,139.0
7150912,190.0
7152768,95.0
7153216,173.0
7166880,119.0
7168512,177.0
7171840,194.0
7182752,196.0
7184288,117.0
7185792,211.0
7191552,87.0
7197184,224.0
7203072,183.0
7203808,155.0
7208192,221.0
7210464,144.0
7216000,172.0
7217600,167.0
7232608,152.0
7233280,236.0
7239584,204.0
7242880,86.0
7244288,247.0
7246016,97.0
7247392,69.0
7252096,302.0
7252448,157.0
7252576,189.0
7253152,196.0
7256896,58.0
7260736,140.0
7277088,137.0
7280800,211.0
7283232,229.0
7285504,210.0
7285568,222.0
7292896,170.0
7298336,199.0
7307584,133.0
7308896,212.0
7309088,271.0
7310464,145.0
7311648,169.0
7311840,174.0
7314976,93.0
7317728,85.0
7317984,94.0
7325568,194.0
7325920,500.0
7331296,197.0
7334464,86.0
7336672,138.0
7348224,215.0
7352160,75.0
7353536,171.0
7353568,226.0
7355712,170.0
7365280,105.0
7370912,157.0
7386336,302.0
7388384,183.0
7390208,79.0
7391552,94.0
7391712,100.0
7401536,207.0
7403040,203.0
7403136,154.0
7407296,182.0
7408064,70.0
7419072,184.0
7421664,500.0
7422816,101.0
7424448,163.0
7429504,148.0
7432064,206.0
7432224,173.0
7434272,183.0
7451520,164.0
7452128,283.0
7453344,110.0
7454912,218.0
7457216,128.0
7462144,77.0
7462560,175.0
7467040,182.0
7474816,109.0
7480416,94.0
7482944,245.0
7488672,178.0
7490208,216.0
7490496,102.0
7491136,219.0
7492704,160.0
7502688,165.0
7502848,124.0
7503456,191.0
7513440,273.0
7517088,272.0
7518720,191.0
7522560,143.0
7527584,136.0
7536128,113.0
7536736,93.0
7537088,295.0
7541504,88.0
7565664,213.0
7570848,71.0
7575840,155.0
7577536,206.0
7578176,73.0
7579104,190.0
7582720,79.0
7584768,225.0
7585728,239.0
7592128,132.0
7593312,163.0
7595488,243.0
7596384,224.0
7604608,104.0
7604704,133.0
7608032,119.0
7620064,247.0
7622976,187.0
7628960,215.0
7629280,194.0
7629760,209.0
7632640,205.0
7632960,218.0
7638560,233.0
7646208,269.0
7646368,88.0
7657024,214.0
7657088,168.0
7657760,105.0
7675264,87.0
7677024,180.0
7681632,81.0
7682176,165.0
7685600,208.0
7694080,79.0
7698368,119.0
7706048,159.0
7710112,500.0
7715200,81.0
7715648,215.0
7719168,220.0
7719840,192.0
7721120,184.0
7721952,189.0
7723200,229.0
7724192,138.0
7727616,84.0
7731328,156.0
7731456,363.0
7737632,140.0
7737952,218.0
7745984,207.0
7746784,201.0
7748384,192.0
7759936,90.0
7763808,73.0
7772128,176.0
7774560,179.0
7774944,98.0
7775808,90.0
7784736,83.0
7803840,252.0
7814208,214.0
7816384,115.0
7822976,112.0
7826400,138.0
7835168,108.0
7837152,85.0
7857184,109.0
7859552,154.0
7860224,95.0
7861216,202.0
7868384,204.0
7870624,88.0
7875040,112.0
7879328,125.0
7879648,58.0
7888224,88.0
7911040,188.0
7917696,131.0
7919488,301.0
7920928,145.0
7923520,157.0
7923744,168.0
7935392,117.0
7937312,255.0
7940704,225.0
7942720,109.0
7951136,209.0
7954464,210.0
7956608,155.0
7956896,222.0
7961024,131.0
7966144,78.0
7966528,124.0
7967200,192.0
7968800,227.0
7970240,155.0
7970880,120.0
7979040,213.0
7981696,239.0
7981728,203.0
7982912,176.0
7994592,208.0
7997664,290.0
8001376,167.0
8003328,179.0
8004608,100.0
8013248,88.0
8017856,205.0
8029248,161.0
8031552,268.0
8033376,128.0
8034304,170.0
8037568,215.0
8042656,140.0
8043200,143.0
8048032,167.0
8050592,230.0
8053120,101.0
8053664,175.0
8053952,110.0
8054016,283.0
8056640,353.0
8075904,77.0
8082656,172.0
8084672,154.0
8087520,88.0
8091968,68.0
8092064,151.0
8092384,233.0
8095264,225.0
8095776,86.0
8099968,92.0
8105024,247.0
8105824,182.0
8113056,128.0
8115776,84.0
8117920,245.0
8118464,476.0
8121952,184.0
8130432,90.0
8132736,88.0
8132896,215.0
8133888,247.0
8144256,244.0
8148224,187.0
8158720,282.0
8163488,77.0
8168576,203.0
8177248,220.0
8182656,168.0
8194944,98.0
8198048,184.0
8206240,267.0
8217248,132.0
8217280,225.0
8220960,316.0
8221216,92.0
8221920,144.0
8224256,500.0
8227584,205.0
8233632,119.0
8235808,220.0
8237248,500.0
8241824,112.0
8246272,159.0
8248288,84.0
8251168,248.0
8252768,94.0
8258016,258.0
8260704,162.0
8273184,179.0
8275360,236.0
8282240,162.0
8288704,153.0
8297984,178.0
8301152,82.0
8303904,84.0
8313504,103.0
8316704,192.0
8326240,73.0
8326272,336.0
8330048,82.0
8332320,118.0
8333536,154.0
8334528,141.0
8334528,165.0
8339392,147.0
8342560,80.0
8345888,82.0
8346048,171.0
8349216,105.0
8350688,110.0
8352320,464.0
8352384,83.0
8359072,236.0
8371456,144.0
8372640,227.0
8381120,196.0
8383008,140.0
8383552,461.0
8389248,116.0
8390144,180.0
8392608,134.0
8396704,204.0
8404192,195.0
8404800,163.0
8417856,114.0
8422528,179.0
8432032,97.0
8433088,81.0
8433376,202.0
8434912,116.0
8435072,242.0
8437664,128.0
8442624,221.0
8443520,200.0
8447616,252.0
8458432,170.0
8459392,119.0
8459584,208.0
8460864,177.0
8464192,84.0
8470880,116.0
8477568,293.0
8477984,336.0
8478304,87.0
8478304,117.0
8478368,179.0
8479424,180.0
8488160,160.0
8490592,500.0
8498752,125.0
8499072,320.0
8503328,127.0
8505536,201.0
8507712,136.0
8510304,154.0
8510368,103.0
8511136,169.0
8520736,201.0
8524672,98.0
8528192,500.0
8531424,500.0
8536960,175.0
8553760,217.0
8558400,182.0
8559808,87.0
8562240,75.0
8566464,86.0
8569312,154.0
8570464,193.0
8582144,177.0
8585760,175.0
8593408,205.0
8599008,102.0
8599872,161.0
8604224,102.0
8609248,108.0
8610272,86.0
8620320,169.0
8622528,194.0
8623168,120.0
8624224,175.0
8635712,218.0
8636960,87.0
8639328,230.0
8641568,194.0
8642848,251.0
8645856,93.0
8647232,163.0
8649312,100.0
8658880,146.0
8666528,219.0
8669440,240.0
8674176,95.0
8678336,101.0
8680320,113.0
8680512,158.0
8680672,332.0
8691712,127.0
8706592,156.0
8711360,109.0
8716800,182.0
8719360,88.0
8725504,188.0
8737472,319.0
8739360,139.0
8739456,166.0
8756192,174.0
8757056,281.0
8762560,87.0
8765248,159.0
8766912,226.0
8767968,192.0
8768512,220.0
8770464,297.0
8772288,121.0
8775808,92.0
8777088,116.0
8785952,262.0
8788128,90.0
8791232,182.0
8797248,89.0
8813024,84.0
8813056,225.0
8817408,184.0
8830656,87.0
8831744,168.0
8831840,180.0
8839936,75.0
8850848,176.0
8859904,176.0
8868704,114.0
8871328,152.0
8872640,95.0
8876128,65.0
8879072,500.0
8882592,184.0
8885920,285.0
8891808,178.0
8897056,66.0
8900992,181.0
8901088,217.0
8904320,163.0
8907456,147.0
8910368,182.0
8912256,192.0
8918400,163.0
8919200,184.0
8920736,96.0
8934944,183.0
8935680,88.0
8942880,135.0
8950400,103.0
8955808,203.0
8960352,212.0
8960416,87.0
8965088,87.0
8983456,124.0
8987552,152.0
8992704,159.0
8998176,193.0
9003968,198.0
9004704,85.0
9010240,140.0
9012096,160.0
9018720,108.0
9029600,160.0
9031840,254.0
9038464,105.0
9040608,90.0
9041952,500.0
9044640,189.0
9049568,103.0
9066560,165.0
9067648,178.0
9069888,139.0
9073568,75.0
9074112,131.0
9077312,160.0
9082272,94.0
9084320,192.0
9085760,88.0
9088992,76.0
9090848,224.0
9098496,260.0
9100640,182.0
9101024,86.0
9101248,220.0
9101728,170.0
9102400,191.0
9112032,217.0
9114368,72.0
9115680,73.0
9118080,172.0
9121184,201.0
9123456,215.0
9129408,180.0
9131488,164.0
9132000,160.0
9158240,82.0
9159168,202.0
9160448,173.0
9163040,72.0
9163520,164.0
9164480,214.0
9168384,173.0
9168640,291.0
9170656,196.0
9170688,128.0
9175584,500.0
9183552,66.0
9196608,75.0
9202592,112.0
9210848,248.0
9226944,208.0
9230176,77.0
9230208,85.0
9230688,188.0
9235904,212.0
9236480,96.0
9247072,195.0
9256416,90.0
9256864,182.0
9267968,376.0
9272896,90.0
9273728,179.0
9273792,166.0
9280320,165.0
9291808,190.0
9293472,140.0
9298656,234.0
9300416,204.0
9303520,121.0
9308320,193.0
9309088,173.0
9311584,265.0
9311616,119.0
9321120,103.0
9324128,469.0
9326688,173.0
9327040,102.0
9334336,237.0
9336992,246.0
9350400,105.0
9353472,85.0
9353888,219.0
9355712,106.0
9358976,229.0
9365344,184.0
9367008,339.0
9370592,151.0
9371296,178.0
9374048,208.0
9380448,184.0
9382144,244.0
9383328,81.0
9392736,132.0
9400480,142.0
9400640,184.0
9401056,500.0
9403680,308.0
9408512,150.0
9414720,194.0
9414912,60.0
9424032,278.0
9424384,169.0
9430560,68.0
9431040,175.0
9431392,99.0
9432512,121.0
9434624,160.0
9436160,148.0
9438272,202.0
9439904,171.0
9444512,96.0
9445472,145.0
9449504,179.0
9458880,138.0
9463392,133.0
9465696,240.0
9466816,247.0
9469472,180.0
9475104,124.0
9477440,139.0
9480192,86.0
9488384,188.0
9498560,194.0
9499072,159.0
9504352,107.0
9509024,185.0
9509920,213.0
9513696,185.0
9521856,198.0
9525696,211.0
9528544,103.0
9533024,105.0
9535936,134.0
9536608,146.0
9539552,318.0
9540768,183.0
9541280,166.0
9543296,75.0
9548544,415.0
9566112,141.0
9566336,86.0
9570304,80.0
9574816,175.0
9578656,78.0
9578912,168.0
9581216,176.0
9582080,306.0
9584512,179.0
9584832,196.0
9594144,119.0
9594400,109.0
9597344,70.0
9602208,207.0
9606208,167.0
9607680,436.0
9609888,200.0
9612192,226.0
9616576,150.0
9616832,110.0
9622720,243.0
9640000,140.0
9640416,280.0
9646176,87.0
9649312,171.0
9656608,213.0
9663872,181.0
9666560,83.0
9668128,126.0
9668864,199.0
9675520,175.0
9676128,75.0
9676448,417.0
9679648,98.0
9685568,429.0
9694304,108.0
9697088,223.0
9710848,185.0
9717216,206.0
9738528,250.0
9739008,207.0
9741440,171.0
9741472,82.0
9749056,107.0
9749280,178.0
9751136,264.0
9752128,88.0
9752800,222.0
9755360,79.0
9756384,228.0
9778176,174.0
9785248,179.0
9786560,208.0
9788224,82.0
9790560,122.0
9792736,75.0
9793568,208.0
9801184,274.0
9807520,210.0
9814624,159.0
9821920,169.0
9822528,205.0
9824448,82.0
9834016,164.0
9838880,151.0
9839360,202.0
9840000,114.0
9852256,175.0
9855872,248.0
9857376,121.0
9857952,500.0
9858336,218.0
9861952,249.0
9865760,159.0
9865952,70.0
9869376,168.0
9878144,208.0
9886656,168.0
9891136,238.0
9896576,121.0
9901024,271.0
9902176,228.0
9915584,184.0
9923616,72.0
9926976,307.0
9927584,157.0
9929504,78.0
9937760,199.0
9941760,97.0
9946336,85.0
9951488,210.0
9953472,91.0
9954880,67.0
9962560,140.0
9963040,255.0
9968448,107.0
9970400,67.0
9972576,175.0
9986336,79.0
9990432,200.0
9991168,90.0
9997312,167.0
10006816,147.0
10008960,265.0
10017472,108.0
10021696,234.0
10030528,130.0
10038784,110.0
10042112,500.0
10046624,393.0
10055936,119.0
10057088,150.0
10057248,190.0
10062912,231.0
10067840,163.0
10069696,167.0
10086144,211.0
10086432,124.0
10089952,260.0
10095872,197.0
10097312,314.0
10102240,136.0
10102336,177.0
10103936,298.0
10106848,130.0
10113440,213.0
10117056,164.0
10119200,179.0
10119840,125.0
10120736,170.0
10125440,109.0
10129024,121.0
10131264,90.0
10137248,186.0
10146080,109.0
10150560,145.0
10152576,193.0
10155360,220.0
10156256,190.0
10158784,283.0
10161120,211.0
10162240,201.0
10162528,215.0
10163232,135.0
10164544,368.0
10166112,130.0
10166400,177.0
10170656,103.0
10171040,84.0
10193984,147.0
10198016,157.0
10199744,163.0
10202560,146.0
10206016,171.0
10208352,195.0
10210944,193.0
10215104,93.0
10215680,112.0
10225184,212.0
10226176,345.0
10232512,76.0
10244672,72.0
10248864,295.0
10252608,85.0
10253728,151.0
10258656,194.0
10260608,98.0
10276352,167.0
10277440,134.0
10278496,75.0
10281792,139.0
10292704,181.0
10299488,181.0
10304864,167.0
10312416,221.0
10322336,112.0
10324768,107.0
10330880,189.0
10336896,125.0
10338880,212.0
10343616,263.0
10347392,265.0
10349984,179.0
10350976,111.0
10351936,150.0
10357984,170.0
10358944,194.0
10360704,205.0
10363360,181.0
10368992,114.0
10372320,171.0
10373408,203.0
10374112,134.0
10375712,155.0
10380224,107.0
10386400,212.0
10387488,87.0
10393664,231.0
10401440,191.0
10402880,193.0
10403264,80.0
10403744,179.0
10405408,66.0
10407136,312.0
10407680,336.0
10412192,169.0
10413920,185.0
10416704,201.0
10426912,227.0
10432512,82.0
10445472,181.0
10445504,122.0
10449888,263.0
10472768,184.0
10476192,155.0
10476320,187.0
10479104,206.0
10481376,160.0
10484416,87.0
10491872,210.0
10493760,78.0
10496928,500.0
10497280,98.0
10497728,75.0
10506912,173.0
10509728,153.0
10512896,79.0
10533056,230.0
10535072,148.0
10541760,108.0
10544352,194.0
10545280,250.0
10546368,445.0
10552352,142.0
10552832,172.0
10556992,193.0
10557440,163.0
10559840,225.0
10563296,121.0
10563296,141.0
10566368,153.0
10566688,83.0
10570272,101.0
10580480,96.0
10582528,206.0
10584384,184.0
10589600,209.0
10589856,91.0
10598208,167.0
10601088,133.0
10606816,178.0
10609248,164.0
10609312,96.0
10613696,98.0
10614624,83.0
10625472,162.0
10626784,184.0
10626880,207.0
10629792,90.0
10633120,140.0
10633568,170.0
10636960,132.0
10639680,168.0
10641856,500.0
10642720,319.0
10650496,150.0
10655648,114.0
10656960,176.0
10657728,199.0
10662624,165.0
10673760,91.0
10679232,80.0
10686208,100.0
10705568,329.0
10721536,180.0
10724672,100.0
10732288,184.0
10732800,103.0
10735808,74.0
10751488,94.0
10766368,430.0
10768704,123.0
10769984,112.0
10770752,190.0
10776288,119.0
10781376,198.0
10789664,168.0
10789952,149.0
10792000,163.0
10800000,172.0
10800096,145.0
10804320,203.0
10805248,220.0
10806144,206.0
10811072,73.0
10811840,337.0
10815008,185.0
10815936,123.0
10820128,207.0
10823392,500.0
10831200,166.0
10831712,194.0
10836480,157.0
10844736,141.0
10852288,130.0
10852576,160.0
10858208,216.0
10859872,83.0
10860224,115.0
10865984,120.0
10871840,116.0
10872800,164.0
10883520,89.0
10886336,254.0
10886944,85.0
10905248,122.0
10910592,357.0
10913376,177.0
10916128,172.0
10918176,88.0
10919360,116.0
10921696,186.0
10927296,174.0
10932480,178.0
10934944,105.0
10937408,344.0
10938048,83.0
10938560,83.0
10944768,174.0
10947456,155.0
10947840,235.0
10948768,92.0
10958336,500.0
10972288,187.0
10979168,279.0
10986688,108.0
10987520,152.0
10990080,105.0
10991360,234.0
10992480,79.0
10992576,157.0
10999296,72.0
11001920,173.0
11012544,187.0
11013120,208.0
11019040,223.0
11025760,199.0
11030016,244.0
11037344,90.0
11038688,77.0
11040768,235.0
11044448,259.0
11047072,118.0
11050592,145.0
11062432,104.0
11062432,75.0
11063072,99.0
11063296,99.0
11070368,176.0
11071808,74.0
11072736,167.0
11092192,215.0
11092704,174.0
11092832,156.0
11097184,167.0
11097376,145.0
11124608,346.0
11136448,193.0
11142048,111.0
11145984,115.0
11146656,214.0
11150560,447.0
11154368,145.0
11160768,227.0
11167616,211.0
11173792,169.0
11175840,89.0
11180704,210.0
11189024,79.0
11191744,252.0
11194528,286.0
11197056,83.0
11198304,134.0
11201568,82.0
11212384,149.0
11216640,228.0
11216704,97.0
11222656,167.0
11236448,430.0
11253696,191.0
11258688,115.0
11265216,198.0
11265920,88.0
11266592,165.0
11270272,180.0
11272032,192.0
11273472,209.0
11274560,277.0
11282336,223.0
11288544,144.0
11291744,108.0
11294848,196.0
11295264,130.0
11303232,248.0
11306784,77.0
11309600,84.0
11311616,77.0
11315200,109.0
11316736,126.0
11319584,106.0
11320352,183.0
11321600,199.0
11321792,92.0
11324480,82.0
11334432,169.0
11350080,178.0
11359008,166.0
11366784,216.0
11369728,217.0
11372160,162.0
11372256,83.0
11391072,294.0
11392416,212.0
11397984,164.0
11401632,197.0
11407680,85.0
11410112,106.0
11415744,214.0
11417472,198.0
11418592,121.0
11418848,252.0
11423584,98.0
11429664,94.0
11433216,179.0
11440320,196.0
11443712,165.0
11443808,219.0
11458720,130.0
11464768,222.0
11465536,176.0
11469856,408.0
11491776,235.0
11493632,203.0
11494560,182.0
11495648,196.0
11498592,162.0
11499008,172.0
11510176,500.0
11511392,92.0
11512736,335.0
11515008,180.0
11515296,121.0
11519360,174.0
11521024,372.0
11521824,103.0
11522912,216.0
11523552,179.0
11523616,82.0
11525408,283.0
11531008,224.0
11533376,75.0
11536544,98.0
11541472,258.0
11543392,96.0
11544416,157.0
11559136,163.0
11563488,207.0
11576096,194.0
11581408,316.0
11584128,202.0
11588256,256.0
11592704,182.0
11595712,189.0
11596608,99.0
11609504,210.0
11619776,115.0
11620832,189.0
11632608,174.0
11635616,136.0
11635744,402.0
11636192,111.0
11640000,152.0
11642272,189.0
11653280,294.0
11654688,91.0
11655136,254.0
11656000,250.0
11661440,81.0
11670464,117.0
11681760,126.0
11688640,151.0
11690176,146.0
11693312,92.0
11694656,204.0
11697824,95.0
11701568,355.0
11702048,171.0
11705728,199.0
11717088,173.0
11718016,100.0
11720864,182.0
11725568,117.0
11725728,82.0
11726304,104.0
11726400,154.0
11736800,213.0
11738272,131.0
11745056,172.0
11757792,117.0
11759072,500.0
11760032,83.0
11761440,169.0
11761920,201.0
11763360,99.0
11763584,73.0
11767840,81.0
11782560,89.0
11784704,172.0
11785216,99.0
11785248,109.0
11791648,207.0
11791936,189.0
11794080,206.0
11795168,69.0
11799200,152.0
11804576,80.0
11807584,214.0
11814592,217.0
11822240,216.0
11834944,254.0
11843200,226.0
11845632,90.0
11853248,93.0
11859488,176.0
11861440,174.0
11875104,239.0
11876160,360.0
11879936,221.0
11886144,144.0
11891616,66.0
11901376,212.0
11920448,94.0
11921120,112.0
11927904,177.0
11928352,117.0
11929504,139.0
11930848,170.0
11931040,467.0
11936032,100.0
11943392,71.0
11943520,220.0
11946240,106.0
11948704,101.0
11950176,179.0
11953088,168.0
11954624,199.0
11956352,171.0
11966528,204.0
11975904,155.0
11977568,147.0
11983424,148.0
11991008,285.0
11991264,232.0
12006912,209.0
12010784,158.0
12014112,126.0
12018976,235.0
12023008,409.0
12023296,105.0
12027168,80.0
12030304,133.0
12038976,129.0
12041824,288.0
12042016,98.0
12042720,469.0
12043488,104.0
12050240,185.0
12051712,109.0
12060224,175.0
12077152,178.0
12078080,201.0
12079936,93.0
12085440,192.0
12088928,195.0
12089056,112.0
12100416,186.0
12101568,160.0
12114720,86.0
12115040,121.0
12116064,80.0
12116192,156.0
12117536,239.0
12125632,99.0
12127328,195.0
12138656,84.0
12150048,169.0
12153152,179.0
12158400,500.0
12169632,222.0
12170112,172.0
12174208,104.0
12177152,85.0
12190432,281.0
12192128,146.0
12198304,93.0
12202912,193.0
12203296,155.0
12212736,167.0
12217824,102.0
12218496,112.0
12218848,210.0
12224928,141.0
12225440,172.0
12228416,129.0
12234656,181.0
12239456,93.0
12241664,81.0
12244544,99.0
12245216,179.0
12254272,219.0
12256256,156.0
12260032,159.0
12264320,174.0
12267968,86.0
12272256,90.0
12279264,163.0
12282848,172.0
12284704,160.0
12290368,87.0
12291680,164.0
12293280,225.0
12298464,228.0
12301440,189.0
12307616,82.0
12308032,500.0
12310240,203.0
12312800,114.0
12314304,170.0
12314592,291.0
12323392,212.0
12328928,145.0
12334592,176.0
12340320,309.0
12343456,111.0
12344160,139.0
12353792,120.0
12363808,206.0
12367168,169.0
12372128,87.0
12373664,84.0
12375808,203.0
12382016,216.0
12382048,126.0
12386528,99.0
12391840,304.0
12394656,158.0
12396128,255.0
12406272,167.0
12406688,164.0
12407040,188.0
12413504,178.0
12418432,268.0
12425824,219.0
12426784,118.0
12426976,218.0
12431488,164.0
12438848,182.0
12443424,177.0
12448288,169.0
12450720,159.0
12450944,197.0
12462944,211.0
12464896,213.0
12465696,179.0
12467264,214.0
12467552,167.0
12470048,78.0
12470400,176.0
12475072,145.0
12478848,287.0
12479776,101.0
12482240,204.0
12483008,100.0
12485312,110.0
12494176,212.0
12499616,154.0
12503584,129.0
12506112,77.0
12509568,170.0
12518752,148.0
12519776,118.0
12524608,188.0
12525600,93.0
12529120,217.0
12533696,179.0
12534880,122.0
12536032,183.0
12542880,80.0
12555648,132.0
12556128,143.0
12558336,163.0
12567488,162.0
12580640,85.0
12585024,265.0
12588064,179.0
12591680,154.0
12599584,126.0
12599968,131.0
12601312,125.0
12604128,198.0
12608736,138.0
12614688,209.0
12618336,208.0
12627488,141.0
12632832,77.0
12636800,149.0
12637280,103.0
12641184,209.0
12641952,110.0
12642080,152.0
12645344,168.0
12649600,170.0
12661216,111.0
12671296,169.0
12671840,176.0
12677440,305.0
12679328,171.0
12691232,262.0
12702080,104.0
12704352,198.0
12711904,171.0
12719648,155.0
12720800,85.0
12721728,306.0
12723296,113.0
12727968,203.0
12732000,125.0
12741088,91.0
12742720,415.0
12744992,86.0
12749376,153.0
12752352,75.0
12755104,141.0
12757216,183.0
12757632,139.0
12761920,179.0
12768032,186.0
12771776,311.0
12772480,500.0
12775456,88.0
12784704,141.0
12786752,77.0
12795168,216.0
12799904,89.0
12804640,141.0
12807552,170.0
12812672,157.0
12817504,197.0
12819648,249.0
12826624,207.0
12828864,153.0
12833216,179.0
12853216,163.0
12860704,141.0
12861696,218.0
12870112,327.0
12870112,77.0
12880192,270.0
12886720,74.0
12887584,193.0
12888064,192.0
12895744,191.0
12905664,281.0
12907904,169.0
12912288,148.0
12919584,171.0
12926496,160.0
12928000,220.0
12930400,500.0
12943552,179.0
12947744,244.0
12958912,177.0
12963808,248.0
12969056,176.0
12969600,196.0
12972032,184.0
12972320,138.0
12975392,191.0
12979136,182.0
12979168,205.0
12983456,251.0
13001280,173.0
13006976,151.0
13008832,156.0
13011040,116.0
13014528,194.0
13021728,80.0
13021920,198.0
13023648,159.0
13030496,202.0
13032512,223.0
13036800,177.0
13037408,82.0
13043104,161.0
13047104,88.0
13062432,216.0
13062688,105.0
13071136,184.0
13073312,100.0
13078016,137.0
13081792,92.0
13082080,197.0
13082464,354.0
13088544,186.0
13089568,500.0
13093920,105.0
13095328,182.0
13095424,94.0
13105120,120.0
13109408,189.0
13111872,181.0
13114400,178.0
13114432,82.0
13120768,182.0
13121120,345.0
13130240,124.0
13132704,153.0
13143776,183.0
13152704,179.0
13153504,94.0
13154464,153.0
13158496,213.0
13162944,166.0
13163840,103.0
13165152,197.0
13166048,166.0
13168640,245.0
13173152,185.0
13175776,201.0
13178112,172.0
13179520,255.0
13185536,203.0
13186144,106.0
13186656,194.0
13189600,112.0
13190880,186.0
13193600,83.0
13196320,96.0
13196544,102.0
13197536,199.0
13200800,188.0
13203520,95.0
13205600,81.0
13206720,185.0
13213280,198.0
13214368,238.0
13233920,186.0
13241696,162.0
13242496,148.0
13245632,102.0
13256640,79.0
13258560,205.0
13264800,112.0
13270144,105.0
13271008,67.0
13273152,186.0
13278496,108.0
13278752,206.0
13279808,195.0
13296064,201.0
13301184,241.0
13303168,85.0
13305248,129.0
13307328,159.0
13307872,112.0
13314560,167.0
13315840,343.0
13323488,99.0
13328096,192.0
13345856,212.0
13351072,128.0
13354496,141.0
13357184,177.0
13360480,186.0
13363328,82.0
13372192,276.0
13372864,145.0
13378976,161.0
13385280,119.0
13389312,141.0
13397600,194.0
13401568,164.0
13413920,78.0
13414368,138.0
13416512,99.0
13417664,86.0
13419872,122.0
13423968,196.0
13425984,139.0
13428192,153.0
13428192,88.0
13432128,84.0
13434432,216.0
13434592,168.0
13438080,114.0
13442368,487.0
13444192,150.0
13450912,114.0
13452128,196.0
13454656,428.0
13455680,150.0
13461216,447.0
13461600,82.0
13465344,163.0
13467488,122.0
13467936,171.0
13469184,192.0
13473664,118.0
13475072,158.0
13478496,196.0
13484480,175.0
13489504,500.0
13493856,79.0
13494784,185.0
13512320,195.0
13525280,141.0
13525920,159.0
13535264,94.0
13543712,125.0
13548512,269.0
13553152,162.0
13557568,118.0
13559616,256.0
13560864,123.0
13565312,169.0
13575680,208.0
13577312,83.0
13581696,226.0
13581792,89.0
13582816,150.0
13590240,205.0
13596032,138.0
13599008,148.0
13599392,104.0
13608480,174.0
13610976,188.0
13614272,79.0
13627808,239.0
13633568,205.0
13639904,241.0
13640960,72.0
13646848,274.0
13649760,196.0
13650304,172.0
13655392,209.0
13657280,162.0
13661824,141.0
13664896,224.0
13666400,174.0
13667168,91.0
13670080,287.0
13686976,102.0
13692320,194.0
13694432,167.0
13699392,81.0
13699648,500.0
13702624,169.0
13704768,167.0
13705984,78.0
13711744,97.0
13714304,139.0
13724448,144.0
13725440,156.0
13726400,108.0
13727712,165.0
13728224,123.0
13745120,81.0
13750432,174.0
13754528,149.0
13756512,155.0
13777504,191.0
13780192,128.0
13782976,170.0
13783168,180.0
13787072,77.0
13790464,98.0
13796704,201.0
13798336,192.0
13798912,113.0
13803200,89.0
13806400,227.0
13806752,72.0
13807072,181.0
13808224,117.0
13813376,216.0
13815520,82.0
13816768,148.0
13821824,189.0
13822336,166.0
13823232,206.0
13834240,208.0
13836064,101.0
13838176,245.0
13844640,113.0
13850688,92.0
13852192,332.0
13856128,104.0
13857856,118.0
13863616,195.0
13867680,165.0
13870912,206.0
13874912,197.0
13876064,102.0
13879488,175.0
13885280,180.0
13885888,176.0
13888064,150.0
13888288,254.0
13895072,178.0
13896992,77.0
13898176,80.0
13899360,165.0
13905376,141.0
13909216,110.0
13914144,202.0
13928672,185.0
13932896,254.0
13939040,127.0
13940576,123.0
13940896,207.0
13942656,207.0
13954208,180.0
13955328,162.0
13960704,177.0
13960832,163.0
13964448,174.0
13966496,199.0
13976992,130.0
13984416,93.0
13987456,149.0
13990880,75.0
13996832,176.0
14000128,113.0
14002176,77.0
14011904,103.0
14021024,178.0
14021472,306.0
14021984,342.0
14023424,103.0
14024704,256.0
14025888,175.0
14033792,99.0
14050816,354.0
14050912,114.0
14051328,129.0
14052192,273.0
14054144,166.0
14058240,105.0
14074496,195.0
14087104,189.0
14093120,184.0
14096608,170.0
14109440,81.0
14111808,236.0
14114176,96.0
14115456,167.0
14119584,164.0
14120736,265.0
14121344,188.0
14121632,155.0
14132768,181.0
14147552,90.0
14151552,165.0
14152064,198.0
14152416,224.0
14153376,71.0
14156928,99.0
14157376,183.0
14157760,128.0
14165952,95.0
14176736,221.0
14177888,167.0
14180576,119.0
14186144,144.0
14198496,175.0
14205728,112.0
14210688,219.0
14213504,142.0
14215936,110.0
14218656,170.0
14222848,194.0
14230240,214.0
14230752,248.0
14239712,174.0
14251648,166.0
14252608,185.0
14254496,123.0
14266240,108.0
14266592,367.0
14269792,110.0
14275712,198.0
14278464,190.0
14282144,190.0
14285792,352.0
14289056,198.0
14296224,94.0
14297408,99.0
14303552,255.0
14304896,118.0
14307808,500.0
14317472,199.0
14317632,256.0
14323072,182.0
14323840,186.0
14329376,145.0
14334848,127.0
14335552,185.0
14337344,152.0
14343168,76.0
14349056,166.0
14356576,174.0
14368800,287.0
14373024,199.0
14373376,190.0
14376512,82.0
14381024,97.0
14389536,89.0
14393536,204.0
14394976,191.0
14411328,168.0
14424224,121.0
14426304,110.0
14428864,135.0
14436704,259.0
14442432,233.0
14443328,208.0
14445696,192.0
14450432,104.0
14453024,80.0
14454560,198.0
14454624,69.0
14460608,186.0
14462304,77.0
14477568,500.0
14479200,167.0
14479424,174.0
14486944,140.0
14487776,204.0
14489760,134.0
14491296,161.0
14497344,208.0
14498336,132.0
14500288,304.0
14502048,172.0
14507200,168.0
14511488,161.0
14515392,250.0
14519360,137.0
14519808,208.0
14520096,215.0
14520384,95.0
14521696,305.0
14524576,155.0
14529760,131.0
14533504,332.0
14534336,151.0
14536192,92.0
14538048,116.0
14543616,150.0
14544160,193.0
14549120,123.0
14552736,280.0
14556416,173.0
14570912,199.0
14579520,226.0
14580128,111.0
14580832,188.0
14585664,119.0
14587520,230.0
14589984,190.0
14593152,233.0
14604928,166.0
14606400,87.0
14609312,125.0
14611776,342.0
14618560,178.0
14618880,207.0
14625184,318.0
14626976,132.0
14627680,221.0
14629696,162.0
14629952,148.0
14634240,209.0
14637792,205.0
14638848,184.0
14639392,108.0
14640064,173.0
14644000,189.0
14657056,123.0
14662688,179.0
14663712,177.0
14665216,156.0
14666720,294.0
14667200,163.0
14671456,306.0
14681664,113.0
14701856,73.0
14703360,127.0
14703520,91.0
14703936,136.0
14708000,191.0
14708576,329.0
14721792,94.0
14727808,171.0
14738880,157.0
14739776,227.0
14741280,146.0
14743424,188.0
14747104,200.0
14753600,200.0
14755648,129.0
14757920,177.0
14758784,159.0
14761056,225.0
14771296,100.0
14778752,73.0
14780608,137.0
14782176,192.0
14783744,281.0
14784800,100.0
14784992,397.0
14790240,186.0
14791328,181.0
14801312,119.0
14807712,171.0
14809216,151.0
14817984,176.0
14827424,109.0
14828896,126.0
14841472,84.0
14844544,92.0
14846752,176.0
14849184,126.0
14850176,117.0
14852704,85.0
14856928,195.0
14860480,87.0
14863712,221.0
14868448,500.0
14875168,99.0
14889152,176.0
14892992,141.0
14898464,273.0
14898688,203.0
14901280,197.0
14903328,122.0
14904192,90.0
14906336,206.0
14916384,103.0
14916384,211.0
14917856,183.0
14917984,98.0
14919168,170.0
14925856,179.0
14926112,223.0
14930272,199.0
14930976,343.0
14933536,229.0
14934592,82.0
14947840,103.0
14950592,84.0
14954016,192.0
14955712,213.0
14958592,150.0
14962944,197.0
14963584,210.0
14976032,189.0
14990560,139.0
15003104,154.0
15013408,243.0
15013696,111.0
15018528,188.0
15019136,183.0
15024768,194.0
15026848,238.0
15052288,183.0
15062912,187.0
15073408,347.0
15080416,244.0
15081600,191.0
15085632,162.0
15088192,165.0
15094816,165.0
15099904,74.0
15116032,205.0
15116320,200.0
15120128,216.0
15137536,117.0
15139840,114.0
15141184,79.0
15142656,199.0
15142912,309.0
15144544,193.0
15154848,179.0
15156672,81.0
15159584,190.0
15163488,90.0
15164416,180.0
15175712,167.0
15176928,182.0
15181088,171.0
15192928,263.0
15193504,84.0
15193952,165.0
15198464,213.0
15211168,219.0
15215296,108.0
15218400,310.0
15222144,167.0
15222848,106.0
15226688,500.0
15227392,176.0
15231296,146.0
15231744,176.0
15235392,465.0
15236288,174.0
15238016,294.0
15248864,80.0
15258048,500.0
15264704,166.0
15275872,201.0
15276512,182.0
15280704,374.0
15286464,354.0
15295104,406.0
15295552,102.0
15299488,500.0
15300320,90.0
15301664,414.0
15302016,175.0
15304800,76.0
15306400,224.0
15308320,165.0
15310176,161.0
15312608,193.0
15312832,129.0
15313664,182.0
15317856,162.0
15321792,203.0
15326240,99.0
15333984,85.0
15342720,470.0
15355264,187.0
15361568,188.0
15370080,111.0
15380160,142.0
15382528,80.0
15383232,153.0
15383872,135.0
15384224,164.0
15384384,131.0
15384544,240.0
15389280,157.0
15391168,223.0
15391968,425.0
15401504,142.0
15403072,173.0
15405824,224.0
15413920,171.0
15414144,147.0
15417664,116.0
15428256,229.0
15433152,160.0
15435136,114.0
15446112,93.0
15446144,149.0
15451424,160.0
15457632,103.0
15464928,78.0
15465408,167.0
15468672,117.0
15474528,248.0
15476736,130.0
15485312,207.0
15492608,209.0
15496768,135.0
15498816,192.0
15503808,90.0
15505952,102.0
15512544,201.0
15515456,165.0
15523520,220.0
15524224,258.0
15526112,186.0
15535360,319.0
15537920,108.0
15543200,324.0
15543808,63.0
15554272,90.0
15557568,292.0
15557792,110.0
15559584,202.0
15561024,237.0
15563712,248.0
15566816,82.0
15568864,194.0
15569536,74.0
15570656,82.0
15572768,107.0
15578432,110.0
15580768,218.0
15586976,99.0
15589056,199.0
15591296,116.0
15592736,272.0
15596704,129.0
15596896,443.0
15604768,168.0
15604960,229.0
15606016,162.0
15608768,124.0
15612224,97.0
15621856,188.0
15625888,127.0
15641792,119.0
15642336,69.0
15643264,156.0
15650240,184.0
15650592,86.0
15655200,148.0
15658912,88.0
15662464,191.0
15666048,255.0
15672192,182.0
15694528,262.0
15694720,164.0
15703104,179.0
15705376,70.0
15708928,110.0
15709632,95.0
15717568,89.0
15718816,191.0
15719040,131.0
15721696,100.0
15724096,106.0
15726144,149.0
15728128,165.0
15728992,204.0
15731744,172.0
15735200,160.0
15736800,120.0
15739200,232.0
15742432,175.0
15747936,130.0
15749344,439.0
15761120,191.0
15771392,392.0
15773376,170.0
15775104,90.0
15780256,393.0
15782560,207.0
15786016,172.0
15786720,498.0
15787360,155.0
15791008,84.0
15791680,99.0
15799456,115.0
15804768,263.0
15807392,165.0
15808960,194.0
15815424,201.0
15815744,190.0
15820704,75.0
15822976,138.0
15823904,500.0
15824032,94.0
15826784,125.0
15828000,198.0
15835072,169.0
15835712,178.0
15836576,199.0
15838816,83.0
15839456,280.0
15848704,272.0
15851104,171.0
15853344,200.0
15854976,237.0
15861856,221.0
15869920,157.0
15878592,500.0
15879008,160.0
15881824,87.0
15883648,157.0
15883648,266.0
15883904,209.0
15884768,103.0
15888320,204.0
15894368,107.0
15900224,81.0
15900800,151.0
15905120,83.0
15905664,108.0
15912032,158.0
15916448,191.0
15916576,386.0
15917696,174.0
15919552,212.0
15922112,197.0
15926336,368.0
15929728,141.0
15933312,178.0
15933632,129.0
15940800,158.0
15940992,160.0
15943904,500.0
15947040,166.0
15947616,86.0
15947648,185.0
15949568,198.0
15952160,159.0
15965952,133.0
15966112,197.0
15967136,299.0
15968160,112.0
15972448,140.0
15975648,204.0
15980320,465.0
15997216,161.0
16003168,140.0
16012288,170.0
16012544,196.0
16014304,183.0
16020192,82.0
16024352,204.0
16025408,93.0
16027264,105.0
16030656,324.0
16032064,190.0
16035232,148.0
16036160,339.0
16037600,173.0
16038464,178.0
16042528,115.0
16044032,174.0
16047136,121.0
16049344,217.0
16062624,132.0
16069824,185.0
16070144,183.0
16074784,206.0
16077248,213.0
16084416,203.0
16087296,147.0
16092384,173.0
16103904,194.0
16106368,223.0
16116928,176.0
16117632,361.0
16120064,106.0
16123232,79.0
16141376,217.0
16142784,209.0
16150272,139.0
16152928,87.0
16158016,245.0
16160160,153.0
16168192,148.0
16172768,151.0
16173600,145.0
16178624,99.0
16179456,208.0
16186400,107.0
16187200,266.0
16188352,126.0
16194016,87.0
16206624,122.0
16208832,206.0
16210272,200.0
16219008,191.0
16220704,227.0
16230656,305.0
16237792,125.0
16245184,189.0
16246304,141.0
16248512,89.0
16251072,227.0
16251200,183.0
16256576,201.0
16265088,100.0
16266240,89.0
16269056,106.0
16269632,176.0
16269920,117.0
16270784,75.0
16271424,101.0
16287040,176.0
16295520,188.0
16300544,161.0
16316320,74.0
16316832,106.0
16322080,179.0
16328992,131.0
16334560,187.0
16338688,182.0
16341632,91.0
16343968,190.0
16344544,217.0
16351200,164.0
16357024,161.0
16361312,195.0
16363328,196.0
16366176,226.0
16367072,199.0
16367936,195.0
16374112,79.0
16376704,268.0
16379616,186.0
16380000,339.0
16381216,182.0
16381696,183.0
16382912,173.0
16389952,192.0
16392608,347.0
16394080,147.0
16397056,188.0
16397632,126.0
16410368,163.0
16419552,201.0
16422080,175.0
16424832,328.0
16427776,174.0
16428096,236.0
16428672,96.0
16429952,96.0
16430656,181.0
16431776,169.0
16438528,173.0
16439072,252.0
16439584,107.0
16441088,238.0
16444768,317.0
16457440,74.0
16460064,247.0
16476736,82.0
16477216,249.0
16482784,179.0
16483584,156.0
16488000,196.0
16490432,217.0
16494528,183.0
16502144,174.0
16507808,281.0
16508896,216.0
16510944,83.0
16520608,113.0
16523392,160.0
16524864,213.0
16525920,206.0
16528064,197.0
16531424,275.0
16533824,246.0
16537952,177.0
16538144,175.0
16538336,108.0
16553440,170.0
16557408,98.0
16558720,153.0
16560640,203.0
16569280,90.0
16576800,89.0
16581472,205.0
16585408,167.0
16587136,157.0
16587712,95.0
16587776,500.0
16587904,127.0
16588512,282.0
16592352,165.0
16594112,197.0
16606464,85.0
16614144,207.0
16614208,162.0
16619488,120.0
16627040,143.0
16628384,155.0
16629760,111.0
16633760,133.0
16635648,205.0
16635968,193.0
16636896,97.0
16647616,122.0
16660448,185.0
16660832,159.0
16664096,254.0
16665280,93.0
16670272,289.0
16670432,120.0
16676992,157.0
16679296,281.0
16679424,83.0
16688128,181.0
16692032,123.0
16692960,251.0
16695136,201.0
16708608,172.0
16711648,131.0
16719456,80.0
16724992,221.0
16726656,169.0
16728608,159.0
16730464,185.0
16735104,97.0
16740256,120.0
16741632,171.0
16745056,100.0
16746944,112.0
16748320,104.0
16750208,179.0
16751712,171.0
16752832,97.0
16756416,233.0
16759712,189.0
16761024,109.0
16763328,362.0
16770432,308.0
16771136,184.0
16776928,133.0
16779744,169.0
16780832,85.0
16782336,106.0
16783616,206.0
16784672,153.0
16789984,212.0
16791008,181.0
16791872,103.0
16796544,113.0
16801504,182.0
16804064,189.0
16806560,77.0
16807840,200.0
16811808,59.0
16815040,79.0
16815232,500.0
16815840,270.0
16821344,149.0
16822400,142.0
16824288,67.0
16828928,86.0
16829184,90.0
16830560,98.0
16838720,123.0
16839968,252.0
16841888,308.0
16847744,138.0
16848448,221.0
16862304,80.0
16866240,204.0
16873664,305.0
16874720,472.0
16876608,243.0
16878752,89.0
16883616,214.0
16900736,195.0
16905184,193.0
16911488,165.0
16915680,205.0
16918816,219.0
16920192,158.0
16924672,131.0
16930208,91.0
16934176,116.0
16951328,251.0
16951616,83.0
16953920,154.0
16960480,174.0
16961408,162.0
16976064,128.0
16976096,197.0
16982368,180.0
16983712,165.0
17000288,112.0
17000800,110.0
17003552,486.0
17005248,156.0
17005568,206.0
17006240,148.0
17014272,194.0
17014432,75.0
17016736,286.0
17021856,159.0
17026272,212.0
17026400,110.0
17028896,334.0
17029952,131.0
17040704,196.0
17047520,153.0
17053984,370.0
17063840,180.0
17066560,197.0
17078816,158.0
17079200,179.0
17079584,83.0
17079616,204.0
17084960,78.0
17088864,327.0
17089216,196.0
17090848,277.0
17096000,168.0
17103776,180.0
17104640,79.0
17106240,140.0
17112000,155.0
17113248,80.0
17115232,85.0
17117504,205.0
17119584,89.0
17123072,102.0
17125120,92.0
17142240,191.0
17145280,326.0
17160384,118.0
17167552,85.0
17168032,208.0
17173504,134.0
17178176,207.0
17186304,175.0
17188608,87.0
17190528,207.0
17191424,66.0
17191520,179.0
17201600,119.0
17204576,221.0
17205088,187.0
17205664,151.0
17209952,94.0
17210208,353.0
17213248,500.0
17219520,131.0
17223136,76.0
17224128,210.0
17226112,83.0
17227776,156.0
17232864,346.0
17233312,176.0
17233696,126.0
17238656,126.0
17249056,158.0
17249920,210.0
17253664,194.0
17254080,86.0
17254368,105.0
17255360,198.0
17261504,191.0
17264032,95.0
17265312,203.0
17266624,128.0
17267808,117.0
17269248,196.0
17270784,167.0
17274688,169.0
17276832,168.0
17279776,196.0
17282848,171.0
17283616,204.0
17289984,252.0
17301888,205.0
17308512,500.0
17311296,188.0
17313152,139.0
17328128,286.0
17330304,163.0
17331872,141.0
17340832,84.0
17341344,114.0
17349088,103.0
17355040,209.0
17359584,80.0
17364736,256.0
17365632,118.0
17366016,129.0
17369952,181.0
17385600,197.0
17389728,163.0
17392224,79.0
17393440,141.0
17403744,185.0
17405568,134.0
17419296,219.0
17422880,383.0
17423776,449.0
17426624,168.0
17427008,125.0
17428000,143.0
17431872,122.0
17432032,90.0
17433344,157.0
17436320,138.0
17436992,240.0
17441440,227.0
17443744,166.0
17444128,98.0
17445152,130.0
17445920,92.0
17447584,119.0
17456736,189.0
17459296,170.0
17464512,162.0
17466112,229.0
17475264,149.0
17476384,414.0
17476928,155.0
17480544,196.0
17481376,185.0
17482112,147.0
17486048,483.0
17492960,227.0
17497184,212.0
17502848,295.0
17511584,500.0
17516928,174.0
17526880,194.0
17530016,154.0
17530336,202.0
17530752,198.0
17538944,198.0
17545120,80.0
17549216,170.0
17556320,216.0
17573248,170.0
17578496,181.0
17580128,101.0
17583808,91.0
17584960,188.0
17585792,205.0
17586688,141.0
17596896,360.0
17598464,123.0
17608416,145.0
17612320,123.0
17612960,321.0
17629568,84.0
17637984,73.0
17647584,151.0
17656672,243.0
17660576,81.0
17660992,222.0
17677056,189.0
17681152,254.0
17683200,84.0
17684448,87.0
17687424,79.0
17702464,127.0
17714944,199.0
17727136,181.0
17739040,182.0
17739552,192.0
17746432,277.0
17751296,114.0
17752992,500.0
17756672,104.0
17756928,210.0
17760000,138.0
17760672,372.0
17760928,309.0
17762464,221.0
17766432,112.0
17767168,192.0
17784928,100.0
17786400,170.0
17787008,217.0
17791616,162.0
17794656,270.0
17800224,500.0
17802112,172.0
17809376,189.0
17811808,193.0
17815424,79.0
17826144,73.0
17833664,74.0
17835136,156.0
17838432,208.0
17848448,220.0
17853920,109.0
17855328,189.0
17856800,160.0
17857536,156.0
17860704,121.0
17863264,183.0
17872288,500.0
17874464,196.0
17876256,151.0
17880736,500.0
17884224,248.0
17886944,81.0
17887840,105.0
17888448,68.0
17888960,267.0
17890304,170.0
17896800,225.0
17903168,212.0
17905024,256.0
17910656,84.0
17913856,423.0
17923072,101.0
17923552,82.0
17927648,149.0
17929056,141.0
17929760,114.0
17932256,177.0
17935392,70.0
17937600,210.0
17946016,161.0
17949184,168.0
17949376,78.0
17952480,158.0
17960352,172.0
17971456,392.0
17972576,254.0
17976480,94.0
17977568,274.0
17979008,200.0
17979200,102.0
17980384,85.0
17980832,283.0
17980992,104.0
17986016,315.0
17986528,97.0
17994240,173.0
17999808,98.0
18014752,238.0
18016256,165.0
18017216,78.0
18020704,118.0
18026624,160.0
18034336,191.0
18040288,199.0
18041728,94.0
18048576,139.0
18051680,181.0
18055104,156.0
18067968,171.0
18072992,115.0
18074464,238.0
18077536,223.0
18083040,114.0
18083680,87.0
18085376,227.0
18086496,500.0
18097952,97.0
18101696,190.0
18106176,96.0
18109632,74.0
18118112,209.0
18122560,274.0
18123328,97.0
18124608,205.0
18131168,193.0
18137760,178.0
18138240,193.0
18142368,74.0
18145248,164.0
18147296,276.0
18153856,200.0
18157184,101.0
18166656,173.0
18168416,140.0
18169536,174.0
18170528,135.0
18170848,182.0
18175168,77.0
18180288,190.0
18181472,169.0
18183872,244.0
18185920,99.0
18194336,189.0
18196704,97.0
18197536,174.0
18199552,185.0
18205408,183.0
18207072,81.0
18209984,79.0
18211616,205.0
18211808,160.0
18216128,180.0
18227872,150.0
18228224,481.0
18230976,153.0
18241824,263.0
18246400,96.0
18250944,161.0
18255040,155.0
18263936,193.0
18278496,296.0
18282336,251.0
18282624,193.0
18285344,123.0
18289728,217.0
18293440,118.0
18298144,162.0
18310112,231.0
18314784,88.0
18316992,82.0
18318784,101.0
18323744,183.0
18324416,98.0
18328320,192.0
18331648,242.0
18337888,140.0
18341664,154.0
18343520,69.0
18345856,140.0
18345856,195.0
18348288,78.0
18351360,175.0
18358816,344.0
18358912,192.0
18367872,124.0
18370464,116.0
18371488,190.0
18372128,98.0
18373952,146.0
18381184,164.0
18385984,155.0
18396832,85.0
18397376,208.0
18398304,163.0
18402688,155.0
18408800,126.0
18424768,122.0
18431776,226.0
18432704,250.0
18435232,94.0
18441248,163.0
18444384,212.0
18445312,171.0
18446624,158.0
18446944,213.0
18447488,122.0
18450912,141.0
18456608,73.0
18463040,189.0
18465920,115.0
18477632,198.0
18481440,107.0
18487616,172.0
18488352,200.0
18489280,188.0
18491520,185.0
18505952,169.0
18507712,177.0
18513600,196.0
18533440,177.0
18536032,225.0
18539552,341.0
18543040,170.0
18549152,136.0
18550656,298.0
18552480,145.0
18555968,401.0
18566208,193.0
18568992,354.0
18570240,242.0
18570368,191.0
18576992,117.0
18577888,228.0
18585728,153.0
18587168,171.0
18591232,149.0
18595936,210.0
18598880,167.0
18612384,250.0
18616480,136.0
18628736,123.0
18636256,227.0
18636288,196.0
18639328,86.0
18645344,90.0
18645920,175.0
18650432,129.0
18651264,66.0
18651328,163.0
18652544,89.0
18654528,104.0
18654624,218.0
18670464,129.0
18671872,149.0
18688000,110.0
18693280,197.0
18703936,221.0
18713568,137.0
18716832,189.0
18733920,494.0
18739968,200.0
18747296,185.0
18748832,194.0
18754400,141.0
18755712,191.0
18756864,174.0
18758080,158.0
18761984,222.0
18765792,112.0
18770336,101.0
18774944,64.0
18776096,97.0
18776704,247.0
18785120,131.0
18788672,190.0
18789632,181.0
18792480,283.0
18796160,84.0
18797440,235.0
18797824,209.0
18808928,196.0
18816416,166.0
18826272,81.0
18827008,105.0
18830336,142.0
18833568,106.0
18846848,281.0
18848032,392.0
18850048,182.0
18851424,140.0
18856640,113.0
18857216,174.0
18858656,259.0
18863136,176.0
18866208,136.0
18867104,133.0
18868640,200.0
18869984,183.0
18873312,142.0
18875072,158.0
18875936,255.0
18877152,164.0
18878304,73.0
18882016,216.0
18884352,206.0
18888256,140.0
18888416,171.0
18890784,260.0
18895488,220.0
18896448,89.0
18900000,444.0
18902624,187.0
18904064,260.0
18908288,198.0
18921504,97.0
18936704,162.0
18940832,316.0
18946496,97.0
18948064,159.0
18965728,281.0
18966656,500.0
18968288,204.0
18977760,180.0
18982336,150.0
18989472,112.0
18989568,248.0
19005696,145.0
19016640,184.0
19031328,216.0
19035616,411.0
19035904,173.0
19037984,245.0
19040480,204.0
19048064,170.0
19058368,96.0
19059712,113.0
19064448,90.0
19068640,73.0
19071840,192.0
19078208,89.0
19086656,270.0
19086848,134.0
19089216,186.0
19092512,133.0
19096928,198.0
19102464,500.0
19106048,96.0
19108288,139.0
19109568,109.0
19112448,202.0
19115392,203.0
19118368,190.0
19118400,78.0
19121632,106.0
19128544,173.0
19136608,194.0
19137856,188.0
19148064,215.0
19149024,168.0
19149216,75.0
19149760,172.0
19153472,168.0
19163072,275.0
19170720,229.0
19173312,202.0
19178944,122.0
19186304,86.0
19187712,149.0
19191712,168.0
19194912,173.0
19196512,93.0
19203584,230.0
19207872,312.0
19209728,164.0
19213280,171.0
19215104,180.0
19225440,164.0
19230528,92.0
19231040,182.0
19233184,163.0
19234400,194.0
19246080,89.0
19252640,99.0
19254304,394.0
19257120,139.0
19268544,174.0
19273024,160.0
19278752,169.0
19283680,183.0
19304160,170.0
19316192,136.0
19317632,103.0
19319328,95.0
19322848,222.0
19329888,178.0
19331424,252.0
19337376,143.0
19339200,207.0
19353120,191.0
19354880,176.0
19371328,201.0
19374144,254.0
19374816,378.0
19377664,158.0
19382976,141.0
19383552,73.0
19390976,207.0
19392384,250.0
19395904,209.0
19400576,199.0
19401664,119.0
19410368,199.0
19411104,307.0
19417888,182.0
19419328,355.0
19420576,271.0
19421120,207.0
19425440,190.0
19441632,144.0
19443584,238.0
19453120,80.0
19454656,87.0
19471072,187.0
19472640,197.0
19477152,135.0
19477152,131.0
19484800,93.0
19485504,163.0
19488320,208.0
19491040,141.0
19493184,96.0
19494944,140.0
19497152,95.0
19498400,71.0
19504000,172.0
19505728,177.0
19508352,130.0
19509632,287.0
19509920,236.0
19510976,178.0
19511456,155.0
19519200,110.0
19521312,162.0
19524224,186.0
19527648,92.0
19532352,112.0
19538848,90.0
19539104,65.0
19541824,86.0
19544352,98.0
19550400,115.0
19555840,199.0
19557760,136.0
19559328,141.0
19562336,108.0
19567136,151.0
19569344,130.0
19569824,167.0
19573440,281.0
19582752,421.0
19583136,157.0
19585696,206.0
19586208,85.0
19589152,130.0
19591712,132.0
19594304,192.0
19596256,84.0
19612032,154.0
19614080,236.0
19619968,95.0
19630496,158.0
19631392,180.0
19632192,233.0
19636352,119.0
19637344,213.0
19644000,215.0
19649440,122.0
19651616,209.0
19653920,132.0
19654432,184.0
19658400,159.0
19660544,95.0
19662496,178.0
19675168,291.0
19677344,156.0
19677824,269.0
19681152,186.0
19681344,187.0
19691904,132.0
19692864,148.0
19695040,262.0
19697728,217.0
19698240,129.0
19699520,240.0
19699584,92.0
19712192,212.0
19719136,186.0
19722368,159.0
19731616,255.0
19733184,345.0
19736672,69.0
19748576,205.0
19754528,187.0
19772032,112.0
19790208,157.0
19793984,74.0
19796256,119.0
19800416,185.0
19800448,203.0
19802688,285.0
19807680,220.0
19808608,73.0
19809632,118.0
19811584,239.0
19813216,258.0
19814496,255.0
19817184,342.0
19824640,200.0
19828000,161.0
19829632,169.0
19832224,212.0
19833312,169.0
19833568,196.0
19841408,141.0
19843808,174.0
19844896,185.0
19846368,224.0
19846720,68.0
19851200,144.0
19853184,187.0
19855680,152.0
19857856,399.0
19859264,79.0
19862624,90.0
19865088,160.0
19868832,319.0
19869536,109.0
19869856,130.0
19874528,179.0
19879488,178.0
19886208,500.0
19899040,162.0
19901280,106.0
19905984,188.0
19911808,198.0
19915360,313.0
19919648,170.0
19925280,175.0
19928384,210.0
19930752,73.0
19932992,196.0
19934208,90.0
19939968,88.0
19956544,189.0
19958496,219.0
19962592,226.0
19968768,118.0
19970208,136.0
19975296,102.0
19975584,180.0
19985280,302.0
19988480,206.0
19991456,240.0
19992032,199.0
19993024,307.0
19993408,281.0
19993600,165.0
20000160,108.0
20024928,159.0
20026272,236.0
20032096,193.0
20034720,182.0
20036928,228.0
20039232,500.0
20039232,393.0
20044800,166.0
20052544,102.0
20052704,89.0
20054208,199.0
20062912,134.0
20064448,190.0
20067008,146.0
20068512,71.0
20077792,179.0
20080800,70.0
20103936,157.0
20106464,203.0
20107200,128.0
20107232,154.0
20121408,228.0
20121472,152.0
20127296,151.0
20128224,204.0
20129824,145.0
20142912,206.0
20144512,167.0
20156576,106.0
20157536,303.0
20158784,198.0
20177280,500.0
20177600,94.0
20181632,315.0
20187456,202.0
20191936,227.0
20192096,297.0
20193632,97.0
20195872,215.0
20198816,71.0
20203584,170.0
20205824,143.0
20208672,380.0
20211264,346.0
20212064,217.0
20212224,159.0
20216416,133.0
20219808,159.0
20231360,234.0
20236864,90.0
20241056,169.0
20246944,232.0
20249920,156.0
20252480,203.0
20252896,172.0
20261568,113.0
20262272,97.0
20276192,307.0
20281184,160.0
20285312,266.0
20295744,155.0
20311200,100.0
20311904,95.0
20315616,269.0
20319040,228.0
20321376,70.0
20321664,137.0
20321760,99.0
20324064,156.0
20326016,167.0
20326880,160.0
20329440,194.0
20333248,120.0
20335648,189.0
20337952,143.0
20338976,176.0
20342080,189.0
20343008,197.0
20343936,116.0
20344512,448.0
20346976,160.0
20348032,206.0
20350368,210.0
20352352,277.0
20352800,146.0
20364448,173.0
20366816,162.0
20373120,205.0
20377664,219.0
20382816,128.0
20384480,130.0
20397408,283.0
20397824,185.0
20400096,110.0
20402272,186.0
20404800,156.0
20404928,117.0
20406848,64.0
20413792,89.0
20417120,232.0
20418112,213.0
20421760,144.0
20431008,81.0
20447872,275.0
20449248,97.0
20462720,116.0
20466912,199.0
20468768,84.0
20475712,149.0
20491808,173.0
20491840,167.0
20500704,270.0
20503648,163.0
20507328,186.0
20509344,177.0
20511424,176.0
20515488,154.0
20542112,126.0
20544416,129.0
20548192,500.0
20559360,225.0
20560512,182.0
20561376,117.0
20569632,103.0
20575296,137.0
20577888,182.0
20579296,82.0
20583136,163.0
20597216,175.0
20610656,188.0
20619296,171.0
20620352,121.0
20625664,280.0
20628096,158.0
20630656,179.0
20637376,242.0
20637472,192.0
20645312,189.0
20648896,174.0
20649472,188.0
20654848,120.0
20661760,132.0
20663424,372.0
20675424,87.0
20683776,183.0
20689216,140.0
20691680,266.0
20697120,174.0
20697216,183.0
20697632,108.0
20697920,166.0
20701120,185.0
20702976,115.0
20702976,204.0
20704096,181.0
20705600,191.0
20706784,195.0
20714112,195.0
20716704,139.0
20726624,216.0
20728224,180.0
20732192,85.0
20735584,105.0
20736352,148.0
20736512,241.0
20743392,226.0
20744608,389.0
20755424,166.0
20755680,137.0
20762240,154.0
20763136,204.0
20763488,177.0
20769472,227.0
20772480,182.0
20774784,192.0
20775488,187.0
20783136,192.0
20784864,204.0
20792160,152.0
20793760,199.0
20796704,150.0
20805920,183.0
20806112,148.0
20806752,180.0
20806976,294.0
20809568,111.0
20809792,500.0
20811808,133.0
20821536,96.0
20821568,206.0
20826080,116.0
20827136,220.0
20827456,169.0
20834144,295.0
20834752,179.0
20836672,232.0
20843616,191.0
20843776,199.0
20844032,104.0
20847520,108.0
20847776,100.0
20848192,245.0
20849408,175.0
20853024,462.0
20858464,98.0
20867040,91.0
20871904,85.0
20876160,179.0
20882496,92.0
20897760,91.0
20906048,89.0
20907744,176.0
20914112,161.0
20915808,80.0
20918400,319.0
20920800,135.0
20938176,228.0
20945920,232.0
20950496,182.0
20953056,178.0
20954432,204.0
20963200,89.0
20967616,228.0
20969120,249.0
20970656,174.0
20985920,206.0
20991168,89.0
20993664,166.0
20993856,137.0
20995808,187.0
20999584,190.0
20999616,104.0
21002688,96.0
21004000,488.0
21013344,106.0
21023360,171.0
21025408,333.0
21027456,251.0
21028352,114.0
21029568,122.0
21030720,113.0
21033408,168.0
21046080,116.0
21055808,155.0
21056640,342.0
21056864,130.0
21071648,384.0
21076864,185.0
21077024,210.0
21080992,170.0
21083552,151.0
21087488,202.0
21088544,212.0
21089152,174.0
21090656,74.0
21093312,226.0
21104896,139.0
21105696,110.0
21107648,162.0
21108064,141.0
21119584,169.0
21122400,223.0
21126880,168.0
21127168,148.0
21127968,235.0
21129056,180.0
21135200,234.0
21139264,310.0
21141440,223.0
21143360,165.0
21157024,94.0
21158528,157.0
21164864,262.0
21166208,122.0
21169248,85.0
21173856,178.0
21182848,152.0
21189664,200.0
21189952,160.0
21200352,184.0
21201184,93.0
21202528,168.0
21204416,104.0
21205280,87.0
21205568,169.0
21209344,333.0
21209536,73.0
21215552,297.0
21220096,208.0
21230272,256.0
21230272,186.0
21233888,119.0
21235904,121.0
21237280,281.0
21237664,105.0
21240192,90.0
21245056,84.0
21251680,104.0
21252672,150.0
21256448,206.0
21257856,152.0
21258624,84.0
21263808,137.0
21266656,89.0
21274432,173.0
21284032,97.0
21287264,170.0
21297344,272.0
21300608,371.0
21306144,89.0
21306336,252.0
21308416,95.0
21309376,335.0
21313856,82.0
21314944,181.0
21318080,251.0
21318144,303.0
21318144,197.0
21319456,181.0
21323488,243.0
21327264,206.0
21331776,122.0
21334784,106.0
21339904,263.0
21345184,188.0
21354400,86.0
21359936,108.0
21363008,106.0
21363968,263.0
21369888,198.0
21373888,385.0
21378368,160.0
21381728,178.0
21382432,89.0
21385472,110.0
21386848,187.0
21387584,211.0
21400224,72.0
21401792,181.0
21407296,180.0
21407648,124.0
21409024,70.0
21413152,87.0
21415296,85.0
21416640,182.0
21420768,324.0
21423712,98.0
21424704,197.0
21431872,198.0
21436128,173.0
21449632,164.0
21452000,220.0
21467040,151.0
21474656,220.0
21479744,158.0
21481376,176.0
21482432,94.0
21484864,186.0
21485056,94.0
21488384,156.0
21513152,220.0
21514848,287.0
21519776,187.0
21522976,155.0
21529312,197.0
21545088,87.0
21546720,114.0
21558752,148.0
21567936,175.0
21570048,176.0
21570144,213.0
21570592,155.0
21572448,151.0
21572832,211.0
21573472,420.0
21582272,300.0
21586400,99.0
21591040,284.0
21594656,231.0
21595648,200.0
21597440,170.0
21600320,130.0
21601952,186.0
21604544,192.0
21605184,177.0
21609568,355.0
21610112,101.0
21610336,284.0
21616224,164.0
21617568,240.0
21619008,195.0
21628256,185.0
21631776,194.0
21632384,119.0
21636928,171.0
21638720,212.0
21643776,93.0
21645280,247.0
21647552,224.0
21649792,252.0
21650784,90.0
21666496,161.0
21670944,256.0
21674976,145.0
21681216,91.0
21682976,135.0
21687392,137.0
21691040,178.0
21694176,278.0
21699648,207.0
21704096,170.0
21706624,173.0
21712960,174.0
21717824,175.0
21719520,500.0
21725952,253.0
21729824,80.0
21735104,227.0
21737632,87.0
21739968,86.0
21752576,161.0
21762848,69.0
21765344,229.0
21766048,204.0
21767264,115.0
21774048,170.0
21774304,179.0
21787488,168.0
21793024,175.0
21793408,87.0
21799104,103.0
21804032,201.0
21807264,396.0
21816032,350.0
21817472,164.0
21822016,153.0
21822560,152.0
21828000,190.0
21830304,151.0
21831584,92.0
21837216,147.0
21852384,170.0
21860352,140.0
21872384,267.0
21881696,193.0
21887040,243.0
21887968,107.0
21892704,162.0
21893376,198.0
21895616,217.0
21899488,180.0
21902912,206.0
21905504,75.0
21910816,185.0
21912832,171.0
21915936,196.0
21919520,165.0
21919968,222.0
21920640,142.0
21932320,238.0
21936704,135.0
21937056,117.0
21941984,149.0
21959168,81.0
21961376,198.0
21962240,269.0
21964544,183.0
21969248,289.0
21969600,116.0
21971904,169.0
21975040,214.0
21976512,278.0
21983680,76.0
21987872,204.0
21989984,299.0
21991680,156.0
21993440,67.0
21995808,329.0
21998176,157.0
22002368,159.0
22005632,221.0
22008320,234.0
22013728,173.0
22021344,167.0
22022464,372.0
22030080,184.0
22038432,143.0
22046848,158.0
22049792,180.0
22050432,117.0
22065184,144.0
22071264,119.0
22076480,205.0
22087136,132.0
22093216,98.0
22108064,261.0
22110560,201.0
22110624,84.0
22110752,168.0
22114624,164.0
22117984,178.0
22127776,179.0
22129056,199.0
22130208,243.0
22131040,109.0
22132000,176.0
22134944,311.0
22139872,86.0
22152192,185.0
22152896,193.0
22153888,319.0
22154752,232.0
22157696,218.0
22158848,207.0
22161632,203.0
22164928,185.0
22167904,186.0
22176704,406.0
22177664,90.0
22185536,316.0
22185664,100.0
22190912,177.0
22201824,134.0
22210624,133.0
22228032,135.0
22233056,149.0
22234240,89.0
22239040,343.0
22244224,247.0
22246592,155.0
22271872,94.0
22272288,204.0
22288160,207.0
22297664,215.0
22301600,179.0
22316448,202.0
22317568,170.0
22323392,107.0
22323648,96.0
22337536,174.0
22337952,98.0
22341024,118.0
22351968,204.0
22353760,184.0
22369952,155.0
22373664,215.0
22380672,190.0
22383360,176.0
22390496,282.0
22391008,71.0
22394560,102.0
22395648,131.0
22398048,219.0
22399840,196.0
22402784,91.0
22408000,105.0
22409632,193.0
22440416,145.0
22443200,132.0
22443200,211.0
22443776,201.0
22453120,178.0
22457664,109.0
22458656,172.0
22463744,153.0
22465664,244.0
22470048,196.0
22471072,159.0
22477120,415.0
22479680,194.0
22496128,156.0
22496544,204.0
22502880,217.0
22507648,111.0
22508384,163.0
22510880,156.0
22514816,221.0
22520672,300.0
22529760,167.0
22530912,113.0
22542656,172.0
22543648,119.0
22544064,168.0
22550560,162.0
22551200,96.0
22576960,272.0
22577440,95.0
22579232,330.0
22591200,185.0
22592512,139.0
22592928,181.0
22599424,294.0
22600352,189.0
22600544,224.0
22607616,105.0
22608032,319.0
22611808,213.0
22621408,221.0
22626720,156.0
22637184,195.0
22649152,197.0
22656416,85.0
22669408,191.0
22679648,167.0
22680800,186.0
22682144,167.0
22684352,117.0
22684480,169.0
22684992,126.0
22686464,108.0
22690080,82.0
22693440,275.0
22693568,86.0
22698112,147.0
22699328,211.0
22699360,184.0
22705152,172.0
22706208,92.0
22706784,112.0
22711264,169.0
22721280,203.0
22730176,149.0
22731200,376.0
22732640,119.0
22732864,279.0
22733312,150.0
22744320,185.0
22758944,261.0
22759744,185.0
22767264,183.0
22768448,87.0
22769152,196.0
22780672,79.0
22784480,150.0
22804768,165.0
22808800,210.0
22808992,184.0
22809056,146.0
22810720,347.0
22815808,218.0
22819264,75.0
22827776,169.0
22839104,119.0
22842432,216.0
22846112,190.0
22846368,85.0
22846624,182.0
22864064,183.0
22870496,168.0
22872032,131.0
22873568,163.0
22873920,364.0
22879296,224.0
22882400,152.0
22883008,88.0
22888832,148.0
22903680,133.0
22904320,185.0
22908512,88.0
22919136,140.0
22931456,173.0
22944544,102.0
22947712,192.0
22949216,112.0
22949536,167.0
22950592,92.0
22950624,189.0
22956640,130.0
22964704,260.0
22969248,206.0
22969312,182.0
22969952,199.0
22986688,100.0
22987456,323.0
22995616,180.0
22995616,165.0
22998944,106.0
23001120,174.0
23015040,79.0
23025760,229.0
23032960,184.0
23037056,131.0
23054528,79.0
23054688,191.0
23058496,158.0
23069760,495.0
23075488,145.0
23079040,118.0
23080896,154.0
23081696,167.0
23081792,286.0
23083808,138.0
23114176,187.0
23123360,184.0
23123456,184.0
23135712,285.0
23136160,118.0
23141184,169.0
23147968,111.0
23148800,155.0
23151456,156.0
23166624,237.0
23174944,500.0
23185760,221.0
23188768,135.0
23196640,301.0
23197568,198.0
23198784,241.0
23199168,162.0
23205824,166.0
23209792,156.0
23211104,210.0
23213344,176.0
23213472,145.0
23216704,92.0
23219936,195.0
23228192,183.0
23233280,85.0
23235136,123.0
23237856,170.0
23242528,244.0
23243392,131.0
23248480,242.0
23250912,302.0
23252800,61.0
23263552,203.0
23269248,297.0
23273184,170.0
23274016,178.0
23275904,113.0
23277824,100.0
23283168,164.0
23294112,235.0
23304832,149.0
23305728,204.0
23311808,104.0
23315520,184.0
23317696,123.0
23318304,77.0
23320864,171.0
23326816,107.0
23330816,182.0
23335456,500.0
23344864,205.0
23347648,180.0
23350176,163.0
23353056,237.0
23354688,155.0
23358592,181.0
23359136,164.0
23364288,245.0
23368896,267.0
23369600,497.0
23372544,200.0
23375520,172.0
23379200,85.0
23381856,99.0
23381856,239.0
23381888,81.0
23387072,289.0
23392640,171.0
23394624,401.0
23396672,79.0
23396992,169.0
23406144,172.0
23407680,175.0
23408640,144.0
23414368,208.0
23417952,105.0
23418368,172.0
23422880,294.0
23441760,191.0
23448992,312.0
23452448,176.0
23452512,312.0
23460032,215.0
23460640,92.0
23463040,131.0
23465760,178.0
23469376,120.0
23471520,167.0
23479776,85.0
23482880,156.0
23486560,236.0
23487168,155.0
23491712,99.0
23494400,157.0
23498496,119.0
23500160,185.0
23506336,196.0
23510848,176.0
23522752,180.0
23530912,107.0
23534208,102.0
23542944,123.0
23544416,184.0
23547008,343.0
23568512,180.0
23569248,203.0
23574208,177.0
23581856,70.0
23585888,181.0
23592800,91.0
23593216,136.0
23594304,119.0
23596896,122.0
23605120,96.0
23605984,149.0
23613536,131.0
23616256,233.0
23621088,95.0
23624960,271.0
23625088,340.0
23627264,213.0
23628992,291.0
23632096,166.0
23632384,192.0
23636544,197.0
23637696,188.0
23638432,82.0
23639424,178.0
23640288,114.0
23640800,162.0
23649248,111.0
23650272,117.0
23650624,167.0
23664512,198.0
23664928,82.0
23673312,165.0
23678336,120.0
23688160,234.0
23696608,182.0
23697952,113.0
23699776,147.0
23700928,87.0
23708224,258.0
23718880,186.0
23719552,197.0
23720064,109.0
23723616,172.0
23730176,204.0
23730944,149.0
23733312,122.0
23736416,158.0
23754400,71.0
23763392,141.0
23768320,122.0
23771296,199.0
23774688,223.0
23777952,180.0
23779296,158.0
23791712,163.0
23792384,156.0
23792768,140.0
23792864,103.0
23799264,187.0
23800896,162.0
23801664,199.0
23806080,185.0
23807136,123.0
23812672,168.0
23816864,183.0
23817408,146.0
23820864,270.0
23823456,425.0
23827712,164.0
23830176,98.0
23830464,174.0
23840288,178.0
23849408,177.0
23857248,154.0
23860128,189.0
23864416,311.0
23870336,143.0
23888224,243.0
23898624,147.0
23904096,212.0
23908256,164.0
23909376,162.0
23909472,193.0
23909824,165.0
23911520,82.0
23911904,318.0
23918368,120.0
23922240,116.0
23925792,119.0
23928736,493.0
23935136,122.0
23936736,183.0
23943200,168.0
23950368,93.0
23956384,224.0
23962304,104.0
23967168,196.0
23968224,206.0
23979488,177.0
23979776,95.0
23985120,162.0
23985440,95.0
23988576,86.0
23993408,152.0
23995584,90.0
23997888,158.0
24000576,243.0
24003872,220.0
24006656,172.0
24011616,251.0
24017248,134.0
24025888,182.0
24026976,169.0
24031872,128.0
24036000,204.0
24036992,210.0
24041056,83.0
24043200,220.0
24043296,260.0
24050880,109.0
24055264,137.0
24057920,102.0
24066304,140.0
24067424,204.0
24069120,188.0
24072320,214.0
24073728,125.0
24076800,303.0
24079456,212.0
24089920,157.0
24093600,206.0
24094912,115.0
24110656,87.0
24118080,206.0
24118496,128.0
24120896,96.0
24122848,401.0
24126656,182.0
24139648,234.0
24139648,88.0
24143168,113.0
24158528,152.0
24160416,179.0
24164192,174.0
24165440,186.0
24170080,247.0
24175840,223.0
24175904,193.0
24178592,159.0
24186176,150.0
24186496,135.0
24189792,185.0
24197760,100.0
24198688,184.0
24200896,178.0
24202976,198.0
24208544,233.0
24208800,161.0
24213056,155.0
24215040,161.0
24215904,348.0
24218880,183.0
24223008,163.0
24225216,197.0
24229184,118.0
24234592,107.0
24245152,240.0
24245344,179.0
24247200,77.0
24248512,240.0
24254336,127.0
24258976,170.0
24262912,167.0
24263040,128.0
24263072,177.0
24265152,84.0
24265760,227.0
24266048,113.0
24269312,110.0
24271872,103.0
24271968,194.0
24275040,178.0
24277824,154.0
24287808,198.0
24294336,158.0
24296832,192.0
24297248,185.0
24303456,145.0
24312512,168.0
24322304,180.0
24322976,127.0
24325568,191.0
24339232,372.0
24339808,105.0
24342976,189.0
24349504,251.0
24368480,83.0
24371040,79.0
24384832,109.0
24388704,255.0
24399744,197.0
24405760,156.0
24407424,155.0
24409088,138.0
24409184,265.0
24414112,104.0
24415520,261.0
24426144,461.0
24432480,172.0
24432768,65.0
24433120,115.0
24435936,211.0
24440512,185.0
24448992,177.0
24455936,214.0
24456448,98.0
24459136,163.0
24462432,167.0
24480288,96.0
24483264,186.0
24483680,233.0
24484800,83.0
24489248,90.0
24489568,210.0
24492224,82.0
24503520,121.0
24508416,236.0
24512096,202.0
24512256,159.0
24514496,318.0
24516384,266.0
24518560,178.0
24523296,179.0
24523520,150.0
24526304,122.0
24534176,99.0
24538944,104.0
24542944,262.0
24547680,105.0
24547744,90.0
24552320,306.0
24553024,171.0
24561888,402.0
24563744,180.0
24564096,160.0
24569952,111.0
24575808,126.0
24583616,94.0
24586144,161.0
24588096,183.0
24610592,88.0
24611104,219.0
24617536,183.0
24618656,221.0
24621184,211.0
24626048,122.0
24636224,141.0
24645856,323.0
24648128,256.0
24655104,253.0
24668768,123.0
24681920,500.0
24683456,200.0
24685344,137.0
24690304,115.0
24694720,104.0
24698432,84.0
24700480,162.0
24707296,147.0
24708544,226.0
24711136,205.0
24713792,119.0
24714944,151.0
24717696,203.0
24723232,174.0
24724832,174.0
24728256,79.0
24729824,148.0
24730656,221.0
24731200,160.0
24731520,145.0
24746592,155.0
24747136,136.0
24748544,163.0
24749312,194.0
24750784,175.0
24753280,121.0
24755936,213.0
24757856,130.0
24764352,76.0
24766304,111.0
24780608,171.0
24780736,196.0
24794112,70.0
24794816,174.0
24796000,91.0
24799328,103.0
24801056,319.0
24801280,154.0
24803552,198.0
24805344,100.0
24814752,117.0
24824160,99.0
24825536,201.0
24828032,184.0
24835264,147.0
24842016,182.0
24850016,81.0
24858720,94.0
24861568,90.0
24865568,190.0
24868576,276.0
24870368,192.0
24876320,226.0
24879904,154.0
24884224,101.0
24885216,105.0
24888736,192.0
24893920,193.0
24897024,152.0
24908640,193.0
24909440,146.0
24920640,87.0
24921152,199.0
24923328,362.0
24925312,263.0
24928672,172.0
24933920,268.0
24952960,344.0
24968128,85.0
24969152,175.0
24969888,164.0
24974624,189.0
24977152,188.0
24978912,179.0
24983424,288.0
24985344,500.0
24990112,129.0
24990432,168.0
25005504,108.0
25013920,95.0
25020576,89.0
25027840,126.0
25031968,336.0
25032000,316.0
25035136,199.0
25048864,114.0
25054496,187.0
25056032,97.0
25060736,184.0
25062496,199.0
25067872,128.0
25072480,102.0
25074144,130.0
25074528,205.0
25076992,271.0
25078560,87.0
25079936,279.0
25084160,164.0
25085280,125.0
25086336,206.0
25089056,194.0
25093312,204.0
25100640,135.0
25104832,162.0
25105344,115.0
25109344,140.0
25112192,219.0
25112672,186.0
25116064,437.0
25129760,164.0
25131264,210.0
25140512,242.0
25148000,241.0
25161728,195.0
25165152,177.0
25165792,199.0
25172192,214.0
25174336,178.0
25175264,108.0
25176704,104.0
25176832,200.0
25186272,149.0
25192992,85.0
25195776,143.0
25199392,198.0
25204096,212.0
25216768,179.0
25218400,200.0
25218976,236.0
25222368,169.0
25223552,129.0
25223968,205.0
25229568,167.0
25233088,225.0
25246848,83.0
25254176,296.0
25265600,176.0
25277760,97.0
25282496,89.0
25287136,290.0
25300288,196.0
25303136,122.0
25306336,220.0
25308064,251.0
25323104,196.0
25323200,112.0
25324256,67.0
25327552,219.0
25329504,167.0
25332448,202.0
25340608,216.0
25345984,211.0
25347072,168.0
25347136,192.0
25348736,174.0
25356768,302.0
25357344,152.0
25359776,333.0
25365056,164.0
25366560,176.0
25370816,365.0
25372224,157.0
25372800,111.0
25373472,186.0
25374048,213.0
25374560,168.0
25379744,248.0
25382912,175.0
25387840,205.0
25392928,87.0
25398432,171.0
25401216,281.0
25407040,145.0
25433728,154.0
25440320,167.0
25441792,150.0
25441952,162.0
25446336,152.0
25447520,199.0
25448032,381.0
25448672,209.0
25452768,127.0
25460864,182.0
25465216,144.0
25480000,238.0
25481920,151.0
25484576,109.0
25487776,210.0
25491136,184.0
25493376,307.0
25496160,184.0
25496320,100.0
25500032,286.0
25511904,87.0
25518880,161.0
25520640,191.0
25527072,237.0
25529472,132.0
25534144,79.0
25535392,149.0
25541504,79.0
25545216,179.0
25548576,86.0
25552256,417.0
25565312,195.0
25567744,205.0
25571488,122.0
25577792,82.0
25578880,105.0
25579296,194.0
25579392,401.0
25580032,84.0
25582464,190.0
25583776,185.0
25583904,200.0
25586016,199.0
25595040,182.0
25609792,77.0
25614528,500.0
25616512,78.0
25616736,363.0
25618464,131.0
25627296,105.0
25634624,183.0
25637920,166.0
25639360,191.0
25639552,214.0
25643872,158.0
25648416,314.0
25658560,194.0
25663168,122.0
25669056,125.0
25676288,162.0
25677536,211.0
25685024,120.0
25685440,184.0
25687424,185.0
25687712,83.0
25698560,158.0
25699008,76.0
25700256,192.0
25705408,110.0
25707104,152.0
25708000,179.0
25711776,154.0
25716320,221.0
25718752,191.0
25724480,166.0
25728448,177.0
25730944,201.0
25738912,99.0
25750944,207.0
25756480,161.0
25762048,197.0
25764640,159.0
25765024,272.0
25769568,171.0
25769984,240.0
25778016,178.0
25790080,194.0
25791040,106.0
25794624,174.0
25802720,229.0
25803328,181.0
25806112,197.0
25810240,122.0
25813152,169.0
25834848,159.0
25836160,159.0
25836704,167.0
25840384,85.0
25840768,80.0
25841600,169.0
25848448,202.0
25854176,203.0
25857728,171.0
25859232,214.0
25861312,96.0
25863968,100.0
25870624,490.0
25872128,76.0
25873760,149.0
25874656,245.0
25882304,97.0
25882880,180.0
25884704,132.0
25888960,199.0
25889664,172.0
25895840,95.0
25896096,201.0
25900512,215.0
25900544,210.0
25901664,94.0
25907680,153.0
25920064,210.0
25933760,281.0
25940768,179.0
25946176,76.0
25951104,101.0
25953888,225.0
25963424,131.0
25965280,192.0
25970432,107.0
25978496,130.0
25980256,240.0
25982560,84.0
25982848,132.0
25986688,278.0
25986880,187.0
25991456,163.0
25991744,188.0
26000992,295.0
26002368,107.0
26014752,223.0
26017248,268.0
26021152,154.0
26025504,429.0
26029120,188.0
26032288,131.0
26033952,96.0
26036800,93.0
26036896,188.0
26038336,212.0
26038848,76.0
26039008,176.0
26050112,186.0
26054208,145.0
26058784,181.0
26062496,119.0
26064416,144.0
26066400,53.0
26070624,140.0
26079392,217.0
26080256,174.0
26083168,152.0
26087232,166.0
26088480,89.0
26089792,109.0
26091648,169.0
26092192,82.0
26093312,239.0
26112608,114.0
26119936,114.0
26125088,489.0
26127744,178.0
26128032,98.0
26129184,254.0
26135488,90.0
26139328,72.0
26142304,91.0
26153504,137.0
26154944,89.0
26157376,354.0
26158944,167.0
26163264,188.0
26171136,156.0
26179776,158.0
26180864,219.0
26191744,349.0
26205216,151.0
26210656,170.0
26212608,211.0
26213088,258.0
26215424,94.0
26216864,251.0
26217568,66.0
26220416,219.0
26223392,113.0
26229632,111.0
26231936,261.0
26234016,96.0
26241952,95.0
26249728,90.0
26249952,304.0
26250720,277.0
26258880,103.0
26266560,186.0
26273088,93.0
26274816,115.0
26280576,88.0
26306496,273.0
26327040,188.0
26327552,282.0
26329888,80.0
26337952,169.0
26342176,187.0
26346080,134.0
26350144,109.0
26352000,167.0
26355648,164.0
26355808,170.0
26360512,98.0
26364256,93.0
26365824,252.0
26368000,196.0
26379360,145.0
26391712,130.0
26392896,164.0
26400992,110.0
26402176,172.0
26404576,258.0
26421184,181.0
26428416,110.0
26430656,173.0
26441504,102.0
26442656,289.0
26447872,196.0
26460384,200.0
26464736,121.0
26477184,167.0
26480320,500.0
26484256,500.0
26485664,153.0
26487776,93.0
26488832,177.0
26491040,125.0
26493216,209.0
26516672,123.0
26517152,243.0
26534560,135.0
26536672,170.0
26539520,179.0
26540256,190.0
26541504,500.0
26546784,226.0
26551744,93.0
26552320,90.0
26560832,186.0
26566880,78.0
26568896,93.0
26574144,191.0
26576928,149.0
26581376,182.0
26583008,140.0
26586784,129.0
26589376,74.0
26592672,184.0
26600800,101.0
26604704,186.0
26607136,163.0
26609600,178.0
26625888,123.0
26628352,166.0
26632608,92.0
26640672,160.0
26644224,212.0
26645728,202.0
26655104,291.0
26655680,123.0
26665408,186.0
26668832,177.0
26676256,84.0
26680192,173.0
26688192,100.0
26689056,216.0
26693408,166.0
26695360,500.0
26699456,229.0
26705184,166.0
26707040,194.0
26715872,146.0
26717920,252.0
26718272,500.0
26723136,130.0
26723968,206.0
26732352,170.0
26743840,186.0
26745344,107.0
26747392,313.0
26752288,102.0
26756480,222.0
26760864,263.0
26766208,205.0
26773280,232.0
26782272,157.0
26783776,147.0
26784288,196.0
26787712,93.0
26789568,107.0
26790656,198.0
26792768,166.0
26792960,163.0
26793600,213.0
26805184,290.0
26807232,198.0
26808640,316.0
26817504,203.0
26825216,134.0
26825312,176.0
26828128,85.0
26837632,113.0
26858368,82.0
26860672,147.0
26882368,221.0
26883136,184.0
26886016,79.0
26886944,191.0
26893856,115.0
26898144,86.0
26899104,153.0
26903360,99.0
26908768,225.0
26908928,221.0
26913568,172.0
26914624,122.0
26926496,104.0
26931040,165.0
26933824,250.0
26951008,293.0
26953728,171.0
26965024,243.0
26975808,112.0
26978272,91.0
26980192,128.0
26980672,151.0
26981856,185.0
26986272,144.0
26987936,79.0
26994176,146.0
26995680,72.0
26995712,179.0
27000480,89.0
27007264,141.0
27008832,183.0
27015680,185.0
27022400,300.0
27025856,185.0
27027328,174.0
27038336,181.0
27041664,160.0
27048672,133.0
27054656,283.0
27056288,188.0
27057664,154.0
27058752,163.0
27060736,135.0
27067776,90.0
27068320,173.0
27074688,68.0
27075328,138.0
27084224,76.0
27093792,161.0
27098944,249.0
27101344,163.0
27103232,227.0
27108000,168.0
27113568,98.0
27118624,184.0
27125984,175.0
27129760,162.0
27134688,126.0
27138080,196.0
27138880,179.0
27139744,195.0
27144608,265.0
27144896,251.0
27145088,223.0
27152128,190.0
27163328,90.0
27163968,84.0
27164384,194.0
27165088,101.0
27165920,116.0
27173120,142.0
27173664,202.0
27174976,156.0
27175776,152.0
27180672,152.0
27180896,101.0
27183296,182.0
27189888,131.0
27190272,432.0
27192768,176.0
27193856,167.0
27194560,351.0
27197408,214.0
27203744,74.0
27208576,91.0
27215616,197.0
27216544,160.0
27217248,179.0
27219104,217.0
27224992,75.0
27226240,76.0
27227200,68.0
27228256,267.0
27231168,126.0
27232224,107.0
27245536,68.0
27246400,67.0
27251872,223.0
27262304,338.0
27262432,500.0
27269024,138.0
27272288,188.0
27273024,152.0
27276224,191.0
27278560,233.0
27281632,179.0
27282656,137.0
27284000,172.0
27287008,197.0
27290656,146.0
27301696,315.0
27305664,500.0
27316064,171.0
27321664,194.0
27322560,196.0
27325600,87.0
27328096,99.0
27329056,153.0
27336160,135.0
27341184,151.0
27349792,91.0
27351520,148.0
27356384,192.0
27362528,100.0
27364800,211.0
27366272,191.0
27368640,84.0
27370816,147.0
27373376,166.0
27374656,187.0
27380800,87.0
27391104,213.0
27392224,155.0
27399680,146.0
27400416,83.0
27400672,86.0
27401664,263.0
27402464,63.0
27406944,301.0
27407424,154.0
27407552,205.0
27408352,250.0
27409376,157.0
27419904,159.0
27424608,73.0
27426432,93.0
27429792,183.0
27440672,112.0
27444064,208.0
27444192,193.0
27445824,100.0
27448128,255.0
27457792,71.0
27458400,168.0
27465824,183.0
27466752,139.0
27470560,178.0
27475840,196.0
27479104,217.0
27481600,179.0
27484000,182.0
27487424,338.0
27487968,81.0
27490784,104.0
27497120,185.0
27502240,215.0
27504864,190.0
27504960,224.0
27510880,188.0
27512192,236.0
27518048,117.0
27520768,130.0
27521088,204.0
27521280,91.0
27521600,175.0
27524576,212.0
27527296,137.0
27528768,189.0
27531456,362.0
27532640,99.0
27538656,187.0
27539488,260.0
27539520,153.0
27540960,184.0
27542304,86.0
27544640,143.0
27560768,188.0
27562784,71.0
27565888,202.0
27567456,169.0
27576000,99.0
27577632,265.0
27578624,172.0
27579008,100.0
27580736,96.0
27600608,108.0
27604384,160.0
27606080,210.0
27614208,203.0
27614464,165.0
27621696,96.0
27625440,182.0
27626656,251.0
27630336,104.0
27635648,175.0
27636736,178.0
27636800,144.0
27637184,75.0
27637376,108.0
27641440,154.0
27648640,158.0
27649952,223.0
27650240,231.0
27651968,95.0
27659008,188.0
27673568,84.0
27675072,167.0
27676960,500.0
27680576,373.0
27680864,227.0
27684096,171.0
27690176,243.0
27691488,184.0
27694336,500.0
27696576,78.0
27700736,83.0
27703904,86.0
27704320,183.0
27704512,176.0
27706912,162.0
27710400,120.0
27712256,94.0
27718400,199.0
27720224,90.0
27723392,174.0
27737952,243.0
27744576,127.0
27751136,191.0
27755744,219.0
27771200,179.0
27772800,78.0
27781184,209.0
27793120,222.0
27801792,143.0
27807648,175.0
27810816,172.0
27816736,207.0
27817376,179.0
27820544,142.0
27825984,227.0
27826880,114.0
27827936,217.0
27829152,161.0
27834272,175.0
27839328,106.0
27841152,138.0
27852768,183.0
27854880,88.0
27866464,360.0
27868256,150.0
27870336,211.0
27871008,163.0
27883744,105.0
27898240,171.0
27901568,192.0
27903456,155.0
27920896,189.0
27932896,78.0
27935392,97.0
27935520,235.0
27940096,196.0
27943008,237.0
27946080,180.0
27951904,193.0
27957408,192.0
27962016,500.0
27965344,171.0
27971904,204.0
27984928,169.0
27985664,180.0
27993408,195.0
27993888,99.0
28001024,231.0
28002528,500.0
28007040,141.0
28012448,80.0
28015584,134.0
28017280,399.0
28017344,217.0
28023456,102.0
28033408,138.0
28040448,141.0
28049568,110.0
28052320,176.0
28065888,219.0
28066176,192.0
28067712,301.0
28072800,114.0
28095168,144.0
28097984,77.0
28100384,194.0
28103584,190.0
28106912,273.0
28128544,290.0
28138848,97.0
28139456,74.0
28139968,121.0
28140192,270.0
28148416,191.0
28152064,83.0
28152896,201.0
28155488,157.0
28159232,72.0
28165312,114.0
28178528,145.0
28185152,150.0
28185440,500.0
28190144,89.0
28192000,108.0
28193088,190.0
28196480,173.0
28198880,177.0
28199872,148.0
28202912,195.0
28204032,278.0
28218688,136.0
28219328,172.0
28242240,202.0
28243264,90.0
28246528,121.0
28254720,291.0
28258272,289.0
28260160,194.0
28261440,171.0
28267808,146.0
28269536,80.0
28273376,142.0
28278048,142.0
28279264,168.0
28281856,80.0
28288672,221.0
28290496,216.0
28297024,95.0
28299040,109.0
28299648,227.0
28307488,179.0
28309440,168.0
28314272,161.0
28319104,151.0
28319776,85.0
28324448,121.0
28326656,187.0
28331872,82.0
28333760,149.0
28338592,95.0
28340480,230.0
28341472,91.0
28342080,108.0
28344128,196.0
28344736,239.0
28352000,97.0
28356768,207.0
28356992,234.0
28359584,86.0
28363552,184.0
28367424,162.0
28375136,126.0
28383072,197.0
28384288,280.0
28386464,198.0
28396480,176.0
28397440,88.0
28403264,70.0
28404896,143.0
28410720,343.0
28412384,73.0
28415776,190.0
28418080,85.0
28421600,77.0
28422560,151.0
28437504,134.0
28445024,207.0
28452672,99.0
28456032,253.0
28462400,219.0
28465440,212.0
28469952,85.0
28472160,223.0
28476032,320.0
28481056,201.0
28485184,92.0
28494240,204.0
28496768,172.0
28497312,115.0
28501824,196.0
28505216,235.0
28505280,274.0
28505824,167.0
28506144,85.0
28507712,162.0
28513568,172.0
28516672,307.0
28517408,99.0
28517792,200.0
28522176,177.0
28528256,214.0
28529536,194.0
28535936,127.0
28536640,226.0
28542528,109.0
28543744,289.0
28549536,73.0
28555808,78.0
28557632,91.0
28561504,85.0
28561632,159.0
28568416,167.0
28573952,172.0
28577632,97.0
28581152,154.0
28585184,146.0
28587392,241.0
28592736,424.0
28593472,201.0
28595872,158.0
28597568,250.0
28603584,187.0
28608544,106.0
28618368,182.0
28618592,129.0
28619872,129.0
28625184,187.0
28630208,110.0
28643136,173.0
28645184,188.0
28647584,88.0
28648768,147.0
28649440,231.0
28650592,168.0
28668576,128.0
28668832,155.0
28672672,161.0
28675008,148.0
28681728,209.0
28682880,204.0
28694752,216.0
28694944,87.0
28699712,90.0
28702368,268.0
28711392,209.0
28713984,230.0
28716736,100.0
28724896,228.0
28731616,171.0
28734432,219.0
28735424,260.0
28743168,120.0
28753344,178.0
28753632,152.0
28757568,163.0
28766176,237.0
28776768,196.0
28779680,150.0
28782304,162.0
28783808,145.0
28786496,99.0
28788544,168.0
28796448,109.0
28801920,174.0
28802176,178.0
28802496,104.0
28805632,147.0
28808032,194.0
28810688,150.0
28814720,319.0
28814816,205.0
28821088,205.0
28823008,59.0
28827168,128.0
28830816,231.0
28832416,226.0
28832480,165.0
28832480,165.0
28840736,164.0
28846016,196.0
28849632,100.0
28859168,130.0
28860448,167.0
28866336,100.0
28867296,127.0
28877376,226.0
28888512,216.0
28889888,310.0
28901824,199.0
28906272,186.0
28913568,221.0
28920960,252.0
28925248,206.0
28928224,180.0
28933792,159.0
28940800,129.0
28942656,205.0
28946016,85.0
28947520,249.0
28954016,412.0
28958816,165.0
28968064,129.0
28969344,208.0
28981120,260.0
28990432,72.0
28990880,500.0
28992640,219.0
28994048,86.0
29001536,150.0
29001952,84.0
29005152,201.0
29009952,112.0
29015648,141.0
29017760,173.0
29022400,145.0
29029120,94.0
29030528,332.0
29048096,190.0
29049664,176.0
29051232,169.0
29054112,193.0
29060032,142.0
29060416,164.0
29061408,217.0
29063232,151.0
29075264,165.0
29076992,190.0
29077504,87.0
29084256,500.0
29086336,250.0
29088064,78.0
29088992,218.0
29090208,215.0
29090880,163.0
29096160,195.0
29097088,221.0
29102656,276.0
29109600,147.0
29111616,192.0
29112352,325.0
29114816,162.0
29115936,161.0
29120384,230.0
29124896,129.0
29127584,169.0
29144352,189.0
29145536,160.0
29155008,139.0
29156864,168.0
29167008,130.0
29189504,78.0
29192448,131.0
29202720,111.0
29202848,189.0
29216832,163.0
29219712,96.0
29221152,189.0
29221760,193.0
29223072,217.0
29226336,141.0
29228064,213.0
29241088,201.0
29243904,156.0
29245376,137.0
29248736,86.0
29250496,353.0
29254880,201.0
29263936,94.0
29268544,111.0
29277472,203.0
29278688,185.0
29284128,282.0
29287168,235.0
29291936,165.0
29297440,320.0
29303680,97.0
29306784,173.0
29307648,190.0
29309760,379.0
29310624,254.0
29314816,233.0
29324416,413.0
29325600,192.0
29326432,272.0
29330112,196.0
29341952,300.0
29343744,170.0
29345536,148.0
29348128,84.0
29352096,100.0
29354752,221.0
29360896,179.0
29373440,184.0
29374912,195.0
29376640,172.0
29381056,111.0
29388960,68.0
29395936,217.0
29401760,102.0
29404000,154.0
29406976,162.0
29411936,93.0
29414240,165.0
29415232,106.0
29415712,204.0
29419360,172.0
29419552,83.0
29420384,67.0
29431232,162.0
29431264,158.0
29431392,187.0
29436704,188.0
29437056,156.0
29441984,156.0
29442432,103.0
29442560,183.0
29443712,281.0
29444384,209.0
29449600,199.0
29464928,194.0
29465600,193.0
29477952,201.0
29488352,379.0
29488576,216.0
29497408,168.0
29501536,180.0
29507136,154.0
29509856,166.0
29512672,216.0
29512992,208.0
29518528,150.0
29525792,114.0
29534240,200.0
29537344,441.0
29548416,200.0
29548640,196.0
29555552,168.0
29564032,252.0
29568864,162.0
29570432,159.0
29574976,185.0
29575648,204.0
29581344,164.0
29585376,160.0
29587616,202.0
29600448,227.0
29606016,114.0
29607776,87.0
29610528,239.0
29612672,85.0
29612928,222.0
29619680,176.0
29621824,199.0
29637120,140.0
29640832,174.0
29643776,91.0
29649056,93.0
29654976,184.0
29671136,145.0
29672256,226.0
29677344,80.0
29682400,192.0
29683648,194.0
29684256,158.0
29684704,192.0
29696096,142.0
29696416,175.0
29706656,161.0
29710016,176.0
29714624,135.0
29723872,153.0
29728704,175.0
29732384,180.0
29735104,163.0
29735360,116.0
29741696,169.0
29747680,182.0
29749856,172.0
29751616,142.0
29753120,183.0
29754752,84.0
29757120,102.0
29759552,75.0
29762272,142.0
29765408,76.0
29766592,112.0
29776288,87.0
29779136,99.0
29783552,106.0
29783744,188.0
29788768,229.0
29790592,196.0
29792064,258.0
29804704,88.0
29805248,264.0
29805760,193.0
29809792,98.0
29812960,183.0
29821504,136.0
29835968,162.0
29841696,90.0
29844832,174.0
29854752,179.0
29855072,79.0
29855264,82.0
29868416,127.0
29870016,84.0
29870144,155.0
29871456,85.0
29872512,115.0
29876736,123.0
29879552,385.0
29885120,123.0
29890240,221.0
29895520,99.0
29897088,207.0
29898112,91.0
29900832,153.0
29904768,173.0
29905856,148.0
29907424,81.0
29908128,177.0
29921024,184.0
29923360,414.0
29924672,81.0
29926400,106.0
29935392,110.0
29936352,119.0
29941504,278.0
29942816,153.0
29943552,184.0
29945376,363.0
29945792,80.0
29945824,410.0
29949376,163.0
29949952,89.0
29950208,162.0
29950656,452.0
29960864,148.0
29961728,205.0
29963680,190.0
29974432,128.0
29976352,254.0
29983808,234.0
29985952,500.0
29986016,198.0
29992992,118.0
29997600,146.0
29997696,255.0
30006688,431.0
30010304,170.0
30019936,147.0
30021696,109.0
30024992,179.0
30027968,97.0
30031072,264.0
30033152,184.0
30036800,199.0
30038336,88.0
30042240,187.0
30043616,164.0
30050976,86.0
30053280,158.0
30062240,162.0
30063136,148.0
30065120,197.0
30070048,84.0
30070720,100.0
30073792,180.0
30074560,188.0
30075072,179.0
30085376,191.0
30087552,219.0
30089696,235.0
30096352,164.0
30104064,161.0
30111136,175.0
30113024,158.0
30129024,340.0
30136032,381.0
30144192,185.0
30146272,238.0
30148448,183.0
30150272,156.0
30162144,101.0
30162944,132.0
30163296,177.0
30164768,223.0
30168704,129.0
30171904,168.0
30172320,94.0
30176768,147.0
30178656,218.0
30183104,197.0
30183392,137.0
30186464,121.0
30188032,137.0
30190880,88.0
30197248,88.0
30205888,285.0
30216032,80.0
30219008,200.0
30223520,92.0
30225472,74.0
30227168,237.0
30230016,112.0
30234656,162.0
30239776,135.0
30240032,163.0
30240384,189.0
30245888,154.0
30249216,137.0
30249824,248.0
30250336,155.0
30250496,159.0
30260800,261.0
30260928,133.0
30266272,125.0
30267552,199.0
30270368,222.0
30277440,114.0
30278912,202.0
30278912,198.0
30280032,127.0
30281056,178.0
30281376,176.0
30282464,156.0
30290336,153.0
30297696,124.0
30303296,189.0
30306688,162.0
30310144,156.0
30314272,147.0
30322208,426.0
30340480,291.0
30346944,371.0
30350400,173.0
30352160,197.0
30353888,181.0
30357792,143.0
30370112,176.0
30371520,159.0
30372480,270.0
30376576,225.0
30383168,86.0
30399520,127.0
30400480,211.0
30404800,181.0
30414272,80.0
30420000,179.0
30422560,156.0
30427904,103.0
30434976,248.0
30441600,192.0
30445056,73.0
30446880,158.0
30450944,291.0
30458624,83.0
30467072,208.0
30482080,101.0
30483328,110.0
30494240,220.0
30504544,225.0
30510016,191.0
30514304,183.0
30520384,212.0
30529184,137.0
30529280,277.0
30534976,169.0
30535776,202.0
30540032,137.0
30541184,126.0
30541344,118.0
30543456,198.0
30554048,76.0
30556960,84.0
30566816,201.0
30567424,248.0
30581440,165.0
30582208,199.0
30583168,133.0
30587392,154.0
30587904,172.0
30588000,162.0
30589440,211.0
30597952,112.0
30598400,202.0
30607840,144.0
30610624,192.0
30613632,117.0
30613888,186.0
30615200,228.0
30620000,213.0
30628896,123.0
30632832,228.0
30633984,255.0
30638400,165.0
30639040,152.0
30639872,98.0
30643264,87.0
30643776,159.0
30654656,184.0
30655488,184.0
30655808,197.0
30661920,209.0
30664128,174.0
30667168,212.0
30668032,188.0
30671392,85.0
30672768,158.0
30701824,161.0
30704384,179.0
30712768,164.0
30715392,181.0
30716224,204.0
30731328,414.0
30731936,389.0
30735136,195.0
30735328,211.0
30742208,352.0
30742464,190.0
30744512,181.0
30746496,195.0
30748672,202.0
30758720,276.0
30763616,117.0
30767232,174.0
30771296,170.0
30779168,89.0
30781536,255.0
30788512,176.0
30788832,211.0
30789184,197.0
30789184,125.0
30791264,416.0
30791520,205.0
30792032,180.0
30802112,92.0
30805920,231.0
30806080,190.0
30806528,174.0
30810432,196.0
30810656,108.0
30815488,179.0
30820128,211.0
30825920,222.0
30827392,110.0
30828544,86.0
30828928,184.0
30838368,108.0
30840672,87.0
30850240,276.0
30858400,176.0
30864512,177.0
30865280,302.0
30869632,169.0
30873376,124.0
30877312,180.0
30882880,133.0
30887552,289.0
30889984,164.0
30894752,119.0
30899424,231.0
30909216,215.0
30912640,191.0
30922112,203.0
30927968,101.0
30943776,176.0
30955904,166.0
30958272,152.0
30967936,240.0
30972320,75.0
30975840,139.0
30979968,173.0
30986496,388.0
30995520,154.0
30999456,216.0
31001376,500.0
31002336,213.0
31012736,173.0
31016160,189.0
31027136,193.0
31058944,239.0
31061440,284.0
31063008,93.0
31073728,209.0
31077248,274.0
31078656,183.0
31079840,202.0
31084800,207.0
31086336,187.0
31087904,216.0
31088576,84.0
31089312,174.0
31089888,198.0
31092384,136.0
31100192,187.0
31108448,354.0
31109632,186.0
31113120,200.0
31116192,414.0
31116640,188.0
31120224,170.0
31126720,158.0
31130112,267.0
31136800,80.0
31162624,349.0
31168896,79.0
31182240,108.0
31184896,150.0
31187168,150.0
31190976,172.0
31192064,188.0
31199232,172.0
31201312,148.0
31207488,141.0
31220352,198.0
31221888,141.0
31228224,334.0
31231264,189.0
31232160,70.0
31234496,193.0
31242720,169.0
31243808,80.0
31245696,192.0
31256960,160.0
31265696,190.0
31267520,181.0
31268672,147.0
31283136,172.0
31303488,187.0
31306816,195.0
31310720,176.0
31313888,141.0
31319328,361.0
31324704,204.0
31331424,179.0
31333024,89.0
31335360,92.0
31336864,397.0
31347744,140.0
31355616,314.0
31355936,252.0
31358400,133.0
31368416,187.0
31372672,200.0
31375712,180.0
31376128,81.0
31378304,251.0
31389344,239.0
31389824,214.0
31390880,276.0
31392512,184.0
31397344,182.0
31397568,170.0
31401760,234.0
31402208,184.0
31405024,87.0
31408672,173.0
31411904,164.0
31413280,158.0
31419072,176.0
31427488,200.0
31430720,81.0
31435776,152.0
31442944,197.0
31444960,176.0
31453984,178.0
31457760,431.0
31461376,183.0
31461440,115.0
31466688,80.0
31474976,205.0
31477568,220.0
31489472,124.0
31513888,223.0
31516032,164.0
31527360,149.0
31545152,91.0
31546336,95.0
31555168,172.0
31558048,173.0
31566720,79.0
31569152,415.0
31569312,173.0
31569888,90.0
31573280,229.0
31579392,166.0
31582144,192.0
31582208,254.0
31583072,148.0
31588224,190.0
31593312,141.0
31603104,189.0
31605664,79.0
31606944,160.0
31610432,295.0
31619232,185.0
31619840,248.0
31623136,165.0
31623328,180.0
31624096,263.0
31632352,76.0
31639136,140.0
31640192,247.0
31643680,197.0
31650208,160.0
31656352,247.0
31659296,157.0
31671072,193.0
31674400,204.0
31693504,216.0
31699360,145.0
31701664,111.0
31708512,152.0
31718208,79.0
31719136,166.0
31728448,195.0
31730432,80.0
31735040,156.0
31741344,196.0
31754784,248.0
31755776,201.0
31759840,178.0
31765088,169.0
31768672,407.0
31768992,120.0
31771392,185.0
31772992,166.0
31790784,108.0
31792064,128.0
31793856,165.0
31796800,104.0
31806720,304.0
31813184,194.0
31813600,108.0
31814432,165.0
31814624,78.0
31815968,98.0
31816800,101.0
31820576,375.0
31822976,314.0
31836928,305.0
31854848,137.0
31861824,79.0
31863392,126.0
31868864,98.0
31876384,104.0
31881696,86.0
31892704,184.0
31892832,180.0
31894080,169.0
31901344,193.0
31910368,116.0
31911680,209.0
31914624,155.0
31916800,184.0
31919712,154.0
31921792,192.0
31922304,156.0
31923136,138.0
31929248,91.0
31933376,140.0
31938560,182.0
31945568,97.0
31948064,175.0
31950848,197.0
31960800,196.0
31978496,245.0
31980896,143.0
31987040,211.0
31991744,257.0
31996576,196.0
31998208,169.0
32001344,157.0
32002816,188.0
32011392,100.0
32012128,184.0
32016736,208.0
32017056,149.0
32018944,178.0
32019616,139.0
32020928,170.0
32026112,136.0
32029984,163.0
32031968,98.0
32037824,231.0
32060576,173.0
32061696,182.0
32074016,133.0
32075552,176.0
32080960,176.0
32083520,210.0
32086912,366.0
32091040,221.0
32092448,110.0
32095104,322.0
32095520,197.0
32097472,179.0
32097728,157.0
32104416,166.0
32106368,160.0
32109760,174.0
32113504,135.0
32113792,152.0
32117280,329.0
32118528,67.0
32121792,333.0
32131072,80.0
32131584,197.0
32138208,212.0
32144448,115.0
32155296,95.0
32157472,195.0
32159392,142.0
32162848,260.0
32163904,195.0
32175904,196.0
32179744,146.0
32181792,142.0
32189344,132.0
32189440,173.0
32191584,109.0
32195712,175.0
32196640,181.0
32204608,209.0
32205536,152.0
32205664,166.0
32211008,199.0
32216128,183.0
32221440,165.0
32224544,126.0
32225888,187.0
32226112,162.0
32226336,184.0
32228800,142.0
32229120,170.0
32230112,158.0
32232192,149.0
32235072,422.0
32236448,170.0
32239328,261.0
32239584,208.0
32243488,213.0
32245568,157.0
32246752,500.0
32247648,168.0
32254976,208.0
32255648,135.0
32261376,138.0
32269248,164.0
32271936,461.0
32275072,82.0
32294496,152.0
32296800,190.0
32300704,240.0
32302016,121.0
32312256,167.0
32314048,267.0
32319264,106.0
32325824,105.0
32346848,184.0
32351584,294.0
32351616,88.0
32354592,92.0
32357088,183.0
32360576,107.0
32362368,93.0
32364608,89.0
32365760,175.0
32368768,152.0
32384288,192.0
32389504,146.0
32390496,128.0
32391744,160.0
32395520,169.0
32396416,183.0
32399008,161.0
32399936,218.0
32405696,116.0
32408512,179.0
32408992,85.0
32416064,196.0
32417216,199.0
32420672,211.0
32427040,160.0
32429184,102.0
32429824,160.0
32451168,141.0
32453760,176.0
32461856,90.0
32468960,136.0
32472000,166.0
32473984,80.0
32483456,500.0
32488608,167.0
32489408,270.0
32495104,337.0
32495936,187.0
32496448,89.0
32502528,166.0
32515520,155.0
32517152,99.0
32528832,152.0
32532416,197.0
32534496,118.0
32538496,83.0
32539680,213.0
32546976,161.0
32547264,83.0
32547680,100.0
32549280,168.0
32555360,189.0
32561248,298.0
32567296,220.0
32574880,155.0
32581280,105.0
32590304,113.0
32592352,214.0
32598752,194.0
32602080,239.0
32602880,112.0
32603552,154.0
32607296,109.0
32614976,75.0
32622368,172.0
32625056,105.0
32628736,160.0
32629440,263.0
32633728,171.0
32635936,136.0
32638048,187.0
32638816,122.0
32640288,182.0
32642944,184.0
32649792,177.0
32652864,163.0
32657216,170.0
32662336,84.0
32665824,108.0
32667552,142.0
32672096,144.0
32674496,86.0
32678720,176.0
32683808,201.0
32684800,178.0
32688512,99.0
32696064,358.0
32699616,97.0
32701856,153.0
32701952,183.0
32703008,186.0
32710080,142.0
32714464,135.0
32724640,97.0
32731456,196.0
32739456,163.0
32742144,254.0
32748000,106.0
32751424,176.0
32752576,195.0
32754560,126.0
32763488,148.0
32765344,177.0
32766112,76.0
32766848,194.0
32771904,164.0
32773888,77.0
32777312,186.0
32785024,143.0
32785824,243.0
32788096,147.0
32792160,179.0
32794752,140.0
32798560,122.0
32803072,115.0
32816640,294.0
32817632,232.0
32823136,162.0
32828864,108.0
32829696,131.0
32834784,84.0
32840192,170.0
32843776,197.0
32863232,200.0
32874432,166.0
32881536,139.0
32884960,214.0
32901952,163.0
32910048,94.0
32911072,94.0
32916256,143.0
32920576,166.0
32921568,135.0
32922272,260.0
32925568,162.0
32934144,83.0
32941056,235.0
32944192,155.0
32946336,118.0
32959648,385.0
32963040,137.0
32970016,186.0
32974624,187.0
32977472,106.0
32982144,192.0
32983328,176.0
32988864,137.0
32990688,181.0
32995008,157.0
32997344,207.0
33000608,269.0
33005152,204.0
33016256,197.0
33026752,199.0
33027392,174.0
33028512,213.0
33030720,84.0
33034432,143.0
33055360,260.0
33056576,82.0
33058432,411.0
33061920,157.0
33066976,124.0
33072224,156.0
33073312,157.0
33074432,83.0
33086784,174.0
33090272,143.0
33092256,91.0
33093920,252.0
33093984,129.0
33097280,224.0
33102240,171.0
33103200,281.0
33105344,163.0
33106208,174.0
33107424,166.0
33110752,175.0
33113472,253.0
33114368,168.0
33120704,180.0
33120768,154.0
33121856,261.0
33124128,187.0
33124352,172.0
33125568,161.0
33125952,203.0
33126336,220.0
33128800,203.0
33130784,146.0
33130976,227.0
33136448,75.0
33141248,194.0
33144960,142.0
33145568,152.0
33146944,203.0
33150944,192.0
33156384,116.0
33169056,234.0
33169152,177.0
33169440,181.0
33172192,154.0
33176768,168.0
33178912,338.0
33179168,181.0
33183712,224.0
33185792,204.0
33186784,268.0
33187648,211.0
33189632,86.0
33195584,274.0
33196672,112.0
33197056,147.0
33199904,201.0
33210048,161.0
33211168,145.0
33214944,160.0
33218528,76.0
33221472,163.0
33227520,164.0
33229408,224.0
33230752,92.0
33232128,160.0
33232864,132.0
33239904,79.0
33249600,500.0
33250048,282.0
33253312,157.0
33265344,209.0
33266144,227.0
33274016,127.0
33277824,106.0
33282624,199.0
33289824,203.0
33289920,117.0
33290624,86.0
33294944,174.0
33307904,164.0
33310464,139.0
33310496,106.0
33316416,126.0
33319296,104.0
33320896,84.0
33326400,137.0
33327104,153.0
33329088,128.0
33331104,187.0
33336192,170.0
33345280,283.0
33347872,182.0
33352800,169.0
33353632,320.0
33359296,221.0
33359520,181.0
33360736,312.0
33364704,168.0
33367648,145.0
33370112,168.0
33373088,187.0
33375008,361.0
33376320,432.0
33378272,138.0
33381600,85.0
33384192,80.0
33387296,245.0
33389984,175.0
33400416,93.0
33403968,111.0
33405600,220.0
33410272,179.0
33410816,210.0
33412960,169.0
33416896,82.0
33419296,89.0
33420736,91.0
33424160,84.0
33440384,204.0
33449024,92.0
33459392,190.0
33466848,191.0
33474912,158.0
33476480,420.0
33479616,172.0
33483232,186.0
33494112,144.0
33495968,192.0
33500480,131.0
33511072,202.0
33518432,178.0
33525760,80.0
33531840,204.0
33537216,193.0
33543296,138.0
33548928,85.0
33553696,82.0
33560128,215.0
33560352,171.0
33565088,139.0
33579104,179.0
33579360,159.0
33582016,218.0
33584224,215.0
33584448,143.0
33590560,99.0
33592000,194.0
33594112,222.0
33596576,351.0
33598272,195.0
33611136,216.0
33618528,162.0
33620128,75.0
33622912,220.0
33636864,172.0
33637408,162.0
33640320,199.0
33643872,90.0
33644384,106.0
33649952,158.0
33662528,156.0
33664384,184.0
33686752,368.0
33690464,116.0
33690592,170.0
33692640,259.0
33693312,96.0
33718720,183.0
33719488,258.0
33727232,129.0
33727392,359.0
33728288,296.0
33735040,176.0
33736096,200.0
33740128,388.0
33744672,99.0
33745952,237.0
33760256,162.0
33768064,114.0
33774752,108.0
33777344,170.0
33781216,130.0
33781984,136.0
33782400,148.0
33801728,103.0
33802144,223.0
33803744,103.0
33805024,213.0
33805824,152.0
33807520,94.0
33814304,203.0
33814720,177.0
33816768,167.0
33818624,236.0
33819360,137.0
33825440,188.0
33831872,149.0
33832960,184.0
33840416,205.0
33840480,201.0
33841088,157.0
33845568,177.0
33845728,310.0
33847168,203.0
33847648,194.0
33849312,110.0
33849728,326.0
33852384,88.0
33853856,193.0
33859392,82.0
33860768,374.0
33861120,69.0
33866368,78.0
33870784,224.0
33875936,205.0
33880256,238.0
33882112,171.0
33890496,177.0
33891936,152.0
33895392,96.0
33906496,179.0
33909760,198.0
33911904,78.0
33914944,95.0
33917696,240.0
33919584,80.0
33923936,93.0
33925728,167.0
33927552,223.0
33930784,245.0
33932352,200.0
33933632,177.0
33942976,164.0
33944800,195.0
33952800,330.0
33955584,89.0
33963872,204.0
33975360,332.0
33977600,169.0
33978272,79.0
33989920,156.0
33993536,233.0
33995008,110.0
33998368,171.0
34004224,127.0
34006784,244.0
34008640,191.0
34008736,163.0
34010752,123.0
34021888,168.0
34023584,129.0
34033600,168.0
34048160,62.0
34052608,350.0
34056736,126.0
34062208,181.0
34062944,194.0
34063488,205.0
34068160,162.0
34068768,227.0
34078048,142.0
34080960,90.0
34092928,144.0
34102208,137.0
34103552,278.0
34111680,163.0
34116288,143.0
34118784,186.0
34126336,80.0
34137440,219.0
34147264,80.0
34150592,181.0
34151424,143.0
34152128,185.0
34159520,208.0
34163424,235.0
34166048,105.0
34167488,171.0
34170336,215.0
34170368,281.0
34191104,115.0
34204416,125.0
34207392,176.0
34222880,245.0
34224160,179.0
34229440,223.0
34237632,62.0
34242784,85.0
34256992,74.0
34259168,159.0
34263552,162.0
34273568,220.0
34275808,182.0
34281376,232.0
34285856,137.0
34287040,167.0
34291680,189.0
34292992,189.0
34299520,237.0
34301472,124.0
34304544,174.0
34305728,208.0
34306048,191.0
34307328,88.0
34307424,179.0
34321760,167.0
34321920,220.0
34322784,167.0
34323520,87.0
34335840,176.0
34343264,189.0
34346784,158.0
34347840,216.0
34349536,146.0
34351040,165.0
34351264,115.0
34368448,240.0
34368608,228.0
34369696,302.0
34372864,178.0
34373952,100.0
34375776,161.0
34385728,136.0
34393472,195.0
34405280,180.0
34415744,92.0
34416224,87.0
34418304,161.0
34418816,176.0
34425376,86.0
34434912,170.0
34441600,193.0
34441696,183.0
34442208,223.0
34450880,202.0
34453632,165.0
34455680,197.0
34462368,180.0
34465792,119.0
34474688,139.0
34479712,96.0
34481440,164.0
34485504,139.0
34486624,161.0
34487488,248.0
34492416,91.0
34495424,207.0
34495456,242.0
34497888,90.0
34501184,96.0
34501760,173.0
34516224,286.0
34519456,114.0
34522432,193.0
34525152,147.0
34528832,187.0
34532576,142.0
34543072,78.0
34543328,179.0
34550368,131.0
34550976,167.0
34573152,143.0
34577472,157.0
34577920,168.0
34578592,179.0
34582080,210.0
34594528,187.0
34595424,258.0
34599008,195.0
34601632,217.0
34604032,160.0
34616352,274.0
34618560,128.0
34623552,210.0
34623584,153.0
34627040,171.0
34631040,196.0
34632832,182.0
34633888,102.0
34637120,168.0
34638944,157.0
34641088,166.0
34641440,189.0
34642112,277.0
34650528,133.0
34652576,182.0
34654336,94.0
34663456,159.0
34666784,172.0
34667744,146.0
34670688,311.0
34683872,156.0
34686496,444.0
34689792,107.0
34690848,216.0
34695456,109.0
34695904,195.0
34702112,193.0
34703840,187.0
34704224,69.0
34704896,86.0
34706688,185.0
34711168,167.0
34721024,166.0
34745344,153.0
34745792,177.0
34746304,196.0
34750752,138.0
34753920,274.0
34754304,177.0
34755872,138.0
34761504,153.0
34764288,154.0
34768640,459.0
34773280,126.0
34780768,152.0
34782720,94.0
34790240,201.0
34793184,172.0
34801984,153.0
34811136,190.0
34815584,143.0
34816800,156.0
34822368,105.0
34827328,167.0
34832032,81.0
34844896,237.0
34847616,84.0
34849088,93.0
34860384,91.0
34860992,178.0
34861888,193.0
34862080,152.0
34865472,361.0
34871328,90.0
34879424,188.0
34880640,144.0
34883264,76.0
34890880,208.0
34894688,175.0
34896320,188.0
34900416,183.0
34901312,110.0
34903840,234.0
34906784,102.0
34909760,263.0
34916960,154.0
34919744,266.0
34920672,267.0
34922304,154.0
34925344,152.0
34927744,104.0
34927776,362.0
34929376,75.0
34929952,92.0
34956288,120.0
34957120,174.0
34960192,91.0
34968064,146.0
34976832,181.0
34986912,84.0
34990880,256.0
34991488,155.0
34994656,87.0
34994912,160.0
34995520,201.0
35003456,182.0
35003456,424.0
35006464,384.0
35012320,190.0
35014144,212.0
35020608,82.0
35026656,172.0
35032864,243.0
35063552,126.0
35065440,182.0
35076576,177.0
35083552,195.0
35084928,106.0
35089312,165.0
35089600,188.0
35091584,163.0
35101984,168.0
35104864,158.0
35105888,177.0
35112128,147.0
35113664,261.0
35129280,170.0
35130848,215.0
35131840,79.0
35136032,112.0
35138016,109.0
35150848,155.0
35151680,173.0
35162048,87.0
35164000,148.0
35172096,252.0
35172512,176.0
35180512,249.0
35187136,83.0
35187200,224.0
35188640,135.0
35189600,167.0
35198400,152.0
35199200,291.0
35206976,177.0
35209152,136.0
35209856,177.0
35210944,395.0
35216000,208.0
35217120,136.0
35223424,151.0
35230944,78.0
35234240,112.0
35242784,255.0
35244736,75.0
35245056,185.0
35246304,169.0
35247744,79.0
35248288,268.0
35249376,232.0
35251328,173.0
35262624,156.0
35262656,130.0
35265952,133.0
35271360,186.0
35275584,104.0
35280864,163.0
35289312,216.0
35297440,118.0
35300928,302.0
35301248,175.0
35307744,73.0
35311968,158.0
35317536,173.0
35323392,169.0
35327136,174.0
35329024,119.0
35330560,167.0
35336288,159.0
35341088,119.0
35348608,170.0
35348832,108.0
35353632,156.0
35353856,130.0
35367520,192.0
35381824,243.0
35382432,244.0
35384352,131.0
35386656,151.0
35386848,162.0
35393504,177.0
35394720,84.0
35402752,276.0
35404480,217.0
35405824,158.0
35411488,72.0
35411840,155.0
35417152,143.0
35417216,231.0
35418976,472.0
35419104,88.0
35422784,144.0
35426944,174.0
35428352,74.0
35433728,185.0
35446912,293.0
35447264,180.0
35449280,160.0
35450048,114.0
35452128,105.0
35453440,84.0
35466368,220.0
35468640,144.0
35469952,144.0
35473024,209.0
35478464,155.0
35480288,92.0
35489376,212.0
35494528,250.0
35501216,188.0
35502080,87.0
35506016,86.0
35507936,150.0
35508832,203.0
35511712,152.0
35522048,90.0
35523744,185.0
35526240,129.0
35526688,180.0
35530272,164.0
35539904,187.0
35543488,197.0
35548096,78.0
35551072,235.0
35551360,199.0
35551424,239.0
35552288,196.0
35557856,169.0
35559552,105.0
35565632,183.0
35568544,161.0
35569888,174.0
35569920,164.0
35571232,174.0
35574592,151.0
35577376,191.0
35577440,334.0
35583168,178.0
35585120,198.0
35594016,197.0
35599680,97.0
35601888,245.0
35612000,117.0
35623936,181.0
35624768,168.0
35627424,92.0
35632576,101.0
35637088,170.0
35640160,236.0
35655168,122.0
35658880,188.0
35660992,186.0
35681632,223.0
35683776,168.0
35687104,81.0
35687488,140.0
35689920,85.0
35698144,171.0
35711296,134.0
35720128,153.0
35728992,135.0
35734944,193.0
35736288,162.0
35743456,228.0
35745024,95.0
35749728,98.0
35749824,235.0
35756064,149.0
35759648,130.0
35769760,98.0
35774016,306.0
35776256,225.0
35776864,211.0
35779520,128.0
35782304,186.0
35785216,190.0
35790528,196.0
35791456,399.0
35792608,80.0
35796320,437.0
35798752,162.0
35803328,306.0
35804800,164.0
35808224,106.0
35829056,289.0
35837440,203.0
35839904,170.0
35844256,88.0
35847296,177.0
35849312,83.0
35852448,113.0
35861344,184.0
35863424,217.0
35867008,185.0
35876896,158.0
35881536,181.0
35891872,194.0
35893536,177.0
35893664,88.0
35897952,244.0
35903328,171.0
35903680,450.0
35904032,189.0
35905440,199.0
35911392,70.0
35916192,92.0
35922080,222.0
35924768,163.0
35930240,108.0
35937504,309.0
35941760,115.0
35945312,110.0
35952448,84.0
35960416,196.0
35963040,195.0
35976128,155.0
35978240,206.0
35978592,189.0
35979744,165.0
35983584,177.0
35992192,88.0
35993984,103.0
35998560,207.0
36003104,80.0
36004192,134.0
36006464,110.0
36007008,121.0
36007840,151.0
36010240,204.0
36010880,85.0
36013472,183.0
36021312,150.0
36023776,178.0
36028192,173.0
36028864,249.0
36029216,500.0
36034176,293.0
36036512,81.0
36038528,282.0
36040160,192.0
36052128,181.0
36055616,198.0
36058112,211.0
36059616,195.0
36063872,129.0
36065056,157.0
36079776,114.0
36079872,222.0
36084576,203.0
36084768,174.0
36085152,76.0
36085408,171.0
36087680,77.0
36088128,188.0
36090400,182.0
36106432,210.0
36109312,164.0
36114272,74.0
36115680,173.0
36119968,262.0
36124672,140.0
36125280,328.0
36138272,177.0
36138592,189.0
36154592,102.0
36155968,196.0
36160192,166.0
36169120,294.0
36169952,206.0
36170496,148.0
36171904,91.0
36173120,86.0
36173152,194.0
36173600,187.0
36174240,72.0
36175968,237.0
36181472,162.0
36187168,166.0
36187488,168.0
36190848,86.0
36192384,180.0
36194848,220.0
36199008,188.0
36201984,174.0
36205824,190.0
36220480,163.0
36225312,178.0
36236480,80.0
36237056,91.0
36237984,114.0
36251232,261.0
36257536,281.0
36268000,183.0
36268160,279.0
36268992,64.0
36277120,199.0
36298912,103.0
36302080,482.0
36303488,142.0
36303584,217.0
36308864,164.0
36310912,301.0
36311584,111.0
36314240,213.0
36318176,206.0
36318496,121.0
36318624,472.0
36321312,97.0
36324896,205.0
36325728,161.0
36326240,212.0
36326368,136.0
36327424,140.0
36334144,90.0
36336832,315.0
36345888,170.0
36347104,117.0
36348480,190.0
36349696,145.0
36350432,111.0
36353888,351.0
36365888,150.0
36367232,167.0
36371712,156.0
36372640,207.0
36377056,205.0
36383456,180.0
36385376,192.0
36388960,214.0
36390368,96.0
36399136,152.0
36414368,168.0
36416320,86.0
36418112,158.0
36419072,129.0
36421504,172.0
36424896,88.0
36428416,178.0
36429024,106.0
36430592,200.0
36437216,139.0
36438528,191.0
36441184,173.0
36446240,83.0
36462720,109.0
36463424,116.0
36464192,114.0
36482752,72.0
36488480,167.0
36492896,104.0
36496160,163.0
36499776,122.0
36504352,198.0
36510688,134.0
36522464,88.0
36538528,199.0
36540960,93.0
36548256,197.0
36564064,235.0
36567968,149.0
36570400,202.0
36582464,172.0
36585216,225.0
36585376,183.0
36585568,182.0
36588224,146.0
36590848,199.0
36595168,112.0
36596320,186.0
36597152,196.0
36597152,193.0
36599136,151.0
36600416,217.0
36600896,90.0
36601888,147.0
36604352,286.0
36613248,163.0
36627424,99.0
36627552,147.0
36628352,181.0
36634368,184.0
36638016,194.0
36644704,208.0
36649248,142.0
36677088,169.0
36682624,243.0
36689568,167.0
36690400,109.0
36703552,171.0
36709248,115.0
36709952,156.0
36718784,153.0
36722528,94.0
36736480,183.0
36741152,169.0
36747648,176.0
36752352,186.0
36769664,207.0
36777248,228.0
36780448,198.0
36782272,246.0
36787008,209.0
36802432,146.0
36802496,84.0
36804096,166.0
36806208,115.0
36808800,146.0
36811520,190.0
36815392,204.0
36820448,122.0
36823264,86.0
36829344,173.0
36836192,135.0
36842048,372.0
36850944,151.0
36853248,206.0
36855040,214.0
36859200,322.0
36863296,270.0
36872672,261.0
36873504,187.0
36881760,276.0
36882496,114.0
36902048,179.0
36909120,199.0
36913056,103.0
36918496,115.0
36918752,195.0
36918976,100.0
36921440,175.0
36933376,325.0
36940960,483.0
36950560,199.0
36952768,147.0
36955808,92.0
36956256,182.0
36960608,284.0
36962208,202.0
36964992,259.0
36967680,137.0
36972064,128.0
36972736,112.0
36974496,157.0
36975328,238.0
36982720,182.0
36984384,244.0
36987872,177.0
36994144,183.0
36997568,80.0
37000672,98.0
37003712,165.0
37004832,189.0
37007616,142.0
37008416,161.0
37009024,182.0
37010656,103.0
37012416,116.0
37017984,185.0
37022944,207.0
37026784,175.0
37029248,299.0
37038112,220.0
37038784,131.0
37041632,155.0
37043232,203.0
37044064,160.0
37048512,170.0
37070368,96.0
37072160,168.0
37076768,213.0
37084448,149.0
37089824,238.0
37101152,173.0
37108928,81.0
37127616,167.0
37131360,179.0
37144192,203.0
37146272,170.0
37149408,198.0
37155680,165.0
37158432,195.0
37164960,485.0
37165856,393.0
37168928,163.0
37170272,158.0
37182592,205.0
37182976,180.0
37189184,100.0
37197184,157.0
37201312,113.0
37202080,230.0
37212352,145.0
37220800,155.0
37229184,210.0
37229184,174.0
37234944,176.0
37236192,81.0
37236672,266.0
37239648,79.0
37256320,265.0
37256512,185.0
37256768,222.0
37260320,135.0
37263200,212.0
37272896,148.0
37275616,187.0
37282848,229.0
37288128,202.0
37292992,164.0
37293536,164.0
37298560,254.0
37309312,184.0
37310656,150.0
37313664,135.0
37313952,166.0
37316960,167.0
37322368,266.0
37339744,193.0
37348320,116.0
37355872,152.0
37360832,141.0
37363488,281.0
37364544,131.0
37368896,88.0
37372480,150.0
37375072,96.0
37376800,176.0
37378688,179.0
37381472,128.0
37382400,228.0
37385728,167.0
37388544,165.0
37393920,218.0
37400960,159.0
37412960,177.0
37414176,214.0
37416032,184.0
37416768,191.0
37424864,142.0
37432352,190.0
37434528,201.0
37435456,193.0
37435744,155.0
37439616,317.0
37442624,212.0
37445280,335.0
37463488,161.0
37467424,187.0
37471648,159.0
37474880,125.0
37475904,207.0
37480544,219.0
37481920,174.0
37483296,113.0
37485920,205.0
37489856,182.0
37490240,266.0
37493568,155.0
37497280,189.0
37503328,199.0
37506176,96.0
37507072,107.0
37513536,164.0
37513664,142.0
37514816,184.0
37515392,233.0
37521280,241.0
37532928,150.0
37533440,197.0
37533504,102.0
37533536,209.0
37536160,84.0
37537760,218.0
37543264,205.0
37543904,197.0
37545728,104.0
37546592,96.0
37548000,182.0
37548896,92.0
37553152,97.0
37553952,68.0
37560448,277.0
37563808,235.0
37564768,176.0
37569568,381.0
37575520,156.0
37577504,82.0
37578496,68.0
37580736,228.0
37585952,169.0
37596640,209.0
37597312,142.0
37600800,263.0
37601600,105.0
37610624,179.0
37611776,196.0
37624000,93.0
37626784,186.0
37633344,195.0
37647200,196.0
37652000,173.0
37653568,188.0
37656896,174.0
37657632,178.0
37663296,145.0
37664672,166.0
37667808,211.0
37672864,182.0
37691360,107.0
37694240,206.0
37702080,83.0
37704000,131.0
37705760,172.0
37706432,198.0
37706496,194.0
37707424,173.0
37712960,134.0
37723776,112.0
37724096,152.0
37726048,462.0
37737056,225.0
37742240,156.0
37750944,153.0
37757472,248.0
37759552,324.0
37760224,186.0
37766720,459.0
37773024,163.0
37775232,256.0
37776160,153.0
37777568,171.0
37780480,198.0
37790048,198.0
37793024,197.0
37793024,74.0
37793984,97.0
37794912,146.0
37797376,76.0
37797632,223.0
37800640,188.0
37808416,171.0
37813184,141.0
37814752,173.0
37825696,165.0
37826368,196.0
37837216,113.0
37845024,500.0
37845856,180.0
37847648,189.0
37858464,181.0
37863104,168.0
37868416,181.0
37877888,160.0
37886112,113.0
37886880,187.0
37887360,72.0
37890304,278.0
37906688,190.0
37911584,115.0
37918592,232.0
37924384,184.0
37927712,123.0
37929088,270.0
37931744,99.0
37957088,165.0
37960128,171.0
37974528,135.0
37976064,391.0
37979264,250.0
37981408,151.0
37981824,94.0
37987072,101.0
37987648,180.0
37993376,78.0
37995008,205.0
37995936,200.0
38011840,170.0
38013568,101.0
38014528,220.0
38014720,172.0
38014848,274.0
38014848,162.0
38017024,199.0
38020800,185.0
38027392,93.0
38039584,126.0
38040032,102.0
38047680,180.0
38047904,286.0
38048448,163.0
38049120,207.0
38050464,197.0
38054624,218.0
38056928,168.0
38059488,195.0
38068192,188.0
38071328,97.0
38072896,192.0
38076160,209.0
38079168,78.0
38080096,164.0
38080960,341.0
38082208,96.0
38084800,181.0
38096224,232.0
38104736,180.0
38108064,167.0
38117856,188.0
38135008,198.0
38140288,233.0
38141824,119.0
38157280,86.0
38160256,178.0
38162496,84.0
38165184,158.0
38175456,258.0
38177824,197.0
38179104,249.0
38181888,155.0
38186464,130.0
38194944,196.0
38196640,176.0
38198976,205.0
38199328,80.0
38199712,148.0
38212288,189.0
38214144,176.0
38219872,144.0
38225536,174.0
38236480,170.0
38240800,436.0
38245216,175.0
38248416,152.0
38248896,120.0
38249536,143.0
38250848,75.0
38254496,163.0
38261184,106.0
38264896,241.0
38270496,184.0
38270848,148.0
38273856,179.0
38288288,153.0
38289568,222.0
38289664,135.0
38291584,246.0
38294048,291.0
38299232,180.0
38302528,96.0
38308448,134.0
38308480,199.0
38313312,203.0
38325728,209.0
38328320,194.0
38330080,204.0
38330560,63.0
38336096,187.0
38337024,165.0
38337024,201.0
38340000,249.0
38341600,105.0
38343424,248.0
38344736,160.0
38347040,335.0
38351232,167.0
38363264,202.0
38368352,226.0
38377344,96.0
38383136,281.0
38383872,178.0
38384320,189.0
38384384,167.0
38389216,217.0
38391136,237.0
38402336,194.0
38405536,214.0
38409696,183.0
38411872,165.0
38412320,149.0
38418656,169.0
38419392,467.0
38423424,167.0
38434144,154.0
38439264,162.0
38448768,178.0
38450592,281.0
38455648,148.0
38456448,160.0
38460576,197.0
38463008,328.0
38465472,95.0
38466944,155.0
38475488,159.0
38476128,168.0
38480416,237.0
38482592,171.0
38482976,177.0
38500384,202.0
38502752,241.0
38504512,143.0
38511456,178.0
38512576,162.0
38513728,96.0
38513888,185.0
38514368,90.0
38521728,65.0
38530208,264.0
38530464,191.0
38533184,229.0
38533632,76.0
38534464,110.0
38541536,183.0
38545984,181.0
38551104,145.0
38558016,399.0
38568512,203.0
38568672,194.0
38569824,266.0
38575072,161.0
38577728,216.0
38578048,116.0
38578400,176.0
38579168,206.0
38579264,175.0
38579840,243.0
38581504,225.0
38592896,138.0
38597056,158.0
38599424,164.0
38605920,242.0
38616224,240.0
38651904,169.0
38673696,197.0
38681792,260.0
38683200,108.0
38684416,119.0
38685792,339.0
38686560,126.0
38691936,159.0
38694144,199.0
38696416,175.0
38713024,182.0
38713376,159.0
38717888,309.0
38724320,96.0
38730656,74.0
38735744,82.0
38736384,224.0
38740896,169.0
38748096,224.0
38748512,324.0
38751104,104.0
38757696,85.0
38762400,182.0
38763808,66.0
38764928,211.0
38768384,192.0
38769120,83.0
38779808,169.0
38790976,183.0
38798208,174.0
38815136,177.0
38816288,117.0
38818208,198.0
38835808,100.0
38837568,85.0
38842304,120.0
38846432,182.0
38849184,148.0
38851584,211.0
38852384,269.0
38854144,222.0
38854688,162.0
38860320,168.0
38860416,187.0
38866528,172.0
38881536,171.0
38890048,167.0
38900416,170.0
38904576,168.0
38909024,162.0
38915424,363.0
38915808,165.0
38917440,126.0
38926048,267.0
38928224,293.0
38928896,191.0
38934432,173.0
38939040,158.0
38943040,253.0
38947840,164.0
38950304,95.0
38952672,174.0
38963200,165.0
38982176,193.0
38983296,141.0
38985056,258.0
38988064,139.0
39001408,162.0
39005344,166.0
39007168,194.0
39007904,202.0
39010048,174.0
39019936,433.0
39028160,211.0
39040320,87.0
39044480,84.0
39047776,188.0
39049504,261.0
39050464,181.0
39052704,236.0
39054816,113.0
39055008,171.0
39062592,150.0
39063328,265.0
39066336,146.0
39068096,267.0
39069952,86.0
39070368,163.0
39083520,172.0
39085888,81.0
39091040,74.0
39105152,128.0
39108960,312.0
39114656,182.0
39114656,227.0
39115648,168.0
39125120,73.0
39125408,151.0
39130656,137.0
39134048,153.0
39143424,178.0
39147552,267.0
39149280,174.0
39155456,241.0
39163680,107.0
39166336,190.0
39169792,193.0
39169952,166.0
39170624,163.0
39176192,64.0
39186880,141.0
39190400,182.0
39191520,68.0
39193056,170.0
39196672,184.0
39197824,104.0
39202880,500.0
39203840,136.0
39214400,164.0
39215936,190.0
39218176,71.0
39242336,100.0
39245504,195.0
39245984,92.0
39253984,162.0
39254816,222.0
39255648,239.0
39263840,124.0
39265920,191.0
39267584,194.0
39270272,183.0
39270752,206.0
39270752,206.0
39282080,137.0
39282208,164.0
39285984,173.0
39289888,184.0
39303840,146.0
39304352,238.0
39307104,252.0
39318240,286.0
39321472,133.0
39323712,191.0
39331776,375.0
39331872,338.0
39336768,291.0
39336800,230.0
39344416,179.0
39348448,195.0
39349856,135.0
39359552,156.0
39359840,236.0
39360896,239.0
39367872,163.0
39376704,282.0
39384928,178.0
39386496,227.0
39388128,198.0
39389600,184.0
39392704,500.0
39392992,110.0
39395424,166.0
39400192,220.0
39403072,159.0
39404032,119.0
39413920,189.0
39414720,267.0
39416256,175.0
39417056,198.0
39420288,214.0
39422944,185.0
39424032,121.0
39425376,75.0
39434368,200.0
39436288,164.0
39440256,105.0
39442976,170.0
39456544,81.0
39459872,180.0
39464960,238.0
39468768,118.0
39469312,187.0
39480640,239.0
39482880,237.0
39483168,107.0
39484576,107.0
39489248,188.0
39491680,223.0
39494240,193.0
39494304,168.0
39494720,188.0
39500736,92.0
39505344,500.0
39509088,218.0
39517120,294.0
39520160,156.0
39522240,97.0
39530016,170.0
39533184,191.0
39534816,188.0
39544768,224.0
39544928,102.0
39547360,197.0
39551072,187.0
39551456,196.0
39553248,145.0
39554464,142.0
39555136,405.0
39556992,500.0
39566880,174.0
39568320,217.0
39577632,111.0
39580864,226.0
39582208,169.0
39582784,90.0
39595584,179.0
39603904,244.0
39609952,106.0
39622944,190.0
39624864,140.0
39627168,125.0
39629728,245.0
39633760,198.0
39639296,105.0
39647392,135.0
39648064,174.0
39650976,106.0
39655744,89.0
39656736,198.0
39658432,94.0
39660640,235.0
39664256,140.0
39670848,244.0
39676576,219.0
39681024,74.0
39685536,181.0
39686432,310.0
39690528,149.0
39696448,91.0
39704128,199.0
39706176,140.0
39707712,270.0
39709984,190.0
39713632,171.0
39732032,187.0
39733312,238.0
39738112,189.0
39740448,89.0
39741248,97.0
39742144,305.0
39746944,167.0
39748064,205.0
39748192,281.0
39749952,168.0
39750816,144.0
39755392,167.0
39758112,152.0
39759232,335.0
39763264,200.0
39763840,100.0
39764448,167.0
39764832,500.0
39772320,188.0
39784864,176.0
39799648,224.0
39802304,272.0
39806048,178.0
39823616,175.0
39826240,185.0
39826496,382.0
39828672,173.0
39832288,141.0
39833792,227.0
39835328,158.0
39841664,110.0
39845952,204.0
39846368,212.0
39852288,249.0
39855584,219.0
39871904,214.0
39877408,78.0
39885824,89.0
39892320,247.0
39895424,192.0
39896608,206.0
39901984,104.0
39907616,151.0
39910496,198.0
39915200,151.0
39922752,190.0
39932800,149.0
39933824,158.0
39941856,333.0
39946496,158.0
39956288,153.0
39957024,123.0
39958368,277.0
39963840,135.0
39970464,142.0
39970720,208.0
39978048,197.0
39983232,176.0
39985728,81.0
39989184,166.0
39989344,203.0
39991392,225.0
39996672,217.0
40006976,203.0
40010368,171.0
40011616,211.0
40012128,163.0
40012512,173.0
40020416,429.0
40023296,206.0
40024576,305.0
40030240,172.0
40034080,281.0
40040896,192.0
40041504,291.0
40054496,147.0
40056480,193.0
40057952,114.0
40060576,236.0
40061280,149.0
40071200,136.0
40072384,155.0
40088064,162.0
40090912,142.0
40093024,88.0
40095680,272.0
40104064,163.0
40108288,179.0
40109696,223.0
40109792,174.0
40121952,189.0
40128832,230.0
40129568,232.0
40134560,173.0
40134848,105.0
40140352,176.0
40148960,130.0
40175648,151.0
40178368,201.0
40185376,217.0
40189344,146.0
40192576,224.0
40198368,155.0
40209632,176.0
40209696,205.0
40214560,168.0
40216480,203.0
40219200,167.0
40223264,145.0
40231552,181.0
40248000,274.0
40257024,248.0
40258016,133.0
40262272,182.0
40270496,101.0
40275488,119.0
40276864,287.0
40288224,208.0
40293120,190.0
40293440,182.0
40294816,180.0
40298528,168.0
40301120,89.0
40304320,180.0
40311648,108.0
40311680,153.0
40313280,174.0
40313504,89.0
40313888,167.0
40316896,183.0
40320576,170.0
40324512,172.0
40328928,173.0
40330048,174.0
40339008,158.0
40350560,171.0
40353888,99.0
40355680,241.0
40368448,179.0
40369568,251.0
40370304,185.0
40371808,188.0
40372672,267.0
40380288,167.0
40380800,257.0
40381760,169.0
40386240,192.0
40393056,157.0
40395488,195.0
40396256,172.0
40396352,125.0
40405632,207.0
40407072,155.0
40413504,151.0
40413760,228.0
40417280,126.0
40418848,275.0
40419840,197.0
40445024,171.0
40446752,117.0
40450432,178.0
40450912,183.0
40461120,210.0
40463904,191.0
40468608,180.0
40478528,182.0
40479328,161.0
40479648,170.0
40498592,204.0
40498816,167.0
40500896,156.0
40504992,171.0
40511968,202.0
40514656,180.0
40520064,223.0
40523456,162.0
40524384,90.0
40532096,335.0
40532096,160.0
40540576,160.0
40541312,131.0
40544032,217.0
40546400,174.0
40560512,148.0
40580384,174.0
40586400,173.0
40589248,202.0
40594688,249.0
40602176,158.0
40603584,169.0
40608544,147.0
40609344,164.0
40609984,174.0
40614976,268.0
40618848,129.0
40620032,195.0
40626976,182.0
40636064,166.0
40638848,163.0
40639776,191.0
40642400,85.0
40645088,127.0
40654208,186.0
40656032,89.0
40658688,198.0
40660480,156.0
40664576,339.0
40667648,206.0
40668224,163.0
40673408,97.0
40673536,168.0
40675008,162.0
40679072,171.0
40679616,159.0
40680768,126.0
40683808,201.0
40690144,184.0
40697888,151.0
40698624,115.0
40708288,176.0
40711584,103.0
40712160,165.0
40712704,188.0
40721056,119.0
40724192,166.0
40731392,149.0
40732416,310.0
40735392,104.0
40743104,185.0
40745216,283.0
40746656,221.0
40746880,242.0
40754624,185.0
40758592,204.0
40758848,331.0
40763712,104.0
40767136,106.0
40773504,200.0
40779136,201.0
40780224,151.0
40781824,141.0
40785248,156.0
40795712,202.0
40797728,125.0
40805024,258.0
40806976,165.0
40811712,239.0
40813024,105.0
40813920,162.0
40814944,143.0
40820288,185.0
40820800,267.0
40824480,84.0
40827264,175.0
40827456,171.0
40829632,122.0
40836352,213.0
40840032,154.0
40846048,190.0
40848416,208.0
40849056,144.0
40850048,124.0
40858464,168.0
40859776,164.0
40862464,155.0
40872000,179.0
40877856,145.0
40895456,215.0
40901984,165.0
40905376,261.0
40906176,154.0
40907040,110.0
40908096,198.0
40911520,80.0
40915584,191.0
40925376,173.0
40926496,197.0
40934304,188.0
40949024,188.0
40956896,158.0
40959072,151.0
40972192,215.0
40980992,184.0
40982400,155.0
40983008,392.0
40993248,225.0
40993760,167.0
40995232,199.0
41002560,168.0
41003904,110.0
41004256,160.0
41004672,173.0
41024288,200.0
41025504,151.0
41026720,147.0
41029408,147.0
41033504,172.0
41035424,229.0
41049504,152.0
41056672,171.0
41058976,188.0
41060864,71.0
41063712,88.0
41064928,500.0
41066464,169.0
41068032,192.0
41069888,478.0
41070240,187.0
41072000,78.0
41076064,117.0
41077472,181.0
41077920,179.0
41085504,86.0
41085760,241.0
41093376,215.0
41097376,233.0
41100832,105.0
41101792,137.0
41101920,191.0
41106272,181.0
41109408,140.0
41113696,188.0
41116288,203.0
41117792,255.0
41121344,150.0
41121984,258.0
41122592,149.0
41129440,401.0
41130432,201.0
41137472,85.0
41138432,202.0
41144960,168.0
41145248,178.0
41151904,184.0
41158112,313.0
41161440,137.0
41162272,228.0
41162624,194.0
41162848,93.0
41165376,168.0
41166272,188.0
41167936,170.0
41179040,222.0
41180224,222.0
41183488,161.0
41183552,214.0
41188288,228.0
41191712,170.0
41198784,192.0
41210432,86.0
41228832,166.0
41230176,183.0
41230784,295.0
41235200,219.0
41235680,210.0
41237920,100.0
41240320,189.0
41241504,110.0
41248768,172.0
41250496,152.0
41254016,75.0
41257952,122.0
41259808,139.0
41260928,188.0
41267616,131.0
41272704,196.0
41275584,72.0
41277728,171.0
41280768,407.0
41283712,119.0
41290720,74.0
41291008,199.0
41292256,83.0
41293088,157.0
41294112,138.0
41299232,273.0
41303904,122.0
41305888,127.0
41309280,216.0
41309504,196.0
41320000,132.0
41327616,97.0
41328256,257.0
41329600,140.0
41331744,269.0
41338112,130.0
41345728,199.0
41346176,132.0
41352768,202.0
41353760,190.0
41359488,198.0
41361056,131.0
41361664,158.0
41363488,176.0
41367680,182.0
41371264,408.0
41371328,100.0
41377376,185.0
41384160,128.0
41386496,176.0
41387232,97.0
41391648,239.0
41395264,112.0
41395552,83.0
41396160,171.0
41397408,188.0
41398688,167.0
41400416,102.0
41403232,185.0
41410720,73.0
41410848,162.0
41413280,201.0
41415200,219.0
41422400,147.0
41425088,88.0
41427392,193.0
41427584,155.0
41429792,158.0
41430688,177.0
41431744,168.0
41432384,95.0
41435136,141.0
41441216,181.0
41446304,187.0
41447200,312.0
41447712,225.0
41451264,217.0
41456800,227.0
41464672,141.0
41471616,155.0
41471968,171.0
41472032,154.0
41475456,87.0
41479488,281.0
41480896,174.0
41485888,87.0
41490880,252.0
41499264,199.0
41499904,203.0
41499904,263.0
41511936,202.0
41514240,210.0
41519616,164.0
41519968,157.0
41526432,148.0
41545344,101.0
41546688,89.0
41549248,248.0
41549664,89.0
41550048,149.0
41550784,205.0
41557536,149.0
41565888,91.0
41569728,236.0
41569920,125.0
41572832,202.0
41587136,210.0
41588384,171.0
41590368,185.0
41593056,162.0
41593888,151.0
41600576,278.0
41611008,325.0
41615552,165.0
41618784,125.0
41620960,177.0
41621248,76.0
41630016,232.0
41632096,171.0
41635264,500.0
41639616,92.0
41641696,202.0
41644608,155.0
41648864,177.0
41649280,165.0
41650080,261.0
41652032,103.0
41652672,251.0
41658816,158.0
41660352,175.0
41669696,118.0
41674496,140.0
41680416,167.0
41691072,110.0
41692480,192.0
41702720,178.0
41710784,170.0
41716032,160.0
41722112,99.0
41733600,196.0
41734720,188.0
41741504,235.0
41741728,172.0
41741856,118.0
41743488,183.0
41750752,172.0
41751456,109.0
41753152,207.0
41755296,229.0
41764480,211.0
41765504,190.0
41765696,178.0
41779136,118.0
