step,value
1824,1.0
2336,1.0
9792,1.0
16736,1.0
16992,1.0
21344,1.0
24512,1.0
28320,1.0
29504,1.0
34976,1.0
39616,1.0
52128,1.0
56672,1.0
59680,1.0
60864,1.0
69440,1.0
79232,1.0
80096,1.0
82752,1.0
83328,1.0
106528,1.0
106720,1.0
108768,1.0
109376,1.0
109952,1.0
116480,1.0
121280,1.0
125568,1.0
126272,1.0
129888,1.0
129952,1.0
132416,1.0
144896,1.0
146656,1.0
150528,1.0
152928,1.0
155360,1.0
174048,1.0
180544,1.0
186176,1.0
191392,1.0
195904,1.0
196864,1.0
201664,1.0
203392,1.0
209312,1.0
211520,1.0
215136,1.0
225184,1.0
232128,1.0
234112,1.0
236864,1.0
242048,1.0
261152,1.0
266464,1.0
269696,1.0
277312,1.0
278112,1.0
288096,1.0
289088,1.0
289952,1.0
290912,1.0
297440,1.0
298560,1.0
301280,1.0
302272,1.0
304768,1.0
307712,1.0
314592,1.0
314624,1.0
318752,1.0
318848,1.0
320640,1.0
329952,1.0
333216,1.0
336256,1.0
341056,1.0
342560,1.0
349312,1.0
353408,1.0
355616,1.0
356576,1.0
362176,1.0
364704,1.0
372960,1.0
376160,1.0
387584,1.0
390112,1.0
391392,1.0
395040,1.0
395328,1.0
400608,1.0
401728,1.0
412928,1.0
429216,1.0
429312,1.0
430752,1.0
436800,1.0
442208,1.0
446976,1.0
449856,1.0
456256,1.0
461920,1.0
462496,1.0
463936,1.0
465568,1.0
466208,1.0
467296,1.0
469056,1.0
473312,1.0
475008,1.0
475584,1.0
479456,1.0
485920,1.0
496384,1.0
496416,1.0
496832,1.0
507488,1.0
509120,1.0
514848,1.0
514976,1.0
518528,1.0
527648,1.0
538976,1.0
539520,1.0
539616,1.0
539904,1.0
546624,1.0
547104,1.0
549376,1.0
552544,1.0
554816,1.0
564960,1.0
570624,1.0
571232,1.0
571776,1.0
571872,1.0
573024,1.0
579456,1.0
579776,1.0
582368,1.0
592160,1.0
597280,1.0
597472,1.0
599808,1.0
604672,1.0
610016,1.0
610816,1.0
620128,1.0
622112,1.0
624832,1.0
625120,1.0
625952,1.0
632096,1.0
632544,1.0
636000,1.0
640672,1.0
640736,1.0
641408,1.0
645344,1.0
647136,1.0
651072,1.0
656000,1.0
659776,1.0
660928,1.0
661280,1.0
662528,1.0
672320,1.0
683680,1.0
690144,1.0
691168,1.0
693408,1.0
693664,1.0
693856,1.0
695488,1.0
695936,1.0
696128,1.0
701344,1.0
703296,1.0
703424,1.0
707328,1.0
709632,1.0
711328,1.0
721728,1.0
723840,1.0
725184,1.0
733984,1.0
736736,1.0
743264,1.0
747264,1.0
749664,1.0
751360,1.0
751840,1.0
752992,1.0
759296,1.0
761760,1.0
765760,1.0
773024,1.0
775232,1.0
783520,1.0
784672,1.0
789312,1.0
793696,1.0
796128,1.0
800928,1.0
807392,1.0
807968,1.0
810208,1.0
812448,1.0
812576,1.0
816704,1.0
821728,1.0
823328,1.0
826144,1.0
829056,1.0
829120,1.0
832352,1.0
833056,1.0
834656,1.0
835616,1.0
840224,1.0
844032,1.0
863232,1.0
863904,1.0
869408,1.0
870816,1.0
880000,1.0
882880,1.0
886240,1.0
893504,1.0
907232,1.0
909056,1.0
909504,1.0
914272,1.0
923488,1.0
931840,1.0
941088,1.0
941408,1.0
944928,1.0
951968,1.0
953088,1.0
957184,1.0
965376,1.0
968672,1.0
974400,1.0
976096,1.0
985632,1.0
986816,1.0
991168,1.0
997600,1.0
1001536,1.0
1004160,1.0
1007712,1.0
1010720,1.0
1013536,1.0
1015360,1.0
1016768,1.0
1018112,1.0
1018848,1.0
1026400,1.0
1027584,1.0
1031456,1.0
1035904,1.0
1036864,1.0
1042080,1.0
1047008,1.0
1047584,1.0
1048320,1.0
1054848,1.0
1064672,1.0
1066752,1.0
1067296,1.0
1070080,1.0
1081280,1.0
1081376,1.0
1083136,1.0
1083648,1.0
1086752,1.0
1088736,1.0
1099968,1.0
1107808,1.0
1108384,1.0
1110464,1.0
1113952,1.0
1114304,1.0
1116800,1.0
1153120,1.0
1153536,1.0
1158560,1.0
1162912,1.0
1167296,1.0
1168480,1.0
1184992,1.0
1191168,1.0
1205856,1.0
1207456,1.0
1217152,1.0
1218784,1.0
1219840,1.0
1225728,1.0
1231840,1.0
1232480,1.0
1234016,1.0
1236992,1.0
1237504,1.0
1245664,1.0
1253504,1.0
1254816,1.0
1260768,1.0
1263552,1.0
1266368,1.0
1268544,1.0
1272448,1.0
1281248,1.0
1282048,1.0
1286112,1.0
1287456,1.0
1292960,1.0
1294336,1.0
1297088,1.0
1299072,1.0
1301376,1.0
1304256,1.0
1305312,1.0
1309984,1.0
1311008,1.0
1320384,1.0
1320960,1.0
1329312,1.0
1333920,1.0
1339872,1.0
1350528,1.0
1351232,1.0
1351616,1.0
1353920,1.0
1358560,1.0
1370560,1.0
1372704,1.0
1374592,1.0
1376448,1.0
1378336,1.0
1383424,1.0
1386368,1.0
1389568,1.0
1396512,1.0
1399904,1.0
1406656,1.0
1408448,1.0
1413984,1.0
1415744,1.0
1417344,1.0
1417760,1.0
1424544,1.0
1426112,1.0
1431872,1.0
1438048,1.0
1441536,1.0
1444064,1.0
1447008,1.0
1451008,1.0
1451232,1.0
1456544,1.0
1461696,1.0
1466624,1.0
1472544,1.0
1477792,1.0
1483776,1.0
1494752,1.0
1496576,1.0
1497056,1.0
1500800,1.0
1505184,1.0
1522560,1.0
1527840,1.0
1537568,1.0
1538400,1.0
1538464,1.0
1540000,1.0
1540544,1.0
1541312,1.0
1543872,1.0
1549344,1.0
1556160,1.0
1557856,1.0
1564224,1.0
1569472,1.0
1575648,1.0
1576096,1.0
1578336,1.0
1586944,1.0
1593376,1.0
1605984,1.0
1608800,1.0
1611584,1.0
1616512,1.0
1620928,1.0
1622592,1.0
1629824,1.0
1630496,1.0
1630816,1.0
1635392,1.0
1637152,1.0
1641952,1.0
1645600,1.0
1650496,1.0
1651264,1.0
1654304,1.0
1664864,1.0
1672224,1.0
1672960,1.0
1675200,1.0
1675456,1.0
1676192,1.0
1677472,1.0
1678848,1.0
1678880,1.0
1682336,1.0
1683264,1.0
1684608,1.0
1686656,1.0
1689760,1.0
1693952,1.0
1694432,1.0
1698176,1.0
1713888,1.0
1715424,1.0
1718752,1.0
1723424,1.0
1727232,1.0
1727296,1.0
1730368,1.0
1730656,1.0
1737888,1.0
1741920,1.0
1744640,1.0
1748096,1.0
1758272,1.0
1760864,1.0
1765408,1.0
1767872,1.0
1769568,1.0
1794624,1.0
1794720,1.0
1794816,1.0
1797664,1.0
1798592,1.0
1800000,1.0
1805440,1.0
1806112,1.0
1811840,1.0
1832352,1.0
1838016,1.0
1842656,1.0
1850112,1.0
1850656,1.0
1851616,1.0
1855872,1.0
1856064,1.0
1861280,1.0
1864160,1.0
1868480,1.0
1870368,1.0
1874080,1.0
1875424,1.0
1877824,1.0
1880992,1.0
1881728,1.0
1886048,1.0
1886656,1.0
1894368,1.0
1896160,1.0
1915264,1.0
1915776,1.0
1920928,1.0
1927776,1.0
1929376,1.0
1934560,1.0
1935264,1.0
1948128,1.0
1948832,1.0
1953728,1.0
1955232,1.0
1977568,1.0
1978208,1.0
1979200,1.0
1989056,1.0
1989376,1.0
1991296,1.0
2001120,1.0
2006240,1.0
2012288,1.0
2012512,1.0
2020416,1.0
2027616,1.0
2032288,1.0
2035136,1.0
2035904,1.0
2040576,1.0
2042848,1.0
2048096,1.0
2050176,1.0
2059552,1.0
2063520,1.0
2073984,1.0
2102976,1.0
2104992,1.0
2106528,1.0
2107008,1.0
2108384,1.0
2109600,1.0
2118912,1.0
2119136,1.0
2129344,1.0
2129664,1.0
2143648,1.0
2147520,1.0
2147552,1.0
2156832,1.0
2156864,1.0
2157024,1.0
2158720,1.0
2170400,1.0
2171456,1.0
2174848,1.0
2180448,1.0
2184192,1.0
2185120,1.0
2210240,1.0
2219040,1.0
2221376,1.0
2231680,1.0
2232384,1.0
2237024,1.0
2239840,1.0
2240064,1.0
2242176,1.0
2242304,1.0
2242848,1.0
2245024,1.0
2245888,1.0
2246240,1.0
2246400,1.0
2249216,1.0
2255392,1.0
2265952,1.0
2274976,1.0
2281248,1.0
2282400,1.0
2284768,1.0
2285024,1.0
2291200,1.0
2292608,1.0
2302784,1.0
2303936,1.0
2311712,1.0
2314944,1.0
2316800,1.0
2317792,1.0
2320960,1.0
2321568,1.0
2328352,1.0
2334176,1.0
2337536,1.0
2345472,1.0
2351200,1.0
2353312,1.0
2353696,1.0
2358368,1.0
2361984,1.0
2362528,1.0
2365088,1.0
2365312,1.0
2367168,1.0
2374816,1.0
2376576,1.0
2387424,1.0
2391008,1.0
2392672,1.0
2392800,1.0
2399424,1.0
2401792,1.0
2403712,1.0
2403808,1.0
2404992,1.0
2408352,1.0
2414688,1.0
2414944,1.0
2421600,1.0
2424864,1.0
2425760,1.0
2428096,1.0
2432768,1.0
2441952,1.0
2445248,1.0
2446208,1.0
2451680,1.0
2460096,1.0
2463616,1.0
2466336,1.0
2469472,1.0
2474656,1.0
2476064,1.0
2478400,1.0
2480960,1.0
2498592,1.0
2505216,1.0
2506336,1.0
2514016,1.0
2517984,1.0
2519904,1.0
2525216,1.0
2538112,1.0
2545472,1.0
2545664,1.0
2550560,1.0
2562432,1.0
2567104,1.0
2580256,1.0
2582528,1.0
2588320,1.0
2590784,1.0
2591936,1.0
2597120,1.0
2598336,1.0
2599616,1.0
2608800,1.0
2608928,1.0
2613312,1.0
2614080,1.0
2614816,1.0
2620832,1.0
2622592,1.0
2622688,1.0
2629856,1.0
2634272,1.0
2634464,1.0
2640448,1.0
2640960,1.0
2648256,1.0
2655680,1.0
2661056,1.0
2661376,1.0
2670176,1.0
2672192,1.0
2673568,1.0
2676096,1.0
2676384,1.0
2686464,1.0
2697536,1.0
2699200,1.0
2718656,1.0
2722112,1.0
2724800,1.0
2726848,1.0
2733536,1.0
2749856,1.0
2761760,1.0
2763072,1.0
2765984,1.0
2771872,1.0
2776992,1.0
2778368,1.0
2783744,1.0
2784864,1.0
2785248,1.0
2786624,1.0
2788992,1.0
2789216,1.0
2792416,1.0
2795008,1.0
2808416,1.0
2810272,1.0
2810592,1.0
2832288,1.0
2837216,1.0
2852416,1.0
2857152,1.0
2858592,1.0
2859360,1.0
2862048,1.0
2864544,1.0
2871744,1.0
2879520,1.0
2880864,1.0
2885312,1.0
2901312,1.0
2901984,1.0
2902144,1.0
2904032,1.0
2911296,1.0
2917184,1.0
2917952,1.0
2925632,1.0
2925824,1.0
2927328,1.0
2929920,1.0
2929984,1.0
2945440,1.0
2946880,1.0
2951872,1.0
2956608,1.0
2957632,1.0
2977952,1.0
2982848,1.0
2987616,1.0
2990176,1.0
2992896,1.0
3005152,1.0
3012448,1.0
3019616,1.0
3019840,1.0
3025088,1.0
3028480,1.0
3028736,1.0
3029056,1.0
3034848,1.0
3036352,1.0
3041184,1.0
3046240,1.0
3047616,1.0
3048096,1.0
3052576,1.0
3062176,1.0
3072864,1.0
3084800,1.0
3090400,1.0
3097248,1.0
3098848,1.0
3103488,1.0
3104288,1.0
3104672,1.0
3110784,1.0
3119488,1.0
3121312,1.0
3122784,1.0
3129504,1.0
3130848,1.0
3136384,1.0
3136896,1.0
3147648,1.0
3150656,1.0
3156000,1.0
3163616,1.0
3168480,1.0
3170944,1.0
3172608,1.0
3178336,1.0
3178752,1.0
3179840,1.0
3181472,1.0
3183104,1.0
3186464,1.0
3189568,1.0
3192352,1.0
3198016,1.0
3200000,1.0
3201504,1.0
3210144,1.0
3220800,1.0
3223392,1.0
3224256,1.0
3226208,1.0
3239264,1.0
3245728,1.0
3252096,1.0
3252192,1.0
3253120,1.0
3253696,1.0
3255200,1.0
3256768,1.0
3257024,1.0
3258688,1.0
3260064,1.0
3274624,1.0
3275296,1.0
3276640,1.0
3279232,1.0
3282976,1.0
3283840,1.0
3289216,1.0
3292672,1.0
3299808,1.0
3302144,1.0
3303008,1.0
3311424,1.0
3311712,1.0
3314208,1.0
3315712,1.0
3316736,1.0
3317600,1.0
3318432,1.0
3318912,1.0
3319680,1.0
3321312,1.0
3324768,1.0
3324992,1.0
3336256,1.0
3342912,1.0
3343264,1.0
3344128,1.0
3344416,1.0
3373632,1.0
3374880,1.0
3379648,1.0
3379776,1.0
3381984,1.0
3384768,1.0
3392032,1.0
3392544,1.0
3392992,1.0
3405664,1.0
3406592,1.0
3409408,1.0
3413984,1.0
3422144,1.0
3432096,1.0
3444128,1.0
3446432,1.0
3448992,1.0
3454048,1.0
3454656,1.0
3456736,1.0
3459744,1.0
3460352,1.0
3463136,1.0
3464672,1.0
3468704,1.0
3469440,1.0
3472320,1.0
3476160,1.0
3479520,1.0
3480576,1.0
3480960,1.0
3482112,1.0
3483520,1.0
3486176,1.0
3491296,1.0
3496416,1.0
3498176,1.0
3502176,1.0
3502720,1.0
3505376,1.0
3515104,1.0
3515872,1.0
3517472,1.0
3520800,1.0
3521088,1.0
3522304,1.0
3532032,1.0
3534848,1.0
3538400,1.0
3542656,1.0
3551936,1.0
3559072,1.0
3560256,1.0
3561184,1.0
3569856,1.0
3570400,1.0
3572736,1.0
3586048,1.0
3587392,1.0
3593600,1.0
3594912,1.0
3602784,1.0
3603648,1.0
3604960,1.0
3611552,1.0
3615040,1.0
3616288,1.0
3622400,1.0
3633600,1.0
3637312,1.0
3641536,1.0
3650240,1.0
3659456,1.0
3671168,1.0
3677472,1.0
3680448,1.0
3682816,1.0
3684768,1.0
3687200,1.0
3688832,1.0
3692736,1.0
3702240,1.0
3708672,1.0
3711072,1.0
3717824,1.0
3719840,1.0
3729440,1.0
3738464,1.0
3738912,1.0
3740288,1.0
3743008,1.0
3744704,1.0
3746048,1.0
3746688,1.0
3748352,1.0
3749344,1.0
3751296,1.0
3757696,1.0
3758560,1.0
3759360,1.0
3760192,1.0
3783392,1.0
3785408,1.0
3785824,1.0
3786208,1.0
3792672,1.0
3795296,1.0
3801824,1.0
3805088,1.0
3805728,1.0
3816352,1.0
3830976,1.0
3831040,1.0
3835072,1.0
3838848,1.0
3846240,1.0
3863616,1.0
3866400,1.0
3871296,1.0
3874048,1.0
3881344,1.0
3887328,1.0
3888512,1.0
3900128,1.0
3905984,1.0
3906208,1.0
3907488,1.0
3911296,1.0
3921856,1.0
3921888,1.0
3924032,1.0
3925760,1.0
3926560,1.0
3928512,1.0
3930848,1.0
3935584,1.0
3938432,1.0
3958400,1.0
3959168,1.0
3968704,1.0
3969760,1.0
3973120,1.0
3975904,1.0
3978240,1.0
3978912,1.0
3984480,1.0
3988064,1.0
3990144,1.0
3993504,1.0
3995584,1.0
3995616,1.0
3996960,1.0
4001504,1.0
4009920,1.0
4012864,1.0
4017632,1.0
4021280,1.0
4023264,1.0
4026304,1.0
4027360,1.0
4027584,1.0
4028736,1.0
4034816,1.0
4035296,1.0
4039232,1.0
4040992,1.0
4041024,1.0
4041568,1.0
4047904,1.0
4051680,1.0
4054304,1.0
4056288,1.0
4061056,1.0
4063680,1.0
4063904,1.0
4070368,1.0
4070944,1.0
4073632,1.0
4075168,1.0
4077280,1.0
4078432,1.0
4083296,1.0
4116896,1.0
4118784,1.0
4121600,1.0
4126688,1.0
4127008,1.0
4129792,1.0
4132608,1.0
4135328,1.0
4138496,1.0
4141504,1.0
4146400,1.0
4150368,1.0
4154048,1.0
4154496,1.0
4155232,1.0
4157504,1.0
4157824,1.0
4164416,1.0
4183936,1.0
4188704,1.0
4206304,1.0
4209216,1.0
4215328,1.0
4228128,1.0
4233344,1.0
4239392,1.0
4243040,1.0
4243264,1.0
4244576,1.0
4244608,1.0
4257632,1.0
4258880,1.0
4262624,1.0
4267360,1.0
4267584,1.0
4267648,1.0
4273504,1.0
4273664,1.0
4276480,1.0
4287744,1.0
4292128,1.0
4314656,1.0
4315328,1.0
4326176,1.0
4328064,1.0
4329120,1.0
4340256,1.0
4345632,1.0
4351296,1.0
4353792,1.0
4354336,1.0
4366656,1.0
4372736,1.0
4372864,1.0
4373248,1.0
4378880,1.0
4383904,1.0
4388544,1.0
4388672,1.0
4396416,1.0
4397792,1.0
4397888,1.0
4398816,1.0
4410336,1.0
4411072,1.0
4412672,1.0
4417216,1.0
4418368,1.0
4429056,1.0
4429088,1.0
4430624,1.0
4453056,1.0
4458528,1.0
4460064,1.0
4462848,1.0
4463680,1.0
4464800,1.0
4490368,1.0
4492512,1.0
4495136,1.0
4495584,1.0
4506304,1.0
4509632,1.0
4513696,1.0
4518016,1.0
4529280,1.0
4530464,1.0
4534496,1.0
4537056,1.0
4544000,1.0
4545024,1.0
4551328,1.0
4554976,1.0
4558176,1.0
4563520,1.0
4568384,1.0
4570240,1.0
4575520,1.0
4582976,1.0
4587264,1.0
4588640,1.0
4588704,1.0
4590048,1.0
4591456,1.0
4593664,1.0
4595424,1.0
4596320,1.0
4602784,1.0
4609504,1.0
4613152,1.0
4617088,1.0
4621664,1.0
4624704,1.0
4637248,1.0
4654624,1.0
4655936,1.0
4657728,1.0
4664896,1.0
4671040,1.0
4672064,1.0
4672544,1.0
4674752,1.0
4682208,1.0
4685216,1.0
4686080,1.0
4687552,1.0
4692768,1.0
4703328,1.0
4711584,1.0
4716224,1.0
4717568,1.0
4728704,1.0
4737952,1.0
4740960,1.0
4747392,1.0
4759584,1.0
4764672,1.0
4772096,1.0
4776032,1.0
4778496,1.0
4780992,1.0
4781184,1.0
4791840,1.0
4793472,1.0
4795296,1.0
4796128,1.0
4800160,1.0
4800576,1.0
4802496,1.0
4803904,1.0
4804544,1.0
4805248,1.0
4806112,1.0
4810400,1.0
4814848,1.0
4815712,1.0
4828704,1.0
4837312,1.0
4851744,1.0
4862016,1.0
4862976,1.0
4863840,1.0
4867168,1.0
4871200,1.0
4872736,1.0
4873472,1.0
4880256,1.0
4885216,1.0
4886880,1.0
4892160,1.0
4899200,1.0
4899648,1.0
4915840,1.0
4919744,1.0
4920160,1.0
4928832,1.0
4939616,1.0
4943904,1.0
4944896,1.0
4953440,1.0
4956224,1.0
4956384,1.0
4959008,1.0
4960544,1.0
4971072,1.0
4972576,1.0
4981280,1.0
4982368,1.0
4984448,1.0
5004512,1.0
5016192,1.0
5016896,1.0
5019008,1.0
5020960,1.0
5033856,1.0
5034912,1.0
5036768,1.0
5037664,1.0
5044544,1.0
5047968,1.0
5048640,1.0
5056032,1.0
5059200,1.0
5060512,1.0
5064032,1.0
5065440,1.0
5069472,1.0
5072704,1.0
5074656,1.0
5087008,1.0
5087744,1.0
5088224,1.0
5088672,1.0
5089152,1.0
5092000,1.0
5094624,1.0
5095648,1.0
5097024,1.0
5106912,1.0
5110912,1.0
5111872,1.0
5111936,1.0
5119200,1.0
5124256,1.0
5125600,1.0
5128928,1.0
5129536,1.0
5132608,1.0
5133600,1.0
5134688,1.0
5139776,1.0
5140928,1.0
5147392,1.0
5155776,1.0
5165824,1.0
5166752,1.0
5168608,1.0
5183520,1.0
5187680,1.0
5190240,1.0
5195008,1.0
5195232,1.0
5195712,1.0
5195936,1.0
5208320,1.0
5208896,1.0
5211488,1.0
5212928,1.0
5219584,1.0
5225344,1.0
5230976,1.0
5231008,1.0
5237024,1.0
5242208,1.0
5244160,1.0
5244512,1.0
5253824,1.0
5255680,1.0
5263040,1.0
5265888,1.0
5268960,1.0
5269536,1.0
5272736,1.0
5274560,1.0
5290496,1.0
5291712,1.0
5293408,1.0
5308448,1.0
5308544,1.0
5309888,1.0
5309952,1.0
5310048,1.0
5311968,1.0
5319232,1.0
5319808,1.0
5324384,1.0
5327776,1.0
5328672,1.0
5336448,1.0
5339936,1.0
5340512,1.0
5355104,1.0
5360480,1.0
5363872,1.0
5364832,1.0
5365376,1.0
5368960,1.0
5370752,1.0
5374016,1.0
5375456,1.0
5377280,1.0
5384928,1.0
5386400,1.0
5393248,1.0
5397248,1.0
5397760,1.0
5400736,1.0
5403072,1.0
5408800,1.0
5410080,1.0
5412768,1.0
5414016,1.0
5414848,1.0
5415232,1.0
5418976,1.0
5421344,1.0
5426784,1.0
5438048,1.0
5438304,1.0
5438592,1.0
5448928,1.0
5451744,1.0
5454016,1.0
5454464,1.0
5464288,1.0
5466464,1.0
5466720,1.0
5469216,1.0
5486656,1.0
5488896,1.0
5493408,1.0
5495424,1.0
5497344,1.0
5502176,1.0
5508288,1.0
5508832,1.0
5510880,1.0
5519872,1.0
5520640,1.0
5521600,1.0
5527488,1.0
5530944,1.0
5536768,1.0
5543904,1.0
5549472,1.0
5551232,1.0
5555456,1.0
5557536,1.0
5561024,1.0
5565056,1.0
5569152,1.0
5570368,1.0
5576544,1.0
5579008,1.0
5579040,1.0
5583424,1.0
5586432,1.0
5588736,1.0
5589152,1.0
5590784,1.0
5595008,1.0
5596864,1.0
5606176,1.0
5608960,1.0
5609824,1.0
5613152,1.0
5615168,1.0
5616832,1.0
5627840,1.0
5629824,1.0
5630080,1.0
5637504,1.0
5646464,1.0
5647392,1.0
5655232,1.0
5655584,1.0
5658784,1.0
5659488,1.0
5666656,1.0
5671456,1.0
5672384,1.0
5673440,1.0
5676000,1.0
5676096,1.0
5681664,1.0
5685408,1.0
5685728,1.0
5692704,1.0
5697568,1.0
5699072,1.0
5711040,1.0
5724992,1.0
5728320,1.0
5738528,1.0
5744864,1.0
5751200,1.0
5756640,1.0
5758464,1.0
5759008,1.0
5769824,1.0
5772352,1.0
5775776,1.0
5779552,1.0
5779648,1.0
5794944,1.0
5798272,1.0
5798592,1.0
5802784,1.0
5806880,1.0
5814144,1.0
5821280,1.0
5822592,1.0
5829216,1.0
5829952,1.0
5831904,1.0
5832832,1.0
5841376,1.0
5850688,1.0
5864352,1.0
5865408,1.0
5867008,1.0
5867616,1.0
5868384,1.0
5891168,1.0
5895680,1.0
5897664,1.0
5901728,1.0
5905024,1.0
5912960,1.0
5919488,1.0
5924832,1.0
5930176,1.0
5938752,1.0
5939296,1.0
5944448,1.0
5955808,1.0
5959776,1.0
5961056,1.0
5966944,1.0
5967232,1.0
5968544,1.0
5977216,1.0
5980576,1.0
5980640,1.0
5981888,1.0
5983200,1.0
5983840,1.0
5988096,1.0
5989120,1.0
5996128,1.0
5998336,1.0
6006048,1.0
6014624,1.0
6015552,1.0
6021792,1.0
6025376,1.0
6027904,1.0
6029120,1.0
6030208,1.0
6036544,1.0
6046464,1.0
6048352,1.0
6055840,1.0
6060064,1.0
6061344,1.0
6063552,1.0
6077472,1.0
6078304,1.0
6095840,1.0
6104384,1.0
6106304,1.0
6114304,1.0
6115520,1.0
6119072,1.0
6123456,1.0
6130112,1.0
6131232,1.0
6133280,1.0
6136352,1.0
6138432,1.0
6141856,1.0
6142304,1.0
6142336,1.0
6142592,1.0
6143008,1.0
6146400,1.0
6150304,1.0
6155104,1.0
6161600,1.0
6161696,1.0
6163136,1.0
6167456,1.0
6178304,1.0
6178656,1.0
6181376,1.0
6183840,1.0
6183904,1.0
6184192,1.0
6193344,1.0
6193952,1.0
6199808,1.0
6203136,1.0
6205312,1.0
6219712,1.0
6223360,1.0
6224224,1.0
6226528,1.0
6228800,1.0
6236064,1.0
6238432,1.0
6244000,1.0
6250112,1.0
6252288,1.0
6258848,1.0
6263840,1.0
6266144,1.0
6271392,1.0
6271680,1.0
6272224,1.0
6282848,1.0
6294400,1.0
6309824,1.0
6313504,1.0
6323424,1.0
6325600,1.0
6341472,1.0
6346112,1.0
6348256,1.0
6350240,1.0
6351296,1.0
6352704,1.0
6353280,1.0
6362112,1.0
6369536,1.0
6384832,1.0
6385824,1.0
6396256,1.0
6402432,1.0
6406592,1.0
6406944,1.0
6410400,1.0
6413632,1.0
6413696,1.0
6418368,1.0
6433920,1.0
6438848,1.0
6440480,1.0
6445184,1.0
6448000,1.0
6454784,1.0
6456992,1.0
6458368,1.0
6459872,1.0
6461664,1.0
6470240,1.0
6471040,1.0
6472352,1.0
6475904,1.0
6478848,1.0
6484288,1.0
6494176,1.0
6494272,1.0
6494496,1.0
6497088,1.0
6498528,1.0
6501632,1.0
6511776,1.0
6521856,1.0
6522400,1.0
6524768,1.0
6526400,1.0
6528160,1.0
6531776,1.0
6532960,1.0
6534816,1.0
6536800,1.0
6538144,1.0
6539040,1.0
6541248,1.0
6546368,1.0
6546528,1.0
6547200,1.0
6552768,1.0
6553696,1.0
6557824,1.0
6575264,1.0
6576608,1.0
6577856,1.0
6579488,1.0
6584544,1.0
6589984,1.0
6590304,1.0
6600032,1.0
6601024,1.0
6617248,1.0
6618752,1.0
6620512,1.0
6621120,1.0
6628832,1.0
6629184,1.0
6638880,1.0
6639680,1.0
6645440,1.0
6651104,1.0
6657472,1.0
6658848,1.0
6658912,1.0
6660096,1.0
6661536,1.0
6662944,1.0
6665024,1.0
6680448,1.0
6685536,1.0
6685792,1.0
6686592,1.0
6688160,1.0
6688672,1.0
6691328,1.0
6691360,1.0
6700416,1.0
6703648,1.0
6705632,1.0
6707232,1.0
6713344,1.0
6714464,1.0
6715616,1.0
6715936,1.0
6736160,1.0
6736352,1.0
6740512,1.0
6749248,1.0
6759776,1.0
6762944,1.0
6763744,1.0
6765344,1.0
6765856,1.0
6767680,1.0
6770208,1.0
6774304,1.0
6785056,1.0
6787200,1.0
6792640,1.0
6802400,1.0
6810208,1.0
6813408,1.0
6818624,1.0
6828320,1.0
6828416,1.0
6833632,1.0
6837952,1.0
6838208,1.0
6838592,1.0
6838944,1.0
6841504,1.0
6841952,1.0
6844160,1.0
6844672,1.0
6859552,1.0
6864512,1.0
6866880,1.0
6869408,1.0
6871808,1.0
6874432,1.0
6878400,1.0
6885600,1.0
6888736,1.0
6892320,1.0
6904736,1.0
6905312,1.0
6905792,1.0
6906784,1.0
6910688,1.0
6915200,1.0
6922368,1.0
6923040,1.0
6929120,1.0
6931296,1.0
6933568,1.0
6937632,1.0
6939200,1.0
6942976,1.0
6951264,1.0
6962048,1.0
6964864,1.0
6971552,1.0
6994208,1.0
6998720,1.0
7001632,1.0
7002016,1.0
7006464,1.0
7011072,1.0
7018048,1.0
7021376,1.0
7022880,1.0
7028096,1.0
7035968,1.0
7039968,1.0
7043904,1.0
7047296,1.0
7058656,1.0
7059232,1.0
7060384,1.0
7063936,1.0
7070944,1.0
7073088,1.0
7075104,1.0
7076896,1.0
7083296,1.0
7086496,1.0
7088160,1.0
7089344,1.0
7090144,1.0
7092064,1.0
7100192,1.0
7100608,1.0
7103744,1.0
7104160,1.0
7105984,1.0
7106176,1.0
7108960,1.0
7113984,1.0
7117536,1.0
7120224,1.0
7136736,1.0
7138176,1.0
7145728,1.0
7148064,1.0
7153472,1.0
7159776,1.0
7177952,1.0
7180000,1.0
7190080,1.0
7194400,1.0
7194720,1.0
7198112,1.0
7201792,1.0
7204800,1.0
7205184,1.0
7209216,1.0
7218528,1.0
7222016,1.0
7226848,1.0
7229088,1.0
7236576,1.0
7236608,1.0
7238464,1.0
7239776,1.0
7240288,1.0
7244224,1.0
7251456,1.0
7254208,1.0
7256192,1.0
7256224,1.0
7257728,1.0
7262016,1.0
7275712,1.0
7278176,1.0
7279808,1.0
7280320,1.0
7288736,1.0
7294784,1.0
7300704,1.0
7303872,1.0
7312640,1.0
7313440,1.0
7315104,1.0
7325216,1.0
7325344,1.0
7326816,1.0
7327136,1.0
7328416,1.0
7334784,1.0
7339904,1.0
7340640,1.0
7344288,1.0
7355424,1.0
7358496,1.0
7362752,1.0
7365536,1.0
7367872,1.0
7393504,1.0
7397248,1.0
7412640,1.0
7420384,1.0
7423712,1.0
7428160,1.0
7436992,1.0
7443744,1.0
7451936,1.0
7453760,1.0
7454208,1.0
7460384,1.0
7462720,1.0
7463648,1.0
7465792,1.0
7474080,1.0
7475040,1.0
7477792,1.0
7478208,1.0
7480256,1.0
7480960,1.0
7482336,1.0
7484512,1.0
7487680,1.0
7488032,1.0
7492544,1.0
7495040,1.0
7497632,1.0
7499040,1.0
7499712,1.0
7501696,1.0
7503616,1.0
7507040,1.0
7510368,1.0
7512544,1.0
7516736,1.0
7518112,1.0
7521792,1.0
7522016,1.0
7526048,1.0
7532032,1.0
7533152,1.0
7535872,1.0
7541856,1.0
7545664,1.0
7549536,1.0
7549824,1.0
7560704,1.0
7561152,1.0
7561632,1.0
7561824,1.0
7566720,1.0
7570464,1.0
7572640,1.0
7576608,1.0
7592512,1.0
7595712,1.0
7598976,1.0
7601952,1.0
7614400,1.0
7615520,1.0
7618880,1.0
7619744,1.0
7624320,1.0
7631904,1.0
7633248,1.0
7639520,1.0
7642144,1.0
7643200,1.0
7652128,1.0
7656288,1.0
7663264,1.0
7664608,1.0
7665568,1.0
7666944,1.0
7670880,1.0
7674176,1.0
7676032,1.0
7684992,1.0
7685184,1.0
7691520,1.0
7698112,1.0
7702688,1.0
7704992,1.0
7705440,1.0
7705600,1.0
7716448,1.0
7720672,1.0
7725280,1.0
7725408,1.0
7729984,1.0
7731872,1.0
7733344,1.0
7733472,1.0
7735648,1.0
7737568,1.0
7743744,1.0
7750016,1.0
7767232,1.0
7771360,1.0
7775072,1.0
7775264,1.0
7785472,1.0
7791456,1.0
7795008,1.0
7796928,1.0
7803040,1.0
7810688,1.0
7811296,1.0
7812544,1.0
7821024,1.0
7828416,1.0
7829184,1.0
7830752,1.0
7833216,1.0
7842880,1.0
7852416,1.0
7852736,1.0
7854336,1.0
7859488,1.0
7861696,1.0
7862656,1.0
7868384,1.0
7868576,1.0
7885152,1.0
7886272,1.0
7888064,1.0
7895648,1.0
7896832,1.0
7907488,1.0
7908224,1.0
7910624,1.0
7914752,1.0
7919712,1.0
7935584,1.0
7940640,1.0
7952672,1.0
7957472,1.0
7958656,1.0
7962880,1.0
7970720,1.0
7973856,1.0
7974208,1.0
7979232,1.0
7984224,1.0
7986240,1.0
7987680,1.0
7991936,1.0
7992768,1.0
7993408,1.0
7998816,1.0
8007136,1.0
8015104,1.0
8019296,1.0
8020352,1.0
8021472,1.0
8027808,1.0
8030304,1.0
8038560,1.0
8039008,1.0
8052000,1.0
8052032,1.0
8053856,1.0
8062144,1.0
8065024,1.0
8070880,1.0
8071840,1.0
8074560,1.0
8075712,1.0
8075968,1.0
8079072,1.0
8082784,1.0
8086208,1.0
8090176,1.0
8090944,1.0
8102784,1.0
8104256,1.0
8109568,1.0
8114336,1.0
8120576,1.0
8122240,1.0
8123232,1.0
8123872,1.0
8124608,1.0
8127392,1.0
8130016,1.0
8133536,1.0
8133856,1.0
8137184,1.0
8139456,1.0
8139936,1.0
8143424,1.0
8143808,1.0
8146496,1.0
8146912,1.0
8147264,1.0
8148960,1.0
8150112,1.0
8151392,1.0
8156640,1.0
8162176,1.0
8166112,1.0
8171808,1.0
8172960,1.0
8186656,1.0
8192416,1.0
8199680,1.0
8201312,1.0
8202528,1.0
8203296,1.0
8204000,1.0
8204224,1.0
8205600,1.0
8208736,1.0
8213184,1.0
8229920,1.0
8230112,1.0
8230816,1.0
8251008,1.0
8275392,1.0
8276096,1.0
8279488,1.0
8281408,1.0
8283456,1.0
8290368,1.0
8290976,1.0
8302400,1.0
8302880,1.0
8303616,1.0
8304576,1.0
8316960,1.0
8328736,1.0
8329728,1.0
8330528,1.0
8335264,1.0
8335680,1.0
8339712,1.0
8342464,1.0
8344032,1.0
8348032,1.0
8350656,1.0
8355584,1.0
8355712,1.0
8360800,1.0
8362240,1.0
8365440,1.0
8365760,1.0
8366016,1.0
8366240,1.0
8367264,1.0
8367456,1.0
8388352,1.0
8391264,1.0
8398656,1.0
8398816,1.0
8401824,1.0
8403808,1.0
8404928,1.0
8408352,1.0
8409952,1.0
8414016,1.0
8417888,1.0
8419936,1.0
8420384,1.0
8421536,1.0
8425408,1.0
8434528,1.0
8435776,1.0
8438752,1.0
8440640,1.0
8454656,1.0
8462080,1.0
8463360,1.0
8467840,1.0
8484416,1.0
8486816,1.0
8487552,1.0
8488160,1.0
8491456,1.0
8493760,1.0
8498976,1.0
8499040,1.0
8502208,1.0
8506304,1.0
8509632,1.0
8511296,1.0
8517248,1.0
8520992,1.0
8525280,1.0
8527360,1.0
8532128,1.0
8544928,1.0
8546592,1.0
8552160,1.0
8553600,1.0
8554848,1.0
8560128,1.0
8562048,1.0
8562464,1.0
8562560,1.0
8564480,1.0
8573440,1.0
8580320,1.0
8586688,1.0
8586752,1.0
8586944,1.0
8591232,1.0
8592608,1.0
8593664,1.0
8596096,1.0
8597632,1.0
8607872,1.0
8607936,1.0
8615904,1.0
8617888,1.0
8621152,1.0
8621632,1.0
8622016,1.0
8640096,1.0
8640416,1.0
8644224,1.0
8644320,1.0
8658944,1.0
8659072,1.0
8659328,1.0
8661312,1.0
8662016,1.0
8662720,1.0
8663584,1.0
8676512,1.0
8677280,1.0
8681472,1.0
8692992,1.0
8695584,1.0
8696352,1.0
8696640,1.0
8719104,1.0
8728448,1.0
8733248,1.0
8738528,1.0
8738912,1.0
8739904,1.0
8739968,1.0
8742816,1.0
8745440,1.0
8745472,1.0
8746592,1.0
8746752,1.0
8760128,1.0
8763648,1.0
8766944,1.0
8767328,1.0
8769216,1.0
8770976,1.0
8776832,1.0
8779936,1.0
8783136,1.0
8784224,1.0
8784960,1.0
8793696,1.0
8810368,1.0
8818592,1.0
8818944,1.0
8826496,1.0
8831424,1.0
8834240,1.0
8834784,1.0
8836800,1.0
8845344,1.0
8853088,1.0
8859680,1.0
8861216,1.0
8863552,1.0
8865088,1.0
8866816,1.0
8867392,1.0
8867968,1.0
8871840,1.0
8878848,1.0
8883680,1.0
8889088,1.0
8896704,1.0
8897120,1.0
8899616,1.0
8900704,1.0
8903168,1.0
8908640,1.0
8911200,1.0
8912000,1.0
8920032,1.0
8924032,1.0
8927360,1.0
8931968,1.0
8932032,1.0
8936128,1.0
8944896,1.0
8948416,1.0
8951104,1.0
8951904,1.0
8951968,1.0
8953504,1.0
8958688,1.0
8959136,1.0
8967456,1.0
8979552,1.0
8981600,1.0
8983744,1.0
8992416,1.0
9013536,1.0
9014784,1.0
9024384,1.0
9031008,1.0
9031264,1.0
9040576,1.0
9042240,1.0
9042656,1.0
9047840,1.0
9049344,1.0
9059776,1.0
9063136,1.0
9066464,1.0
9066848,1.0
9069920,1.0
9075232,1.0
9075360,1.0
9075680,1.0
9077504,1.0
9077984,1.0
9080448,1.0
9082080,1.0
9082208,1.0
9082976,1.0
9091584,1.0
9091936,1.0
9096480,1.0
9097152,1.0
9105344,1.0
9106368,1.0
9107680,1.0
9114368,1.0
9124000,1.0
9126080,1.0
9136832,1.0
9137344,1.0
9138912,1.0
9139776,1.0
9143200,1.0
9146464,1.0
9147680,1.0
9148576,1.0
9149504,1.0
9150656,1.0
9151616,1.0
9156832,1.0
9160576,1.0
9162208,1.0
9162848,1.0
9167424,1.0
9167616,1.0
9176128,1.0
9178304,1.0
9178496,1.0
9178528,1.0
9181824,1.0
9183552,1.0
9184864,1.0
9185376,1.0
9193248,1.0
9201888,1.0
9205184,1.0
9207680,1.0
9219552,1.0
9220512,1.0
9227904,1.0
9230464,1.0
9233024,1.0
9238528,1.0
9241728,1.0
9246272,1.0
9248128,1.0
9262912,1.0
9266016,1.0
9268096,1.0
9276672,1.0
9281728,1.0
9289184,1.0
9290272,1.0
9294848,1.0
9297184,1.0
9305824,1.0
9307552,1.0
9307744,1.0
9309120,1.0
9318976,1.0
9319072,1.0
9319904,1.0
9321184,1.0
9330688,1.0
9331392,1.0
9335296,1.0
9336224,1.0
9342816,1.0
9344000,1.0
9344192,1.0
9347744,1.0
9351104,1.0
9357952,1.0
9359520,1.0
9363264,1.0
9378240,1.0
9383264,1.0
9385600,1.0
9387744,1.0
9388640,1.0
9392512,1.0
9393664,1.0
9402272,1.0
9403296,1.0
9405472,1.0
9405824,1.0
9405888,1.0
9406112,1.0
9418592,1.0
9419264,1.0
9420288,1.0
9423968,1.0
9431808,1.0
9437760,1.0
9438336,1.0
9440512,1.0
9444384,1.0
9447136,1.0
9456672,1.0
9457888,1.0
9472160,1.0
9479776,1.0
9481280,1.0
9484864,1.0
9485792,1.0
9486304,1.0
9501088,1.0
9506240,1.0
9508928,1.0
9515584,1.0
9518784,1.0
9520192,1.0
9523648,1.0
9530752,1.0
9536544,1.0
9544256,1.0
9546816,1.0
9548928,1.0
9559552,1.0
9560000,1.0
9569952,1.0
9570368,1.0
9573056,1.0
9583392,1.0
9583488,1.0
9590016,1.0
9599968,1.0
9600448,1.0
9606336,1.0
9608032,1.0
9611648,1.0
9618624,1.0
9631104,1.0
9636800,1.0
9645600,1.0
9648896,1.0
9656448,1.0
9660736,1.0
9661024,1.0
9663328,1.0
9663680,1.0
9664736,1.0
9669440,1.0
9673120,1.0
9679808,1.0
9688480,1.0
9691744,1.0
9691872,1.0
9695296,1.0
9703328,1.0
9703904,1.0
9706944,1.0
9718016,1.0
9722784,1.0
9724160,1.0
9742272,1.0
9755840,1.0
9765056,1.0
9778560,1.0
9778976,1.0
9784352,1.0
9789760,1.0
9791424,1.0
9793856,1.0
9803392,1.0
9807520,1.0
9808992,1.0
9809376,1.0
9815584,1.0
9816416,1.0
9818464,1.0
9821824,1.0
9830592,1.0
9832192,1.0
9836416,1.0
9844192,1.0
9846528,1.0
9846624,1.0
9847424,1.0
9853632,1.0
9853920,1.0
9855104,1.0
9864832,1.0
9866112,1.0
9867008,1.0
9867040,1.0
9872544,1.0
9873248,1.0
9876320,1.0
9878944,1.0
9879936,1.0
9880928,1.0
9887072,1.0
9892448,1.0
9892992,1.0
9894016,1.0
9900896,1.0
9900992,1.0
9901824,1.0
9903968,1.0
9904928,1.0
9912128,1.0
9915200,1.0
9916352,1.0
9917344,1.0
9919328,1.0
9933344,1.0
9944384,1.0
9949440,1.0
9949920,1.0
9950368,1.0
9950432,1.0
9961728,1.0
9969568,1.0
9979200,1.0
9985728,1.0
9989152,1.0
9989312,1.0
9993600,1.0
10000288,1.0
10001536,1.0
10003392,1.0
10011008,1.0
10013472,1.0
10013632,1.0
10013952,1.0
10016288,1.0
10019424,1.0
10032128,1.0
10033600,1.0
10049888,1.0
10051616,1.0
10057568,1.0
10064256,1.0
10077856,1.0
10078272,1.0
10081472,1.0
10083104,1.0
10086784,1.0
10087712,1.0
10088832,1.0
10092224,1.0
10093344,1.0
10100896,1.0
10102528,1.0
10104000,1.0
10104192,1.0
10114432,1.0
10120704,1.0
10123072,1.0
10125824,1.0
10128032,1.0
10128096,1.0
10140416,1.0
10145856,1.0
10146560,1.0
10152544,1.0
10154176,1.0
10155616,1.0
10157152,1.0
10162592,1.0
10169408,1.0
10170144,1.0
10173088,1.0
10174464,1.0
10178720,1.0
10182528,1.0
10184672,1.0
10196640,1.0
10201408,1.0
10201920,1.0
10203712,1.0
10203776,1.0
10205472,1.0
10206752,1.0
10207168,1.0
10208640,1.0
10209344,1.0
10216160,1.0
10224512,1.0
10226176,1.0
10228192,1.0
10231840,1.0
10233152,1.0
10234048,1.0
10235168,1.0
10243264,1.0
10249056,1.0
10263264,1.0
10263392,1.0
10264768,1.0
10269248,1.0
10269568,1.0
10278624,1.0
10283456,1.0
10286144,1.0
10287936,1.0
10291808,1.0
10292672,1.0
10300896,1.0
10301376,1.0
10305856,1.0
10309504,1.0
10312544,1.0
10313376,1.0
10320992,1.0
10321504,1.0
10322592,1.0
10324416,1.0
10326176,1.0
10327264,1.0
10339968,1.0
10349856,1.0
10352096,1.0
10356032,1.0
10357152,1.0
10359040,1.0
10359488,1.0
10361888,1.0
10365760,1.0
10371424,1.0
10372960,1.0
10384288,1.0
10385440,1.0
10400352,1.0
10403040,1.0
10407616,1.0
10413088,1.0
10419968,1.0
10420448,1.0
10423104,1.0
10426208,1.0
10430016,1.0
10432800,1.0
10435040,1.0
10440832,1.0
10442528,1.0
10443552,1.0
10446368,1.0
10446592,1.0
10448480,1.0
10449024,1.0
10449792,1.0
10454112,1.0
10455520,1.0
10469120,1.0
10470688,1.0
10482656,1.0
10489792,1.0
10500000,1.0
10501024,1.0
10508320,1.0
10513440,1.0
10518400,1.0
10518816,1.0
10523680,1.0
10524320,1.0
10524704,1.0
10526528,1.0
10528320,1.0
10530912,1.0
10531904,1.0
10538656,1.0
10544192,1.0
10553088,1.0
10556224,1.0
10558944,1.0
10560640,1.0
10574688,1.0
10577216,1.0
10577408,1.0
10579872,1.0
10580256,1.0
10585344,1.0
10590560,1.0
10594656,1.0
10594848,1.0
10595360,1.0
10599488,1.0
10600608,1.0
10607776,1.0
10616320,1.0
10621920,1.0
10624832,1.0
10637664,1.0
10646048,1.0
10650016,1.0
10655840,1.0
10663552,1.0
10665824,1.0
10671104,1.0
10672320,1.0
10676256,1.0
10676352,1.0
10681792,1.0
10683488,1.0
10691520,1.0
10691584,1.0
10692064,1.0
10693152,1.0
10703904,1.0
10706112,1.0
10710048,1.0
10711232,1.0
10722528,1.0
10725120,1.0
10727904,1.0
10733152,1.0
10733664,1.0
10734816,1.0
10735744,1.0
10745184,1.0
10747040,1.0
10750144,1.0
10762336,1.0
10763712,1.0
10767744,1.0
10772128,1.0
10772576,1.0
10780768,1.0
10784448,1.0
10798720,1.0
10803488,1.0
10805024,1.0
10825312,1.0
10826240,1.0
10829920,1.0
10830112,1.0
10830656,1.0
10839104,1.0
10846368,1.0
10849408,1.0
10858560,1.0
10863936,1.0
10864928,1.0
10865664,1.0
10869536,1.0
10871776,1.0
10880352,1.0
10883456,1.0
10884320,1.0
10885920,1.0
10891712,1.0
10894976,1.0
10902496,1.0
10906464,1.0
10909920,1.0
10910688,1.0
10913280,1.0
10920480,1.0
10922368,1.0
10924128,1.0
10926304,1.0
10930432,1.0
10939616,1.0
10940096,1.0
10946816,1.0
10951808,1.0
10951968,1.0
10953664,1.0
10962912,1.0
10963072,1.0
10973472,1.0
10973952,1.0
10974144,1.0
10974944,1.0
10975936,1.0
10976832,1.0
10976992,1.0
10979040,1.0
10981920,1.0
10984704,1.0
11008224,1.0
11009504,1.0
11025856,1.0
11026336,1.0
11027232,1.0
11028672,1.0
11029440,1.0
11030528,1.0
11031104,1.0
11032224,1.0
11032992,1.0
11035072,1.0
11037824,1.0
11038112,1.0
11040064,1.0
11043840,1.0
11046944,1.0
11052224,1.0
11055200,1.0
11056736,1.0
11065696,1.0
11067072,1.0
11076192,1.0
11077984,1.0
11081088,1.0
11081504,1.0
11085920,1.0
11087040,1.0
11095968,1.0
11096064,1.0
11098432,1.0
11108896,1.0
11116096,1.0
11124448,1.0
11125568,1.0
11131104,1.0
11135456,1.0
11142304,1.0
11144512,1.0
11144960,1.0
11146432,1.0
11149056,1.0
11149440,1.0
11152544,1.0
11171776,1.0
11176352,1.0
11176896,1.0
11181248,1.0
11183136,1.0
11188288,1.0
11189376,1.0
11189536,1.0
11189824,1.0
11195968,1.0
11200896,1.0
11201056,1.0
11201824,1.0
11209184,1.0
11211904,1.0
11213728,1.0
11216416,1.0
11219072,1.0
11226368,1.0
11236736,1.0
11241920,1.0
11246656,1.0
11256064,1.0
11270752,1.0
11272512,1.0
11272672,1.0
11283936,1.0
11290656,1.0
11293536,1.0
11312096,1.0
11316352,1.0
11317632,1.0
11320160,1.0
11320640,1.0
11321888,1.0
11323840,1.0
11329440,1.0
11329888,1.0
11333120,1.0
11342304,1.0
11344800,1.0
11346720,1.0
11349088,1.0
11349504,1.0
11351520,1.0
11360992,1.0
11361536,1.0
11363360,1.0
11365760,1.0
11369920,1.0
11371776,1.0
11374528,1.0
11377920,1.0
11380160,1.0
11383872,1.0
11384064,1.0
11384480,1.0
11389664,1.0
11391168,1.0
11392416,1.0
11395104,1.0
11396480,1.0
11402944,1.0
11412192,1.0
11416864,1.0
11427008,1.0
11432640,1.0
11434240,1.0
11434944,1.0
11436256,1.0
11436992,1.0
11437312,1.0
11438240,1.0
11442432,1.0
11443040,1.0
11445088,1.0
11445792,1.0
11450400,1.0
11451968,1.0
11453344,1.0
11458336,1.0
11460000,1.0
11460640,1.0
11463552,1.0
11471648,1.0
11474592,1.0
11474752,1.0
11478208,1.0
11485792,1.0
11488416,1.0
11498048,1.0
11501024,1.0
11503552,1.0
11504032,1.0
11513760,1.0
11513792,1.0
11524576,1.0
11553248,1.0
11553376,1.0
11556960,1.0
11559360,1.0
11561472,1.0
11580032,1.0
11585408,1.0
11616800,1.0
11617696,1.0
11624128,1.0
11625440,1.0
11629056,1.0
11630240,1.0
11640096,1.0
11641536,1.0
11644832,1.0
11648288,1.0
11649568,1.0
11654304,1.0
11658432,1.0
11666400,1.0
11667552,1.0
11668704,1.0
11671680,1.0
11672064,1.0
11673344,1.0
11674496,1.0
11675392,1.0
11677728,1.0
11681632,1.0
11681664,1.0
11682176,1.0
11684064,1.0
11690144,1.0
11690976,1.0
11692032,1.0
11693024,1.0
11693088,1.0
11702784,1.0
11703520,1.0
11704768,1.0
11705408,1.0
11705856,1.0
11730016,1.0
11736768,1.0
11742080,1.0
11743936,1.0
11750048,1.0
11750176,1.0
11753760,1.0
11755200,1.0
11756864,1.0
11757440,1.0
11757568,1.0
11761088,1.0
11764256,1.0
11768064,1.0
11776480,1.0
11779584,1.0
11780672,1.0
11782912,1.0
11792736,1.0
11797952,1.0
11798976,1.0
11799872,1.0
11805952,1.0
11811392,1.0
11814240,1.0
11816512,1.0
11820256,1.0
11821792,1.0
11823456,1.0
11827872,1.0
11828096,1.0
11829152,1.0
11830848,1.0
11837344,1.0
11837408,1.0
11840224,1.0
11841248,1.0
11847328,1.0
11849472,1.0
11850528,1.0
11855040,1.0
11856352,1.0
11857856,1.0
11862848,1.0
11867488,1.0
11869312,1.0
11870752,1.0
11873824,1.0
11874048,1.0
11880992,1.0
11884864,1.0
11892256,1.0
11911232,1.0
11911392,1.0
11918624,1.0
11920384,1.0
11924448,1.0
11926272,1.0
11934688,1.0
11937440,1.0
11952768,1.0
11952992,1.0
11957312,1.0
11960768,1.0
11961536,1.0
11967168,1.0
11968096,1.0
11974496,1.0
11987040,1.0
11987424,1.0
11990368,1.0
11996064,1.0
11999360,1.0
12000320,1.0
12004544,1.0
12010080,1.0
12011680,1.0
12016672,1.0
12017248,1.0
12022912,1.0
12023584,1.0
12026432,1.0
12030400,1.0
12034784,1.0
12038656,1.0
12041216,1.0
12042912,1.0
12043392,1.0
12056224,1.0
12072960,1.0
12074720,1.0
12076832,1.0
12076928,1.0
12084032,1.0
12084544,1.0
12090080,1.0
12092512,1.0
12097280,1.0
12098560,1.0
12101600,1.0
12104320,1.0
12107136,1.0
12107840,1.0
12109440,1.0
12112096,1.0
12113568,1.0
12116512,1.0
12121152,1.0
12121568,1.0
12124096,1.0
12131168,1.0
12135168,1.0
12143520,1.0
12144128,1.0
12152352,1.0
12164576,1.0
12169056,1.0
12169824,1.0
12172160,1.0
12174848,1.0
12178528,1.0
12181184,1.0
12183936,1.0
12185728,1.0
12195328,1.0
12197920,1.0
12198464,1.0
12200416,1.0
12201248,1.0
12206144,1.0
12216224,1.0
12219488,1.0
12223104,1.0
12226176,1.0
12231840,1.0
12238144,1.0
12242944,1.0
12245632,1.0
12245664,1.0
12249696,1.0
12258400,1.0
12260992,1.0
12273408,1.0
12278272,1.0
12285280,1.0
12285600,1.0
12286496,1.0
12296384,1.0
12297216,1.0
12298336,1.0
12298528,1.0
12302144,1.0
12305024,1.0
12307424,1.0
12309088,1.0
12313280,1.0
12321536,1.0
12323904,1.0
12332864,1.0
12334560,1.0
12340672,1.0
12347968,1.0
12349408,1.0
12354528,1.0
12354752,1.0
12357280,1.0
12359264,1.0
12360128,1.0
12370432,1.0
12374272,1.0
12380800,1.0
12388992,1.0
12396448,1.0
12401184,1.0
12402048,1.0
12406944,1.0
12414016,1.0
12417056,1.0
12419264,1.0
12423424,1.0
12424736,1.0
12442496,1.0
12446784,1.0
12459232,1.0
12464512,1.0
12465344,1.0
12465504,1.0
12471968,1.0
12472448,1.0
12474208,1.0
12482592,1.0
12485184,1.0
12489888,1.0
12491328,1.0
12496576,1.0
12502912,1.0
12524224,1.0
12530912,1.0
12540000,1.0
12543872,1.0
12549248,1.0
12549792,1.0
12552256,1.0
12555840,1.0
12565600,1.0
12569440,1.0
12572352,1.0
12573440,1.0
12575328,1.0
12575456,1.0
12578560,1.0
12583680,1.0
12586912,1.0
12590240,1.0
12597728,1.0
12604608,1.0
12608896,1.0
12610784,1.0
12614912,1.0
12615744,1.0
12616256,1.0
12617312,1.0
12619456,1.0
12623072,1.0
12629536,1.0
12629632,1.0
12632096,1.0
12640192,1.0
12642304,1.0
12642560,1.0
12644160,1.0
12644288,1.0
12645984,1.0
12647968,1.0
12651296,1.0
12651936,1.0
12652320,1.0
12660224,1.0
12664544,1.0
12670048,1.0
12671136,1.0
12685216,1.0
12685792,1.0
12692256,1.0
12706688,1.0
12712608,1.0
12715072,1.0
12717408,1.0
12719360,1.0
12719456,1.0
12719968,1.0
12723648,1.0
12724640,1.0
12730464,1.0
12735104,1.0
12737088,1.0
12748320,1.0
12751680,1.0
12772736,1.0
12776864,1.0
12778016,1.0
12785504,1.0
12787904,1.0
12790176,1.0
12792416,1.0
12795360,1.0
12804448,1.0
12806976,1.0
12808288,1.0
12814880,1.0
12823584,1.0
12832256,1.0
12838048,1.0
12843200,1.0
12859904,1.0
12868288,1.0
12868992,1.0
12870464,1.0
12871584,1.0
12873344,1.0
12881056,1.0
12891712,1.0
12893952,1.0
12897440,1.0
12899680,1.0
12901760,1.0
12907584,1.0
12907808,1.0
12919776,1.0
12921504,1.0
12926848,1.0
12932128,1.0
12935168,1.0
12938400,1.0
12961024,1.0
12967488,1.0
12969344,1.0
12970464,1.0
12971968,1.0
12975840,1.0
12976288,1.0
12982912,1.0
12984672,1.0
12984768,1.0
12988032,1.0
12988864,1.0
12996928,1.0
13002848,1.0
13012448,1.0
13034496,1.0
13035904,1.0
13036672,1.0
13037632,1.0
13040608,1.0
13040672,1.0
13051552,1.0
13052096,1.0
13053888,1.0
13054784,1.0
13056320,1.0
13056544,1.0
13061056,1.0
13064992,1.0
13065440,1.0
13068192,1.0
13072448,1.0
13084928,1.0
13093120,1.0
13095264,1.0
13099552,1.0
13100768,1.0
13109024,1.0
13110112,1.0
13116000,1.0
13118432,1.0
13120800,1.0
13128512,1.0
13129408,1.0
13132416,1.0
13136128,1.0
13139872,1.0
13142496,1.0
13149120,1.0
13154176,1.0
13157760,1.0
13157888,1.0
13158400,1.0
13165184,1.0
13179232,1.0
13184384,1.0
13189536,1.0
13204864,1.0
13206368,1.0
13207392,1.0
13216032,1.0
13216320,1.0
13218592,1.0
13221664,1.0
13224768,1.0
13226400,1.0
13228064,1.0
13232576,1.0
13237536,1.0
13247424,1.0
13248256,1.0
13250528,1.0
13254208,1.0
13260384,1.0
13267680,1.0
13269376,1.0
13273152,1.0
13274272,1.0
13274592,1.0
13277760,1.0
13279968,1.0
13290432,1.0
13292224,1.0
13295744,1.0
13305696,1.0
13308544,1.0
13308928,1.0
13310816,1.0
13314944,1.0
13316704,1.0
13325696,1.0
13325824,1.0
13329632,1.0
13330656,1.0
13330720,1.0
13334240,1.0
13334944,1.0
13335872,1.0
13349184,1.0
13353376,1.0
13354496,1.0
13364256,1.0
13367264,1.0
13369152,1.0
13373024,1.0
13375008,1.0
13379296,1.0
13379328,1.0
13384544,1.0
13386560,1.0
13388992,1.0
13392608,1.0
13392736,1.0
13393600,1.0
13394080,1.0
13395008,1.0
13395424,1.0
13398240,1.0
13404448,1.0
13404992,1.0
13411936,1.0
13412096,1.0
13414752,1.0
13416608,1.0
13416704,1.0
13418656,1.0
13423552,1.0
13429344,1.0
13431872,1.0
13437824,1.0
13450944,1.0
13456288,1.0
13456800,1.0
13457984,1.0
13462656,1.0
13466176,1.0
13467808,1.0
13471328,1.0
13480096,1.0
13483456,1.0
13484352,1.0
13488480,1.0
13492352,1.0
13492640,1.0
13493216,1.0
13495904,1.0
13498528,1.0
13521280,1.0
13526176,1.0
13527200,1.0
13533984,1.0
13548512,1.0
13550784,1.0
13552000,1.0
13556096,1.0
13561856,1.0
13580448,1.0
13581792,1.0
13589568,1.0
13609792,1.0
13614848,1.0
13616864,1.0
13617664,1.0
13618368,1.0
13622240,1.0
13623072,1.0
13623392,1.0
13626912,1.0
13628800,1.0
13629664,1.0
13630112,1.0
13637984,1.0
13638976,1.0
13640416,1.0
13652864,1.0
13667648,1.0
13675616,1.0
13681472,1.0
13681568,1.0
13682496,1.0
13688576,1.0
13688928,1.0
13690432,1.0
13694976,1.0
13704480,1.0
13704896,1.0
13712160,1.0
13713504,1.0
13715712,1.0
13736576,1.0
13738752,1.0
13742400,1.0
13743392,1.0
13744928,1.0
13758784,1.0
13767904,1.0
13770880,1.0
13774912,1.0
13777696,1.0
13782496,1.0
13784928,1.0
13785696,1.0
13787744,1.0
13789728,1.0
13790528,1.0
13797504,1.0
13798912,1.0
13802688,1.0
13806336,1.0
13806912,1.0
13808096,1.0
13813376,1.0
13814112,1.0
13817504,1.0
13831200,1.0
13832064,1.0
13833504,1.0
13834016,1.0
13838208,1.0
13839264,1.0
13840448,1.0
13845664,1.0
13846432,1.0
13851424,1.0
13852416,1.0
13854368,1.0
13855648,1.0
13860896,1.0
13861344,1.0
13864384,1.0
13870624,1.0
13871232,1.0
13878656,1.0
13880704,1.0
13883872,1.0
13891712,1.0
13893344,1.0
13894144,1.0
13899104,1.0
13901312,1.0
13902464,1.0
13906176,1.0
13915808,1.0
13917440,1.0
13924864,1.0
13929632,1.0
13931104,1.0
13939776,1.0
13943776,1.0
13954080,1.0
13963872,1.0
13965760,1.0
13966144,1.0
13967040,1.0
13972704,1.0
13977792,1.0
13980544,1.0
13982752,1.0
13989248,1.0
13993856,1.0
13998784,1.0
14007136,1.0
14012448,1.0
14019488,1.0
14020448,1.0
14025344,1.0
14025568,1.0
14028672,1.0
14038816,1.0
14041760,1.0
14044192,1.0
14046336,1.0
14051232,1.0
14053952,1.0
14064384,1.0
14064704,1.0
14065024,1.0
14065312,1.0
14069920,1.0
14072768,1.0
14082336,1.0
14084704,1.0
14089760,1.0
14095392,1.0
14096192,1.0
14106464,1.0
14108704,1.0
14119136,1.0
14124544,1.0
14125856,1.0
14126976,1.0
14130656,1.0
14132640,1.0
14133760,1.0
14134400,1.0
14143936,1.0
14155072,1.0
14155104,1.0
14155136,1.0
14156128,1.0
14159392,1.0
14163200,1.0
14168256,1.0
14173920,1.0
14178720,1.0
14194912,1.0
14197120,1.0
14201216,1.0
14208032,1.0
14208384,1.0
14218656,1.0
14218848,1.0
14222752,1.0
14227648,1.0
14232064,1.0
14235104,1.0
14235712,1.0
14245984,1.0
14246304,1.0
14246528,1.0
14248192,1.0
14252448,1.0
14259424,1.0
14264384,1.0
14269088,1.0
14271392,1.0
14274240,1.0
14274624,1.0
14277216,1.0
14278528,1.0
14279072,1.0
14280544,1.0
14281984,1.0
14288032,1.0
14297152,1.0
14303648,1.0
14306848,1.0
14307360,1.0
14310560,1.0
14313664,1.0
14314784,1.0
14315008,1.0
14315232,1.0
14316256,1.0
14326304,1.0
14327872,1.0
14357536,1.0
14369472,1.0
14380736,1.0
14385888,1.0
14390240,1.0
14397344,1.0
14403456,1.0
14403648,1.0
14406048,1.0
14418880,1.0
14422144,1.0
14432960,1.0
14434912,1.0
14438016,1.0
14444512,1.0
14451392,1.0
14454976,1.0
14456576,1.0
14465184,1.0
14466944,1.0
14475360,1.0
14476032,1.0
14479040,1.0
14480512,1.0
14491904,1.0
14500032,1.0
14500256,1.0
14505824,1.0
14506560,1.0
14506624,1.0
14506848,1.0
14507680,1.0
14510784,1.0
14511936,1.0
14515200,1.0
14515680,1.0
14524960,1.0
14525728,1.0
14526400,1.0
14527040,1.0
14528480,1.0
14529152,1.0
14533504,1.0
14536384,1.0
14539136,1.0
14558304,1.0
14558592,1.0
14561536,1.0
14564960,1.0
14565856,1.0
14569920,1.0
14572640,1.0
14579328,1.0
14579840,1.0
14579904,1.0
14581088,1.0
14593952,1.0
14593984,1.0
14594144,1.0
14596416,1.0
14596480,1.0
14600480,1.0
14607232,1.0
14610208,1.0
14615104,1.0
14617632,1.0
14618208,1.0
14621504,1.0
14632960,1.0
14637248,1.0
14649888,1.0
14661408,1.0
14665024,1.0
14673216,1.0
14681312,1.0
14682656,1.0
14684768,1.0
14685312,1.0
14689824,1.0
14694048,1.0
14696128,1.0
14702016,1.0
14707392,1.0
14713216,1.0
14715264,1.0
14715904,1.0
14717344,1.0
14718080,1.0
14723872,1.0
14724160,1.0
14724288,1.0
14724864,1.0
14728768,1.0
14732224,1.0
14733088,1.0
14733312,1.0
14735840,1.0
14737536,1.0
14740416,1.0
14742368,1.0
14745984,1.0
14746624,1.0
14749952,1.0
14752704,1.0
14754144,1.0
14762528,1.0
14763584,1.0
14770496,1.0
14776800,1.0
14782112,1.0
14782208,1.0
14782560,1.0
14782976,1.0
14784032,1.0
14787872,1.0
14797920,1.0
14798496,1.0
14799296,1.0
14800672,1.0
14805376,1.0
14811744,1.0
14813856,1.0
14814592,1.0
14816576,1.0
14817280,1.0
14819712,1.0
14829184,1.0
14841728,1.0
14845952,1.0
14852896,1.0
14857440,1.0
14861376,1.0
14867552,1.0
14868672,1.0
14879680,1.0
14886880,1.0
14888864,1.0
14897568,1.0
14898016,1.0
14898720,1.0
14900512,1.0
14900640,1.0
14908224,1.0
14909792,1.0
14910048,1.0
14913152,1.0
14914752,1.0
14926240,1.0
14931008,1.0
14935200,1.0
14936640,1.0
14942048,1.0
14945664,1.0
14950656,1.0
14952704,1.0
14955200,1.0
14959424,1.0
14965568,1.0
14984832,1.0
14984960,1.0
14985792,1.0
14991392,1.0
14992832,1.0
14994624,1.0
14995200,1.0
15000416,1.0
15014144,1.0
15022496,1.0
15030720,1.0
15037248,1.0
15046752,1.0
15048544,1.0
15058144,1.0
15068160,1.0
15069024,1.0
15071776,1.0
15084576,1.0
15092320,1.0
15092896,1.0
15094720,1.0
15096960,1.0
15104288,1.0
15107008,1.0
15109696,1.0
15121952,1.0
15131680,1.0
15133248,1.0
15135552,1.0
15141760,1.0
15146432,1.0
15148800,1.0
15158624,1.0
15164832,1.0
15173632,1.0
15178816,1.0
15179552,1.0
15181440,1.0
15184512,1.0
15193824,1.0
15194784,1.0
15195584,1.0
15197376,1.0
15197632,1.0
15198144,1.0
15199648,1.0
15200352,1.0
15203840,1.0
15204000,1.0
15205536,1.0
15213504,1.0
15216160,1.0
15220608,1.0
15225024,1.0
15229536,1.0
15247904,1.0
15254208,1.0
15256864,1.0
15265632,1.0
15271360,1.0
15274336,1.0
15278080,1.0
15295072,1.0
15303264,1.0
15303296,1.0
15312576,1.0
15314112,1.0
15317600,1.0
15318048,1.0
15321152,1.0
15325920,1.0
15332384,1.0
15333408,1.0
15336576,1.0
15344256,1.0
15344576,1.0
15357088,1.0
15357408,1.0
15364544,1.0
15365472,1.0
15369088,1.0
15371808,1.0
15372480,1.0
15379968,1.0
15380640,1.0
15384000,1.0
15390784,1.0
15393856,1.0
15398688,1.0
15404640,1.0
15405120,1.0
15408832,1.0
15415232,1.0
15423840,1.0
15430720,1.0
15432864,1.0
15435808,1.0
15439232,1.0
15439552,1.0
15440128,1.0
15441728,1.0
15446592,1.0
15450240,1.0
15462080,1.0
15464032,1.0
15465088,1.0
15465920,1.0
15489376,1.0
15496992,1.0
15503328,1.0
15514880,1.0
15516704,1.0
15520608,1.0
15523264,1.0
15526592,1.0
15530688,1.0
15538880,1.0
15541600,1.0
15542656,1.0
15546400,1.0
15549536,1.0
15554048,1.0
15561696,1.0
15576992,1.0
15580288,1.0
15580320,1.0
15586112,1.0
15593408,1.0
15600896,1.0
15602144,1.0
15603296,1.0
15606080,1.0
15606784,1.0
15608864,1.0
15622880,1.0
15630560,1.0
15640224,1.0
15642976,1.0
15645280,1.0
15646080,1.0
15648480,1.0
15651488,1.0
15652576,1.0
15652640,1.0
15659328,1.0
15660000,1.0
15660256,1.0
15665152,1.0
15668576,1.0
15673248,1.0
15673920,1.0
15674528,1.0
15678848,1.0
15683520,1.0
15683840,1.0
15687072,1.0
15689888,1.0
15692320,1.0
15709376,1.0
15712096,1.0
15712736,1.0
15713536,1.0
15717088,1.0
15717632,1.0
15717760,1.0
15721728,1.0
15725728,1.0
15726848,1.0
15728160,1.0
15731136,1.0
15733248,1.0
15733280,1.0
15734432,1.0
15735328,1.0
15739744,1.0
15741312,1.0
15745056,1.0
15747776,1.0
15747872,1.0
15760032,1.0
15761856,1.0
15764352,1.0
15767776,1.0
15776704,1.0
15782816,1.0
15786464,1.0
15792192,1.0
15796864,1.0
15797312,1.0
15809440,1.0
15811040,1.0
15813088,1.0
15814016,1.0
15814080,1.0
15815072,1.0
15817184,1.0
15821088,1.0
15832032,1.0
15832352,1.0
15840896,1.0
15852928,1.0
15858976,1.0
15867552,1.0
15868960,1.0
15871072,1.0
15874944,1.0
15885888,1.0
15891776,1.0
15898848,1.0
15912064,1.0
15918016,1.0
15918848,1.0
15925024,1.0
15927136,1.0
15930944,1.0
15950464,1.0
15952640,1.0
15955040,1.0
15957952,1.0
15958432,1.0
15959904,1.0
15962976,1.0
15965728,1.0
15971808,1.0
15972352,1.0
15972384,1.0
15979072,1.0
15980224,1.0
15982496,1.0
15986144,1.0
15992672,1.0
15996160,1.0
15997344,1.0
16000160,1.0
16002304,1.0
16002400,1.0
16014048,1.0
16020128,1.0
16037728,1.0
16039200,1.0
16043680,1.0
16045760,1.0
16046816,1.0
16047040,1.0
16051264,1.0
16052160,1.0
16052416,1.0
16056032,1.0
16066656,1.0
16067072,1.0
16067488,1.0
16069568,1.0
16078432,1.0
16079168,1.0
16079264,1.0
16081376,1.0
16082144,1.0
16082464,1.0
16085920,1.0
16092288,1.0
16094368,1.0
16095296,1.0
16103264,1.0
16113248,1.0
16118016,1.0
16118528,1.0
16136704,1.0
16137760,1.0
16142176,1.0
16144000,1.0
16145216,1.0
16149184,1.0
16156256,1.0
16158432,1.0
16161536,1.0
16162208,1.0
16162464,1.0
16169536,1.0
16171040,1.0
16171328,1.0
16174176,1.0
16177440,1.0
16182464,1.0
16183552,1.0
16185248,1.0
16190528,1.0
16204448,1.0
16209824,1.0
16209920,1.0
16210016,1.0
16213664,1.0
16219904,1.0
16224736,1.0
16225216,1.0
16228000,1.0
16233024,1.0
16234880,1.0
16241440,1.0
16242208,1.0
16250496,1.0
16256608,1.0
16266688,1.0
16267488,1.0
16269472,1.0
16270688,1.0
16271168,1.0
16273952,1.0
16275136,1.0
16277696,1.0
16281376,1.0
16282624,1.0
16283840,1.0
16287328,1.0
16293344,1.0
16294464,1.0
16297632,1.0
16300448,1.0
16308576,1.0
16325568,1.0
16328832,1.0
16328928,1.0
16330816,1.0
16332128,1.0
16332768,1.0
16333664,1.0
16340416,1.0
16341632,1.0
16341856,1.0
16346080,1.0
16358400,1.0
16362368,1.0
16365344,1.0
16365376,1.0
16365472,1.0
16365760,1.0
16365888,1.0
16373376,1.0
16377120,1.0
16380320,1.0
16381056,1.0
16381184,1.0
16384992,1.0
16385504,1.0
16388064,1.0
16392160,1.0
16393632,1.0
16401760,1.0
16404320,1.0
16418784,1.0
16427904,1.0
16436128,1.0
16439296,1.0
16452928,1.0
16453536,1.0
16453920,1.0
16454976,1.0
16456736,1.0
16457216,1.0
16458912,1.0
16463328,1.0
16466528,1.0
16467072,1.0
16476096,1.0
16481536,1.0
16481568,1.0
16481920,1.0
16489312,1.0
16489408,1.0
16491008,1.0
16494976,1.0
16500640,1.0
16504416,1.0
16506752,1.0
16518272,1.0
16528768,1.0
16529984,1.0
16533216,1.0
16537440,1.0
16537888,1.0
16538976,1.0
16543744,1.0
16545152,1.0
16550944,1.0
16552128,1.0
16554336,1.0
16554944,1.0
16556192,1.0
16559904,1.0
16560064,1.0
16565632,1.0
16570144,1.0
16579136,1.0
16587968,1.0
16593344,1.0
16598112,1.0
16616160,1.0
16622944,1.0
16624576,1.0
16625184,1.0
16628256,1.0
16629888,1.0
16640192,1.0
16644608,1.0
16650752,1.0
16650912,1.0
16653056,1.0
16656448,1.0
16657408,1.0
16658048,1.0
16659552,1.0
16664928,1.0
16667200,1.0
16670912,1.0
16673344,1.0
16679648,1.0
16684736,1.0
16690752,1.0
16692960,1.0
16696096,1.0
16698176,1.0
16705472,1.0
16712704,1.0
16718368,1.0
16719040,1.0
16721568,1.0
16724224,1.0
16724704,1.0
16725920,1.0
16727072,1.0
16729920,1.0
16740352,1.0
16746752,1.0
16751648,1.0
16759392,1.0
16759584,1.0
16766112,1.0
16767584,1.0
16778176,1.0
16778784,1.0
16780896,1.0
16785728,1.0
16785888,1.0
16788576,1.0
16795168,1.0
16801088,1.0
16815456,1.0
16817280,1.0
16818240,1.0
16827104,1.0
16829024,1.0
16832192,1.0
16836640,1.0
16840128,1.0
16847424,1.0
16847936,1.0
16854976,1.0
16856320,1.0
16859008,1.0
16865824,1.0
16865856,1.0
16883520,1.0
16890016,1.0
16898240,1.0
16900384,1.0
16902080,1.0
16906016,1.0
16924832,1.0
16932512,1.0
16934176,1.0
16936896,1.0
16937504,1.0
16945952,1.0
16946944,1.0
16959200,1.0
16960160,1.0
16962240,1.0
16978976,1.0
16979040,1.0
16982208,1.0
16993376,1.0
16994432,1.0
17000736,1.0
17007520,1.0
17009312,1.0
17014816,1.0
17016416,1.0
17017344,1.0
17017504,1.0
17019936,1.0
17022080,1.0
17023104,1.0
17023488,1.0
17026688,1.0
17034176,1.0
17036192,1.0
17038880,1.0
17039232,1.0
17040096,1.0
17041888,1.0
17052928,1.0
17061888,1.0
17064576,1.0
17064800,1.0
17065120,1.0
17065632,1.0
17066784,1.0
17079520,1.0
17081344,1.0
17081504,1.0
17084544,1.0
17087168,1.0
17087488,1.0
17091552,1.0
17094688,1.0
17098912,1.0
17099104,1.0
17100352,1.0
17102400,1.0
17109600,1.0
17111008,1.0
17123200,1.0
17135744,1.0
17137056,1.0
17143008,1.0
17154688,1.0
17155936,1.0
17158784,1.0
17162048,1.0
17163616,1.0
17165408,1.0
17176256,1.0
17178816,1.0
17180640,1.0
17182784,1.0
17183104,1.0
17189600,1.0
17191840,1.0
17203104,1.0
17204096,1.0
17207680,1.0
17211552,1.0
17218752,1.0
17225152,1.0
17226752,1.0
17233952,1.0
17234080,1.0
17239040,1.0
17242656,1.0
17251200,1.0
17262016,1.0
17264256,1.0
17265280,1.0
17267680,1.0
17269120,1.0
17269376,1.0
17269856,1.0
17283520,1.0
17285824,1.0
17290336,1.0
17293792,1.0
17300864,1.0
17311040,1.0
17313376,1.0
17313728,1.0
17315776,1.0
17317664,1.0
17318240,1.0
17324288,1.0
17328000,1.0
17331552,1.0
17337888,1.0
17340320,1.0
17343584,1.0
17353856,1.0
17356544,1.0
17360864,1.0
17366080,1.0
17370400,1.0
17377920,1.0
17385664,1.0
17399328,1.0
17399744,1.0
17402400,1.0
17404352,1.0
17406784,1.0
17410336,1.0
17414656,1.0
17416288,1.0
17422816,1.0
17436512,1.0
17442080,1.0
17443616,1.0
17450816,1.0
17454176,1.0
17455232,1.0
17459008,1.0
17465376,1.0
17465760,1.0
17466112,1.0
17469920,1.0
17473216,1.0
17480320,1.0
17481088,1.0
17487232,1.0
17491040,1.0
17491296,1.0
17491360,1.0
17495776,1.0
17497952,1.0
17498400,1.0
17509152,1.0
17514144,1.0
17518912,1.0
17523008,1.0
17523072,1.0
17528704,1.0
17529408,1.0
17534208,1.0
17535392,1.0
17547520,1.0
17553792,1.0
17553824,1.0
17554528,1.0
17561920,1.0
17566080,1.0
17570112,1.0
17578496,1.0
17579200,1.0
17581088,1.0
17594848,1.0
17598976,1.0
17612064,1.0
17612352,1.0
17612864,1.0
17614400,1.0
17614976,1.0
17620736,1.0
17623680,1.0
17640064,1.0
17640544,1.0
17641280,1.0
17646272,1.0
17647776,1.0
17649184,1.0
17658208,1.0
17669056,1.0
17671968,1.0
17678496,1.0
17679136,1.0
17688512,1.0
17688864,1.0
17697760,1.0
17703584,1.0
17709728,1.0
17712928,1.0
17714496,1.0
17716960,1.0
17723392,1.0
17723424,1.0
17727968,1.0
17735136,1.0
17738432,1.0
17753440,1.0
17757344,1.0
17767808,1.0
17768064,1.0
17770944,1.0
17773920,1.0
17778112,1.0
17780032,1.0
17784448,1.0
17786816,1.0
17793568,1.0
17813216,1.0
17821056,1.0
17823840,1.0
17827072,1.0
17829280,1.0
17833376,1.0
17835008,1.0
17835456,1.0
17835744,1.0
17841216,1.0
17841888,1.0
17848224,1.0
17851104,1.0
17852736,1.0
17866656,1.0
17866976,1.0
17867104,1.0
17870016,1.0
17874976,1.0
17878912,1.0
17885280,1.0
17885536,1.0
17897312,1.0
17898016,1.0
17901568,1.0
17901760,1.0
17909440,1.0
17910400,1.0
17912544,1.0
17914752,1.0
17918272,1.0
17925632,1.0
17930656,1.0
17930688,1.0
17931200,1.0
17932096,1.0
17941312,1.0
17941536,1.0
17948096,1.0
17958144,1.0
17962400,1.0
17965856,1.0
17966912,1.0
17967712,1.0
17974432,1.0
17975968,1.0
17980064,1.0
17980640,1.0
17992928,1.0
18014816,1.0
18018912,1.0
18022080,1.0
18023424,1.0
18026592,1.0
18033536,1.0
18035808,1.0
18036320,1.0
18039392,1.0
18044960,1.0
18046272,1.0
18056160,1.0
18066656,1.0
18068640,1.0
18072416,1.0
18074464,1.0
18078752,1.0
18091200,1.0
18092224,1.0
18092928,1.0
18095712,1.0
18097760,1.0
18097792,1.0
18110048,1.0
18112000,1.0
18113504,1.0
18113952,1.0
18114016,1.0
18117408,1.0
18124064,1.0
18128096,1.0
18129248,1.0
18129760,1.0
18131040,1.0
18135616,1.0
18146400,1.0
18148192,1.0
18149504,1.0
18157984,1.0
18163424,1.0
18170976,1.0
18175488,1.0
18182080,1.0
18182464,1.0
18182816,1.0
18185280,1.0
18195616,1.0
18202208,1.0
18203424,1.0
18208320,1.0
18214656,1.0
18224352,1.0
18235808,1.0
18236000,1.0
18245184,1.0
18246144,1.0
18249184,1.0
18249600,1.0
18250336,1.0
18259456,1.0
18260992,1.0
18262144,1.0
18262176,1.0
18264608,1.0
18272288,1.0
18278336,1.0
18285408,1.0
18287424,1.0
18290272,1.0
18292000,1.0
18293024,1.0
18297056,1.0
18298112,1.0
18302784,1.0
18305216,1.0
18307936,1.0
18313056,1.0
18313504,1.0
18314976,1.0
18318464,1.0
18318784,1.0
18325312,1.0
18329344,1.0
18348864,1.0
18352256,1.0
18352512,1.0
18352800,1.0
18359552,1.0
18360608,1.0
18366016,1.0
18376512,1.0
18383840,1.0
18384928,1.0
18386848,1.0
18395808,1.0
18399840,1.0
18405056,1.0
18406144,1.0
18406880,1.0
18408320,1.0
18411680,1.0
18412864,1.0
18413408,1.0
18424704,1.0
18425536,1.0
18427744,1.0
18432352,1.0
18437024,1.0
18445792,1.0
18446048,1.0
18448224,1.0
18456000,1.0
18457952,1.0
18459456,1.0
18464320,1.0
18466912,1.0
18470176,1.0
18477280,1.0
18483008,1.0
18497408,1.0
18500384,1.0
18502400,1.0
18504928,1.0
18505504,1.0
18509312,1.0
18516928,1.0
18517120,1.0
18520896,1.0
18525216,1.0
18529824,1.0
18538240,1.0
18545312,1.0
18558784,1.0
18559008,1.0
18565312,1.0
18567776,1.0
18569184,1.0
18569216,1.0
18572992,1.0
18578752,1.0
18588320,1.0
18590592,1.0
18591840,1.0
18594496,1.0
18594656,1.0
18596224,1.0
18599456,1.0
18599840,1.0
18602816,1.0
18604608,1.0
18604672,1.0
18610432,1.0
18620832,1.0
18621184,1.0
18623104,1.0
18628384,1.0
18629632,1.0
18629984,1.0
18630368,1.0
18631104,1.0
18633184,1.0
18639168,1.0
18640128,1.0
18640864,1.0
18645120,1.0
18647168,1.0
18648640,1.0
18660288,1.0
18663808,1.0
18676480,1.0
18677120,1.0
18680512,1.0
18697152,1.0
18700736,1.0
18708832,1.0
18708864,1.0
18715008,1.0
18716896,1.0
18720704,1.0
18723264,1.0
18725344,1.0
18725824,1.0
18727680,1.0
18731296,1.0
18749824,1.0
18752448,1.0
18756224,1.0
18760384,1.0
18766720,1.0
18766912,1.0
18767584,1.0
18779168,1.0
18788640,1.0
18789984,1.0
18795360,1.0
18803136,1.0
18808640,1.0
18813760,1.0
18819232,1.0
18827424,1.0
18833664,1.0
18837024,1.0
18838048,1.0
18851296,1.0
18857792,1.0
18859360,1.0
18861824,1.0
18863744,1.0
18864096,1.0
18868544,1.0
18870048,1.0
18870688,1.0
18875008,1.0
18883840,1.0
18893088,1.0
18893504,1.0
18897792,1.0
18898240,1.0
18913312,1.0
18924704,1.0
18926080,1.0
18929760,1.0
18939680,1.0
18941472,1.0
18944032,1.0
18945952,1.0
18946976,1.0
18948896,1.0
18953536,1.0
18954688,1.0
18962592,1.0
18973088,1.0
18976928,1.0
18978176,1.0
18983360,1.0
18988992,1.0
18990912,1.0
18993536,1.0
18997248,1.0
18997696,1.0
19006656,1.0
19016384,1.0
19023488,1.0
19025280,1.0
19029536,1.0
19035168,1.0
19036704,1.0
19037056,1.0
19042944,1.0
19045440,1.0
19047680,1.0
19048416,1.0
19062528,1.0
19064992,1.0
19073216,1.0
19074368,1.0
19074816,1.0
19081888,1.0
19098240,1.0
19102816,1.0
19103840,1.0
19104608,1.0
19112096,1.0
19117248,1.0
19119424,1.0
19120288,1.0
19126208,1.0
19132320,1.0
19133344,1.0
19136384,1.0
19136800,1.0
19144960,1.0
19145856,1.0
19147552,1.0
19160384,1.0
19163008,1.0
19170368,1.0
19196256,1.0
19200384,1.0
19208480,1.0
19216224,1.0
19220224,1.0
19228128,1.0
19228480,1.0
19228864,1.0
19248384,1.0
19250048,1.0
19263328,1.0
19265856,1.0
19273152,1.0
19279456,1.0
19280640,1.0
19280896,1.0
19295936,1.0
19297600,1.0
19301824,1.0
19304032,1.0
19304832,1.0
19305792,1.0
19307040,1.0
19313568,1.0
19314208,1.0
19314272,1.0
19317760,1.0
19318496,1.0
19324128,1.0
19326144,1.0
19329952,1.0
19343424,1.0
19353952,1.0
19354368,1.0
19361344,1.0
19363904,1.0
19371392,1.0
19383712,1.0
19384000,1.0
19384512,1.0
19384928,1.0
19387680,1.0
19394784,1.0
19395264,1.0
19400384,1.0
19413952,1.0
19443776,1.0
19453088,1.0
19456096,1.0
19457472,1.0
19460768,1.0
19461248,1.0
19462624,1.0
19468512,1.0
19473376,1.0
19475328,1.0
19481152,1.0
19484384,1.0
19488864,1.0
19495136,1.0
19495680,1.0
19499712,1.0
19503776,1.0
19506176,1.0
19508864,1.0
19514304,1.0
19523584,1.0
19525376,1.0
19527104,1.0
19535424,1.0
19536256,1.0
19553568,1.0
19553600,1.0
19561280,1.0
19561344,1.0
19564160,1.0
19566080,1.0
19571680,1.0
19572896,1.0
19574976,1.0
19577088,1.0
19578624,1.0
19581632,1.0
19582272,1.0
19587104,1.0
19588416,1.0
19589248,1.0
19593792,1.0
19595744,1.0
19599904,1.0
19605216,1.0
19606048,1.0
19612160,1.0
19613696,1.0
19613856,1.0
19635456,1.0
19637952,1.0
19652832,1.0
19652864,1.0
19660288,1.0
19668320,1.0
19670272,1.0
19679968,1.0
19703552,1.0
19710176,1.0
19711520,1.0
19718816,1.0
19725536,1.0
19725792,1.0
19726912,1.0
19728160,1.0
19739584,1.0
19740768,1.0
19741216,1.0
19741920,1.0
19763264,1.0
19764352,1.0
19766816,1.0
19767232,1.0
19768608,1.0
19774912,1.0
19786144,1.0
19787776,1.0
19789184,1.0
19794464,1.0
19794656,1.0
19795008,1.0
19796992,1.0
19798496,1.0
19799712,1.0
19814496,1.0
19832416,1.0
19839328,1.0
19839808,1.0
19839936,1.0
19841856,1.0
19845024,1.0
19846784,1.0
19848160,1.0
19855104,1.0
19857760,1.0
19861216,1.0
19862144,1.0
19863328,1.0
19873504,1.0
19878656,1.0
19879968,1.0
19884128,1.0
19886208,1.0
19887936,1.0
19890848,1.0
19891872,1.0
19895520,1.0
19898464,1.0
19899744,1.0
19905440,1.0
19909216,1.0
19924800,1.0
19931744,1.0
19935744,1.0
19942368,1.0
19952736,1.0
19955264,1.0
19961120,1.0
19972704,1.0
19974272,1.0
19984192,1.0
19998144,1.0
19998464,1.0
20002976,1.0
20003328,1.0
20007744,1.0
20010432,1.0
20021984,1.0
20023776,1.0
20032704,1.0
20034560,1.0
20037696,1.0
20037792,1.0
20043552,1.0
20052480,1.0
20058784,1.0
20071104,1.0
20074336,1.0
20077248,1.0
20091104,1.0
20092000,1.0
20094464,1.0
20095136,1.0
20098592,1.0
20099840,1.0
20101760,1.0
20103808,1.0
20104032,1.0
20106784,1.0
20108384,1.0
20123744,1.0
20129376,1.0
20134144,1.0
20135328,1.0
20138016,1.0
20140288,1.0
20141888,1.0
20142048,1.0
20152000,1.0
20157024,1.0
20157568,1.0
20159424,1.0
20165376,1.0
20168128,1.0
20175776,1.0
20177856,1.0
20184160,1.0
20197120,1.0
20202592,1.0
20209792,1.0
20212960,1.0
20214720,1.0
20216416,1.0
20218912,1.0
20221088,1.0
20231968,1.0
20236224,1.0
20238816,1.0
20247840,1.0
20260032,1.0
20260576,1.0
20262528,1.0
20263552,1.0
20270624,1.0
20273664,1.0
20280640,1.0
20280800,1.0
20283136,1.0
20283456,1.0
20284288,1.0
20286144,1.0
20289568,1.0
20289696,1.0
20293696,1.0
20298496,1.0
20302112,1.0
20311936,1.0
20313920,1.0
20318592,1.0
20322880,1.0
20324576,1.0
20327104,1.0
20335392,1.0
20336032,1.0
20341568,1.0
20347392,1.0
20358720,1.0
20359712,1.0
20361952,1.0
20365056,1.0
20365792,1.0
20370720,1.0
20372672,1.0
20375232,1.0
20380448,1.0
20380800,1.0
20383168,1.0
20383744,1.0
20392416,1.0
20395072,1.0
20401600,1.0
20405984,1.0
20407488,1.0
20411584,1.0
20414656,1.0
20416896,1.0
20419680,1.0
20420544,1.0
20426368,1.0
20426560,1.0
20431008,1.0
20432512,1.0
20436704,1.0
20441664,1.0
20443104,1.0
20444704,1.0
20445248,1.0
20448768,1.0
20449024,1.0
20456288,1.0
20458752,1.0
20461248,1.0
20463200,1.0
20466848,1.0
20467872,1.0
20497792,1.0
20505088,1.0
20505664,1.0
20506656,1.0
20508192,1.0
20517376,1.0
20518368,1.0
20520224,1.0
20521152,1.0
20526560,1.0
20529440,1.0
20533888,1.0
20534592,1.0
20538944,1.0
20542144,1.0
20544480,1.0
20547904,1.0
20554688,1.0
20559168,1.0
20562496,1.0
20562976,1.0
20564224,1.0
20567616,1.0
20568000,1.0
20576544,1.0
20583264,1.0
20592160,1.0
20602496,1.0
20607296,1.0
20618400,1.0
20619328,1.0
20623392,1.0
20626464,1.0
20629024,1.0
20641184,1.0
20642656,1.0
20643648,1.0
20646336,1.0
20649824,1.0
20657568,1.0
20663072,1.0
20664928,1.0
20672800,1.0
20673152,1.0
20674944,1.0
20681664,1.0
20684576,1.0
20690304,1.0
20695744,1.0
20699968,1.0
20700704,1.0
20701600,1.0
20702688,1.0
20704288,1.0
20707776,1.0
20708768,1.0
20708992,1.0
20709696,1.0
20718272,1.0
20725632,1.0
20728736,1.0
20730624,1.0
20736512,1.0
20738976,1.0
20739584,1.0
20740768,1.0
20743072,1.0
20743744,1.0
20753248,1.0
20770592,1.0
20770816,1.0
20771104,1.0
20772288,1.0
20772448,1.0
20774592,1.0
20782784,1.0
20788640,1.0
20792992,1.0
20795072,1.0
20799584,1.0
20799968,1.0
20800672,1.0
20803840,1.0
20807648,1.0
20807712,1.0
20816576,1.0
20820256,1.0
20823744,1.0
20827808,1.0
20829472,1.0
20831552,1.0
20835264,1.0
20835872,1.0
20841920,1.0
20845824,1.0
20848768,1.0
20852544,1.0
20867488,1.0
20878144,1.0
20887872,1.0
20892448,1.0
20898976,1.0
20906816,1.0
20907264,1.0
20908768,1.0
20915136,1.0
20915200,1.0
20922912,1.0
20926144,1.0
20929856,1.0
20931200,1.0
20934848,1.0
20937184,1.0
20937504,1.0
20939520,1.0
20940000,1.0
20943968,1.0
20948544,1.0
20955200,1.0
20957888,1.0
20962560,1.0
20965760,1.0
20967328,1.0
20973408,1.0
20975360,1.0
20979328,1.0
20980704,1.0
20981056,1.0
20992928,1.0
20993536,1.0
21010144,1.0
21016384,1.0
21022048,1.0
21023040,1.0
21034720,1.0
21041888,1.0
21056000,1.0
21058688,1.0
21062592,1.0
21065952,1.0
21069120,1.0
21070976,1.0
21076256,1.0
21079072,1.0
21079904,1.0
21084672,1.0
21095008,1.0
21095744,1.0
21098432,1.0
21100640,1.0
21102976,1.0
21105312,1.0
21109440,1.0
21110496,1.0
21111136,1.0
21111200,1.0
21113440,1.0
21116512,1.0
21118336,1.0
21124320,1.0
21126176,1.0
21127840,1.0
21130752,1.0
21134592,1.0
21141088,1.0
21145504,1.0
21145728,1.0
21146912,1.0
21147520,1.0
21164160,1.0
21165440,1.0
21166048,1.0
21166816,1.0
21173888,1.0
21178400,1.0
21181312,1.0
21183136,1.0
21183936,1.0
21184384,1.0
21186496,1.0
21203200,1.0
21209024,1.0
21214912,1.0
21216320,1.0
21219136,1.0
21220032,1.0
21221888,1.0
21222016,1.0
21222944,1.0
21225888,1.0
21230304,1.0
21233120,1.0
21243040,1.0
21247776,1.0
21248992,1.0
21249600,1.0
21258496,1.0
21263872,1.0
21266432,1.0
21271296,1.0
21272928,1.0
21276320,1.0
21278720,1.0
21278816,1.0
21279328,1.0
21280192,1.0
21280832,1.0
21288640,1.0
21297664,1.0
21300128,1.0
21311936,1.0
21314624,1.0
21318464,1.0
21319520,1.0
21321440,1.0
21327296,1.0
21327392,1.0
21327968,1.0
21332800,1.0
21335392,1.0
21338496,1.0
21341728,1.0
21343968,1.0
21355264,1.0
21362496,1.0
21365600,1.0
21367648,1.0
21371936,1.0
21377920,1.0
21389312,1.0
21390144,1.0
21392672,1.0
21411328,1.0
21412608,1.0
21421376,1.0
21442592,1.0
21444640,1.0
21447520,1.0
21449216,1.0
21449248,1.0
21449728,1.0
21451904,1.0
21455744,1.0
21467040,1.0
21469536,1.0
21477824,1.0
21480768,1.0
21487680,1.0
21493184,1.0
21494016,1.0
21495904,1.0
21500000,1.0
21519520,1.0
21520064,1.0
21523488,1.0
21530592,1.0
21532192,1.0
21533440,1.0
21535616,1.0
21542848,1.0
21545472,1.0
21551744,1.0
21554528,1.0
21560000,1.0
21560736,1.0
21563392,1.0
21563872,1.0
21569344,1.0
21570560,1.0
21573216,1.0
21573248,1.0
21578272,1.0
21580160,1.0
21590080,1.0
21590752,1.0
21598048,1.0
21599296,1.0
21610816,1.0
21614240,1.0
21619200,1.0
21624736,1.0
21625760,1.0
21626240,1.0
21626752,1.0
21627392,1.0
21630464,1.0
21630720,1.0
21636064,1.0
21639392,1.0
21642592,1.0
21643040,1.0
21651072,1.0
21652896,1.0
21659104,1.0
21660384,1.0
21664000,1.0
21678560,1.0
21682784,1.0
21684320,1.0
21684832,1.0
21685760,1.0
21688064,1.0
21688672,1.0
21690880,1.0
21702176,1.0
21703744,1.0
21712960,1.0
21715296,1.0
21721792,1.0
21726432,1.0
21728768,1.0
21729568,1.0
21732064,1.0
21732896,1.0
21742656,1.0
21752224,1.0
21758944,1.0
21770080,1.0
21782784,1.0
21797824,1.0
21811520,1.0
21823168,1.0
21826048,1.0
21827520,1.0
21827648,1.0
21831936,1.0
21835008,1.0
21835264,1.0
21851584,1.0
21851840,1.0
21854304,1.0
21867456,1.0
21867648,1.0
21870752,1.0
21878112,1.0
21884544,1.0
21898720,1.0
21899680,1.0
21900608,1.0
21904800,1.0
21905888,1.0
21915360,1.0
21915904,1.0
21922112,1.0
21928736,1.0
21930688,1.0
21933056,1.0
21946336,1.0
21952864,1.0
21969280,1.0
21973600,1.0
21979616,1.0
21979712,1.0
21982464,1.0
21988544,1.0
21991520,1.0
21992576,1.0
21994688,1.0
21999776,1.0
22001984,1.0
22002592,1.0
22015520,1.0
22018176,1.0
22018336,1.0
22028480,1.0
22031104,1.0
22035840,1.0
22037952,1.0
22038528,1.0
22043328,1.0
22045216,1.0
22045536,1.0
22055936,1.0
22061248,1.0
22063200,1.0
22064352,1.0
22067392,1.0
22075200,1.0
22078912,1.0
22082688,1.0
22083136,1.0
22083232,1.0
22084000,1.0
22098176,1.0
22100064,1.0
22106496,1.0
22107904,1.0
22115776,1.0
22118560,1.0
22118816,1.0
22118912,1.0
22121600,1.0
22129632,1.0
22138688,1.0
22141344,1.0
22142208,1.0
22147360,1.0
22154336,1.0
22163008,1.0
22163072,1.0
22168448,1.0
22178656,1.0
22180736,1.0
22190560,1.0
22198144,1.0
22199040,1.0
22199168,1.0
22200160,1.0
22203328,1.0
22206848,1.0
22209600,1.0
22214848,1.0
22222912,1.0
22223232,1.0
22231424,1.0
22233440,1.0
22236224,1.0
22236672,1.0
22241472,1.0
22245984,1.0
22246816,1.0
22248480,1.0
22253152,1.0
22260928,1.0
22276160,1.0
22277344,1.0
22277824,1.0
22282272,1.0
22282976,1.0
22287136,1.0
22303104,1.0
22304832,1.0
22307328,1.0
22308352,1.0
22309024,1.0
22310464,1.0
22312512,1.0
22313568,1.0
22316608,1.0
22316736,1.0
22319584,1.0
22320704,1.0
22321920,1.0
22322176,1.0
22329280,1.0
22334720,1.0
22337184,1.0
22343776,1.0
22345664,1.0
22352384,1.0
22356192,1.0
22360288,1.0
22362784,1.0
22363520,1.0
22371040,1.0
22373344,1.0
22374112,1.0
22378368,1.0
22379584,1.0
22389280,1.0
22392000,1.0
22393952,1.0
22395168,1.0
22396320,1.0
22399040,1.0
22403328,1.0
22410944,1.0
22415424,1.0
22415808,1.0
22417056,1.0
22418592,1.0
22422464,1.0
22430112,1.0
22431840,1.0
22432896,1.0
22433632,1.0
22435392,1.0
22435776,1.0
22442432,1.0
22443616,1.0
22444672,1.0
22447008,1.0
22452352,1.0
22466016,1.0
22480960,1.0
22481856,1.0
22483456,1.0
22489664,1.0
22492960,1.0
22512288,1.0
22520544,1.0
22524608,1.0
22526720,1.0
22528672,1.0
22531776,1.0
22536000,1.0
22541120,1.0
22546816,1.0
22558208,1.0
22558368,1.0
22562976,1.0
22563904,1.0
22565472,1.0
22569856,1.0
22570240,1.0
22575104,1.0
22588608,1.0
22592288,1.0
22601632,1.0
22602944,1.0
22605888,1.0
22608544,1.0
22613568,1.0
22619584,1.0
22619776,1.0
22621664,1.0
22627488,1.0
22629600,1.0
22629664,1.0
22630016,1.0
22636416,1.0
22637120,1.0
22639712,1.0
22641120,1.0
22664064,1.0
22668192,1.0
22670112,1.0
22679648,1.0
22679776,1.0
22682880,1.0
22683072,1.0
22683264,1.0
22684160,1.0
22688448,1.0
22689888,1.0
22692832,1.0
22697600,1.0
22698944,1.0
22699936,1.0
22704544,1.0
22714112,1.0
22716320,1.0
22728864,1.0
22738560,1.0
22738944,1.0
22743296,1.0
22743360,1.0
22743392,1.0
22746208,1.0
22746272,1.0
22748064,1.0
22756064,1.0
22756352,1.0
22763584,1.0
22766176,1.0
22772320,1.0
22776992,1.0
22780256,1.0
22784448,1.0
22784640,1.0
22788960,1.0
22793600,1.0
22794336,1.0
22796032,1.0
22807200,1.0
22808704,1.0
22813248,1.0
22814656,1.0
22825280,1.0
22825568,1.0
22831008,1.0
22832096,1.0
22833344,1.0
22833440,1.0
22836128,1.0
22849088,1.0
22854848,1.0
22856448,1.0
22871552,1.0
22876032,1.0
22876544,1.0
22877120,1.0
22881472,1.0
22887616,1.0
22887680,1.0
22894816,1.0
22896608,1.0
22905248,1.0
22914368,1.0
22914400,1.0
22915008,1.0
22922432,1.0
22924928,1.0
22925248,1.0
22929216,1.0
22933664,1.0
22951936,1.0
22958944,1.0
22962528,1.0
22965248,1.0
22970624,1.0
22973856,1.0
22977824,1.0
22980224,1.0
22983360,1.0
22995552,1.0
23006304,1.0
23013664,1.0
23015264,1.0
23029920,1.0
23033120,1.0
23033696,1.0
23035264,1.0
23036768,1.0
23037152,1.0
23043520,1.0
23043776,1.0
23051040,1.0
23052672,1.0
23055232,1.0
23057536,1.0
23083776,1.0
23084576,1.0
23084640,1.0
23085504,1.0
23085632,1.0
23090816,1.0
23091040,1.0
23096160,1.0
23097184,1.0
23100736,1.0
23104512,1.0
23106368,1.0
23106912,1.0
23107104,1.0
23107328,1.0
23111776,1.0
23113376,1.0
23117792,1.0
23125024,1.0
23134784,1.0
23138272,1.0
23140128,1.0
23141216,1.0
23147744,1.0
23155424,1.0
23157280,1.0
23166144,1.0
23166272,1.0
23170496,1.0
23173856,1.0
23181088,1.0
23186336,1.0
23189920,1.0
23195040,1.0
23200800,1.0
23204256,1.0
23208288,1.0
23212576,1.0
23213184,1.0
23214624,1.0
23217056,1.0
23230496,1.0
23230912,1.0
23234240,1.0
23234816,1.0
23249248,1.0
23250496,1.0
23257344,1.0
23270592,1.0
23285440,1.0
23292416,1.0
23295584,1.0
23297760,1.0
23298624,1.0
23300160,1.0
23300992,1.0
23304160,1.0
23312768,1.0
23336352,1.0
23348608,1.0
23351040,1.0
23357280,1.0
23371680,1.0
23374720,1.0
23379296,1.0
23379392,1.0
23394592,1.0
23398592,1.0
23399360,1.0
23402304,1.0
23402816,1.0
23410240,1.0
23411328,1.0
23412480,1.0
23415136,1.0
23418432,1.0
23421792,1.0
23426112,1.0
23432928,1.0
23438656,1.0
23440832,1.0
23449984,1.0
23452832,1.0
23453312,1.0
23453344,1.0
23454912,1.0
23459744,1.0
23461600,1.0
23462720,1.0
23471136,1.0
23479904,1.0
23480096,1.0
23482752,1.0
23484160,1.0
23489504,1.0
23489536,1.0
23493088,1.0
23494560,1.0
23494624,1.0
23504352,1.0
23508480,1.0
23511552,1.0
23518528,1.0
23519296,1.0
23527776,1.0
23528576,1.0
23533984,1.0
23541088,1.0
23554784,1.0
23555168,1.0
23556000,1.0
23557824,1.0
23558304,1.0
23566368,1.0
23586816,1.0
23586912,1.0
23594432,1.0
23595488,1.0
23610528,1.0
23613568,1.0
23618208,1.0
23622976,1.0
23627168,1.0
23628544,1.0
23630880,1.0
23634112,1.0
23638400,1.0
23643520,1.0
23648000,1.0
23649312,1.0
23659200,1.0
23671296,1.0
23675840,1.0
23677088,1.0
23679968,1.0
23698016,1.0
23698400,1.0
23701344,1.0
23705856,1.0
23707616,1.0
23712320,1.0
23712736,1.0
23713152,1.0
23719360,1.0
23720896,1.0
23721024,1.0
23724128,1.0
23731872,1.0
23733088,1.0
23733952,1.0
23737952,1.0
23747264,1.0
23751008,1.0
23753184,1.0
23754144,1.0
23757856,1.0
23765568,1.0
23767488,1.0
23782880,1.0
23783200,1.0
23789248,1.0
23790912,1.0
23793536,1.0
23796256,1.0
23799200,1.0
23800960,1.0
23802752,1.0
23803296,1.0
23805120,1.0
23805792,1.0
23806048,1.0
23811936,1.0
23815808,1.0
23817600,1.0
23822208,1.0
23826304,1.0
23827392,1.0
23827424,1.0
23835776,1.0
23843072,1.0
23846272,1.0
23848512,1.0
23848768,1.0
23849600,1.0
23856736,1.0
23863200,1.0
23873568,1.0
23876736,1.0
23877728,1.0
23883616,1.0
23907776,1.0
23908992,1.0
23913920,1.0
23921248,1.0
23925376,1.0
23927680,1.0
23934656,1.0
23936064,1.0
23939872,1.0
23941536,1.0
23942944,1.0
23948768,1.0
23949920,1.0
23950080,1.0
23954464,1.0
23964160,1.0
23965824,1.0
23967360,1.0
23967648,1.0
23975968,1.0
23979136,1.0
23980256,1.0
23982272,1.0
23991744,1.0
23995232,1.0
23999424,1.0
24024224,1.0
24030464,1.0
24041824,1.0
24042624,1.0
24045568,1.0
24047040,1.0
24047456,1.0
24050272,1.0
24056032,1.0
24059488,1.0
24064000,1.0
24067520,1.0
24071200,1.0
24074976,1.0
24099040,1.0
24111392,1.0
24112896,1.0
24117536,1.0
24118816,1.0
24121632,1.0
24124000,1.0
24124416,1.0
24127264,1.0
24128768,1.0
24131072,1.0
24139040,1.0
24142208,1.0
24146144,1.0
24149312,1.0
24149600,1.0
24160000,1.0
24168512,1.0
24169600,1.0
24170432,1.0
24172640,1.0
24176448,1.0
24177792,1.0
24182752,1.0
24186016,1.0
24186880,1.0
24192768,1.0
24200672,1.0
24207424,1.0
24209024,1.0
24211616,1.0
24215424,1.0
24216160,1.0
24216960,1.0
24217792,1.0
24218176,1.0
24219808,1.0
24231456,1.0
24232160,1.0
24232928,1.0
24243936,1.0
24250528,1.0
24253984,1.0
24254592,1.0
24260064,1.0
24262272,1.0
24262688,1.0
24263296,1.0
24266624,1.0
24275712,1.0
24279232,1.0
24296704,1.0
24303296,1.0
24306080,1.0
24309728,1.0
24312800,1.0
24326496,1.0
24327072,1.0
24329376,1.0
24332640,1.0
24337760,1.0
24342560,1.0
24342624,1.0
24342752,1.0
24343680,1.0
24347520,1.0
24347680,1.0
24348800,1.0
24348992,1.0
24351232,1.0
24354272,1.0
24362688,1.0
24363968,1.0
24376192,1.0
24387040,1.0
24392160,1.0
24400416,1.0
24404192,1.0
24406528,1.0
24407968,1.0
24408320,1.0
24410144,1.0
24411520,1.0
24412480,1.0
24413824,1.0
24414144,1.0
24423840,1.0
24424992,1.0
24426048,1.0
24440512,1.0
24443328,1.0
24445696,1.0
24446784,1.0
24461376,1.0
24462816,1.0
24471328,1.0
24476192,1.0
24476288,1.0
24480576,1.0
24482496,1.0
24483424,1.0
24484384,1.0
24485088,1.0
24487520,1.0
24492736,1.0
24493728,1.0
24499232,1.0
24506752,1.0
24507424,1.0
24508736,1.0
24508960,1.0
24511296,1.0
24512032,1.0
24512320,1.0
24514336,1.0
24524448,1.0
24528704,1.0
24531488,1.0
24533280,1.0
24533504,1.0
24542400,1.0
24543840,1.0
24546752,1.0
24548256,1.0
24551488,1.0
24554400,1.0
24568192,1.0
24579616,1.0
24579712,1.0
24589472,1.0
24606400,1.0
24607104,1.0
24612128,1.0
24612640,1.0
24614048,1.0
24619456,1.0
24619936,1.0
24621344,1.0
24624928,1.0
24635808,1.0
24637888,1.0
24643296,1.0
24650496,1.0
24658240,1.0
24660800,1.0
24666208,1.0
24667104,1.0
24669664,1.0
24672064,1.0
24672864,1.0
24684288,1.0
24687328,1.0
24688832,1.0
24694848,1.0
24695392,1.0
24695456,1.0
24699136,1.0
24707552,1.0
24710656,1.0
24713472,1.0
24723264,1.0
24726528,1.0
24729184,1.0
24737664,1.0
24738144,1.0
24742368,1.0
24745696,1.0
24750944,1.0
24764960,1.0
24767424,1.0
24772960,1.0
24774656,1.0
24776864,1.0
24779296,1.0
24786048,1.0
24787552,1.0
24793440,1.0
24800352,1.0
24804704,1.0
24812064,1.0
24812864,1.0
24820096,1.0
24821120,1.0
24821888,1.0
24845440,1.0
24850784,1.0
24856096,1.0
24856512,1.0
24869824,1.0
24871776,1.0
24874176,1.0
24878912,1.0
24883392,1.0
24883456,1.0
24887872,1.0
24889344,1.0
24896992,1.0
24899008,1.0
24903648,1.0
24904608,1.0
24916384,1.0
24917504,1.0
24924992,1.0
24925952,1.0
24926432,1.0
24926880,1.0
24928352,1.0
24931072,1.0
24935552,1.0
24940544,1.0
24945312,1.0
24949696,1.0
24953568,1.0
24955712,1.0
24956576,1.0
24959648,1.0
24970656,1.0
24973376,1.0
24974816,1.0
24975104,1.0
24990048,1.0
24994048,1.0
24997952,1.0
24998112,1.0
25000224,1.0
25002944,1.0
25003136,1.0
25010912,1.0
25019296,1.0
25019904,1.0
25021952,1.0
25023264,1.0
25023328,1.0
25025824,1.0
25031744,1.0
25031872,1.0
25034176,1.0
25038176,1.0
25040544,1.0
25048352,1.0
25051584,1.0
25053056,1.0
25053344,1.0
25053440,1.0
25055296,1.0
25063264,1.0
25064672,1.0
25076576,1.0
25077984,1.0
25092160,1.0
25093056,1.0
25093984,1.0
25095392,1.0
25097184,1.0
25104352,1.0
25107840,1.0
25110112,1.0
25111968,1.0
25114976,1.0
25119136,1.0
25121024,1.0
25125280,1.0
25126368,1.0
25126720,1.0
25139296,1.0
25142080,1.0
25142656,1.0
25152800,1.0
25157728,1.0
25160224,1.0
25160896,1.0
25165888,1.0
25169888,1.0
25172640,1.0
25180608,1.0
25182336,1.0
25182944,1.0
25185984,1.0
25186624,1.0
25198112,1.0
25200576,1.0
25203136,1.0
25206688,1.0
25207264,1.0
25208544,1.0
25214112,1.0
25215200,1.0
25219200,1.0
25237024,1.0
25241600,1.0
25243200,1.0
25246400,1.0
25247520,1.0
25253504,1.0
25258912,1.0
25266400,1.0
25272256,1.0
25275968,1.0
25282624,1.0
25289280,1.0
25295424,1.0
25298016,1.0
25298816,1.0
25298944,1.0
25315840,1.0
25326176,1.0
25332640,1.0
25334304,1.0
25338752,1.0
25347616,1.0
25353888,1.0
25354656,1.0
25355840,1.0
25357664,1.0
25372864,1.0
25374016,1.0
25375648,1.0
25392768,1.0
25393152,1.0
25394688,1.0
25395968,1.0
25401184,1.0
25411648,1.0
25412416,1.0
25416576,1.0
25428128,1.0
25432960,1.0
25436512,1.0
25437664,1.0
25443488,1.0
25446208,1.0
25452960,1.0
25455488,1.0
25455584,1.0
25473856,1.0
25484288,1.0
25486304,1.0
25491424,1.0
25496032,1.0
25496736,1.0
25500512,1.0
25501600,1.0
25509600,1.0
25511136,1.0
25511904,1.0
25515648,1.0
25517120,1.0
25517440,1.0
25525120,1.0
25527808,1.0
25537088,1.0
25538400,1.0
25562784,1.0
25565056,1.0
25581376,1.0
25585696,1.0
25586272,1.0
25604192,1.0
25609984,1.0
25626752,1.0
25632960,1.0
25635904,1.0
25636544,1.0
25643776,1.0
25651488,1.0
25653280,1.0
25656960,1.0
25660640,1.0
25665632,1.0
25671904,1.0
25671968,1.0
25676896,1.0
25683776,1.0
25690752,1.0
25695040,1.0
25709664,1.0
25715616,1.0
25717600,1.0
25733632,1.0
25735968,1.0
25736768,1.0
25739744,1.0
25745920,1.0
25746880,1.0
25747840,1.0
25747968,1.0
25748128,1.0
25756096,1.0
25756736,1.0
25762368,1.0
25763072,1.0
25768896,1.0
25788672,1.0
25788800,1.0
25789408,1.0
25793248,1.0
25795616,1.0
25797920,1.0
25798624,1.0
25803680,1.0
25812608,1.0
25818528,1.0
25826016,1.0
25826560,1.0
25837376,1.0
25840128,1.0
25841536,1.0
25841696,1.0
25848832,1.0
25849376,1.0
25852128,1.0
25853504,1.0
25856512,1.0
25857344,1.0
25859296,1.0
25864896,1.0
25865856,1.0
25869344,1.0
25870048,1.0
25871328,1.0
25872960,1.0
25875904,1.0
25875936,1.0
25876640,1.0
25877920,1.0
25880448,1.0
25885792,1.0
25886016,1.0
25891552,1.0
25892576,1.0
25893536,1.0
25895424,1.0
25904480,1.0
25904576,1.0
25909216,1.0
25913728,1.0
25921120,1.0
25923520,1.0
25923680,1.0
25926720,1.0
25930848,1.0
25938496,1.0
25944800,1.0
25944992,1.0
25952192,1.0
25953248,1.0
25954560,1.0
25960800,1.0
25965600,1.0
25968640,1.0
25976544,1.0
25989440,1.0
25990048,1.0
25991808,1.0
26008160,1.0
26009024,1.0
26015840,1.0
26018944,1.0
26025728,1.0
26026304,1.0
26027008,1.0
26029600,1.0
26043296,1.0
26047872,1.0
26050912,1.0
26050944,1.0
26052960,1.0
26054976,1.0
26055648,1.0
26056544,1.0
26057504,1.0
26061728,1.0
26063520,1.0
26070272,1.0
26071712,1.0
26081216,1.0
26084000,1.0
26084448,1.0
26084800,1.0
26084896,1.0
26092096,1.0
26093696,1.0
26095744,1.0
26103168,1.0
26103872,1.0
26117248,1.0
26117728,1.0
26125888,1.0
26128512,1.0
26131232,1.0
26137536,1.0
26138336,1.0
26140704,1.0
26141024,1.0
26164064,1.0
26170368,1.0
26171936,1.0
26176128,1.0
26177792,1.0
26182016,1.0
26182784,1.0
26183264,1.0
26186080,1.0
26187904,1.0
26189792,1.0
26193952,1.0
26197824,1.0
26201824,1.0
26209408,1.0
26209760,1.0
26214656,1.0
26217792,1.0
26219808,1.0
26225920,1.0
26228576,1.0
26233440,1.0
26239104,1.0
26240192,1.0
26261312,1.0
26274304,1.0
26278304,1.0
26280704,1.0
26282816,1.0
26285184,1.0
26295392,1.0
26297664,1.0
26301856,1.0
26302656,1.0
26305952,1.0
26306528,1.0
26311040,1.0
26315808,1.0
26319456,1.0
26322656,1.0
26324448,1.0
26325120,1.0
26326336,1.0
26328704,1.0
26340160,1.0
26343232,1.0
26344704,1.0
26349632,1.0
26352096,1.0
26352896,1.0
26353664,1.0
26354784,1.0
26359104,1.0
26363776,1.0
26364160,1.0
26377792,1.0
26378592,1.0
26378688,1.0
26380064,1.0
26382272,1.0
26394816,1.0
26402368,1.0
26412800,1.0
26413504,1.0
26415040,1.0
26415840,1.0
26418816,1.0
26425728,1.0
26430176,1.0
26434496,1.0
26443264,1.0
26446176,1.0
26446720,1.0
26447104,1.0
26454816,1.0
26474656,1.0
26480640,1.0
26480864,1.0
26481600,1.0
26482048,1.0
26483136,1.0
26485408,1.0
26487616,1.0
26492224,1.0
26497216,1.0
26504000,1.0
26512704,1.0
26514944,1.0
26520832,1.0
26522048,1.0
26523296,1.0
26528768,1.0
26542720,1.0
26552576,1.0
26552608,1.0
26556608,1.0
26557024,1.0
26557184,1.0
26559424,1.0
26561120,1.0
26562016,1.0
26563680,1.0
26565408,1.0
26565568,1.0
26568320,1.0
26574208,1.0
26575232,1.0
26594240,1.0
26598752,1.0
26600192,1.0
26608672,1.0
26610208,1.0
26620256,1.0
26622528,1.0
26627584,1.0
26635072,1.0
26644512,1.0
26644672,1.0
26646912,1.0
26652640,1.0
26653824,1.0
26659968,1.0
26666400,1.0
26679552,1.0
26683296,1.0
26690848,1.0
26693280,1.0
26702848,1.0
26705120,1.0
26712832,1.0
26714848,1.0
26717440,1.0
26721568,1.0
26724320,1.0
26727360,1.0
26729440,1.0
26732160,1.0
26735488,1.0
26742432,1.0
26742624,1.0
26744352,1.0
26755872,1.0
26756576,1.0
26758976,1.0
26763232,1.0
26775136,1.0
26777632,1.0
26781728,1.0
26782912,1.0
26790976,1.0
26794880,1.0
26795392,1.0
26796032,1.0
26806688,1.0
26812320,1.0
26813664,1.0
26816032,1.0
26817792,1.0
26821536,1.0
26822112,1.0
26825120,1.0
26826240,1.0
26830816,1.0
26839936,1.0
26841856,1.0
26842144,1.0
26846944,1.0
26847328,1.0
26851264,1.0
26853216,1.0
26856672,1.0
26865056,1.0
26866112,1.0
26867840,1.0
26869120,1.0
26870528,1.0
26877152,1.0
26880160,1.0
26881504,1.0
26886656,1.0
26891296,1.0
26895424,1.0
26895904,1.0
26898080,1.0
26898656,1.0
26901984,1.0
26909152,1.0
26909312,1.0
26911936,1.0
26912128,1.0
26912768,1.0
26916000,1.0
26916448,1.0
26920032,1.0
26921440,1.0
26923520,1.0
26932352,1.0
26937216,1.0
26939840,1.0
26939936,1.0
26942144,1.0
26951616,1.0
26962176,1.0
26965120,1.0
26973536,1.0
26974880,1.0
26976000,1.0
26979520,1.0
26979712,1.0
26983872,1.0
26990400,1.0
26993344,1.0
26997696,1.0
27006432,1.0
27006720,1.0
27011776,1.0
27012064,1.0
27012992,1.0
27019712,1.0
27024288,1.0
27025952,1.0
27030464,1.0
27042848,1.0
27051936,1.0
27057120,1.0
27061536,1.0
27061760,1.0
27063456,1.0
27071680,1.0
27072928,1.0
27103904,1.0
27109568,1.0
27110976,1.0
27112928,1.0
27118560,1.0
27120448,1.0
27120800,1.0
27123104,1.0
27127168,1.0
27128992,1.0
27129312,1.0
27131392,1.0
27135200,1.0
27135680,1.0
27137728,1.0
27140352,1.0
27145600,1.0
27149120,1.0
27167296,1.0
27175936,1.0
27179360,1.0
27187616,1.0
27194944,1.0
27201344,1.0
27206592,1.0
27209920,1.0
27216928,1.0
27227552,1.0
27230848,1.0
27235520,1.0
27240640,1.0
27240960,1.0
27244448,1.0
27252192,1.0
27253600,1.0
27263168,1.0
27266464,1.0
27266848,1.0
27270464,1.0
27273984,1.0
27277632,1.0
27280096,1.0
27284096,1.0
27290016,1.0
27291520,1.0
27293760,1.0
27294688,1.0
27296320,1.0
27299104,1.0
27302432,1.0
27304480,1.0
27306624,1.0
27322304,1.0
27323296,1.0
27328096,1.0
27331808,1.0
27333696,1.0
27342880,1.0
27349824,1.0
27350848,1.0
27353440,1.0
27357408,1.0
27370176,1.0
27379680,1.0
27387232,1.0
27389376,1.0
27391584,1.0
27393504,1.0
27401376,1.0
27402592,1.0
27410016,1.0
27413984,1.0
27420448,1.0
27421088,1.0
27421664,1.0
27425728,1.0
27428704,1.0
27432928,1.0
27435680,1.0
27448960,1.0
27451008,1.0
27451328,1.0
27452128,1.0
27453856,1.0
27453920,1.0
27455584,1.0
27461408,1.0
27464288,1.0
27478080,1.0
27480608,1.0
27484896,1.0
27489632,1.0
27496832,1.0
27498240,1.0
27504032,1.0
27514176,1.0
27517632,1.0
27519136,1.0
27528064,1.0
27531488,1.0
27534912,1.0
27537728,1.0
27540384,1.0
27542784,1.0
27550560,1.0
27552096,1.0
27552480,1.0
27553120,1.0
27570784,1.0
27573728,1.0
27576224,1.0
27579616,1.0
27588928,1.0
27589536,1.0
27589824,1.0
27593216,1.0
27608480,1.0
27611776,1.0
27616288,1.0
27617920,1.0
27623776,1.0
27624384,1.0
27628288,1.0
27633696,1.0
27634144,1.0
27634240,1.0
27635008,1.0
27639808,1.0
27640352,1.0
27652544,1.0
27653248,1.0
27653344,1.0
27656096,1.0
27661536,1.0
27661760,1.0
27666208,1.0
27671296,1.0
27673120,1.0
27679712,1.0
27683744,1.0
27687776,1.0
27710720,1.0
27711552,1.0
27713632,1.0
27717280,1.0
27723904,1.0
27728128,1.0
27735424,1.0
27736864,1.0
27746432,1.0
27762080,1.0
27762400,1.0
27764576,1.0
27764992,1.0
27766048,1.0
27774720,1.0
27777088,1.0
27777568,1.0
27790272,1.0
27792736,1.0
27798464,1.0
27804192,1.0
27813920,1.0
27822144,1.0
27826528,1.0
27827648,1.0
27830720,1.0
27832768,1.0
27840256,1.0
27847488,1.0
27847808,1.0
27852608,1.0
27854624,1.0
27856000,1.0
27858112,1.0
27861632,1.0
27863264,1.0
27866048,1.0
27870304,1.0
27874400,1.0
27875904,1.0
27880448,1.0
27884896,1.0
27889312,1.0
27891520,1.0
27893216,1.0
27897632,1.0
27903040,1.0
27909856,1.0
27911872,1.0
27913856,1.0
27916544,1.0
27916896,1.0
27925760,1.0
27926976,1.0
27928896,1.0
27942176,1.0
27942784,1.0
27948192,1.0
27949312,1.0
27952736,1.0
27957440,1.0
27960288,1.0
27963136,1.0
27965760,1.0
27965888,1.0
27965952,1.0
27966176,1.0
27971872,1.0
27975584,1.0
27980320,1.0
27980512,1.0
27980864,1.0
27982848,1.0
27984416,1.0
27993120,1.0
27995232,1.0
28005344,1.0
28017120,1.0
28019936,1.0
28024160,1.0
28032416,1.0
28045504,1.0
28054208,1.0
28054752,1.0
28055776,1.0
28074560,1.0
28074592,1.0
28074656,1.0
28076992,1.0
28079616,1.0
28086912,1.0
28088992,1.0
28100768,1.0
28102144,1.0
28106912,1.0
28112896,1.0
28116480,1.0
28120416,1.0
28124576,1.0
28125184,1.0
28127872,1.0
28131648,1.0
28138528,1.0
28139328,1.0
28146848,1.0
28152128,1.0
28156960,1.0
28157760,1.0
28161152,1.0
28167872,1.0
28174496,1.0
28175040,1.0
28179008,1.0
28185664,1.0
28186080,1.0
28188608,1.0
28189760,1.0
28190336,1.0
28194240,1.0
28196448,1.0
28201504,1.0
28205920,1.0
28207328,1.0
28213600,1.0
28213632,1.0
28222912,1.0
28223136,1.0
28223456,1.0
28224640,1.0
28225312,1.0
28239424,1.0
28241792,1.0
28242112,1.0
28246144,1.0
28247200,1.0
28248096,1.0
28248128,1.0
28250496,1.0
28253824,1.0
28256032,1.0
28260864,1.0
28261568,1.0
28262528,1.0
28270080,1.0
28274688,1.0
28274816,1.0
28290080,1.0
28299040,1.0
28308928,1.0
28311008,1.0
28311872,1.0
28313728,1.0
28318048,1.0
28319296,1.0
28320576,1.0
28322688,1.0
28324384,1.0
28328128,1.0
28328832,1.0
28335296,1.0
28336672,1.0
28338592,1.0
28339200,1.0
28341120,1.0
28345184,1.0
28350368,1.0
28352288,1.0
28362464,1.0
28377952,1.0
28378560,1.0
28380768,1.0
28383968,1.0
28386016,1.0
28399488,1.0
28399904,1.0
28402496,1.0
28403616,1.0
28404320,1.0
28415072,1.0
28421280,1.0
28429536,1.0
28430656,1.0
28433056,1.0
28444032,1.0
28445728,1.0
28455264,1.0
28456192,1.0
28456992,1.0
28457120,1.0
28460032,1.0
28461984,1.0
28463296,1.0
28473504,1.0
28473984,1.0
28482560,1.0
28483968,1.0
28486112,1.0
28488640,1.0
28488736,1.0
28493056,1.0
28495744,1.0
28499936,1.0
28503168,1.0
28505312,1.0
28505344,1.0
28515232,1.0
28519328,1.0
28524896,1.0
28536320,1.0
28537504,1.0
28540960,1.0
28542144,1.0
28549664,1.0
28554944,1.0
28555616,1.0
28557664,1.0
28559840,1.0
28572320,1.0
28574560,1.0
28579392,1.0
28581152,1.0
28581312,1.0
28581888,1.0
28592192,1.0
28592224,1.0
28595680,1.0
28597056,1.0
28601664,1.0
28604160,1.0
28606432,1.0
28612992,1.0
28614944,1.0
28623584,1.0
28624128,1.0
28624192,1.0
28632928,1.0
28634080,1.0
28642848,1.0
28645536,1.0
28651296,1.0
28666720,1.0
28672064,1.0
28679936,1.0
28685056,1.0
28688960,1.0
28690464,1.0
28693376,1.0
28693792,1.0
28697824,1.0
28700992,1.0
28701152,1.0
28702944,1.0
28712480,1.0
28712768,1.0
28713216,1.0
28714464,1.0
28717888,1.0
28722496,1.0
28725664,1.0
28730336,1.0
28737408,1.0
28738432,1.0
28744768,1.0
28746816,1.0
28753824,1.0
28755552,1.0
28755872,1.0
28757056,1.0
28762048,1.0
28778688,1.0
28792064,1.0
28793984,1.0
28800864,1.0
28806848,1.0
28809600,1.0
28813248,1.0
28818176,1.0
28825344,1.0
28829344,1.0
28830272,1.0
28831168,1.0
28838048,1.0
28838944,1.0
28849120,1.0
28859904,1.0
28861184,1.0
28865760,1.0
28866336,1.0
28871680,1.0
28873760,1.0
28877632,1.0
28881376,1.0
28888736,1.0
28896608,1.0
28896864,1.0
28897376,1.0
28912896,1.0
28915712,1.0
28917120,1.0
28918272,1.0
28919616,1.0
28923872,1.0
28924224,1.0
28928032,1.0
28931168,1.0
28937408,1.0
28938752,1.0
28941312,1.0
28952608,1.0
28955392,1.0
28956448,1.0
28957120,1.0
28959104,1.0
28962144,1.0
28962752,1.0
28969664,1.0
28969728,1.0
28970016,1.0
28972832,1.0
28973760,1.0
28974304,1.0
28975488,1.0
28978464,1.0
28982944,1.0
28990112,1.0
28990368,1.0
28991104,1.0
29004032,1.0
29008192,1.0
29011200,1.0
29012192,1.0
29015488,1.0
29016064,1.0
29020896,1.0
29025184,1.0
29031616,1.0
29040064,1.0
29050976,1.0
29052320,1.0
29055168,1.0
29058304,1.0
29061344,1.0
29077280,1.0
29079488,1.0
29082304,1.0
29086528,1.0
29092640,1.0
29097184,1.0
29107488,1.0
29109312,1.0
29113984,1.0
29114944,1.0
29115296,1.0
29123200,1.0
29124960,1.0
29128448,1.0
29130720,1.0
29131264,1.0
29132096,1.0
29146496,1.0
29149728,1.0
29167232,1.0
29167680,1.0
29167744,1.0
29168672,1.0
29173600,1.0
29183296,1.0
29186816,1.0
29191488,1.0
29205856,1.0
29208224,1.0
29210464,1.0
29216352,1.0
29218784,1.0
29223648,1.0
29224384,1.0
29229376,1.0
29237472,1.0
29249408,1.0
29250016,1.0
29258400,1.0
29268864,1.0
29271456,1.0
29273056,1.0
29276032,1.0
29276608,1.0
29279456,1.0
29279552,1.0
29280128,1.0
29287968,1.0
29295200,1.0
29299904,1.0
29301856,1.0
29307616,1.0
29312576,1.0
29314976,1.0
29321216,1.0
29323584,1.0
29324960,1.0
29328768,1.0
29332512,1.0
29333440,1.0
29333856,1.0
29334848,1.0
29337152,1.0
29342816,1.0
29343744,1.0
29346592,1.0
29352160,1.0
29356352,1.0
29357120,1.0
29357216,1.0
29363296,1.0
29369920,1.0
29376288,1.0
29377376,1.0
29377568,1.0
29380704,1.0
29385088,1.0
29386496,1.0
29388096,1.0
29392064,1.0
29399168,1.0
29405984,1.0
29410272,1.0
29423808,1.0
29424800,1.0
29425408,1.0
29431776,1.0
29431840,1.0
29436864,1.0
29437280,1.0
29439776,1.0
29442400,1.0
29443072,1.0
29443872,1.0
29446528,1.0
29449568,1.0
29449888,1.0
29452288,1.0
29454400,1.0
29455968,1.0
29460448,1.0
29462848,1.0
29468736,1.0
29478496,1.0
29479808,1.0
29485152,1.0
29487680,1.0
29495616,1.0
29496768,1.0
29498720,1.0
29510528,1.0
29517952,1.0
29518720,1.0
29519872,1.0
29522592,1.0
29523936,1.0
29527776,1.0
29532544,1.0
29533504,1.0
29533568,1.0
29540288,1.0
29547008,1.0
29555936,1.0
29557568,1.0
29560704,1.0
29561824,1.0
29565120,1.0
29566272,1.0
29567648,1.0
29576640,1.0
29576672,1.0
29588896,1.0
29596128,1.0
29601856,1.0
29602432,1.0
29606720,1.0
29611488,1.0
29614176,1.0
29616512,1.0
29617728,1.0
29621728,1.0
29623680,1.0
29626336,1.0
29627648,1.0
29629184,1.0
29631328,1.0
29634080,1.0
29644960,1.0
29650496,1.0
29652128,1.0
29653568,1.0
29658208,1.0
29658304,1.0
29661728,1.0
29666528,1.0
29667072,1.0
29671040,1.0
29672096,1.0
29672128,1.0
29674176,1.0
29678112,1.0
29679520,1.0
29681024,1.0
29684064,1.0
29685504,1.0
29692832,1.0
29693728,1.0
29696480,1.0
29697472,1.0
29700384,1.0
29700480,1.0
29707392,1.0
29711840,1.0
29715200,1.0
29717248,1.0
29718048,1.0
29718528,1.0
29725024,1.0
29735520,1.0
29736416,1.0
29739872,1.0
29742560,1.0
29743584,1.0
29746144,1.0
29747392,1.0
29750656,1.0
29760864,1.0
29765280,1.0
29766528,1.0
29766976,1.0
29770528,1.0
29772320,1.0
29773792,1.0
29778144,1.0
29779360,1.0
29782848,1.0
29798016,1.0
29798688,1.0
29803872,1.0
29806432,1.0
29809568,1.0
29815360,1.0
29822912,1.0
29834080,1.0
29843744,1.0
29851136,1.0
29858560,1.0
29860832,1.0
29865280,1.0
29871328,1.0
29872832,1.0
29882656,1.0
29889376,1.0
29889696,1.0
29891360,1.0
29895136,1.0
29898176,1.0
29898592,1.0
29898656,1.0
29904128,1.0
29907008,1.0
29909088,1.0
29914400,1.0
29917152,1.0
29923680,1.0
29923872,1.0
29925024,1.0
29931008,1.0
29931040,1.0
29932256,1.0
29933632,1.0
29935296,1.0
29936032,1.0
29936960,1.0
29938528,1.0
29938912,1.0
29941600,1.0
29945184,1.0
29957760,1.0
29957856,1.0
29960800,1.0
29962560,1.0
29962688,1.0
29963296,1.0
29966144,1.0
29975264,1.0
29978336,1.0
29985312,1.0
29985440,1.0
29987104,1.0
29990368,1.0
29996032,1.0
29998400,1.0
29999392,1.0
30003520,1.0
30026752,1.0
30033216,1.0
30036640,1.0
30040192,1.0
30040896,1.0
30048064,1.0
30048864,1.0
30050432,1.0
30050752,1.0
30055840,1.0
30058016,1.0
30061760,1.0
30064288,1.0
30070336,1.0
30073280,1.0
30083616,1.0
30083680,1.0
30091520,1.0
30111008,1.0
30113600,1.0
30115328,1.0
30116672,1.0
30117536,1.0
30118400,1.0
30123520,1.0
30126112,1.0
30126816,1.0
30132928,1.0
30136480,1.0
30154784,1.0
30159744,1.0
30160960,1.0
30163008,1.0
30177984,1.0
30179360,1.0
30182720,1.0
30194080,1.0
30199488,1.0
30205856,1.0
30212576,1.0
30214528,1.0
30226784,1.0
30227168,1.0
30240640,1.0
30245856,1.0
30248960,1.0
30255040,1.0
30258592,1.0
30261056,1.0
30261344,1.0
30261600,1.0
30261760,1.0
30263232,1.0
30267552,1.0
30267712,1.0
30269696,1.0
30274176,1.0
30276224,1.0
30286528,1.0
30289440,1.0
30291936,1.0
30305952,1.0
30306144,1.0
30310112,1.0
30311168,1.0
30314080,1.0
30319808,1.0
30320832,1.0
30326944,1.0
30328928,1.0
30331456,1.0
30335584,1.0
30339776,1.0
30343168,1.0
30345952,1.0
30347840,1.0
30349088,1.0
30350272,1.0
30363936,1.0
30371360,1.0
30371456,1.0
30372704,1.0
30383520,1.0
30385952,1.0
30387488,1.0
30394080,1.0
30397760,1.0
30400576,1.0
30401056,1.0
30403712,1.0
30405888,1.0
30407616,1.0
30415872,1.0
30424960,1.0
30437920,1.0
30446208,1.0
30455872,1.0
30477280,1.0
30480960,1.0
30483264,1.0
30485952,1.0
30491872,1.0
30496480,1.0
30498144,1.0
30503968,1.0
30507776,1.0
30509856,1.0
30515808,1.0
30518688,1.0
30523616,1.0
30524096,1.0
30532512,1.0
30533888,1.0
30536160,1.0
30540864,1.0
30546304,1.0
30547104,1.0
30548096,1.0
30548576,1.0
30557120,1.0
30559200,1.0
30560160,1.0
30570816,1.0
30571680,1.0
30572672,1.0
30575424,1.0
30577984,1.0
30585856,1.0
30587840,1.0
30593344,1.0
30595232,1.0
30595360,1.0
30597440,1.0
30598592,1.0
30599616,1.0
30607168,1.0
30607776,1.0
30610400,1.0
30613312,1.0
30622880,1.0
30623776,1.0
30627072,1.0
30629408,1.0
30629664,1.0
30630592,1.0
30631424,1.0
30637120,1.0
30637376,1.0
30639616,1.0
30641376,1.0
30643040,1.0
30648800,1.0
30651744,1.0
30655424,1.0
30660736,1.0
30661536,1.0
30670336,1.0
30679808,1.0
30683328,1.0
30685280,1.0
30687232,1.0
30696352,1.0
30696736,1.0
30703008,1.0
30704288,1.0
30705952,1.0
30706560,1.0
30724416,1.0
30725120,1.0
30737600,1.0
30737984,1.0
30751232,1.0
30754720,1.0
30760448,1.0
30763104,1.0
30765536,1.0
30766464,1.0
30768736,1.0
30776640,1.0
30777792,1.0
30781728,1.0
30791712,1.0
30794112,1.0
30801632,1.0
30802944,1.0
30805024,1.0
30814976,1.0
30815328,1.0
30818240,1.0
30823040,1.0
30825536,1.0
30828896,1.0
30832192,1.0
30836928,1.0
30838656,1.0
30838880,1.0
30840160,1.0
30841120,1.0
30846112,1.0
30856512,1.0
30858816,1.0
30861504,1.0
30862016,1.0
30868416,1.0
30872128,1.0
30872256,1.0
30874720,1.0
30885376,1.0
30893184,1.0
30900736,1.0
30901024,1.0
30904960,1.0
30906752,1.0
30910560,1.0
30911456,1.0
30913024,1.0
30914912,1.0
30919552,1.0
30923488,1.0
30948672,1.0
30954560,1.0
30971488,1.0
30974432,1.0
30978272,1.0
30978560,1.0
30982336,1.0
30993152,1.0
30999360,1.0
31004640,1.0
31013248,1.0
31018784,1.0
31021760,1.0
31023360,1.0
31026016,1.0
31029984,1.0
31030560,1.0
31035104,1.0
31036544,1.0
31037696,1.0
31037888,1.0
31040640,1.0
31052288,1.0
31053696,1.0
31056192,1.0
31066816,1.0
31072704,1.0
31072800,1.0
31075328,1.0
31079744,1.0
31080576,1.0
31083104,1.0
31085856,1.0
31093408,1.0
31096640,1.0
31103584,1.0
31108704,1.0
31113952,1.0
31115232,1.0
31116128,1.0
31116384,1.0
31125056,1.0
31125280,1.0
31133440,1.0
31136576,1.0
31137408,1.0
31139808,1.0
31141632,1.0
31141792,1.0
31150432,1.0
31151680,1.0
31153888,1.0
31155840,1.0
31156960,1.0
31161696,1.0
31168672,1.0
31170784,1.0
31175328,1.0
31176416,1.0
31185952,1.0
31204960,1.0
31206112,1.0
31209408,1.0
31211808,1.0
31213664,1.0
31217056,1.0
31221472,1.0
31223552,1.0
31230144,1.0
31231456,1.0
31233280,1.0
31236448,1.0
31252416,1.0
31253376,1.0
31264192,1.0
31266752,1.0
31269824,1.0
31275200,1.0
31275360,1.0
31277056,1.0
31279328,1.0
31279424,1.0
31286944,1.0
31287136,1.0
31289760,1.0
31291648,1.0
31291904,1.0
31295232,1.0
31300768,1.0
31301856,1.0
31302496,1.0
31303904,1.0
31305632,1.0
31309344,1.0
31319520,1.0
31334304,1.0
31339872,1.0
31341408,1.0
31342592,1.0
31350848,1.0
31352576,1.0
31360320,1.0
31362688,1.0
31363552,1.0
31372128,1.0
31372928,1.0
31380896,1.0
31381920,1.0
31388800,1.0
31391520,1.0
31394048,1.0
31395648,1.0
31401664,1.0
31404256,1.0
31404448,1.0
31407552,1.0
31410880,1.0
31416672,1.0
31416736,1.0
31421536,1.0
31423040,1.0
31432896,1.0
31440864,1.0
31444224,1.0
31444480,1.0
31450240,1.0
31451328,1.0
31455296,1.0
31455936,1.0
31458080,1.0
31458176,1.0
31466880,1.0
31468864,1.0
31476320,1.0
31487168,1.0
31488768,1.0
31491360,1.0
31492896,1.0
31494272,1.0
31496128,1.0
31499616,1.0
31501472,1.0
31512832,1.0
31516448,1.0
31519232,1.0
31520992,1.0
31521536,1.0
31523808,1.0
31525088,1.0
31525248,1.0
31529824,1.0
31533792,1.0
31535104,1.0
31537728,1.0
31544000,1.0
31548384,1.0
31553728,1.0
31558496,1.0
31560544,1.0
31562688,1.0
31570048,1.0
31586048,1.0
31600384,1.0
31601056,1.0
31602528,1.0
31606048,1.0
31608928,1.0
31610624,1.0
31613216,1.0
31616544,1.0
31623456,1.0
31635296,1.0
31651904,1.0
31656352,1.0
31659552,1.0
31670336,1.0
31676512,1.0
31677280,1.0
31683040,1.0
31684416,1.0
31691616,1.0
31692960,1.0
31696896,1.0
31701792,1.0
31706432,1.0
31710496,1.0
31721728,1.0
31724128,1.0
31726336,1.0
31728736,1.0
31741760,1.0
31741984,1.0
31743456,1.0
31743712,1.0
31754944,1.0
31755680,1.0
31756576,1.0
31757696,1.0
31758624,1.0
31765472,1.0
31766464,1.0
31766880,1.0
31769888,1.0
31773376,1.0
31782272,1.0
31784768,1.0
31791456,1.0
31792576,1.0
31796032,1.0
31798560,1.0
31802112,1.0
31804064,1.0
31806560,1.0
31806752,1.0
31806784,1.0
31806944,1.0
31818848,1.0
31825216,1.0
31829376,1.0
31832128,1.0
31833376,1.0
31845824,1.0
31846464,1.0
31861632,1.0
31862432,1.0
31864800,1.0
31865696,1.0
31873888,1.0
31877344,1.0
31890368,1.0
31890624,1.0
31902432,1.0
31902944,1.0
31903424,1.0
31903744,1.0
31906592,1.0
31906688,1.0
31908352,1.0
31908640,1.0
31914720,1.0
31925056,1.0
31925696,1.0
31930496,1.0
31932160,1.0
31932992,1.0
31933536,1.0
31935840,1.0
31938624,1.0
31944832,1.0
31945216,1.0
31956032,1.0
31961472,1.0
31962368,1.0
31962784,1.0
31966112,1.0
31969152,1.0
32006144,1.0
32008256,1.0
32012992,1.0
32026464,1.0
32029120,1.0
32034624,1.0
32035104,1.0
32038784,1.0
32039168,1.0
32040512,1.0
32042400,1.0
32042784,1.0
32061184,1.0
32065664,1.0
32067424,1.0
32075200,1.0
32077152,1.0
32077920,1.0
32079392,1.0
32089568,1.0
32095232,1.0
32095808,1.0
32097632,1.0
32123648,1.0
32123776,1.0
32125824,1.0
32128192,1.0
32132480,1.0
32143904,1.0
32146944,1.0
32147904,1.0
32148384,1.0
32148672,1.0
32160448,1.0
32165696,1.0
32165888,1.0
32168096,1.0
32170368,1.0
32172800,1.0
32173088,1.0
32174944,1.0
32177056,1.0
32178272,1.0
32183616,1.0
32189344,1.0
32193696,1.0
32195936,1.0
32196928,1.0
32209248,1.0
32211904,1.0
32215904,1.0
32220352,1.0
32229376,1.0
32229696,1.0
32231200,1.0
32238496,1.0
32247424,1.0
32250752,1.0
32252064,1.0
32257440,1.0
32258208,1.0
32258528,1.0
32260480,1.0
32270400,1.0
32276128,1.0
32286976,1.0
32289120,1.0
32290112,1.0
32293920,1.0
32295520,1.0
32295552,1.0
32296192,1.0
32296576,1.0
32298080,1.0
32305760,1.0
32313728,1.0
32319584,1.0
32320288,1.0
32320992,1.0
32326016,1.0
32329120,1.0
32330048,1.0
32330528,1.0
32336800,1.0
32341184,1.0
32344576,1.0
32349024,1.0
32353632,1.0
32359264,1.0
32364288,1.0
32379296,1.0
32379328,1.0
32381536,1.0
32386944,1.0
32398240,1.0
32400608,1.0
32408512,1.0
32409760,1.0
32417184,1.0
32420800,1.0
32422592,1.0
32422912,1.0
32433216,1.0
32434016,1.0
32435200,1.0
32445120,1.0
32447040,1.0
32448640,1.0
32450336,1.0
32460640,1.0
32465056,1.0
32477920,1.0
32478880,1.0
32481056,1.0
32481248,1.0
32483008,1.0
32484416,1.0
32485344,1.0
32485984,1.0
32493664,1.0
32495744,1.0
32496928,1.0
32502784,1.0
32507968,1.0
32521856,1.0
32524512,1.0
32525216,1.0
32527808,1.0
32529536,1.0
32534496,1.0
32541088,1.0
32541664,1.0
32542944,1.0
32543328,1.0
32544224,1.0
32550240,1.0
32561440,1.0
32563072,1.0
32564608,1.0
32566496,1.0
32571232,1.0
32571968,1.0
32579968,1.0
32580992,1.0
32587104,1.0
32600416,1.0
32612192,1.0
32616384,1.0
32616928,1.0
32620192,1.0
32629440,1.0
32630144,1.0
32639072,1.0
32642688,1.0
32645504,1.0
32653600,1.0
32654848,1.0
32661536,1.0
32663072,1.0
32665920,1.0
32668096,1.0
32669760,1.0
32670208,1.0
32670496,1.0
32672192,1.0
32678528,1.0
32690592,1.0
32692320,1.0
32704736,1.0
32714976,1.0
32715808,1.0
32720544,1.0
32721472,1.0
32722144,1.0
32723008,1.0
32727264,1.0
32729248,1.0
32737376,1.0
32738016,1.0
32753888,1.0
32756896,1.0
32759968,1.0
32765120,1.0
32768960,1.0
32773216,1.0
32775840,1.0
32780192,1.0
32781728,1.0
32784448,1.0
32791168,1.0
32795424,1.0
32796544,1.0
32797600,1.0
32805824,1.0
32805856,1.0
32814176,1.0
32818720,1.0
32830720,1.0
32837312,1.0
32838368,1.0
32839200,1.0
32845248,1.0
32848544,1.0
32854336,1.0
32863840,1.0
32865280,1.0
32866560,1.0
32872704,1.0
32874016,1.0
32882176,1.0
32884128,1.0
32884640,1.0
32886176,1.0
32886688,1.0
32898432,1.0
32908128,1.0
32909088,1.0
32909472,1.0
32913344,1.0
32914560,1.0
32915584,1.0
32916544,1.0
32918720,1.0
32921408,1.0
32925248,1.0
32931776,1.0
32936992,1.0
32937632,1.0
32945344,1.0
32946560,1.0
32947200,1.0
32953088,1.0
32961440,1.0
32964320,1.0
32966528,1.0
32969056,1.0
32974464,1.0
32976320,1.0
32976544,1.0
32977632,1.0
32984032,1.0
32984448,1.0
32985472,1.0
32985568,1.0
32988928,1.0
32989408,1.0
32990848,1.0
32993600,1.0
32995808,1.0
33003584,1.0
33008480,1.0
33009216,1.0
33024032,1.0
33038496,1.0
33046240,1.0
33046432,1.0
33051392,1.0
33054176,1.0
33057472,1.0
33060064,1.0
33062336,1.0
33062688,1.0
33062944,1.0
33066592,1.0
33069312,1.0
33073824,1.0
33074976,1.0
33075200,1.0
33075936,1.0
33077152,1.0
33078720,1.0
33079008,1.0
33081952,1.0
33084896,1.0
33085248,1.0
33085344,1.0
33096960,1.0
33097536,1.0
33100448,1.0
33104640,1.0
33112672,1.0
33129504,1.0
33130048,1.0
33132896,1.0
33136800,1.0
33138144,1.0
33140224,1.0
33155360,1.0
33159200,1.0
33161280,1.0
33162624,1.0
33166784,1.0
33174592,1.0
33174848,1.0
33180960,1.0
33189184,1.0
33195424,1.0
33200512,1.0
33201600,1.0
33218592,1.0
33219360,1.0
33223520,1.0
33224480,1.0
33228864,1.0
33231872,1.0
33239136,1.0
33241344,1.0
33247360,1.0
33251488,1.0
33256288,1.0
33260192,1.0
33261184,1.0
33281952,1.0
33284992,1.0
33291712,1.0
33297344,1.0
33298656,1.0
33299296,1.0
33302432,1.0
33306560,1.0
33317184,1.0
33320896,1.0
33321376,1.0
33326656,1.0
33335840,1.0
33342016,1.0
33344096,1.0
33351168,1.0
33351968,1.0
33353856,1.0
33355360,1.0
33387616,1.0
33388224,1.0
33390400,1.0
33408768,1.0
33408992,1.0
33409376,1.0
33416992,1.0
33418048,1.0
33420288,1.0
33427520,1.0
33431008,1.0
33432672,1.0
33436160,1.0
33440736,1.0
33444448,1.0
33447200,1.0
33451936,1.0
33460832,1.0
33463200,1.0
33466240,1.0
33467200,1.0
33470016,1.0
33479936,1.0
33482560,1.0
33485664,1.0
33507136,1.0
33510592,1.0
33510976,1.0
33522656,1.0
33525504,1.0
33526848,1.0
33530528,1.0
33532288,1.0
33534528,1.0
33537664,1.0
33549088,1.0
33551808,1.0
33554752,1.0
33556640,1.0
33557696,1.0
33560224,1.0
33561824,1.0
33569536,1.0
33576384,1.0
33586176,1.0
33586880,1.0
33588448,1.0
33594624,1.0
33596416,1.0
33597344,1.0
33599680,1.0
33612864,1.0
33618304,1.0
33619936,1.0
33623328,1.0
33630880,1.0
33633408,1.0
33638720,1.0
33649152,1.0
33649184,1.0
33652480,1.0
33653056,1.0
33670912,1.0
33672640,1.0
33681024,1.0
33686880,1.0
33688192,1.0
33691072,1.0
33691168,1.0
33714208,1.0
33730496,1.0
33732000,1.0
33732896,1.0
33733152,1.0
33746656,1.0
33756288,1.0
33758720,1.0
33762880,1.0
33763456,1.0
33769344,1.0
33774240,1.0
33776992,1.0
33777824,1.0
33780480,1.0
33787776,1.0
33788192,1.0
33794240,1.0
33795360,1.0
33806464,1.0
33809440,1.0
33816096,1.0
33818368,1.0
33819264,1.0
33825472,1.0
33828032,1.0
33832416,1.0
33835296,1.0
33840288,1.0
33840480,1.0
33856544,1.0
33861312,1.0
33866656,1.0
33866688,1.0
33866816,1.0
33866976,1.0
33871424,1.0
33875552,1.0
33878592,1.0
33884512,1.0
33887744,1.0
33891424,1.0
33891552,1.0
33893632,1.0
33901216,1.0
33906816,1.0
33910816,1.0
33915712,1.0
33932352,1.0
33933664,1.0
33936992,1.0
33938272,1.0
33939104,1.0
33940480,1.0
33943456,1.0
33943776,1.0
33959136,1.0
33964800,1.0
33968320,1.0
33972096,1.0
33982464,1.0
33984352,1.0
33987168,1.0
33993120,1.0
33996864,1.0
33998176,1.0
34005152,1.0
34007040,1.0
34011104,1.0
34012416,1.0
34012608,1.0
34015168,1.0
34021344,1.0
34022304,1.0
34030912,1.0
34032384,1.0
34035008,1.0
34035712,1.0
34036736,1.0
34040768,1.0
34043744,1.0
34044768,1.0
34056416,1.0
34057568,1.0
34058656,1.0
34065120,1.0
34070272,1.0
34070496,1.0
34072096,1.0
34075360,1.0
34084128,1.0
34085664,1.0
34087392,1.0
34090688,1.0
34095200,1.0
34095584,1.0
34096480,1.0
34096992,1.0
34102624,1.0
34104672,1.0
34109568,1.0
34110016,1.0
34110464,1.0
34112640,1.0
34114528,1.0
34126112,1.0
34126272,1.0
34127872,1.0
34130464,1.0
34131776,1.0
34144448,1.0
34146368,1.0
34147648,1.0
34148032,1.0
34148160,1.0
34161792,1.0
34166624,1.0
34169504,1.0
34173216,1.0
34178848,1.0
34192640,1.0
34193440,1.0
34201280,1.0
34203616,1.0
34221280,1.0
34223168,1.0
34223968,1.0
34224448,1.0
34228096,1.0
34240384,1.0
34246528,1.0
34249120,1.0
34256000,1.0
34273600,1.0
34274336,1.0
34274432,1.0
34282656,1.0
34289216,1.0
34291264,1.0
34291840,1.0
34294432,1.0
34294688,1.0
34299936,1.0
34306400,1.0
34308640,1.0
34310976,1.0
34312320,1.0
34317984,1.0
34319552,1.0
34321056,1.0
34324736,1.0
34332160,1.0
34335680,1.0
34335840,1.0
34336032,1.0
34340000,1.0
34348384,1.0
34361856,1.0
34370016,1.0
34371328,1.0
34372384,1.0
34376096,1.0
34376768,1.0
34377024,1.0
34379104,1.0
34384032,1.0
34388448,1.0
34389664,1.0
34393376,1.0
34395104,1.0
34399840,1.0
34408416,1.0
34408832,1.0
34409792,1.0
34412928,1.0
34419936,1.0
34423552,1.0
34427616,1.0
34436896,1.0
34437088,1.0
34437280,1.0
34439136,1.0
34448512,1.0
34451072,1.0
34466528,1.0
34466848,1.0
34467328,1.0
34471584,1.0
34476032,1.0
34476928,1.0
34477312,1.0
34479456,1.0
34486432,1.0
34487936,1.0
34489632,1.0
34501984,1.0
34509408,1.0
34512672,1.0
34514624,1.0
34516640,1.0
34518912,1.0
34519488,1.0
34521312,1.0
34536064,1.0
34539872,1.0
34542464,1.0
34548224,1.0
34552128,1.0
34553184,1.0
34557376,1.0
34558976,1.0
34564352,1.0
34574528,1.0
34580288,1.0
34587872,1.0
34590112,1.0
34590176,1.0
34593760,1.0
34594816,1.0
34595392,1.0
34596320,1.0
34599360,1.0
34600480,1.0
34600512,1.0
34605856,1.0
34608416,1.0
34612640,1.0
34614752,1.0
34614976,1.0
34627872,1.0
34628928,1.0
34630624,1.0
34643680,1.0
34650464,1.0
34653184,1.0
34654400,1.0
34658400,1.0
34668320,1.0
34672768,1.0
34674848,1.0
34680576,1.0
34696416,1.0
34697728,1.0
34711552,1.0
34711840,1.0
34713024,1.0
34714368,1.0
34714656,1.0
34729184,1.0
34732608,1.0
34733024,1.0
34733280,1.0
34734400,1.0
34737056,1.0
34740384,1.0
34742912,1.0
34745152,1.0
34747200,1.0
34749952,1.0
34760544,1.0
34764480,1.0
34765600,1.0
34765792,1.0
34766496,1.0
34768256,1.0
34769120,1.0
34774784,1.0
34775456,1.0
34779616,1.0
34786016,1.0
34793888,1.0
34806816,1.0
34809760,1.0
34811936,1.0
34813248,1.0
34830784,1.0
34832160,1.0
34833344,1.0
34854944,1.0
34871328,1.0
34877664,1.0
34884416,1.0
34886400,1.0
34898432,1.0
34913952,1.0
34914112,1.0
34915200,1.0
34923744,1.0
34926112,1.0
34931136,1.0
34934016,1.0
34934560,1.0
34935072,1.0
34946688,1.0
34950880,1.0
34956192,1.0
34966240,1.0
34971616,1.0
34978240,1.0
34978272,1.0
34988768,1.0
34989632,1.0
34996032,1.0
34996832,1.0
35000800,1.0
35001056,1.0
35012544,1.0
35017408,1.0
35021056,1.0
35021440,1.0
35024000,1.0
35025120,1.0
35027200,1.0
35030880,1.0
35037440,1.0
35039328,1.0
35044768,1.0
35045632,1.0
35047328,1.0
35049696,1.0
35050016,1.0
35050048,1.0
35052096,1.0
35053376,1.0
35061632,1.0
35065152,1.0
35066944,1.0
35068288,1.0
35068768,1.0
35069664,1.0
35069888,1.0
35071136,1.0
35073280,1.0
35081344,1.0
35083136,1.0
35085920,1.0
35087008,1.0
35101504,1.0
35104064,1.0
35110528,1.0
35114528,1.0
35114784,1.0
35115520,1.0
35116928,1.0
35118400,1.0
35121152,1.0
35121600,1.0
35129632,1.0
35140704,1.0
35142688,1.0
35142848,1.0
35144736,1.0
35145248,1.0
35147168,1.0
35148608,1.0
35154976,1.0
35158592,1.0
35160128,1.0
35171680,1.0
35180704,1.0
35183264,1.0
35184992,1.0
35185056,1.0
35188000,1.0
35192800,1.0
35195264,1.0
35196480,1.0
35196992,1.0
35197664,1.0
35197888,1.0
35199552,1.0
35207008,1.0
35213280,1.0
35217088,1.0
35218944,1.0
35220064,1.0
35222752,1.0
35228928,1.0
35238464,1.0
35238752,1.0
35246976,1.0
35249216,1.0
35253504,1.0
35261568,1.0
35275392,1.0
35279648,1.0
35283648,1.0
35283744,1.0
35285888,1.0
35287616,1.0
35288992,1.0
35290976,1.0
35292320,1.0
35293760,1.0
35295488,1.0
35301504,1.0
35309632,1.0
35311648,1.0
35313472,1.0
35314528,1.0
35327008,1.0
35327744,1.0
35330944,1.0
35334688,1.0
35339456,1.0
35342656,1.0
35358816,1.0
35362656,1.0
35369024,1.0
35374784,1.0
35402080,1.0
35404064,1.0
35406752,1.0
35408320,1.0
35414752,1.0
35416320,1.0
35419968,1.0
35428032,1.0
35433984,1.0
35448224,1.0
35462304,1.0
35465664,1.0
35468896,1.0
35475040,1.0
35477376,1.0
35496512,1.0
35498464,1.0
35499968,1.0
35507712,1.0
35508832,1.0
35518112,1.0
35533888,1.0
35536352,1.0
35543840,1.0
35544608,1.0
35547584,1.0
35548416,1.0
35548608,1.0
35552704,1.0
35554944,1.0
35556672,1.0
35567264,1.0
35576736,1.0
35579424,1.0
35581216,1.0
35583392,1.0
35591008,1.0
35594272,1.0
35596928,1.0
35599904,1.0
35600960,1.0
35608352,1.0
35609184,1.0
35613344,1.0
35614336,1.0
35616288,1.0
35619360,1.0
35622912,1.0
35623424,1.0
35625888,1.0
35631456,1.0
35635296,1.0
35636320,1.0
35641312,1.0
35641344,1.0
35642016,1.0
35643264,1.0
35647232,1.0
35652832,1.0
35654432,1.0
35661248,1.0
35669888,1.0
35675232,1.0
35675296,1.0
35677920,1.0
35682016,1.0
35686272,1.0
35690368,1.0
35699776,1.0
35699808,1.0
35714592,1.0
35727808,1.0
35731616,1.0
35733056,1.0
35736352,1.0
35738944,1.0
35741568,1.0
35742304,1.0
35743392,1.0
35754432,1.0
35755136,1.0
35760416,1.0
35769632,1.0
35770624,1.0
35774112,1.0
35775808,1.0
35775904,1.0
35777056,1.0
35778592,1.0
35793312,1.0
35795936,1.0
35797984,1.0
35808064,1.0
35815904,1.0
35818208,1.0
35822464,1.0
35824832,1.0
35837344,1.0
35843040,1.0
35843904,1.0
35844928,1.0
35849248,1.0
35852032,1.0
35854016,1.0
35855616,1.0
35858080,1.0
35898560,1.0
35899808,1.0
35903168,1.0
35903328,1.0
35906848,1.0
35916672,1.0
35926336,1.0
35931840,1.0
35936160,1.0
35938528,1.0
35940512,1.0
35941408,1.0
35943968,1.0
35945504,1.0
35948416,1.0
35954976,1.0
35957824,1.0
35967584,1.0
35969728,1.0
35970592,1.0
35972640,1.0
35975328,1.0
35981920,1.0
35999616,1.0
36005888,1.0
36010976,1.0
36014304,1.0
36015840,1.0
36017312,1.0
36024576,1.0
36025376,1.0
36027968,1.0
36032128,1.0
36034528,1.0
36052384,1.0
36054048,1.0
36073888,1.0
36080768,1.0
36081024,1.0
36081344,1.0
36099744,1.0
36108672,1.0
36136672,1.0
36136768,1.0
36142848,1.0
36159104,1.0
36162304,1.0
36166976,1.0
36171680,1.0
36173024,1.0
36178208,1.0
36184448,1.0
36189984,1.0
36191904,1.0
36194528,1.0
36200320,1.0
36204864,1.0
36212288,1.0
36216576,1.0
36220384,1.0
36225696,1.0
36226176,1.0
36232000,1.0
36236640,1.0
36238400,1.0
36253824,1.0
36259552,1.0
36261632,1.0
36266048,1.0
36266112,1.0
36266496,1.0
36269216,1.0
36269760,1.0
36272768,1.0
36276288,1.0
36298176,1.0
36301376,1.0
36302048,1.0
36302112,1.0
36302976,1.0
36309504,1.0
36310560,1.0
36314464,1.0
36314912,1.0
36315648,1.0
36319680,1.0
36329760,1.0
36332832,1.0
36336928,1.0
36340000,1.0
36347232,1.0
36347712,1.0
36351392,1.0
36355296,1.0
36356384,1.0
36383488,1.0
36384256,1.0
36385024,1.0
36387712,1.0
36393056,1.0
36393760,1.0
36402560,1.0
36409152,1.0
36411104,1.0
36412704,1.0
36414240,1.0
36428544,1.0
36432160,1.0
36435584,1.0
36439328,1.0
36447968,1.0
36458592,1.0
36464992,1.0
36473632,1.0
36476320,1.0
36478912,1.0
36480608,1.0
36504544,1.0
36505632,1.0
36507360,1.0
36508544,1.0
36511104,1.0
36513664,1.0
36538560,1.0
36542208,1.0
36548768,1.0
36550912,1.0
36563680,1.0
36564128,1.0
36564960,1.0
36567968,1.0
36568000,1.0
36571136,1.0
36571744,1.0
36580384,1.0
36596928,1.0
36598560,1.0
36608608,1.0
36613152,1.0
36613888,1.0
36614592,1.0
36615520,1.0
36618752,1.0
36619552,1.0
36634624,1.0
36636192,1.0
36636576,1.0
36637152,1.0
36639296,1.0
36647776,1.0
36648608,1.0
36649408,1.0
36652544,1.0
36656288,1.0
36661280,1.0
36665056,1.0
36665856,1.0
36667456,1.0
36670176,1.0
36673024,1.0
36676928,1.0
36687584,1.0
36688064,1.0
36710752,1.0
36711712,1.0
36730432,1.0
36731904,1.0
36733184,1.0
36733728,1.0
36736128,1.0
36737728,1.0
36737952,1.0
36756864,1.0
36764928,1.0
36767040,1.0
36772096,1.0
36774272,1.0
36808032,1.0
36809568,1.0
36818944,1.0
36826496,1.0
36827968,1.0
36830368,1.0
36836064,1.0
36840896,1.0
36844192,1.0
36844928,1.0
36845056,1.0
36855744,1.0
36862368,1.0
36863072,1.0
36863424,1.0
36869600,1.0
36873504,1.0
36876320,1.0
36878528,1.0
36892704,1.0
36907520,1.0
36914272,1.0
36921152,1.0
36923840,1.0
36929920,1.0
36930592,1.0
36930912,1.0
36932448,1.0
36935872,1.0
36937664,1.0
36939360,1.0
36945568,1.0
36947680,1.0
36960096,1.0
36963648,1.0
36970048,1.0
36976800,1.0
36978880,1.0
36985312,1.0
36997376,1.0
36999328,1.0
37004448,1.0
37017056,1.0
37019648,1.0
37026208,1.0
37037152,1.0
37038720,1.0
37046016,1.0
37052320,1.0
37058752,1.0
37058976,1.0
37066080,1.0
37070464,1.0
37073600,1.0
37077696,1.0
37080736,1.0
37083616,1.0
37097376,1.0
37100192,1.0
37114912,1.0
37121056,1.0
37122784,1.0
37128704,1.0
37143392,1.0
37148736,1.0
37154720,1.0
37163008,1.0
37167136,1.0
37169568,1.0
37186688,1.0
37197120,1.0
37197952,1.0
37198176,1.0
37199232,1.0
37203392,1.0
37205888,1.0
37207552,1.0
37213152,1.0
37213216,1.0
37215648,1.0
37220544,1.0
37221056,1.0
37232160,1.0
37245216,1.0
37245920,1.0
37255648,1.0
37255968,1.0
37262080,1.0
37264704,1.0
37267840,1.0
37278304,1.0
37278752,1.0
37279328,1.0
37281696,1.0
37282784,1.0
37290080,1.0
37292352,1.0
37304960,1.0
37306624,1.0
37308320,1.0
37309728,1.0
37312640,1.0
37314112,1.0
37324512,1.0
37327008,1.0
37333632,1.0
37341120,1.0
37344960,1.0
37352960,1.0
37354816,1.0
37354880,1.0
37359328,1.0
37373248,1.0
37377856,1.0
37382080,1.0
37386144,1.0
37387904,1.0
37403136,1.0
37404384,1.0
37407392,1.0
37415616,1.0
37423296,1.0
37427744,1.0
37434880,1.0
37443104,1.0
37446656,1.0
37451072,1.0
37452704,1.0
37457376,1.0
37463008,1.0
37476864,1.0
37484832,1.0
37485376,1.0
37485472,1.0
37485664,1.0
37485728,1.0
37494752,1.0
37495136,1.0
37500224,1.0
37501728,1.0
37504736,1.0
37505568,1.0
37509056,1.0
37510592,1.0
37516768,1.0
37521152,1.0
37524512,1.0
37530944,1.0
37534048,1.0
37534336,1.0
37538272,1.0
37541184,1.0
37550624,1.0
37555488,1.0
37558784,1.0
37559264,1.0
37563136,1.0
37568384,1.0
37570048,1.0
37576928,1.0
37579840,1.0
37580128,1.0
37589920,1.0
37596704,1.0
37598272,1.0
37604640,1.0
37606944,1.0
37610080,1.0
37612064,1.0
37615616,1.0
37629376,1.0
37642048,1.0
37642688,1.0
37644224,1.0
37645824,1.0
37656128,1.0
37662624,1.0
37662912,1.0
37676160,1.0
37697792,1.0
37700576,1.0
37707744,1.0
37709216,1.0
37715872,1.0
37722176,1.0
37724864,1.0
37728096,1.0
37728576,1.0
37732704,1.0
37733920,1.0
37735424,1.0
37739424,1.0
37750752,1.0
37752576,1.0
37754560,1.0
37756512,1.0
37759552,1.0
37764256,1.0
37766112,1.0
37772128,1.0
37773504,1.0
37773632,1.0
37778272,1.0
37779296,1.0
37782432,1.0
37782880,1.0
37782976,1.0
37783552,1.0
37787168,1.0
37797216,1.0
37797632,1.0
37797824,1.0
37800640,1.0
37800800,1.0
37802048,1.0
37807840,1.0
37810048,1.0
37812384,1.0
37812448,1.0
37813440,1.0
37813632,1.0
37817376,1.0
37840896,1.0
37844160,1.0
37849344,1.0
37860512,1.0
37871232,1.0
37883104,1.0
37887808,1.0
37889152,1.0
37897600,1.0
37899872,1.0
37904608,1.0
37908960,1.0
37909280,1.0
37912096,1.0
37912960,1.0
37932480,1.0
37938688,1.0
37938784,1.0
37945600,1.0
37945920,1.0
37950336,1.0
37951264,1.0
37954816,1.0
37956480,1.0
37959424,1.0
37961056,1.0
37981792,1.0
37982144,1.0
37982496,1.0
37992192,1.0
37996576,1.0
37998816,1.0
38000160,1.0
38009472,1.0
38010272,1.0
38019072,1.0
38020512,1.0
38031712,1.0
38033504,1.0
38033664,1.0
38036896,1.0
38037792,1.0
38039520,1.0
38044288,1.0
38047616,1.0
38054496,1.0
38055744,1.0
38056832,1.0
38061888,1.0
38063712,1.0
38072736,1.0
38075168,1.0
38081376,1.0
38084064,1.0
38084544,1.0
38089312,1.0
38095552,1.0
38097120,1.0
38104224,1.0
38107648,1.0
38109280,1.0
38116704,1.0
38120704,1.0
38124896,1.0
38132000,1.0
38132192,1.0
38136512,1.0
38136800,1.0
38144416,1.0
38147328,1.0
38147424,1.0
38153568,1.0
38153984,1.0
38155584,1.0
38159392,1.0
38159456,1.0
38162752,1.0
38163520,1.0
38164992,1.0
38166816,1.0
38174400,1.0
38174720,1.0
38175168,1.0
38181728,1.0
38195072,1.0
38195200,1.0
38197792,1.0
38201536,1.0
38216256,1.0
38216352,1.0
38216768,1.0
38217696,1.0
38218272,1.0
38220480,1.0
38221120,1.0
38222624,1.0
38227264,1.0
38228896,1.0
38231552,1.0
38235872,1.0
38238464,1.0
38242784,1.0
38254912,1.0
38258176,1.0
38259392,1.0
38260000,1.0
38265280,1.0
38269152,1.0
38269376,1.0
38270240,1.0
38270528,1.0
38283200,1.0
38288992,1.0
38290048,1.0
38291456,1.0
38294080,1.0
38298976,1.0
38300288,1.0
38317248,1.0
38317312,1.0
38318016,1.0
38319904,1.0
38320608,1.0
38322176,1.0
38325728,1.0
38332352,1.0
38333568,1.0
38341216,1.0
38342336,1.0
38343584,1.0
38343648,1.0
38344320,1.0
38345632,1.0
38348320,1.0
38354624,1.0
38355744,1.0
38360352,1.0
38365504,1.0
38366592,1.0
38369216,1.0
38370752,1.0
38381152,1.0
38382112,1.0
38399552,1.0
38400992,1.0
38401152,1.0
38404160,1.0
38404640,1.0
38409376,1.0
38411808,1.0
38411968,1.0
38425472,1.0
38426112,1.0
38429760,1.0
38430240,1.0
38430816,1.0
38436032,1.0
38437248,1.0
38448608,1.0
38448704,1.0
38449088,1.0
38451840,1.0
38460992,1.0
38461184,1.0
38464160,1.0
38472544,1.0
38477408,1.0
38478400,1.0
38481184,1.0
38487648,1.0
38492320,1.0
38492640,1.0
38493184,1.0
38498144,1.0
38503808,1.0
38521888,1.0
38524800,1.0
38526432,1.0
38528064,1.0
38528512,1.0
38531584,1.0
38538048,1.0
38539488,1.0
38540448,1.0
38542208,1.0
38547648,1.0
38549504,1.0
38554176,1.0
38554816,1.0
38555008,1.0
38555040,1.0
38560736,1.0
38568000,1.0
38581888,1.0
38585376,1.0
38587040,1.0
38589312,1.0
38592480,1.0
38595264,1.0
38598944,1.0
38603360,1.0
38607264,1.0
38612864,1.0
38614496,1.0
38614656,1.0
38617344,1.0
38622560,1.0
38623360,1.0
38630880,1.0
38632672,1.0
38634976,1.0
38635712,1.0
38637696,1.0
38638688,1.0
38640032,1.0
38652928,1.0
38655040,1.0
38655712,1.0
38661440,1.0
38666528,1.0
38671776,1.0
38672544,1.0
38674528,1.0
38677536,1.0
38679328,1.0
38679968,1.0
38684096,1.0
38687744,1.0
38688000,1.0
38696512,1.0
38697120,1.0
38697440,1.0
38703040,1.0
38706208,1.0
38711936,1.0
38713216,1.0
38715200,1.0
38726816,1.0
38734848,1.0
38742400,1.0
38744416,1.0
38744512,1.0
38750368,1.0
38762976,1.0
38764832,1.0
38772480,1.0
38776128,1.0
38781728,1.0
38785728,1.0
38792160,1.0
38792832,1.0
38792896,1.0
38801280,1.0
38802816,1.0
38810944,1.0
38811456,1.0
38819392,1.0
38821664,1.0
38830848,1.0
38836000,1.0
38837632,1.0
38838336,1.0
38851936,1.0
38857664,1.0
38863040,1.0
38865088,1.0
38868992,1.0
38874144,1.0
38874368,1.0
38876256,1.0
38878624,1.0
38897504,1.0
38908192,1.0
38910880,1.0
38911072,1.0
38918816,1.0
38921920,1.0
38922432,1.0
38927680,1.0
38937952,1.0
38943936,1.0
38946240,1.0
38946752,1.0
38957856,1.0
38962016,1.0
38970272,1.0
38971296,1.0
38976320,1.0
38978048,1.0
38983456,1.0
38984320,1.0
38988864,1.0
38995104,1.0
39003264,1.0
39006624,1.0
39009312,1.0
39014560,1.0
39022624,1.0
39027328,1.0
39039744,1.0
39041376,1.0
39043904,1.0
39047808,1.0
39048064,1.0
39054624,1.0
39056672,1.0
39057280,1.0
39061696,1.0
39062432,1.0
39063040,1.0
39079552,1.0
39083136,1.0
39083680,1.0
39085312,1.0
39090048,1.0
39094304,1.0
39095424,1.0
39105824,1.0
39107456,1.0
39108032,1.0
39109568,1.0
39111168,1.0
39114016,1.0
39119072,1.0
39120544,1.0
39135104,1.0
39137920,1.0
39150176,1.0
39151168,1.0
39157824,1.0
39160064,1.0
39163296,1.0
39165472,1.0
39165632,1.0
39167968,1.0
39168768,1.0
39171424,1.0
39179040,1.0
39179456,1.0
39180160,1.0
39183136,1.0
39184128,1.0
39188416,1.0
39189152,1.0
39190592,1.0
39194656,1.0
39201024,1.0
39202944,1.0
39203904,1.0
39205088,1.0
39206848,1.0
39208896,1.0
39211648,1.0
39212384,1.0
39214432,1.0
39222272,1.0
39226976,1.0
39230272,1.0
39234560,1.0
39238656,1.0
39245728,1.0
39246080,1.0
39262816,1.0
39277600,1.0
39279520,1.0
39279872,1.0
39280832,1.0
39282048,1.0
39283616,1.0
39293120,1.0
39295872,1.0
39306080,1.0
39306464,1.0
39312608,1.0
39318880,1.0
39320704,1.0
39327936,1.0
39331488,1.0
39348512,1.0
39361984,1.0
39362496,1.0
39365728,1.0
39365824,1.0
39367648,1.0
39372832,1.0
39382496,1.0
39382976,1.0
39395360,1.0
39397312,1.0
39400992,1.0
39401984,1.0
39405152,1.0
39417728,1.0
39418560,1.0
39420480,1.0
39425888,1.0
39436576,1.0
39441344,1.0
39462176,1.0
39462432,1.0
39475808,1.0
39478208,1.0
39479232,1.0
39479264,1.0
39488416,1.0
39503744,1.0
39509440,1.0
39517664,1.0
39517952,1.0
39518272,1.0
39520416,1.0
39523264,1.0
39526240,1.0
39526720,1.0
39532384,1.0
39538656,1.0
39539520,1.0
39544352,1.0
39548192,1.0
39549760,1.0
39553728,1.0
39555232,1.0
39578784,1.0
39583744,1.0
39584960,1.0
39585632,1.0
39589280,1.0
39589344,1.0
39594400,1.0
39595840,1.0
39599488,1.0
39599520,1.0
39600960,1.0
39607072,1.0
39610912,1.0
39615200,1.0
39616256,1.0
39619456,1.0
39621568,1.0
39622496,1.0
39627872,1.0
39633248,1.0
39636256,1.0
39639040,1.0
39642624,1.0
39644064,1.0
39647392,1.0
39658464,1.0
39660000,1.0
39663200,1.0
39663872,1.0
39680352,1.0
39682080,1.0
39691136,1.0
39697696,1.0
39698336,1.0
39700512,1.0
39706784,1.0
39707744,1.0
39708544,1.0
39710656,1.0
39714400,1.0
39715936,1.0
39716928,1.0
39720000,1.0
39721632,1.0
39722784,1.0
39728384,1.0
39730560,1.0
39731040,1.0
39735104,1.0
39738272,1.0
39738528,1.0
39764768,1.0
39770592,1.0
39773856,1.0
39778336,1.0
39778976,1.0
39796160,1.0
39797408,1.0
39797824,1.0
39802560,1.0
39803840,1.0
39806464,1.0
39808608,1.0
39811680,1.0
39815648,1.0
39818176,1.0
39821728,1.0
39823232,1.0
39829184,1.0
39829344,1.0
39831200,1.0
39837792,1.0
39840160,1.0
39840480,1.0
39847616,1.0
39849856,1.0
39859904,1.0
39862752,1.0
39867456,1.0
39867584,1.0
39869472,1.0
39874368,1.0
39879520,1.0
39885856,1.0
39890784,1.0
39900672,1.0
39902080,1.0
39902848,1.0
39905664,1.0
39908896,1.0
39909504,1.0
39911040,1.0
39919936,1.0
39922496,1.0
39927392,1.0
39931488,1.0
39934784,1.0
39939936,1.0
39940704,1.0
39942752,1.0
39947104,1.0
39950656,1.0
39954880,1.0
39955296,1.0
39955680,1.0
39955808,1.0
39962784,1.0
39968640,1.0
39970432,1.0
39975040,1.0
39975232,1.0
39980736,1.0
39983712,1.0
39987264,1.0
40000032,1.0
40007392,1.0
40017472,1.0
40018272,1.0
40023264,1.0
40023584,1.0
40028768,1.0
40041440,1.0
40047328,1.0
40074592,1.0
40076064,1.0
40084608,1.0
40087680,1.0
40103584,1.0
40109728,1.0
40115936,1.0
40121024,1.0
40135200,1.0
40135840,1.0
40139424,1.0
40140128,1.0
40151584,1.0
40156512,1.0
40157728,1.0
40161536,1.0
40166368,1.0
40166944,1.0
40167648,1.0
40170080,1.0
40170144,1.0
40173728,1.0
40174752,1.0
40183328,1.0
40185248,1.0
40191936,1.0
40198528,1.0
40198944,1.0
40201728,1.0
40203072,1.0
40204128,1.0
40219328,1.0
40221984,1.0
40222912,1.0
40226208,1.0
40230528,1.0
40231008,1.0
40232928,1.0
40232992,1.0
40235584,1.0
40245856,1.0
40250240,1.0
40250720,1.0
40251872,1.0
40252672,1.0
40254432,1.0
40255040,1.0
40255328,1.0
40256704,1.0
40274560,1.0
40275104,1.0
40279584,1.0
40279904,1.0
40280192,1.0
40291232,1.0
40303968,1.0
40322016,1.0
40322240,1.0
40331424,1.0
40333504,1.0
40334048,1.0
40334944,1.0
40343744,1.0
40357184,1.0
40370656,1.0
40373728,1.0
40376480,1.0
40377248,1.0
40378304,1.0
40379648,1.0
40380928,1.0
40385312,1.0
40386208,1.0
40387040,1.0
40391584,1.0
40391936,1.0
40393376,1.0
40394336,1.0
40397664,1.0
40400544,1.0
40405504,1.0
40405664,1.0
40407872,1.0
40411232,1.0
40411360,1.0
40413536,1.0
40417600,1.0
40418112,1.0
40424960,1.0
40436000,1.0
40439232,1.0
40440800,1.0
40445056,1.0
40448128,1.0
40453856,1.0
40456704,1.0
40458816,1.0
40460096,1.0
40462048,1.0
40463392,1.0
40466176,1.0
40471488,1.0
40475072,1.0
40476000,1.0
40477024,1.0
40479840,1.0
40488192,1.0
40489120,1.0
40490752,1.0
40497728,1.0
40498176,1.0
40514432,1.0
40526560,1.0
40530752,1.0
40533376,1.0
40543040,1.0
40543808,1.0
40543968,1.0
40545280,1.0
40549248,1.0
40559872,1.0
40566944,1.0
40570432,1.0
40572640,1.0
40574048,1.0
40574368,1.0
40579584,1.0
40581664,1.0
40581888,1.0
40596352,1.0
40598176,1.0
40601120,1.0
40601408,1.0
40603264,1.0
40607040,1.0
40613664,1.0
40618240,1.0
40620992,1.0
40628288,1.0
40630240,1.0
40630432,1.0
40630720,1.0
40633888,1.0
40638336,1.0
40641088,1.0
40645568,1.0
40646016,1.0
40653696,1.0
40656736,1.0
40656768,1.0
40661856,1.0
40674144,1.0
40676128,1.0
40676320,1.0
40678144,1.0
40679680,1.0
40684992,1.0
40689216,1.0
40690048,1.0
40703808,1.0
40708448,1.0
40712416,1.0
40712928,1.0
40713184,1.0
40716832,1.0
40717472,1.0
40721376,1.0
40731712,1.0
40733024,1.0
40735968,1.0
40740224,1.0
40740768,1.0
40741088,1.0
40742336,1.0
40748384,1.0
40751552,1.0
40757312,1.0
40771872,1.0
40774848,1.0
40787488,1.0
40788384,1.0
40789344,1.0
40792032,1.0
40798016,1.0
40811808,1.0
40815776,1.0
40816128,1.0
40821600,1.0
40824544,1.0
40832256,1.0
40832608,1.0
40833280,1.0
40846592,1.0
40854720,1.0
40858240,1.0
40871712,1.0
40884512,1.0
40889536,1.0
40890208,1.0
40904608,1.0
40913888,1.0
40915936,1.0
40921472,1.0
40934016,1.0
40941376,1.0
40943296,1.0
40945952,1.0
40947616,1.0
40948704,1.0
40950912,1.0
40951168,1.0
40952992,1.0
40955136,1.0
40959360,1.0
40963168,1.0
40963808,1.0
40966656,1.0
40971040,1.0
40973856,1.0
40979616,1.0
40986144,1.0
40989888,1.0
40997856,1.0
40998368,1.0
41002912,1.0
41004832,1.0
41006688,1.0
41011040,1.0
41019232,1.0
41020096,1.0
41022848,1.0
41025312,1.0
41027296,1.0
41027552,1.0
41028320,1.0
41029632,1.0
41034464,1.0
41040256,1.0
41051808,1.0
41064256,1.0
41064704,1.0
41065056,1.0
41067200,1.0
41074848,1.0
41080224,1.0
41081536,1.0
41084320,1.0
41084960,1.0
41087776,1.0
41093600,1.0
41094752,1.0
41095648,1.0
41096864,1.0
41100000,1.0
41100256,1.0
41104736,1.0
41109472,1.0
41110176,1.0
41112096,1.0
41125888,1.0
41131648,1.0
41134624,1.0
41136640,1.0
41137376,1.0
41140512,1.0
41142688,1.0
41143200,1.0
41144896,1.0
41149504,1.0
41151296,1.0
41154912,1.0
41155648,1.0
41155712,1.0
41156704,1.0
41160448,1.0
41164800,1.0
41166784,1.0
41171968,1.0
41175040,1.0
41178688,1.0
41182944,1.0
41197984,1.0
41201440,1.0
41203072,1.0
41206560,1.0
41208864,1.0
41218048,1.0
41219360,1.0
41237344,1.0
41239040,1.0
41241600,1.0
41247200,1.0
41253984,1.0
41259104,1.0
41260832,1.0
41265152,1.0
41272544,1.0
41274944,1.0
41281760,1.0
41291872,1.0
41298112,1.0
41308256,1.0
41309344,1.0
41313728,1.0
41324896,1.0
41327168,1.0
41329952,1.0
41336544,1.0
41339712,1.0
41341120,1.0
41341696,1.0
41343456,1.0
41344576,1.0
41346144,1.0
41347584,1.0
41354304,1.0
41355168,1.0
41363488,1.0
41363808,1.0
41365696,1.0
41365888,1.0
41368640,1.0
41374304,1.0
41378240,1.0
41383072,1.0
41387008,1.0
41390976,1.0
41394240,1.0
41401824,1.0
41406944,1.0
41407520,1.0
41422464,1.0
41426080,1.0
41429120,1.0
41431072,1.0
41432064,1.0
41433312,1.0
41434624,1.0
41452864,1.0
41457728,1.0
41461696,1.0
41465824,1.0
41468672,1.0
41475904,1.0
41477152,1.0
41477440,1.0
41482016,1.0
41485568,1.0
41488928,1.0
41489504,1.0
41491328,1.0
41496576,1.0
41500512,1.0
41504032,1.0
41509120,1.0
41509824,1.0
41530560,1.0
41537728,1.0
41538592,1.0
41543552,1.0
41550560,1.0
41553888,1.0
41567456,1.0
41573568,1.0
41574112,1.0
41574784,1.0
41586304,1.0
41588576,1.0
41589312,1.0
41594528,1.0
41604512,1.0
41606304,1.0
41608544,1.0
41609600,1.0
41612768,1.0
41613408,1.0
41614080,1.0
41621280,1.0
41621664,1.0
41622752,1.0
41627392,1.0
41627584,1.0
41632992,1.0
41636416,1.0
41645504,1.0
41645632,1.0
41648928,1.0
41651392,1.0
41655808,1.0
41663936,1.0
41688864,1.0
41692064,1.0
41695040,1.0
41697376,1.0
41700640,1.0
41706528,1.0
41708096,1.0
41713024,1.0
41729984,1.0
41731488,1.0
41737920,1.0
41741248,1.0
41743968,1.0
41744192,1.0
41750368,1.0
41755072,1.0
41757536,1.0
41761248,1.0
41763360,1.0
41767968,1.0
41768256,1.0
41769536,1.0
41770144,1.0
41771616,1.0
41771776,1.0
41772992,1.0
41774208,1.0
41775168,1.0
41779200,1.0
