step,value
544,2.0
768,2.0
1824,1.9375
2144,1.9375
2336,1.9375
2624,1.9375
4576,1.9375
4672,2.0
4864,2.0
5632,2.0
6048,2.0
7296,1.9375
8096,2.0
9792,2.0
10400,1.9375
12064,2.0
12128,2.0
16736,2.0
16864,1.9375
16992,2.0
18080,2.0
18912,2.0
19424,1.9375
19712,2.0
20896,2.0
20928,2.0
21344,1.9375
22720,2.0
24256,2.0
24320,1.9375
24512,1.9375
25152,2.0
26176,2.0
26560,2.0
27008,2.0
27136,2.0
27200,2.0
27360,1.9375
28096,1.9375
28320,2.0
29504,2.0
31488,2.0
33312,1.9375
33856,2.0
34976,2.0
36160,2.0
37728,2.0
39136,1.9375
39616,1.9375
43328,1.9375
44544,1.9375
45152,1.9375
47488,2.0
48672,2.0
49920,2.0
50496,2.0
52128,2.0
52320,2.0
54112,1.9375
54336,1.9375
54560,1.9375
56672,2.0
59680,1.9375
59776,2.0
60864,2.0
61376,2.0
61568,2.0
61664,2.0
64960,1.9375
66080,2.0
67776,1.9375
67968,2.0
68928,2.0
69440,1.9375
71616,1.9375
72832,2.0
75040,1.9375
76448,1.9375
76512,2.0
77632,1.9375
79232,2.0
80096,2.0
80480,1.875
80960,2.0
81536,1.9375
82752,1.9375
83264,2.0
83328,1.9375
84128,2.0
86528,2.0
88032,2.0
88448,2.0
89632,1.9375
91552,2.0
91616,2.0
96192,2.0
96288,2.0
100096,2.0
100640,2.0
101152,2.0
101344,2.0
102016,1.875
105888,1.9375
106528,2.0
106720,2.0
106976,2.0
107872,2.0
108224,2.0
108768,1.8125
109376,2.0
109952,1.9375
110848,2.0
111712,1.9375
113024,2.0
113280,2.0
113312,2.0
113408,2.0
114016,1.9375
115328,2.0
116480,1.9375
116672,2.0
117248,2.0
117696,1.9375
118432,2.0
118528,1.875
118784,2.0
118912,2.0
119040,2.0
119680,1.9375
121280,2.0
122016,1.9375
125568,2.0
126272,2.0
127392,2.0
127936,2.0
129600,2.0
129888,2.0
129952,2.0
130560,2.0
131648,1.9375
132416,1.9375
132928,2.0
133568,1.875
134016,2.0
134592,1.9375
135744,1.9375
136096,2.0
136256,2.0
136544,2.0
140096,2.0
140960,2.0
143712,1.9375
144896,2.0
144960,1.9375
145600,2.0
146656,2.0
148832,1.9375
150528,1.9375
151712,2.0
151840,2.0
152032,2.0
152640,2.0
152928,1.9375
153088,2.0
154656,2.0
155264,2.0
155360,1.9375
156640,1.9375
157344,2.0
158112,2.0
161472,2.0
162720,2.0
163424,1.9375
165632,2.0
166752,1.8125
168672,2.0
168768,2.0
170016,2.0
170240,2.0
172032,2.0
172544,2.0
174048,2.0
174112,2.0
175840,2.0
177600,2.0
179584,2.0
180224,2.0
180544,1.9375
181792,2.0
183712,2.0
184160,2.0
185376,2.0
186048,2.0
186176,2.0
186688,2.0
187872,2.0
188576,1.875
189888,2.0
190016,1.875
190880,1.9375
191392,1.9375
192128,2.0
193728,1.9375
194656,2.0
195168,2.0
195360,2.0
195904,2.0
196384,1.9375
196544,2.0
196864,2.0
198848,2.0
198912,1.9375
200032,2.0
200288,2.0
200672,2.0
201664,2.0
201888,1.9375
203392,1.9375
204064,2.0
205120,2.0
209216,2.0
209312,1.9375
211520,2.0
214816,1.9375
215136,1.9375
218048,2.0
219040,2.0
220704,2.0
222848,2.0
224960,2.0
225184,2.0
226624,2.0
228000,1.8125
229824,1.9375
231616,2.0
232096,2.0
232128,2.0
233152,2.0
234112,1.9375
235264,2.0
236000,2.0
236128,2.0
236864,1.9375
238048,2.0
238112,2.0
240416,1.9375
240608,2.0
240864,1.9375
242048,1.9375
242656,2.0
243680,1.9375
243840,1.9375
245632,2.0
247104,1.9375
247264,2.0
248288,2.0
249216,2.0
251488,2.0
254304,2.0
256288,1.9375
258112,2.0
258496,2.0
259488,2.0
259520,1.9375
260096,2.0
261152,2.0
263552,2.0
264160,1.9375
264512,2.0
264896,2.0
265216,1.9375
265504,2.0
265536,2.0
266464,1.9375
268416,2.0
268960,2.0
269184,2.0
269696,2.0
269824,2.0
269920,1.875
272256,2.0
273408,2.0
274368,2.0
275584,2.0
275680,1.9375
276000,2.0
277312,2.0
278112,2.0
282208,1.9375
284320,2.0
284864,1.9375
287456,1.9375
288096,2.0
289088,2.0
289952,2.0
290912,1.875
292672,2.0
296640,2.0
297440,2.0
298080,2.0
298560,1.9375
301280,2.0
302272,2.0
304480,1.9375
304768,2.0
306368,2.0
306720,1.9375
307712,2.0
310368,1.875
312576,1.9375
312736,2.0
313952,2.0
314464,1.875
314592,2.0
314624,2.0
315392,1.9375
316128,1.9375
316608,2.0
318720,2.0
318752,2.0
318848,1.9375
320640,2.0
321824,2.0
322944,2.0
324352,1.875
326144,2.0
327840,2.0
328320,2.0
329952,2.0
331520,1.9375
332512,2.0
332960,2.0
333216,2.0
333728,2.0
336256,2.0
337440,2.0
338880,2.0
339872,1.9375
340384,2.0
341056,2.0
341120,2.0
341280,2.0
342560,1.9375
344768,2.0
345152,2.0
346688,1.9375
348064,2.0
349312,2.0
350176,2.0
352640,2.0
352672,2.0
352736,2.0
352960,2.0
353152,2.0
353408,1.9375
355616,2.0
356256,2.0
356576,2.0
356608,2.0
358880,1.9375
358944,2.0
359360,1.875
361536,2.0
361984,1.9375
362176,2.0
364064,1.9375
364704,2.0
364928,1.9375
366080,2.0
366272,1.9375
366656,2.0
369312,2.0
370816,2.0
371328,2.0
372768,2.0
372960,2.0
375744,2.0
375904,1.9375
376160,2.0
376448,2.0
378272,2.0
380000,2.0
380928,2.0
381408,2.0
382528,2.0
383040,1.9375
384032,2.0
384064,1.9375
384640,2.0
384928,2.0
385952,2.0
385984,2.0
386240,2.0
386368,2.0
387584,2.0
389568,2.0
390112,1.9375
391392,1.875
392064,2.0
394368,1.9375
394816,2.0
395040,2.0
395328,2.0
396096,2.0
398176,2.0
399392,2.0
399968,2.0
400224,2.0
400608,2.0
401728,1.875
402336,2.0
403040,1.9375
404512,2.0
404544,2.0
406816,1.9375
407136,2.0
407648,2.0
408992,2.0
410976,2.0
412928,2.0
413120,2.0
413312,2.0
413376,2.0
413920,2.0
415072,2.0
420000,2.0
421984,2.0
424096,2.0
424256,2.0
424928,2.0
425152,2.0
425536,2.0
426944,2.0
429216,2.0
429312,2.0
429888,2.0
430176,2.0
430752,1.9375
433376,2.0
434368,2.0
435264,2.0
436800,2.0
437728,2.0
438400,2.0
441504,2.0
442208,2.0
444128,2.0
445152,2.0
446784,2.0
446976,1.9375
447776,1.9375
449216,2.0
449856,2.0
451392,2.0
454272,2.0
454368,2.0
456256,2.0
456832,2.0
457888,2.0
457920,2.0
458976,2.0
459584,2.0
460928,2.0
461920,2.0
462496,2.0
463936,2.0
465056,2.0
465568,2.0
465760,2.0
466208,2.0
467296,2.0
469056,2.0
469216,2.0
470720,2.0
471232,2.0
472256,2.0
473216,2.0
473312,2.0
473344,2.0
473728,1.9375
475008,2.0
475584,2.0
476256,1.9375
476480,2.0
478208,1.9375
478912,2.0
479456,2.0
481376,2.0
481536,2.0
483488,2.0
485120,2.0
485920,2.0
487872,2.0
488096,2.0
488128,2.0
489248,1.875
492896,2.0
493280,2.0
494400,2.0
496384,2.0
496416,2.0
496832,2.0
498656,1.9375
500608,2.0
502752,2.0
507392,1.9375
507488,2.0
507744,2.0
508416,2.0
508736,1.9375
509120,2.0
509216,2.0
509632,2.0
510432,2.0
514048,2.0
514848,2.0
514976,1.9375
515552,2.0
516416,2.0
517024,2.0
518272,1.9375
518464,2.0
518528,2.0
518624,1.9375
519008,2.0
519872,2.0
521120,2.0
525216,2.0
526656,1.9375
527488,2.0
527648,2.0
527808,2.0
528480,1.9375
529920,2.0
530432,2.0
532384,2.0
533376,2.0
534752,2.0
534944,2.0
536352,2.0
536704,2.0
536992,2.0
537664,2.0
537984,2.0
538016,2.0
538976,1.9375
539520,2.0
539616,1.9375
539904,2.0
541152,2.0
541408,2.0
543040,2.0
546624,1.9375
547104,2.0
547680,2.0
549376,2.0
549440,2.0
549504,2.0
550336,1.875
552544,2.0
553152,1.9375
554816,1.9375
555776,2.0
556800,2.0
557344,2.0
559296,2.0
562240,1.875
562432,2.0
562752,1.9375
563072,2.0
564160,1.9375
564960,2.0
565728,2.0
566048,1.9375
566112,2.0
568128,2.0
569088,2.0
569376,2.0
570368,2.0
570624,2.0
571232,2.0
571776,2.0
571872,2.0
572032,2.0
573024,2.0
574976,2.0
575104,2.0
576224,1.875
576384,2.0
577920,1.9375
579456,2.0
579776,2.0
580896,2.0
582368,1.9375
582880,2.0
583712,2.0
584544,1.9375
585312,2.0
585888,2.0
588064,2.0
588480,2.0
588736,2.0
588768,2.0
589504,2.0
592160,2.0
597280,2.0
597472,2.0
597760,1.9375
598816,2.0
599808,2.0
601056,2.0
602176,2.0
602368,1.9375
602464,2.0
604672,2.0
609248,2.0
610016,2.0
610368,2.0
610688,1.9375
610816,2.0
611776,2.0
618176,2.0
620128,2.0
620384,2.0
622112,1.9375
622144,2.0
623456,2.0
624832,2.0
624960,1.9375
625120,1.9375
625184,2.0
625216,2.0
625952,2.0
626016,1.9375
627296,2.0
629184,2.0
629472,2.0
630496,2.0
630688,2.0
630976,2.0
632096,1.9375
632160,2.0
632512,2.0
632544,2.0
632608,2.0
636000,2.0
638016,1.9375
638208,2.0
638656,2.0
640672,2.0
640704,1.9375
640736,2.0
641088,2.0
641408,2.0
642048,2.0
642464,2.0
643136,1.9375
643840,2.0
644128,1.9375
645120,2.0
645344,2.0
645472,1.875
647104,2.0
647136,2.0
647520,2.0
647616,1.9375
648896,2.0
649536,2.0
650560,2.0
651072,2.0
652544,1.9375
654336,2.0
656000,2.0
657280,1.9375
659776,2.0
660320,1.9375
660928,2.0
661280,2.0
662528,2.0
662784,1.9375
663776,2.0
663936,2.0
666144,1.9375
666272,2.0
667296,2.0
672320,2.0
672864,2.0
674496,2.0
674944,2.0
675520,2.0
676288,2.0
677568,1.9375
678464,2.0
679680,2.0
680224,2.0
680992,2.0
681280,2.0
681664,2.0
683136,1.9375
683584,1.9375
683680,2.0
685248,1.9375
685568,2.0
686976,1.9375
689536,2.0
690144,2.0
691168,2.0
692064,2.0
693408,2.0
693664,1.9375
693856,2.0
693952,1.9375
694272,2.0
694944,2.0
695488,2.0
695616,2.0
695936,2.0
696128,2.0
696672,2.0
701152,2.0
701184,2.0
701312,1.875
701344,1.9375
701792,2.0
702912,2.0
702944,1.9375
703296,2.0
703424,1.9375
704064,2.0
707328,2.0
709024,1.875
709632,2.0
711328,2.0
713440,2.0
715168,2.0
716000,2.0
720256,2.0
720768,2.0
721088,2.0
721728,1.9375
722304,2.0
722880,2.0
723840,2.0
724064,1.9375
724384,2.0
724576,2.0
724864,2.0
724960,2.0
725184,2.0
725504,2.0
727136,2.0
727808,2.0
729088,2.0
729184,2.0
730816,1.875
732256,1.9375
732640,2.0
732832,2.0
733504,2.0
733728,2.0
733984,2.0
735040,2.0
735936,1.875
736736,2.0
739744,2.0
741728,2.0
743264,2.0
743616,2.0
746176,2.0
747264,2.0
747488,2.0
747648,2.0
748224,2.0
749664,2.0
749856,2.0
750944,2.0
751360,2.0
751840,2.0
752992,2.0
754464,1.9375
758400,2.0
758976,2.0
759296,2.0
759520,2.0
761248,2.0
761760,2.0
762304,2.0
764160,2.0
765568,2.0
765760,2.0
766048,2.0
768224,2.0
771872,2.0
772448,2.0
773024,2.0
773280,2.0
775232,2.0
777472,1.9375
778592,2.0
779488,2.0
779520,2.0
783392,2.0
783520,2.0
784480,1.9375
784672,2.0
784864,2.0
784960,1.9375
787712,1.9375
789312,2.0
791360,1.9375
791552,2.0
793696,2.0
795232,2.0
796128,2.0
797632,2.0
799232,2.0
799680,2.0
800928,1.9375
801344,2.0
802560,2.0
802656,2.0
802752,2.0
803968,2.0
805536,2.0
805888,2.0
806944,2.0
807392,1.9375
807968,2.0
809216,2.0
809280,1.9375
809344,1.9375
809408,2.0
809568,2.0
809792,1.9375
810208,2.0
811456,2.0
811744,2.0
812448,2.0
812576,2.0
812608,1.9375
814624,1.875
815200,2.0
816384,1.9375
816576,2.0
816704,2.0
818528,2.0
818880,2.0
819392,2.0
820256,1.9375
820768,2.0
821056,1.9375
821728,2.0
822304,1.9375
823328,1.875
826144,2.0
827744,2.0
828192,2.0
828352,2.0
828800,2.0
829056,2.0
829120,2.0
832352,2.0
833056,2.0
833280,2.0
834656,1.9375
835616,2.0
836192,2.0
837216,1.9375
837664,2.0
837984,2.0
838336,2.0
838560,2.0
840224,2.0
840704,2.0
844032,2.0
844384,1.9375
845920,2.0
846464,2.0
854368,2.0
854784,2.0
855968,1.9375
856800,2.0
857952,2.0
860192,2.0
862560,1.9375
863232,2.0
863712,2.0
863904,2.0
865856,2.0
866528,1.9375
867840,2.0
868384,2.0
869408,2.0
869952,1.9375
870816,1.9375
872544,2.0
872704,2.0
874016,2.0
875584,1.9375
877216,2.0
879776,2.0
880000,2.0
880128,2.0
882272,2.0
882880,2.0
884480,2.0
885536,2.0
885952,2.0
886240,2.0
887968,2.0
889856,2.0
892224,1.9375
893056,1.9375
893152,2.0
893504,2.0
894720,2.0
895200,2.0
896096,2.0
896640,2.0
899072,2.0
899232,2.0
899264,2.0
899488,2.0
900896,2.0
902080,2.0
902816,2.0
903648,2.0
904224,2.0
904480,2.0
907040,1.9375
907232,2.0
909056,2.0
909504,2.0
911616,2.0
912064,1.9375
912448,1.9375
913024,2.0
913664,2.0
913952,2.0
914272,2.0
915680,2.0
917952,2.0
918528,2.0
923488,2.0
923904,2.0
925280,2.0
925344,2.0
925920,1.9375
925952,2.0
926272,2.0
926912,2.0
929632,2.0
931840,2.0
932384,2.0
934656,1.9375
935232,1.9375
936608,2.0
941088,2.0
941408,2.0
944768,2.0
944864,2.0
944928,1.9375
945216,2.0
946976,2.0
949696,2.0
951936,2.0
951968,1.9375
952800,2.0
953088,1.9375
953664,2.0
954848,2.0
955296,2.0
957184,2.0
957600,2.0
958624,2.0
959456,2.0
960288,2.0
960384,1.9375
961152,2.0
962976,1.9375
963264,1.9375
964192,2.0
964896,1.9375
965376,1.9375
966720,2.0
968672,2.0
970272,1.9375
974400,1.9375
975008,1.9375
976096,2.0
976128,2.0
976224,2.0
979200,1.875
982144,2.0
982784,1.875
985024,2.0
985120,2.0
985632,2.0
986816,2.0
987520,2.0
988896,2.0
990528,2.0
990880,2.0
991168,2.0
993440,2.0
995072,1.9375
995712,2.0
995744,2.0
996128,2.0
997024,2.0
997376,2.0
997600,2.0
1001536,1.9375
1002272,2.0
1003936,2.0
1004064,1.9375
1004160,2.0
1004960,2.0
1007712,2.0
1007840,2.0
1008512,1.9375
1008800,2.0
1009344,2.0
1010304,1.9375
1010720,2.0
1011744,2.0
1011904,2.0
1012768,2.0
1012960,2.0
1013504,2.0
1013536,2.0
1013792,2.0
1013856,2.0
1014464,1.9375
1014816,2.0
1015360,2.0
1016352,2.0
1016768,1.9375
1017184,1.9375
1018112,2.0
1018848,2.0
1022496,2.0
1024736,1.875
1024800,1.9375
1025280,2.0
1025312,2.0
1025664,2.0
1025792,2.0
1026400,1.9375
1026976,1.9375
1027200,1.9375
1027584,2.0
1027936,2.0
1029280,2.0
1031456,2.0
1031808,1.875
1031968,2.0
1033120,2.0
1035904,2.0
1036672,2.0
1036864,2.0
1040192,2.0
1041600,2.0
1042080,2.0
1042624,2.0
1047008,2.0
1047584,2.0
1047872,2.0
1048000,2.0
1048320,2.0
1049664,2.0
1050816,2.0
1051648,2.0
1053056,2.0
1054272,2.0
1054848,2.0
1055232,1.9375
1056800,2.0
1057184,2.0
1057696,1.9375
1060736,2.0
1063072,2.0
1063456,2.0
1064672,2.0
1065280,2.0
1066752,2.0
1067168,2.0
1067296,2.0
1068320,2.0
1068832,1.875
1070080,2.0
1070976,2.0
1072480,2.0
1073312,2.0
1074656,2.0
1076192,2.0
1079104,2.0
1079584,1.9375
1080224,2.0
1081024,2.0
1081280,2.0
1081376,2.0
1081504,2.0
1082208,2.0
1083136,1.9375
1083648,2.0
1084896,2.0
1086752,2.0
1086944,2.0
1088640,2.0
1088736,2.0
1090432,2.0
1092096,2.0
1093280,2.0
1094496,2.0
1094752,2.0
1095872,2.0
1099104,2.0
1099968,2.0
1102144,2.0
1103296,1.9375
1104128,2.0
1106016,2.0
1107808,1.9375
1107840,1.875
1108384,2.0
1108800,2.0
1110464,2.0
1110720,2.0
1111808,2.0
1113952,1.9375
1114240,1.9375
1114304,2.0
1116800,2.0
1118976,1.9375
1120032,2.0
1120576,2.0
1121376,1.9375
1121856,2.0
1122368,2.0
1122784,2.0
1123648,1.875
1126496,1.9375
1129376,1.9375
1131136,1.9375
1134336,2.0
1134368,1.9375
1138368,1.875
1138688,2.0
1138848,2.0
1143840,2.0
1145248,2.0
1147616,2.0
1148064,1.9375
1149888,2.0
1149952,2.0
1152544,2.0
1153120,2.0
1153536,2.0
1154880,2.0
1157152,2.0
1158560,2.0
1158688,2.0
1161888,2.0
1162912,2.0
1165216,2.0
1165664,2.0
1167296,2.0
1167744,2.0
1168480,2.0
1168512,2.0
1170560,2.0
1170656,2.0
1172800,2.0
1175264,2.0
1177856,2.0
1178752,1.9375
1179680,2.0
1182528,2.0
1183136,2.0
1183328,2.0
1183360,2.0
1184992,2.0
1186048,2.0
1186848,2.0
1188768,2.0
1189984,2.0
1191168,2.0
1191520,2.0
1195072,2.0
1196832,2.0
1198496,2.0
1200224,2.0
1200992,1.9375
1201472,2.0
1202720,1.9375
1203008,2.0
1205632,2.0
1205856,2.0
1207456,2.0
1211936,2.0
1212032,1.9375
1213984,1.9375
1214048,2.0
1214784,2.0
1215104,1.9375
1215296,2.0
1217152,2.0
1217664,2.0
1218784,2.0
1219840,2.0
1222240,2.0
1222400,2.0
1222784,2.0
1223744,2.0
1224448,1.9375
1225728,2.0
1227808,2.0
1228672,2.0
1229920,2.0
1230624,2.0
1231616,2.0
1231840,2.0
1232480,2.0
1232544,2.0
1233472,2.0
1234016,2.0
1234240,2.0
1235584,2.0
1236992,2.0
1237472,2.0
1237504,2.0
1238272,1.9375
1238464,2.0
1238528,2.0
1240672,2.0
1242976,2.0
1243200,1.9375
1245664,2.0
1247712,2.0
1248480,1.9375
1250720,2.0
1250752,2.0
1250816,2.0
1252064,2.0
1253504,2.0
1254816,2.0
1255392,1.9375
1255456,2.0
1258464,2.0
1259584,2.0
1259648,2.0
1260064,1.9375
1260768,2.0
1261184,2.0
1261984,2.0
1263456,2.0
1263552,2.0
1264672,1.875
1265984,2.0
1266368,2.0
1266560,1.9375
1267520,2.0
1268544,2.0
1269824,2.0
1272192,2.0
1272448,2.0
1275936,2.0
1277152,1.9375
1278944,2.0
1281248,2.0
1281632,2.0
1282048,2.0
1283616,2.0
1285056,2.0
1286112,2.0
1286240,2.0
1287456,2.0
1289376,1.9375
1289600,1.9375
1290144,2.0
1291968,1.875
1292960,2.0
1293376,2.0
1293664,2.0
1294336,2.0
1294976,2.0
1296704,2.0
1297088,2.0
1299072,2.0
1299296,2.0
1300192,2.0
1300928,2.0
1301376,2.0
1302816,2.0
1303360,2.0
1303392,2.0
1304256,1.9375
1304864,1.9375
1305312,2.0
1306176,1.9375
1306784,1.9375
1306976,2.0
1307072,2.0
1307456,2.0
1309984,2.0
1311008,2.0
1312224,1.9375
1313248,1.9375
1314304,1.9375
1314976,2.0
1315424,1.9375
1318016,2.0
1318720,2.0
1318880,2.0
1320032,2.0
1320384,2.0
1320960,2.0
1320992,2.0
1321376,2.0
1321408,2.0
1321696,2.0
1322848,2.0
1323072,2.0
1324320,2.0
1327200,2.0
1327808,2.0
1329312,1.9375
1329792,1.9375
1330912,1.9375
1333920,1.9375
1334784,2.0
1335296,2.0
1336480,2.0
1337504,1.9375
1339872,2.0
1339936,2.0
1342016,2.0
1342624,2.0
1345024,2.0
1350528,2.0
1350784,2.0
1351232,2.0
1351616,1.9375
1353920,2.0
1354208,1.9375
1358528,2.0
1358560,2.0
1358592,1.9375
1359712,2.0
1360416,2.0
1360864,1.9375
1360992,2.0
1361344,2.0
1361920,2.0
1362464,1.9375
1365536,2.0
1365824,1.9375
1366720,2.0
1367168,2.0
1367424,2.0
1370560,2.0
1372704,2.0
1373312,1.9375
1374592,2.0
1375072,2.0
1375552,2.0
1376000,2.0
1376448,2.0
1378336,2.0
1378624,2.0
1378688,2.0
1380960,1.9375
1381280,2.0
1383136,2.0
1383424,2.0
1383680,1.9375
1383872,2.0
1385888,1.875
1386368,2.0
1387712,2.0
1389568,2.0
1389792,2.0
1390496,2.0
1390752,2.0
1392736,1.875
1394656,2.0
1394912,2.0
1396512,2.0
1396832,2.0
1397600,1.9375
1399136,1.9375
1399904,2.0
1400320,1.9375
1400352,1.875
1400640,1.9375
1401792,1.9375
1402176,2.0
1403008,1.9375
1403648,2.0
1405376,2.0
1406656,2.0
1406944,2.0
1407776,2.0
1408448,2.0
1408832,2.0
1410176,2.0
1411648,2.0
1413216,2.0
1413984,2.0
1415744,1.9375
1417344,2.0
1417760,2.0
1418752,2.0
1419520,2.0
1420384,2.0
1420448,2.0
1420896,2.0
1421376,2.0
1421536,1.9375
1421664,2.0
1422080,1.9375
1424544,1.9375
1426112,1.9375
1426272,2.0
1427232,2.0
1428544,2.0
1430848,2.0
1431808,2.0
1431872,2.0
1432000,2.0
1435776,2.0
1437856,1.875
1438048,2.0
1439264,2.0
1440256,2.0
1441408,1.9375
1441536,2.0
1442336,2.0
1442720,2.0
1443840,2.0
1444064,2.0
1447008,2.0
1447328,2.0
1448480,2.0
1449472,2.0
1450272,2.0
1451008,2.0
1451168,1.9375
1451232,2.0
1451328,2.0
1452640,2.0
1455840,2.0
1456544,2.0
1457536,2.0
1458784,2.0
1459776,2.0
1461472,2.0
1461696,1.9375
1461760,2.0
1462432,1.9375
1463008,2.0
1463584,1.9375
1463648,2.0
1465024,2.0
1465088,1.9375
1466624,2.0
1467136,1.9375
1469376,2.0
1470080,2.0
1470720,1.9375
1472544,1.9375
1473664,1.9375
1476768,1.9375
1477792,1.9375
1479968,2.0
1480256,2.0
1481056,2.0
1481312,2.0
1483776,1.9375
1484224,2.0
1485696,1.9375
1485760,2.0
1486208,2.0
1489408,2.0
1489472,1.9375
1489728,2.0
1489952,2.0
1490528,2.0
1491392,1.9375
1492416,1.875
1493792,2.0
1494752,2.0
1495104,1.875
1496576,2.0
1497056,1.9375
1498688,2.0
1498784,2.0
1500800,2.0
1501568,1.8125
1501824,2.0
1502624,2.0
1505184,2.0
1505376,1.875
1512896,2.0
1513408,2.0
1513504,2.0
1514176,1.9375
1514432,2.0
1514720,1.9375
1516096,2.0
1516768,2.0
1518304,2.0
1521152,2.0
1521504,2.0
1522560,2.0
1522720,2.0
1523168,2.0
1524448,1.9375
1525984,1.9375
1527840,2.0
1528000,2.0
1531328,1.9375
1531744,2.0
1532512,2.0
1532640,2.0
1535680,1.9375
1537568,2.0
1538400,1.9375
1538464,1.9375
1539040,2.0
1539264,2.0
1539424,2.0
1539616,1.9375
1539872,2.0
1540000,2.0
1540544,2.0
1541312,1.875
1542432,2.0
1542464,2.0
1543616,2.0
1543872,2.0
1546336,2.0
1548640,2.0
1549152,2.0
1549216,1.9375
1549344,2.0
1554432,1.9375
1556160,2.0
1557856,1.9375
1558432,2.0
1563808,2.0
1564224,1.9375
1564640,2.0
1566304,2.0
1566976,2.0
1567808,2.0
1567872,2.0
1569472,2.0
1575200,1.9375
1575648,2.0
1576096,1.9375
1578336,2.0
1578752,2.0
1579648,2.0
1581344,2.0
1582048,2.0
1582368,1.9375
1582464,2.0
1583040,2.0
1583872,2.0
1583936,1.9375
1584128,2.0
1584512,2.0
1584704,2.0
1586432,2.0
1586912,2.0
1586944,2.0
1587072,2.0
1589664,2.0
1590368,2.0
1590816,2.0
1591072,2.0
1592704,2.0
1593376,2.0
1595648,1.9375
1596640,2.0
1597216,2.0
1598176,1.9375
1598400,2.0
1599296,1.9375
1599648,1.9375
1600192,2.0
1600256,2.0
1600288,2.0
1600640,2.0
1604352,1.9375
1605600,2.0
1605984,1.9375
1606496,1.9375
1607328,2.0
1607392,2.0
1608000,1.9375
1608800,1.875
1609760,1.9375
1609824,2.0
1611040,1.9375
1611584,2.0
1612096,2.0
1612864,2.0
1614240,2.0
1614656,1.9375
1614720,2.0
1614912,2.0
1616512,2.0
1617184,2.0
1620032,2.0
1620928,2.0
1622592,2.0
1623520,2.0
1625728,2.0
1626368,2.0
1627776,2.0
1629792,2.0
1629824,2.0
1630496,2.0
1630656,2.0
1630816,2.0
1631232,1.9375
1632864,2.0
1633248,2.0
1634112,1.9375
1634976,2.0
1635392,2.0
1635872,2.0
1637152,2.0
1640160,2.0
1640704,2.0
1641952,1.9375
1643104,2.0
1645056,1.9375
1645600,2.0
1646208,2.0
1648096,2.0
1648768,2.0
1650496,2.0
1651264,2.0
1651584,2.0
1651872,2.0
1652128,2.0
1652160,2.0
1652928,2.0
1653632,2.0
1654304,1.9375
1654400,2.0
1654944,2.0
1656800,2.0
1659008,2.0
1659264,2.0
1660672,2.0
1661152,2.0
1661280,2.0
1662240,2.0
1662720,2.0
1663488,1.9375
1664864,1.9375
1665056,2.0
1667424,2.0
1670016,2.0
1670336,1.9375
1671200,2.0
1672096,1.875
1672224,1.9375
1672960,1.9375
1674976,2.0
1675104,2.0
1675200,2.0
1675456,1.875
1676192,2.0
1677472,2.0
1678624,2.0
1678688,2.0
1678816,1.9375
1678848,2.0
1678880,2.0
1679072,2.0
1680544,1.9375
1680928,2.0
1682336,2.0
1682400,2.0
1683264,2.0
1684128,2.0
1684608,2.0
1684640,2.0
1684736,2.0
1686656,2.0
1688128,1.9375
1688704,1.9375
1689760,2.0
1692672,2.0
1693952,2.0
1694432,2.0
1695136,2.0
1695840,2.0
1695968,2.0
1698176,2.0
1698752,2.0
1700256,1.9375
1701184,2.0
1701408,2.0
1702144,2.0
1703200,2.0
1705152,2.0
1705632,2.0
1706048,2.0
1708160,2.0
1708384,2.0
1708768,2.0
1709504,2.0
1710624,2.0
1712480,2.0
1713888,2.0
1715424,2.0
1716256,2.0
1716544,2.0
1716736,1.9375
1718752,2.0
1721568,2.0
1722496,2.0
1723424,2.0
1724000,2.0
1724960,2.0
1727232,2.0
1727296,2.0
1730368,1.9375
1730656,2.0
1732352,2.0
1732608,1.9375
1732736,2.0
1733088,2.0
1734144,1.9375
1734432,2.0
1735936,2.0
1736352,2.0
1736864,2.0
1737888,2.0
1741088,1.9375
1741120,1.9375
1741920,2.0
1744480,2.0
1744576,2.0
1744640,1.9375
1746144,2.0
1748096,2.0
1749952,1.9375
1752224,2.0
1753088,1.9375
1754272,2.0
1755936,2.0
1757664,2.0
1757760,2.0
1758272,1.9375
1758976,2.0
1759392,1.9375
1760864,2.0
1764064,2.0
1764128,2.0
1765408,2.0
1766976,1.9375
1767872,2.0
1768704,2.0
1768736,1.875
1769568,2.0
1772960,2.0
1774528,2.0
1775520,2.0
1776512,2.0
1777664,1.9375
1781216,2.0
1781632,2.0
1783328,2.0
1783680,2.0
1783936,2.0
1784992,2.0
1788416,2.0
1788864,2.0
1789504,2.0
1789568,2.0
1790176,1.9375
1791072,2.0
1791584,2.0
1791840,2.0
1792896,1.9375
1794240,2.0
1794496,2.0
1794592,2.0
1794624,1.9375
1794720,1.875
1794816,1.875
1796992,2.0
1797216,1.9375
1797664,2.0
1798112,2.0
1798592,2.0
1800000,2.0
1805088,2.0
1805184,2.0
1805440,2.0
1806080,2.0
1806112,2.0
1806336,1.9375
1807296,2.0
1808192,2.0
1809504,1.9375
1811840,1.9375
1812992,2.0
1814464,2.0
1817984,2.0
1818048,2.0
1818112,2.0
1819040,2.0
1819104,2.0
1821024,2.0
1823200,1.9375
1826048,2.0
1826336,2.0
1829984,1.9375
1830400,2.0
1831648,2.0
1832352,2.0
1833248,2.0
1833408,2.0
1833984,2.0
1834016,2.0
1836256,2.0
1836704,2.0
1836832,2.0
1838016,2.0
1838528,2.0
1841696,2.0
1842016,2.0
1842656,1.9375
1843712,2.0
1844672,2.0
1844768,2.0
1845312,2.0
1846496,2.0
1847168,2.0
1848768,2.0
1850112,2.0
1850144,2.0
1850240,1.9375
1850656,2.0
1851616,2.0
1854432,2.0
1854528,2.0
1855712,2.0
1855744,2.0
1855872,1.9375
1856064,1.9375
1857248,2.0
1857632,2.0
1858496,1.9375
1858784,2.0
1859424,2.0
1861280,2.0
1861888,1.9375
1862688,2.0
1864160,2.0
1864640,2.0
1866464,2.0
1868352,1.9375
1868480,2.0
1870368,2.0
1870528,2.0
1871200,2.0
1872832,2.0
1874080,2.0
1874976,2.0
1875424,2.0
1875584,2.0
1876096,2.0
1876320,2.0
1877824,1.9375
1880992,2.0
1881728,1.9375
1883040,1.9375
1883808,2.0
1884128,2.0
1884352,2.0
1886048,2.0
1886144,2.0
1886656,2.0
1887552,2.0
1888224,2.0
1889344,2.0
1890080,2.0
1890112,1.9375
1891168,1.9375
1894368,2.0
1894528,2.0
1896160,2.0
1898848,2.0
1899424,2.0
1899744,2.0
1901088,1.9375
1901312,2.0
1902080,2.0
1903040,2.0
1905280,2.0
1907584,1.875
1908928,2.0
1913536,2.0
1913856,1.9375
1915264,1.9375
1915328,2.0
1915776,2.0
1915904,1.9375
1915968,2.0
1916448,2.0
1916608,1.9375
1920928,2.0
1922112,1.9375
1923296,2.0
1923744,2.0
1923904,2.0
1925312,1.875
1927776,2.0
1928960,2.0
1929376,1.9375
1931136,1.9375
1932224,2.0
1934560,1.9375
1935264,2.0
1935744,2.0
1935808,2.0
1936480,2.0
1937088,2.0
1937120,2.0
1937920,2.0
1942144,2.0
1943968,2.0
1946720,2.0
1948128,2.0
1948640,2.0
1948832,2.0
1949184,2.0
1950656,2.0
1951584,2.0
1952384,2.0
1953216,2.0
1953728,2.0
1955232,2.0
1955360,2.0
1956576,2.0
1956960,2.0
1959456,1.9375
1960480,1.9375
1961536,2.0
1963328,1.9375
1963488,2.0
1965024,2.0
1965792,2.0
1967424,2.0
1969440,1.9375
1970400,2.0
1972416,2.0
1974112,1.9375
1974432,2.0
1977568,2.0
1977600,2.0
1978208,2.0
1979200,2.0
1979552,2.0
1980288,2.0
1981024,1.9375
1982240,2.0
1982880,2.0
1983200,1.9375
1983264,1.9375
1983520,1.9375
1984448,1.9375
1985280,2.0
1986592,2.0
1989056,2.0
1989376,1.9375
1989888,2.0
1990144,2.0
1990944,2.0
1991136,2.0
1991200,2.0
1991296,2.0
1991488,2.0
1991808,2.0
1992800,2.0
1997152,2.0
1997824,2.0
1998176,2.0
1999264,1.9375
1999584,2.0
2000160,2.0
2001024,2.0
2001120,2.0
2002816,2.0
2004192,2.0
2006240,2.0
2007904,2.0
2008768,1.9375
2009056,1.9375
2011936,2.0
2012288,1.9375
2012512,2.0
2012992,2.0
2016000,2.0
2018368,2.0
2020128,2.0
2020416,1.9375
2021728,2.0
2022976,2.0
2024288,1.875
2025216,2.0
2025536,2.0
2025920,2.0
2027040,2.0
2027232,2.0
2027616,2.0
2028224,2.0
2029824,2.0
2030048,2.0
2030240,2.0
2031200,2.0
2032288,1.9375
2032512,2.0
2033504,1.9375
2034752,2.0
2035136,2.0
2035424,2.0
2035712,2.0
2035904,2.0
2036928,2.0
2039520,1.9375
2040576,2.0
2042848,2.0
2042880,2.0
2048096,2.0
2048704,2.0
2049184,2.0
2050176,2.0
2051488,1.9375
2051808,2.0
2052480,2.0
2054464,2.0
2055680,2.0
2059552,2.0
2059872,2.0
2060864,1.9375
2061344,2.0
2061504,1.875
2061728,2.0
2062944,2.0
2063520,1.9375
2063616,1.9375
2064128,2.0
2064736,2.0
2065248,2.0
2066016,2.0
2067904,1.9375
2068448,2.0
2069600,2.0
2069696,2.0
2073120,2.0
2073184,2.0
2073984,2.0
2074240,2.0
2076320,2.0
2076480,2.0
2076544,2.0
2077088,2.0
2077824,2.0
2078496,2.0
2078912,2.0
2079296,2.0
2079392,2.0
2081664,2.0
2081888,2.0
2082816,1.9375
2084960,2.0
2085792,2.0
2090400,1.9375
2094272,2.0
2095520,2.0
2095616,2.0
2096384,2.0
2099456,1.9375
2102720,2.0
2102976,2.0
2103040,2.0
2104096,2.0
2104992,2.0
2106528,1.9375
2106592,2.0
2107008,2.0
2108384,2.0
2109248,2.0
2109344,2.0
2109600,2.0
2110688,2.0
2111360,2.0
2111488,2.0
2112224,1.9375
2112768,2.0
2113952,1.9375
2114080,2.0
2116288,2.0
2117696,2.0
2118912,2.0
2119136,1.9375
2121184,2.0
2123232,2.0
2123840,2.0
2123936,1.9375
2127232,2.0
2128704,2.0
2129344,2.0
2129664,1.9375
2130464,2.0
2131520,2.0
2132992,1.9375
2133472,2.0
2133568,2.0
2134816,2.0
2135264,2.0
2135360,2.0
2135520,2.0
2140000,2.0
2141280,1.9375
2142528,1.9375
2143040,2.0
2143392,1.9375
2143616,2.0
2143648,2.0
2144928,1.9375
2147520,1.9375
2147552,2.0
2148640,1.9375
2149952,2.0
2152064,2.0
2152384,2.0
2153312,2.0
2156832,2.0
2156864,2.0
2157024,2.0
2158336,2.0
2158528,2.0
2158720,2.0
2162496,1.9375
2162592,1.875
2162624,2.0
2163360,2.0
2163424,1.9375
2168192,1.9375
2170400,2.0
2171456,2.0
2172288,2.0
2173024,2.0
2174848,2.0
2176064,2.0
2177216,2.0
2178688,2.0
2180448,2.0
2181024,2.0
2181472,2.0
2181632,2.0
2184192,1.9375
2185120,2.0
2186272,2.0
2188608,2.0
2191936,2.0
2192736,2.0
2193952,2.0
2194112,1.9375
2194176,2.0
2195232,2.0
2195712,2.0
2197216,2.0
2198464,2.0
2199200,2.0
2199648,1.9375
2201216,2.0
2202560,2.0
2202944,2.0
2204704,2.0
2204960,2.0
2204992,1.9375
2205536,2.0
2207392,2.0
2210240,2.0
2212032,2.0
2213216,2.0
2213824,2.0
2214336,1.9375
2214400,2.0
2218048,2.0
2219040,2.0
2219648,2.0
2220768,2.0
2221376,1.9375
2222560,2.0
2223008,2.0
2223072,1.9375
2224000,1.9375
2225184,1.9375
2227712,2.0
2227744,2.0
2231680,2.0
2231776,2.0
2232384,1.9375
2236416,2.0
2236736,1.9375
2237024,1.9375
2237184,1.9375
2237728,2.0
2237856,2.0
2239840,2.0
2240064,2.0
2240352,1.9375
2240800,2.0
2241600,2.0
2242048,2.0
2242176,2.0
2242304,2.0
2242432,2.0
2242496,2.0
2242848,2.0
2243936,1.9375
2244352,2.0
2245024,2.0
2245888,2.0
2246240,1.9375
2246400,2.0
2249216,2.0
2250176,2.0
2252384,1.9375
2253856,2.0
2255392,2.0
2256000,2.0
2256128,2.0
2258464,2.0
2260256,2.0
2262848,1.9375
2262880,2.0
2263488,2.0
2264000,2.0
2265696,2.0
2265952,2.0
2266016,1.9375
2267264,2.0
2270784,2.0
2272064,2.0
2272320,2.0
2272928,2.0
2273120,2.0
2273696,1.9375
2274272,2.0
2274976,2.0
2277184,1.9375
2277344,2.0
2277856,1.9375
2278816,2.0
2278848,2.0
2278944,2.0
2278976,1.9375
2280896,2.0
2281248,2.0
2282400,1.9375
2284672,2.0
2284768,2.0
2285024,2.0
2285760,2.0
2285792,2.0
2286688,2.0
2289824,2.0
2290048,2.0
2291104,2.0
2291200,2.0
2291616,2.0
2292608,2.0
2293632,1.9375
2295488,2.0
2296864,2.0
2299168,2.0
2300896,1.875
2301344,2.0
2302784,2.0
2303936,2.0
2306752,2.0
2307584,2.0
2308864,2.0
2309824,2.0
2311712,2.0
2314944,2.0
2315040,2.0
2316288,2.0
2316800,2.0
2316832,2.0
2317792,1.875
2319040,2.0
2319072,2.0
2319712,2.0
2320224,1.9375
2320960,2.0
2321184,2.0
2321568,2.0
2323424,2.0
2325280,2.0
2328224,2.0
2328352,1.9375
2331712,1.9375
2334176,1.875
2334944,2.0
2335552,2.0
2337024,2.0
2337536,2.0
2339200,2.0
2341088,2.0
2344064,2.0
2344224,2.0
2344576,2.0
2345472,2.0
2346208,2.0
2348352,2.0
2348608,2.0
2351200,2.0
2351232,2.0
2351456,2.0
2353312,2.0
2353696,1.875
2355776,2.0
2358368,1.9375
2359168,2.0
2361184,2.0
2361280,1.9375
2361984,2.0
2362528,2.0
2365088,2.0
2365312,2.0
2367168,2.0
2367264,2.0
2369184,1.9375
2369888,2.0
2370048,2.0
2370112,1.9375
2371232,2.0
2371328,2.0
2371904,1.9375
2372864,2.0
2374816,1.9375
2376576,1.9375
2376992,2.0
2377600,2.0
2378432,2.0
2379872,2.0
2381024,2.0
2381664,1.9375
2382048,2.0
2383424,1.9375
2383744,2.0
2384448,2.0
2386112,2.0
2387168,2.0
2387360,2.0
2387424,2.0
2389120,1.9375
2390080,2.0
2391008,2.0
2392672,2.0
2392800,1.9375
2396192,1.875
2396736,2.0
2397664,2.0
2397920,1.9375
2399424,2.0
2399456,2.0
2401056,1.9375
2401792,1.9375
2403712,2.0
2403808,1.9375
2403936,2.0
2404992,2.0
2407552,2.0
2408352,2.0
2409792,2.0
2410624,1.9375
2411840,1.9375
2414176,2.0
2414496,2.0
2414688,2.0
2414848,2.0
2414944,1.9375
2415520,2.0
2416224,2.0
2416896,1.9375
2417024,2.0
2417536,1.9375
2417632,2.0
2420416,2.0
2421600,1.9375
2422144,2.0
2423776,2.0
2424864,2.0
2425760,2.0
2426464,2.0
2426720,2.0
2426912,2.0
2428096,2.0
2430624,2.0
2430976,1.9375
2432768,2.0
2435136,2.0
2435872,2.0
2436288,2.0
2436960,2.0
2438656,2.0
2440320,2.0
2441472,2.0
2441952,2.0
2444672,2.0
2445248,2.0
2445344,2.0
2446208,2.0
2446272,2.0
2447872,2.0
2451584,2.0
2451680,2.0
2452608,2.0
2453056,2.0
2457024,2.0
2459872,2.0
2460096,2.0
2460320,2.0
2460544,2.0
2461408,2.0
2463616,2.0
2464480,1.9375
2465280,2.0
2465792,2.0
2466336,1.9375
2466688,2.0
2467552,2.0
2468768,2.0
2469472,2.0
2469536,2.0
2470080,2.0
2472352,2.0
2473760,2.0
2474656,2.0
2476064,2.0
2477920,2.0
2478400,2.0
2480960,2.0
2484768,2.0
2486112,2.0
2487872,2.0
2487904,1.9375
2489728,1.9375
2490912,2.0
2491232,2.0
2492704,1.9375
2494688,2.0
2495040,2.0
2495968,1.9375
2498272,2.0
2498592,1.9375
2501408,2.0
2505216,2.0
2506336,2.0
2507040,2.0
2507520,2.0
2508288,1.9375
2508352,1.875
2509120,2.0
2512224,2.0
2513248,2.0
2513632,2.0
2514016,2.0
2514656,2.0
2516096,1.875
2516416,2.0
2517664,2.0
2517984,2.0
2518784,1.9375
2518944,1.9375
2519904,2.0
2520800,2.0
2523584,2.0
2523712,2.0
2525216,1.9375
2525632,2.0
2527008,2.0
2527072,2.0
2528160,2.0
2529056,1.9375
2531904,2.0
2532640,1.9375
2534016,2.0
2535520,1.875
2538112,2.0
2539712,2.0
2539904,2.0
2541504,2.0
2541888,2.0
2542464,2.0
2543328,2.0
2543744,1.875
2544224,2.0
2545472,2.0
2545664,2.0
2546240,2.0
2547168,2.0
2547424,2.0
2547456,2.0
2548288,2.0
2548768,2.0
2549120,2.0
2550464,2.0
2550560,2.0
2554464,2.0
2555776,2.0
2555968,2.0
2558400,2.0
2561120,2.0
2562432,2.0
2562528,2.0
2562720,1.9375
2566816,2.0
2567104,2.0
2567616,1.9375
2567936,1.9375
2568160,2.0
2571936,1.9375
2575424,2.0
2576288,1.9375
2576928,2.0
2577568,2.0
2578624,2.0
2580192,2.0
2580256,2.0
2581312,2.0
2582528,2.0
2583264,2.0
2584832,2.0
2585504,2.0
2587776,2.0
2587872,2.0
2588320,2.0
2588992,2.0
2589920,2.0
2590304,2.0
2590752,2.0
2590784,2.0
2591424,2.0
2591936,2.0
2592640,2.0
2593472,2.0
2593824,2.0
2595136,2.0
2595744,2.0
2595904,2.0
2596960,2.0
2597120,2.0
2598240,2.0
2598336,2.0
2598624,2.0
2599392,1.9375
2599616,2.0
2600160,2.0
2602080,1.9375
2602944,2.0
2603136,2.0
2606688,2.0
2608800,2.0
2608928,2.0
2610624,2.0
2613312,2.0
2614080,2.0
2614816,1.9375
2615488,1.9375
2618144,2.0
2619168,2.0
2619200,2.0
2619520,2.0
2620832,2.0
2622592,2.0
2622688,1.9375
2624128,2.0
2624512,2.0
2625120,2.0
2628736,2.0
2629696,2.0
2629856,2.0
2631296,2.0
2631488,1.9375
2632288,2.0
2632640,2.0
2634080,1.9375
2634272,2.0
2634464,2.0
2638528,2.0
2639040,2.0
2639904,2.0
2639968,2.0
2640448,1.9375
2640960,2.0
2641120,2.0
2644608,2.0
2644704,2.0
2644896,1.9375
2645152,2.0
2648256,2.0
2649184,1.875
2650336,2.0
2654016,1.9375
2654496,2.0
2655104,1.9375
2655680,1.9375
2656448,2.0
2657664,2.0
2659424,2.0
2659552,2.0
2659616,1.9375
2659808,2.0
2660672,2.0
2661056,2.0
2661376,2.0
2662176,2.0
2662432,1.9375
2665184,2.0
2666496,2.0
2667744,2.0
2669088,2.0
2670176,2.0
2670816,1.9375
2671264,2.0
2672192,2.0
2672800,1.9375
2673568,2.0
2673792,2.0
2674208,2.0
2674240,2.0
2676096,2.0
2676256,2.0
2676384,1.9375
2679136,2.0
2683648,2.0
2684000,2.0
2684032,2.0
2684416,2.0
2686464,2.0
2686688,2.0
2687872,2.0
2688512,1.9375
2688992,2.0
2690976,2.0
2692512,1.875
2693792,2.0
2694816,2.0
2695712,1.9375
2695936,2.0
2697536,2.0
2699040,1.9375
2699200,2.0
2699296,1.9375
2699520,2.0
2699648,2.0
2701152,2.0
2704128,2.0
2704160,2.0
2704384,2.0
2704608,1.9375
2705408,2.0
2710880,1.9375
2711840,1.9375
2714784,1.9375
2715872,2.0
2716384,2.0
2716608,2.0
2716672,1.9375
2718656,2.0
2722112,2.0
2722272,2.0
2722496,2.0
2723168,2.0
2723328,2.0
2724800,2.0
2726752,2.0
2726848,2.0
2727328,1.9375
2730752,1.9375
2732032,2.0
2732800,1.9375
2733536,1.9375
2733952,1.875
2734528,2.0
2736512,2.0
2736640,2.0
2738272,2.0
2740128,2.0
2740384,2.0
2740608,2.0
2742880,2.0
2743520,2.0
2744512,2.0
2745120,2.0
2745792,1.9375
2747200,2.0
2748640,1.9375
2749856,2.0
2750592,2.0
2752288,2.0
2753536,2.0
2755808,1.9375
2757056,2.0
2758048,2.0
2759520,2.0
2761760,1.9375
2762336,2.0
2762464,2.0
2763072,2.0
2763808,2.0
2765376,2.0
2765984,2.0
2766176,2.0
2769024,2.0
2771872,2.0
2772256,2.0
2773664,2.0
2775104,1.9375
2776544,2.0
2776928,2.0
2776992,2.0
2778144,2.0
2778368,1.9375
2781472,2.0
2781504,2.0
2782848,2.0
2783008,2.0
2783392,1.9375
2783744,2.0
2784864,2.0
2785024,2.0
2785248,2.0
2785568,2.0
2786624,2.0
2787296,2.0
2788960,2.0
2788992,2.0
2789056,2.0
2789216,2.0
2791520,1.9375
2791648,2.0
2792416,2.0
2793280,2.0
2794336,1.9375
2795008,1.9375
2798400,2.0
2799936,2.0
2800032,2.0
2800960,2.0
2801312,2.0
2801696,2.0
2804800,2.0
2806816,2.0
2808416,2.0
2808512,2.0
2808928,1.9375
2809024,1.9375
2809792,2.0
2810272,2.0
2810592,2.0
2810752,1.9375
2810944,2.0
2811424,1.9375
2815552,2.0
2816608,2.0
2822304,1.9375
2822592,2.0
2822688,2.0
2822848,2.0
2823456,1.9375
2823552,2.0
2827232,2.0
2829024,2.0
2829952,1.9375
2830496,2.0
2831584,2.0
2832288,1.9375
2832448,2.0
2834816,2.0
2836256,1.9375
2836448,2.0
2836672,1.9375
2837088,2.0
2837216,2.0
2838464,2.0
2841600,2.0
2841888,2.0
2845120,2.0
2845440,2.0
2847712,2.0
2848320,2.0
2849120,1.9375
2849920,2.0
2850592,2.0
2851008,2.0
2852416,2.0
2853824,2.0
2857152,2.0
2858112,1.875
2858592,2.0
2859072,2.0
2859360,2.0
2861760,2.0
2861792,2.0
2862048,2.0
2863008,2.0
2863840,2.0
2864352,2.0
2864544,2.0
2866848,2.0
2867456,2.0
2867968,2.0
2868256,2.0
2871744,2.0
2876512,1.875
2878496,2.0
2879392,2.0
2879520,2.0
2880864,2.0
2885312,2.0
2891456,2.0
2891968,2.0
2893120,2.0
2894016,1.9375
2896992,2.0
2897024,2.0
2897696,2.0
2900864,2.0
2901312,2.0
2901920,2.0
2901984,2.0
2902144,2.0
2904032,2.0
2904416,2.0
2904992,2.0
2905664,1.9375
2905856,2.0
2908096,1.9375
2908224,2.0
2908992,2.0
2911168,1.9375
2911296,2.0
2911328,2.0
2912160,2.0
2914496,2.0
2916288,2.0
2916384,1.9375
2917152,2.0
2917184,2.0
2917952,2.0
2918560,2.0
2918688,2.0
2919040,2.0
2922400,2.0
2923584,2.0
2925632,2.0
2925824,1.9375
2926368,2.0
2927328,1.9375
2928768,2.0
2928864,2.0
2929568,2.0
2929696,2.0
2929920,2.0
2929984,2.0
2930496,1.9375
2930720,2.0
2931136,2.0
2931456,2.0
2931840,2.0
2931968,2.0
2932064,2.0
2932864,2.0
2933728,2.0
2934528,2.0
2936032,2.0
2937696,2.0
2939936,2.0
2942752,2.0
2945024,1.9375
2945184,2.0
2945312,2.0
2945376,1.9375
2945408,2.0
2945440,2.0
2946560,1.9375
2946880,2.0
2948736,1.9375
2949120,1.9375
2949568,1.9375
2951200,2.0
2951264,2.0
2951872,1.9375
2954816,2.0
2956576,2.0
2956608,2.0
2957632,2.0
2958848,2.0
2960064,2.0
2960096,2.0
2960832,1.9375
2961888,2.0
2962272,2.0
2963904,2.0
2966176,2.0
2966624,2.0
2967968,2.0
2969216,2.0
2971808,2.0
2974656,1.9375
2974784,2.0
2976832,1.9375
2977440,2.0
2977664,2.0
2977952,1.9375
2978368,2.0
2979008,2.0
2979392,2.0
2979840,1.9375
2980320,2.0
2981312,2.0
2981760,2.0
2982848,2.0
2983200,2.0
2983808,1.9375
2984000,2.0
2984800,2.0
2984864,2.0
2986368,2.0
2986592,2.0
2986912,2.0
2987616,2.0
2990176,1.9375
2992896,2.0
2992992,2.0
2993280,2.0
2994560,2.0
2994688,2.0
2995552,2.0
2996192,2.0
2996704,1.9375
2997312,2.0
3002464,2.0
3002528,2.0
3003840,2.0
3004384,2.0
3005152,2.0
3005312,2.0
3007136,2.0
3007552,2.0
3008160,1.9375
3008928,1.9375
3009152,1.9375
3010240,2.0
3011008,2.0
3011392,2.0
3012448,1.9375
3016800,1.9375
3017248,2.0
3017568,1.9375
3019104,1.9375
3019616,2.0
3019648,2.0
3019840,2.0
3020416,2.0
3021920,2.0
3023520,1.9375
3023872,2.0
3024960,2.0
3025088,2.0
3025760,2.0
3026400,2.0
3027168,2.0
3028480,2.0
3028736,2.0
3029056,2.0
3030848,2.0
3031264,2.0
3031744,2.0
3032096,2.0
3033248,2.0
3034848,2.0
3036352,2.0
3036416,1.9375
3036960,2.0
3037408,2.0
3037440,2.0
3037536,2.0
3038048,2.0
3039328,1.9375
3040448,2.0
3040512,2.0
3041184,2.0
3041312,2.0
3042272,2.0
3043104,2.0
3043136,1.9375
3043264,1.9375
3043616,2.0
3044768,2.0
3045536,1.9375
3046240,2.0
3046304,1.9375
3047552,1.875
3047616,2.0
3048096,2.0
3048864,2.0
3048896,2.0
3049152,2.0
3049664,2.0
3052576,2.0
3053280,1.9375
3054656,2.0
3058944,1.9375
3060544,1.9375
3060640,2.0
3060960,2.0
3062176,2.0
3062944,1.9375
3063104,2.0
3063520,2.0
3064064,2.0
3064352,1.9375
3064800,2.0
3065088,2.0
3066688,2.0
3067648,2.0
3070176,2.0
3071520,2.0
3072416,1.9375
3072864,2.0
3074592,1.9375
3075584,2.0
3078368,1.9375
3080160,1.9375
3080288,2.0
3080832,1.875
3081408,2.0
3084800,2.0
3085024,2.0
3086368,2.0
3086880,2.0
3088192,2.0
3089536,2.0
3090240,2.0
3090400,2.0
3091264,2.0
3093088,2.0
3093312,1.9375
3094368,2.0
3096960,2.0
3097248,1.9375
3098848,2.0
3099136,2.0
3100800,1.9375
3102144,2.0
3103488,2.0
3103776,2.0
3104288,2.0
3104672,2.0
3107072,2.0
3107200,2.0
3107840,2.0
3107904,2.0
3108096,2.0
3108128,2.0
3110784,2.0
3112384,2.0
3113088,1.9375
3116448,2.0
3117344,2.0
3119488,1.875
3120416,2.0
3120896,1.9375
3121312,2.0
3121472,2.0
3122784,2.0
3123872,2.0
3124512,2.0
3126720,2.0
3127168,2.0
3127680,2.0
3127712,2.0
3127872,2.0
3127968,2.0
3129504,1.9375
3129824,2.0
3130624,2.0
3130848,2.0
3133280,1.9375
3134848,2.0
3135424,2.0
3135840,2.0
3136384,2.0
3136480,1.9375
3136768,1.9375
3136896,1.9375
3137088,2.0
3138496,2.0
3138624,2.0
3139488,2.0
3141664,1.9375
3145120,2.0
3145248,2.0
3146144,2.0
3146368,2.0
3147232,2.0
3147648,2.0
3150368,2.0
3150656,2.0
3150976,2.0
3152832,2.0
3153184,2.0
3153664,2.0
3153984,2.0
3154592,2.0
3155136,1.9375
3155904,2.0
3155968,2.0
3156000,2.0
3159424,2.0
3159552,2.0
3160064,2.0
3162688,1.9375
3163616,2.0
3164352,1.9375
3164736,2.0
3164992,2.0
3165056,2.0
3165760,1.9375
3166080,1.9375
3168480,2.0
3170048,2.0
3170080,2.0
3170944,2.0
3172128,2.0
3172608,2.0
3173760,2.0
3173888,2.0
3178240,2.0
3178336,1.9375
3178752,2.0
3178848,1.9375
3179840,2.0
3179872,1.9375
3181088,2.0
3181376,2.0
3181472,2.0
3183104,2.0
3183648,2.0
3183808,2.0
3184160,2.0
3186464,2.0
3187104,1.9375
3189568,2.0
3189856,2.0
3190176,2.0
3190560,2.0
3191328,2.0
3192352,2.0
3192704,2.0
3193664,2.0
3193920,2.0
3194688,1.9375
3195296,2.0
3195776,2.0
3196192,2.0
3197856,1.9375
3198016,2.0
3198944,2.0
3199616,2.0
3199744,2.0
3200000,2.0
3200320,2.0
3201344,2.0
3201504,2.0
3201632,2.0
3203200,2.0
3204224,2.0
3204480,2.0
3205696,2.0
3205760,2.0
3205952,2.0
3206848,2.0
3207040,2.0
3207328,1.9375
3208416,2.0
3208736,2.0
3210144,2.0
3210368,1.9375
3210752,2.0
3211712,2.0
3211840,2.0
3214208,1.9375
3214752,2.0
3216064,1.9375
3216256,2.0
3216800,2.0
3216960,1.9375
3220800,1.9375
3221504,2.0
3222624,2.0
3223392,1.9375
3224256,2.0
3226208,1.9375
3226944,2.0
3229952,1.9375
3230240,1.9375
3231648,1.9375
3234144,2.0
3235328,2.0
3238368,2.0
3238976,2.0
3239264,2.0
3239392,2.0
3239520,1.9375
3240960,2.0
3242400,2.0
3243168,2.0
3243552,1.9375
3243712,2.0
3245728,2.0
3246848,2.0
3247936,1.9375
3249536,2.0
3249984,2.0
3252032,2.0
3252096,2.0
3252160,2.0
3252192,1.9375
3253120,2.0
3253696,1.9375
3255200,1.9375
3256576,2.0
3256768,2.0
3257024,2.0
3257888,1.875
3258688,2.0
3259360,2.0
3260064,2.0
3260288,2.0
3263520,1.9375
3264224,2.0
3266976,2.0
3268160,2.0
3268256,1.9375
3269376,2.0
3270336,2.0
3272640,2.0
3272864,2.0
3272896,2.0
3274624,2.0
3275200,2.0
3275296,2.0
3275936,2.0
3275968,2.0
3276640,1.9375
3277760,2.0
3278368,2.0
3278592,2.0
3278912,2.0
3279232,2.0
3280064,2.0
3280128,1.9375
3280192,2.0
3281184,2.0
3282976,1.9375
3283136,2.0
3283840,2.0
3284000,2.0
3284032,2.0
3284256,2.0
3285344,2.0
3285696,1.9375
3285952,2.0
3286464,2.0
3286656,2.0
3286944,2.0
3287744,2.0
3288064,2.0
3289216,2.0
3289504,2.0
3290592,2.0
3292672,2.0
3293856,2.0
3294496,2.0
3294688,2.0
3297760,1.9375
3298176,2.0
3299584,2.0
3299808,2.0
3301152,1.9375
3302144,2.0
3303008,2.0
3304096,2.0
3304288,2.0
3305248,2.0
3307968,2.0
3308800,2.0
3309088,2.0
3309344,2.0
3311424,1.9375
3311712,2.0
3314208,2.0
3315168,2.0
3315712,2.0
3315744,1.9375
3316064,2.0
3316736,2.0
3317600,2.0
3318432,2.0
3318912,2.0
3318944,1.9375
3319136,1.9375
3319328,2.0
3319680,2.0
3321312,2.0
3321856,2.0
3322688,2.0
3323040,2.0
3324768,2.0
3324928,2.0
3324992,2.0
3325760,2.0
3325984,2.0
3326816,1.9375
3328032,1.9375
3328864,2.0
3329856,2.0
3331456,1.9375
3332352,2.0
3334080,1.9375
3334848,2.0
3334880,2.0
3336256,1.9375
3337312,2.0
3337824,2.0
3339296,1.9375
3341952,2.0
3342912,2.0
3343264,2.0
3344032,2.0
3344128,2.0
3344416,2.0
3345952,2.0
3347904,2.0
3348512,1.9375
3353056,1.9375
3356320,2.0
3361088,2.0
3364416,2.0
3366496,2.0
3371104,2.0
3372320,2.0
3373632,1.9375
3374240,2.0
3374304,2.0
3374656,2.0
3374880,2.0
3375232,2.0
3375936,1.9375
3379456,2.0
3379648,2.0
3379776,2.0
3380512,2.0
3381984,2.0
3382240,1.9375
3383712,2.0
3384000,2.0
3384768,2.0
3387904,2.0
3388640,2.0
3390304,2.0
3391296,1.9375
3391520,1.9375
3392032,2.0
3392544,1.9375
3392992,2.0
3394560,2.0
3395008,2.0
3395296,2.0
3396256,2.0
3396768,2.0
3397536,2.0
3397664,1.9375
3397984,2.0
3399360,2.0
3400864,2.0
3401952,2.0
3404000,2.0
3404096,2.0
3404832,2.0
3405216,2.0
3405664,1.9375
3406240,1.9375
3406592,2.0
3408224,2.0
3408864,1.9375
3409408,2.0
3412896,1.9375
3413056,2.0
3413824,2.0
3413984,2.0
3414208,2.0
3414304,2.0
3414496,2.0
3414528,2.0
3415264,2.0
3415456,2.0
3417024,2.0
3418144,2.0
3421024,2.0
3421312,2.0
3421600,2.0
3422144,2.0
3423232,2.0
3424896,2.0
3427968,1.875
3431808,2.0
3432096,2.0
3432640,2.0
3433760,2.0
3433984,2.0
3434176,2.0
3436960,1.9375
3437728,2.0
3438464,2.0
3439808,2.0
3440640,2.0
3440800,2.0
3442176,1.9375
3443424,2.0
3444128,2.0
3444736,2.0
3445216,2.0
3446432,2.0
3447104,2.0
3448992,2.0
3449312,1.9375
3449472,2.0
3449664,2.0
3451488,1.9375
3451616,2.0
3452096,2.0
3454048,2.0
3454656,2.0
3454976,2.0
3456384,2.0
3456736,2.0
3457024,2.0
3457088,1.9375
3457696,2.0
3459680,2.0
3459744,1.9375
3460352,2.0
3462144,2.0
3463136,2.0
3463936,1.9375
3464672,2.0
3466176,2.0
3468704,1.875
3469344,2.0
3469440,2.0
3472320,2.0
3475424,2.0
3475808,2.0
3476160,2.0
3476928,2.0
3477152,2.0
3478432,2.0
3479520,2.0
3480320,2.0
3480576,2.0
3480928,2.0
3480960,2.0
3481600,1.9375
3482112,2.0
3483520,1.9375
3485056,1.9375
3485536,1.9375
3485664,2.0
3486176,2.0
3487360,2.0
3488352,1.9375
3490208,2.0
3491296,1.9375
3492416,1.9375
3495200,2.0
3496416,1.9375
3497024,2.0
3498176,2.0
3498880,2.0
3499136,2.0
3499328,2.0
3500032,2.0
3502176,2.0
3502720,2.0
3504768,2.0
3505376,2.0
3506624,2.0
3506912,1.9375
3507232,2.0
3509728,2.0
3510208,2.0
3514688,2.0
3515104,1.9375
3515872,1.9375
3516416,2.0
3517280,2.0
3517472,2.0
3517792,2.0
3518400,2.0
3520800,1.875
3521088,2.0
3522176,1.9375
3522304,2.0
3523776,2.0
3524480,2.0
3525184,2.0
3525760,2.0
3530944,2.0
3532032,2.0
3532608,2.0
3534624,2.0
3534816,1.9375
3534848,2.0
3535200,2.0
3535520,2.0
3538400,2.0
3538720,2.0
3541632,2.0
3542656,2.0
3546208,2.0
3549568,2.0
3550688,2.0
3551936,2.0
3552224,1.875
3553184,1.9375
3553472,2.0
3553728,2.0
3553952,2.0
3554560,2.0
3555360,2.0
3556256,2.0
3557248,2.0
3557408,1.9375
3557472,2.0
3559072,2.0
3559520,2.0
3560256,1.9375
3561184,2.0
3561216,2.0
3563072,2.0
3564288,1.875
3566272,2.0
3566784,2.0
3567456,2.0
3569856,2.0
3570144,2.0
3570400,2.0
3571328,2.0
3571424,1.9375
3572384,1.9375
3572736,1.9375
3573088,2.0
3573504,2.0
3573952,2.0
3574560,2.0
3574880,2.0
3575008,2.0
3576032,1.9375
3577216,2.0
3578304,2.0
3578848,2.0
3579424,2.0
3579712,2.0
3586048,1.9375
3587392,2.0
3590592,2.0
3590848,2.0
3593600,2.0
3594880,2.0
3594912,2.0
3597952,2.0
3599584,2.0
3602784,2.0
3603648,2.0
3604960,2.0
3607872,2.0
3608448,2.0
3610048,2.0
3611520,2.0
3611552,2.0
3612096,2.0
3612640,2.0
3614208,2.0
3615040,2.0
3615296,2.0
3615712,1.9375
3616288,2.0
3616896,1.9375
3616928,2.0
3617472,2.0
3618912,2.0
3620192,2.0
3620448,2.0
3622400,2.0
3622656,1.9375
3623264,1.9375
3626368,2.0
3629152,2.0
3629344,1.9375
3630272,2.0
3630816,2.0
3631168,2.0
3632352,2.0
3633600,2.0
3634688,2.0
3636480,1.9375
3637312,1.9375
3637440,2.0
3641184,2.0
3641536,2.0
3644000,2.0
3644608,1.9375
3645728,2.0
3650240,2.0
3652512,2.0
3652768,2.0
3653056,2.0
3653664,2.0
3654976,1.9375
3655168,2.0
3656320,2.0
3659104,2.0
3659456,1.9375
3662112,1.9375
3662656,2.0
3663136,2.0
3664160,2.0
3665984,2.0
3666688,1.875
3667680,2.0
3669280,2.0
3669504,1.9375
3670624,2.0
3670784,1.9375
3671104,2.0
3671168,2.0
3674944,2.0
3676992,2.0
3677472,2.0
3680448,1.9375
3681440,2.0
3682816,2.0
3683360,1.9375
3683872,1.9375
3684064,2.0
3684448,2.0
3684768,2.0
3684928,1.9375
3686080,2.0
3686432,2.0
3686720,2.0
3687040,2.0
3687200,2.0
3687328,2.0
3688512,2.0
3688832,1.9375
3690016,2.0
3692032,2.0
3692128,2.0
3692736,2.0
3694176,2.0
3695040,2.0
3695712,2.0
3697088,2.0
3697600,2.0
3698208,2.0
3699904,2.0
3700416,2.0
3700544,2.0
3701600,2.0
3702240,2.0
3702656,2.0
3705824,2.0
3706880,2.0
3708672,2.0
3708832,2.0
3709664,2.0
3711072,2.0
3712128,2.0
3712416,2.0
3712832,2.0
3712960,2.0
3713696,2.0
3714048,2.0
3714368,2.0
3717152,2.0
3717248,2.0
3717824,2.0
3717888,2.0
3719712,1.9375
3719840,2.0
3720224,2.0
3720672,1.9375
3720704,2.0
3721088,2.0
3721120,2.0
3724512,2.0
3724960,1.9375
3729440,1.9375
3730464,2.0
3736768,2.0
3737952,1.9375
3738464,2.0
3738912,2.0
3739904,2.0
3740288,2.0
3740608,2.0
3740864,2.0
3741216,1.9375
3741696,2.0
3743008,2.0
3744480,1.9375
3744704,2.0
3744768,2.0
3746048,2.0
3746432,2.0
3746688,2.0
3746944,2.0
3748352,1.9375
3749024,2.0
3749344,2.0
3749600,2.0
3750656,2.0
3751296,2.0
3751584,2.0
3751616,2.0
3752352,2.0
3754496,2.0
3756928,2.0
3757696,2.0
3758560,2.0
3759360,2.0
3760192,1.9375
3761152,2.0
3761664,2.0
3762176,2.0
3762464,2.0
3762784,2.0
3763776,1.9375
3766976,2.0
3767584,2.0
3768512,2.0
3768832,1.9375
3769632,2.0
3769696,1.9375
3772000,2.0
3772448,2.0
3772864,1.875
3778592,1.9375
3779616,1.9375
3780864,2.0
3781888,2.0
3783200,2.0
3783232,2.0
3783392,2.0
3785088,2.0
3785408,1.9375
3785824,2.0
3786208,1.9375
3787904,2.0
3792480,2.0
3792672,2.0
3792960,2.0
3795264,2.0
3795296,2.0
3796160,2.0
3796384,2.0
3796704,2.0
3799264,2.0
3799616,1.9375
3801824,2.0
3802048,2.0
3805088,2.0
3805184,1.9375
3805728,2.0
3806912,2.0
3807584,2.0
3807648,2.0
3808224,2.0
3809536,2.0
3810016,2.0
3810880,2.0
3810944,2.0
3812160,2.0
3814656,2.0
3815648,1.8125
3816352,2.0
3817504,2.0
3817984,2.0
3818560,2.0
3818656,2.0
3820064,2.0
3820256,1.9375
3822752,1.9375
3824416,1.9375
3829024,2.0
3829216,2.0
3830368,1.875
3830976,2.0
3831040,2.0
3831392,1.9375
3832000,2.0
3832320,2.0
3833056,1.875
3833312,2.0
3833824,2.0
3834080,2.0
3834592,2.0
3834784,2.0
3834976,1.9375
3835072,2.0
3835328,2.0
3835616,2.0
3836064,2.0
3836288,1.9375
3838400,1.9375
3838848,2.0
3840000,2.0
3840896,2.0
3842272,2.0
3844704,2.0
3844768,2.0
3845152,2.0
3845696,2.0
3846240,1.9375
3846560,2.0
3847648,2.0
3848352,2.0
3848512,1.8125
3849184,2.0
3851008,2.0
3853952,2.0
3854112,2.0
3857472,2.0
3859072,2.0
3861856,2.0
3861888,2.0
3863616,1.9375
3865152,1.9375
3865632,2.0
3866400,2.0
3870880,2.0
3871296,2.0
3871776,2.0
3873856,2.0
3874048,1.9375
3874240,2.0
3875936,2.0
3877056,2.0
3877696,2.0
3878496,1.9375
3881344,2.0
3883712,2.0
3885184,2.0
3885376,2.0
3886464,2.0
3886816,2.0
3887328,2.0
3888512,2.0
3888576,1.9375
3890080,2.0
3890624,1.9375
3890752,2.0
3891872,2.0
3893408,1.9375
3895520,2.0
3896992,2.0
3899424,2.0
3899456,2.0
3899488,2.0
3900128,2.0
3900544,1.9375
3900704,2.0
3901024,2.0
3901216,2.0
3902272,1.9375
3905984,2.0
3906112,2.0
3906208,2.0
3907488,2.0
3907840,1.9375
3909824,2.0
3909888,2.0
3911040,2.0
3911200,2.0
3911296,2.0
3912512,2.0
3913344,2.0
3913408,2.0
3914880,2.0
3915232,2.0
3916512,2.0
3916864,2.0
3918944,1.9375
3919232,2.0
3919360,2.0
3919680,2.0
3920032,2.0
3921856,2.0
3921888,2.0
3922400,2.0
3922720,2.0
3924032,2.0
3924096,1.9375
3924512,1.9375
3925760,2.0
3925920,2.0
3926560,2.0
3926624,1.9375
3926688,2.0
3926816,2.0
3927456,1.9375
3928512,2.0
3929888,2.0
3930848,2.0
3931616,1.9375
3935584,2.0
3937088,1.9375
3937344,1.9375
3938432,1.9375
3938880,1.9375
3939360,2.0
3939744,2.0
3942720,2.0
3944096,2.0
3944800,2.0
3945568,1.9375
3947264,1.9375
3948000,2.0
3948256,2.0
3948544,2.0
3952032,1.9375
3952608,2.0
3952640,1.9375
3952960,2.0
3953696,2.0
3953728,2.0
3954400,2.0
3957920,2.0
3958400,2.0
3958752,1.9375
3959008,2.0
3959168,1.9375
3959360,2.0
3959872,2.0
3962176,1.9375
3964032,2.0
3964096,2.0
3968288,2.0
3968704,2.0
3969600,1.9375
3969760,2.0
3969952,2.0
3970752,2.0
3972608,2.0
3972800,2.0
3973120,2.0
3973344,2.0
3975264,2.0
3975904,2.0
3976736,2.0
3976800,2.0
3976896,2.0
3977152,1.9375
3978240,2.0
3978912,2.0
3979328,2.0
3983616,2.0
3984480,2.0
3985312,2.0
3986880,2.0
3988064,2.0
3990048,1.9375
3990144,1.9375
3990784,2.0
3990880,1.9375
3992832,2.0
3993504,2.0
3995584,2.0
3995616,2.0
3996128,1.9375
3996864,2.0
3996960,1.9375
3997376,2.0
3998208,2.0
3999392,2.0
3999616,1.9375
4000160,2.0
4000416,1.9375
4000576,2.0
4001504,1.9375
4002016,2.0
4003328,2.0
4005088,2.0
4005792,2.0
4008128,2.0
4009632,2.0
4009920,2.0
4010624,1.9375
4010784,2.0
4011264,2.0
4011296,2.0
4011552,2.0
4012160,2.0
4012864,2.0
4014144,1.9375
4015104,2.0
4016096,1.9375
4017632,1.9375
4019264,2.0
4021280,2.0
4022784,2.0
4023264,2.0
4023584,2.0
4023712,2.0
4025792,2.0
4026304,2.0
4027232,2.0
4027360,2.0
4027584,2.0
4028256,2.0
4028736,2.0
4029600,2.0
4031680,2.0
4034816,1.9375
4035296,2.0
4037824,2.0
4039232,1.9375
4040128,2.0
4040384,2.0
4040992,2.0
4041024,2.0
4041568,2.0
4045984,1.9375
4046240,2.0
4047232,2.0
4047904,2.0
4049024,2.0
4051680,2.0
4052000,2.0
4054304,1.9375
4055968,2.0
4056288,2.0
4056384,2.0
4056736,1.9375
4056896,2.0
4057088,2.0
4058656,2.0
4061056,2.0
4061248,2.0
4061664,1.9375
4062208,2.0
4062944,2.0
4063680,2.0
4063904,2.0
4065280,2.0
4067520,2.0
4067712,2.0
4068544,2.0
4069664,2.0
4070048,2.0
4070368,2.0
4070784,2.0
4070944,2.0
4073632,1.9375
4074336,2.0
4075168,2.0
4076320,2.0
4077280,2.0
4078432,2.0
4080896,2.0
4082016,1.9375
4083296,2.0
4086848,2.0
4089344,2.0
4091264,2.0
4091680,2.0
4091776,1.9375
4093344,2.0
4095680,1.9375
4096768,2.0
4096832,1.9375
4097792,2.0
4099296,2.0
4100896,2.0
4101152,2.0
4101984,2.0
4103360,2.0
4107552,2.0
4108896,1.9375
4113696,2.0
4113888,2.0
4114624,1.9375
4114752,2.0
4116896,1.9375
4117952,2.0
4118208,2.0
4118784,2.0
4119424,1.9375
4119520,2.0
4119584,2.0
4121600,2.0
4122368,2.0
4123296,2.0
4126688,1.875
4127008,2.0
4127136,2.0
4127584,2.0
4128480,2.0
4128928,2.0
4129792,2.0
4131200,2.0
4131936,2.0
4132608,2.0
4133056,2.0
4134784,2.0
4135328,2.0
4135840,2.0
4138336,2.0
4138496,2.0
4139904,2.0
4141504,2.0
4143104,1.9375
4143872,2.0
4146400,2.0
4147552,2.0
4148480,2.0
4150368,2.0
4151584,2.0
4154048,2.0
4154432,2.0
4154464,2.0
4154496,2.0
4155232,2.0
4155776,2.0
4157504,2.0
4157824,2.0
4158016,2.0
4158848,2.0
4162176,2.0
4162272,2.0
4162368,2.0
4163072,2.0
4163328,2.0
4164416,2.0
4164832,2.0
4166432,2.0
4166720,1.9375
4171136,2.0
4172736,2.0
4175904,2.0
4176704,2.0
4176896,2.0
4177888,2.0
4179296,2.0
4183936,1.9375
4188704,2.0
4192320,2.0
4192512,2.0
4196192,2.0
4196256,2.0
4196704,2.0
4199072,2.0
4201952,2.0
4203840,2.0
4204192,2.0
4205472,2.0
4206304,1.9375
4206368,2.0
4206976,2.0
4208992,2.0
4209216,2.0
4215232,1.9375
4215264,2.0
4215328,1.9375
4216992,2.0
4217888,2.0
4219360,2.0
4220160,2.0
4220512,2.0
4221472,2.0
4221984,2.0
4224832,2.0
4225888,2.0
4226880,2.0
4227104,2.0
4227392,1.875
4228128,2.0
4229184,1.9375
4231072,2.0
4233184,2.0
4233344,2.0
4233376,2.0
4238880,2.0
4238976,2.0
4239392,2.0
4241472,2.0
4241824,2.0
4241856,2.0
4243040,2.0
4243264,2.0
4243328,1.875
4244576,2.0
4244608,2.0
4245344,2.0
4246976,2.0
4247808,2.0
4249760,2.0
4252096,2.0
4253408,2.0
4255840,2.0
4257632,1.9375
4257920,2.0
4258176,2.0
4258464,2.0
4258528,2.0
4258880,2.0
4259808,2.0
4260448,2.0
4260480,1.9375
4261248,2.0
4261408,2.0
4261440,1.9375
4262624,2.0
4262880,2.0
4263040,2.0
4263744,2.0
4267360,2.0
4267584,2.0
4267648,1.9375
4267776,2.0
4269408,2.0
4272000,2.0
4272192,2.0
4273504,2.0
4273664,1.9375
4273728,2.0
4275776,2.0
4276480,2.0
4280256,2.0
4280992,2.0
4281088,2.0
4281120,1.9375
4281312,2.0
4282240,2.0
4282944,2.0
4287104,2.0
4287744,1.9375
4287776,2.0
4287840,1.875
4290944,2.0
4292128,2.0
4292416,2.0
4292864,2.0
4293728,1.9375
4294336,2.0
4297952,2.0
4298144,2.0
4298976,2.0
4301056,2.0
4303264,2.0
4305504,2.0
4306144,2.0
4306656,2.0
4310144,2.0
4310176,2.0
4310304,2.0
4313312,2.0
4314624,2.0
4314656,1.9375
4315328,2.0
4315808,2.0
4321600,1.9375
4325376,1.875
4326176,2.0
4328064,2.0
4329120,2.0
4330176,2.0
4330272,1.9375
4336128,2.0
4337696,2.0
4337792,2.0
4340128,2.0
4340256,2.0
4341152,1.9375
4342336,1.875
4342496,2.0
4343104,1.9375
4345632,1.875
4349216,2.0
4349760,2.0
4351296,2.0
4351488,2.0
4351776,2.0
4353024,2.0
4353792,2.0
4354336,2.0
4356832,1.9375
4357888,2.0
4358272,2.0
4359456,2.0
4359584,2.0
4360384,2.0
4361216,2.0
4364192,1.875
4364896,2.0
4365472,2.0
4365728,2.0
4366656,2.0
4368576,1.9375
4370816,2.0
4371776,2.0
4372736,2.0
4372864,2.0
4373248,2.0
4377376,2.0
4377984,2.0
4378304,2.0
4378880,2.0
4379232,2.0
4379904,2.0
4380032,2.0
4381600,1.9375
4381632,2.0
4382304,2.0
4382752,2.0
4383392,2.0
4383904,2.0
4383936,2.0
4385888,1.9375
4386240,2.0
4386656,2.0
4388320,2.0
4388544,2.0
4388672,2.0
4389760,2.0
4390368,2.0
4391392,2.0
4394528,2.0
4395904,2.0
4396416,2.0
4397792,2.0
4397888,2.0
4398208,2.0
4398816,2.0
4399392,2.0
4399840,1.875
4401216,2.0
4401792,2.0
4402336,2.0
4402496,2.0
4403424,2.0
4404000,2.0
4404672,2.0
4405024,2.0
4406048,2.0
4406976,2.0
4410336,2.0
4411072,1.9375
4412672,1.875
4412992,2.0
4417216,2.0
4417344,1.9375
4418368,2.0
4419680,2.0
4420576,2.0
4422016,2.0
4422240,2.0
4422688,2.0
4424160,2.0
4424256,2.0
4425824,1.9375
4426336,2.0
4427104,2.0
4427776,2.0
4427808,2.0
4428288,2.0
4428512,2.0
4429056,2.0
4429088,2.0
4429824,2.0
4430112,2.0
4430592,2.0
4430624,2.0
4432640,2.0
4432672,2.0
4435296,2.0
4437856,2.0
4439520,1.9375
4441056,1.9375
4441344,2.0
4441600,2.0
4445056,2.0
4445248,2.0
4445888,2.0
4447040,2.0
4447232,2.0
4448224,2.0
4451520,2.0
4453056,2.0
4454592,2.0
4455136,2.0
4456096,2.0
4458528,2.0
4458560,2.0
4458592,1.9375
4459680,1.9375
4459968,2.0
4460064,2.0
4460928,1.9375
4461184,2.0
4462208,2.0
4462848,2.0
4462976,2.0
4463680,2.0
4464224,2.0
4464800,1.9375
4465312,2.0
4465440,2.0
4467232,2.0
4468736,1.9375
4469984,2.0
4470592,2.0
4471328,2.0
4475424,2.0
4479296,2.0
4479456,2.0
4479552,1.9375
4479840,2.0
4480032,1.875
4481280,2.0
4481856,2.0
4483200,2.0
4484608,2.0
4487168,2.0
4488224,2.0
4489376,2.0
4490368,2.0
4492512,2.0
4493376,1.9375
4494240,1.9375
4495136,2.0
4495584,2.0
4496000,2.0
4497120,2.0
4497728,2.0
4498528,2.0
4499744,2.0
4501152,2.0
4501376,2.0
4502368,2.0
4502816,2.0
4503200,2.0
4504384,1.9375
4504416,1.9375
4505632,2.0
4506304,1.9375
4506848,2.0
4508576,2.0
4508800,2.0
4509024,2.0
4509632,1.9375
4509952,1.9375
4510976,2.0
4512800,2.0
4513408,1.9375
4513696,2.0
4516640,2.0
4517952,2.0
4518016,2.0
4518560,2.0
4518976,1.9375
4519584,2.0
4521920,2.0
4522560,2.0
4525312,2.0
4526656,2.0
4526784,1.9375
4527616,2.0
4528576,2.0
4528608,1.9375
4529280,2.0
4530432,1.9375
4530464,2.0
4531264,2.0
4532928,2.0
4534496,2.0
4535296,1.9375
4535616,2.0
4535744,2.0
4537056,2.0
4537408,2.0
4537952,2.0
4538944,2.0
4540864,2.0
4540896,2.0
4541120,1.9375
4542336,2.0
4543136,2.0
4543904,2.0
4544000,2.0
4544448,1.9375
4544544,2.0
4545024,2.0
4545600,2.0
4545664,2.0
4546176,2.0
4546688,2.0
4549632,2.0
4550144,2.0
4550304,2.0
4551328,2.0
4552992,1.875
4554848,2.0
4554976,1.9375
4555584,2.0
4558016,2.0
4558176,2.0
4559776,2.0
4563520,2.0
4565792,2.0
4568384,2.0
4569472,2.0
4570240,2.0
4571168,2.0
4572992,2.0
4573952,2.0
4574112,2.0
4574208,1.9375
4574720,2.0
4575520,2.0
4578528,1.9375
4579040,1.9375
4579648,2.0
4582976,2.0
4583488,2.0
4583648,2.0
4583904,2.0
4584608,2.0
4585184,2.0
4587264,2.0
4588192,2.0
4588640,1.9375
4588704,2.0
4589152,2.0
4590048,2.0
4591456,1.9375
4592672,2.0
4593664,2.0
4595424,2.0
4595456,2.0
4596320,2.0
4598400,2.0
4599328,1.9375
4602400,1.9375
4602784,2.0
4608160,1.9375
4608416,2.0
4609504,1.9375
4611360,1.875
4613152,2.0
4613632,2.0
4614720,1.9375
4617088,1.9375
4619264,1.9375
4619552,2.0
4619872,2.0
4621664,2.0
4622752,2.0
4624224,2.0
4624704,2.0
4625184,2.0
4625824,2.0
4626880,2.0
4627200,2.0
4627872,2.0
4628064,2.0
4628320,2.0
4628480,2.0
4631520,2.0
4632864,2.0
4633120,2.0
4634400,2.0
4637248,2.0
4639296,2.0
4639552,2.0
4639712,2.0
4640416,2.0
4640736,2.0
4640768,2.0
4641120,1.9375
4641568,2.0
4643360,2.0
4645216,1.875
4645376,2.0
4645792,2.0
4648416,2.0
4649792,2.0
4651296,2.0
4653184,2.0
4653440,2.0
4654624,2.0
4655296,2.0
4655936,2.0
4656256,1.9375
4656864,2.0
4657728,2.0
4658304,2.0
4660576,2.0
4662592,2.0
4662688,2.0
4663168,2.0
4664064,2.0
4664896,2.0
4668160,2.0
4670912,2.0
4671040,2.0
4671264,2.0
4672064,2.0
4672544,2.0
4672832,2.0
4673536,1.9375
4674752,1.9375
4678944,2.0
4680128,2.0
4681440,2.0
4682208,1.875
4682240,2.0
4682752,2.0
4685216,2.0
4686080,1.9375
4686432,2.0
4687552,1.9375
4688448,2.0
4689504,2.0
4689920,1.9375
4690688,2.0
4691808,1.9375
4692064,2.0
4692256,2.0
4692768,2.0
4695744,2.0
4696384,2.0
4697600,2.0
4700000,2.0
4702016,2.0
4703328,1.9375
4706080,2.0
4706688,2.0
4706784,2.0
4707840,1.9375
4708448,2.0
4708608,1.875
4708704,2.0
4710400,2.0
4711584,2.0
4716224,2.0
4716512,2.0
4716640,2.0
4717248,2.0
4717504,2.0
4717568,2.0
4719136,1.9375
4724832,2.0
4727136,2.0
4727936,2.0
4728704,1.875
4730976,1.9375
4731456,2.0
4732032,2.0
4734720,2.0
4734752,2.0
4735840,2.0
4736064,2.0
4736608,2.0
4737952,2.0
4739232,2.0
4739648,2.0
4740960,2.0
4741152,2.0
4741504,2.0
4742432,2.0
4742688,2.0
4743392,2.0
4743648,2.0
4743776,2.0
4743904,2.0
4744064,1.9375
4745152,2.0
4745568,2.0
4747392,2.0
4748448,2.0
4748928,2.0
4749952,1.9375
4755904,2.0
4756256,2.0
4757056,2.0
4757248,2.0
4757344,1.9375
4758080,1.9375
4759584,2.0
4760320,2.0
4763200,1.9375
4763552,2.0
4764096,2.0
4764672,2.0
4765344,2.0
4765728,1.9375
4766112,2.0
4766176,2.0
4768768,2.0
4770464,2.0
4771648,1.9375
4772096,2.0
4773152,2.0
4776032,1.9375
4778496,2.0
4778880,2.0
4779648,2.0
4780704,2.0
4780992,1.9375
4781184,2.0
4781568,1.9375
4782240,2.0
4783712,2.0
4787136,2.0
4787552,2.0
4787648,2.0
4787936,2.0
4789504,2.0
4791456,2.0
4791840,1.9375
4792576,2.0
4793472,2.0
4795296,2.0
4796128,2.0
4797216,2.0
4798784,1.9375
4800160,2.0
4800192,2.0
4800480,2.0
4800576,2.0
4802496,1.9375
4802592,1.9375
4802848,2.0
4803904,2.0
4804320,1.9375
4804544,2.0
4805248,2.0
4806112,2.0
4806464,2.0
4808480,1.9375
4808800,2.0
4810400,2.0
4812576,2.0
4814848,2.0
4814944,2.0
4815680,2.0
4815712,2.0
4816960,2.0
4819360,2.0
4821472,2.0
4821568,2.0
4822112,2.0
4822784,1.9375
4823296,2.0
4827776,2.0
4828704,2.0
4828832,2.0
4830048,1.9375
4831040,2.0
4831872,2.0
4832256,2.0
4832672,1.875
4833984,2.0
4834240,2.0
4834496,2.0
4836160,2.0
4836224,2.0
4836576,2.0
4837216,2.0
4837312,2.0
4838528,2.0
4838592,2.0
4839456,2.0
4839680,1.9375
4840672,2.0
4842784,2.0
4845248,2.0
4848192,2.0
4848736,2.0
4850304,2.0
4851744,1.9375
4853120,2.0
4854752,2.0
4854816,2.0
4855712,2.0
4857504,2.0
4859456,2.0
4860000,2.0
4860608,2.0
4861408,1.9375
4862016,2.0
4862560,2.0
4862976,2.0
4863360,2.0
4863424,2.0
4863648,2.0
4863840,2.0
4865728,2.0
4866528,2.0
4867168,1.9375
4867840,1.9375
4868192,1.9375
4871200,2.0
4871392,1.9375
4872736,1.9375
4873024,2.0
4873184,2.0
4873472,2.0
4873504,2.0
4877472,2.0
4880256,1.9375
4880288,2.0
4880416,2.0
4881600,1.9375
4882272,2.0
4882880,2.0
4884960,2.0
4885216,2.0
4885920,2.0
4886112,1.9375
4886880,2.0
4888256,2.0
4889728,1.9375
4892160,2.0
4894688,2.0
4895424,2.0
4895808,2.0
4896416,1.9375
4896704,2.0
4896768,2.0
4897280,1.875
4898720,2.0
4899200,1.9375
4899648,1.9375
4900928,2.0
4902272,2.0
4902432,2.0
4903872,2.0
4905280,2.0
4906976,2.0
4912448,2.0
4915840,2.0
4917824,2.0
4918560,2.0
4919200,2.0
4919744,2.0
4920160,2.0
4920832,2.0
4920896,2.0
4921696,2.0
4922272,1.875
4927296,2.0
4927456,1.9375
4928832,2.0
4929056,2.0
4929504,2.0
4932544,2.0
4934432,2.0
4936416,2.0
4937312,2.0
4939616,2.0
4940352,2.0
4942912,2.0
4943712,2.0
4943904,2.0
4944480,2.0
4944896,2.0
4945344,2.0
4949600,2.0
4953056,2.0
4953440,1.9375
4953888,1.9375
4954112,2.0
4954336,2.0
4955392,2.0
4956224,2.0
4956384,2.0
4959008,2.0
4959616,2.0
4960544,2.0
4961088,1.9375
4961920,2.0
4962944,2.0
4963360,2.0
4963936,2.0
4965408,2.0
4966112,2.0
4966496,1.9375
4966976,2.0
4970240,2.0
4971072,2.0
4972576,2.0
4973056,1.875
4973312,2.0
4975104,2.0
4977536,1.9375
4979520,2.0
4981024,2.0
4981280,2.0
4982080,2.0
4982368,1.9375
4983104,2.0
4984192,2.0
4984448,2.0
4985984,2.0
4986464,2.0
4991136,2.0
4991872,2.0
4993248,2.0
4994176,2.0
4996576,2.0
4998304,2.0
4998560,2.0
4998656,2.0
4999296,2.0
4999584,2.0
5000192,2.0
5002464,1.9375
5002784,2.0
5002944,2.0
5004512,2.0
5005728,2.0
5005760,2.0
5006240,1.9375
5008128,2.0
5011744,2.0
5016192,2.0
5016320,1.9375
5016800,2.0
5016896,2.0
5018208,2.0
5019008,2.0
5019136,2.0
5020032,2.0
5020960,1.9375
5021024,2.0
5021920,2.0
5022112,2.0
5024288,2.0
5025056,2.0
5025504,2.0
5028640,2.0
5029088,2.0
5033856,2.0
5034112,2.0
5034912,1.9375
5035168,2.0
5036704,2.0
5036768,1.9375
5037664,1.9375
5039168,2.0
5040288,2.0
5041600,2.0
5042176,2.0
5044544,2.0
5045184,2.0
5046304,2.0
5047392,1.9375
5047680,2.0
5047968,2.0
5048192,2.0
5048640,1.9375
5049888,2.0
5051136,2.0
5051328,1.9375
5052960,2.0
5054880,2.0
5055712,2.0
5056032,2.0
5056384,2.0
5057248,2.0
5058368,1.9375
5059200,2.0
5060512,1.9375
5061376,1.9375
5062880,2.0
5063104,2.0
5063232,2.0
5063968,2.0
5064032,2.0
5064064,2.0
5065440,2.0
5067296,2.0
5069120,2.0
5069472,2.0
5070368,2.0
5070912,2.0
5072032,1.9375
5072128,1.9375
5072384,1.875
5072704,2.0
5073536,2.0
5074656,2.0
5075488,2.0
5076672,1.9375
5077088,2.0
5077312,2.0
5078336,2.0
5078912,2.0
5079424,2.0
5079648,2.0
5082048,2.0
5083200,2.0
5084960,2.0
5085024,2.0
5087008,2.0
5087200,2.0
5087744,2.0
5088224,2.0
5088672,2.0
5089152,2.0
5089664,2.0
5092000,2.0
5092736,2.0
5094624,2.0
5095648,2.0
5095808,2.0
5096416,2.0
5097024,2.0
5099616,1.9375
5101280,2.0
5102208,2.0
5103872,2.0
5104480,2.0
5105024,2.0
5105504,2.0
5105760,2.0
5106912,2.0
5108800,2.0
5108960,2.0
5110400,2.0
5110560,2.0
5110592,2.0
5110720,2.0
5110912,2.0
5111648,2.0
5111872,2.0
5111936,2.0
5114912,2.0
5115712,2.0
5117856,2.0
5118560,2.0
5118592,2.0
5118784,2.0
5119200,2.0
5122688,2.0
5124256,2.0
5124768,2.0
5125216,2.0
5125600,1.9375
5126400,2.0
5127040,1.9375
5128096,2.0
5128928,1.9375
5129504,2.0
5129536,2.0
5130656,1.9375
5130848,2.0
5131808,2.0
5132480,2.0
5132544,1.9375
5132608,2.0
5132672,2.0
5133600,2.0
5134496,2.0
5134688,1.9375
5135744,2.0
5135808,1.9375
5135840,1.9375
5136864,2.0
5139776,2.0
5140704,2.0
5140928,2.0
5142848,2.0
5143168,2.0
5146816,2.0
5147392,2.0
5148992,2.0
5149120,2.0
5150976,2.0
5151136,2.0
5152128,2.0
5153024,2.0
5153312,2.0
5153344,1.9375
5153472,2.0
5153504,2.0
5155456,2.0
5155680,2.0
5155776,2.0
5155968,2.0
5157376,2.0
5159968,2.0
5160256,2.0
5161344,2.0
5162016,1.9375
5163456,2.0
5163968,2.0
5164352,1.9375
5165664,2.0
5165760,2.0
5165824,2.0
5166752,2.0
5167232,2.0
5168192,1.9375
5168608,2.0
5171808,2.0
5173056,2.0
5174528,1.875
5178304,1.9375
5179872,2.0
5182080,2.0
5183520,1.9375
5184640,2.0
5185088,2.0
5185952,2.0
5186144,2.0
5186624,1.9375
5187680,2.0
5187904,2.0
5188256,1.9375
5189184,2.0
5190240,2.0
5190528,2.0
5192992,2.0
5195008,2.0
5195232,2.0
5195712,2.0
5195936,2.0
5198176,2.0
5200608,2.0
5201280,2.0
5201600,2.0
5204736,2.0
5207424,2.0
5208320,1.9375
5208896,2.0
5209408,2.0
5210464,2.0
5211488,2.0
5212320,2.0
5212928,2.0
5214176,2.0
5216608,2.0
5217920,2.0
5218080,2.0
5219168,2.0
5219584,2.0
5220544,2.0
5221344,1.9375
5221952,2.0
5222080,2.0
5223424,2.0
5225344,1.9375
5226560,2.0
5228320,2.0
5228704,2.0
5230976,2.0
5231008,2.0
5231328,2.0
5232256,2.0
5236192,2.0
5236672,1.9375
5237024,2.0
5237568,1.9375
5238208,2.0
5242208,2.0
5244160,2.0
5244512,2.0
5245856,1.9375
5246624,2.0
5246656,2.0
5247936,2.0
5249024,2.0
5251360,2.0
5252608,2.0
5253632,2.0
5253824,2.0
5254080,2.0
5254656,2.0
5255104,1.9375
5255200,1.875
5255680,1.9375
5258400,2.0
5258592,2.0
5262784,2.0
5263040,2.0
5263648,2.0
5264960,2.0
5265888,2.0
5266144,2.0
5268064,2.0
5268960,1.9375
5269152,2.0
5269536,2.0
5270784,2.0
5271008,2.0
5272320,2.0
5272736,2.0
5274336,2.0
5274560,2.0
5275488,2.0
5276384,2.0
5277376,2.0
5277856,2.0
5279104,2.0
5279968,2.0
5280352,2.0
5280448,2.0
5280960,2.0
5281088,2.0
5282432,2.0
5283200,1.9375
5283264,2.0
5283680,2.0
5284576,2.0
5286592,2.0
5287968,1.9375
5288192,2.0
5290496,1.9375
5290720,2.0
5291712,2.0
5292032,1.9375
5292992,2.0
5293408,2.0
5294112,2.0
5294496,1.9375
5295296,2.0
5297632,2.0
5299040,2.0
5300416,2.0
5301120,2.0
5302208,2.0
5302592,2.0
5303584,2.0
5304032,2.0
5304704,2.0
5307936,2.0
5308448,2.0
5308544,2.0
5309248,2.0
5309888,2.0
5309920,2.0
5309952,2.0
5310048,2.0
5310304,2.0
5311232,2.0
5311776,2.0
5311840,2.0
5311968,2.0
5312800,2.0
5313792,2.0
5315296,2.0
5316480,2.0
5316704,2.0
5318752,1.8125
5319232,1.9375
5319808,2.0
5319872,2.0
5321120,2.0
5322912,2.0
5323616,2.0
5324384,2.0
5324864,2.0
5325760,2.0
5326208,1.9375
5326624,2.0
5327776,2.0
5328672,2.0
5330400,2.0
5335072,2.0
5336128,2.0
5336224,2.0
5336448,2.0
5339936,2.0
5340512,2.0
5340832,2.0
5342240,2.0
5344384,2.0
5345344,1.9375
5345632,2.0
5347360,2.0
5347872,2.0
5349952,2.0
5351040,1.9375
5351552,2.0
5353120,2.0
5355008,2.0
5355104,2.0
5355616,1.9375
5357344,2.0
5359264,2.0
5359744,2.0
5360256,1.9375
5360480,2.0
5362688,2.0
5363840,2.0
5363872,2.0
5364448,1.9375
5364832,2.0
5365376,2.0
5365952,1.9375
5365984,2.0
5367520,2.0
5368320,2.0
5368960,1.9375
5369280,2.0
5369312,2.0
5369344,2.0
5370752,2.0
5371648,2.0
5372320,2.0
5374016,2.0
5375456,2.0
5375552,2.0
5377280,2.0
5378976,2.0
5379232,2.0
5381536,2.0
5384928,1.9375
5385920,1.9375
5386400,1.9375
5388768,1.9375
5388992,2.0
5389632,2.0
5389792,1.9375
5391008,2.0
5391776,2.0
5393248,2.0
5393600,1.9375
5397088,2.0
5397248,2.0
5397504,2.0
5397760,2.0
5399136,2.0
5399296,2.0
5400736,2.0
5401792,1.9375
5402272,2.0
5403072,2.0
5404288,2.0
5404448,2.0
5408352,2.0
5408800,2.0
5409760,1.9375
5410080,1.9375
5410304,2.0
5412480,2.0
5412768,2.0
5414016,2.0
5414336,2.0
5414656,2.0
5414848,2.0
5415104,1.875
5415232,2.0
5417216,2.0
5418496,2.0
5418784,2.0
5418976,2.0
5419744,2.0
5420416,2.0
5421344,2.0
5421952,2.0
5424928,2.0
5426784,2.0
5427200,2.0
5428800,2.0
5433024,2.0
5433568,1.9375
5435456,2.0
5438048,2.0
5438304,1.9375
5438592,2.0
5439488,1.9375
5439808,2.0
5442432,2.0
5442816,1.9375
5443040,2.0
5443712,2.0
5444032,2.0
5444768,2.0
5447072,2.0
5448928,1.9375
5450176,2.0
5451744,2.0
5452864,2.0
5454016,2.0
5454464,2.0
5454656,2.0
5455072,2.0
5455200,1.9375
5457728,1.9375
5457984,2.0
5458624,2.0
5461408,1.875
5462688,2.0
5463232,2.0
5464288,2.0
5466464,2.0
5466720,1.9375
5467104,2.0
5469216,1.875
5471424,2.0
5471776,1.9375
5473408,2.0
5474112,2.0
5474848,2.0
5474912,2.0
5475008,2.0
5476800,2.0
5476832,2.0
5476864,2.0
5477760,2.0
5477888,2.0
5478688,2.0
5478816,2.0
5479200,2.0
5479264,2.0
5482720,2.0
5486592,2.0
5486656,2.0
5488896,2.0
5489920,2.0
5490304,2.0
5491008,2.0
5491072,2.0
5492160,2.0
5493408,2.0
5495424,1.9375
5497312,2.0
5497344,2.0
5498592,2.0
5500128,2.0
5501024,2.0
5502176,2.0
5502304,2.0
5503456,2.0
5504192,2.0
5506976,2.0
5507968,2.0
5508288,2.0
5508832,2.0
5509280,1.9375
5510624,2.0
5510880,2.0
5514144,2.0
5514624,1.9375
5515680,1.9375
5519584,2.0
5519872,2.0
5520640,2.0
5521600,1.9375
5521824,2.0
5521920,2.0
5524096,2.0
5524160,2.0
5526016,1.9375
5526496,2.0
5527488,1.9375
5530080,2.0
5530944,2.0
5531328,2.0
5533600,2.0
5534208,2.0
5534560,2.0
5534848,2.0
5535200,2.0
5536096,2.0
5536768,2.0
5537024,2.0
5538752,1.9375
5539200,2.0
5539776,1.9375
5539840,2.0
5540800,2.0
5541184,2.0
5541440,2.0
5543776,1.9375
5543808,2.0
5543904,2.0
5545248,2.0
5547040,2.0
5549472,2.0
5550592,2.0
5551232,2.0
5553184,2.0
5555456,2.0
5555840,1.9375
5556096,2.0
5556992,2.0
5557536,2.0
5558560,2.0
5560640,1.9375
5561024,2.0
5561184,2.0
5561664,2.0
5562336,2.0
5562592,2.0
5562816,2.0
5565056,2.0
5565728,2.0
5566080,2.0
5568896,2.0
5569056,2.0
5569152,2.0
5569568,2.0
5569600,2.0
5570144,2.0
5570304,2.0
5570368,2.0
5570432,2.0
5572256,2.0
5572416,1.875
5572768,2.0
5576544,2.0
5576928,2.0
5578176,1.875
5579008,2.0
5579040,2.0
5580704,2.0
5583104,2.0
5583424,2.0
5584000,2.0
5584640,2.0
5585184,2.0
5585440,1.9375
5586432,2.0
5588736,2.0
5589152,2.0
5590784,1.9375
5590976,1.9375
5592256,2.0
5592960,2.0
5595008,2.0
5595360,2.0
5596864,2.0
5598368,2.0
5599584,2.0
5600032,2.0
5602816,1.9375
5604000,1.9375
5605888,2.0
5606176,1.9375
5606560,2.0
5608768,2.0
5608960,2.0
5609024,2.0
5609824,2.0
5610528,2.0
5611392,2.0
5611808,2.0
5612640,1.9375
5613152,2.0
5613440,2.0
5613952,1.875
5615168,2.0
5616832,1.9375
5619136,2.0
5620096,2.0
5620352,2.0
5621120,2.0
5622816,2.0
5622880,2.0
5622976,2.0
5623840,2.0
5624480,2.0
5624832,2.0
5626560,2.0
5627648,2.0
5627840,1.9375
5628352,2.0
5629824,1.875
5630080,2.0
5630208,2.0
5630784,2.0
5632128,1.9375
5633408,2.0
5634304,2.0
5635008,1.9375
5635584,2.0
5637504,2.0
5640704,1.9375
5642592,2.0
5643328,2.0
5644032,2.0
5646240,2.0
5646464,2.0
5647392,2.0
5648640,2.0
5651552,2.0
5651648,2.0
5652448,2.0
5655232,2.0
5655584,2.0
5656544,2.0
5658784,2.0
5659488,2.0
5659872,2.0
5660448,2.0
5662112,2.0
5666656,2.0
5668576,2.0
5670496,2.0
5671456,1.9375
5672384,2.0
5673440,2.0
5675072,2.0
5676000,2.0
5676096,2.0
5676864,2.0
5677120,2.0
5677152,2.0
5677504,2.0
5679520,2.0
5680160,2.0
5681664,2.0
5684256,1.9375
5684352,2.0
5685408,2.0
5685440,1.9375
5685728,2.0
5687200,2.0
5687392,2.0
5689600,2.0
5689984,1.9375
5690048,2.0
5691104,2.0
5692704,2.0
5693536,2.0
5694176,2.0
5694400,2.0
5694624,2.0
5695392,2.0
5697408,2.0
5697568,2.0
5699072,2.0
5699584,2.0
5699744,2.0
5700512,2.0
5700640,2.0
5706208,2.0
5707680,2.0
5708224,2.0
5708320,2.0
5711040,2.0
5711648,1.9375
5711776,2.0
5712864,2.0
5712928,1.9375
5713632,1.9375
5713984,2.0
5715776,1.9375
5717888,2.0
5719232,2.0
5721024,2.0
5721056,2.0
5721344,1.9375
5721568,2.0
5723488,2.0
5724128,2.0
5724160,2.0
5724896,2.0
5724992,2.0
5725856,1.9375
5726720,2.0
5727744,2.0
5728320,2.0
5732224,2.0
5734656,1.9375
5735584,2.0
5738528,2.0
5739072,2.0
5739904,2.0
5740864,2.0
5744864,2.0
5745920,1.9375
5751200,2.0
5754944,2.0
5755616,2.0
5756640,2.0
5758464,1.9375
5759008,2.0
5759520,2.0
5761248,2.0
5764128,2.0
5769824,2.0
5770528,2.0
5772352,1.9375
5773248,2.0
5773440,1.875
5774592,2.0
5775232,2.0
5775776,2.0
5777056,2.0
5778656,1.9375
5779072,1.9375
5779552,2.0
5779648,2.0
5780448,2.0
5782240,1.9375
5783392,2.0
5787776,2.0
5789120,1.9375
5792000,2.0
5793120,2.0
5794560,2.0
5794944,2.0
5798272,1.9375
5798592,2.0
5800224,2.0
5800352,1.9375
5800736,2.0
5802464,2.0
5802784,2.0
5804896,2.0
5806560,2.0
5806880,2.0
5809696,1.9375
5814144,2.0
5814912,2.0
5816512,2.0
5818496,2.0
5818752,1.9375
5819104,2.0
5819456,2.0
5821280,2.0
5822528,2.0
5822592,2.0
5823136,2.0
5824992,2.0
5825664,2.0
5826176,1.9375
5826656,2.0
5828640,2.0
5828672,2.0
5828768,2.0
5829216,2.0
5829952,2.0
5830016,1.9375
5830592,2.0
5830688,2.0
5831904,2.0
5832480,2.0
5832832,2.0
5833856,2.0
5835072,2.0
5835616,2.0
5838400,2.0
5840800,2.0
5841376,2.0
5841408,2.0
5843840,2.0
5846592,2.0
5850688,1.9375
5851040,2.0
5853056,2.0
5856288,2.0
5856608,2.0
5860704,2.0
5860800,2.0
5860928,2.0
5861376,2.0
5863008,1.9375
5863040,2.0
5863200,1.9375
5864352,2.0
5865408,2.0
5867008,2.0
5867616,2.0
5868384,2.0
5869920,1.9375
5870048,2.0
5870624,2.0
5870816,2.0
5872192,2.0
5873664,1.875
5874208,2.0
5875328,2.0
5876896,2.0
5879040,1.9375
5879680,2.0
5883360,1.9375
5884416,1.9375
5884992,1.9375
5888192,1.875
5889728,1.9375
5890240,2.0
5891168,2.0
5892288,2.0
5894912,2.0
5895680,2.0
5897664,2.0
5901216,2.0
5901536,2.0
5901728,2.0
5902272,2.0
5903872,2.0
5905024,2.0
5905440,2.0
5905472,1.9375
5906880,2.0
5909696,2.0
5912960,2.0
5914560,2.0
5916544,2.0
5919424,2.0
5919488,2.0
5919776,1.9375
5921120,2.0
5922688,2.0
5922912,2.0
5923392,2.0
5923840,2.0
5924320,1.9375
5924832,1.9375
5924928,2.0
5925120,2.0
5927040,2.0
5927936,1.9375
5929184,2.0
5929696,2.0
5930176,2.0
5931808,2.0
5935392,2.0
5935840,2.0
5937664,2.0
5938400,2.0
5938752,2.0
5939296,1.9375
5940832,2.0
5941056,2.0
5942080,2.0
5942464,2.0
5942592,2.0
5942816,2.0
5944448,1.9375
5944864,1.9375
5949856,2.0
5950176,2.0
5952320,1.9375
5952704,2.0
5954048,2.0
5955552,2.0
5955808,2.0
5956384,2.0
5956736,1.9375
5958016,2.0
5958304,1.9375
5959008,2.0
5959648,2.0
5959776,2.0
5960288,2.0
5961056,2.0
5962752,2.0
5965056,2.0
5966944,2.0
5967232,2.0
5968288,2.0
5968544,2.0
5970848,2.0
5971264,2.0
5971776,2.0
5973056,2.0
5973120,2.0
5974272,2.0
5974400,2.0
5975936,2.0
5976096,2.0
5976160,1.9375
5977216,2.0
5979008,2.0
5979904,2.0
5979936,2.0
5979968,2.0
5980544,2.0
5980576,2.0
5980640,1.9375
5981664,2.0
5981888,2.0
5982368,2.0
5982496,2.0
5983200,1.9375
5983616,2.0
5983840,2.0
5984064,2.0
5985600,2.0
5988096,2.0
5988672,2.0
5989120,1.9375
5992608,2.0
5993088,2.0
5993728,2.0
5993952,2.0
5995776,2.0
5996128,2.0
5997120,2.0
5998336,1.9375
6002112,2.0
6002976,1.9375
6004000,2.0
6004768,2.0
6005408,2.0
6005536,2.0
6006048,2.0
6010272,2.0
6010976,2.0
6011616,2.0
6012672,2.0
6013248,1.9375
6013344,2.0
6014624,2.0
6015552,2.0
6016672,2.0
6017216,2.0
6021280,2.0
6021792,2.0
6023072,2.0
6024448,2.0
6024992,2.0
6025376,2.0
6026912,2.0
6027776,2.0
6027904,2.0
6028768,2.0
6029120,2.0
6030208,2.0
6032608,2.0
6032864,2.0
6035584,1.9375
6035968,1.9375
6036544,1.9375
6036832,2.0
6038336,2.0
6038464,1.9375
6038656,2.0
6039872,2.0
6040864,2.0
6041824,2.0
6044480,2.0
6046176,2.0
6046464,2.0
6048352,2.0
6048480,2.0
6049248,1.9375
6052032,2.0
6052512,2.0
6053184,2.0
6053344,2.0
6054048,2.0
6054592,1.9375
6054944,2.0
6055360,2.0
6055840,2.0
6057152,2.0
6057664,2.0
6059264,2.0
6060064,2.0
6060512,2.0
6061344,2.0
6061728,2.0
6063552,1.9375
6063744,2.0
6064512,2.0
6065728,2.0
6066688,2.0
6066912,2.0
6068128,2.0
6068832,2.0
6070624,2.0
6071776,2.0
6073280,2.0
6073696,2.0
6074752,2.0
6077472,2.0
6077952,2.0
6078304,1.9375
6079456,2.0
6080000,2.0
6081472,2.0
6081568,2.0
6082080,2.0
6082816,2.0
6083392,2.0
6087520,1.9375
6088416,2.0
6089472,2.0
6089600,2.0
6090688,2.0
6091648,2.0
6095840,2.0
6099744,1.9375
6102624,2.0
6104288,2.0
6104384,2.0
6105536,1.9375
6106304,2.0
6106624,2.0
6107200,2.0
6110144,2.0
6110752,2.0
6111200,2.0
6113664,2.0
6114304,2.0
6115520,1.9375
6116288,2.0
6116736,2.0
6117568,2.0
6117696,1.9375
6118656,1.9375
6119072,2.0
6119968,1.9375
6120192,2.0
6120800,2.0
6123456,2.0
6125184,2.0
6125280,2.0
6125440,2.0
6125952,2.0
6130112,2.0
6130624,2.0
6131232,2.0
6133056,2.0
6133280,2.0
6133568,2.0
6135680,2.0
6136352,2.0
6136672,2.0
6136960,2.0
6137024,1.9375
6137600,2.0
6138432,2.0
6138592,2.0
6138816,2.0
6139296,2.0
6139808,2.0
6140192,2.0
6141632,2.0
6141664,1.875
6141856,2.0
6142304,2.0
6142336,2.0
6142496,2.0
6142592,2.0
6142784,2.0
6143008,1.9375
6143360,2.0
6143424,2.0
6144512,2.0
6145376,2.0
6146048,1.9375
6146240,2.0
6146400,2.0
6147104,1.9375
6148192,2.0
6150304,2.0
6150336,2.0
6150432,2.0
6150880,2.0
6151680,2.0
6152064,2.0
6152832,2.0
6153184,2.0
6153376,2.0
6153568,1.9375
6154016,2.0
6155104,2.0
6157536,2.0
6157920,2.0
6159680,2.0
6160736,2.0
6161152,2.0
6161280,1.9375
6161600,2.0
6161696,2.0
6163136,2.0
6164768,2.0
6165248,2.0
6167296,2.0
6167456,2.0
6168704,2.0
6169504,2.0
6170400,1.9375
6171584,2.0
6171616,2.0
6171808,2.0
6175584,1.9375
6176640,2.0
6177088,2.0
6177344,1.9375
6178304,2.0
6178400,2.0
6178656,2.0
6179744,2.0
6181376,2.0
6182944,2.0
6183840,2.0
6183904,2.0
6184192,1.9375
6184992,2.0
6185440,2.0
6185888,2.0
6186336,2.0
6186656,2.0
6187136,2.0
6188192,1.9375
6188704,2.0
6189152,2.0
6191168,2.0
6191776,2.0
6192160,2.0
6192928,2.0
6193056,2.0
6193344,2.0
6193952,2.0
6194624,2.0
6194784,2.0
6198336,2.0
6199808,2.0
6201792,2.0
6203136,2.0
6204896,2.0
6205312,1.9375
6205984,2.0
6207872,2.0
6208320,2.0
6209184,2.0
6211040,2.0
6212224,2.0
6213792,2.0
6214688,2.0
6215648,2.0
6216608,1.9375
6217760,2.0
6218528,2.0
6219616,2.0
6219712,2.0
6220608,2.0
6223264,1.9375
6223360,2.0
6224192,1.9375
6224224,2.0
6225088,2.0
6225312,1.9375
6225792,2.0
6226144,1.9375
6226528,2.0
6228800,2.0
6230016,2.0
6230272,2.0
6230816,2.0
6234944,2.0
6235072,2.0
6236064,1.9375
6238432,2.0
6242912,2.0
6243360,2.0
6243392,2.0
6243808,2.0
6244000,2.0
6248768,2.0
6248960,2.0
6250080,2.0
6250112,2.0
6251392,1.9375
6251712,2.0
6252288,2.0
6253408,1.9375
6256160,2.0
6257600,2.0
6258848,2.0
6259936,2.0
6260288,2.0
6263776,2.0
6263840,2.0
6264032,1.9375
6264896,2.0
6266016,2.0
6266144,2.0
6266432,2.0
6266880,1.9375
6268032,2.0
6269152,2.0
6270592,2.0
6271392,2.0
6271424,2.0
6271680,2.0
6271808,2.0
6272224,2.0
6272672,2.0
6272928,2.0
6273920,2.0
6274240,2.0
6275168,2.0
6277472,2.0
6277792,2.0
6279552,2.0
6280224,2.0
6282848,1.9375
6283360,2.0
6283776,2.0
6284320,2.0
6284608,2.0
6285664,2.0
6286080,2.0
6286656,2.0
6286912,2.0
6287200,1.9375
6288800,2.0
6290560,2.0
6290880,2.0
6292384,2.0
6294400,2.0
6294784,1.9375
6294944,2.0
6297888,2.0
6299456,1.9375
6300032,2.0
6300320,2.0
6300704,2.0
6307456,1.875
6308928,2.0
6309824,2.0
6310048,1.8125
6311040,2.0
6311168,2.0
6313504,1.9375
6315456,2.0
6317248,2.0
6317504,1.9375
6319520,2.0
6321376,2.0
6323424,2.0
6325600,2.0
6325792,2.0
6325952,2.0
6328736,2.0
6329312,2.0
6335456,2.0
6335968,2.0
6338880,2.0
6339040,2.0
6339936,2.0
6341472,2.0
6342496,2.0
6344960,2.0
6345408,2.0
6346112,2.0
6347744,2.0
6348256,2.0
6349120,1.9375
6350240,1.9375
6350976,2.0
6351296,2.0
6352576,1.9375
6352704,1.9375
6353280,2.0
6353696,2.0
6353888,2.0
6353952,1.9375
6356480,2.0
6356576,2.0
6356864,2.0
6361120,2.0
6362016,2.0
6362112,2.0
6364960,2.0
6365024,2.0
6365184,2.0
6368192,2.0
6369536,2.0
6371680,1.9375
6373440,2.0
6373504,2.0
6373920,2.0
6375168,2.0
6376864,2.0
6377984,1.9375
6378048,1.9375
6378112,2.0
6380512,2.0
6381824,2.0
6382400,2.0
6384832,2.0
6385216,2.0
6385824,2.0
6386144,2.0
6386240,2.0
6387168,2.0
6387744,2.0
6387776,2.0
6388160,2.0
6388768,2.0
6391392,2.0
6393120,2.0
6394272,1.9375
6396160,2.0
6396256,1.875
6397600,2.0
6401504,2.0
6402336,1.9375
6402432,2.0
6402592,2.0
6403104,2.0
6406048,1.9375
6406592,2.0
6406944,2.0
6409088,2.0
6409504,2.0
6410368,2.0
6410400,2.0
6411168,1.9375
6411776,2.0
6412224,2.0
6412864,2.0
6413280,2.0
6413632,2.0
6413696,2.0
6413760,2.0
6415360,2.0
6416064,2.0
6417728,2.0
6418272,2.0
6418368,2.0
6419008,2.0
6421504,2.0
6421984,2.0
6422880,2.0
6423616,2.0
6425312,1.9375
6425664,2.0
6426432,2.0
6428096,1.9375
6432640,1.9375
6433536,2.0
6433920,2.0
6434048,1.9375
6434272,2.0
6435872,1.9375
6436512,1.875
6437408,1.9375
6438848,2.0
6440480,2.0
6442752,2.0
6445024,2.0
6445184,2.0
6448000,2.0
6450240,2.0
6450784,2.0
6451008,2.0
6453088,2.0
6453216,2.0
6453280,2.0
6453760,2.0
6454784,2.0
6456992,2.0
6458368,2.0
6458976,2.0
6459296,2.0
6459872,2.0
6460064,2.0
6461024,1.9375
6461664,2.0
6463040,1.9375
6463712,2.0
6463872,2.0
6464448,1.9375
6464864,2.0
6470240,2.0
6470496,2.0
6471040,2.0
6472352,1.9375
6473952,2.0
6475904,2.0
6476448,2.0
6476576,1.9375
6477248,2.0
6477376,2.0
6478816,1.9375
6478848,2.0
6479424,1.9375
6480256,2.0
6480768,2.0
6481888,2.0
6484288,2.0
6489536,2.0
6489792,2.0
6491808,1.875
6493056,2.0
6493408,2.0
6494176,2.0
6494272,1.9375
6494496,2.0
6496352,2.0
6496800,1.9375
6497088,2.0
6498240,2.0
6498528,1.9375
6501344,2.0
6501632,2.0
6501824,2.0
6502592,2.0
6502944,2.0
6505408,2.0
6505504,2.0
6507360,2.0
6507584,1.9375
6508768,2.0
6508864,1.9375
6510144,2.0
6511424,2.0
6511648,2.0
6511776,2.0
6513408,2.0
6513568,2.0
6514816,2.0
6515296,2.0
6516352,2.0
6516576,2.0
6517856,2.0
6519840,2.0
6521248,2.0
6521600,2.0
6521632,2.0
6521856,1.9375
6522400,2.0
6524768,1.9375
6524800,2.0
6525440,2.0
6526400,1.9375
6527136,2.0
6528160,2.0
6531232,2.0
6531648,2.0
6531776,2.0
6532960,1.9375
6533760,2.0
6534816,1.9375
6535808,1.9375
6536800,2.0
6537056,2.0
6538144,2.0
6539040,2.0
6541184,2.0
6541248,2.0
6543936,1.9375
6546368,2.0
6546528,2.0
6546784,2.0
6547136,1.9375
6547200,2.0
6548416,2.0
6548608,2.0
6550496,2.0
6550752,1.9375
6551776,2.0
6552768,2.0
6552800,2.0
6553056,1.875
6553696,2.0
6554624,2.0
6557824,2.0
6558208,2.0
6558432,2.0
6558720,2.0
6561184,1.9375
6561632,1.9375
6562432,2.0
6563328,2.0
6563648,2.0
6566240,2.0
6567360,2.0
6567616,2.0
6568384,2.0
6568672,2.0
6569376,2.0
6571360,2.0
6571808,2.0
6572096,2.0
6572224,2.0
6572864,2.0
6574496,2.0
6575264,2.0
6576096,2.0
6576608,1.9375
6576640,1.9375
6576672,2.0
6576736,2.0
6577856,2.0
6579488,2.0
6579872,2.0
6580256,2.0
6580480,2.0
6580960,2.0
6581632,2.0
6581664,2.0
6582656,2.0
6582944,2.0
6584544,2.0
6585696,2.0
6586080,1.9375
6589984,2.0
6590304,2.0
6591584,2.0
6595488,2.0
6596224,2.0
6596416,2.0
6600032,2.0
6601024,2.0
6601568,2.0
6603168,2.0
6607296,2.0
6608800,2.0
6609888,2.0
6610240,2.0
6611392,1.875
6612832,2.0
6613824,2.0
6616448,2.0
6617248,2.0
6617568,2.0
6618176,2.0
6618752,2.0
6619232,1.9375
6620224,2.0
6620448,2.0
6620512,2.0
6621120,2.0
6621568,2.0
6622496,2.0
6622688,2.0
6623424,1.9375
6627008,2.0
6628832,2.0
6629184,2.0
6630208,1.9375
6630816,2.0
6631104,2.0
6633792,2.0
6634368,1.9375
6636128,2.0
6636864,2.0
6638496,2.0
6638880,2.0
6639680,2.0
6640608,1.9375
6640832,2.0
6643040,2.0
6643968,2.0
6644384,2.0
6645440,2.0
6646592,2.0
6647296,2.0
6649088,2.0
6650624,2.0
6651104,2.0
6653376,2.0
6653728,2.0
6654048,2.0
6656288,2.0
6656544,2.0
6657472,2.0
6658176,2.0
6658848,2.0
6658912,2.0
6659104,2.0
6659552,2.0
6660096,2.0
6661536,2.0
6662080,2.0
6662848,1.9375
6662944,2.0
6663008,1.9375
6663904,1.9375
6664352,2.0
6664672,2.0
6665024,2.0
6667168,2.0
6667840,2.0
6668224,1.9375
6669280,2.0
6669472,2.0
6672000,2.0
6672928,2.0
6673024,1.9375
6673152,2.0
6673504,2.0
6673632,2.0
6674080,1.9375
6677024,2.0
6677472,2.0
6678528,1.9375
6680448,1.9375
6682560,2.0
6682656,2.0
6685536,2.0
6685792,2.0
6686592,2.0
6688160,2.0
6688288,2.0
6688448,1.9375
6688672,2.0
6688864,2.0
6688960,2.0
6689024,2.0
6689312,2.0
6690336,1.9375
6691328,1.9375
6691360,2.0
6692032,2.0
6692256,1.9375
6692736,2.0
6693408,1.9375
6693856,1.875
6698048,2.0
6700096,2.0
6700256,1.9375
6700416,2.0
6702656,2.0
6703648,2.0
6705568,2.0
6705632,1.9375
6707232,2.0
6711072,1.9375
6711584,2.0
6711936,2.0
6711968,2.0
6712864,2.0
6713344,2.0
6713696,1.9375
6714464,2.0
6714496,1.9375
6714912,1.9375
6715616,2.0
6715808,2.0
6715904,2.0
6715936,1.875
6716096,2.0
6717344,2.0
6717824,1.9375
6719776,2.0
6720160,1.9375
6720352,2.0
6723104,2.0
6724192,2.0
6724448,1.9375
6725088,2.0
6726496,2.0
6727136,2.0
6728832,2.0
6731968,1.875
6732256,2.0
6732896,2.0
6733664,2.0
6734336,2.0
6736160,2.0
6736352,1.9375
6737920,2.0
6740512,2.0
6740832,1.9375
6740896,1.9375
6744096,1.9375
6745184,2.0
6745984,1.9375
6746688,2.0
6747232,2.0
6748064,2.0
6749248,2.0
6751616,2.0
6754400,1.9375
6754720,2.0
6756064,2.0
6759776,2.0
6762304,2.0
6762848,2.0
6762944,2.0
6762976,2.0
6763744,2.0
6764608,2.0
6764768,2.0
6764960,2.0
6764992,1.875
6765344,2.0
6765568,2.0
6765664,1.9375
6765856,2.0
6766208,2.0
6767680,1.9375
6770208,2.0
6770272,2.0
6771456,2.0
6773440,2.0
6774304,2.0
6779232,2.0
6781248,2.0
6783872,2.0
6784896,2.0
6785056,1.9375
6787200,2.0
6789696,2.0
6792640,2.0
6797088,2.0
6797664,2.0
6797984,2.0
6798784,2.0
6801344,2.0
6801568,1.875
6802016,2.0
6802400,2.0
6803008,2.0
6803616,1.9375
6805120,1.9375
6808256,2.0
6809760,1.9375
6810208,2.0
6810464,2.0
6811328,2.0
6811904,2.0
6813408,2.0
6813568,2.0
6815232,2.0
6818624,2.0
6819904,2.0
6820576,2.0
6821632,2.0
6821696,2.0
6821824,2.0
6822304,2.0
6824384,2.0
6825600,2.0
6827808,2.0
6828320,2.0
6828416,2.0
6829216,2.0
6829472,2.0
6830048,2.0
6830496,2.0
6831328,2.0
6831936,2.0
6832096,2.0
6833344,2.0
6833632,2.0
6834240,2.0
6835392,2.0
6836064,2.0
6837440,2.0
6837952,2.0
6838208,2.0
6838592,2.0
6838944,2.0
6840032,2.0
6841504,2.0
6841952,2.0
6843520,1.9375
6843648,2.0
6844160,2.0
6844352,2.0
6844672,2.0
6849472,2.0
6849728,2.0
6850656,2.0
6851904,2.0
6852864,2.0
6854752,2.0
6859552,2.0
6860128,1.9375
6862560,2.0
6862848,2.0
6863424,2.0
6864512,2.0
6864992,2.0
6866240,2.0
6866432,2.0
6866880,2.0
6867232,2.0
6869312,2.0
6869408,2.0
6871808,2.0
6872512,2.0
6872608,2.0
6874432,1.9375
6876000,2.0
6877440,1.9375
6877472,2.0
6878400,2.0
6878560,2.0
6878720,2.0
6879296,2.0
6882144,2.0
6882272,2.0
6882336,2.0
6882848,2.0
6883360,2.0
6885056,2.0
6885600,2.0
6886816,2.0
6887808,2.0
6888736,2.0
6888768,2.0
6889664,1.9375
6892320,1.9375
6892704,2.0
6893600,2.0
6896896,2.0
6900672,2.0
6901184,2.0
6903808,2.0
6904736,2.0
6905312,2.0
6905792,1.9375
6906784,2.0
6910112,1.9375
6910240,2.0
6910592,2.0
6910688,2.0
6912096,2.0
6913792,2.0
6914080,2.0
6914688,2.0
6915200,2.0
6915744,1.9375
6919040,2.0
6919648,2.0
6920992,2.0
6921152,1.9375
6922368,2.0
6922592,2.0
6923040,2.0
6923648,2.0
6923840,2.0
6924320,2.0
6926048,2.0
6926624,2.0
6927712,1.9375
6927808,2.0
6928064,2.0
6929120,1.9375
6931296,2.0
6931424,2.0
6931456,1.9375
6932096,2.0
6933216,1.9375
6933408,2.0
6933568,2.0
6933888,1.9375
6934816,2.0
6934944,2.0
6936064,2.0
6937632,2.0
6938656,2.0
6939136,2.0
6939200,2.0
6940320,2.0
6942304,2.0
6942976,2.0
6944736,2.0
6947072,2.0
6947552,2.0
6951264,2.0
6953280,2.0
6954112,2.0
6955072,2.0
6955744,2.0
6959680,2.0
6961056,2.0
6961376,2.0
6961888,2.0
6961920,2.0
6962048,2.0
6964864,2.0
6964896,2.0
6965280,2.0
6967264,1.9375
6968320,2.0
6970144,2.0
6971232,2.0
6971552,2.0
6971712,2.0
6972832,2.0
6974016,1.9375
6974592,1.9375
6974752,1.9375
6975360,2.0
6977024,2.0
6977600,2.0
6977632,2.0
6977696,2.0
6978240,2.0
6980320,2.0
6983232,2.0
6983360,2.0
6985344,1.9375
6986752,2.0
6987008,2.0
6987328,2.0
6989248,2.0
6990912,1.9375
6992544,2.0
6994208,1.9375
6994400,2.0
6994912,2.0
6997792,2.0
6998720,2.0
6999968,2.0
7001312,2.0
7001632,2.0
7002016,2.0
7006464,2.0
7006944,2.0
7009568,2.0
7009984,2.0
7010976,2.0
7011072,2.0
7012000,2.0
7012128,1.9375
7013216,2.0
7013632,2.0
7016672,2.0
7016896,2.0
7016928,2.0
7016960,2.0
7017408,2.0
7018048,2.0
7019328,2.0
7021376,2.0
7021472,2.0
7022816,2.0
7022880,1.9375
7023008,1.9375
7023104,2.0
7023296,2.0
7024032,2.0
7024512,1.9375
7025056,2.0
7026688,2.0
7027264,2.0
7027648,2.0
7028096,2.0
7028864,2.0
7028928,2.0
7029344,2.0
7029856,2.0
7032032,1.9375
7034080,2.0
7035968,1.9375
7039008,2.0
7039968,2.0
7040256,2.0
7042912,1.9375
7043488,1.9375
7043904,2.0
7044384,2.0
7046176,2.0
7046592,2.0
7046816,2.0
7047296,2.0
7048000,2.0
7050368,2.0
7050432,2.0
7050528,2.0
7052832,1.9375
7053120,2.0
7054144,2.0
7055104,2.0
7057120,2.0
7057856,2.0
7058656,2.0
7059232,2.0
7059456,2.0
7060384,2.0
7061824,2.0
7063392,2.0
7063488,2.0
7063936,2.0
7066528,2.0
7066816,2.0
7066848,1.9375
7067104,2.0
7068544,2.0
7070144,2.0
7070176,2.0
7070944,1.9375
7073088,2.0
7073600,2.0
7073920,1.9375
7074880,2.0
7075104,1.9375
7075136,2.0
7075648,2.0
7075936,2.0
7076256,2.0
7076896,2.0
7077792,2.0
7079776,2.0
7080640,2.0
7082176,2.0
7083296,2.0
7083520,2.0
7084736,2.0
7086496,2.0
7087136,2.0
7087840,2.0
7088096,2.0
7088160,2.0
7089344,2.0
7089472,2.0
7090144,1.875
7092064,2.0
7092896,2.0
7094752,2.0
7095808,2.0
7095968,2.0
7096704,2.0
7096992,1.9375
7097472,1.9375
7097856,2.0
7099296,2.0
7099360,2.0
7100192,2.0
7100608,2.0
7100736,2.0
7103744,2.0
7104160,2.0
7104480,2.0
7105792,1.9375
7105984,2.0
7106048,2.0
7106176,2.0
7107360,2.0
7108960,2.0
7109056,2.0
7109600,2.0
7109856,1.9375
7111776,2.0
7112704,2.0
7113984,2.0
7115872,2.0
7116128,2.0
7117120,2.0
7117536,2.0
7117568,2.0
7117632,2.0
7117792,2.0
7117824,2.0
7118208,2.0
7120224,2.0
7120928,2.0
7121408,2.0
7124352,2.0
7134656,2.0
7135840,2.0
7136128,2.0
7136672,2.0
7136736,1.9375
7137696,2.0
7138176,2.0
7141440,2.0
7141568,2.0
7145600,2.0
7145728,2.0
7146560,2.0
7147904,2.0
7148064,2.0
7148448,2.0
7149504,1.9375
7150592,2.0
7150752,2.0
7151328,2.0
7151520,2.0
7153472,2.0
7155360,2.0
7156736,2.0
7159680,2.0
7159776,1.9375
7160224,2.0
7163392,2.0
7163712,2.0
7164512,1.9375
7165248,2.0
7165728,1.9375
7166240,2.0
7166304,2.0
7166624,2.0
7166816,2.0
7168864,2.0
7171648,2.0
7173120,2.0
7174944,2.0
7175776,2.0
7176320,2.0
7177632,2.0
7177792,2.0
7177952,2.0
7179456,2.0
7179776,1.875
7180000,2.0
7180960,2.0
7183808,2.0
7186112,2.0
7189568,2.0
7189760,2.0
7190080,1.875
7193248,1.9375
7193888,1.9375
7194336,2.0
7194400,2.0
7194720,2.0
7196544,2.0
7198112,2.0
7200992,2.0
7201792,1.9375
7202112,2.0
7204160,2.0
7204256,2.0
7204800,2.0
7205184,2.0
7205472,2.0
7205568,2.0
7208384,2.0
7209216,2.0
7211616,2.0
7212192,2.0
7213280,2.0
7213472,2.0
7216320,2.0
7218528,2.0
7219264,1.9375
7220608,1.9375
7222016,2.0
7223296,2.0
7223392,1.9375
7224352,1.875
7226272,2.0
7226848,1.9375
7227072,2.0
7227296,2.0
7227936,2.0
7228256,2.0
7229088,1.9375
7231072,2.0
7231424,2.0
7231872,1.9375
7236000,2.0
7236576,1.9375
7236608,2.0
7238208,2.0
7238464,2.0
7239776,2.0
7240288,2.0
7240544,2.0
7241120,2.0
7243008,2.0
7243552,2.0
7244224,2.0
7246656,2.0
7246784,1.9375
7247200,2.0
7249248,2.0
7249696,2.0
7250208,2.0
7251456,2.0
7252128,2.0
7252160,2.0
7253600,2.0
7254208,2.0
7254464,2.0
7256192,2.0
7256224,2.0
7256352,2.0
7257728,2.0
7260736,2.0
7261024,2.0
7261152,2.0
7261440,2.0
7262016,2.0
7262112,2.0
7262528,2.0
7263840,2.0
7265632,2.0
7265760,1.9375
7266176,2.0
7267328,2.0
7269568,2.0
7270304,2.0
7273440,2.0
7274912,2.0
7275712,2.0
7275776,1.9375
7277696,2.0
7278112,2.0
7278176,2.0
7279808,2.0
7280256,2.0
7280320,2.0
7280448,2.0
7281248,2.0
7281984,2.0
7282624,2.0
7284000,2.0
7284448,2.0
7284832,2.0
7286272,2.0
7286848,1.9375
7287168,2.0
7288736,2.0
7289184,2.0
7289888,2.0
7290432,2.0
7290560,2.0
7290912,2.0
7292800,2.0
7294784,2.0
7295456,2.0
7295808,2.0
7297952,2.0
7300704,2.0
7303200,2.0
7303456,2.0
7303872,2.0
7304352,2.0
7305248,2.0
7306144,2.0
7307616,2.0
7308096,2.0
7309216,2.0
7309408,2.0
7309792,2.0
7310400,2.0
7311712,2.0
7312640,2.0
7313440,2.0
7314112,1.9375
7314496,2.0
7315104,1.9375
7316256,2.0
7317664,2.0
7317952,2.0
7318208,2.0
7318592,2.0
7322368,1.9375
7322592,2.0
7324064,2.0
7324192,2.0
7324416,2.0
7325216,2.0
7325344,2.0
7325824,2.0
7326816,2.0
7327136,2.0
7327488,2.0
7328288,2.0
7328416,2.0
7328544,2.0
7329760,2.0
7334784,2.0
7335936,2.0
7338976,1.9375
7339456,2.0
7339904,1.9375
7340640,2.0
7341024,2.0
7342208,2.0
7343104,2.0
7344288,2.0
7344704,2.0
7352000,2.0
7352096,2.0
7353152,2.0
7354624,2.0
7355424,2.0
7356864,2.0
7358496,1.9375
7358688,1.9375
7360288,2.0
7362752,1.9375
7362912,2.0
7363232,2.0
7364128,2.0
7365472,1.875
7365536,2.0
7366976,2.0
7367872,2.0
7368416,2.0
7368896,2.0
7368960,2.0
7370368,2.0
7372160,2.0
7372736,2.0
7372928,2.0
7373056,2.0
7373120,1.9375
7374432,2.0
7374944,1.9375
7375104,2.0
7377856,1.9375
7380448,2.0
7380928,2.0
7381312,2.0
7381472,2.0
7383136,1.9375
7386112,2.0
7387040,1.9375
7387424,2.0
7388960,2.0
7389696,2.0
7390016,1.9375
7390080,2.0
7392352,2.0
7393504,2.0
7393728,2.0
7394688,2.0
7395776,2.0
7397248,2.0
7401984,2.0
7402528,2.0
7405280,2.0
7406400,1.875
7408288,2.0
7409344,2.0
7409696,2.0
7412640,2.0
7417024,2.0
7417312,2.0
7417920,2.0
7419488,2.0
7420128,2.0
7420384,2.0
7423360,1.9375
7423392,2.0
7423712,2.0
7424288,2.0
7424768,1.9375
7425216,2.0
7426560,2.0
7426592,2.0
7426880,2.0
7426944,2.0
7427072,1.9375
7428160,1.875
7428896,2.0
7429888,1.9375
7431424,2.0
7433504,1.9375
7434240,2.0
7436992,2.0
7437216,2.0
7437440,2.0
7437664,1.9375
7439104,2.0
7439360,2.0
7440288,2.0
7441440,2.0
7441952,2.0
7443744,2.0
7444032,2.0
7445376,2.0
7445440,2.0
7445824,2.0
7446144,2.0
7446368,2.0
7450880,2.0
7451232,2.0
7451936,2.0
7453760,2.0
7454208,2.0
7455008,2.0
7456800,2.0
7460064,2.0
7460384,2.0
7462240,2.0
7462720,2.0
7463648,2.0
7464416,2.0
7465760,2.0
7465792,2.0
7467264,1.9375
7467456,2.0
7467840,2.0
7470880,2.0
7474080,1.9375
7475040,2.0
7475584,2.0
7476544,2.0
7477792,2.0
7478208,1.9375
7478976,2.0
7479232,2.0
7479328,2.0
7480256,2.0
7480960,2.0
7481120,2.0
7482336,2.0
7484512,1.9375
7484640,2.0
7487296,2.0
7487680,2.0
7488032,1.9375
7488320,2.0
7489184,2.0
7489696,1.9375
7489824,2.0
7490720,1.9375
7490976,2.0
7491648,1.9375
7492544,2.0
7493696,1.9375
7495040,2.0
7497440,1.9375
7497632,2.0
7497728,2.0
7499040,2.0
7499712,2.0
7500928,2.0
7501120,1.9375
7501696,2.0
7503616,2.0
7503680,2.0
7504992,1.9375
7505664,2.0
7506496,2.0
7507040,2.0
7508256,1.9375
7509184,2.0
7509408,2.0
7509824,2.0
7510368,2.0
7512192,2.0
7512544,2.0
7513824,1.9375
7514976,2.0
7515168,1.9375
7515648,1.9375
7516544,1.9375
7516736,2.0
7518112,2.0
7518176,2.0
7518464,2.0
7519552,2.0
7520224,2.0
7521344,2.0
7521792,2.0
7522016,2.0
7523872,1.9375
7526048,2.0
7526944,2.0
7530144,2.0
7532032,2.0
7532224,2.0
7532544,2.0
7533152,2.0
7534016,1.9375
7535872,2.0
7537440,2.0
7539840,2.0
7541344,2.0
7541856,2.0
7544192,2.0
7545664,2.0
7546016,2.0
7547776,2.0
7547840,2.0
7548160,2.0
7549536,2.0
7549824,1.875
7553152,2.0
7553344,2.0
7553568,2.0
7554272,2.0
7555392,2.0
7559296,2.0
7559680,2.0
7560544,2.0
7560704,2.0
7561152,1.9375
7561344,2.0
7561632,2.0
7561824,2.0
7562144,2.0
7562816,2.0
7563104,2.0
7564512,2.0
7564576,1.9375
7566720,1.9375
7567488,2.0
7567680,2.0
7567712,2.0
7568416,2.0
7569056,2.0
7569824,2.0
7570208,2.0
7570464,1.9375
7571200,2.0
7572640,2.0
7572768,2.0
7574208,2.0
7575392,1.9375
7576608,1.9375
7578304,2.0
7578624,2.0
7579168,2.0
7579264,2.0
7579552,2.0
7581600,2.0
7582368,2.0
7582400,2.0
7586944,2.0
7590496,2.0
7590784,2.0
7590912,2.0
7591520,2.0
7591680,1.9375
7592064,2.0
7592512,2.0
7592736,2.0
7594016,2.0
7595712,2.0
7596064,2.0
7598976,2.0
7599264,2.0
7599840,2.0
7600320,2.0
7601632,2.0
7601952,1.9375
7602112,1.9375
7602336,1.9375
7603200,2.0
7604480,2.0
7605088,1.9375
7607168,1.9375
7608320,1.9375
7608448,2.0
7608864,2.0
7609216,2.0
7610304,1.9375
7611648,2.0
7611776,2.0
7612896,2.0
7613056,2.0
7614240,2.0
7614400,2.0
7615520,2.0
7616224,2.0
7616256,2.0
7617248,2.0
7618880,2.0
7619104,2.0
7619744,2.0
7620608,1.9375
7620704,1.9375
7621280,2.0
7621600,2.0
7622112,2.0
7623456,2.0
7624320,2.0
7625696,2.0
7626688,2.0
7627040,2.0
7628096,2.0
7629184,2.0
7630016,2.0
7630176,2.0
7630272,2.0
7630752,2.0
7631904,2.0
7633248,2.0
7634656,2.0
7634720,2.0
7635392,2.0
7636256,2.0
7637152,2.0
7638016,2.0
7639520,2.0
7639648,1.9375
7639680,1.9375
7641728,2.0
7642144,2.0
7643104,2.0
7643200,2.0
7644448,2.0
7647840,2.0
7648384,2.0
7648480,2.0
7648544,2.0
7648672,2.0
7649888,2.0
7651424,1.9375
7652064,2.0
7652128,2.0
7652640,2.0
7655360,2.0
7655488,2.0
7656288,2.0
7656448,1.9375
7657664,2.0
7659520,2.0
7660416,2.0
7660768,2.0
7661312,2.0
7662912,2.0
7663264,2.0
7664608,1.9375
7665568,1.9375
7666528,1.9375
7666944,2.0
7667904,2.0
7668256,2.0
7670880,1.9375
7673920,1.9375
7674176,2.0
7676032,2.0
7677440,2.0
7678400,2.0
7679616,1.9375
7681504,1.875
7681888,2.0
7683168,2.0
7683232,2.0
7683328,2.0
7683552,2.0
7684992,2.0
7685184,2.0
7685440,2.0
7687392,2.0
7687680,2.0
7687776,2.0
7690528,1.9375
7691520,2.0
7694400,1.9375
7694816,2.0
7696704,2.0
7697216,2.0
7697632,2.0
7697760,2.0
7698112,2.0
7698592,2.0
7699424,2.0
7700288,2.0
7700800,2.0
7702080,2.0
7702144,1.9375
7702688,2.0
7703296,1.9375
7704448,2.0
7704992,2.0
7705440,2.0
7705600,2.0
7705984,2.0
7707072,2.0
7707936,2.0
7707968,2.0
7708640,2.0
7709024,2.0
7711744,2.0
7713248,2.0
7716448,2.0
7717056,2.0
7719520,2.0
7720672,2.0
7720800,1.9375
7723040,2.0
7723360,2.0
7723584,2.0
7723616,1.9375
7724704,2.0
7725280,2.0
7725408,1.9375
7725600,2.0
7726016,2.0
7727328,2.0
7729984,2.0
7731648,2.0
7731872,2.0
7733344,2.0
7733472,2.0
7734240,2.0
7734368,2.0
7734592,2.0
7735648,2.0
7736512,1.9375
7737440,2.0
7737568,2.0
7739488,2.0
7740224,2.0
7742080,2.0
7742752,2.0
7742976,2.0
7743680,2.0
7743744,2.0
7747104,2.0
7747488,2.0
7748320,2.0
7748352,1.875
7750016,2.0
7754144,1.9375
7760768,2.0
7761088,2.0
7761312,2.0
7763680,2.0
7766816,1.9375
7767232,2.0
7767584,2.0
7768032,2.0
7768256,1.9375
7769440,2.0
7769920,2.0
7770336,2.0
7771328,2.0
7771360,1.9375
7772608,2.0
7774752,2.0
7775072,2.0
7775264,2.0
7775584,2.0
7775744,2.0
7775904,2.0
7776160,2.0
7777152,2.0
7778016,2.0
7781248,1.9375
7781600,1.9375
7781760,2.0
7782400,2.0
7783840,1.9375
7785024,2.0
7785472,2.0
7787168,1.9375
7787488,2.0
7788288,2.0
7789280,2.0
7789536,2.0
7789632,2.0
7789696,1.9375
7789728,2.0
7790656,2.0
7791424,2.0
7791456,2.0
7792064,1.9375
7792448,2.0
7792736,2.0
7793920,2.0
7793952,2.0
7794016,2.0
7794976,2.0
7795008,2.0
7795136,2.0
7795424,2.0
7795584,2.0
7795904,2.0
7796032,2.0
7796928,2.0
7800576,2.0
7801600,2.0
7803040,2.0
7803136,2.0
7803616,2.0
7803968,2.0
7804160,2.0
7804416,1.9375
7804480,2.0
7804832,2.0
7805856,2.0
7807936,2.0
7808352,2.0
7808608,2.0
7809056,2.0
7810336,1.9375
7810688,2.0
7811104,2.0
7811296,2.0
7811840,2.0
7812160,2.0
7812544,1.9375
7814976,2.0
7815232,2.0
7815776,1.9375
7816512,2.0
7817248,2.0
7819520,2.0
7821024,2.0
7825152,2.0
7825920,2.0
7826208,2.0
7828416,2.0
7829184,1.9375
7830752,2.0
7832768,2.0
7833216,2.0
7834656,2.0
7836064,2.0
7836704,2.0
7837888,2.0
7838912,2.0
7840704,2.0
7842880,2.0
7844928,2.0
7845184,2.0
7845984,2.0
7848000,2.0
7849504,2.0
7852416,2.0
7852736,2.0
7852800,2.0
7853248,2.0
7853920,1.875
7853984,2.0
7854016,2.0
7854336,2.0
7855424,2.0
7858080,1.9375
7858368,1.9375
7858624,2.0
7859488,2.0
7859776,2.0
7860192,2.0
7861696,1.9375
7862208,2.0
7862464,2.0
7862656,2.0
7864128,2.0
7864544,2.0
7865152,2.0
7867840,2.0
7868384,2.0
7868576,2.0
7869600,2.0
7870400,2.0
7870656,2.0
7870944,2.0
7874720,1.9375
7875264,2.0
7875456,2.0
7875808,2.0
7877920,2.0
7880672,2.0
7881280,2.0
7882016,2.0
7884032,2.0
7885152,2.0
7885952,1.9375
7886272,2.0
7888064,2.0
7890720,2.0
7891072,2.0
7892352,2.0
7892928,2.0
7895424,2.0
7895648,2.0
7896320,2.0
7896832,1.9375
7896928,2.0
7897344,1.9375
7897824,2.0
7901312,2.0
7901824,1.9375
7903616,2.0
7905152,2.0
7905504,2.0
7906912,2.0
7907488,2.0
7908224,2.0
7909088,2.0
7909152,1.9375
7910624,2.0
7911488,2.0
7914752,2.0
7915008,2.0
7915840,2.0
7918464,2.0
7919232,1.8125
7919360,1.9375
7919712,2.0
7919968,1.9375
7921216,2.0
7921952,2.0
7923648,2.0
7924032,2.0
7924416,2.0
7924896,2.0
7924992,2.0
7927040,2.0
7927232,2.0
7928960,2.0
7930624,1.9375
7932224,1.9375
7932480,1.9375
7934752,2.0
7935584,2.0
7938976,2.0
7940640,2.0
7941472,2.0
7942560,2.0
7944160,2.0
7945632,1.9375
7945792,1.9375
7946048,2.0
7947424,1.9375
7947680,2.0
7947936,2.0
7952608,2.0
7952672,2.0
7954112,2.0
7954272,2.0
7955552,2.0
7955616,1.9375
7957472,1.9375
7958656,2.0
7958688,2.0
7961696,2.0
7962656,1.9375
7962720,1.9375
7962880,1.875
7965440,2.0
7966080,2.0
7966464,2.0
7967296,2.0
7967872,2.0
7968032,2.0
7968608,2.0
7969568,2.0
7969888,1.9375
7970144,2.0
7970208,1.9375
7970720,2.0
7971648,2.0
7971904,1.9375
7972512,2.0
7973344,2.0
7973856,2.0
7974144,2.0
7974208,2.0
7974848,2.0
7974944,2.0
7975904,2.0
7978336,2.0
7979232,2.0
7981120,2.0
7981376,2.0
7983552,2.0
7984224,2.0
7984576,2.0
7984864,2.0
7985120,2.0
7985344,1.9375
7985696,2.0
7986240,1.9375
7987680,2.0
7988320,2.0
7988544,2.0
7988928,2.0
7990304,2.0
7990656,2.0
7991936,1.9375
7992768,2.0
7993312,2.0
7993408,1.9375
7994048,2.0
7997408,1.9375
7998432,2.0
7998816,2.0
7998976,2.0
8000096,2.0
8000736,2.0
8000992,1.9375
8001440,2.0
8004608,2.0
8007136,1.9375
8008320,2.0
8009504,2.0
8009984,2.0
8013824,2.0
8015072,2.0
8015104,2.0
8015936,2.0
8016544,2.0
8019296,2.0
8019520,1.9375
8019584,2.0
8019872,2.0
8020352,2.0
8020608,1.9375
8020992,1.9375
8021408,1.9375
8021472,2.0
8023744,2.0
8024000,2.0
8024352,1.9375
8024544,2.0
8024928,2.0
8025024,2.0
8026432,2.0
8026464,2.0
8026496,2.0
8027808,2.0
8030304,2.0
8031744,2.0
8031808,2.0
8032256,2.0
8032992,2.0
8034080,1.9375
8034208,1.875
8034400,1.9375
8034944,2.0
8036160,2.0
8038208,2.0
8038560,2.0
8039008,2.0
8039456,1.9375
8040480,2.0
8040640,2.0
8040768,2.0
8041664,2.0
8042240,2.0
8043264,2.0
8047424,2.0
8049920,2.0
8050336,1.875
8050432,2.0
8050496,2.0
8050816,2.0
8051936,2.0
8052000,2.0
8052032,2.0
8053856,2.0
8054176,2.0
8055744,2.0
8057888,2.0
8059168,2.0
8059872,2.0
8062144,2.0
8062592,1.9375
8063968,2.0
8065024,2.0
8070720,2.0
8070880,1.9375
8071840,2.0
8072992,2.0
8073056,2.0
8073376,2.0
8074560,2.0
8074592,2.0
8075104,2.0
8075712,2.0
8075968,2.0
8076256,2.0
8079072,2.0
8079136,2.0
8080160,2.0
8080192,2.0
8082784,2.0
8082976,2.0
8083648,2.0
8083872,2.0
8086208,2.0
8086368,2.0
8089984,2.0
8090176,2.0
8090944,2.0
8091296,2.0
8093600,2.0
8093632,1.9375
8094912,2.0
8095136,2.0
8096768,2.0
8096800,2.0
8097312,2.0
8098752,2.0
8099456,2.0
8099872,2.0
8099904,1.9375
8102784,1.9375
8103456,2.0
8104256,1.9375
8105888,2.0
8106112,2.0
8109568,2.0
8111008,2.0
8111072,2.0
8111712,2.0
8114208,2.0
8114336,2.0
8114784,1.9375
8115040,1.9375
8117856,2.0
8118304,1.9375
8118336,2.0
8120064,2.0
8120576,2.0
8120672,2.0
8120768,2.0
8122240,2.0
8123232,2.0
8123872,2.0
8124608,1.9375
8126400,1.9375
8127296,2.0
8127392,1.9375
8129600,2.0
8130016,2.0
8131712,2.0
8132000,1.9375
8133536,2.0
8133856,2.0
8137184,2.0
8137568,1.9375
8137632,2.0
8137856,2.0
8138784,2.0
8139456,2.0
8139936,2.0
8140512,2.0
8141280,2.0
8141760,2.0
8142048,1.9375
8143424,2.0
8143808,2.0
8145344,2.0
8145632,1.9375
8145664,2.0
8146368,2.0
8146496,2.0
8146912,2.0
8147264,2.0
8147552,2.0
8148192,2.0
8148960,2.0
8150112,2.0
8150880,2.0
8151392,2.0
8153568,2.0
8156640,1.9375
8162176,2.0
8163200,1.9375
8165536,2.0
8165888,1.9375
8166112,2.0
8167424,2.0
8170368,1.9375
8170976,2.0
8171808,2.0
8172096,2.0
8172352,2.0
8172960,2.0
8172992,2.0
8173088,2.0
8180608,2.0
8181280,2.0
8184032,2.0
8184960,2.0
8185920,2.0
8186304,1.9375
8186656,2.0
8186816,2.0
8192416,2.0
8196576,2.0
8197856,2.0
8198080,1.9375
8199328,2.0
8199680,1.9375
8201312,2.0
8202016,2.0
8202528,2.0
8203296,2.0
8204000,2.0
8204224,2.0
8204896,2.0
8205600,2.0
8207616,2.0
8208736,2.0
8210720,2.0
8211808,2.0
8213120,1.875
8213184,2.0
8213600,1.9375
8214656,2.0
8214688,2.0
8215616,2.0
8217952,2.0
8223168,2.0
8224448,2.0
8226400,2.0
8227328,2.0
8228224,2.0
8228480,2.0
8228640,2.0
8229280,2.0
8229408,2.0
8229728,2.0
8229920,1.9375
8230112,2.0
8230528,2.0
8230816,2.0
8230912,2.0
8231808,2.0
8232736,2.0
8233408,2.0
8233888,2.0
8236640,2.0
8236928,2.0
8239360,1.9375
8239904,1.9375
8241664,2.0
8242400,2.0
8245376,2.0
8246144,1.9375
8248064,2.0
8248128,2.0
8249504,1.9375
8251008,2.0
8251968,2.0
8252864,2.0
8253600,2.0
8253696,2.0
8254592,2.0
8256864,2.0
8259808,2.0
8261504,2.0
8263040,1.9375
8263104,2.0
8263296,2.0
8263552,2.0
8263936,1.9375
8264320,2.0
8268896,1.9375
8269664,2.0
8275296,2.0
8275392,2.0
8275840,2.0
8276096,2.0
8278720,1.9375
8279392,2.0
8279488,1.875
8280096,2.0
8281312,2.0
8281408,2.0
8283456,1.9375
8290144,2.0
8290368,2.0
8290848,2.0
8290976,2.0
8291040,2.0
8291104,2.0
8291392,2.0
8291584,2.0
8295648,2.0
8296928,1.9375
8297856,2.0
8298048,2.0
8300576,2.0
8302400,2.0
8302880,2.0
8303616,2.0
8304576,2.0
8305248,2.0
8306976,2.0
8307072,1.9375
8307616,2.0
8309696,1.9375
8309984,2.0
8310496,2.0
8311392,2.0
8311840,2.0
8313312,2.0
8315104,2.0
8316960,2.0
8318816,2.0
8319744,2.0
8321440,2.0
8322368,2.0
8323136,2.0
8324576,2.0
8324896,2.0
8326144,2.0
8326560,2.0
8328736,2.0
8329312,2.0
8329568,2.0
8329728,2.0
8330208,2.0
8330528,1.9375
8330688,2.0
8330848,2.0
8332256,2.0
8335264,2.0
8335680,2.0
8337440,2.0
8337536,2.0
8339712,2.0
8339904,2.0
8341792,2.0
8342464,2.0
8343872,2.0
8343936,2.0
8344032,2.0
8345184,2.0
8347200,2.0
8347296,2.0
8347648,2.0
8348032,2.0
8348384,2.0
8348416,2.0
8350656,2.0
8350848,1.875
8350880,2.0
8350912,2.0
8353600,2.0
8355008,2.0
8355232,2.0
8355584,2.0
8355712,2.0
8358688,2.0
8359072,2.0
8359936,2.0
8360800,2.0
8361824,2.0
8362240,2.0
8362624,2.0
8363040,1.875
8364960,1.9375
8365120,2.0
8365440,2.0
8365760,2.0
8366016,2.0
8366240,2.0
8367264,2.0
8367456,2.0
8368352,2.0
8368704,2.0
8370624,2.0
8370944,2.0
8370976,2.0
8371296,1.9375
8371616,2.0
8373216,2.0
8373408,2.0
8377856,2.0
8378176,1.9375
8379712,2.0
8381504,2.0
8381856,1.9375
8383584,2.0
8385312,2.0
8387040,2.0
8388352,2.0
8390400,2.0
8391072,2.0
8391104,2.0
8391264,2.0
8392672,2.0
8392704,2.0
8393024,2.0
8395552,2.0
8395616,2.0
8396320,2.0
8398656,2.0
8398688,2.0
8398816,2.0
8399008,2.0
8399200,2.0
8400288,2.0
8400480,2.0
8401824,2.0
8403808,2.0
8404544,2.0
8404928,2.0
8405312,2.0
8407168,1.9375
8407840,2.0
8408064,2.0
8408352,2.0
8409664,2.0
8409952,2.0
8410528,2.0
8412448,2.0
8412512,1.9375
8414016,2.0
8416032,1.9375
8417888,2.0
8418976,1.9375
8419936,2.0
8420384,2.0
8421152,1.9375
8421536,2.0
8423424,2.0
8424224,2.0
8424768,2.0
8425408,2.0
8425440,1.9375
8425920,2.0
8427488,2.0
8429312,2.0
8429472,2.0
8429728,2.0
8430432,2.0
8432416,2.0
8432896,2.0
8433248,1.9375
8433664,2.0
8434528,2.0
8435296,2.0
8435776,2.0
8436352,2.0
8436384,2.0
8436800,2.0
8437440,2.0
8438048,2.0
8438592,2.0
8438752,1.875
8440640,2.0
8441920,2.0
8443008,1.9375
8443328,2.0
8443520,1.9375
8447200,2.0
8448448,2.0
8448768,2.0
8449728,2.0
8449824,2.0
8450080,2.0
8451648,2.0
8452800,2.0
8453664,2.0
8454656,2.0
8454848,2.0
8455360,2.0
8455840,1.9375
8456480,2.0
8457792,2.0
8458560,1.9375
8458880,2.0
8462080,1.875
8463360,1.9375
8463872,2.0
8464096,1.875
8465248,2.0
8466336,2.0
8466528,2.0
8466624,2.0
8467840,2.0
8468896,1.9375
8470432,1.9375
8471136,2.0
8471360,2.0
8472832,2.0
8473536,2.0
8473568,2.0
8474048,2.0
8476160,2.0
8476640,2.0
8477952,2.0
8478048,2.0
8478144,2.0
8478464,2.0
8478784,2.0
8479264,2.0
8482336,1.9375
8482656,2.0
8483776,2.0
8484416,2.0
8484640,2.0
8485920,2.0
8486464,2.0
8486816,2.0
8487552,2.0
8487712,2.0
8488160,2.0
8488928,2.0
8489472,2.0
8490304,2.0
8491456,2.0
8492160,2.0
8492672,2.0
8492736,1.9375
8493760,2.0
8495744,2.0
8496512,2.0
8497632,2.0
8497792,2.0
8498304,1.9375
8498976,2.0
8499040,2.0
8499936,1.9375
8502208,2.0
8502560,2.0
8503200,2.0
8505152,2.0
8505536,2.0
8506080,1.9375
8506304,2.0
8507136,2.0
8509632,2.0
8510496,2.0
8511296,2.0
8514176,2.0
8516768,2.0
8517248,2.0
8517888,2.0
8518976,2.0
8520288,2.0
8520992,2.0
8521312,2.0
8522496,2.0
8522944,2.0
8525280,2.0
8526240,1.9375
8527360,2.0
8532128,2.0
8532864,2.0
8534272,1.9375
8535264,2.0
8536096,2.0
8541792,2.0
8541856,1.875
8542144,2.0
8543744,1.9375
8544928,2.0
8545408,2.0
8546080,2.0
8546592,2.0
8547840,2.0
8548736,2.0
8550112,2.0
8550912,2.0
8551392,2.0
8551552,2.0
8551648,1.9375
8551808,2.0
8552160,2.0
8553152,2.0
8553600,2.0
8554848,2.0
8555584,2.0
8556608,2.0
8560128,2.0
8560736,2.0
8562048,2.0
8562112,1.9375
8562304,2.0
8562464,1.9375
8562560,2.0
8563712,2.0
8563744,2.0
8564096,2.0
8564480,2.0
8566144,2.0
8567072,2.0
8567200,2.0
8567968,2.0
8569376,2.0
8570272,2.0
8570752,2.0
8572320,2.0
8572416,2.0
8573440,2.0
8574592,2.0
8575488,2.0
8575936,2.0
8579584,2.0
8580320,2.0
8582368,1.9375
8582848,2.0
8584064,1.9375
8584672,2.0
8584704,2.0
8586688,2.0
8586752,2.0
8586944,2.0
8587808,2.0
8591232,2.0
8592512,2.0
8592608,2.0
8593664,2.0
8596096,2.0
8597600,2.0
8597632,2.0
8598752,2.0
8599616,2.0
8600544,2.0
8602720,2.0
8602912,2.0
8603328,1.9375
8603456,2.0
8604416,2.0
8605760,2.0
8606816,2.0
8607456,2.0
8607872,2.0
8607936,2.0
8608512,2.0
8610592,2.0
8612512,2.0
8612736,2.0
8614656,2.0
8615168,2.0
8615904,1.9375
8617568,2.0
8617888,2.0
8618688,1.9375
8621152,1.9375
8621632,1.875
8622016,2.0
8622592,2.0
8622656,2.0
8623072,1.9375
8623392,2.0
8624704,2.0
8625536,2.0
8625888,2.0
8626208,2.0
8626464,2.0
8626496,2.0
8626784,2.0
8628096,2.0
8628960,2.0
8629536,1.9375
8630112,1.9375
8631488,2.0
8633056,1.9375
8633408,2.0
8633632,1.9375
8636064,2.0
8636864,1.9375
8639072,2.0
8639808,2.0
8640032,2.0
8640096,2.0
8640416,2.0
8640832,2.0
8642464,1.9375
8642528,1.9375
8643104,1.9375
8643296,1.9375
8643456,2.0
8644224,2.0
8644320,2.0
8645664,1.9375
8650240,2.0
8650880,2.0
8651136,2.0
8652576,2.0
8653184,2.0
8653888,2.0
8654048,2.0
8656224,1.9375
8657056,2.0
8657856,1.9375
8658944,2.0
8659072,2.0
8659328,2.0
8660032,2.0
8660960,2.0
8661280,2.0
8661312,2.0
8662016,2.0
8662144,2.0
8662720,2.0
8663584,2.0
8669600,1.9375
8670688,2.0
8674784,2.0
8675328,1.8125
8676512,2.0
8676640,2.0
8677280,2.0
8679584,1.9375
8679968,2.0
8681472,2.0
8681696,2.0
8683200,2.0
8684352,2.0
8685088,2.0
8687232,2.0
8688192,2.0
8688288,2.0
8690240,1.9375
8691520,2.0
8692192,2.0
8692768,2.0
8692992,2.0
8695040,2.0
8695584,2.0
8696352,2.0
8696640,2.0
8698496,2.0
8702880,2.0
8703904,1.875
8705376,2.0
8705440,1.9375
8706272,2.0
8706528,2.0
8707520,2.0
8707584,2.0
8707680,2.0
8709056,2.0
8709440,1.9375
8711648,2.0
8712032,2.0
8713120,2.0
8713344,2.0
8715872,2.0
8716096,2.0
8716736,2.0
8717632,2.0
8718048,2.0
8718816,2.0
8719104,1.9375
8722144,2.0
8724736,2.0
8726464,2.0
8726528,2.0
8726624,2.0
8728448,2.0
8731712,2.0
8732384,2.0
8732416,1.9375
8733248,1.9375
8734496,2.0
8734528,2.0
8734752,2.0
8737280,2.0
8738240,1.9375
8738528,2.0
8738912,1.9375
8739424,2.0
8739456,2.0
8739904,2.0
8739968,2.0
8741056,2.0
8742080,2.0
8742624,2.0
8742816,2.0
8743904,2.0
8744544,2.0
8745440,2.0
8745472,2.0
8745824,2.0
8746144,2.0
8746176,2.0
8746592,2.0
8746752,2.0
8747328,2.0
8749120,2.0
8749760,2.0
8750208,2.0
8750880,2.0
8751520,2.0
8755328,2.0
8755904,2.0
8756736,2.0
8756864,2.0
8757472,2.0
8758016,2.0
8759808,2.0
8760128,2.0
8760224,2.0
8761376,2.0
8761728,2.0
8763648,2.0
8766016,2.0
8766304,2.0
8766944,2.0
8767264,2.0
8767328,2.0
8767392,2.0
8768608,2.0
8769216,2.0
8769888,2.0
8770976,2.0
8771744,2.0
8772160,2.0
8776064,2.0
8776672,2.0
8776832,2.0
8778752,2.0
8778976,2.0
8779936,2.0
8782720,1.9375
8783136,2.0
8783328,2.0
8784224,2.0
8784960,2.0
8788512,2.0
8788576,2.0
8789056,2.0
8789984,2.0
8791456,2.0
8791968,2.0
8792192,2.0
8792224,2.0
8793696,2.0
8794272,2.0
8796896,2.0
8797664,2.0
8798944,2.0
8800896,2.0
8802336,2.0
8803136,1.9375
8804128,2.0
8804480,2.0
8807936,2.0
8808192,2.0
8809536,2.0
8810368,2.0
8810432,2.0
8813600,2.0
8814368,2.0
8817856,2.0
8818592,2.0
8818720,2.0
8818944,1.9375
8820128,2.0
8821152,2.0
8822112,2.0
8822592,2.0
8822848,2.0
8824800,2.0
8826496,2.0
8826528,2.0
8829760,2.0
8831424,1.9375
8831680,2.0
8832160,1.9375
8834240,2.0
8834784,2.0
8834816,2.0
8835968,2.0
8836000,2.0
8836800,2.0
8838112,2.0
8838176,2.0
8839264,2.0
8840448,2.0
8843072,2.0
8843712,2.0
8843904,2.0
8844608,2.0
8844896,2.0
8845120,2.0
8845344,2.0
8845952,2.0
8847360,2.0
8849856,2.0
8851008,2.0
8852224,2.0
8852448,1.9375
8853088,2.0
8854432,2.0
8857888,2.0
8858144,2.0
8859520,2.0
8859680,2.0
8861216,2.0
8862080,1.9375
8863552,2.0
8865088,2.0
8866048,2.0
8866816,2.0
8866880,2.0
8867360,1.9375
8867392,2.0
8867968,1.9375
8868608,2.0
8869920,2.0
8870464,2.0
8870624,1.9375
8871840,2.0
8873728,2.0
8874592,2.0
8875488,2.0
8876832,2.0
8877472,2.0
8877888,2.0
8878240,1.9375
8878848,2.0
8880192,2.0
8882272,2.0
8883680,2.0
8886304,2.0
8886400,2.0
8887392,2.0
8887552,2.0
8887744,2.0
8889088,1.9375
8890784,2.0
8892544,1.9375
8893536,2.0
8895264,2.0
8896672,1.9375
8896704,2.0
8897120,2.0
8897376,2.0
8899136,2.0
8899616,2.0
8899712,2.0
8900224,2.0
8900544,2.0
8900704,2.0
8901312,1.9375
8901600,2.0
8901696,2.0
8902080,2.0
8903168,2.0
8904032,2.0
8906080,2.0
8908640,2.0
8908672,2.0
8909088,1.9375
8911040,2.0
8911200,2.0
8911904,2.0
8912000,2.0
8913120,1.875
8914624,2.0
8916352,2.0
8917568,2.0
8918048,2.0
8919648,1.875
8920032,2.0
8922112,2.0
8924032,2.0
8925984,2.0
8926816,2.0
8926848,2.0
8927200,2.0
8927360,2.0
8928416,2.0
8928768,2.0
8928928,2.0
8929344,2.0
8929984,2.0
8930016,2.0
8931968,1.9375
8932032,2.0
8932064,2.0
8933216,2.0
8934752,2.0
8936128,2.0
8937632,2.0
8938688,2.0
8939552,1.9375
8940480,2.0
8944128,1.9375
8944896,2.0
8946304,2.0
8947104,2.0
8947424,2.0
8948416,2.0
8949920,2.0
8951104,2.0
8951904,2.0
8951968,2.0
8952160,2.0
8952928,1.9375
8953504,2.0
8953952,2.0
8955584,2.0
8956000,2.0
8957184,2.0
8958688,2.0
8959136,2.0
8959264,2.0
8959456,2.0
8960640,2.0
8961568,2.0
8961696,1.9375
8962016,2.0
8962176,2.0
8962400,2.0
8965568,2.0
8966272,2.0
8966848,2.0
8967456,2.0
8972928,2.0
8973536,1.9375
8973568,2.0
8974592,2.0
8976928,2.0
8976992,2.0
8979552,2.0
8981600,2.0
8983744,2.0
8983968,2.0
8984064,2.0
8985152,1.9375
8985408,2.0
8987488,2.0
8991072,2.0
8991424,2.0
8992128,2.0
8992224,2.0
8992416,2.0
8993632,2.0
8999200,1.9375
9001312,2.0
9003168,2.0
9004864,2.0
9007456,2.0
9007872,2.0
9010432,2.0
9013536,2.0
9014784,2.0
9015200,2.0
9016224,2.0
9016256,2.0
9016768,2.0
9019584,1.9375
9021440,2.0
9021856,2.0
9022304,2.0
9024192,1.9375
9024384,2.0
9025312,2.0
9026432,1.9375
9028224,2.0
9028320,2.0
9029312,2.0
9029824,1.9375
9031008,2.0
9031264,2.0
9031456,2.0
9031584,2.0
9032672,2.0
9033152,2.0
9033888,2.0
9034144,2.0
9034560,2.0
9035328,2.0
9037056,2.0
9037984,2.0
9038144,2.0
9039712,2.0
9040256,2.0
9040576,2.0
9042240,2.0
9042656,2.0
9044672,2.0
9045280,1.9375
9046848,2.0
9047840,2.0
9048480,2.0
9049344,2.0
9049600,2.0
9050848,2.0
9051616,2.0
9052416,2.0
9053312,2.0
9054464,1.9375
9054688,2.0
9058176,2.0
9058528,2.0
9059776,2.0
9060096,2.0
9061376,2.0
9063104,2.0
9063136,1.9375
9065216,2.0
9066400,2.0
9066464,2.0
9066848,2.0
9066976,2.0
9068608,2.0
9069920,1.9375
9071168,2.0
9072544,2.0
9072640,2.0
9073536,1.9375
9074752,2.0
9075232,2.0
9075360,2.0
9075680,2.0
9076704,2.0
9077504,2.0
9077984,1.9375
9080448,2.0
9080608,2.0
9082080,2.0
9082208,2.0
9082976,2.0
9083360,2.0
9084896,2.0
9084960,2.0
9087296,2.0
9087456,2.0
9089536,2.0
9090624,1.9375
9090688,2.0
9091104,2.0
9091584,2.0
9091648,2.0
9091936,1.9375
9093408,2.0
9093472,2.0
9096480,2.0
9097152,2.0
9099488,2.0
9101088,2.0
9102336,2.0
9102816,2.0
9103104,2.0
9103968,2.0
9105344,2.0
9105632,2.0
9105664,2.0
9105952,2.0
9106368,2.0
9106496,1.9375
9107680,2.0
9108896,2.0
9108960,2.0
9109600,2.0
9111424,2.0
9113120,2.0
9114368,2.0
9115616,2.0
9120224,2.0
9120480,2.0
9124000,2.0
9125152,2.0
9126080,1.9375
9126656,2.0
9127040,2.0
9128608,1.9375
9129024,2.0
9130112,2.0
9130656,1.9375
9131712,2.0
9132672,2.0
9133696,2.0
9133824,2.0
9135744,1.9375
9136096,2.0
9136384,2.0
9136832,2.0
9137344,2.0
9138912,2.0
9139584,2.0
9139776,2.0
9140928,2.0
9142496,2.0
9143200,2.0
9143392,1.9375
9144736,2.0
9145088,2.0
9146400,2.0
9146464,2.0
9147680,1.9375
9147808,2.0
9148576,2.0
9149184,2.0
9149472,1.9375
9149504,2.0
9149664,2.0
9149952,1.9375
9150656,2.0
9151360,2.0
9151488,1.9375
9151616,2.0
9152192,2.0
9153312,2.0
9153728,2.0
9156064,2.0
9156832,1.9375
9157056,2.0
9158432,2.0
9158816,2.0
9159712,2.0
9159904,2.0
9160032,1.9375
9160192,2.0
9160576,2.0
9160960,2.0
9162208,1.9375
9162560,2.0
9162848,2.0
9162912,2.0
9163648,1.875
9163808,2.0
9165664,2.0
9167200,1.9375
9167424,2.0
9167616,2.0
9168064,2.0
9168960,2.0
9172416,2.0
9172704,2.0
9173376,2.0
9173888,1.9375
9174080,2.0
9175104,1.9375
9176128,2.0
9178304,2.0
9178496,2.0
9178528,2.0
9179936,2.0
9181824,1.9375
9182496,1.9375
9183552,1.9375
9184864,2.0
9185376,2.0
9186080,2.0
9186784,2.0
9188576,2.0
9189600,1.9375
9190784,2.0
9193248,2.0
9193312,2.0
9193568,2.0
9194624,1.9375
9195264,2.0
9198976,1.9375
9199584,2.0
9201696,2.0
9201888,2.0
9202816,2.0
9205184,2.0
9205760,2.0
9206240,2.0
9206752,1.9375
9207680,2.0
9207808,2.0
9207936,2.0
9209952,2.0
9211456,2.0
9213184,2.0
9214560,2.0
9215520,2.0
9218496,2.0
9218688,2.0
9219552,2.0
9220352,2.0
9220512,2.0
9222528,2.0
9223936,2.0
9225408,2.0
9226464,2.0
9226976,2.0
9227904,2.0
9230464,2.0
9231264,2.0
9231968,1.9375
9232064,2.0
9232192,2.0
9233024,2.0
9237120,2.0
9237792,2.0
9238528,2.0
9240352,2.0
9241728,2.0
9245728,1.9375
9246016,2.0
9246272,2.0
9246528,2.0
9248128,2.0
9248672,2.0
9248768,2.0
9252352,2.0
9255872,1.875
9256352,1.9375
9262176,2.0
9262912,2.0
9264448,2.0
9266016,2.0
9266816,2.0
9268096,1.9375
9269504,1.9375
9271264,1.9375
9271776,2.0
9272832,2.0
9274112,2.0
9276288,2.0
9276672,2.0
9278752,2.0
9280608,2.0
9281344,1.875
9281728,2.0
9286688,2.0
9286720,2.0
9287552,2.0
9288320,2.0
9288448,2.0
9289184,2.0
9289792,2.0
9290272,2.0
9291456,2.0
9292736,1.9375
9293760,2.0
9294816,2.0
9294848,1.9375
9295488,2.0
9297184,2.0
9297344,2.0
9298304,2.0
9298528,2.0
9301696,2.0
9303392,2.0
9305376,2.0
9305824,1.9375
9305856,2.0
9307552,2.0
9307744,2.0
9308096,1.9375
9308736,2.0
9309120,1.9375
9309344,2.0
9309664,2.0
9310208,2.0
9311072,2.0
9312512,2.0
9313792,1.9375
9317056,1.9375
9317408,2.0
9318976,2.0
9319072,2.0
9319488,2.0
9319904,2.0
9321184,2.0
9321312,1.9375
9322976,2.0
9324256,2.0
9325824,2.0
9326144,2.0
9326592,2.0
9328256,2.0
9329952,2.0
9330688,2.0
9331072,1.875
9331392,2.0
9332512,2.0
9335296,2.0
9336064,2.0
9336224,1.9375
9338464,2.0
9339520,2.0
9339872,2.0
9340352,2.0
9340480,2.0
9342816,2.0
9344000,2.0
9344192,2.0
9345920,2.0
9346688,2.0
9347744,2.0
9349696,2.0
9349824,2.0
9351104,2.0
9352608,1.9375
9355328,2.0
9357024,1.9375
9357728,2.0
9357952,2.0
9359520,2.0
9363264,2.0
9363392,2.0
9364128,2.0
9364160,1.9375
9365504,2.0
9367936,2.0
9368608,2.0
9371392,1.9375
9372320,1.9375
9372480,2.0
9373280,2.0
9374080,2.0
9378240,2.0
9378432,2.0
9378496,1.9375
9383264,2.0
9385216,2.0
9385408,2.0
9385600,1.9375
9386112,2.0
9386720,2.0
9387744,2.0
9387776,2.0
9387904,1.9375
9388640,2.0
9390368,2.0
9391872,2.0
9392128,2.0
9392512,2.0
9393408,2.0
9393664,2.0
9394176,1.9375
9395424,2.0
9395648,2.0
9398112,2.0
9398304,2.0
9402240,2.0
9402272,2.0
9402560,2.0
9403296,2.0
9404448,2.0
9405472,2.0
9405504,2.0
9405824,2.0
9405888,2.0
9406112,2.0
9406144,2.0
9406816,2.0
9406976,2.0
9407104,1.9375
9408448,2.0
9409600,1.9375
9410080,2.0
9410624,2.0
9411072,1.9375
9411296,1.9375
9411872,2.0
9412448,2.0
9413696,2.0
9415456,1.9375
9417024,2.0
9418592,2.0
9419264,2.0
9420288,2.0
9420480,2.0
9422528,2.0
9423040,2.0
9423616,1.9375
9423872,2.0
9423904,2.0
9423968,1.9375
9425056,2.0
9426144,2.0
9426336,2.0
9426464,2.0
9431808,2.0
9432512,2.0
9434720,1.9375
9437760,2.0
9438336,2.0
9440512,2.0
9440768,2.0
9443328,2.0
9444064,1.9375
9444384,2.0
9446208,2.0
9446592,1.9375
9447136,2.0
9448800,2.0
9449472,2.0
9449888,2.0
9450432,1.9375
9452736,2.0
9452832,2.0
9453536,1.9375
9456448,2.0
9456672,1.9375
9457824,2.0
9457888,2.0
9458208,2.0
9458240,2.0
9458272,2.0
9458528,2.0
9461664,2.0
9464608,2.0
9465344,1.9375
9465472,2.0
9465568,2.0
9467264,2.0
9468672,2.0
9469952,2.0
9472160,2.0
9475680,2.0
9476800,2.0
9477120,1.9375
9478048,2.0
9479776,2.0
9480768,1.9375
9481280,2.0
9481344,2.0
9482176,2.0
9482592,2.0
9483040,2.0
9483200,2.0
9483360,1.9375
9483776,2.0
9484864,2.0
9485792,2.0
9486304,2.0
9488416,2.0
9489472,2.0
9489984,2.0
9491360,2.0
9491552,2.0
9491808,1.9375
9492832,2.0
9495200,2.0
9495552,2.0
9496576,2.0
9496928,1.9375
9499264,2.0
9499552,2.0
9500736,2.0
9501088,2.0
9502144,2.0
9502176,2.0
9502976,2.0
9503456,1.9375
9503520,2.0
9504512,2.0
9504576,2.0
9505568,2.0
9506240,2.0
9508608,1.9375
9508800,1.9375
9508928,2.0
9512672,2.0
9514624,2.0
9514688,2.0
9515584,2.0
9516992,2.0
9517504,2.0
9517888,2.0
9518784,1.9375
9519936,2.0
9520192,1.9375
9521152,2.0
9523648,2.0
9524864,2.0
9525856,2.0
9527744,2.0
9530752,2.0
9534464,2.0
9534496,2.0
9535712,2.0
9536224,2.0
9536544,2.0
9540256,2.0
9541888,2.0
9542656,2.0
9543840,2.0
9544256,2.0
9545120,2.0
9546816,1.9375
9548864,2.0
9548928,1.9375
9549568,2.0
9549600,1.9375
9551232,2.0
9553056,2.0
9553088,2.0
9554656,2.0
9556672,1.9375
9557248,2.0
9557280,1.875
9559424,2.0
9559552,2.0
9559776,2.0
9560000,2.0
9560576,2.0
9561408,2.0
9561920,2.0
9562304,2.0
9563840,2.0
9565248,2.0
9565440,2.0
9565568,2.0
9568320,2.0
9569120,2.0
9569824,2.0
9569952,2.0
9570368,2.0
9571392,1.9375
9573056,2.0
9573344,2.0
9573856,2.0
9575168,2.0
9576544,2.0
9576800,1.875
9579232,2.0
9580096,2.0
9583392,1.9375
9583488,2.0
9584224,2.0
9584256,1.9375
9584544,2.0
9585024,2.0
9588704,2.0
9590016,1.9375
9590048,2.0
9590592,2.0
9591232,2.0
9591264,2.0
9592480,2.0
9593088,2.0
9598656,2.0
9599904,2.0
9599968,2.0
9600448,2.0
9601728,2.0
9602368,2.0
9603008,2.0
9604096,2.0
9604832,2.0
9605664,2.0
9606336,2.0
9606592,2.0
9607552,2.0
9607680,2.0
9608032,1.9375
9609856,1.9375
9611648,2.0
9612064,2.0
9613856,2.0
9616544,2.0
9617952,2.0
9618624,2.0
9626560,2.0
9626976,2.0
9627424,2.0
9631040,1.9375
9631104,2.0
9631712,2.0
9632320,1.9375
9632928,2.0
9636800,2.0
9638592,2.0
9639136,2.0
9640832,1.9375
9641344,2.0
9642144,2.0
9642816,2.0
9643168,1.9375
9643232,2.0
9643872,1.9375
9644352,2.0
9645600,2.0
9648896,1.9375
9650784,2.0
9652384,2.0
9653280,2.0
9656448,2.0
9658560,1.9375
9659520,1.9375
9660608,2.0
9660736,2.0
9661024,1.9375
9662048,2.0
9663328,1.875
9663392,2.0
9663456,2.0
9663552,2.0
9663680,2.0
9664128,2.0
9664736,2.0
9665984,2.0
9666016,2.0
9666176,2.0
9666304,2.0
9666688,2.0
9666816,2.0
9668672,2.0
9668960,2.0
9669440,2.0
9669600,2.0
9672992,2.0
9673120,2.0
9674560,2.0
9679808,2.0
9679936,2.0
9680544,2.0
9680640,2.0
9681792,2.0
9687424,2.0
9688128,2.0
9688480,2.0
9689056,2.0
9690496,1.9375
9691744,2.0
9691872,2.0
9693536,2.0
9694208,2.0
9695296,2.0
9697312,2.0
9699264,1.9375
9700960,2.0
9701632,2.0
9703328,2.0
9703904,2.0
9704352,1.9375
9706944,2.0
9709376,2.0
9709472,2.0
9709792,1.9375
9710112,2.0
9710752,1.9375
9714560,2.0
9718016,2.0
9722048,2.0
9722784,1.9375
9724160,1.9375
9724384,1.9375
9725088,2.0
9727136,2.0
9727168,1.9375
9727520,2.0
9728512,2.0
9728768,2.0
9729408,1.9375
9731328,2.0
9732768,2.0
9735424,2.0
9736896,2.0
9737856,2.0
9741888,2.0
9742272,2.0
9743040,2.0
9743392,2.0
9745472,2.0
9748000,2.0
9748544,2.0
9748640,2.0
9750304,1.9375
9752128,2.0
9753408,2.0
9753888,2.0
9754208,1.9375
9754912,2.0
9755328,2.0
9755840,2.0
9756384,2.0
9757120,1.9375
9761440,2.0
9762848,2.0
9764192,2.0
9765056,1.875
9766432,2.0
9766528,2.0
9768128,2.0
9768736,2.0
9771680,1.9375
9773568,2.0
9773856,2.0
9774656,1.9375
9775552,2.0
9775968,2.0
9777824,2.0
9777984,1.9375
9778560,2.0
9778976,2.0
9780096,2.0
9781280,2.0
9783680,2.0
9784352,2.0
9785216,2.0
9785568,2.0
9787488,1.9375
9787680,2.0
9788864,2.0
9788896,2.0
9789376,2.0
9789760,2.0
9790624,2.0
9790816,2.0
9791424,2.0
9791936,2.0
9792864,1.9375
9793408,1.9375
9793856,2.0
9798592,2.0
9799744,2.0
9802368,2.0
9802528,2.0
9803392,2.0
9806240,2.0
9807520,2.0
9807744,2.0
9808832,2.0
9808992,1.9375
9809376,2.0
9812896,2.0
9813408,2.0
9814016,2.0
9814848,2.0
9815584,2.0
9815808,2.0
9816416,2.0
9817984,2.0
9818080,2.0
9818432,2.0
9818464,2.0
9819904,2.0
9821248,2.0
9821376,1.9375
9821824,2.0
9823008,2.0
9823680,2.0
9823872,2.0
9824960,2.0
9826336,2.0
9827488,2.0
9828512,2.0
9828608,1.9375
9829536,2.0
9830592,2.0
9832000,2.0
9832192,2.0
9835232,2.0
9836416,2.0
9838048,2.0
9838624,1.9375
9838976,2.0
9839456,2.0
9841184,2.0
9843040,2.0
9844192,2.0
9844448,2.0
9844512,2.0
9846528,2.0
9846624,2.0
9847424,2.0
9848032,2.0
9849184,2.0
9851104,2.0
9851424,2.0
9852544,2.0
9853600,2.0
9853632,1.9375
9853920,2.0
9855104,2.0
9856704,2.0
9857056,2.0
9861312,1.9375
9861344,1.9375
9861568,2.0
9863584,2.0
9864832,1.9375
9866112,2.0
9867008,2.0
9867040,2.0
9868608,1.9375
9871072,2.0
9872192,1.9375
9872544,2.0
9873248,2.0
9874816,2.0
9876064,2.0
9876320,2.0
9877632,2.0
9877728,2.0
9877824,2.0
9878016,2.0
9878048,2.0
9878944,2.0
9878976,2.0
9879008,2.0
9879296,2.0
9879936,2.0
9880928,2.0
9884288,2.0
9885888,2.0
9886304,2.0
9886400,2.0
9887072,1.875
9889248,2.0
9889408,2.0
9890592,2.0
9891200,2.0
9892448,2.0
9892992,2.0
9894016,2.0
9894304,2.0
9894464,2.0
9894688,2.0
9896192,2.0
9897312,2.0
9900256,1.9375
9900896,2.0
9900992,2.0
9901824,2.0
9903392,2.0
9903968,2.0
9904896,2.0
9904928,2.0
9904992,2.0
9906464,2.0
9906912,2.0
9909472,2.0
9909600,2.0
9912128,2.0
9913216,2.0
9915200,2.0
9915424,2.0
9916352,2.0
9917344,2.0
9919328,2.0
9921088,2.0
9921792,2.0
9924320,2.0
9924512,2.0
9925632,2.0
9925728,2.0
9926592,2.0
9926912,1.9375
9928064,2.0
9928192,2.0
9931360,2.0
9931744,1.9375
9933216,2.0
9933344,2.0
9935136,2.0
9935296,2.0
9935328,2.0
9936288,2.0
9938592,2.0
9941696,2.0
9944000,2.0
9944384,1.9375
9945376,2.0
9945760,2.0
9946272,2.0
9946944,2.0
9947904,2.0
9949312,2.0
9949440,2.0
9949920,1.9375
9950368,2.0
9950432,2.0
9951264,1.9375
9952832,2.0
9953856,2.0
9955712,2.0
9957856,2.0
9957952,2.0
9959744,1.9375
9960608,2.0
9961728,2.0
9961792,2.0
9962688,2.0
9962848,2.0
9965568,2.0
9966592,2.0
9966688,2.0
9969344,2.0
9969504,2.0
9969568,2.0
9970016,2.0
9970784,2.0
9973888,2.0
9976864,2.0
9979136,2.0
9979200,1.9375
9981472,2.0
9982144,2.0
9983040,2.0
9985184,2.0
9985632,2.0
9985728,1.9375
9986624,2.0
9989152,1.9375
9989312,2.0
9990816,2.0
9990976,2.0
9992832,1.9375
9992960,2.0
9993600,2.0
9994240,2.0
