step,value
544,0.0
768,0.0
1824,0.0
2144,0.0
2336,0.0
2624,0.0
4576,0.0
4672,0.0
4864,0.0
5632,0.0
6048,0.0
7296,0.0
8096,0.0
9792,0.0
10400,0.0
12064,0.0
12128,0.0
16736,0.0
16864,0.0
16992,0.0
18080,0.0
18912,0.0
19424,0.0
19712,0.0
20896,0.0
20928,0.0
21344,0.0
22720,0.0
24256,0.0
24320,0.0
24512,0.0
25152,0.0
26176,0.0
26560,0.0
27008,0.0
27136,0.0
27200,0.0
27360,0.0
28096,0.0
28320,0.0
29504,0.0
31488,0.0
33312,0.0
33856,0.0
34976,0.0
36160,0.0
37728,0.0
39136,0.0
39616,0.0
43328,0.0
44544,0.0
45152,0.0
47488,0.0
48672,0.0
49920,0.0
50496,0.0
52128,0.0
52320,0.0
54112,0.0
54336,0.0
54560,0.0
56672,0.0
59680,0.0
59776,0.0
60864,0.0
61376,0.0
61568,0.0
61664,0.0
64960,0.0
66080,0.0
67776,0.0
67968,0.0
68928,0.0
69440,0.0
71616,0.0
72832,0.0
75040,0.0
76448,0.0
76512,0.0
77632,0.0
79232,0.0
80096,0.0
80480,0.0
80960,0.0
81536,0.0
82752,0.0
83264,0.0
83328,0.0
84128,0.0
86528,0.0
88032,0.0
88448,0.0
89632,0.0
91552,0.0
91616,0.0
96192,0.0
96288,0.0
100096,0.0
100640,0.0
101152,0.0
101344,0.0
102016,0.0
105888,0.0
106528,0.0
106720,0.0
106976,0.0
107872,0.0
108224,0.0
108768,0.0
109376,0.0
109952,0.0
110848,0.0
111712,0.0
113024,0.0
113280,0.0
113312,0.0
113408,0.0
114016,0.0
115328,0.0
116480,0.0
116672,0.0
117248,0.0
117696,0.0
118432,0.0
118528,0.0
118784,0.0
118912,0.0
119040,0.0
119680,0.0
121280,0.0
122016,0.0
125568,0.0
126272,0.0
127392,0.0
127936,0.0
129600,0.0
129888,0.0
129952,0.0
130560,0.0
131648,0.0
132416,0.0
132928,0.0
133568,0.0
134016,0.0
134592,0.0
135744,0.0
136096,0.0
136256,0.0
136544,0.0
140096,0.0
140960,0.0
143712,0.0
144896,0.0
144960,0.0
145600,0.0
146656,0.0
148832,0.0
150528,0.0
151712,0.0
151840,0.0
152032,0.0
152640,0.0
152928,0.0
153088,0.0
154656,0.0
155264,0.0
155360,0.0
156640,0.0
157344,0.0
158112,0.0
161472,0.0
162720,0.0
163424,0.0
165632,0.0
166752,0.0
168672,0.0
168768,0.0
170016,0.0
170240,0.0
172032,0.0
172544,0.0
174048,0.0
174112,0.0
175840,0.0
177600,0.0
179584,0.0
180224,0.0
180544,0.0
181792,0.0
183712,0.0
184160,0.0
185376,0.0
186048,0.0
186176,0.0
186688,0.0
187872,0.0
188576,0.0
189888,0.0
190016,0.0
190880,0.0
191392,0.0
192128,0.0
193728,0.0
194656,0.0
195168,0.0
195360,0.0
195904,0.0
196384,0.0
196544,0.0
196864,0.0
198848,0.0
198912,0.0
200032,0.0
200288,0.0
200672,0.0
201664,0.0
201888,0.0
203392,0.0
204064,0.0
205120,0.0
209216,0.0
209312,0.0
211520,0.0
214816,0.0
215136,0.0
218048,0.0
219040,0.0
220704,0.0
222848,0.0
224960,0.0
225184,0.0
226624,0.0
228000,0.0
229824,0.0
231616,0.0
232096,0.0
232128,0.0
233152,0.0
234112,0.0
235264,0.0
236000,0.0
236128,0.0
236864,0.0
238048,0.0
238112,0.0
240416,0.0
240608,0.0
240864,0.0
242048,0.0
242656,0.0
243680,0.0
243840,0.0
245632,0.0
247104,0.0
247264,0.0
248288,0.0
249216,0.0
251488,0.0
254304,0.0
256288,0.0
258112,0.0
258496,0.0
259488,0.0
259520,0.0
260096,0.0
261152,0.0
263552,0.0
264160,0.0
264512,0.0
264896,0.0
265216,0.0
265504,0.0
265536,0.0
266464,0.0
268416,0.0
268960,0.0
269184,0.0
269696,0.0
269824,0.0
269920,0.0
272256,0.0
273408,0.0
274368,0.0
275584,0.0
275680,0.0
276000,0.0
277312,0.0
278112,0.0
282208,0.0
284320,0.0
284864,0.0
287456,0.0
288096,0.0
289088,0.0
289952,0.0
290912,0.0
292672,0.0
296640,0.0
297440,0.0
298080,0.0
298560,0.0
301280,0.0
302272,0.0
304480,0.0
304768,0.0
306368,0.0
306720,0.0
307712,0.0
310368,0.0
312576,0.0
312736,0.0
313952,0.0
314464,0.0
314592,0.0
314624,0.0
315392,0.0
316128,0.0
316608,0.0
318720,0.0
318752,0.0
318848,0.0
320640,0.0
321824,0.0
322944,0.0
324352,0.0
326144,0.0
327840,0.0
328320,0.0
329952,0.0
331520,0.0
332512,0.0
332960,0.0
333216,0.0
333728,0.0
336256,0.0
337440,0.0
338880,0.0
339872,0.0
340384,0.0
341056,0.0
341120,0.0
341280,0.0
342560,0.0
344768,0.0
345152,0.0
346688,0.0
348064,0.0
349312,0.0
350176,0.0
352640,0.0
352672,0.0
352736,0.0
352960,0.0
353152,0.0
353408,0.0
355616,0.0
356256,0.0
356576,0.0
356608,0.0
358880,0.0
358944,0.0
359360,0.0
361536,0.0
361984,0.0
362176,0.0
364064,0.0
364704,0.0
364928,0.0
366080,0.0
366272,0.0
366656,0.0
369312,0.0
370816,0.0
371328,0.0
372768,0.0
372960,0.0
375744,0.0
375904,0.0
376160,0.0
376448,0.0
378272,0.0
380000,0.0
380928,0.0
381408,0.0
382528,0.0
383040,0.0
384032,0.0
384064,0.0
384640,0.0
384928,0.0
385952,0.0
385984,0.0
386240,0.0
386368,0.0
387584,0.0
389568,0.0
390112,0.0
391392,0.0
392064,0.0
394368,0.0
394816,0.0
395040,0.0
395328,0.0
396096,0.0
398176,0.0
399392,0.0
399968,0.0
400224,0.0
400608,0.0
401728,0.0
402336,0.0
403040,0.0
404512,0.0
404544,0.0
406816,0.0
407136,0.0
407648,0.0
408992,0.0
410976,0.0
412928,0.0
413120,0.0
413312,0.0
413376,0.0
413920,0.0
415072,0.0
420000,0.0
421984,0.0
424096,0.0
424256,0.0
424928,0.0
425152,0.0
425536,0.0
426944,0.0
429216,0.0
429312,0.0
429888,0.0
430176,0.0
430752,0.0
433376,0.0
434368,0.0
435264,0.0
436800,0.0
437728,0.0
438400,0.0
441504,0.0
442208,0.0
444128,0.0
445152,0.0
446784,0.0
446976,0.0
447776,0.0
449216,0.0
449856,0.0
451392,0.0
454272,0.0
454368,0.0
456256,0.0
456832,0.0
457888,0.0
457920,0.0
458976,0.0
459584,0.0
460928,0.0
461920,0.0
462496,0.0
463936,0.0
465056,0.0
465568,0.0
465760,0.0
466208,0.0
467296,0.0
469056,0.0
469216,0.0
470720,0.0
471232,0.0
472256,0.0
473216,0.0
473312,0.0
473344,0.0
473728,0.0
475008,0.0
475584,0.0
476256,0.0
476480,0.0
478208,0.0
478912,0.0
479456,0.0
481376,0.0
481536,0.0
483488,0.0
485120,0.0
485920,0.0
487872,0.0
488096,0.0
488128,0.0
489248,0.0
492896,0.0
493280,0.0
494400,0.0
496384,0.0
496416,0.0
496832,0.0
498656,0.0
500608,0.0
502752,0.0
507392,0.0
507488,0.0
507744,0.0
508416,0.0
508736,0.0
509120,0.0
509216,0.0
509632,0.0
510432,0.0
514048,0.0
514848,0.0
514976,0.0
515552,0.0
516416,0.0
517024,0.0
518272,0.0
518464,0.0
518528,0.0
518624,0.0
519008,0.0
519872,0.0
521120,0.0
525216,0.0
526656,0.0
527488,0.0
527648,0.0
527808,0.0
528480,0.0
529920,0.0
530432,0.0
532384,0.0
533376,0.0
534752,0.0
534944,0.0
536352,0.0
536704,0.0
536992,0.0
537664,0.0
537984,0.0
538016,0.0
538976,0.0
539520,0.0
539616,0.0
539904,0.0
541152,0.0
541408,0.0
543040,0.0
546624,0.0
547104,0.0
547680,0.0
549376,0.0
549440,0.0
549504,0.0
550336,0.0
552544,0.0
553152,0.0
554816,0.0
555776,0.0
556800,0.0
557344,0.0
559296,0.0
562240,0.0
562432,0.0
562752,0.0
563072,0.0
564160,0.0
564960,0.0
565728,0.0
566048,0.0
566112,0.0
568128,0.0
569088,0.0
569376,0.0
570368,0.0
570624,0.0
571232,0.0
571776,0.0
571872,0.0
572032,0.0
573024,0.0
574976,0.0
575104,0.0
576224,0.0
576384,0.0
577920,0.0
579456,0.0
579776,0.0
580896,0.0
582368,0.0
582880,0.0
583712,0.0
584544,0.0
585312,0.0
585888,0.0
588064,0.0
588480,0.0
588736,0.0
588768,0.0
589504,0.0
592160,0.0
597280,0.0
597472,0.0
597760,0.0
598816,0.0
599808,0.0
601056,0.0
602176,0.0
602368,0.0
602464,0.0
604672,0.0
609248,0.0
610016,0.0
610368,0.0
610688,0.0
610816,0.0
611776,0.0
618176,0.0
620128,0.0
620384,0.0
622112,0.0
622144,0.0
623456,0.0
624832,0.0
624960,0.0
625120,0.0
625184,0.0
625216,0.0
625952,0.0
626016,0.0
627296,0.0
629184,0.0
629472,0.0
630496,0.0
630688,0.0
630976,0.0
632096,0.0
632160,0.0
632512,0.0
632544,0.0
632608,0.0
636000,0.0
638016,0.0
638208,0.0
638656,0.0
640672,0.0
640704,0.0
640736,0.0
641088,0.0
641408,0.0
642048,0.0
642464,0.0
643136,0.0
643840,0.0
644128,0.0
645120,0.0
645344,0.0
645472,0.0
647104,0.0
647136,0.0
647520,0.0
647616,0.0
648896,0.0
649536,0.0
650560,0.0
651072,0.0
652544,0.0
654336,0.0
656000,0.0
657280,0.0
659776,0.0
660320,0.0
660928,0.0
661280,0.0
662528,0.0
662784,0.0
663776,0.0
663936,0.0
666144,0.0
666272,0.0
667296,0.0
672320,0.0
672864,0.0
674496,0.0
674944,0.0
675520,0.0
676288,0.0
677568,0.0
678464,0.0
679680,0.0
680224,0.0
680992,0.0
681280,0.0
681664,0.0
683136,0.0
683584,0.0
683680,0.0
685248,0.0
685568,0.0
686976,0.0
689536,0.0
690144,0.0
691168,0.0
692064,0.0
693408,0.0
693664,0.0
693856,0.0
693952,0.0
694272,0.0
694944,0.0
695488,0.0
695616,0.0
695936,0.0
696128,0.0
696672,0.0
701152,0.0
701184,0.0
701312,0.0
701344,0.0
701792,0.0
702912,0.0
702944,0.0
703296,0.0
703424,0.0
704064,0.0
707328,0.0
709024,0.0
709632,0.0
711328,0.0
713440,0.0
715168,0.0
716000,0.0
720256,0.0
720768,0.0
721088,0.0
721728,0.0
722304,0.0
722880,0.0
723840,0.0
724064,0.0
724384,0.0
724576,0.0
724864,0.0
724960,0.0
725184,0.0
725504,0.0
727136,0.0
727808,0.0
729088,0.0
729184,0.0
730816,0.0
732256,0.0
732640,0.0
732832,0.0
733504,0.0
733728,0.0
733984,0.0
735040,0.0
735936,0.0
736736,0.0
739744,0.0
741728,0.0
743264,0.0
743616,0.0
746176,0.0
747264,0.0
747488,0.0
747648,0.0
748224,0.0
749664,0.0
749856,0.0
750944,0.0
751360,0.0
751840,0.0
752992,0.0
754464,0.0
758400,0.0
758976,0.0
759296,0.0
759520,0.0
761248,0.0
761760,0.0
762304,0.0
764160,0.0
765568,0.0
765760,0.0
766048,0.0
768224,0.0
771872,0.0
772448,0.0
773024,0.0
773280,0.0
775232,0.0
777472,0.0
778592,0.0
779488,0.0
779520,0.0
783392,0.0
783520,0.0
784480,0.0
784672,0.0
784864,0.0
784960,0.0
787712,0.0
789312,0.0
791360,0.0
791552,0.0
793696,0.0
795232,0.0
796128,0.0
797632,0.0
799232,0.0
799680,0.0
800928,0.0
801344,0.0
802560,0.0
802656,0.0
802752,0.0
803968,0.0
805536,0.0
805888,0.0
806944,0.0
807392,0.0
807968,0.0
809216,0.0
809280,0.0
809344,0.0
809408,0.0
809568,0.0
809792,0.0
810208,0.0
811456,0.0
811744,0.0
812448,0.0
812576,0.0
812608,0.0
814624,0.0
815200,0.0
816384,0.0
816576,0.0
816704,0.0
818528,0.0
818880,0.0
819392,0.0
820256,0.0
820768,0.0
821056,0.0
821728,0.0
822304,0.0
823328,0.0
826144,0.0
827744,0.0
828192,0.0
828352,0.0
828800,0.0
829056,0.0
829120,0.0
832352,0.0
833056,0.0
833280,0.0
834656,0.0
835616,0.0
836192,0.0
837216,0.0
837664,0.0
837984,0.0
838336,0.0
838560,0.0
840224,0.0
840704,0.0
844032,0.0
844384,0.0
845920,0.0
846464,0.0
854368,0.0
854784,0.0
855968,0.0
856800,0.0
857952,0.0
860192,0.0
862560,0.0
863232,0.0
863712,0.0
863904,0.0
865856,0.0
866528,0.0
867840,0.0
868384,0.0
869408,0.0
869952,0.0
870816,0.0
872544,0.0
872704,0.0
874016,0.0
875584,0.0
877216,0.0
879776,0.0
880000,0.0
880128,0.0
882272,0.0
882880,0.0
884480,0.0
885536,0.0
885952,0.0
886240,0.0
887968,0.0
889856,0.0
892224,0.0
893056,0.0
893152,0.0
893504,0.0
894720,0.0
895200,0.0
896096,0.0
896640,0.0
899072,0.0
899232,0.0
899264,0.0
899488,0.0
900896,0.0
902080,0.0
902816,0.0
903648,0.0
904224,0.0
904480,0.0
907040,0.0
907232,0.0
909056,0.0
909504,0.0
911616,0.0
912064,0.0
912448,0.0
913024,0.0
913664,0.0
913952,0.0
914272,0.0
915680,0.0
917952,0.0
918528,0.0
923488,0.0
923904,0.0
925280,0.0
925344,0.0
925920,0.0
925952,0.0
926272,0.0
926912,0.0
929632,0.0
931840,0.0
932384,0.0
934656,0.0
935232,0.0
936608,0.0
941088,0.0
941408,0.0
944768,0.0
944864,0.0
944928,0.0
945216,0.0
946976,0.0
949696,0.0
951936,0.0
951968,0.0
952800,0.0
953088,0.0
953664,0.0
954848,0.0
955296,0.0
957184,0.0
957600,0.0
958624,0.0
959456,0.0
960288,0.0
960384,0.0
961152,0.0
962976,0.0
963264,0.0
964192,0.0
964896,0.0
965376,0.0
966720,0.0
968672,0.0
970272,0.0
974400,0.0
975008,0.0
976096,0.0
976128,0.0
976224,0.0
979200,0.0
982144,0.0
982784,0.0
985024,0.0
985120,0.0
985632,0.0
986816,0.0
987520,0.0
988896,0.0
990528,0.0
990880,0.0
991168,0.0
993440,0.0
995072,0.0
995712,0.0
995744,0.0
996128,0.0
997024,0.0
997376,0.0
997600,0.0
1001536,0.0
1002272,0.0
1003936,0.0
1004064,0.0
1004160,0.0
1004960,0.0
1007712,0.0
1007840,0.0
1008512,0.0
1008800,0.0
1009344,0.0
1010304,0.0
1010720,0.0
1011744,0.0
1011904,0.0
1012768,0.0
1012960,0.0
1013504,0.0
1013536,0.0
1013792,0.0
1013856,0.0
1014464,0.0
1014816,0.0
1015360,0.0
1016352,0.0
1016768,0.0
1017184,0.0
1018112,0.0
1018848,0.0
1022496,0.0
1024736,0.0
1024800,0.0
1025280,0.0
1025312,0.0
1025664,0.0
1025792,0.0
1026400,0.0
1026976,0.0
1027200,0.0
1027584,0.0
1027936,0.0
1029280,0.0
1031456,0.0
1031808,0.0
1031968,0.0
1033120,0.0
1035904,0.0
1036672,0.0
1036864,0.0
1040192,0.0
1041600,0.0
1042080,0.0
1042624,0.0
1047008,0.0
1047584,0.0
1047872,0.0
1048000,0.0
1048320,0.0
1049664,0.0
1050816,0.0
1051648,0.0
1053056,0.0
1054272,0.0
1054848,0.0
1055232,0.0
1056800,0.0
1057184,0.0
1057696,0.0
1060736,0.0
1063072,0.0
1063456,0.0
1064672,0.0
1065280,0.0
1066752,0.0
1067168,0.0
1067296,0.0
1068320,0.0
1068832,0.0
1070080,0.0
1070976,0.0
1072480,0.0
1073312,0.0
1074656,0.0
1076192,0.0
1079104,0.0
1079584,0.0
1080224,0.0
1081024,0.0
1081280,0.0
1081376,0.0
1081504,0.0
1082208,0.0
1083136,0.0
1083648,0.0
1084896,0.0
1086752,0.0
1086944,0.0
1088640,0.0
1088736,0.0
1090432,0.0
1092096,0.0
1093280,0.0
1094496,0.0
1094752,0.0
1095872,0.0
1099104,0.0
1099968,0.0
1102144,0.0
1103296,0.0
1104128,0.0
1106016,0.0
1107808,0.0
1107840,0.0
1108384,0.0
1108800,0.0
1110464,0.0
1110720,0.0
1111808,0.0
1113952,0.0
1114240,0.0
1114304,0.0
1116800,0.0
1118976,0.0
1120032,0.0
1120576,0.0
1121376,0.0
1121856,0.0
1122368,0.0
1122784,0.0
1123648,0.0
1126496,0.0
1129376,0.0
1131136,0.0
1134336,0.0
1134368,0.0
1138368,0.0
1138688,0.0
1138848,0.0
1143840,0.0
1145248,0.0
1147616,0.0
1148064,0.0
1149888,0.0
1149952,0.0
1152544,0.0
1153120,0.0
1153536,0.0
1154880,0.0
1157152,0.0
1158560,0.0
1158688,0.0
1161888,0.0
1162912,0.0
1165216,0.0
1165664,0.0
1167296,0.0
1167744,0.0
1168480,0.0
1168512,0.0
1170560,0.0
1170656,0.0
1172800,0.0
1175264,0.0
1177856,0.0
1178752,0.0
1179680,0.0
1182528,0.0
1183136,0.0
1183328,0.0
1183360,0.0
1184992,0.0
1186048,0.0
1186848,0.0
1188768,0.0
1189984,0.0
1191168,0.0
1191520,0.0
1195072,0.0
1196832,0.0
1198496,0.0
1200224,0.0
1200992,0.0
1201472,0.0
1202720,0.0
1203008,0.0
1205632,0.0
1205856,0.0
1207456,0.0
1211936,0.0
1212032,0.0
1213984,0.0
1214048,0.0
1214784,0.0
1215104,0.0
1215296,0.0
1217152,0.0
1217664,0.0
1218784,0.0
1219840,0.0
1222240,0.0
1222400,0.0
1222784,0.0
1223744,0.0
1224448,0.0
1225728,0.0
1227808,0.0
1228672,0.0
1229920,0.0
1230624,0.0
1231616,0.0
1231840,0.0
1232480,0.0
1232544,0.0
1233472,0.0
1234016,0.0
1234240,0.0
1235584,0.0
1236992,0.0
1237472,0.0
1237504,0.0
1238272,0.0
1238464,0.0
1238528,0.0
1240672,0.0
1242976,0.0
1243200,0.0
1245664,0.0
1247712,0.0
1248480,0.0
1250720,0.0
1250752,0.0
1250816,0.0
1252064,0.0
1253504,0.0
1254816,0.0
1255392,0.0
1255456,0.0
1258464,0.0
1259584,0.0
1259648,0.0
1260064,0.0
1260768,0.0
1261184,0.0
1261984,0.0
1263456,0.0
1263552,0.0
1264672,0.0
1265984,0.0
1266368,0.0
1266560,0.0
1267520,0.0
1268544,0.0
1269824,0.0
1272192,0.0
1272448,0.0
1275936,0.0
1277152,0.0
1278944,0.0
1281248,0.0
1281632,0.0
1282048,0.0
1283616,0.0
1285056,0.0
1286112,0.0
1286240,0.0
1287456,0.0
1289376,0.0
1289600,0.0
1290144,0.0
1291968,0.0
1292960,0.0
1293376,0.0
1293664,0.0
1294336,0.0
1294976,0.0
1296704,0.0
1297088,0.0
1299072,0.0
1299296,0.0
1300192,0.0
1300928,0.0
1301376,0.0
1302816,0.0
1303360,0.0
1303392,0.0
1304256,0.0
1304864,0.0
1305312,0.0
1306176,0.0
1306784,0.0
1306976,0.0
1307072,0.0
1307456,0.0
1309984,0.0
1311008,0.0
1312224,0.0
1313248,0.0
1314304,0.0
1314976,0.0
1315424,0.0
1318016,0.0
1318720,0.0
1318880,0.0
1320032,0.0
1320384,0.0
1320960,0.0
1320992,0.0
1321376,0.0
1321408,0.0
1321696,0.0
1322848,0.0
1323072,0.0
1324320,0.0
1327200,0.0
1327808,0.0
1329312,0.0
1329792,0.0
1330912,0.0
1333920,0.0
1334784,0.0
1335296,0.0
1336480,0.0
1337504,0.0
1339872,0.0
1339936,0.0
1342016,0.0
1342624,0.0
1345024,0.0
1350528,0.0
1350784,0.0
1351232,0.0
1351616,0.0
1353920,0.0
1354208,0.0
1358528,0.0
1358560,0.0
1358592,0.0
1359712,0.0
1360416,0.0
1360864,0.0
1360992,0.0
1361344,0.0
1361920,0.0
1362464,0.0
1365536,0.0
1365824,0.0
1366720,0.0
1367168,0.0
1367424,0.0
1370560,0.0
1372704,0.0
1373312,0.0
1374592,0.0
1375072,0.0
1375552,0.0
1376000,0.0
1376448,0.0
1378336,0.0
1378624,0.0
1378688,0.0
1380960,0.0
1381280,0.0
1383136,0.0
1383424,0.0
1383680,0.0
1383872,0.0
1385888,0.0
1386368,0.0
1387712,0.0
1389568,0.0
1389792,0.0
1390496,0.0
1390752,0.0
1392736,0.0
1394656,0.0
1394912,0.0
1396512,0.0
1396832,0.0
1397600,0.0
1399136,0.0
1399904,0.0
1400320,0.0
1400352,0.0
1400640,0.0
1401792,0.0
1402176,0.0
1403008,0.0
1403648,0.0
1405376,0.0
1406656,0.0
1406944,0.0
1407776,0.0
1408448,0.0
1408832,0.0
1410176,0.0
1411648,0.0
1413216,0.0
1413984,0.0
1415744,0.0
1417344,0.0
1417760,0.0
1418752,0.0
1419520,0.0
1420384,0.0
1420448,0.0
1420896,0.0
1421376,0.0
1421536,0.0
1421664,0.0
1422080,0.0
1424544,0.0
1426112,0.0
1426272,0.0
1427232,0.0
1428544,0.0
1430848,0.0
1431808,0.0
1431872,0.0
1432000,0.0
1435776,0.0
1437856,0.0
1438048,0.0
1439264,0.0
1440256,0.0
1441408,0.0
1441536,0.0
1442336,0.0
1442720,0.0
1443840,0.0
1444064,0.0
1447008,0.0
1447328,0.0
1448480,0.0
1449472,0.0
1450272,0.0
1451008,0.0
1451168,0.0
1451232,0.0
1451328,0.0
1452640,0.0
1455840,0.0
1456544,0.0
1457536,0.0
1458784,0.0
1459776,0.0
1461472,0.0
1461696,0.0
1461760,0.0
1462432,0.0
1463008,0.0
1463584,0.0
1463648,0.0
1465024,0.0
1465088,0.0
1466624,0.0
1467136,0.0
1469376,0.0
1470080,0.0
1470720,0.0
1472544,0.0
1473664,0.0
1476768,0.0
1477792,0.0
1479968,0.0
1480256,0.0
1481056,0.0
1481312,0.0
1483776,0.0
1484224,0.0
1485696,0.0
1485760,0.0
1486208,0.0
1489408,0.0
1489472,0.0
1489728,0.0
1489952,0.0
1490528,0.0
1491392,0.0
1492416,0.0
1493792,0.0
1494752,0.0
1495104,0.0
1496576,0.0
1497056,0.0
1498688,0.0
1498784,0.0
1500800,0.0
1501568,0.0
1501824,0.0
1502624,0.0
1505184,0.0
1505376,0.0
1512896,0.0
1513408,0.0
1513504,0.0
1514176,0.0
1514432,0.0
1514720,0.0
1516096,0.0
1516768,0.0
1518304,0.0
1521152,0.0
1521504,0.0
1522560,0.0
1522720,0.0
1523168,0.0
1524448,0.0
1525984,0.0
1527840,0.0
1528000,0.0
1531328,0.0
1531744,0.0
1532512,0.0
1532640,0.0
1535680,0.0
1537568,0.0
1538400,0.0
1538464,0.0
1539040,0.0
1539264,0.0
1539424,0.0
1539616,0.0
1539872,0.0
1540000,0.0
1540544,0.0
1541312,0.0
1542432,0.0
1542464,0.0
1543616,0.0
1543872,0.0
1546336,0.0
1548640,0.0
1549152,0.0
1549216,0.0
1549344,0.0
1554432,0.0
1556160,0.0
1557856,0.0
1558432,0.0
1563808,0.0
1564224,0.0
1564640,0.0
1566304,0.0
1566976,0.0
1567808,0.0
1567872,0.0
1569472,0.0
1575200,0.0
1575648,0.0
1576096,0.0
1578336,0.0
1578752,0.0
1579648,0.0
1581344,0.0
1582048,0.0
1582368,0.0
1582464,0.0
1583040,0.0
1583872,0.0
1583936,0.0
1584128,0.0
1584512,0.0
1584704,0.0
1586432,0.0
1586912,0.0
1586944,0.0
1587072,0.0
1589664,0.0
1590368,0.0
1590816,0.0
1591072,0.0
1592704,0.0
1593376,0.0
1595648,0.0
1596640,0.0
1597216,0.0
1598176,0.0
1598400,0.0
1599296,0.0
1599648,0.0
1600192,0.0
1600256,0.0
1600288,0.0
1600640,0.0
1604352,0.0
1605600,0.0
1605984,0.0
1606496,0.0
1607328,0.0
1607392,0.0
1608000,0.0
1608800,0.0
1609760,0.0
1609824,0.0
1611040,0.0
1611584,0.0
1612096,0.0
1612864,0.0
1614240,0.0
1614656,0.0
1614720,0.0
1614912,0.0
1616512,0.0
1617184,0.0
1620032,0.0
1620928,0.0
1622592,0.0
1623520,0.0
1625728,0.0
1626368,0.0
1627776,0.0
1629792,0.0
1629824,0.0
1630496,0.0
1630656,0.0
1630816,0.0
1631232,0.0
1632864,0.0
1633248,0.0
1634112,0.0
1634976,0.0
1635392,0.0
1635872,0.0
1637152,0.0
1640160,0.0
1640704,0.0
1641952,0.0
1643104,0.0
1645056,0.0
1645600,0.0
1646208,0.0
1648096,0.0
1648768,0.0
1650496,0.0
1651264,0.0
1651584,0.0
1651872,0.0
1652128,0.0
1652160,0.0
1652928,0.0
1653632,0.0
1654304,0.0
1654400,0.0
1654944,0.0
1656800,0.0
1659008,0.0
1659264,0.0
1660672,0.0
1661152,0.0
1661280,0.0
1662240,0.0
1662720,0.0
1663488,0.0
1664864,0.0
1665056,0.0
1667424,0.0
1670016,0.0
1670336,0.0
1671200,0.0
1672096,0.0
1672224,0.0
1672960,0.0
1674976,0.0
1675104,0.0
1675200,0.0
1675456,0.0
1676192,0.0
1677472,0.0
1678624,0.0
1678688,0.0
1678816,0.0
1678848,0.0
1678880,0.0
1679072,0.0
1680544,0.0
1680928,0.0
1682336,0.0
1682400,0.0
1683264,0.0
1684128,0.0
1684608,0.0
1684640,0.0
1684736,0.0
1686656,0.0
1688128,0.0
1688704,0.0
1689760,0.0
1692672,0.0
1693952,0.0
1694432,0.0
1695136,0.0
1695840,0.0
1695968,0.0
1698176,0.0
1698752,0.0
1700256,0.0
1701184,0.0
1701408,0.0
1702144,0.0
1703200,0.0
1705152,0.0
1705632,0.0
1706048,0.0
1708160,0.0
1708384,0.0
1708768,0.0
1709504,0.0
1710624,0.0
1712480,0.0
1713888,0.0
1715424,0.0
1716256,0.0
1716544,0.0
1716736,0.0
1718752,0.0
1721568,0.0
1722496,0.0
1723424,0.0
1724000,0.0
1724960,0.0
1727232,0.0
1727296,0.0
1730368,0.0
1730656,0.0
1732352,0.0
1732608,0.0
1732736,0.0
1733088,0.0
1734144,0.0
1734432,0.0
1735936,0.0
1736352,0.0
1736864,0.0
1737888,0.0
1741088,0.0
1741120,0.0
1741920,0.0
1744480,0.0
1744576,0.0
1744640,0.0
1746144,0.0
1748096,0.0
1749952,0.0
1752224,0.0
1753088,0.0
1754272,0.0
1755936,0.0
1757664,0.0
1757760,0.0
1758272,0.0
1758976,0.0
1759392,0.0
1760864,0.0
1764064,0.0
1764128,0.0
1765408,0.0
1766976,0.0
1767872,0.0
1768704,0.0
1768736,0.0
1769568,0.0
1772960,0.0
1774528,0.0
1775520,0.0
1776512,0.0
1777664,0.0
1781216,0.0
1781632,0.0
1783328,0.0
1783680,0.0
1783936,0.0
1784992,0.0
1788416,0.0
1788864,0.0
1789504,0.0
1789568,0.0
1790176,0.0
1791072,0.0
1791584,0.0
1791840,0.0
1792896,0.0
1794240,0.0
1794496,0.0
1794592,0.0
1794624,0.0
1794720,0.0
1794816,0.0
1796992,0.0
1797216,0.0
1797664,0.0
1798112,0.0
1798592,0.0
1800000,0.0
1805088,0.0
1805184,0.0
1805440,0.0
1806080,0.0
1806112,0.0
1806336,0.0
1807296,0.0
1808192,0.0
1809504,0.0
1811840,0.0
1812992,0.0
1814464,0.0
1817984,0.0
1818048,0.0
1818112,0.0
1819040,0.0
1819104,0.0
1821024,0.0
1823200,0.0
1826048,0.0
1826336,0.0
1829984,0.0
1830400,0.0
1831648,0.0
1832352,0.0
1833248,0.0
1833408,0.0
1833984,0.0
1834016,0.0
1836256,0.0
1836704,0.0
1836832,0.0
1838016,0.0
1838528,0.0
1841696,0.0
1842016,0.0
1842656,0.0
1843712,0.0
1844672,0.0
1844768,0.0
1845312,0.0
1846496,0.0
1847168,0.0
1848768,0.0
1850112,0.0
1850144,0.0
1850240,0.0
1850656,0.0
1851616,0.0
1854432,0.0
1854528,0.0
1855712,0.0
1855744,0.0
1855872,0.0
1856064,0.0
1857248,0.0
1857632,0.0
1858496,0.0
1858784,0.0
1859424,0.0
1861280,0.0
1861888,0.0
1862688,0.0
1864160,0.0
1864640,0.0
1866464,0.0
1868352,0.0
1868480,0.0
1870368,0.0
1870528,0.0
1871200,0.0
1872832,0.0
1874080,0.0
1874976,0.0
1875424,0.0
1875584,0.0
1876096,0.0
1876320,0.0
1877824,0.0
1880992,0.0
1881728,0.0
1883040,0.0
1883808,0.0
1884128,0.0
1884352,0.0
1886048,0.0
1886144,0.0
1886656,0.0
1887552,0.0
1888224,0.0
1889344,0.0
1890080,0.0
1890112,0.0
1891168,0.0
1894368,0.0
1894528,0.0
1896160,0.0
1898848,0.0
1899424,0.0
1899744,0.0
1901088,0.0
1901312,0.0
1902080,0.0
1903040,0.0
1905280,0.0
1907584,0.0
1908928,0.0
1913536,0.0
1913856,0.0
1915264,0.0
1915328,0.0
1915776,0.0
1915904,0.0
1915968,0.0
1916448,0.0
1916608,0.0
1920928,0.0
1922112,0.0
1923296,0.0
1923744,0.0
1923904,0.0
1925312,0.0
1927776,0.0
1928960,0.0
1929376,0.0
1931136,0.0
1932224,0.0
1934560,0.0
1935264,0.0
1935744,0.0
1935808,0.0
1936480,0.0
1937088,0.0
1937120,0.0
1937920,0.0
1942144,0.0
1943968,0.0
1946720,0.0
1948128,0.0
1948640,0.0
1948832,0.0
1949184,0.0
1950656,0.0
1951584,0.0
1952384,0.0
1953216,0.0
1953728,0.0
1955232,0.0
1955360,0.0
1956576,0.0
1956960,0.0
1959456,0.0
1960480,0.0
1961536,0.0
1963328,0.0
1963488,0.0
1965024,0.0
1965792,0.0
1967424,0.0
1969440,0.0
1970400,0.0
1972416,0.0
1974112,0.0
1974432,0.0
1977568,0.0
1977600,0.0
1978208,0.0
1979200,0.0
1979552,0.0
1980288,0.0
1981024,0.0
1982240,0.0
1982880,0.0
1983200,0.0
1983264,0.0
1983520,0.0
1984448,0.0
1985280,0.0
1986592,0.0
1989056,0.0
1989376,0.0
1989888,0.0
1990144,0.0
1990944,0.0
1991136,0.0
1991200,0.0
1991296,0.0
1991488,0.0
1991808,0.0
1992800,0.0
1997152,0.0
1997824,0.0
1998176,0.0
1999264,0.0
1999584,0.0
2000160,0.0
2001024,0.0
2001120,0.0
2002816,0.0
2004192,0.0
2006240,0.0
2007904,0.0
2008768,0.0
2009056,0.0
2011936,0.0
2012288,0.0
2012512,0.0
2012992,0.0
2016000,0.0
2018368,0.0
2020128,0.0
2020416,0.0
2021728,0.0
2022976,0.0
2024288,0.0
2025216,0.0
2025536,0.0
2025920,0.0
2027040,0.0
2027232,0.0
2027616,0.0
2028224,0.0
2029824,0.0
2030048,0.0
2030240,0.0
2031200,0.0
2032288,0.0
2032512,0.0
2033504,0.0
2034752,0.0
2035136,0.0
2035424,0.0
2035712,0.0
2035904,0.0
2036928,0.0
2039520,0.0
2040576,0.0
2042848,0.0
2042880,0.0
2048096,0.0
2048704,0.0
2049184,0.0
2050176,0.0
2051488,0.0
2051808,0.0
2052480,0.0
2054464,0.0
2055680,0.0
2059552,0.0
2059872,0.0
2060864,0.0
2061344,0.0
2061504,0.0
2061728,0.0
2062944,0.0
2063520,0.0
2063616,0.0
2064128,0.0
2064736,0.0
2065248,0.0
2066016,0.0
2067904,0.0
2068448,0.0
2069600,0.0
2069696,0.0
2073120,0.0
2073184,0.0
2073984,0.0
2074240,0.0
2076320,0.0
2076480,0.0
2076544,0.0
2077088,0.0
2077824,0.0
2078496,0.0
2078912,0.0
2079296,0.0
2079392,0.0
2081664,0.0
2081888,0.0
2082816,0.0
2084960,0.0
2085792,0.0
2090400,0.0
2094272,0.0
2095520,0.0
2095616,0.0
2096384,0.0
2099456,0.0
2102720,0.0
2102976,0.0
2103040,0.0
2104096,0.0
2104992,0.0
2106528,0.0
2106592,0.0
2107008,0.0
2108384,0.0
2109248,0.0
2109344,0.0
2109600,0.0
2110688,0.0
2111360,0.0
2111488,0.0
2112224,0.0
2112768,0.0
2113952,0.0
2114080,0.0
2116288,0.0
2117696,0.0
2118912,0.0
2119136,0.0
2121184,0.0
2123232,0.0
2123840,0.0
2123936,0.0
2127232,0.0
2128704,0.0
2129344,0.0
2129664,0.0
2130464,0.0
2131520,0.0
2132992,0.0
2133472,0.0
2133568,0.0
2134816,0.0
2135264,0.0
2135360,0.0
2135520,0.0
2140000,0.0
2141280,0.0
2142528,0.0
2143040,0.0
2143392,0.0
2143616,0.0
2143648,0.0
2144928,0.0
2147520,0.0
2147552,0.0
2148640,0.0
2149952,0.0
2152064,0.0
2152384,0.0
2153312,0.0
2156832,0.0
2156864,0.0
2157024,0.0
2158336,0.0
2158528,0.0
2158720,0.0
2162496,0.0
2162592,0.0
2162624,0.0
2163360,0.0
2163424,0.0
2168192,0.0
2170400,0.0
2171456,0.0
2172288,0.0
2173024,0.0
2174848,0.0
2176064,0.0
2177216,0.0
2178688,0.0
2180448,0.0
2181024,0.0
2181472,0.0
2181632,0.0
2184192,0.0
2185120,0.0
2186272,0.0
2188608,0.0
2191936,0.0
2192736,0.0
2193952,0.0
2194112,0.0
2194176,0.0
2195232,0.0
2195712,0.0
2197216,0.0
2198464,0.0
2199200,0.0
2199648,0.0
2201216,0.0
2202560,0.0
2202944,0.0
2204704,0.0
2204960,0.0
2204992,0.0
2205536,0.0
2207392,0.0
2210240,0.0
2212032,0.0
2213216,0.0
2213824,0.0
2214336,0.0
2214400,0.0
2218048,0.0
2219040,0.0
2219648,0.0
2220768,0.0
2221376,0.0
2222560,0.0
2223008,0.0
2223072,0.0
2224000,0.0
2225184,0.0
2227712,0.0
2227744,0.0
2231680,0.0
2231776,0.0
2232384,0.0
2236416,0.0
2236736,0.0
2237024,0.0
2237184,0.0
2237728,0.0
2237856,0.0
2239840,0.0
2240064,0.0
2240352,0.0
2240800,0.0
2241600,0.0
2242048,0.0
2242176,0.0
2242304,0.0
2242432,0.0
2242496,0.0
2242848,0.0
2243936,0.0
2244352,0.0
2245024,0.0
2245888,0.0
2246240,0.0
2246400,0.0
2249216,0.0
2250176,0.0
2252384,0.0
2253856,0.0
2255392,0.0
2256000,0.0
2256128,0.0
2258464,0.0
2260256,0.0
2262848,0.0
2262880,0.0
2263488,0.0
2264000,0.0
2265696,0.0
2265952,0.0
2266016,0.0
2267264,0.0
2270784,0.0
2272064,0.0
2272320,0.0
2272928,0.0
2273120,0.0
2273696,0.0
2274272,0.0
2274976,0.0
2277184,0.0
2277344,0.0
2277856,0.0
2278816,0.0
2278848,0.0
2278944,0.0
2278976,0.0
2280896,0.0
2281248,0.0
2282400,0.0
2284672,0.0
2284768,0.0
2285024,0.0
2285760,0.0
2285792,0.0
2286688,0.0
2289824,0.0
2290048,0.0
2291104,0.0
2291200,0.0
2291616,0.0
2292608,0.0
2293632,0.0
2295488,0.0
2296864,0.0
2299168,0.0
2300896,0.0
2301344,0.0
2302784,0.0
2303936,0.0
2306752,0.0
2307584,0.0
2308864,0.0
2309824,0.0
2311712,0.0
2314944,0.0
2315040,0.0
2316288,0.0
2316800,0.0
2316832,0.0
2317792,0.0
2319040,0.0
2319072,0.0
2319712,0.0
2320224,0.0
2320960,0.0
2321184,0.0
2321568,0.0
2323424,0.0
2325280,0.0
2328224,0.0
2328352,0.0
2331712,0.0
2334176,0.0
2334944,0.0
2335552,0.0
2337024,0.0
2337536,0.0
2339200,0.0
2341088,0.0
2344064,0.0
2344224,0.0
2344576,0.0
2345472,0.0
2346208,0.0
2348352,0.0
2348608,0.0
2351200,0.0
2351232,0.0
2351456,0.0
2353312,0.0
2353696,0.0
2355776,0.0
2358368,0.0
2359168,0.0
2361184,0.0
2361280,0.0
2361984,0.0
2362528,0.0
2365088,0.0
2365312,0.0
2367168,0.0
2367264,0.0
2369184,0.0
2369888,0.0
2370048,0.0
2370112,0.0
2371232,0.0
2371328,0.0
2371904,0.0
2372864,0.0
2374816,0.0
2376576,0.0
2376992,0.0
2377600,0.0
2378432,0.0
2379872,0.0
2381024,0.0
2381664,0.0
2382048,0.0
2383424,0.0
2383744,0.0
2384448,0.0
2386112,0.0
2387168,0.0
2387360,0.0
2387424,0.0
2389120,0.0
2390080,0.0
2391008,0.0
2392672,0.0
2392800,0.0
2396192,0.0
2396736,0.0
2397664,0.0
2397920,0.0
2399424,0.0
2399456,0.0
2401056,0.0
2401792,0.0
2403712,0.0
2403808,0.0
2403936,0.0
2404992,0.0
2407552,0.0
2408352,0.0
2409792,0.0
2410624,0.0
2411840,0.0
2414176,0.0
2414496,0.0
2414688,0.0
2414848,0.0
2414944,0.0
2415520,0.0
2416224,0.0
2416896,0.0
2417024,0.0
2417536,0.0
2417632,0.0
2420416,0.0
2421600,0.0
2422144,0.0
2423776,0.0
2424864,0.0
2425760,0.0
2426464,0.0
2426720,0.0
2426912,0.0
2428096,0.0
2430624,0.0
2430976,0.0
2432768,0.0
2435136,0.0
2435872,0.0
2436288,0.0
2436960,0.0
2438656,0.0
2440320,0.0
2441472,0.0
2441952,0.0
2444672,0.0
2445248,0.0
2445344,0.0
2446208,0.0
2446272,0.0
2447872,0.0
2451584,0.0
2451680,0.0
2452608,0.0
2453056,0.0
2457024,0.0
2459872,0.0
2460096,0.0
2460320,0.0
2460544,0.0
2461408,0.0
2463616,0.0
2464480,0.0
2465280,0.0
2465792,0.0
2466336,0.0
2466688,0.0
2467552,0.0
2468768,0.0
2469472,0.0
2469536,0.0
2470080,0.0
2472352,0.0
2473760,0.0
2474656,0.0
2476064,0.0
2477920,0.0
2478400,0.0
2480960,0.0
2484768,0.0
2486112,0.0
2487872,0.0
2487904,0.0
2489728,0.0
2490912,0.0
2491232,0.0
2492704,0.0
2494688,0.0
2495040,0.0
2495968,0.0
2498272,0.0
2498592,0.0
2501408,0.0
2505216,0.0
2506336,0.0
2507040,0.0
2507520,0.0
2508288,0.0
2508352,0.0
2509120,0.0
2512224,0.0
2513248,0.0
2513632,0.0
2514016,0.0
2514656,0.0
2516096,0.0
2516416,0.0
2517664,0.0
2517984,0.0
2518784,0.0
2518944,0.0
2519904,0.0
2520800,0.0
2523584,0.0
2523712,0.0
2525216,0.0
2525632,0.0
2527008,0.0
2527072,0.0
2528160,0.0
2529056,0.0
2531904,0.0
2532640,0.0
2534016,0.0
2535520,0.0
2538112,0.0
2539712,0.0
2539904,0.0
2541504,0.0
2541888,0.0
2542464,0.0
2543328,0.0
2543744,0.0
2544224,0.0
2545472,0.0
2545664,0.0
2546240,0.0
2547168,0.0
2547424,0.0
2547456,0.0
2548288,0.0
2548768,0.0
2549120,0.0
2550464,0.0
2550560,0.0
2554464,0.0
2555776,0.0
2555968,0.0
2558400,0.0
2561120,0.0
2562432,0.0
2562528,0.0
2562720,0.0
2566816,0.0
2567104,0.0
2567616,0.0
2567936,0.0
2568160,0.0
2571936,0.0
2575424,0.0
2576288,0.0
2576928,0.0
2577568,0.0
2578624,0.0
2580192,0.0
2580256,0.0
2581312,0.0
2582528,0.0
2583264,0.0
2584832,0.0
2585504,0.0
2587776,0.0
2587872,0.0
2588320,0.0
2588992,0.0
2589920,0.0
2590304,0.0
2590752,0.0
2590784,0.0
2591424,0.0
2591936,0.0
2592640,0.0
2593472,0.0
2593824,0.0
2595136,0.0
2595744,0.0
2595904,0.0
2596960,0.0
2597120,0.0
2598240,0.0
2598336,0.0
2598624,0.0
2599392,0.0
2599616,0.0
2600160,0.0
2602080,0.0
2602944,0.0
2603136,0.0
2606688,0.0
2608800,0.0
2608928,0.0
2610624,0.0
2613312,0.0
2614080,0.0
2614816,0.0
2615488,0.0
2618144,0.0
2619168,0.0
2619200,0.0
2619520,0.0
2620832,0.0
2622592,0.0
2622688,0.0
2624128,0.0
2624512,0.0
2625120,0.0
2628736,0.0
2629696,0.0
2629856,0.0
2631296,0.0
2631488,0.0
2632288,0.0
2632640,0.0
2634080,0.0
2634272,0.0
2634464,0.0
2638528,0.0
2639040,0.0
2639904,0.0
2639968,0.0
2640448,0.0
2640960,0.0
2641120,0.0
2644608,0.0
2644704,0.0
2644896,0.0
2645152,0.0
2648256,0.0
2649184,0.0
2650336,0.0
2654016,0.0
2654496,0.0
2655104,0.0
2655680,0.0
2656448,0.0
2657664,0.0
2659424,0.0
2659552,0.0
2659616,0.0
2659808,0.0
2660672,0.0
2661056,0.0
2661376,0.0
2662176,0.0
2662432,0.0
2665184,0.0
2666496,0.0
2667744,0.0
2669088,0.0
2670176,0.0
2670816,0.0
2671264,0.0
2672192,0.0
2672800,0.0
2673568,0.0
2673792,0.0
2674208,0.0
2674240,0.0
2676096,0.0
2676256,0.0
2676384,0.0
2679136,0.0
2683648,0.0
2684000,0.0
2684032,0.0
2684416,0.0
2686464,0.0
2686688,0.0
2687872,0.0
2688512,0.0
2688992,0.0
2690976,0.0
2692512,0.0
2693792,0.0
2694816,0.0
2695712,0.0
2695936,0.0
2697536,0.0
2699040,0.0
2699200,0.0
2699296,0.0
2699520,0.0
2699648,0.0
2701152,0.0
2704128,0.0
2704160,0.0
2704384,0.0
2704608,0.0
2705408,0.0
2710880,0.0
2711840,0.0
2714784,0.0
2715872,0.0
2716384,0.0
2716608,0.0
2716672,0.0
2718656,0.0
2722112,0.0
2722272,0.0
2722496,0.0
2723168,0.0
2723328,0.0
2724800,0.0
2726752,0.0
2726848,0.0
2727328,0.0
2730752,0.0
2732032,0.0
2732800,0.0
2733536,0.0
2733952,0.0
2734528,0.0
2736512,0.0
2736640,0.0
2738272,0.0
2740128,0.0
2740384,0.0
2740608,0.0
2742880,0.0
2743520,0.0
2744512,0.0
2745120,0.0
2745792,0.0
2747200,0.0
2748640,0.0
2749856,0.0
2750592,0.0
2752288,0.0
2753536,0.0
2755808,0.0
2757056,0.0
2758048,0.0
2759520,0.0
2761760,0.0
2762336,0.0
2762464,0.0
2763072,0.0
2763808,0.0
2765376,0.0
2765984,0.0
2766176,0.0
2769024,0.0
2771872,0.0
2772256,0.0
2773664,0.0
2775104,0.0
2776544,0.0
2776928,0.0
2776992,0.0
2778144,0.0
2778368,0.0
2781472,0.0
2781504,0.0
2782848,0.0
2783008,0.0
2783392,0.0
2783744,0.0
2784864,0.0
2785024,0.0
2785248,0.0
2785568,0.0
2786624,0.0
2787296,0.0
2788960,0.0
2788992,0.0
2789056,0.0
2789216,0.0
2791520,0.0
2791648,0.0
2792416,0.0
2793280,0.0
2794336,0.0
2795008,0.0
2798400,0.0
2799936,0.0
2800032,0.0
2800960,0.0
2801312,0.0
2801696,0.0
2804800,0.0
2806816,0.0
2808416,0.0
2808512,0.0
2808928,0.0
2809024,0.0
2809792,0.0
2810272,0.0
2810592,0.0
2810752,0.0
2810944,0.0
2811424,0.0
2815552,0.0
2816608,0.0
2822304,0.0
2822592,0.0
2822688,0.0
2822848,0.0
2823456,0.0
2823552,0.0
2827232,0.0
2829024,0.0
2829952,0.0
2830496,0.0
2831584,0.0
2832288,0.0
2832448,0.0
2834816,0.0
2836256,0.0
2836448,0.0
2836672,0.0
2837088,0.0
2837216,0.0
2838464,0.0
2841600,0.0
2841888,0.0
2845120,0.0
2845440,0.0
2847712,0.0
2848320,0.0
2849120,0.0
2849920,0.0
2850592,0.0
2851008,0.0
2852416,0.0
2853824,0.0
2857152,0.0
2858112,0.0
2858592,0.0
2859072,0.0
2859360,0.0
2861760,0.0
2861792,0.0
2862048,0.0
2863008,0.0
2863840,0.0
2864352,0.0
2864544,0.0
2866848,0.0
2867456,0.0
2867968,0.0
2868256,0.0
2871744,0.0
2876512,0.0
2878496,0.0
2879392,0.0
2879520,0.0
2880864,0.0
2885312,0.0
2891456,0.0
2891968,0.0
2893120,0.0
2894016,0.0
2896992,0.0
2897024,0.0
2897696,0.0
2900864,0.0
2901312,0.0
2901920,0.0
2901984,0.0
2902144,0.0
2904032,0.0
2904416,0.0
2904992,0.0
2905664,0.0
2905856,0.0
2908096,0.0
2908224,0.0
2908992,0.0
2911168,0.0
2911296,0.0
2911328,0.0
2912160,0.0
2914496,0.0
2916288,0.0
2916384,0.0
2917152,0.0
2917184,0.0
2917952,0.0
2918560,0.0
2918688,0.0
2919040,0.0
2922400,0.0
2923584,0.0
2925632,0.0
2925824,0.0
2926368,0.0
2927328,0.0
2928768,0.0
2928864,0.0
2929568,0.0
2929696,0.0
2929920,0.0
2929984,0.0
2930496,0.0
2930720,0.0
2931136,0.0
2931456,0.0
2931840,0.0
2931968,0.0
2932064,0.0
2932864,0.0
2933728,0.0
2934528,0.0
2936032,0.0
2937696,0.0
2939936,0.0
2942752,0.0
2945024,0.0
2945184,0.0
2945312,0.0
2945376,0.0
2945408,0.0
2945440,0.0
2946560,0.0
2946880,0.0
2948736,0.0
2949120,0.0
2949568,0.0
2951200,0.0
2951264,0.0
2951872,0.0
2954816,0.0
2956576,0.0
2956608,0.0
2957632,0.0
2958848,0.0
2960064,0.0
2960096,0.0
2960832,0.0
2961888,0.0
2962272,0.0
2963904,0.0
2966176,0.0
2966624,0.0
2967968,0.0
2969216,0.0
2971808,0.0
2974656,0.0
2974784,0.0
2976832,0.0
2977440,0.0
2977664,0.0
2977952,0.0
2978368,0.0
2979008,0.0
2979392,0.0
2979840,0.0
2980320,0.0
2981312,0.0
2981760,0.0
2982848,0.0
2983200,0.0
2983808,0.0
2984000,0.0
2984800,0.0
2984864,0.0
2986368,0.0
2986592,0.0
2986912,0.0
2987616,0.0
2990176,0.0
2992896,0.0
2992992,0.0
2993280,0.0
2994560,0.0
2994688,0.0
2995552,0.0
2996192,0.0
2996704,0.0
2997312,0.0
3002464,0.0
3002528,0.0
3003840,0.0
3004384,0.0
3005152,0.0
3005312,0.0
3007136,0.0
3007552,0.0
3008160,0.0
3008928,0.0
3009152,0.0
3010240,0.0
3011008,0.0
3011392,0.0
3012448,0.0
3016800,0.0
3017248,0.0
3017568,0.0
3019104,0.0
3019616,0.0
3019648,0.0
3019840,0.0
3020416,0.0
3021920,0.0
3023520,0.0
3023872,0.0
3024960,0.0
3025088,0.0
3025760,0.0
3026400,0.0
3027168,0.0
3028480,0.0
3028736,0.0
3029056,0.0
3030848,0.0
3031264,0.0
3031744,0.0
3032096,0.0
3033248,0.0
3034848,0.0
3036352,0.0
3036416,0.0
3036960,0.0
3037408,0.0
3037440,0.0
3037536,0.0
3038048,0.0
3039328,0.0
3040448,0.0
3040512,0.0
3041184,0.0
3041312,0.0
3042272,0.0
3043104,0.0
3043136,0.0
3043264,0.0
3043616,0.0
3044768,0.0
3045536,0.0
3046240,0.0
3046304,0.0
3047552,0.0
3047616,0.0
3048096,0.0
3048864,0.0
3048896,0.0
3049152,0.0
3049664,0.0
3052576,0.0
3053280,0.0
3054656,0.0
3058944,0.0
3060544,0.0
3060640,0.0
3060960,0.0
3062176,0.0
3062944,0.0
3063104,0.0
3063520,0.0
3064064,0.0
3064352,0.0
3064800,0.0
3065088,0.0
3066688,0.0
3067648,0.0
3070176,0.0
3071520,0.0
3072416,0.0
3072864,0.0
3074592,0.0
3075584,0.0
3078368,0.0
3080160,0.0
3080288,0.0
3080832,0.0
3081408,0.0
3084800,0.0
3085024,0.0
3086368,0.0
3086880,0.0
3088192,0.0
3089536,0.0
3090240,0.0
3090400,0.0
3091264,0.0
3093088,0.0
3093312,0.0
3094368,0.0
3096960,0.0
3097248,0.0
3098848,0.0
3099136,0.0
3100800,0.0
3102144,0.0
3103488,0.0
3103776,0.0
3104288,0.0
3104672,0.0
3107072,0.0
3107200,0.0
3107840,0.0
3107904,0.0
3108096,0.0
3108128,0.0
3110784,0.0
3112384,0.0
3113088,0.0
3116448,0.0
3117344,0.0
3119488,0.0
3120416,0.0
3120896,0.0
3121312,0.0
3121472,0.0
3122784,0.0
3123872,0.0
3124512,0.0
3126720,0.0
3127168,0.0
3127680,0.0
3127712,0.0
3127872,0.0
3127968,0.0
3129504,0.0
3129824,0.0
3130624,0.0
3130848,0.0
3133280,0.0
3134848,0.0
3135424,0.0
3135840,0.0
3136384,0.0
3136480,0.0
3136768,0.0
3136896,0.0
3137088,0.0
3138496,0.0
3138624,0.0
3139488,0.0
3141664,0.0
3145120,0.0
3145248,0.0
3146144,0.0
3146368,0.0
3147232,0.0
3147648,0.0
3150368,0.0
3150656,0.0
3150976,0.0
3152832,0.0
3153184,0.0
3153664,0.0
3153984,0.0
3154592,0.0
3155136,0.0
3155904,0.0
3155968,0.0
3156000,0.0
3159424,0.0
3159552,0.0
3160064,0.0
3162688,0.0
3163616,0.0
3164352,0.0
3164736,0.0
3164992,0.0
3165056,0.0
3165760,0.0
3166080,0.0
3168480,0.0
3170048,0.0
3170080,0.0
3170944,0.0
3172128,0.0
3172608,0.0
3173760,0.0
3173888,0.0
3178240,0.0
3178336,0.0
3178752,0.0
3178848,0.0
3179840,0.0
3179872,0.0
3181088,0.0
3181376,0.0
3181472,0.0
3183104,0.0
3183648,0.0
3183808,0.0
3184160,0.0
3186464,0.0
3187104,0.0
3189568,0.0
3189856,0.0
3190176,0.0
3190560,0.0
3191328,0.0
3192352,0.0
3192704,0.0
3193664,0.0
3193920,0.0
3194688,0.0
3195296,0.0
3195776,0.0
3196192,0.0
3197856,0.0
3198016,0.0
3198944,0.0
3199616,0.0
3199744,0.0
3200000,0.0
3200320,0.0
3201344,0.0
3201504,0.0
3201632,0.0
3203200,0.0
3204224,0.0
3204480,0.0
3205696,0.0
3205760,0.0
3205952,0.0
3206848,0.0
3207040,0.0
3207328,0.0
3208416,0.0
3208736,0.0
3210144,0.0
3210368,0.0
3210752,0.0
3211712,0.0
3211840,0.0
3214208,0.0
3214752,0.0
3216064,0.0
3216256,0.0
3216800,0.0
3216960,0.0
3220800,0.0
3221504,0.0
3222624,0.0
3223392,0.0
3224256,0.0
3226208,0.0
3226944,0.0
3229952,0.0
3230240,0.0
3231648,0.0
3234144,0.0
3235328,0.0
3238368,0.0
3238976,0.0
3239264,0.0
3239392,0.0
3239520,0.0
3240960,0.0
3242400,0.0
3243168,0.0
3243552,0.0
3243712,0.0
3245728,0.0
3246848,0.0
3247936,0.0
3249536,0.0
3249984,0.0
3252032,0.0
3252096,0.0
3252160,0.0
3252192,0.0
3253120,0.0
3253696,0.0
3255200,0.0
3256576,0.0
3256768,0.0
3257024,0.0
3257888,0.0
3258688,0.0
3259360,0.0
3260064,0.0
3260288,0.0
3263520,0.0
3264224,0.0
3266976,0.0
3268160,0.0
3268256,0.0
3269376,0.0
3270336,0.0
3272640,0.0
3272864,0.0
3272896,0.0
3274624,0.0
3275200,0.0
3275296,0.0
3275936,0.0
3275968,0.0
3276640,0.0
3277760,0.0
3278368,0.0
3278592,0.0
3278912,0.0
3279232,0.0
3280064,0.0
3280128,0.0
3280192,0.0
3281184,0.0
3282976,0.0
3283136,0.0
3283840,0.0
3284000,0.0
3284032,0.0
3284256,0.0
3285344,0.0
3285696,0.0
3285952,0.0
3286464,0.0
3286656,0.0
3286944,0.0
3287744,0.0
3288064,0.0
3289216,0.0
3289504,0.0
3290592,0.0
3292672,0.0
3293856,0.0
3294496,0.0
3294688,0.0
3297760,0.0
3298176,0.0
3299584,0.0
3299808,0.0
3301152,0.0
3302144,0.0
3303008,0.0
3304096,0.0
3304288,0.0
3305248,0.0
3307968,0.0
3308800,0.0
3309088,0.0
3309344,0.0
3311424,0.0
3311712,0.0
3314208,0.0
3315168,0.0
3315712,0.0
3315744,0.0
3316064,0.0
3316736,0.0
3317600,0.0
3318432,0.0
3318912,0.0
3318944,0.0
3319136,0.0
3319328,0.0
3319680,0.0
3321312,0.0
3321856,0.0
3322688,0.0
3323040,0.0
3324768,0.0
3324928,0.0
3324992,0.0
3325760,0.0
3325984,0.0
3326816,0.0
3328032,0.0
3328864,0.0
3329856,0.0
3331456,0.0
3332352,0.0
3334080,0.0
3334848,0.0
3334880,0.0
3336256,0.0
3337312,0.0
3337824,0.0
3339296,0.0
3341952,0.0
3342912,0.0
3343264,0.0
3344032,0.0
3344128,0.0
3344416,0.0
3345952,0.0
3347904,0.0
3348512,0.0
3353056,0.0
3356320,0.0
3361088,0.0
3364416,0.0
3366496,0.0
3371104,0.0
3372320,0.0
3373632,0.0
3374240,0.0
3374304,0.0
3374656,0.0
3374880,0.0
3375232,0.0
3375936,0.0
3379456,0.0
3379648,0.0
3379776,0.0
3380512,0.0
3381984,0.0
3382240,0.0
3383712,0.0
3384000,0.0
3384768,0.0
3387904,0.0
3388640,0.0
3390304,0.0
3391296,0.0
3391520,0.0
3392032,0.0
3392544,0.0
3392992,0.0
3394560,0.0
3395008,0.0
3395296,0.0
3396256,0.0
3396768,0.0
3397536,0.0
3397664,0.0
3397984,0.0
3399360,0.0
3400864,0.0
3401952,0.0
3404000,0.0
3404096,0.0
3404832,0.0
3405216,0.0
3405664,0.0
3406240,0.0
3406592,0.0
3408224,0.0
3408864,0.0
3409408,0.0
3412896,0.0
3413056,0.0
3413824,0.0
3413984,0.0
3414208,0.0
3414304,0.0
3414496,0.0
3414528,0.0
3415264,0.0
3415456,0.0
3417024,0.0
3418144,0.0
3421024,0.0
3421312,0.0
3421600,0.0
3422144,0.0
3423232,0.0
3424896,0.0
3427968,0.0
3431808,0.0
3432096,0.0
3432640,0.0
3433760,0.0
3433984,0.0
3434176,0.0
3436960,0.0
3437728,0.0
3438464,0.0
3439808,0.0
3440640,0.0
3440800,0.0
3442176,0.0
3443424,0.0
3444128,0.0
3444736,0.0
3445216,0.0
3446432,0.0
3447104,0.0
3448992,0.0
3449312,0.0
3449472,0.0
3449664,0.0
3451488,0.0
3451616,0.0
3452096,0.0
3454048,0.0
3454656,0.0
3454976,0.0
3456384,0.0
3456736,0.0
3457024,0.0
3457088,0.0
3457696,0.0
3459680,0.0
3459744,0.0
3460352,0.0
3462144,0.0
3463136,0.0
3463936,0.0
3464672,0.0
3466176,0.0
3468704,0.0
3469344,0.0
3469440,0.0
3472320,0.0
3475424,0.0
3475808,0.0
3476160,0.0
3476928,0.0
3477152,0.0
3478432,0.0
3479520,0.0
3480320,0.0
3480576,0.0
3480928,0.0
3480960,0.0
3481600,0.0
3482112,0.0
3483520,0.0
3485056,0.0
3485536,0.0
3485664,0.0
3486176,0.0
3487360,0.0
3488352,0.0
3490208,0.0
3491296,0.0
3492416,0.0
3495200,0.0
3496416,0.0
3497024,0.0
3498176,0.0
3498880,0.0
3499136,0.0
3499328,0.0
3500032,0.0
3502176,0.0
3502720,0.0
3504768,0.0
3505376,0.0
3506624,0.0
3506912,0.0
3507232,0.0
3509728,0.0
3510208,0.0
3514688,0.0
3515104,0.0
3515872,0.0
3516416,0.0
3517280,0.0
3517472,0.0
3517792,0.0
3518400,0.0
3520800,0.0
3521088,0.0
3522176,0.0
3522304,0.0
3523776,0.0
3524480,0.0
3525184,0.0
3525760,0.0
3530944,0.0
3532032,0.0
3532608,0.0
3534624,0.0
3534816,0.0
3534848,0.0
3535200,0.0
3535520,0.0
3538400,0.0
3538720,0.0
3541632,0.0
3542656,0.0
3546208,0.0
3549568,0.0
3550688,0.0
3551936,0.0
3552224,0.0
3553184,0.0
3553472,0.0
3553728,0.0
3553952,0.0
3554560,0.0
3555360,0.0
3556256,0.0
3557248,0.0
3557408,0.0
3557472,0.0
3559072,0.0
3559520,0.0
3560256,0.0
3561184,0.0
3561216,0.0
3563072,0.0
3564288,0.0
3566272,0.0
3566784,0.0
3567456,0.0
3569856,0.0
3570144,0.0
3570400,0.0
3571328,0.0
3571424,0.0
3572384,0.0
3572736,0.0
3573088,0.0
3573504,0.0
3573952,0.0
3574560,0.0
3574880,0.0
3575008,0.0
3576032,0.0
3577216,0.0
3578304,0.0
3578848,0.0
3579424,0.0
3579712,0.0
3586048,0.0
3587392,0.0
3590592,0.0
3590848,0.0
3593600,0.0
3594880,0.0
3594912,0.0
3597952,0.0
3599584,0.0
3602784,0.0
3603648,0.0
3604960,0.0
3607872,0.0
3608448,0.0
3610048,0.0
3611520,0.0
3611552,0.0
3612096,0.0
3612640,0.0
3614208,0.0
3615040,0.0
3615296,0.0
3615712,0.0
3616288,0.0
3616896,0.0
3616928,0.0
3617472,0.0
3618912,0.0
3620192,0.0
3620448,0.0
3622400,0.0
3622656,0.0
3623264,0.0
3626368,0.0
3629152,0.0
3629344,0.0
3630272,0.0
3630816,0.0
3631168,0.0
3632352,0.0
3633600,0.0
3634688,0.0
3636480,0.0
3637312,0.0
3637440,0.0
3641184,0.0
3641536,0.0
3644000,0.0
3644608,0.0
3645728,0.0
3650240,0.0
3652512,0.0
3652768,0.0
3653056,0.0
3653664,0.0
3654976,0.0
3655168,0.0
3656320,0.0
3659104,0.0
3659456,0.0
3662112,0.0
3662656,0.0
3663136,0.0
3664160,0.0
3665984,0.0
3666688,0.0
3667680,0.0
3669280,0.0
3669504,0.0
3670624,0.0
3670784,0.0
3671104,0.0
3671168,0.0
3674944,0.0
3676992,0.0
3677472,0.0
3680448,0.0
3681440,0.0
3682816,0.0
3683360,0.0
3683872,0.0
3684064,0.0
3684448,0.0
3684768,0.0
3684928,0.0
3686080,0.0
3686432,0.0
3686720,0.0
3687040,0.0
3687200,0.0
3687328,0.0
3688512,0.0
3688832,0.0
3690016,0.0
3692032,0.0
3692128,0.0
3692736,0.0
3694176,0.0
3695040,0.0
3695712,0.0
3697088,0.0
3697600,0.0
3698208,0.0
3699904,0.0
3700416,0.0
3700544,0.0
3701600,0.0
3702240,0.0
3702656,0.0
3705824,0.0
3706880,0.0
3708672,0.0
3708832,0.0
3709664,0.0
3711072,0.0
3712128,0.0
3712416,0.0
3712832,0.0
3712960,0.0
3713696,0.0
3714048,0.0
3714368,0.0
3717152,0.0
3717248,0.0
3717824,0.0
3717888,0.0
3719712,0.0
3719840,0.0
3720224,0.0
3720672,0.0
3720704,0.0
3721088,0.0
3721120,0.0
3724512,0.0
3724960,0.0
3729440,0.0
3730464,0.0
3736768,0.0
3737952,0.0
3738464,0.0
3738912,0.0
3739904,0.0
3740288,0.0
3740608,0.0
3740864,0.0
3741216,0.0
3741696,0.0
3743008,0.0
3744480,0.0
3744704,0.0
3744768,0.0
3746048,0.0
3746432,0.0
3746688,0.0
3746944,0.0
3748352,0.0
3749024,0.0
3749344,0.0
3749600,0.0
3750656,0.0
3751296,0.0
3751584,0.0
3751616,0.0
3752352,0.0
3754496,0.0
3756928,0.0
3757696,0.0
3758560,0.0
3759360,0.0
3760192,0.0
3761152,0.0
3761664,0.0
3762176,0.0
3762464,0.0
3762784,0.0
3763776,0.0
3766976,0.0
3767584,0.0
3768512,0.0
3768832,0.0
3769632,0.0
3769696,0.0
3772000,0.0
3772448,0.0
3772864,0.0
3778592,0.0
3779616,0.0
3780864,0.0
3781888,0.0
3783200,0.0
3783232,0.0
3783392,0.0
3785088,0.0
3785408,0.0
3785824,0.0
3786208,0.0
3787904,0.0
3792480,0.0
3792672,0.0
3792960,0.0
3795264,0.0
3795296,0.0
3796160,0.0
3796384,0.0
3796704,0.0
3799264,0.0
3799616,0.0
3801824,0.0
3802048,0.0
3805088,0.0
3805184,0.0
3805728,0.0
3806912,0.0
3807584,0.0
3807648,0.0
3808224,0.0
3809536,0.0
3810016,0.0
3810880,0.0
3810944,0.0
3812160,0.0
3814656,0.0
3815648,0.0
3816352,0.0
3817504,0.0
3817984,0.0
3818560,0.0
3818656,0.0
3820064,0.0
3820256,0.0
3822752,0.0
3824416,0.0
3829024,0.0
3829216,0.0
3830368,0.0
3830976,0.0
3831040,0.0
3831392,0.0
3832000,0.0
3832320,0.0
3833056,0.0
3833312,0.0
3833824,0.0
3834080,0.0
3834592,0.0
3834784,0.0
3834976,0.0
3835072,0.0
3835328,0.0
3835616,0.0
3836064,0.0
3836288,0.0
3838400,0.0
3838848,0.0
3840000,0.0
3840896,0.0
3842272,0.0
3844704,0.0
3844768,0.0
3845152,0.0
3845696,0.0
3846240,0.0
3846560,0.0
3847648,0.0
3848352,0.0
3848512,0.0
3849184,0.0
3851008,0.0
3853952,0.0
3854112,0.0
3857472,0.0
3859072,0.0
3861856,0.0
3861888,0.0
3863616,0.0
3865152,0.0
3865632,0.0
3866400,0.0
3870880,0.0
3871296,0.0
3871776,0.0
3873856,0.0
3874048,0.0
3874240,0.0
3875936,0.0
3877056,0.0
3877696,0.0
3878496,0.0
3881344,0.0
3883712,0.0
3885184,0.0
3885376,0.0
3886464,0.0
3886816,0.0
3887328,0.0
3888512,0.0
3888576,0.0
3890080,0.0
3890624,0.0
3890752,0.0
3891872,0.0
3893408,0.0
3895520,0.0
3896992,0.0
3899424,0.0
3899456,0.0
3899488,0.0
3900128,0.0
3900544,0.0
3900704,0.0
3901024,0.0
3901216,0.0
3902272,0.0
3905984,0.0
3906112,0.0
3906208,0.0
3907488,0.0
3907840,0.0
3909824,0.0
3909888,0.0
3911040,0.0
3911200,0.0
3911296,0.0
3912512,0.0
3913344,0.0
3913408,0.0
3914880,0.0
3915232,0.0
3916512,0.0
3916864,0.0
3918944,0.0
3919232,0.0
3919360,0.0
3919680,0.0
3920032,0.0
3921856,0.0
3921888,0.0
3922400,0.0
3922720,0.0
3924032,0.0
3924096,0.0
3924512,0.0
3925760,0.0
3925920,0.0
3926560,0.0
3926624,0.0
3926688,0.0
3926816,0.0
3927456,0.0
3928512,0.0
3929888,0.0
3930848,0.0
3931616,0.0
3935584,0.0
3937088,0.0
3937344,0.0
3938432,0.0
3938880,0.0
3939360,0.0
3939744,0.0
3942720,0.0
3944096,0.0
3944800,0.0
3945568,0.0
3947264,0.0
3948000,0.0
3948256,0.0
3948544,0.0
3952032,0.0
3952608,0.0
3952640,0.0
3952960,0.0
3953696,0.0
3953728,0.0
3954400,0.0
3957920,0.0
3958400,0.0
3958752,0.0
3959008,0.0
3959168,0.0
3959360,0.0
3959872,0.0
3962176,0.0
3964032,0.0
3964096,0.0
3968288,0.0
3968704,0.0
3969600,0.0
3969760,0.0
3969952,0.0
3970752,0.0
3972608,0.0
3972800,0.0
3973120,0.0
3973344,0.0
3975264,0.0
3975904,0.0
3976736,0.0
3976800,0.0
3976896,0.0
3977152,0.0
3978240,0.0
3978912,0.0
3979328,0.0
3983616,0.0
3984480,0.0
3985312,0.0
3986880,0.0
3988064,0.0
3990048,0.0
3990144,0.0
3990784,0.0
3990880,0.0
3992832,0.0
3993504,0.0
3995584,0.0
3995616,0.0
3996128,0.0
3996864,0.0
3996960,0.0
3997376,0.0
3998208,0.0
3999392,0.0
3999616,0.0
4000160,0.0
4000416,0.0
4000576,0.0
4001504,0.0
4002016,0.0
4003328,0.0
4005088,0.0
4005792,0.0
4008128,0.0
4009632,0.0
4009920,0.0
4010624,0.0
4010784,0.0
4011264,0.0
4011296,0.0
4011552,0.0
4012160,0.0
4012864,0.0
4014144,0.0
4015104,0.0
4016096,0.0
4017632,0.0
4019264,0.0
4021280,0.0
4022784,0.0
4023264,0.0
4023584,0.0
4023712,0.0
4025792,0.0
4026304,0.0
4027232,0.0
4027360,0.0
4027584,0.0
4028256,0.0
4028736,0.0
4029600,0.0
4031680,0.0
4034816,0.0
4035296,0.0
4037824,0.0
4039232,0.0
4040128,0.0
4040384,0.0
4040992,0.0
4041024,0.0
4041568,0.0
4045984,0.0
4046240,0.0
4047232,0.0
4047904,0.0
4049024,0.0
4051680,0.0
4052000,0.0
4054304,0.0
4055968,0.0
4056288,0.0
4056384,0.0
4056736,0.0
4056896,0.0
4057088,0.0
4058656,0.0
4061056,0.0
4061248,0.0
4061664,0.0
4062208,0.0
4062944,0.0
4063680,0.0
4063904,0.0
4065280,0.0
4067520,0.0
4067712,0.0
4068544,0.0
4069664,0.0
4070048,0.0
4070368,0.0
4070784,0.0
4070944,0.0
4073632,0.0
4074336,0.0
4075168,0.0
4076320,0.0
4077280,0.0
4078432,0.0
4080896,0.0
4082016,0.0
4083296,0.0
4086848,0.0
4089344,0.0
4091264,0.0
4091680,0.0
4091776,0.0
4093344,0.0
4095680,0.0
4096768,0.0
4096832,0.0
4097792,0.0
4099296,0.0
4100896,0.0
4101152,0.0
4101984,0.0
4103360,0.0
4107552,0.0
4108896,0.0
4113696,0.0
4113888,0.0
4114624,0.0
4114752,0.0
4116896,0.0
4117952,0.0
4118208,0.0
4118784,0.0
4119424,0.0
4119520,0.0
4119584,0.0
4121600,0.0
4122368,0.0
4123296,0.0
4126688,0.0
4127008,0.0
4127136,0.0
4127584,0.0
4128480,0.0
4128928,0.0
4129792,0.0
4131200,0.0
4131936,0.0
4132608,0.0
4133056,0.0
4134784,0.0
4135328,0.0
4135840,0.0
4138336,0.0
4138496,0.0
4139904,0.0
4141504,0.0
4143104,0.0
4143872,0.0
4146400,0.0
4147552,0.0
4148480,0.0
4150368,0.0
4151584,0.0
4154048,0.0
4154432,0.0
4154464,0.0
4154496,0.0
4155232,0.0
4155776,0.0
4157504,0.0
4157824,0.0
4158016,0.0
4158848,0.0
4162176,0.0
4162272,0.0
4162368,0.0
4163072,0.0
4163328,0.0
4164416,0.0
4164832,0.0
4166432,0.0
4166720,0.0
4171136,0.0
4172736,0.0
4175904,0.0
4176704,0.0
4176896,0.0
4177888,0.0
4179296,0.0
4183936,0.0
4188704,0.0
4192320,0.0
4192512,0.0
4196192,0.0
4196256,0.0
4196704,0.0
4199072,0.0
4201952,0.0
4203840,0.0
4204192,0.0
4205472,0.0
4206304,0.0
4206368,0.0
4206976,0.0
4208992,0.0
4209216,0.0
4215232,0.0
4215264,0.0
4215328,0.0
4216992,0.0
4217888,0.0
4219360,0.0
4220160,0.0
4220512,0.0
4221472,0.0
4221984,0.0
4224832,0.0
4225888,0.0
4226880,0.0
4227104,0.0
4227392,0.0
4228128,0.0
4229184,0.0
4231072,0.0
4233184,0.0
4233344,0.0
4233376,0.0
4238880,0.0
4238976,0.0
4239392,0.0
4241472,0.0
4241824,0.0
4241856,0.0
4243040,0.0
4243264,0.0
4243328,0.0
4244576,0.0
4244608,0.0
4245344,0.0
4246976,0.0
4247808,0.0
4249760,0.0
4252096,0.0
4253408,0.0
4255840,0.0
4257632,0.0
4257920,0.0
4258176,0.0
4258464,0.0
4258528,0.0
4258880,0.0
4259808,0.0
4260448,0.0
4260480,0.0
4261248,0.0
4261408,0.0
4261440,0.0
4262624,0.0
4262880,0.0
4263040,0.0
4263744,0.0
4267360,0.0
4267584,0.0
4267648,0.0
4267776,0.0
4269408,0.0
4272000,0.0
4272192,0.0
4273504,0.0
4273664,0.0
4273728,0.0
4275776,0.0
4276480,0.0
4280256,0.0
4280992,0.0
4281088,0.0
4281120,0.0
4281312,0.0
4282240,0.0
4282944,0.0
4287104,0.0
4287744,0.0
4287776,0.0
4287840,0.0
4290944,0.0
4292128,0.0
4292416,0.0
4292864,0.0
4293728,0.0
4294336,0.0
4297952,0.0
4298144,0.0
4298976,0.0
4301056,0.0
4303264,0.0
4305504,0.0
4306144,0.0
4306656,0.0
4310144,0.0
4310176,0.0
4310304,0.0
4313312,0.0
4314624,0.0
4314656,0.0
4315328,0.0
4315808,0.0
4321600,0.0
4325376,0.0
4326176,0.0
4328064,0.0
4329120,0.0
4330176,0.0
4330272,0.0
4336128,0.0
4337696,0.0
4337792,0.0
4340128,0.0
4340256,0.0
4341152,0.0
4342336,0.0
4342496,0.0
4343104,0.0
4345632,0.0
4349216,0.0
4349760,0.0
4351296,0.0
4351488,0.0
4351776,0.0
4353024,0.0
4353792,0.0
4354336,0.0
4356832,0.0
4357888,0.0
4358272,0.0
4359456,0.0
4359584,0.0
4360384,0.0
4361216,0.0
4364192,0.0
4364896,0.0
4365472,0.0
4365728,0.0
4366656,0.0
4368576,0.0
4370816,0.0
4371776,0.0
4372736,0.0
4372864,0.0
4373248,0.0
4377376,0.0
4377984,0.0
4378304,0.0
4378880,0.0
4379232,0.0
4379904,0.0
4380032,0.0
4381600,0.0
4381632,0.0
4382304,0.0
4382752,0.0
4383392,0.0
4383904,0.0
4383936,0.0
4385888,0.0
4386240,0.0
4386656,0.0
4388320,0.0
4388544,0.0
4388672,0.0
4389760,0.0
4390368,0.0
4391392,0.0
4394528,0.0
4395904,0.0
4396416,0.0
4397792,0.0
4397888,0.0
4398208,0.0
4398816,0.0
4399392,0.0
4399840,0.0
4401216,0.0
4401792,0.0
4402336,0.0
4402496,0.0
4403424,0.0
4404000,0.0
4404672,0.0
4405024,0.0
4406048,0.0
4406976,0.0
4410336,0.0
4411072,0.0
4412672,0.0
4412992,0.0
4417216,0.0
4417344,0.0
4418368,0.0
4419680,0.0
4420576,0.0
4422016,0.0
4422240,0.0
4422688,0.0
4424160,0.0
4424256,0.0
4425824,0.0
4426336,0.0
4427104,0.0
4427776,0.0
4427808,0.0
4428288,0.0
4428512,0.0
4429056,0.0
4429088,0.0
4429824,0.0
4430112,0.0
4430592,0.0
4430624,0.0
4432640,0.0
4432672,0.0
4435296,0.0
4437856,0.0
4439520,0.0
4441056,0.0
4441344,0.0
4441600,0.0
4445056,0.0
4445248,0.0
4445888,0.0
4447040,0.0
4447232,0.0
4448224,0.0
4451520,0.0
4453056,0.0
4454592,0.0
4455136,0.0
4456096,0.0
4458528,0.0
4458560,0.0
4458592,0.0
4459680,0.0
4459968,0.0
4460064,0.0
4460928,0.0
4461184,0.0
4462208,0.0
4462848,0.0
4462976,0.0
4463680,0.0
4464224,0.0
4464800,0.0
4465312,0.0
4465440,0.0
4467232,0.0
4468736,0.0
4469984,0.0
4470592,0.0
4471328,0.0
4475424,0.0
4479296,0.0
4479456,0.0
4479552,0.0
4479840,0.0
4480032,0.0
4481280,0.0
4481856,0.0
4483200,0.0
4484608,0.0
4487168,0.0
4488224,0.0
4489376,0.0
4490368,0.0
4492512,0.0
4493376,0.0
4494240,0.0
4495136,0.0
4495584,0.0
4496000,0.0
4497120,0.0
4497728,0.0
4498528,0.0
4499744,0.0
4501152,0.0
4501376,0.0
4502368,0.0
4502816,0.0
4503200,0.0
4504384,0.0
4504416,0.0
4505632,0.0
4506304,0.0
4506848,0.0
4508576,0.0
4508800,0.0
4509024,0.0
4509632,0.0
4509952,0.0
4510976,0.0
4512800,0.0
4513408,0.0
4513696,0.0
4516640,0.0
4517952,0.0
4518016,0.0
4518560,0.0
4518976,0.0
4519584,0.0
4521920,0.0
4522560,0.0
4525312,0.0
4526656,0.0
4526784,0.0
4527616,0.0
4528576,0.0
4528608,0.0
4529280,0.0
4530432,0.0
4530464,0.0
4531264,0.0
4532928,0.0
4534496,0.0
4535296,0.0
4535616,0.0
4535744,0.0
4537056,0.0
4537408,0.0
4537952,0.0
4538944,0.0
4540864,0.0
4540896,0.0
4541120,0.0
4542336,0.0
4543136,0.0
4543904,0.0
4544000,0.0
4544448,0.0
4544544,0.0
4545024,0.0
4545600,0.0
4545664,0.0
4546176,0.0
4546688,0.0
4549632,0.0
4550144,0.0
4550304,0.0
4551328,0.0
4552992,0.0
4554848,0.0
4554976,0.0
4555584,0.0
4558016,0.0
4558176,0.0
4559776,0.0
4563520,0.0
4565792,0.0
4568384,0.0
4569472,0.0
4570240,0.0
4571168,0.0
4572992,0.0
4573952,0.0
4574112,0.0
4574208,0.0
4574720,0.0
4575520,0.0
4578528,0.0
4579040,0.0
4579648,0.0
4582976,0.0
4583488,0.0
4583648,0.0
4583904,0.0
4584608,0.0
4585184,0.0
4587264,0.0
4588192,0.0
4588640,0.0
4588704,0.0
4589152,0.0
4590048,0.0
4591456,0.0
4592672,0.0
4593664,0.0
4595424,0.0
4595456,0.0
4596320,0.0
4598400,0.0
4599328,0.0
4602400,0.0
4602784,0.0
4608160,0.0
4608416,0.0
4609504,0.0
4611360,0.0
4613152,0.0
4613632,0.0
4614720,0.0
4617088,0.0
4619264,0.0
4619552,0.0
4619872,0.0
4621664,0.0
4622752,0.0
4624224,0.0
4624704,0.0
4625184,0.0
4625824,0.0
4626880,0.0
4627200,0.0
4627872,0.0
4628064,0.0
4628320,0.0
4628480,0.0
4631520,0.0
4632864,0.0
4633120,0.0
4634400,0.0
4637248,0.0
4639296,0.0
4639552,0.0
4639712,0.0
4640416,0.0
4640736,0.0
4640768,0.0
4641120,0.0
4641568,0.0
4643360,0.0
4645216,0.0
4645376,0.0
4645792,0.0
4648416,0.0
4649792,0.0
4651296,0.0
4653184,0.0
4653440,0.0
4654624,0.0
4655296,0.0
4655936,0.0
4656256,0.0
4656864,0.0
4657728,0.0
4658304,0.0
4660576,0.0
4662592,0.0
4662688,0.0
4663168,0.0
4664064,0.0
4664896,0.0
4668160,0.0
4670912,0.0
4671040,0.0
4671264,0.0
4672064,0.0
4672544,0.0
4672832,0.0
4673536,0.0
4674752,0.0
4678944,0.0
4680128,0.0
4681440,0.0
4682208,0.0
4682240,0.0
4682752,0.0
4685216,0.0
4686080,0.0
4686432,0.0
4687552,0.0
4688448,0.0
4689504,0.0
4689920,0.0
4690688,0.0
4691808,0.0
4692064,0.0
4692256,0.0
4692768,0.0
4695744,0.0
4696384,0.0
4697600,0.0
4700000,0.0
4702016,0.0
4703328,0.0
4706080,0.0
4706688,0.0
4706784,0.0
4707840,0.0
4708448,0.0
4708608,0.0
4708704,0.0
4710400,0.0
4711584,0.0
4716224,0.0
4716512,0.0
4716640,0.0
4717248,0.0
4717504,0.0
4717568,0.0
4719136,0.0
4724832,0.0
4727136,0.0
4727936,0.0
4728704,0.0
4730976,0.0
4731456,0.0
4732032,0.0
4734720,0.0
4734752,0.0
4735840,0.0
4736064,0.0
4736608,0.0
4737952,0.0
4739232,0.0
4739648,0.0
4740960,0.0
4741152,0.0
4741504,0.0
4742432,0.0
4742688,0.0
4743392,0.0
4743648,0.0
4743776,0.0
4743904,0.0
4744064,0.0
4745152,0.0
4745568,0.0
4747392,0.0
4748448,0.0
4748928,0.0
4749952,0.0
4755904,0.0
4756256,0.0
4757056,0.0
4757248,0.0
4757344,0.0
4758080,0.0
4759584,0.0
4760320,0.0
4763200,0.0
4763552,0.0
4764096,0.0
4764672,0.0
4765344,0.0
4765728,0.0
4766112,0.0
4766176,0.0
4768768,0.0
4770464,0.0
4771648,0.0
4772096,0.0
4773152,0.0
4776032,0.0
4778496,0.0
4778880,0.0
4779648,0.0
4780704,0.0
4780992,0.0
4781184,0.0
4781568,0.0
4782240,0.0
4783712,0.0
4787136,0.0
4787552,0.0
4787648,0.0
4787936,0.0
4789504,0.0
4791456,0.0
4791840,0.0
4792576,0.0
4793472,0.0
4795296,0.0
4796128,0.0
4797216,0.0
4798784,0.0
4800160,0.0
4800192,0.0
4800480,0.0
4800576,0.0
4802496,0.0
4802592,0.0
4802848,0.0
4803904,0.0
4804320,0.0
4804544,0.0
4805248,0.0
4806112,0.0
4806464,0.0
4808480,0.0
4808800,0.0
4810400,0.0
4812576,0.0
4814848,0.0
4814944,0.0
4815680,0.0
4815712,0.0
4816960,0.0
4819360,0.0
4821472,0.0
4821568,0.0
4822112,0.0
4822784,0.0
4823296,0.0
4827776,0.0
4828704,0.0
4828832,0.0
4830048,0.0
4831040,0.0
4831872,0.0
4832256,0.0
4832672,0.0
4833984,0.0
4834240,0.0
4834496,0.0
4836160,0.0
4836224,0.0
4836576,0.0
4837216,0.0
4837312,0.0
4838528,0.0
4838592,0.0
4839456,0.0
4839680,0.0
4840672,0.0
4842784,0.0
4845248,0.0
4848192,0.0
4848736,0.0
4850304,0.0
4851744,0.0
4853120,0.0
4854752,0.0
4854816,0.0
4855712,0.0
4857504,0.0
4859456,0.0
4860000,0.0
4860608,0.0
4861408,0.0
4862016,0.0
4862560,0.0
4862976,0.0
4863360,0.0
4863424,0.0
4863648,0.0
4863840,0.0
4865728,0.0
4866528,0.0
4867168,0.0
4867840,0.0
4868192,0.0
4871200,0.0
4871392,0.0
4872736,0.0
4873024,0.0
4873184,0.0
4873472,0.0
4873504,0.0
4877472,0.0
4880256,0.0
4880288,0.0
4880416,0.0
4881600,0.0
4882272,0.0
4882880,0.0
4884960,0.0
4885216,0.0
4885920,0.0
4886112,0.0
4886880,0.0
4888256,0.0
4889728,0.0
4892160,0.0
4894688,0.0
4895424,0.0
4895808,0.0
4896416,0.0
4896704,0.0
4896768,0.0
4897280,0.0
4898720,0.0
4899200,0.0
4899648,0.0
4900928,0.0
4902272,0.0
4902432,0.0
4903872,0.0
4905280,0.0
4906976,0.0
4912448,0.0
4915840,0.0
4917824,0.0
4918560,0.0
4919200,0.0
4919744,0.0
4920160,0.0
4920832,0.0
4920896,0.0
4921696,0.0
4922272,0.0
4927296,0.0
4927456,0.0
4928832,0.0
4929056,0.0
4929504,0.0
4932544,0.0
4934432,0.0
4936416,0.0
4937312,0.0
4939616,0.0
4940352,0.0
4942912,0.0
4943712,0.0
4943904,0.0
4944480,0.0
4944896,0.0
4945344,0.0
4949600,0.0
4953056,0.0
4953440,0.0
4953888,0.0
4954112,0.0
4954336,0.0
4955392,0.0
4956224,0.0
4956384,0.0
4959008,0.0
4959616,0.0
4960544,0.0
4961088,0.0
4961920,0.0
4962944,0.0
4963360,0.0
4963936,0.0
4965408,0.0
4966112,0.0
4966496,0.0
4966976,0.0
4970240,0.0
4971072,0.0
4972576,0.0
4973056,0.0
4973312,0.0
4975104,0.0
4977536,0.0
4979520,0.0
4981024,0.0
4981280,0.0
4982080,0.0
4982368,0.0
4983104,0.0
4984192,0.0
4984448,0.0
4985984,0.0
4986464,0.0
4991136,0.0
4991872,0.0
4993248,0.0
4994176,0.0
4996576,0.0
4998304,0.0
4998560,0.0
4998656,0.0
4999296,0.0
4999584,0.0
5000192,0.0
5002464,0.0
5002784,0.0
5002944,0.0
5004512,0.0
5005728,0.0
5005760,0.0
5006240,0.0
5008128,0.0
5011744,0.0
5016192,0.0
5016320,0.0
5016800,0.0
5016896,0.0
5018208,0.0
5019008,0.0
5019136,0.0
5020032,0.0
5020960,0.0
5021024,0.0
5021920,0.0
5022112,0.0
5024288,0.0
5025056,0.0
5025504,0.0
5028640,0.0
5029088,0.0
5033856,0.0
5034112,0.0
5034912,0.0
5035168,0.0
5036704,0.0
5036768,0.0
5037664,0.0
5039168,0.0
5040288,0.0
5041600,0.0
5042176,0.0
5044544,0.0
5045184,0.0
5046304,0.0
5047392,0.0
5047680,0.0
5047968,0.0
5048192,0.0
5048640,0.0
5049888,0.0
5051136,0.0
5051328,0.0
5052960,0.0
5054880,0.0
5055712,0.0
5056032,0.0
5056384,0.0
5057248,0.0
5058368,0.0
5059200,0.0
5060512,0.0
5061376,0.0
5062880,0.0
5063104,0.0
5063232,0.0
5063968,0.0
5064032,0.0
5064064,0.0
5065440,0.0
5067296,0.0
5069120,0.0
5069472,0.0
5070368,0.0
5070912,0.0
5072032,0.0
5072128,0.0
5072384,0.0
5072704,0.0
5073536,0.0
5074656,0.0
5075488,0.0
5076672,0.0
5077088,0.0
5077312,0.0
5078336,0.0
5078912,0.0
5079424,0.0
5079648,0.0
5082048,0.0
5083200,0.0
5084960,0.0
5085024,0.0
5087008,0.0
5087200,0.0
5087744,0.0
5088224,0.0
5088672,0.0
5089152,0.0
5089664,0.0
5092000,0.0
5092736,0.0
5094624,0.0
5095648,0.0
5095808,0.0
5096416,0.0
5097024,0.0
5099616,0.0
5101280,0.0
5102208,0.0
5103872,0.0
5104480,0.0
5105024,0.0
5105504,0.0
5105760,0.0
5106912,0.0
5108800,0.0
5108960,0.0
5110400,0.0
5110560,0.0
5110592,0.0
5110720,0.0
5110912,0.0
5111648,0.0
5111872,0.0
5111936,0.0
5114912,0.0
5115712,0.0
5117856,0.0
5118560,0.0
5118592,0.0
5118784,0.0
5119200,0.0
5122688,0.0
5124256,0.0
5124768,0.0
5125216,0.0
5125600,0.0
5126400,0.0
5127040,0.0
5128096,0.0
5128928,0.0
5129504,0.0
5129536,0.0
5130656,0.0
5130848,0.0
5131808,0.0
5132480,0.0
5132544,0.0
5132608,0.0
5132672,0.0
5133600,0.0
5134496,0.0
5134688,0.0
5135744,0.0
5135808,0.0
5135840,0.0
5136864,0.0
5139776,0.0
5140704,0.0
5140928,0.0
5142848,0.0
5143168,0.0
5146816,0.0
5147392,0.0
5148992,0.0
5149120,0.0
5150976,0.0
5151136,0.0
5152128,0.0
5153024,0.0
5153312,0.0
5153344,0.0
5153472,0.0
5153504,0.0
5155456,0.0
5155680,0.0
5155776,0.0
5155968,0.0
5157376,0.0
5159968,0.0
5160256,0.0
5161344,0.0
5162016,0.0
5163456,0.0
5163968,0.0
5164352,0.0
5165664,0.0
5165760,0.0
5165824,0.0
5166752,0.0
5167232,0.0
5168192,0.0
5168608,0.0
5171808,0.0
5173056,0.0
5174528,0.0
5178304,0.0
5179872,0.0
5182080,0.0
5183520,0.0
5184640,0.0
5185088,0.0
5185952,0.0
5186144,0.0
5186624,0.0
5187680,0.0
5187904,0.0
5188256,0.0
5189184,0.0
5190240,0.0
5190528,0.0
5192992,0.0
5195008,0.0
5195232,0.0
5195712,0.0
5195936,0.0
5198176,0.0
5200608,0.0
5201280,0.0
5201600,0.0
5204736,0.0
5207424,0.0
5208320,0.0
5208896,0.0
5209408,0.0
5210464,0.0
5211488,0.0
5212320,0.0
5212928,0.0
5214176,0.0
5216608,0.0
5217920,0.0
5218080,0.0
5219168,0.0
5219584,0.0
5220544,0.0
5221344,0.0
5221952,0.0
5222080,0.0
5223424,0.0
5225344,0.0
5226560,0.0
5228320,0.0
5228704,0.0
5230976,0.0
5231008,0.0
5231328,0.0
5232256,0.0
5236192,0.0
5236672,0.0
5237024,0.0
5237568,0.0
5238208,0.0
5242208,0.0
5244160,0.0
5244512,0.0
5245856,0.0
5246624,0.0
5246656,0.0
5247936,0.0
5249024,0.0
5251360,0.0
5252608,0.0
5253632,0.0
5253824,0.0
5254080,0.0
5254656,0.0
5255104,0.0
5255200,0.0
5255680,0.0
5258400,0.0
5258592,0.0
5262784,0.0
5263040,0.0
5263648,0.0
5264960,0.0
5265888,0.0
5266144,0.0
5268064,0.0
5268960,0.0
5269152,0.0
5269536,0.0
5270784,0.0
5271008,0.0
5272320,0.0
5272736,0.0
5274336,0.0
5274560,0.0
5275488,0.0
5276384,0.0
5277376,0.0
5277856,0.0
5279104,0.0
5279968,0.0
5280352,0.0
5280448,0.0
5280960,0.0
5281088,0.0
5282432,0.0
5283200,0.0
5283264,0.0
5283680,0.0
5284576,0.0
5286592,0.0
5287968,0.0
5288192,0.0
5290496,0.0
5290720,0.0
5291712,0.0
5292032,0.0
5292992,0.0
5293408,0.0
5294112,0.0
5294496,0.0
5295296,0.0
5297632,0.0
5299040,0.0
5300416,0.0
5301120,0.0
5302208,0.0
5302592,0.0
5303584,0.0
5304032,0.0
5304704,0.0
5307936,0.0
5308448,0.0
5308544,0.0
5309248,0.0
5309888,0.0
5309920,0.0
5309952,0.0
5310048,0.0
5310304,0.0
5311232,0.0
5311776,0.0
5311840,0.0
5311968,0.0
5312800,0.0
5313792,0.0
5315296,0.0
5316480,0.0
5316704,0.0
5318752,0.0
5319232,0.0
5319808,0.0
5319872,0.0
5321120,0.0
5322912,0.0
5323616,0.0
5324384,0.0
5324864,0.0
5325760,0.0
5326208,0.0
5326624,0.0
5327776,0.0
5328672,0.0
5330400,0.0
5335072,0.0
5336128,0.0
5336224,0.0
5336448,0.0
5339936,0.0
5340512,0.0
5340832,0.0
5342240,0.0
5344384,0.0
5345344,0.0
5345632,0.0
5347360,0.0
5347872,0.0
5349952,0.0
5351040,0.0
5351552,0.0
5353120,0.0
5355008,0.0
5355104,0.0
5355616,0.0
5357344,0.0
5359264,0.0
5359744,0.0
5360256,0.0
5360480,0.0
5362688,0.0
5363840,0.0
5363872,0.0
5364448,0.0
5364832,0.0
5365376,0.0
5365952,0.0
5365984,0.0
5367520,0.0
5368320,0.0
5368960,0.0
5369280,0.0
5369312,0.0
5369344,0.0
5370752,0.0
5371648,0.0
5372320,0.0
5374016,0.0
5375456,0.0
5375552,0.0
5377280,0.0
5378976,0.0
5379232,0.0
5381536,0.0
5384928,0.0
5385920,0.0
5386400,0.0
5388768,0.0
5388992,0.0
5389632,0.0
5389792,0.0
5391008,0.0
5391776,0.0
5393248,0.0
5393600,0.0
5397088,0.0
5397248,0.0
5397504,0.0
5397760,0.0
5399136,0.0
5399296,0.0
5400736,0.0
5401792,0.0
5402272,0.0
5403072,0.0
5404288,0.0
5404448,0.0
5408352,0.0
5408800,0.0
5409760,0.0
5410080,0.0
5410304,0.0
5412480,0.0
5412768,0.0
5414016,0.0
5414336,0.0
5414656,0.0
5414848,0.0
5415104,0.0
5415232,0.0
5417216,0.0
5418496,0.0
5418784,0.0
5418976,0.0
5419744,0.0
5420416,0.0
5421344,0.0
5421952,0.0
5424928,0.0
5426784,0.0
5427200,0.0
5428800,0.0
5433024,0.0
5433568,0.0
5435456,0.0
5438048,0.0
5438304,0.0
5438592,0.0
5439488,0.0
5439808,0.0
5442432,0.0
5442816,0.0
5443040,0.0
5443712,0.0
5444032,0.0
5444768,0.0
5447072,0.0
5448928,0.0
5450176,0.0
5451744,0.0
5452864,0.0
5454016,0.0
5454464,0.0
5454656,0.0
5455072,0.0
5455200,0.0
5457728,0.0
5457984,0.0
5458624,0.0
5461408,0.0
5462688,0.0
5463232,0.0
5464288,0.0
5466464,0.0
5466720,0.0
5467104,0.0
5469216,0.0
5471424,0.0
5471776,0.0
5473408,0.0
5474112,0.0
5474848,0.0
5474912,0.0
5475008,0.0
5476800,0.0
5476832,0.0
5476864,0.0
5477760,0.0
5477888,0.0
5478688,0.0
5478816,0.0
5479200,0.0
5479264,0.0
5482720,0.0
5486592,0.0
5486656,0.0
5488896,0.0
5489920,0.0
5490304,0.0
5491008,0.0
5491072,0.0
5492160,0.0
5493408,0.0
5495424,0.0
5497312,0.0
5497344,0.0
5498592,0.0
5500128,0.0
5501024,0.0
5502176,0.0
5502304,0.0
5503456,0.0
5504192,0.0
5506976,0.0
5507968,0.0
5508288,0.0
5508832,0.0
5509280,0.0
5510624,0.0
5510880,0.0
5514144,0.0
5514624,0.0
5515680,0.0
5519584,0.0
5519872,0.0
5520640,0.0
5521600,0.0
5521824,0.0
5521920,0.0
5524096,0.0
5524160,0.0
5526016,0.0
5526496,0.0
5527488,0.0
5530080,0.0
5530944,0.0
5531328,0.0
5533600,0.0
5534208,0.0
5534560,0.0
5534848,0.0
5535200,0.0
5536096,0.0
5536768,0.0
5537024,0.0
5538752,0.0
5539200,0.0
5539776,0.0
5539840,0.0
5540800,0.0
5541184,0.0
5541440,0.0
5543776,0.0
5543808,0.0
5543904,0.0
5545248,0.0
5547040,0.0
5549472,0.0
5550592,0.0
5551232,0.0
5553184,0.0
5555456,0.0
5555840,0.0
5556096,0.0
5556992,0.0
5557536,0.0
5558560,0.0
5560640,0.0
5561024,0.0
5561184,0.0
5561664,0.0
5562336,0.0
5562592,0.0
5562816,0.0
5565056,0.0
5565728,0.0
5566080,0.0
5568896,0.0
5569056,0.0
5569152,0.0
5569568,0.0
5569600,0.0
5570144,0.0
5570304,0.0
5570368,0.0
5570432,0.0
5572256,0.0
5572416,0.0
5572768,0.0
5576544,0.0
5576928,0.0
5578176,0.0
5579008,0.0
5579040,0.0
5580704,0.0
5583104,0.0
5583424,0.0
5584000,0.0
5584640,0.0
5585184,0.0
5585440,0.0
5586432,0.0
5588736,0.0
5589152,0.0
5590784,0.0
5590976,0.0
5592256,0.0
5592960,0.0
5595008,0.0
5595360,0.0
5596864,0.0
5598368,0.0
5599584,0.0
5600032,0.0
5602816,0.0
5604000,0.0
5605888,0.0
5606176,0.0
5606560,0.0
5608768,0.0
5608960,0.0
5609024,0.0
5609824,0.0
5610528,0.0
5611392,0.0
5611808,0.0
5612640,0.0
5613152,0.0
5613440,0.0
5613952,0.0
5615168,0.0
5616832,0.0
5619136,0.0
5620096,0.0
5620352,0.0
5621120,0.0
5622816,0.0
5622880,0.0
5622976,0.0
5623840,0.0
5624480,0.0
5624832,0.0
5626560,0.0
5627648,0.0
5627840,0.0
5628352,0.0
5629824,0.0
5630080,0.0
5630208,0.0
5630784,0.0
5632128,0.0
5633408,0.0
5634304,0.0
5635008,0.0
5635584,0.0
5637504,0.0
5640704,0.0
5642592,0.0
5643328,0.0
5644032,0.0
5646240,0.0
5646464,0.0
5647392,0.0
5648640,0.0
5651552,0.0
5651648,0.0
5652448,0.0
5655232,0.0
5655584,0.0
5656544,0.0
5658784,0.0
5659488,0.0
5659872,0.0
5660448,0.0
5662112,0.0
5666656,0.0
5668576,0.0
5670496,0.0
5671456,0.0
5672384,0.0
5673440,0.0
5675072,0.0
5676000,0.0
5676096,0.0
5676864,0.0
5677120,0.0
5677152,0.0
5677504,0.0
5679520,0.0
5680160,0.0
5681664,0.0
5684256,0.0
5684352,0.0
5685408,0.0
5685440,0.0
5685728,0.0
5687200,0.0
5687392,0.0
5689600,0.0
5689984,0.0
5690048,0.0
5691104,0.0
5692704,0.0
5693536,0.0
5694176,0.0
5694400,0.0
5694624,0.0
5695392,0.0
5697408,0.0
5697568,0.0
5699072,0.0
5699584,0.0
5699744,0.0
5700512,0.0
5700640,0.0
5706208,0.0
5707680,0.0
5708224,0.0
5708320,0.0
5711040,0.0
5711648,0.0
5711776,0.0
5712864,0.0
5712928,0.0
5713632,0.0
5713984,0.0
5715776,0.0
5717888,0.0
5719232,0.0
5721024,0.0
5721056,0.0
5721344,0.0
5721568,0.0
5723488,0.0
5724128,0.0
5724160,0.0
5724896,0.0
5724992,0.0
5725856,0.0
5726720,0.0
5727744,0.0
5728320,0.0
5732224,0.0
5734656,0.0
5735584,0.0
5738528,0.0
5739072,0.0
5739904,0.0
5740864,0.0
5744864,0.0
5745920,0.0
5751200,0.0
5754944,0.0
5755616,0.0
5756640,0.0
5758464,0.0
5759008,0.0
5759520,0.0
5761248,0.0
5764128,0.0
5769824,0.0
5770528,0.0
5772352,0.0
5773248,0.0
5773440,0.0
5774592,0.0
5775232,0.0
5775776,0.0
5777056,0.0
5778656,0.0
5779072,0.0
5779552,0.0
5779648,0.0
5780448,0.0
5782240,0.0
5783392,0.0
5787776,0.0
5789120,0.0
5792000,0.0
5793120,0.0
5794560,0.0
5794944,0.0
5798272,0.0
5798592,0.0
5800224,0.0
5800352,0.0
5800736,0.0
5802464,0.0
5802784,0.0
5804896,0.0
5806560,0.0
5806880,0.0
5809696,0.0
5814144,0.0
5814912,0.0
5816512,0.0
5818496,0.0
5818752,0.0
5819104,0.0
5819456,0.0
5821280,0.0
5822528,0.0
5822592,0.0
5823136,0.0
5824992,0.0
5825664,0.0
5826176,0.0
5826656,0.0
5828640,0.0
5828672,0.0
5828768,0.0
5829216,0.0
5829952,0.0
5830016,0.0
5830592,0.0
5830688,0.0
5831904,0.0
5832480,0.0
5832832,0.0
5833856,0.0
5835072,0.0
5835616,0.0
5838400,0.0
5840800,0.0
5841376,0.0
5841408,0.0
5843840,0.0
5846592,0.0
5850688,0.0
5851040,0.0
5853056,0.0
5856288,0.0
5856608,0.0
5860704,0.0
5860800,0.0
5860928,0.0
5861376,0.0
5863008,0.0
5863040,0.0
5863200,0.0
5864352,0.0
5865408,0.0
5867008,0.0
5867616,0.0
5868384,0.0
5869920,0.0
5870048,0.0
5870624,0.0
5870816,0.0
5872192,0.0
5873664,0.0
5874208,0.0
5875328,0.0
5876896,0.0
5879040,0.0
5879680,0.0
5883360,0.0
5884416,0.0
5884992,0.0
5888192,0.0
5889728,0.0
5890240,0.0
5891168,0.0
5892288,0.0
5894912,0.0
5895680,0.0
5897664,0.0
5901216,0.0
5901536,0.0
5901728,0.0
5902272,0.0
5903872,0.0
5905024,0.0
5905440,0.0
5905472,0.0
5906880,0.0
5909696,0.0
5912960,0.0
5914560,0.0
5916544,0.0
5919424,0.0
5919488,0.0
5919776,0.0
5921120,0.0
5922688,0.0
5922912,0.0
5923392,0.0
5923840,0.0
5924320,0.0
5924832,0.0
5924928,0.0
5925120,0.0
5927040,0.0
5927936,0.0
5929184,0.0
5929696,0.0
5930176,0.0
5931808,0.0
5935392,0.0
5935840,0.0
5937664,0.0
5938400,0.0
5938752,0.0
5939296,0.0
5940832,0.0
5941056,0.0
5942080,0.0
5942464,0.0
5942592,0.0
5942816,0.0
5944448,0.0
5944864,0.0
5949856,0.0
5950176,0.0
5952320,0.0
5952704,0.0
5954048,0.0
5955552,0.0
5955808,0.0
5956384,0.0
5956736,0.0
5958016,0.0
5958304,0.0
5959008,0.0
5959648,0.0
5959776,0.0
5960288,0.0
5961056,0.0
5962752,0.0
5965056,0.0
5966944,0.0
5967232,0.0
5968288,0.0
5968544,0.0
5970848,0.0
5971264,0.0
5971776,0.0
5973056,0.0
5973120,0.0
5974272,0.0
5974400,0.0
5975936,0.0
5976096,0.0
5976160,0.0
5977216,0.0
5979008,0.0
5979904,0.0
5979936,0.0
5979968,0.0
5980544,0.0
5980576,0.0
5980640,0.0
5981664,0.0
5981888,0.0
5982368,0.0
5982496,0.0
5983200,0.0
5983616,0.0
5983840,0.0
5984064,0.0
5985600,0.0
5988096,0.0
5988672,0.0
5989120,0.0
5992608,0.0
5993088,0.0
5993728,0.0
5993952,0.0
5995776,0.0
5996128,0.0
5997120,0.0
5998336,0.0
6002112,0.0
6002976,0.0
6004000,0.0
6004768,0.0
6005408,0.0
6005536,0.0
6006048,0.0
6010272,0.0
6010976,0.0
6011616,0.0
6012672,0.0
6013248,0.0
6013344,0.0
6014624,0.0
6015552,0.0
6016672,0.0
6017216,0.0
6021280,0.0
6021792,0.0
6023072,0.0
6024448,0.0
6024992,0.0
6025376,0.0
6026912,0.0
6027776,0.0
6027904,0.0
6028768,0.0
6029120,0.0
6030208,0.0
6032608,0.0
6032864,0.0
6035584,0.0
6035968,0.0
6036544,0.0
6036832,0.0
6038336,0.0
6038464,0.0
6038656,0.0
6039872,0.0
6040864,0.0
6041824,0.0
6044480,0.0
6046176,0.0
6046464,0.0
6048352,0.0
6048480,0.0
6049248,0.0
6052032,0.0
6052512,0.0
6053184,0.0
6053344,0.0
6054048,0.0
6054592,0.0
6054944,0.0
6055360,0.0
6055840,0.0
6057152,0.0
6057664,0.0
6059264,0.0
6060064,0.0
6060512,0.0
6061344,0.0
6061728,0.0
6063552,0.0
6063744,0.0
6064512,0.0
6065728,0.0
6066688,0.0
6066912,0.0
6068128,0.0
6068832,0.0
6070624,0.0
6071776,0.0
6073280,0.0
6073696,0.0
6074752,0.0
6077472,0.0
6077952,0.0
6078304,0.0
6079456,0.0
6080000,0.0
6081472,0.0
6081568,0.0
6082080,0.0
6082816,0.0
6083392,0.0
6087520,0.0
6088416,0.0
6089472,0.0
6089600,0.0
6090688,0.0
6091648,0.0
6095840,0.0
6099744,0.0
6102624,0.0
6104288,0.0
6104384,0.0
6105536,0.0
6106304,0.0
6106624,0.0
6107200,0.0
6110144,0.0
6110752,0.0
6111200,0.0
6113664,0.0
6114304,0.0
6115520,0.0
6116288,0.0
6116736,0.0
6117568,0.0
6117696,0.0
6118656,0.0
6119072,0.0
6119968,0.0
6120192,0.0
6120800,0.0
6123456,0.0
6125184,0.0
6125280,0.0
6125440,0.0
6125952,0.0
6130112,0.0
6130624,0.0
6131232,0.0
6133056,0.0
6133280,0.0
6133568,0.0
6135680,0.0
6136352,0.0
6136672,0.0
6136960,0.0
6137024,0.0
6137600,0.0
6138432,0.0
6138592,0.0
6138816,0.0
6139296,0.0
6139808,0.0
6140192,0.0
6141632,0.0
6141664,0.0
6141856,0.0
6142304,0.0
6142336,0.0
6142496,0.0
6142592,0.0
6142784,0.0
6143008,0.0
6143360,0.0
6143424,0.0
6144512,0.0
6145376,0.0
6146048,0.0
6146240,0.0
6146400,0.0
6147104,0.0
6148192,0.0
6150304,0.0
6150336,0.0
6150432,0.0
6150880,0.0
6151680,0.0
6152064,0.0
6152832,0.0
6153184,0.0
6153376,0.0
6153568,0.0
6154016,0.0
6155104,0.0
6157536,0.0
6157920,0.0
6159680,0.0
6160736,0.0
6161152,0.0
6161280,0.0
6161600,0.0
6161696,0.0
6163136,0.0
6164768,0.0
6165248,0.0
6167296,0.0
6167456,0.0
6168704,0.0
6169504,0.0
6170400,0.0
6171584,0.0
6171616,0.0
6171808,0.0
6175584,0.0
6176640,0.0
6177088,0.0
6177344,0.0
6178304,0.0
6178400,0.0
6178656,0.0
6179744,0.0
6181376,0.0
6182944,0.0
6183840,0.0
6183904,0.0
6184192,0.0
6184992,0.0
6185440,0.0
6185888,0.0
6186336,0.0
6186656,0.0
6187136,0.0
6188192,0.0
6188704,0.0
6189152,0.0
6191168,0.0
6191776,0.0
6192160,0.0
6192928,0.0
6193056,0.0
6193344,0.0
6193952,0.0
6194624,0.0
6194784,0.0
6198336,0.0
6199808,0.0
6201792,0.0
6203136,0.0
6204896,0.0
6205312,0.0
6205984,0.0
6207872,0.0
6208320,0.0
6209184,0.0
6211040,0.0
6212224,0.0
6213792,0.0
6214688,0.0
6215648,0.0
6216608,0.0
6217760,0.0
6218528,0.0
6219616,0.0
6219712,0.0
6220608,0.0
6223264,0.0
6223360,0.0
6224192,0.0
6224224,0.0
6225088,0.0
6225312,0.0
6225792,0.0
6226144,0.0
6226528,0.0
6228800,0.0
6230016,0.0
6230272,0.0
6230816,0.0
6234944,0.0
6235072,0.0
6236064,0.0
6238432,0.0
6242912,0.0
6243360,0.0
6243392,0.0
6243808,0.0
6244000,0.0
6248768,0.0
6248960,0.0
6250080,0.0
6250112,0.0
6251392,0.0
6251712,0.0
6252288,0.0
6253408,0.0
6256160,0.0
6257600,0.0
6258848,0.0
6259936,0.0
6260288,0.0
6263776,0.0
6263840,0.0
6264032,0.0
6264896,0.0
6266016,0.0
6266144,0.0
6266432,0.0
6266880,0.0
6268032,0.0
6269152,0.0
6270592,0.0
6271392,0.0
6271424,0.0
6271680,0.0
6271808,0.0
6272224,0.0
6272672,0.0
6272928,0.0
6273920,0.0
6274240,0.0
6275168,0.0
6277472,0.0
6277792,0.0
6279552,0.0
6280224,0.0
6282848,0.0
6283360,0.0
6283776,0.0
6284320,0.0
6284608,0.0
6285664,0.0
6286080,0.0
6286656,0.0
6286912,0.0
6287200,0.0
6288800,0.0
6290560,0.0
6290880,0.0
6292384,0.0
6294400,0.0
6294784,0.0
6294944,0.0
6297888,0.0
6299456,0.0
6300032,0.0
6300320,0.0
6300704,0.0
6307456,0.0
6308928,0.0
6309824,0.0
6310048,0.0
6311040,0.0
6311168,0.0
6313504,0.0
6315456,0.0
6317248,0.0
6317504,0.0
6319520,0.0
6321376,0.0
6323424,0.0
6325600,0.0
6325792,0.0
6325952,0.0
6328736,0.0
6329312,0.0
6335456,0.0
6335968,0.0
6338880,0.0
6339040,0.0
6339936,0.0
6341472,0.0
6342496,0.0
6344960,0.0
6345408,0.0
6346112,0.0
6347744,0.0
6348256,0.0
6349120,0.0
6350240,0.0
6350976,0.0
6351296,0.0
6352576,0.0
6352704,0.0
6353280,0.0
6353696,0.0
6353888,0.0
6353952,0.0
6356480,0.0
6356576,0.0
6356864,0.0
6361120,0.0
6362016,0.0
6362112,0.0
6364960,0.0
6365024,0.0
6365184,0.0
6368192,0.0
6369536,0.0
6371680,0.0
6373440,0.0
6373504,0.0
6373920,0.0
6375168,0.0
6376864,0.0
6377984,0.0
6378048,0.0
6378112,0.0
6380512,0.0
6381824,0.0
6382400,0.0
6384832,0.0
6385216,0.0
6385824,0.0
6386144,0.0
6386240,0.0
6387168,0.0
6387744,0.0
6387776,0.0
6388160,0.0
6388768,0.0
6391392,0.0
6393120,0.0
6394272,0.0
6396160,0.0
6396256,0.0
6397600,0.0
6401504,0.0
6402336,0.0
6402432,0.0
6402592,0.0
6403104,0.0
6406048,0.0
6406592,0.0
6406944,0.0
6409088,0.0
6409504,0.0
6410368,0.0
6410400,0.0
6411168,0.0
6411776,0.0
6412224,0.0
6412864,0.0
6413280,0.0
6413632,0.0
6413696,0.0
6413760,0.0
6415360,0.0
6416064,0.0
6417728,0.0
6418272,0.0
6418368,0.0
6419008,0.0
6421504,0.0
6421984,0.0
6422880,0.0
6423616,0.0
6425312,0.0
6425664,0.0
6426432,0.0
6428096,0.0
6432640,0.0
6433536,0.0
6433920,0.0
6434048,0.0
6434272,0.0
6435872,0.0
6436512,0.0
6437408,0.0
6438848,0.0
6440480,0.0
6442752,0.0
6445024,0.0
6445184,0.0
6448000,0.0
6450240,0.0
6450784,0.0
6451008,0.0
6453088,0.0
6453216,0.0
6453280,0.0
6453760,0.0
6454784,0.0
6456992,0.0
6458368,0.0
6458976,0.0
6459296,0.0
6459872,0.0
6460064,0.0
6461024,0.0
6461664,0.0
6463040,0.0
6463712,0.0
6463872,0.0
6464448,0.0
6464864,0.0
6470240,0.0
6470496,0.0
6471040,0.0
6472352,0.0
6473952,0.0
6475904,0.0
6476448,0.0
6476576,0.0
6477248,0.0
6477376,0.0
6478816,0.0
6478848,0.0
6479424,0.0
6480256,0.0
6480768,0.0
6481888,0.0
6484288,0.0
6489536,0.0
6489792,0.0
6491808,0.0
6493056,0.0
6493408,0.0
6494176,0.0
6494272,0.0
6494496,0.0
6496352,0.0
6496800,0.0
6497088,0.0
6498240,0.0
6498528,0.0
6501344,0.0
6501632,0.0
6501824,0.0
6502592,0.0
6502944,0.0
6505408,0.0
6505504,0.0
6507360,0.0
6507584,0.0
6508768,0.0
6508864,0.0
6510144,0.0
6511424,0.0
6511648,0.0
6511776,0.0
6513408,0.0
6513568,0.0
6514816,0.0
6515296,0.0
6516352,0.0
6516576,0.0
6517856,0.0
6519840,0.0
6521248,0.0
6521600,0.0
6521632,0.0
6521856,0.0
6522400,0.0
6524768,0.0
6524800,0.0
6525440,0.0
6526400,0.0
6527136,0.0
6528160,0.0
6531232,0.0
6531648,0.0
6531776,0.0
6532960,0.0
6533760,0.0
6534816,0.0
6535808,0.0
6536800,0.0
6537056,0.0
6538144,0.0
6539040,0.0
6541184,0.0
6541248,0.0
6543936,0.0
6546368,0.0
6546528,0.0
6546784,0.0
6547136,0.0
6547200,0.0
6548416,0.0
6548608,0.0
6550496,0.0
6550752,0.0
6551776,0.0
6552768,0.0
6552800,0.0
6553056,0.0
6553696,0.0
6554624,0.0
6557824,0.0
6558208,0.0
6558432,0.0
6558720,0.0
6561184,0.0
6561632,0.0
6562432,0.0
6563328,0.0
6563648,0.0
6566240,0.0
6567360,0.0
6567616,0.0
6568384,0.0
6568672,0.0
6569376,0.0
6571360,0.0
6571808,0.0
6572096,0.0
6572224,0.0
6572864,0.0
6574496,0.0
6575264,0.0
6576096,0.0
6576608,0.0
6576640,0.0
6576672,0.0
6576736,0.0
6577856,0.0
6579488,0.0
6579872,0.0
6580256,0.0
6580480,0.0
6580960,0.0
6581632,0.0
6581664,0.0
6582656,0.0
6582944,0.0
6584544,0.0
6585696,0.0
6586080,0.0
6589984,0.0
6590304,0.0
6591584,0.0
6595488,0.0
6596224,0.0
6596416,0.0
6600032,0.0
6601024,0.0
6601568,0.0
6603168,0.0
6607296,0.0
6608800,0.0
6609888,0.0
6610240,0.0
6611392,0.0
6612832,0.0
6613824,0.0
6616448,0.0
6617248,0.0
6617568,0.0
6618176,0.0
6618752,0.0
6619232,0.0
6620224,0.0
6620448,0.0
6620512,0.0
6621120,0.0
6621568,0.0
6622496,0.0
6622688,0.0
6623424,0.0
6627008,0.0
6628832,0.0
6629184,0.0
6630208,0.0
6630816,0.0
6631104,0.0
6633792,0.0
6634368,0.0
6636128,0.0
6636864,0.0
6638496,0.0
6638880,0.0
6639680,0.0
6640608,0.0
6640832,0.0
6643040,0.0
6643968,0.0
6644384,0.0
6645440,0.0
6646592,0.0
6647296,0.0
6649088,0.0
6650624,0.0
6651104,0.0
6653376,0.0
6653728,0.0
6654048,0.0
6656288,0.0
6656544,0.0
6657472,0.0
6658176,0.0
6658848,0.0
6658912,0.0
6659104,0.0
6659552,0.0
6660096,0.0
6661536,0.0
6662080,0.0
6662848,0.0
6662944,0.0
6663008,0.0
6663904,0.0
6664352,0.0
6664672,0.0
6665024,0.0
6667168,0.0
6667840,0.0
6668224,0.0
6669280,0.0
6669472,0.0
6672000,0.0
6672928,0.0
6673024,0.0
6673152,0.0
6673504,0.0
6673632,0.0
6674080,0.0
6677024,0.0
6677472,0.0
6678528,0.0
6680448,0.0
6682560,0.0
6682656,0.0
6685536,0.0
6685792,0.0
6686592,0.0
6688160,0.0
6688288,0.0
6688448,0.0
6688672,0.0
6688864,0.0
6688960,0.0
6689024,0.0
6689312,0.0
6690336,0.0
6691328,0.0
6691360,0.0
6692032,0.0
6692256,0.0
6692736,0.0
6693408,0.0
6693856,0.0
6698048,0.0
6700096,0.0
6700256,0.0
6700416,0.0
6702656,0.0
6703648,0.0
6705568,0.0
6705632,0.0
6707232,0.0
6711072,0.0
6711584,0.0
6711936,0.0
6711968,0.0
6712864,0.0
6713344,0.0
6713696,0.0
6714464,0.0
6714496,0.0
6714912,0.0
6715616,0.0
6715808,0.0
6715904,0.0
6715936,0.0
6716096,0.0
6717344,0.0
6717824,0.0
6719776,0.0
6720160,0.0
6720352,0.0
6723104,0.0
6724192,0.0
6724448,0.0
6725088,0.0
6726496,0.0
6727136,0.0
6728832,0.0
6731968,0.0
6732256,0.0
6732896,0.0
6733664,0.0
6734336,0.0
6736160,0.0
6736352,0.0
6737920,0.0
6740512,0.0
6740832,0.0
6740896,0.0
6744096,0.0
6745184,0.0
6745984,0.0
6746688,0.0
6747232,0.0
6748064,0.0
6749248,0.0
6751616,0.0
6754400,0.0
6754720,0.0
6756064,0.0
6759776,0.0
6762304,0.0
6762848,0.0
6762944,0.0
6762976,0.0
6763744,0.0
6764608,0.0
6764768,0.0
6764960,0.0
6764992,0.0
6765344,0.0
6765568,0.0
6765664,0.0
6765856,0.0
6766208,0.0
6767680,0.0
6770208,0.0
6770272,0.0
6771456,0.0
6773440,0.0
6774304,0.0
6779232,0.0
6781248,0.0
6783872,0.0
6784896,0.0
6785056,0.0
6787200,0.0
6789696,0.0
6792640,0.0
6797088,0.0
6797664,0.0
6797984,0.0
6798784,0.0
6801344,0.0
6801568,0.0
6802016,0.0
6802400,0.0
6803008,0.0
6803616,0.0
6805120,0.0
6808256,0.0
6809760,0.0
6810208,0.0
6810464,0.0
6811328,0.0
6811904,0.0
6813408,0.0
6813568,0.0
6815232,0.0
6818624,0.0
6819904,0.0
6820576,0.0
6821632,0.0
6821696,0.0
6821824,0.0
6822304,0.0
6824384,0.0
6825600,0.0
6827808,0.0
6828320,0.0
6828416,0.0
6829216,0.0
6829472,0.0
6830048,0.0
6830496,0.0
6831328,0.0
6831936,0.0
6832096,0.0
6833344,0.0
6833632,0.0
6834240,0.0
6835392,0.0
6836064,0.0
6837440,0.0
6837952,0.0
6838208,0.0
6838592,0.0
6838944,0.0
6840032,0.0
6841504,0.0
6841952,0.0
6843520,0.0
6843648,0.0
6844160,0.0
6844352,0.0
6844672,0.0
6849472,0.0
6849728,0.0
6850656,0.0
6851904,0.0
6852864,0.0
6854752,0.0
6859552,0.0
6860128,0.0
6862560,0.0
6862848,0.0
6863424,0.0
6864512,0.0
6864992,0.0
6866240,0.0
6866432,0.0
6866880,0.0
6867232,0.0
6869312,0.0
6869408,0.0
6871808,0.0
6872512,0.0
6872608,0.0
6874432,0.0
6876000,0.0
6877440,0.0
6877472,0.0
6878400,0.0
6878560,0.0
6878720,0.0
6879296,0.0
6882144,0.0
6882272,0.0
6882336,0.0
6882848,0.0
6883360,0.0
6885056,0.0
6885600,0.0
6886816,0.0
6887808,0.0
6888736,0.0
6888768,0.0
6889664,0.0
6892320,0.0
6892704,0.0
6893600,0.0
6896896,0.0
6900672,0.0
6901184,0.0
6903808,0.0
6904736,0.0
6905312,0.0
6905792,0.0
6906784,0.0
6910112,0.0
6910240,0.0
6910592,0.0
6910688,0.0
6912096,0.0
6913792,0.0
6914080,0.0
6914688,0.0
6915200,0.0
6915744,0.0
6919040,0.0
6919648,0.0
6920992,0.0
6921152,0.0
6922368,0.0
6922592,0.0
6923040,0.0
6923648,0.0
6923840,0.0
6924320,0.0
6926048,0.0
6926624,0.0
6927712,0.0
6927808,0.0
6928064,0.0
6929120,0.0
6931296,0.0
6931424,0.0
6931456,0.0
6932096,0.0
6933216,0.0
6933408,0.0
6933568,0.0
6933888,0.0
6934816,0.0
6934944,0.0
6936064,0.0
6937632,0.0
6938656,0.0
6939136,0.0
6939200,0.0
6940320,0.0
6942304,0.0
6942976,0.0
6944736,0.0
6947072,0.0
6947552,0.0
6951264,0.0
6953280,0.0
6954112,0.0
6955072,0.0
6955744,0.0
6959680,0.0
6961056,0.0
6961376,0.0
6961888,0.0
6961920,0.0
6962048,0.0
6964864,0.0
6964896,0.0
6965280,0.0
6967264,0.0
6968320,0.0
6970144,0.0
6971232,0.0
6971552,0.0
6971712,0.0
6972832,0.0
6974016,0.0
6974592,0.0
6974752,0.0
6975360,0.0
6977024,0.0
6977600,0.0
6977632,0.0
6977696,0.0
6978240,0.0
6980320,0.0
6983232,0.0
6983360,0.0
6985344,0.0
6986752,0.0
6987008,0.0
6987328,0.0
6989248,0.0
6990912,0.0
6992544,0.0
6994208,0.0
6994400,0.0
6994912,0.0
6997792,0.0
6998720,0.0
6999968,0.0
7001312,0.0
7001632,0.0
7002016,0.0
7006464,0.0
7006944,0.0
7009568,0.0
7009984,0.0
7010976,0.0
7011072,0.0
7012000,0.0
7012128,0.0
7013216,0.0
7013632,0.0
7016672,0.0
7016896,0.0
7016928,0.0
7016960,0.0
7017408,0.0
7018048,0.0
7019328,0.0
7021376,0.0
7021472,0.0
7022816,0.0
7022880,0.0
7023008,0.0
7023104,0.0
7023296,0.0
7024032,0.0
7024512,0.0
7025056,0.0
7026688,0.0
7027264,0.0
7027648,0.0
7028096,0.0
7028864,0.0
7028928,0.0
7029344,0.0
7029856,0.0
7032032,0.0
7034080,0.0
7035968,0.0
7039008,0.0
7039968,0.0
7040256,0.0
7042912,0.0
7043488,0.0
7043904,0.0
7044384,0.0
7046176,0.0
7046592,0.0
7046816,0.0
7047296,0.0
7048000,0.0
7050368,0.0
7050432,0.0
7050528,0.0
7052832,0.0
7053120,0.0
7054144,0.0
7055104,0.0
7057120,0.0
7057856,0.0
7058656,0.0
7059232,0.0
7059456,0.0
7060384,0.0
7061824,0.0
7063392,0.0
7063488,0.0
7063936,0.0
7066528,0.0
7066816,0.0
7066848,0.0
7067104,0.0
7068544,0.0
7070144,0.0
7070176,0.0
7070944,0.0
7073088,0.0
7073600,0.0
7073920,0.0
7074880,0.0
7075104,0.0
7075136,0.0
7075648,0.0
7075936,0.0
7076256,0.0
7076896,0.0
7077792,0.0
7079776,0.0
7080640,0.0
7082176,0.0
7083296,0.0
7083520,0.0
7084736,0.0
7086496,0.0
7087136,0.0
7087840,0.0
7088096,0.0
7088160,0.0
7089344,0.0
7089472,0.0
7090144,0.0
7092064,0.0
7092896,0.0
7094752,0.0
7095808,0.0
7095968,0.0
7096704,0.0
7096992,0.0
7097472,0.0
7097856,0.0
7099296,0.0
7099360,0.0
7100192,0.0
7100608,0.0
7100736,0.0
7103744,0.0
7104160,0.0
7104480,0.0
7105792,0.0
7105984,0.0
7106048,0.0
7106176,0.0
7107360,0.0
7108960,0.0
7109056,0.0
7109600,0.0
7109856,0.0
7111776,0.0
7112704,0.0
7113984,0.0
7115872,0.0
7116128,0.0
7117120,0.0
7117536,0.0
7117568,0.0
7117632,0.0
7117792,0.0
7117824,0.0
7118208,0.0
7120224,0.0
7120928,0.0
7121408,0.0
7124352,0.0
7134656,0.0
7135840,0.0
7136128,0.0
7136672,0.0
7136736,0.0
7137696,0.0
7138176,0.0
7141440,0.0
7141568,0.0
7145600,0.0
7145728,0.0
7146560,0.0
7147904,0.0
7148064,0.0
7148448,0.0
7149504,0.0
7150592,0.0
7150752,0.0
7151328,0.0
7151520,0.0
7153472,0.0
7155360,0.0
7156736,0.0
7159680,0.0
7159776,0.0
7160224,0.0
7163392,0.0
7163712,0.0
7164512,0.0
7165248,0.0
7165728,0.0
7166240,0.0
7166304,0.0
7166624,0.0
7166816,0.0
7168864,0.0
7171648,0.0
7173120,0.0
7174944,0.0
7175776,0.0
7176320,0.0
7177632,0.0
7177792,0.0
7177952,0.0
7179456,0.0
7179776,0.0
7180000,0.0
7180960,0.0
7183808,0.0
7186112,0.0
7189568,0.0
7189760,0.0
7190080,0.0
7193248,0.0
7193888,0.0
7194336,0.0
7194400,0.0
7194720,0.0
7196544,0.0
7198112,0.0
7200992,0.0
7201792,0.0
7202112,0.0
7204160,0.0
7204256,0.0
7204800,0.0
7205184,0.0
7205472,0.0
7205568,0.0
7208384,0.0
7209216,0.0
7211616,0.0
7212192,0.0
7213280,0.0
7213472,0.0
7216320,0.0
7218528,0.0
7219264,0.0
7220608,0.0
7222016,0.0
7223296,0.0
7223392,0.0
7224352,0.0
7226272,0.0
7226848,0.0
7227072,0.0
7227296,0.0
7227936,0.0
7228256,0.0
7229088,0.0
7231072,0.0
7231424,0.0
7231872,0.0
7236000,0.0
7236576,0.0
7236608,0.0
7238208,0.0
7238464,0.0
7239776,0.0
7240288,0.0
7240544,0.0
7241120,0.0
7243008,0.0
7243552,0.0
7244224,0.0
7246656,0.0
7246784,0.0
7247200,0.0
7249248,0.0
7249696,0.0
7250208,0.0
7251456,0.0
7252128,0.0
7252160,0.0
7253600,0.0
7254208,0.0
7254464,0.0
7256192,0.0
7256224,0.0
7256352,0.0
7257728,0.0
7260736,0.0
7261024,0.0
7261152,0.0
7261440,0.0
7262016,0.0
7262112,0.0
7262528,0.0
7263840,0.0
7265632,0.0
7265760,0.0
7266176,0.0
7267328,0.0
7269568,0.0
7270304,0.0
7273440,0.0
7274912,0.0
7275712,0.0
7275776,0.0
7277696,0.0
7278112,0.0
7278176,0.0
7279808,0.0
7280256,0.0
7280320,0.0
7280448,0.0
7281248,0.0
7281984,0.0
7282624,0.0
7284000,0.0
7284448,0.0
7284832,0.0
7286272,0.0
7286848,0.0
7287168,0.0
7288736,0.0
7289184,0.0
7289888,0.0
7290432,0.0
7290560,0.0
7290912,0.0
7292800,0.0
7294784,0.0
7295456,0.0
7295808,0.0
7297952,0.0
7300704,0.0
7303200,0.0
7303456,0.0
7303872,0.0
7304352,0.0
7305248,0.0
7306144,0.0
7307616,0.0
7308096,0.0
7309216,0.0
7309408,0.0
7309792,0.0
7310400,0.0
7311712,0.0
7312640,0.0
7313440,0.0
7314112,0.0
7314496,0.0
7315104,0.0
7316256,0.0
7317664,0.0
7317952,0.0
7318208,0.0
7318592,0.0
7322368,0.0
7322592,0.0
7324064,0.0
7324192,0.0
7324416,0.0
7325216,0.0
7325344,0.0
7325824,0.0
7326816,0.0
7327136,0.0
7327488,0.0
7328288,0.0
7328416,0.0
7328544,0.0
7329760,0.0
7334784,0.0
7335936,0.0
7338976,0.0
7339456,0.0
7339904,0.0
7340640,0.0
7341024,0.0
7342208,0.0
7343104,0.0
7344288,0.0
7344704,0.0
7352000,0.0
7352096,0.0
7353152,0.0
7354624,0.0
7355424,0.0
7356864,0.0
7358496,0.0
7358688,0.0
7360288,0.0
7362752,0.0
7362912,0.0
7363232,0.0
7364128,0.0
7365472,0.0
7365536,0.0
7366976,0.0
7367872,0.0
7368416,0.0
7368896,0.0
7368960,0.0
7370368,0.0
7372160,0.0
7372736,0.0
7372928,0.0
7373056,0.0
7373120,0.0
7374432,0.0
7374944,0.0
7375104,0.0
7377856,0.0
7380448,0.0
7380928,0.0
7381312,0.0
7381472,0.0
7383136,0.0
7386112,0.0
7387040,0.0
7387424,0.0
7388960,0.0
7389696,0.0
7390016,0.0
7390080,0.0
7392352,0.0
7393504,0.0
7393728,0.0
7394688,0.0
7395776,0.0
7397248,0.0
7401984,0.0
7402528,0.0
7405280,0.0
7406400,0.0
7408288,0.0
7409344,0.0
7409696,0.0
7412640,0.0
7417024,0.0
7417312,0.0
7417920,0.0
7419488,0.0
7420128,0.0
7420384,0.0
7423360,0.0
7423392,0.0
7423712,0.0
7424288,0.0
7424768,0.0
7425216,0.0
7426560,0.0
7426592,0.0
7426880,0.0
7426944,0.0
7427072,0.0
7428160,0.0
7428896,0.0
7429888,0.0
7431424,0.0
7433504,0.0
7434240,0.0
7436992,0.0
7437216,0.0
7437440,0.0
7437664,0.0
7439104,0.0
7439360,0.0
7440288,0.0
7441440,0.0
7441952,0.0
7443744,0.0
7444032,0.0
7445376,0.0
7445440,0.0
7445824,0.0
7446144,0.0
7446368,0.0
7450880,0.0
7451232,0.0
7451936,0.0
7453760,0.0
7454208,0.0
7455008,0.0
7456800,0.0
7460064,0.0
7460384,0.0
7462240,0.0
7462720,0.0
7463648,0.0
7464416,0.0
7465760,0.0
7465792,0.0
7467264,0.0
7467456,0.0
7467840,0.0
7470880,0.0
7474080,0.0
7475040,0.0
7475584,0.0
7476544,0.0
7477792,0.0
7478208,0.0
7478976,0.0
7479232,0.0
7479328,0.0
7480256,0.0
7480960,0.0
7481120,0.0
7482336,0.0
7484512,0.0
7484640,0.0
7487296,0.0
7487680,0.0
7488032,0.0
7488320,0.0
7489184,0.0
7489696,0.0
7489824,0.0
7490720,0.0
7490976,0.0
7491648,0.0
7492544,0.0
7493696,0.0
7495040,0.0
7497440,0.0
7497632,0.0
7497728,0.0
7499040,0.0
7499712,0.0
7500928,0.0
7501120,0.0
7501696,0.0
7503616,0.0
7503680,0.0
7504992,0.0
7505664,0.0
7506496,0.0
7507040,0.0
7508256,0.0
7509184,0.0
7509408,0.0
7509824,0.0
7510368,0.0
7512192,0.0
7512544,0.0
7513824,0.0
7514976,0.0
7515168,0.0
7515648,0.0
7516544,0.0
7516736,0.0
7518112,0.0
7518176,0.0
7518464,0.0
7519552,0.0
7520224,0.0
7521344,0.0
7521792,0.0
7522016,0.0
7523872,0.0
7526048,0.0
7526944,0.0
7530144,0.0
7532032,0.0
7532224,0.0
7532544,0.0
7533152,0.0
7534016,0.0
7535872,0.0
7537440,0.0
7539840,0.0
7541344,0.0
7541856,0.0
7544192,0.0
7545664,0.0
7546016,0.0
7547776,0.0
7547840,0.0
7548160,0.0
7549536,0.0
7549824,0.0
7553152,0.0
7553344,0.0
7553568,0.0
7554272,0.0
7555392,0.0
7559296,0.0
7559680,0.0
7560544,0.0
7560704,0.0
7561152,0.0
7561344,0.0
7561632,0.0
7561824,0.0
7562144,0.0
7562816,0.0
7563104,0.0
7564512,0.0
7564576,0.0
7566720,0.0
7567488,0.0
7567680,0.0
7567712,0.0
7568416,0.0
7569056,0.0
7569824,0.0
7570208,0.0
7570464,0.0
7571200,0.0
7572640,0.0
7572768,0.0
7574208,0.0
7575392,0.0
7576608,0.0
7578304,0.0
7578624,0.0
7579168,0.0
7579264,0.0
7579552,0.0
7581600,0.0
7582368,0.0
7582400,0.0
7586944,0.0
7590496,0.0
7590784,0.0
7590912,0.0
7591520,0.0
7591680,0.0
7592064,0.0
7592512,0.0
7592736,0.0
7594016,0.0
7595712,0.0
7596064,0.0
7598976,0.0
7599264,0.0
7599840,0.0
7600320,0.0
7601632,0.0
7601952,0.0
7602112,0.0
7602336,0.0
7603200,0.0
7604480,0.0
7605088,0.0
7607168,0.0
7608320,0.0
7608448,0.0
7608864,0.0
7609216,0.0
7610304,0.0
7611648,0.0
7611776,0.0
7612896,0.0
7613056,0.0
7614240,0.0
7614400,0.0
7615520,0.0
7616224,0.0
7616256,0.0
7617248,0.0
7618880,0.0
7619104,0.0
7619744,0.0
7620608,0.0
7620704,0.0
7621280,0.0
7621600,0.0
7622112,0.0
7623456,0.0
7624320,0.0
7625696,0.0
7626688,0.0
7627040,0.0
7628096,0.0
7629184,0.0
7630016,0.0
7630176,0.0
7630272,0.0
7630752,0.0
7631904,0.0
7633248,0.0
7634656,0.0
7634720,0.0
7635392,0.0
7636256,0.0
7637152,0.0
7638016,0.0
7639520,0.0
7639648,0.0
7639680,0.0
7641728,0.0
7642144,0.0
7643104,0.0
7643200,0.0
7644448,0.0
7647840,0.0
7648384,0.0
7648480,0.0
7648544,0.0
7648672,0.0
7649888,0.0
7651424,0.0
7652064,0.0
7652128,0.0
7652640,0.0
7655360,0.0
7655488,0.0
7656288,0.0
7656448,0.0
7657664,0.0
7659520,0.0
7660416,0.0
7660768,0.0
7661312,0.0
7662912,0.0
7663264,0.0
7664608,0.0
7665568,0.0
7666528,0.0
7666944,0.0
7667904,0.0
7668256,0.0
7670880,0.0
7673920,0.0
7674176,0.0
7676032,0.0
7677440,0.0
7678400,0.0
7679616,0.0
7681504,0.0
7681888,0.0
7683168,0.0
7683232,0.0
7683328,0.0
7683552,0.0
7684992,0.0
7685184,0.0
7685440,0.0
7687392,0.0
7687680,0.0
7687776,0.0
7690528,0.0
7691520,0.0
7694400,0.0
7694816,0.0
7696704,0.0
7697216,0.0
7697632,0.0
7697760,0.0
7698112,0.0
7698592,0.0
7699424,0.0
7700288,0.0
7700800,0.0
7702080,0.0
7702144,0.0
7702688,0.0
7703296,0.0
7704448,0.0
7704992,0.0
7705440,0.0
7705600,0.0
7705984,0.0
7707072,0.0
7707936,0.0
7707968,0.0
7708640,0.0
7709024,0.0
7711744,0.0
7713248,0.0
7716448,0.0
7717056,0.0
7719520,0.0
7720672,0.0
7720800,0.0
7723040,0.0
7723360,0.0
7723584,0.0
7723616,0.0
7724704,0.0
7725280,0.0
7725408,0.0
7725600,0.0
7726016,0.0
7727328,0.0
7729984,0.0
7731648,0.0
7731872,0.0
7733344,0.0
7733472,0.0
7734240,0.0
7734368,0.0
7734592,0.0
7735648,0.0
7736512,0.0
7737440,0.0
7737568,0.0
7739488,0.0
7740224,0.0
7742080,0.0
7742752,0.0
7742976,0.0
7743680,0.0
7743744,0.0
7747104,0.0
7747488,0.0
7748320,0.0
7748352,0.0
7750016,0.0
7754144,0.0
7760768,0.0
7761088,0.0
7761312,0.0
7763680,0.0
7766816,0.0
7767232,0.0
7767584,0.0
7768032,0.0
7768256,0.0
7769440,0.0
7769920,0.0
7770336,0.0
7771328,0.0
7771360,0.0
7772608,0.0
7774752,0.0
7775072,0.0
7775264,0.0
7775584,0.0
7775744,0.0
7775904,0.0
7776160,0.0
7777152,0.0
7778016,0.0
7781248,0.0
7781600,0.0
7781760,0.0
7782400,0.0
7783840,0.0
7785024,0.0
7785472,0.0
7787168,0.0
7787488,0.0
7788288,0.0
7789280,0.0
7789536,0.0
7789632,0.0
7789696,0.0
7789728,0.0
7790656,0.0
7791424,0.0
7791456,0.0
7792064,0.0
7792448,0.0
7792736,0.0
7793920,0.0
7793952,0.0
7794016,0.0
7794976,0.0
7795008,0.0
7795136,0.0
7795424,0.0
7795584,0.0
7795904,0.0
7796032,0.0
7796928,0.0
7800576,0.0
7801600,0.0
7803040,0.0
7803136,0.0
7803616,0.0
7803968,0.0
7804160,0.0
7804416,0.0
7804480,0.0
7804832,0.0
7805856,0.0
7807936,0.0
7808352,0.0
7808608,0.0
7809056,0.0
7810336,0.0
7810688,0.0
7811104,0.0
7811296,0.0
7811840,0.0
7812160,0.0
7812544,0.0
7814976,0.0
7815232,0.0
7815776,0.0
7816512,0.0
7817248,0.0
7819520,0.0
7821024,0.0
7825152,0.0
7825920,0.0
7826208,0.0
7828416,0.0
7829184,0.0
7830752,0.0
7832768,0.0
7833216,0.0
7834656,0.0
7836064,0.0
7836704,0.0
7837888,0.0
7838912,0.0
7840704,0.0
7842880,0.0
7844928,0.0
7845184,0.0
7845984,0.0
7848000,0.0
7849504,0.0
7852416,0.0
7852736,0.0
7852800,0.0
7853248,0.0
7853920,0.0
7853984,0.0
7854016,0.0
7854336,0.0
7855424,0.0
7858080,0.0
7858368,0.0
7858624,0.0
7859488,0.0
7859776,0.0
7860192,0.0
7861696,0.0
7862208,0.0
7862464,0.0
7862656,0.0
7864128,0.0
7864544,0.0
7865152,0.0
7867840,0.0
7868384,0.0
7868576,0.0
7869600,0.0
7870400,0.0
7870656,0.0
7870944,0.0
7874720,0.0
7875264,0.0
7875456,0.0
7875808,0.0
7877920,0.0
7880672,0.0
7881280,0.0
7882016,0.0
7884032,0.0
7885152,0.0
7885952,0.0
7886272,0.0
7888064,0.0
7890720,0.0
7891072,0.0
7892352,0.0
7892928,0.0
7895424,0.0
7895648,0.0
7896320,0.0
7896832,0.0
7896928,0.0
7897344,0.0
7897824,0.0
7901312,0.0
7901824,0.0
7903616,0.0
7905152,0.0
7905504,0.0
7906912,0.0
7907488,0.0
7908224,0.0
7909088,0.0
7909152,0.0
7910624,0.0
7911488,0.0
7914752,0.0
7915008,0.0
7915840,0.0
7918464,0.0
7919232,0.0
7919360,0.0
7919712,0.0
7919968,0.0
7921216,0.0
7921952,0.0
7923648,0.0
7924032,0.0
7924416,0.0
7924896,0.0
7924992,0.0
7927040,0.0
7927232,0.0
7928960,0.0
7930624,0.0
7932224,0.0
7932480,0.0
7934752,0.0
7935584,0.0
7938976,0.0
7940640,0.0
7941472,0.0
7942560,0.0
7944160,0.0
7945632,0.0
7945792,0.0
7946048,0.0
7947424,0.0
7947680,0.0
7947936,0.0
7952608,0.0
7952672,0.0
7954112,0.0
7954272,0.0
7955552,0.0
7955616,0.0
7957472,0.0
7958656,0.0
7958688,0.0
7961696,0.0
7962656,0.0
7962720,0.0
7962880,0.0
7965440,0.0
7966080,0.0
7966464,0.0
7967296,0.0
7967872,0.0
7968032,0.0
7968608,0.0
7969568,0.0
7969888,0.0
7970144,0.0
7970208,0.0
7970720,0.0
7971648,0.0
7971904,0.0
7972512,0.0
7973344,0.0
7973856,0.0
7974144,0.0
7974208,0.0
7974848,0.0
7974944,0.0
7975904,0.0
7978336,0.0
7979232,0.0
7981120,0.0
7981376,0.0
7983552,0.0
7984224,0.0
7984576,0.0
7984864,0.0
7985120,0.0
7985344,0.0
7985696,0.0
7986240,0.0
7987680,0.0
7988320,0.0
7988544,0.0
7988928,0.0
7990304,0.0
7990656,0.0
7991936,0.0
7992768,0.0
7993312,0.0
7993408,0.0
7994048,0.0
7997408,0.0
7998432,0.0
7998816,0.0
7998976,0.0
8000096,0.0
8000736,0.0
8000992,0.0
8001440,0.0
8004608,0.0
8007136,0.0
8008320,0.0
8009504,0.0
8009984,0.0
8013824,0.0
8015072,0.0
8015104,0.0
8015936,0.0
8016544,0.0
8019296,0.0
8019520,0.0
8019584,0.0
8019872,0.0
8020352,0.0
8020608,0.0
8020992,0.0
8021408,0.0
8021472,0.0
8023744,0.0
8024000,0.0
8024352,0.0
8024544,0.0
8024928,0.0
8025024,0.0
8026432,0.0
8026464,0.0
8026496,0.0
8027808,0.0
8030304,0.0
8031744,0.0
8031808,0.0
8032256,0.0
8032992,0.0
8034080,0.0
8034208,0.0
8034400,0.0
8034944,0.0
8036160,0.0
8038208,0.0
8038560,0.0
8039008,0.0
8039456,0.0
8040480,0.0
8040640,0.0
8040768,0.0
8041664,0.0
8042240,0.0
8043264,0.0
8047424,0.0
8049920,0.0
8050336,0.0
8050432,0.0
8050496,0.0
8050816,0.0
8051936,0.0
8052000,0.0
8052032,0.0
8053856,0.0
8054176,0.0
8055744,0.0
8057888,0.0
8059168,0.0
8059872,0.0
8062144,0.0
8062592,0.0
8063968,0.0
8065024,0.0
8070720,0.0
8070880,0.0
8071840,0.0
8072992,0.0
8073056,0.0
8073376,0.0
8074560,0.0
8074592,0.0
8075104,0.0
8075712,0.0
8075968,0.0
8076256,0.0
8079072,0.0
8079136,0.0
8080160,0.0
8080192,0.0
8082784,0.0
8082976,0.0
8083648,0.0
8083872,0.0
8086208,0.0
8086368,0.0
8089984,0.0
8090176,0.0
8090944,0.0
8091296,0.0
8093600,0.0
8093632,0.0
8094912,0.0
8095136,0.0
8096768,0.0
8096800,0.0
8097312,0.0
8098752,0.0
8099456,0.0
8099872,0.0
8099904,0.0
8102784,0.0
8103456,0.0
8104256,0.0
8105888,0.0
8106112,0.0
8109568,0.0
8111008,0.0
8111072,0.0
8111712,0.0
8114208,0.0
8114336,0.0
8114784,0.0
8115040,0.0
8117856,0.0
8118304,0.0
8118336,0.0
8120064,0.0
8120576,0.0
8120672,0.0
8120768,0.0
8122240,0.0
8123232,0.0
8123872,0.0
8124608,0.0
8126400,0.0
8127296,0.0
8127392,0.0
8129600,0.0
8130016,0.0
8131712,0.0
8132000,0.0
8133536,0.0
8133856,0.0
8137184,0.0
8137568,0.0
8137632,0.0
8137856,0.0
8138784,0.0
8139456,0.0
8139936,0.0
8140512,0.0
8141280,0.0
8141760,0.0
8142048,0.0
8143424,0.0
8143808,0.0
8145344,0.0
8145632,0.0
8145664,0.0
8146368,0.0
8146496,0.0
8146912,0.0
8147264,0.0
8147552,0.0
8148192,0.0
8148960,0.0
8150112,0.0
8150880,0.0
8151392,0.0
8153568,0.0
8156640,0.0
8162176,0.0
8163200,0.0
8165536,0.0
8165888,0.0
8166112,0.0
8167424,0.0
8170368,0.0
8170976,0.0
8171808,0.0
8172096,0.0
8172352,0.0
8172960,0.0
8172992,0.0
8173088,0.0
8180608,0.0
8181280,0.0
8184032,0.0
8184960,0.0
8185920,0.0
8186304,0.0
8186656,0.0
8186816,0.0
8192416,0.0
8196576,0.0
8197856,0.0
8198080,0.0
8199328,0.0
8199680,0.0
8201312,0.0
8202016,0.0
8202528,0.0
8203296,0.0
8204000,0.0
8204224,0.0
8204896,0.0
8205600,0.0
8207616,0.0
8208736,0.0
8210720,0.0
8211808,0.0
8213120,0.0
8213184,0.0
8213600,0.0
8214656,0.0
8214688,0.0
8215616,0.0
8217952,0.0
8223168,0.0
8224448,0.0
8226400,0.0
8227328,0.0
8228224,0.0
8228480,0.0
8228640,0.0
8229280,0.0
8229408,0.0
8229728,0.0
8229920,0.0
8230112,0.0
8230528,0.0
8230816,0.0
8230912,0.0
8231808,0.0
8232736,0.0
8233408,0.0
8233888,0.0
8236640,0.0
8236928,0.0
8239360,0.0
8239904,0.0
8241664,0.0
8242400,0.0
8245376,0.0
8246144,0.0
8248064,0.0
8248128,0.0
8249504,0.0
8251008,0.0
8251968,0.0
8252864,0.0
8253600,0.0
8253696,0.0
8254592,0.0
8256864,0.0
8259808,0.0
8261504,0.0
8263040,0.0
8263104,0.0
8263296,0.0
8263552,0.0
8263936,0.0
8264320,0.0
8268896,0.0
8269664,0.0
8275296,0.0
8275392,0.0
8275840,0.0
8276096,0.0
8278720,0.0
8279392,0.0
8279488,0.0
8280096,0.0
8281312,0.0
8281408,0.0
8283456,0.0
8290144,0.0
8290368,0.0
8290848,0.0
8290976,0.0
8291040,0.0
8291104,0.0
8291392,0.0
8291584,0.0
8295648,0.0
8296928,0.0
8297856,0.0
8298048,0.0
8300576,0.0
8302400,0.0
8302880,0.0
8303616,0.0
8304576,0.0
8305248,0.0
8306976,0.0
8307072,0.0
8307616,0.0
8309696,0.0
8309984,0.0
8310496,0.0
8311392,0.0
8311840,0.0
8313312,0.0
8315104,0.0
8316960,0.0
8318816,0.0
8319744,0.0
8321440,0.0
8322368,0.0
8323136,0.0
8324576,0.0
8324896,0.0
8326144,0.0
8326560,0.0
8328736,0.0
8329312,0.0
8329568,0.0
8329728,0.0
8330208,0.0
8330528,0.0
8330688,0.0
8330848,0.0
8332256,0.0
8335264,0.0
8335680,0.0
8337440,0.0
8337536,0.0
8339712,0.0
8339904,0.0
8341792,0.0
8342464,0.0
8343872,0.0
8343936,0.0
8344032,0.0
8345184,0.0
8347200,0.0
8347296,0.0
8347648,0.0
8348032,0.0
8348384,0.0
8348416,0.0
8350656,0.0
8350848,0.0
8350880,0.0
8350912,0.0
8353600,0.0
8355008,0.0
8355232,0.0
8355584,0.0
8355712,0.0
8358688,0.0
8359072,0.0
8359936,0.0
8360800,0.0
8361824,0.0
8362240,0.0
8362624,0.0
8363040,0.0
8364960,0.0
8365120,0.0
8365440,0.0
8365760,0.0
8366016,0.0
8366240,0.0
8367264,0.0
8367456,0.0
8368352,0.0
8368704,0.0
8370624,0.0
8370944,0.0
8370976,0.0
8371296,0.0
8371616,0.0
8373216,0.0
8373408,0.0
8377856,0.0
8378176,0.0
8379712,0.0
8381504,0.0
8381856,0.0
8383584,0.0
8385312,0.0
8387040,0.0
8388352,0.0
8390400,0.0
8391072,0.0
8391104,0.0
8391264,0.0
8392672,0.0
8392704,0.0
8393024,0.0
8395552,0.0
8395616,0.0
8396320,0.0
8398656,0.0
8398688,0.0
8398816,0.0
8399008,0.0
8399200,0.0
8400288,0.0
8400480,0.0
8401824,0.0
8403808,0.0
8404544,0.0
8404928,0.0
8405312,0.0
8407168,0.0
8407840,0.0
8408064,0.0
8408352,0.0
8409664,0.0
8409952,0.0
8410528,0.0
8412448,0.0
8412512,0.0
8414016,0.0
8416032,0.0
8417888,0.0
8418976,0.0
8419936,0.0
8420384,0.0
8421152,0.0
8421536,0.0
8423424,0.0
8424224,0.0
8424768,0.0
8425408,0.0
8425440,0.0
8425920,0.0
8427488,0.0
8429312,0.0
8429472,0.0
8429728,0.0
8430432,0.0
8432416,0.0
8432896,0.0
8433248,0.0
8433664,0.0
8434528,0.0
8435296,0.0
8435776,0.0
8436352,0.0
8436384,0.0
8436800,0.0
8437440,0.0
8438048,0.0
8438592,0.0
8438752,0.0
8440640,0.0
8441920,0.0
8443008,0.0
8443328,0.0
8443520,0.0
8447200,0.0
8448448,0.0
8448768,0.0
8449728,0.0
8449824,0.0
8450080,0.0
8451648,0.0
8452800,0.0
8453664,0.0
8454656,0.0
8454848,0.0
8455360,0.0
8455840,0.0
8456480,0.0
8457792,0.0
8458560,0.0
8458880,0.0
8462080,0.0
8463360,0.0
8463872,0.0
8464096,0.0
8465248,0.0
8466336,0.0
8466528,0.0
8466624,0.0
8467840,0.0
8468896,0.0
8470432,0.0
8471136,0.0
8471360,0.0
8472832,0.0
8473536,0.0
8473568,0.0
8474048,0.0
8476160,0.0
8476640,0.0
8477952,0.0
8478048,0.0
8478144,0.0
8478464,0.0
8478784,0.0
8479264,0.0
8482336,0.0
8482656,0.0
8483776,0.0
8484416,0.0
8484640,0.0
8485920,0.0
8486464,0.0
8486816,0.0
8487552,0.0
8487712,0.0
8488160,0.0
8488928,0.0
8489472,0.0
8490304,0.0
8491456,0.0
8492160,0.0
8492672,0.0
8492736,0.0
8493760,0.0
8495744,0.0
8496512,0.0
8497632,0.0
8497792,0.0
8498304,0.0
8498976,0.0
8499040,0.0
8499936,0.0
8502208,0.0
8502560,0.0
8503200,0.0
8505152,0.0
8505536,0.0
8506080,0.0
8506304,0.0
8507136,0.0
8509632,0.0
8510496,0.0
8511296,0.0
8514176,0.0
8516768,0.0
8517248,0.0
8517888,0.0
8518976,0.0
8520288,0.0
8520992,0.0
8521312,0.0
8522496,0.0
8522944,0.0
8525280,0.0
8526240,0.0
8527360,0.0
8532128,0.0
8532864,0.0
8534272,0.0
8535264,0.0
8536096,0.0
8541792,0.0
8541856,0.0
8542144,0.0
8543744,0.0
8544928,0.0
8545408,0.0
8546080,0.0
8546592,0.0
8547840,0.0
8548736,0.0
8550112,0.0
8550912,0.0
8551392,0.0
8551552,0.0
8551648,0.0
8551808,0.0
8552160,0.0
8553152,0.0
8553600,0.0
8554848,0.0
8555584,0.0
8556608,0.0
8560128,0.0
8560736,0.0
8562048,0.0
8562112,0.0
8562304,0.0
8562464,0.0
8562560,0.0
8563712,0.0
8563744,0.0
8564096,0.0
8564480,0.0
8566144,0.0
8567072,0.0
8567200,0.0
8567968,0.0
8569376,0.0
8570272,0.0
8570752,0.0
8572320,0.0
8572416,0.0
8573440,0.0
8574592,0.0
8575488,0.0
8575936,0.0
8579584,0.0
8580320,0.0
8582368,0.0
8582848,0.0
8584064,0.0
8584672,0.0
8584704,0.0
8586688,0.0
8586752,0.0
8586944,0.0
8587808,0.0
8591232,0.0
8592512,0.0
8592608,0.0
8593664,0.0
8596096,0.0
8597600,0.0
8597632,0.0
8598752,0.0
8599616,0.0
8600544,0.0
8602720,0.0
8602912,0.0
8603328,0.0
8603456,0.0
8604416,0.0
8605760,0.0
8606816,0.0
8607456,0.0
8607872,0.0
8607936,0.0
8608512,0.0
8610592,0.0
8612512,0.0
8612736,0.0
8614656,0.0
8615168,0.0
8615904,0.0
8617568,0.0
8617888,0.0
8618688,0.0
8621152,0.0
8621632,0.0
8622016,0.0
8622592,0.0
8622656,0.0
8623072,0.0
8623392,0.0
8624704,0.0
8625536,0.0
8625888,0.0
8626208,0.0
8626464,0.0
8626496,0.0
8626784,0.0
8628096,0.0
8628960,0.0
8629536,0.0
8630112,0.0
8631488,0.0
8633056,0.0
8633408,0.0
8633632,0.0
8636064,0.0
8636864,0.0
8639072,0.0
8639808,0.0
8640032,0.0
8640096,0.0
8640416,0.0
8640832,0.0
8642464,0.0
8642528,0.0
8643104,0.0
8643296,0.0
8643456,0.0
8644224,0.0
8644320,0.0
8645664,0.0
8650240,0.0
8650880,0.0
8651136,0.0
8652576,0.0
8653184,0.0
8653888,0.0
8654048,0.0
8656224,0.0
8657056,0.0
8657856,0.0
8658944,0.0
8659072,0.0
8659328,0.0
8660032,0.0
8660960,0.0
8661280,0.0
8661312,0.0
8662016,0.0
8662144,0.0
8662720,0.0
8663584,0.0
8669600,0.0
8670688,0.0
8674784,0.0
8675328,0.0
8676512,0.0
8676640,0.0
8677280,0.0
8679584,0.0
8679968,0.0
8681472,0.0
8681696,0.0
8683200,0.0
8684352,0.0
8685088,0.0
8687232,0.0
8688192,0.0
8688288,0.0
8690240,0.0
8691520,0.0
8692192,0.0
8692768,0.0
8692992,0.0
8695040,0.0
8695584,0.0
8696352,0.0
8696640,0.0
8698496,0.0
8702880,0.0
8703904,0.0
8705376,0.0
8705440,0.0
8706272,0.0
8706528,0.0
8707520,0.0
8707584,0.0
8707680,0.0
8709056,0.0
8709440,0.0
8711648,0.0
8712032,0.0
8713120,0.0
8713344,0.0
8715872,0.0
8716096,0.0
8716736,0.0
8717632,0.0
8718048,0.0
8718816,0.0
8719104,0.0
8722144,0.0
8724736,0.0
8726464,0.0
8726528,0.0
8726624,0.0
8728448,0.0
8731712,0.0
8732384,0.0
8732416,0.0
8733248,0.0
8734496,0.0
8734528,0.0
8734752,0.0
8737280,0.0
8738240,0.0
8738528,0.0
8738912,0.0
8739424,0.0
8739456,0.0
8739904,0.0
8739968,0.0
8741056,0.0
8742080,0.0
8742624,0.0
8742816,0.0
8743904,0.0
8744544,0.0
8745440,0.0
8745472,0.0
8745824,0.0
8746144,0.0
8746176,0.0
8746592,0.0
8746752,0.0
8747328,0.0
8749120,0.0
8749760,0.0
8750208,0.0
8750880,0.0
8751520,0.0
8755328,0.0
8755904,0.0
8756736,0.0
8756864,0.0
8757472,0.0
8758016,0.0
8759808,0.0
8760128,0.0
8760224,0.0
8761376,0.0
8761728,0.0
8763648,0.0
8766016,0.0
8766304,0.0
8766944,0.0
8767264,0.0
8767328,0.0
8767392,0.0
8768608,0.0
8769216,0.0
8769888,0.0
8770976,0.0
8771744,0.0
8772160,0.0
8776064,0.0
8776672,0.0
8776832,0.0
8778752,0.0
8778976,0.0
8779936,0.0
8782720,0.0
8783136,0.0
8783328,0.0
8784224,0.0
8784960,0.0
8788512,0.0
8788576,0.0
8789056,0.0
8789984,0.0
8791456,0.0
8791968,0.0
8792192,0.0
8792224,0.0
8793696,0.0
8794272,0.0
8796896,0.0
8797664,0.0
8798944,0.0
8800896,0.0
8802336,0.0
8803136,0.0
8804128,0.0
8804480,0.0
8807936,0.0
8808192,0.0
8809536,0.0
8810368,0.0
8810432,0.0
8813600,0.0
8814368,0.0
8817856,0.0
8818592,0.0
8818720,0.0
8818944,0.0
8820128,0.0
8821152,0.0
8822112,0.0
8822592,0.0
8822848,0.0
8824800,0.0
8826496,0.0
8826528,0.0
8829760,0.0
8831424,0.0
8831680,0.0
8832160,0.0
8834240,0.0
8834784,0.0
8834816,0.0
8835968,0.0
8836000,0.0
8836800,0.0
8838112,0.0
8838176,0.0
8839264,0.0
8840448,0.0
8843072,0.0
8843712,0.0
8843904,0.0
8844608,0.0
8844896,0.0
8845120,0.0
8845344,0.0
8845952,0.0
8847360,0.0
8849856,0.0
8851008,0.0
8852224,0.0
8852448,0.0
8853088,0.0
8854432,0.0
8857888,0.0
8858144,0.0
8859520,0.0
8859680,0.0
8861216,0.0
8862080,0.0
8863552,0.0
8865088,0.0
8866048,0.0
8866816,0.0
8866880,0.0
8867360,0.0
8867392,0.0
8867968,0.0
8868608,0.0
8869920,0.0
8870464,0.0
8870624,0.0
8871840,0.0
8873728,0.0
8874592,0.0
8875488,0.0
8876832,0.0
8877472,0.0
8877888,0.0
8878240,0.0
8878848,0.0
8880192,0.0
8882272,0.0
8883680,0.0
8886304,0.0
8886400,0.0
8887392,0.0
8887552,0.0
8887744,0.0
8889088,0.0
8890784,0.0
8892544,0.0
8893536,0.0
8895264,0.0
8896672,0.0
8896704,0.0
8897120,0.0
8897376,0.0
8899136,0.0
8899616,0.0
8899712,0.0
8900224,0.0
8900544,0.0
8900704,0.0
8901312,0.0
8901600,0.0
8901696,0.0
8902080,0.0
8903168,0.0
8904032,0.0
8906080,0.0
8908640,0.0
8908672,0.0
8909088,0.0
8911040,0.0
8911200,0.0
8911904,0.0
8912000,0.0
8913120,0.0
8914624,0.0
8916352,0.0
8917568,0.0
8918048,0.0
8919648,0.0
8920032,0.0
8922112,0.0
8924032,0.0
8925984,0.0
8926816,0.0
8926848,0.0
8927200,0.0
8927360,0.0
8928416,0.0
8928768,0.0
8928928,0.0
8929344,0.0
8929984,0.0
8930016,0.0
8931968,0.0
8932032,0.0
8932064,0.0
8933216,0.0
8934752,0.0
8936128,0.0
8937632,0.0
8938688,0.0
8939552,0.0
8940480,0.0
8944128,0.0
8944896,0.0
8946304,0.0
8947104,0.0
8947424,0.0
8948416,0.0
8949920,0.0
8951104,0.0
8951904,0.0
8951968,0.0
8952160,0.0
8952928,0.0
8953504,0.0
8953952,0.0
8955584,0.0
8956000,0.0
8957184,0.0
8958688,0.0
8959136,0.0
8959264,0.0
8959456,0.0
8960640,0.0
8961568,0.0
8961696,0.0
8962016,0.0
8962176,0.0
8962400,0.0
8965568,0.0
8966272,0.0
8966848,0.0
8967456,0.0
8972928,0.0
8973536,0.0
8973568,0.0
8974592,0.0
8976928,0.0
8976992,0.0
8979552,0.0
8981600,0.0
8983744,0.0
8983968,0.0
8984064,0.0
8985152,0.0
8985408,0.0
8987488,0.0
8991072,0.0
8991424,0.0
8992128,0.0
8992224,0.0
8992416,0.0
8993632,0.0
8999200,0.0
9001312,0.0
9003168,0.0
9004864,0.0
9007456,0.0
9007872,0.0
9010432,0.0
9013536,0.0
9014784,0.0
9015200,0.0
9016224,0.0
9016256,0.0
9016768,0.0
9019584,0.0
9021440,0.0
9021856,0.0
9022304,0.0
9024192,0.0
9024384,0.0
9025312,0.0
9026432,0.0
9028224,0.0
9028320,0.0
9029312,0.0
9029824,0.0
9031008,0.0
9031264,0.0
9031456,0.0
9031584,0.0
9032672,0.0
9033152,0.0
9033888,0.0
9034144,0.0
9034560,0.0
9035328,0.0
9037056,0.0
9037984,0.0
9038144,0.0
9039712,0.0
9040256,0.0
9040576,0.0
9042240,0.0
9042656,0.0
9044672,0.0
9045280,0.0
9046848,0.0
9047840,0.0
9048480,0.0
9049344,0.0
9049600,0.0
9050848,0.0
9051616,0.0
9052416,0.0
9053312,0.0
9054464,0.0
9054688,0.0
9058176,0.0
9058528,0.0
9059776,0.0
9060096,0.0
9061376,0.0
9063104,0.0
9063136,0.0
9065216,0.0
9066400,0.0
9066464,0.0
9066848,0.0
9066976,0.0
9068608,0.0
9069920,0.0
9071168,0.0
9072544,0.0
9072640,0.0
9073536,0.0
9074752,0.0
9075232,0.0
9075360,0.0
9075680,0.0
9076704,0.0
9077504,0.0
9077984,0.0
9080448,0.0
9080608,0.0
9082080,0.0
9082208,0.0
9082976,0.0
9083360,0.0
9084896,0.0
9084960,0.0
9087296,0.0
9087456,0.0
9089536,0.0
9090624,0.0
9090688,0.0
9091104,0.0
9091584,0.0
9091648,0.0
9091936,0.0
9093408,0.0
9093472,0.0
9096480,0.0
9097152,0.0
9099488,0.0
9101088,0.0
9102336,0.0
9102816,0.0
9103104,0.0
9103968,0.0
9105344,0.0
9105632,0.0
9105664,0.0
9105952,0.0
9106368,0.0
9106496,0.0
9107680,0.0
9108896,0.0
9108960,0.0
9109600,0.0
9111424,0.0
9113120,0.0
9114368,0.0
9115616,0.0
9120224,0.0
9120480,0.0
9124000,0.0
9125152,0.0
9126080,0.0
9126656,0.0
9127040,0.0
9128608,0.0
9129024,0.0
9130112,0.0
9130656,0.0
9131712,0.0
9132672,0.0
9133696,0.0
9133824,0.0
9135744,0.0
9136096,0.0
9136384,0.0
9136832,0.0
9137344,0.0
9138912,0.0
9139584,0.0
9139776,0.0
9140928,0.0
9142496,0.0
9143200,0.0
9143392,0.0
9144736,0.0
9145088,0.0
9146400,0.0
9146464,0.0
9147680,0.0
9147808,0.0
9148576,0.0
9149184,0.0
9149472,0.0
9149504,0.0
9149664,0.0
9149952,0.0
9150656,0.0
9151360,0.0
9151488,0.0
9151616,0.0
9152192,0.0
9153312,0.0
9153728,0.0
9156064,0.0
9156832,0.0
9157056,0.0
9158432,0.0
9158816,0.0
9159712,0.0
9159904,0.0
9160032,0.0
9160192,0.0
9160576,0.0
9160960,0.0
9162208,0.0
9162560,0.0
9162848,0.0
9162912,0.0
9163648,0.0
9163808,0.0
9165664,0.0
9167200,0.0
9167424,0.0
9167616,0.0
9168064,0.0
9168960,0.0
9172416,0.0
9172704,0.0
9173376,0.0
9173888,0.0
9174080,0.0
9175104,0.0
9176128,0.0
9178304,0.0
9178496,0.0
9178528,0.0
9179936,0.0
9181824,0.0
9182496,0.0
9183552,0.0
9184864,0.0
9185376,0.0
9186080,0.0
9186784,0.0
9188576,0.0
9189600,0.0
9190784,0.0
9193248,0.0
9193312,0.0
9193568,0.0
9194624,0.0
9195264,0.0
9198976,0.0
9199584,0.0
9201696,0.0
9201888,0.0
9202816,0.0
9205184,0.0
9205760,0.0
9206240,0.0
9206752,0.0
9207680,0.0
9207808,0.0
9207936,0.0
9209952,0.0
9211456,0.0
9213184,0.0
9214560,0.0
9215520,0.0
9218496,0.0
9218688,0.0
9219552,0.0
9220352,0.0
9220512,0.0
9222528,0.0
9223936,0.0
9225408,0.0
9226464,0.0
9226976,0.0
9227904,0.0
9230464,0.0
9231264,0.0
9231968,0.0
9232064,0.0
9232192,0.0
9233024,0.0
9237120,0.0
9237792,0.0
9238528,0.0
9240352,0.0
9241728,0.0
9245728,0.0
9246016,0.0
9246272,0.0
9246528,0.0
9248128,0.0
9248672,0.0
9248768,0.0
9252352,0.0
9255872,0.0
9256352,0.0
9262176,0.0
9262912,0.0
9264448,0.0
9266016,0.0
9266816,0.0
9268096,0.0
9269504,0.0
9271264,0.0
9271776,0.0
9272832,0.0
9274112,0.0
9276288,0.0
9276672,0.0
9278752,0.0
9280608,0.0
9281344,0.0
9281728,0.0
9286688,0.0
9286720,0.0
9287552,0.0
9288320,0.0
9288448,0.0
9289184,0.0
9289792,0.0
9290272,0.0
9291456,0.0
9292736,0.0
9293760,0.0
9294816,0.0
9294848,0.0
9295488,0.0
9297184,0.0
9297344,0.0
9298304,0.0
9298528,0.0
9301696,0.0
9303392,0.0
9305376,0.0
9305824,0.0
9305856,0.0
9307552,0.0
9307744,0.0
9308096,0.0
9308736,0.0
9309120,0.0
9309344,0.0
9309664,0.0
9310208,0.0
9311072,0.0
9312512,0.0
9313792,0.0
9317056,0.0
9317408,0.0
9318976,0.0
9319072,0.0
9319488,0.0
9319904,0.0
9321184,0.0
9321312,0.0
9322976,0.0
9324256,0.0
9325824,0.0
9326144,0.0
9326592,0.0
9328256,0.0
9329952,0.0
9330688,0.0
9331072,0.0
9331392,0.0
9332512,0.0
9335296,0.0
9336064,0.0
9336224,0.0
9338464,0.0
9339520,0.0
9339872,0.0
9340352,0.0
9340480,0.0
9342816,0.0
9344000,0.0
9344192,0.0
9345920,0.0
9346688,0.0
9347744,0.0
9349696,0.0
9349824,0.0
9351104,0.0
9352608,0.0
9355328,0.0
9357024,0.0
9357728,0.0
9357952,0.0
9359520,0.0
9363264,0.0
9363392,0.0
9364128,0.0
9364160,0.0
9365504,0.0
9367936,0.0
9368608,0.0
9371392,0.0
9372320,0.0
9372480,0.0
9373280,0.0
9374080,0.0
9378240,0.0
9378432,0.0
9378496,0.0
9383264,0.0
9385216,0.0
9385408,0.0
9385600,0.0
9386112,0.0
9386720,0.0
9387744,0.0
9387776,0.0
9387904,0.0
9388640,0.0
9390368,0.0
9391872,0.0
9392128,0.0
9392512,0.0
9393408,0.0
9393664,0.0
9394176,0.0
9395424,0.0
9395648,0.0
9398112,0.0
9398304,0.0
9402240,0.0
9402272,0.0
9402560,0.0
9403296,0.0
9404448,0.0
9405472,0.0
9405504,0.0
9405824,0.0
9405888,0.0
9406112,0.0
9406144,0.0
9406816,0.0
9406976,0.0
9407104,0.0
9408448,0.0
9409600,0.0
9410080,0.0
9410624,0.0
9411072,0.0
9411296,0.0
9411872,0.0
9412448,0.0
9413696,0.0
9415456,0.0
9417024,0.0
9418592,0.0
9419264,0.0
9420288,0.0
9420480,0.0
9422528,0.0
9423040,0.0
9423616,0.0
9423872,0.0
9423904,0.0
9423968,0.0
9425056,0.0
9426144,0.0
9426336,0.0
9426464,0.0
9431808,0.0
9432512,0.0
9434720,0.0
9437760,0.0
9438336,0.0
9440512,0.0
9440768,0.0
9443328,0.0
9444064,0.0
9444384,0.0
9446208,0.0
9446592,0.0
9447136,0.0
9448800,0.0
9449472,0.0
9449888,0.0
9450432,0.0
9452736,0.0
9452832,0.0
9453536,0.0
9456448,0.0
9456672,0.0
9457824,0.0
9457888,0.0
9458208,0.0
9458240,0.0
9458272,0.0
9458528,0.0
9461664,0.0
9464608,0.0
9465344,0.0
9465472,0.0
9465568,0.0
9467264,0.0
9468672,0.0
9469952,0.0
9472160,0.0
9475680,0.0
9476800,0.0
9477120,0.0
9478048,0.0
9479776,0.0
9480768,0.0
9481280,0.0
9481344,0.0
9482176,0.0
9482592,0.0
9483040,0.0
9483200,0.0
9483360,0.0
9483776,0.0
9484864,0.0
9485792,0.0
9486304,0.0
9488416,0.0
9489472,0.0
9489984,0.0
9491360,0.0
9491552,0.0
9491808,0.0
9492832,0.0
9495200,0.0
9495552,0.0
9496576,0.0
9496928,0.0
9499264,0.0
9499552,0.0
9500736,0.0
9501088,0.0
9502144,0.0
9502176,0.0
9502976,0.0
9503456,0.0
9503520,0.0
9504512,0.0
9504576,0.0
9505568,0.0
9506240,0.0
9508608,0.0
9508800,0.0
9508928,0.0
9512672,0.0
9514624,0.0
9514688,0.0
9515584,0.0
9516992,0.0
9517504,0.0
9517888,0.0
9518784,0.0
9519936,0.0
9520192,0.0
9521152,0.0
9523648,0.0
9524864,0.0
9525856,0.0
9527744,0.0
9530752,0.0
9534464,0.0
9534496,0.0
9535712,0.0
9536224,0.0
9536544,0.0
9540256,0.0
9541888,0.0
9542656,0.0
9543840,0.0
9544256,0.0
9545120,0.0
9546816,0.0
9548864,0.0
9548928,0.0
9549568,0.0
9549600,0.0
9551232,0.0
9553056,0.0
9553088,0.0
9554656,0.0
9556672,0.0
9557248,0.0
9557280,0.0
9559424,0.0
9559552,0.0
9559776,0.0
9560000,0.0
9560576,0.0
9561408,0.0
9561920,0.0
9562304,0.0
9563840,0.0
9565248,0.0
9565440,0.0
9565568,0.0
9568320,0.0
9569120,0.0
9569824,0.0
9569952,0.0
9570368,0.0
9571392,0.0
9573056,0.0
9573344,0.0
9573856,0.0
9575168,0.0
9576544,0.0
9576800,0.0
9579232,0.0
9580096,0.0
9583392,0.0
9583488,0.0
9584224,0.0
9584256,0.0
9584544,0.0
9585024,0.0
9588704,0.0
9590016,0.0
9590048,0.0
9590592,0.0
9591232,0.0
9591264,0.0
9592480,0.0
9593088,0.0
9598656,0.0
9599904,0.0
9599968,0.0
9600448,0.0
9601728,0.0
9602368,0.0
9603008,0.0
9604096,0.0
9604832,0.0
9605664,0.0
9606336,0.0
9606592,0.0
9607552,0.0
9607680,0.0
9608032,0.0
9609856,0.0
9611648,0.0
9612064,0.0
9613856,0.0
9616544,0.0
9617952,0.0
9618624,0.0
9626560,0.0
9626976,0.0
9627424,0.0
9631040,0.0
9631104,0.0
9631712,0.0
9632320,0.0
9632928,0.0
9636800,0.0
9638592,0.0
9639136,0.0
9640832,0.0
9641344,0.0
9642144,0.0
9642816,0.0
9643168,0.0
9643232,0.0
9643872,0.0
9644352,0.0
9645600,0.0
9648896,0.0
9650784,0.0
9652384,0.0
9653280,0.0
9656448,0.0
9658560,0.0
9659520,0.0
9660608,0.0
9660736,0.0
9661024,0.0
9662048,0.0
9663328,0.0
9663392,0.0
9663456,0.0
9663552,0.0
9663680,0.0
9664128,0.0
9664736,0.0
9665984,0.0
9666016,0.0
9666176,0.0
9666304,0.0
9666688,0.0
9666816,0.0
9668672,0.0
9668960,0.0
9669440,0.0
9669600,0.0
9672992,0.0
9673120,0.0
9674560,0.0
9679808,0.0
9679936,0.0
9680544,0.0
9680640,0.0
9681792,0.0
9687424,0.0
9688128,0.0
9688480,0.0
9689056,0.0
9690496,0.0
9691744,0.0
9691872,0.0
9693536,0.0
9694208,0.0
9695296,0.0
9697312,0.0
9699264,0.0
9700960,0.0
9701632,0.0
9703328,0.0
9703904,0.0
9704352,0.0
9706944,0.0
9709376,0.0
9709472,0.0
9709792,0.0
9710112,0.0
9710752,0.0
9714560,0.0
9718016,0.0
9722048,0.0
9722784,0.0
9724160,0.0
9724384,0.0
9725088,0.0
9727136,0.0
9727168,0.0
9727520,0.0
9728512,0.0
9728768,0.0
9729408,0.0
9731328,0.0
9732768,0.0
9735424,0.0
9736896,0.0
9737856,0.0
9741888,0.0
9742272,0.0
9743040,0.0
9743392,0.0
9745472,0.0
9748000,0.0
9748544,0.0
9748640,0.0
9750304,0.0
9752128,0.0
9753408,0.0
9753888,0.0
9754208,0.0
9754912,0.0
9755328,0.0
9755840,0.0
9756384,0.0
9757120,0.0
9761440,0.0
9762848,0.0
9764192,0.0
9765056,0.0
9766432,0.0
9766528,0.0
9768128,0.0
9768736,0.0
9771680,0.0
9773568,0.0
9773856,0.0
9774656,0.0
9775552,0.0
9775968,0.0
9777824,0.0
9777984,0.0
9778560,0.0
9778976,0.0
9780096,0.0
9781280,0.0
9783680,0.0
9784352,0.0
9785216,0.0
9785568,0.0
9787488,0.0
9787680,0.0
9788864,0.0
9788896,0.0
9789376,0.0
9789760,0.0
9790624,0.0
9790816,0.0
9791424,0.0
9791936,0.0
9792864,0.0
9793408,0.0
9793856,0.0
9798592,0.0
9799744,0.0
9802368,0.0
9802528,0.0
9803392,0.0
9806240,0.0
9807520,0.0
9807744,0.0
9808832,0.0
9808992,0.0
9809376,0.0
9812896,0.0
9813408,0.0
9814016,0.0
9814848,0.0
9815584,0.0
9815808,0.0
9816416,0.0
9817984,0.0
9818080,0.0
9818432,0.0
9818464,0.0
9819904,0.0
9821248,0.0
9821376,0.0
9821824,0.0
9823008,0.0
9823680,0.0
9823872,0.0
9824960,0.0
9826336,0.0
9827488,0.0
9828512,0.0
9828608,0.0
9829536,0.0
9830592,0.0
9832000,0.0
9832192,0.0
9835232,0.0
9836416,0.0
9838048,0.0
9838624,0.0
9838976,0.0
9839456,0.0
9841184,0.0
9843040,0.0
9844192,0.0
9844448,0.0
9844512,0.0
9846528,0.0
9846624,0.0
9847424,0.0
9848032,0.0
9849184,0.0
9851104,0.0
9851424,0.0
9852544,0.0
9853600,0.0
9853632,0.0
9853920,0.0
9855104,0.0
9856704,0.0
9857056,0.0
9861312,0.0
9861344,0.0
9861568,0.0
9863584,0.0
9864832,0.0
9866112,0.0
9867008,0.0
9867040,0.0
9868608,0.0
9871072,0.0
9872192,0.0
9872544,0.0
9873248,0.0
9874816,0.0
9876064,0.0
9876320,0.0
9877632,0.0
9877728,0.0
9877824,0.0
9878016,0.0
9878048,0.0
9878944,0.0
9878976,0.0
9879008,0.0
9879296,0.0
9879936,0.0
9880928,0.0
9884288,0.0
9885888,0.0
9886304,0.0
9886400,0.0
9887072,0.0
9889248,0.0
9889408,0.0
9890592,0.0
9891200,0.0
9892448,0.0
9892992,0.0
9894016,0.0
9894304,0.0
9894464,0.0
9894688,0.0
9896192,0.0
9897312,0.0
9900256,0.0
9900896,0.0
9900992,0.0
9901824,0.0
9903392,0.0
9903968,0.0
9904896,0.0
9904928,0.0
9904992,0.0
9906464,0.0
9906912,0.0
9909472,0.0
9909600,0.0
9912128,0.0
9913216,0.0
9915200,0.0
9915424,0.0
9916352,0.0
9917344,0.0
9919328,0.0
9921088,0.0
9921792,0.0
9924320,0.0
9924512,0.0
9925632,0.0
9925728,0.0
9926592,0.0
9926912,0.0
9928064,0.0
9928192,0.0
9931360,0.0
9931744,0.0
9933216,0.0
9933344,0.0
9935136,0.0
9935296,0.0
9935328,0.0
9936288,0.0
9938592,0.0
9941696,0.0
9944000,0.0
9944384,0.0
9945376,0.0
9945760,0.0
9946272,0.0
9946944,0.0
9947904,0.0
9949312,0.0
9949440,0.0
9949920,0.0
9950368,0.0
9950432,0.0
9951264,0.0
9952832,0.0
9953856,0.0
9955712,0.0
9957856,0.0
9957952,0.0
9959744,0.0
9960608,0.0
9961728,0.0
9961792,0.0
9962688,0.0
9962848,0.0
9965568,0.0
9966592,0.0
9966688,0.0
9969344,0.0
9969504,0.0
9969568,0.0
9970016,0.0
9970784,0.0
9973888,0.0
9976864,0.0
9979136,0.0
9979200,0.0
9981472,0.0
9982144,0.0
9983040,0.0
9985184,0.0
9985632,0.0
9985728,0.0
9986624,0.0
9989152,0.0
9989312,0.0
9990816,0.0
9990976,0.0
9992832,0.0
9992960,0.0
9993600,0.0
9994240,0.0
