step,value
2112,66.0
2272,71.0
2720,85.0
2784,87.0
3808,119.0
4128,129.0
4480,75.0
4864,64.0
5216,80.0
5312,52.0
5440,84.0
6656,67.0
7392,231.0
8224,103.0
8480,109.0
8896,63.0
9344,54.0
9504,61.0
9696,82.0
10272,63.0
10528,97.0
11584,76.0
11648,57.0
11680,61.0
12000,72.0
12960,75.0
13472,67.0
14016,107.0
14176,73.0
14368,86.0
14560,63.0
14848,77.0
14912,68.0
15712,68.0
16416,63.0
16736,79.0
16832,75.0
17184,131.0
17376,51.0
17760,116.0
19040,61.0
19072,82.0
19520,72.0
20128,82.0
21024,60.0
21248,233.0
21728,56.0
21856,58.0
22080,60.0
22176,61.0
23104,73.0
23520,145.0
24672,60.0
25088,54.0
25312,58.0
26848,67.0
27296,87.0
27680,139.0
28672,108.0
29056,68.0
30784,76.0
31008,78.0
31648,80.0
31680,164.0
32064,86.0
32224,86.0
32320,62.0
33280,97.0
34304,164.0
34624,86.0
35072,124.0
35328,70.0
35584,63.0
35680,91.0
36928,85.0
37632,58.0
38656,80.0
38848,98.0
39008,148.0
39232,107.0
39520,87.0
40256,180.0
40768,53.0
41440,57.0
42176,61.0
42656,71.0
43968,185.0
44160,70.0
45408,64.0
46176,62.0
46496,76.0
46688,67.0
47104,52.0
48352,60.0
49056,117.0
49376,70.0
49632,59.0
50496,144.0
51200,140.0
51232,84.0
51776,88.0
52640,101.0
53280,54.0
53728,62.0
54368,65.0
54496,66.0
55680,65.0
56320,159.0
56384,87.0
57216,84.0
57280,63.0
57280,68.0
57920,132.0
58496,401.0
59520,50.0
60480,68.0
61120,99.0
61280,59.0
61504,81.0
61664,74.0
62368,88.0
62464,134.0
62560,214.0
64384,72.0
65632,73.0
65856,53.0
65920,68.0
67616,132.0
67968,58.0
68160,52.0
68640,145.0
69984,62.0
70784,62.0
70976,133.0
71648,69.0
71968,142.0
72352,76.0
73120,103.0
73248,101.0
73312,70.0
73312,190.0
74368,74.0
76000,114.0
76608,91.0
77600,70.0
77728,152.0
78784,76.0
79104,123.0
79520,67.0
80128,466.0
80288,82.0
80448,52.0
81504,61.0
81600,120.0
82240,60.0
82720,118.0
82912,76.0
83520,62.0
83520,74.0
84416,87.0
84800,73.0
85440,71.0
85696,61.0
85856,53.0
86656,65.0
86944,52.0
88384,62.0
88672,89.0
89120,68.0
89408,72.0
90016,78.0
92224,54.0
93952,78.0
93984,73.0
95328,148.0
95808,127.0
97024,50.0
97856,78.0
98432,89.0
98560,142.0
100352,76.0
100480,112.0
101088,68.0
101536,87.0
102336,139.0
102336,80.0
102912,56.0
103136,53.0
103712,63.0
103904,60.0
103968,72.0
104064,84.0
104448,87.0
105152,112.0
105248,72.0
107392,468.0
107872,50.0
108736,53.0
110016,80.0
111136,71.0
112320,80.0
113408,55.0
113696,62.0
115168,57.0
115808,77.0
116064,374.0
116416,232.0
117664,96.0
118592,69.0
120384,117.0
120480,93.0
122656,57.0
122880,90.0
123488,67.0
123936,132.0
125824,85.0
126208,54.0
126624,62.0
126688,91.0
126784,70.0
127296,70.0
127520,183.0
128736,423.0
128864,67.0
129376,64.0
129728,94.0
130720,63.0
132512,75.0
132864,67.0
133536,81.0
133824,81.0
133824,117.0
134368,57.0
134624,166.0
134688,80.0
135168,123.0
135840,129.0
136800,78.0
137440,56.0
137696,52.0
139584,141.0
139936,59.0
140832,176.0
141184,58.0
141568,265.0
141632,63.0
141760,126.0
142048,55.0
142368,69.0
142848,168.0
143520,196.0
143936,87.0
145280,298.0
145632,95.0
145760,115.0
145792,65.0
147648,301.0
148256,117.0
149568,81.0
149952,82.0
150208,60.0
150880,110.0
151168,79.0
151200,70.0
151232,75.0
152032,60.0
152096,57.0
152416,68.0
153184,141.0
153792,62.0
154208,56.0
154400,168.0
154944,115.0
155328,76.0
155488,90.0
155744,115.0
156160,58.0
156192,64.0
156192,155.0
156608,67.0
157056,74.0
157856,52.0
158592,54.0
159616,132.0
159712,84.0
160256,74.0
160288,118.0
161024,100.0
161472,84.0
161504,165.0
162176,76.0
162432,121.0
162912,70.0
163360,51.0
163456,61.0
163456,139.0
164672,54.0
166720,55.0
167904,58.0
167904,59.0
168096,85.0
168576,68.0
168928,68.0
169024,86.0
169376,79.0
169472,162.0
169632,63.0
169728,54.0
171200,96.0
171232,148.0
171872,75.0
171904,53.0
171968,74.0
172288,79.0
172992,201.0
173760,74.0
174144,140.0
174880,180.0
176288,59.0
176416,244.0
176576,59.0
178016,102.0
179328,89.0
179776,89.0
180256,65.0
181536,101.0
181664,167.0
181856,78.0
184096,155.0
184608,82.0
184640,108.0
185664,69.0
185760,131.0
186592,261.0
187040,97.0
187424,84.0
188544,107.0
189696,210.0
189920,162.0
190272,85.0
190432,76.0
191776,72.0
192736,79.0
193600,71.0
193728,88.0
194080,163.0
194400,217.0
194464,83.0
194560,66.0
195488,95.0
195744,62.0
196128,51.0
196352,70.0
197120,50.0
197664,63.0
198304,70.0
198400,176.0
198432,120.0
199296,105.0
199968,64.0
200832,77.0
201248,271.0
202880,139.0
203712,96.0
203872,127.0
204096,58.0
204384,68.0
204448,70.0
205920,51.0
206688,181.0
207072,102.0
207616,153.0
208640,121.0
210464,74.0
212384,84.0
213216,146.0
214080,53.0
217856,95.0
218720,71.0
219488,79.0
219520,125.0
220000,58.0
220704,51.0
222464,62.0
223552,53.0
224576,136.0
225888,102.0
226048,72.0
227936,90.0
227968,54.0
227968,53.0
229088,69.0
231712,93.0
233184,81.0
233696,116.0
234208,69.0
234624,63.0
234720,167.0
235584,62.0
236000,74.0
236032,60.0
237216,52.0
237888,175.0
238272,93.0
238304,87.0
240800,75.0
240832,99.0
241056,86.0
241536,113.0
241728,124.0
241984,284.0
242368,115.0
242560,74.0
243232,96.0
243264,68.0
243552,57.0
244288,123.0
244384,62.0
244800,202.0
245024,93.0
245664,59.0
246784,86.0
246816,75.0
247136,199.0
248288,178.0
248576,94.0
249920,103.0
250368,76.0
250464,79.0
250976,77.0
251904,63.0
252800,74.0
253440,70.0
253920,160.0
254432,126.0
254624,86.0
254912,93.0
255424,71.0
256224,68.0
256608,56.0
257760,333.0
259136,77.0
259232,128.0
259392,98.0
261728,75.0
262272,176.0
265984,70.0
266848,55.0
267744,58.0
268096,141.0
268256,192.0
268800,81.0
270304,68.0
270560,175.0
271008,85.0
274208,134.0
274400,117.0
274720,500.0
275168,61.0
275904,129.0
276640,74.0
278368,89.0
279008,228.0
279040,75.0
280672,127.0
280768,76.0
280992,151.0
283072,88.0
284896,184.0
284896,92.0
285248,130.0
286048,203.0
286176,125.0
286560,238.0
288096,59.0
289088,120.0
289536,66.0
290272,67.0
291488,96.0
293120,67.0
294528,105.0
294560,70.0
294592,64.0
294592,135.0
295872,163.0
296160,66.0
296896,86.0
299008,59.0
300832,112.0
301184,81.0
301472,174.0
301888,108.0
302432,86.0
302560,93.0
302720,70.0
303328,111.0
303744,109.0
306496,85.0
306656,148.0
307584,122.0
308032,165.0
308992,166.0
309248,64.0
312160,88.0
312736,109.0
313888,372.0
314432,94.0
316128,105.0
316960,78.0
317472,143.0
317696,57.0
319392,102.0
320896,239.0
322112,57.0
323392,85.0
324224,103.0
324288,81.0
324320,214.0
325088,148.0
325600,108.0
326432,159.0
328352,93.0
328480,111.0
329440,241.0
329472,161.0
331360,130.0
331488,131.0
333824,263.0
334752,53.0
336416,65.0
336576,222.0
337920,107.0
340032,229.0
340928,140.0
341568,81.0
341888,95.0
342176,66.0
343328,88.0
344320,185.0
344864,115.0
344928,55.0
344992,107.0
345024,215.0
346208,189.0
346656,103.0
348512,194.0
348608,105.0
349376,162.0
350208,240.0
350656,144.0
352160,141.0
353376,59.0
354144,161.0
354560,76.0
355904,59.0
356384,60.0
356768,103.0
356768,67.0
357568,267.0
358016,50.0
358720,60.0
359328,129.0
359840,247.0
360416,74.0
360736,107.0
362656,87.0
363264,78.0
364128,89.0
364960,379.0
365344,150.0
366240,181.0
366272,78.0
366304,68.0
366432,98.0
366496,76.0
366592,113.0
368512,66.0
370240,113.0
370752,122.0
371072,110.0
371456,154.0
372128,161.0
372288,80.0
372672,281.0
374528,107.0
375328,196.0
376032,61.0
376096,56.0
377024,69.0
377120,80.0
377600,74.0
377824,454.0
378336,76.0
379424,88.0
379808,83.0
380000,71.0
381056,119.0
382240,196.0
382976,89.0
383360,87.0
383776,57.0
384128,96.0
384320,50.0
384512,186.0
385152,77.0
385280,119.0
385312,71.0
385824,76.0
386816,113.0
386816,89.0
386976,82.0
387008,83.0
387136,114.0
387328,184.0
389024,68.0
389504,114.0
390208,71.0
390944,59.0
392864,82.0
393216,131.0
394240,88.0
394752,80.0
395360,80.0
396576,54.0
396896,90.0
397440,94.0
397568,125.0
400960,166.0
401600,128.0
402528,96.0
403552,94.0
404416,84.0
405952,59.0
409088,71.0
409344,181.0
409696,50.0
410400,133.0
410784,110.0
410816,56.0
410976,79.0
411136,59.0
411232,168.0
412000,91.0
412256,67.0
413056,55.0
413440,111.0
413536,130.0
414912,116.0
415200,137.0
415584,63.0
415616,248.0
416672,124.0
416768,98.0
417696,64.0
419040,119.0
419040,74.0
419552,121.0
419808,82.0
420096,94.0
423072,87.0
423264,91.0
423392,152.0
424672,61.0
424960,200.0
425664,206.0
425888,66.0
426112,192.0
426176,92.0
426592,258.0
428128,91.0
428704,186.0
429248,182.0
430272,93.0
430496,98.0
433120,112.0
433408,164.0
433792,77.0
434016,73.0
435168,235.0
436256,109.0
437152,73.0
437952,52.0
438752,69.0
439296,87.0
439968,63.0
440000,280.0
440320,113.0
440576,186.0
440896,214.0
441632,78.0
441856,127.0
442336,71.0
443744,148.0
444000,80.0
444064,100.0
445376,138.0
446528,106.0
446784,84.0
447552,173.0
447808,89.0
448288,54.0
449216,67.0
449536,225.0
450624,93.0
451488,116.0
451968,77.0
452512,110.0
453728,87.0
453824,181.0
455104,208.0
457024,155.0
457472,115.0
457632,118.0
458816,94.0
459744,108.0
461248,91.0
462880,53.0
463040,112.0
463264,86.0
463328,88.0
463456,68.0
463872,231.0
464160,57.0
464224,139.0
466464,93.0
466784,253.0
468288,102.0
468416,160.0
470816,99.0
472288,172.0
472448,94.0
474368,116.0
475968,165.0
477408,143.0
477888,130.0
479040,67.0
480704,96.0
481088,101.0
482336,68.0
484032,182.0
484128,55.0
484288,123.0
484352,87.0
484608,121.0
484864,73.0
485248,94.0
485600,206.0
485632,73.0
486592,107.0
488640,143.0
489792,89.0
489888,209.0
490624,106.0
491168,65.0
491712,124.0
492672,145.0
494720,77.0
495520,107.0
496032,56.0
496256,141.0
496768,103.0
497664,91.0
498656,269.0
499968,99.0
502304,72.0
503680,117.0
504384,92.0
504480,190.0
506528,76.0
506528,231.0
507360,76.0
508032,138.0
508192,303.0
509792,79.0
510528,98.0
510560,141.0
511616,225.0
511680,104.0
512288,127.0
513216,83.0
513376,55.0
514432,87.0
514560,89.0
514912,112.0
514944,86.0
515648,126.0
515776,225.0
516288,82.0
518080,180.0
519872,151.0
520224,92.0
521440,95.0
521824,251.0
522336,95.0
522816,131.0
522912,112.0
524928,152.0
525504,126.0
528448,79.0
528576,109.0
528736,118.0
529280,81.0
530272,134.0
530464,154.0
530976,169.0
531392,96.0
532096,104.0
532896,259.0
533056,172.0
533824,88.0
534336,94.0
535008,101.0
535616,113.0
536608,100.0
536896,149.0
537088,70.0
537696,152.0
538944,118.0
539328,84.0
539392,107.0
543200,107.0
544160,107.0
544544,111.0
544928,351.0
545440,102.0
547552,108.0
550304,115.0
551136,168.0
551264,156.0
551808,115.0
552608,103.0
552768,74.0
555072,194.0
557184,95.0
557792,220.0
560032,76.0
561376,197.0
561536,261.0
561536,157.0
562752,100.0
564512,152.0
565120,137.0
565376,82.0
566496,116.0
567968,361.0
568672,299.0
569792,192.0
569920,108.0
571616,106.0
572448,89.0
574176,215.0
575392,91.0
576576,70.0
577152,283.0
577952,77.0
578304,119.0
579232,171.0
580544,99.0
580768,114.0
581440,98.0
583520,109.0
584032,101.0
584096,82.0
584448,245.0
584608,282.0
584672,72.0
587200,88.0
588064,106.0
588384,84.0
588832,172.0
589088,252.0
590048,82.0
590368,98.0
591936,195.0
592288,107.0
592576,108.0
593312,88.0
593920,211.0
594528,65.0
595680,199.0
597088,71.0
597568,94.0
597728,96.0
597760,176.0
598720,124.0
599360,187.0
602336,105.0
602880,179.0
603968,313.0
605472,72.0
605792,99.0
606144,118.0
607040,268.0
607872,135.0
608288,213.0
611232,169.0
611968,155.0
612608,198.0
612896,96.0
613536,124.0
614560,129.0
616832,103.0
617984,114.0
618176,73.0
619104,141.0
619808,190.0
621088,99.0
622144,234.0
622688,270.0
623840,125.0
624576,61.0
624672,202.0
624928,140.0
625472,127.0
625728,324.0
627968,122.0
627968,248.0
628032,265.0
628384,82.0
628800,102.0
630112,79.0
631008,62.0
633376,236.0
633408,81.0
635136,113.0
635776,137.0
636000,87.0
636384,133.0
637312,369.0
637376,81.0
637600,127.0
637984,88.0
638592,108.0
639840,76.0
640160,93.0
640384,119.0
642112,83.0
642208,308.0
642656,68.0
642976,67.0
644160,82.0
647808,127.0
650496,283.0
650688,108.0
652320,140.0
652672,124.0
653792,159.0
653984,102.0
654752,90.0
654976,149.0
655232,81.0
655296,84.0
655744,65.0
656640,103.0
656864,310.0
657280,338.0
657792,137.0
658624,120.0
659584,98.0
659680,276.0
659712,137.0
660032,66.0
661376,87.0
661696,185.0
661792,160.0
662176,269.0
664768,164.0
665408,125.0
665856,91.0
666336,407.0
667808,96.0
668960,97.0
668992,271.0
669248,94.0
670240,147.0
671680,78.0
672640,74.0
673024,78.0
674304,61.0
674688,201.0
675136,105.0
675776,102.0
676160,290.0
676448,99.0
677696,148.0
679616,255.0
679904,191.0
680288,90.0
681280,260.0
681440,364.0
681504,79.0
682816,79.0
683840,319.0
683936,77.0
684224,82.0
685184,73.0
685344,151.0
686784,107.0
687392,189.0
688672,79.0
690592,113.0
691296,140.0
691488,119.0
691872,141.0
692384,62.0
692416,118.0
692480,185.0
695104,118.0
696064,94.0
696320,99.0
696864,75.0
697696,109.0
700128,197.0
700224,98.0
702048,204.0
702400,225.0
702400,76.0
702528,103.0
702688,149.0
702752,107.0
703392,66.0
705280,118.0
708416,187.0
708992,91.0
709952,90.0
710624,239.0
711360,96.0
711840,83.0
712128,135.0
714016,114.0
714176,99.0
714784,95.0
715392,125.0
715520,70.0
717056,172.0
718080,79.0
720512,78.0
720608,90.0
723264,245.0
723264,69.0
724032,75.0
724256,100.0
724864,86.0
724896,99.0
725504,109.0
725920,351.0
727552,96.0
727968,108.0
728000,92.0
730272,64.0
730720,115.0
730784,134.0
731072,168.0
731360,92.0
733888,96.0
734048,90.0
734624,225.0
735264,225.0
736512,185.0
736576,91.0
738304,55.0
738336,115.0
738688,86.0
739552,246.0
740032,105.0
740928,104.0
741888,166.0
742432,105.0
742688,118.0
744928,114.0
746688,189.0
746880,162.0
747136,68.0
748864,100.0
751168,93.0
751232,107.0
752064,202.0
752320,87.0
752576,68.0
753952,117.0
754432,246.0
754912,81.0
755712,83.0
755904,124.0
756544,89.0
756736,61.0
757024,108.0
757216,188.0
758112,191.0
760576,76.0
760576,102.0
761152,142.0
761184,91.0
762528,91.0
762912,94.0
763104,113.0
764096,111.0
764256,95.0
764960,135.0
765152,145.0
765664,325.0
765984,189.0
766720,228.0
768832,220.0
769440,99.0
769696,141.0
770176,376.0
770880,77.0
774816,114.0
774848,67.0
776352,158.0
777536,102.0
778496,81.0
779392,231.0
779712,104.0
779840,78.0
780032,196.0
780192,105.0
780480,61.0
781280,91.0
781536,131.0
781952,164.0
782496,85.0
783456,173.0
784384,65.0
784992,115.0
787968,92.0
788352,198.0
790144,180.0
791744,177.0
791808,112.0
793920,126.0
794496,319.0
794560,346.0
795936,169.0
798592,385.0
798624,117.0
799296,104.0
799584,99.0
800576,291.0
800800,258.0
800896,199.0
801504,130.0
801536,90.0
801760,224.0
802208,81.0
802240,113.0
805056,139.0
805344,78.0
807328,113.0
807360,71.0
812448,375.0
813856,105.0
815008,86.0
816512,69.0
816896,69.0
816928,59.0
817696,163.0
818336,77.0
819616,52.0
822752,90.0
823648,358.0
824032,93.0
824320,265.0
825088,191.0
826080,180.0
827648,96.0
828384,126.0
829184,119.0
830080,86.0
830400,328.0
831840,64.0
832416,111.0
834208,143.0
836256,293.0
836448,125.0
837120,122.0
837216,100.0
837280,95.0
837312,130.0
839904,187.0
842208,175.0
842752,121.0
842912,176.0
844512,96.0
844768,111.0
844960,108.0
845344,96.0
847552,105.0
847776,101.0
848032,85.0
848992,102.0
849024,195.0
849472,97.0
851904,81.0
852288,102.0
852704,74.0
854112,122.0
854464,196.0
854560,81.0
854848,95.0
854976,59.0
857056,178.0
857504,222.0
858272,180.0
860832,88.0
862144,120.0
864160,90.0
864416,105.0
866624,296.0
867008,192.0
867008,86.0
869024,91.0
870080,186.0
870144,83.0
870368,100.0
871040,91.0
872992,167.0
872992,78.0
873760,114.0
873920,112.0
874112,116.0
874720,122.0
874976,75.0
876928,243.0
878720,149.0
878752,161.0
878880,109.0
879328,117.0
879424,154.0
880384,88.0
880736,88.0
881216,132.0
883456,326.0
883744,104.0
884192,98.0
884768,174.0
885024,118.0
885088,111.0
885856,71.0
888832,376.0
889376,303.0
891136,193.0
891488,93.0
892192,79.0
892928,126.0
893728,80.0
896352,209.0
896992,130.0
898624,109.0
899136,99.0
900032,91.0
903008,126.0
904320,108.0
904800,103.0
904928,219.0
905760,55.0
906464,75.0
907808,72.0
907904,304.0
908032,96.0
908800,220.0
908800,78.0
909312,102.0
910496,73.0
912416,109.0
912640,119.0
912928,136.0
912928,153.0
913792,179.0
913856,68.0
915392,162.0
916608,113.0
918944,135.0
919072,99.0
919232,97.0
919456,94.0
919680,94.0
919808,103.0
919936,191.0
920544,128.0
921408,76.0
921920,99.0
922560,89.0
923008,132.0
924320,202.0
924448,155.0
925824,205.0
925888,160.0
926720,263.0
927648,81.0
928416,138.0
928704,87.0
928864,86.0
929152,81.0
931104,118.0
935040,197.0
935136,83.0
935968,204.0
938592,123.0
938880,109.0
939136,91.0
939392,55.0
939488,86.0
941984,136.0
942016,135.0
942304,174.0
942464,129.0
944320,126.0
945600,109.0
946176,82.0
947904,123.0
948352,65.0
948832,92.0
949120,83.0
951296,98.0
951488,92.0
951936,96.0
952864,167.0
954880,105.0
956576,127.0
957312,112.0
958304,121.0
959296,85.0
959456,89.0
959712,101.0
960064,228.0
960096,92.0
960544,81.0
964032,135.0
968256,131.0
968768,270.0
969696,65.0
969728,128.0
969856,137.0
969984,86.0
970880,329.0
971712,62.0
971776,93.0
972096,200.0
972448,96.0
973440,118.0
974368,182.0
974784,205.0
974944,98.0
976544,116.0
978560,89.0
980544,259.0
981472,127.0
983872,177.0
984352,110.0
984832,143.0
985696,397.0
985824,135.0
986112,87.0
987328,100.0
987936,111.0
988288,82.0
989344,95.0
990272,58.0
990272,165.0
990368,75.0
990784,85.0
992960,111.0
995360,82.0
996640,75.0
996640,94.0
996704,126.0
997312,73.0
998432,204.0
998944,108.0
999424,126.0
999680,94.0
999936,130.0
1000448,58.0
1000608,102.0
1000736,129.0
1004064,120.0
1004704,335.0
1004992,138.0
1005696,382.0
1006080,153.0
1006880,87.0
1008448,228.0
1008480,284.0
1010208,91.0
1010272,114.0
1012576,212.0
1014080,61.0
1014240,120.0
1015648,209.0
1016064,61.0
1017184,265.0
1017472,92.0
1019392,114.0
1019744,93.0
1019872,208.0
1019872,74.0
1020320,289.0
1020352,89.0
1020736,172.0
1021024,80.0
1021184,90.0
1023808,85.0
1023872,88.0
1024032,63.0
1028096,75.0
1028672,177.0
1029216,83.0
1030112,86.0
1031616,213.0
1031968,103.0
1034080,239.0
1035616,119.0
1036704,250.0
1037120,109.0
1038880,127.0
1040704,104.0
1044000,214.0
1044224,338.0
1044608,235.0
1046112,127.0
1046496,82.0
1046880,417.0
1048384,288.0
1048640,68.0
1049504,97.0
1049888,69.0
1051104,99.0
1054592,198.0
1054688,86.0
1054880,153.0
1058048,158.0
1058176,142.0
1058368,204.0
1058848,496.0
1059552,109.0
1060672,131.0
1061408,94.0
1064256,129.0
1064960,96.0
1067552,136.0
1067840,128.0
1068800,67.0
1069248,170.0
1069984,138.0
1070624,260.0
1070624,73.0
1072032,129.0
1075744,115.0
1076608,194.0
1077344,112.0
1077440,500.0
1077760,103.0
1078784,100.0
1079552,344.0
1080544,127.0
1081792,99.0
1082496,83.0
1083104,102.0
1083360,110.0
1083840,157.0
1084192,181.0
1085216,84.0
1087712,150.0
1087776,114.0
1089184,110.0
1089568,60.0
1090112,107.0
1091808,162.0
1092032,205.0
1092320,297.0
1093536,116.0
1093600,94.0
1094208,117.0
1094560,133.0
1096352,195.0
1096608,115.0
1096928,73.0
1098208,121.0
1098784,96.0
1099904,92.0
1099968,112.0
1100032,106.0
1100288,121.0
1101632,181.0
1101632,175.0
1104608,431.0
1104960,87.0
1105312,176.0
1105632,106.0
1108704,91.0
1109760,89.0
1113344,217.0
1113728,103.0
1115488,283.0
1117088,130.0
1118912,349.0
1119104,106.0
1119200,70.0
1119232,380.0
1119456,73.0
1119776,193.0
1121632,124.0
1122144,116.0
1124512,78.0
1125376,76.0
1125792,53.0
1126016,425.0
1126368,133.0
1127072,237.0
1127616,78.0
1129056,237.0
1129344,125.0
1129696,139.0
1131648,68.0
1132416,63.0
1132864,86.0
1132928,87.0
1133184,111.0
1133408,85.0
1133664,175.0
1135776,122.0
1136000,448.0
1136160,116.0
1136544,104.0
1136992,103.0
1137696,133.0
1139680,113.0
1140000,204.0
1143712,94.0
1144320,51.0
1146112,187.0
1146336,111.0
1146368,257.0
1148160,141.0
1148704,134.0
1149088,105.0
1149600,159.0
1149760,213.0
1151168,76.0
1155296,113.0
1155360,241.0
1156992,100.0
1158080,95.0
1158976,125.0
1160160,120.0
1160736,105.0
1161216,132.0
1161600,142.0
1162368,211.0
1163968,118.0
1164096,86.0
1164192,107.0
1169376,269.0
1169440,95.0
1169728,82.0
1169984,158.0
1172160,205.0
1172288,90.0
1172416,83.0
1174496,159.0
1174944,190.0
1175168,235.0
1175680,214.0
1175840,116.0
1176448,191.0
1176864,324.0
1178528,123.0
1179168,185.0
1179936,155.0
1179936,77.0
1180512,116.0
1180928,164.0
1182144,91.0
1182656,279.0
1182656,233.0
1182944,142.0
1183872,77.0
1184224,149.0
1185632,92.0
1185888,115.0
1186784,142.0
1188096,131.0
1189664,129.0
1189984,180.0
1192032,56.0
1193056,80.0
1193120,90.0
1193792,127.0
1194912,83.0
1194976,135.0
1195200,98.0
1198336,90.0
1199936,63.0
1200000,86.0
1200128,266.0
1200640,124.0
1201472,345.0
1202624,56.0
1203168,100.0
1203552,132.0
1204288,185.0
1204480,119.0
1205184,122.0
1206400,272.0
1207264,119.0
1208160,69.0
1208192,233.0
1208800,148.0
1209920,232.0
1212064,219.0
1212128,79.0
1212480,133.0
1215744,102.0
1217760,123.0
1218016,90.0
1218688,83.0
1219072,107.0
1219488,145.0
1220000,94.0
1220448,83.0
1220928,115.0
1221056,342.0
1221120,75.0
1223680,143.0
1224512,84.0
1224736,177.0
1226944,102.0
1227136,125.0
1227296,102.0
1227808,283.0
1230016,96.0
1230240,91.0
1230496,86.0
1230816,399.0
1231264,134.0
1231616,91.0
1234560,161.0
1234976,97.0
1235680,126.0
1236480,500.0
1236896,84.0
1238560,95.0
1238688,186.0
1238816,97.0
1238848,125.0
1239712,322.0
1240320,73.0
1241824,93.0
1242464,131.0
1242848,70.0
1244992,192.0
1245280,272.0
1245568,84.0
1247040,100.0
1247136,85.0
1247712,73.0
1248160,101.0
1250400,107.0
1251360,73.0
1251744,177.0
1252384,102.0
1252416,242.0
1253120,187.0
1254752,105.0
1256896,187.0
1258848,115.0
1259168,232.0
1259360,129.0
1260768,98.0
1261248,105.0
1262560,131.0
1263296,106.0
1263328,128.0
1264128,245.0
1264480,138.0
1265536,100.0
1266176,127.0
1266560,75.0
1267680,159.0
1267808,100.0
1269120,101.0
1269472,105.0
1269504,103.0
1269536,92.0
1270080,162.0
1270880,199.0
1272736,129.0
1273056,131.0
1273472,80.0
1273824,134.0
1274528,138.0
1276544,103.0
1277088,150.0
1277120,119.0
1277696,158.0
1277760,100.0
1278080,136.0
1279776,196.0
1279808,220.0
1281056,86.0
1281376,126.0
1282208,88.0
1284000,108.0
1285056,245.0
1285088,193.0
1285952,116.0
1286368,186.0
1287456,177.0
1287488,126.0
1287936,107.0
1289792,71.0
1290432,92.0
1292160,186.0
1292544,125.0
1293472,89.0
1295104,98.0
1296352,100.0
1298656,103.0
1298752,201.0
1299712,79.0
1300032,131.0
1300224,226.0
1300608,500.0
1301728,94.0
1303712,108.0
1304224,82.0
1305248,315.0
1306048,178.0
1306816,177.0
1309760,402.0
1311456,116.0
1311584,110.0
1312992,100.0
1313696,94.0
1314464,91.0
1315008,255.0
1316928,116.0
1318144,92.0
1319200,98.0
1321728,119.0
1321984,93.0
1322432,72.0
1322976,110.0
1323552,128.0
1324320,218.0
1324640,155.0
1325440,490.0
1327008,76.0
1328032,77.0
1328480,288.0
1329792,193.0
1332320,111.0
1332928,257.0
1333056,117.0
1333760,101.0
1333888,324.0
1334464,302.0
1335840,147.0
1336416,134.0
1336672,191.0
1337152,106.0
1337632,207.0
1337696,105.0
1338112,86.0
1339072,143.0
1339104,126.0
1339616,103.0
1340000,233.0
1340096,116.0
1340672,135.0
1341248,102.0
1343488,142.0
1344256,111.0
1344416,95.0
1344640,73.0
1345152,87.0
1345504,145.0
1346688,117.0
1348128,179.0
1348256,500.0
1349056,141.0
1350400,72.0
1353600,110.0
1354016,125.0
1354976,105.0
1355008,351.0
1358560,110.0
1358784,298.0
1359072,181.0
1359136,75.0
1360704,97.0
1362464,102.0
1362528,224.0
1365792,130.0
1367424,326.0
1367776,78.0
1369024,133.0
1369920,125.0
1370176,142.0
1371136,94.0
1371968,65.0
1373280,155.0
1374048,120.0
1374304,203.0
1375584,112.0
1376672,238.0
1378208,269.0
1378272,191.0
1379008,97.0
1379392,157.0
1382720,96.0
1385440,129.0
1389632,349.0
1389632,126.0
1389728,212.0
1391040,275.0
1391328,170.0
1391712,81.0
1391744,174.0
1392000,92.0
1392704,116.0
1393472,96.0
1394816,87.0
1397504,180.0
1397632,88.0
1397984,81.0
1398592,92.0
1399296,112.0
1400608,214.0
1401120,99.0
1401664,172.0
1401920,122.0
1402880,197.0
1404416,89.0
1405120,122.0
1406528,151.0
1406688,198.0
1407808,95.0
1408256,119.0
1408384,52.0
1408704,236.0
1409504,236.0
1410880,130.0
1411968,495.0
1412352,108.0
1412832,103.0
1414496,180.0
1415328,104.0
1415712,57.0
1416512,188.0
1417280,335.0
1417408,183.0
1418016,78.0
1418752,184.0
1420160,113.0
1421312,193.0
1421568,217.0
1422240,83.0
1425280,117.0
1425504,330.0
1425632,210.0
1426336,109.0
1426624,136.0
1427584,106.0
1427904,148.0
1429216,242.0
1429696,120.0
1429792,135.0
1429824,52.0
1431584,112.0
1431872,123.0
1432640,88.0
1435584,94.0
1436128,97.0
1437184,115.0
1438464,214.0
1440640,212.0
1441056,189.0
1441344,74.0
1442272,83.0
1442624,75.0
1443968,80.0
1444128,145.0
1445216,68.0
1445696,95.0
1446144,122.0
1447392,188.0
1450944,86.0
1451136,109.0
1451392,123.0
1451584,181.0
1452928,75.0
1453760,84.0
1454432,167.0
1457760,122.0
1458624,239.0
1461088,302.0
1462208,138.0
1464096,105.0
1464160,93.0
1464352,130.0
1464480,157.0
1464544,102.0
1465056,130.0
1466784,102.0
1466848,249.0
1467648,142.0
1469792,93.0
1470464,186.0
1471744,81.0
1472192,74.0
1474112,88.0
1474656,128.0
1475680,87.0
1476256,121.0
1480128,164.0
1480512,85.0
1480640,90.0
1481248,140.0
1482368,73.0
1485344,101.0
1487680,82.0
1488320,126.0
1490144,119.0
1490848,227.0
1493056,112.0
1493440,127.0
1494272,166.0
1494336,428.0
1495072,257.0
1495744,76.0
1496160,123.0
1496512,69.0
1497024,85.0
1497568,87.0
1498272,416.0
1498528,86.0
1498912,195.0
1499136,99.0
1502816,212.0
1503104,222.0
1503392,206.0
1504288,167.0
1504352,103.0
1505792,256.0
1506656,143.0
1506720,111.0
1506880,148.0
1507072,172.0
1507808,97.0
1509888,127.0
1511552,207.0
1511808,320.0
1512608,276.0
1514144,139.0
1514528,109.0
1514528,59.0
1515616,103.0
1516288,139.0
1516288,260.0
1516448,115.0
1517600,103.0
1517760,339.0
1518208,170.0
1519040,207.0
1520480,89.0
1521632,207.0
1521952,209.0
1522464,108.0
1523328,286.0
1524416,147.0
1524992,172.0
1525440,118.0
1525824,158.0
1525952,62.0
1526112,113.0
1526336,57.0
1526432,337.0
1528224,100.0
1528256,98.0
1529184,182.0
1529472,121.0
1530304,120.0
1531008,167.0
1532224,59.0
1533408,252.0
1533664,100.0
1533760,249.0
1535072,124.0
1537408,131.0
1537728,177.0
1538432,105.0
1539936,75.0
1541408,115.0
1542176,262.0
1542656,354.0
1543296,88.0
1543424,96.0
1543520,190.0
1543744,88.0
1544256,94.0
1544896,118.0
1545600,118.0
1546464,118.0
1546752,124.0
1548832,119.0
1549024,76.0
1549248,158.0
1549760,81.0
1549792,309.0
1550944,202.0
1551712,86.0
1552000,163.0
1553632,237.0
1556480,225.0
1556704,229.0
1559168,101.0
1559264,200.0
1562336,109.0
1565728,255.0
1566528,110.0
1566816,111.0
1567392,81.0
1568096,90.0
1568704,265.0
1570240,115.0
1571264,175.0
1571296,102.0
1572544,87.0
1573760,64.0
1573856,114.0
1574112,325.0
1574368,250.0
1576096,110.0
1578912,106.0
1579104,243.0
1579136,111.0
1580224,137.0
1580448,135.0
1581024,101.0
1582336,116.0
1582400,117.0
1585088,186.0
1585280,348.0
1585344,500.0
1585376,95.0
1585472,226.0
1586816,123.0
1588288,93.0
1588736,80.0
1589440,123.0
1591296,356.0
1592256,87.0
1592608,103.0
1594240,207.0
1595616,280.0
1596256,142.0
1597248,184.0
1597920,120.0
1599616,198.0
1599776,129.0
1601280,99.0
1601536,94.0
1602176,220.0
1602368,173.0
1602656,69.0
1603648,344.0
1603872,500.0
1604384,220.0
1604672,175.0
1605088,185.0
1607008,97.0
1607968,98.0
1608768,397.0
1609728,102.0
1609952,166.0
1610752,82.0
1611008,223.0
1612032,173.0
1612320,251.0
1612672,109.0
1617312,164.0
1617696,114.0
1618560,238.0
1619264,125.0
1619808,215.0
1622144,115.0
1622720,368.0
1624288,123.0
1624608,95.0
1624704,80.0
1625120,116.0
1625408,128.0
1627456,170.0
1628064,82.0
1628800,111.0
1628864,70.0
1630560,103.0
1631904,74.0
1632416,224.0
1633312,98.0
1634336,276.0
1634528,117.0
1634592,83.0
1636608,66.0
1638816,117.0
1639168,87.0
1639264,98.0
1641888,81.0
1641920,237.0
1642208,193.0
1642400,115.0
1642816,201.0
1643680,99.0
1644064,222.0
1645056,132.0
1645152,109.0
1645728,96.0
1646080,120.0
1646304,115.0
1646336,82.0
1647040,98.0
1651584,141.0
1652320,124.0
1652416,137.0
1652800,116.0
1656352,138.0
1657152,101.0
1657184,156.0
1657696,90.0
1659104,85.0
1660224,131.0
1660928,219.0
1661888,92.0
1663328,192.0
1663424,184.0
1664576,93.0
1666400,228.0
1667072,172.0
1667136,217.0
1670368,227.0
1670528,88.0
1670656,265.0
1671744,114.0
1672192,114.0
1672640,124.0
1674112,189.0
1674720,126.0
1674784,240.0
1675264,152.0
1675264,99.0
1676704,59.0
1676832,139.0
1677312,145.0
1677856,109.0
1678208,127.0
1679232,104.0
1679744,75.0
1681376,134.0
1681600,225.0
1687040,109.0
1687680,195.0
1689088,189.0
1694304,108.0
1694816,222.0
1695232,120.0
1695712,126.0
1696288,104.0
1699104,91.0
1699744,89.0
1700224,347.0
1700448,261.0
1701216,171.0
1701280,200.0
1701536,205.0
1701760,123.0
1702400,98.0
1702496,158.0
1703200,203.0
1707648,68.0
1708384,123.0
1708832,105.0
1712800,99.0
1713312,114.0
1714016,247.0
1715264,154.0
1715360,59.0
1716000,120.0
1717856,187.0
1718976,104.0
1719680,75.0
1722368,190.0
1722752,188.0
1723424,135.0
1723904,188.0
1724000,99.0
1726496,105.0
1727520,112.0
1727520,106.0
1727616,159.0
1729120,81.0
1730176,274.0
1731936,175.0
1732000,90.0
1735360,211.0
1736000,318.0
1736992,245.0
1737536,106.0
1737600,69.0
1738112,212.0
1738496,176.0
1740224,101.0
1744832,114.0
1745120,170.0
1745856,101.0
1746400,202.0
1747776,145.0
1748832,108.0
1750048,153.0
1750624,90.0
1753056,171.0
1754880,87.0
1755072,235.0
1755200,191.0
1755424,83.0
1756032,196.0
1756192,117.0
1757312,112.0
1757440,144.0
1757792,90.0
1759552,135.0
1759840,247.0
1761376,96.0
1764000,138.0
1764160,53.0
1765312,73.0
1766944,128.0
1768704,146.0
1769728,238.0
1770272,122.0
1770528,106.0
1772224,76.0
1772448,203.0
1772640,192.0
1773024,120.0
1774144,137.0
1775008,80.0
1775360,84.0
1776704,139.0
1778016,103.0
1780320,110.0
1781280,130.0
1781344,114.0
1781664,278.0
1782816,166.0
1783104,82.0
1786080,347.0
1789408,136.0
1789440,64.0
1789632,195.0
1789792,114.0
1789888,178.0
1790144,114.0
1792480,143.0
1794304,166.0
1795744,100.0
1795808,103.0
1796480,208.0
1797440,75.0
1797504,112.0
1797536,104.0
1800704,99.0
1801632,173.0
1802272,88.0
1802496,160.0
1803552,211.0
1804224,140.0
1804448,107.0
1804544,87.0
1804704,75.0
1805184,101.0
1805376,164.0
1806720,124.0
1807456,181.0
1807680,107.0
1807712,138.0
1807808,164.0
1810624,117.0
1811520,162.0
1811840,267.0
1813248,117.0
1814144,127.0
1816224,128.0
1816224,215.0
1816832,100.0
1818560,106.0
1818912,166.0
1819328,96.0
1819968,97.0
1821344,128.0
1822048,108.0
1823232,262.0
1824768,149.0
1825184,228.0
1825536,69.0
1827520,103.0
1828128,104.0
1828544,114.0
1829536,124.0
1830400,103.0
1831200,232.0
1833888,179.0
1834368,92.0
1834720,176.0
1835232,208.0
1835808,195.0
1839104,102.0
1839712,106.0
1840928,95.0
1841056,267.0
1841152,160.0
1842112,188.0
1842304,80.0
1842560,270.0
1842624,102.0
1842752,179.0
1844512,107.0
1845024,87.0
1845696,104.0
1845728,92.0
1846368,116.0
1848832,196.0
1849152,116.0
1849600,227.0
1849856,51.0
1850560,204.0
1851808,234.0
1852032,113.0
1853152,292.0
1853152,102.0
1855872,213.0
1857184,102.0
1857568,137.0
1860256,239.0
1863296,197.0
1863392,310.0
1863680,73.0
1864320,110.0
1864576,109.0
1865536,74.0
1867648,121.0
1868352,75.0
1869664,199.0
1869696,114.0
1871392,215.0
1872064,72.0
1873248,95.0
1874176,103.0
1875072,93.0
1876512,117.0
1879808,260.0
1879872,71.0
1880064,177.0
1880160,87.0
1881632,70.0
1882496,194.0
1883264,128.0
1883264,241.0
1883424,115.0
1884576,85.0
1885568,107.0
1886368,120.0
1886784,105.0
1886944,116.0
1887104,201.0
1887872,178.0
1888032,73.0
1889248,200.0
1889632,156.0
1890944,95.0
1892192,168.0
1893568,102.0
1893696,210.0
1894624,114.0
1898304,89.0
1898464,169.0
1899200,141.0
1900096,116.0
1900160,205.0
1901536,148.0
1902432,113.0
1902464,186.0
1903200,99.0
1903328,133.0
1904896,193.0
1905184,98.0
1905344,116.0
1905472,108.0
1907072,231.0
1907872,78.0
1911104,127.0
1911808,117.0
1911968,101.0
1912224,318.0
1913024,205.0
1913664,113.0
1914816,127.0
1914976,221.0
1915232,173.0
1915872,103.0
1915968,151.0
1916160,285.0
1916576,101.0
1916768,154.0
1918368,86.0
1918720,95.0
1919552,105.0
1919936,103.0
1920320,159.0
1921664,111.0
1921856,77.0
1923328,117.0
1923584,96.0
1923936,102.0
1924192,88.0
1925280,290.0
1925920,233.0
1926720,98.0
1927264,123.0
1930240,189.0
1931040,72.0
1931168,138.0
1931648,93.0
1931744,188.0
1932320,77.0
1933120,175.0
1933440,104.0
1934560,188.0
1937504,199.0
1938048,107.0
1938944,137.0
1938944,316.0
1940224,246.0
1941024,211.0
1941216,74.0
1941536,124.0
1941568,319.0
1941696,181.0
1942848,135.0
1944224,76.0
1944416,90.0
1945376,118.0
1945632,59.0
1945856,93.0
1946112,358.0
1946464,101.0
1946880,82.0
1947648,99.0
1947680,101.0
1949728,277.0
1950368,107.0
1950432,200.0
1952064,95.0
1952480,85.0
1953408,242.0
1954688,81.0
1957536,283.0
1957760,155.0
1957824,90.0
1959968,88.0
1960448,81.0
1960928,96.0
1961248,115.0
1963296,81.0
1964928,114.0
1965120,217.0
1965440,131.0
1965920,173.0
1966176,117.0
1967328,98.0
1967968,88.0
1968384,328.0
1968992,104.0
1969856,81.0
1970432,96.0
1970528,211.0
1971072,98.0
1972192,108.0
1972768,109.0
1974176,244.0
1974976,90.0
1975904,222.0
1977664,108.0
1977728,96.0
1978080,128.0
1978592,118.0
1980960,131.0
1981152,106.0
1981568,163.0
1981600,109.0
1986528,80.0
1987680,101.0
1988896,73.0
1991360,125.0
1991840,125.0
1993376,78.0
1993408,114.0
1994272,108.0
1994432,80.0
1995168,195.0
1996832,122.0
1996928,109.0
1999616,181.0
1999872,83.0
2000096,107.0
2000800,159.0
2002176,130.0
2005024,216.0
2005312,330.0
2007584,248.0
2008000,94.0
2008160,162.0
2009088,147.0
2011648,240.0
2012448,107.0
2014624,149.0
2016608,116.0
2017312,252.0
2018784,212.0
2019616,159.0
2019648,130.0
2020000,135.0
2020384,205.0
2020480,196.0
2021984,123.0
2022336,110.0
2023040,115.0
2024928,165.0
2025152,251.0
2025824,228.0
2026272,110.0
2027616,87.0
2027840,124.0
2030368,228.0
2030496,89.0
2030688,129.0
2030816,155.0
2033344,274.0
2033856,94.0
2034080,95.0
2035072,268.0
2035712,180.0
2036096,79.0
2037088,101.0
2038624,199.0
2039328,101.0
2039488,117.0
2039904,156.0
2041408,152.0
2041600,87.0
2042400,147.0
2044768,108.0
2045216,112.0
2046528,172.0
2047168,98.0
2049376,81.0
2049856,221.0
2050624,120.0
2050656,128.0
2051264,188.0
2053408,125.0
2053728,95.0
2054848,103.0
2055008,116.0
2055264,115.0
2055552,114.0
2055744,109.0
2059552,94.0
2059776,118.0
2061248,182.0
2061472,201.0
2062816,94.0
2062976,264.0
2063616,149.0
2064576,103.0
2065024,89.0
2066176,81.0
2066208,169.0
2066240,148.0
2067456,115.0
2068288,146.0
2069632,171.0
2069952,188.0
2071136,114.0
2072992,86.0
2073920,105.0
2076384,124.0
2076832,119.0
2077760,119.0
2080192,162.0
2082048,114.0
2082464,372.0
2083456,101.0
2084224,92.0
2084896,76.0
2086720,262.0
2087328,228.0
2088096,120.0
2088928,112.0
2090272,342.0
2090496,113.0
2093248,155.0
2094080,101.0
2094080,111.0
2095104,108.0
2098208,119.0
2099296,109.0
2100096,199.0
2100896,126.0
2100928,500.0
2101984,83.0
2102336,195.0
2103392,253.0
2104832,83.0
2107136,126.0
2107232,192.0
2107520,254.0
2109536,97.0
2109888,272.0
2110496,104.0
2111200,136.0
2111392,408.0
2111392,143.0
2112096,234.0
2114624,91.0
2115328,122.0
2116448,203.0
2117824,248.0
2118176,104.0
2118336,126.0
2119200,246.0
2120544,128.0
2121408,154.0
2121440,112.0
2121632,159.0
2121824,84.0
2123872,172.0
2123904,230.0
2124416,93.0
2125216,181.0
2126048,79.0
2126304,81.0
2128800,104.0
2129440,192.0
2129696,139.0
2132032,82.0
2132960,139.0
2134080,93.0
2136352,94.0
2136768,128.0
2136928,495.0
2138688,295.0
2139840,121.0
2140000,153.0
2141248,258.0
2144896,90.0
2144928,85.0
2145216,72.0
2147744,180.0
2147808,58.0
2148352,101.0
2149984,279.0
2150208,215.0
2150304,147.0
2150624,89.0
2151712,89.0
2153120,314.0
2153216,117.0
2153568,104.0
2154560,122.0
2154912,99.0
2154944,91.0
2156320,63.0
2158368,118.0
2158656,114.0
2160160,75.0
2160928,84.0
2161216,232.0
2161792,125.0
2162112,68.0
2163392,89.0
2163840,113.0
2165152,166.0
2165664,147.0
2166304,116.0
2166848,202.0
2167936,100.0
2169824,186.0
2170080,93.0
2171392,141.0
2172576,164.0
2174720,216.0
2174912,156.0
2175072,158.0
2175392,177.0
2175680,182.0
2176096,142.0
2176288,132.0
2178880,123.0
2179296,112.0
2180224,90.0
2181376,203.0
2182368,102.0
2182944,82.0
2183392,104.0
2184160,177.0
2185504,65.0
2187104,72.0
2187136,262.0
2187168,149.0
2188736,94.0
2188736,134.0
2189120,70.0
2189344,127.0
2189568,126.0
2190240,96.0
2191936,92.0
2192288,130.0
2195584,151.0
2195840,118.0
2196448,131.0
2198464,194.0
2198880,157.0
2199200,104.0
2199424,119.0
2200064,115.0
2201600,233.0
2201632,127.0
2203232,121.0
2203712,107.0
2204576,110.0
2207840,279.0
2208352,105.0
2208640,120.0
2209216,305.0
2212128,340.0
2214400,101.0
2214560,125.0
2214720,134.0
2215008,104.0
2216032,121.0
2216416,215.0
2216544,228.0
2216992,70.0
2217664,223.0
2218432,315.0
2219264,107.0
2219360,135.0
2219872,107.0
2221696,97.0
2223040,100.0
2223424,265.0
2225152,106.0
2225312,102.0
2227616,225.0
2228064,127.0
2228544,148.0
2228864,94.0
2228896,183.0
2229472,222.0
2231296,102.0
2231488,183.0
2231904,143.0
2232000,95.0
2232352,140.0
2233312,99.0
2233728,281.0
2234208,138.0
2236448,278.0
2238688,154.0
2238688,169.0
2239008,114.0
2240288,202.0
2242560,200.0
2243360,105.0
2244800,500.0
2246208,197.0
2246240,333.0
2246400,69.0
2246560,98.0
2247744,93.0
2249344,91.0
2249888,113.0
2250432,114.0
2250848,136.0
2251040,187.0
2251424,191.0
2251488,79.0
2252000,78.0
2252352,86.0
2252800,122.0
2253376,341.0
2253632,91.0
2257376,156.0
2259360,195.0
2259360,324.0
2260032,98.0
2261248,139.0
2261856,181.0
2263296,120.0
2263488,135.0
2263520,81.0
2265024,68.0
2266496,178.0
2268032,332.0
2268384,97.0
2269504,82.0
2269696,231.0
2270720,93.0
2271296,96.0
2272352,91.0
2274112,107.0
2276000,99.0
2276544,210.0
2277824,96.0
2278144,269.0
2278592,112.0
2279072,153.0
2280320,210.0
2281440,208.0
2282432,119.0
2283104,110.0
2283136,210.0
2284288,75.0
2284384,126.0
2284480,196.0
2285856,357.0
2286112,123.0
2287264,255.0
2289856,476.0
2290560,192.0
2291520,89.0
2291616,77.0
2295136,97.0
2296256,109.0
2296288,99.0
2296736,70.0
2297760,144.0
2297920,116.0
2298368,338.0
2300512,115.0
2300736,97.0
2300864,103.0
2301696,97.0
2301888,127.0
2304192,100.0
2304736,189.0
2305344,107.0
2308704,183.0
2308736,216.0
2309248,73.0
2309504,91.0
2309632,133.0
2311136,94.0
2312800,101.0
2312832,146.0
2312832,128.0
2313664,122.0
2320288,216.0
2320416,82.0
2321792,95.0
2321920,95.0
2322656,134.0
2325344,101.0
2327872,122.0
2330176,206.0
2330848,78.0
2331904,105.0
2333248,85.0
2334400,91.0
2335904,203.0
2336608,104.0
2337152,124.0
2337728,132.0
2339392,128.0
2340672,91.0
2340960,135.0
2341728,111.0
2341760,83.0
2343680,59.0
2344384,213.0
2345568,104.0
2348096,94.0
2349056,108.0
2349088,153.0
2353728,173.0
2357408,259.0
2357504,174.0
2358560,89.0
2359488,274.0
2360288,85.0
2362304,141.0
2363360,191.0
2363392,124.0
2363520,451.0
2363712,281.0
2364576,94.0
2364608,57.0
2365024,185.0
2365376,228.0
2366240,101.0
2366528,105.0
2366528,98.0
2367392,120.0
2368384,108.0
2369632,122.0
2369792,146.0
2371232,115.0
2371552,88.0
2373344,136.0
2374144,80.0
2375200,91.0
2375872,114.0
2376064,147.0
2376160,94.0
2378208,106.0
2379680,198.0
2381632,107.0
2381952,116.0
2382496,104.0
2382944,85.0
2383072,278.0
2383936,99.0
2384128,85.0
2384128,111.0
2384928,82.0
2386272,154.0
2386400,127.0
2387648,93.0
2388960,125.0
2389088,80.0
2390080,132.0
2390816,102.0
2391776,200.0
2393216,212.0
2393216,64.0
2393984,90.0
2394592,77.0
2397120,295.0
2397792,82.0
2399456,297.0
2402400,91.0
2403136,88.0
2403488,91.0
2404544,199.0
2404576,110.0
2405120,119.0
2405920,160.0
2406272,118.0
2406432,206.0
2407936,144.0
2410304,96.0
2410336,179.0
2410560,127.0
2411168,117.0
2411168,109.0
2411648,123.0
2412064,108.0
2413120,100.0
2413888,80.0
2414432,81.0
2415392,90.0
2416864,162.0
2417056,99.0
2418016,133.0
2418432,152.0
2418592,136.0
2420864,302.0
2421056,196.0
2423168,220.0
2424352,108.0
2424640,92.0
2424704,206.0
2424864,103.0
2425088,84.0
2426208,115.0
2429344,188.0
2430112,302.0
2430208,99.0
2430944,352.0
2431552,93.0
2432032,95.0
2433632,123.0
2434976,72.0
2435360,149.0
2437600,126.0
2439136,192.0
2439328,238.0
2439648,114.0
2439936,126.0
2440352,112.0
2440736,106.0
2440768,188.0
2442816,166.0
2445952,179.0
2446080,174.0
2447136,472.0
2447168,74.0
2447584,84.0
2448192,194.0
2448608,199.0
2448672,66.0
2450144,177.0
2450592,117.0
2451040,152.0
2452000,84.0
2453824,193.0
2454624,90.0
2454688,100.0
2454784,145.0
2455040,160.0
2455808,82.0
2456000,228.0
2456768,122.0
2457472,136.0
2457856,95.0
2458976,187.0
2459776,123.0
2460608,102.0
2461408,262.0
2463552,105.0
2465184,274.0
2467648,136.0
2467680,159.0
2468000,172.0
2468000,99.0
2468960,131.0
2468992,118.0
2469312,101.0
2470880,100.0
2472032,179.0
2472672,115.0
2473248,214.0
2473312,75.0
2473984,223.0
2474880,55.0
2478400,137.0
2483392,364.0
2483904,107.0
2484224,171.0
2484672,259.0
2485536,83.0
2485920,95.0
2487680,123.0
2487776,93.0
2488960,158.0
2489792,84.0
2490624,88.0
2492416,107.0
2492928,100.0
2493632,119.0
2495776,92.0
2498560,114.0
2498752,61.0
2499072,109.0
2500608,257.0
2501600,83.0
2502112,105.0
2502240,139.0
2502528,101.0
2502944,120.0
2505824,108.0
2506112,236.0
2507104,252.0
2507104,126.0
2508320,191.0
2508864,197.0
2509920,87.0
2510144,94.0
2511616,171.0
2512896,212.0
2513312,193.0
2513312,233.0
2513888,134.0
2514080,129.0
2514240,91.0
2516480,151.0
2516544,116.0
2517120,208.0
2517440,100.0
2517568,114.0
2518112,86.0
2521344,250.0
2521888,114.0
2522144,106.0
2522656,233.0
2524480,90.0
2525376,83.0
2526016,170.0
2526560,108.0
2527168,118.0
2527264,87.0
2527680,206.0
2527680,129.0
2528192,121.0
2529024,93.0
2529920,87.0
2530176,250.0
2531936,132.0
2532160,115.0
2533792,207.0
2533792,146.0
2534400,76.0
2535104,91.0
2535520,216.0
2535520,114.0
2536640,321.0
2537568,213.0
2538464,126.0
2539008,353.0
2539168,167.0
2540640,95.0
2542048,128.0
2543488,113.0
2546144,221.0
2546592,262.0
2547200,108.0
2547584,73.0
2547904,97.0
2548160,120.0
2548640,111.0
2549920,116.0
2552096,98.0
2552096,130.0
2553440,106.0
2555264,73.0
2555552,107.0
2556992,177.0
2557024,174.0
2557664,133.0
2557824,78.0
2557920,109.0
2558592,216.0
2558656,123.0
2560608,259.0
2561504,235.0
2561760,260.0
2562048,82.0
2566496,244.0
2569536,94.0
2569920,83.0
2570208,200.0
2570784,104.0
2573120,126.0
2573504,107.0
2575168,90.0
2577184,226.0
2577824,154.0
2577856,95.0
2579968,304.0
2580000,205.0
2580640,86.0
2583392,185.0
2584032,102.0
2584832,114.0
2585056,81.0
2585664,288.0
2585888,88.0
2585984,112.0
2586720,81.0
2587360,278.0
2588320,85.0
2590464,167.0
2590464,103.0
2590976,101.0
2592032,56.0
2593472,133.0
2595264,78.0
2599936,226.0
2601632,127.0
2604096,78.0
2604608,163.0
2604928,192.0
2606720,210.0
2607200,92.0
2609024,328.0
2610272,104.0
2610496,198.0
2610848,110.0
2612864,192.0
2613632,266.0
2614816,96.0
2615392,137.0
2615456,66.0
2615904,238.0
2617248,87.0
2621856,112.0
2621952,188.0
2623872,83.0
2626272,119.0
2627904,125.0
2631040,108.0
2631872,456.0
2632288,236.0
2634048,177.0
2634304,162.0
2634976,119.0
2635264,221.0
2635360,105.0
2637280,105.0
2640704,82.0
2640864,118.0
2640960,199.0
2641184,224.0
2642016,128.0
2643072,209.0
2644608,94.0
2645152,100.0
2646624,402.0
2646848,99.0
2648192,125.0
2648352,105.0
2650624,91.0
2652416,94.0
2653088,358.0
2653984,134.0
2654784,94.0
2654944,118.0
2655072,104.0
2655136,105.0
2655584,85.0
2656768,307.0
2657024,194.0
2658784,54.0
2659040,260.0
2660704,175.0
2661184,88.0
2661312,136.0
2662432,414.0
2662464,132.0
2663936,138.0
2664128,72.0
2664384,200.0
2664544,257.0
2664928,311.0
2664992,224.0
2666016,279.0
2667168,67.0
2667584,111.0
2668128,301.0
2670368,302.0
2673184,86.0
2674432,96.0
2675968,121.0
2676640,195.0
2678112,154.0
2678624,82.0
2678912,87.0
2680032,105.0
2680256,150.0
2681120,166.0
2682464,145.0
2686272,179.0
2686400,89.0
2686528,295.0
2686816,82.0
2687200,147.0
2687328,99.0
2688128,118.0
2688480,111.0
2689056,110.0
2689152,117.0
2689568,207.0
2690720,139.0
2691808,106.0
2692608,193.0
2692928,104.0
2694496,239.0
2694592,161.0
2695232,85.0
2695392,112.0
2695744,226.0
2698912,95.0
2699808,185.0
2699840,185.0
2701504,83.0
2702368,105.0
2706080,94.0
2706336,119.0
2706400,343.0
2706464,235.0
2707744,125.0
2708800,183.0
2709952,238.0
2710560,194.0
2710880,110.0
2711168,151.0
2714464,178.0
2714624,103.0
2714752,106.0
2716480,110.0
2716640,130.0
2717216,125.0
2717600,126.0
2717728,99.0
2717888,288.0
2719392,126.0
2719552,109.0
2721152,122.0
2722560,121.0
2722976,52.0
2723008,78.0
2726912,135.0
2727232,65.0
2727680,224.0
2727872,203.0
2728352,103.0
2728384,129.0
2729664,271.0
2730144,87.0
2730944,208.0
2731776,85.0
2732576,106.0
2733472,112.0
2734304,112.0
2734688,239.0
2734912,106.0
2735488,204.0
2735680,101.0
2736352,150.0
2736704,179.0
2737536,209.0
2738592,135.0
2738688,72.0
2740832,66.0
2741856,118.0
2742048,166.0
2742592,95.0
2742624,99.0
2743584,70.0
2745280,128.0
2746272,116.0
2746656,95.0
2747808,318.0
2747904,104.0
2748512,119.0
2748544,114.0
2748608,233.0
2748832,95.0
2756224,230.0
2756320,83.0
2756608,210.0
2758080,97.0
2759072,144.0
2760256,98.0
2760384,165.0
2761952,182.0
2762016,194.0
2762560,84.0
2764800,234.0
2765152,118.0
2765920,121.0
2765984,109.0
2766016,102.0
2766688,70.0
2767008,102.0
2767520,242.0
2768736,109.0
2769472,150.0
2770080,85.0
2771136,160.0
2772992,249.0
2773024,133.0
2773248,109.0
2773824,95.0
2774656,114.0
2775136,155.0
2775872,108.0
2778048,68.0
2779040,200.0
2780704,99.0
2780896,491.0
2781920,350.0
2782656,111.0
2783424,65.0
2784896,128.0
2786336,90.0
2786432,96.0
2788352,125.0
2788736,132.0
2789760,175.0
2790688,116.0
2793824,113.0
2794144,103.0
2795008,108.0
2795488,116.0
2795808,329.0
2796224,220.0
2797344,121.0
2797824,122.0
2799136,82.0
2799552,109.0
2801504,108.0
2801824,234.0
2804128,92.0
2804448,218.0
2804736,215.0
2806048,217.0
2807296,254.0
2807296,135.0
2807296,123.0
2807616,87.0
2808096,107.0
2808896,153.0
2810656,104.0
2811072,96.0
2811520,106.0
2811648,96.0
2811968,83.0
2812128,100.0
2813600,330.0
2814400,89.0
2814656,104.0
2815104,243.0
2818528,92.0
2818624,248.0
2820416,182.0
2821344,118.0
2821664,221.0
2821856,117.0
2822272,232.0
2822976,88.0
2824992,191.0
2825216,194.0
2825344,93.0
2825728,442.0
2826624,95.0
2826656,88.0
2828032,394.0
2828448,100.0
2829504,229.0
2829632,96.0
2829920,344.0
2832384,76.0
2833920,192.0
2833952,116.0
2834112,287.0
2834400,94.0
2835584,189.0
2835584,174.0
2836640,83.0
2837312,203.0
2839008,143.0
2840608,116.0
2840864,110.0
2841376,153.0
2842464,318.0
2843680,304.0
2844576,380.0
2844704,194.0
2845568,210.0
2845632,105.0
2846432,99.0
2850816,88.0
2852000,104.0
2854336,85.0
2854912,230.0
2861088,93.0
2863424,174.0
2864832,94.0
2865088,87.0
2866368,103.0
2866912,155.0
2868192,235.0
2868864,97.0
2869568,122.0
2871808,109.0
2873888,75.0
2874400,123.0
2874880,109.0
2877248,189.0
2877888,99.0
2879936,130.0
2881536,213.0
2881632,191.0
2882688,85.0
2883456,101.0
2884480,88.0
2884768,120.0
2884992,89.0
2886048,113.0
2886336,201.0
2888768,339.0
2889216,178.0
2890304,253.0
2891552,110.0
2891840,196.0
2893024,87.0
2893120,121.0
2893824,109.0
2894080,326.0
2894272,100.0
2895712,108.0
2896288,101.0
2896352,196.0
2898400,94.0
2898592,217.0
2899168,348.0
2899872,178.0
2900352,112.0
2900384,174.0
2900704,124.0
2900864,219.0
2901376,118.0
2903552,178.0
2904224,88.0
2904576,95.0
2904800,199.0
2904992,64.0
2905248,213.0
2907232,114.0
2907456,276.0
2908544,116.0
2910656,79.0
2910848,77.0
2911488,91.0
2911808,101.0
2911872,85.0
2913536,407.0
2915328,123.0
2916352,249.0
2917056,230.0
2917696,175.0
2918784,104.0
2919680,172.0
2919776,284.0
2920160,97.0
2920224,107.0
2923808,119.0
2924928,191.0
2925088,227.0
2925504,211.0
2926432,68.0
2926752,77.0
2926848,206.0
2927296,373.0
2927968,208.0
2931712,181.0
2933504,94.0
2934080,153.0
2935584,102.0
2936096,251.0
2936768,99.0
2937440,256.0
2939232,124.0
2940128,239.0
2941504,102.0
2942016,103.0
2944448,126.0
2944896,189.0
2945440,187.0
2945856,172.0
2947776,89.0
2949152,185.0
2949536,158.0
2950752,211.0
2950976,120.0
2951616,90.0
2952576,95.0
2953920,121.0
2953920,64.0
2956000,173.0
2956640,84.0
2956992,111.0
2957152,212.0
2958016,176.0
2958976,119.0
2959136,56.0
2959136,121.0
2959200,209.0
2960416,93.0
2961248,117.0
2963392,109.0
2963488,204.0
2963744,87.0
2963776,223.0
2966240,500.0
2967584,197.0
2968544,334.0
2968608,243.0
2971680,87.0
2972672,173.0
2972832,131.0
2973056,203.0
2973472,105.0
2975264,226.0
2975616,84.0
2975872,198.0
2976992,100.0
2978208,92.0
2978592,87.0
2979488,86.0
2980064,110.0
2980416,77.0
2981248,94.0
2982048,97.0
2982752,101.0
2982944,132.0
2983072,201.0
2983776,166.0
2984576,115.0
2985152,104.0
2985408,110.0
2986208,116.0
2988768,212.0
2989056,109.0
2990144,105.0
2991776,108.0
2991840,95.0
2991936,116.0
2992608,281.0
2993408,354.0
2994016,79.0
2994976,97.0
2995680,70.0
2997376,217.0
2998112,132.0
2998720,211.0
2999232,79.0
2999648,244.0
3002272,187.0
3003872,128.0
3004384,110.0
3004608,268.0
3004640,130.0
3005152,171.0
3005408,87.0
3005984,115.0
3007424,133.0
3007936,215.0
3008864,136.0
3008896,181.0
3009120,87.0
3010240,142.0
3010624,123.0
3010688,84.0
3010880,124.0
3010944,74.0
3011040,121.0
3011200,212.0
3011232,181.0
3013600,110.0
3013984,199.0
3014560,132.0
3016928,122.0
3019040,255.0
3019072,222.0
3019648,84.0
3019648,188.0
3020544,249.0
3020896,224.0
3020960,204.0
3021216,100.0
3021216,266.0
3022240,326.0
3023936,94.0
3025504,101.0
3028096,112.0
3029504,86.0
3031008,97.0
3033024,198.0
3034176,500.0
3034336,128.0
3035840,109.0
3035968,141.0
3037216,231.0
3039104,107.0
3039168,99.0
3039488,138.0
3042208,126.0
3044992,222.0
3045024,172.0
3046272,122.0
3046304,109.0
3046592,106.0
3046720,112.0
3047104,172.0
3047936,91.0
3048416,275.0
3050112,186.0
3051104,150.0
3051456,263.0
3051680,177.0
3051712,125.0
3052160,209.0
3052864,228.0
3053696,111.0
3055488,136.0
3056480,239.0
3058016,201.0
3058976,286.0
3060512,72.0
3060960,202.0
3061216,107.0
3061632,273.0
3062976,89.0
3065728,183.0
3066368,99.0
3067296,88.0
3067424,127.0
3068384,82.0
3068416,107.0
3069408,256.0
3070176,105.0
3071520,96.0
3072128,265.0
3072448,216.0
3073248,142.0
3075328,102.0
3077696,87.0
3078016,148.0
3078496,106.0
3080064,123.0
3080128,186.0
3080352,125.0
3081888,130.0
3084160,202.0
3084416,102.0
3084640,119.0
3084928,149.0
3086080,56.0
3086432,120.0
3087296,146.0
3088224,118.0
3088640,158.0
3089312,114.0
3089344,85.0
3089856,72.0
3090240,122.0
3090336,97.0
3092160,83.0
3093216,128.0
3094592,118.0
3094912,85.0
3097056,117.0
3097472,182.0
3097856,160.0
3098176,96.0
3098688,103.0
3100160,83.0
3100544,89.0
3102752,104.0
3102784,141.0
3103104,96.0
3104096,206.0
3104896,109.0
3105248,96.0
3105664,171.0
3105696,218.0
3105728,92.0
3105760,130.0
3106144,153.0
3107648,74.0
3109856,110.0
3112032,303.0
3112224,109.0
3112384,208.0
3112608,213.0
3113056,215.0
3113280,95.0
3114688,249.0
3115360,198.0
3116320,142.0
3119296,107.0
3119456,114.0
3119520,104.0
3119744,348.0
3120288,91.0
3120832,95.0
3122048,261.0
3123104,101.0
3124288,107.0
3124736,378.0
3125440,175.0
3125952,107.0
3125984,130.0
3126464,141.0
3126976,170.0
3127520,158.0
3127552,200.0
3128608,110.0
3128960,215.0
3130048,77.0
3130240,100.0
3132288,103.0
3132928,89.0
3134016,171.0
3134464,111.0
3135360,146.0
3135520,136.0
3136960,125.0
3137408,269.0
3137568,96.0
3139840,135.0
3140832,216.0
3142112,223.0
3142816,103.0
3144032,91.0
3144512,155.0
3145920,189.0
3146752,150.0
3148160,374.0
3148480,265.0
3148864,91.0
3148992,164.0
3150048,120.0
3151296,96.0
3152640,226.0
3153600,106.0
3155104,206.0
3157664,124.0
3158880,132.0
3159648,83.0
3160544,75.0
3161664,169.0
3162496,227.0
3162656,289.0
3164224,127.0
3165696,82.0
3165888,134.0
3166208,204.0
3167232,89.0
3169312,225.0
3169376,92.0
3169856,99.0
3171584,110.0
3172896,111.0
3175328,185.0
3175456,90.0
3175520,79.0
3175680,251.0
3176128,151.0
3176992,70.0
3178944,87.0
3180800,102.0
3181472,185.0
3183424,120.0
3183648,131.0
3186336,119.0
3186752,203.0
3192512,72.0
3192704,175.0
3193120,190.0
3194656,113.0
3195328,170.0
3195360,173.0
3195648,176.0
3197440,99.0
3197536,104.0
3197536,85.0
3199456,176.0
3199648,134.0
3201440,178.0
3202208,85.0
3204064,120.0
3205472,214.0
3207520,214.0
3208416,108.0
3208992,226.0
3211200,141.0
3211616,99.0
3212288,137.0
3213088,99.0
3213536,217.0
3214176,113.0
3215264,92.0
3215392,100.0
3215392,116.0
3215840,182.0
3216448,193.0
3216928,103.0
3217216,248.0
3217248,193.0
3217920,116.0
3220960,89.0
3222272,125.0
3222336,117.0
3224096,168.0
3224256,197.0
3225056,86.0
3225600,105.0
3226176,106.0
3227712,96.0
3228032,134.0
3229856,162.0
3229920,191.0
3230432,89.0
3231008,193.0
3231104,90.0
3231616,171.0
3232672,459.0
3233248,117.0
3233568,125.0
3233600,114.0
3233696,83.0
3236320,95.0
3237344,85.0
3237760,200.0
3238240,77.0
3238848,85.0
3241120,99.0
3241600,231.0
3244096,197.0
3244640,277.0
3244640,109.0
3246528,427.0
3246560,190.0
3250336,94.0
3251392,180.0
3252192,90.0
3254112,185.0
3255776,102.0
3257952,450.0
3258240,98.0
3259456,89.0
3259616,83.0
3261728,106.0
3263712,127.0
3264544,103.0
3266208,198.0
3266880,243.0
3268000,96.0
3270816,80.0
3271968,179.0
3274976,189.0
3276608,118.0
3277216,83.0
3280064,115.0
3281184,323.0
3282336,115.0
3283424,103.0
3283744,117.0
3285344,157.0
3285664,136.0
3288160,87.0
3289760,187.0
3291232,95.0
3292384,100.0
3292512,198.0
3292704,372.0
3294176,216.0
3294912,114.0
3296224,329.0
3297600,115.0
3297856,204.0
3299168,75.0
3300064,113.0
3300640,94.0
3300896,209.0
3301376,184.0
3301696,134.0
3302432,71.0
3302592,147.0
3302720,103.0
3303616,95.0
3304320,252.0
3305056,76.0
3308448,55.0
3313856,208.0
3314400,183.0
3315552,90.0
3317728,76.0
3317824,79.0
3317984,93.0
3321312,151.0
3321408,85.0
3321504,100.0
3322112,93.0
3322304,352.0
3323296,197.0
3323424,144.0
3323616,114.0
3323808,77.0
3324864,437.0
3325408,175.0
3325472,108.0
3327168,179.0
3327168,221.0
3334048,161.0
3336032,173.0
3336480,147.0
3341664,250.0
3342560,122.0
3342944,106.0
3344992,92.0
3346784,306.0
3348832,103.0
3351520,230.0
3352288,125.0
3352416,119.0
3353024,130.0
3353568,349.0
3355072,69.0
3356544,181.0
3356608,149.0
3357408,179.0
3357760,129.0
3358944,203.0
3362304,107.0
3363040,200.0
3363136,205.0
3365024,113.0
3365440,114.0
3365792,79.0
3366560,106.0
3367360,167.0
3367808,119.0
3367904,240.0
3369280,113.0
3370368,182.0
3374400,482.0
3375552,253.0
3377216,87.0
3377792,197.0
3379200,104.0
3379392,199.0
3379648,199.0
3380288,197.0
3380704,116.0
3381440,250.0
3381504,71.0
3383840,168.0
3384608,121.0
3385280,92.0
3386144,97.0
3386400,210.0
3388256,327.0
3388352,131.0
3392160,121.0
3393440,212.0
3393920,266.0
3397568,157.0
3398592,350.0
3398592,228.0
3399456,160.0
3400736,127.0
3402496,153.0
3402752,99.0
3403456,111.0
3405344,174.0
3405920,163.0
3406432,237.0
3406944,343.0
3407040,111.0
3408128,192.0
3408800,107.0
3413088,188.0
3413888,190.0
3415040,275.0
3415872,93.0
3417216,131.0
3417216,169.0
3418432,142.0
3419200,108.0
3424320,112.0
3424416,123.0
3425952,53.0
3425984,105.0
3428512,115.0
3428704,84.0
3428800,139.0
3429024,118.0
3436480,219.0
3437056,199.0
3437152,203.0
3437408,68.0
3437472,500.0
3437920,158.0
3439136,349.0
3441408,124.0
3441440,185.0
3442208,91.0
3444512,150.0
3444544,208.0
3444800,105.0
3445248,213.0
3445760,110.0
3445952,64.0
3446272,88.0
3447040,500.0
3447968,135.0
3448640,248.0
3449792,219.0
3453216,192.0
3455680,88.0
3457184,106.0
3458112,114.0
3458560,91.0
3458624,105.0
3460608,188.0
3460768,213.0
3461344,205.0
3462752,123.0
3463776,141.0
3463904,183.0
3465280,140.0
3465536,215.0
3465792,104.0
3465888,79.0
3467008,78.0
3467520,108.0
3469376,201.0
3470752,183.0
3470816,260.0
3471168,103.0
3472416,168.0
3473952,254.0
3474880,113.0
3475072,102.0
3476064,152.0
3477152,101.0
3478144,127.0
3478880,182.0
3478912,297.0
3480992,110.0
3483744,174.0
3484160,241.0
3484320,73.0
3485504,206.0
3486752,74.0
3486816,82.0
3487776,413.0
3488320,291.0
3488960,122.0
3489280,145.0
3489344,299.0
3489632,100.0
3490336,107.0
3493792,217.0
3495808,182.0
3496128,188.0
3496160,94.0
3497376,394.0
3497792,68.0
3497824,266.0
3498368,142.0
3498752,93.0
3498816,93.0
3499040,179.0
3500576,86.0
3500928,93.0
3502016,191.0
3503040,124.0
3504352,207.0
3504544,121.0
3505728,115.0
3507392,184.0
3509504,278.0
3510784,275.0
3510976,142.0
3511648,100.0
3511776,365.0
3511840,293.0
3513408,81.0
3513504,128.0
3514336,415.0
3515232,178.0
3517632,239.0
3519520,87.0
3519552,202.0
3521408,139.0
3522240,83.0
3523136,179.0
3523456,123.0
3524960,73.0
3525184,126.0
3526592,401.0
3527104,94.0
3529600,89.0
3530432,227.0
3531072,130.0
3533664,214.0
3534624,263.0
3535456,82.0
3535616,119.0
3536480,188.0
3536608,52.0
3536864,87.0
3537216,191.0
3537728,179.0
3538016,77.0
3538240,187.0
3539616,210.0
3539616,85.0
3539680,145.0
3540256,113.0
3541280,130.0
3542080,76.0
3543968,88.0
3544288,143.0
3544992,85.0
3545248,369.0
3545664,116.0
3545824,207.0
3546144,75.0
3546720,271.0
3546944,136.0
3548256,75.0
3548416,197.0
3548832,83.0
3549472,88.0
3550304,114.0
3550880,71.0
3551328,103.0
3551968,105.0
3552064,113.0
3552672,173.0
3552800,209.0
3554272,179.0
3556032,126.0
3556736,118.0
3557056,139.0
3557280,180.0
3562368,202.0
3565280,90.0
3566528,125.0
3569472,107.0
3571392,94.0
3571744,82.0
3572064,98.0
3572576,227.0
3572608,219.0
3573120,77.0
3575872,128.0
3576000,113.0
3577248,90.0
3579936,123.0
3580288,193.0
3581120,102.0
3583328,185.0
3583680,167.0
3585280,110.0
3585888,104.0
3587680,91.0
3588704,127.0
3589120,114.0
3590144,173.0
3590176,94.0
3591264,203.0
3592448,197.0
3592512,89.0
3593056,202.0
3595040,120.0
3595744,219.0
3597760,269.0
3599424,271.0
3600000,179.0
3600736,80.0
3602496,176.0
3602880,247.0
3608224,139.0
3608672,250.0
3610144,163.0
3613600,344.0
3613952,189.0
3614528,468.0
3614976,168.0
3616160,151.0
3616864,91.0
3616992,121.0
3618848,152.0
3618848,500.0
3618976,107.0
3619904,112.0
3620352,277.0
3622624,87.0
3624288,85.0
3624800,95.0
3625344,221.0
3625600,97.0
3625792,99.0
3627712,178.0
3628032,83.0
3629440,119.0
3630496,177.0
3631200,136.0
3631680,188.0
3632192,137.0
3632352,135.0
3633600,84.0
3633632,63.0
3634016,92.0
3634144,266.0
3634336,297.0
3634752,110.0
3634976,77.0
3635840,166.0
3636288,213.0
3636896,202.0
3637248,172.0
3637280,101.0
3637568,307.0
3638432,149.0
3639296,237.0
3640672,77.0
3641952,281.0
3643680,112.0
3644576,110.0
3644640,176.0
3644832,261.0
3647104,135.0
3647200,163.0
3647424,109.0
3648736,121.0
3651200,226.0
3651648,199.0
3652032,116.0
3652192,120.0
3654400,222.0
3657568,196.0
3657856,205.0
3658624,238.0
3659008,192.0
3659168,119.0
3660480,69.0
3661344,96.0
3661696,95.0
3662080,233.0
3662272,181.0
3662336,211.0
3662496,196.0
3662944,117.0
3662976,262.0
3663040,149.0
3664384,121.0
3665152,178.0
3665280,195.0
3666944,140.0
3666976,131.0
3669024,104.0
3670176,246.0
3670272,102.0
3670368,139.0
3673280,293.0
3674656,83.0
3677152,217.0
3679424,120.0
3679968,98.0
3680000,232.0
3680320,151.0
3681536,263.0
3681760,382.0
3683328,195.0
3683552,208.0
3684096,309.0
3684128,169.0
3684896,140.0
3686304,81.0
3688384,220.0
3688800,257.0
3690016,218.0
3690848,196.0
3694752,126.0
3695136,203.0
3695872,115.0
3695904,221.0
3696576,85.0
3696768,128.0
3697472,118.0
3697728,80.0
3699584,356.0
3699680,118.0
3700128,181.0
3700320,168.0
3705824,120.0
3706528,224.0
3707840,131.0
3707904,184.0
3708576,79.0
3709216,239.0
3709664,100.0
3711328,210.0
3713376,262.0
3713504,125.0
3713600,122.0
3715488,93.0
3715680,126.0
3716160,300.0
3716736,104.0
3716928,105.0
3718880,247.0
3721344,153.0
3724224,164.0
3726816,76.0
3728576,96.0
3730176,138.0
3730912,114.0
3732832,200.0
3733888,88.0
3734752,257.0
3735232,125.0
3735968,253.0
3739040,193.0
3739488,185.0
3742432,106.0
3742880,234.0
3748640,193.0
3748800,115.0
3750592,106.0
3751072,76.0
3756192,174.0
3756768,220.0
3759072,176.0
3759712,99.0
3759744,161.0
3760832,114.0
3762400,434.0
3762944,210.0
3765760,188.0
3767168,119.0
3767392,187.0
3768384,111.0
3768672,160.0
3768800,248.0
3769088,121.0
3771008,112.0
3771744,135.0
3774400,269.0
3774656,111.0
3774752,153.0
3775552,190.0
3776576,94.0
3777632,97.0
3778624,223.0
3778752,278.0
3780512,182.0
3780576,241.0
3780992,110.0
3782304,104.0
3784000,220.0
3785376,212.0
3785504,140.0
3786976,87.0
3792000,81.0
3793248,104.0
3793920,122.0
3794784,148.0
3794944,116.0
3795680,175.0
3796800,194.0
3797408,152.0
3797792,130.0
3799168,131.0
3799264,275.0
3799392,100.0
3799584,119.0
3802112,246.0
3804864,162.0
3805152,94.0
3805952,159.0
3807424,240.0
3807680,191.0
3808960,149.0
3809024,114.0
3809344,112.0
3810336,140.0
3810880,107.0
3811808,206.0
3812352,125.0
3813280,124.0
3813728,208.0
3814016,145.0
3815168,189.0
3815616,199.0
3815744,183.0
3816096,133.0
3816736,134.0
3817248,105.0
3819328,263.0
3820256,214.0
3821152,122.0
3824384,281.0
3824896,78.0
3825312,129.0
3826176,185.0
3826240,149.0
3826336,153.0
3826496,174.0
3826752,121.0
3827424,209.0
3827584,132.0
3828032,93.0
3828544,86.0
3828736,300.0
3829280,131.0
3829696,137.0
3833472,222.0
3833888,103.0
3834464,103.0
3834464,240.0
3837280,91.0
3837312,140.0
3838688,380.0
3839424,192.0
3840800,124.0
3841728,111.0
3841728,299.0
3841984,118.0
3844480,77.0
3845440,109.0
3845600,183.0
3847584,52.0
3849024,273.0
3849184,197.0
3849632,247.0
3850592,104.0
3852768,133.0
3853440,194.0
3853536,100.0
3854656,432.0
3855072,187.0
3856224,175.0
3857696,221.0
3858400,117.0
3859520,102.0
3859904,108.0
3866592,82.0
3867392,100.0
3867872,133.0
3868960,90.0
3868992,191.0
3872480,100.0
3873152,115.0
3873440,188.0
3874848,214.0
3875168,187.0
3879360,89.0
3879552,212.0
3879776,91.0
3880640,203.0
3882976,106.0
3884064,146.0
3885792,203.0
3886624,327.0
3888672,221.0
3889408,127.0
3889760,118.0
3891936,105.0
3895904,101.0
3896352,106.0
3897184,202.0
3897280,114.0
3897408,97.0
3898080,101.0
3899808,142.0
3900288,116.0
3901984,106.0
3902336,83.0
3902432,160.0
3907296,404.0
3909376,235.0
3909376,170.0
3910432,109.0
3911104,138.0
3911296,324.0
3911712,91.0
3912960,111.0
3913472,127.0
3914880,124.0
3915968,132.0
3916320,121.0
3917344,113.0
3917504,146.0
3918912,281.0
3919744,117.0
3921984,121.0
3923680,373.0
3924192,63.0
3924480,74.0
3924768,76.0
3924896,86.0
3925056,281.0
3925280,176.0
3925696,78.0
3925824,98.0
3926880,152.0
3927424,108.0
3927744,101.0
3928448,166.0
3928640,87.0
3930368,98.0
3931808,222.0
3932384,88.0
3932768,192.0
3932832,247.0
3932896,244.0
3934112,170.0
3935360,123.0
3939392,114.0
3939616,132.0
3939936,169.0
3940832,126.0
3940864,70.0
3941696,105.0
3941824,129.0
3942080,165.0
3943360,95.0
3945472,117.0
3946368,154.0
3946848,232.0
3946880,110.0
3947680,359.0
3949472,152.0
3949632,105.0
3951008,162.0
3951744,268.0
3952192,96.0
3954432,215.0
3955392,113.0
3958848,348.0
3959136,216.0
3962240,82.0
3962592,218.0
3962816,102.0
3964384,210.0
3964640,184.0
3965856,215.0
3966176,139.0
3966528,107.0
3966880,141.0
3967296,90.0
3967488,152.0
3967808,174.0
3968224,218.0
3968320,102.0
3970112,220.0
3970208,122.0
3971168,75.0
3973056,78.0
3973472,192.0
3974496,105.0
3976960,128.0
3978112,128.0
3978592,132.0
3978784,190.0
3979328,252.0
3979584,203.0
3980512,212.0
3980960,88.0
3981856,105.0
3982016,103.0
3983008,147.0
3984960,167.0
3984992,201.0
3986752,86.0
3987296,182.0
3987872,89.0
3988736,93.0
3988768,186.0
3989984,390.0
3991264,209.0
3991392,109.0
3991520,85.0
3991584,92.0
3991776,212.0
3995872,125.0
3996032,106.0
3997152,188.0
3997504,162.0
3997536,187.0
3998208,256.0
3998336,139.0
3999744,214.0
4001568,231.0
4001888,136.0
4001888,270.0
4002624,203.0
4003072,191.0
4007840,335.0
4008416,80.0
4010720,107.0
4012480,90.0
4012608,181.0
4012864,387.0
4014784,91.0
4014816,226.0
4016064,189.0
4016544,350.0
4016864,179.0
4016896,103.0
4016992,191.0
4017952,112.0
4018400,128.0
4018688,181.0
4018816,194.0
4018848,225.0
4018880,123.0
4019424,78.0
4019456,157.0
4019616,102.0
4020224,104.0
4020672,137.0
4020928,141.0
4020992,101.0
4021440,158.0
4021728,128.0
4022368,255.0
4023328,197.0
4024128,97.0
4025056,123.0
4026944,187.0
4029152,248.0
4029152,148.0
4032288,418.0
4032864,136.0
4036128,286.0
4036384,263.0
4040832,95.0
4042912,152.0
4044416,201.0
4044864,136.0
4047840,133.0
4048096,118.0
4050144,182.0
4051456,264.0
4052864,202.0
4053536,169.0
4055008,235.0
4055232,95.0
4055808,254.0
4056160,133.0
4056288,104.0
4059744,420.0
4061408,156.0
4063328,252.0
4063776,83.0
4066400,348.0
4067168,354.0
4067328,144.0
4067456,114.0
4069536,142.0
4069664,135.0
4070592,106.0
4070816,141.0
4071232,171.0
4074720,135.0
4075200,136.0
4075776,159.0
4077152,173.0
4077952,130.0
4078304,103.0
4078560,84.0
4078880,170.0
4079360,192.0
4079936,228.0
4080096,185.0
4081920,191.0
4082688,128.0
4083904,180.0
4084864,112.0
4085056,183.0
4087392,107.0
4088960,122.0
4089888,224.0
4090560,254.0
4091552,238.0
4092352,181.0
4094016,101.0
4094048,135.0
4098336,227.0
4098880,262.0
4100608,197.0
4102848,194.0
4103264,225.0
4103840,87.0
4103936,103.0
4104288,174.0
4105696,107.0
4106848,78.0
4107552,161.0
4109088,186.0
4110848,204.0
4111616,170.0
4111872,140.0
4112832,124.0
4114400,89.0
4114880,182.0
4116256,86.0
4116896,203.0
4117216,141.0
4118784,81.0
4119968,113.0
4125152,179.0
4125792,86.0
4126688,85.0
4130272,96.0
4133376,183.0
4133376,123.0
4133536,324.0
4133952,108.0
4134240,103.0
4135040,238.0
4135136,223.0
4136000,178.0
4136512,208.0
4140704,118.0
4140896,216.0
4142464,179.0
4142656,190.0
4143008,116.0
4143520,199.0
4145440,108.0
4146240,97.0
4146400,173.0
4146848,185.0
4147744,316.0
4150784,189.0
4151488,116.0
4154944,129.0
4155296,152.0
4157600,158.0
4158464,213.0
4159136,149.0
4160160,215.0
4161184,160.0
4161536,114.0
4163104,210.0
4164128,155.0
4164992,170.0
4165152,209.0
4165536,120.0
4165920,404.0
4166368,302.0
4166560,274.0
4167104,124.0
4170816,221.0
4173504,216.0
4173696,242.0
4173792,126.0
4174848,177.0
4177312,172.0
4177632,179.0
4178464,232.0
4180352,132.0
4180448,212.0
4183360,226.0
4185504,104.0
4187328,209.0
4187712,147.0
4188608,245.0
4191104,99.0
4191936,171.0
4192320,155.0
4193184,181.0
4195424,104.0
4195616,116.0
4198016,170.0
4198400,222.0
4198656,197.0
4198752,99.0
4201376,104.0
4203904,137.0
4204416,97.0
4206080,143.0
4207424,93.0
4207712,221.0
4210848,184.0
4214432,124.0
4215168,176.0
4215296,104.0
4216576,86.0
4216736,200.0
4217248,238.0
4217440,217.0
4219264,204.0
4219872,215.0
4220448,128.0
4220640,125.0
4221024,101.0
4223456,205.0
4224096,107.0
4225568,196.0
4227360,113.0
4228736,113.0
4229280,500.0
4230976,138.0
4232448,158.0
4232832,185.0
4234688,176.0
4235648,113.0
4238528,177.0
4239104,98.0
4239872,131.0
4240192,136.0
4242048,193.0
4243520,288.0
4244160,269.0
4245248,148.0
4245760,173.0
4246624,308.0
4248576,93.0
4250208,188.0
4252256,219.0
4254976,119.0
4255072,202.0
4255136,205.0
4255264,180.0
4255520,185.0
4255552,150.0
4256288,162.0
4256512,278.0
4256608,199.0
4256672,336.0
4258016,89.0
4261408,183.0
4262432,184.0
4263040,213.0
4265472,147.0
4265504,183.0
4265920,182.0
4266240,179.0
4267008,189.0
4267168,218.0
4267584,90.0
4268000,235.0
4270656,82.0
4271008,225.0
4271936,103.0
4272352,148.0
4272544,213.0
4273536,210.0
4274272,221.0
4277632,312.0
4278336,99.0
4279552,144.0
4282496,173.0
4282592,94.0
4284384,210.0
4285760,124.0
4286624,235.0
4286880,90.0
4287520,190.0
4289024,147.0
4290144,394.0
4290496,120.0
4291232,182.0
4291648,158.0
4293024,74.0
4293024,184.0
4293120,102.0
4293696,183.0
4293984,201.0
4294208,161.0
4297888,194.0
4298656,336.0
4300096,207.0
4302816,139.0
4302880,214.0
4303168,87.0
4304000,158.0
4305216,250.0
4308224,74.0
4308896,94.0
4309984,186.0
4311040,254.0
4312320,210.0
4312448,89.0
4312544,79.0
4312928,132.0
4315264,244.0
4316128,218.0
4319424,217.0
4319488,204.0
4319584,211.0
4322240,104.0
4322240,130.0
4322336,193.0
4323744,200.0
4324576,103.0
4326784,221.0
4330880,127.0
4331648,290.0
4332512,406.0
4332992,107.0
4333632,103.0
4335264,92.0
4338400,136.0
4339360,146.0
4339616,133.0
4340160,152.0
4340480,187.0
4341888,135.0
4342176,163.0
4342432,129.0
4342656,185.0
4343072,239.0
4343392,187.0
4344000,89.0
4345440,285.0
4345600,87.0
4345600,128.0
4346656,393.0
4348672,198.0
4351680,166.0
4353536,79.0
4355808,96.0
4357344,176.0
4359008,121.0
4360576,318.0
4360928,177.0
4361824,77.0
4363328,85.0
4363904,206.0
4364256,209.0
4364352,218.0
4364736,163.0
4364736,212.0
4366944,264.0
4367872,97.0
4368288,122.0
4369376,79.0
4369792,92.0
4369920,205.0
4372256,118.0
4374944,194.0
4375840,161.0
4375904,203.0
4377568,220.0
4379296,391.0
4379424,150.0
4380032,100.0
4384672,204.0
4384800,218.0
4386368,200.0
4390272,121.0
4390976,176.0
4391904,203.0
4393536,102.0
4394944,242.0
4395552,210.0
4395712,190.0
4395744,292.0
4395904,271.0
4396736,99.0
4399488,177.0
4399808,111.0
4399936,231.0
4400800,123.0
4402368,174.0
4403616,224.0
4404064,98.0
4404096,133.0
4404320,129.0
4405408,248.0
4407072,128.0
4408288,184.0
4409216,91.0
4411680,116.0
4417920,95.0
4419840,109.0
4420768,222.0
4421920,98.0
4426336,143.0
4426656,291.0
4426880,366.0
4427136,223.0
4427136,184.0
4427424,171.0
4428064,298.0
4428224,118.0
4430240,191.0
4432576,114.0
4433888,96.0
4434464,147.0
4436320,129.0
4438976,187.0
4440704,212.0
4443584,217.0
4445312,159.0
4445312,165.0
4445632,181.0
4447552,166.0
4449376,270.0
4449376,177.0
4449600,159.0
4451904,96.0
4452064,107.0
4452864,106.0
4453472,184.0
4455936,86.0
4457568,136.0
4459488,115.0
4460896,221.0
4461504,94.0
4461536,190.0
4462528,347.0
4463456,136.0
4464448,500.0
4465056,201.0
4465344,190.0
4466464,217.0
4466976,169.0
4466976,174.0
4467840,193.0
4468192,97.0
4468704,90.0
4469696,274.0
4471360,195.0
4471808,111.0
4471904,329.0
4473280,139.0
4473536,196.0
4474720,167.0
4477408,112.0
4477472,300.0
4480896,192.0
4483456,309.0
4483776,307.0
4484512,219.0
4485120,199.0
4485504,147.0
4486208,117.0
4487456,124.0
4487488,198.0
4491104,79.0
4493856,80.0
4495200,310.0
4495776,103.0
4496416,165.0
4496768,174.0
4497024,107.0
4498752,154.0
4498784,141.0
4499232,207.0
4500512,193.0
4500768,151.0
4500896,177.0
4501824,211.0
4503136,175.0
4504384,120.0
4506592,211.0
4506944,124.0
4507456,99.0
4509632,90.0
4509920,121.0
4510112,197.0
4511072,97.0
4512896,110.0
4513632,199.0
4513920,186.0
4517504,180.0
4518976,256.0
4519168,163.0
4519648,88.0
4519648,220.0
4523168,267.0
4523200,131.0
4524896,126.0
4528512,211.0
4531360,154.0
4532512,190.0
4534720,101.0
4535264,151.0
4535552,205.0
4536992,189.0
4538592,205.0
4538752,483.0
4538784,231.0
4540928,357.0
4541056,82.0
4541280,305.0
4542144,236.0
4545536,119.0
4547008,186.0
4547296,89.0
4547360,262.0
4547360,86.0
4547616,148.0
4548032,208.0
4548320,104.0
4548800,184.0
4548960,96.0
4552576,154.0
4555328,73.0
4556704,256.0
4558688,216.0
4559872,192.0
4561920,209.0
4563872,353.0
4566208,197.0
4571488,137.0
4571776,117.0
4572768,162.0
4573056,131.0
4573312,188.0
4573728,184.0
4575712,212.0
4575904,230.0
4576928,129.0
4578240,207.0
4578336,116.0
4579872,175.0
4581120,189.0
4581408,125.0
4583552,176.0
4586208,181.0
4586592,203.0
4587392,216.0
4587488,170.0
4587744,95.0
4588416,178.0
4588928,93.0
4589312,180.0
4591424,199.0
4591744,237.0
4592608,179.0
4594176,500.0
4595840,227.0
4596256,164.0
4596512,238.0
4596672,163.0
4597216,212.0
4600064,204.0
4600608,122.0
4604096,88.0
4607648,224.0
4608128,185.0
4609504,121.0
4612608,207.0
4613632,212.0
4614304,274.0
4615200,319.0
4615360,183.0
4617600,110.0
4618112,118.0
4618464,141.0
4618784,180.0
4619008,102.0
4619264,190.0
4620672,280.0
4622912,125.0
4623456,151.0
4623840,157.0
4626560,226.0
4627104,164.0
4627328,212.0
4627456,112.0
4627776,266.0
4629632,209.0
4629856,102.0
4630656,205.0
4630720,105.0
4631392,122.0
4632608,395.0
4633568,213.0
4637152,204.0
4637728,116.0
4637824,213.0
4638592,186.0
4638656,196.0
4640128,387.0
4640992,270.0
4641952,102.0
4642016,136.0
4642016,194.0
4644384,296.0
4644384,232.0
4644384,103.0
4646496,198.0
4647328,138.0
4647808,81.0
4650016,252.0
4652800,299.0
4652864,114.0
4653536,265.0
4653728,224.0
4654304,206.0
4658688,183.0
4660864,318.0
4661504,181.0
4662240,220.0
4663680,126.0
4663872,166.0
4664896,67.0
4665280,205.0
4665696,111.0
4665696,218.0
4667072,193.0
4667936,126.0
4668288,80.0
4671264,282.0
4672960,217.0
4673248,170.0
4674784,205.0
4675200,122.0
4675264,148.0
4676320,197.0
4678784,187.0
4679360,127.0
4682048,100.0
4682240,102.0
4683936,500.0
4687072,173.0
4688064,181.0
4688288,190.0
4688672,198.0
4689248,301.0
4690752,201.0
4693120,174.0
4693440,270.0
4696992,185.0
4698400,187.0
4698656,117.0
4699168,219.0
4701024,149.0
4702272,156.0
4702880,197.0
4703296,87.0
4703712,201.0
4703936,216.0
4705408,122.0
4706272,209.0
4706784,108.0
4709280,198.0
4709472,218.0
4709664,375.0
4710016,100.0
4711520,91.0
4712224,185.0
4712480,79.0
4713216,144.0
4713248,123.0
4714368,159.0
4714528,171.0
4716416,121.0
4718592,225.0
4719168,184.0
4719232,203.0
4720896,231.0
4723424,162.0
4725056,185.0
4725536,223.0
4728768,243.0
4729152,202.0
4729440,406.0
4729472,117.0
4729728,192.0
4732608,220.0
4733888,159.0
4734528,182.0
4734592,211.0
4735232,143.0
4743008,136.0
4744160,214.0
4745472,229.0
4745856,195.0
4746080,113.0
4746432,224.0
4747744,118.0
4747808,128.0
4748320,240.0
4750080,131.0
4751808,86.0
4752032,204.0
4752256,186.0
4752640,127.0
4753056,231.0
4754112,208.0
4763424,196.0
4764480,124.0
4766464,201.0
4766560,185.0
4770976,436.0
4771424,100.0
4772928,131.0
4773408,94.0
4775456,172.0
4775616,82.0
4775680,198.0
4775808,211.0
4779136,243.0
4779264,156.0
4780448,415.0
4782048,287.0
4782176,192.0
4784992,171.0
4785824,226.0
4786112,392.0
4786208,194.0
4786240,130.0
4787968,180.0
4789920,187.0
4790592,191.0
4791232,169.0
4791648,207.0
4793280,220.0
4793376,211.0
4793920,159.0
4795392,170.0
4796288,95.0
4796576,210.0
4796704,188.0
4797216,186.0
4798464,209.0
4800960,239.0
4801920,175.0
4801952,200.0
4802336,186.0
4804576,428.0
4805536,111.0
4805536,171.0
4807392,178.0
4807808,218.0
4808544,211.0
4810912,209.0
4812096,136.0
4812480,97.0
4812480,133.0
4813952,176.0
4816000,500.0
4818880,150.0
4819072,205.0
4820832,231.0
4821472,177.0
4824000,176.0
4824768,248.0
4825536,147.0
4825792,209.0
4828032,90.0
4828160,124.0
4829536,189.0
4830144,182.0
4834304,203.0
4834592,248.0
4834624,124.0
4834880,209.0
4835328,256.0
4835872,168.0
4837216,142.0
4838240,206.0
4839040,200.0
4839072,184.0
4839136,241.0
4839616,103.0
4840256,122.0
4840320,195.0
4841728,145.0
4841952,178.0
4842208,178.0
4842208,193.0
4842432,209.0
4842816,180.0
4844448,167.0
4844800,179.0
4846112,147.0
4846816,209.0
4847424,124.0
4847872,317.0
4849088,144.0
4850048,154.0
4850976,192.0
4852480,335.0
4853632,110.0
4856640,157.0
4857856,179.0
4858848,111.0
4860000,213.0
4860512,186.0
4861792,111.0
4861792,141.0
4865024,200.0
4865600,81.0
4865888,107.0
4866880,195.0
4868000,193.0
4872288,144.0
4872480,134.0
4873760,249.0
4874048,496.0
4875168,200.0
4876256,181.0
4877120,208.0
4879616,173.0
4880736,210.0
4881120,229.0
4881888,132.0
4884384,226.0
4885408,178.0
4887840,195.0
4888864,204.0
4890432,184.0
4890912,208.0
4890944,117.0
4891744,161.0
4892288,102.0
4894560,204.0
4894944,202.0
4895424,179.0
4895936,129.0
4896128,188.0
4896256,204.0
4897568,231.0
4897920,210.0
4899712,237.0
4903072,171.0
4905472,122.0
4909888,173.0
4910176,162.0
4911168,177.0
4913504,209.0
4914336,129.0
4915456,198.0
4915744,91.0
4915744,118.0
4916288,183.0
4916416,203.0
4917088,209.0
4919104,169.0
4919232,193.0
4920224,185.0
4921024,103.0
4922112,198.0
4923136,380.0
4924480,269.0
4925152,171.0
4925248,107.0
4926464,167.0
4929216,144.0
4929376,146.0
4934080,239.0
4935392,187.0
4935680,201.0
4937248,344.0
4937312,171.0
4938080,155.0
4939072,196.0
4939488,246.0
4944640,211.0
4947840,202.0
4948064,132.0
4950080,282.0
4950368,187.0
4950592,188.0
4950848,95.0
4951776,175.0
4953664,350.0
4953760,177.0
4956512,238.0
4956640,126.0
4957152,196.0
4957504,189.0
4960832,216.0
4960896,184.0
4964096,139.0
4967040,185.0
4968448,363.0
4968736,209.0
4969344,117.0
4973472,99.0
4975424,233.0
4976480,188.0
4976800,112.0
4978624,190.0
4978880,443.0
4981408,157.0
4982336,182.0
4983040,209.0
4985024,234.0
4987104,138.0
4987872,150.0
4988896,158.0
4989440,91.0
4990016,160.0
4993088,147.0
4994048,200.0
4995360,254.0
4995392,234.0
4995936,144.0
4995936,126.0
4996384,60.0
4998176,158.0
4998848,212.0
5002720,97.0
5004928,181.0
5006816,208.0
5007936,202.0
5009760,110.0
5009824,227.0
5011936,214.0
5012640,87.0
5013536,176.0
5014368,200.0
5014816,158.0
5015328,99.0
5015680,179.0
5016288,167.0
5017696,239.0
5018144,217.0
5019552,104.0
5019968,100.0
5021280,111.0
5022976,197.0
5023616,191.0
5023968,205.0
5024608,214.0
5025632,151.0
5027744,255.0
5028384,232.0
5030688,220.0
5031936,130.0
5032224,117.0
5033920,100.0
5034432,77.0
5035328,226.0
5035712,164.0
5035936,196.0
5036096,143.0
5036192,180.0
5036448,158.0
5036736,211.0
5036768,171.0
5038816,205.0
5039264,166.0
5040896,128.0
5041088,192.0
5044672,182.0
5045312,110.0
5046080,226.0
5046368,214.0
5047968,154.0
5048096,193.0
5048960,245.0
5050176,173.0
5051296,206.0
5052288,192.0
5053728,203.0
5053952,186.0
5054080,120.0
5054464,182.0
5055136,128.0
5056480,220.0
5058624,227.0
5059360,167.0
5061088,185.0
5061952,112.0
5062368,169.0
5063776,184.0
5064160,172.0
5065216,203.0
5065280,213.0
5066176,185.0
5067872,182.0
5068000,136.0
5069120,175.0
5072192,262.0
5074048,121.0
5074368,200.0
5076288,90.0
5076352,363.0
5076576,129.0
5076640,118.0
5077632,133.0
5077888,186.0
5080896,139.0
5081696,118.0
5082208,201.0
5086432,88.0
5087040,243.0
5089152,179.0
5091232,221.0
5095264,162.0
5096352,182.0
5096480,167.0
5097184,123.0
5097824,171.0
5098656,142.0
5099744,168.0
5103328,234.0
5105344,151.0
5105440,109.0
5107232,399.0
5107264,147.0
5107360,143.0
5108416,158.0
5108800,200.0
5110592,101.0
5110944,174.0
5111584,198.0
5111808,163.0
5111968,241.0
5113792,204.0
5113824,150.0
5115008,132.0
5117536,252.0
5117760,170.0
5119008,115.0
5123232,222.0
5124896,418.0
5126176,99.0
5128096,338.0
5129920,220.0
5132000,187.0
5138112,216.0
5138528,227.0
5138816,181.0
5139104,225.0
5139520,202.0
5140608,222.0
5141952,199.0
5141984,208.0
5142144,167.0
5142624,171.0
5142848,219.0
5144800,166.0
5150592,103.0
5152384,373.0
5155520,167.0
5155776,221.0
5156000,139.0
5156704,110.0
5157152,234.0
5159360,193.0
5160128,177.0
5161536,165.0
5162112,111.0
5163136,200.0
5166176,188.0
5166400,204.0
5166560,224.0
5166816,204.0
5168160,238.0
5168352,88.0
5169312,188.0
5171872,165.0
5173440,109.0
5175232,275.0
5177600,168.0
5179552,165.0
5180960,198.0
5181632,203.0
5182400,187.0
5184128,191.0
5184576,102.0
5186720,270.0
5187104,221.0
5188224,248.0
5190080,181.0
5190560,220.0
5190912,190.0
5191680,154.0
5192000,113.0
5192064,289.0
5192608,187.0
5193632,215.0
5194240,263.0
5194400,128.0
5196480,120.0
5196608,92.0
5196672,301.0
5197568,200.0
5200320,145.0
5201664,177.0
5203360,197.0
5204320,202.0
5205600,164.0
5206496,308.0
5206752,200.0
5207616,212.0
5207936,195.0
5209152,226.0
5210112,181.0
5210368,187.0
5212256,179.0
5212512,120.0
5215488,92.0
5216608,234.0
5220704,191.0
5220864,180.0
5221408,130.0
5221952,99.0
5224448,352.0
5225600,330.0
5225824,144.0
5226848,156.0
5229792,186.0
5229984,184.0
5230368,102.0
5230592,201.0
5230912,186.0
5232704,112.0
5233696,207.0
5234176,224.0
5236640,185.0
5237152,83.0
5237536,110.0
5239872,166.0
5240640,196.0
5242368,92.0
5243648,196.0
5244192,219.0
5245472,190.0
5246464,190.0
5249888,194.0
5251744,235.0
5251936,115.0
5252352,166.0
5252448,130.0
5253984,182.0
5255136,112.0
5255168,164.0
5255520,174.0
5255616,197.0
5255648,153.0
5256192,110.0
5257568,202.0
5258944,398.0
5260448,201.0
5261248,248.0
5261600,218.0
5261696,192.0
5261728,204.0
5265632,197.0
5265920,122.0
5267776,106.0
5269024,96.0
5270528,182.0
5271200,199.0
5272096,201.0
5273600,146.0
5274816,219.0
5275424,190.0
5276096,228.0
5278176,226.0
5279136,109.0
5280896,177.0
5281696,198.0
5285792,159.0
5286176,168.0
5286944,240.0
5291872,317.0
5293088,177.0
5295328,191.0
5295456,107.0
5296352,166.0
5296384,184.0
5297728,287.0
5299936,129.0
5300160,124.0
5300288,200.0
5300704,92.0
5301376,114.0
5304064,121.0
5304352,92.0
5306688,169.0
5307040,178.0
5309152,188.0
5309664,165.0
5309760,134.0
5311488,146.0
5311584,132.0
5311904,167.0
5312288,80.0
5312448,209.0
5313504,119.0
5313792,201.0
5314112,109.0
5316736,91.0
5317568,220.0
5319040,200.0
5321888,126.0
5322688,123.0
5323328,243.0
5323680,221.0
5324128,184.0
5324576,118.0
5325344,191.0
5328992,252.0
5330048,194.0
5331456,209.0
5331744,204.0
5332256,93.0
5332448,221.0
5332800,211.0
5333472,159.0
5336288,210.0
5340832,182.0
5341024,219.0
5341088,217.0
5341344,92.0
5342144,190.0
5343776,150.0
5345088,116.0
5346560,144.0
5346976,183.0
5347488,144.0
5348576,177.0
5351008,195.0
5353024,180.0
5355808,179.0
5358464,293.0
5358784,193.0
5359264,335.0
5360832,130.0
5361600,82.0
5363008,181.0
5363040,117.0
5364000,222.0
5365888,236.0
5366304,204.0
5366464,175.0
5367296,197.0
5369792,108.0
5370144,116.0
5370208,201.0
5371872,142.0
5373472,170.0
5375200,195.0
5377952,254.0
5379616,122.0
5380288,130.0
5380448,217.0
5385568,217.0
5385728,169.0
5385824,173.0
5385888,135.0
5386048,203.0
5389504,107.0
5389760,115.0
5391328,106.0
5391680,205.0
5392864,414.0
5396192,377.0
5396992,197.0
5398368,189.0
5398528,213.0
5398976,190.0
5400032,223.0
5400256,208.0
5401376,106.0
5401792,101.0
5403328,274.0
5406048,197.0
5406880,206.0
5407552,180.0
5408256,189.0
5409696,206.0
5410400,198.0
5414976,145.0
5415072,234.0
5417376,184.0
5417856,241.0
5420096,197.0
5420448,225.0
5420480,152.0
5420768,139.0
5420800,230.0
5422976,133.0
5428384,208.0
5429952,117.0
5430592,185.0
5430880,201.0
5432896,177.0
5433152,195.0
5433664,172.0
5436384,104.0
5436672,140.0
5438528,215.0
5439584,188.0
5441152,249.0
5442944,181.0
5443136,180.0
5444256,220.0
5445632,210.0
5445728,177.0
5445760,194.0
5445984,211.0
5446336,214.0
5446560,220.0
5447072,122.0
5448608,203.0
5449952,215.0
5450688,217.0
5451040,206.0
5451136,214.0
5455520,191.0
5456576,159.0
5457888,137.0
5458272,180.0
5458528,217.0
5459008,164.0
5459968,174.0
5460960,201.0
5464480,140.0
5467936,182.0
5468512,178.0
5471424,216.0
5473248,89.0
5473344,163.0
5475392,193.0
5477472,178.0
5478432,198.0
5478976,235.0
5479488,127.0
5484896,185.0
5485696,209.0
5490912,91.0
5491456,207.0
5492896,170.0
5493280,193.0
5497376,184.0
5497472,206.0
5497664,92.0
5499744,355.0
5500576,181.0
5501344,212.0
5503168,201.0
5504928,197.0
5505664,106.0
5505696,217.0
5505824,194.0
5507456,178.0
5511584,239.0
5514528,199.0
5514848,169.0
5516224,230.0
5517504,242.0
5518752,216.0
5519232,179.0
5520544,202.0
5520800,252.0
5522176,214.0
5524768,199.0
5525152,138.0
5526048,196.0
5526112,165.0
5528736,223.0
5530368,193.0
5530464,114.0
5533664,193.0
5534208,77.0
5534272,121.0
5534720,179.0
5535872,175.0
5536608,203.0
5538208,179.0
5538528,128.0
5538720,236.0
5540736,181.0
5541056,207.0
5543072,91.0
5544352,173.0
5546848,117.0
5546848,94.0
5548224,415.0
5548800,159.0
5550144,134.0
5550240,114.0
5550336,184.0
5550624,206.0
5550816,94.0
5552128,220.0
5552352,86.0
5552352,171.0
5554112,201.0
5554336,122.0
5556352,214.0
5557280,201.0
5560768,189.0
5560896,174.0
5562048,194.0
5562464,201.0
5563584,149.0
5565408,95.0
5567616,213.0
5567680,378.0
5567744,97.0
5568064,207.0
5571808,273.0
5573536,253.0
5573568,171.0
5575072,226.0
5576128,266.0
5578144,185.0
5579200,213.0
5581280,178.0
5585792,280.0
5587744,201.0
5589312,250.0
5590720,250.0
5593280,105.0
5594816,220.0
5596864,413.0
5598432,243.0
5599488,90.0
5599872,93.0
5600416,117.0
5601792,206.0
5602496,210.0
5603296,392.0
5603456,199.0
5603872,109.0
5604032,201.0
5604704,202.0
5605504,216.0
5606848,157.0
5607488,181.0
5607744,189.0
5608128,198.0
5608384,213.0
5608832,228.0
5609216,193.0
5610368,183.0
5611040,197.0
5611456,184.0
5611744,90.0
5611808,211.0
5614816,252.0
5615040,181.0
5616352,223.0
5617344,120.0
5617504,161.0
5618176,198.0
5619584,198.0
5620128,214.0
5620192,120.0
5621216,144.0
5622368,228.0
5623104,152.0
5624960,230.0
5625632,171.0
5625664,222.0
5626816,206.0
5627712,122.0
5627808,146.0
5629120,164.0
5634976,223.0
5635392,210.0
5637760,190.0
5638144,111.0
5639456,150.0
5639456,186.0
5639712,124.0
5639968,169.0
5640672,230.0
5641952,260.0
5642304,188.0
5643680,129.0
5644640,132.0
5645088,189.0
5646464,218.0
5647200,197.0
5647456,179.0
5648672,236.0
5648672,183.0
5652000,122.0
5652096,370.0
5655808,212.0
5656032,179.0
5658144,153.0
5660704,127.0
5662560,201.0
5663904,176.0
5664320,123.0
5666176,120.0
5667200,154.0
5667808,108.0
5668288,199.0
5670368,176.0
5670752,178.0
5673984,188.0
5674176,217.0
5674944,207.0
5675456,179.0
5678688,146.0
5678688,233.0
5679104,123.0
5682400,202.0
5682720,117.0
5685568,201.0
5685984,200.0
5686368,191.0
5687840,184.0
5689312,211.0
5689472,174.0
5689952,208.0
5691488,226.0
5693792,170.0
5694208,107.0
5700928,130.0
5701056,214.0
5701888,200.0
5702304,191.0
5702368,174.0
5703232,128.0
5703840,211.0
5705024,195.0
5705280,229.0
5705568,196.0
5705920,64.0
5709312,193.0
5709664,161.0
5712896,211.0
5713696,165.0
5713696,189.0
5714112,219.0
5717984,137.0
5718624,99.0
5718656,177.0
5720096,119.0
5721312,183.0
5721376,214.0
5721664,226.0
5722208,336.0
5722368,113.0
5723328,181.0
5723616,174.0
5724160,199.0
5726560,191.0
5727616,83.0
5728096,183.0
5729792,122.0
5730368,210.0
5731744,85.0
5732640,193.0
5733728,223.0
5733952,170.0
5735712,95.0
5736768,84.0
5738016,220.0
5739360,196.0
5740512,109.0
5740640,252.0
5741856,252.0
5743232,138.0
5743904,115.0
5745504,188.0
5746144,260.0
5747616,173.0
5747744,110.0
5747936,120.0
5749568,176.0
5750112,202.0
5750720,208.0
5752352,193.0
5758656,300.0
5760864,151.0
5762112,100.0
5764672,194.0
5764704,213.0
5768352,193.0
5771712,247.0
5773408,161.0
5773408,173.0
5774496,105.0
5774592,169.0
5776928,109.0
5780032,172.0
5781248,180.0
5781408,211.0
5782208,151.0
5783200,179.0
5784640,240.0
5784960,179.0
5785632,94.0
5787200,180.0
5787584,195.0
5787936,214.0
5788000,149.0
5791488,125.0
5792672,180.0
5793696,183.0
5794176,170.0
5795072,164.0
5795584,103.0
5799040,107.0
5799744,186.0
5800224,180.0
5800320,167.0
5803232,203.0
5803360,234.0
5803744,126.0
5804288,169.0
5805376,142.0
5805600,229.0
5806176,182.0
5806752,162.0
5807488,153.0
5809600,182.0
5811872,181.0
5812576,197.0
5812736,219.0
5813760,421.0
5815200,220.0
5816704,416.0
5817792,205.0
5819680,263.0
5820416,207.0
5822080,235.0
5825184,175.0
5828512,114.0
5828768,136.0
5829088,114.0
5829440,149.0
5830336,203.0
5832160,333.0
5833920,139.0
5833920,142.0
5835008,136.0
5836128,357.0
5837504,120.0
5839040,218.0
5840672,121.0
5840864,157.0
5841216,122.0
5842400,81.0
5846080,120.0
5846816,218.0
5848928,468.0
5849152,202.0
5849248,197.0
5849536,187.0
5849632,101.0
5850944,112.0
5851200,78.0
5852224,172.0
5852928,213.0
5853824,215.0
5854400,137.0
5854848,278.0
5856736,118.0
5857760,172.0
5859712,253.0
5860512,220.0
5861472,215.0
5863840,106.0
5865152,190.0
5867392,189.0
5869792,197.0
5870240,217.0
5871488,105.0
5874016,92.0
5874368,181.0
5876256,212.0
5876352,218.0
5879168,292.0
5879520,262.0
5882560,175.0
5882912,110.0
5884512,166.0
5884672,176.0
5885216,226.0
5886368,115.0
5886496,228.0
5886880,168.0
5887456,215.0
5888000,158.0
5888800,91.0
5890976,203.0
5891072,180.0
5891104,205.0
5893120,206.0
5894976,212.0
5895136,197.0
5895168,198.0
5895200,143.0
5898368,230.0
5898400,199.0
5898528,264.0
5900000,171.0
5902336,199.0
5903712,182.0
5904640,254.0
5905152,210.0
5906720,209.0
5909408,216.0
5910304,191.0
5910464,94.0
5911584,216.0
5912256,186.0
5912640,199.0
5913088,125.0
5914048,131.0
5915136,222.0
5916384,184.0
5916768,250.0
5916800,202.0
5918464,146.0
5919808,189.0
5920384,158.0
5921120,186.0
5921856,176.0
5922208,181.0
5923040,185.0
5926464,184.0
5926624,118.0
5927392,231.0
5927488,173.0
5928128,162.0
5929056,187.0
5931168,236.0
5933824,148.0
5936864,198.0
5937312,173.0
5937536,195.0
5937696,208.0
5940960,212.0
5941248,416.0
5942368,203.0
5943392,209.0
5944416,190.0
5945280,337.0
5945504,194.0
5945568,359.0
5945824,233.0
5946144,185.0
5946240,98.0
5946784,220.0
5947232,183.0
5949056,108.0
5950944,235.0
5952448,182.0
5952544,206.0
5954272,215.0
5956576,202.0
5958208,202.0
5958656,194.0
5960160,193.0
5961120,112.0
5961760,195.0
5964224,273.0
5964896,223.0
5965984,196.0
5968224,201.0
5969056,142.0
5970112,103.0
5970560,294.0
5972544,104.0
5973664,166.0
5973824,175.0
5974688,420.0
5975680,173.0
5979712,163.0
5980768,174.0
5981696,105.0
5983296,174.0
5983424,100.0
5985984,90.0
5986432,199.0
5986880,168.0
5988096,166.0
5988480,211.0
5989088,207.0
5989344,174.0
5991296,171.0
5992896,201.0
5993824,115.0
5994176,227.0
5994432,185.0
5994976,254.0
5995296,224.0
5997760,193.0
5998688,182.0
5999072,100.0
5999392,158.0
6000768,120.0
6001184,210.0
6003904,401.0
6005792,199.0
6007328,156.0
6007616,187.0
6008064,132.0
6012352,198.0
6014144,174.0
6015328,209.0
6015584,189.0
6018912,186.0
6019200,177.0
6019712,190.0
6021632,192.0
6025088,195.0
6026112,175.0
6028256,449.0
6029152,221.0
6029632,199.0
6030272,229.0
6030496,326.0
6031552,313.0
6031616,500.0
6032448,204.0
6036832,189.0
6037024,206.0
6038080,225.0
6040320,165.0
6041984,152.0
6042048,276.0
6042816,196.0
6043968,218.0
6044608,160.0
6046240,118.0
6046528,243.0
6047968,151.0
6048000,115.0
6048192,245.0
6049472,196.0
6050240,244.0
6050272,176.0
6050336,214.0
6050496,295.0
6054112,234.0
6055264,192.0
6057280,102.0
6060512,164.0
6061056,187.0
6063264,245.0
6064736,109.0
6066016,177.0
6066272,163.0
6067200,122.0
6067296,211.0
6068480,137.0
6068576,221.0
6069152,220.0
6069856,203.0
6070784,226.0
6072512,168.0
6072544,204.0
6072736,169.0
6074560,306.0
6074944,199.0
6075616,152.0
6076448,228.0
6076704,104.0
6077728,202.0
6078272,170.0
6079008,202.0
6080480,192.0
6081632,104.0
6081760,79.0
6084032,164.0
6084128,192.0
6084512,125.0
6086112,183.0
6086144,87.0
6087040,149.0
6088448,151.0
6088448,334.0
6092672,186.0
6093536,183.0
6093568,211.0
6094016,168.0
6094272,157.0
6095488,231.0
6098496,180.0
6098880,235.0
6099360,187.0
6099712,191.0
6100352,308.0
6100608,197.0
6100608,159.0
6104480,133.0
6105632,180.0
6106016,248.0
6106816,201.0
6107040,188.0
6107072,229.0
6109216,90.0
6109408,201.0
6109536,110.0
6111136,207.0
6111456,193.0
6111552,147.0
6111584,238.0
6111648,175.0
6112032,178.0
6113568,202.0
6116032,139.0
6117984,132.0
6118496,158.0
6119392,157.0
6119520,153.0
6119872,262.0
6120480,183.0
6120704,222.0
6121376,85.0
6123648,132.0
6126144,132.0
6126784,109.0
6127584,79.0
6128768,232.0
6129984,184.0
6131360,219.0
6133472,183.0
6134080,164.0
6134400,196.0
6138432,183.0
6139680,231.0
6140896,256.0
6142144,213.0
6142848,190.0
6145696,177.0
6146016,241.0
6146272,207.0
6147136,126.0
6147232,174.0
6147264,205.0
6148096,285.0
6150048,211.0
6152320,170.0
6154624,215.0
6157088,217.0
6157120,220.0
6157216,121.0
6157664,101.0
6161024,391.0
6165184,167.0
6167456,202.0
6169280,190.0
6173248,223.0
6174048,207.0
6175392,321.0
6178720,237.0
6179616,232.0
6181568,145.0
6181760,198.0
6182784,194.0
6183456,246.0
6184704,229.0
6186784,225.0
6188736,257.0
6189088,186.0
6189184,181.0
6191008,235.0
6192256,162.0
6192352,165.0
6192416,197.0
6192544,130.0
6192576,141.0
6193504,77.0
6195104,262.0
6195328,199.0
6196128,194.0
6196384,119.0
6197632,201.0
6198816,206.0
6198880,192.0
6200736,109.0
6201312,164.0
6202144,219.0
6203808,116.0
6204640,181.0
6205280,319.0
6205440,94.0
6206272,172.0
6206880,217.0
6209024,195.0
6210528,177.0
6211936,197.0
6213056,173.0
6214240,414.0
6215968,187.0
6220768,170.0
6222496,294.0
6226528,171.0
6227968,220.0
6228192,278.0
6228544,196.0
6228704,189.0
6229312,212.0
6229856,242.0
6232896,190.0
6235168,201.0
6236608,212.0
6237888,217.0
6241440,195.0
6241728,217.0
6244384,189.0
6244608,206.0
6245504,237.0
6248032,208.0
6248512,189.0
6249280,197.0
6251104,80.0
6253440,156.0
6253920,193.0
6253952,178.0
6255808,236.0
6256992,126.0
6258560,224.0
6259680,179.0
6260416,231.0
6261760,137.0
6261952,232.0
6262112,196.0
6265504,201.0
6266816,203.0
6266848,150.0
6268800,289.0
6268896,219.0
6269024,215.0
6270304,107.0
6270944,169.0
6273632,112.0
6273856,231.0
6275200,192.0
6275648,221.0
6275712,175.0
6276032,177.0
6276256,90.0
6277568,181.0
6278720,315.0
6280544,194.0
6282560,180.0
6282816,173.0
6282912,208.0
6283168,162.0
6283872,193.0
6284736,187.0
6284896,216.0
6286272,192.0
6286784,194.0
6286976,99.0
6289600,176.0
6291136,203.0
6291808,216.0
6292384,127.0
6292768,277.0
6293280,196.0
6293376,122.0
6294112,188.0
6294496,191.0
6296576,130.0
6300096,186.0
6304128,177.0
6305376,202.0
6305920,202.0
6306144,115.0
6306880,173.0
6308288,225.0
6309600,114.0
6309760,175.0
6312768,230.0
6313632,229.0
6314208,251.0
6314432,145.0
6316832,120.0
6318144,167.0
6320128,202.0
6320864,215.0
6320992,211.0
6324928,126.0
6326752,182.0
6327520,195.0
6328896,193.0
6328896,174.0
6330432,213.0
6332192,102.0
6332416,218.0
6334112,100.0
6334176,175.0
6334912,177.0
6337024,180.0
6337888,177.0
6341248,222.0
6341280,198.0
6341536,180.0
6343392,287.0
6346784,162.0
6349088,177.0
6349184,238.0
6349440,223.0
6352672,500.0
6352704,208.0
6352736,157.0
6353984,128.0
6354272,167.0
6355072,211.0
6357952,129.0
6358208,103.0
6359392,214.0
6359616,194.0
6360032,227.0
6362272,198.0
6364544,201.0
6364800,161.0
6365600,195.0
6366848,212.0
6367200,187.0
6368448,179.0
6368768,160.0
6369632,249.0
6370240,234.0
6370848,203.0
6371712,168.0
6371744,176.0
6372384,223.0
6377888,149.0
6377952,152.0
6379744,122.0
6379968,149.0
6385152,170.0
6388320,234.0
6389280,247.0
6391040,133.0
6395520,126.0
6397536,112.0
6399456,100.0
6399520,183.0
6399968,194.0
6401248,178.0
6401376,179.0
6403424,202.0
6403680,230.0
6403936,167.0
6404064,200.0
6409824,191.0
6410432,148.0
6411232,190.0
6412160,87.0
6416768,166.0
6419328,212.0
6419808,500.0
6420000,207.0
6423264,233.0
6424736,207.0
6424768,174.0
6425024,199.0
6425472,500.0
6425952,169.0
6426016,321.0
6426528,214.0
6428224,154.0
6430912,167.0
6431296,227.0
6432256,466.0
6433216,118.0
6433312,250.0
6434016,249.0
6435264,184.0
6436480,110.0
6437024,233.0
6437504,193.0
6437536,206.0
6439136,116.0
6440160,91.0
6440576,230.0
6442688,231.0
6442752,165.0
6444128,236.0
6444416,206.0
6444640,244.0
6445760,289.0
6448288,126.0
6448384,175.0
6448544,166.0
6448704,146.0
6448768,167.0
6449024,79.0
6450688,167.0
6453216,172.0
6454272,182.0
6455296,128.0
6457120,179.0
6457120,184.0
6460288,155.0
6460992,158.0
6462592,170.0
6462848,215.0
6463296,171.0
6466752,203.0
6468096,110.0
6468608,228.0
6468736,208.0
6469152,194.0
6469792,220.0
6473248,134.0
6473792,170.0
6476512,181.0
6477120,91.0
6477984,259.0
6481056,125.0
6482240,195.0
6485408,190.0
6485856,170.0
6486496,284.0
6487648,221.0
6488896,191.0
6489216,200.0
6489312,214.0
6491392,192.0
6492288,206.0
6493568,180.0
6495424,223.0
6495616,100.0
6497376,326.0
6497856,161.0
6499648,172.0
6503616,79.0
6504192,270.0
6504800,183.0
6505536,138.0
6507456,206.0
6507840,206.0
6508160,251.0
6511232,189.0
6512032,217.0
6513696,167.0
6513920,158.0
6516480,125.0
6516736,190.0
6517440,213.0
6517952,113.0
6519232,166.0
6521184,82.0
6521312,112.0
6522080,219.0
6524224,159.0
6524736,183.0
6525472,116.0
6526336,204.0
6527360,163.0
6527648,166.0
6527840,202.0
6529440,167.0
6530816,187.0
6531296,381.0
6531776,92.0
6532928,173.0
6533568,326.0
6533568,142.0
6537312,191.0
6538816,163.0
6540128,195.0
6544064,150.0
6544672,202.0
6546016,426.0
6546624,167.0
6548224,188.0
6549056,104.0
6550208,167.0
6551360,208.0
6551552,221.0
6551904,117.0
6552544,166.0
6554496,80.0
6555936,148.0
6555936,109.0
6558496,252.0
6559872,213.0
6561152,149.0
6562432,180.0
6563712,122.0
6564480,210.0
6564768,112.0
6569248,193.0
6570016,100.0
6570720,183.0
6571744,182.0
6575328,159.0
6575712,167.0
6576000,210.0
6577056,219.0
6577792,244.0
6578112,156.0
6578144,195.0
6578304,138.0
6578432,220.0
6581312,102.0
6582016,201.0
6586688,134.0
6592064,269.0
6592512,172.0
6592896,170.0
6592960,157.0
6593344,207.0
6593568,265.0
6595072,240.0
6595136,269.0
6597952,246.0
6598336,174.0
6598752,165.0
6600608,174.0
6603552,167.0
6603584,92.0
6604992,112.0
6605760,229.0
6606016,197.0
6609760,148.0
6609888,257.0
6609920,174.0
6610944,153.0
6613120,181.0
6614560,191.0
6615232,197.0
6616192,188.0
6616736,112.0
6616896,217.0
6619808,125.0
6619968,189.0
6620608,190.0
6620864,196.0
6622944,189.0
6625664,182.0
6628224,200.0
6628224,181.0
6629344,195.0
6630016,206.0
6630816,182.0
6631296,157.0
6633536,199.0
6634144,264.0
6635680,191.0
6636032,183.0
6636256,164.0
6637568,147.0
6648448,213.0
6648992,103.0
6649248,227.0
6650016,183.0
6650976,205.0
6651104,164.0
6653536,120.0
6656704,232.0
6656928,125.0
6657152,101.0
6659776,194.0
6660480,186.0
6661888,200.0
6662528,181.0
6662784,217.0
6663200,184.0
6663840,127.0
6663872,194.0
6664480,215.0
6666368,137.0
6667776,183.0
6667872,105.0
6670176,74.0
6671424,141.0
6672032,176.0
6673632,169.0
6674688,188.0
6675680,171.0
6675872,189.0
6675872,341.0
6676864,171.0
6678400,220.0
6678496,201.0
6679392,109.0
6680064,176.0
6682976,237.0
6683808,86.0
6683936,172.0
6684224,195.0
6685248,150.0
6687616,298.0
6689056,187.0
6690624,183.0
6691072,101.0
6691424,174.0
6692800,92.0
6693344,202.0
6693824,216.0
6694368,187.0
6695136,194.0
6695744,112.0
6696960,188.0
6697184,151.0
6697408,211.0
6697888,157.0
6698432,62.0
6698816,169.0
6698816,205.0
6700832,196.0
6701792,121.0
6704320,215.0
6705632,192.0
6705760,212.0
6705952,178.0
6706304,179.0
6706368,292.0
6706592,78.0
6707168,167.0
6708160,228.0
6710240,356.0
6711136,177.0
6713248,199.0
6713280,217.0
6714464,194.0
6714976,174.0
6714976,119.0
6715264,191.0
6715744,288.0
6716672,99.0
6719872,155.0
6720992,234.0
6721728,385.0
6723552,114.0
6725632,118.0
6725760,188.0
6726176,273.0
6726560,200.0
6728864,204.0
6729504,179.0
6730592,229.0
6730720,86.0
6731232,170.0
6731584,192.0
6731712,197.0
6731744,242.0
6731936,196.0
6732896,347.0
6733728,171.0
6734048,184.0
6735008,188.0
6736352,213.0
6737248,124.0
6737472,178.0
6737792,189.0
6738368,144.0
6739104,245.0
6742496,233.0
6742656,85.0
6743040,209.0
6746336,115.0
6747328,250.0
6747744,212.0
6749696,224.0
6749696,136.0
6750752,221.0
6751904,261.0
6752352,123.0
6754784,100.0
6754944,228.0
6755360,185.0
6755552,86.0
6755840,150.0
6756608,200.0
6757088,185.0
6757440,203.0
6759808,191.0
6762368,217.0
6762624,127.0
6762688,105.0
6764960,217.0
6766624,191.0
6770944,186.0
6772000,219.0
6772384,164.0
6772960,188.0
6773152,216.0
6774112,197.0
6774752,161.0
6775232,98.0
6775904,218.0
6782336,113.0
6784384,168.0
6784768,207.0
6785888,205.0
6785984,233.0
6787584,171.0
6787648,218.0
6789312,166.0
6789408,201.0
6789728,198.0
6790560,185.0
6791808,246.0
6794880,173.0
6796832,156.0
6800128,133.0
6801696,139.0
6802912,99.0
6804064,189.0
6804320,186.0
6804352,179.0
6807808,190.0
6808576,185.0
6808928,120.0
6808992,183.0
6812960,202.0
6814944,169.0
6815808,114.0
6816544,193.0
6817696,136.0
6817792,251.0
6818496,172.0
6819168,192.0
6819360,56.0
6819680,209.0
6820160,105.0
6823712,189.0
6824384,169.0
6826080,261.0
6826496,106.0
6826592,125.0
6828480,183.0
6829664,193.0
6834400,185.0
6837120,223.0
6837248,195.0
6839872,200.0
6840192,210.0
6841248,213.0
6841440,222.0
6842976,182.0
6845088,142.0
6846752,195.0
6847328,194.0
6848448,166.0
6848928,280.0
6850720,181.0
6855328,267.0
6856064,226.0
6856288,212.0
6858816,195.0
6859136,241.0
6860096,200.0
6860416,193.0
6860480,211.0
6866944,187.0
6867904,320.0
6868992,129.0
6870464,184.0
6873120,168.0
6875872,179.0
6876192,171.0
6876224,206.0
6876448,155.0
6877408,122.0
6878880,191.0
6879424,204.0
6879968,117.0
6880672,156.0
6883360,193.0
6883488,204.0
6884768,198.0
6887648,207.0
6888544,157.0
6888864,197.0
6891296,119.0
6892288,273.0
6892864,162.0
6893536,288.0
6894720,236.0
6895136,218.0
6898592,104.0
6899008,156.0
6899328,130.0
6899648,267.0
6900384,440.0
6900864,134.0
6901024,214.0
6901120,207.0
6901280,128.0
6901376,184.0
6901472,152.0
6901792,166.0
6902016,97.0
6905376,178.0
6906432,220.0
6906624,143.0
6908928,200.0
6910080,107.0
6911040,124.0
6911712,183.0
6913088,223.0
6913728,110.0
6916480,166.0
6917536,178.0
6918848,220.0
6918848,296.0
6920512,211.0
6922624,291.0
6923584,141.0
6923840,213.0
6924896,173.0
6928576,185.0
6930048,175.0
6930272,124.0
6930304,185.0
6931424,248.0
6933184,174.0
6933856,224.0
6934208,169.0
6935520,197.0
6937856,218.0
6939840,179.0
6943136,405.0
6943712,99.0
6944192,197.0
6945280,200.0
6945632,113.0
6946656,267.0
6946976,194.0
6948736,107.0
6949952,194.0
6950112,202.0
6950336,201.0
6952000,170.0
6956608,225.0
6958112,190.0
6958240,152.0
6958816,163.0
6960128,189.0
6960256,109.0
6963136,183.0
6964256,231.0
6964320,159.0
6965824,83.0
6966016,125.0
6967200,213.0
6967488,203.0
6969024,204.0
6969056,205.0
6972192,218.0
6973280,91.0
6973728,246.0
6973888,101.0
6974560,157.0
6975072,180.0
6976928,200.0
6978496,197.0
6979680,199.0
6980832,239.0
6981280,297.0
6982560,117.0
6983072,185.0
6983104,114.0
6989952,474.0
6990784,158.0
6992160,198.0
6993088,86.0
6993280,249.0
6995936,169.0
6996416,112.0
6998080,222.0
6999552,138.0
6999616,201.0
7001632,215.0
7002528,198.0
7003520,295.0
7003648,163.0
7004000,212.0
7007040,209.0
7008928,198.0
7009760,152.0
7010112,188.0
7011744,139.0
7013920,125.0
7014944,99.0
7015008,186.0
7018144,203.0
7019168,196.0
7019616,234.0
7022400,232.0
7022688,99.0
7023328,188.0
7024032,191.0
7024480,91.0
7024544,153.0
7024992,181.0
7026592,198.0
7028704,252.0
7029088,127.0
7030080,191.0
7032000,180.0
7032192,174.0
7034080,242.0
7035232,160.0
7035328,185.0
7036096,228.0
7036288,164.0
7037696,244.0
7038080,189.0
7038944,158.0
7040288,124.0
7040416,206.0
7041216,183.0
7042880,161.0
7043296,251.0
7045312,154.0
7046272,164.0
7046304,178.0
7048000,199.0
7048096,123.0
7051840,123.0
7052672,307.0
7052800,203.0
7053984,225.0
7054240,169.0
7056096,190.0
7057472,175.0
7058528,356.0
7059328,185.0
7059744,244.0
7059904,163.0
7060032,235.0
7060064,181.0
7062080,212.0
7062272,126.0
7062464,225.0
7064640,219.0
7067392,153.0
7067584,235.0
7068096,178.0
7068736,209.0
7070176,252.0
7070272,176.0
7071840,222.0
7071968,120.0
7075136,84.0
7081216,188.0
7081376,165.0
7081664,205.0
7085856,146.0
7086144,214.0
7086272,103.0
7086688,171.0
7087008,180.0
7088288,133.0
7088832,224.0
7089920,223.0
7089984,201.0
7090816,182.0
7091648,167.0
7094240,134.0
7094240,225.0
7095968,197.0
7098368,78.0
7100320,155.0
7101536,165.0
7102784,181.0
7103200,139.0
7103232,169.0
7105216,124.0
7105728,238.0
7106176,198.0
7108736,221.0
7108800,146.0
7109472,202.0
7111616,182.0
7112224,202.0
7112288,172.0
7113216,197.0
7116896,171.0
7117440,125.0
7120480,191.0
7121472,113.0
7122496,225.0
7122528,175.0
7124064,150.0
7124096,200.0
7125760,197.0
7127584,191.0
7128960,223.0
7129440,173.0
7131008,216.0
7131328,201.0
7132128,135.0
7132384,104.0
7133152,214.0
7133856,293.0
7135328,161.0
7135712,202.0
7139392,205.0
7140096,259.0
7141824,184.0
7142432,239.0
7142528,101.0
7143328,191.0
7145152,205.0
7145184,295.0
7145472,189.0
7146368,274.0
7147968,262.0
7150432,91.0
7150816,176.0
7151872,185.0
7153408,207.0
7153504,201.0
7155264,111.0
7156512,229.0
7157024,109.0
7157312,169.0
7158656,207.0
7159808,153.0
7159968,104.0
7160512,137.0
7160960,232.0
7163488,147.0
7165696,185.0
7168320,213.0
7169504,189.0
7169824,197.0
7170304,88.0
7171200,183.0
7174656,256.0
7175968,171.0
7176192,169.0
7177280,217.0
7178016,188.0
7179072,178.0
7179712,413.0
7182240,159.0
7184896,117.0
7185408,167.0
7186560,206.0
7188192,202.0
7189216,217.0
7190176,220.0
7190784,159.0
7190944,167.0
7193184,155.0
7193856,227.0
7194976,153.0
7195808,130.0
7196096,160.0
7197184,173.0
7200160,174.0
7201536,147.0
7201664,174.0
7202016,184.0
7206176,204.0
7208320,232.0
7209152,248.0
7209472,212.0
7209824,185.0
7211712,182.0
7213696,167.0
7213952,212.0
7216544,209.0
7218016,180.0
7220416,173.0
7222176,128.0
7222816,184.0
7226432,134.0
7226528,155.0
7227104,248.0
7230176,181.0
7232064,193.0
7232768,185.0
7233536,201.0
7233984,86.0
7234240,243.0
7236224,186.0
7236448,190.0
7236640,186.0
7237600,169.0
7238848,236.0
7240288,206.0
7244448,164.0
7244704,198.0
7246816,221.0
7250208,213.0
7250368,217.0
7250560,182.0
7251328,199.0
7251840,103.0
7252352,135.0
7256896,139.0
7257184,166.0
7257504,132.0
7258304,217.0
7258624,195.0
7259008,175.0
7259392,158.0
7259520,126.0
7261152,206.0
7261216,197.0
7261504,175.0
7263392,185.0
7263584,164.0
7264096,152.0
7264544,219.0
7265152,173.0
7265728,209.0
7266304,239.0
7267968,169.0
7268320,155.0
7268384,121.0
7269408,216.0
7271232,90.0
7271872,198.0
7272640,197.0
7272672,120.0
7274496,195.0
7274688,112.0
7275392,454.0
7275520,237.0
7276480,143.0
7280736,166.0
7280864,184.0
7281792,197.0
7281920,158.0
7283008,203.0
7286016,154.0
7287808,226.0
7288096,225.0
7289312,211.0
7289792,194.0
7291744,166.0
7293088,153.0
7293600,212.0
7297760,247.0
7297888,119.0
7297952,162.0
7299264,167.0
7300704,190.0
7301760,79.0
7303584,193.0
7306464,130.0
7306656,203.0
7307392,205.0
7307872,189.0
7307936,155.0
7310208,158.0
7310656,191.0
7312320,185.0
7312384,176.0
7312576,135.0
7313824,181.0
7313888,168.0
7317344,160.0
7319808,173.0
7320096,195.0
7320288,211.0
7320448,204.0
7320864,213.0
7323840,207.0
7324544,158.0
7325440,174.0
7325728,184.0
7327584,186.0
7329440,109.0
7330432,97.0
7330656,227.0
7331104,146.0
7331520,180.0
7331680,211.0
7331872,133.0
7332800,242.0
7332960,180.0
7335520,184.0
7336384,149.0
7337088,186.0
7338144,207.0
7339136,232.0
7342432,168.0
7342880,214.0
7348544,167.0
7348832,126.0
7351552,175.0
7352960,206.0
7353088,177.0
7353824,92.0
7353856,147.0
7354272,182.0
7354304,179.0
7354528,111.0
7354944,190.0
7354976,246.0
7356480,206.0
7356800,284.0
7357152,174.0
7358496,222.0
7358656,174.0
7359360,157.0
7361088,190.0
7361312,211.0
7361792,213.0
7363360,259.0
7363744,164.0
7365984,127.0
7366080,191.0
7367008,207.0
7367168,144.0
7367744,99.0
7369024,196.0
7369536,180.0
7369728,183.0
7371360,164.0
7371680,177.0
7372640,207.0
7373408,176.0
7375392,182.0
7375456,239.0
7377536,211.0
7381408,206.0
7381408,202.0
7381760,241.0
7382016,204.0
7383008,161.0
7383840,190.0
7384064,170.0
7384064,188.0
7384480,198.0
7385952,194.0
7386720,211.0
7388544,439.0
7389984,246.0
7392672,181.0
7393440,200.0
7395936,166.0
7396160,173.0
7396288,111.0
7397792,217.0
7398080,150.0
7399488,226.0
7400832,432.0
7400896,228.0
7401248,164.0
7401344,169.0
7403040,220.0
7403680,219.0
7403744,185.0
7403840,204.0
7403872,236.0
7406368,214.0
7407680,176.0
7409184,94.0
7409792,172.0
7416128,216.0
7417856,225.0
7419296,191.0
7422080,170.0
7422368,194.0
7423328,198.0
7424384,176.0
7425056,103.0
7425312,190.0
7425920,203.0
7426656,103.0
7428288,196.0
7430080,166.0
7431008,255.0
7433472,116.0
7433760,121.0
7435616,219.0
7437952,189.0
7439104,175.0
7443104,194.0
7443264,176.0
7447328,266.0
7448864,221.0
7452480,119.0
7452512,193.0
7455200,199.0
7455296,108.0
7455360,202.0
7455776,219.0
7457984,220.0
7458400,161.0
7461856,167.0
7461952,245.0
7462016,207.0
7462912,190.0
7463456,239.0
7463840,188.0
7464352,216.0
7464512,198.0
7465152,235.0
7465632,158.0
7465952,177.0
7470080,173.0
7470560,87.0
7473664,180.0
7474432,160.0
7475456,171.0
7475904,154.0
7476480,234.0
7476896,180.0
7483488,171.0
7486016,173.0
7486240,189.0
7486560,84.0
7486624,202.0
7487776,192.0
7488448,179.0
7489088,175.0
7489216,189.0
7489472,216.0
7489696,205.0
7491616,116.0
7491744,91.0
7491968,178.0
7493632,229.0
7493920,184.0
7494272,226.0
7494496,218.0
7494848,175.0
7497280,192.0
7497408,191.0
7499584,248.0
7499776,163.0
7501600,117.0
7501920,220.0
7502112,194.0
7502336,109.0
7504480,162.0
7504960,144.0
7506176,199.0
7506848,142.0
7509664,402.0
7511360,201.0
7512000,178.0
7513280,192.0
7513504,146.0
7516608,118.0
7517920,174.0
7520992,233.0
7521472,178.0
7523424,122.0
7524128,223.0
7526656,169.0
7527072,189.0
7529184,198.0
7529536,200.0
7530720,203.0
7531424,135.0
7533888,107.0
7534944,398.0
7535776,135.0
7535936,172.0
7541792,218.0
7543040,206.0
7544704,203.0
7545856,207.0
7546560,82.0
7546560,167.0
7547616,105.0
7548096,180.0
7548384,183.0
7549408,187.0
7551296,204.0
7551328,211.0
7556576,211.0
7557440,190.0
7558016,191.0
7559136,157.0
7560032,187.0
7560576,220.0
7562208,161.0
7562272,205.0
7563616,186.0
7563840,191.0
7565536,194.0
7567200,155.0
7570272,107.0
7570432,205.0
7573920,154.0
7574496,169.0
7575072,93.0
7575200,95.0
7576128,209.0
7577664,225.0
7577824,204.0
7578880,163.0
7580224,151.0
7582016,224.0
7582272,197.0
7583392,115.0
7584480,131.0
7586816,205.0
7587776,126.0
7587936,87.0
7588608,151.0
7590976,180.0
7592768,232.0
7593792,111.0
7595072,222.0
7595104,132.0
7595840,86.0
7596416,222.0
7598272,186.0
7603936,176.0
7604256,150.0
7606240,206.0
7606400,121.0
7608064,211.0
7610272,206.0
7610592,177.0
7611360,188.0
7611552,237.0
7612416,164.0
7613152,234.0
7613472,51.0
7613504,194.0
7614944,207.0
7615520,132.0
7616128,156.0
7616448,261.0
7616640,194.0
7617600,194.0
7617728,197.0
7617984,211.0
7622400,162.0
7623936,207.0
7624576,213.0
7625280,143.0
7626208,235.0
7626464,126.0
7626912,180.0
7628640,103.0
7629472,208.0
7631680,215.0
7632736,181.0
7633440,226.0
7636256,238.0
7636384,279.0
7637696,215.0
7639392,153.0
7640288,177.0
7644000,176.0
7644544,184.0
7644928,172.0
7645376,239.0
7645376,185.0
7646272,167.0
7646560,150.0
7648096,206.0
7654112,220.0
7654624,180.0
7657568,234.0
7665056,170.0
7665728,183.0
7666112,199.0
7668288,203.0
7668576,197.0
7668672,188.0
7669888,220.0
7672320,193.0
7673408,148.0
7676480,111.0
7678048,219.0
7680544,174.0
7682016,200.0
7686816,186.0
7687136,278.0
7687616,220.0
7688032,169.0
7690496,159.0
7690912,211.0
7691040,100.0
7691264,115.0
7691552,197.0
7691904,158.0
7692224,234.0
7694176,114.0
7696832,119.0
7697248,196.0
7698400,91.0
7698912,173.0
7701152,183.0
7702016,99.0
7704768,122.0
7705504,86.0
7705728,296.0
7706624,192.0
7707328,158.0
7707712,116.0
7708640,214.0
7708768,207.0
7709920,185.0
7712032,178.0
7712096,217.0
7713088,159.0
7713504,211.0
7713984,175.0
7714112,210.0
7714784,161.0
7715264,210.0
7717376,164.0
7717536,169.0
7717632,174.0
7718528,100.0
7721248,156.0
7723488,286.0
7723776,103.0
7725600,219.0
7727264,190.0
7729152,200.0
7729344,173.0
7729536,172.0
7731488,190.0
7733632,144.0
7734944,220.0
7736064,167.0
7736480,145.0
7736832,227.0
7737184,180.0
7738400,112.0
7739168,168.0
7739712,135.0
7741280,218.0
7746080,196.0
7746240,192.0
7748256,185.0
7753408,224.0
7755296,198.0
7758336,167.0
7759360,153.0
7759584,200.0
7762592,105.0
7763328,116.0
7763872,183.0
7764736,310.0
7767392,225.0
7767744,172.0
7768224,175.0
7769760,118.0
7769824,202.0
7770592,195.0
7771456,213.0
7771488,201.0
7772320,142.0
7772448,205.0
7775008,119.0
7775488,101.0
7776896,90.0
7780480,188.0
7782528,173.0
7784256,183.0
7786208,172.0
7787648,212.0
7794048,433.0
7797440,177.0
7797760,155.0
7798400,244.0
7799200,160.0
7800672,90.0
7804992,91.0
7805056,193.0
7805280,161.0
7806816,416.0
7807136,252.0
7808704,117.0
7809312,201.0
7811008,181.0
7811648,214.0
7812608,235.0
7812672,168.0
7813056,281.0
7813216,199.0
7813344,193.0
7814112,227.0
7814624,165.0
7815744,148.0
7815936,194.0
7816960,198.0
7819008,194.0
7820544,186.0
7821312,173.0
7822016,202.0
7822144,208.0
7824704,212.0
7824992,278.0
7825760,231.0
7826496,191.0
7829600,177.0
7830112,167.0
7831520,197.0
7832352,170.0
7835392,208.0
7835808,177.0
7836480,295.0
7838016,108.0
7838112,201.0
7845760,196.0
7846272,412.0
7848480,210.0
7848768,220.0
7849216,177.0
7849632,202.0
7849824,126.0
7850528,131.0
7853056,176.0
7853664,230.0
7853664,191.0
7855104,93.0
7855200,176.0
7855648,200.0
7856864,182.0
7859104,169.0
7860096,215.0
7860640,172.0
7861280,194.0
7861664,202.0
7863840,188.0
7867680,86.0
7867680,130.0
7868480,183.0
7868480,177.0
7870336,124.0
7870976,157.0
7872832,117.0
7873344,179.0
7874464,123.0
7874816,155.0
7875488,179.0
7876320,201.0
7878784,171.0
7879328,119.0
7879648,212.0
7879808,165.0
7880416,191.0
7881184,202.0
7883136,237.0
7886048,194.0
7887360,192.0
7890176,128.0
7890720,197.0
7891712,278.0
7892800,214.0
7894016,149.0
7894848,197.0
7894912,124.0
7898304,84.0
7899360,241.0
7902688,167.0
7903776,242.0
7904320,192.0
7906496,231.0
7908160,119.0
7908704,199.0
7909824,179.0
7911424,181.0
7911712,215.0
7912512,198.0
7914272,130.0
7917792,189.0
7921568,203.0
7921664,199.0
7922336,141.0
7923264,211.0
7923744,202.0
7925248,99.0
7925280,196.0
7925600,199.0
7926848,111.0
7927680,191.0
7929824,109.0
7930048,216.0
7931648,206.0
7931904,198.0
7932160,194.0
7934880,224.0
7935808,93.0
7936096,173.0
7936448,185.0
7939360,195.0
7940512,201.0
7941632,210.0
7944256,168.0
7944768,200.0
7945984,101.0
7946176,212.0
7947616,186.0
7948000,168.0
7949984,165.0
7953984,198.0
7957440,141.0
7957632,194.0
7957696,221.0
7958112,232.0
7958400,171.0
7958528,205.0
7961792,200.0
7962624,176.0
7962656,223.0
7963840,165.0
7964576,169.0
7964800,151.0
7968160,218.0
7968288,115.0
7969440,210.0
7970080,180.0
7971520,193.0
7972512,154.0
7972704,216.0
7972768,159.0
7973760,97.0
7974208,188.0
7975040,244.0
7975520,204.0
7976576,346.0
7976832,210.0
7977632,176.0
7978048,192.0
7979936,178.0
7984064,202.0
7984288,191.0
7984864,188.0
7986080,248.0
7986496,108.0
7987904,216.0
7987936,194.0
7988576,113.0
7989472,181.0
7990336,170.0
7990784,158.0
7991360,172.0
7991904,129.0
7992640,204.0
7993376,165.0
7993728,185.0
7993728,114.0
7995712,167.0
7995776,197.0
8001184,170.0
8002816,219.0
8005024,191.0
8006016,176.0
8007488,203.0
8007872,189.0
8008320,119.0
8011008,182.0
8011328,196.0
8011456,185.0
8012448,164.0
8012480,301.0
8014048,183.0
8014656,177.0
8018752,125.0
8019616,173.0
8023552,192.0
8023648,125.0
8023648,187.0
8025760,244.0
8025856,177.0
8025984,225.0
8026176,102.0
8026368,255.0
8027936,289.0
8028768,159.0
8029984,174.0
8032064,241.0
8034048,210.0
8034176,225.0
8035136,191.0
8035584,107.0
8036288,179.0
8037280,152.0
8039424,181.0
8039616,139.0
8039744,314.0
8040928,132.0
8041184,205.0
8043296,198.0
8045408,186.0
8045664,177.0
8046112,219.0
8046208,233.0
8046688,205.0
8047904,212.0
8048448,81.0
8048928,87.0
8049376,112.0
8050240,108.0
8051264,210.0
8051392,118.0
8051712,150.0
8052416,123.0
8055072,183.0
8055104,156.0
8055136,179.0
8056096,223.0
8056288,215.0
8056704,317.0
8057024,170.0
8057472,193.0
8058368,220.0
8061792,174.0
8062240,274.0
8063072,260.0
8064864,104.0
8065216,266.0
8066208,98.0
8066784,236.0
8066976,103.0
8067296,123.0
8067520,194.0
8067552,117.0
8069344,218.0
8071648,145.0
8073216,118.0
8075296,175.0
8077408,179.0
8077568,177.0
8079008,180.0
8081216,199.0
8083584,215.0
8084288,227.0
8085856,202.0
8086464,186.0
8086784,186.0
8088256,179.0
8089120,150.0
8090816,172.0
8091712,87.0
8093536,220.0
8093600,240.0
8095008,213.0
8095648,90.0
8097760,195.0
8097760,167.0
8098656,224.0
8100032,98.0
8100160,273.0
8100384,188.0
8101216,193.0
8103136,306.0
8103776,174.0
8106880,202.0
8108032,212.0
8108416,208.0
8108416,284.0
8108544,242.0
8109952,199.0
8112544,189.0
8112736,134.0
8112896,176.0
8117024,268.0
8117376,220.0
8117856,217.0
8118400,456.0
8123328,187.0
8123360,209.0
8123744,152.0
8124032,207.0
8127552,210.0
8130400,169.0
8130880,195.0
8132928,197.0
8133472,184.0
8134656,228.0
8135104,181.0
8135808,168.0
8137536,188.0
8137760,206.0
8138656,343.0
8139968,202.0
8140576,233.0
8142176,131.0
8143680,96.0
8146432,105.0
8147104,384.0
8148320,191.0
8149632,162.0
8151584,138.0
8151776,210.0
8152128,185.0
8152672,176.0
8155904,219.0
8156608,248.0
8156640,151.0
8158560,143.0
8161888,159.0
8165088,204.0
8165376,113.0
8165856,98.0
8171392,97.0
8171424,95.0
8171520,191.0
8171968,228.0
8174112,155.0
8177344,180.0
8182880,125.0
8183584,176.0
8185472,232.0
8186304,171.0
8189088,209.0
8189920,180.0
8193440,223.0
8194464,166.0
8197056,194.0
8197856,205.0
8198240,178.0
8199968,191.0
8200000,183.0
8202240,340.0
8203008,181.0
8206112,168.0
8209600,205.0
8210560,207.0
8213632,125.0
8215744,188.0
8217728,223.0
8218624,182.0
8219136,188.0
8219648,191.0
8219648,177.0
8223232,135.0
8223968,171.0
8224704,196.0
8225952,207.0
8227200,107.0
8232864,150.0
8233600,148.0
8235040,163.0
8236832,215.0
8236832,114.0
8237696,183.0
8239328,201.0
8239456,191.0
8239584,300.0
8240000,401.0
8240128,206.0
8241664,123.0
8241760,181.0
8242624,198.0
8242720,183.0
8243296,223.0
8244096,138.0
8245024,220.0
8245600,174.0
8245824,173.0
8248288,152.0
8249216,99.0
8249984,189.0
8250752,97.0
8250880,182.0
8254976,201.0
8256576,221.0
8257440,252.0
8259744,198.0
8259968,224.0
8260288,142.0
8260416,181.0
8260608,144.0
8260928,210.0
8261088,204.0
8261568,434.0
8262592,150.0
8263904,178.0
8264384,197.0
8267840,188.0
8269696,135.0
8269728,184.0
8270048,186.0
8270944,204.0
8270944,96.0
8272192,198.0
8272608,500.0
8274048,162.0
8274528,172.0
8275680,128.0
8275712,193.0
8276544,208.0
8276608,215.0
8276672,138.0
8276992,205.0
8278688,141.0
8280192,221.0
8282144,182.0
8282912,193.0
8283552,193.0
8284320,202.0
8284768,144.0
8284864,200.0
8285856,199.0
8289472,112.0
8291296,224.0
8291392,89.0
8291616,186.0
8292352,196.0
8292576,176.0
8298080,146.0
8298336,120.0
8298880,203.0
8299232,193.0
8302240,231.0
8303136,218.0
8303232,340.0
8303360,177.0
8303712,219.0
8303808,205.0
8304576,185.0
8309088,212.0
8310080,198.0
8310368,262.0
8312896,187.0
8313568,185.0
8315200,199.0
8315264,174.0
8315328,154.0
8316160,189.0
8316224,108.0
8319680,190.0
8321312,191.0
8325056,214.0
8326432,175.0
8327392,175.0
8329408,237.0
8330912,350.0
8330912,124.0
8331072,188.0
8332992,235.0
8335136,153.0
8335200,217.0
8340128,192.0
8341152,181.0
8343264,202.0
8343328,160.0
8343712,228.0
8345536,201.0
8346592,203.0
8346592,226.0
8346816,209.0
8349120,182.0
8349280,321.0
8349280,121.0
8349600,107.0
8350912,217.0
8352608,180.0
8356192,167.0
8358144,172.0
8358208,123.0
8358368,210.0
8360032,175.0
8360480,276.0
8362240,175.0
8362880,190.0
8364800,203.0
8364992,233.0
8365792,205.0
8366912,95.0
8368992,249.0
8370560,163.0
8370624,285.0
8371232,256.0
8373856,170.0
8374976,135.0
8375136,215.0
8375296,162.0
8376000,176.0
8376544,80.0
8379104,259.0
8379648,146.0
8381504,206.0
8381664,178.0
8382400,197.0
8382752,223.0
8386656,179.0
8387040,192.0
8387360,182.0
8387392,202.0
8387744,236.0
8389056,196.0
8389824,114.0
8391616,161.0
8392864,193.0
8392864,218.0
8395296,221.0
8397408,178.0
8399936,198.0
8400000,201.0
8401152,209.0
8401248,185.0
8403104,208.0
8403488,228.0
8403680,218.0
8404672,191.0
8405632,177.0
8406080,267.0
8406880,205.0
8409376,195.0
8409792,143.0
8411424,210.0
8411744,143.0
8417056,177.0
8417760,187.0
8417792,198.0
8418688,254.0
8419680,178.0
8420128,179.0
8421696,144.0
8421856,139.0
8422048,203.0
8422976,209.0
8426432,209.0
8426720,188.0
8427808,153.0
8428096,329.0
8428704,199.0
8429312,180.0
8431872,187.0
8433376,207.0
8435680,181.0
8435936,158.0
8438368,211.0
8439104,183.0
8440672,227.0
8441312,207.0
8442400,500.0
8443232,198.0
8443360,231.0
8444576,216.0
8445312,203.0
8445920,121.0
8450848,175.0
8451456,174.0
8451808,202.0
8454016,196.0
8454080,175.0
8455680,163.0
8458528,138.0
8458624,170.0
8458656,89.0
8458880,184.0
8459328,187.0
8459872,209.0
8463808,172.0
8463872,176.0
8464864,163.0
8464864,193.0
8464960,200.0
8466912,175.0
8467072,246.0
8468672,205.0
8470528,199.0
8472832,163.0
8472928,286.0
8474784,165.0
8476576,174.0
8476768,160.0
8476928,312.0
8477472,200.0
8478656,201.0
8479072,196.0
8479840,215.0
8480576,182.0
8480736,185.0
8481184,217.0
8482144,138.0
8482304,100.0
8483456,104.0
8484000,204.0
8484480,152.0
8486336,147.0
8487296,92.0
8487488,133.0
8487744,101.0
8492352,187.0
8495104,202.0
8495424,171.0
8496384,277.0
8497248,198.0
8497344,227.0
8498336,160.0
8499872,209.0
8500768,274.0
8501024,206.0
8501792,142.0
8503424,175.0
8503840,122.0
8503904,185.0
8504608,208.0
8505024,160.0
8506336,173.0
8507456,248.0
8508608,150.0
8508736,115.0
8510816,215.0
8514752,206.0
8515552,216.0
8515936,183.0
8516256,166.0
8517600,185.0
8517760,100.0
8518176,205.0
8521312,203.0
8521664,190.0
8522656,81.0
8523680,167.0
8523936,86.0
8524800,229.0
8525024,186.0
8525152,179.0
8526656,122.0
8527520,219.0
8530560,206.0
8530688,281.0
8531200,284.0
8534656,183.0
8534816,89.0
8535648,85.0
8536320,196.0
8537216,207.0
8537312,117.0
8539200,194.0
8540352,176.0
8540448,97.0
8546176,205.0
8546240,201.0
8548224,210.0
8548800,217.0
8549952,115.0
8550944,243.0
8551552,140.0
8553056,160.0
8553696,251.0
8555168,235.0
8556800,205.0
8557120,144.0
8558400,135.0
8558784,294.0
8558784,198.0
8559232,192.0
8561952,211.0
8562432,125.0
8564384,221.0
8568640,197.0
8570592,122.0
8570624,139.0
8570848,208.0
8570912,279.0
8571968,231.0
8574944,196.0
8575680,185.0
8576000,175.0
8576768,103.0
8577984,199.0
8579232,195.0
8581120,195.0
8583456,214.0
8583680,177.0
8583744,217.0
8584224,208.0
8585024,234.0
8589888,104.0
8589888,187.0
8590016,179.0
8590400,217.0
8591008,226.0
8592992,248.0
8594240,172.0
8596160,191.0
8599008,120.0
8603168,390.0
8603232,174.0
8604864,182.0
8605152,221.0
8607232,114.0
8607584,156.0
8613088,383.0
8613760,215.0
8614848,237.0
8615712,229.0
8617568,178.0
8617920,149.0
8618272,263.0
8619072,443.0
8620544,174.0
8622272,193.0
8623008,158.0
8623968,177.0
8624000,200.0
8624544,179.0
8626240,133.0
8626848,234.0
8627136,98.0
8629792,197.0
8629856,90.0
8630240,188.0
8630528,105.0
8633024,189.0
8636128,289.0
8638592,194.0
8639168,191.0
8639648,103.0
8639872,167.0
8640160,89.0
8640704,187.0
8642432,190.0
8643072,193.0
8644608,187.0
8644960,173.0
8645568,177.0
8645632,178.0
8650880,184.0
8651296,162.0
8651872,200.0
8653568,227.0
8654176,151.0
8654240,181.0
8657056,201.0
8659456,188.0
8662912,159.0
8663264,198.0
8663584,170.0
8663616,204.0
8666112,108.0
8667424,161.0
8668928,190.0
8669120,142.0
8669568,170.0
8669664,210.0
8671968,200.0
8673056,216.0
8673344,304.0
8673920,186.0
8674336,195.0
8675296,192.0
8678304,277.0
8680416,159.0
8681952,201.0
8682592,187.0
8682752,95.0
8683040,193.0
8683808,179.0
8684224,223.0
8684992,159.0
8685856,128.0
8686816,173.0
8688128,99.0
8688928,112.0
8689632,211.0
8691392,99.0
8691968,206.0
8693408,241.0
8694304,185.0
8694656,195.0
8695104,215.0
8697024,212.0
8697632,155.0
8698656,123.0
8698880,215.0
8700192,99.0
8700672,282.0
8702400,167.0
8702976,178.0
8703168,145.0
8704704,118.0
8704704,188.0
8705408,203.0
8706624,166.0
8709408,194.0
8710432,188.0
8710784,214.0
8711008,192.0
8712576,185.0
8713248,195.0
8714016,100.0
8715104,241.0
8717792,190.0
8718144,188.0
8718624,93.0
8719168,207.0
8719488,222.0
8719872,206.0
8721856,157.0
8722496,97.0
8723680,200.0
8724544,155.0
8725024,185.0
8728352,218.0
8728704,161.0
8732224,155.0
8732800,163.0
8734944,205.0
8735040,114.0
8735136,113.0
8737472,220.0
8739808,202.0
8741472,121.0
8741632,226.0
8743264,180.0
8745376,90.0
8746656,164.0
8748224,251.0
8748480,207.0
8748704,213.0
8749344,200.0
8751072,177.0
8751744,154.0
8751840,160.0
8752928,128.0
8754112,238.0
8756448,248.0
8757472,196.0
8758560,138.0
8758752,218.0
8760160,162.0
8760448,99.0
8764960,174.0
8769056,196.0
8770208,95.0
8770368,231.0
8771360,171.0
8771936,81.0
8775296,185.0
8776192,186.0
8777024,164.0
8777760,219.0
8778816,218.0
8779296,197.0
8781152,182.0
8782400,237.0
8782688,120.0
8783680,198.0
8784448,210.0
8786080,183.0
8787200,120.0
8787968,173.0
8788416,227.0
8789504,183.0
8791264,200.0
8792352,92.0
8795584,188.0
8797120,226.0
8798080,174.0
8798304,185.0
8798688,154.0
8799360,82.0
8800096,172.0
8800480,175.0
8800512,172.0
8800608,123.0
8802560,169.0
8803264,193.0
8803488,95.0
8803776,140.0
8808032,148.0
8808288,163.0
8808544,172.0
8809248,172.0
8809344,93.0
8809728,309.0
8809984,202.0
8811232,181.0
8812160,205.0
8812544,132.0
8812832,154.0
8813888,166.0
8814144,152.0
8814368,207.0
8814816,167.0
8815520,195.0
8819488,216.0
8825920,152.0
8826560,118.0
8826880,344.0
8828352,204.0
8829408,254.0
8830336,213.0
8831296,178.0
8832480,126.0
8832512,175.0
8834816,206.0
8836960,173.0
8837248,277.0
8837248,115.0
8837664,212.0
8838112,161.0
8839360,199.0
8839808,191.0
8840736,206.0
8842656,188.0
8842688,171.0
8842720,174.0
8842752,202.0
8842848,199.0
8844672,165.0
8847712,144.0
8848160,202.0
8849152,201.0
8849280,200.0
8849472,193.0
8851104,167.0
8852416,169.0
8852448,103.0
8853152,124.0
8853952,192.0
8855168,232.0
8858912,132.0
8859328,250.0
8861120,224.0
8861344,197.0
8861376,172.0
8861440,203.0
8862016,165.0
8862048,219.0
8864192,153.0
8864288,179.0
8864960,146.0
8865568,194.0
8865920,211.0
8866944,173.0
8867008,129.0
8868064,187.0
8868320,92.0
8870592,216.0
8872224,162.0
8872352,87.0
8872384,255.0
8872832,165.0
8873344,197.0
8877376,230.0
8877408,212.0
8880352,250.0
8880896,119.0
8881120,188.0
8883616,176.0
8886528,168.0
8887328,200.0
8888192,213.0
8888800,212.0
8889728,225.0
8889728,207.0
8889920,251.0
8890336,202.0
8890496,216.0
8890880,238.0
8891168,291.0
8891424,127.0
8895808,189.0
8896832,259.0
8897568,211.0
8898208,96.0
8898304,180.0
8898816,134.0
8898944,281.0
8899296,193.0
8900352,228.0
8900928,195.0
8902304,202.0
8903456,140.0
8906816,194.0
8908384,181.0
8908544,167.0
8909440,190.0
8909728,89.0
8910560,227.0
8912064,223.0
8912288,120.0
8912896,189.0
8913440,220.0
8914688,185.0
8916992,200.0
8919584,205.0
8919616,203.0
8919808,205.0
8921376,208.0
8921568,204.0
8922912,218.0
8925376,184.0
8927424,156.0
8931648,241.0
8931936,189.0
8932128,180.0
8935232,193.0
8936128,149.0
8936960,156.0
8941952,153.0
8943936,378.0
8944096,178.0
8948544,243.0
8951616,180.0
8952992,249.0
8954016,239.0
8954144,168.0
8955168,139.0
8955648,221.0
8955904,152.0
8956288,139.0
8957600,149.0
8958336,177.0
8960384,231.0
8961472,196.0
8961568,184.0
8961952,176.0
8964320,164.0
8965504,167.0
8965632,129.0
8968512,176.0
8968576,209.0
8968928,104.0
8969152,126.0
8969440,100.0
8970816,107.0
8971904,234.0
8973344,149.0
8975264,197.0
8976000,204.0
8976832,200.0
8978144,92.0
8978912,126.0
8979648,120.0
8980320,187.0
8981664,159.0
8985728,102.0
8988480,288.0
8989312,95.0
8992512,87.0
8993216,173.0
8993792,222.0
8997024,140.0
8998080,304.0
8999488,195.0
9000000,217.0
9000800,165.0
9002496,229.0
9002720,431.0
9002944,378.0
9005760,97.0
9005888,159.0
9006048,170.0
9007232,85.0
9009696,224.0
9010752,214.0
9011520,162.0
9011776,187.0
9012128,166.0
9012704,207.0
9013216,209.0
9014912,200.0
9018976,420.0
9019488,244.0
9020096,171.0
9022208,227.0
9025088,193.0
9026368,195.0
9026432,185.0
9027456,163.0
9027520,124.0
9030112,234.0
9031008,213.0
9031520,231.0
9032128,179.0
9033504,208.0
9034336,228.0
9035360,183.0
9037280,195.0
9039488,222.0
9042016,197.0
9043136,165.0
9044384,223.0
9044960,175.0
9045504,112.0
9048480,201.0
9049632,156.0
9049888,231.0
9052096,205.0
9054912,173.0
9054944,225.0
9055008,128.0
9055776,176.0
9056224,197.0
9058944,208.0
9060256,207.0
9060896,185.0
9061280,213.0
9064736,279.0
9064992,93.0
9067904,157.0
9068320,196.0
9071360,151.0
9072064,168.0
9072768,145.0
9074848,88.0
9078688,184.0
9078976,170.0
9079008,256.0
9079136,160.0
9082592,215.0
9084256,163.0
9087744,174.0
9087936,201.0
9088096,165.0
9090336,171.0
9091904,190.0
9092640,133.0
9094144,170.0
9094528,162.0
9094912,193.0
9097536,218.0
9098656,184.0
9100320,199.0
9100800,167.0
9101184,173.0
9101344,225.0
9102528,203.0
9105088,176.0
9105248,121.0
9105664,224.0
9106272,185.0
9106432,253.0
9106560,193.0
9107776,207.0
9111680,246.0
9114080,145.0
9114944,172.0
9119200,103.0
9121120,244.0
9122496,263.0
9123680,216.0
9124064,143.0
9126016,189.0
9128576,163.0
9128608,182.0
9129760,186.0
9131520,227.0
9135136,180.0
9136864,180.0
9137440,194.0
9138816,251.0
9139488,159.0
9141792,168.0
9142176,219.0
9142656,220.0
9143040,204.0
9143264,176.0
9145888,199.0
9146944,184.0
9148896,183.0
9149120,189.0
9149440,110.0
9150176,184.0
9153024,181.0
9154624,128.0
9155648,177.0
9156288,84.0
9157696,194.0
9157792,204.0
9160064,204.0
9164000,213.0
9164736,219.0
9165696,189.0
9168224,187.0
9168416,217.0
9168544,198.0
9168864,217.0
9169152,184.0
9171040,210.0
9171392,162.0
9172064,152.0
9173312,174.0
9174752,164.0
9175072,168.0
9175520,207.0
9176352,195.0
9177088,222.0
9177408,176.0
9178400,218.0
9180640,176.0
9181184,191.0
9181920,150.0
9182752,111.0
9183520,217.0
9187648,222.0
9188768,187.0
9189888,347.0
9191904,180.0
9192064,155.0
9192672,203.0
9192960,161.0
9194784,173.0
9194912,166.0
9196416,224.0
9197472,230.0
9198144,98.0
9199168,242.0
9200224,219.0
9201376,205.0
9201632,209.0
9202272,125.0
9202592,161.0
9202816,198.0
9202816,205.0
9203264,169.0
9204352,172.0
9205216,195.0
9205280,175.0
9205504,500.0
9206336,259.0
9207232,175.0
9208320,138.0
9210720,202.0
9211328,143.0
9212032,212.0
9212064,106.0
9214464,161.0
9215200,174.0
9216192,245.0
9216800,261.0
9217216,128.0
9219488,133.0
9220096,155.0
9220256,186.0
9220512,260.0
9223456,194.0
9223872,108.0
9225696,189.0
9225952,174.0
9225984,347.0
9226048,167.0
9226176,126.0
9226400,195.0
9228096,95.0
9229248,287.0
9230368,180.0
9230816,148.0
9233216,186.0
9235200,137.0
9235232,196.0
9236480,190.0
9236608,215.0
9236672,211.0
9237504,222.0
9237888,172.0
9239296,146.0
9240384,162.0
9241792,204.0
9242336,178.0
9246176,113.0
9247936,155.0
9249472,252.0
9250176,262.0
9250752,107.0
9251584,134.0
9253248,179.0
9253760,177.0
9254304,181.0
9255936,201.0
9256320,385.0
9256512,153.0
9257216,175.0
9257248,202.0
9258752,190.0
9259872,190.0
9260160,192.0
9260480,198.0
9264160,108.0
9264800,180.0
9265120,258.0
9266240,106.0
9266240,116.0
9266560,195.0
9267744,134.0
9268384,199.0
9269312,160.0
9269440,183.0
9269536,202.0
9271424,262.0
9271776,105.0
9271840,191.0
9273536,232.0
9273728,187.0
9273984,189.0
9275168,182.0
9277760,164.0
9277888,170.0
9278112,192.0
9278400,204.0
9278688,97.0
9279008,172.0
9281184,163.0
9282848,213.0
9282848,114.0
9282976,181.0
9283360,106.0
9283872,240.0
9284736,178.0
9285376,197.0
9285760,152.0
9286048,151.0
9287456,218.0
9287936,249.0
9288960,131.0
9290432,143.0
9290464,192.0
9291616,211.0
9292352,205.0
9292704,217.0
9293824,105.0
9294240,203.0
9294688,210.0
9294816,172.0
9296832,162.0
9297920,233.0
9298080,182.0
9299488,211.0
9303392,121.0
9303520,195.0
9304608,208.0
9305920,162.0
9306944,231.0
9306944,217.0
9307328,196.0
9307392,216.0
9309824,205.0
9309920,178.0
9310976,198.0
9311648,355.0
9313024,205.0
9314016,177.0
9316544,106.0
9317632,186.0
9318304,194.0
9318336,124.0
9321600,176.0
9322208,191.0
9326400,198.0
9326496,151.0
9327008,206.0
9331040,210.0
9332544,191.0
9333408,163.0
9333568,168.0
9334592,192.0
9335744,135.0
9336864,239.0
9339264,328.0
9340992,199.0
9341024,182.0
9341824,201.0
9342144,266.0
9342720,200.0
9342944,199.0
9343072,118.0
9344544,238.0
9345600,272.0
9345824,183.0
9345984,220.0
9348128,154.0
9348384,169.0
9349056,105.0
9349408,208.0
9351232,168.0
9353440,124.0
9353760,228.0
9354944,199.0
9357408,109.0
9357472,147.0
9358624,198.0
9359392,156.0
9359808,188.0
9360224,241.0
9361888,85.0
9362208,111.0
9362528,174.0
9363456,381.0
9363808,137.0
9364160,190.0
9364544,201.0
9367680,211.0
9368160,194.0
9368224,177.0
9369408,224.0
9371360,212.0
9372288,88.0
9375776,180.0
9376800,229.0
9377024,176.0
9377024,166.0
9377984,91.0
9378336,227.0
9380256,184.0
9382880,163.0
9383264,205.0
9389152,134.0
9389696,128.0
9389696,222.0
9389728,178.0
9390368,190.0
9392608,170.0
9394848,178.0
9395744,146.0
9395904,177.0
9396000,233.0
9396128,174.0
9397600,206.0
9402464,201.0
9405024,199.0
9405280,111.0
9406656,170.0
9406976,214.0
9408288,174.0
9408576,183.0
9409280,132.0
9409568,162.0
9410464,129.0
9411040,111.0
9414016,157.0
9414208,171.0
9416032,234.0
9417216,188.0
9418368,221.0
9419360,229.0
9420576,178.0
9420960,165.0
9420960,165.0
9422272,117.0
9424160,160.0
9425056,242.0
9425408,191.0
9426144,200.0
9426176,190.0
9428480,185.0
9428608,139.0
9430496,169.0
9431136,162.0
9432448,202.0
9433248,221.0
9433664,206.0
9434720,158.0
9434784,196.0
9436032,215.0
9436384,194.0
9438144,180.0
9439616,206.0
9442784,211.0
9444928,109.0
9445248,205.0
9446048,175.0
9446400,155.0
9447168,150.0
9448352,212.0
9448736,118.0
9450560,161.0
9452064,171.0
9452128,141.0
9452416,100.0
9452768,217.0
9453056,85.0
9455296,176.0
9456256,108.0
9456928,173.0
9458432,167.0
9459008,221.0
9459264,222.0
9460832,164.0
9462208,150.0
9465184,174.0
9465312,109.0
9467200,219.0
9467392,113.0
9467456,185.0
9467488,136.0
9467840,181.0
9470912,217.0
9471104,101.0
9471552,198.0
9472960,177.0
9474592,222.0
9475680,228.0
9477408,209.0
9478880,148.0
9478880,164.0
9479104,199.0
9479328,190.0
9480096,211.0
9481536,249.0
9481600,218.0
9483456,270.0
9485280,169.0
9486624,142.0
9486880,163.0
9487840,260.0
9488960,166.0
9489536,147.0
9490528,163.0
9490816,136.0
9491776,151.0
9492864,121.0
9492864,181.0
9493088,191.0
9493248,248.0
9495328,180.0
9496096,96.0
9496896,125.0
9497376,173.0
9498112,186.0
9500160,143.0
9503040,100.0
9503424,188.0
9503680,105.0
9503968,166.0
9507360,172.0
9508704,176.0
9508768,166.0
9509472,283.0
9510496,255.0
9511072,168.0
9511744,135.0
9512128,228.0
9512992,139.0
9513216,182.0
9515744,188.0
9516416,227.0
9519520,203.0
9520960,173.0
9521856,201.0
9523136,237.0
9527936,107.0
9528096,194.0
9528320,198.0
9529440,196.0
9529568,210.0
9530240,188.0
9530592,223.0
9531264,250.0
9532416,155.0
9532544,208.0
9536768,170.0
9537600,197.0
9538112,172.0
9541408,148.0
9543200,132.0
9544320,213.0
9544320,290.0
9545344,190.0
9545472,263.0
9545856,252.0
9546080,172.0
9546464,176.0
9546784,187.0
9549376,201.0
9549568,236.0
9549696,116.0
9551232,160.0
9552032,120.0
9553120,196.0
9554720,255.0
9555072,177.0
9555104,185.0
9555136,218.0
9555616,143.0
9555680,173.0
9556672,174.0
9556928,118.0
9557248,108.0
9558432,104.0
9560160,139.0
9560992,182.0
9562144,227.0
9562784,147.0
9563008,198.0
9563168,114.0
9563552,196.0
9564480,113.0
9567200,137.0
9567616,206.0
9568000,185.0
9569152,118.0
9570656,194.0
9572192,164.0
9573888,183.0
9574112,211.0
9574848,206.0
9575872,207.0
9576288,222.0
9577728,205.0
9577920,189.0
9578816,232.0
9578848,199.0
9581312,155.0
9584576,213.0
9585504,250.0
9585600,211.0
9587072,163.0
9587168,201.0
9588416,340.0
9589216,270.0
9589984,177.0
9590432,104.0
9590848,117.0
9591040,189.0
9591456,88.0
9592064,203.0
9592928,118.0
9594432,175.0
9595456,193.0
9599072,170.0
9601440,186.0
9603776,98.0
9604224,185.0
9604512,197.0
9605408,191.0
9605728,164.0
9607072,175.0
9608256,313.0
9608352,198.0
9609152,105.0
9610784,167.0
9611200,218.0
9611264,104.0
9611872,120.0
9612768,190.0
9613728,169.0
9614848,200.0
9617376,171.0
9617504,209.0
9617664,170.0
9624448,76.0
9625024,205.0
9625440,186.0
9627648,136.0
9628160,206.0
9631040,278.0
9631232,192.0
9633312,227.0
9635808,150.0
9637216,238.0
9638848,237.0
9640128,188.0
9640800,210.0
9642400,180.0
9644032,250.0
9644128,366.0
9645120,134.0
9645536,117.0
9646080,397.0
9648448,160.0
9649184,170.0
9650400,185.0
9650688,112.0
9651392,190.0
9651680,204.0
9652576,172.0
9653408,215.0
9654656,337.0
9656352,107.0
9657888,217.0
9658176,197.0
9660800,224.0
9661120,236.0
9663680,160.0
9664672,171.0
9665152,209.0
9669504,208.0
9670080,280.0
9671040,196.0
9671616,194.0
9674176,113.0
9675136,140.0
9675488,210.0
9677024,186.0
9677856,205.0
9679808,172.0
9680832,161.0
9682720,186.0
9682912,242.0
9683840,209.0
9685600,123.0
9685664,184.0
9686208,172.0
9687872,181.0
9687968,168.0
9691392,235.0
9691488,247.0
9691680,185.0
9692128,203.0
9693248,154.0
9694272,117.0
9697472,180.0
9697952,204.0
9698112,200.0
9698752,216.0
9702528,234.0
9705952,214.0
9706720,182.0
9709760,170.0
9710464,200.0
9710592,85.0
9712896,174.0
9712928,200.0
9713536,287.0
9714176,142.0
9714496,196.0
9717440,196.0
9717728,178.0
9717760,187.0
9719232,196.0
9721024,225.0
9721600,186.0
9722656,201.0
9723584,208.0
9724128,109.0
9724160,153.0
9724256,205.0
9724352,136.0
9724736,218.0
9725664,132.0
9726240,190.0
9728896,185.0
9729312,177.0
9730432,192.0
9732352,208.0
9732960,209.0
9733376,132.0
9733504,138.0
9735008,172.0
9736960,219.0
9737632,250.0
9737888,157.0
9738496,500.0
9740192,223.0
9742304,222.0
9742816,153.0
9745984,179.0
9746176,295.0
9750720,141.0
9751040,230.0
9751616,165.0
9752928,174.0
9754624,214.0
9755264,189.0
9755392,112.0
9756864,181.0
9757248,175.0
9759104,139.0
9761856,136.0
9762944,185.0
9763488,198.0
9765280,500.0
9766304,196.0
9766624,263.0
9766816,103.0
9767232,204.0
9767968,215.0
9769088,191.0
9769184,99.0
9769632,252.0
9771392,190.0
9772736,223.0
9773440,212.0
9775776,92.0
9777152,292.0
9779616,109.0
9779936,321.0
9780192,211.0
9780992,158.0
9781792,180.0
9788768,141.0
9788960,178.0
9790368,182.0
9791264,224.0
9792032,201.0
9794784,246.0
9796128,229.0
9796224,500.0
9796736,129.0
9797568,150.0
9798208,201.0
9801888,179.0
9802176,123.0
9804896,219.0
9804928,176.0
9807040,178.0
9807552,201.0
9809504,172.0
9811776,113.0
9812000,207.0
9814496,216.0
9815488,203.0
9816768,204.0
9817408,197.0
9817568,229.0
9817920,173.0
9818784,177.0
9820736,205.0
9822816,171.0
9823328,160.0
9826976,136.0
9827360,177.0
9827616,109.0
9829024,193.0
9829184,96.0
9830528,323.0
9831296,160.0
9832320,166.0
9832736,231.0
9833536,119.0
9836512,198.0
9838240,500.0
9839840,187.0
9842080,190.0
9842688,199.0
9843200,187.0
9844672,200.0
9845248,187.0
9847136,193.0
9847424,190.0
9847968,198.0
9847968,162.0
9850976,201.0
9852256,195.0
9853120,226.0
9854432,132.0
9854976,125.0
9856128,188.0
9857120,170.0
9858016,166.0
9859008,168.0
9859168,182.0
9859904,211.0
9861280,172.0
9864576,158.0
9869248,252.0
9872448,191.0
9873376,211.0
9875200,241.0
9875776,198.0
9876928,173.0
9877184,153.0
9877344,193.0
9878688,194.0
9878848,97.0
9879072,190.0
9879712,191.0
9881952,127.0
9883072,210.0
9884448,147.0
9888192,236.0
9890784,236.0
9890848,202.0
9898880,196.0
9899200,223.0
9899296,200.0
9901408,100.0
9901440,203.0
9902848,190.0
9904064,100.0
9904992,209.0
9905632,179.0
9905856,191.0
9905920,171.0
9906624,201.0
9909600,92.0
9914368,219.0
9914592,191.0
9916736,188.0
9917536,107.0
9918176,118.0
9918368,165.0
9918656,208.0
9921248,172.0
9922080,106.0
9922880,390.0
9925856,192.0
9930848,201.0
9931200,283.0
9933792,230.0
9935168,155.0
9935808,159.0
9937408,218.0
9941632,248.0
9943296,215.0
9944320,180.0
9947104,110.0
9947904,225.0
9948064,197.0
9950304,205.0
9950944,178.0
9951456,239.0
9951616,225.0
9953312,221.0
9953632,203.0
9954624,211.0
9954848,356.0
9956704,199.0
9956992,120.0
9958432,166.0
9959200,165.0
9961856,176.0
9961920,193.0
9961920,213.0
9963840,190.0
9964320,204.0
9964608,207.0
9965440,119.0
9965440,211.0
9968448,224.0
9968608,224.0
9971552,186.0
9972608,186.0
9973568,271.0
9973952,176.0
9974432,176.0
9974912,168.0
9975392,173.0
9979264,190.0
9981024,244.0
9981184,237.0
9981856,159.0
9984352,161.0
9984896,195.0
9985248,205.0
9985696,134.0
9987264,141.0
9987680,181.0
9988352,159.0
9988480,193.0
9989312,177.0
9990240,160.0
9992352,156.0
9993088,168.0
9993952,200.0
