step,value
2112,-455.47808837890625
2272,-417.7825012207031
2720,-665.418212890625
2784,-128.3503875732422
3808,-163.891357421875
4128,-129.1820831298828
4480,-655.7694702148438
4864,-514.4714965820312
5216,-519.6919555664062
5312,-346.0536804199219
5440,-289.23443603515625
6656,-546.1737670898438
7392,-390.6294860839844
8224,-287.0594177246094
8480,-230.0331573486328
8896,-407.70489501953125
9344,-224.6477508544922
9504,-475.61163330078125
9696,-196.02479553222656
10272,-544.9192504882812
10528,-366.6307678222656
11584,-430.8996887207031
11648,-222.71136474609375
11680,-425.9623718261719
12000,-469.6297302246094
12960,-218.6884307861328
13472,-214.95281982421875
14016,-134.7860565185547
14176,-654.2017211914062
14368,-470.0981750488281
14560,-446.2328186035156
14848,-180.80404663085938
14912,-241.9977569580078
15712,-601.7095336914062
16416,-208.449951171875
16736,-162.26141357421875
16832,-213.83401489257812
17184,-401.4117431640625
17376,-348.0288391113281
17760,-132.9846649169922
19040,-464.94244384765625
19072,-142.10638427734375
19520,-639.3677978515625
20128,-598.2655029296875
21024,-476.4411315917969
21248,-632.7958374023438
21728,-212.8132781982422
21856,-353.3603820800781
22080,-473.0837097167969
22176,-520.8777465820312
23104,-731.9451293945312
23520,-435.4971923828125
24672,-502.8095397949219
25088,-211.1350860595703
25312,-253.2669677734375
26848,-480.1860656738281
27296,-183.91758728027344
27680,-142.43128967285156
28672,-220.69288635253906
29056,-215.83033752441406
30784,-206.66200256347656
31008,-192.18594360351562
31648,-413.19195556640625
31680,-245.66607666015625
32064,-431.2206115722656
32224,-241.3270263671875
32320,-282.8487548828125
33280,-154.91146850585938
34304,-158.750244140625
34624,-147.81825256347656
35072,-405.0257873535156
35328,-180.0357208251953
35584,-518.4830932617188
35680,-431.04595947265625
36928,-207.97828674316406
37632,-261.38311767578125
38656,-387.78997802734375
38848,-425.6435241699219
39008,-183.33212280273438
39232,-182.49497985839844
39520,-177.2516326904297
40256,-134.8474884033203
40768,-207.6961669921875
41440,-205.29739379882812
42176,-460.8269958496094
42656,-214.60305786132812
43968,-213.33413696289062
44160,-623.486328125
45408,-197.49021911621094
46176,-456.0026550292969
46496,-526.460693359375
46688,-345.8138732910156
47104,-330.9130859375
48352,-449.42926025390625
49056,-185.9449005126953
49376,-171.07298278808594
49632,-492.992919921875
50496,-526.904052734375
51200,-146.8223876953125
51232,-314.1431884765625
51776,-570.0580444335938
52640,-464.77459716796875
53280,-224.84002685546875
53728,-472.7462158203125
54368,-463.9517517089844
54496,-331.0194396972656
55680,-273.0601806640625
56320,-112.60372161865234
56384,-127.48931884765625
57216,-254.5108642578125
57280,-453.0226745605469
57280,-443.8182067871094
57920,-245.594482421875
58496,-463.7481994628906
59520,-349.6048583984375
60480,-549.3524780273438
61120,-225.18255615234375
61280,-413.5760803222656
61504,-555.0032348632812
61664,-260.609375
62368,-129.9429931640625
62464,-366.9477233886719
62560,-538.2738647460938
64384,-506.16485595703125
65632,-472.9585876464844
65856,-375.4696960449219
65920,-446.4462890625
67616,-188.05096435546875
67968,-373.4110107421875
68160,-353.9374084472656
68640,-392.0622863769531
69984,-253.53115844726562
70784,-499.4502868652344
70976,-313.3227844238281
71648,-576.648681640625
71968,-478.3633728027344
72352,-621.451904296875
73120,-455.0487365722656
73248,-136.24559020996094
73312,-374.6788330078125
73312,-380.8464660644531
74368,-467.65435791015625
76000,-501.50677490234375
76608,-172.28887939453125
77600,-207.7957763671875
77728,-446.3397216796875
78784,-635.5110473632812
79104,-136.63003540039062
79520,-547.95654296875
80128,40.93413162231445
80288,-264.775634765625
80448,-204.84632873535156
81504,-479.3536682128906
81600,-149.30502319335938
82240,-470.7502136230469
82720,-425.020751953125
82912,-545.9005126953125
83520,-236.8548583984375
83520,-162.67837524414062
84416,-296.0289001464844
84800,-201.82073974609375
85440,-320.1578674316406
85696,-403.48150634765625
85856,-369.5743408203125
86656,-534.2762451171875
86944,-367.1403503417969
88384,-345.6234436035156
88672,-419.8068542480469
89120,-578.29248046875
89408,-516.1092529296875
90016,-534.5056762695312
92224,-411.9892578125
93952,-543.5639038085938
93984,-338.0842590332031
95328,-513.3661499023438
95808,-267.15435791015625
97024,-398.8645935058594
97856,-468.8049011230469
98432,-193.1725616455078
98560,-269.9281311035156
100352,-632.9813232421875
100480,-236.5778350830078
101088,-574.1347045898438
101536,-462.85455322265625
102336,-259.75042724609375
102336,-168.1517791748047
102912,-414.9485778808594
103136,-207.94036865234375
103712,-207.5123291015625
103904,-252.3106231689453
103968,-638.240966796875
104064,-375.3038635253906
104448,-143.54783630371094
105152,-264.11419677734375
105248,-259.64947509765625
107392,59.34996032714844
107872,-309.2858581542969
108736,-359.6418151855469
110016,-452.64410400390625
111136,-510.8008728027344
112320,-535.4303588867188
113408,-411.89892578125
113696,-386.3675537109375
115168,-476.1210632324219
115808,-182.5071258544922
116064,71.96668243408203
116416,-332.5928955078125
117664,-159.99244689941406
118592,-596.6161499023438
120384,-299.2953186035156
120480,-409.44012451171875
122656,-405.1998596191406
122880,-433.71685791015625
123488,-395.45489501953125
123936,-355.1248474121094
125824,-195.32473754882812
126208,-363.7013854980469
126624,-231.27488708496094
126688,-396.1626892089844
126784,-614.4391479492188
127296,-445.4042053222656
127520,-657.1064453125
128736,-363.2886047363281
128864,-478.2730407714844
129376,-515.9458618164062
129728,-167.5760040283203
130720,-475.5231018066406
132512,-360.293212890625
132864,-440.3193359375
133536,-669.6438598632812
133824,-652.4947509765625
133824,-351.1396789550781
134368,-222.94395446777344
134624,-370.229736328125
134688,-505.1888732910156
135168,-416.5020446777344
135840,-429.26251220703125
136800,-445.12762451171875
137440,-249.4927520751953
137696,-210.0318603515625
139584,-315.84356689453125
139936,-232.78689575195312
140832,-416.7824401855469
141184,-237.32594299316406
141568,-679.62158203125
141632,-506.70599365234375
141760,-303.3468933105469
142048,-205.145751953125
142368,-506.8831787109375
142848,-334.9486389160156
143520,205.1049041748047
143936,-204.07252502441406
145280,-227.20704650878906
145632,-367.8512878417969
145760,-318.9138488769531
145792,-268.9398193359375
147648,-339.340576171875
148256,-157.21249389648438
149568,-203.38287353515625
149952,-681.2604370117188
150208,-336.90362548828125
150880,-176.6746063232422
151168,-348.69805908203125
151200,-429.08734130859375
151232,-655.1600341796875
152032,-463.1646728515625
152096,-392.33575439453125
152416,-411.1227722167969
153184,-426.4048767089844
153792,-229.96473693847656
154208,-230.130859375
154400,-101.53861999511719
154944,-219.61727905273438
155328,-741.7373046875
155488,-325.40985107421875
155744,-338.825439453125
156160,-247.24571228027344
156192,-279.84783935546875
156192,-151.56060791015625
156608,-400.5614929199219
157056,-556.1904296875
157856,-346.0857238769531
158592,-374.9720153808594
159616,-211.8998565673828
159712,-202.23843383789062
160256,-763.5252075195312
160288,-418.93426513671875
161024,-109.22396850585938
161472,-288.7106018066406
161504,-250.28163146972656
162176,-460.1296081542969
162432,-224.82859802246094
162912,-526.5956420898438
163360,-321.0496520996094
163456,-245.50656127929688
163456,-340.688720703125
164672,-389.87799072265625
166720,-367.13018798828125
167904,-442.05023193359375
167904,-438.4189147949219
168096,-279.17254638671875
168576,-193.91897583007812
168928,-222.8804473876953
169024,-668.2310791015625
169376,-451.736328125
169472,-178.39697265625
169632,-520.4302978515625
169728,-409.8101501464844
171200,-196.66107177734375
171232,-102.21465301513672
171872,-181.63168334960938
171904,-339.8384094238281
171968,-168.33651733398438
172288,-304.40582275390625
172992,105.841552734375
173760,-445.1875915527344
174144,-335.2245788574219
174880,-378.3775634765625
176288,-196.323486328125
176416,-198.61288452148438
176576,-297.68463134765625
178016,-187.722412109375
179328,-217.18350219726562
179776,-253.0584716796875
180256,-199.22044372558594
181536,-662.69287109375
181664,-472.5626220703125
181856,-176.81777954101562
184096,-129.31283569335938
184608,-234.3600616455078
184640,-236.28623962402344
185664,-589.90087890625
185760,-491.715087890625
186592,173.99105834960938
187040,-362.4993896484375
187424,-414.2120056152344
188544,-281.2938537597656
189696,-200.64578247070312
189920,-206.8224639892578
190272,-421.65423583984375
190432,-167.6480255126953
191776,-215.92420959472656
192736,-324.1275939941406
193600,-292.5271301269531
193728,-369.8722229003906
194080,-340.7034606933594
194400,-523.6996459960938
194464,-381.28717041015625
194560,-230.54461669921875
195488,-223.78636169433594
195744,-322.9237060546875
196128,-361.140869140625
196352,-291.57440185546875
197120,-365.5238342285156
197664,-435.7727966308594
198304,-614.2084350585938
198400,-192.49447631835938
198432,-131.0328826904297
199296,-531.3846435546875
199968,-478.6611328125
200832,-292.4381408691406
201248,182.77513122558594
202880,-414.116455078125
203712,-305.5342102050781
203872,-294.8930358886719
204096,-428.3258361816406
204384,-262.49151611328125
204448,-128.9376220703125
205920,-349.686279296875
206688,-24.061187744140625
207072,-267.6177062988281
207616,-377.23199462890625
208640,-249.07110595703125
210464,-424.8523864746094
212384,-152.5586700439453
213216,-243.8881072998047
214080,-372.8774719238281
217856,-358.1603088378906
218720,-373.2943115234375
219488,-661.3232421875
219520,-358.1066589355469
220000,-210.58639526367188
220704,-241.33132934570312
222464,-488.1553649902344
223552,-354.806884765625
224576,-467.071533203125
225888,-123.93843078613281
226048,-171.88052368164062
227936,-615.2763061523438
227968,-208.03741455078125
227968,-377.5045166015625
229088,-725.22998046875
231712,-122.93841552734375
233184,-245.77978515625
233696,-429.43084716796875
234208,-313.75787353515625
234624,-274.5422058105469
234720,-247.6475372314453
235584,-523.8259887695312
236000,-185.8232421875
236032,-315.381103515625
237216,-240.2050323486328
237888,244.8550567626953
238272,-202.99363708496094
238304,-241.365966796875
240800,-636.94287109375
240832,-122.71185302734375
241056,-555.4525146484375
241536,-246.9018096923828
241728,-53.83113098144531
241984,121.08089447021484
242368,-151.18959045410156
242560,-379.06109619140625
243232,-96.87391662597656
243264,-239.54800415039062
243552,-407.8282470703125
244288,-400.32806396484375
244384,-398.4764404296875
244800,-164.46063232421875
245024,-371.453125
245664,-438.6119384765625
246784,-383.98663330078125
246816,-188.7235565185547
247136,-324.1734313964844
248288,-269.3582458496094
248576,-115.01048278808594
249920,-200.31674194335938
250368,-375.910888671875
250464,-185.5026092529297
250976,-189.44625854492188
251904,-250.40260314941406
252800,-257.62518310546875
253440,-375.4512939453125
253920,-392.7217102050781
254432,-440.8788146972656
254624,-414.6904602050781
254912,-173.96237182617188
255424,-184.93113708496094
256224,-497.247314453125
256608,-198.81700134277344
257760,-430.5878601074219
259136,-566.8123779296875
259232,-14.201912879943848
259392,-210.21617126464844
261728,-124.7706069946289
262272,208.032958984375
265984,-460.19952392578125
266848,-395.89324951171875
267744,-330.6103820800781
268096,-248.50692749023438
268256,-168.5243377685547
268800,-686.0765380859375
270304,-104.2244873046875
270560,137.08465576171875
271008,-153.2925262451172
274208,-372.1357727050781
274400,-73.30549621582031
274720,-115.82241821289062
275168,-208.9498748779297
275904,-325.95147705078125
276640,-506.69757080078125
278368,-95.30247497558594
279008,-144.0095977783203
279040,-171.4692840576172
280672,-251.6521453857422
280768,-200.79702758789062
280992,-354.7281494140625
283072,-268.01190185546875
284896,-201.24229431152344
284896,-245.29083251953125
285248,-399.60125732421875
286048,54.74432373046875
286176,-199.37857055664062
286560,-535.4445190429688
288096,-266.8388671875
289088,1.8827235698699951
289536,-300.0270690917969
290272,-569.062744140625
291488,-153.93202209472656
293120,-235.87644958496094
294528,-187.93141174316406
294560,-304.4050598144531
294592,-458.3100891113281
294592,-347.0787353515625
295872,-241.43069458007812
296160,-376.2763671875
296896,-620.6806640625
299008,-466.0317077636719
300832,-280.0054626464844
301184,-211.28538513183594
301472,137.72927856445312
301888,-105.16712951660156
302432,-348.9837646484375
302560,-126.79717254638672
302720,-585.168212890625
303328,-126.55844116210938
303744,-142.4755859375
306496,-145.6361083984375
306656,-21.075420379638672
307584,-185.00730895996094
308032,-173.61351013183594
308992,101.06111907958984
309248,-196.02590942382812
312160,-236.32669067382812
312736,-211.4145050048828
313888,-510.5913391113281
314432,-275.2793884277344
316128,-102.33103942871094
316960,-244.46817016601562
317472,-195.9910430908203
317696,-455.5852966308594
319392,-112.27685546875
320896,-584.7225952148438
322112,-251.3985137939453
323392,-140.1709442138672
324224,-105.6209716796875
324288,-274.83758544921875
324320,-117.12428283691406
325088,-205.65431213378906
325600,-98.87409210205078
326432,-557.3035888671875
328352,-175.91555786132812
328480,-254.0784149169922
329440,-331.64569091796875
329472,-123.4904556274414
331360,-110.01640319824219
331488,-381.7289123535156
333824,-363.2649230957031
334752,-202.35049438476562
336416,-248.61575317382812
336576,-454.9670715332031
337920,-193.74850463867188
340032,-235.51559448242188
340928,16.715087890625
341568,-309.8285217285156
341888,-202.57530212402344
342176,-262.4345397949219
343328,-334.91961669921875
344320,-198.58349609375
344864,-198.0994873046875
344928,-389.8341064453125
344992,-281.366455078125
345024,221.35107421875
346208,-153.02317810058594
346656,-119.99601745605469
348512,239.038818359375
348608,-89.05913543701172
349376,-127.02188110351562
350208,-424.5758056640625
350656,-133.73269653320312
352160,-162.75270080566406
353376,-263.0447692871094
354144,-133.434814453125
354560,-491.6817321777344
355904,-457.97991943359375
356384,-425.75152587890625
356768,-443.64520263671875
356768,-421.8098449707031
357568,-31.273550033569336
358016,-340.8771667480469
358720,-392.99725341796875
359328,-155.1110382080078
359840,-483.14166259765625
360416,-615.4102783203125
360736,-142.70199584960938
362656,-223.5631561279297
363264,-419.8856201171875
364128,-231.6336212158203
364960,27.738819122314453
365344,-235.99607849121094
366240,-361.2235412597656
366272,-494.6142578125
366304,-526.8406982421875
366432,-368.8398132324219
366496,-258.50775146484375
366592,-99.09355926513672
368512,-216.94180297851562
370240,-186.72691345214844
370752,1.984421730041504
371072,-182.84344482421875
371456,-368.63494873046875
372128,-134.37640380859375
372288,-336.7250061035156
372672,160.83609008789062
374528,-120.21678161621094
375328,161.93919372558594
376032,-455.8883056640625
376096,-386.53277587890625
377024,-273.6811218261719
377120,-482.2899169921875
377600,-178.5229949951172
377824,77.18388366699219
378336,-194.40130615234375
379424,-263.4471740722656
379808,-200.49073791503906
380000,-274.4337463378906
381056,-154.153564453125
382240,-392.9311218261719
382976,-342.5613098144531
383360,-464.0556945800781
383776,-398.8236389160156
384128,-134.07943725585938
384320,-332.6993408203125
384512,-530.1019287109375
385152,-200.1590576171875
385280,-128.7613983154297
385312,-250.17288208007812
385824,-321.5272521972656
386816,-164.61721801757812
386816,-116.52301788330078
386976,-202.75790405273438
387008,-427.099853515625
387136,-200.1625518798828
387328,-291.280029296875
389024,-633.7587280273438
389504,-144.03561401367188
390208,-174.5737762451172
390944,-199.57493591308594
392864,-198.5513458251953
393216,-280.7384033203125
394240,-368.52606201171875
394752,-266.15374755859375
395360,-191.53567504882812
396576,-383.3792419433594
396896,-211.06185913085938
397440,-283.39263916015625
397568,-150.0582733154297
400960,-445.5143127441406
401600,-152.16883850097656
402528,-136.69842529296875
403552,-145.16229248046875
404416,-251.4797821044922
405952,-442.0730285644531
409088,-245.37063598632812
409344,225.53265380859375
409696,-336.3766174316406
410400,-158.6897430419922
410784,-213.06845092773438
410816,-250.15716552734375
410976,-116.47956848144531
411136,-405.4427185058594
411232,-50.41059112548828
412000,-170.48597717285156
412256,-196.70252990722656
413056,-413.4669189453125
413440,-139.11322021484375
413536,2.0373899936676025
414912,-113.89518737792969
415200,-326.0284729003906
415584,-490.6995544433594
415616,176.580322265625
416672,-138.3088836669922
416768,-103.79033660888672
417696,-221.31346130371094
419040,-169.13311767578125
419040,-266.168212890625
419552,-216.06918334960938
419808,-570.5595092773438
420096,-133.02610778808594
423072,-436.5885925292969
423264,-167.703369140625
423392,-187.6073760986328
424672,-258.60601806640625
424960,-382.3600158691406
425664,-177.4105987548828
425888,-237.01873779296875
426112,99.4609603881836
426176,-76.84197998046875
426592,189.84397888183594
428128,-141.9494171142578
428704,-164.48263549804688
429248,-109.79460144042969
430272,-361.4122314453125
430496,-113.03887176513672
433120,-120.78358459472656
433408,-500.13909912109375
433792,-268.4094543457031
434016,-260.3275451660156
435168,-429.28045654296875
436256,-14.214648246765137
437152,-388.65472412109375
437952,-256.3371276855469
438752,-229.0862274169922
439296,-668.3951416015625
439968,-457.5585021972656
440000,-549.7188110351562
440320,-181.10191345214844
440576,-308.3592224121094
440896,-42.547000885009766
441632,-364.91290283203125
441856,-197.40267944335938
442336,-344.331298828125
443744,-379.1105041503906
444000,-604.3932495117188
444064,-225.88648986816406
445376,-119.08446502685547
446528,-140.869873046875
446784,-176.86888122558594
447552,185.11715698242188
447808,-121.50529479980469
448288,-386.0315856933594
449216,-338.31890869140625
449536,-155.8714141845703
450624,-310.3521728515625
451488,-191.84475708007812
451968,-360.73101806640625
452512,-169.2935791015625
453728,-352.1802062988281
453824,-220.6211395263672
455104,232.61170959472656
457024,-194.78945922851562
457472,19.32451057434082
457632,-197.18296813964844
458816,-194.84156799316406
459744,-106.53081512451172
461248,-230.4462127685547
462880,-402.7214660644531
463040,-235.21298217773438
463264,-136.32179260253906
463328,-225.24281311035156
463456,-221.39984130859375
463872,93.9350357055664
464160,-427.916015625
464224,-385.43817138671875
466464,-313.2281188964844
466784,-227.08094787597656
468288,-132.9711151123047
468416,-14.769944190979004
470816,-196.38504028320312
472288,-250.2764434814453
472448,-146.31019592285156
474368,-137.2652130126953
475968,-5.492875576019287
477408,-15.539752960205078
477888,-143.64784240722656
479040,-423.5360107421875
480704,-129.7103729248047
481088,22.050905227661133
482336,-348.9271240234375
484032,-207.4004669189453
484128,-200.1813507080078
484288,-267.327880859375
484352,-163.6837158203125
484608,-310.0743713378906
484864,-260.3069763183594
485248,-162.0134735107422
485600,-302.712646484375
485632,-535.0753784179688
486592,-85.54500579833984
488640,-102.7568359375
489792,-306.5618896484375
489888,-122.53437805175781
490624,-117.86380004882812
491168,-465.6476135253906
491712,-127.59440612792969
492672,-306.97674560546875
494720,-376.0530090332031
495520,-426.05841064453125
496032,-424.3902282714844
496256,227.22752380371094
496768,-407.9710388183594
497664,-114.90864562988281
498656,-220.78997802734375
499968,-120.36346435546875
502304,-181.56646728515625
503680,-807.1767578125
504384,-422.09930419921875
504480,138.9022979736328
506528,-242.0111541748047
506528,-200.8096160888672
507360,-248.8396759033203
508032,-114.44393157958984
508192,-96.91740417480469
509792,-175.8037872314453
510528,-300.1046447753906
510560,-149.15211486816406
511616,-168.99981689453125
511680,-186.78607177734375
512288,-7.857256889343262
513216,-202.81642150878906
513376,-401.271728515625
514432,-150.90806579589844
514560,-419.50360107421875
514912,-198.4574737548828
514944,-99.80364990234375
515648,-110.68537902832031
515776,83.5884780883789
516288,-168.5321807861328
518080,-341.792236328125
519872,-82.8344497680664
520224,-231.88375854492188
521440,-120.59689331054688
521824,203.99696350097656
522336,-344.5606994628906
522816,-368.3075866699219
522912,-93.00979614257812
524928,-235.35589599609375
525504,-368.9245910644531
528448,-423.6778869628906
528576,-118.9543685913086
528736,-147.03807067871094
529280,-94.75173950195312
530272,-322.19140625
530464,-56.28370666503906
530976,-357.70306396484375
531392,-304.3929138183594
532096,-171.20819091796875
532896,132.53138732910156
533056,-386.2790222167969
533824,-393.603271484375
534336,-95.99101257324219
535008,-133.19871520996094
535616,-199.12937927246094
536608,-115.36493682861328
536896,-354.9061584472656
537088,-446.8114318847656
537696,-451.5768737792969
538944,-132.9152374267578
539328,-168.11590576171875
539392,-138.59347534179688
543200,-108.1656265258789
544160,37.429931640625
544544,-112.04727935791016
544928,-600.1786499023438
545440,-363.8136291503906
547552,-165.33656311035156
550304,-129.5589599609375
551136,202.0124053955078
551264,-158.90451049804688
551808,-148.55259704589844
552608,-123.73648071289062
552768,-347.1989440917969
555072,-202.07427978515625
557184,-329.03472900390625
557792,24.85974884033203
560032,-268.3584899902344
561376,-159.99798583984375
561536,211.38540649414062
561536,-403.9653015136719
562752,-152.5220184326172
564512,-139.9511260986328
565120,-440.81097412109375
565376,-151.44448852539062
566496,-114.83441925048828
567968,112.5560073852539
568672,-81.29837036132812
569792,-34.19115447998047
569920,-175.60009765625
571616,-152.80088806152344
572448,-210.2183380126953
574176,232.058837890625
575392,-145.40391540527344
576576,-626.435791015625
577152,-281.40191650390625
577952,-547.9553833007812
578304,-174.23387145996094
579232,246.44183349609375
580544,-227.31797790527344
580768,-124.56038665771484
581440,-437.6903991699219
583520,-169.97731018066406
584032,-225.64793395996094
584096,-140.496826171875
584448,181.83853149414062
584608,142.7350311279297
584672,-230.7813262939453
587200,-180.7709503173828
588064,-230.97280883789062
588384,-418.86566162109375
588832,-49.232295989990234
589088,-748.3701782226562
590048,-305.1231689453125
590368,-158.084228515625
591936,238.51820373535156
592288,-150.0308380126953
592576,-96.92914581298828
593312,-219.42681884765625
593920,-335.2926330566406
594528,-256.6720886230469
595680,224.26535034179688
597088,-724.55615234375
597568,-156.12271118164062
597728,-147.2249755859375
597760,-328.1983642578125
598720,-150.2601776123047
599360,116.59127044677734
602336,-168.12127685546875
602880,-374.89501953125
603968,165.0861358642578
605472,-328.2364501953125
605792,-120.54653930664062
606144,-111.52721405029297
607040,-183.1890411376953
607872,-129.9550018310547
608288,89.74710083007812
611232,-399.7188415527344
611968,-92.62793731689453
612608,209.30604553222656
612896,-486.78607177734375
613536,-165.15234375
614560,-276.8338928222656
616832,-146.6642608642578
617984,-116.3545150756836
618176,-184.5398712158203
619104,-13.784239768981934
619808,-454.56280517578125
621088,-196.4821014404297
622144,-244.5908966064453
622688,77.90049743652344
623840,-564.4952392578125
624576,-247.42251586914062
624672,-23.99290657043457
624928,-136.4228515625
625472,-135.27508544921875
625728,-508.9127197265625
627968,-549.9702758789062
627968,232.67074584960938
628032,-233.3915252685547
628384,-604.6761474609375
628800,-117.89508819580078
630112,-396.68988037109375
631008,-323.8021545410156
633376,132.7035675048828
633408,-193.7355499267578
635136,-437.8965148925781
635776,-152.7071533203125
636000,-210.15814208984375
636384,-355.3619689941406
637312,169.4272918701172
637376,-137.6309051513672
637600,-130.43804931640625
637984,-138.07460021972656
638592,-107.44548034667969
639840,-385.607421875
640160,-120.96330261230469
640384,-134.27105712890625
642112,-133.5582733154297
642208,-152.3427734375
642656,-236.78684997558594
642976,-401.629150390625
644160,-204.4080047607422
647808,-106.3956527709961
650496,49.630577087402344
650688,-171.75987243652344
652320,-90.94405364990234
652672,-130.62503051757812
653792,-415.05999755859375
653984,-156.2430877685547
654752,-203.15301513671875
654976,-272.3725280761719
655232,-267.93072509765625
655296,-189.79345703125
655744,-192.08689880371094
656640,-94.71357727050781
656864,34.34180450439453
657280,180.55670166015625
657792,-144.3618927001953
658624,-154.63990783691406
659584,-389.3626708984375
659680,-91.7105484008789
659712,-289.18115234375
660032,-599.614013671875
661376,-226.85305786132812
661696,214.50999450683594
661792,-35.62589645385742
662176,105.7864990234375
664768,236.5091552734375
665408,-9.646484375
665856,-509.2696838378906
666336,58.863582611083984
667808,-176.33782958984375
668960,-146.7516632080078
668992,-64.6604232788086
669248,-134.77793884277344
670240,4.431953430175781
671680,-645.5716552734375
672640,-432.4700622558594
673024,-269.9222106933594
674304,-244.31317138671875
674688,231.65472412109375
675136,-104.74524688720703
675776,-122.59152221679688
676160,70.88863372802734
676448,-190.73443603515625
677696,252.7346649169922
679616,202.3966827392578
679904,236.89683532714844
680288,-145.66188049316406
681280,-152.1458740234375
681440,-405.3125
681504,-147.2545928955078
682816,-496.69061279296875
683840,122.55021667480469
683936,-323.0015563964844
684224,-133.2745819091797
685184,-113.38683319091797
685344,-155.012939453125
686784,-196.8683319091797
687392,-185.4019317626953
688672,-161.1580352783203
690592,-73.2226791381836
691296,-105.56046295166016
691488,-126.50396728515625
691872,-73.83165740966797
692384,-274.6620788574219
692416,-103.4427261352539
692480,226.75811767578125
695104,-111.38105773925781
696064,-116.67414855957031
696320,-131.15255737304688
696864,-251.63906860351562
697696,-139.67694091796875
700128,111.69535827636719
700224,-200.2812042236328
702048,87.92705535888672
702400,78.1303939819336
702400,-407.08905029296875
702528,-362.4316711425781
702688,-23.45628547668457
702752,-115.73709106445312
703392,-294.1263427734375
705280,-145.35946655273438
708416,-146.540283203125
708992,-205.44635009765625
709952,-125.19734954833984
710624,185.359619140625
711360,-159.9906768798828
711840,-323.7024841308594
712128,-370.3630065917969
714016,-340.1364440917969
714176,-307.77557373046875
714784,-102.27509307861328
715392,-161.13290405273438
715520,-198.5297088623047
717056,-126.52940368652344
718080,-247.10821533203125
720512,-517.1430053710938
720608,-153.00042724609375
723264,90.45082092285156
723264,-620.7997436523438
724032,-235.98826599121094
724256,-208.3119354248047
724864,-93.89082336425781
724896,-121.80245971679688
725504,-137.2009735107422
725920,69.50205993652344
727552,-216.20770263671875
727968,-217.16087341308594
728000,-168.19668579101562
730272,-278.439208984375
730720,-141.37205505371094
730784,-649.7640380859375
731072,232.1971435546875
731360,-119.31817626953125
733888,-84.66574096679688
734048,-150.85093688964844
734624,135.40988159179688
735264,-444.8435974121094
736512,110.61963653564453
736576,-421.70404052734375
738304,-395.66851806640625
738336,-183.5899200439453
738688,-188.780517578125
739552,87.42401123046875
740032,-147.43899536132812
740928,-152.57371520996094
741888,-210.97872924804688
742432,-203.45481872558594
742688,-142.71246337890625
744928,-133.05059814453125
746688,-199.28363037109375
746880,-21.419437408447266
747136,-287.10516357421875
748864,-126.507568359375
751168,-108.25057983398438
751232,-229.27040100097656
752064,225.28805541992188
752320,-320.32208251953125
752576,-517.7805786132812
753952,-174.74891662597656
754432,-499.68707275390625
754912,-164.8206024169922
755712,-86.54801177978516
755904,-104.02483367919922
756544,-163.2801971435547
756736,-236.3622589111328
757024,-177.35671997070312
757216,214.8489990234375
758112,220.52210998535156
760576,-161.02243041992188
760576,-195.9011993408203
761152,225.00900268554688
761184,-136.0048828125
762528,-372.3748474121094
762912,-173.45924377441406
763104,-117.62264251708984
764096,-207.99684143066406
764256,-120.29911804199219
764960,-138.08811950683594
765152,-39.00335693359375
765664,-45.491676330566406
765984,-125.65764617919922
766720,212.5869903564453
768832,260.1103515625
769440,-73.52669525146484
769696,-10.736376762390137
770176,-99.12410736083984
770880,-263.19097900390625
774816,-161.7917938232422
774848,-191.35067749023438
776352,-162.2113037109375
777536,-109.5821762084961
778496,-161.84881591796875
779392,-542.2969360351562
779712,-145.9830780029297
779840,-223.41845703125
780032,210.79547119140625
780192,-35.32633972167969
780480,-428.45672607421875
781280,-455.171875
781536,-152.65829467773438
781952,-200.32460021972656
782496,-191.03001403808594
783456,-98.28784942626953
784384,-182.33656311035156
784992,-104.56632995605469
787968,-146.0799560546875
788352,192.70928955078125
790144,-155.4285430908203
791744,-131.0776824951172
791808,-368.7463684082031
793920,-121.88920593261719
794496,92.35962677001953
794560,65.5437240600586
795936,211.84918212890625
798592,-1000.044189453125
798624,-108.44613647460938
799296,-152.48094177246094
799584,-90.79067993164062
800576,145.85797119140625
800800,59.09844970703125
800896,235.65237426757812
801504,-109.2567138671875
801536,-144.6612548828125
801760,-111.3728256225586
802208,-134.1208953857422
802240,-156.2834930419922
805056,-200.66043090820312
805344,-187.4061279296875
807328,-100.10286712646484
807360,-259.2484436035156
812448,-227.9092254638672
813856,-180.01502990722656
815008,-183.58685302734375
816512,-274.86395263671875
816896,-184.44139099121094
816928,-488.888916015625
817696,-9.352949142456055
818336,-177.59397888183594
819616,-288.2667236328125
822752,-114.20327758789062
823648,-30.70694351196289
824032,-185.65989685058594
824320,-182.84701538085938
825088,-200.40228271484375
826080,69.06005096435547
827648,-165.2431182861328
828384,-145.32264709472656
829184,-195.8572540283203
830080,-281.75244140625
830400,200.50827026367188
831840,-426.53778076171875
832416,-135.2630615234375
834208,-363.342529296875
836256,97.0498046875
836448,-117.40565490722656
837120,-137.0261688232422
837216,-196.32559204101562
837280,-148.56837463378906
837312,-135.1356201171875
839904,-175.72366333007812
842208,-155.2242889404297
842752,-115.15889739990234
842912,-202.6084442138672
844512,-123.46501922607422
844768,-360.6506652832031
844960,-119.79888153076172
845344,-98.17900085449219
847552,-139.48968505859375
847776,-156.6260223388672
848032,-145.5304718017578
848992,-120.61125946044922
849024,196.9138946533203
849472,-170.60716247558594
851904,-407.189453125
852288,-169.78504943847656
852704,-171.21380615234375
854112,-153.93905639648438
854464,-247.3845672607422
854560,-116.37271881103516
854848,-125.10037994384766
854976,-449.4737243652344
857056,-334.9372863769531
857504,83.11795806884766
858272,-345.7618713378906
860832,-144.10227966308594
862144,-170.91390991210938
864160,-260.29730224609375
864416,-160.10037231445312
866624,-51.18275451660156
867008,48.18597412109375
867008,-105.65755462646484
869024,-295.70184326171875
870080,212.82537841796875
870144,-167.99156188964844
870368,-130.70269775390625
871040,-138.2363739013672
872992,-45.31560134887695
872992,-166.9167938232422
873760,-200.63621520996094
873920,-79.13851928710938
874112,-134.4019317626953
874720,-275.09307861328125
874976,-198.69607543945312
876928,-208.64085388183594
878720,227.47833251953125
878752,-94.2030258178711
878880,-126.96278381347656
879328,-172.32748413085938
879424,254.84091186523438
880384,-388.29345703125
880736,-98.96991729736328
881216,-101.17374420166016
883456,-536.077392578125
883744,-90.01087188720703
884192,-133.26043701171875
884768,-414.5801086425781
885024,-139.38230895996094
885088,-112.96758270263672
885856,-531.097900390625
888832,197.39451599121094
889376,40.38330078125
891136,224.30950927734375
891488,-227.530029296875
892192,-191.76223754882812
892928,-126.73697662353516
893728,-239.92886352539062
896352,208.04444885253906
896992,-118.97398376464844
898624,-165.69296264648438
899136,-87.914306640625
900032,-141.65782165527344
903008,-122.77690124511719
904320,-174.5050811767578
904800,-294.6515197753906
904928,-570.7146606445312
905760,-375.826171875
906464,-252.4685516357422
907808,-165.7042694091797
907904,13.131065368652344
908032,-98.21565246582031
908800,119.50509643554688
908800,-162.5526885986328
909312,-167.5271453857422
910496,-202.535888671875
912416,-126.30062103271484
912640,-164.11724853515625
912928,-357.9709777832031
912928,-123.60841369628906
913792,-111.67826080322266
913856,-206.9622802734375
915392,-428.8992919921875
916608,-138.20074462890625
918944,-118.2376708984375
919072,-147.78700256347656
919232,-419.96868896484375
919456,-190.21592712402344
919680,-73.34132385253906
919808,-184.50885009765625
919936,110.16089630126953
920544,-156.0093536376953
921408,-196.5423126220703
921920,-89.96324157714844
922560,-160.94125366210938
923008,-171.82095336914062
924320,103.1026611328125
924448,-94.10409545898438
925824,104.0859375
925888,-232.18521118164062
926720,163.95867919921875
927648,-231.47225952148438
928416,-137.82774353027344
928704,-167.70376586914062
928864,-141.9193572998047
929152,-191.4411163330078
931104,-154.70603942871094
935040,234.72756958007812
935136,-278.4985046386719
935968,103.0551528930664
938592,-174.07937622070312
938880,-144.83169555664062
939136,-122.70386505126953
939392,-388.3594665527344
939488,-124.42560577392578
941984,-115.11286926269531
942016,13.72634506225586
942304,-181.55490112304688
942464,-24.391355514526367
944320,-128.21092224121094
945600,-141.58291625976562
946176,-132.6835479736328
947904,-122.75861358642578
948352,-331.4847106933594
948832,-164.4677734375
949120,-205.290771484375
951296,-367.86810302734375
951488,-128.6800537109375
951936,-187.89332580566406
952864,-225.74801635742188
954880,-87.17549133300781
956576,-33.36312484741211
957312,-166.24676513671875
958304,-114.600830078125
959296,-171.9219970703125
959456,-228.3946990966797
959712,-124.01085662841797
960064,-22.157245635986328
960096,-129.259765625
960544,-149.82290649414062
964032,-321.6313781738281
968256,-109.64762878417969
968768,-102.0070571899414
969696,-246.56735229492188
969728,-118.71669006347656
969856,-128.66293334960938
969984,-143.552001953125
970880,144.28123474121094
971712,-200.12890625
971776,-141.32061767578125
972096,-716.8971557617188
972448,-141.720458984375
973440,-132.88763427734375
974368,107.75749206542969
974784,-281.620849609375
974944,-193.1988067626953
976544,-149.52342224121094
978560,-207.12210083007812
980544,183.06654357910156
981472,-137.170654296875
983872,-501.6832275390625
984352,-117.5689697265625
984832,-131.9231719970703
985696,59.49821472167969
985824,-316.2419128417969
986112,-134.42227172851562
987328,-202.38270568847656
987936,-187.9193878173828
988288,-272.7303466796875
989344,-134.21849060058594
990272,-295.51617431640625
990272,-333.6902160644531
990368,-385.5139465332031
990784,-501.630126953125
992960,-142.21629333496094
995360,-184.2296142578125
996640,-176.97940063476562
996640,-188.45297241210938
996704,-146.1949005126953
997312,-184.3607177734375
998432,89.73204803466797
998944,-208.98287963867188
999424,-137.880126953125
999680,-201.4071502685547
999936,-115.24701690673828
1000448,-244.9263916015625
1000608,-140.7439727783203
1000736,-134.73008728027344
1004064,-151.61172485351562
1004704,148.18385314941406
1004992,267.7781982421875
1005696,93.18736267089844
1006080,240.05722045898438
1006880,-635.98486328125
1008448,138.8943328857422
1008480,-13.21130084991455
1010208,-150.74156188964844
1010272,-155.7590789794922
1012576,211.53985595703125
1014080,-443.9775695800781
1014240,-147.16456604003906
1015648,141.16453552246094
1016064,-383.2535705566406
1017184,-548.066162109375
1017472,-219.0437774658203
1019392,-155.01593017578125
1019744,-193.32379150390625
1019872,-214.33853149414062
1019872,-175.83314514160156
1020320,226.6306610107422
1020352,-136.95632934570312
1020736,-433.62872314453125
1021024,-200.42552185058594
1021184,-162.69168090820312
1023808,-115.21589660644531
1023872,-112.49938201904297
1024032,-242.529052734375
1028096,-168.95556640625
1028672,238.88482666015625
1029216,-155.96275329589844
1030112,-407.7825927734375
1031616,245.440673828125
1031968,-230.2452850341797
1034080,112.72602081298828
1035616,-141.63385009765625
1036704,-141.77915954589844
1037120,-337.8074951171875
1038880,-163.87210083007812
1040704,-100.5300064086914
1044000,-159.10336303710938
1044224,126.3874740600586
1044608,-356.1985778808594
1046112,-106.40355682373047
1046496,-115.1351547241211
1046880,-269.25567626953125
1048384,-150.1009063720703
1048640,-330.6573791503906
1049504,-211.4589385986328
1049888,-125.09893798828125
1051104,-127.75320434570312
1054592,7.308206081390381
1054688,-160.8605194091797
1054880,219.8480987548828
1058048,200.6219482421875
1058176,-230.79713439941406
1058368,114.26617431640625
1058848,-609.3839721679688
1059552,-188.94000244140625
1060672,-489.5043640136719
1061408,-496.26690673828125
1064256,-126.70677185058594
1064960,-161.44375610351562
1067552,-108.61478424072266
1067840,-113.01825714111328
1068800,-566.3093872070312
1069248,2.9111080169677734
1069984,-4.834570407867432
1070624,-181.18826293945312
1070624,-460.031494140625
1072032,-642.0586547851562
1075744,4.443131923675537
1076608,-111.64955139160156
1077344,-162.3340301513672
1077440,-64.84310913085938
1077760,-156.02188110351562
1078784,-175.330810546875
1079552,179.17568969726562
1080544,-178.08824157714844
1081792,-196.07644653320312
1082496,-219.1184539794922
1083104,-139.4029083251953
1083360,-91.38391876220703
1083840,228.75665283203125
1084192,200.1328582763672
1085216,-102.51573181152344
1087712,233.6118927001953
1087776,-123.74571228027344
1089184,-184.21290588378906
1089568,-271.23480224609375
1090112,-187.5308837890625
1091808,5.729826927185059
1092032,98.60016632080078
1092320,172.94615173339844
1093536,-113.23621368408203
1093600,-103.58573150634766
1094208,-181.60670471191406
1094560,-151.5974884033203
1096352,-280.670166015625
1096608,-435.17498779296875
1096928,-423.7470397949219
1098208,-24.04381561279297
1098784,-176.8505401611328
1099904,-168.69935607910156
1099968,-104.86158752441406
1100032,-165.82228088378906
1100288,-151.56988525390625
1101632,-261.75201416015625
1101632,-121.599853515625
1104608,20.163433074951172
1104960,-167.06028747558594
1105312,121.05500793457031
1105632,-227.30538940429688
1108704,-92.28236389160156
1109760,-144.84503173828125
1113344,96.85124969482422
1113728,-278.9901428222656
1115488,89.66067504882812
1117088,-132.96795654296875
1118912,-269.0384826660156
1119104,-130.7628173828125
1119200,-316.52587890625
1119232,115.07549285888672
1119456,-182.40484619140625
1119776,219.78231811523438
1121632,-192.66354370117188
1122144,-390.12164306640625
1124512,-175.89796447753906
1125376,-263.86944580078125
1125792,-253.2122802734375
1126016,-383.3305358886719
1126368,-28.033967971801758
1127072,215.64857482910156
1127616,-184.60549926757812
1129056,-244.77578735351562
1129344,-162.22174072265625
1129696,-113.45565795898438
1131648,-489.884033203125
1132416,-428.77581787109375
1132864,-192.03741455078125
1132928,-263.9183044433594
1133184,-134.44764709472656
1133408,-262.427490234375
1133664,105.73309326171875
1135776,-143.25381469726562
1136000,128.18399047851562
1136160,-131.16781616210938
1136544,-212.7153778076172
1136992,-190.92335510253906
1137696,-108.83125305175781
1139680,-124.49797821044922
1140000,217.9441375732422
1143712,-206.45245361328125
1144320,-409.1221008300781
1146112,-18.023717880249023
1146336,-144.119384765625
1146368,-94.09882354736328
1148160,-106.19306182861328
1148704,-28.331233978271484
1149088,-147.24057006835938
1149600,-204.72775268554688
1149760,97.50045013427734
1151168,-181.17752075195312
1155296,-193.76226806640625
1155360,-84.6025390625
1156992,-352.9446716308594
1158080,-99.34468841552734
1158976,-131.78927612304688
1160160,-114.04752349853516
1160736,-174.11300659179688
1161216,-130.5617218017578
1161600,-143.9038848876953
1162368,247.04354858398438
1163968,-299.9259948730469
1164096,-164.731689453125
1164192,-168.93153381347656
1169376,213.42276000976562
1169440,-208.28953552246094
1169728,-301.595703125
1169984,-144.13565063476562
1172160,209.4597625732422
1172288,-179.52957153320312
1172416,-250.6360321044922
1174496,-121.55675506591797
1174944,261.2755126953125
1175168,101.41647338867188
1175680,80.52449035644531
1175840,-133.71995544433594
1176448,199.1631317138672
1176864,-173.99978637695312
1178528,-149.88592529296875
1179168,108.71404266357422
1179936,-182.47735595703125
1179936,-272.2861022949219
1180512,-188.82432556152344
1180928,-28.35708999633789
1182144,-212.67532348632812
1182656,107.30105590820312
1182656,220.66107177734375
1182944,-167.9046173095703
1183872,-175.5448760986328
1184224,-118.27487182617188
1185632,-191.72158813476562
1185888,-176.3968048095703
1186784,0.5098583102226257
1188096,-156.84129333496094
1189664,-138.7027130126953
1189984,-177.00448608398438
1192032,-219.91383361816406
1193056,-369.62347412109375
1193120,-244.36415100097656
1193792,-147.3603973388672
1194912,-179.50469970703125
1194976,-133.83355712890625
1195200,-157.67991638183594
1198336,-130.7206573486328
1199936,-467.93621826171875
1200000,-213.80763244628906
1200128,208.3489227294922
1200640,-133.84945678710938
1201472,168.15846252441406
1202624,-426.9078369140625
1203168,-218.51614379882812
1203552,-116.61762237548828
1204288,-46.5447998046875
1204480,-24.642642974853516
1205184,-113.86246490478516
1206400,98.26880645751953
1207264,-191.94638061523438
1208160,-169.47894287109375
1208192,225.83290100097656
1208800,212.1497039794922
1209920,-470.1606750488281
1212064,149.14166259765625
1212128,-324.0478515625
1212480,-132.3291473388672
1215744,-195.73532104492188
1217760,-170.1456298828125
1218016,-218.313232421875
1218688,-161.08126831054688
1219072,-486.2664794921875
1219488,-362.86907958984375
1220000,-148.6615753173828
1220448,-111.98768615722656
1220928,-159.61936950683594
1221056,-89.08482360839844
1221120,-203.71495056152344
1223680,-106.23986053466797
1224512,-130.08181762695312
1224736,229.8057861328125
1226944,-223.22836303710938
1227136,-358.0390319824219
1227296,-210.1020050048828
1227808,-586.4328002929688
1230016,-130.54603576660156
1230240,-227.05860900878906
1230496,-285.60333251953125
1230816,112.28203582763672
1231264,-113.92523956298828
1231616,-140.22085571289062
1234560,-205.24058532714844
1234976,-167.2267608642578
1235680,-130.82322692871094
1236480,-76.59452819824219
1236896,-90.26217651367188
1238560,-97.82025146484375
1238688,-489.8946838378906
1238816,-94.84918212890625
1238848,1.903233528137207
1239712,-88.18736267089844
1240320,-392.17779541015625
1241824,-188.79208374023438
1242464,-176.45457458496094
1242848,-409.47833251953125
1244992,186.70437622070312
1245280,198.6240692138672
1245568,-161.59054565429688
1247040,-95.7050552368164
1247136,-198.044921875
1247712,-464.7467956542969
1248160,-98.5884780883789
1250400,-79.69153594970703
1251360,-170.696044921875
1251744,239.5153350830078
1252384,-164.77561950683594
1252416,172.68484497070312
1253120,208.0304412841797
1254752,-199.4503936767578
1256896,216.31787109375
1258848,-64.43169403076172
1259168,-408.9267578125
1259360,-133.24407958984375
1260768,-133.61383056640625
1261248,-203.85049438476562
1262560,-126.4111328125
1263296,-150.94583129882812
1263328,-490.05877685546875
1264128,102.29472351074219
1264480,-313.2613220214844
1265536,-145.53330993652344
1266176,-148.38714599609375
1266560,-99.20016479492188
1267680,-89.08805084228516
1267808,21.153383255004883
1269120,-212.7291717529297
1269472,-108.53133392333984
1269504,-160.0176544189453
1269536,-182.03216552734375
1270080,-127.07099151611328
1270880,129.09046936035156
1272736,-214.49417114257812
1273056,-132.41455078125
1273472,-162.11297607421875
1273824,-108.81076049804688
1274528,-171.1581573486328
1276544,-129.36669921875
1277088,-97.98290252685547
1277120,-151.88836669921875
1277696,224.39620971679688
1277760,-349.53704833984375
1278080,-141.76889038085938
1279776,214.56787109375
1279808,144.4673309326172
1281056,-222.1846923828125
1281376,-134.25559997558594
1282208,-420.93231201171875
1284000,-168.7047576904297
1285056,225.7615966796875
1285088,200.17225646972656
1285952,-191.6697235107422
1286368,213.01113891601562
1287456,-140.59585571289062
1287488,-94.453857421875
1287936,-118.56586456298828
1289792,-180.60556030273438
1290432,-204.14083862304688
1292160,-97.06424713134766
1292544,10.826858520507812
1293472,-187.3111572265625
1295104,-167.17181396484375
1296352,-105.76679229736328
1298656,-165.49200439453125
1298752,238.31683349609375
1299712,-209.06141662597656
1300032,-132.77635192871094
1300224,190.93605041503906
1300608,-59.325374603271484
1301728,-142.23934936523438
1303712,-132.22442626953125
1304224,-209.13504028320312
1305248,-147.50738525390625
1306048,-111.21340942382812
1306816,-457.0941162109375
1309760,151.08511352539062
1311456,-100.36810302734375
1311584,-163.00685119628906
1312992,-210.3111114501953
1313696,-228.1456756591797
1314464,-210.5240020751953
1315008,-398.8358459472656
1316928,-164.57015991210938
1318144,-122.4592514038086
1319200,-298.8058166503906
1321728,-184.4775848388672
1321984,-117.02623748779297
1322432,-173.04698181152344
1322976,-98.34646606445312
1323552,-141.3660430908203
1324320,162.99453735351562
1324640,-127.35734558105469
1325440,149.51956176757812
1327008,-199.54310607910156
1328032,-287.7745666503906
1328480,64.5360107421875
1329792,201.27223205566406
1332320,-10.999281883239746
1332928,205.27337646484375
1333056,-159.35174560546875
1333760,-149.7186737060547
1333888,-224.0167999267578
1334464,205.90489196777344
1335840,-126.0675277709961
1336416,-140.37771606445312
1336672,274.3196105957031
1337152,-137.90232849121094
1337632,137.97409057617188
1337696,-146.2554168701172
1338112,-153.00482177734375
1339072,-130.22511291503906
1339104,-109.8060531616211
1339616,-200.5273895263672
1340000,235.7137908935547
1340096,-80.9621810913086
1340672,-267.9806823730469
1341248,-109.32853698730469
1343488,-314.9662780761719
1344256,-37.51337814331055
1344416,-254.4499969482422
1344640,-203.4979705810547
1345152,-258.5499572753906
1345504,-99.31815338134766
1346688,-159.68557739257812
1348128,-53.37443161010742
1348256,76.19396209716797
1349056,-149.0429229736328
1350400,-282.9903259277344
1353600,-227.1918487548828
1354016,-145.26300048828125
1354976,-248.1017608642578
1355008,-265.11895751953125
1358560,-69.77568817138672
1358784,189.50547790527344
1359072,229.2028045654297
1359136,-472.06549072265625
1360704,-72.6849365234375
1362464,-180.06346130371094
1362528,195.44276428222656
1365792,-138.96408081054688
1367424,-72.11801147460938
1367776,-217.47776794433594
1369024,-127.82776641845703
1369920,-130.00917053222656
1370176,-292.90374755859375
1371136,-105.98489379882812
1371968,-351.65069580078125
1373280,-355.1976623535156
1374048,-144.98678588867188
1374304,207.3207550048828
1375584,-209.91734313964844
1376672,198.9328155517578
1378208,183.0772705078125
1378272,109.13561248779297
1379008,-96.35071563720703
1379392,-118.2148666381836
1382720,-247.88198852539062
1385440,-140.0819549560547
1389632,-323.02667236328125
1389632,-133.7406768798828
1389728,215.48123168945312
1391040,69.81015014648438
1391328,211.19027709960938
1391712,-195.93589782714844
1391744,246.8610382080078
1392000,-242.16278076171875
1392704,-140.95860290527344
1393472,-137.8352813720703
1394816,-283.267822265625
1397504,134.63389587402344
1397632,-188.51708984375
1397984,-186.92620849609375
1398592,-127.27388763427734
1399296,-176.2862548828125
1400608,236.20384216308594
1401120,-164.79962158203125
1401664,-381.3768310546875
1401920,-127.6339111328125
1402880,228.80767822265625
1404416,-179.26210021972656
1405120,-116.54145812988281
1406528,-127.16249084472656
1406688,237.8665313720703
1407808,-147.50364685058594
1408256,-125.74104309082031
1408384,-350.979736328125
1408704,115.85348510742188
1409504,-236.76022338867188
1410880,-161.0596160888672
1411968,-200.34996032714844
1412352,-158.06260681152344
1412832,-190.55934143066406
1414496,5.378251075744629
1415328,-176.13671875
1415712,-330.294921875
1416512,94.68202209472656
1417280,-304.3749694824219
1417408,224.25762939453125
1418016,-426.73297119140625
1418752,187.92758178710938
1420160,-112.69010925292969
1421312,222.00497436523438
1421568,122.58406066894531
1422240,-483.4893798828125
1425280,-197.35365295410156
1425504,-196.27993774414062
1425632,109.88542938232422
1426336,-467.43243408203125
1426624,-138.2791748046875
1427584,-140.13137817382812
1427904,-122.73684692382812
1429216,123.89125061035156
1429696,-99.85787200927734
1429792,-20.479713439941406
1429824,-351.15277099609375
1431584,-183.58889770507812
1431872,-165.35629272460938
1432640,-154.27989196777344
1435584,-183.17120361328125
1436128,-110.28108978271484
1437184,-136.3950653076172
1438464,238.08377075195312
1440640,110.92251586914062
1441056,-85.6339111328125
1441344,-204.22911071777344
1442272,-184.71343994140625
1442624,-185.19216918945312
1443968,-127.02276611328125
1444128,-140.39938354492188
1445216,-573.6094360351562
1445696,-174.12269592285156
1446144,-129.99928283691406
1447392,-128.13583374023438
1450944,-242.18508911132812
1451136,-119.2701187133789
1451392,-165.0061492919922
1451584,90.94628143310547
1452928,-136.75035095214844
1453760,-206.6790771484375
1454432,209.7628173828125
1457760,-189.44790649414062
1458624,250.6610565185547
1461088,78.03401947021484
1462208,-121.09050750732422
1464096,-141.7804412841797
1464160,-156.81829833984375
1464352,-141.26123046875
1464480,-2.9193921089172363
1464544,-166.0768280029297
1465056,-125.46217346191406
1466784,-257.6235656738281
1466848,49.66347122192383
1467648,-138.95326232910156
1469792,-246.0323486328125
1470464,91.75010681152344
1471744,-162.61135864257812
1472192,-162.5942840576172
1474112,-83.99038696289062
1474656,-150.90403747558594
1475680,-160.416748046875
1476256,-318.8536071777344
1480128,-304.7935791015625
1480512,-230.88816833496094
1480640,-146.5355987548828
1481248,-24.563121795654297
1482368,-333.2821960449219
1485344,-405.8970642089844
1487680,-151.33688354492188
1488320,12.089970588684082
1490144,-131.57774353027344
1490848,187.18101501464844
1493056,-187.9845428466797
1493440,-162.86798095703125
1494272,-180.8507843017578
1494336,11.552295684814453
1495072,216.86288452148438
1495744,-275.3954162597656
1496160,-153.1753692626953
1496512,-328.31243896484375
1497024,-185.1682891845703
1497568,-123.94178771972656
1498272,-359.81964111328125
1498528,-144.67185974121094
1498912,236.13394165039062
1499136,-169.68324279785156
1502816,187.28636169433594
1503104,196.04347229003906
1503392,71.7007827758789
1504288,197.07142639160156
1504352,-361.6324157714844
1505792,169.60455322265625
1506656,-177.1905975341797
1506720,-159.5233612060547
1506880,-149.18112182617188
1507072,107.82612609863281
1507808,-200.47836303710938
1509888,-147.4517364501953
1511552,103.71833038330078
1511808,101.1672134399414
1512608,190.03443908691406
1514144,-129.9063262939453
1514528,-131.90347290039062
1514528,-511.5525207519531
1515616,-179.25392150878906
1516288,-133.91128540039062
1516288,110.6527328491211
1516448,-119.09236145019531
1517600,-249.84796142578125
1517760,127.37955474853516
1518208,221.70684814453125
1519040,186.59466552734375
1520480,-176.5465850830078
1521632,-56.871707916259766
1521952,-172.79119873046875
1522464,-153.32151794433594
1523328,-81.6800765991211
1524416,238.77725219726562
1524992,222.37733459472656
1525440,-155.29913330078125
1525824,-86.26896667480469
1525952,-236.7097930908203
1526112,-163.09315490722656
1526336,-401.4881896972656
1526432,74.10736846923828
1528224,10.324880599975586
1528256,-85.89730072021484
1529184,4.966488838195801
1529472,-328.2225646972656
1530304,-132.3995819091797
1531008,-198.24867248535156
1532224,-256.8094177246094
1533408,218.69285583496094
1533664,-8.79853630065918
1533760,216.88307189941406
1535072,-119.71363830566406
1537408,-149.6102752685547
1537728,193.39059448242188
1538432,-165.1059112548828
1539936,-209.13958740234375
1541408,-164.41348266601562
1542176,-454.3470153808594
1542656,131.60040283203125
1543296,-198.8750762939453
1543424,-217.5049591064453
1543520,109.88262176513672
1543744,-264.634765625
1544256,-136.2644805908203
1544896,-146.80062866210938
1545600,-106.6707534790039
1546464,-466.30267333984375
1546752,-301.1706848144531
1548832,-126.05470275878906
1549024,-220.1036834716797
1549248,16.957454681396484
1549760,-233.27406311035156
1549792,91.99724578857422
1550944,207.79615783691406
1551712,-199.02529907226562
1552000,155.17428588867188
1553632,208.6686553955078
1556480,212.68865966796875
1556704,-66.97900390625
1559168,-146.80238342285156
1559264,210.2090606689453
1562336,-24.72219467163086
1565728,-146.3252410888672
1566528,-87.18915557861328
1566816,-171.40785217285156
1567392,-134.26193237304688
1568096,-95.0268325805664
1568704,225.5278778076172
1570240,-117.70237731933594
1571264,-115.66588592529297
1571296,-156.3667755126953
1572544,-200.2156982421875
1573760,-484.16204833984375
1573856,-18.279489517211914
1574112,-96.57247924804688
1574368,215.35025024414062
1576096,-140.1830596923828
1578912,-151.9089813232422
1579104,238.38124084472656
1579136,-121.94425964355469
1580224,-141.44454956054688
1580448,-149.54693603515625
1581024,-26.39607048034668
1582336,-134.9058380126953
1582400,-431.4186096191406
1585088,104.23255157470703
1585280,172.67086791992188
1585344,104.19898986816406
1585376,-178.51052856445312
1585472,127.498779296875
1586816,-133.38925170898438
1588288,-229.0425567626953
1588736,-129.9583740234375
1589440,-97.20097351074219
1591296,119.3219985961914
1592256,-141.8282928466797
1592608,-177.65921020507812
1594240,222.22039794921875
1595616,-762.6524658203125
1596256,-149.5744171142578
1597248,-140.19155883789062
1597920,-123.99085235595703
1599616,127.38507080078125
1599776,-133.3855743408203
1601280,-142.44471740722656
1601536,-214.097900390625
1602176,-198.77484130859375
1602368,233.30221557617188
1602656,-290.6150207519531
1603648,92.42564392089844
1603872,-229.58021545410156
1604384,98.36985778808594
1604672,232.16981506347656
1605088,92.01025390625
1607008,-109.25023651123047
1607968,-159.26535034179688
1608768,52.781436920166016
1609728,-102.48194122314453
1609952,230.32766723632812
1610752,-144.1032257080078
1611008,101.40973663330078
1612032,-180.21575927734375
1612320,113.3003158569336
1612672,-7.9587626457214355
1617312,-201.81488037109375
1617696,7.454095363616943
1618560,245.5009002685547
1619264,-143.86830139160156
1619808,-432.7511291503906
1622144,-137.6076202392578
1622720,-776.41845703125
1624288,-113.32463836669922
1624608,-147.93212890625
1624704,-208.1339874267578
1625120,-188.5966033935547
1625408,-301.073486328125
1627456,216.26702880859375
1628064,-103.20785522460938
1628800,-146.39759826660156
1628864,-297.3172607421875
1630560,-115.94696044921875
1631904,-136.72314453125
1632416,217.1743621826172
1633312,-143.44363403320312
1634336,-167.04991149902344
1634528,-139.20028686523438
1634592,-155.9029083251953
1636608,-250.8536834716797
1638816,-120.10811614990234
1639168,-490.38397216796875
1639264,-106.10553741455078
1641888,-275.3190612792969
1641920,24.089054107666016
1642208,234.26943969726562
1642400,-114.19091033935547
1642816,214.90701293945312
1643680,-134.66070556640625
1644064,-51.3465690612793
1645056,-128.3955078125
1645152,-64.29795837402344
1645728,-146.7611541748047
1646080,-169.30426025390625
1646304,-166.0665740966797
1646336,-246.59617614746094
1647040,-91.9195785522461
1651584,-128.60928344726562
1652320,-206.7950439453125
1652416,-133.83688354492188
1652800,-130.8401641845703
1656352,-174.6871795654297
1657152,-195.3347930908203
1657184,-44.69192886352539
1657696,-383.1805114746094
1659104,-345.7569885253906
1660224,-118.34823608398438
1660928,198.18995666503906
1661888,-384.62432861328125
1663328,86.92961883544922
1663424,231.13633728027344
1664576,-402.6405944824219
1666400,-49.42116165161133
1667072,164.42581176757812
1667136,104.35576629638672
1670368,-200.16156005859375
1670528,-106.07625579833984
1670656,165.26365661621094
1671744,-645.4629516601562
1672192,-106.95124053955078
1672640,-147.80145263671875
1674112,56.8763427734375
1674720,-174.3799285888672
1674784,216.3079833984375
1675264,120.65509033203125
1675264,-339.7995300292969
1676704,-362.4662170410156
1676832,-141.34376525878906
1677312,-127.09398651123047
1677856,-187.5489501953125
1678208,-196.59713745117188
1679232,-134.01573181152344
1679744,-246.0172882080078
1681376,-129.27389526367188
1681600,215.39877319335938
1687040,-195.24085998535156
1687680,180.18307495117188
1689088,64.69061279296875
1694304,-9.143558502197266
1694816,195.2039794921875
1695232,-133.1489715576172
1695712,-161.27017211914062
1696288,-137.59915161132812
1699104,-127.95367431640625
1699744,-85.10650634765625
1700224,12.413475036621094
1700448,-109.81697845458984
1701216,234.88978576660156
1701280,203.2426300048828
1701536,85.35529327392578
1701760,5.200331211090088
1702400,-105.01988220214844
1702496,-375.0605163574219
1703200,71.9069595336914
1707648,-212.19451904296875
1708384,-161.03033447265625
1708832,-135.85752868652344
1712800,-128.36940002441406
1713312,-171.68894958496094
1714016,-89.253173828125
1715264,237.1855010986328
1715360,-214.00416564941406
1716000,-132.66278076171875
1717856,199.4418487548828
1718976,-171.5821533203125
1719680,-181.97412109375
1722368,-313.7717590332031
1722752,81.43709564208984
1723424,-143.87109375
1723904,56.28917694091797
1724000,-132.17538452148438
1726496,-171.57057189941406
1727520,-192.70558166503906
1727520,-291.95147705078125
1727616,-291.2969055175781
1729120,-91.77687072753906
1730176,202.90699768066406
1731936,136.5210418701172
1732000,-128.89280700683594
1735360,242.38986206054688
1736000,-184.5528106689453
1736992,150.36016845703125
1737536,-110.9062271118164
1737600,-185.56993103027344
1738112,232.32313537597656
1738496,235.9998779296875
1740224,-207.60009765625
1744832,-218.0189971923828
1745120,8.295040130615234
1745856,-114.615234375
1746400,114.36966705322266
1747776,-113.98687744140625
1748832,-115.5425796508789
1750048,3.4654228687286377
1750624,-202.76690673828125
1753056,134.34095764160156
1754880,-214.7664031982422
1755072,191.878173828125
1755200,176.7379913330078
1755424,-172.93014526367188
1756032,220.3697052001953
1756192,-162.3178253173828
1757312,-93.13946533203125
1757440,-33.077396392822266
1757792,-197.01185607910156
1759552,246.22427368164062
1759840,188.0069580078125
1761376,-266.7947692871094
1764000,-104.94053649902344
1764160,-368.1016845703125
1765312,-190.71923828125
1766944,-11.752254486083984
1768704,-94.90219116210938
1769728,-548.12548828125
1770272,-106.06965637207031
1770528,-191.7099151611328
1772224,-186.78970336914062
1772448,-121.59007263183594
1772640,229.9995574951172
1773024,-144.4495849609375
1774144,-147.2356719970703
1775008,-159.73216247558594
1775360,-177.9518585205078
1776704,-128.3802032470703
1778016,-135.78244018554688
1780320,-166.310791015625
1781280,-176.29281616210938
1781344,-134.98277282714844
1781664,46.1165771484375
1782816,183.44395446777344
1783104,-145.11508178710938
1786080,170.25282287597656
1789408,-122.17080688476562
1789440,-507.826171875
1789632,191.594482421875
1789792,-174.72781372070312
1789888,-155.3716583251953
1790144,-94.94722747802734
1792480,-363.7214050292969
1794304,219.1974639892578
1795744,-230.0113067626953
1795808,-212.24024963378906
1796480,254.26513671875
1797440,-107.28662109375
1797504,-102.34968566894531
1797536,-121.85254669189453
1800704,-99.18819427490234
1801632,-291.59869384765625
1802272,-167.4712371826172
1802496,-261.5974426269531
1803552,52.90993881225586
1804224,-24.39288902282715
1804448,-205.89646911621094
1804544,-174.73696899414062
1804704,-269.53125
1805184,-89.34833526611328
1805376,188.61026000976562
1806720,-157.28453063964844
1807456,-354.4537048339844
1807680,-107.9563980102539
1807712,-189.3568115234375
1807808,-141.0050811767578
1810624,-36.3916015625
1811520,227.95179748535156
1811840,109.18921661376953
1813248,-161.99720764160156
1814144,-278.69439697265625
1816224,-151.77813720703125
1816224,114.41588592529297
1816832,-135.77471923828125
1818560,-139.75840759277344
1818912,91.21104431152344
1819328,-145.2856903076172
1819968,-166.1693115234375
1821344,-97.72390747070312
1822048,-150.4254150390625
1823232,-197.44625854492188
1824768,-221.53602600097656
1825184,-170.69244384765625
1825536,-480.18255615234375
1827520,-222.9250030517578
1828128,-136.3346710205078
1828544,-160.0381622314453
1829536,-144.5140838623047
1830400,-92.88926696777344
1831200,90.73970031738281
1833888,89.50674438476562
1834368,-137.8522186279297
1834720,228.71121215820312
1835232,224.8931884765625
1835808,208.5607452392578
1839104,-90.81998443603516
1839712,-168.62655639648438
1840928,-225.97547912597656
1841056,87.11132049560547
1841152,-150.7564239501953
1842112,227.84385681152344
1842304,-381.27239990234375
1842560,-2.543285846710205
1842624,-119.82196807861328
1842752,209.8751983642578
1844512,-148.8082733154297
1845024,-207.6923065185547
1845696,-125.31514739990234
1845728,-211.03810119628906
1846368,-140.36447143554688
1848832,-335.35858154296875
1849152,-203.75082397460938
1849600,238.0856170654297
1849856,-333.36456298828125
1850560,-217.53553771972656
1851808,203.55526733398438
1852032,-130.06578063964844
1853152,-113.95660400390625
1853152,-165.4537811279297
1855872,253.71380615234375
1857184,-210.9452667236328
1857568,-107.49948120117188
1860256,208.54830932617188
1863296,73.7794418334961
1863392,70.70751953125
1863680,-199.5859832763672
1864320,14.103506088256836
1864576,-185.7948455810547
1865536,-168.6625213623047
1867648,-191.3455810546875
1868352,-187.0685272216797
1869664,209.9326171875
1869696,-151.191650390625
1871392,236.8622283935547
1872064,-162.32852172851562
1873248,-103.909423828125
1874176,-108.3869857788086
1875072,-324.31683349609375
1876512,-144.34954833984375
1879808,201.30392456054688
1879872,-173.25680541992188
1880064,-354.8498229980469
1880160,-158.4001922607422
1881632,-190.40631103515625
1882496,185.143310546875
1883264,-13.646554946899414
1883264,-195.6493377685547
1883424,-104.27635192871094
1884576,-109.23088836669922
1885568,-181.17507934570312
1886368,-136.38812255859375
1886784,-129.1062774658203
1886944,-162.77395629882812
1887104,-313.22491455078125
1887872,231.51675415039062
1888032,-410.2477722167969
1889248,216.9999542236328
1889632,1.7945421934127808
1890944,-169.85308837890625
1892192,-166.700927734375
1893568,-148.31703186035156
1893696,228.58590698242188
1894624,-161.5681915283203
1898304,-173.92227172851562
1898464,87.51805114746094
1899200,-109.1417236328125
1900096,-156.13922119140625
1900160,221.7612762451172
1901536,-119.99482727050781
1902432,-175.79161071777344
1902464,80.672119140625
1903200,-126.2463607788086
1903328,-314.0488586425781
1904896,184.17718505859375
1905184,-235.74612426757812
1905344,-643.1006469726562
1905472,-196.2015838623047
1907072,219.57598876953125
1907872,-293.0254821777344
1911104,-91.1040267944336
1911808,-122.92597961425781
1911968,-132.82191467285156
1912224,-310.0111999511719
1913024,214.63327026367188
1913664,-180.0833740234375
1914816,-148.7815704345703
1914976,115.07254028320312
1915232,90.96026611328125
1915872,-144.1537628173828
1915968,-39.06563949584961
1916160,-288.695068359375
1916576,-165.54624938964844
1916768,-62.04304122924805
1918368,-200.36622619628906
1918720,-202.7530975341797
1919552,-114.84600067138672
1919936,-139.0857391357422
1920320,-495.850341796875
1921664,-180.82833862304688
1921856,-182.14688110351562
1923328,-172.88600158691406
1923584,-163.9841766357422
1923936,-171.1978302001953
1924192,-197.57083129882812
1925280,205.1494140625
1925920,-366.9606018066406
1926720,-206.66322326660156
1927264,-117.45966339111328
1930240,209.17568969726562
1931040,-247.41329956054688
1931168,-162.4852752685547
1931648,-136.02261352539062
1931744,104.6973648071289
1932320,-157.6640625
1933120,-131.37136840820312
1933440,-136.32672119140625
1934560,207.8425750732422
1937504,184.3587188720703
1938048,-150.4375
1938944,-227.0782928466797
1938944,-259.2032775878906
1940224,-122.79817199707031
1941024,242.76937866210938
1941216,-221.4228973388672
1941536,-149.13711547851562
1941568,-99.4054183959961
1941696,226.66952514648438
1942848,-88.18885040283203
1944224,-259.1813049316406
1944416,-195.01283264160156
1945376,-23.728057861328125
1945632,-252.5429229736328
1945856,-98.78804016113281
1946112,191.16600036621094
1946464,-149.6876220703125
1946880,-149.91078186035156
1947648,-118.40399932861328
1947680,-111.08537292480469
1949728,60.7062873840332
1950368,-133.8551025390625
1950432,182.34120178222656
1952064,-247.0378875732422
1952480,-197.08384704589844
1953408,221.89675903320312
1954688,-688.0407104492188
1957536,103.82173919677734
1957760,188.677734375
1957824,-170.5323486328125
1959968,-261.3823547363281
1960448,-201.1409454345703
1960928,-211.22662353515625
1961248,-131.89231872558594
1963296,-141.2091522216797
1964928,-124.06884765625
1965120,-77.61746978759766
1965440,-386.1859130859375
1965920,153.81907653808594
1966176,-132.21273803710938
1967328,-246.26263427734375
1967968,-149.84385681152344
1968384,149.94361877441406
1968992,-153.99192810058594
1969856,-280.36529541015625
1970432,-85.70494842529297
1970528,-557.9736328125
1971072,-178.4672088623047
1972192,-507.52215576171875
1972768,-140.84275817871094
1974176,103.428466796875
1974976,-175.2113494873047
1975904,181.65118408203125
1977664,7.736720085144043
1977728,-104.98340606689453
1978080,-124.01696014404297
1978592,-153.0704345703125
1980960,-176.27479553222656
1981152,-157.18655395507812
1981568,-39.05060577392578
1981600,-111.58116912841797
1986528,-130.95223999023438
1987680,-199.5950164794922
1988896,-579.3897094726562
1991360,-94.71309661865234
1991840,-112.00630187988281
1993376,-173.56625366210938
1993408,-144.15371704101562
1994272,-130.77716064453125
1994432,-186.8306884765625
1995168,-47.14474105834961
1996832,-395.0008544921875
1996928,-125.64336395263672
1999616,264.1883544921875
1999872,-122.90149688720703
2000096,-93.22288513183594
2000800,100.97342681884766
2002176,-187.20848083496094
2005024,196.25689697265625
2005312,-274.6349182128906
2007584,-169.47894287109375
2008000,-99.27539825439453
2008160,-249.4613800048828
2009088,-87.5051498413086
2011648,-73.96533966064453
2012448,-134.26055908203125
2014624,1.603501796722412
2016608,-99.85612487792969
2017312,115.75878143310547
2018784,225.4788360595703
2019616,247.29827880859375
2019648,-126.44727325439453
2020000,-120.94148254394531
2020384,227.4197540283203
2020480,260.93988037109375
2021984,-187.2990264892578
2022336,-65.92781066894531
2023040,-130.11122131347656
2024928,-4.349466800689697
2025152,62.455326080322266
2025824,218.576904296875
2026272,-118.4685287475586
2027616,-174.03414916992188
2027840,-115.56851959228516
2030368,88.866943359375
2030496,-159.28854370117188
2030688,-140.49795532226562
2030816,-41.76384735107422
2033344,53.685306549072266
2033856,-172.47256469726562
2034080,-149.80233764648438
2035072,182.4770965576172
2035712,93.97555541992188
2036096,-351.6236877441406
2037088,-124.81411743164062
2038624,123.58930969238281
2039328,-122.45252990722656
2039488,-139.40927124023438
2039904,-211.16415405273438
2041408,188.26837158203125
2041600,-132.81036376953125
2042400,-112.00859832763672
2044768,-171.37277221679688
2045216,-116.10841369628906
2046528,217.08224487304688
2047168,-164.8115997314453
2049376,-201.2270050048828
2049856,210.19346618652344
2050624,-157.92730712890625
2050656,-34.68473815917969
2051264,239.08897399902344
2053408,-35.4647102355957
2053728,-210.2174835205078
2054848,-129.33348083496094
2055008,-166.79380798339844
2055264,-147.9482421875
2055552,-124.8137435913086
2055744,-171.93814086914062
2059552,-104.35212707519531
2059776,-134.04502868652344
2061248,235.24578857421875
2061472,-364.2566833496094
2062816,-144.14065551757812
2062976,186.61968994140625
2063616,-109.7864761352539
2064576,-103.99495697021484
2065024,-156.55780029296875
2066176,-181.2265167236328
2066208,80.88191986083984
2066240,-6.076895713806152
2067456,-308.5807189941406
2068288,-157.8406219482422
2069632,-315.47833251953125
2069952,-193.5386505126953
2071136,-178.90061950683594
2072992,-237.37478637695312
2073920,-121.05150604248047
2076384,-129.6486358642578
2076832,-120.27519989013672
2077760,-135.5289306640625
2080192,215.77914428710938
2082048,-137.54051208496094
2082464,168.19100952148438
2083456,-148.39849853515625
2084224,-245.15493774414062
2084896,-200.01043701171875
2086720,217.4893341064453
2087328,92.0115966796875
2088096,-112.92168426513672
2088928,-145.29049682617188
2090272,202.89578247070312
2090496,-110.31552124023438
2093248,-176.97860717773438
2094080,-191.0561981201172
2094080,-160.6802520751953
2095104,-152.62014770507812
2098208,-136.1436004638672
2099296,-125.17533111572266
2100096,-165.79220581054688
2100896,-159.06028747558594
2100928,-187.3079376220703
2101984,-229.23699951171875
2102336,201.30694580078125
2103392,73.59819793701172
2104832,-118.40220642089844
2107136,-121.8200912475586
2107232,277.8735656738281
2107520,-115.7873306274414
2109536,-159.28143310546875
2109888,-44.97932052612305
2110496,-171.248779296875
2111200,-176.03977966308594
2111392,-333.11407470703125
2111392,-120.13542938232422
2112096,149.58155822753906
2114624,-224.24880981445312
2115328,-249.259765625
2116448,215.1603240966797
2117824,214.24002075195312
2118176,-178.05125427246094
2118336,-394.7017517089844
2119200,215.11119079589844
2120544,-172.10935974121094
2121408,-170.55751037597656
2121440,-105.9804458618164
2121632,110.59933471679688
2121824,-193.86328125
2123872,-177.530517578125
2123904,-290.8419189453125
2124416,-271.6603698730469
2125216,216.56161499023438
2126048,-471.1900329589844
2126304,-149.54226684570312
2128800,-141.51156616210938
2129440,223.56353759765625
2129696,-129.43206787109375
2132032,-226.55531311035156
2132960,-236.62860107421875
2134080,-362.7683410644531
2136352,-157.0867919921875
2136768,-188.41445922851562
2136928,20.04578971862793
2138688,219.98971557617188
2139840,-7.073239803314209
2140000,139.62245178222656
2141248,83.77847290039062
2144896,-190.4155731201172
2144928,-200.78797912597656
2145216,-297.0069580078125
2147744,223.60728454589844
2147808,-406.4683532714844
2148352,-13.19616413116455
2149984,62.64970397949219
2150208,219.9209442138672
2150304,-403.56683349609375
2150624,-111.07022857666016
2151712,-110.86219787597656
2153120,-397.6314392089844
2153216,-179.53396606445312
2153568,-139.42723083496094
2154560,-135.8860321044922
2154912,-103.30147552490234
2154944,-226.56529235839844
2156320,-485.0641174316406
2158368,-114.52174377441406
2158656,-114.1802749633789
2160160,-153.8090362548828
2160928,-249.090087890625
2161216,220.41372680664062
2161792,-158.9565887451172
2162112,-246.83131408691406
2163392,-347.5285339355469
2163840,-414.773193359375
2165152,249.59906005859375
2165664,-457.1945495605469
2166304,-184.1902618408203
2166848,219.55337524414062
2167936,-233.7764434814453
2169824,85.10807037353516
2170080,-199.9670867919922
2171392,-98.89544677734375
2172576,222.37107849121094
2174720,194.1903533935547
2174912,192.5055694580078
2175072,-361.6238098144531
2175392,180.31674194335938
2175680,-134.0604705810547
2176096,-353.5865478515625
2176288,-127.13739013671875
2178880,-77.22697448730469
2179296,-134.88340759277344
2180224,-143.50619506835938
2181376,97.75296020507812
2182368,-135.1665802001953
2182944,-658.23681640625
2183392,-103.29400634765625
2184160,219.9545135498047
2185504,-380.9277648925781
2187104,-239.63458251953125
2187136,132.16282653808594
2187168,-105.77909851074219
2188736,-205.94296264648438
2188736,-117.86083984375
2189120,-324.8137512207031
2189344,-152.16433715820312
2189568,-161.3272247314453
2190240,-215.31558227539062
2191936,-82.22840881347656
2192288,-130.5120849609375
2195584,-104.59136199951172
2195840,-115.74815368652344
2196448,-139.87307739257812
2198464,107.06594848632812
2198880,-199.57740783691406
2199200,-148.51068115234375
2199424,-143.52259826660156
2200064,-130.1400909423828
2201600,227.8440399169922
2201632,-95.96133422851562
2203232,-127.03458404541016
2203712,-106.66512298583984
2204576,-144.1266326904297
2207840,-391.9166259765625
2208352,-90.46046447753906
2208640,-137.42230224609375
2209216,81.5080337524414
2212128,177.62261962890625
2214400,-159.46243286132812
2214560,-153.1617889404297
2214720,-115.2281494140625
2215008,-131.875244140625
2216032,-181.28668212890625
2216416,213.11050415039062
2216544,115.68174743652344
2216992,-239.80145263671875
2217664,-210.90408325195312
2218432,195.0070037841797
2219264,-144.49627685546875
2219360,-143.067138671875
2219872,-133.7019805908203
2221696,-211.77099609375
2223040,12.458012580871582
2223424,150.6310577392578
2225152,-134.19349670410156
2225312,-100.21172332763672
2227616,205.7698516845703
2228064,-137.87489318847656
2228544,-308.4165954589844
2228864,-148.69554138183594
2228896,107.59922790527344
2229472,96.05423736572266
2231296,-98.00324249267578
2231488,127.61219787597656
2231904,-147.9813690185547
2232000,-191.08633422851562
2232352,-494.4325866699219
2233312,-150.0630340576172
2233728,101.34834289550781
2234208,-26.650554656982422
2236448,-94.63666534423828
2238688,-135.20167541503906
2238688,124.9748306274414
2239008,-179.8876953125
2240288,231.98167419433594
2242560,-4.739271640777588
2243360,-178.73651123046875
2244800,-289.7010498046875
2246208,66.18187713623047
2246240,97.25099182128906
2246400,-175.01756286621094
2246560,-104.7520751953125
2247744,-148.84083557128906
2249344,-104.51067352294922
2249888,-128.08969116210938
2250432,-125.47415161132812
2250848,-141.344482421875
2251040,208.26014709472656
2251424,-459.2995910644531
2251488,-155.97537231445312
2252000,-170.39602661132812
2252352,-144.90744018554688
2252800,-177.44320678710938
2253376,127.18787384033203
2253632,-147.5912322998047
2257376,-167.02902221679688
2259360,102.31468200683594
2259360,-641.422119140625
2260032,-181.1796875
2261248,-137.9597625732422
2261856,232.67906188964844
2263296,-59.516578674316406
2263488,-155.65106201171875
2263520,-146.71963500976562
2265024,-389.6450500488281
2266496,-214.41217041015625
2268032,-88.84424591064453
2268384,-128.51373291015625
2269504,-187.21209716796875
2269696,188.1481170654297
2270720,-106.56016540527344
2271296,-173.43099975585938
2272352,-113.2780990600586
2274112,-225.6809844970703
2276000,-250.46632385253906
2276544,222.72984313964844
2277824,-125.67457580566406
2278144,-81.26362609863281
2278592,-112.41162872314453
2279072,-245.58663940429688
2280320,242.56100463867188
2281440,171.96559143066406
2282432,-208.72315979003906
2283104,-85.40459442138672
2283136,-40.247886657714844
2284288,-199.85455322265625
2284384,-128.9271697998047
2284480,94.11823272705078
2285856,170.56112670898438
2286112,-175.15338134765625
2287264,-91.02159118652344
2289856,-18.179988861083984
2290560,145.59996032714844
2291520,-100.93130493164062
2291616,-180.2869873046875
2295136,-102.76520538330078
2296256,-126.38684844970703
2296288,-184.4677276611328
2296736,-238.1952362060547
2297760,-149.45216369628906
2297920,-184.55123901367188
2298368,-590.5278930664062
2300512,-165.32330322265625
2300736,-155.59197998046875
2300864,-151.09169006347656
2301696,-109.66468811035156
2301888,5.683928489685059
2304192,-342.061279296875
2304736,187.01531982421875
2305344,-167.34104919433594
2308704,-157.6680145263672
2308736,-337.447998046875
2309248,-366.3480529785156
2309504,-136.19432067871094
2309632,-115.0369644165039
2311136,-166.6062469482422
2312800,-169.8926239013672
2312832,237.25881958007812
2312832,-124.21121215820312
2313664,-136.0825958251953
2320288,219.19544982910156
2320416,-380.19354248046875
2321792,-139.0817108154297
2321920,-216.4176788330078
2322656,-137.38162231445312
2325344,-179.6540985107422
2327872,-153.35443115234375
2330176,-1.6291069984436035
2330848,-207.4313201904297
2331904,-114.18849182128906
2333248,-229.0338592529297
2334400,-104.8450927734375
2335904,204.53048706054688
2336608,-117.89446258544922
2337152,-116.22522735595703
2337728,-149.95654296875
2339392,-130.41036987304688
2340672,-225.8379669189453
2340960,-129.05917358398438
2341728,-114.8021469116211
2341760,-231.81417846679688
2343680,-453.90008544921875
2344384,224.29672241210938
2345568,-190.24551391601562
2348096,-187.47802734375
2349056,-249.41354370117188
2349088,-21.048234939575195
2353728,-395.5002746582031
2357408,109.06776428222656
2357504,187.47964477539062
2358560,-176.87538146972656
2359488,180.68153381347656
2360288,-93.52994537353516
2362304,-109.11524963378906
2363360,47.13112258911133
2363392,-132.1805419921875
2363520,37.15283203125
2363712,200.2506561279297
2364576,-145.6129608154297
2364608,-198.22352600097656
2365024,223.6715850830078
2365376,44.8498649597168
2366240,-123.38076782226562
2366528,-155.07931518554688
2366528,-129.0670928955078
2367392,-163.78477478027344
2368384,-106.54882049560547
2369632,-106.3674545288086
2369792,-118.54090118408203
2371232,-148.8402557373047
2371552,-461.3307189941406
2373344,-150.77903747558594
2374144,-553.8800048828125
2375200,-102.60018157958984
2375872,-166.1786346435547
2376064,-332.2908020019531
2376160,-187.02330017089844
2378208,-151.89930725097656
2379680,177.45091247558594
2381632,-140.5666046142578
2381952,-184.60614013671875
2382496,-165.37347412109375
2382944,-200.9300537109375
2383072,126.19190216064453
2383936,-494.87982177734375
2384128,-247.80416870117188
2384128,-92.2994613647461
2384928,-116.52428436279297
2386272,-173.09588623046875
2386400,-127.38323211669922
2387648,-216.64620971679688
2388960,-138.6420135498047
2389088,-184.853515625
2390080,-295.8971862792969
2390816,-153.92727661132812
2391776,-335.5834045410156
2393216,101.98089599609375
2393216,-277.98931884765625
2393984,-141.6662139892578
2394592,-196.0790252685547
2397120,168.6561279296875
2397792,-483.45770263671875
2399456,194.94369506835938
2402400,-162.10794067382812
2403136,-221.96240234375
2403488,-102.047607421875
2404544,212.50320434570312
2404576,-115.6627426147461
2405120,-177.17364501953125
2405920,137.24098205566406
2406272,-141.6397247314453
2406432,197.0003662109375
2407936,259.5897216796875
2410304,-100.77371215820312
2410336,229.57757568359375
2410560,-151.65029907226562
2411168,-123.44538879394531
2411168,-121.95856475830078
2411648,-110.803466796875
2412064,-113.57259368896484
2413120,-109.10792541503906
2413888,-191.95266723632812
2414432,-164.94342041015625
2415392,-92.8916244506836
2416864,237.4951629638672
2417056,-126.84040069580078
2418016,-117.385009765625
2418432,-122.56810760498047
2418592,-125.5812759399414
2420864,-146.6978759765625
2421056,-374.08184814453125
2423168,231.17306518554688
2424352,-127.32755279541016
2424640,-229.5657501220703
2424704,187.74609375
2424864,-201.4973907470703
2425088,-358.5931701660156
2426208,-136.59063720703125
2429344,234.7220458984375
2430112,57.740638732910156
2430208,-181.8611602783203
2430944,154.55149841308594
2431552,-84.56334686279297
2432032,-200.74008178710938
2433632,-120.59993743896484
2434976,-197.17816162109375
2435360,112.7248306274414
2437600,-151.03216552734375
2439136,98.74628448486328
2439328,229.3574981689453
2439648,-128.2255859375
2439936,-400.7199401855469
2440352,-113.66402435302734
2440736,-187.9282989501953
2440768,60.11918258666992
2442816,216.11143493652344
2445952,108.09862518310547
2446080,234.96826171875
2447136,145.62144470214844
2447168,-461.5419616699219
2447584,-82.677734375
2448192,-432.7375183105469
2448608,214.75880432128906
2448672,-255.3170623779297
2450144,253.1444854736328
2450592,-140.8131561279297
2451040,-146.16941833496094
2452000,-189.50877380371094
2453824,218.99908447265625
2454624,-174.63705444335938
2454688,-220.312255859375
2454784,-128.74461364746094
2455040,185.1377716064453
2455808,-270.4707946777344
2456000,85.17158508300781
2456768,-34.63302230834961
2457472,-122.34788513183594
2457856,-79.72354888916016
2458976,173.66079711914062
2459776,-151.02105712890625
2460608,-209.51580810546875
2461408,96.69229888916016
2463552,-173.32125854492188
2465184,-186.15206909179688
2467648,-293.8638916015625
2467680,204.39117431640625
2468000,-123.7437515258789
2468000,-160.71437072753906
2468960,-326.0091552734375
2468992,-171.47076416015625
2469312,-204.2396240234375
2470880,-100.46956634521484
2472032,185.1107635498047
2472672,-140.0497589111328
2473248,-413.53564453125
2473312,-267.63751220703125
2473984,212.4622039794922
2474880,-416.4215393066406
2478400,-146.84243774414062
2483392,-341.3792724609375
2483904,-101.84271240234375
2484224,214.49407958984375
2484672,108.00509643554688
2485536,-166.3077392578125
2485920,-127.17263793945312
2487680,-135.5008544921875
2487776,-99.8708267211914
2488960,238.6077880859375
2489792,-600.36181640625
2490624,-134.64828491210938
2492416,-151.49884033203125
2492928,-123.66987609863281
2493632,-122.7449722290039
2495776,-122.46146392822266
2498560,-125.06026458740234
2498752,-521.3201904296875
2499072,-208.23272705078125
2500608,140.86517333984375
2501600,-142.5931396484375
2502112,-397.8579406738281
2502240,-370.1566162109375
2502528,-184.62094116210938
2502944,-148.435302734375
2505824,-173.41090393066406
2506112,-181.59059143066406
2507104,-461.4231872558594
2507104,-105.68635559082031
2508320,182.6981658935547
2508864,-161.7952117919922
2509920,-133.01507568359375
2510144,-125.32029724121094
2511616,197.0813446044922
2512896,65.0811996459961
2513312,-374.1688537597656
2513312,86.0949478149414
2513888,-299.3504943847656
2514080,-115.22897338867188
2514240,-294.454833984375
2516480,-307.6567077636719
2516544,-170.2505340576172
2517120,-42.55695724487305
2517440,-284.59222412109375
2517568,-188.25140380859375
2518112,-138.05722045898438
2521344,130.03248596191406
2521888,-208.13336181640625
2522144,-205.703369140625
2522656,195.96112060546875
2524480,-120.4500732421875
2525376,-176.79428100585938
2526016,109.82442474365234
2526560,-59.646026611328125
2527168,-125.25452423095703
2527264,-210.93096923828125
2527680,-136.1245574951172
2527680,-171.21751403808594
2528192,-119.50293731689453
2529024,-207.6302490234375
2529920,-418.11138916015625
2530176,225.94175720214844
2531936,-192.78810119628906
2532160,-178.98605346679688
2533792,-377.41754150390625
2533792,5.098052978515625
2534400,-214.7498016357422
2535104,-173.52674865722656
2535520,236.1238555908203
2535520,-127.50054168701172
2536640,163.5601348876953
2537568,108.55429077148438
2538464,-162.2532196044922
2539008,54.3647575378418
2539168,237.1343536376953
2540640,-106.63142395019531
2542048,-155.20094299316406
2543488,-107.42762756347656
2546144,98.13204956054688
2546592,-137.95578002929688
2547200,-170.31488037109375
2547584,-398.85614013671875
2547904,-153.56878662109375
2548160,-310.5152282714844
2548640,-96.99442291259766
2549920,-168.56118774414062
2552096,-132.78086853027344
2552096,-154.9009552001953
2553440,-79.79248809814453
2555264,-181.25552368164062
2555552,-108.92042541503906
2556992,-68.1740951538086
2557024,119.85061645507812
2557664,-153.64773559570312
2557824,-195.91847229003906
2557920,-104.47162628173828
2558592,211.16590881347656
2558656,-127.0496826171875
2560608,-190.6428680419922
2561504,-57.65306854248047
2561760,96.93212127685547
2562048,-100.73562622070312
2566496,91.90525817871094
2569536,-123.07677459716797
2569920,-205.04110717773438
2570208,-193.64614868164062
2570784,-141.8564910888672
2573120,-141.24954223632812
2573504,-239.79550170898438
2575168,-164.17848205566406
2577184,110.53501892089844
2577824,232.211181640625
2577856,-231.530517578125
2579968,-85.80719757080078
2580000,195.3556671142578
2580640,-123.87517547607422
2583392,196.4746551513672
2584032,-116.10564422607422
2584832,-174.00106811523438
2585056,-133.77957153320312
2585664,-138.28138732910156
2585888,-111.47702026367188
2585984,-136.93113708496094
2586720,-223.16004943847656
2587360,-718.76318359375
2588320,-207.1836395263672
2590464,-157.58657836914062
2590464,-147.607177734375
2590976,-160.30715942382812
2592032,-408.7997131347656
2593472,-142.4121551513672
2595264,-205.54795837402344
2599936,207.4836883544922
2601632,-392.74603271484375
2604096,-159.12118530273438
2604608,211.3177947998047
2604928,113.53795623779297
2606720,102.47891998291016
2607200,-161.84133911132812
2609024,145.39352416992188
2610272,-224.90052795410156
2610496,82.3217544555664
2610848,-157.41250610351562
2612864,230.81895446777344
2613632,-337.33367919921875
2614816,-153.85842895507812
2615392,-45.555816650390625
2615456,-175.86410522460938
2615904,57.596675872802734
2617248,-389.9771423339844
2621856,-190.09158325195312
2621952,-148.58099365234375
2623872,-167.12403869628906
2626272,-115.24371337890625
2627904,-124.95150756835938
2631040,-128.048583984375
2631872,19.198772430419922
2632288,198.91036987304688
2634048,130.84593200683594
2634304,87.92196655273438
2634976,-148.68829345703125
2635264,183.14161682128906
2635360,-124.13348388671875
2637280,-136.41224670410156
2640704,-104.35286712646484
2640864,-160.30258178710938
2640960,118.05577087402344
2641184,79.60691833496094
2642016,-114.99190521240234
2643072,-186.13455200195312
2644608,-127.06364440917969
2645152,-188.6394500732422
2646624,100.16143035888672
2646848,-138.7917938232422
2648192,-169.40115356445312
2648352,-134.3252410888672
2650624,-128.74986267089844
2652416,-155.41851806640625
2653088,17.447383880615234
2653984,-89.24283599853516
2654784,-100.676025390625
2654944,-109.55518341064453
2655072,-143.2705535888672
2655136,-3.7236900329589844
2655584,-139.3828125
2656768,-181.8318634033203
2657024,211.47508239746094
2658784,-214.13694763183594
2659040,209.082763671875
2660704,204.12203979492188
2661184,-185.89007568359375
2661312,-117.45693969726562
2662432,34.59988784790039
2662464,-167.42645263671875
2663936,-149.02816772460938
2664128,-377.77740478515625
2664384,126.92274475097656
2664544,-190.6428985595703
2664928,88.2590103149414
2664992,199.6245880126953
2666016,-103.5767822265625
2667168,-272.9561462402344
2667584,-125.1382064819336
2668128,-28.73383903503418
2670368,192.0410919189453
2673184,-158.489501953125
2674432,-115.93599700927734
2675968,-123.13729095458984
2676640,199.9604034423828
2678112,186.59141540527344
2678624,-173.38095092773438
2678912,-171.23809814453125
2680032,-195.40150451660156
2680256,-393.8424377441406
2681120,189.85923767089844
2682464,-111.73683166503906
2686272,-440.40228271484375
2686400,-124.36361694335938
2686528,97.35482025146484
2686816,-142.71844482421875
2687200,-140.46176147460938
2687328,-123.79681396484375
2688128,-136.68585205078125
2688480,-128.79676818847656
2689056,-154.04566955566406
2689152,-162.54751586914062
2689568,252.88201904296875
2690720,-130.91090393066406
2691808,-137.42971801757812
2692608,205.2422332763672
2692928,-165.8306427001953
2694496,-9.316271781921387
2694592,-83.6684799194336
2695232,-176.23292541503906
2695392,-127.65355682373047
2695744,178.82557678222656
2698912,-150.4403076171875
2699808,162.8667755126953
2699840,-117.40248107910156
2701504,-115.46696472167969
2702368,-124.38289642333984
2706080,-96.07831573486328
2706336,-139.951171875
2706400,-288.949951171875
2706464,102.44735717773438
2707744,-142.55899047851562
2708800,-35.020362854003906
2709952,161.29217529296875
2710560,195.49703979492188
2710880,-138.56703186035156
2711168,-303.6908874511719
2714464,205.19688415527344
2714624,-99.785400390625
2714752,-166.17189025878906
2716480,-166.5704345703125
2716640,-133.12554931640625
2717216,-137.20420837402344
2717600,-213.3016357421875
2717728,-243.89906311035156
2717888,78.09027862548828
2719392,-203.16683959960938
2719552,-110.93864440917969
2721152,-158.98731994628906
2722560,-137.05764770507812
2722976,-340.7796936035156
2723008,-197.3021240234375
2726912,213.22189331054688
2727232,-197.48736572265625
2727680,221.62767028808594
2727872,210.379638671875
2728352,-167.71670532226562
2728384,-122.08462524414062
2729664,48.13309097290039
2730144,-106.88804626464844
2730944,-262.27093505859375
2731776,-128.39666748046875
2732576,-171.24156188964844
2733472,-174.81472778320312
2734304,-131.79359436035156
2734688,150.14476013183594
2734912,-143.93728637695312
2735488,87.63204956054688
2735680,-19.448772430419922
2736352,-45.41792678833008
2736704,-146.6378936767578
2737536,129.69558715820312
2738592,-184.7462615966797
2738688,-186.82814025878906
2740832,-157.82875061035156
2741856,-126.3534164428711
2742048,104.43452453613281
2742592,-143.60269165039062
2742624,-149.76620483398438
2743584,-292.6435546875
2745280,-138.48587036132812
2746272,-121.0396957397461
2746656,-105.42854309082031
2747808,184.1414794921875
2747904,-155.96376037597656
2748512,-172.4090118408203
2748544,-146.21804809570312
2748608,96.05775451660156
2748832,-351.537109375
2756224,-97.03152465820312
2756320,-213.7503662109375
2756608,107.39080047607422
2758080,-196.0771942138672
2759072,-246.36602783203125
2760256,-388.51995849609375
2760384,178.89369201660156
2761952,210.9667510986328
2762016,234.88165283203125
2762560,-424.2520446777344
2764800,240.90968322753906
2765152,-151.57614135742188
2765920,-133.85049438476562
2765984,-158.80088806152344
2766016,-357.6645202636719
2766688,-168.46510314941406
2767008,-99.55139923095703
2767520,204.6422576904297
2768736,-118.66117858886719
2769472,241.67425537109375
2770080,-248.49400329589844
2771136,-109.81754302978516
2772992,185.56008911132812
2773024,-119.71475982666016
2773248,-94.59127044677734
2773824,-190.6727294921875
2774656,-156.709228515625
2775136,28.2941837310791
2775872,-180.54283142089844
2778048,-637.4940795898438
2779040,193.1927947998047
2780704,-157.848388671875
2780896,94.15929412841797
2781920,74.97937774658203
2782656,-107.74842834472656
2783424,-561.4222412109375
2784896,-135.09732055664062
2786336,-121.09538269042969
2786432,-121.51045227050781
2788352,-152.25424194335938
2788736,-113.70883178710938
2789760,226.570068359375
2790688,-169.43832397460938
2793824,-150.9486541748047
2794144,-389.5227966308594
2795008,-22.18094825744629
2795488,-133.2410888671875
2795808,-241.937255859375
2796224,231.16146850585938
2797344,-109.19921112060547
2797824,-132.95751953125
2799136,-181.71493530273438
2799552,-165.04531860351562
2801504,-116.63908386230469
2801824,241.1199493408203
2804128,-148.3631591796875
2804448,125.19121551513672
2804736,130.7390899658203
2806048,104.5861587524414
2807296,-92.4204330444336
2807296,-98.82269287109375
2807296,-164.8258056640625
2807616,-172.7439422607422
2808096,-151.16400146484375
2808896,-398.2383728027344
2810656,-360.135498046875
2811072,-318.4840393066406
2811520,-174.20175170898438
2811648,-265.71087646484375
2811968,-161.0595703125
2812128,-394.42071533203125
2813600,178.81044006347656
2814400,-119.52843475341797
2814656,-179.59654235839844
2815104,249.06019592285156
2818528,-202.7012176513672
2818624,-179.06478881835938
2820416,232.70115661621094
2821344,-135.79811096191406
2821664,181.33570861816406
2821856,-129.4432373046875
2822272,-172.1707305908203
2822976,-137.80267333984375
2824992,90.80503845214844
2825216,196.08782958984375
2825344,-84.93830108642578
2825728,127.17559814453125
2826624,-157.57395935058594
2826656,-132.75103759765625
2828032,63.49116516113281
2828448,-156.39178466796875
2829504,86.115966796875
2829632,-133.14321899414062
2829920,157.22427368164062
2832384,-172.14334106445312
2833920,117.9598388671875
2833952,-175.79620361328125
2834112,156.3861541748047
2834400,-173.94276428222656
2835584,204.5207977294922
2835584,90.50005340576172
2836640,-283.19110107421875
2837312,195.84561157226562
2839008,-98.91463470458984
2840608,-147.26573181152344
2840864,-193.698974609375
2841376,191.06105041503906
2842464,34.29431915283203
2843680,93.19331359863281
2844576,153.45201110839844
2844704,215.85801696777344
2845568,127.04884338378906
2845632,-130.32427978515625
2846432,-147.493896484375
2850816,-391.615234375
2852000,-105.87779235839844
2854336,-155.93829345703125
2854912,180.92086791992188
2861088,-99.99059295654297
2863424,223.82012939453125
2864832,-159.86712646484375
2865088,-301.012451171875
2866368,-218.66412353515625
2866912,-223.6794891357422
2868192,76.30195617675781
2868864,-133.43899536132812
2869568,-125.85623168945312
2871808,-193.28298950195312
2873888,-464.4866638183594
2874400,-127.35057067871094
2874880,-125.10614776611328
2877248,150.6662139892578
2877888,-231.45562744140625
2879936,-121.56006622314453
2881536,-87.11800384521484
2881632,181.41465759277344
2882688,-109.51163482666016
2883456,-115.55064392089844
2884480,-127.45707702636719
2884768,-131.93154907226562
2884992,-134.81858825683594
2886048,-129.67535400390625
2886336,220.83786010742188
2888768,83.98863983154297
2889216,225.84092712402344
2890304,193.8181610107422
2891552,-120.75963592529297
2891840,212.61788940429688
2893024,-118.84227752685547
2893120,-126.57622528076172
2893824,-169.57887268066406
2894080,29.332977294921875
2894272,-95.59526824951172
2895712,-106.14868927001953
2896288,-139.61697387695312
2896352,226.14830017089844
2898400,-248.53395080566406
2898592,201.90296936035156
2899168,-342.0867614746094
2899872,193.28016662597656
2900352,-127.62244415283203
2900384,217.1453094482422
2900704,-141.0720672607422
2900864,208.96096801757812
2901376,-163.7804412841797
2903552,240.23797607421875
2904224,-192.48928833007812
2904576,-155.5977783203125
2904800,205.505615234375
2904992,-267.1090393066406
2905248,197.13377380371094
2907232,-154.22532653808594
2907456,64.6884994506836
2908544,-124.80580139160156
2910656,-141.8612823486328
2910848,-180.01991271972656
2911488,-135.427734375
2911808,-187.78297424316406
2911872,-238.58348083496094
2913536,-498.7822265625
2915328,-139.44305419921875
2916352,220.94613647460938
2917056,203.28158569335938
2917696,129.98719787597656
2918784,-115.09828186035156
2919680,234.75439453125
2919776,-115.5348129272461
2920160,-119.80204772949219
2920224,-164.26158142089844
2923808,-157.44723510742188
2924928,-71.44096374511719
2925088,178.67306518554688
2925504,180.8214111328125
2926432,-469.48455810546875
2926752,-280.9433288574219
2926848,73.93849182128906
2927296,0.8741116523742676
2927968,176.16653442382812
2931712,236.97036743164062
2933504,-203.30709838867188
2934080,-34.851985931396484
2935584,-136.6451873779297
2936096,220.96524047851562
2936768,-166.35800170898438
2937440,-247.13674926757812
2939232,-146.82705688476562
2940128,195.54161071777344
2941504,-306.96759033203125
2942016,-144.87628173828125
2944448,-122.08531951904297
2944896,91.19939422607422
2945440,169.2035369873047
2945856,77.78868103027344
2947776,-233.6805419921875
2949152,181.00502014160156
2949536,211.55767822265625
2950752,88.37842559814453
2950976,-109.01347351074219
2951616,-126.31817626953125
2952576,-163.54037475585938
2953920,-144.1578369140625
2953920,-521.494140625
2956000,157.3926239013672
2956640,-131.93934631347656
2956992,-143.3040008544922
2957152,181.45565795898438
2958016,-128.50851440429688
2958976,-150.7161865234375
2959136,-458.9109191894531
2959136,-123.28533172607422
2959200,173.29745483398438
2960416,-133.01112365722656
2961248,-201.13177490234375
2963392,-189.15684509277344
2963488,111.12044525146484
2963744,-117.74217987060547
2963776,225.41123962402344
2966240,-186.5782470703125
2967584,117.68795776367188
2968544,43.852577209472656
2968608,182.02127075195312
2971680,-165.05108642578125
2972672,232.6204376220703
2972832,-204.257080078125
2973056,241.9081573486328
2973472,-205.865478515625
2975264,166.70433044433594
2975616,-125.91090393066406
2975872,91.55487823486328
2976992,-245.31143188476562
2978208,-120.42786407470703
2978592,-125.26954650878906
2979488,-173.93075561523438
2980064,-130.97816467285156
2980416,-299.67333984375
2981248,-129.2269287109375
2982048,-244.3905792236328
2982752,-116.4058609008789
2982944,-187.5328826904297
2983072,117.9093017578125
2983776,223.44422912597656
2984576,-111.3005142211914
2985152,-105.28931427001953
2985408,-129.89852905273438
2986208,-1.4322878122329712
2988768,-422.8467102050781
2989056,-137.36614990234375
2990144,-143.74459838867188
2991776,-140.45008850097656
2991840,-164.27272033691406
2991936,-143.05299377441406
2992608,205.52642822265625
2993408,-236.288330078125
2994016,-172.68270874023438
2994976,-121.49314880371094
2995680,-160.33523559570312
2997376,-97.05587005615234
2998112,-181.74789428710938
2998720,-233.36912536621094
2999232,-175.7838897705078
2999648,235.0701141357422
3002272,212.5586700439453
3003872,-138.89793395996094
3004384,-190.43836975097656
3004608,207.1814727783203
3004640,-147.7518768310547
3005152,135.48580932617188
3005408,-178.6740264892578
3005984,-144.43240356445312
3007424,4.679840564727783
3007936,248.9174346923828
3008864,-126.54379272460938
3008896,192.6669464111328
3009120,-168.1890869140625
3010240,-126.17311096191406
3010624,-139.7650909423828
3010688,-170.0782012939453
3010880,-32.55495834350586
3010944,-205.23281860351562
3011040,-15.210488319396973
3011200,101.6359634399414
3011232,87.83318328857422
3013600,2.396778106689453
3013984,226.7483367919922
3014560,-155.40074157714844
3016928,-171.42385864257812
3019040,166.61074829101562
3019072,-164.716552734375
3019648,-199.74754333496094
3019648,75.98595428466797
3020544,114.50971984863281
3020896,-178.8966064453125
3020960,-364.03936767578125
3021216,-200.7030792236328
3021216,81.85803985595703
3022240,22.55632209777832
3023936,-209.5968780517578
3025504,-163.61512756347656
3028096,-602.409912109375
3029504,-184.88668823242188
3031008,-224.8880615234375
3033024,115.53961181640625
3034176,51.44361114501953
3034336,-33.74928665161133
3035840,-141.17698669433594
3035968,-116.7760009765625
3037216,194.76858520507812
3039104,-190.41282653808594
3039168,-198.90762329101562
3039488,-127.03003692626953
3042208,-144.22885131835938
3044992,224.18565368652344
3045024,-63.769378662109375
3046272,-133.5262451171875
3046304,-172.1353302001953
3046592,-125.24638366699219
3046720,-146.59942626953125
3047104,198.6843719482422
3047936,-115.56205749511719
3048416,80.8481216430664
3050112,128.63584899902344
3051104,-35.94390106201172
3051456,198.2825469970703
3051680,243.06446838378906
3051712,217.3137664794922
3052160,62.77214431762695
3052864,249.91531372070312
3053696,-154.06954956054688
3055488,-145.1566925048828
3056480,71.44120025634766
3058016,170.38719177246094
3058976,130.0558319091797
3060512,-124.03913116455078
3060960,186.78561401367188
3061216,-205.33151245117188
3061632,119.91845703125
3062976,-244.88458251953125
3065728,89.31783294677734
3066368,-146.15928649902344
3067296,-95.30313873291016
3067424,-149.8345184326172
3068384,-147.9386444091797
3068416,-94.5133285522461
3069408,197.92764282226562
3070176,-141.68792724609375
3071520,-239.980712890625
3072128,76.11149597167969
3072448,181.26589965820312
3073248,-188.63064575195312
3075328,-90.91715240478516
3077696,-164.93531799316406
3078016,-130.11241149902344
3078496,-137.06838989257812
3080064,-112.0551986694336
3080128,-33.517852783203125
3080352,-122.52420806884766
3081888,-26.778989791870117
3084160,82.17866516113281
3084416,-104.41102600097656
3084640,-198.38302612304688
3084928,-137.601318359375
3086080,-323.50555419921875
3086432,-128.0229949951172
3087296,-19.234737396240234
3088224,-138.61398315429688
3088640,251.5300750732422
3089312,-152.7006378173828
3089344,-173.65753173828125
3089856,-251.99574279785156
3090240,-14.492474555969238
3090336,-211.65472412109375
3092160,-90.4503173828125
3093216,-159.7823944091797
3094592,-176.57626342773438
3094912,-204.4732208251953
3097056,-171.85252380371094
3097472,128.96499633789062
3097856,121.26395416259766
3098176,-167.8593292236328
3098688,-149.49053955078125
3100160,-87.20077514648438
3100544,-279.2920227050781
3102752,-79.7862319946289
3102784,-175.4314422607422
3103104,-242.31748962402344
3104096,207.2759552001953
3104896,-191.47962951660156
3105248,-127.53411865234375
3105664,109.1939697265625
3105696,222.335205078125
3105728,-128.2386474609375
3105760,-134.29586791992188
3106144,-52.38927459716797
3107648,-218.86241149902344
3109856,-486.9606628417969
3112032,97.69718933105469
3112224,-177.0626220703125
3112384,206.0108642578125
3112608,-142.43099975585938
3113056,98.01424407958984
3113280,-84.10140228271484
3114688,183.93577575683594
3115360,-20.055313110351562
3116320,-151.11666870117188
3119296,-168.82681274414062
3119456,-164.5543670654297
3119520,-152.19830322265625
3119744,-275.820556640625
3120288,-86.496337890625
3120832,-162.11611938476562
3122048,216.08580017089844
3123104,-107.5062484741211
3124288,-0.3772040009498596
3124736,-695.8192138671875
3125440,180.29214477539062
3125952,-28.050703048706055
3125984,-200.21600341796875
3126464,-135.5968780517578
3126976,239.5231475830078
3127520,-35.24138641357422
3127552,-129.95423889160156
3128608,-134.68109130859375
3128960,202.85043334960938
3130048,-190.173583984375
3130240,-180.82029724121094
3132288,-153.24266052246094
3132928,-168.55950927734375
3134016,206.8250732421875
3134464,-128.8368377685547
3135360,-130.99085998535156
3135520,-308.681396484375
3136960,-145.07093811035156
3137408,-162.24607849121094
3137568,-156.33763122558594
3139840,-128.4804229736328
3140832,190.020751953125
3142112,77.13217163085938
3142816,-106.14712524414062
3144032,-228.01644897460938
3144512,-12.569592475891113
3145920,138.5781707763672
3146752,-47.137603759765625
3148160,23.692745208740234
3148480,198.63623046875
3148864,-114.24803924560547
3148992,-307.80963134765625
3150048,-115.67191314697266
3151296,-143.44442749023438
3152640,207.9524383544922
3153600,-134.21527099609375
3155104,68.81993865966797
3157664,-129.50811767578125
3158880,-154.14405822753906
3159648,-149.55162048339844
3160544,-214.13027954101562
3161664,214.56643676757812
3162496,208.7691650390625
3162656,219.3030548095703
3164224,-111.56885528564453
3165696,-152.60308837890625
3165888,-97.4769515991211
3166208,223.184814453125
3167232,-387.1284484863281
3169312,131.81085205078125
3169376,-147.9271697998047
3169856,-216.1833953857422
3171584,-227.59671020507812
3172896,-145.02859497070312
3175328,-20.820995330810547
3175456,-86.4046630859375
3175520,-259.112548828125
3175680,224.68325805664062
3176128,-133.1106414794922
3176992,-132.8588409423828
3178944,-220.2255401611328
3180800,-129.33480834960938
3181472,-3.4344265460968018
3183424,-99.13423919677734
3183648,-138.39956665039062
3186336,-143.88043212890625
3186752,214.31117248535156
3192512,-244.52783203125
3192704,-367.6100158691406
3193120,177.81935119628906
3194656,-169.22747802734375
3195328,189.83045959472656
3195360,75.87655639648438
3195648,89.19229888916016
3197440,-170.810302734375
3197536,-165.92225646972656
3197536,-129.60768127441406
3199456,228.64468383789062
3199648,235.48814392089844
3201440,111.43083953857422
3202208,-156.3961639404297
3204064,-147.52496337890625
3205472,-149.43191528320312
3207520,104.7846908569336
3208416,-160.3357391357422
3208992,199.80258178710938
3211200,-121.86956787109375
3211616,-157.52407836914062
3212288,-152.18136596679688
3213088,-145.14019775390625
3213536,7.357288360595703
3214176,-181.81472778320312
3215264,-123.32377624511719
3215392,-189.99708557128906
3215392,-120.0767822265625
3215840,208.22509765625
3216448,161.14256286621094
3216928,-88.52726745605469
3217216,187.71206665039062
3217248,229.94509887695312
3217920,-27.727331161499023
3220960,-171.0752716064453
3222272,-159.5221405029297
3222336,-115.63569641113281
3224096,182.22268676757812
3224256,228.28004455566406
3225056,-216.05157470703125
3225600,-86.206787109375
3226176,-123.08992767333984
3227712,-146.6519317626953
3228032,-135.41238403320312
3229856,-380.5078430175781
3229920,177.58917236328125
3230432,-148.64822387695312
3231008,187.1427764892578
3231104,-112.61627197265625
3231616,106.1466064453125
3232672,29.068662643432617
3233248,-194.66232299804688
3233568,-111.96971893310547
3233600,-192.43185424804688
3233696,-233.111328125
3236320,-189.08660888671875
3237344,-135.5693359375
3237760,204.32017517089844
3238240,-124.6664810180664
3238848,-111.7548599243164
3241120,-189.29039001464844
3241600,220.16664123535156
3244096,206.60899353027344
3244640,165.89234924316406
3244640,-141.3878173828125
3246528,48.613494873046875
3246560,99.96501159667969
3250336,-125.90853118896484
3251392,216.24986267089844
3252192,-198.055908203125
3254112,136.2437286376953
3255776,-113.99240112304688
3257952,36.49258804321289
3258240,-118.59733581542969
3259456,-149.69073486328125
3259616,-147.94004821777344
3261728,-142.442138671875
3263712,-165.39459228515625
3264544,-96.75386047363281
3266208,226.56057739257812
3266880,181.62527465820312
3268000,-94.3419418334961
3270816,-369.32470703125
3271968,98.43365478515625
3274976,116.90625762939453
3276608,-167.22940063476562
3277216,-158.05641174316406
3280064,-136.35018920898438
3281184,192.4249267578125
3282336,-158.56105041503906
3283424,-167.98460388183594
3283744,-141.04209899902344
3285344,193.1556854248047
3285664,-150.59974670410156
3288160,-156.57427978515625
3289760,201.33021545410156
3291232,-141.26889038085938
3292384,-153.07522583007812
3292512,227.535888671875
3292704,130.43370056152344
3294176,196.07174682617188
3294912,-114.38427734375
3296224,-165.32919311523438
3297600,-183.52516174316406
3297856,122.55659484863281
3299168,-438.2997741699219
3300064,-191.6260223388672
3300640,-128.2428436279297
3300896,211.70465087890625
3301376,89.15302276611328
3301696,-133.4349365234375
3302432,-203.32388305664062
3302592,-131.61941528320312
3302720,-136.76522827148438
3303616,-133.2272491455078
3304320,183.371826171875
3305056,-200.0267791748047
3308448,-397.7380676269531
3313856,177.81698608398438
3314400,-148.7879180908203
3315552,-180.6396026611328
3317728,-301.7821044921875
3317824,-334.3039245605469
3317984,-181.34674072265625
3321312,-120.01727294921875
3321408,-149.39926147460938
3321504,-130.37973022460938
3322112,-140.40802001953125
3322304,19.513870239257812
3323296,196.8842010498047
3323424,-134.17050170898438
3323616,-134.65921020507812
3323808,-160.5223388671875
3324864,80.74160766601562
3325408,208.58697509765625
3325472,-204.54632568359375
3327168,196.04647827148438
3327168,114.23340606689453
3334048,-4.601402282714844
3336032,181.488525390625
3336480,219.12808227539062
3341664,226.12879943847656
3342560,-161.51507568359375
3342944,-128.48973083496094
3344992,-165.65293884277344
3346784,-486.08148193359375
3348832,-7.909457206726074
3351520,188.7445068359375
3352288,-191.51943969726562
3352416,-184.49880981445312
3353024,-142.82867431640625
3353568,75.67858123779297
3355072,-254.01385498046875
3356544,211.05245971679688
3356608,-134.00282287597656
3357408,189.31875610351562
3357760,-148.41419982910156
3358944,-203.0207977294922
3362304,-111.72368621826172
3363040,212.25425720214844
3363136,215.0067596435547
3365024,-98.36859130859375
3365440,-193.17633056640625
3365792,-190.65992736816406
3366560,-137.29287719726562
3367360,184.06326293945312
3367808,-154.44215393066406
3367904,184.74656677246094
3369280,-141.42706298828125
3370368,207.06771850585938
3374400,102.46546173095703
3375552,183.2872772216797
3377216,-96.03167724609375
3377792,87.35250091552734
3379200,-255.37677001953125
3379392,232.1519317626953
3379648,234.09535217285156
3380288,248.82467651367188
3380704,-124.09003448486328
3381440,257.86474609375
3381504,-216.88214111328125
3383840,-150.02090454101562
3384608,-169.98785400390625
3385280,-239.53506469726562
3386144,-149.25253295898438
3386400,122.4024658203125
3388256,-124.39541625976562
3388352,-128.1870880126953
3392160,-126.49859619140625
3393440,110.88710021972656
3393920,90.2025375366211
3397568,-184.1676483154297
3398592,63.21662139892578
3398592,191.1867218017578
3399456,194.40139770507812
3400736,-183.85308837890625
3402496,-126.27079010009766
3402752,-119.87639617919922
3403456,-175.00181579589844
3405344,94.67776489257812
3405920,115.30192565917969
3406432,201.9951629638672
3406944,125.59619903564453
3407040,-163.4446258544922
3408128,83.576904296875
3408800,-212.4040069580078
3413088,191.74107360839844
3413888,-89.52496337890625
3415040,-144.2489013671875
3415872,-209.8563690185547
3417216,-158.84571838378906
3417216,95.05439758300781
3418432,-141.44146728515625
3419200,-90.46256256103516
3424320,-154.06044006347656
3424416,-157.99960327148438
3425952,-379.4908752441406
3425984,-149.1717987060547
3428512,-9.476848602294922
3428704,-218.67230224609375
3428800,-18.073440551757812
3429024,-124.220458984375
3436480,-177.22470092773438
3437056,-155.9350128173828
3437152,198.81309509277344
3437408,-422.56689453125
3437472,-125.35639190673828
3437920,-126.68084716796875
3439136,-227.60069274902344
3441408,-458.6004333496094
3441440,193.3815155029297
3442208,-156.43276977539062
3444512,-152.3323516845703
3444544,71.44497680664062
3444800,-111.3824691772461
3445248,177.59312438964844
3445760,-173.29180908203125
3445952,-382.4975280761719
3446272,-118.84803771972656
3447040,6.247626781463623
3447968,-162.68540954589844
3448640,112.29474639892578
3449792,192.6518096923828
3453216,-22.900287628173828
3455680,-175.7405548095703
3457184,-174.15512084960938
3458112,-153.0749053955078
3458560,-126.59683227539062
3458624,-156.36865234375
3460608,81.33919525146484
3460768,210.3363800048828
3461344,94.4220199584961
3462752,-174.14356994628906
3463776,-137.58135986328125
3463904,215.5480194091797
3465280,-138.04515075683594
3465536,232.10488891601562
3465792,-167.2051544189453
3465888,-294.82659912109375
3467008,-222.07931518554688
3467520,-175.73117065429688
3469376,-222.87875366210938
3470752,221.60826110839844
3470816,-240.2784423828125
3471168,-106.1430892944336
3472416,194.573974609375
3473952,212.3411407470703
3474880,-187.08351135253906
3475072,-179.11936950683594
3476064,-13.034074783325195
3477152,-172.51092529296875
3478144,-142.53732299804688
3478880,101.43201446533203
3478912,128.02145385742188
3480992,-206.43896484375
3483744,240.6417999267578
3484160,181.67666625976562
3484320,-445.3390197753906
3485504,182.615234375
3486752,-288.1609191894531
3486816,-137.0192108154297
3487776,-289.28289794921875
3488320,100.85490417480469
3488960,-145.80673217773438
3489280,-153.03175354003906
3489344,-160.19345092773438
3489632,-193.97415161132812
3490336,-231.15542602539062
3493792,107.27119445800781
3495808,92.13914489746094
3496128,187.78082275390625
3496160,-163.9409942626953
3497376,103.98970794677734
3497792,-567.7643432617188
3497824,114.3994369506836
3498368,-151.3449249267578
3498752,-170.64517211914062
3498816,-205.74827575683594
3499040,172.69432067871094
3500576,-168.55105590820312
3500928,-187.12095642089844
3502016,71.59437561035156
3503040,-152.70974731445312
3504352,103.74578857421875
3504544,-383.3473205566406
3505728,-214.6288299560547
3507392,198.29263305664062
3509504,-114.01688385009766
3510784,97.3826904296875
3510976,-143.0117645263672
3511648,-154.78262329101562
3511776,126.70263671875
3511840,-146.4187774658203
3513408,-167.6402130126953
3513504,-145.933349609375
3514336,93.82945251464844
3515232,125.6404800415039
3517632,103.11799621582031
3519520,-352.940673828125
3519552,219.95384216308594
3521408,-186.9360809326172
3522240,-221.72589111328125
3523136,183.4013671875
3523456,-259.415283203125
3524960,-252.3782958984375
3525184,-187.91648864746094
3526592,45.656646728515625
3527104,-117.94571685791016
3529600,-188.1719207763672
3530432,210.07821655273438
3531072,-135.73678588867188
3533664,169.78395080566406
3534624,200.952392578125
3535456,-124.9771728515625
3535616,-149.30313110351562
3536480,-9.512276649475098
3536608,-343.48681640625
3536864,-88.92112731933594
3537216,230.0482635498047
3537728,71.95704650878906
3538016,-208.71385192871094
3538240,70.89775848388672
3539616,98.2392807006836
3539616,-130.48898315429688
3539680,-118.88619232177734
3540256,-144.23635864257812
3541280,-10.461760520935059
3542080,-348.8297424316406
3543968,-188.82713317871094
3544288,-123.54158782958984
3544992,-278.2923278808594
3545248,-3.2548110485076904
3545664,-190.13125610351562
3545824,214.4899444580078
3546144,-208.2659912109375
3546720,190.39297485351562
3546944,-31.737751007080078
3548256,-178.35107421875
3548416,202.11529541015625
3548832,-155.6193389892578
3549472,-164.02682495117188
3550304,-9.35539436340332
3550880,-345.7165832519531
3551328,-105.27838897705078
3551968,-169.3297576904297
3552064,-163.9352569580078
3552672,-156.16249084472656
3552800,179.369384765625
3554272,224.7436065673828
3556032,-104.33651733398438
3556736,-131.39456176757812
3557056,-159.66275024414062
3557280,124.34412384033203
3562368,-163.53598022460938
3565280,-152.38491821289062
3566528,-152.88507080078125
3569472,-155.35874938964844
3571392,-109.91973114013672
3571744,-157.10543823242188
3572064,-131.48095703125
3572576,200.4116973876953
3572608,92.53522491455078
3573120,-425.3720397949219
3575872,-135.2942352294922
3576000,-134.8018035888672
3577248,-127.00027465820312
3579936,-145.14675903320312
3580288,227.91058349609375
3581120,-545.101318359375
3583328,224.6874237060547
3583680,181.30844116210938
3585280,-368.6251525878906
3585888,-126.50248718261719
3587680,-205.4044952392578
3588704,-322.1105651855469
3589120,-147.9251708984375
3590144,-295.1778869628906
3590176,-132.79624938964844
3591264,170.92111206054688
3592448,75.63182067871094
3592512,-220.85504150390625
3593056,172.55650329589844
3595040,-127.1329574584961
3595744,96.62633514404297
3597760,-81.32195281982422
3599424,103.69310760498047
3600000,121.2799072265625
3600736,-187.89491271972656
3602496,229.08297729492188
3602880,211.53123474121094
3608224,-102.31102752685547
3608672,196.87184143066406
3610144,242.46649169921875
3613600,134.27532958984375
3613952,199.05514526367188
3614528,84.42494201660156
3614976,212.91014099121094
3616160,32.9085693359375
3616864,-246.87310791015625
3616992,-156.33792114257812
3618848,-153.02993774414062
3618848,-100.50524139404297
3618976,-109.02181243896484
3619904,-170.75485229492188
3620352,-228.9434814453125
3622624,-129.4600067138672
3624288,-176.44642639160156
3624800,-189.79562377929688
3625344,-127.5155258178711
3625600,-141.964599609375
3625792,-223.75233459472656
3627712,127.36456298828125
3628032,-118.24609375
3629440,-13.620380401611328
3630496,-143.11351013183594
3631200,-114.88777923583984
3631680,160.07061767578125
3632192,-5.073567867279053
3632352,-24.610641479492188
3633600,-187.61949157714844
3633632,-524.2554931640625
3634016,-168.4022216796875
3634144,66.05911254882812
3634336,-103.35306549072266
3634752,-196.3978729248047
3634976,-196.95277404785156
3635840,181.8993682861328
3636288,221.8959503173828
3636896,209.69557189941406
3637248,203.37193298339844
3637280,-140.91111755371094
3637568,92.79826354980469
3638432,-373.19482421875
3639296,191.23976135253906
3640672,-86.11944580078125
3641952,137.06585693359375
3643680,-164.96783447265625
3644576,-156.0381622314453
3644640,210.15277099609375
3644832,109.30514526367188
3647104,-149.3961181640625
3647200,-197.45603942871094
3647424,-230.62672424316406
3648736,-42.73967742919922
3651200,65.11869049072266
3651648,96.78185272216797
3652032,-165.1793975830078
3652192,-128.7197723388672
3654400,104.74467468261719
3657568,177.82882690429688
3657856,215.9672393798828
3658624,192.923095703125
3659008,173.0405731201172
3659168,-106.8162612915039
3660480,-225.52320861816406
3661344,-110.63594818115234
3661696,-184.1524200439453
3662080,87.55329895019531
3662272,119.19902038574219
3662336,108.24028015136719
3662496,204.82522583007812
3662944,-428.5571594238281
3662976,79.97588348388672
3663040,201.7965087890625
3664384,-207.4391326904297
3665152,-154.8502655029297
3665280,208.12423706054688
3666944,-120.34950256347656
3666976,-165.6277313232422
3669024,-111.36209106445312
3670176,198.21556091308594
3670272,-145.49658203125
3670368,-248.5596923828125
3673280,16.244823455810547
3674656,-138.2844696044922
3677152,200.1924285888672
3679424,-189.1837921142578
3679968,-187.4244842529297
3680000,209.4241485595703
3680320,-145.1504669189453
3681536,92.162109375
3681760,-188.0592498779297
3683328,91.53919219970703
3683552,186.81924438476562
3684096,-223.61007690429688
3684128,87.00273895263672
3684896,-33.2620735168457
3686304,-128.1203155517578
3688384,142.11907958984375
3688800,-236.55673217773438
3690016,-158.03855895996094
3690848,64.07758331298828
3694752,-143.1373748779297
3695136,-336.6519775390625
3695872,-143.8513641357422
3695904,206.6455078125
3696576,-134.77027893066406
3696768,-157.81434631347656
3697472,-160.25967407226562
3697728,-335.5491638183594
3699584,140.80416870117188
3699680,-130.41311645507812
3700128,89.22572326660156
3700320,210.14266967773438
3705824,-157.76516723632812
3706528,-126.6183090209961
3707840,-134.4372100830078
3707904,107.14151763916016
3708576,-195.2152557373047
3709216,92.82614135742188
3709664,-158.76434326171875
3711328,197.20745849609375
3713376,214.1015167236328
3713504,-124.95442962646484
3713600,-162.78128051757812
3715488,-193.850341796875
3715680,-96.4944839477539
3716160,109.73771667480469
3716736,-105.24671936035156
3716928,-133.4072723388672
3718880,221.4502410888672
3721344,-319.4563903808594
3724224,184.6654510498047
3726816,-144.02598571777344
3728576,-158.37266540527344
3730176,-99.88330841064453
3730912,-117.35380554199219
3732832,-52.19276428222656
3733888,-144.4244384765625
3734752,194.5637664794922
3735232,-152.79359436035156
3735968,164.30506896972656
3739040,50.75391387939453
3739488,186.78543090820312
3742432,-149.88694763183594
3742880,96.81503295898438
3748640,211.87124633789062
3748800,-50.83299255371094
3750592,-128.96841430664062
3751072,-163.4567108154297
3756192,179.57740783691406
3756768,205.31622314453125
3759072,95.5832290649414
3759712,-123.36848449707031
3759744,170.60044860839844
3760832,-209.38290405273438
3762400,113.42784881591797
3762944,221.849365234375
3765760,187.45779418945312
3767168,-125.98115539550781
3767392,216.68177795410156
3768384,-137.2379608154297
3768672,216.82984924316406
3768800,-102.58203887939453
3769088,-143.1283721923828
3771008,-160.76107788085938
3771744,-119.71142578125
3774400,186.49444580078125
3774656,-146.47976684570312
3774752,-123.397705078125
3775552,208.7903289794922
3776576,-135.79776000976562
3777632,-133.01507568359375
3778624,127.05979919433594
3778752,-27.69346809387207
3780512,186.81651306152344
3780576,84.06770324707031
3780992,-159.5810546875
3782304,-177.96426391601562
3784000,189.8570556640625
3785376,-70.52349853515625
3785504,229.09780883789062
3786976,-459.3624572753906
3792000,-220.58860778808594
3793248,-157.73414611816406
3793920,-132.8779754638672
3794784,-129.55606079101562
3794944,-145.20184326171875
3795680,204.94699096679688
3796800,206.1106414794922
3797408,-137.93882751464844
3797792,-203.7982635498047
3799168,-150.526611328125
3799264,209.55734252929688
3799392,-129.7117462158203
3799584,-139.630615234375
3802112,196.731201171875
3804864,202.54046630859375
3805152,-235.48841857910156
3805952,-35.1695671081543
3807424,202.12042236328125
3807680,135.21746826171875
3808960,10.251730918884277
3809024,-118.48783874511719
3809344,-115.46498107910156
3810336,-131.75369262695312
3810880,-105.72454833984375
3811808,208.75656127929688
3812352,-128.05007934570312
3813280,-126.36649322509766
3813728,196.98599243164062
3814016,-162.01651000976562
3815168,78.49610900878906
3815616,73.3012924194336
3815744,161.92601013183594
3816096,-116.02883911132812
3816736,-127.78278350830078
3817248,-201.15721130371094
3819328,215.24642944335938
3820256,244.94825744628906
3821152,-109.35636901855469
3824384,15.467315673828125
3824896,-164.5718231201172
3825312,-162.53271484375
3826176,206.14501953125
3826240,-149.31263732910156
3826336,215.90109252929688
3826496,230.5886688232422
3826752,-133.2412567138672
3827424,89.8093490600586
3827584,-145.54037475585938
3828032,-209.74131774902344
3828544,-73.6464614868164
3828736,149.3535919189453
3829280,-154.64796447753906
3829696,-133.5764617919922
3833472,198.07333374023438
3833888,-138.299560546875
3834464,-181.67526245117188
3834464,177.2418670654297
3837280,-153.76333618164062
3837312,-147.9856414794922
3838688,150.5267333984375
3839424,54.477294921875
3840800,-154.5541229248047
3841728,-152.31056213378906
3841728,-186.5230712890625
3841984,-133.00340270996094
3844480,-182.13333129882812
3845440,-164.3004150390625
3845600,77.3349380493164
3847584,-351.8308410644531
3849024,79.62146759033203
3849184,97.79389190673828
3849632,180.41427612304688
3850592,-119.3144760131836
3852768,-208.3546600341797
3853440,190.16387939453125
3853536,-114.77791595458984
3854656,84.35870361328125
3855072,195.78233337402344
3856224,208.1580810546875
3857696,96.98118591308594
3858400,-1.6103401184082031
3859520,-107.85234832763672
3859904,-180.36968994140625
3866592,-150.3131103515625
3867392,-133.04360961914062
3867872,-17.460960388183594
3868960,-158.20361328125
3868992,196.09298706054688
3872480,-181.80950927734375
3873152,-162.5108642578125
3873440,182.3539276123047
3874848,73.84700012207031
3875168,76.49411010742188
3879360,-148.50865173339844
3879552,189.0858154296875
3879776,-161.01866149902344
3880640,104.75586700439453
3882976,-193.7764129638672
3884064,-134.76966857910156
3885792,200.98974609375
3886624,-129.1771697998047
3888672,267.91546630859375
3889408,-142.24929809570312
3889760,-126.33277893066406
3891936,-255.1844024658203
3895904,-104.60169219970703
3896352,-140.0748748779297
3897184,171.57113647460938
3897280,-179.6789093017578
3897408,-35.19205093383789
3898080,-223.51023864746094
3899808,202.06503295898438
3900288,-148.55264282226562
3901984,-110.54196166992188
3902336,-219.43759155273438
3902432,177.3413848876953
3907296,93.06640625
3909376,188.24960327148438
3909376,198.7012176513672
3910432,-87.09442138671875
3911104,-26.328752517700195
3911296,105.14263916015625
3911712,-183.70877075195312
3912960,-149.8900146484375
3913472,-126.36229705810547
3914880,-144.4106903076172
3915968,-116.36203002929688
3916320,-145.21302795410156
3917344,-146.64866638183594
3917504,209.64187622070312
3918912,73.09843444824219
3919744,-138.95196533203125
3921984,-139.88999938964844
3923680,89.08940124511719
3924192,-502.16729736328125
3924480,-212.3660125732422
3924768,-150.16688537597656
3924896,-178.33059692382812
3925056,86.71923828125
3925280,168.5170135498047
3925696,-189.7658233642578
3925824,-186.51132202148438
3926880,201.08311462402344
3927424,-132.3201141357422
3927744,-207.8168487548828
3928448,-129.8506317138672
3928640,-120.77130889892578
3930368,-135.2430877685547
3931808,171.4639892578125
3932384,-144.31773376464844
3932768,206.0189208984375
3932832,187.23895263671875
3932896,162.38771057128906
3934112,-240.22323608398438
3935360,-110.56507873535156
3939392,-121.14888763427734
3939616,-112.78491973876953
3939936,198.6383514404297
3940832,-202.15182495117188
3940864,-408.301513671875
3941696,-88.26497650146484
3941824,-37.51586151123047
3942080,220.74371337890625
3943360,-125.68125915527344
3945472,-122.27887725830078
3946368,210.0953369140625
3946848,215.40574645996094
3946880,-167.25979614257812
3947680,141.50772094726562
3949472,-18.93255043029785
3949632,-182.885498046875
3951008,186.18472290039062
3951744,196.31903076171875
3952192,-136.04258728027344
3954432,120.07345581054688
3955392,-139.4326629638672
3958848,129.84042358398438
3959136,-451.0885925292969
3962240,-148.65582275390625
3962592,203.21823120117188
3962816,-102.75372314453125
3964384,144.16700744628906
3964640,194.96066284179688
3965856,155.33010864257812
3966176,-148.1291046142578
3966528,-230.019775390625
3966880,-137.79103088378906
3967296,-116.6066665649414
3967488,224.49859619140625
3967808,73.89311981201172
3968224,91.40730285644531
3968320,-337.313720703125
3970112,163.3253173828125
3970208,-113.039794921875
3971168,-216.03575134277344
3973056,-128.65704345703125
3973472,188.44207763671875
3974496,-159.50326538085938
3976960,-157.23435974121094
3978112,-153.07008361816406
3978592,-39.88346862792969
3978784,193.866943359375
3979328,109.20856475830078
3979584,73.20742797851562
3980512,200.52720642089844
3980960,-139.85145568847656
3981856,-75.3399887084961
3982016,-137.75711059570312
3983008,202.07615661621094
3984960,227.81964111328125
3984992,100.74396514892578
3986752,-113.45442962646484
3987296,212.6212615966797
3987872,-242.4972686767578
3988736,-171.24424743652344
3988768,233.64735412597656
3989984,-674.2047119140625
3991264,176.67349243164062
3991392,-101.71204376220703
3991520,-117.92782592773438
3991584,-298.2970275878906
3991776,72.17851257324219
3995872,-132.4361572265625
3996032,-103.78882598876953
3997152,202.86886596679688
3997504,172.75897216796875
3997536,-160.9468231201172
3998208,195.56375122070312
3998336,-138.39590454101562
3999744,230.42556762695312
4001568,93.53043365478516
4001888,-159.08889770507812
4001888,74.01663970947266
4002624,190.98826599121094
4003072,-182.501220703125
4007840,128.8083038330078
4008416,-181.3026580810547
4010720,-134.8936767578125
4012480,-232.0764617919922
4012608,74.61617279052734
4012864,101.76344299316406
4014784,-172.4425506591797
4014816,230.32318115234375
4016064,212.16250610351562
4016544,37.748374938964844
4016864,200.33316040039062
4016896,-113.20565795898438
4016992,230.14732360839844
4017952,-149.16673278808594
4018400,-177.6806640625
4018688,251.98745727539062
4018816,204.49180603027344
4018848,197.73402404785156
4018880,-121.19725799560547
4019424,-250.80853271484375
4019456,200.2239532470703
4019616,-194.6752166748047
4020224,-144.04591369628906
4020672,-120.15652465820312
4020928,-19.6793212890625
4020992,-184.26829528808594
4021440,-39.61528396606445
4021728,-167.50218200683594
4022368,123.98108673095703
4023328,113.63243865966797
4024128,-170.292236328125
4025056,-145.72531127929688
4026944,73.60247802734375
4029152,188.60830688476562
4029152,-129.89259338378906
4032288,-258.8448486328125
4032864,-150.53955078125
4036128,-126.16596221923828
4036384,-755.9093627929688
4040832,-114.60498046875
4042912,-8.780610084533691
4044416,108.06549835205078
4044864,-127.63593292236328
4047840,-80.11865997314453
4048096,8.608224868774414
4050144,182.8978729248047
4051456,69.90621185302734
4052864,181.3632354736328
4053536,172.39137268066406
4055008,197.17367553710938
4055232,-127.99919128417969
4055808,204.62779235839844
4056160,-129.7407684326172
4056288,-149.16940307617188
4059744,75.34098815917969
4061408,185.1941680908203
4063328,141.98287963867188
4063776,-159.55995178222656
4066400,147.06573486328125
4067168,56.55911636352539
4067328,188.88726806640625
4067456,-157.2276611328125
4069536,-138.42942810058594
4069664,-104.76371765136719
4070592,-128.79469299316406
4070816,-141.7703399658203
4071232,-72.51146697998047
4074720,-112.86271667480469
4075200,-116.87667846679688
4075776,236.22303771972656
4077152,235.8836212158203
4077952,-175.7824249267578
4078304,-301.4501953125
4078560,-126.97663879394531
4078880,-255.4105987548828
4079360,179.2932586669922
4079936,77.95960235595703
4080096,194.37046813964844
4081920,194.77798461914062
4082688,8.994071960449219
4083904,193.09765625
4084864,-215.9745330810547
4085056,182.32041931152344
4087392,-154.12425231933594
4088960,-196.8612518310547
4089888,204.5585174560547
4090560,111.10395050048828
4091552,89.16580200195312
4092352,159.02272033691406
4094016,-118.71426391601562
4094048,-191.8673553466797
4098336,190.0465850830078
4098880,200.10890197753906
4100608,195.22027587890625
4102848,167.82176208496094
4103264,148.1487579345703
4103840,-130.3891143798828
4103936,-134.6641082763672
4104288,214.4097442626953
4105696,-168.87843322753906
4106848,-118.37272644042969
4107552,226.32757568359375
4109088,73.73571014404297
4110848,138.90492248535156
4111616,189.29098510742188
4111872,210.14944458007812
4112832,-194.60997009277344
4114400,-105.27054595947266
4114880,182.6337890625
4116256,-165.14349365234375
4116896,184.0063934326172
4117216,-124.75457763671875
4118784,-189.05604553222656
4119968,-104.82577514648438
4125152,196.9906463623047
4125792,-115.69413757324219
4126688,-255.4190673828125
4130272,-121.73572540283203
4133376,-390.52471923828125
4133376,-107.75825500488281
4133536,-294.6256103515625
4133952,-90.09368133544922
4134240,-158.67547607421875
4135040,203.09840393066406
4135136,87.0474853515625
4136000,90.9677963256836
4136512,73.84712219238281
4140704,-5.1780476570129395
4140896,180.0647735595703
4142464,68.38943481445312
4142656,-170.7312469482422
4143008,-124.57576751708984
4143520,229.10174560546875
4145440,-81.14855194091797
4146240,-161.3816375732422
4146400,212.0175018310547
4146848,107.73361206054688
4147744,-286.3052673339844
4150784,87.53388214111328
4151488,-162.01663208007812
4154944,-132.20443725585938
4155296,119.2678451538086
4157600,218.79830932617188
4158464,204.26638793945312
4159136,213.07586669921875
4160160,81.20592498779297
4161184,243.1004638671875
4161536,-105.9416275024414
4163104,210.7747039794922
4164128,-21.119049072265625
4164992,192.15213012695312
4165152,137.1238555908203
4165536,30.616697311401367
4165920,-4.601101398468018
4166368,-84.20275115966797
4166560,93.21864318847656
4167104,-138.55938720703125
4170816,180.96591186523438
4173504,162.81634521484375
4173696,157.4029998779297
4173792,-147.89674377441406
4174848,45.2060432434082
4177312,77.0772476196289
4177632,-179.0708465576172
4178464,204.31117248535156
4180352,-137.54153442382812
4180448,77.4865951538086
4183360,162.44102478027344
4185504,-128.12454223632812
4187328,204.2102508544922
4187712,230.35836791992188
4188608,160.37840270996094
4191104,6.496366500854492
4191936,192.32330322265625
4192320,-157.0161590576172
4193184,177.89007568359375
4195424,-151.34632873535156
4195616,-179.716796875
4198016,211.1983184814453
4198400,167.68896484375
4198656,103.06539154052734
4198752,-70.66743469238281
4201376,-138.96759033203125
4203904,-109.00668334960938
4204416,-112.8192138671875
4206080,-106.04692077636719
4207424,-78.18553161621094
4207712,226.76756286621094
4210848,190.2954864501953
4214432,-148.39283752441406
4215168,81.3653564453125
4215296,-144.25338745117188
4216576,-133.5059356689453
4216736,196.88449096679688
4217248,185.92063903808594
4217440,109.91463470458984
4219264,205.51095581054688
4219872,196.85061645507812
4220448,-138.01255798339844
4220640,-130.63438415527344
4221024,-288.3570556640625
4223456,228.6188507080078
4224096,-213.38133239746094
4225568,217.02859497070312
4227360,-21.635353088378906
4228736,-185.04562377929688
4229280,-129.98899841308594
4230976,-29.75088882446289
4232448,201.44020080566406
4232832,209.34608459472656
4234688,200.5983428955078
4235648,-127.23204803466797
4238528,204.92489624023438
4239104,-191.41604614257812
4239872,-275.1450500488281
4240192,-153.87210083007812
4242048,92.98026275634766
4243520,-159.7435302734375
4244160,154.86895751953125
4245248,214.9259796142578
4245760,227.7218780517578
4246624,-181.814208984375
4248576,-92.5860824584961
4250208,105.99578094482422
4252256,222.4711151123047
4254976,-204.53958129882812
4255072,212.0003204345703
4255136,-176.8135528564453
4255264,200.7648162841797
4255520,158.00289916992188
4255552,209.92987060546875
4256288,-154.9107666015625
4256512,19.09792709350586
4256608,102.58917236328125
4256672,154.94384765625
4258016,-127.48003387451172
4261408,96.46575927734375
4262432,208.352294921875
4263040,68.3473892211914
4265472,-145.29600524902344
4265504,82.29618072509766
4265920,170.2685089111328
4266240,180.69644165039062
4267008,196.4709930419922
4267168,205.09091186523438
4267584,-178.7578582763672
4268000,197.0234832763672
4270656,-152.72377014160156
4271008,176.3157501220703
4271936,-182.25181579589844
4272352,-130.73373413085938
4272544,217.17428588867188
4273536,194.77685546875
4274272,205.8889923095703
4277632,169.67201232910156
4278336,-136.02352905273438
4279552,-155.21141052246094
4282496,199.6038818359375
4282592,-151.84005737304688
4284384,88.8823471069336
4285760,-153.84393310546875
4286624,201.15264892578125
4286880,-91.24430847167969
4287520,72.4700927734375
4289024,-140.82427978515625
4290144,165.1146697998047
4290496,-104.93965911865234
4291232,224.44615173339844
4291648,-15.354316711425781
4293024,-148.45950317382812
4293024,190.5105743408203
4293120,-154.9257354736328
4293696,168.25201416015625
4293984,75.61455535888672
4294208,78.14096069335938
4297888,197.57620239257812
4298656,27.30172348022461
4300096,220.62255859375
4302816,-46.00983810424805
4302880,-411.7413635253906
4303168,-143.23455810546875
4304000,192.16236877441406
4305216,161.63148498535156
4308224,-195.15481567382812
4308896,-159.3059844970703
4309984,195.2299346923828
4311040,190.44488525390625
4312320,79.92558288574219
4312448,-199.8246612548828
4312544,-140.2814483642578
4312928,-122.69462585449219
4315264,63.602134704589844
4316128,211.74415588378906
4319424,191.85720825195312
4319488,173.2225341796875
4319584,225.7311553955078
4322240,-126.64115905761719
4322240,-25.84597396850586
4322336,217.91502380371094
4323744,188.1573486328125
4324576,-111.68449401855469
4326784,67.92181396484375
4330880,-208.65679931640625
4331648,178.00186157226562
4332512,-179.52572631835938
4332992,-170.60223388671875
4333632,-174.24851989746094
4335264,-151.9203643798828
4338400,-152.29571533203125
4339360,-341.33319091796875
4339616,-164.2313232421875
4340160,227.00064086914062
4340480,-36.359764099121094
4341888,-104.20814514160156
4342176,-140.7356719970703
4342432,-96.35063171386719
4342656,-42.9807014465332
4343072,174.56219482421875
4343392,191.44436645507812
4344000,-192.6868896484375
4345440,149.3890380859375
4345600,-165.42062377929688
4345600,-141.31114196777344
4346656,-10.914433479309082
4348672,212.4341278076172
4351680,225.57199096679688
4353536,-121.3040542602539
4355808,-162.5981903076172
4357344,198.12608337402344
4359008,-135.53041076660156
4360576,-162.6630859375
4360928,184.7704620361328
4361824,-285.56915283203125
4363328,-126.9786376953125
4363904,221.3360137939453
4364256,194.71778869628906
4364352,166.05999755859375
4364736,207.79469299316406
4364736,57.11697006225586
4366944,100.50431060791016
4367872,-196.93299865722656
4368288,-197.0474853515625
4369376,-181.54884338378906
4369792,-236.139404296875
4369920,182.53407287597656
4372256,-193.21063232421875
4374944,199.59677124023438
4375840,121.29167175292969
4375904,100.65913391113281
4377568,158.566650390625
4379296,92.04866027832031
4379424,207.88339233398438
4380032,-126.89179992675781
4384672,174.81044006347656
4384800,205.0475311279297
4386368,235.9621124267578
4390272,-171.10824584960938
4390976,212.25299072265625
4391904,174.88638305664062
4393536,-135.2404022216797
4394944,204.40936279296875
4395552,192.98696899414062
4395712,65.30250549316406
4395744,36.55104064941406
4395904,-89.71586608886719
4396736,-181.0153350830078
4399488,223.15016174316406
4399808,-102.26536560058594
4399936,189.68814086914062
4400800,-118.04938507080078
4402368,242.61569213867188
4403616,181.15232849121094
4404064,-166.4359588623047
4404096,-134.97389221191406
4404320,-168.2499237060547
4405408,110.04821014404297
4407072,-114.82991027832031
4408288,223.8813934326172
4409216,-147.376708984375
4411680,-140.3516387939453
4417920,-163.46644592285156
4419840,-122.06051635742188
4420768,189.9593963623047
4421920,-110.26655578613281
4426336,-156.47389221191406
4426656,185.38705444335938
4426880,48.44639587402344
4427136,147.2660675048828
4427136,178.9302978515625
4427424,188.2007293701172
4428064,-101.85448455810547
4428224,-32.39225769042969
4430240,200.29713439941406
4432576,-169.00790405273438
4433888,-102.62055206298828
4434464,235.7320098876953
4436320,-147.09872436523438
4438976,165.56625366210938
4440704,182.59556579589844
4443584,139.00767517089844
4445312,199.8258514404297
4445312,180.57627868652344
4445632,74.47396087646484
4447552,220.66885375976562
4449376,-453.2802429199219
4449376,110.01142120361328
4449600,-149.90745544433594
4451904,-166.79800415039062
4452064,-150.9199676513672
4452864,-93.3411865234375
4453472,199.4904022216797
4455936,-126.71524810791016
4457568,-133.37460327148438
4459488,-25.127365112304688
4460896,180.6227264404297
4461504,-134.3922119140625
4461536,204.57916259765625
4462528,26.61322784423828
4463456,-159.5662841796875
4464448,-277.14971923828125
4465056,166.62547302246094
4465344,188.96188354492188
4466464,164.2792510986328
4466976,103.1469497680664
4466976,-19.26504898071289
4467840,77.24900817871094
4468192,-149.60494995117188
4468704,-294.8941345214844
4469696,82.82447814941406
4471360,210.13690185546875
4471808,-166.08270263671875
4471904,-541.8982543945312
4473280,-26.471290588378906
4473536,88.65796661376953
4474720,216.63265991210938
4477408,-147.99160766601562
4477472,62.25716018676758
4480896,167.93814086914062
4483456,-419.3935241699219
4483776,174.6726837158203
4484512,94.67276763916016
4485120,202.22744750976562
4485504,198.57127380371094
4486208,-170.81333923339844
4487456,-171.23760986328125
4487488,190.21849060058594
4491104,-198.127197265625
4493856,-172.64138793945312
4495200,-14.473481178283691
4495776,-128.07066345214844
4496416,197.7762451171875
4496768,82.13995361328125
4497024,-131.7451629638672
4498752,-127.35343933105469
4498784,-199.7636260986328
4499232,206.75665283203125
4500512,191.30624389648438
4500768,200.16717529296875
4500896,74.7742919921875
4501824,190.28489685058594
4503136,236.53065490722656
4504384,-101.53509521484375
4506592,190.77731323242188
4506944,-38.196434020996094
4507456,-172.7633819580078
4509632,-199.2298583984375
4509920,-137.6955108642578
4510112,74.06674194335938
4511072,-129.67361450195312
4512896,-165.6569061279297
4513632,98.87073516845703
4513920,115.03229522705078
4517504,95.22945404052734
4518976,203.45950317382812
4519168,123.760009765625
4519648,-161.32408142089844
4519648,58.88642501831055
4523168,165.77978515625
4523200,-119.58971405029297
4524896,-126.41399383544922
4528512,158.9558868408203
4531360,212.690185546875
4532512,192.4912872314453
4534720,-139.13235473632812
4535264,219.1281280517578
4535552,197.4805450439453
4536992,67.04509735107422
4538592,180.23858642578125
4538752,-48.749088287353516
4538784,97.0611572265625
4540928,-17.87035369873047
4541056,-292.1550598144531
4541280,179.42037963867188
4542144,83.82064056396484
4545536,-145.27308654785156
4547008,191.89511108398438
4547296,-203.5792694091797
4547360,98.4684066772461
4547360,-166.74562072753906
4547616,200.1158905029297
4548032,192.94107055664062
4548320,-146.70753479003906
4548800,83.62295532226562
4548960,-136.23675537109375
4552576,185.63735961914062
4555328,-238.8875274658203
4556704,218.17112731933594
4558688,203.89450073242188
4559872,215.8393096923828
4561920,107.41938018798828
4563872,-7.116984844207764
4566208,184.70721435546875
4571488,-112.54302978515625
4571776,-145.58973693847656
4572768,-131.91726684570312
4573056,-34.78512191772461
4573312,-20.104368209838867
4573728,166.72848510742188
4575712,192.14427185058594
4575904,209.6739959716797
4576928,-40.622222900390625
4578240,69.05451202392578
4578336,-106.31629180908203
4579872,218.46778869628906
4581120,203.0362548828125
4581408,-169.076171875
4583552,-43.84160614013672
4586208,185.5231170654297
4586592,180.22280883789062
4587392,37.06657791137695
4587488,156.10653686523438
4587744,-244.74697875976562
4588416,91.20808410644531
4588928,-121.5596694946289
4589312,-28.472444534301758
4591424,110.08065032958984
4591744,235.143310546875
4592608,190.87107849121094
4594176,39.26642990112305
4595840,212.37405395507812
4596256,-128.89971923828125
4596512,176.59349060058594
4596672,183.85694885253906
4597216,168.0459747314453
4600064,248.52149963378906
4600608,-182.43316650390625
4604096,-118.26216125488281
4607648,200.75547790527344
4608128,220.10317993164062
4609504,-151.99122619628906
4612608,203.44046020507812
4613632,151.4346160888672
4614304,35.07628631591797
4615200,-198.7901153564453
4615360,129.35720825195312
4617600,-88.64423370361328
4618112,-117.5328369140625
4618464,-243.6533660888672
4618784,-134.91912841796875
4619008,-177.78872680664062
4619264,66.54047393798828
4620672,114.55965423583984
4622912,-170.86058044433594
4623456,228.24725341796875
4623840,203.83059692382812
4626560,184.47152709960938
4627104,103.37666320800781
4627328,94.74103546142578
4627456,-152.89491271972656
4627776,130.79563903808594
4629632,173.0522003173828
4629856,-126.5042724609375
4630656,187.49757385253906
4630720,-168.85899353027344
4631392,-120.38600158691406
4632608,-10.016679763793945
4633568,104.70488739013672
4637152,116.0496826171875
4637728,-227.56385803222656
4637824,174.86419677734375
4638592,176.39427185058594
4638656,164.409912109375
4640128,-68.0693130493164
4640992,-223.01243591308594
4641952,-197.71009826660156
4642016,-124.5992660522461
4642016,174.0900421142578
4644384,35.65359878540039
4644384,198.94729614257812
4644384,-164.9293670654297
4646496,214.50376892089844
4647328,-158.90585327148438
4647808,-184.02053833007812
4650016,213.10720825195312
4652800,-307.216064453125
4652864,-162.37953186035156
4653536,179.23834228515625
4653728,201.24118041992188
4654304,199.64134216308594
4658688,234.50555419921875
4660864,-118.33917999267578
4661504,247.3616943359375
4662240,203.6044921875
4663680,-169.4162139892578
4663872,175.91796875
4664896,-299.6250305175781
4665280,72.08489990234375
4665696,-151.19131469726562
4665696,167.69810485839844
4667072,175.3531036376953
4667936,-146.1642608642578
4668288,-194.97189331054688
4671264,-275.7789001464844
4672960,191.74951171875
4673248,206.2538299560547
4674784,114.0562744140625
4675200,-111.17156982421875
4675264,-130.22320556640625
4676320,160.74087524414062
4678784,161.0485382080078
4679360,-47.96841049194336
4682048,-140.7277069091797
4682240,-174.0126953125
4683936,-74.27587127685547
4687072,215.948974609375
4688064,182.46994018554688
4688288,82.29240417480469
4688672,236.04608154296875
4689248,166.63360595703125
4690752,178.15150451660156
4693120,200.25570678710938
4693440,43.74945831298828
4696992,221.98812866210938
4698400,179.29336547851562
4698656,-165.18142700195312
4699168,78.4919662475586
4701024,219.91542053222656
4702272,-141.63018798828125
4702880,195.81021118164062
4703296,-117.91862487792969
4703712,189.9303741455078
4703936,212.68128967285156
4705408,-129.60775756835938
4706272,160.44651794433594
4706784,-156.477783203125
4709280,217.17056274414062
4709472,161.69544982910156
4709664,-52.30522537231445
4710016,-103.17301177978516
4711520,-171.755615234375
4712224,181.7670135498047
4712480,-261.7358703613281
4713216,119.39522552490234
4713248,-158.15582275390625
4714368,-22.37314224243164
4714528,189.7892303466797
4716416,-111.74609375
4718592,202.42372131347656
4719168,141.32180786132812
4719232,85.23958587646484
4720896,98.54605102539062
4723424,211.11692810058594
4725056,81.88037109375
4725536,178.7030487060547
4728768,243.1714630126953
4729152,188.29977416992188
4729440,27.399824142456055
4729472,-147.25547790527344
4729728,75.66856384277344
4732608,196.8101806640625
4733888,186.4805145263672
4734528,211.89190673828125
4734592,214.07266235351562
4735232,-133.38385009765625
4743008,-142.60089111328125
4744160,138.80056762695312
4745472,77.28575897216797
4745856,193.00808715820312
4746080,-152.87083435058594
4746432,112.9805908203125
4747744,-142.90228271484375
4747808,-143.57516479492188
4748320,166.4161834716797
4750080,-136.63905334472656
4751808,-139.27853393554688
4752032,108.34856414794922
4752256,51.001800537109375
4752640,-185.30108642578125
4753056,177.35426330566406
4754112,219.62057495117188
4763424,69.61531829833984
4764480,-129.49656677246094
4766464,200.932861328125
4766560,162.24888610839844
4770976,96.96320343017578
4771424,-130.3710174560547
4772928,-145.69578552246094
4773408,-137.7300262451172
4775456,76.20680236816406
4775616,-125.90765380859375
4775680,202.74359130859375
4775808,100.10281372070312
4779136,160.21603393554688
4779264,185.63522338867188
4780448,54.857967376708984
4782048,182.5537872314453
4782176,80.14198303222656
4784992,-46.84074401855469
4785824,58.134727478027344
4786112,71.8959732055664
4786208,229.95924377441406
4786240,-104.77114868164062
4787968,155.54356384277344
4789920,217.8135223388672
4790592,162.63430786132812
4791232,179.6666717529297
4791648,193.23760986328125
4793280,184.11830139160156
4793376,147.9171905517578
4793920,205.2486114501953
4795392,174.04327392578125
4796288,-117.9664077758789
4796576,143.5935821533203
4796704,102.59123992919922
4797216,122.9996337890625
4798464,188.11965942382812
4800960,187.33377075195312
4801920,171.9766082763672
4801952,-58.201927185058594
4802336,173.3342742919922
4804576,-499.359619140625
4805536,-88.2409439086914
4805536,207.99436950683594
4807392,204.35777282714844
4807808,187.85809326171875
4808544,196.0451202392578
4810912,56.1861686706543
4812096,-145.5369873046875
4812480,9.169456481933594
4812480,-144.9519500732422
4813952,187.70928955078125
4816000,20.80046844482422
4818880,-108.66354370117188
4819072,217.38136291503906
4820832,179.1895294189453
4821472,189.94960021972656
4824000,171.025634765625
4824768,185.9252166748047
4825536,-142.16395568847656
4825792,75.09051513671875
4828032,-172.91989135742188
4828160,-128.64012145996094
4829536,178.5215301513672
4830144,197.02957153320312
4834304,151.6934051513672
4834592,201.9107208251953
4834624,-149.3208770751953
4834880,148.23960876464844
4835328,113.18019104003906
4835872,168.79771423339844
4837216,-133.0624237060547
4838240,83.43586730957031
4839040,68.0235595703125
4839072,185.49624633789062
4839136,104.74117279052734
4839616,-187.7122802734375
4840256,-127.70159912109375
4840320,103.1658706665039
4841728,-151.38070678710938
4841952,53.7138557434082
4842208,190.3859405517578
4842208,211.73533630371094
4842432,196.8881378173828
4842816,166.65869140625
4844448,190.075927734375
4844800,178.9083251953125
4846112,193.7203369140625
4846816,72.06291198730469
4847424,-138.51287841796875
4847872,-136.96522521972656
4849088,211.89657592773438
4850048,157.38514709472656
4850976,67.48162078857422
4852480,-157.2928466796875
4853632,-171.09910583496094
4856640,181.96360778808594
4857856,189.88204956054688
4858848,-206.8038787841797
4860000,172.5012664794922
4860512,191.90194702148438
4861792,-139.54183959960938
4861792,-138.58055114746094
4865024,91.82484436035156
4865600,-201.01380920410156
4865888,-160.38583374023438
4866880,223.73199462890625
4868000,62.01609420776367
4872288,-43.62971115112305
4872480,-126.23149871826172
4873760,173.4429931640625
4874048,16.394630432128906
4875168,186.48953247070312
4876256,218.125732421875
4877120,171.1339569091797
4879616,182.23936462402344
4880736,200.8651123046875
4881120,191.22772216796875
4881888,-139.27711486816406
4884384,212.3821258544922
4885408,183.4390869140625
4887840,104.58244323730469
4888864,183.37892150878906
4890432,186.38294982910156
4890912,197.14755249023438
4890944,-121.47492218017578
4891744,222.02700805664062
4892288,-125.82064056396484
4894560,194.2223358154297
4894944,196.27162170410156
4895424,91.34933471679688
4895936,-138.84547424316406
4896128,38.90303421020508
4896256,107.40602111816406
4897568,202.0873565673828
4897920,199.2930450439453
4899712,67.31275177001953
4903072,192.51708984375
4905472,-51.14583206176758
4909888,-386.7283020019531
4910176,156.26170349121094
4911168,165.24586486816406
4913504,197.90504455566406
4914336,-117.49871063232422
4915456,219.22947692871094
4915744,-142.31739807128906
4915744,-163.31895446777344
4916288,169.107666015625
4916416,178.92649841308594
4917088,196.21200561523438
4919104,211.5213623046875
4919232,166.34068298339844
4920224,225.0424041748047
4921024,-137.6573944091797
4922112,65.2320327758789
4923136,35.02267837524414
4924480,141.84982299804688
4925152,177.79322814941406
4925248,-136.7330780029297
4926464,223.837158203125
4929216,212.7063751220703
4929376,210.2063446044922
4934080,160.6112518310547
4935392,240.76229858398438
4935680,178.36427307128906
4937248,85.33734130859375
4937312,191.5015411376953
4938080,210.63104248046875
4939072,176.5167694091797
4939488,83.25728607177734
4944640,149.1073455810547
4947840,198.35882568359375
4948064,-137.9949188232422
4950080,171.57028198242188
4950368,210.40203857421875
4950592,208.0880126953125
4950848,-125.00211334228516
4951776,194.0457305908203
4953664,-124.73715209960938
4953760,166.80076599121094
4956512,44.56196212768555
4956640,-203.40277099609375
4957152,219.23736572265625
4957504,174.20962524414062
4960832,174.36297607421875
4960896,64.82345581054688
4964096,-129.3125
4967040,78.67182159423828
4968448,103.2635269165039
4968736,185.06785583496094
4969344,-134.3509521484375
4973472,-147.7913818359375
4975424,182.64727783203125
4976480,172.27383422851562
4976800,-134.1099853515625
4978624,237.72691345214844
4978880,76.55101776123047
4981408,115.7975845336914
4982336,209.28250122070312
4983040,79.04035186767578
4985024,186.39524841308594
4987104,-315.4564208984375
4987872,198.2993621826172
4988896,202.13534545898438
4989440,-109.34245300292969
4990016,166.37057495117188
4993088,224.24354553222656
4994048,187.35733032226562
4995360,-605.79736328125
4995392,125.56114959716797
4995936,186.64256286621094
4995936,-160.41529846191406
4996384,-170.93099975585938
4998176,211.24029541015625
4998848,205.4183807373047
5002720,-81.43495178222656
5004928,84.36939239501953
5006816,70.45027160644531
5007936,204.82794189453125
5009760,-151.86111450195312
5009824,208.09677124023438
5011936,176.24359130859375
5012640,-134.09915161132812
5013536,78.22913360595703
5014368,196.2406463623047
5014816,210.18519592285156
5015328,-182.30979919433594
5015680,182.58816528320312
5016288,183.94190979003906
5017696,154.87158203125
5018144,101.89170837402344
5019552,-147.32078552246094
5019968,-125.4159927368164
5021280,-141.4456024169922
5022976,61.51034927368164
5023616,79.86143493652344
5023968,174.6408233642578
5024608,213.3946533203125
5025632,210.40826416015625
5027744,201.39962768554688
5028384,205.4740447998047
5030688,187.61691284179688
5031936,-29.33462142944336
5032224,-144.52171325683594
5033920,-161.66551208496094
5034432,-184.65261840820312
5035328,163.36953735351562
5035712,208.13485717773438
5035936,55.565582275390625
5036096,-151.06797790527344
5036192,201.6470489501953
5036448,181.56256103515625
5036736,199.56996154785156
5036768,216.66546630859375
5038816,39.200538635253906
5039264,171.40704345703125
5040896,-12.339956283569336
5041088,73.19038391113281
5044672,-28.938657760620117
5045312,-176.34609985351562
5046080,184.9590301513672
5046368,198.3328399658203
5047968,160.49844360351562
5048096,180.13475036621094
5048960,203.77369689941406
5050176,74.43001556396484
5051296,196.60133361816406
5052288,212.9999542236328
5053728,99.49620056152344
5053952,78.06378936767578
5054080,-138.94947814941406
5054464,157.58848571777344
5055136,-134.7661590576172
5056480,58.68431091308594
5058624,82.21807098388672
5059360,80.76349639892578
5061088,68.14823913574219
5061952,-135.4833984375
5062368,201.33145141601562
5063776,181.93418884277344
5064160,77.8298568725586
5065216,75.51713562011719
5065280,173.8081817626953
5066176,208.74429321289062
5067872,87.82395935058594
5068000,-115.2319107055664
5069120,151.0999755859375
5072192,182.92958068847656
5074048,-142.32054138183594
5074368,165.2509307861328
5076288,-108.54115295410156
5076352,59.267765045166016
5076576,-129.05712890625
5076640,-150.94967651367188
5077632,-122.01419067382812
5077888,191.69725036621094
5080896,-41.20039749145508
5081696,-143.6162567138672
5082208,-300.9371643066406
5086432,-106.24321746826172
5087040,182.5971221923828
5089152,62.1282844543457
5091232,172.01950073242188
5095264,196.71632385253906
5096352,182.03858947753906
5096480,110.03851318359375
5097184,-131.2305450439453
5097824,168.3811492919922
5098656,-161.6730194091797
5099744,184.55880737304688
5103328,193.99842834472656
5105344,97.53543090820312
5105440,-100.25244140625
5107232,138.09217834472656
5107264,190.36834716796875
5107360,-137.51638793945312
5108416,206.41986083984375
5108800,88.8670883178711
5110592,-138.07742309570312
5110944,221.1090850830078
5111584,74.05205535888672
5111808,184.13815307617188
5111968,200.5734100341797
5113792,197.5159149169922
5113824,-107.69184875488281
5115008,-148.67271423339844
5117536,179.11978149414062
5117760,170.24679565429688
5119008,-36.70487976074219
5123232,185.00306701660156
5124896,68.76091766357422
5126176,-4.555141925811768
5128096,24.457279205322266
5129920,161.41746520996094
5132000,191.13563537597656
5138112,152.33050537109375
5138528,198.60821533203125
5138816,205.18850708007812
5139104,171.0403289794922
5139520,159.0991668701172
5140608,108.89604187011719
5141952,146.8228759765625
5141984,158.09927368164062
5142144,110.25888061523438
5142624,181.200927734375
5142848,156.45187377929688
5144800,222.32435607910156
5150592,-172.8487548828125
5152384,55.8413200378418
5155520,175.1068115234375
5155776,107.1650619506836
5156000,-116.87300872802734
5156704,-117.27491760253906
5157152,206.78802490234375
5159360,209.51307678222656
5160128,86.97216796875
5161536,-24.82273292541504
5162112,-133.27432250976562
5163136,183.40493774414062
5166176,216.8077850341797
5166400,77.32869720458984
5166560,216.52349853515625
5166816,192.77540588378906
5168160,174.5830535888672
5168352,-112.90702819824219
5169312,168.23785400390625
5171872,92.71941375732422
5173440,-107.64794158935547
5175232,184.4606475830078
5177600,194.5989227294922
5179552,175.68614196777344
5180960,64.48650360107422
5181632,116.38030242919922
5182400,186.45928955078125
5184128,119.69692993164062
5184576,-131.344482421875
5186720,162.0016326904297
5187104,83.21471405029297
5188224,183.6717987060547
5190080,184.67503356933594
5190560,88.1386489868164
5190912,66.85002136230469
5191680,204.35020446777344
5192000,-163.09085083007812
5192064,215.5168914794922
5192608,233.7873992919922
5193632,69.83740234375
5194240,194.57070922851562
5194400,-29.04566192626953
5196480,-143.9515838623047
5196608,-197.24000549316406
5196672,110.58795928955078
5197568,181.34487915039062
5200320,-28.013137817382812
5201664,214.90603637695312
5203360,99.17147064208984
5204320,210.87583923339844
5205600,183.6279754638672
5206496,142.20545959472656
5206752,182.55755615234375
5207616,200.8157196044922
5207936,179.34327697753906
5209152,97.38603973388672
5210112,187.95423889160156
5210368,210.72247314453125
5212256,175.8743896484375
5212512,-130.91001892089844
5215488,-103.4349136352539
5216608,-29.684795379638672
5220704,189.60604858398438
5220864,206.21609497070312
5221408,-107.82278442382812
5221952,-147.42706298828125
5224448,-7.104672431945801
5225600,-238.35238647460938
5225824,-176.47747802734375
5226848,239.0801544189453
5229792,97.50725555419922
5229984,196.88165283203125
5230368,-136.7044677734375
5230592,164.47216796875
5230912,226.8955535888672
5232704,-198.3993377685547
5233696,57.781471252441406
5234176,184.45053100585938
5236640,181.92831420898438
5237152,-142.969482421875
5237536,-138.1243896484375
5239872,206.07664489746094
5240640,159.27365112304688
5242368,-135.78993225097656
5243648,108.8582992553711
5244192,-242.5198516845703
5245472,165.78700256347656
5246464,215.6880340576172
5249888,196.10816955566406
5251744,192.40249633789062
5251936,-109.77368927001953
5252352,-63.864830017089844
5252448,-135.61538696289062
5253984,169.61000061035156
5255136,-155.91444396972656
5255168,207.28578186035156
5255520,228.0389862060547
5255616,188.0592803955078
5255648,198.55807495117188
5256192,-96.3144760131836
5257568,95.03145599365234
5258944,-18.23480224609375
5260448,228.0023956298828
5261248,209.02166748046875
5261600,185.4116668701172
5261696,225.55319213867188
5261728,183.55563354492188
5265632,86.74284362792969
5265920,-113.35546875
5267776,-219.92660522460938
5269024,-145.64259338378906
5270528,211.6415557861328
5271200,203.9610595703125
5272096,107.00096130371094
5273600,-137.2782440185547
5274816,184.5866241455078
5275424,174.9355926513672
5276096,182.3317413330078
5278176,185.36158752441406
5279136,-141.33689880371094
5280896,176.21238708496094
5281696,187.938232421875
5285792,201.42469787597656
5286176,210.8657989501953
5286944,188.71424865722656
5291872,184.12017822265625
5293088,93.69532012939453
5295328,172.55320739746094
5295456,-99.22322082519531
5296352,177.52659606933594
5296384,191.34417724609375
5297728,178.4755096435547
5299936,-128.14434814453125
5300160,-26.561222076416016
5300288,227.75662231445312
5300704,-148.3281707763672
5301376,-72.39533996582031
5304064,17.480815887451172
5304352,-121.37840270996094
5306688,199.7872772216797
5307040,189.7432098388672
5309152,143.38487243652344
5309664,187.18063354492188
5309760,-106.4269790649414
5311488,190.08294677734375
5311584,-129.8065643310547
5311904,187.76107788085938
5312288,-142.50631713867188
5312448,195.91722106933594
5313504,-122.31925964355469
5313792,159.23207092285156
5314112,-136.62586975097656
5316736,-118.1053695678711
5317568,186.1773223876953
5319040,134.7501678466797
5321888,-122.74525451660156
5322688,-163.45184326171875
5323328,130.7666778564453
5323680,-363.43035888671875
5324128,164.02645874023438
5324576,-164.1025390625
5325344,68.94340515136719
5328992,145.8720703125
5330048,167.24102783203125
5331456,205.37709045410156
5331744,101.62094116210938
5332256,-137.86985778808594
5332448,211.63739013671875
5332800,151.53419494628906
5333472,203.64639282226562
5336288,102.95376586914062
5340832,102.17020416259766
5341024,128.23036193847656
5341088,191.04859924316406
5341344,-141.0777587890625
5342144,225.51629638671875
5343776,182.4479522705078
5345088,-118.6698989868164
5346560,-134.89468383789062
5346976,209.86766052246094
5347488,-129.89886474609375
5348576,195.88882446289062
5351008,79.05976104736328
5353024,203.14776611328125
5355808,176.26026916503906
5358464,149.49758911132812
5358784,176.1002655029297
5359264,-26.45073699951172
5360832,-122.57105255126953
5361600,-152.3018035888672
5363008,200.51837158203125
5363040,-106.12306213378906
5364000,232.8402862548828
5365888,27.741994857788086
5366304,82.16789245605469
5366464,168.56764221191406
5367296,92.35485076904297
5369792,-128.6740264892578
5370144,-20.273807525634766
5370208,113.2601089477539
5371872,-28.93606185913086
5373472,174.06649780273438
5375200,171.5674591064453
5377952,180.0369110107422
5379616,-137.94825744628906
5380288,-23.877525329589844
5380448,67.02222442626953
5385568,140.88864135742188
5385728,79.77237701416016
5385824,113.5814437866211
5385888,-148.64178466796875
5386048,211.24459838867188
5389504,-112.9406967163086
5389760,-159.67820739746094
5391328,-129.9287567138672
5391680,131.1923370361328
5392864,166.09068298339844
5396192,88.38491821289062
5396992,175.99839782714844
5398368,181.1569061279297
5398528,184.19900512695312
5398976,74.264404296875
5400032,173.8668975830078
5400256,177.67999267578125
5401376,-111.80594635009766
5401792,-111.61843872070312
5403328,169.53085327148438
5406048,164.04808044433594
5406880,199.52748107910156
5407552,203.78016662597656
5408256,210.76495361328125
5409696,187.406982421875
5410400,92.13005065917969
5414976,202.44993591308594
5415072,205.43292236328125
5417376,77.64630889892578
5417856,219.80226135253906
5420096,201.10345458984375
5420448,74.08073425292969
5420480,-48.3857536315918
5420768,-113.26567840576172
5420800,229.98703002929688
5422976,-93.72386932373047
5428384,216.38067626953125
5429952,-118.6191635131836
5430592,213.1726837158203
5430880,188.27923583984375
5432896,181.9451141357422
5433152,165.83367919921875
5433664,92.00687408447266
5436384,-221.92335510253906
5436672,-139.4265594482422
5438528,172.8698272705078
5439584,203.073974609375
5441152,49.73751449584961
5442944,226.98580932617188
5443136,189.62586975097656
5444256,78.80256652832031
5445632,197.69557189941406
5445728,177.04705810546875
5445760,221.24249267578125
5445984,195.88510131835938
5446336,160.57672119140625
5446560,201.66712951660156
5447072,-148.8284454345703
5448608,95.07232666015625
5449952,201.05332946777344
5450688,203.02394104003906
5451040,211.58567810058594
5451136,221.90283203125
5455520,198.9746551513672
5456576,211.791259765625
5457888,-126.35270690917969
5458272,180.18865966796875
5458528,212.54974365234375
5459008,194.654296875
5459968,168.8530731201172
5460960,67.98767852783203
5464480,-33.02912521362305
5467936,189.9498748779297
5468512,119.21207427978516
5471424,164.88011169433594
5473248,-112.8089370727539
5473344,215.48455810546875
5475392,133.9041290283203
5477472,200.04454040527344
5478432,-63.17701721191406
5478976,225.05921936035156
5479488,-139.20726013183594
5484896,190.40939331054688
5485696,214.11819458007812
5490912,-127.88813781738281
5491456,98.97238159179688
5492896,199.5976104736328
5493280,71.10517883300781
5497376,211.7530975341797
5497472,82.48788452148438
5497664,-123.31443786621094
5499744,24.878572463989258
5500576,212.50526428222656
5501344,172.34646606445312
5503168,237.07986450195312
5504928,236.1303253173828
5505664,-167.58177185058594
5505696,205.2755584716797
5505824,194.54428100585938
5507456,198.1654815673828
5511584,196.84832763671875
5514528,177.9500732421875
5514848,207.5889434814453
5516224,177.4065399169922
5517504,96.2716064453125
5518752,70.22476196289062
5519232,248.65054321289062
5520544,200.1420440673828
5520800,150.63267517089844
5522176,92.92130279541016
5524768,85.15409851074219
5525152,-17.930091857910156
5526048,130.8568878173828
5526112,186.5771942138672
5528736,115.17440795898438
5530368,220.67527770996094
5530464,-147.1748504638672
5533664,189.8531494140625
5534208,-182.6177215576172
5534272,-278.89990234375
5534720,89.70966339111328
5535872,219.4814910888672
5536608,196.61453247070312
5538208,189.14285278320312
5538528,10.946394920349121
5538720,181.75173950195312
5540736,202.76419067382812
5541056,188.58985900878906
5543072,-124.95643615722656
5544352,213.70169067382812
5546848,-131.2281951904297
5546848,-102.54171752929688
5548224,72.57286834716797
5548800,225.36944580078125
5550144,-159.67550659179688
5550240,-155.33592224121094
5550336,103.987060546875
5550624,78.35360717773438
5550816,-136.1613311767578
5552128,175.29185485839844
5552352,-144.22132873535156
5552352,123.76630401611328
5554112,100.33401489257812
5554336,-163.64248657226562
5556352,103.35028839111328
5557280,99.87421417236328
5560768,198.99258422851562
5560896,207.11602783203125
5562048,93.21485137939453
5562464,177.39987182617188
5563584,226.6287078857422
5565408,-157.16787719726562
5567616,176.8099365234375
5567680,90.39139556884766
5567744,-113.33755493164062
5568064,111.10467529296875
5571808,181.093505859375
5573536,106.64351654052734
5573568,176.68487548828125
5575072,186.22361755371094
5576128,-119.375
5578144,243.5482177734375
5579200,209.9439239501953
5581280,197.64761352539062
5585792,51.54491424560547
5587744,213.2200164794922
5589312,183.46498107910156
5590720,31.81555938720703
5593280,-118.30310821533203
5594816,199.798095703125
5596864,80.86893463134766
5598432,192.52206420898438
5599488,-135.54135131835938
5599872,-127.28909301757812
5600416,-39.58627700805664
5601792,57.894771575927734
5602496,179.9773712158203
5603296,88.12287139892578
5603456,192.8318634033203
5603872,-8.370379447937012
5604032,227.39669799804688
5604704,183.270263671875
5605504,182.0382537841797
5606848,206.98316955566406
5607488,189.38311767578125
5607744,173.7315673828125
5608128,168.7389373779297
5608384,194.34742736816406
5608832,87.94690704345703
5609216,45.353328704833984
5610368,27.770294189453125
5611040,122.98686218261719
5611456,183.1231231689453
5611744,-132.87576293945312
5611808,179.33053588867188
5614816,189.87930297851562
5615040,214.81285095214844
5616352,197.7196502685547
5617344,-142.1844482421875
5617504,189.4703369140625
5618176,83.04670715332031
5619584,167.60003662109375
5620128,190.57643127441406
5620192,-146.31768798828125
5621216,-126.50079345703125
5622368,172.2313995361328
5623104,108.2332992553711
5624960,207.11184692382812
5625632,206.16058349609375
5625664,215.00482177734375
5626816,200.0900421142578
5627712,-117.18649291992188
5627808,204.88577270507812
5629120,194.63143920898438
5634976,113.97824096679688
5635392,209.63331604003906
5637760,182.0109100341797
5638144,-142.3348846435547
5639456,231.11160278320312
5639456,143.17214965820312
5639712,-161.0428009033203
5639968,210.951904296875
5640672,191.6056365966797
5641952,140.81959533691406
5642304,180.2034149169922
5643680,-117.85244750976562
5644640,-34.565185546875
5645088,222.29885864257812
5646464,101.43611145019531
5647200,104.3709487915039
5647456,52.617130279541016
5648672,190.98712158203125
5648672,223.95364379882812
5652000,-171.1011505126953
5652096,-146.59857177734375
5655808,213.7327423095703
5656032,221.65904235839844
5658144,-124.16513061523438
5660704,-175.66860961914062
5662560,75.8505630493164
5663904,187.51181030273438
5664320,-139.34129333496094
5666176,-141.13275146484375
5667200,183.585693359375
5667808,-169.96681213378906
5668288,177.5455322265625
5670368,201.1540069580078
5670752,170.6744842529297
5673984,196.98374938964844
5674176,81.51771545410156
5674944,229.11109924316406
5675456,100.62606811523438
5678688,-141.32363891601562
5678688,88.0365982055664
5679104,-200.845458984375
5682400,185.65223693847656
5682720,-152.7874755859375
5685568,132.20021057128906
5685984,97.52396392822266
5686368,195.94937133789062
5687840,196.57472229003906
5689312,164.4514617919922
5689472,67.65516662597656
5689952,196.50714111328125
5691488,174.98916625976562
5693792,174.7740936279297
5694208,-179.28541564941406
5700928,-122.62696838378906
5701056,193.6319122314453
5701888,211.1150360107422
5702304,198.90403747558594
5702368,199.6925506591797
5703232,-37.38296890258789
5703840,168.13172912597656
5705024,159.5677947998047
5705280,197.03585815429688
5705568,99.42465209960938
5705920,-265.4415588378906
5709312,215.4414825439453
5709664,207.11209106445312
5712896,73.46511840820312
5713696,202.43980407714844
5713696,219.4288330078125
5714112,82.85791778564453
5717984,-145.2950439453125
5718624,-121.12578582763672
5718656,157.77859497070312
5720096,-108.99471282958984
5721312,211.33645629882812
5721376,205.50096130371094
5721664,206.75526428222656
5722208,172.03550720214844
5722368,-106.799072265625
5723328,154.55906677246094
5723616,180.4813690185547
5724160,186.62149047851562
5726560,95.29719543457031
5727616,-112.56884002685547
5728096,148.57379150390625
5729792,-141.2313690185547
5730368,80.687744140625
5731744,-146.16416931152344
5732640,215.53448486328125
5733728,80.73546600341797
5733952,189.359619140625
5735712,-134.01913452148438
5736768,-111.94705200195312
5738016,199.38101196289062
5739360,73.70795440673828
5740512,-86.07647705078125
5740640,226.56153869628906
5741856,206.06695556640625
5743232,-121.55322265625
5743904,-148.91676330566406
5745504,185.3233642578125
5746144,199.22100830078125
5747616,220.4625701904297
5747744,-112.40919494628906
5747936,-126.25572204589844
5749568,210.64041137695312
5750112,180.29623413085938
5750720,184.42295837402344
5752352,233.20030212402344
5758656,89.75767517089844
5760864,204.8391571044922
5762112,-123.01875305175781
5764672,214.6078338623047
5764704,209.8988800048828
5768352,57.872711181640625
5771712,192.34446716308594
5773408,177.35220336914062
5773408,203.2409210205078
5774496,-20.035560607910156
5774592,183.8900604248047
5776928,-138.52984619140625
5780032,67.33393859863281
5781248,190.1156463623047
5781408,159.84434509277344
5782208,210.66500854492188
5783200,85.24899291992188
5784640,164.176513671875
5784960,197.08404541015625
5785632,-116.10853576660156
5787200,139.8946990966797
5787584,126.94495391845703
5787936,83.76812744140625
5788000,187.92884826660156
5791488,-174.6886444091797
5792672,192.2203826904297
5793696,190.5507049560547
5794176,232.2743682861328
5795072,179.90240478515625
5795584,-118.90959167480469
5799040,-142.33255004882812
5799744,187.5908660888672
5800224,199.68994140625
5800320,99.01728820800781
5803232,193.3686981201172
5803360,203.83316040039062
5803744,-26.801136016845703
5804288,180.03623962402344
5805376,-104.72704315185547
5805600,220.58204650878906
5806176,188.7554931640625
5806752,101.77888488769531
5807488,-40.48632049560547
5809600,234.77557373046875
5811872,202.4539794921875
5812576,190.5835723876953
5812736,161.2185821533203
5813760,66.78166198730469
5815200,213.83094787597656
5816704,118.65312194824219
5817792,221.39932250976562
5819680,208.30445861816406
5820416,186.7952117919922
5822080,125.98934936523438
5825184,214.6900177001953
5828512,-158.03915405273438
5828768,-135.3483123779297
5829088,-130.0848846435547
5829440,213.68724060058594
5830336,196.10765075683594
5832160,-356.18218994140625
5833920,-17.93915367126465
5833920,-44.18485641479492
5835008,-123.06080627441406
5836128,127.00299835205078
5837504,-148.94581604003906
5839040,191.13706970214844
5840672,-133.98667907714844
5840864,-280.1360168457031
5841216,-125.23332977294922
5842400,-174.60304260253906
5846080,-117.55918884277344
5846816,170.82791137695312
5848928,-96.82939910888672
5849152,198.72193908691406
5849248,83.42880249023438
5849536,195.05438232421875
5849632,-135.4644012451172
5850944,-98.15546417236328
5851200,-231.35533142089844
5852224,210.6697998046875
5852928,198.09326171875
5853824,203.78114318847656
5854400,-146.7577362060547
5854848,177.34393310546875
5856736,-153.0356903076172
5857760,121.9571762084961
5859712,125.049560546875
5860512,161.12535095214844
5861472,-113.3997802734375
5863840,-127.1511459350586
5865152,217.27853393554688
5867392,200.95252990722656
5869792,63.83172607421875
5870240,178.12265014648438
5871488,-160.1583251953125
5874016,-137.94178771972656
5874368,75.19329833984375
5876256,201.5611572265625
5876352,53.27614974975586
5879168,36.65309143066406
5879520,193.68283081054688
5882560,104.52193450927734
5882912,-148.3927459716797
5884512,182.4803009033203
5884672,193.5539093017578
5885216,205.77874755859375
5886368,-155.9016571044922
5886496,207.87269592285156
5886880,189.51324462890625
5887456,105.09083557128906
5888000,219.85716247558594
5888800,-135.7308349609375
5890976,187.10836791992188
5891072,218.2901153564453
5891104,197.0527801513672
5893120,168.7235565185547
5894976,190.49578857421875
5895136,211.64834594726562
5895168,207.89157104492188
5895200,226.661865234375
5898368,180.92596435546875
5898400,76.13362121582031
5898528,169.52110290527344
5900000,169.81307983398438
5902336,86.54052734375
5903712,187.31175231933594
5904640,75.4932861328125
5905152,162.66433715820312
5906720,175.31094360351562
5909408,170.17422485351562
5910304,203.02125549316406
5910464,-254.3022918701172
5911584,200.0498504638672
5912256,85.103759765625
5912640,214.1223602294922
5913088,-165.7734375
5914048,-136.6150665283203
5915136,176.48855590820312
5916384,216.2568359375
5916768,177.36685180664062
5916800,73.71380615234375
5918464,192.68182373046875
5919808,204.15756225585938
5920384,164.24432373046875
5921120,202.3795166015625
5921856,178.83421325683594
5922208,182.49411010742188
5923040,223.80953979492188
5926464,85.57723236083984
5926624,-84.61491394042969
5927392,213.1639862060547
5927488,181.6753692626953
5928128,206.8073272705078
5929056,192.1667022705078
5931168,102.1048583984375
5933824,177.84385681152344
5936864,196.8867645263672
5937312,206.74057006835938
5937536,137.07696533203125
5937696,206.41876220703125
5940960,159.61976623535156
5941248,12.002941131591797
5942368,162.29872131347656
5943392,202.04734802246094
5944416,182.63510131835938
5945280,91.39036560058594
5945504,184.85072326660156
5945568,135.5096435546875
5945824,150.48121643066406
5946144,163.1768035888672
5946240,-119.31909942626953
5946784,139.03546142578125
5947232,204.47799682617188
5949056,-238.96548461914062
5950944,76.00875091552734
5952448,101.04154205322266
5952544,226.66806030273438
5954272,193.20933532714844
5956576,187.23263549804688
5958208,156.12399291992188
5958656,193.38587951660156
5960160,179.38650512695312
5961120,-141.20741271972656
5961760,206.714111328125
5964224,175.78195190429688
5964896,76.08145904541016
5965984,179.40158081054688
5968224,77.00579833984375
5969056,-142.7860870361328
5970112,-155.79342651367188
5970560,144.67430114746094
5972544,-176.8363800048828
5973664,211.30599975585938
5973824,222.93162536621094
5974688,28.998435974121094
5975680,186.2955322265625
5979712,207.76187133789062
5980768,208.13031005859375
5981696,-131.1961212158203
5983296,79.31104278564453
5983424,-116.14791107177734
5985984,-130.4886474609375
5986432,183.4882354736328
5986880,203.91064453125
5988096,177.79299926757812
5988480,91.90946197509766
5989088,183.89920043945312
5989344,213.5148162841797
5991296,194.472412109375
5992896,204.19796752929688
5993824,-168.0808563232422
5994176,82.86689758300781
5994432,180.48683166503906
5994976,164.0959014892578
5995296,188.8358612060547
5997760,163.80780029296875
5998688,197.2239227294922
5999072,-103.67555236816406
5999392,212.19329833984375
6000768,-143.28158569335938
6001184,182.11587524414062
6003904,78.66009521484375
6005792,185.7085418701172
6007328,212.46705627441406
6007616,199.9974365234375
6008064,-8.235553741455078
6012352,62.53265380859375
6014144,225.09446716308594
6015328,186.13250732421875
6015584,212.44703674316406
6018912,172.51382446289062
6019200,188.65419006347656
6019712,113.0754623413086
6021632,195.5123748779297
6025088,202.4993896484375
6026112,109.33902740478516
6028256,60.08443832397461
6029152,195.88746643066406
6029632,159.27462768554688
6030272,197.0167999267578
6030496,-227.82215881347656
6031552,176.64453125
6031616,84.41092681884766
6032448,70.87462615966797
6036832,193.0691680908203
6037024,178.60693359375
6038080,43.78125762939453
6040320,153.40576171875
6041984,217.5829620361328
6042048,54.23748779296875
6042816,35.0811653137207
6043968,206.67127990722656
6044608,158.07737731933594
6046240,-32.093910217285156
6046528,83.95732879638672
6047968,-125.31393432617188
6048000,-44.070194244384766
6048192,213.201904296875
6049472,169.6331024169922
6050240,58.861209869384766
6050272,187.97283935546875
6050336,104.40005493164062
6050496,174.54608154296875
6054112,182.766845703125
6055264,173.57479858398438
6057280,-126.63812255859375
6060512,168.68226623535156
6061056,146.51390075683594
6063264,170.4005889892578
6064736,-123.16664123535156
6066016,176.09707641601562
6066272,201.75526428222656
6067200,-39.05092239379883
6067296,149.5233917236328
6068480,-48.37567138671875
6068576,188.88485717773438
6069152,175.24111938476562
6069856,183.5332794189453
6070784,178.09417724609375
6072512,191.78688049316406
6072544,142.7541961669922
6072736,223.7272491455078
6074560,72.2273178100586
6074944,200.889892578125
6075616,108.9094009399414
6076448,90.4480209350586
6076704,-293.4432678222656
6077728,177.6316375732422
6078272,186.80897521972656
6079008,202.03639221191406
6080480,144.4371337890625
6081632,-115.77830505371094
6081760,-189.28848266601562
6084032,179.20416259765625
6084128,74.221923828125
6084512,-154.5563201904297
6086112,187.1874542236328
6086144,-135.58067321777344
6087040,-123.698974609375
6088448,-150.6226806640625
6088448,18.76680564880371
6092672,169.39085388183594
6093536,160.72999572753906
6093568,36.041561126708984
6094016,199.3804168701172
6094272,-54.831912994384766
6095488,92.80140686035156
6098496,61.57673645019531
6098880,82.38276672363281
6099360,165.73158264160156
6099712,189.37973022460938
6100352,-168.78680419921875
6100608,196.88494873046875
6100608,-362.1588134765625
6104480,-198.74317932128906
6105632,167.48171997070312
6106016,82.13697814941406
6106816,148.00787353515625
6107040,91.02194213867188
6107072,188.71200561523438
6109216,-129.75852966308594
6109408,191.68161010742188
6109536,-139.347412109375
6111136,85.24977111816406
6111456,173.38575744628906
6111552,-17.616188049316406
6111584,41.51809310913086
6111648,196.11532592773438
6112032,174.61114501953125
6113568,73.15799713134766
6116032,208.0102081298828
6117984,-53.155799865722656
6118496,177.8011932373047
6119392,175.27871704101562
6119520,176.55416870117188
6119872,190.18296813964844
6120480,-33.778480529785156
6120704,181.72569274902344
6121376,-147.57275390625
6123648,-152.05282592773438
6126144,-37.89031982421875
6126784,-169.1254425048828
6127584,-173.82925415039062
6128768,186.12242126464844
6129984,181.47247314453125
6131360,186.7955322265625
6133472,156.2421417236328
6134080,86.56257629394531
6134400,194.87213134765625
6138432,155.5915985107422
6139680,69.843994140625
6140896,86.60148620605469
6142144,191.069580078125
6142848,147.65017700195312
6145696,204.3002166748047
6146016,94.35576629638672
6146272,101.22517395019531
6147136,-147.5113983154297
6147232,213.50314331054688
6147264,198.0014190673828
6148096,85.169677734375
6150048,68.62379455566406
6152320,195.92105102539062
6154624,175.2461700439453
6157088,161.41477966308594
6157120,189.05825805664062
6157216,-123.3287353515625
6157664,-116.09759521484375
6161024,84.33143615722656
6165184,91.34363555908203
6167456,39.59036636352539
6169280,198.38031005859375
6173248,96.4088363647461
6174048,202.57977294921875
6175392,-177.0198974609375
6178720,187.35861206054688
6179616,80.86141204833984
6181568,-159.05331420898438
6181760,98.4616928100586
6182784,99.92967224121094
6183456,35.649532318115234
6184704,54.70844650268555
6186784,191.4215545654297
6188736,102.9664306640625
6189088,193.45620727539062
6189184,206.68516540527344
6191008,200.58285522460938
6192256,191.0358428955078
6192352,212.2353057861328
6192416,196.3276824951172
6192544,-22.809906005859375
6192576,-27.669837951660156
6193504,-171.86143493652344
6195104,153.73190307617188
6195328,208.31419372558594
6196128,61.22324752807617
6196384,-48.1177978515625
6197632,183.61953735351562
6198816,177.7384490966797
6198880,80.03268432617188
6200736,-192.5264434814453
6201312,165.98667907714844
6202144,173.57777404785156
6203808,-153.87733459472656
6204640,204.2878875732422
6205280,137.71347045898438
6205440,-139.13035583496094
6206272,180.833740234375
6206880,181.6493682861328
6209024,198.5774383544922
6210528,173.38687133789062
6211936,181.90296936035156
6213056,162.41357421875
6214240,21.089492797851562
6215968,169.5449676513672
6220768,191.9727325439453
6222496,126.39884185791016
6226528,179.2620086669922
6227968,187.7756805419922
6228192,79.91368103027344
6228544,51.404296875
6228704,33.51300811767578
6229312,119.42655181884766
6229856,183.5562286376953
6232896,171.6562957763672
6235168,195.71151733398438
6236608,208.89100646972656
6237888,194.0632781982422
6241440,64.16812133789062
6241728,168.46482849121094
6244384,180.8934783935547
6244608,189.90676879882812
6245504,181.32530212402344
6248032,186.07156372070312
6248512,158.11952209472656
6249280,221.35670471191406
6251104,-153.41946411132812
6253440,190.64427185058594
6253920,88.45489501953125
6253952,174.78895568847656
6255808,94.35745239257812
6256992,-148.89486694335938
6258560,179.85873413085938
6259680,58.86650085449219
6260416,200.42633056640625
6261760,-53.87974166870117
6261952,176.31637573242188
6262112,213.44322204589844
6265504,118.94617462158203
6266816,187.70291137695312
6266848,-157.3511962890625
6268800,205.1549072265625
6268896,188.26792907714844
6269024,202.57530212402344
6270304,-40.27791976928711
6270944,196.73202514648438
6273632,-189.79684448242188
6273856,172.06988525390625
6275200,188.11801147460938
6275648,173.34017944335938
6275712,212.1910858154297
6276032,222.04708862304688
6276256,-92.21958923339844
6277568,182.52516174316406
6278720,-843.13916015625
6280544,198.7516632080078
6282560,106.61573028564453
6282816,215.42141723632812
6282912,87.84881591796875
6283168,211.78977966308594
6283872,159.21449279785156
6284736,202.62400817871094
6284896,204.63868713378906
6286272,164.0988311767578
6286784,52.14163589477539
6286976,-109.05855560302734
6289600,208.08218383789062
6291136,225.14761352539062
6291808,172.3511505126953
6292384,-144.55810546875
6292768,191.52203369140625
6293280,191.61251831054688
6293376,-118.0590591430664
6294112,207.6589813232422
6294496,169.91404724121094
6296576,-176.63766479492188
6300096,198.0861053466797
6304128,212.0745391845703
6305376,182.3172607421875
6305920,60.1243896484375
6306144,-158.79518127441406
6306880,73.39752960205078
6308288,176.01266479492188
6309600,-135.6038818359375
6309760,154.03619384765625
6312768,201.08665466308594
6313632,189.9853057861328
6314208,56.19550704956055
6314432,-136.7017822265625
6316832,-146.85641479492188
6318144,175.5727081298828
6320128,152.71182250976562
6320864,63.950828552246094
6320992,213.5816192626953
6324928,-10.471780776977539
6326752,90.90485382080078
6327520,126.1180419921875
6328896,60.496158599853516
6328896,131.8211669921875
6330432,206.77365112304688
6332192,-158.38638305664062
6332416,173.73260498046875
6334112,-122.83570098876953
6334176,185.9900665283203
6334912,74.2939224243164
6337024,188.33096313476562
6337888,173.74923706054688
6341248,86.4042739868164
6341280,201.7831573486328
6341536,193.29327392578125
6343392,39.86009216308594
6346784,218.56494140625
6349088,206.71591186523438
6349184,123.9151611328125
6349440,101.11687469482422
6352672,49.67641067504883
6352704,188.61256408691406
6352736,220.90557861328125
6353984,-134.96473693847656
6354272,157.76524353027344
6355072,217.85031127929688
6357952,-139.49209594726562
6358208,-142.98683166503906
6359392,176.95657348632812
6359616,180.0151824951172
6360032,190.84033203125
6362272,169.57521057128906
6364544,187.77996826171875
6364800,238.61122131347656
6365600,183.16168212890625
6366848,185.0502166748047
6367200,186.80821228027344
6368448,176.2714080810547
6368768,190.25344848632812
6369632,182.6719512939453
6370240,194.59957885742188
6370848,97.7419204711914
6371712,231.3489227294922
6371744,186.12417602539062
6372384,192.11097717285156
6377888,222.44984436035156
6377952,196.79327392578125
6379744,-116.15158081054688
6379968,224.82025146484375
6385152,192.10350036621094
6388320,38.21623611450195
6389280,209.12356567382812
6391040,-1.816946268081665
6395520,-151.87939453125
6397536,-137.6945037841797
6399456,-17.845415115356445
6399520,87.11466217041016
6399968,209.3886260986328
6401248,175.79653930664062
6401376,76.52428436279297
6403424,219.25645446777344
6403680,222.36544799804688
6403936,182.9690399169922
6404064,80.91641998291016
6409824,184.25302124023438
6410432,186.6726837158203
6411232,215.451171875
6412160,-132.9554901123047
6416768,195.78262329101562
6419328,94.22834014892578
6419808,36.05247116088867
6420000,184.2501678466797
6423264,167.07318115234375
6424736,81.76839447021484
6424768,181.95196533203125
6425024,199.5999755859375
6425472,-70.67853546142578
6425952,174.96156311035156
6426016,203.80470275878906
6426528,199.82350158691406
6428224,218.8744354248047
6430912,202.12344360351562
6431296,214.8822784423828
6432256,50.87329864501953
6433216,-142.77792358398438
6433312,85.82691955566406
6434016,179.94229125976562
6435264,108.0267105102539
6436480,-134.2610321044922
6437024,201.84982299804688
6437504,223.92996215820312
6437536,210.84788513183594
6439136,-145.739013671875
6440160,6.503763198852539
6440576,125.43576049804688
6442688,190.21420288085938
6442752,162.19512939453125
6444128,182.3956298828125
6444416,109.16056060791016
6444640,88.84188079833984
6445760,208.6217498779297
6448288,-63.00038528442383
6448384,201.80099487304688
6448544,183.3944854736328
6448704,-97.80233001708984
6448768,140.26351928710938
6449024,-189.20274353027344
6450688,194.51214599609375
6453216,111.77481842041016
6454272,260.8165588378906
6455296,18.2149658203125
6457120,203.07907104492188
6457120,215.17185974121094
6460288,184.0840301513672
6460992,-14.176712989807129
6462592,91.47100067138672
6462848,229.745849609375
6463296,209.8245086669922
6466752,63.21620559692383
6468096,-39.70347595214844
6468608,195.33497619628906
6468736,200.48780822753906
6469152,216.10377502441406
6469792,202.80532836914062
6473248,-28.830705642700195
6473792,191.04098510742188
6476512,73.36150360107422
6477120,-158.7028350830078
6477984,167.30616760253906
6481056,-149.24130249023438
6482240,218.4743194580078
6485408,173.8199462890625
6485856,99.99437713623047
6486496,206.97515869140625
6487648,198.88348388671875
6488896,69.953125
6489216,173.0447998046875
6489312,171.948486328125
6491392,-220.79458618164062
6492288,86.7982406616211
6493568,197.74290466308594
6495424,174.82936096191406
6495616,-136.87083435058594
6497376,186.45269775390625
6497856,191.62188720703125
6499648,204.82949829101562
6503616,-195.94589233398438
6504192,140.75668334960938
6504800,201.54994201660156
6505536,-132.4635772705078
6507456,203.22109985351562
6507840,159.37747192382812
6508160,72.61872100830078
6511232,189.91329956054688
6512032,203.76290893554688
6513696,185.33213806152344
6513920,95.19638061523438
6516480,-145.93057250976562
6516736,183.87843322753906
6517440,105.619140625
6517952,-97.82221984863281
6519232,119.98387145996094
6521184,-180.52777099609375
6521312,-111.78694152832031
6522080,181.3677520751953
6524224,92.7352523803711
6524736,126.6008071899414
6525472,-22.50554656982422
6526336,205.3170928955078
6527360,152.5424041748047
6527648,208.82614135742188
6527840,82.1130142211914
6529440,205.345458984375
6530816,204.3029022216797
6531296,95.94496154785156
6531776,-113.85786437988281
6532928,212.70640563964844
6533568,201.69943237304688
6533568,-42.033233642578125
6537312,227.61920166015625
6538816,202.06307983398438
6540128,220.05413818359375
6544064,233.1492156982422
6544672,87.60157775878906
6546016,52.64029312133789
6546624,213.6140899658203
6548224,156.11700439453125
6549056,-105.08123016357422
6550208,220.06390380859375
6551360,218.657470703125
6551552,200.64048767089844
6551904,-43.35343551635742
6552544,112.27131652832031
6554496,-172.4872283935547
6555936,190.3395233154297
6555936,-113.30901336669922
6558496,228.68284606933594
6559872,213.11138916015625
6561152,-100.64019775390625
6562432,83.05530548095703
6563712,-124.23981475830078
6564480,76.55496978759766
6564768,-166.7086181640625
6569248,193.95623779296875
6570016,-106.06034088134766
6570720,201.66690063476562
6571744,201.18008422851562
6575328,176.7532196044922
6575712,197.06344604492188
6576000,194.55935668945312
6577056,191.64576721191406
6577792,185.00733947753906
6578112,188.19256591796875
6578144,186.06492614746094
6578304,-32.23948287963867
6578432,80.79805755615234
6581312,-106.66534423828125
6582016,208.80984497070312
6586688,-40.48457717895508
6592064,162.04647827148438
6592512,190.66246032714844
6592896,189.08921813964844
6592960,184.99880981445312
6593344,102.9668197631836
6593568,157.10240173339844
6595072,190.1815643310547
6595136,19.816450119018555
6597952,174.58358764648438
6598336,188.95103454589844
6598752,174.42971801757812
6600608,183.5386505126953
6603552,229.97891235351562
6603584,-141.9052734375
6604992,-116.0831298828125
6605760,153.97854614257812
6606016,142.3275909423828
6609760,213.22335815429688
6609888,151.1017608642578
6609920,216.91497802734375
6610944,216.39161682128906
6613120,171.96047973632812
6614560,196.58912658691406
6615232,109.69133758544922
6616192,190.41783142089844
6616736,-140.5772247314453
6616896,195.83737182617188
6619808,-113.28187561035156
6619968,202.02304077148438
6620608,171.2177734375
6620864,178.27334594726562
6622944,199.42672729492188
6625664,81.51319122314453
6628224,55.42058181762695
6628224,207.6038818359375
6629344,219.7031707763672
6630016,205.0760498046875
6630816,227.0602569580078
6631296,197.26004028320312
6633536,180.2672576904297
6634144,181.34417724609375
6635680,152.88575744628906
6636032,214.7420654296875
6636256,156.57345581054688
6637568,-116.33071899414062
6648448,144.57554626464844
6648992,-173.40493774414062
6649248,176.79119873046875
6650016,198.4400177001953
6650976,211.6418914794922
6651104,203.22372436523438
6653536,-124.30155181884766
6656704,158.01165771484375
6656928,-112.33599853515625
6657152,-121.61751556396484
6659776,238.04185485839844
6660480,226.06980895996094
6661888,96.32829284667969
6662528,78.81147003173828
6662784,200.9059600830078
6663200,83.44596862792969
6663840,-150.4031524658203
6663872,203.6543426513672
6664480,193.63204956054688
6666368,-145.0056610107422
6667776,209.213134765625
6667872,-123.65357208251953
6670176,-225.4912567138672
6671424,232.6997528076172
6672032,206.83157348632812
6673632,205.94091796875
6674688,212.93020629882812
6675680,179.880859375
6675872,231.41238403320312
6675872,133.49819946289062
6676864,170.95460510253906
6678400,104.39036560058594
6678496,90.10540008544922
6679392,-92.71401977539062
6680064,173.0448455810547
6682976,48.36221694946289
6683808,-96.62720489501953
6683936,230.9325714111328
6684224,192.05140686035156
6685248,238.5034942626953
6687616,146.18959045410156
6689056,85.91448974609375
6690624,212.9878692626953
6691072,-119.2183609008789
6691424,219.42771911621094
6692800,-126.49735260009766
6693344,185.3760986328125
6693824,67.16226959228516
6694368,205.572265625
6695136,79.3633041381836
6695744,-149.1302490234375
6696960,181.4768524169922
6697184,217.3998565673828
6697408,104.19389343261719
6697888,90.00074005126953
6698432,-310.0982666015625
6698816,65.96846771240234
6698816,105.76978302001953
6700832,157.29339599609375
6701792,-154.00753784179688
6704320,197.69915771484375
6705632,81.05119323730469
6705760,183.0531768798828
6705952,218.37217712402344
6706304,203.57049560546875
6706368,146.3137969970703
6706592,-165.36643981933594
6707168,193.61212158203125
6708160,75.2684097290039
6710240,166.94712829589844
6711136,210.2380828857422
6713248,197.66053771972656
6713280,232.5410919189453
6714464,208.12123107910156
6714976,120.43162536621094
6714976,-128.78236389160156
6715264,175.96307373046875
6715744,-161.2838897705078
6716672,-102.76358795166016
6719872,202.1644287109375
6720992,202.93231201171875
6721728,-45.845211029052734
6723552,-107.70173645019531
6725632,-3.9114785194396973
6725760,216.63897705078125
6726176,156.96591186523438
6726560,192.404052734375
6728864,202.13250732421875
6729504,191.87132263183594
6730592,190.7667236328125
6730720,-125.9109878540039
6731232,186.32205200195312
6731584,200.04525756835938
6731712,200.53140258789062
6731744,208.0679931640625
6731936,197.32496643066406
6732896,-30.673995971679688
6733728,228.1501007080078
6734048,127.55418395996094
6735008,102.64623260498047
6736352,242.18861389160156
6737248,-153.30210876464844
6737472,184.06365966796875
6737792,206.27523803710938
6738368,207.6699981689453
6739104,202.62066650390625
6742496,194.78298950195312
6742656,-158.89817810058594
6743040,175.33480834960938
6746336,-130.27767944335938
6747328,77.74668884277344
6747744,198.88755798339844
6749696,230.55447387695312
6749696,-14.546643257141113
6750752,177.9854736328125
6751904,108.80355072021484
6752352,-136.0037078857422
6754784,-153.33941650390625
6754944,87.4753189086914
6755360,205.7757568359375
6755552,-139.95571899414062
6755840,227.53738403320312
6756608,197.4365692138672
6757088,223.4774932861328
6757440,59.503868103027344
6759808,97.45855712890625
6762368,206.69065856933594
6762624,-18.566547393798828
6762688,-131.1715850830078
6764960,198.8126220703125
6766624,205.55731201171875
6770944,206.9651336669922
6772000,72.42729187011719
6772384,215.39479064941406
6772960,101.046142578125
6773152,194.41668701171875
6774112,76.53004455566406
6774752,215.01535034179688
6775232,-128.12916564941406
6775904,76.57091522216797
6782336,-154.52101135253906
6784384,205.1645965576172
6784768,185.35499572753906
6785888,187.82627868652344
6785984,174.64871215820312
6787584,228.52662658691406
6787648,208.11346435546875
6789312,210.82986450195312
6789408,76.19111633300781
6789728,82.51478576660156
6790560,195.39332580566406
6791808,177.78436279296875
6794880,106.78582000732422
6796832,204.93582153320312
6800128,-144.12786865234375
6801696,-120.14949798583984
6802912,-131.33522033691406
6804064,206.12359619140625
6804320,201.05267333984375
6804352,212.13523864746094
6807808,196.39552307128906
6808576,91.63788604736328
6808928,-122.13475799560547
6808992,215.1144561767578
6812960,198.87550354003906
6814944,235.16151428222656
6815808,-184.88482666015625
6816544,94.92247009277344
6817696,-132.5576934814453
6817792,150.2899169921875
6818496,208.46536254882812
6819168,93.63146209716797
6819360,-424.11920166015625
6819680,219.28167724609375
6820160,5.4400858879089355
6823712,226.27818298339844
6824384,88.34126281738281
6826080,-395.7024230957031
6826496,-104.06255340576172
6826592,-110.1025390625
6828480,217.48390197753906
6829664,204.32835388183594
6834400,209.03182983398438
6837120,197.4454345703125
6837248,-97.68804168701172
6839872,183.82415771484375
6840192,169.14059448242188
6841248,202.60968017578125
6841440,158.46926879882812
6842976,99.86277770996094
6845088,-125.22224426269531
6846752,72.36845397949219
6847328,208.1684112548828
6848448,184.42422485351562
6848928,192.19921875
6850720,221.5155487060547
6855328,154.64503479003906
6856064,208.05467224121094
6856288,99.38289642333984
6858816,213.3052520751953
6859136,132.3334503173828
6860096,184.8599853515625
6860416,188.31271362304688
6860480,168.546142578125
6866944,100.59391784667969
6867904,-741.05419921875
6868992,-99.61555480957031
6870464,204.30519104003906
6873120,162.58457946777344
6875872,215.67169189453125
6876192,197.93148803710938
6876224,66.32677459716797
6876448,209.20550537109375
6877408,-142.86827087402344
6878880,209.5579376220703
6879424,215.52578735351562
6879968,-146.11231994628906
6880672,196.39910888671875
6883360,176.85118103027344
6883488,176.7955780029297
6884768,157.225830078125
6887648,179.17835998535156
6888544,215.40618896484375
6888864,207.5443878173828
6891296,-133.92852783203125
6892288,176.99012756347656
6892864,199.00831604003906
6893536,194.04812622070312
6894720,134.40365600585938
6895136,193.9315948486328
6898592,-136.78045654296875
6899008,120.69723510742188
6899328,-49.976043701171875
6899648,182.08026123046875
6900384,51.097164154052734
6900864,-12.0302152633667
6901024,198.37991333007812
6901120,170.2148895263672
6901280,-126.22541809082031
6901376,195.28494262695312
6901472,-135.4359588623047
6901792,174.94818115234375
6902016,-163.66519165039062
6905376,114.80058288574219
6906432,208.60772705078125
6906624,-122.22357177734375
6908928,85.31971740722656
6910080,-116.98284912109375
6911040,-107.04781341552734
6911712,80.67338562011719
6913088,208.00473022460938
6913728,7.341394901275635
6916480,183.33424377441406
6917536,210.2786865234375
6918848,229.35592651367188
6918848,-607.0548706054688
6920512,73.8189926147461
6922624,-602.8726196289062
6923584,199.9933319091797
6923840,202.7967529296875
6924896,241.42404174804688
6928576,151.01063537597656
6930048,157.88937377929688
6930272,-139.21217346191406
6930304,115.23839569091797
6931424,197.6270751953125
6933184,238.51800537109375
6933856,185.47674560546875
6934208,168.82582092285156
6935520,210.7038116455078
6937856,162.75315856933594
6939840,203.6889190673828
6943136,-108.01715087890625
6943712,1.2611007690429688
6944192,105.32457733154297
6945280,223.3435821533203
6945632,-134.3427734375
6946656,179.19728088378906
6946976,184.41180419921875
6948736,-120.49348449707031
6949952,111.06886291503906
6950112,90.54220581054688
6950336,105.11640167236328
6952000,212.04006958007812
6956608,196.74234008789062
6958112,205.49008178710938
6958240,-139.20074462890625
6958816,203.66397094726562
6960128,74.59786987304688
6960256,-138.37109375
6963136,195.72787475585938
6964256,167.61016845703125
6964320,194.30615234375
6965824,-135.59426879882812
6966016,-141.33245849609375
6967200,203.16969299316406
6967488,180.586669921875
6969024,232.88682556152344
6969056,108.30279541015625
6972192,222.92047119140625
6973280,-121.88702392578125
6973728,94.77227020263672
6973888,-171.24359130859375
6974560,203.05323791503906
6975072,196.83775329589844
6976928,209.14234924316406
6978496,211.72781372070312
6979680,192.6839599609375
6980832,197.71173095703125
6981280,159.76986694335938
6982560,-167.0106201171875
6983072,195.9431610107422
6983104,-90.86115264892578
6989952,-233.5574951171875
6990784,220.89759826660156
6992160,153.2938995361328
6993088,-140.27398681640625
6993280,192.9322052001953
6995936,193.81411743164062
6996416,-16.77718734741211
6998080,191.90626525878906
6999552,-8.604913711547852
6999616,193.45228576660156
7001632,179.75222778320312
7002528,200.65228271484375
7003520,210.01148986816406
7003648,88.08534240722656
7004000,216.53065490722656
7007040,193.5236358642578
7008928,214.01499938964844
7009760,225.29568481445312
7010112,217.78382873535156
7011744,-115.7392349243164
7013920,-126.19220733642578
7014944,-127.41920471191406
7015008,189.04696655273438
7018144,46.43034362792969
7019168,195.9280242919922
7019616,179.6697540283203
7022400,203.0272216796875
7022688,-8.555098533630371
7023328,118.15938568115234
7024032,71.56977844238281
7024480,-145.3137664794922
7024544,-28.747995376586914
7024992,87.37821197509766
7026592,218.63790893554688
7028704,177.6763916015625
7029088,-42.174781799316406
7030080,188.65956115722656
7032000,163.05950927734375
7032192,180.04214477539062
7034080,231.46072387695312
7035232,170.06399536132812
7035328,207.32589721679688
7036096,190.53538513183594
7036288,198.66323852539062
7037696,190.20651245117188
7038080,122.71380615234375
7038944,218.83482360839844
7040288,-117.14008331298828
7040416,233.91905212402344
7041216,202.5614776611328
7042880,193.28176879882812
7043296,224.24514770507812
7045312,195.2202606201172
7046272,198.97369384765625
7046304,223.06858825683594
7048000,179.8782196044922
7048096,-152.4125518798828
7051840,-166.6456756591797
7052672,174.27774047851562
7052800,226.62774658203125
7053984,89.48473358154297
7054240,204.2425079345703
7056096,234.94126892089844
7057472,117.25438690185547
7058528,98.59934997558594
7059328,180.17617797851562
7059744,231.38258361816406
7059904,175.86708068847656
7060032,197.6976318359375
7060064,203.97164916992188
7062080,108.50875854492188
7062272,-34.40331268310547
7062464,153.98660278320312
7064640,93.25753784179688
7067392,187.52581787109375
7067584,216.6610870361328
7068096,173.89044189453125
7068736,90.90977478027344
7070176,240.75486755371094
7070272,110.40789031982422
7071840,75.90016174316406
7071968,-17.266376495361328
7075136,-129.37164306640625
7081216,211.71446228027344
7081376,178.9672393798828
7081664,172.9144744873047
7085856,191.6540985107422
7086144,229.56117248535156
7086272,-130.39566040039062
7086688,177.4097900390625
7087008,179.07594299316406
7088288,-100.56383514404297
7088832,185.8345489501953
7089920,84.07974243164062
7089984,209.1975555419922
7090816,197.92674255371094
7091648,121.94894409179688
7094240,-161.4522705078125
7094240,159.73179626464844
7095968,83.0068588256836
7098368,-122.44108581542969
7100320,130.07083129882812
7101536,182.8978729248047
7102784,117.00751495361328
7103200,-45.68386459350586
7103232,90.99050903320312
7105216,-140.24330139160156
7105728,57.738773345947266
7106176,222.33392333984375
7108736,88.7757568359375
7108800,216.23094177246094
7109472,172.6014862060547
7111616,184.1292724609375
7112224,221.61239624023438
7112288,169.04779052734375
7113216,221.43763732910156
7116896,176.12176513671875
7117440,-130.8775634765625
7120480,59.30790328979492
7121472,-137.0429229736328
7122496,198.19009399414062
7122528,194.77503967285156
7124064,194.7089385986328
7124096,204.28038024902344
7125760,173.61044311523438
7127584,194.39309692382812
7128960,190.3191680908203
7129440,185.74647521972656
7131008,217.91683959960938
7131328,83.71519470214844
7132128,-122.00645446777344
7132384,-467.9600524902344
7133152,203.7367706298828
7133856,179.40171813964844
7135328,219.89256286621094
7135712,117.77986907958984
7139392,190.21604919433594
7140096,194.90301513671875
7141824,98.24398803710938
7142432,181.6624298095703
7142528,-118.36553192138672
7143328,162.9229736328125
7145152,199.842529296875
7145184,118.2179183959961
7145472,101.12638854980469
7146368,215.70643615722656
7147968,203.28695678710938
7150432,-134.25210571289062
7150816,110.58697509765625
7151872,193.85096740722656
7153408,62.24441146850586
7153504,190.47349548339844
7155264,-107.61579132080078
7156512,201.67587280273438
7157024,-196.40896606445312
7157312,207.36874389648438
7158656,232.16868591308594
7159808,130.3486785888672
7159968,-104.5273208618164
7160512,-109.27069091796875
7160960,203.2311553955078
7163488,-140.33375549316406
7165696,121.34733581542969
7168320,67.49180603027344
7169504,187.1431884765625
7169824,75.3650894165039
7170304,-167.33982849121094
7171200,240.79953002929688
7174656,182.3225860595703
7175968,54.76307678222656
7176192,224.71530151367188
7177280,205.08505249023438
7178016,59.31718826293945
7179072,182.61302185058594
7179712,57.15416717529297
7182240,211.80284118652344
7184896,-150.20669555664062
7185408,162.77481079101562
7186560,80.51535034179688
7188192,211.32635498046875
7189216,81.53331756591797
7190176,196.2727813720703
7190784,160.0597686767578
7190944,194.42698669433594
7193184,176.6561279296875
7193856,205.1861114501953
7194976,209.91175842285156
7195808,-122.70526123046875
7196096,205.7353057861328
7197184,179.9986114501953
7200160,220.53089904785156
7201536,-185.498046875
7201664,191.21023559570312
7202016,177.47756958007812
7206176,241.8845672607422
7208320,195.9822235107422
7209152,195.72682189941406
7209472,171.2112579345703
7209824,198.7445526123047
7211712,233.7131805419922
7213696,131.9246826171875
7213952,183.82754516601562
7216544,99.6390380859375
7218016,239.5635528564453
7220416,112.6584243774414
7222176,-29.082632064819336
7222816,99.25729370117188
7226432,-17.8206844329834
7226528,197.09066772460938
7227104,75.30809783935547
7230176,195.39927673339844
7232064,159.05650329589844
7232768,232.06248474121094
7233536,195.76150512695312
7233984,-153.4293212890625
7234240,176.08448791503906
7236224,221.87547302246094
7236448,224.37368774414062
7236640,161.928955078125
7237600,217.48768615722656
7238848,238.01571655273438
7240288,217.4245147705078
7244448,197.06283569335938
7244704,230.84646606445312
7246816,75.7979736328125
7250208,74.84343719482422
7250368,191.63197326660156
7250560,178.09495544433594
7251328,168.14401245117188
7251840,-103.40174865722656
7252352,-135.9200897216797
7256896,204.8809814453125
7257184,162.07589721679688
7257504,-140.96458435058594
7258304,84.94371032714844
7258624,200.33169555664062
7259008,233.4659881591797
7259392,-45.50628662109375
7259520,-129.27362060546875
7261152,84.21305084228516
7261216,171.12362670898438
7261504,192.76010131835938
7263392,182.89572143554688
7263584,217.44107055664062
7264096,182.80804443359375
7264544,191.25631713867188
7265152,169.5109405517578
7265728,58.66453170776367
7266304,212.8001708984375
7267968,122.23710632324219
7268320,191.06597900390625
7268384,-136.1758270263672
7269408,182.2353973388672
7271232,-130.21913146972656
7271872,154.12088012695312
7272640,209.26055908203125
7272672,-138.5178985595703
7274496,193.7005157470703
7274688,-134.29135131835938
7275392,107.2014389038086
7275520,188.31417846679688
7276480,210.39857482910156
7280736,170.7128143310547
7280864,244.46229553222656
7281792,168.5387420654297
7281920,180.14805603027344
7283008,211.57205200195312
7286016,210.59925842285156
7287808,197.88772583007812
7288096,187.24261474609375
7289312,188.93569946289062
7289792,71.87354278564453
7291744,106.30660247802734
7293088,217.79701232910156
7293600,164.08689880371094
7297760,84.3039321899414
7297888,-100.76498413085938
7297952,203.09791564941406
7299264,210.16668701171875
7300704,200.6228790283203
7301760,-168.4561004638672
7303584,165.07176208496094
7306464,-150.81317138671875
7306656,79.70793914794922
7307392,193.75558471679688
7307872,50.57394027709961
7307936,100.2036361694336
7310208,-145.54994201660156
7310656,70.2187271118164
7312320,207.87274169921875
7312384,194.03863525390625
7312576,-131.09080505371094
7313824,220.9224853515625
7313888,91.28617858886719
7317344,195.1037139892578
7319808,186.23587036132812
7320096,192.58200073242188
7320288,180.9678192138672
7320448,199.142822265625
7320864,176.52882385253906
7323840,199.88775634765625
7324544,181.1005401611328
7325440,212.91510009765625
7325728,217.04583740234375
7327584,182.39727783203125
7329440,-157.74900817871094
7330432,-120.1806869506836
7330656,214.2904510498047
7331104,-151.369384765625
7331520,209.1000213623047
7331680,203.13072204589844
7331872,-101.03327941894531
7332800,213.21270751953125
7332960,162.77598571777344
7335520,201.7623291015625
7336384,192.42539978027344
7337088,191.2106475830078
7338144,215.9037322998047
7339136,94.67363739013672
7342432,79.59053039550781
7342880,201.75685119628906
7348544,192.32859802246094
7348832,-117.53948974609375
7351552,185.48861694335938
7352960,192.69615173339844
7353088,223.7252197265625
7353824,-386.1707763671875
7353856,-116.07372283935547
7354272,175.76344299316406
7354304,210.16384887695312
7354528,-94.5177993774414
7354944,161.95516967773438
7354976,-612.5927124023438
7356480,101.25627136230469
7356800,72.24401092529297
7357152,-18.476099014282227
7358496,225.33522033691406
7358656,102.85538482666016
7359360,213.24281311035156
7361088,150.8124237060547
7361312,193.80897521972656
7361792,216.5858154296875
7363360,153.32452392578125
7363744,174.7568359375
7365984,-139.30807495117188
7366080,201.51455688476562
7367008,196.45216369628906
7367168,-112.41822814941406
7367744,-153.357421875
7369024,233.8973846435547
7369536,199.56248474121094
7369728,172.4755401611328
7371360,59.09988021850586
7371680,173.11866760253906
7372640,197.8638458251953
7373408,160.64578247070312
7375392,215.85556030273438
7375456,90.76476287841797
7377536,169.44512939453125
7381408,197.74903869628906
7381408,232.44070434570312
7381760,190.87864685058594
7382016,109.28821563720703
7383008,220.27134704589844
7383840,206.16513061523438
7384064,237.09584045410156
7384064,178.75340270996094
7384480,196.39341735839844
7385952,198.67100524902344
7386720,79.38963317871094
7388544,141.1226043701172
7389984,82.35328674316406
7392672,177.2080841064453
7393440,182.8807830810547
7395936,175.95361328125
7396160,190.70407104492188
7396288,-126.60271453857422
7397792,228.48641967773438
7398080,194.8767852783203
7399488,171.55844116210938
7400832,38.49169158935547
7400896,163.04591369628906
7401248,176.026123046875
7401344,222.07579040527344
7403040,183.04656982421875
7403680,170.4333953857422
7403744,98.44403839111328
7403840,92.6766357421875
7403872,70.75199890136719
7406368,201.51025390625
7407680,195.38758850097656
7409184,-100.19506072998047
7409792,174.46255493164062
7416128,90.51372528076172
7417856,182.33099365234375
7419296,173.91639709472656
7422080,199.61288452148438
7422368,219.5492706298828
7423328,92.44571685791016
7424384,193.17474365234375
7425056,-94.89637756347656
7425312,226.83937072753906
7425920,103.34768676757812
7426656,-109.36711120605469
7428288,92.9893569946289
7430080,200.97921752929688
7431008,32.27629852294922
7433472,-156.353759765625
7433760,-127.94988250732422
7435616,175.58706665039062
7437952,203.78457641601562
7439104,188.55430603027344
7443104,194.3394775390625
7443264,215.27244567871094
7447328,168.06175231933594
7448864,202.16238403320312
7452480,-144.4544677734375
7452512,163.7566375732422
7455200,184.642333984375
7455296,-132.6765594482422
7455360,190.37550354003906
7455776,199.68466186523438
7457984,222.6784210205078
7458400,224.56689453125
7461856,216.54415893554688
7461952,192.01429748535156
7462016,154.2881622314453
7462912,209.75868225097656
7463456,81.95872497558594
7463840,188.1055908203125
7464352,188.7467041015625
7464512,209.68748474121094
7465152,203.60671997070312
7465632,221.5928955078125
7465952,176.494873046875
7470080,158.6376953125
7470560,-116.36775970458984
7473664,203.13221740722656
7474432,204.37274169921875
7475456,179.8364715576172
7475904,217.99339294433594
7476480,205.73843383789062
7476896,204.20852661132812
7483488,187.5571746826172
7486016,236.81503295898438
7486240,106.43486785888672
7486560,-130.37081909179688
7486624,212.62322998046875
7487776,236.31712341308594
7488448,114.4015121459961
7489088,90.67361450195312
7489216,223.14710998535156
7489472,215.3424072265625
7489696,118.4488754272461
7491616,-128.0977783203125
7491744,-145.74302673339844
7491968,122.67638397216797
7493632,163.91575622558594
7493920,205.9768829345703
7494272,191.55557250976562
7494496,213.6399688720703
7494848,182.87640380859375
7497280,190.45211791992188
7497408,196.03195190429688
7499584,213.7999267578125
7499776,-28.85224723815918
7501600,-124.82406616210938
7501920,199.4645538330078
7502112,167.97727966308594
7502336,-121.31623077392578
7504480,180.53306579589844
7504960,204.71066284179688
7506176,202.3044891357422
7506848,-133.818603515625
7509664,20.127260208129883
7511360,181.7667694091797
7512000,109.77371215820312
7513280,132.34573364257812
7513504,-42.494110107421875
7516608,-118.4442138671875
7517920,195.99688720703125
7520992,94.7402114868164
7521472,180.0218505859375
7523424,-108.84634399414062
7524128,194.73643493652344
7526656,210.99032592773438
7527072,72.9627685546875
7529184,170.7124786376953
7529536,81.58592224121094
7530720,89.2887191772461
7531424,229.06021118164062
7533888,-147.45993041992188
7534944,75.25276947021484
7535776,-133.4353790283203
7535936,181.75830078125
7541792,160.72889709472656
7543040,163.96292114257812
7544704,186.2093505859375
7545856,58.96077346801758
7546560,-130.7933807373047
7546560,206.3064727783203
7547616,-110.62659454345703
7548096,204.0567169189453
7548384,197.394775390625
7549408,212.0282440185547
7551296,63.513214111328125
7551328,211.8984375
7556576,214.60626220703125
7557440,151.5004425048828
7558016,55.04464340209961
7559136,221.2682647705078
7560032,90.9544906616211
7560576,212.30197143554688
7562208,175.8551025390625
7562272,223.5405731201172
7563616,235.20806884765625
7563840,190.91815185546875
7565536,52.86842727661133
7567200,-33.08210372924805
7570272,-140.22366333007812
7570432,188.6894989013672
7573920,89.4598617553711
7574496,181.49000549316406
7575072,-140.05841064453125
7575200,-131.09957885742188
7576128,90.28600311279297
7577664,59.85377502441406
7577824,166.984619140625
7578880,180.60360717773438
7580224,115.5865249633789
7582016,213.4979705810547
7582272,201.7565155029297
7583392,-161.6111297607422
7584480,-11.092610359191895
7586816,205.97366333007812
7587776,-129.0051727294922
7587936,-144.2981719970703
7588608,205.80332946777344
7590976,160.05784606933594
7592768,192.51698303222656
7593792,-165.4397430419922
7595072,68.63347625732422
7595104,-27.01481056213379
7595840,-137.24293518066406
7596416,169.79534912109375
7598272,197.86277770996094
7603936,90.26679992675781
7604256,201.53158569335938
7606240,76.33161926269531
7606400,-99.54003143310547
7608064,224.7057342529297
7610272,221.00868225097656
7610592,181.79820251464844
7611360,178.1290740966797
7611552,210.07275390625
7612416,217.43727111816406
7613152,189.25975036621094
7613472,-412.8363037109375
7613504,244.83616638183594
7614944,217.71542358398438
7615520,-26.438995361328125
7616128,191.5078125
7616448,140.20245361328125
7616640,158.4100341796875
7617600,202.13523864746094
7617728,187.12637329101562
7617984,167.8164520263672
7622400,161.001708984375
7623936,201.44342041015625
7624576,180.37461853027344
7625280,202.78805541992188
7626208,186.34291076660156
7626464,-160.82415771484375
7626912,73.38684844970703
7628640,-173.64686584472656
7629472,207.34747314453125
7631680,152.93450927734375
7632736,189.1116180419922
7633440,116.96942138671875
7636256,195.2257080078125
7636384,-56.6909065246582
7637696,218.46304321289062
7639392,207.05770874023438
7640288,199.38462829589844
7644000,210.46661376953125
7644544,110.3072280883789
7644928,192.59130859375
7645376,191.35415649414062
7645376,198.172607421875
7646272,175.9499053955078
7646560,217.56617736816406
7648096,164.36842346191406
7654112,178.41539001464844
7654624,193.65347290039062
7657568,169.04522705078125
7665056,241.3818817138672
7665728,193.0373992919922
7666112,86.9035415649414
7668288,188.19398498535156
7668576,214.17898559570312
7668672,212.43191528320312
7669888,206.7869873046875
7672320,187.14053344726562
7673408,220.5971221923828
7676480,-20.246360778808594
7678048,158.25975036621094
7680544,194.59756469726562
7682016,207.9093780517578
7686816,168.8819580078125
7687136,181.3502960205078
7687616,195.7298126220703
7688032,171.50057983398438
7690496,-140.2528839111328
7690912,175.9678192138672
7691040,-141.27943420410156
7691264,-128.39059448242188
7691552,158.98472595214844
7691904,211.15577697753906
7692224,216.49945068359375
7694176,-142.64788818359375
7696832,-129.54525756835938
7697248,89.04769897460938
7698400,-145.74009704589844
7698912,96.88884735107422
7701152,195.01141357421875
7702016,-125.7078628540039
7704768,-153.01364135742188
7705504,-141.35462951660156
7705728,-629.0687255859375
7706624,90.53389739990234
7707328,214.5243377685547
7707712,-133.64675903320312
7708640,207.67967224121094
7708768,207.78952026367188
7709920,192.2906036376953
7712032,206.00460815429688
7712096,192.91990661621094
7713088,197.24954223632812
7713504,175.7014617919922
7713984,204.0707550048828
7714112,104.99755859375
7714784,184.96336364746094
7715264,191.9081573486328
7717376,224.36520385742188
7717536,225.49368286132812
7717632,200.61737060546875
7718528,-173.36456298828125
7721248,198.46621704101562
7723488,156.9976348876953
7723776,-155.94593811035156
7725600,207.19528198242188
7727264,175.34327697753906
7729152,204.14962768554688
7729344,173.59371948242188
7729536,116.98201751708984
7731488,232.93222045898438
7733632,-18.88054847717285
7734944,186.7464599609375
7736064,180.02513122558594
7736480,-131.20887756347656
7736832,191.55459594726562
7737184,209.82952880859375
7738400,-33.65687561035156
7739168,187.45120239257812
7739712,-142.75875854492188
7741280,211.0181427001953
7746080,79.7222671508789
7746240,187.99647521972656
7748256,201.71495056152344
7753408,196.4095001220703
7755296,228.13330078125
7758336,235.67910766601562
7759360,210.26480102539062
7759584,186.4062042236328
7762592,-133.2617645263672
7763328,-89.22343444824219
7763872,189.7550048828125
7764736,128.75875854492188
7767392,223.1709747314453
7767744,174.56005859375
7768224,170.4601287841797
7769760,-120.39130401611328
7769824,214.3927001953125
7770592,75.85649871826172
7771456,96.30120849609375
7771488,187.68368530273438
7772320,-57.43938446044922
7772448,214.1910858154297
7775008,-190.68136596679688
7775488,-113.02316284179688
7776896,-143.97787475585938
7780480,228.6101531982422
7782528,179.0049591064453
7784256,170.821533203125
7786208,103.62411499023438
7787648,96.8755111694336
7794048,147.97813415527344
7797440,180.34954833984375
7797760,203.40538024902344
7798400,80.65155029296875
7799200,178.03323364257812
7800672,-126.11568450927734
7804992,-95.23709106445312
7805056,157.94219970703125
7805280,168.07980346679688
7806816,84.68648529052734
7807136,201.59933471679688
7808704,-103.61495971679688
7809312,66.0673599243164
7811008,71.5009536743164
7811648,207.15330505371094
7812608,218.09100341796875
7812672,184.3620147705078
7813056,-652.351806640625
7813216,228.18040466308594
7813344,216.30250549316406
7814112,73.56903076171875
7814624,218.8057403564453
7815744,-115.7030258178711
7815936,134.49195861816406
7816960,207.14552307128906
7819008,227.22633361816406
7820544,195.04049682617188
7821312,206.62075805664062
7822016,174.46774291992188
7822144,174.39134216308594
7824704,191.52410888671875
7824992,-615.3467407226562
7825760,202.20376586914062
7826496,73.23127746582031
7829600,139.91722106933594
7830112,168.93008422851562
7831520,89.25592803955078
7832352,86.39990234375
7835392,185.6680450439453
7835808,79.37886047363281
7836480,-702.657958984375
7838016,-20.790180206298828
7838112,182.8783416748047
7845760,186.01190185546875
7846272,120.7492446899414
7848480,81.59722137451172
7848768,186.37196350097656
7849216,168.09515380859375
7849632,192.07081604003906
7849824,-41.22271728515625
7850528,-137.583984375
7853056,182.96287536621094
7853664,208.35458374023438
7853664,214.8503875732422
7855104,-122.55561828613281
7855200,164.9503173828125
7855648,172.30047607421875
7856864,148.234375
7859104,64.89114379882812
7860096,205.82522583007812
7860640,198.3743896484375
7861280,163.15162658691406
7861664,172.49929809570312
7863840,209.2840118408203
7867680,-145.1804656982422
7867680,-128.773193359375
7868480,208.26370239257812
7868480,223.95608520507812
7870336,-128.29725646972656
7870976,202.51417541503906
7872832,-179.48556518554688
7873344,190.3579864501953
7874464,-186.2186279296875
7874816,203.54653930664062
7875488,215.12606811523438
7876320,153.11016845703125
7878784,200.19447326660156
7879328,-49.291839599609375
7879648,209.5809326171875
7879808,212.73712158203125
7880416,178.11424255371094
7881184,193.81527709960938
7883136,173.59786987304688
7886048,164.26402282714844
7887360,230.61172485351562
7890176,-168.6616668701172
7890720,206.50917053222656
7891712,187.76902770996094
7892800,193.89059448242188
7894016,-8.441036224365234
7894848,89.4154281616211
7894912,-149.83331298828125
7898304,-153.22695922851562
7899360,183.6063232421875
7902688,195.61041259765625
7903776,219.1715850830078
7904320,90.39447784423828
7906496,183.38230895996094
7908160,-158.72305297851562
7908704,193.56309509277344
7909824,235.61138916015625
7911424,169.69508361816406
7911712,178.4205780029297
7912512,195.6710662841797
7914272,4.361363410949707
7917792,86.40792083740234
7921568,176.995849609375
7921664,169.97781372070312
7922336,-146.37969970703125
7923264,200.90481567382812
7923744,83.71929168701172
7925248,-159.76271057128906
7925280,154.0998077392578
7925600,184.151611328125
7926848,-106.69928741455078
7927680,193.93951416015625
7929824,-147.3852081298828
7930048,167.14649963378906
7931648,94.82642364501953
7931904,75.44871520996094
7932160,79.8232192993164
7934880,55.519832611083984
7935808,-136.20608520507812
7936096,220.4235382080078
7936448,181.13401794433594
7939360,211.3266143798828
7940512,190.57333374023438
7941632,176.01702880859375
7944256,-49.48244094848633
7944768,210.47325134277344
7945984,-128.81593322753906
7946176,182.0430908203125
7947616,212.01365661621094
7948000,199.3404998779297
7949984,223.04859924316406
7953984,200.80726623535156
7957440,-127.28046417236328
7957632,188.7707977294922
7957696,195.49644470214844
7958112,-560.9661254882812
7958400,87.58470916748047
7958528,92.05039978027344
7961792,168.57827758789062
7962624,193.57675170898438
7962656,206.29808044433594
7963840,218.99612426757812
7964576,176.12042236328125
7964800,190.0927734375
7968160,187.39244079589844
7968288,-149.49266052246094
7969440,200.30149841308594
7970080,198.7259979248047
7971520,197.0894012451172
7972512,213.6360321044922
7972704,185.86837768554688
7972768,212.53515625
7973760,-137.5740966796875
7974208,204.787841796875
7975040,180.38487243652344
7975520,219.29782104492188
7976576,16.346036911010742
7976832,198.217529296875
7977632,213.65570068359375
7978048,215.94830322265625
7979936,207.39747619628906
7984064,85.86848449707031
7984288,231.4159698486328
7984864,203.6297149658203
7986080,101.48050689697266
7986496,-25.463703155517578
7987904,204.1676483154297
7987936,225.16986083984375
7988576,-128.1738739013672
7989472,195.3814239501953
7990336,174.6816864013672
7990784,200.55172729492188
7991360,188.2169952392578
7991904,-150.48861694335938
7992640,77.97987365722656
7993376,196.91998291015625
7993728,249.3041229248047
7993728,-138.16664123535156
7995712,204.4585418701172
7995776,181.4394073486328
8001184,192.38134765625
8002816,193.3837432861328
8005024,181.92068481445312
8006016,217.3176727294922
8007488,217.73297119140625
8007872,194.7788848876953
8008320,-113.90418243408203
8011008,190.21743774414062
8011328,209.06309509277344
8011456,204.641357421875
8012448,196.4789581298828
8012480,133.67445373535156
8014048,173.7860870361328
8014656,71.896240234375
8018752,-123.19586944580078
8019616,233.6134796142578
8023552,186.2028045654297
8023648,-129.60137939453125
8023648,161.01197814941406
8025760,188.20208740234375
8025856,91.78099822998047
8025984,197.13218688964844
8026176,-143.43673706054688
8026368,209.8094482421875
8027936,159.58856201171875
8028768,217.62197875976562
8029984,195.79727172851562
8032064,174.04037475585938
8034048,179.15650939941406
8034176,158.95928955078125
8035136,170.9025115966797
8035584,-93.75447082519531
8036288,205.65699768066406
8037280,214.89923095703125
8039424,212.7342071533203
8039616,226.0350341796875
8039744,187.62940979003906
8040928,-137.29701232910156
8041184,205.95774841308594
8043296,217.35275268554688
8045408,198.47857666015625
8045664,73.35796356201172
8046112,190.75709533691406
8046208,80.25191497802734
8046688,104.64664459228516
8047904,220.18495178222656
8048448,-147.8366241455078
8048928,-144.2523651123047
8049376,-120.01634216308594
8050240,-110.6610107421875
8051264,162.55999755859375
8051392,-108.59668731689453
8051712,184.78253173828125
8052416,-135.47137451171875
8055072,188.04257202148438
8055104,226.5196990966797
8055136,226.70957946777344
8056096,165.77139282226562
8056288,193.7155303955078
8056704,-217.82662963867188
8057024,204.49566650390625
8057472,161.7209930419922
8058368,170.96795654296875
8061792,207.36898803710938
8062240,192.91058349609375
8063072,64.78292846679688
8064864,-140.40391540527344
8065216,133.33737182617188
8066208,-107.52849578857422
8066784,156.15032958984375
8066976,-109.31375122070312
8067296,-120.38391876220703
8067520,212.73861694335938
8067552,-171.05810546875
8069344,103.57243347167969
8071648,-128.81680297851562
8073216,-11.07381820678711
8075296,190.86790466308594
8077408,180.35964965820312
8077568,181.77459716796875
8079008,199.12159729003906
8081216,223.94432067871094
8083584,233.017578125
8084288,66.99819946289062
8085856,190.09677124023438
8086464,189.51954650878906
8086784,203.4853515625
8088256,241.12615966796875
8089120,-148.74522399902344
8090816,173.2918701171875
8091712,-146.48313903808594
8093536,215.67185974121094
8093600,160.87319946289062
8095008,238.6038055419922
8095648,-194.84176635742188
8097760,94.20582580566406
8097760,224.07359313964844
8098656,221.14706420898438
8100032,-129.58644104003906
8100160,177.81781005859375
8100384,204.72174072265625
8101216,189.14425659179688
8103136,185.55174255371094
8103776,98.56818389892578
8106880,224.1781463623047
8108032,48.739627838134766
8108416,200.8646697998047
8108416,29.54020118713379
8108544,208.70327758789062
8109952,187.94912719726562
8112544,162.97145080566406
8112736,-121.6840591430664
8112896,206.93626403808594
8117024,162.6737823486328
8117376,223.58074951171875
8117856,191.35330200195312
8118400,23.72100830078125
8123328,169.7533416748047
8123360,205.8092498779297
8123744,216.44827270507812
8124032,182.81558227539062
8127552,202.9155731201172
8130400,163.39697265625
8130880,63.128257751464844
8132928,205.2938232421875
8133472,192.1132049560547
8134656,202.6384735107422
8135104,159.61428833007812
8135808,218.4774169921875
8137536,192.77392578125
8137760,191.334228515625
8138656,169.8475799560547
8139968,201.19227600097656
8140576,210.30987548828125
8142176,209.70315551757812
8143680,-148.18017578125
8146432,-119.69950103759766
8147104,-21.27541160583496
8148320,177.64639282226562
8149632,191.33958435058594
8151584,-124.16088104248047
8151776,188.4829559326172
8152128,104.38687133789062
8152672,222.2269744873047
8155904,100.68545532226562
8156608,178.10777282714844
8156640,214.02420043945312
8158560,-143.3709716796875
8161888,221.50482177734375
8165088,190.02041625976562
8165376,-99.29200744628906
8165856,-84.90731811523438
8171392,-129.2846221923828
8171424,-167.5415802001953
8171520,184.38565063476562
8171968,195.00885009765625
8174112,204.7250518798828
8177344,218.50308227539062
8182880,-151.4725341796875
8183584,113.97754669189453
8185472,203.07168579101562
8186304,223.32574462890625
8189088,219.33819580078125
8189920,205.53994750976562
8193440,204.20729064941406
8194464,224.7388153076172
8197056,249.81288146972656
8197856,166.30172729492188
8198240,209.7708740234375
8199968,99.87987518310547
8200000,236.18096923828125
8202240,195.8506317138672
8203008,207.04945373535156
8206112,91.61917877197266
8209600,166.45396423339844
8210560,186.54598999023438
8213632,-143.25057983398438
8215744,229.1516571044922
8217728,213.94540405273438
8218624,182.15338134765625
8219136,188.49110412597656
8219648,208.39361572265625
8219648,185.57321166992188
8223232,-114.2022933959961
8223968,188.1990203857422
8224704,168.22950744628906
8225952,59.50774002075195
8227200,-110.47460174560547
8232864,215.7772674560547
8233600,-278.6780700683594
8235040,189.70352172851562
8236832,82.70826721191406
8236832,-83.40536499023438
8237696,203.22239685058594
8239328,150.90505981445312
8239456,192.61557006835938
8239584,152.0295867919922
8240000,78.59268188476562
8240128,177.65003967285156
8241664,-152.3250732421875
8241760,170.72842407226562
8242624,210.053466796875
8242720,175.2115936279297
8243296,202.2318572998047
8244096,-159.7965545654297
8245024,210.81729125976562
8245600,180.43678283691406
8245824,198.83627319335938
8248288,206.7952880859375
8249216,-137.05950927734375
8249984,189.4698486328125
8250752,-110.7968521118164
8250880,195.45623779296875
8254976,191.35975646972656
8256576,210.554931640625
8257440,152.79544067382812
8259744,75.37979888916016
8259968,199.2196044921875
8260288,-139.76666259765625
8260416,199.18008422851562
8260608,229.74728393554688
8260928,90.83563232421875
8261088,96.90515899658203
8261568,82.23003387451172
8262592,193.8060302734375
8263904,205.19415283203125
8264384,230.51412963867188
8267840,180.43284606933594
8269696,-121.67582702636719
8269728,203.05593872070312
8270048,198.11524963378906
8270944,72.53858947753906
8270944,-122.71613311767578
8272192,223.29495239257812
8272608,-181.22084045410156
8274048,206.66078186035156
8274528,211.06063842773438
8275680,-186.24440002441406
8275712,188.96627807617188
8276544,167.29176330566406
8276608,96.14090728759766
8276672,-125.58297729492188
8276992,237.87921142578125
8278688,-9.054551124572754
8280192,194.86717224121094
8282144,188.8268585205078
8282912,143.67510986328125
8283552,60.36259841918945
8284320,102.0537109375
8284768,-13.718735694885254
8284864,87.02828979492188
8285856,147.7578887939453
8289472,-163.155517578125
8291296,81.78630828857422
8291392,-145.47251892089844
8291616,121.73307800292969
8292352,57.62144088745117
8292576,184.71279907226562
8298080,190.93539428710938
8298336,-95.78260040283203
8298880,67.61534881591797
8299232,207.54278564453125
8302240,196.6046905517578
8303136,214.90966796875
8303232,-278.2708740234375
8303360,85.96211242675781
8303712,207.2908172607422
8303808,89.9813232421875
8304576,185.5560302734375
8309088,102.66792297363281
8310080,197.35618591308594
8310368,199.8920135498047
8312896,234.556396484375
8313568,191.4501495361328
8315200,158.71090698242188
8315264,192.7822723388672
8315328,202.77801513671875
8316160,206.34893798828125
8316224,-156.7096405029297
8319680,198.1611785888672
8321312,86.16681671142578
8325056,215.269287109375
8326432,102.97303771972656
8327392,209.6625518798828
8329408,196.01412963867188
8330912,103.35228729248047
8330912,-145.69107055664062
8331072,192.3352813720703
8332992,196.94664001464844
8335136,-139.62562561035156
8335200,211.33494567871094
8340128,197.0807342529297
8341152,200.42388916015625
8343264,206.93362426757812
8343328,208.90550231933594
8343712,106.35958099365234
8345536,220.09994506835938
8346592,196.76446533203125
8346592,160.99258422851562
8346816,210.9665069580078
8349120,185.2386932373047
8349280,152.7009735107422
8349280,-137.16075134277344
8349600,-178.2162628173828
8350912,214.91439819335938
8352608,91.53804779052734
8356192,90.01541900634766
8358144,182.84945678710938
8358208,-129.7865753173828
8358368,179.20477294921875
8360032,172.18392944335938
8360480,62.932796478271484
8362240,94.77156829833984
8362880,216.85964965820312
8364800,174.95205688476562
8364992,201.7484130859375
8365792,180.7451629638672
8366912,-138.3049774169922
8368992,188.37559509277344
8370560,171.77914428710938
8370624,139.32701110839844
8371232,175.98211669921875
8373856,168.94198608398438
8374976,-122.35252380371094
8375136,189.20864868164062
8375296,198.03955078125
8376000,194.4638214111328
8376544,-185.10406494140625
8379104,88.30908203125
8379648,-141.13345336914062
8381504,181.70619201660156
8381664,137.24588012695312
8382400,85.55754852294922
8382752,196.0897674560547
8386656,85.86614990234375
8387040,190.40513610839844
8387360,187.82095336914062
8387392,160.58642578125
8387744,211.657470703125
8389056,212.39735412597656
8389824,-122.55113220214844
8391616,191.31924438476562
8392864,196.75477600097656
8392864,197.85556030273438
8395296,103.98353576660156
8397408,93.22367095947266
8399936,165.2967987060547
8400000,101.61246490478516
8401152,66.37757873535156
8401248,67.09210968017578
8403104,206.31304931640625
8403488,204.8473663330078
8403680,221.37940979003906
8404672,165.5270538330078
8405632,207.6439208984375
8406080,131.73712158203125
8406880,104.83123016357422
8409376,166.03794860839844
8409792,190.34945678710938
8411424,107.5348892211914
8411744,-117.1176986694336
8417056,174.09336853027344
8417760,96.28378295898438
8417792,183.3590087890625
8418688,206.11050415039062
8419680,210.60516357421875
8420128,239.0828094482422
8421696,-147.64402770996094
8421856,-144.11810302734375
8422048,174.3520050048828
8422976,210.8004150390625
8426432,172.37974548339844
8426720,194.78204345703125
8427808,215.81716918945312
8428096,150.03524780273438
8428704,90.12203979492188
8429312,184.59275817871094
8431872,227.0980682373047
8433376,162.86480712890625
8435680,192.88876342773438
8435936,208.85064697265625
8438368,203.1970977783203
8439104,197.67054748535156
8440672,177.70748901367188
8441312,195.9728240966797
8442400,11.67427921295166
8443232,168.35989379882812
8443360,211.0643310546875
8444576,172.4173126220703
8445312,209.76406860351562
8445920,-197.00494384765625
8450848,156.69969177246094
8451456,176.167724609375
8451808,122.08338928222656
8454016,190.93707275390625
8454080,64.67642211914062
8455680,174.80978393554688
8458528,-147.9788818359375
8458624,71.70481872558594
8458656,-250.9213409423828
8458880,152.56265258789062
8459328,99.01837921142578
8459872,207.69589233398438
8463808,175.79037475585938
8463872,165.78855895996094
8464864,80.07559204101562
8464864,151.89889526367188
8464960,205.78982543945312
8466912,188.40834045410156
8467072,202.58262634277344
8468672,186.4557647705078
8470528,154.55528259277344
8472832,176.5063018798828
8472928,166.7089385986328
8474784,191.48382568359375
8476576,172.5604248046875
8476768,214.55084228515625
8476928,164.8144073486328
8477472,191.6709747314453
8478656,192.84642028808594
8479072,232.58587646484375
8479840,86.32608795166016
8480576,190.86859130859375
8480736,209.68638610839844
8481184,191.8126983642578
8482144,-131.79183959960938
8482304,-158.6155548095703
8483456,-102.97595977783203
8484000,155.96826171875
8484480,-167.1350555419922
8486336,180.5703887939453
8487296,-149.0851593017578
8487488,-2.0753610134124756
8487744,-177.05972290039062
8492352,193.73570251464844
8495104,55.74934768676758
8495424,180.4932098388672
8496384,57.68008041381836
8497248,192.51673889160156
8497344,186.1893768310547
8498336,198.25198364257812
8499872,159.09556579589844
8500768,159.53578186035156
8501024,176.13116455078125
8501792,-21.59379768371582
8503424,184.418701171875
8503840,-140.64404296875
8503904,154.70465087890625
8504608,90.97657012939453
8505024,217.19122314453125
8506336,147.53619384765625
8507456,150.9273681640625
8508608,205.3572235107422
8508736,-41.17584991455078
8510816,195.66226196289062
8514752,217.41848754882812
8515552,187.30099487304688
8515936,169.64036560058594
8516256,215.3664093017578
8517600,212.2185821533203
8517760,-115.97506713867188
8518176,59.57572555541992
8521312,197.87367248535156
8521664,175.1728057861328
8522656,-197.1545867919922
8523680,219.36961364746094
8523936,-121.18389892578125
8524800,69.599365234375
8525024,219.63682556152344
8525152,187.0211944580078
8526656,-134.44541931152344
8527520,69.32464599609375
8530560,193.73036193847656
8530688,144.72991943359375
8531200,-8.430234909057617
8534656,215.05038452148438
8534816,-153.62648010253906
8535648,-131.2369384765625
8536320,66.95071411132812
8537216,170.7761688232422
8537312,-127.89022827148438
8539200,191.9515380859375
8540352,63.85407257080078
8540448,-120.5510482788086
8546176,-5.732476711273193
8546240,201.01393127441406
8548224,194.84349060058594
8548800,194.03294372558594
8549952,-118.63916015625
8550944,57.099205017089844
8551552,-137.14801025390625
8553056,189.848388671875
8553696,186.4775848388672
8555168,188.4867706298828
8556800,188.38531494140625
8557120,237.52896118164062
8558400,-157.1668701171875
8558784,220.2115478515625
8558784,186.7151336669922
8559232,201.0870361328125
8561952,187.10487365722656
8562432,-120.32664489746094
8564384,222.04022216796875
8568640,63.62208938598633
8570592,-107.05754852294922
8570624,222.72933959960938
8570848,76.21138000488281
8570912,200.6442108154297
8571968,178.06533813476562
8574944,69.9832763671875
8575680,67.38436126708984
8576000,188.712646484375
8576768,-132.1536865234375
8577984,211.1633758544922
8579232,184.21170043945312
8581120,183.3201446533203
8583456,181.05755615234375
8583680,178.75498962402344
8583744,173.04837036132812
8584224,112.02348327636719
8585024,188.37173461914062
8589888,-150.87579345703125
8589888,188.91099548339844
8590016,186.3497772216797
8590400,93.58348846435547
8591008,186.5306854248047
8592992,185.93414306640625
8594240,200.01788330078125
8596160,184.8741912841797
8599008,-144.73509216308594
8603168,56.590660095214844
8603232,181.89366149902344
8604864,164.91195678710938
8605152,129.62713623046875
8607232,-229.9988555908203
8607584,181.10958862304688
8613088,81.48355102539062
8613760,218.2685546875
8614848,155.69931030273438
8615712,185.47555541992188
8617568,111.55577850341797
8617920,-134.58895874023438
8618272,179.670166015625
8619072,-43.74129867553711
8620544,131.08872985839844
8622272,197.1608123779297
8623008,173.01051330566406
8623968,202.6531982421875
8624000,216.3338165283203
8624544,171.40066528320312
8626240,-136.9107666015625
8626848,204.98138427734375
8627136,-150.70877075195312
8629792,90.76846313476562
8629856,-168.75234985351562
8630240,165.12924194335938
8630528,-147.14234924316406
8633024,224.17523193359375
8636128,199.6630401611328
8638592,156.8064422607422
8639168,205.81297302246094
8639648,-166.3099365234375
8639872,178.80784606933594
8640160,-143.97732543945312
8640704,156.50062561035156
8642432,66.65251922607422
8643072,216.16246032714844
8644608,84.33534240722656
8644960,212.94725036621094
8645568,195.30262756347656
8645632,105.53507232666016
8650880,76.58219146728516
8651296,205.33213806152344
8651872,184.56265258789062
8653568,168.63336181640625
8654176,198.8772430419922
8654240,101.22479248046875
8657056,187.803955078125
8659456,214.2661895751953
8662912,217.69725036621094
8663264,237.70220947265625
8663584,180.11093139648438
8663616,197.4355010986328
8666112,-128.95867919921875
8667424,235.16680908203125
8668928,189.28402709960938
8669120,186.76927185058594
8669568,245.99278259277344
8669664,177.37620544433594
8671968,188.90550231933594
8673056,157.7295379638672
8673344,97.59275817871094
8673920,189.3995819091797
8674336,178.86326599121094
8675296,71.33245849609375
8678304,155.44480895996094
8680416,197.39028930664062
8681952,202.5856170654297
8682592,154.24807739257812
8682752,-125.33422088623047
8683040,104.36715698242188
8683808,92.64468383789062
8684224,174.9838104248047
8684992,187.84739685058594
8685856,-141.13914489746094
8686816,70.57559204101562
8688128,-103.69380950927734
8688928,-218.7578582763672
8689632,72.37242889404297
8691392,-117.43968963623047
8691968,209.00942993164062
8693408,85.0112533569336
8694304,239.29226684570312
8694656,210.70428466796875
8695104,178.4364471435547
8697024,217.58810424804688
8697632,214.46435546875
8698656,-113.37767028808594
8698880,148.12928771972656
8700192,-152.5713348388672
8700672,109.18804931640625
8702400,173.9137725830078
8702976,179.0438232421875
8703168,220.7219696044922
8704704,-101.64336395263672
8704704,213.73841857910156
8705408,117.84049987792969
8706624,218.09678649902344
8709408,182.39523315429688
8710432,113.18550872802734
8710784,146.2750244140625
8711008,179.07911682128906
8712576,196.9487762451172
8713248,200.98731994628906
8714016,-118.87676239013672
8715104,199.91873168945312
8717792,170.50674438476562
8718144,53.678436279296875
8718624,-141.96192932128906
8719168,203.12860107421875
8719488,193.53945922851562
8719872,210.07672119140625
8721856,217.40382385253906
8722496,-165.55308532714844
8723680,79.83515167236328
8724544,225.91746520996094
8725024,173.69000244140625
8728352,169.4374542236328
8728704,197.8845977783203
8732224,201.57296752929688
8732800,179.1219024658203
8734944,203.96722412109375
8735040,-114.3837661743164
8735136,13.26432991027832
8737472,196.6883544921875
8739808,77.5829086303711
8741472,-143.11593627929688
8741632,159.3449249267578
8743264,194.54971313476562
8745376,-124.8111343383789
8746656,223.21278381347656
8748224,-640.0089721679688
8748480,200.88914489746094
8748704,108.96124267578125
8749344,76.25131225585938
8751072,193.03036499023438
8751744,185.90684509277344
8751840,211.74041748046875
8752928,-133.87843322753906
8754112,74.81227111816406
8756448,43.8110237121582
8757472,207.3505096435547
8758560,-158.52908325195312
8758752,195.20655822753906
8760160,196.4197235107422
8760448,-101.3546142578125
8764960,114.61603546142578
8769056,227.67283630371094
8770208,-119.83419799804688
8770368,169.04222106933594
8771360,189.07424926757812
8771936,-126.5701675415039
8775296,215.37570190429688
8776192,151.91168212890625
8777024,196.31558227539062
8777760,185.083984375
8778816,195.5821075439453
8779296,185.8292236328125
8781152,226.2371368408203
8782400,89.90672302246094
8782688,-136.794677734375
8783680,182.272216796875
8784448,114.06059265136719
8786080,101.8205795288086
8787200,-27.421422958374023
8787968,237.14906311035156
8788416,195.13999938964844
8789504,233.05142211914062
8791264,186.1233673095703
8792352,-301.41766357421875
8795584,49.61595153808594
8797120,65.7071533203125
8798080,167.42320251464844
8798304,203.2392120361328
8798688,218.686279296875
8799360,-159.51197814941406
8800096,260.6156005859375
8800480,164.00804138183594
8800512,167.1752471923828
8800608,-120.48230743408203
8802560,238.75462341308594
8803264,253.7388916015625
8803488,-118.690185546875
8803776,-118.70963287353516
8808032,226.2207489013672
8808288,208.3814697265625
8808544,177.37184143066406
8809248,78.33924865722656
8809344,-142.2403564453125
8809728,74.81658172607422
8809984,188.64964294433594
8811232,88.94750213623047
8812160,190.80599975585938
8812544,-26.365190505981445
8812832,220.02169799804688
8813888,166.31039428710938
8814144,-7.482351779937744
8814368,101.44865417480469
8814816,196.4588623046875
8815520,178.9706268310547
8819488,78.46630859375
8825920,224.2100830078125
8826560,-138.30873107910156
8826880,139.76953125
8828352,212.8555450439453
8829408,110.8691177368164
8830336,162.06959533691406
8831296,73.16921997070312
8832480,-152.7360382080078
8832512,110.90665435791016
8834816,50.70479202270508
8836960,210.3695831298828
8837248,162.15086364746094
8837248,-162.1661834716797
8837664,100.42366790771484
8838112,173.1542205810547
8839360,212.03428649902344
8839808,196.00596618652344
8840736,202.7578887939453
8842656,191.2350311279297
8842688,221.90528869628906
8842720,179.776123046875
8842752,168.44244384765625
8842848,218.67369079589844
8844672,222.2418212890625
8847712,241.63021850585938
8848160,65.59210968017578
8849152,212.0277099609375
8849280,180.61932373046875
8849472,168.65194702148438
8851104,187.7516632080078
8852416,186.58253479003906
8852448,-118.77848815917969
8853152,-137.78228759765625
8853952,185.5358123779297
8855168,72.4491195678711
8858912,-155.2262420654297
8859328,191.80458068847656
8861120,215.41928100585938
8861344,191.13320922851562
8861376,100.88165283203125
8861440,199.8860321044922
8862016,214.898681640625
8862048,200.69093322753906
8864192,-138.17947387695312
8864288,177.6551971435547
8864960,-23.013385772705078
8865568,205.87408447265625
8865920,186.97413635253906
8866944,185.27435302734375
8867008,-129.75259399414062
8868064,150.24606323242188
8868320,-131.65797424316406
8870592,187.43316650390625
8872224,183.9580535888672
8872352,-145.32308959960938
8872384,32.45003890991211
8872832,219.89109802246094
8873344,239.4607391357422
8877376,168.774658203125
8877408,210.14053344726562
8880352,149.00286865234375
8880896,-131.4461212158203
8881120,206.2552032470703
8883616,181.34483337402344
8886528,119.7901611328125
8887328,158.6292266845703
8888192,190.7031707763672
8888800,182.30523681640625
8889728,184.60891723632812
8889728,97.05020904541016
8889920,217.49322509765625
8890336,204.21932983398438
8890496,189.67762756347656
8890880,214.6165313720703
8891168,160.56439208984375
8891424,-116.88589477539062
8895808,183.6605224609375
8896832,154.26014709472656
8897568,160.2304229736328
8898208,-104.23934936523438
8898304,219.4326934814453
8898816,-46.55202102661133
8898944,186.1715545654297
8899296,219.23912048339844
8900352,173.89979553222656
8900928,182.42030334472656
8902304,195.01344299316406
8903456,-107.48056030273438
8906816,193.7676544189453
8908384,184.08883666992188
8908544,233.08888244628906
8909440,215.8090057373047
8909728,-132.7873077392578
8910560,160.76248168945312
8912064,80.18153381347656
8912288,-2.9274299144744873
8912896,63.10445785522461
8913440,208.41342163085938
8914688,196.7286834716797
8916992,202.7161102294922
8919584,199.50283813476562
8919616,199.00588989257812
8919808,177.84446716308594
8921376,202.25682067871094
8921568,214.39390563964844
8922912,187.46002197265625
8925376,209.0626220703125
8927424,204.7134246826172
8931648,177.41848754882812
8931936,176.52894592285156
8932128,195.7380828857422
8935232,192.74618530273438
8936128,-129.30380249023438
8936960,218.75851440429688
8941952,186.4333953857422
8943936,55.16767501831055
8944096,156.14291381835938
8948544,207.48910522460938
8951616,228.71902465820312
8952992,180.62498474121094
8954016,163.44393920898438
8954144,195.80999755859375
8955168,-132.0731201171875
8955648,88.25713348388672
8955904,198.91030883789062
8956288,7.05075740814209
8957600,-132.34571838378906
8958336,210.42782592773438
8960384,215.46839904785156
8961472,220.14480590820312
8961568,155.804443359375
8961952,195.81741333007812
8964320,222.35980224609375
8965504,199.927490234375
8965632,-137.026123046875
8968512,211.48641967773438
8968576,197.194580078125
8968928,-138.10362243652344
8969152,-139.9409637451172
8969440,-138.45333862304688
8970816,-107.21073913574219
8971904,198.50442504882812
8973344,202.33045959472656
8975264,223.88748168945312
8976000,200.0643310546875
8976832,184.47659301757812
8978144,-136.684326171875
8978912,-109.46522521972656
8979648,-114.9625473022461
8980320,173.91676330566406
8981664,222.30615234375
8985728,-153.78958129882812
8988480,113.21359252929688
8989312,-121.8157730102539
8992512,-121.05352020263672
8993216,211.51315307617188
8993792,210.82110595703125
8997024,218.55914306640625
8998080,71.82771301269531
8999488,221.5083770751953
9000000,194.2998046875
9000800,220.63661193847656
9002496,97.6310043334961
9002720,93.23040008544922
9002944,126.17073059082031
9005760,-122.20297241210938
9005888,206.4346466064453
9006048,206.97625732421875
9007232,-121.73633575439453
9009696,202.83518981933594
9010752,71.89933013916016
9011520,211.0846710205078
9011776,204.53440856933594
9012128,68.9164810180664
9012704,183.1272735595703
9013216,229.3694305419922
9014912,219.72201538085938
9018976,46.22067642211914
9019488,57.9100456237793
9020096,202.84327697753906
9022208,67.33085632324219
9025088,199.5717315673828
9026368,209.11619567871094
9026432,213.0681915283203
9027456,217.68099975585938
9027520,-2.034555673599243
9030112,182.53680419921875
9031008,207.85552978515625
9031520,177.2672576904297
9032128,230.57974243164062
9033504,101.7524642944336
9034336,94.15192413330078
9035360,111.27986907958984
9037280,187.94143676757812
9039488,196.7491455078125
9042016,195.5157470703125
9043136,188.06558227539062
9044384,88.54451751708984
9044960,183.99087524414062
9045504,-102.77225494384766
9048480,194.97274780273438
9049632,216.412353515625
9049888,192.82742309570312
9052096,196.29595947265625
9054912,185.18435668945312
9054944,173.6964111328125
9055008,-154.888671875
9055776,193.3831024169922
9056224,192.6810760498047
9058944,206.40924072265625
9060256,182.2333984375
9060896,204.42794799804688
9061280,213.83030700683594
9064736,-642.6712646484375
9064992,5.467950820922852
9067904,190.738525390625
9068320,190.55625915527344
9071360,-41.06479263305664
9072064,167.50927734375
9072768,232.46009826660156
9074848,-145.57000732421875
9078688,212.25933837890625
9078976,195.15090942382812
9079008,223.72360229492188
9079136,157.74758911132812
9082592,196.164306640625
9084256,191.48675537109375
9087744,182.4924774169922
9087936,221.30223083496094
9088096,224.84596252441406
9090336,174.1583709716797
9091904,191.1355743408203
9092640,-141.1199188232422
9094144,190.8985595703125
9094528,189.19468688964844
9094912,115.89665985107422
9097536,85.49849700927734
9098656,196.56991577148438
9100320,80.46437072753906
9100800,88.42830657958984
9101184,214.19110107421875
9101344,185.0150604248047
9102528,211.98583984375
9105088,164.1484375
9105248,-153.8009033203125
9105664,176.80746459960938
9106272,215.54916381835938
9106432,200.61578369140625
9106560,196.62538146972656
9107776,242.18014526367188
9111680,98.19522857666016
9114080,226.12486267089844
9114944,233.6278533935547
9119200,-139.16932678222656
9121120,193.153076171875
9122496,203.90992736816406
9123680,206.4795379638672
9124064,-32.12312698364258
9126016,210.25433349609375
9128576,219.20632934570312
9128608,152.6027069091797
9129760,185.962158203125
9131520,81.7362060546875
9135136,240.3460693359375
9136864,137.246826171875
9137440,220.74473571777344
9138816,207.6890106201172
9139488,240.90350341796875
9141792,103.98950958251953
9142176,200.76451110839844
9142656,221.7982177734375
9143040,187.68043518066406
9143264,179.7374725341797
9145888,65.72172546386719
9146944,172.60850524902344
9148896,222.9657745361328
9149120,202.7100830078125
9149440,-197.68284606933594
9150176,164.30714416503906
9153024,219.1173858642578
9154624,-170.199951171875
9155648,187.43411254882812
9156288,-140.73867797851562
9157696,105.89698028564453
9157792,212.95999145507812
9160064,187.41168212890625
9164000,171.9779815673828
9164736,204.8154296875
9165696,174.095947265625
9168224,198.88430786132812
9168416,214.5341796875
9168544,77.26668548583984
9168864,207.9635009765625
9169152,85.33793640136719
9171040,184.95069885253906
9171392,94.63760375976562
9172064,201.85659790039062
9173312,189.52456665039062
9174752,215.60775756835938
9175072,177.10745239257812
9175520,202.82904052734375
9176352,207.17750549316406
9177088,216.68209838867188
9177408,123.68505859375
9178400,179.63343811035156
9180640,196.52557373046875
9181184,198.570556640625
9181920,-128.12783813476562
9182752,-163.6608123779297
9183520,198.79800415039062
9187648,88.07049560546875
9188768,118.43527221679688
9189888,-702.681396484375
9191904,190.87185668945312
9192064,197.73806762695312
9192672,215.06988525390625
9192960,172.4400634765625
9194784,215.21392822265625
9194912,104.770751953125
9196416,198.8289337158203
9197472,214.72396850585938
9198144,-131.87533569335938
9199168,212.66331481933594
9200224,113.40245056152344
9201376,228.34075927734375
9201632,206.63302612304688
9202272,-114.8268814086914
9202592,200.3151397705078
9202816,114.12785339355469
9202816,221.6693878173828
9203264,183.2920684814453
9204352,232.6381072998047
9205216,221.0418701171875
9205280,195.26487731933594
9205504,70.16068267822266
9206336,160.50762939453125
9207232,215.7390899658203
9208320,-123.89697265625
9210720,201.42791748046875
9211328,220.53543090820312
9212032,182.88372802734375
9212064,-1.2744084596633911
9214464,199.42288208007812
9215200,127.28108215332031
9216192,190.7667694091797
9216800,-585.1564331054688
9217216,-150.9308624267578
9219488,3.599095106124878
9220096,-154.0120849609375
9220256,214.40975952148438
9220512,204.32302856445312
9223456,202.73854064941406
9223872,-140.87400817871094
9225696,199.72955322265625
9225952,195.53150939941406
9225984,174.66580200195312
9226048,197.6689453125
9226176,-126.2615737915039
9226400,107.43756866455078
9228096,-167.34861755371094
9229248,171.1319122314453
9230368,201.58937072753906
9230816,-10.2112455368042
9233216,210.67135620117188
9235200,-124.47868347167969
9235232,208.89456176757812
9236480,83.1679916381836
9236608,202.97259521484375
9236672,196.311767578125
9237504,90.30593872070312
9237888,191.73060607910156
9239296,-17.80222511291504
9240384,173.35726928710938
9241792,206.62571716308594
9242336,213.85150146484375
9246176,-147.873779296875
9247936,-166.2655792236328
9249472,183.891357421875
9250176,186.8697967529297
9250752,-117.22554779052734
9251584,-136.03030395507812
9253248,116.35389709472656
9253760,178.3748016357422
9254304,191.98394775390625
9255936,221.9108123779297
9256320,192.15225219726562
9256512,230.37669372558594
9257216,129.05926513671875
9257248,216.166259765625
9258752,204.64134216308594
9259872,165.40760803222656
9260160,216.912353515625
9260480,195.2113800048828
9264160,-11.013408660888672
9264800,182.29075622558594
9265120,180.49746704101562
9266240,-152.16094970703125
9266240,7.157804012298584
9266560,162.5397186279297
9267744,-5.471153259277344
9268384,98.02372741699219
9269312,88.04019927978516
9269440,167.37672424316406
9269536,231.6160430908203
9271424,166.42037963867188
9271776,-153.01983642578125
9271840,103.47521209716797
9273536,204.43655395507812
9273728,221.17330932617188
9273984,179.75927734375
9275168,228.8278350830078
9277760,233.19541931152344
9277888,85.70692443847656
9278112,110.20513916015625
9278400,229.57986450195312
9278688,-106.14680480957031
9279008,198.7396697998047
9281184,191.8457794189453
9282848,55.521366119384766
9282848,-93.26158905029297
9282976,166.31642150878906
9283360,-98.11027526855469
9283872,92.80709075927734
9284736,122.33563995361328
9285376,201.3323211669922
9285760,216.3433837890625
9286048,225.83261108398438
9287456,205.8157196044922
9287936,195.7164306640625
9288960,-120.51663208007812
9290432,234.3551483154297
9290464,204.74818420410156
9291616,193.79859924316406
9292352,49.277530670166016
9292704,219.5098419189453
9293824,-128.29254150390625
9294240,222.36509704589844
9294688,71.99787902832031
9294816,218.63906860351562
9296832,204.9857635498047
9297920,213.79452514648438
9298080,231.33905029296875
9299488,171.19744873046875
9303392,-119.33911895751953
9303520,209.23085021972656
9304608,216.7946319580078
9305920,188.56504821777344
9306944,166.40919494628906
9306944,177.82212829589844
9307328,244.18572998046875
9307392,83.978759765625
9309824,202.7831268310547
9309920,178.91558837890625
9310976,63.99253845214844
9311648,106.82654571533203
9313024,184.20570373535156
9314016,213.6002960205078
9316544,-146.6125946044922
9317632,103.2443618774414
9318304,73.64833068847656
9318336,-122.20378875732422
9321600,172.57313537597656
9322208,107.63016510009766
9326400,201.40721130371094
9326496,79.3237075805664
9327008,165.17611694335938
9331040,94.32441711425781
9332544,181.14634704589844
9333408,72.983642578125
9333568,188.9873504638672
9334592,219.18638610839844
9335744,-157.59432983398438
9336864,98.7436752319336
9339264,195.29212951660156
9340992,198.55078125
9341024,250.17266845703125
9341824,185.552490234375
9342144,157.79183959960938
9342720,214.4392852783203
9342944,89.26994323730469
9343072,-124.01341247558594
9344544,212.2400665283203
9345600,65.8659439086914
9345824,224.31857299804688
9345984,209.5858612060547
9348128,209.417724609375
9348384,178.2752685546875
9349056,-92.84687042236328
9349408,198.45071411132812
9351232,210.6009979248047
9353440,-162.8418426513672
9353760,191.89173889160156
9354944,162.54708862304688
9357408,-114.4721908569336
9357472,228.76060485839844
9358624,201.78741455078125
9359392,192.8463897705078
9359808,228.05459594726562
9360224,206.20950317382812
9361888,-122.23160552978516
9362208,-107.42491149902344
9362528,211.31716918945312
9363456,187.19003295898438
9363808,-3.268507957458496
9364160,196.0778045654297
9364544,194.1624298095703
9367680,185.2646942138672
9368160,182.22439575195312
9368224,172.3951873779297
9369408,189.657958984375
9371360,221.9350128173828
9372288,-335.6523132324219
9375776,218.1288299560547
9376800,229.9563751220703
9377024,168.7975616455078
9377024,197.28121948242188
9377984,-140.25753784179688
9378336,191.2156219482422
9380256,232.65798950195312
9382880,225.04710388183594
9383264,53.75068283081055
9389152,-135.45098876953125
9389696,-121.23607635498047
9389696,185.8251953125
9389728,101.3575668334961
9390368,175.48854064941406
9392608,185.9901885986328
9394848,205.99745178222656
9395744,237.11170959472656
9395904,115.07199096679688
9396000,224.93609619140625
9396128,206.9301300048828
9397600,71.57049560546875
9402464,85.74677276611328
9405024,208.43719482421875
9405280,-163.21694946289062
9406656,219.94305419921875
9406976,194.95127868652344
9408288,235.27403259277344
9408576,199.82652282714844
9409280,-135.22149658203125
9409568,198.98097229003906
9410464,-146.0084991455078
9411040,-103.5167236328125
9414016,189.15882873535156
9414208,194.23475646972656
9416032,188.06521606445312
9417216,203.1728515625
9418368,172.4893341064453
9419360,192.34585571289062
9420576,63.58570861816406
9420960,166.6038360595703
9420960,88.68313598632812
9422272,-114.89673614501953
9424160,192.5084686279297
9425056,179.78575134277344
9425408,159.59466552734375
9426144,204.2144775390625
9426176,185.5873260498047
9428480,214.47006225585938
9428608,201.4353790283203
9430496,197.18186950683594
9431136,193.9092559814453
9432448,187.70115661621094
9433248,207.47113037109375
9433664,192.24649047851562
9434720,225.75778198242188
9434784,210.46829223632812
9436032,56.84328079223633
9436384,85.74482727050781
9438144,239.70448303222656
9439616,159.58700561523438
9442784,187.17974853515625
9444928,-125.29684448242188
9445248,193.20994567871094
9446048,146.27952575683594
9446400,193.77395629882812
9447168,-114.7630615234375
9448352,232.68434143066406
9448736,-151.03323364257812
9450560,185.93153381347656
9452064,203.73605346679688
9452128,-5.376145362854004
9452416,-92.78913116455078
9452768,190.28863525390625
9453056,-185.15103149414062
9455296,204.3053436279297
9456256,-135.47171020507812
9456928,188.7156982421875
9458432,179.64401245117188
9459008,175.7649383544922
9459264,199.3920440673828
9460832,116.76012420654297
9462208,202.87582397460938
9465184,198.742431640625
9465312,-130.1696014404297
9467200,192.13888549804688
9467392,-161.8772735595703
9467456,175.56175231933594
9467488,-115.25006103515625
9467840,128.3745880126953
9470912,197.8130645751953
9471104,-99.41761016845703
9471552,80.47425842285156
9472960,187.5553741455078
9474592,80.75932312011719
9475680,196.98155212402344
9477408,195.8201446533203
9478880,-140.02479553222656
9478880,131.64454650878906
9479104,195.90638732910156
9479328,198.28660583496094
9480096,221.62791442871094
9481536,89.5205307006836
9481600,222.081787109375
9483456,202.036865234375
9485280,175.01327514648438
9486624,-133.83961486816406
9486880,231.09349060058594
9487840,163.1683349609375
9488960,186.5729522705078
9489536,-122.79423522949219
9490528,166.97531127929688
9490816,-135.24508666992188
9491776,102.872314453125
9492864,-132.61619567871094
9492864,159.44158935546875
9493088,190.80564880371094
9493248,198.5753173828125
9495328,178.1134796142578
9496096,-139.3617401123047
9496896,-136.35194396972656
9497376,101.92227172851562
9498112,112.03079986572266
9500160,-147.87921142578125
9503040,-135.53187561035156
9503424,175.25096130371094
9503680,-148.6121826171875
9503968,183.07362365722656
9507360,103.45262145996094
9508704,222.95962524414062
9508768,115.86404418945312
9509472,78.47817993164062
9510496,233.89329528808594
9511072,174.90785217285156
9511744,239.80043029785156
9512128,86.87580871582031
9512992,-20.220481872558594
9513216,80.40938568115234
9515744,72.31330871582031
9516416,60.40913391113281
9519520,173.06912231445312
9520960,97.5588150024414
9521856,196.76309204101562
9523136,202.62469482421875
9527936,-156.5918731689453
9528096,206.638427734375
9528320,207.1663818359375
9529440,115.83818817138672
9529568,174.41390991210938
9530240,195.9558868408203
9530592,204.07888793945312
9531264,77.85808563232422
9532416,213.24600219726562
9532544,190.61070251464844
9536768,184.5399627685547
9537600,209.78988647460938
9538112,219.3214569091797
9541408,-46.27956008911133
9543200,-145.87025451660156
9544320,173.3943328857422
9544320,-76.4941635131836
9545344,189.8065948486328
9545472,-479.3048400878906
9545856,175.35511779785156
9546080,204.73480224609375
9546464,180.2994842529297
9546784,209.09375
9549376,75.75265502929688
9549568,192.5447540283203
9549696,-132.49923706054688
9551232,189.4095001220703
9552032,-169.57298278808594
9553120,166.3827362060547
9554720,179.4759521484375
9555072,81.58963012695312
9555104,173.71478271484375
9555136,183.4513397216797
9555616,-138.63685607910156
9555680,202.180419921875
9556672,233.69906616210938
9556928,-169.64230346679688
9557248,-135.30747985839844
9558432,-171.3098602294922
9560160,-36.84816360473633
9560992,191.181640625
9562144,179.99562072753906
9562784,186.18692016601562
9563008,165.28468322753906
9563168,-98.80682373046875
9563552,181.66458129882812
9564480,-124.24419403076172
9567200,-128.90191650390625
9567616,159.9807586669922
9568000,155.7126007080078
9569152,-146.85037231445312
9570656,209.33424377441406
9572192,200.77468872070312
9573888,183.59521484375
9574112,196.0616455078125
9574848,169.7512664794922
9575872,221.80349731445312
9576288,201.02175903320312
9577728,228.4790496826172
9577920,164.85276794433594
9578816,192.57192993164062
9578848,190.85647583007812
9581312,80.31380462646484
9584576,89.27605438232422
9585504,164.36912536621094
9585600,188.30389404296875
9587072,196.0022430419922
9587168,200.83717346191406
9588416,43.13190460205078
9589216,109.67475128173828
9589984,179.9530487060547
9590432,-160.41078186035156
9590848,-137.804443359375
9591040,195.77293395996094
9591456,-137.54315185546875
9592064,168.9874725341797
9592928,-43.78489685058594
9594432,180.49822998046875
9595456,231.45364379882812
9599072,72.8729019165039
9601440,217.17071533203125
9603776,-136.09808349609375
9604224,195.48545837402344
9604512,197.60208129882812
9605408,206.66543579101562
9605728,195.2105255126953
9607072,200.14503479003906
9608256,77.53170776367188
9608352,101.36767578125
9609152,-129.2760772705078
9610784,176.3033447265625
9611200,178.223876953125
9611264,-99.55501556396484
9611872,-140.93699645996094
9612768,68.38532257080078
9613728,102.5078125
9614848,168.0761260986328
9617376,179.86598205566406
9617504,165.320068359375
9617664,220.35227966308594
9624448,-716.3385620117188
9625024,84.63396453857422
9625440,191.7627716064453
9627648,230.40672302246094
9628160,194.24911499023438
9631040,178.0357666015625
9631232,181.3284149169922
9633312,198.99002075195312
9635808,202.7411346435547
9637216,164.43043518066406
9638848,201.81739807128906
9640128,77.4638900756836
9640800,135.16897583007812
9642400,205.583984375
9644032,5.7395339012146
9644128,103.23805236816406
9645120,-132.38504028320312
9645536,-172.06932067871094
9646080,109.13245391845703
9648448,-83.29790496826172
9649184,204.86175537109375
9650400,223.92727661132812
9650688,-133.7865447998047
9651392,210.29237365722656
9651680,175.97369384765625
9652576,174.6981964111328
9653408,178.25611877441406
9654656,134.9722137451172
9656352,-160.50820922851562
9657888,189.6345977783203
9658176,173.51406860351562
9660800,216.12998962402344
9661120,165.8965606689453
9663680,-147.81419372558594
9664672,218.49778747558594
9665152,197.31610107421875
9669504,217.141845703125
9670080,213.5120391845703
9671040,192.4308624267578
9671616,178.54884338378906
9674176,-141.25552368164062
9675136,214.34744262695312
9675488,201.90504455566406
9677024,182.91363525390625
9677856,197.23910522460938
9679808,198.96279907226562
9680832,-138.1315155029297
9682720,91.16278839111328
9682912,208.79771423339844
9683840,157.26431274414062
9685600,-135.82083129882812
9685664,192.9529571533203
9686208,101.89550018310547
9687872,194.2266387939453
9687968,234.15357971191406
9691392,209.4306640625
9691488,143.27786254882812
9691680,189.58102416992188
9692128,96.63412475585938
9693248,198.64329528808594
9694272,12.419794082641602
9697472,205.8277587890625
9697952,169.9597930908203
9698112,67.40201568603516
9698752,107.14131164550781
9702528,162.52989196777344
9705952,164.9053497314453
9706720,93.88958740234375
9709760,207.87049865722656
9710464,225.76983642578125
9710592,-135.57916259765625
9712896,81.91485595703125
9712928,208.67018127441406
9713536,171.3426971435547
9714176,-133.03213500976562
9714496,202.8630828857422
9717440,108.01244354248047
9717728,200.82566833496094
9717760,191.26284790039062
9719232,75.38228607177734
9721024,204.9085235595703
9721600,176.3367919921875
9722656,144.9510955810547
9723584,199.89617919921875
9724128,-168.58395385742188
9724160,193.02560424804688
9724256,162.35638427734375
9724352,-10.177138328552246
9724736,163.4134063720703
9725664,-10.266485214233398
9726240,154.44898986816406
9728896,150.80747985839844
9729312,195.39967346191406
9730432,221.80908203125
9732352,193.95350646972656
9732960,217.36550903320312
9733376,-144.6150665283203
9733504,-140.33349609375
9735008,205.48170471191406
9736960,135.66424560546875
9737632,194.05322265625
9737888,234.97561645507812
9738496,-81.07869720458984
9740192,180.77557373046875
9742304,64.6008529663086
9742816,184.1676025390625
9745984,171.49473571777344
9746176,221.50013732910156
9750720,-28.737892150878906
9751040,182.435546875
9751616,177.05787658691406
9752928,103.36573791503906
9754624,173.154296875
9755264,167.62876892089844
9755392,-7.6883392333984375
9756864,201.9669647216797
9757248,166.6900634765625
9759104,-139.27197265625
9761856,-122.5357437133789
9762944,101.4093246459961
9763488,103.3804702758789
9765280,-48.317848205566406
9766304,190.10874938964844
9766624,158.05149841308594
9766816,-144.20541381835938
9767232,98.85814666748047
9767968,196.7969512939453
9769088,224.720703125
9769184,-145.80950927734375
9769632,168.36090087890625
9771392,190.32769775390625
9772736,197.36805725097656
9773440,186.82131958007812
9775776,-173.5232391357422
9777152,208.8853759765625
9779616,-98.30054473876953
9779936,139.9502410888672
9780192,215.39320373535156
9780992,85.32243347167969
9781792,163.2211456298828
9788768,217.33392333984375
9788960,94.52019500732422
9790368,168.60646057128906
9791264,230.0791778564453
9792032,194.98435974121094
9794784,44.97198486328125
9796128,173.60659790039062
9796224,-128.09654235839844
9796736,-138.36244201660156
9797568,193.8655548095703
9798208,212.3351593017578
9801888,188.93455505371094
9802176,-157.21902465820312
9804896,210.44415283203125
9804928,85.35457611083984
9807040,157.76976013183594
9807552,192.71026611328125
9809504,194.37147521972656
9811776,-157.91563415527344
9812000,161.7209014892578
9814496,186.5888671875
9815488,153.85723876953125
9816768,193.81834411621094
9817408,56.94694519042969
9817568,216.17662048339844
9817920,205.55564880371094
9818784,155.930908203125
9820736,195.2417755126953
9822816,163.6045684814453
9823328,184.03878784179688
9826976,-132.8431396484375
9827360,95.0475082397461
9827616,-84.13630676269531
9829024,177.14073181152344
9829184,-133.4597625732422
9830528,162.51458740234375
9831296,162.70797729492188
9832320,88.85265350341797
9832736,166.21505737304688
9833536,-147.08145141601562
9836512,148.87405395507812
9838240,-166.96343994140625
9839840,172.97622680664062
9842080,67.83909606933594
9842688,207.22218322753906
9843200,182.6045379638672
9844672,209.80332946777344
9845248,194.9921112060547
9847136,158.33192443847656
9847424,220.99095153808594
9847968,162.4375
9847968,197.74575805664062
9850976,194.91802978515625
9852256,199.2095947265625
9853120,204.5965576171875
9854432,-153.61392211914062
9854976,-131.47312927246094
9856128,109.1551742553711
9857120,105.13267517089844
9858016,203.93130493164062
9859008,207.87977600097656
9859168,173.37010192871094
9859904,177.2218780517578
9861280,224.11849975585938
9864576,212.60031127929688
9869248,88.64125061035156
9872448,51.33380889892578
9873376,214.1561279296875
9875200,163.6341552734375
9875776,250.17652893066406
9876928,159.3504638671875
9877184,-148.10520935058594
9877344,49.458927154541016
9878688,194.30783081054688
9878848,-100.97369384765625
9879072,175.51747131347656
9879712,182.48492431640625
9881952,-150.96363830566406
9883072,192.61134338378906
9884448,198.94300842285156
9888192,200.50534057617188
9890784,211.25146484375
9890848,149.07322692871094
9898880,163.4722900390625
9899200,204.9659881591797
9899296,210.1071319580078
9901408,-153.36285400390625
9901440,198.58349609375
9902848,189.37698364257812
9904064,-168.8355712890625
9904992,203.8686981201172
9905632,192.49176025390625
9905856,177.31434631347656
9905920,187.68280029296875
9906624,208.99021911621094
9909600,-139.23757934570312
9914368,195.7107391357422
9914592,201.38230895996094
9916736,177.93641662597656
9917536,-116.86026000976562
9918176,-43.99059295654297
9918368,162.65000915527344
9918656,216.91085815429688
9921248,82.25860595703125
9922080,-179.22848510742188
9922880,-10.6591796875
9925856,151.88327026367188
9930848,149.17567443847656
9931200,138.32081604003906
9933792,178.6959686279297
9935168,97.91952514648438
9935808,176.68472290039062
9937408,188.54193115234375
9941632,149.8802032470703
9943296,190.68856811523438
9944320,172.04122924804688
9947104,-106.99626922607422
9947904,206.98239135742188
9948064,169.40377807617188
9950304,226.55335998535156
9950944,145.31822204589844
9951456,201.7393035888672
9951616,77.398681640625
9953312,167.87774658203125
9953632,201.29603576660156
9954624,193.0466766357422
9954848,76.907470703125
9956704,210.7952880859375
9956992,-169.527099609375
9958432,159.7382049560547
9959200,177.3009033203125
9961856,182.5300750732422
9961920,172.49209594726562
9961920,169.61495971679688
9963840,176.869384765625
9964320,191.7159423828125
9964608,228.03147888183594
9965440,-139.57070922851562
9965440,184.7217254638672
9968448,40.99488067626953
9968608,193.53053283691406
9971552,193.5697479248047
9972608,162.520751953125
9973568,146.62033081054688
9973952,164.2633056640625
9974432,95.26276397705078
9974912,231.67442321777344
9975392,115.97787475585938
9979264,189.71231079101562
9981024,81.80316162109375
9981184,92.01249694824219
9981856,168.56570434570312
9984352,158.37010192871094
9984896,94.88296508789062
9985248,77.7442855834961
9985696,-120.5438232421875
9987264,-50.18128967285156
9987680,179.5845947265625
9988352,204.50198364257812
9988480,174.44300842285156
9989312,174.15963745117188
9990240,228.31654357910156
9992352,-109.20206451416016
9993088,68.76930236816406
9993952,222.01614379882812
