step,value
160,4.0
448,14.0
528,5.0
576,4.0
1168,7.0
1376,2.0
1696,10.0
1888,11.0
2256,3.0
2368,10.0
3808,3.0
3856,8.0
4384,5.0
4848,5.0
5568,5.0
5616,6.0
5760,3.0
6448,4.0
6736,3.0
7120,3.0
7680,4.0
7920,3.0
8944,9.0
10176,16.0
10752,14.0
11056,11.0
11904,12.0
12544,5.0
13088,6.0
13728,12.0
14048,13.0
14240,7.0
15040,7.0
15920,8.0
16048,3.0
17568,8.0
17888,3.0
18240,18.0
18672,3.0
18912,12.0
19040,7.0
19632,4.0
19760,2.0
21296,5.0
23456,12.0
23488,6.0
26480,3.0
26544,11.0
26624,3.0
27136,5.0
27328,6.0
27504,10.0
28960,3.0
29248,5.0
29312,4.0
29440,14.0
29920,4.0
30672,15.0
31776,3.0
31968,13.0
32848,11.0
32864,2.0
33552,13.0
33856,12.0
34048,11.0
34272,3.0
36432,5.0
37600,13.0
37968,9.0
38016,10.0
38592,13.0
39872,30.0
40288,5.0
40560,12.0
40640,5.0
41328,16.0
41376,5.0
42000,9.0
42224,2.0
43408,7.0
43872,28.0
44880,4.0
45200,21.0
45808,18.0
46224,6.0
46256,12.0
47488,6.0
48080,11.0
49632,8.0
51776,6.0
52720,4.0
53712,8.0
55392,5.0
55600,16.0
55840,14.0
57056,15.0
57728,13.0
58384,12.0
60704,13.0
61504,5.0
62864,16.0
63984,6.0
66960,18.0
68224,4.0
70208,10.0
70208,11.0
71152,25.0
71632,12.0
71968,12.0
72352,12.0
74128,8.0
74608,25.0
76784,7.0
80064,14.0
82592,5.0
83504,11.0
85072,13.0
85936,14.0
87424,20.0
87520,2.0
90592,16.0
91264,33.0
91680,22.0
96224,19.0
96480,6.0
97024,8.0
97328,15.0
97808,34.0
100544,20.0
100944,14.0
101424,3.0
102720,12.0
103200,12.0
104544,19.0
105472,12.0
105968,27.0
107232,19.0
109152,13.0
109168,16.0
110208,13.0
111344,13.0
111392,17.0
112224,17.0
117056,15.0
117808,13.0
118656,21.0
120224,18.0
122704,13.0
122832,12.0
123440,16.0
125744,10.0
126512,10.0
127232,17.0
129040,9.0
129216,13.0
129360,15.0
130544,14.0
131184,23.0
133968,4.0
134352,48.0
135776,10.0
135888,13.0
140320,15.0
141840,17.0
142000,5.0
146496,15.0
147648,58.0
147664,32.0
148576,4.0
149856,22.0
150160,11.0
150960,12.0
153136,32.0
153312,19.0
156208,19.0
156464,15.0
157136,31.0
157936,27.0
158784,20.0
160240,15.0
163936,16.0
168768,35.0
172304,14.0
174800,21.0
174816,28.0
175856,12.0
179936,16.0
184016,48.0
186336,24.0
187440,14.0
187584,17.0
189504,20.0
192640,19.0
194000,18.0
198016,16.0
198560,14.0
199792,27.0
201024,38.0
201552,17.0
202512,33.0
203840,21.0
207232,18.0
208624,14.0
209152,79.0
211728,17.0
212144,34.0
213600,40.0
213728,19.0
217504,24.0
219248,56.0
226240,17.0
226256,16.0
226624,35.0
229648,41.0
235408,18.0
236496,16.0
236864,21.0
237232,18.0
241600,22.0
241712,19.0
244720,44.0
244800,36.0
245280,23.0
253024,51.0
259360,16.0
260848,38.0
261216,21.0
261504,36.0
262400,17.0
263296,35.0
263728,25.0
263856,32.0
264176,37.0
270160,39.0
270672,56.0
272768,34.0
272880,35.0
275712,34.0
276288,12.0
277808,42.0
279680,40.0
286656,37.0
287392,31.0
293088,18.0
293344,31.0
294032,18.0
294528,29.0
294624,16.0
295792,34.0
297872,15.0
302144,40.0
302496,41.0
305008,30.0
305600,51.0
307232,26.0
315584,39.0
320848,30.0
321136,36.0
323616,39.0
326336,54.0
328752,24.0
334464,45.0
335312,25.0
343232,8.0
345312,50.0
345648,43.0
347536,36.0
350240,29.0
350480,20.0
351376,37.0
358256,93.0
358608,28.0
362432,28.0
365168,32.0
367472,38.0
367520,34.0
367872,21.0
368160,23.0
370928,45.0
371248,35.0
372304,31.0
372640,30.0
374704,27.0
376480,51.0
379104,35.0
384384,33.0
388384,29.0
389520,35.0
389920,31.0
391360,37.0
402048,21.0
404832,44.0
411280,34.0
414176,37.0
421120,45.0
422096,37.0
424400,26.0
424640,35.0
424848,29.0
424896,21.0
426592,24.0
427152,36.0
427216,28.0
432704,52.0
432704,26.0
434912,35.0
435040,28.0
439424,30.0
441808,38.0
443568,34.0
447488,29.0
453312,24.0
453600,53.0
454256,23.0
456768,28.0
457856,30.0
458288,26.0
458512,32.0
460896,42.0
462256,17.0
467120,37.0
467392,35.0
468320,38.0
469360,39.0
470096,25.0
473232,31.0
476832,27.0
480912,30.0
483568,45.0
485408,31.0
485872,20.0
487104,27.0
493648,35.0
496304,24.0
498928,36.0
500384,26.0
500624,35.0
503200,16.0
508384,60.0
508608,29.0
510720,32.0
514992,36.0
519184,30.0
520304,24.0
520528,44.0
525152,26.0
529680,39.0
531216,30.0
532080,25.0
537056,37.0
542048,43.0
543136,31.0
543664,19.0
544176,25.0
545376,24.0
545536,25.0
546592,28.0
547936,31.0
549008,24.0
549136,25.0
552000,41.0
553248,47.0
553520,39.0
555472,31.0
558848,29.0
560432,28.0
563440,25.0
565792,22.0
566624,22.0
566624,37.0
570080,25.0
570832,38.0
572640,33.0
573584,29.0
578208,26.0
582192,36.0
584048,23.0
594176,25.0
601792,37.0
602432,27.0
604464,41.0
607008,30.0
608064,47.0
609552,48.0
614560,35.0
616192,27.0
618848,32.0
621648,30.0
623232,44.0
625008,34.0
626832,31.0
631040,56.0
632272,42.0
633968,32.0
635296,26.0
637712,38.0
639536,22.0
640704,25.0
641424,27.0
642208,24.0
643072,30.0
645856,25.0
647664,31.0
648192,39.0
650752,31.0
651168,28.0
652976,26.0
654336,25.0
662176,29.0
664928,34.0
665520,35.0
670256,21.0
670832,26.0
679600,37.0
679872,29.0
683376,32.0
683632,36.0
690640,31.0
691760,23.0
694064,41.0
695952,23.0
697552,26.0
701984,70.0
704416,39.0
707696,32.0
713456,41.0
714016,31.0
715072,31.0
721696,35.0
724000,33.0
724576,24.0
725776,27.0
730000,22.0
732192,69.0
734784,28.0
736256,30.0
740240,31.0
742640,37.0
742832,31.0
746304,26.0
746560,28.0
749264,18.0
752112,31.0
753424,28.0
753968,27.0
755296,29.0
756528,24.0
757296,52.0
763904,35.0
764976,29.0
766192,35.0
766432,14.0
769808,30.0
770320,35.0
774304,33.0
775392,34.0
780592,33.0
785568,40.0
786320,38.0
786976,34.0
789376,26.0
790224,25.0
791696,27.0
792800,25.0
793392,29.0
796192,33.0
799296,25.0
803296,31.0
805328,20.0
805808,38.0
805856,31.0
808704,58.0
809632,27.0
815040,35.0
819152,37.0
820288,27.0
820320,41.0
822224,29.0
822720,31.0
825776,34.0
825904,27.0
827744,32.0
839072,24.0
841312,29.0
843168,26.0
846608,26.0
846640,40.0
847152,20.0
849200,27.0
850528,23.0
852480,23.0
852800,31.0
855184,37.0
858864,29.0
860624,31.0
862032,20.0
864752,39.0
869248,39.0
872480,34.0
881808,39.0
891040,24.0
891440,94.0
896544,34.0
899840,21.0
900832,40.0
903104,19.0
905216,29.0
906304,24.0
906320,30.0
908496,27.0
916544,27.0
921008,35.0
922768,31.0
926432,37.0
928848,52.0
929200,26.0
932704,30.0
934512,34.0
936096,24.0
943168,26.0
943360,28.0
944912,38.0
952448,24.0
954400,44.0
954896,28.0
956080,27.0
957280,32.0
960080,31.0
962992,29.0
965888,18.0
967808,18.0
968992,31.0
969648,40.0
969664,32.0
971200,37.0
974224,31.0
974784,32.0
975520,33.0
975712,35.0
980416,27.0
983008,34.0
985824,24.0
990976,21.0
992352,27.0
992960,26.0
996048,25.0
998368,31.0
998752,29.0
1001072,27.0
1002208,22.0
1003840,24.0
1003968,29.0
1004944,73.0
1005968,28.0
1009776,29.0
1013232,24.0
1014464,42.0
1018800,24.0
1019600,27.0
1021264,37.0
1023824,34.0
1025280,29.0
1029776,23.0
1030736,30.0
1032000,30.0
1034752,42.0
1036768,27.0
1038896,27.0
1041776,28.0
1042784,26.0
1044432,28.0
1044576,28.0
1047424,27.0
1048368,25.0
1049488,31.0
1055856,31.0
1057344,26.0
1057936,24.0
1059760,26.0
1064624,48.0
1066000,26.0
1070464,21.0
1076112,31.0
1076144,25.0
1081296,23.0
1086688,24.0
1086880,24.0
1087424,33.0
1087856,28.0
1089952,28.0
1094528,29.0
1096832,47.0
1096992,31.0
1097360,32.0
1106304,43.0
1108480,29.0
1110304,31.0
1111200,37.0
1112032,33.0
1113728,33.0
1114096,34.0
1118880,18.0
1119184,24.0
1119328,27.0
1121296,36.0
1121680,29.0
1124720,28.0
1131472,27.0
1134784,46.0
1135152,29.0
1136976,30.0
1141408,22.0
1143104,34.0
1148432,33.0
1150032,25.0
1151568,24.0
1151952,30.0
1155504,28.0
1155776,25.0
1158448,22.0
1159984,23.0
1161136,18.0
1162384,23.0
1165616,24.0
1171536,27.0
1173648,27.0
1174960,34.0
1177376,41.0
1180160,33.0
1182528,27.0
1183296,34.0
1184080,26.0
1184176,39.0
1184288,72.0
1189504,34.0
1190624,29.0
1192832,29.0
1194576,25.0
1195808,32.0
1199280,35.0
1201920,29.0
1205056,30.0
1206112,52.0
1209952,18.0
1212400,34.0
1215696,41.0
1216096,21.0
1217536,25.0
1217584,28.0
1221424,33.0
1224016,33.0
1226160,20.0
1227936,28.0
1228336,16.0
1231920,25.0
1233552,33.0
1235856,25.0
1236048,29.0
1243808,25.0
1247136,27.0
1252784,29.0
1257792,28.0
1261040,29.0
1262000,26.0
1266896,31.0
1267664,28.0
1267728,35.0
1268336,32.0
1269392,29.0
1269840,28.0
1270560,38.0
1272752,33.0
1272896,30.0
1278048,33.0
1282944,29.0
1284640,41.0
1286304,29.0
1292368,24.0
1294464,36.0
1297520,19.0
1303184,26.0
1303584,27.0
1305680,34.0
1310992,30.0
1311152,16.0
1311616,28.0
1313424,24.0
1313888,38.0
1313904,37.0
1313984,23.0
1316432,25.0
1320000,24.0
1323264,30.0
1326640,21.0
1330592,31.0
1332256,29.0
1333616,18.0
1335008,30.0
1335952,23.0
1337136,31.0
1337600,28.0
1338992,32.0
1340736,34.0
1340784,27.0
1342448,31.0
1346752,23.0
1348304,31.0
1355328,32.0
1355936,27.0
1356336,43.0
1359520,22.0
1360336,46.0
1360736,24.0
1362464,17.0
1367200,23.0
1368224,24.0
1370544,34.0
1373024,32.0
1375392,91.0
1376112,30.0
1376464,29.0
1377760,36.0
1378448,33.0
1379120,32.0
1383840,29.0
1387568,23.0
1389696,18.0
1395936,21.0
1396960,27.0
1397632,39.0
1399632,34.0
1399776,33.0
1400064,35.0
1400752,23.0
1402048,28.0
1403360,31.0
1403376,29.0
1406768,28.0
1407632,32.0
1408560,24.0
1409024,18.0
1409088,38.0
1410992,32.0
1413952,22.0
1418064,22.0
1418576,36.0
1420192,24.0
1422240,32.0
1425200,36.0
1425472,40.0
1426176,23.0
1429776,26.0
1437952,25.0
1439488,28.0
1440752,27.0
1442784,52.0
1445360,29.0
1447104,37.0
1450816,35.0
1450896,47.0
1453920,36.0
1454144,44.0
1456016,25.0
1461136,29.0
1464896,33.0
1467392,32.0
1467424,28.0
1470752,24.0
1474704,56.0
1475584,31.0
1480480,25.0
1481200,21.0
1482960,25.0
1485936,26.0
1487264,63.0
1489600,24.0
1491280,25.0
1498976,30.0
1504256,33.0
1509568,30.0
1515040,31.0
1515200,32.0
1515248,29.0
1518016,33.0
1518432,28.0
1518944,33.0
1520304,30.0
1525008,30.0
1525280,24.0
1525904,30.0
1531280,33.0
1537248,23.0
1542016,48.0
1548768,25.0
1550000,26.0
1550560,22.0
1552048,24.0
1554880,26.0
1555904,24.0
1560320,21.0
1567440,31.0
1567920,27.0
1568816,28.0
1571488,24.0
1572848,21.0
1572976,36.0
1577760,28.0
1580464,27.0
1584416,27.0
1586288,39.0
1587072,26.0
1589712,35.0
1591024,30.0
1591680,31.0
1593264,28.0
1596336,39.0
1596928,22.0
1601072,26.0
1601712,22.0
1602496,27.0
1604224,26.0
1605936,41.0
1608960,30.0
1610624,30.0
1613200,27.0
1614064,21.0
1615568,38.0
1621872,28.0
1627616,23.0
1629344,24.0
1629760,41.0
1630576,25.0
1634752,24.0
1635872,21.0
1637728,54.0
1641392,21.0
1643008,32.0
1648048,39.0
1648640,35.0
1649120,26.0
1650512,32.0
1661280,40.0
1662128,22.0
1666864,28.0
1668256,20.0
1669952,31.0
1683504,22.0
1690464,31.0
1691040,34.0
1692144,36.0
1695936,27.0
1697088,30.0
1701680,86.0
1701904,35.0
1703360,36.0
1703552,28.0
1703696,29.0
1704288,22.0
1710480,24.0
1711840,24.0
1713232,25.0
1713280,31.0
1718448,34.0
1724384,45.0
1724480,65.0
1728016,33.0
1730256,40.0
1732064,21.0
1732304,31.0
1734848,27.0
1737280,25.0
1738928,63.0
1739328,26.0
1741600,25.0
1743792,29.0
1746432,31.0
1746672,35.0
1747152,29.0
1751456,27.0
1753552,22.0
1758752,22.0
1760736,22.0
1769904,36.0
1773712,20.0
1778464,33.0
1779600,31.0
1783776,28.0
1784064,27.0
1786320,24.0
1786400,42.0
1786912,32.0
1789184,47.0
1804944,31.0
1805712,24.0
1812240,46.0
1814240,27.0
1815776,38.0
1815792,27.0
1816224,27.0
1817536,33.0
1818752,23.0
1823184,31.0
1827856,24.0
1828064,33.0
1832848,17.0
1832944,24.0
1838192,39.0
1838496,29.0
1840224,31.0
1843440,29.0
1850944,29.0
1851968,22.0
1853104,36.0
1855488,29.0
1855600,33.0
1856608,34.0
1861040,25.0
1864272,31.0
1864320,27.0
1864416,28.0
1865872,26.0
1869520,30.0
1870400,30.0
1875120,21.0
1877216,23.0
1878208,29.0
1881328,31.0
1883616,25.0
1886768,37.0
1890528,22.0
1891408,23.0
1898960,32.0
1900352,30.0
1900416,29.0
1907520,27.0
1911760,21.0
1913680,24.0
1916544,31.0
1919264,23.0
1924800,27.0
1927184,27.0
1928832,31.0
1930992,33.0
1933408,24.0
1937408,31.0
1938080,38.0
1942608,28.0
1945376,33.0
1945552,38.0
1946432,32.0
1947568,30.0
1947712,29.0
1947808,26.0
1947952,23.0
1948272,37.0
1950368,33.0
1951168,23.0
1951584,27.0
1951712,28.0
1954656,38.0
1955488,26.0
1960736,22.0
1967952,35.0
1967968,33.0
1968560,29.0
1970784,33.0
1970992,26.0
1971008,41.0
1978608,20.0
1979232,31.0
1979872,27.0
1983568,33.0
1985904,33.0
1987120,34.0
1989408,66.0
1989760,24.0
1991296,25.0
1995888,28.0
1996256,45.0
1997248,30.0
2007408,31.0
2008576,26.0
2012048,43.0
2016224,36.0
2019328,38.0
2019552,24.0
2021168,24.0
2022080,31.0
2025104,29.0
2025696,38.0
2027424,31.0
2032448,25.0
2038064,26.0
2041248,27.0
2042928,36.0
2047808,33.0
2049104,35.0
2049904,32.0
2051984,35.0
2054672,24.0
2056688,38.0
2057040,31.0
2059344,31.0
2061760,35.0
2064640,23.0
2065328,32.0
2065824,28.0
2068384,52.0
2068544,33.0
2070336,39.0
2074176,35.0
2074288,31.0
2075664,30.0
2077664,27.0
2079344,29.0
2079792,22.0
2080304,21.0
2084192,22.0
2089760,38.0
2093104,30.0
2094784,32.0
2094864,19.0
2101152,26.0
2103376,31.0
2105200,25.0
2105296,28.0
2106320,25.0
2109600,27.0
2110928,26.0
2112896,25.0
2115248,26.0
2115456,25.0
2115680,26.0
2116976,19.0
2120928,30.0
2122192,30.0
2125344,28.0
2126272,42.0
2126960,34.0
2128656,26.0
2130992,50.0
2133024,32.0
2136176,27.0
2136656,25.0
2142064,36.0
2145248,41.0
2146224,32.0
2147808,27.0
2151456,32.0
2156512,43.0
2159440,38.0
2159712,45.0
2163008,28.0
2163792,26.0
2165488,29.0
2168528,37.0
2169072,19.0
2173584,43.0
2174832,30.0
2176624,42.0
2177088,26.0
2179600,31.0
2193040,27.0
2196576,25.0
2202992,39.0
2204208,27.0
2206032,38.0
2206912,47.0
2211680,27.0
2213792,51.0
2215616,25.0
2217488,30.0
2222656,27.0
2224304,27.0
2224400,30.0
2231088,29.0
2232560,31.0
2234976,24.0
2242064,28.0
2242176,28.0
2242800,23.0
2243712,39.0
2243952,26.0
2246992,37.0
2247040,29.0
2250736,26.0
2258400,28.0
2262464,35.0
2262720,31.0
2275232,20.0
2277328,17.0
2279504,32.0
2282816,28.0
2285216,22.0
2286288,24.0
2291136,32.0
2291216,31.0
2292512,40.0
2293616,26.0
2294096,26.0
2302576,29.0
2302656,27.0
2306896,31.0
2307600,25.0
2308304,24.0
2312416,17.0
2313952,28.0
2315600,30.0
2315648,16.0
2316992,33.0
2317344,28.0
2321120,41.0
2322128,21.0
2323632,23.0
2326208,29.0
2326400,28.0
2330240,32.0
2332144,40.0
2332576,27.0
2332848,28.0
2339456,31.0
2341280,19.0
2345664,25.0
2346176,25.0
2351088,30.0
2351456,23.0
2359712,31.0
2360224,30.0
2361472,38.0
2362800,32.0
2365072,28.0
2365376,21.0
2372432,18.0
2374624,28.0
2376544,27.0
2380304,27.0
2383344,27.0
2384944,27.0
2386400,25.0
2386528,29.0
2386960,33.0
2391488,26.0
2404144,34.0
2407168,24.0
2407488,28.0
2408272,32.0
2409600,27.0
2411440,28.0
2411552,32.0
2417552,25.0
2424208,28.0
2431360,32.0
2432448,29.0
2434656,35.0
2437904,35.0
2443280,28.0
2443952,30.0
2444608,22.0
2445312,32.0
2446656,27.0
2447264,24.0
2447376,25.0
2452752,30.0
2457440,34.0
2457488,26.0
2458816,30.0
2461728,30.0
2463168,29.0
2463824,25.0
2464912,29.0
2465344,30.0
2465552,98.0
2466544,24.0
2468688,25.0
2468944,26.0
2471280,76.0
2471856,23.0
2474416,34.0
2485376,25.0
2486800,28.0
2488528,31.0
2488816,32.0
2488944,35.0
2489152,32.0
2489584,32.0
2493360,31.0
2500608,42.0
2505872,35.0
2508272,34.0
2508992,24.0
2513376,37.0
2513568,37.0
2520752,23.0
2521024,30.0
2523184,34.0
2526320,24.0
2527552,19.0
2531760,28.0
2532656,26.0
2533104,32.0
2533808,18.0
2536032,30.0
2536288,24.0
2538288,29.0
2538496,24.0
2541648,20.0
2545104,35.0
2552000,30.0
2552064,31.0
2553232,30.0
2557248,21.0
2565088,32.0
2567632,21.0
2567728,29.0
2571488,24.0
2572240,27.0
2572288,31.0
2574096,24.0
2580704,24.0
2580704,39.0
2583728,31.0
2586016,29.0
2586080,27.0
2586784,29.0
2591056,40.0
2593936,29.0
2594176,30.0
2595600,20.0
2598064,37.0
2598112,27.0
2598912,26.0
2600016,27.0
2600048,28.0
2600768,30.0
2602368,27.0
2612336,38.0
2612416,34.0
2613760,35.0
2616256,26.0
2617792,25.0
2618352,25.0
2622656,29.0
2623536,28.0
2624512,18.0
2627456,25.0
2629328,30.0
2631440,32.0
2631888,56.0
2639472,28.0
2642288,26.0
2645792,28.0
2646784,27.0
2651200,25.0
2653552,25.0
2656032,22.0
2657600,28.0
2667184,31.0
2667312,30.0
2673760,26.0
2678176,18.0
2680416,25.0
2680640,20.0
2681152,26.0
2685328,27.0
2686480,25.0
2688448,20.0
2688688,32.0
2688976,32.0
2690688,34.0
2694288,41.0
2695680,26.0
2695696,27.0
2696800,28.0
2700224,33.0
2700320,25.0
2701968,32.0
2702480,31.0
2704816,22.0
2705968,27.0
2706032,26.0
2706448,35.0
2710368,22.0
2716208,27.0
2719168,18.0
2729024,24.0
2730560,25.0
2734016,21.0
2735728,30.0
2736272,32.0
2736800,32.0
2740096,28.0
2744512,40.0
2745376,31.0
2746192,42.0
2747888,27.0
2751536,23.0
2751856,29.0
2753232,22.0
2757632,24.0
2757984,29.0
2758384,24.0
2758752,28.0
2761856,32.0
2764320,30.0
2769600,28.0
2770432,40.0
2772384,29.0
2774160,27.0
2774240,26.0
2775552,25.0
2779072,33.0
2781680,22.0
2782992,24.0
2786752,22.0
2788112,22.0
2788224,31.0
2788592,31.0
2788736,26.0
2796096,24.0
2797232,26.0
2798448,25.0
2800928,39.0
2801216,18.0
2804960,39.0
2806144,37.0
2806240,21.0
2806272,24.0
2809456,29.0
2813424,26.0
2814736,30.0
2817872,29.0
2819312,19.0
2820112,23.0
2821280,35.0
2821840,28.0
2827040,26.0
2827328,30.0
2828320,27.0
2828336,36.0
2829760,30.0
2829824,24.0
2831376,29.0
2832400,25.0
2834592,36.0
2837456,37.0
2839072,29.0
2840064,25.0
2842224,36.0
2845232,33.0
2846704,33.0
2847088,30.0
2848496,31.0
2851184,28.0
2852512,25.0
2852640,40.0
2853968,29.0
2856640,22.0
2857248,26.0
2862256,32.0
2866736,24.0
2867456,33.0
2868480,23.0
2869184,59.0
2870016,21.0
2871952,34.0
2884224,27.0
2884336,32.0
2884352,27.0
2885760,41.0
2888000,34.0
2890320,39.0
2893856,29.0
2896256,33.0
2896336,27.0
2897248,43.0
2897712,17.0
2899072,27.0
2900400,22.0
2900560,35.0
2900720,24.0
2902288,28.0
2903504,35.0
2909744,28.0
2912928,34.0
2915360,25.0
2916896,18.0
2917504,35.0
2918080,30.0
2918736,30.0
2920560,30.0
2921216,28.0
2921968,28.0
2922144,25.0
2923056,27.0
2924800,32.0
2925536,31.0
2926000,33.0
2927264,22.0
2927424,40.0
2928384,38.0
2930544,33.0
2930752,31.0
2933776,30.0
2935760,21.0
2938960,30.0
2940416,28.0
2942672,26.0
2943504,25.0
2948368,19.0
2951776,28.0
2951984,25.0
2954320,19.0
2955744,26.0
2955744,34.0
2956672,33.0
2957536,29.0
2958272,29.0
2958736,27.0
2958752,35.0
2959488,25.0
2960944,32.0
2964272,25.0
2964416,33.0
2967296,24.0
2973744,18.0
2975072,26.0
2977840,31.0
2980304,18.0
2981216,19.0
2981536,29.0
2982240,22.0
2982352,21.0
2982576,28.0
3003472,29.0
3007808,84.0
3010272,24.0
3011408,36.0
3011712,25.0
3015968,25.0
3016032,22.0
3018112,32.0
3020640,35.0
3023568,25.0
3027600,25.0
3028032,23.0
3028384,33.0
3031872,24.0
3032656,26.0
3032704,33.0
3034400,29.0
3035744,17.0
3039424,35.0
3040176,29.0
3041136,37.0
3043648,34.0
3047952,20.0
3054736,30.0
3055856,30.0
3058352,28.0
3065296,34.0
3067312,28.0
3077136,31.0
3079408,32.0
3080000,34.0
3081840,33.0
3086752,33.0
3087264,25.0
3089008,35.0
3089424,25.0
3092256,28.0
3092896,25.0
3095648,33.0
3097168,45.0
3098576,24.0
3101216,33.0
3102016,27.0
3104640,30.0
3107616,18.0
3108336,30.0
3109072,26.0
3111664,36.0
3112640,35.0
3113008,33.0
3114048,21.0
3115472,35.0
3116928,36.0
3118064,24.0
3123088,33.0
3128112,33.0
3129840,28.0
3133648,33.0
3134224,35.0
3136816,23.0
3138288,30.0
3146320,33.0
3147040,29.0
3147584,18.0
3148352,28.0
3148528,28.0
3151744,25.0
3152048,50.0
3153232,24.0
3155440,22.0
3161712,22.0
3162784,30.0
3165664,36.0
3166032,30.0
3169184,17.0
3173328,23.0
3181152,28.0
3182352,25.0
3186688,22.0
3187840,27.0
3189504,31.0
3190672,23.0
3191600,27.0
3200016,33.0
3200496,28.0
3201472,28.0
3202784,24.0
3203120,27.0
3204800,31.0
3208144,36.0
3215760,29.0
3217184,36.0
3220288,30.0
3223280,29.0
3224640,29.0
3227520,34.0
3232352,21.0
3233216,27.0
3234512,36.0
3237488,22.0
3241184,45.0
3244800,32.0
3245424,27.0
3246016,29.0
3246544,29.0
3247072,32.0
3248448,32.0
3251904,65.0
3252720,37.0
3258464,34.0
3261520,21.0
3262688,28.0
3266416,32.0
3270064,31.0
3270480,28.0
3278880,27.0
3283488,30.0
3283648,26.0
3287984,46.0
3291616,24.0
3292624,23.0
3299712,34.0
3305408,18.0
3305920,31.0
3308784,44.0
3311136,30.0
3312144,43.0
3312384,28.0
3312768,27.0
3313120,22.0
3315120,43.0
3315552,19.0
3315664,34.0
3317232,28.0
3321088,24.0
3325616,22.0
3330816,27.0
3335488,28.0
3337168,32.0
3337424,41.0
3338240,33.0
3339568,33.0
3340528,35.0
3341296,23.0
3345520,34.0
3346176,25.0
3348208,25.0
3352816,26.0
3357728,29.0
3366784,33.0
3367264,29.0
3368576,32.0
3368992,33.0
3369232,42.0
3369584,33.0
3371296,22.0
3372832,33.0
3373024,25.0
3374448,33.0
3375152,35.0
3376832,24.0
3377824,33.0
3379088,28.0
3379760,36.0
3379968,25.0
3386208,27.0
3387072,28.0
3387856,34.0
3388688,27.0
3390672,27.0
3391280,39.0
3396880,31.0
3398112,36.0
3400576,31.0
3412096,28.0
3412288,31.0
3414240,25.0
3414640,25.0
3415152,36.0
3421376,32.0
3421616,26.0
3424288,26.0
3425664,33.0
3430784,29.0
3431072,31.0
3434144,38.0
3434304,29.0
3434832,42.0
3435936,30.0
3436704,17.0
3437248,30.0
3439056,26.0
3445296,35.0
3453632,39.0
3460016,30.0
3460096,38.0
3460432,34.0
3462784,27.0
3463152,41.0
3464016,27.0
3465168,63.0
3467760,20.0
3471104,22.0
3473568,26.0
3473632,49.0
3475184,34.0
3476624,29.0
3483040,36.0
3486448,27.0
3492592,33.0
3495360,42.0
3500256,18.0
3502944,18.0
3506512,28.0
3510224,30.0
3515680,28.0
3516176,30.0
3517408,50.0
3525728,29.0
3528736,34.0
3529440,36.0
3534624,33.0
3534736,34.0
3534864,34.0
3536032,25.0
3538240,37.0
3539456,24.0
3539744,40.0
3541568,28.0
3549824,23.0
3549840,30.0
3550256,35.0
3551872,33.0
3553568,55.0
3553728,21.0
3554304,33.0
3554512,23.0
3556112,30.0
3558272,25.0
3562976,32.0
3565696,28.0
3567008,24.0
3575072,33.0
3585152,28.0
3585792,25.0
3585920,25.0
3590784,29.0
3594944,28.0
3595312,26.0
3596480,42.0
3596640,29.0
3599264,35.0
3599392,30.0
3599712,21.0
3602400,23.0
3603328,33.0
3604800,37.0
3605424,28.0
3610784,23.0
3611536,25.0
3613088,38.0
3614208,29.0
3616240,18.0
3619440,28.0
3621552,32.0
3621568,27.0
3622832,34.0
3627136,24.0
3628928,26.0
3635424,35.0
3636128,24.0
3636768,26.0
3637616,28.0
3638304,30.0
3639648,27.0
3642912,29.0
3646480,31.0
3648448,32.0
3651360,26.0
3652368,31.0
3652576,26.0
3653664,25.0
3659360,31.0
3659872,26.0
3663744,18.0
3664848,17.0
3665424,28.0
3665456,30.0
3665984,29.0
3670368,30.0
3671936,29.0
3675680,23.0
3676048,26.0
3678304,21.0
3679984,27.0
3680304,36.0
3680352,22.0
3685168,33.0
3685328,22.0
3686944,43.0
3687712,28.0
3687904,24.0
3689264,32.0
3694192,27.0
3694800,27.0
3697440,33.0
3699008,33.0
3701072,22.0
3702160,23.0
3706928,23.0
3718880,32.0
3719968,28.0
3720992,34.0
3730368,29.0
3736384,31.0
3736496,19.0
3737360,28.0
3739408,24.0
3740480,26.0
3741248,31.0
3744000,23.0
3745552,46.0
3748800,33.0
3749056,27.0
3749168,25.0
3751664,26.0
3754320,22.0
3756880,33.0
3759936,40.0
3762848,25.0
3764384,26.0
3767472,29.0
3768640,21.0
3771344,29.0
3774832,42.0
3775264,26.0
3775296,32.0
3776032,25.0
3776480,25.0
3778240,33.0
3778464,28.0
3779536,43.0
3783824,33.0
3784752,24.0
3786736,30.0
3787024,21.0
3791136,25.0
3796592,37.0
3797584,25.0
3803360,24.0
3807760,34.0
3822704,20.0
3824704,32.0
3824848,30.0
3825344,25.0
3827600,41.0
3833392,23.0
3833424,35.0
3843696,30.0
3844624,29.0
3844896,29.0
3845792,32.0
3850640,22.0
3850848,28.0
3856704,28.0
3859088,36.0
3860272,26.0
3860496,23.0
3861808,30.0
3861808,25.0
3862560,19.0
3866848,28.0
3874592,30.0
3875280,27.0
3875360,29.0
3875712,28.0
3876672,26.0
3878208,19.0
3879408,35.0
3884176,26.0
3884320,41.0
3884368,45.0
3890288,23.0
3890432,23.0
3890592,24.0
3893216,24.0
3897968,23.0
3899072,34.0
3899808,24.0
3904768,30.0
3909248,35.0
3914928,34.0
3915888,40.0
3922464,27.0
3927232,18.0
3931456,35.0
3931488,34.0
3932144,16.0
3942432,28.0
3944192,37.0
3945296,32.0
3952032,43.0
3953728,31.0
3956016,26.0
3956096,27.0
3958320,30.0
3961440,41.0
3967136,27.0
3969664,33.0
3970128,25.0
3973776,52.0
3975440,31.0
3976304,29.0
3980816,34.0
3981648,19.0
3982512,32.0
3986704,32.0
3988656,32.0
3988720,29.0
3989120,25.0
3994624,25.0
3999200,23.0
3999696,31.0
3999712,31.0
4004368,23.0
4004480,29.0
4007344,33.0
4010432,31.0
4012416,40.0
4013888,35.0
4013968,29.0
4014944,34.0
4017184,38.0
4019296,26.0
4019904,31.0
4022832,30.0
4026176,35.0
4026816,35.0
4028400,47.0
4032784,26.0
4034000,22.0
4039680,39.0
4039808,27.0
4044448,22.0
4044496,26.0
4045488,35.0
4046080,39.0
4046080,28.0
4048064,24.0
4048112,27.0
4050816,28.0
4056720,36.0
4057008,30.0
4068800,22.0
4074240,23.0
4075952,25.0
4078096,24.0
4078656,25.0
4079568,38.0
4080592,39.0
4087008,31.0
4095520,50.0
4095664,45.0
4095952,26.0
4106448,45.0
4108528,26.0
4110176,26.0
4111088,56.0
4111520,39.0
4113856,27.0
4118592,24.0
4119024,33.0
4122640,38.0
4125168,36.0
4126080,41.0
4129312,37.0
4130192,28.0
4134480,33.0
4143248,40.0
4144208,34.0
4145904,32.0
4147024,35.0
4147056,34.0
4151232,23.0
4152032,41.0
4153712,40.0
4154624,20.0
4159904,18.0
4160736,36.0
4161824,26.0
4162432,37.0
4167168,33.0
4168208,23.0
4172000,27.0
4175104,30.0
4175184,30.0
4180416,32.0
4185360,32.0
4187264,26.0
4192736,37.0
4200032,38.0
4202304,30.0
4204432,26.0
4205744,41.0
4205856,26.0
4207200,27.0
4208608,51.0
4210752,36.0
4212560,21.0
4213488,19.0
4220176,31.0
4225472,28.0
4226864,29.0
4230480,41.0
4231008,30.0
4234672,36.0
4237536,24.0
4239408,26.0
4242064,33.0
4242576,42.0
4243072,34.0
4243712,40.0
4244864,37.0
4246192,20.0
4249632,45.0
4255440,35.0
4258592,26.0
4258928,16.0
4258960,24.0
4259328,27.0
4259760,32.0
4263680,32.0
4268464,28.0
4269968,36.0
4272000,37.0
4273488,31.0
4274080,36.0
4274768,25.0
4276576,39.0
4281632,34.0
4284064,49.0
4290656,33.0
4290880,25.0
4291744,34.0
4292192,24.0
4294560,47.0
4299232,34.0
4302736,30.0
4302768,28.0
4303344,41.0
4305904,29.0
4306864,40.0
4308480,32.0
4309408,42.0
4312960,39.0
4313920,26.0
4323824,29.0
4325264,26.0
4331040,41.0
4334160,54.0
4339200,37.0
4340416,37.0
4340544,31.0
4351472,23.0
4352304,35.0
4355216,36.0
4358736,29.0
4361872,26.0
4363232,30.0
4363680,25.0
4364896,38.0
4365200,28.0
4366704,36.0
4368144,33.0
4371472,25.0
4380128,31.0
4383856,37.0
4387472,33.0
4388368,33.0
4388912,23.0
4390480,30.0
4396352,32.0
4400368,24.0
4402784,31.0
4405280,36.0
4405568,25.0
4412224,34.0
4416608,20.0
4417392,28.0
4418368,29.0
4420160,38.0
4420944,22.0
4425104,26.0
4425440,23.0
4427344,42.0
4428928,31.0
4429360,25.0
4429552,37.0
4430304,54.0
4431216,25.0
4435552,27.0
4437776,20.0
4440160,36.0
4440880,38.0
4447008,34.0
4448288,24.0
4453440,30.0
4454464,40.0
4459808,32.0
4462368,36.0
4462976,31.0
4463072,27.0
4471248,33.0
4477792,41.0
4488352,27.0
4489328,27.0
4490112,26.0
4493616,28.0
4497744,31.0
4499248,36.0
4500112,33.0
4507136,24.0
4507264,35.0
4508464,33.0
4511792,37.0
4512064,43.0
4512848,37.0
4513776,39.0
4519184,34.0
4522688,42.0
4526432,39.0
4526880,27.0
4528128,27.0
4532304,24.0
4533968,26.0
4539536,25.0
4542752,23.0
4546480,20.0
4546944,28.0
4549024,30.0
4555424,24.0
4559248,32.0
4566240,22.0
4566864,18.0
4570416,23.0
4571008,38.0
4571376,28.0
4575920,25.0
4579744,36.0
4580608,18.0
4582432,32.0
4582512,36.0
4585248,24.0
4585744,30.0
4586608,31.0
4592608,23.0
4597328,29.0
4598816,31.0
4601344,32.0
4607552,33.0
4608640,38.0
4610784,32.0
4622608,29.0
4624720,57.0
4625616,33.0
4630352,33.0
4631488,29.0
4641824,42.0
4641968,37.0
4642560,24.0
4644864,42.0
4645792,33.0
4646720,41.0
4646816,21.0
4659712,42.0
4660784,38.0
4662704,32.0
4663584,29.0
4670528,40.0
4673744,34.0
4674032,29.0
4674400,25.0
4674864,27.0
4679456,34.0
4682336,43.0
4682576,36.0
4683008,25.0
4685856,34.0
4687264,40.0
4690096,35.0
4690912,32.0
4690960,27.0
4692368,44.0
4696304,29.0
4696576,34.0
4697712,36.0
4699376,31.0
4700080,35.0
4702048,23.0
4705728,29.0
4707024,23.0
4712272,30.0
4714368,32.0
4714992,38.0
4715568,53.0
4716080,33.0
4716496,21.0
4716896,38.0
4719296,37.0
4720048,32.0
4722016,27.0
4723056,26.0
4723264,26.0
4724448,28.0
4729904,26.0
4732240,33.0
4734752,36.0
4738352,24.0
4738464,49.0
4738848,29.0
4739728,30.0
4739776,41.0
4743520,29.0
4745744,35.0
4746448,23.0
4747104,32.0
4752400,34.0
4753664,40.0
4757056,31.0
4757648,41.0
4760816,34.0
4761776,27.0
4762896,38.0
4764032,35.0
4764080,33.0
4768096,32.0
4769008,28.0
4769232,26.0
4775424,23.0
4776000,36.0
4777616,22.0
4781904,34.0
4784416,30.0
4784768,26.0
4786416,39.0
4789056,33.0
4795056,33.0
4796064,25.0
4797456,36.0
4797952,34.0
4804048,36.0
4809776,35.0
4812048,27.0
4813520,31.0
4815152,36.0
4817872,34.0
4820560,33.0
4825344,24.0
4825680,36.0
4826192,29.0
4826432,24.0
4832208,46.0
4835536,39.0
4839264,35.0
4839936,42.0
4841568,30.0
4842704,42.0
4844112,30.0
4849360,25.0
4850336,28.0
4850800,33.0
4851744,29.0
4856736,20.0
4862608,28.0
4862608,31.0
4863920,20.0
4868448,28.0
4868816,29.0
4870080,24.0
4874128,39.0
4876144,40.0
4876464,33.0
4878688,24.0
4885584,23.0
4885696,42.0
4886976,36.0
4887568,38.0
4894896,27.0
4897904,33.0
4900960,31.0
4901568,32.0
4904304,31.0
4904736,29.0
4906560,28.0
4911312,31.0
4912240,22.0
4913264,31.0
4915504,33.0
4916800,50.0
4918896,28.0
4923056,29.0
4924208,22.0
4925584,33.0
4925984,32.0
4927936,28.0
4930256,31.0
4935152,33.0
4935584,28.0
4936592,29.0
4941584,27.0
4941632,30.0
4943152,39.0
4943200,47.0
4943344,33.0
4943568,31.0
4945232,38.0
4946032,24.0
4949920,22.0
4952608,26.0
4953120,26.0
4957968,42.0
4958400,36.0
4961456,30.0
4962336,28.0
4970080,27.0
4970224,37.0
4973792,34.0
4974384,33.0
4974736,21.0
4987088,32.0
4989056,28.0
4989200,30.0
4994448,29.0
4994656,28.0
4997984,39.0
4999024,20.0
4999568,36.0
5000240,34.0
5003344,31.0
5005168,34.0
5008432,21.0
5009888,28.0
5011712,30.0
5016128,22.0
5019632,26.0
5020640,31.0
5021216,38.0
5024624,29.0
5026912,32.0
5028416,18.0
5032416,40.0
5032672,44.0
5033184,47.0
5036272,24.0
5037408,31.0
5038704,29.0
5044272,29.0
5044736,28.0
5046192,34.0
5048848,35.0
5050048,32.0
5050512,32.0
5050992,29.0
5051296,30.0
5053360,47.0
5055248,35.0
5057792,37.0
5063424,24.0
5065552,56.0
5075312,23.0
5075504,23.0
5075792,28.0
5081680,29.0
5082416,36.0
5086848,30.0
5089712,42.0
5092080,25.0
5092592,37.0
5096912,29.0
5099824,33.0
5101216,33.0
5102928,29.0
5105296,31.0
5105584,50.0
5106016,27.0
5108256,23.0
5110624,39.0
5110992,38.0
5117200,28.0
5122240,30.0
5126384,39.0
5128768,19.0
5132144,47.0
5133376,22.0
5135536,34.0
5137456,27.0
5142288,37.0
5142560,37.0
5148592,34.0
5149072,29.0
5150896,26.0
5151200,37.0
5160400,31.0
5161200,30.0
5162208,29.0
5164752,39.0
5168288,29.0
5172048,30.0
5176560,34.0
5178208,29.0
5178480,16.0
5183408,66.0
5186048,19.0
5192208,26.0
5193472,25.0
5194240,28.0
5198640,27.0
5199056,28.0
5200992,43.0
5204784,52.0
5204896,38.0
5206128,27.0
5206432,33.0
5209216,30.0
5213328,41.0
5214640,32.0
5216432,21.0
5216976,33.0
5221008,42.0
5221440,27.0
5223520,39.0
5223552,33.0
5228256,44.0
5230208,45.0
5231504,31.0
5233856,26.0
5234336,34.0
5236000,63.0
5240352,31.0
5240768,25.0
5242304,55.0
5243792,30.0
5245152,28.0
5249664,26.0
5251856,30.0
5254688,32.0
5254768,27.0
5255584,29.0
5257536,21.0
5258960,23.0
5259776,26.0
5261040,35.0
5262720,51.0
5265008,47.0
5266208,29.0
5268736,28.0
5270448,41.0
5273632,36.0
5273792,28.0
5275856,33.0
5276000,40.0
5278096,33.0
5283680,37.0
5292880,26.0
5293744,46.0
5295040,28.0
5301696,32.0
5302080,22.0
5305440,30.0
5306048,23.0
5308672,24.0
5313232,22.0
5318080,36.0
5319008,27.0
5320160,25.0
5322592,33.0
5322608,19.0
5323744,31.0
5328560,27.0
5332304,26.0
5332672,41.0
5336640,49.0
5338304,27.0
5340064,36.0
5344976,28.0
5346528,39.0
5355152,24.0
5358640,31.0
5359296,34.0
5360528,35.0
5360608,25.0
5361712,37.0
5369232,61.0
5369552,24.0
5373264,20.0
5376832,36.0
5380928,23.0
5387536,42.0
5389920,35.0
5394128,27.0
5400672,30.0
5406368,26.0
5408336,27.0
5408912,36.0
5419984,22.0
5422528,25.0
5423728,24.0
5426160,36.0
5429952,29.0
5430032,33.0
5430816,31.0
5433792,36.0
5438320,28.0
5445952,48.0
5449504,30.0
5449856,32.0
5451488,31.0
5453952,39.0
5454304,57.0
5458736,25.0
5466224,30.0
5467008,44.0
5468640,29.0
5473648,40.0
5474960,32.0
5475072,35.0
5478256,25.0
5479328,25.0
5481424,32.0
5482000,38.0
5482832,28.0
5484816,33.0
5485808,36.0
5494272,39.0
5494944,25.0
5494960,29.0
5504992,35.0
5510992,31.0
5511360,35.0
5516416,27.0
5518272,34.0
5519616,32.0
5520720,35.0
5522336,38.0
5523072,24.0
5523872,23.0
5525824,24.0
5526368,24.0
5530256,22.0
5533072,28.0
5541856,30.0
5545152,37.0
5547104,29.0
5548160,40.0
5552928,33.0
5555152,31.0
5558720,33.0
5559200,26.0
5561520,21.0
5562800,21.0
5567808,25.0
5571168,26.0
5578048,31.0
5578112,50.0
5578368,37.0
5581968,26.0
5583824,29.0
5587248,33.0
5589584,47.0
5598672,36.0
5599184,37.0
5599744,32.0
5601616,32.0
5605200,17.0
5611552,34.0
5615840,28.0
5617600,24.0
5621888,38.0
5621968,28.0
5623408,49.0
5629936,40.0
5630224,41.0
5631600,39.0
5636400,31.0
5640928,25.0
5643840,49.0
5644560,32.0
5644608,31.0
5646016,29.0
5647296,23.0
5647776,23.0
5647904,37.0
5652592,29.0
5653264,39.0
5653792,38.0
5658256,41.0
5659120,40.0
5661728,27.0
5664128,39.0
5668176,39.0
5670288,39.0
5672480,31.0
5678720,48.0
5682112,28.0
5683056,45.0
5685008,30.0
5689952,28.0
5692800,35.0
5693760,35.0
5695376,41.0
5696352,39.0
5697664,34.0
5698720,29.0
5704864,25.0
5705840,29.0
5706096,33.0
5716624,31.0
5716912,36.0
5719040,39.0
5720112,19.0
5723104,20.0
5724368,39.0
5726352,30.0
5727328,38.0
5729392,41.0
5732144,36.0
5733504,30.0
5736128,33.0
5737072,32.0
5739584,65.0
5741200,43.0
5748608,30.0
5751472,26.0
5752512,36.0
5754480,35.0
5756080,43.0
5756736,25.0
5763984,38.0
5765232,30.0
5772448,23.0
5782032,31.0
5784144,33.0
5789312,29.0
5791920,31.0
5792656,37.0
5793952,36.0
5796416,32.0
5797936,31.0
5798848,20.0
5799056,19.0
5802640,30.0
5804784,28.0
5809888,40.0
5811280,35.0
5813536,31.0
5817056,41.0
5817360,35.0
5819344,26.0
5820224,25.0
5820784,30.0
5822704,31.0
5822800,27.0
5823344,33.0
5823392,43.0
5823744,66.0
5823808,34.0
5824272,40.0
5824608,37.0
5826832,30.0
5828112,49.0
5832400,35.0
5835840,32.0
5836272,38.0
5837552,28.0
5840464,37.0
5843712,26.0
5844528,22.0
5844576,31.0
5846128,41.0
5848000,34.0
5850784,38.0
5853024,47.0
5855264,38.0
5860592,39.0
5862464,26.0
5862944,28.0
5865808,25.0
5867408,26.0
5868400,30.0
5868432,46.0
5868800,24.0
5869600,36.0
5871088,25.0
5873072,25.0
5876416,27.0
5877552,33.0
5878496,18.0
5878896,32.0
5879616,40.0
5880240,33.0
5885696,42.0
5889360,40.0
5891664,37.0
5897824,34.0
5903920,47.0
5907392,22.0
5911472,39.0
5912304,43.0
5913312,34.0
5914080,29.0
5914912,34.0
5917328,31.0
5918880,26.0
5924272,29.0
5925408,30.0
5927968,35.0
5934096,31.0
5939424,40.0
5939616,26.0
5940864,26.0
5943168,45.0
5950448,21.0
5956144,54.0
5956240,31.0
5958624,37.0
5964416,31.0
5964784,30.0
5965424,35.0
5965840,47.0
5966176,28.0
5977264,50.0
5983856,37.0
5987792,76.0
5990016,27.0
5990560,31.0
5993904,24.0
5997088,49.0
6006912,25.0
6007184,33.0
6010864,34.0
6015120,37.0
6017312,29.0
6021568,29.0
6024032,28.0
6024320,27.0
6041184,24.0
6045088,33.0
6045456,30.0
6046240,25.0
6048544,35.0
6050928,33.0
6052192,38.0
6053744,26.0
6054336,43.0
6064000,32.0
6067024,35.0
6072096,26.0
6076144,37.0
6081488,81.0
6081536,32.0
6086416,29.0
6089232,36.0
6090352,26.0
6090736,47.0
6092496,39.0
6102080,45.0
6103520,35.0
6108112,32.0
6109120,27.0
6113760,39.0
6114016,27.0
6117904,24.0
6118848,34.0
6120688,31.0
6121504,30.0
6121664,32.0
6121728,32.0
6123440,40.0
6126736,29.0
6127552,44.0
6130704,43.0
6132528,34.0
6134352,28.0
6143216,32.0
6143584,26.0
6143664,35.0
6145840,43.0
6148880,26.0
6150688,20.0
6155408,30.0
6155712,36.0
6158800,42.0
6161792,31.0
6161984,24.0
6164192,30.0
6164352,29.0
6164896,40.0
6166080,40.0
6168688,30.0
6170304,30.0
6171920,46.0
6172128,30.0
6173952,28.0
6177472,39.0
6183392,40.0
6184256,21.0
6185632,29.0
6187408,43.0
6189600,33.0
6192880,44.0
6193520,43.0
6198944,32.0
6208624,32.0
6209824,36.0
6209984,52.0
6210128,32.0
6212144,28.0
6212960,32.0
6214480,36.0
6217888,43.0
6219408,62.0
6224336,38.0
6227392,20.0
6229232,45.0
6233216,30.0
6238480,47.0
6240576,33.0
6240896,41.0
6241472,37.0
6244384,34.0
6246448,28.0
6248432,21.0
6252560,36.0
6253776,28.0
6255936,27.0
6258240,21.0
6259728,45.0
6260704,29.0
6263200,41.0
6269120,42.0
6269248,48.0
6269792,25.0
6269872,39.0
6275072,33.0
6276192,40.0
6276528,29.0
6277280,33.0
6281696,33.0
6282272,44.0
6282752,22.0
6293952,29.0
6297360,35.0
6297872,31.0
6300496,34.0
6301424,57.0
6302464,30.0
6303040,32.0
6304400,69.0
6306240,29.0
6307168,40.0
6309760,48.0
6310208,30.0
6312128,29.0
6313856,32.0
6318480,51.0
6318800,24.0
6324672,42.0
6330000,38.0
6331152,35.0
6331824,41.0
6333712,33.0
6350192,24.0
6351232,50.0
6351888,39.0
6353984,45.0
6354816,55.0
6355392,55.0
6363888,30.0
6364144,42.0
6366144,25.0
6375184,24.0
6375712,32.0
6376608,38.0
6383504,40.0
6384768,27.0
6390064,33.0
6397712,29.0
6399408,43.0
6399488,30.0
6399808,44.0
6401088,34.0
6402672,39.0
6404400,37.0
6404560,37.0
6405568,52.0
6406208,28.0
6407152,51.0
6410464,33.0
6412320,40.0
6416416,36.0
6417840,25.0
6421776,41.0
6423008,28.0
6425232,39.0
6431312,29.0
6431616,36.0
6432528,29.0
6434496,40.0
6434624,42.0
6434832,32.0
6435104,32.0
6435344,29.0
6435552,31.0
6438336,43.0
6438368,31.0
6441360,47.0
6449136,37.0
6452944,38.0
6455264,45.0
6457360,28.0
6462976,37.0
6464640,31.0
6465984,28.0
6466576,29.0
6467312,32.0
6467728,39.0
6472416,39.0
6487376,28.0
6488048,34.0
6489872,53.0
6492384,35.0
6492560,30.0
6494592,49.0
6497984,41.0
6502576,37.0
6507440,39.0
6508960,44.0
6522160,29.0
6526080,43.0
6526192,30.0
6527200,27.0
6528784,40.0
6529216,35.0
6529552,33.0
6529856,39.0
6532080,32.0
6535424,51.0
6535520,48.0
6540496,30.0
6546736,35.0
6549264,35.0
6554048,31.0
6556752,31.0
6563296,47.0
6568640,40.0
6574064,19.0
6574208,32.0
6575328,45.0
6575984,40.0
6585008,40.0
6586224,43.0
6588928,50.0
6589152,41.0
6595600,45.0
6597152,48.0
6600016,26.0
6604176,43.0
6607152,38.0
6607712,34.0
6607792,39.0
6614032,39.0
6614688,30.0
6617072,57.0
6619360,40.0
6619840,43.0
6620416,35.0
6620640,56.0
6624048,36.0
6624608,37.0
6627536,55.0
6628288,36.0
6634544,34.0
6638976,38.0
6647520,43.0
6651376,56.0
6651632,37.0
6653632,53.0
6656592,26.0
6659584,55.0
6659840,29.0
6662672,33.0
6666064,43.0
6669904,37.0
6671152,36.0
6671376,49.0
6676064,36.0
6680320,21.0
6681712,42.0
6684016,48.0
6688448,42.0
6702224,31.0
6703280,36.0
6704016,36.0
6704656,33.0
6705920,47.0
6710416,33.0
6710448,34.0
6715920,38.0
6724496,28.0
6725264,31.0
6728912,37.0
6729648,45.0
6732576,32.0
6735168,46.0
6735360,38.0
6738000,43.0
6738384,36.0
6739552,39.0
6743072,41.0
6744912,35.0
6749568,23.0
6759936,46.0
6773088,38.0
6776400,38.0
6776464,40.0
6784832,24.0
6787696,35.0
6792048,32.0
6803152,44.0
6805680,44.0
6811696,42.0
6817168,22.0
6820544,30.0
6821024,33.0
6826128,41.0
6831440,32.0
6831536,31.0
6832592,40.0
6838512,30.0
6839056,42.0
6839744,27.0
6841264,39.0
6843520,29.0
6845456,37.0
6845728,42.0
6846656,45.0
6847152,44.0
6847872,31.0
6851456,29.0
6853536,39.0
6860752,28.0
6865616,29.0
6866032,33.0
6870208,28.0
6873312,77.0
6874128,32.0
6877984,30.0
6887696,23.0
6888352,42.0
6889648,42.0
6894080,44.0
6902400,59.0
6904912,31.0
6905504,48.0
6907296,29.0
6907936,36.0
6908240,48.0
6909328,36.0
6910512,37.0
6912944,41.0
6914096,29.0
6915952,32.0
6917232,55.0
6917584,24.0
6920928,28.0
6922784,32.0
6924400,38.0
6925248,53.0
6927616,35.0
6928464,48.0
6933008,29.0
6937072,32.0
6937552,29.0
6941136,29.0
6941600,40.0
6943856,47.0
6944064,48.0
6947280,25.0
6950736,50.0
6953328,48.0
6957536,37.0
6957568,33.0
6957888,35.0
6960928,39.0
6961744,31.0
6980832,47.0
6982560,54.0
6986688,22.0
6986848,50.0
6991872,54.0
6994816,47.0
7001184,39.0
7008832,43.0
7016992,53.0
7027568,44.0
7030944,48.0
7031376,44.0
7033584,34.0
7033984,47.0
7046832,54.0
7051440,36.0
7052016,35.0
7052560,50.0
7056784,43.0
7061296,34.0
7061664,44.0
7064992,42.0
7065568,29.0
7070768,24.0
7074320,40.0
7082016,43.0
7084896,46.0
7086432,35.0
7089488,38.0
7091696,39.0
7092352,31.0
7095152,35.0
7098048,39.0
7103552,42.0
7104320,42.0
7104352,35.0
7106608,39.0
7108304,34.0
7108864,57.0
7109152,30.0
7112192,47.0
7113616,34.0
7116736,51.0
7122528,36.0
7126016,37.0
7128288,47.0
7128432,27.0
7130240,40.0
7133984,37.0
7134832,50.0
7135488,30.0
7137856,49.0
7140112,47.0
7140608,26.0
7142208,44.0
7144880,28.0
7145680,42.0
7152384,28.0
7154896,41.0
7155440,27.0
7157440,29.0
7158160,29.0
7160864,43.0
7166208,43.0
7168720,39.0
7171232,35.0
7173504,41.0
7176032,51.0
7183648,42.0
7187648,41.0
7188272,21.0
7189344,31.0
7197280,27.0
7198384,49.0
7199328,39.0
7200640,46.0
7201408,28.0
7213936,35.0
7214048,33.0
7215792,26.0
7216224,35.0
7217776,41.0
7225568,42.0
7232096,40.0
7233056,25.0
7237488,40.0
7247200,38.0
7251552,45.0
7253520,51.0
7255568,31.0
7257712,39.0
7260720,39.0
7260880,26.0
7264064,49.0
7264112,46.0
7265936,27.0
7266848,29.0
7269936,41.0
7272816,52.0
7273440,38.0
7282464,45.0
7283088,50.0
7285904,49.0
7293424,36.0
7294336,59.0
7299008,45.0
7303968,41.0
7317632,46.0
7323424,37.0
7333088,27.0
7337120,43.0
7337920,39.0
7339056,30.0
7341120,25.0
7342688,35.0
7343648,27.0
7354192,39.0
7354480,28.0
7355104,28.0
7362624,28.0
7364576,23.0
7371168,36.0
7372528,34.0
7374880,51.0
7375424,49.0
7376544,33.0
7378688,38.0
7383232,44.0
7386384,32.0
7387408,29.0
7388384,30.0
7390048,49.0
7390064,36.0
7400160,30.0
7401392,41.0
7404832,37.0
7405408,35.0
7407968,72.0
7408880,56.0
7410608,26.0
7413280,34.0
7417264,53.0
7417696,26.0
7419920,47.0
7423296,35.0
7426432,80.0
7429456,43.0
7431216,44.0
7432032,36.0
7434592,50.0
7436832,26.0
7440496,42.0
7441216,32.0
7442720,40.0
7443824,23.0
7445296,42.0
7448112,43.0
7451392,40.0
7453072,44.0
7453456,43.0
7455088,34.0
7456864,52.0
7459600,28.0
7459936,35.0
7464976,54.0
7472496,51.0
7473200,23.0
7473952,38.0
7475040,50.0
7477344,51.0
7484768,37.0
7489520,47.0
7494400,42.0
7494688,45.0
7498992,42.0
7506592,36.0
7508240,22.0
7508976,48.0
7509552,51.0
7509936,40.0
7511136,40.0
7511552,38.0
7516240,36.0
7518416,55.0
7520864,41.0
7523856,39.0
7523952,40.0
7528736,29.0
7532400,38.0
7536080,39.0
7549120,33.0
7549520,33.0
7552960,19.0
7557360,32.0
7561248,31.0
7561456,47.0
7567840,40.0
7570160,46.0
7572080,39.0
7575488,49.0
7577552,28.0
7579040,43.0
7583376,40.0
7584352,28.0
7590064,33.0
7591760,40.0
7596288,40.0
7597408,41.0
7598240,44.0
7599728,38.0
7601584,52.0
7603376,28.0
7605488,40.0
7609808,40.0
7613072,49.0
7614608,43.0
7621792,38.0
7621904,39.0
7626352,47.0
7627024,41.0
7630752,34.0
7631856,47.0
7637792,42.0
7640720,45.0
7641120,39.0
7642864,50.0
7644160,32.0
7645216,35.0
7645808,44.0
7651120,32.0
7655136,41.0
7655440,24.0
7657744,29.0
7665520,43.0
7669488,40.0
7669824,45.0
7670128,39.0
7673008,39.0
7677872,34.0
7686624,41.0
7687296,41.0
7689360,29.0
7689984,40.0
7691776,30.0
7692512,34.0
7695296,40.0
7695968,41.0
7696096,32.0
7700576,32.0
7706016,33.0
7710208,47.0
7715600,48.0
7719072,37.0
7719408,32.0
7721776,31.0
7722016,25.0
7722160,56.0
7724592,36.0
7727952,31.0
7730400,39.0
7732400,48.0
7732640,30.0
7733696,34.0
7735600,47.0
7738160,36.0
7746464,38.0
7754720,44.0
7768960,58.0
7777648,46.0
7778112,42.0
7781712,37.0
7783344,45.0
7787888,42.0
7788336,56.0
7788640,25.0
7788976,25.0
7789680,21.0
7796896,42.0
7797072,58.0
7802112,41.0
7806000,32.0
7807776,43.0
7809248,29.0
7810448,33.0
7811296,41.0
7813824,51.0
7815264,35.0
7815344,47.0
7816560,39.0
7816608,49.0
7817952,31.0
7826272,35.0
7828080,49.0
7832864,65.0
7833392,68.0
7836624,30.0
7837600,39.0
7838240,31.0
7839040,49.0
7843648,48.0
7848688,51.0
7850848,45.0
7860992,56.0
7862000,40.0
7864304,48.0
7867616,33.0
7869632,45.0
7871440,56.0
7875328,33.0
7877808,39.0
7880912,39.0
7883808,26.0
7894128,55.0
7894624,54.0
7896784,50.0
7903856,26.0
7906912,58.0
7908160,52.0
7915280,43.0
7916128,34.0
7916320,42.0
7918752,32.0
7925440,50.0
7937184,38.0
7938928,46.0
7940480,39.0
7942880,42.0
7953376,32.0
7955120,31.0
7955808,39.0
7960976,37.0
7966704,52.0
7969408,45.0
7970400,40.0
7973664,40.0
7974704,29.0
7979248,41.0
7979520,67.0
7984288,23.0
7985936,42.0
7987952,45.0
7993328,35.0
7996592,31.0
8001104,75.0
8003120,46.0
8007824,38.0
8014832,52.0
8015984,55.0
8024336,59.0
8024800,40.0
8032016,53.0
8034144,39.0
8036160,30.0
8038752,35.0
8040336,37.0
8045952,43.0
8051232,51.0
8052384,40.0
8054128,37.0
8056528,49.0
8057152,38.0
8058320,44.0
8061504,48.0
8061840,40.0
8061984,48.0
8062976,47.0
8069408,86.0
8072048,53.0
8076384,35.0
8077536,39.0
8079056,41.0
8081232,39.0
8082240,46.0
8082560,47.0
8087392,36.0
8088528,30.0
8089424,44.0
8095184,44.0
8096688,30.0
8097152,42.0
8099920,27.0
8109168,47.0
8110912,37.0
8113152,58.0
8120288,28.0
8122224,64.0
8126368,47.0
8127888,55.0
8129392,45.0
8129536,31.0
8132736,29.0
8133744,61.0
8136560,53.0
8136576,47.0
8138528,31.0
8142272,44.0
8144656,47.0
8147552,49.0
8153024,32.0
8153344,38.0
8154176,54.0
8165904,56.0
8170080,32.0
8170224,46.0
8170752,41.0
8172352,68.0
8172352,35.0
8174992,37.0
8186800,36.0
8190976,47.0
8199264,47.0
8200672,39.0
8204800,56.0
8206432,114.0
8206896,38.0
8211520,49.0
8213120,46.0
8216864,37.0
8217184,40.0
8221904,54.0
8222032,48.0
8227952,50.0
8229184,42.0
8229616,49.0
8233120,32.0
8237472,64.0
8238224,60.0
8246032,56.0
8248432,28.0
8256208,41.0
8258480,40.0
8263344,39.0
8272768,33.0
8275136,37.0
8276528,43.0
8277328,41.0
8278448,79.0
8282832,38.0
8286672,52.0
8292032,49.0
8292608,69.0
8297680,59.0
8301312,51.0
8302096,57.0
8307824,35.0
8308352,45.0
8310640,50.0
8311008,57.0
8312256,32.0
8312384,36.0
8313040,35.0
8313616,37.0
8313920,39.0
8316096,60.0
8318032,48.0
8319968,57.0
8327920,33.0
8336128,52.0
8342192,38.0
8350784,49.0
8351200,39.0
8351568,44.0
8352608,48.0
8373392,43.0
8381856,42.0
8393008,53.0
8395584,53.0
8397344,66.0
8398592,48.0
8399632,42.0
8400160,42.0
8402160,67.0
8407088,57.0
8413984,53.0
8414080,58.0
8414512,37.0
8416368,48.0
8435424,71.0
8441232,42.0
8441536,52.0
8441808,45.0
8443088,57.0
8446384,71.0
8453168,76.0
8463104,54.0
8468272,62.0
8469504,60.0
8477920,51.0
8482080,42.0
8483872,39.0
8495600,54.0
8499440,66.0
8507744,53.0
8518352,58.0
8519504,37.0
8524624,39.0
8525664,52.0
8527696,49.0
8530832,36.0
8541728,42.0
8542656,43.0
8543056,66.0
8551984,45.0
8560496,30.0
8561136,32.0
8562112,38.0
8563600,54.0
8564768,43.0
8567472,51.0
8571600,48.0
8572768,48.0
8574080,59.0
8582848,33.0
8585552,38.0
8586912,41.0
8589632,43.0
8597536,55.0
8600880,41.0
8602480,26.0
8603664,39.0
8603920,63.0
8611040,37.0
8611776,46.0
8614704,33.0
8618000,41.0
8621232,50.0
8622160,34.0
8624464,75.0
8624656,38.0
8630768,49.0
8634928,40.0
8642480,50.0
8642640,55.0
8647264,42.0
8650368,62.0
8652592,49.0
8657600,67.0
8658096,50.0
8658400,42.0
8658752,26.0
8660256,46.0
8660432,33.0
8666176,37.0
8669088,51.0
8676160,46.0
8692176,30.0
8696800,48.0
8699600,63.0
8704800,49.0
8708704,56.0
8708704,59.0
8708848,35.0
8713456,46.0
8716560,47.0
8718352,47.0
8723664,48.0
8726304,59.0
8730112,53.0
8732528,52.0
8738368,51.0
8739984,43.0
8741760,48.0
8742432,76.0
8744176,40.0
8750496,66.0
8757296,53.0
8762336,73.0
8764912,64.0
8765984,38.0
8766784,51.0
8771872,35.0
8774784,55.0
8779168,35.0
8784768,65.0
8791296,54.0
8792928,56.0
8796048,22.0
8796304,45.0
8800992,40.0
8802720,27.0
8807360,54.0
8809360,64.0
8816256,39.0
8821248,50.0
8821424,44.0
8829280,39.0
8831152,53.0
8838400,37.0
8840064,38.0
8840944,57.0
8844560,38.0
8845600,53.0
8846592,48.0
8851392,59.0
8854704,59.0
8857824,51.0
8862672,32.0
8862768,71.0
8864288,53.0
8867680,40.0
8874208,40.0
8879344,48.0
8881984,38.0
8891312,46.0
8892208,46.0
8893888,42.0
8897088,43.0
8897632,87.0
8903664,37.0
8906816,34.0
8914096,52.0
8917584,60.0
8920592,49.0
8934432,45.0
8936224,45.0
8937040,41.0
8939056,49.0
8940368,42.0
8945856,58.0
8948064,40.0
8949904,47.0
8958480,63.0
8961376,36.0
8961536,50.0
8962064,47.0
8962256,44.0
8965328,63.0
8969376,67.0
8969680,54.0
8979952,49.0
8981856,45.0
8983168,56.0
8990128,47.0
8991280,60.0
8994480,71.0
8997232,50.0
8998256,47.0
9001424,52.0
9001472,53.0
9001712,44.0
9003120,45.0
9008624,40.0
9010752,46.0
9012224,28.0
9015808,48.0
9018176,56.0
9018192,26.0
9019968,40.0
9027360,63.0
9034160,48.0
9034176,54.0
9034992,51.0
9045072,30.0
9045936,48.0
9048864,31.0
9053760,40.0
9054368,37.0
9054960,55.0
9056528,45.0
9056992,34.0
9061152,35.0
9061680,71.0
9061696,46.0
9065328,57.0
9075984,55.0
9080496,64.0
9081920,37.0
9082016,40.0
9082544,108.0
9086720,50.0
9088176,65.0
9088272,31.0
9090464,54.0
9110720,50.0
9110992,43.0
9111392,56.0
9112496,47.0
9114384,56.0
9115488,60.0
9115552,62.0
9116400,31.0
9117920,55.0
9135472,42.0
9138304,37.0
9138368,86.0
9139408,39.0
9146096,75.0
9151680,50.0
9156848,51.0
9159888,48.0
9164176,52.0
9167184,41.0
9168128,41.0
9169376,59.0
9169648,36.0
9186384,28.0
9202112,44.0
9204336,58.0
9218736,40.0
9224912,59.0
9226112,44.0
9227952,40.0
9233408,50.0
9233840,32.0
9234288,39.0
9235840,36.0
9235968,46.0
9238880,46.0
9240064,38.0
9244112,39.0
9244208,44.0
9244784,49.0
9245216,54.0
9245824,35.0
9246032,50.0
9258752,62.0
9262000,32.0
9266032,40.0
9266144,50.0
9271424,70.0
9274816,50.0
9276208,50.0
9276784,36.0
9279648,41.0
9282320,35.0
9291280,51.0
9291520,40.0
9294512,48.0
9296288,52.0
9301072,58.0
9302784,52.0
9303680,44.0
9309344,51.0
9314784,45.0
9314784,45.0
9316928,45.0
9324752,40.0
9327760,51.0
9329904,28.0
9333184,46.0
9342240,54.0
9354832,34.0
9354992,47.0
9355328,48.0
9361088,52.0
9366624,29.0
9371408,58.0
9373888,47.0
9378208,46.0
9379040,67.0
9380768,44.0
9381888,32.0
9395584,48.0
9407504,57.0
9414848,39.0
9417488,48.0
9419808,39.0
9423408,43.0
9425904,56.0
9428608,41.0
9429472,52.0
9429488,40.0
9430320,38.0
9431232,39.0
9434432,43.0
9436304,46.0
9447360,59.0
9455040,54.0
9463936,55.0
9469712,50.0
9476704,100.0
9477472,55.0
9477744,41.0
9480864,69.0
9481664,57.0
9483424,49.0
9485120,48.0
9485680,58.0
9487520,60.0
9492528,42.0
9496832,43.0
9500656,41.0
9500960,31.0
9502080,48.0
9509440,51.0
9511296,41.0
9515504,48.0
9521936,44.0
9526304,47.0
9527024,44.0
9527072,32.0
9534624,49.0
9534784,42.0
9534880,59.0
9539184,57.0
9541600,44.0
9545696,56.0
9555760,35.0
9559392,47.0
9561648,36.0
9566208,51.0
9567648,56.0
9567760,61.0
9570416,78.0
9573872,51.0
9574560,73.0
9579040,55.0
9579776,69.0
9583952,32.0
9584752,43.0
9584960,57.0
9594048,56.0
9604784,53.0
9610656,43.0
9614864,46.0
9618560,58.0
9622144,42.0
9622432,65.0
9624672,87.0
9625136,63.0
9637056,53.0
9637344,48.0
9653136,42.0
9659312,66.0
9664976,46.0
9669120,58.0
9674400,65.0
9676576,56.0
9678896,49.0
9679856,59.0
9691904,40.0
9692320,37.0
9693856,55.0
9695728,48.0
9698704,30.0
9703168,53.0
9703648,44.0
9706592,33.0
9709280,29.0
9717744,35.0
9719200,64.0
9721952,32.0
9722704,61.0
9729808,53.0
9731552,64.0
9734192,178.0
9736944,71.0
9739456,42.0
9741040,79.0
9752096,40.0
9758016,46.0
9763984,53.0
9764640,37.0
9769792,31.0
9778896,33.0
9779104,40.0
9779648,51.0
9781296,53.0
9782672,33.0
9783504,57.0
9787680,74.0
9790512,40.0
9790784,67.0
9792000,37.0
9799952,45.0
9805344,74.0
9807024,63.0
9807728,52.0
9815920,47.0
9817008,52.0
9826000,75.0
9828752,46.0
9831184,69.0
9832208,39.0
9833024,42.0
9835248,48.0
9838608,49.0
9846768,72.0
9862816,51.0
9866160,55.0
9875568,60.0
9878992,45.0
9882624,40.0
9883728,60.0
9884848,66.0
9887104,36.0
9888496,48.0
9892912,40.0
9893952,37.0
9894320,30.0
9899312,57.0
9901264,63.0
9902560,57.0
9904272,52.0
9906160,53.0
9907648,48.0
9910864,57.0
9916000,48.0
9921072,22.0
9921632,63.0
9921936,54.0
9922512,54.0
9925152,49.0
9926464,46.0
9934048,44.0
9934512,66.0
9936928,48.0
9949104,45.0
9952864,33.0
9953248,51.0
9953280,45.0
9958880,57.0
9961984,71.0
9964240,33.0
9965072,48.0
9967616,35.0
9979168,63.0
9982640,52.0
9994272,53.0
10000208,52.0
10002064,33.0
10004480,42.0
10024640,43.0
10025824,46.0
10026112,35.0
10032352,45.0
10037408,35.0
10039216,44.0
10043648,104.0
10047728,37.0
10057232,44.0
10062688,43.0
10069584,63.0
10070480,53.0
10073712,43.0
10074688,37.0
10080896,47.0
10098560,46.0
10103872,26.0
10105056,52.0
10107120,40.0
10113328,31.0
10121888,62.0
10125536,41.0
10130464,41.0
10131200,42.0
10144080,47.0
10145104,105.0
10146064,67.0
10151744,44.0
10153488,38.0
10157456,65.0
10157712,36.0
10173408,47.0
10176288,43.0
10176656,57.0
10178992,45.0
10179552,60.0
10186944,81.0
10195904,45.0
10196032,82.0
10197616,43.0
10199760,46.0
10202848,51.0
10216192,69.0
10216832,33.0
10217712,94.0
10224288,61.0
10225632,72.0
10225984,62.0
10231760,48.0
10237712,62.0
10240096,44.0
10240512,69.0
10244864,66.0
10246720,41.0
10252640,52.0
10264976,47.0
10268144,64.0
10275056,48.0
10275232,62.0
10278960,52.0
10301440,60.0
10310336,47.0
10314384,66.0
10318144,64.0
10319840,67.0
10322832,62.0
10326096,58.0
10326624,78.0
10328672,70.0
10336496,45.0
10343040,39.0
10344848,30.0
10348704,46.0
10349184,62.0
10349376,91.0
10349760,35.0
10355984,33.0
10359024,50.0
10369008,46.0
10371904,60.0
10372896,61.0
10374688,40.0
10380496,40.0
10380704,70.0
10384576,39.0
10394208,64.0
10399456,53.0
10404560,55.0
10405424,51.0
10409200,60.0
10415184,42.0
10415840,73.0
10420496,64.0
10423488,56.0
10431824,81.0
10437408,59.0
10439408,41.0
10440192,72.0
10440448,64.0
10453232,51.0
10458688,51.0
10464624,54.0
10470864,61.0
10477984,40.0
10479792,42.0
10480688,51.0
10482832,46.0
10483584,50.0
10485088,51.0
10487040,49.0
10488640,74.0
10489488,61.0
10493200,59.0
10498992,47.0
10515184,60.0
10523312,60.0
10524368,62.0
10528912,64.0
10529216,45.0
10539552,79.0
10541040,69.0
10543680,56.0
10545232,60.0
10546704,38.0
10549264,52.0
10555472,47.0
10557600,71.0
10567856,77.0
10578128,68.0
10591376,53.0
10595936,66.0
10599456,69.0
10603504,54.0
10606784,53.0
10614416,45.0
10618608,46.0
10619264,49.0
10620320,50.0
10623440,37.0
10629184,54.0
10636832,34.0
10637632,74.0
10639520,62.0
10642464,66.0
10646352,48.0
10661328,42.0
10661472,69.0
10662736,69.0
10673008,57.0
10673008,47.0
10675232,65.0
10690720,72.0
10691696,61.0
10698176,54.0
10699376,49.0
10702176,63.0
10702784,92.0
10704304,49.0
10704512,34.0
10705104,51.0
10711520,56.0
10715632,51.0
10720320,57.0
10724112,61.0
10746768,41.0
10757120,49.0
10768544,56.0
10768656,47.0
10770752,49.0
10773024,45.0
10778912,51.0
10785152,62.0
10792560,60.0
10800064,60.0
10800736,93.0
10804976,35.0
10805568,48.0
10807568,54.0
10810208,38.0
10811056,52.0
10814304,47.0
10815920,50.0
10816048,49.0
10822736,56.0
10834976,73.0
10838432,78.0
10850512,78.0
10851584,49.0
10854352,38.0
10856480,72.0
10856672,45.0
10860912,62.0
10862832,47.0
10870288,44.0
10877824,46.0
10878832,47.0
10884368,71.0
10890112,63.0
10904848,59.0
10913472,51.0
10915984,49.0
10917728,52.0
10921408,54.0
10924080,66.0
10949152,65.0
10949872,54.0
10952144,52.0
10972464,51.0
10976400,31.0
10994224,72.0
10997360,49.0
11000320,55.0
11011216,53.0
11021024,70.0
11021824,64.0
11026240,79.0
11032064,75.0
11034464,51.0
11042720,95.0
11046016,62.0
11047072,68.0
11049104,65.0
11051040,62.0
11069984,83.0
11078176,48.0
11081264,103.0
11081984,69.0
11092816,60.0
11094176,49.0
11095888,42.0
11099008,69.0
11099920,97.0
11106752,56.0
11109248,74.0
11113040,81.0
11120144,84.0
11120416,66.0
11124384,71.0
11127648,51.0
11133648,54.0
11136064,46.0
11140544,70.0
11141104,71.0
11151488,75.0
11152176,70.0
11156272,63.0
11156432,46.0
11157984,76.0
11161328,79.0
11170272,72.0
11170864,55.0
11173632,68.0
11192624,76.0
11195184,53.0
11197088,74.0
11197120,55.0
11205056,56.0
11208032,56.0
11209360,82.0
11215536,76.0
11218432,61.0
11220976,62.0
11220992,79.0
11223200,63.0
11225360,70.0
11236672,71.0
11237920,57.0
11246336,69.0
11249088,68.0
11250000,55.0
11251856,48.0
11265520,56.0
11265696,59.0
11267392,43.0
11270448,54.0
11271632,44.0
11273456,53.0
11273488,56.0
11282976,65.0
11288016,74.0
11290336,57.0
11294144,62.0
11296832,74.0
11298784,54.0
11302704,52.0
11313024,67.0
11315616,71.0
11326768,65.0
11330560,98.0
11330992,67.0
11353136,61.0
11355184,51.0
11358528,72.0
11360352,54.0
11363488,67.0
11364480,66.0
11365440,65.0
11365472,51.0
11387808,75.0
11390000,73.0
11403696,79.0
11422960,51.0
11435024,50.0
11436208,71.0
11442848,55.0
11443024,51.0
11451568,54.0
11456752,53.0
11458960,57.0
11464960,66.0
11467520,69.0
11469664,73.0
11471264,80.0
11486896,82.0
11492000,69.0
11492256,60.0
11492992,79.0
11497472,49.0
11502800,76.0
11504048,71.0
11505872,92.0
11530176,55.0
11532976,47.0
11546208,68.0
11562688,69.0
11565664,68.0
11567824,91.0
11571600,59.0
11583552,52.0
11584192,69.0
11598976,71.0
11623648,62.0
11626912,55.0
11628272,59.0
11628672,51.0
11629216,72.0
11636144,83.0
11639536,74.0
11639552,77.0
11639616,88.0
11647184,54.0
11649152,51.0
11651536,65.0
11658880,92.0
11661376,55.0
11668544,66.0
11677488,64.0
11680832,69.0
11683712,93.0
11684160,53.0
11699168,41.0
11706336,77.0
11719760,69.0
11720864,57.0
11724896,45.0
11727872,71.0
11731392,76.0
11733504,50.0
11735904,52.0
11735984,66.0
11757696,86.0
11762736,75.0
11774624,89.0
11776192,72.0
11788928,74.0
11790272,60.0
11791056,76.0
11792512,76.0
11795616,59.0
11798416,74.0
11798624,67.0
11801648,63.0
11802736,70.0
11804144,35.0
11810016,78.0
11824176,71.0
11825728,57.0
11825728,49.0
11832000,87.0
11834672,58.0
11843568,54.0
11850560,94.0
11851232,56.0
11855952,82.0
11856864,48.0
11880128,47.0
11883072,73.0
11889904,90.0
11890560,58.0
11891216,85.0
11894496,65.0
11894528,70.0
11894672,77.0
11898016,43.0
11900864,53.0
11901808,58.0
11904672,47.0
11906240,56.0
11910336,68.0
11920128,58.0
11920640,78.0
11925664,63.0
11937712,46.0
11941312,109.0
11945536,56.0
11953168,49.0
11955776,79.0
11957936,73.0
11960480,82.0
11967104,60.0
11968528,54.0
11977600,69.0
11978448,64.0
11983920,64.0
11991152,71.0
12023104,76.0
12023584,83.0
12026464,72.0
12029584,73.0
12036240,49.0
12036816,74.0
12040448,53.0
12052640,76.0
12055776,31.0
12063584,92.0
12064592,68.0
12065520,63.0
12070944,76.0
12074880,71.0
12078480,62.0
12082624,44.0
12084384,71.0
12089984,64.0
12095472,58.0
12101184,80.0
12102336,69.0
12104224,64.0
12111776,75.0
12114240,68.0
12119200,81.0
12119552,75.0
12125632,53.0
12127456,35.0
12128128,49.0
12131616,75.0
12132384,68.0
12143264,60.0
12144304,78.0
12146640,45.0
12150528,53.0
12154080,74.0
12156400,108.0
12160640,68.0
12164288,64.0
12179072,67.0
12181040,62.0
12182128,55.0
12192704,42.0
12199840,78.0
12202496,70.0
12206944,62.0
12215376,72.0
12217760,84.0
12221936,82.0
12222864,89.0
12227856,52.0
12235984,52.0
12246688,81.0
12246896,64.0
12247904,67.0
12248880,81.0
12251072,73.0
12264864,63.0
12274752,77.0
12277184,51.0
12286736,67.0
12294288,69.0
12299136,78.0
12307056,80.0
12308848,80.0
12314496,64.0
12324352,74.0
12331648,79.0
12336064,41.0
12344528,77.0
12350432,52.0
12351552,69.0
12354256,51.0
12355488,81.0
12357024,60.0
12361696,55.0
12363072,54.0
12370672,60.0
12371136,71.0
12376848,105.0
12381392,78.0
12386064,53.0
12392352,60.0
12393424,76.0
12396864,74.0
12398864,57.0
12400032,69.0
12404928,87.0
12405312,59.0
12409232,67.0
12410368,65.0
12411952,53.0
12421104,73.0
12423968,91.0
12428720,69.0
12428752,71.0
12445360,55.0
12446224,83.0
12448608,48.0
12451648,65.0
12454784,60.0
12460768,53.0
12475664,53.0
12477856,59.0
12480048,74.0
12491856,68.0
12491952,55.0
12493872,70.0
12511520,53.0
12513536,56.0
12521472,64.0
12528384,67.0
12529664,71.0
12535104,55.0
12538912,82.0
12549104,53.0
12549744,62.0
12559536,50.0
12560816,50.0
12561392,60.0
12565136,56.0
12568624,55.0
12572656,56.0
12573728,75.0
12575728,59.0
12588848,65.0
12599920,78.0
12602144,79.0
12618400,46.0
12624976,68.0
12630608,46.0
12634000,79.0
12636704,55.0
12640720,64.0
12642720,87.0
12643312,49.0
12647280,40.0
12653984,68.0
12661440,67.0
12663856,57.0
12668800,55.0
12669040,64.0
12671824,72.0
12674160,73.0
12674800,58.0
12683952,58.0
12685312,75.0
12695584,52.0
12696256,76.0
12704400,87.0
12704848,32.0
12706080,91.0
12714080,53.0
12714464,118.0
12716976,53.0
12729184,64.0
12730960,82.0
12743232,38.0
12747680,48.0
12758352,105.0
12763920,84.0
12780272,47.0
12788608,79.0
12797440,53.0
12803648,51.0
12804896,53.0
12812736,49.0
12815232,57.0
12818960,47.0
12823712,63.0
12838160,57.0
12842576,66.0
12846944,55.0
12852208,78.0
12852432,46.0
12854480,60.0
12854672,57.0
12861760,64.0
12861888,84.0
12872080,60.0
12873312,72.0
12875152,66.0
12878576,48.0
12887584,59.0
12890128,53.0
12890192,69.0
12891088,70.0
12892128,55.0
12892976,56.0
12893136,52.0
12908528,44.0
12913360,51.0
12917280,55.0
12924640,54.0
12925488,52.0
12926960,59.0
12930096,82.0
12937648,80.0
12940144,73.0
12948064,49.0
12952880,48.0
12957904,66.0
12968016,60.0
12968896,51.0
12971008,51.0
12972864,59.0
12986464,77.0
12987440,60.0
12990736,41.0
12994448,60.0
13000352,32.0
13004320,71.0
13005056,45.0
13010976,54.0
13023776,54.0
13023856,70.0
13025840,67.0
13026336,68.0
13034416,57.0
13036880,45.0
13042944,60.0
13043600,69.0
13044000,66.0
13059808,101.0
13066512,66.0
13094432,36.0
13103744,73.0
13106688,53.0
13112944,51.0
13120720,70.0
13122256,65.0
13128096,56.0
13128656,65.0
13135776,76.0
13144544,79.0
13145312,47.0
13147040,65.0
13153952,51.0
13154480,63.0
13155584,49.0
13158096,65.0
13167264,66.0
13171808,51.0
13186448,54.0
13189488,66.0
13192528,61.0
13194544,48.0
13194864,80.0
13199760,65.0
13211296,100.0
13213904,81.0
13216624,63.0
13221904,67.0
13223984,75.0
13225328,50.0
13233184,68.0
13237648,73.0
13250944,99.0
13253984,67.0
13255056,49.0
13256320,71.0
13261456,75.0
13263248,38.0
13266416,51.0
13278144,61.0
13279008,73.0
13279904,59.0
13280944,71.0
13284912,55.0
13293008,66.0
13295760,67.0
13299600,53.0
13299696,59.0
13304704,58.0
13307408,58.0
13310128,52.0
13314400,45.0
13315936,74.0
13320960,78.0
13327328,80.0
13335808,84.0
13337264,81.0
13339728,52.0
13342944,50.0
13347344,62.0
13355808,70.0
13373984,64.0
13374960,48.0
13387888,55.0
13398304,60.0
13398496,69.0
13402128,97.0
13405616,58.0
13407776,52.0
13421392,52.0
13421632,53.0
13438592,57.0
13438912,32.0
13442832,52.0
13443760,61.0
13444224,76.0
13445664,69.0
13445968,83.0
13447808,68.0
13449712,61.0
13449952,64.0
13450496,95.0
13452464,51.0
13454160,77.0
13459072,62.0
13459744,72.0
13465328,68.0
13473920,54.0
13489072,81.0
13498928,45.0
13509200,66.0
13513328,61.0
13515904,64.0
13523232,63.0
13530512,47.0
13532640,95.0
13532944,64.0
13542032,58.0
13549920,65.0
13550416,70.0
13551536,69.0
13553392,55.0
13556512,62.0
13558464,58.0
13560832,71.0
13562112,64.0
13564448,94.0
13566336,61.0
13569008,73.0
13570496,66.0
13575648,107.0
13576624,60.0
13577072,52.0
13579584,88.0
13581168,43.0
13589536,66.0
13592464,61.0
13596096,56.0
13596128,74.0
13599136,61.0
13607744,63.0
13609424,57.0
13612416,81.0
13614528,47.0
13616208,58.0
13618224,68.0
13628128,69.0
13635888,71.0
13637792,90.0
13640720,63.0
13660224,66.0
13664016,49.0
13666720,86.0
13668944,80.0
13671152,71.0
13671744,68.0
13680992,60.0
13683456,44.0
13701904,53.0
13702128,71.0
13707136,73.0
13707632,68.0
13716640,52.0
13724384,54.0
13729120,57.0
13741920,73.0
13744208,67.0
13752176,65.0
13761376,49.0
13763824,63.0
13766880,53.0
13775088,52.0
13777632,127.0
13784416,59.0
13798880,78.0
13803504,59.0
13804496,49.0
13807392,68.0
13808064,73.0
13813168,90.0
13813904,77.0
13820608,68.0
13828992,77.0
13854544,61.0
13856272,72.0
13861712,34.0
13862208,86.0
13868832,62.0
13871600,69.0
13872576,44.0
13879728,84.0
13881808,69.0
13885984,56.0
13888016,66.0
13896768,60.0
13899408,73.0
13899744,62.0
13900384,48.0
13913824,92.0
13924256,66.0
13924688,54.0
13926256,52.0
13937952,65.0
13941744,43.0
13947536,88.0
13951392,69.0
13952960,56.0
13954640,47.0
13957072,61.0
13960032,64.0
13962880,71.0
13970224,54.0
13978848,90.0
14000768,80.0
14007088,55.0
14012144,96.0
14017296,67.0
14022240,66.0
14030528,63.0
14032368,47.0
14042816,52.0
14042880,63.0
14048400,82.0
14051952,65.0
14073904,90.0
14074352,73.0
14077888,62.0
14078528,50.0
14090128,70.0
14092688,65.0
14096048,57.0
14096688,51.0
14097264,35.0
14102256,70.0
14102352,95.0
14107744,65.0
14114096,81.0
14116688,49.0
14123232,58.0
14147920,66.0
14162544,65.0
14171328,73.0
14174016,66.0
14179376,56.0
14180192,72.0
14183008,53.0
14186704,71.0
14189312,53.0
14193520,58.0
14197888,52.0
14198800,69.0
14205264,73.0
14216304,99.0
14217024,53.0
14224352,85.0
14229360,64.0
14233536,75.0
14238032,64.0
14238544,83.0
14239408,73.0
14241200,55.0
14243632,69.0
14245712,62.0
14250912,31.0
14259472,65.0
14262560,46.0
14263440,55.0
14263840,91.0
14267424,83.0
14272368,63.0
14281008,69.0
14285008,64.0
14285184,61.0
14290800,59.0
14297792,71.0
14302224,55.0
14309408,52.0
14309600,85.0
14310624,68.0
14314176,51.0
14321248,76.0
14324400,44.0
14326256,43.0
14326864,60.0
14332160,58.0
14333760,68.0
14335120,66.0
14340848,52.0
14348176,50.0
14348768,62.0
14358768,71.0
14366736,48.0
14376256,54.0
14384576,61.0
14392000,48.0
14393344,64.0
14396624,62.0
14404992,66.0
14408672,59.0
14408736,70.0
14411072,63.0
14411968,55.0
14413632,54.0
14416288,64.0
14417856,87.0
14418544,75.0
14419312,59.0
14420464,59.0
14429008,94.0
14430528,70.0
14434928,51.0
14436352,70.0
14437152,56.0
14446144,56.0
14448496,87.0
14449344,50.0
14451248,79.0
14452368,57.0
14456288,60.0
14463328,63.0
14467072,64.0
14468640,57.0
14474528,48.0
14492000,73.0
14493504,62.0
14499072,105.0
14499440,50.0
14505712,53.0
14506928,53.0
14523520,80.0
14529328,67.0
14541920,57.0
14550336,74.0
14555568,54.0
14556592,51.0
14562288,71.0
14563216,108.0
14563312,63.0
14571936,98.0
14584400,62.0
14584416,65.0
14584544,52.0
14587360,67.0
14597536,71.0
14605136,67.0
14608192,76.0
14627232,55.0
14629696,72.0
14649504,167.0
14665920,55.0
14671424,60.0
14672944,69.0
14673056,80.0
14681200,50.0
14684288,66.0
14687056,70.0
14690624,82.0
14691744,71.0
14702864,87.0
14708880,89.0
14714384,52.0
14722800,83.0
14723920,62.0
14734912,39.0
14746384,75.0
14747840,60.0
14752016,72.0
14774608,61.0
14778080,54.0
14782096,64.0
14785312,86.0
14794560,65.0
14796416,68.0
14804448,105.0
14814976,63.0
14818592,97.0
14821024,83.0
14823024,59.0
14829136,82.0
14832192,75.0
14837936,66.0
14840960,69.0
14849488,62.0
14852128,74.0
14852544,73.0
14853600,53.0
14874384,64.0
14877664,80.0
14885024,80.0
14892560,50.0
14895696,126.0
14905728,59.0
14907408,60.0
14915136,68.0
14919840,71.0
14933136,68.0
14936176,88.0
14938112,59.0
14938624,65.0
14945344,66.0
14945968,49.0
14948896,78.0
14951408,52.0
14953616,69.0
14958752,91.0
14967616,66.0
14967632,60.0
14967872,87.0
14969088,75.0
14969104,57.0
14973328,95.0
14982384,54.0
14983040,82.0
14985520,74.0
14986848,71.0
14988720,114.0
14991312,75.0
14993664,83.0
14993888,63.0
15009024,77.0
15016624,83.0
15018160,89.0
15021184,55.0
15022848,89.0
15023904,71.0
15026256,61.0
15034416,57.0
15047200,81.0
15064304,78.0
15066256,75.0
15073056,82.0
15079024,90.0
15095168,70.0
15104048,58.0
15107120,55.0
15111472,51.0
15124928,58.0
15124976,57.0
15130384,71.0
15133008,59.0
15135936,57.0
15139776,56.0
15141088,71.0
15141392,65.0
15149248,79.0
15156352,95.0
15161280,75.0
15163152,46.0
15164944,71.0
15172528,65.0
15183792,98.0
15190432,72.0
15192928,57.0
15196960,58.0
15197072,66.0
15197984,58.0
15205072,63.0
15212976,64.0
15220528,78.0
15220992,81.0
15232784,62.0
15235088,66.0
15237296,101.0
15237520,99.0
15242656,125.0
15251248,115.0
15263760,56.0
15270304,53.0
15275584,67.0
15277136,87.0
15284176,64.0
15285936,65.0
15287712,66.0
15290960,58.0
15295696,69.0
15299280,66.0
15301008,74.0
15301296,73.0
15303744,77.0
15307280,99.0
15321472,63.0
15321584,54.0
15327824,57.0
15330080,93.0
15339360,79.0
15343248,66.0
15343504,50.0
15344016,64.0
15347952,66.0
15350160,110.0
15351520,78.0
15360016,92.0
15362848,52.0
15366288,81.0
15367904,50.0
15375552,84.0
15377104,84.0
15387712,114.0
15391376,98.0
15394624,96.0
15401520,63.0
15401920,49.0
15408320,61.0
15417856,53.0
15426160,68.0
15438432,53.0
15441968,91.0
15442224,80.0
15460304,74.0
15474912,57.0
15482736,45.0
15483168,53.0
15489008,66.0
15498064,70.0
15498272,46.0
15499568,98.0
15502144,75.0
15504608,130.0
15511008,36.0
15514928,34.0
15531040,57.0
15532672,72.0
15538544,52.0
15543456,58.0
15561312,80.0
15569408,70.0
15571152,57.0
15571584,93.0
15572272,50.0
15580832,54.0
15583328,74.0
15588112,51.0
15589312,71.0
15589456,57.0
15595568,50.0
15601568,56.0
15603296,42.0
15616992,58.0
15637840,78.0
15643600,54.0
15644384,54.0
15648480,58.0
15650544,49.0
15660368,57.0
15662368,64.0
15668272,103.0
15669264,84.0
15671344,56.0
15671888,65.0
15680432,52.0
15692432,84.0
15695968,62.0
15706816,59.0
15707920,68.0
15715216,55.0
15719616,92.0
15721248,97.0
15727216,61.0
15735248,77.0
15737584,46.0
15738656,44.0
15743984,107.0
15749440,41.0
15752032,94.0
15757408,55.0
15760784,64.0
15761824,64.0
15764736,41.0
15771648,62.0
15784784,80.0
15788112,76.0
15798992,81.0
15805312,65.0
15806240,63.0
15811760,48.0
15815872,89.0
15823840,65.0
15827968,82.0
15832480,70.0
15832608,59.0
15835200,48.0
15843312,73.0
15843408,63.0
15847696,50.0
15848736,60.0
15848768,50.0
15853104,104.0
15857392,73.0
15860960,51.0
15866272,54.0
15876336,70.0
15878704,64.0
15881280,55.0
15885408,76.0
15889024,51.0
15891584,68.0
15895808,59.0
15897728,76.0
15899168,61.0
15902720,69.0
15904288,65.0
15908816,57.0
15911888,64.0
15918320,78.0
15928464,86.0
15929216,40.0
15929280,87.0
15934944,75.0
15935152,55.0
15950336,61.0
15952368,73.0
15959248,63.0
15976832,52.0
15978208,85.0
15984640,59.0
15994896,100.0
16002496,44.0
16007376,64.0
16019232,72.0
16022304,63.0
16025472,80.0
16028368,64.0
16029856,79.0
16034864,47.0
16040240,62.0
16047488,52.0
16051888,44.0
16053024,71.0
16058816,60.0
16060624,50.0
16062224,50.0
16063296,54.0
16067088,52.0
16070720,68.0
16081744,54.0
16086080,42.0
16086880,51.0
16088000,93.0
16091648,57.0
16093712,70.0
16099344,60.0
16103072,66.0
16110736,68.0
16111584,79.0
16120336,60.0
16122656,50.0
16128496,57.0
16135712,76.0
16141680,49.0
16145616,49.0
16146192,76.0
16152464,51.0
16164208,63.0
16164592,49.0
16172528,59.0
16173152,56.0
16178240,57.0
16178240,39.0
16180880,61.0
16186064,62.0
16189872,49.0
16200416,60.0
16202608,65.0
16207504,61.0
16208384,61.0
16216656,53.0
16217552,98.0
16219744,48.0
16222176,54.0
16223616,56.0
16230592,44.0
16239568,49.0
16250272,54.0
16252208,70.0
16253216,85.0
16253744,60.0
16255520,63.0
16274608,48.0
16276368,59.0
16278816,68.0
16279120,94.0
16284128,54.0
16285952,38.0
16286336,109.0
16292000,57.0
16296544,71.0
16298656,46.0
16299664,62.0
16305088,101.0
16308416,69.0
16324944,60.0
16329696,54.0
16330720,64.0
16333872,54.0
16336144,52.0
16339808,84.0
16347984,54.0
16348352,57.0
16351376,81.0
16363552,100.0
16363712,58.0
16377280,46.0
16379808,52.0
16390256,53.0
16390816,51.0
16395824,47.0
16400032,78.0
16401904,62.0
16402432,51.0
16413792,54.0
16417744,86.0
16423392,53.0
16427872,74.0
16431392,59.0
16441664,136.0
16444112,54.0
16446144,46.0
16447504,60.0
16450064,42.0
16451408,55.0
16455872,57.0
16458064,42.0
16460672,91.0
16473520,77.0
16475728,50.0
16485136,55.0
16486864,64.0
16491568,51.0
16496848,58.0
16504960,76.0
16505952,61.0
16507536,50.0
16511184,53.0
16517568,88.0
16522464,106.0
16523168,53.0
16524320,52.0
16530928,38.0
16533872,51.0
16569760,68.0
16578160,61.0
16578880,53.0
16580352,64.0
16580368,82.0
16586960,91.0
16603072,84.0
16613056,73.0
16613968,64.0
16615472,78.0
16616064,53.0
16620256,48.0
16629008,55.0
16630032,63.0
16630112,68.0
16633760,52.0
16637024,59.0
16638432,43.0
16650592,51.0
16655744,93.0
16665024,52.0
16665136,51.0
16667664,54.0
16676912,53.0
16678240,48.0
16681440,77.0
16690976,69.0
16718352,53.0
16721824,88.0
16731472,62.0
16733328,53.0
16738816,69.0
16744208,71.0
16762016,57.0
16766720,67.0
16769264,62.0
16775248,62.0
16779760,62.0
16780832,68.0
16785616,57.0
16787536,47.0
16792464,72.0
16793680,69.0
16804112,64.0
16805056,58.0
16811184,55.0
16818768,88.0
16824256,56.0
16826192,56.0
16826272,58.0
16829952,58.0
16830400,65.0
16834560,59.0
16836416,65.0
16846192,88.0
16846544,48.0
16852704,55.0
16859440,49.0
16868816,75.0
16869504,55.0
16873360,59.0
16887200,73.0
16895536,54.0
16899104,56.0
16901968,62.0
16902320,59.0
16906896,55.0
16908560,50.0
16909472,56.0
16911552,40.0
16914448,52.0
16915616,36.0
16922288,78.0
16930336,54.0
16934336,49.0
16934608,77.0
16935904,43.0
16939360,70.0
16944288,72.0
16949408,40.0
16954704,78.0
16954896,70.0
16957424,51.0
16959136,81.0
16959504,49.0
16962528,46.0
16962896,79.0
16965696,65.0
16969472,55.0
16973248,57.0
16975456,59.0
16976848,40.0
16977648,50.0
16978608,46.0
16988800,52.0
16993008,70.0
16996208,47.0
17001264,52.0
17012224,79.0
17012624,70.0
17014416,63.0
17019152,69.0
17021648,67.0
17039152,59.0
17040800,61.0
17041104,48.0
17042432,82.0
17048880,61.0
17052320,79.0
17054800,62.0
17082160,78.0
17086352,65.0
17093488,58.0
17094080,53.0
17095696,64.0
17096064,64.0
17098144,81.0
17101680,66.0
17102688,59.0
17105920,74.0
17106272,53.0
17106496,43.0
17107376,55.0
17112304,41.0
17114160,60.0
17115888,50.0
17126592,61.0
17129744,64.0
17135024,48.0
17135696,67.0
17138848,69.0
17158272,31.0
17159472,67.0
17165760,45.0
17180048,46.0
17199952,75.0
17205104,57.0
17212880,75.0
17215088,41.0
17218800,78.0
17219328,51.0
17221104,46.0
17223936,66.0
17225824,50.0
17227536,47.0
17229424,74.0
17233936,63.0
17238400,59.0
17242576,65.0
17248224,81.0
17263712,83.0
17265632,50.0
17267536,52.0
17268592,54.0
17270416,88.0
17272800,73.0
17285760,61.0
17289488,69.0
17291248,84.0
17296080,51.0
17302944,75.0
17318368,36.0
17320560,54.0
17322016,74.0
17323392,85.0
17324528,70.0
17332128,48.0
17335056,46.0
17342512,72.0
17360496,77.0
17371120,85.0
17376528,66.0
17377808,53.0
17387520,68.0
17391248,53.0
17393376,62.0
17394816,48.0
17397696,57.0
17399904,76.0
17403456,73.0
17418160,51.0
17425776,73.0
17428512,72.0
17438928,48.0
17438992,53.0
17443520,93.0
17450592,90.0
17455152,62.0
17459040,55.0
17461344,77.0
17463520,62.0
17470816,58.0
17471072,54.0
17471552,72.0
17476896,73.0
17477824,73.0
17481264,39.0
17495264,66.0
17498624,68.0
17509584,39.0
17516496,46.0
17520176,93.0
17526352,72.0
17527984,63.0
17532672,42.0
17542048,70.0
17558928,64.0
17572240,68.0
17578416,51.0
17585472,69.0
17591584,67.0
17595360,61.0
17597632,63.0
17597840,65.0
17600544,78.0
17600720,73.0
17608048,47.0
17608560,72.0
17609376,56.0
17609488,44.0
17620288,72.0
17621696,63.0
17623296,80.0
17626640,59.0
17626928,86.0
17633344,75.0
17635296,55.0
17651552,61.0
17663776,75.0
17666208,38.0
17680944,93.0
17682896,50.0
17700752,53.0
17702560,64.0
17704656,94.0
17712832,76.0
17726128,56.0
17726704,35.0
17728240,67.0
17730880,62.0
17731184,65.0
17732544,78.0
17732560,93.0
17734368,97.0
17734560,57.0
17734592,72.0
17740320,55.0
17740464,54.0
17756592,79.0
17759600,50.0
17762320,58.0
17763232,86.0
17764304,66.0
17766912,60.0
17768768,66.0
17771792,44.0
17772096,81.0
17781168,72.0
17788464,68.0
17789360,57.0
17790368,53.0
17790688,59.0
17792304,52.0
17794640,53.0
17796240,66.0
17802768,62.0
17818784,57.0
17819728,62.0
17828896,68.0
17845344,68.0
17849280,50.0
17858192,57.0
17860160,51.0
17860752,48.0
17864528,67.0
17877648,61.0
17879664,64.0
17891360,70.0
17896080,60.0
17901088,41.0
17914416,51.0
17916048,39.0
17917776,52.0
17923504,49.0
17930288,48.0
17937312,44.0
17942624,76.0
17946624,73.0
17954352,117.0
17963408,58.0
17965136,50.0
17967680,62.0
17969344,55.0
17970240,50.0
17970416,45.0
17971360,58.0
17976000,51.0
17984128,54.0
18010656,62.0
18016896,90.0
18019920,50.0
18029088,61.0
18036640,47.0
18037568,64.0
18041808,56.0
18050880,67.0
18057344,113.0
18058224,53.0
18058480,45.0
18060288,81.0
18062048,56.0
18079616,64.0
18080240,27.0
18084752,72.0
18091088,84.0
18092128,131.0
18095728,49.0
18097408,86.0
18100608,71.0
18102240,30.0
18103744,47.0
18106144,49.0
18112640,69.0
18114400,59.0
18116544,92.0
18122672,51.0
18124560,90.0
18133968,36.0
18141872,39.0
18141952,49.0
18143456,66.0
18147504,37.0
18147648,39.0
18154400,81.0
18166304,49.0
18172432,51.0
18180816,51.0
18183968,73.0
18191312,52.0
18193264,57.0
18193984,67.0
18197424,60.0
18199120,49.0
18199984,55.0
18204336,96.0
18209056,56.0
18225248,57.0
18228784,52.0
18235792,110.0
18243712,43.0
18247984,100.0
18256272,55.0
18262336,64.0
18263088,51.0
18267024,67.0
18275408,48.0
18279200,86.0
18280688,80.0
18284448,65.0
18289648,83.0
18291136,48.0
18292128,61.0
18298224,70.0
18298672,84.0
18306720,52.0
18307456,43.0
18308144,64.0
18308928,66.0
18308976,55.0
18312912,94.0
18313840,60.0
18315136,47.0
18316512,50.0
18317856,65.0
18319808,76.0
18320208,51.0
18320576,49.0
18326496,64.0
18337168,62.0
18337456,70.0
18344496,87.0
18349536,74.0
18358656,86.0
18360880,58.0
18379168,52.0
18382208,65.0
18388544,88.0
18392816,34.0
18399968,60.0
18401664,43.0
18406112,38.0
18415328,59.0
18415344,35.0
18427168,69.0
18431840,81.0
18435744,118.0
18437408,60.0
18445472,66.0
18445584,89.0
18447632,52.0
18448736,78.0
18450736,64.0
18451680,101.0
18457520,63.0
18471184,66.0
18472816,72.0
18483552,65.0
18488272,61.0
18488352,75.0
18494272,71.0
18498368,212.0
18498752,70.0
18502768,46.0
18513216,81.0
18525232,50.0
18530496,61.0
18537664,50.0
18537824,50.0
18542512,62.0
18543680,67.0
18560928,63.0
18570320,61.0
18573136,79.0
18581184,53.0
18582112,55.0
18584448,59.0
18593776,46.0
18597520,63.0
18600560,61.0
18603760,64.0
18610720,61.0
18621472,45.0
18627408,44.0
18632608,55.0
18632944,46.0
18634016,57.0
18634176,61.0
18635744,149.0
18638496,51.0
18643312,40.0
18650816,65.0
18651232,72.0
18652544,54.0
18655232,57.0
18658064,55.0
18661888,52.0
18663200,50.0
18692144,68.0
18694656,85.0
18695088,55.0
18707904,52.0
18717328,79.0
18719072,47.0
18725952,45.0
18732384,39.0
18732576,81.0
18743984,46.0
18749472,51.0
18759728,53.0
18763952,64.0
18766144,58.0
18773744,62.0
18776592,75.0
18784672,44.0
18794848,43.0
18798800,48.0
18803952,56.0
18815280,57.0
18819744,49.0
18822448,79.0
18830608,54.0
18831136,63.0
18837696,52.0
18842624,48.0
18866576,51.0
18873360,59.0
18877904,75.0
18878352,64.0
18880768,75.0
18888384,69.0
18892336,38.0
18892512,76.0
18893824,38.0
18895232,61.0
18902752,56.0
18904448,64.0
18904960,48.0
18912096,65.0
18916160,55.0
18917088,52.0
18917824,61.0
18918688,53.0
18934096,77.0
18935616,58.0
18936048,61.0
18938864,60.0
18940432,61.0
18947712,81.0
18954016,65.0
18964640,70.0
18994096,56.0
19005120,74.0
19009472,62.0
19015792,53.0
19017376,45.0
19020704,60.0
19020832,79.0
19022848,53.0
19034832,44.0
19035488,95.0
19038384,76.0
19044256,47.0
19044960,45.0
19047024,52.0
19048032,48.0
19053984,74.0
19060752,109.0
19065520,54.0
19066320,50.0
19068544,42.0
19081408,48.0
19084064,66.0
19088432,76.0
19093232,59.0
19094048,73.0
19095824,92.0
19100128,100.0
19104240,56.0
19110880,79.0
19120832,58.0
19131104,58.0
19135840,70.0
19142992,56.0
19145312,71.0
19147136,79.0
19148320,72.0
19148400,58.0
19158992,64.0
19167024,84.0
19167632,56.0
19167840,50.0
19169376,56.0
19170064,52.0
19176272,52.0
19186000,50.0
19194336,80.0
19197120,68.0
19200528,88.0
19208608,48.0
19214160,31.0
19215968,57.0
19224304,78.0
19228592,74.0
19229120,63.0
19230960,84.0
19233088,63.0
19233472,72.0
19234160,42.0
19234208,88.0
19235104,99.0
19235360,99.0
19239632,92.0
19241264,75.0
19242096,71.0
19243648,66.0
19244800,108.0
19257024,79.0
19260032,74.0
19260528,67.0
19261104,49.0
19263184,61.0
19267280,68.0
19268720,57.0
19276624,62.0
19277936,64.0
19279008,78.0
19280576,67.0
19280608,91.0
19288944,80.0
19292624,108.0
19294144,90.0
19301552,62.0
19305680,135.0
19324096,88.0
19332384,79.0
19334160,36.0
19334784,57.0
19337312,68.0
19338416,66.0
19347648,54.0
19349888,71.0
19350032,53.0
19351440,73.0
19352272,54.0
19364464,89.0
19365968,42.0
19367776,68.0
19371568,69.0
19376896,65.0
19379360,63.0
19383952,61.0
19386448,71.0
19387280,67.0
19398048,72.0
19399040,80.0
19405440,70.0
19405808,67.0
19419136,52.0
19420496,57.0
19423152,128.0
19430160,62.0
19437792,63.0
19442512,57.0
19449744,85.0
19452800,64.0
19454720,71.0
19466368,66.0
19469920,126.0
19471344,56.0
19481232,61.0
19485968,49.0
19488208,66.0
19490608,55.0
19495712,55.0
19497904,60.0
19514928,64.0
19515072,43.0
19518624,67.0
19533920,46.0
19543760,51.0
19546880,50.0
19563696,52.0
19564608,64.0
19565072,66.0
19568816,55.0
19569760,65.0
19573280,85.0
19579696,53.0
19593760,73.0
19603168,86.0
19607472,62.0
19611776,58.0
19613600,64.0
19617264,70.0
19617888,49.0
19619760,54.0
19628768,54.0
19630672,55.0
19639936,62.0
19640384,57.0
19645136,51.0
19645760,69.0
19650144,68.0
19662624,44.0
19670880,48.0
19673936,71.0
19679408,64.0
19680448,58.0
19683840,80.0
19691152,54.0
19695856,62.0
19696976,69.0
19700960,75.0
19703456,81.0
19707088,63.0
19709952,52.0
19718688,56.0
19719936,42.0
19720720,63.0
19722384,54.0
19731824,51.0
19732272,56.0
19732432,62.0
19737872,65.0
19750496,49.0
19757264,77.0
19758224,72.0
19762800,44.0
19767760,59.0
19771664,52.0
19774192,62.0
19774352,56.0
19780800,55.0
19785808,62.0
19785984,57.0
19800208,47.0
19805344,72.0
19806000,72.0
19806704,44.0
19807264,86.0
19815856,92.0
19816736,75.0
19818128,76.0
19821360,78.0
19825856,64.0
19840176,95.0
19843664,66.0
19845040,59.0
19855120,81.0
19858240,63.0
19866048,60.0
19867808,48.0
19874144,58.0
19877504,84.0
19887792,84.0
19892144,64.0
19895616,56.0
19905776,57.0
19910144,47.0
19913872,60.0
19916496,55.0
19923520,70.0
19925232,71.0
19927840,49.0
19928576,49.0
19930032,62.0
19937408,66.0
19941392,68.0
19943664,56.0
19944992,70.0
19946144,75.0
19958176,61.0
19964544,60.0
19968896,48.0
19976656,71.0
19984912,69.0
19986688,62.0
19986752,55.0
19986848,38.0
19988560,104.0
19989216,60.0
19989872,87.0
19992480,63.0
19995056,54.0
19995664,83.0
19998560,71.0
20000432,58.0
20003424,49.0
20013792,46.0
20017648,68.0
20019440,85.0
20022896,52.0
20025568,75.0
20034832,68.0
20047936,55.0
20052912,54.0
20055376,54.0
20063152,34.0
20065568,43.0
20069360,61.0
20077056,52.0
20077216,56.0
20090224,101.0
20090880,54.0
20098704,86.0
20108176,90.0
20108480,68.0
20111824,78.0
20112208,76.0
20113504,57.0
20113920,54.0
20120352,75.0
20130352,50.0
20132768,67.0
20134304,76.0
20136064,63.0
20137424,68.0
20138912,110.0
20139376,51.0
20142240,60.0
20144064,39.0
20145168,48.0
20146368,60.0
20157536,49.0
20166496,44.0
20167184,69.0
20167488,64.0
20167808,64.0
20170624,60.0
20179040,70.0
20185120,82.0
20185184,70.0
20187552,51.0
20191008,71.0
20192448,56.0
20198208,48.0
20201648,66.0
20211056,59.0
20215744,69.0
20217456,49.0
20218080,73.0
20220480,49.0
20221360,48.0
20222112,70.0
20227024,69.0
20228384,52.0
20229648,42.0
20230576,45.0
20232336,54.0
20233376,41.0
20236208,48.0
20236752,30.0
20247632,50.0
20254608,59.0
20265216,41.0
20268560,57.0
20275072,67.0
20277280,59.0
20283232,61.0
20284320,58.0
20290784,66.0
20296832,46.0
20299056,84.0
20299664,55.0
20300128,69.0
20302112,63.0
20306816,80.0
20308208,62.0
20309824,64.0
20310208,47.0
20321248,52.0
20324096,64.0
20342528,58.0
20353936,47.0
20355408,60.0
20358672,49.0
20363536,60.0
20363776,61.0
20364160,62.0
20373840,54.0
20379568,63.0
20388640,56.0
20395328,39.0
20401488,67.0
20421920,45.0
20428160,53.0
20431712,58.0
20436384,50.0
20439712,46.0
20452864,53.0
20460304,73.0
20460592,98.0
20464480,73.0
20464976,68.0
20469328,52.0
20489152,69.0
20493248,53.0
20499264,59.0
20499648,70.0
20518560,68.0
20519504,44.0
20523168,88.0
20528896,54.0
20528928,48.0
20536560,59.0
20537008,59.0
20541200,55.0
20549696,35.0
20554112,56.0
20555248,55.0
20561072,72.0
20564176,63.0
20568800,68.0
20573312,67.0
20579792,45.0
20580192,52.0
20583504,41.0
20590160,62.0
20594560,74.0
20599056,50.0
20599952,127.0
20601136,49.0
20607168,52.0
20610064,93.0
20614224,60.0
20631920,89.0
20632592,67.0
20636560,112.0
20644208,67.0
20648608,60.0
20649072,71.0
20651744,55.0
20660336,52.0
20661744,44.0
20661792,68.0
20662224,77.0
20663872,59.0
20670160,60.0
20671072,63.0
20672384,60.0
20678768,57.0
20679648,51.0
20697872,38.0
20699152,50.0
20700400,55.0
20702016,59.0
20703056,53.0
20704608,60.0
20705616,62.0
20706528,53.0
20709232,61.0
20714256,60.0
20719856,62.0
20725312,52.0
20728336,59.0
20729072,74.0
20757616,57.0
20759824,68.0
20763552,51.0
20763984,55.0
20770080,60.0
20777040,64.0
20778832,62.0
20780128,67.0
20787392,67.0
20792992,102.0
20796512,94.0
20804400,54.0
20806768,60.0
20807936,72.0
20808208,66.0
20810608,56.0
20814432,66.0
20837584,49.0
20837632,113.0
20838064,74.0
20840192,76.0
20843136,62.0
20843248,55.0
20851600,100.0
20865984,53.0
20866144,64.0
20872000,56.0
20881728,78.0
20883712,44.0
20887040,57.0
20888064,63.0
20894864,68.0
20895344,86.0
20903184,64.0
20917408,46.0
20926000,40.0
20951696,54.0
20964320,44.0
20974736,57.0
20981856,52.0
20982416,86.0
20991152,70.0
20998944,54.0
21015568,54.0
21018112,75.0
21022688,50.0
21023696,70.0
21026448,46.0
21033312,58.0
21040800,101.0
21042112,68.0
21042352,55.0
21046640,54.0
21058896,64.0
21066960,48.0
21069968,45.0
21070160,54.0
21076880,84.0
21081856,57.0
21086032,57.0
21087424,55.0
21090704,65.0
21090976,73.0
21092112,54.0
21103888,71.0
21104608,57.0
21104768,53.0
21106016,52.0
21106304,83.0
21113968,43.0
21120896,71.0
21121424,56.0
21122832,42.0
21122976,92.0
21128160,74.0
21131600,51.0
21133744,99.0
21137440,58.0
21141360,48.0
21148816,82.0
21150128,60.0
21156960,40.0
21158656,90.0
21159056,48.0
21162448,46.0
21165296,62.0
21181856,40.0
21182432,64.0
21183920,50.0
21198080,54.0
21198432,76.0
21198960,55.0
21201808,49.0
21206576,64.0
21211104,73.0
21215424,41.0
21221568,68.0
21221760,75.0
21222560,72.0
21223440,56.0
21223872,60.0
21225728,88.0
21233632,48.0
21254016,98.0
21255216,68.0
21256608,67.0
21259392,78.0
21263776,64.0
21266208,58.0
21269232,52.0
21280592,61.0
21282272,58.0
21283008,65.0
21286448,77.0
21288080,60.0
21292384,59.0
21293840,46.0
21298672,54.0
21304848,62.0
21318400,66.0
21321232,56.0
21326912,58.0
21327760,54.0
21330272,48.0
21342656,94.0
21344144,57.0
21345936,60.0
21349360,55.0
21353104,57.0
21354784,56.0
21368112,52.0
21377424,88.0
21385280,52.0
21388256,57.0
21389504,57.0
21389936,94.0
21395952,57.0
21397904,89.0
21400160,87.0
21413296,57.0
21422848,118.0
21436768,52.0
21437744,67.0
21439040,59.0
21441776,89.0
21443008,53.0
21447648,64.0
21459488,49.0
21460336,67.0
21461760,42.0
21465424,67.0
21465552,48.0
21470528,56.0
21476832,48.0
21481168,69.0
21484064,96.0
21484736,45.0
21491136,59.0
21494448,70.0
21508976,64.0
21511008,71.0
21515040,48.0
21518640,62.0
21522960,69.0
21528592,58.0
21534560,60.0
21537248,104.0
21540176,59.0
21550976,70.0
21558288,44.0
21561824,70.0
21568496,56.0
21569312,59.0
21572704,47.0
21574336,41.0
21576208,74.0
21577648,50.0
21586240,58.0
21589664,76.0
21598384,101.0
21600960,60.0
21603120,59.0
21606144,66.0
21616256,73.0
21623984,52.0
21637936,56.0
21638064,56.0
21639776,60.0
21642064,82.0
21651040,72.0
21652112,75.0
21653936,62.0
21656608,44.0
21657520,53.0
21658784,55.0
21669248,58.0
21697632,62.0
21715376,119.0
21715600,78.0
21717232,51.0
21732080,105.0
21732496,47.0
21732528,68.0
21732624,58.0
21733024,67.0
21735712,64.0
21738544,37.0
21738992,72.0
21742544,55.0
21746624,103.0
21766656,55.0
21766848,56.0
21770208,55.0
21771376,75.0
21774400,100.0
21779312,66.0
21780176,65.0
21790064,53.0
21790320,80.0
21807712,63.0
21810496,75.0
21810496,68.0
21812272,77.0
21817728,59.0
21817984,43.0
21843536,80.0
21854384,86.0
21856592,75.0
21860000,120.0
21861184,49.0
21865088,61.0
21869584,57.0
21876752,84.0
21878592,30.0
21885248,71.0
21891200,70.0
21891488,61.0
21895744,73.0
21896608,80.0
21922320,77.0
21942768,55.0
21946256,65.0
21950992,65.0
21955632,83.0
21963808,62.0
21969808,57.0
21973600,62.0
21978848,62.0
21982096,54.0
21999824,53.0
22013392,79.0
22017936,57.0
22027536,75.0
22032688,127.0
22044128,90.0
22045632,55.0
22049904,74.0
22056352,84.0
22064688,61.0
22068656,78.0
22069408,56.0
22076720,98.0
22078832,92.0
22080720,67.0
22081232,74.0
22084944,61.0
22085776,66.0
22087120,61.0
22090688,104.0
22092304,58.0
22093696,74.0
22100128,55.0
22100448,64.0
22104256,69.0
22106448,63.0
22107856,81.0
22121424,51.0
22122880,90.0
22127520,49.0
22130944,66.0
22137264,63.0
22143968,58.0
22147024,93.0
22149408,57.0
22150080,80.0
22157040,86.0
22170688,123.0
22176112,67.0
22194480,78.0
22195840,69.0
22198624,93.0
22203664,57.0
22212400,62.0
22213008,39.0
22219136,61.0
22219664,103.0
22229328,62.0
22233952,103.0
22239120,54.0
22252080,48.0
22258800,68.0
22267440,73.0
22305824,57.0
22306208,71.0
22313824,76.0
22320560,75.0
22324176,49.0
22324400,60.0
22343696,83.0
22344512,79.0
22347952,56.0
22348016,59.0
22355776,58.0
22356816,61.0
22363888,72.0
22369424,67.0
22375120,56.0
22383536,55.0
22390976,68.0
22393536,71.0
22401040,86.0
22419280,52.0
22420032,52.0
22424544,76.0
22425424,73.0
22441808,110.0
22442256,58.0
22450720,62.0
22451792,76.0
22469664,70.0
22472080,63.0
22476096,43.0
22480976,81.0
22487888,75.0
22489280,128.0
22493680,58.0
22506192,70.0
22507536,90.0
22508976,40.0
22517472,58.0
22527024,57.0
22533632,116.0
22535408,71.0
22538576,134.0
22541472,51.0
22542064,75.0
22553184,119.0
22567488,54.0
22568592,82.0
22571216,48.0
22577232,84.0
22578016,79.0
22592688,53.0
22614096,68.0
22615648,85.0
22616752,109.0
22624720,59.0
22631520,87.0
22631936,90.0
22636928,55.0
22638112,98.0
22638768,61.0
22644208,57.0
22650080,67.0
22652912,125.0
22653904,94.0
22655280,74.0
22660144,134.0
22672976,73.0
22682848,54.0
22693264,73.0
22714000,111.0
22715632,111.0
22720960,123.0
22722832,69.0
22723968,75.0
22726480,100.0
22741520,102.0
22783760,104.0
22788736,83.0
22794688,90.0
22794752,76.0
22798976,103.0
22801136,113.0
22817056,88.0
22834432,105.0
22834864,82.0
22848128,69.0
22861680,114.0
22866144,109.0
22870736,74.0
22879712,93.0
22881792,65.0
22888544,94.0
22890480,124.0
22897952,93.0
22901568,140.0
22908560,80.0
22909600,81.0
22923392,134.0
22928848,135.0
22930912,67.0
22938256,95.0
22941216,87.0
22951072,82.0
22959824,81.0
22972112,70.0
22992592,91.0
22993232,117.0
23011504,115.0
23032512,68.0
23032800,83.0
23041520,63.0
23041648,109.0
23044576,62.0
23057968,74.0
23077856,68.0
23095408,101.0
23097984,98.0
23101344,63.0
23103104,99.0
23104336,86.0
23111616,116.0
23113568,68.0
23119280,73.0
23123840,69.0
23135008,74.0
23152160,64.0
23156704,78.0
23177424,110.0
23182080,48.0
23185792,110.0
23195120,87.0
23202416,57.0
23209104,80.0
23213840,85.0
23215152,112.0
23217136,68.0
23223072,46.0
23223472,76.0
23230832,82.0
23233424,56.0
23233824,107.0
23234096,72.0
23250672,67.0
23252480,77.0
23253328,83.0
23259888,58.0
23260448,74.0
23261040,131.0
23264864,134.0
23273520,77.0
23273776,76.0
23281872,118.0
23285344,66.0
23287088,123.0
23288592,87.0
23299424,110.0
23310944,58.0
23311760,72.0
23319568,54.0
23326336,111.0
23330432,56.0
23331904,68.0
23341136,61.0
23354528,66.0
23361440,83.0
23372416,62.0
23377360,60.0
23378976,121.0
23380288,69.0
23382288,80.0
23391216,65.0
23392336,121.0
23392976,84.0
23400288,71.0
23402976,94.0
23405568,121.0
23408752,85.0
23413040,70.0
23413264,71.0
23415872,120.0
23418960,68.0
23424992,58.0
23425136,67.0
23426336,115.0
23431952,68.0
23432000,95.0
23434496,67.0
23436816,70.0
23437040,93.0
23439552,111.0
23447888,104.0
23451936,88.0
23458096,78.0
23460880,87.0
23468096,65.0
23468224,62.0
23495168,66.0
23498400,61.0
23499584,63.0
23502320,49.0
23502848,62.0
23508448,81.0
23513824,83.0
23516656,62.0
23538640,56.0
23554080,68.0
23562640,104.0
23564512,130.0
23570608,230.0
23577024,60.0
23584592,35.0
23588400,57.0
23589584,79.0
23596048,74.0
23615184,111.0
23616736,74.0
23618864,110.0
23620768,50.0
23622720,87.0
23627776,66.0
23630128,90.0
23630160,72.0
23632784,83.0
23637600,58.0
23637968,45.0
23647872,85.0
23670176,56.0
23672144,111.0
23676960,74.0
23677664,92.0
23692592,95.0
23694432,80.0
23700544,86.0
23722736,117.0
23732272,64.0
23747808,66.0
23764480,83.0
23768160,53.0
23770432,63.0
23773968,111.0
23778992,69.0
23779504,119.0
23789744,77.0
23809616,70.0
23809712,116.0
23818880,67.0
23834688,95.0
23852896,85.0
23857888,72.0
23861360,73.0
23876064,92.0
23880528,67.0
23883536,116.0
23887312,47.0
23888448,83.0
23891952,82.0
23901264,75.0
23903280,64.0
23905392,51.0
23910896,99.0
23913424,74.0
23920864,71.0
23926448,106.0
23928672,66.0
23935440,60.0
23936096,89.0
23939872,84.0
23943264,103.0
23954592,59.0
23966240,85.0
23975824,73.0
23985584,80.0
23991120,54.0
23997248,71.0
24004544,153.0
24005792,103.0
24009776,79.0
24012608,53.0
24017424,66.0
24020576,110.0
24022384,89.0
24024176,111.0
24028832,58.0
24039776,69.0
24041312,121.0
24041328,84.0
24058416,46.0
24061664,96.0
24065760,75.0
24068032,117.0
24076992,130.0
24078112,87.0
24095296,84.0
24101824,75.0
24104592,74.0
24107424,129.0
24113056,128.0
24114368,77.0
24119456,79.0
24119648,78.0
24148032,110.0
24161120,55.0
24162512,77.0
24164768,78.0
24174288,60.0
24185264,57.0
24192656,71.0
24203680,59.0
24203856,33.0
24207136,91.0
24211520,61.0
24217392,85.0
24222176,74.0
24224560,66.0
24225136,51.0
24228960,51.0
24235152,85.0
24237360,87.0
24238000,82.0
24243328,100.0
24245056,107.0
24246128,104.0
24246352,63.0
24256080,54.0
24272000,62.0
24273296,147.0
24274208,67.0
24279056,138.0
24288848,69.0
24300896,58.0
24302912,86.0
24303040,62.0
24308320,71.0
24310208,79.0
24311056,59.0
24317248,62.0
24319248,68.0
24319744,79.0
24321104,82.0
24323552,66.0
24331616,54.0
24331664,83.0
24335888,86.0
24336096,51.0
24341392,103.0
24343712,79.0
24351648,86.0
24363392,106.0
24374272,80.0
24387904,66.0
24399936,102.0
24401232,58.0
24421024,70.0
24429456,72.0
24430688,86.0
24437120,99.0
24440800,59.0
24445952,73.0
24446032,107.0
24448480,104.0
24450928,61.0
24458880,56.0
24463360,61.0
24465904,60.0
24472624,89.0
24475040,58.0
24485584,77.0
24487968,59.0
24491280,73.0
24496096,85.0
24501408,85.0
24503200,71.0
24503376,88.0
24505040,114.0
24505648,74.0
24521552,55.0
24525008,62.0
24525552,47.0
24529200,60.0
24531888,74.0
24539376,50.0
24540352,77.0
24550528,104.0
24552992,88.0
24556752,53.0
24559616,63.0
24565040,57.0
24567088,58.0
24568208,70.0
24569888,75.0
24593024,46.0
24597072,63.0
24598672,58.0
24609296,56.0
24610160,66.0
24610416,69.0
24610608,55.0
24618064,54.0
24623856,88.0
24631520,58.0
24641840,63.0
24642592,46.0
24644960,63.0
24648272,68.0
24654944,56.0
24658704,63.0
24662656,74.0
24668128,54.0
24670848,79.0
24670944,68.0
24675968,95.0
24677664,72.0
24694736,82.0
24707360,53.0
24708080,57.0
24727968,60.0
24729616,102.0
24733408,77.0
24736080,54.0
24737056,52.0
24738160,64.0
24742368,64.0
24742512,77.0
24745168,107.0
24745264,55.0
24749600,64.0
24750480,133.0
24756768,63.0
24758320,74.0
24760784,55.0
24761936,72.0
24763232,77.0
24770768,57.0
24775152,55.0
24782800,83.0
24785392,78.0
24791760,62.0
24797472,72.0
24813872,49.0
24822400,65.0
24847776,70.0
24848592,150.0
24854096,51.0
24854304,64.0
24858112,62.0
24859664,58.0
24860720,85.0
24861904,57.0
24862720,82.0
24863696,98.0
24868336,50.0
24877344,62.0
24878752,57.0
24879760,83.0
24880304,65.0
24889024,55.0
24896944,57.0
24897408,57.0
24898800,70.0
24910368,43.0
24911344,48.0
24914112,66.0
24915200,49.0
24922272,58.0
24926640,57.0
24928256,56.0
24928288,65.0
24928368,59.0
24929104,69.0
24929232,89.0
24934848,50.0
24943088,70.0
24944624,62.0
24952208,61.0
24958448,60.0
24958864,67.0
24960048,91.0
24960208,56.0
24961104,65.0
24967872,59.0
24968720,45.0
24973776,68.0
24981744,57.0
24984800,76.0
24996096,69.0
24999648,48.0
25000576,59.0
25002592,69.0
25005632,157.0
25007952,52.0
25010928,54.0
25019104,54.0
25025120,60.0
25030560,53.0
25035568,52.0
25042000,59.0
25051952,82.0
25054832,53.0
25061952,67.0
25061952,66.0
25068960,52.0
25071408,61.0
25077664,101.0
25082944,74.0
25084336,58.0
25090624,60.0
25094576,47.0
25096528,49.0
25097232,58.0
25104368,71.0
25105776,98.0
25106560,75.0
25108176,67.0
25108800,78.0
25112240,88.0
25113248,61.0
25114608,79.0
25116464,82.0
25122864,58.0
25125440,51.0
25131728,50.0
25132768,55.0
25142816,64.0
25149632,83.0
25151184,56.0
25162048,58.0
25162096,64.0
25162784,46.0
25164208,73.0
25177472,59.0
25177920,61.0
25178016,43.0
25181280,68.0
25189568,73.0
25201312,65.0
25209024,70.0
25210240,40.0
25211712,41.0
25213712,51.0
25217872,63.0
25221408,55.0
25232208,71.0
25236816,53.0
25245232,64.0
25249328,62.0
25251120,40.0
25257984,55.0
25260176,49.0
25260384,56.0
25266800,74.0
25275232,68.0
25276208,58.0
25278320,59.0
25288080,73.0
25290944,80.0
25296688,57.0
25301856,70.0
25302144,50.0
25302800,54.0
25304976,63.0
25305216,42.0
25309808,56.0
25310672,60.0
25311024,62.0
25313680,89.0
25321664,62.0
25322064,126.0
25330896,75.0
25331408,83.0
25334096,52.0
25344144,60.0
25344256,69.0
25363808,60.0
25382976,56.0
25390048,62.0
25395136,105.0
25402672,63.0
25404048,66.0
25405184,59.0
25419088,66.0
25426288,48.0
25426752,58.0
25427552,57.0
25435104,75.0
25443024,54.0
25445056,58.0
25448864,92.0
25457280,78.0
25460512,65.0
25461728,80.0
25468144,65.0
25471744,71.0
25473536,60.0
25477232,76.0
25494832,90.0
25504576,75.0
25505056,54.0
25517376,47.0
25517872,75.0
25522544,59.0
25529520,69.0
25531312,64.0
25532816,93.0
25535824,79.0
25536816,61.0
25538128,55.0
25546640,60.0
25551536,60.0
25559168,71.0
25560048,72.0
25560624,51.0
25564528,96.0
25573568,50.0
25577952,69.0
25580384,72.0
25582368,56.0
25586608,59.0
25588896,78.0
25601040,58.0
25601952,66.0
25604608,60.0
25606512,66.0
25613472,64.0
25618048,69.0
25624624,65.0
25626112,75.0
25633504,119.0
25636000,73.0
25647376,46.0
25648816,56.0
25660896,84.0
25662384,51.0
25668112,54.0
25668240,74.0
25674176,80.0
25675216,77.0
25676304,58.0
25677840,78.0
25680560,84.0
25687024,86.0
25687584,76.0
25691088,53.0
25693520,55.0
25700464,70.0
25709840,65.0
25716176,69.0
25719632,45.0
25723056,50.0
25730896,53.0
25733296,61.0
25737616,76.0
25743120,61.0
25749872,61.0
25750352,47.0
25752848,63.0
25764864,64.0
25768000,82.0
25773072,101.0
25785520,55.0
25791280,73.0
25791664,52.0
25792560,56.0
25797232,73.0
25800448,45.0
25808208,71.0
25808448,49.0
25813712,83.0
25814208,105.0
25828976,52.0
25842720,85.0
25848736,94.0
25870112,91.0
25871728,64.0
25875072,71.0
25879072,93.0
25881104,77.0
25901168,83.0
25905536,69.0
25906368,75.0
25912560,64.0
25915696,58.0
25922768,50.0
25923264,74.0
25931008,90.0
25931920,77.0
25947088,78.0
25948288,64.0
25949504,97.0
25955632,64.0
25964992,97.0
25966224,70.0
25967376,84.0
25969488,57.0
25975616,72.0
25991744,60.0
25991808,58.0
25992032,99.0
26000960,75.0
26004736,113.0
26032912,60.0
26047760,52.0
26053952,75.0
26058992,61.0
26066400,69.0
26071056,55.0
26073664,52.0
26074672,70.0
26083792,81.0
26104416,79.0
26118208,55.0
26126160,74.0
26127296,70.0
26134656,81.0
26142832,119.0
26144800,69.0
26146432,76.0
26152096,75.0
26152912,64.0
26153504,87.0
26160064,64.0
26170192,93.0
26171760,86.0
26174016,55.0
26191872,52.0
26199728,96.0
26201632,54.0
26206000,63.0
26210624,79.0
26233680,42.0
26235984,65.0
26241856,83.0
26241904,49.0
26248432,91.0
26254336,77.0
26256640,78.0
26272272,70.0
26274256,64.0
26287488,69.0
26297312,59.0
26299488,57.0
26301600,59.0
26305552,73.0
26317360,52.0
26320496,68.0
26322320,69.0
26322720,60.0
26327632,52.0
26331872,51.0
26332416,69.0
26334016,57.0
26334960,78.0
26341568,60.0
26342784,111.0
26343280,68.0
26357392,50.0
26359488,84.0
26359568,63.0
26361712,60.0
26366896,61.0
26367088,60.0
26367984,67.0
26369792,76.0
26372288,68.0
26373552,55.0
26379168,52.0
26380800,53.0
26396528,57.0
26414688,68.0
26420048,72.0
26420704,79.0
26421552,59.0
26422544,61.0
26424960,45.0
26436624,66.0
26438320,66.0
26451904,67.0
26454704,55.0
26455744,64.0
26456000,53.0
26462848,65.0
26468384,63.0
26469136,74.0
26477648,73.0
26484416,56.0
26485856,70.0
26493424,56.0
26493872,66.0
26496352,82.0
26500720,78.0
26509328,88.0
26516080,66.0
26518992,68.0
26525744,73.0
26531648,80.0
26543888,7.0
26544960,48.0
26568160,72.0
26569760,99.0
26572608,61.0
26575712,70.0
26575952,56.0
26584464,55.0
26604592,63.0
26604800,51.0
26608608,59.0
26611120,78.0
26612720,74.0
26616832,57.0
26619168,51.0
26622288,43.0
26623728,63.0
26626688,93.0
26630176,57.0
26637168,48.0
26640368,105.0
26649744,58.0
26651952,52.0
26652864,58.0
26653216,63.0
26657808,60.0
26658592,80.0
26661392,71.0
26664336,56.0
26665696,69.0
26666432,67.0
26669056,59.0
26675888,65.0
26677744,84.0
26679328,68.0
26684000,74.0
26686224,55.0
26690336,58.0
26695792,53.0
26697392,49.0
26702576,74.0
26706592,71.0
26708160,62.0
26708528,62.0
26708768,55.0
26716080,48.0
26724384,73.0
26739024,77.0
26747744,89.0
26752576,44.0
26753008,70.0
26756096,60.0
26761984,61.0
26764448,66.0
26768992,143.0
26770048,65.0
26770944,70.0
26771168,56.0
26772864,61.0
26778048,41.0
26780992,42.0
26788432,45.0
26789776,63.0
26796864,63.0
26804304,77.0
26805776,76.0
26825104,68.0
26827472,58.0
26827776,61.0
26828400,52.0
26829696,46.0
26832096,49.0
26834144,56.0
26838768,56.0
26841776,68.0
26842048,112.0
26843024,53.0
26848592,57.0
26849120,62.0
26849408,50.0
26855200,62.0
26856512,55.0
26861120,54.0
26868944,53.0
26869744,60.0
26874224,75.0
26876592,83.0
26878016,49.0
26883568,53.0
26890752,59.0
26904992,46.0
26918448,59.0
26919440,62.0
26924624,75.0
26925728,62.0
26930528,65.0
26931296,63.0
26935120,66.0
26939120,58.0
26940160,56.0
26941136,84.0
26952576,77.0
26959632,49.0
26960224,66.0
26967584,55.0
26978112,61.0
26980720,70.0
26985552,75.0
26989200,69.0
26992240,63.0
27013424,33.0
27018864,70.0
27019104,56.0
27028272,52.0
27028688,77.0
27035296,62.0
27039920,51.0
27048848,64.0
27050992,77.0
27051632,86.0
27058656,67.0
27066256,68.0
27073824,50.0
27082784,67.0
27111440,61.0
27112480,71.0
27112768,47.0
27118016,30.0
27122512,46.0
27124208,54.0
27127536,48.0
27131504,104.0
27132976,60.0
27135040,53.0
27141888,70.0
27144000,76.0
27144896,55.0
27147344,56.0
27160480,67.0
27173200,73.0
27187888,96.0
27196160,91.0
27198864,63.0
27199056,71.0
27201728,73.0
27201840,48.0
27216384,61.0
27220608,60.0
27223056,53.0
27225312,76.0
27233008,70.0
27246224,56.0
27247072,67.0
27247216,50.0
27247760,85.0
27249312,73.0
27249680,61.0
27255568,54.0
27261424,70.0
27262464,74.0
27269200,77.0
27271664,50.0
27273872,72.0
27277200,56.0
27278944,66.0
27291824,55.0
27295120,76.0
27299472,58.0
27300224,71.0
27300320,57.0
27304864,54.0
27309280,83.0
27313792,70.0
27314912,58.0
27317488,58.0
27323424,74.0
27325472,66.0
27336592,47.0
27346944,51.0
27357344,79.0
27366336,92.0
27366400,57.0
27368752,80.0
27378928,68.0
27380544,65.0
27391296,50.0
27391936,64.0
27394000,78.0
27407264,66.0
27413168,65.0
27415584,77.0
27420944,78.0
27435024,67.0
27435040,58.0
27436576,51.0
27453168,105.0
27463152,127.0
27465056,53.0
27471984,58.0
27481920,77.0
27491184,81.0
27492896,73.0
27496912,62.0
27499120,70.0
27522384,84.0
27526736,63.0
27527280,37.0
27536464,86.0
27539600,91.0
27546576,66.0
27560672,69.0
27561392,80.0
27566320,51.0
27567040,61.0
27568128,62.0
27571744,73.0
27572848,63.0
27575664,57.0
27576096,73.0
27585040,94.0
27585968,57.0
27588640,76.0
27590608,81.0
27592784,70.0
27624560,75.0
27627184,84.0
27630304,66.0
27631536,80.0
27633376,73.0
27633856,85.0
27644768,81.0
27648112,82.0
27651344,74.0
27672576,70.0
27674272,85.0
27691808,67.0
27698800,78.0
27705584,91.0
27720848,51.0
27722208,52.0
27738160,97.0
27744064,84.0
27744912,61.0
27748304,89.0
27764768,54.0
27767024,58.0
27769376,71.0
27773808,65.0
27777696,68.0
27782624,75.0
27786208,68.0
27791760,79.0
27798816,88.0
27802496,81.0
27807696,98.0
27822032,67.0
27822048,84.0
27832512,114.0
27833936,46.0
27848144,74.0
27855408,69.0
27867200,66.0
27868784,53.0
27889232,77.0
27892864,77.0
27896752,76.0
27897664,55.0
27921024,94.0
27921696,42.0
27922608,56.0
27926912,61.0
27928352,81.0
27935088,71.0
27935664,66.0
27944592,53.0
27949040,70.0
27959008,125.0
27963280,85.0
27964784,75.0
27969024,83.0
27975184,123.0
27980656,95.0
27983376,78.0
27987984,80.0
27992160,82.0
28006128,69.0
28025392,50.0
28029072,55.0
28030064,61.0
28043344,65.0
28049616,58.0
28050544,103.0
28055200,94.0
28055424,76.0
28057280,79.0
28062496,64.0
28072576,105.0
28076240,60.0
28077360,57.0
28078128,106.0
28091280,64.0
28092976,76.0
28107696,67.0
28114528,87.0
28118144,66.0
28122448,97.0
28123488,68.0
28127440,62.0
28146384,49.0
28149840,101.0
28150256,69.0
28150816,95.0
28157744,61.0
28169536,77.0
28178672,89.0
28194128,73.0
28194288,45.0
28194864,77.0
28195680,129.0
28198128,98.0
28223376,80.0
28224544,72.0
28225168,37.0
28229072,61.0
28233824,115.0
28234368,85.0
28234688,51.0
28253200,56.0
28255584,63.0
28260368,49.0
28265648,58.0
28269072,77.0
28270800,78.0
28274208,74.0
28279104,85.0
28291840,93.0
28304080,62.0
28304096,78.0
28305328,70.0
28307680,189.0
28317168,42.0
28318432,62.0
28323104,63.0
28330160,93.0
28331024,60.0
28336432,100.0
28347264,47.0
28360864,108.0
28371552,99.0
28374880,81.0
28381520,52.0
28382512,93.0
28384624,51.0
28389392,77.0
28389408,59.0
28391552,61.0
28393040,70.0
28393248,69.0
28402528,111.0
28403232,67.0
28408896,49.0
28412496,44.0
28421840,77.0
28423312,84.0
28423696,67.0
28448960,94.0
28449328,55.0
28451280,69.0
28463072,78.0
28474736,60.0
28482400,80.0
28501888,93.0
28512096,87.0
28520432,90.0
28523456,109.0
28531344,123.0
28548656,55.0
28554032,83.0
28555456,76.0
28563168,83.0
28576768,52.0
28579904,66.0
28591840,52.0
28595648,71.0
28597408,59.0
28603920,49.0
28622800,85.0
28628480,41.0
28633136,78.0
28641952,64.0
28647280,72.0
28657920,56.0
28686512,71.0
28687936,103.0
28688976,121.0
28689632,115.0
28691344,77.0
28693216,90.0
28694784,98.0
28700048,49.0
28703488,62.0
28704960,66.0
28705008,109.0
28705952,61.0
28711136,77.0
28720704,86.0
28731040,73.0
28735056,82.0
28735312,72.0
28740368,82.0
28743376,70.0
28744224,80.0
28745424,102.0
28745440,48.0
28753936,85.0
28762544,78.0
28770112,36.0
28771360,80.0
28776064,83.0
28781504,44.0
28781504,92.0
28783504,52.0
28784384,53.0
28785984,99.0
28787296,65.0
28789072,55.0
28800304,92.0
28801360,100.0
28803152,73.0
28804656,105.0
28817424,143.0
28820352,86.0
28821936,47.0
28825168,80.0
28828720,71.0
28833104,90.0
28836592,74.0
28837952,95.0
28851664,98.0
28859232,43.0
28862256,66.0
28863296,85.0
28873632,116.0
28892336,62.0
28898048,64.0
28903952,54.0
28920048,71.0
28921024,123.0
28921824,70.0
28928336,60.0
28929888,69.0
28954240,74.0
28970912,50.0
28971984,82.0
28974176,59.0
28984576,73.0
28986448,115.0
28997024,80.0
29002128,74.0
29007568,85.0
29017488,55.0
29021344,58.0
29022304,74.0
29026608,98.0
29030320,73.0
29033744,81.0
29035408,81.0
29039456,44.0
29048192,65.0
29053872,51.0
29054496,69.0
29056864,58.0
29064368,44.0
29067968,79.0
29071968,77.0
29076400,69.0
29078560,118.0
29083680,60.0
29085360,46.0
29086304,78.0
29087936,54.0
29100240,75.0
29101840,86.0
29108224,56.0
29111696,46.0
29114256,64.0
29114272,99.0
29118640,56.0
29119600,67.0
29121904,64.0
29125824,72.0
29126880,94.0
29134128,54.0
29136992,70.0
29141296,91.0
29143808,60.0
29146912,54.0
29150624,42.0
29151936,61.0
29166656,96.0
29171344,64.0
29177392,100.0
29181504,59.0
29183840,65.0
29184112,114.0
29192640,72.0
29195120,57.0
29195152,57.0
29201424,60.0
29205104,88.0
29205168,56.0
29208672,61.0
29210608,93.0
29214608,52.0
29216624,98.0
29227872,79.0
29228624,49.0
29231856,55.0
29239168,92.0
29239744,48.0
29244672,68.0
29253776,59.0
29254048,80.0
29260960,71.0
29261792,92.0
29262384,55.0
29264608,91.0
29266416,56.0
29270896,45.0
29271808,56.0
29286576,62.0
29289680,64.0
29302432,74.0
29308976,66.0
29309536,53.0
29310112,83.0
29313840,50.0
29319760,72.0
29323200,47.0
29325456,77.0
29336448,80.0
29356000,74.0
29357264,89.0
29371344,52.0
29373472,77.0
29377136,47.0
29382128,76.0
29386960,66.0
29388592,53.0
29395440,46.0
29399120,53.0
29401104,57.0
29403648,89.0
29406768,77.0
29409024,62.0
29414960,46.0
29415840,57.0
29417088,102.0
29418656,96.0
29420336,65.0
29421680,93.0
29428256,44.0
29428688,70.0
29430368,63.0
29430576,63.0
29431616,75.0
29432256,81.0
29455264,50.0
29457072,43.0
29459504,39.0
29461520,49.0
29462272,40.0
29463328,52.0
29471744,64.0
29474160,57.0
29474464,89.0
29481280,49.0
29499968,73.0
29500576,69.0
29504960,61.0
29505008,62.0
29512016,70.0
29514432,61.0
29517248,29.0
29520880,48.0
29523568,54.0
29524832,64.0
29528144,59.0
29529648,79.0
29533808,57.0
29538288,55.0
29543920,61.0
29547376,85.0
29550848,74.0
29565712,66.0
29576928,63.0
29577808,53.0
29584576,75.0
29607344,42.0
29607888,41.0
29608496,71.0
29614144,62.0
29616016,41.0
29616960,52.0
29617296,56.0
29618128,75.0
29623424,47.0
29624416,48.0
29624544,49.0
29629296,67.0
29631792,51.0
29632288,74.0
29636544,39.0
29646480,89.0
29646896,52.0
29653888,66.0
29654208,63.0
29654240,46.0
29662720,48.0
29667568,52.0
29669424,77.0
29672096,47.0
29673040,69.0
29677200,50.0
29678960,53.0
29682432,62.0
29689536,47.0
29699008,74.0
29703936,59.0
29732416,53.0
29732656,55.0
29743360,49.0
29746288,64.0
29751168,83.0
29752672,73.0
29753648,60.0
29754000,59.0
29754016,65.0
29756208,67.0
29761008,61.0
29762064,66.0
29764688,90.0
29774464,85.0
29775056,50.0
29780208,69.0
29780528,104.0
29783232,34.0
29794336,86.0
29798992,47.0
29801456,44.0
29802208,87.0
29806704,38.0
29807168,63.0
29810256,64.0
29816800,76.0
29817440,55.0
29823584,64.0
29824336,67.0
29827072,106.0
29827520,60.0
29829152,87.0
29830592,64.0
29839408,48.0
29845088,101.0
29855968,59.0
29861120,72.0
29861744,60.0
29861744,52.0
29865712,48.0
29875664,73.0
29876816,54.0
29879168,71.0
29879904,61.0
29880672,48.0
29882016,108.0
29886240,97.0
29898288,73.0
29899968,62.0
29900944,38.0
29901360,69.0
29908928,37.0
29912816,39.0
29915600,47.0
29917840,41.0
29931536,65.0
29934240,57.0
29936896,52.0
29943536,89.0
29944736,52.0
29947856,58.0
29966016,54.0
29967120,36.0
29973328,55.0
29978080,65.0
29980832,74.0
30005200,51.0
30011616,72.0
30012192,71.0
30026288,67.0
30027824,39.0
30027840,45.0
30028864,64.0
30039760,58.0
30040128,62.0
30043264,61.0
30050400,56.0
30055040,72.0
30059088,59.0
30059568,56.0
30059920,51.0
30060496,52.0
30063232,65.0
30063440,57.0
30063520,54.0
30065776,51.0
30067776,59.0
30070016,48.0
30080240,56.0
30105136,50.0
30109856,50.0
30110496,39.0
30116496,52.0
30117792,60.0
30120128,59.0
30125856,77.0
30138288,47.0
30138592,56.0
30140032,66.0
30142224,66.0
30159888,55.0
30160400,55.0
30162576,40.0
30169472,39.0
30176656,50.0
30180736,56.0
30183536,51.0
30185472,52.0
30185984,73.0
30190320,73.0
30194224,52.0
30197824,55.0
30210448,74.0
30217712,67.0
30221536,67.0
30231616,76.0
30232320,61.0
30244048,76.0
30256048,122.0
30259312,99.0
30260816,48.0
30272368,60.0
30273216,59.0
30280320,67.0
30282464,64.0
30286272,60.0
30286896,90.0
30301872,76.0
30303728,47.0
30305424,70.0
30310560,57.0
30311456,56.0
30318256,58.0
30320048,64.0
30321840,114.0
30324704,63.0
30327968,60.0
30331616,48.0
30332704,86.0
30336368,62.0
30337056,54.0
30345920,70.0
30348912,52.0
30350128,69.0
30353104,75.0
30355360,84.0
30359024,49.0
30359056,44.0
30364240,60.0
30377664,50.0
30381904,66.0
30389088,64.0
30391472,77.0
30394768,48.0
30396160,54.0
30397184,37.0
30398192,70.0
30407680,117.0
30408256,61.0
30408576,67.0
30440112,66.0
30463888,83.0
30466768,84.0
30467344,72.0
30474224,61.0
30489472,102.0
30495184,59.0
30499120,76.0
30499920,69.0
30504336,84.0
30508608,84.0
30510864,52.0
30515088,108.0
30516992,80.0
30524448,60.0
30526784,51.0
30543216,43.0
30544816,47.0
30546032,36.0
30548256,54.0
30553936,54.0
30565136,92.0
30573040,93.0
30575728,75.0
30586080,45.0
30589472,76.0
30597456,83.0
30601584,53.0
30607040,47.0
30613344,48.0
30614128,48.0
30615072,58.0
30625040,53.0
30627968,64.0
30633488,71.0
30637200,72.0
30638576,58.0
30642480,42.0
30643552,38.0
30651792,62.0
30652560,86.0
30664464,64.0
30666480,73.0
30669936,75.0
30678288,95.0
30689296,63.0
30691440,41.0
30692240,64.0
30693056,66.0
30704368,46.0
30709040,60.0
30713504,73.0
30714672,72.0
30717168,57.0
30722848,59.0
30729584,95.0
30742288,79.0
30746800,35.0
30747440,94.0
30763072,62.0
30765632,70.0
30766560,78.0
30773696,68.0
30780816,95.0
30784464,47.0
30806672,59.0
30807312,77.0
30809504,63.0
30810240,88.0
30814736,55.0
30820800,58.0
30824352,54.0
30826464,49.0
30827760,75.0
30828192,46.0
30842496,49.0
30844352,45.0
30845680,100.0
30855760,83.0
30860064,50.0
30861952,77.0
30864192,79.0
30869360,49.0
30874640,124.0
30887728,50.0
30889712,51.0
30896304,68.0
30897392,56.0
30898304,78.0
30915040,34.0
30916880,87.0
30920624,62.0
30923840,86.0
30944336,59.0
30948560,54.0
30951392,82.0
30954848,97.0
30968992,58.0
30971440,49.0
30979056,99.0
30990128,45.0
31009952,63.0
31015360,106.0
31028832,61.0
31037728,82.0
31042000,93.0
31056208,66.0
31057120,56.0
31074288,82.0
31076160,67.0
31083856,94.0
31090768,94.0
31103392,69.0
31104240,96.0
31105184,111.0
31110944,76.0
31121920,84.0
31128960,70.0
31134864,81.0
31149360,84.0
31151808,103.0
31153200,49.0
31162224,65.0
31164768,55.0
31172496,83.0
31184624,76.0
31186096,91.0
31190512,67.0
31198608,45.0
31199536,62.0
31207472,71.0
31216992,67.0
31221632,107.0
31224304,77.0
31224880,78.0
31233824,113.0
31248880,88.0
31258928,71.0
31261584,60.0
31261760,55.0
31262736,94.0
31272112,69.0
31277008,73.0
31278624,68.0
31280816,61.0
31281696,54.0
31283408,74.0
31283520,85.0
31298368,46.0
31298480,81.0
31299616,70.0
31300048,84.0
31300080,70.0
31307264,32.0
31308032,52.0
31309920,99.0
31321680,102.0
31322400,70.0
31323280,98.0
31327216,70.0
31332592,57.0
31336032,70.0
31351840,83.0
31367712,112.0
31391296,82.0
31392336,64.0
31400480,85.0
31407968,49.0
31413712,102.0
31421408,94.0
31430496,130.0
31432336,71.0
31458672,104.0
31459344,65.0
31460480,92.0
31461792,101.0
31462432,39.0
31464352,89.0
31467600,60.0
31472048,56.0
31476352,57.0
31479440,52.0
31482848,84.0
31483744,75.0
31487936,53.0
31494544,91.0
31502976,71.0
31516544,81.0
31516832,84.0
31520256,73.0
31520576,53.0
31521856,74.0
31524016,35.0
31539936,74.0
31542160,47.0
31543600,68.0
31546496,74.0
31551328,53.0
31552384,83.0
31553584,84.0
31566560,62.0
31575312,71.0
31579680,66.0
31581024,88.0
31587664,80.0
31589232,67.0
31601568,53.0
31609040,119.0
31615584,65.0
31618544,57.0
31625920,57.0
31626912,52.0
31630096,82.0
31642976,68.0
31654256,60.0
31658640,88.0
31659088,85.0
31671728,95.0
31678624,55.0
31687872,84.0
31693184,34.0
31693808,64.0
31696960,69.0
31701456,62.0
31702528,39.0
31711744,55.0
31720544,54.0
31725504,44.0
31731168,62.0
31736816,64.0
31742800,52.0
31744288,68.0
31746432,68.0
31750048,59.0
31757536,61.0
31762560,37.0
31766224,72.0
31769824,77.0
31775792,66.0
31785872,59.0
31786880,62.0
31788464,59.0
31805088,38.0
31821360,86.0
31824448,59.0
31824480,47.0
31833664,88.0
31840672,69.0
31840688,60.0
31847120,48.0
31851296,63.0
31858032,90.0
31859152,54.0
31863552,62.0
31866096,88.0
31870880,89.0
31875440,63.0
31876352,78.0
31878976,62.0
31883104,80.0
31884560,52.0
31885760,72.0
31887200,62.0
31888592,72.0
31897536,66.0
31900192,84.0
31901904,67.0
31911456,56.0
31915968,65.0
31920816,68.0
31924752,62.0
31932544,57.0
31936016,68.0
31937712,61.0
31946112,45.0
31951136,70.0
31954320,26.0
31954640,68.0
31977104,53.0
31980704,68.0
32002784,61.0
32008016,84.0
32016192,57.0
32016880,80.0
32017440,51.0
32031488,75.0
32040912,69.0
32040928,78.0
32042016,87.0
32055728,76.0
32056384,64.0
32058944,126.0
32066096,81.0
32068288,56.0
32068880,97.0
32072640,69.0
32076720,63.0
32077584,74.0
32077888,109.0
32080928,82.0
32083056,93.0
32089328,88.0
32096976,64.0
32106688,88.0
32141232,52.0
32151008,50.0
32156368,63.0
32161536,116.0
32163072,84.0
32179296,45.0
32182464,85.0
32199728,49.0
32207936,82.0
32213328,74.0
32215920,83.0
32216688,91.0
32218240,73.0
32219168,58.0
32222256,107.0
32245104,50.0
32248976,66.0
32249088,80.0
32251760,89.0
32252896,92.0
32254416,138.0
32264384,75.0
32266944,75.0
32282576,58.0
32305552,83.0
32308240,59.0
32310432,88.0
32313968,81.0
32315168,95.0
32318704,66.0
32320496,49.0
32330384,83.0
32333120,59.0
32338464,100.0
32342768,91.0
32345456,59.0
32356256,46.0
32359584,85.0
32363296,46.0
32366656,70.0
32379760,84.0
32380272,62.0
32381056,104.0
32385696,52.0
32389536,96.0
32392624,87.0
32403008,88.0
32427920,84.0
32433472,94.0
32444464,81.0
32450800,47.0
32470064,62.0
32470576,87.0
32486720,80.0
32487792,89.0
32488192,56.0
32489056,59.0
32492016,53.0
32492464,57.0
32499536,85.0
32503152,45.0
32506384,79.0
32509296,74.0
32520256,72.0
32521936,63.0
32528368,134.0
32535920,66.0
32536208,80.0
32536736,93.0
32538160,82.0
32540784,70.0
32552160,71.0
32556592,64.0
32557760,54.0
32562736,64.0
32565488,97.0
32574048,100.0
32575664,79.0
32576656,72.0
32576912,56.0
32577632,44.0
32586016,62.0
32589904,72.0
32590704,73.0
32591840,53.0
32594608,61.0
32601376,100.0
32603344,81.0
32603696,68.0
32611616,77.0
32618400,77.0
32621200,60.0
32621920,32.0
32631680,94.0
32634832,76.0
32634976,93.0
32643552,94.0
32670192,101.0
32676144,62.0
32682528,97.0
32693408,61.0
32699232,84.0
32708576,60.0
32711648,65.0
32712336,71.0
32724064,61.0
32725696,115.0
32740800,87.0
32748656,74.0
32754608,85.0
32756464,76.0
32762560,46.0
32768112,73.0
32778704,38.0
32794000,66.0
32795488,69.0
32796416,67.0
32800320,81.0
32823056,54.0
32825056,58.0
32836464,99.0
32837360,55.0
32841152,79.0
32859424,69.0
32860288,59.0
32871440,108.0
32872416,60.0
32878624,94.0
32881296,44.0
32882576,91.0
32883472,74.0
32886672,109.0
32888960,88.0
32889616,72.0
32894624,72.0
32902176,85.0
32910192,72.0
32911344,106.0
32912704,73.0
32915600,55.0
32917152,102.0
32920976,73.0
32923056,95.0
32934352,98.0
32934848,72.0
32936736,76.0
32938816,100.0
32940880,77.0
32945408,41.0
32949904,77.0
32951552,33.0
32952288,58.0
32952480,61.0
32965136,50.0
32974816,87.0
32985136,45.0
32999024,95.0
33011232,61.0
33012624,65.0
33016992,44.0
33027040,72.0
33027120,64.0
33034096,44.0
33039328,70.0
33040560,76.0
33045024,76.0
33061136,50.0
33071680,69.0
33073648,94.0
33079312,56.0
33080688,57.0
33085056,31.0
33088288,64.0
33091088,63.0
33095408,58.0
33100144,83.0
33100496,114.0
33106864,69.0
33110480,87.0
33121904,86.0
33125280,78.0
33139904,135.0
33145328,84.0
33145504,112.0
33152704,65.0
33159264,113.0
33169936,54.0
33172624,64.0
33178640,48.0
33183824,75.0
33187728,85.0
33187968,76.0
33199408,73.0
33210112,77.0
33210816,61.0
33219792,89.0
33221840,99.0
33222960,46.0
33226912,61.0
33235424,68.0
33240480,67.0
33246784,73.0
33252496,103.0
33259056,96.0
33264080,74.0
33269024,63.0
33278560,101.0
33283536,70.0
33306768,78.0
33311920,86.0
33313504,120.0
33314368,88.0
33316688,94.0
33318288,99.0
33321536,125.0
33327840,51.0
33330768,85.0
33332080,74.0
33336064,44.0
33342544,75.0
33344448,72.0
33344928,49.0
33349888,70.0
33351984,54.0
33355792,113.0
33355984,55.0
33359696,74.0
33361168,98.0
33365488,104.0
33370784,73.0
33378608,77.0
33378976,66.0
33385776,79.0
33396304,41.0
33398608,56.0
33405504,87.0
33405920,66.0
33411600,48.0
33413568,65.0
33420768,50.0
33432672,54.0
33448432,49.0
33462608,80.0
33464240,72.0
33466352,55.0
33469104,74.0
33470752,103.0
33471568,60.0
33487984,70.0
33493872,67.0
33495296,82.0
33498528,94.0
33507248,78.0
33512320,87.0
33512848,91.0
33518304,81.0
33519216,61.0
33521408,90.0
33525696,68.0
33525792,87.0
33530752,81.0
33534352,57.0
33534688,85.0
33538320,58.0
33544096,65.0
33555568,52.0
33563696,53.0
33563808,74.0
33568112,63.0
33582960,114.0
33585904,73.0
33590528,50.0
33591504,99.0
33601104,49.0
33611456,78.0
33615152,50.0
33621072,70.0
33621408,75.0
33636240,54.0
33640592,77.0
33642112,91.0
33646272,54.0
33655696,57.0
33660320,68.0
33665440,73.0
33669552,51.0
33674656,59.0
33675008,97.0
33686976,115.0
33688752,74.0
33698480,75.0
33701104,83.0
33706432,64.0
33714320,66.0
33716032,60.0
33728000,50.0
33732592,64.0
33737264,120.0
33738960,85.0
33742768,89.0
33750832,75.0
33751952,90.0
33757392,94.0
33758704,75.0
33761952,78.0
33778880,68.0
33781616,65.0
33785456,81.0
33801552,91.0
33804048,82.0
33812112,71.0
33815936,129.0
33826368,53.0
33833568,82.0
33833888,37.0
33834560,128.0
33835440,54.0
33839136,77.0
33840560,48.0
33845872,64.0
33847824,62.0
33860288,69.0
33861760,56.0
33862112,87.0
33872160,60.0
33875840,113.0
33885680,103.0
33896320,45.0
33896928,69.0
33900256,46.0
33904304,49.0
33905424,111.0
33913648,63.0
33914192,76.0
33919440,60.0
33931024,74.0
33935488,47.0
33936880,72.0
33941888,48.0
33942752,74.0
33947280,79.0
33948320,55.0
33950320,48.0
33954528,81.0
33954928,88.0
33956432,85.0
33957216,78.0
33962112,65.0
33963504,86.0
33976784,63.0
33988048,77.0
34002176,76.0
34023888,64.0
34040528,92.0
34041696,72.0
34043920,62.0
34047360,85.0
34055392,80.0
34067472,78.0
34069424,85.0
34070192,46.0
34073632,85.0
34075616,65.0
34087680,85.0
34092000,100.0
34094160,91.0
34103760,54.0
34105376,66.0
34114736,98.0
34121856,44.0
34126944,45.0
34133712,72.0
34134192,60.0
34142960,103.0
34148000,49.0
34152576,79.0
34157024,62.0
34157664,83.0
34162032,68.0
34163920,101.0
34164912,43.0
34167392,97.0
34172128,58.0
34173120,74.0
34174560,58.0
34175232,44.0
34177728,67.0
34179280,32.0
34192192,76.0
34193040,53.0
34198496,94.0
34206800,65.0
34210208,70.0
34224768,58.0
34232704,57.0
34245728,58.0
34249696,50.0
34252256,36.0
34255440,49.0
34270992,70.0
34275216,86.0
34276960,36.0
34279056,65.0
34287104,41.0
34293408,66.0
34298592,89.0
34323152,54.0
34326208,63.0
34328000,46.0
34332192,51.0
34333600,44.0
34340496,57.0
34353120,45.0
34355280,51.0
34364496,79.0
34365824,55.0
34369504,45.0
34374448,97.0
34378848,73.0
34384864,74.0
34385600,37.0
34389120,83.0
34392912,43.0
34398448,54.0
34402480,47.0
34402800,52.0
34408336,70.0
34419520,65.0
34430768,63.0
34436592,77.0
34438672,62.0
34439760,43.0
34440032,39.0
34440704,68.0
34441696,59.0
34443648,64.0
34446128,53.0
34446752,70.0
34448336,69.0
34453744,47.0
34455408,61.0
34455856,43.0
34457312,55.0
34461648,52.0
34467680,55.0
34472800,94.0
34486768,49.0
34491856,59.0
34492592,89.0
34496352,50.0
34499856,65.0
34503104,42.0
34507824,54.0
34508752,74.0
34512480,55.0
34513568,61.0
34515776,62.0
34520544,74.0
34520768,43.0
34521952,40.0
34528080,53.0
34534624,67.0
34538240,51.0
34540592,98.0
34554496,45.0
34565008,44.0
34572944,49.0
34573456,60.0
34573952,118.0
34576192,49.0
34576480,72.0
34580496,58.0
34595872,40.0
34606960,43.0
34612464,74.0
34613360,76.0
34615728,50.0
34619664,49.0
34625136,50.0
34627840,69.0
34628032,54.0
34628704,51.0
34630128,68.0
34635904,47.0
34641008,87.0
34642784,48.0
34642864,101.0
34647536,66.0
34659536,63.0
34666288,82.0
34666704,43.0
34672928,45.0
34680336,75.0
34682400,49.0
34683344,58.0
34683472,72.0
34687296,59.0
34688352,78.0
34691344,67.0
34694032,52.0
34695168,63.0
34696480,75.0
34703200,53.0
34705680,48.0
34706448,77.0
34708592,50.0
34711824,55.0
34713232,35.0
34714064,47.0
34718736,39.0
34723712,56.0
34725488,52.0
34739344,40.0
34740480,37.0
34752448,45.0
34772048,63.0
34783760,66.0
34789728,45.0
34797808,56.0
34809568,41.0
34815056,81.0
34820560,48.0
34823648,46.0
34824448,90.0
34826464,62.0
34827200,48.0
34838608,49.0
34838624,45.0
34841232,79.0
34844272,56.0
34845136,53.0
34852864,55.0
34858624,49.0
34860944,36.0
34862448,46.0
34865744,67.0
34865872,65.0
34866576,92.0
34868304,35.0
34875408,56.0
34879744,52.0
34880416,45.0
34881024,49.0
34881296,44.0
34883984,46.0
34884752,41.0
34890864,39.0
34892336,44.0
34897968,46.0
34901040,67.0
34902880,51.0
34905552,75.0
34913600,49.0
34918512,43.0
34923632,42.0
34927696,80.0
34927856,107.0
34928544,93.0
34933584,85.0
34934112,68.0
34937024,48.0
34948288,56.0
34948320,84.0
34951888,88.0
34952048,101.0
34959760,61.0
34962544,99.0
34963232,48.0
34965168,56.0
34970496,53.0
34974176,62.0
34976048,59.0
34986640,37.0
34987840,44.0
35004128,57.0
35019184,69.0
35021600,73.0
35030496,51.0
35038064,58.0
35040704,72.0
35042528,43.0
35043728,38.0
35053280,46.0
35054160,39.0
35064016,67.0
35065808,72.0
35068736,45.0
35077328,60.0
35077552,56.0
35100000,48.0
35103616,60.0
35107920,50.0
35108848,50.0
35111968,43.0
35115952,50.0
35122304,48.0
35128016,50.0
35130352,55.0
35131296,72.0
35135104,79.0
35139408,42.0
35141152,42.0
35144000,57.0
35146400,73.0
35148112,50.0
35156976,50.0
35158160,52.0
35164384,43.0
35174960,58.0
35175920,42.0
35177392,36.0
35181936,37.0
35186048,65.0
35190352,55.0
35194752,59.0
35201264,37.0
35201664,71.0
35202448,65.0
35204496,63.0
35205680,45.0
35205904,48.0
35210272,94.0
35216208,31.0
35219744,62.0
35231424,85.0
35235232,76.0
35238048,68.0
35238624,55.0
35240096,56.0
35244512,49.0
35252112,53.0
35255360,69.0
35257968,55.0
35264064,61.0
35265584,70.0
35269472,73.0
35272736,47.0
35274720,84.0
35275264,98.0
35277824,68.0
35278880,54.0
35298976,51.0
35309168,69.0
35313232,71.0
35315984,78.0
35317344,81.0
35318928,69.0
35320800,43.0
35333072,54.0
35333376,76.0
35342864,53.0
35346864,50.0
35348736,51.0
35352240,51.0
35353824,55.0
35353968,75.0
35354608,46.0
35358960,68.0
35359952,57.0
35372096,61.0
35374496,61.0
35377840,67.0
35380528,83.0
35392704,100.0
35404320,36.0
35412384,63.0
35415920,48.0
35418784,107.0
35419040,46.0
35424864,57.0
35426848,53.0
35430864,62.0
35430976,54.0
35432880,89.0
35438944,76.0
35444512,80.0
35448288,53.0
35452720,56.0
35454432,115.0
35475360,116.0
35485472,101.0
35488192,80.0
35489472,100.0
35498608,75.0
35508240,79.0
35514160,53.0
35515056,50.0
35519616,75.0
35525216,63.0
35528080,58.0
35531104,62.0
35532272,112.0
35535168,90.0
35538576,34.0
35545600,62.0
35545648,56.0
35549776,100.0
35550320,60.0
35550576,49.0
35551520,87.0
35553088,57.0
35554576,65.0
35557744,75.0
35557824,52.0
35562192,76.0
35565296,74.0
35571088,101.0
35590384,98.0
35593200,62.0
35593664,76.0
35595744,68.0
35607248,65.0
35615232,88.0
35620400,54.0
35625792,91.0
35633840,47.0
35636352,43.0
35640752,102.0
35651312,102.0
35653088,32.0
35653200,57.0
35654192,61.0
35654304,53.0
35664368,46.0
35670096,50.0
35674160,87.0
35676304,62.0
35682960,44.0
35686800,101.0
35687392,86.0
35692608,61.0
35707632,59.0
35710288,88.0
35720880,68.0
35725072,100.0
35725488,41.0
35730560,85.0
35731696,69.0
35735840,75.0
35744336,87.0
35747760,47.0
35748032,64.0
35756224,82.0
35756640,67.0
35763824,43.0
35767328,56.0
35780256,64.0
35781776,56.0
35782480,42.0
35785424,78.0
35786864,52.0
35787664,61.0
35791824,72.0
35793328,56.0
35825104,49.0
35827808,63.0
35846256,67.0
35849568,74.0
35860976,59.0
35862304,83.0
35865248,48.0
35878496,72.0
35878736,74.0
35889136,75.0
35891952,72.0
35893696,108.0
35899760,59.0
35903232,100.0
35903296,31.0
35904400,95.0
35909056,65.0
35917024,76.0
35921424,44.0
35923584,79.0
35940448,52.0
35941120,62.0
35943728,57.0
35945552,66.0
35947472,97.0
35956400,59.0
35958320,77.0
35962320,49.0
35968400,50.0
35982672,46.0
35993728,82.0
35995440,94.0
35999168,57.0
36007248,35.0
36016048,54.0
36022752,50.0
36045376,54.0
36046496,82.0
36053376,51.0
36054480,62.0
36057936,33.0
36068400,87.0
36071856,49.0
36071984,55.0
36074240,52.0
36078976,73.0
36084608,42.0
36093968,66.0
36094608,57.0
36099344,66.0
36112064,73.0
36118032,64.0
36118112,87.0
36118320,85.0
36121008,91.0
36129024,61.0
36130400,75.0
36130416,78.0
36135936,60.0
36136816,76.0
36147616,82.0
36150240,82.0
36155616,51.0
36155664,101.0
36159600,76.0
36160448,80.0
36163392,43.0
36165424,53.0
36166560,40.0
36169376,64.0
36188656,60.0
36189968,55.0
36199760,49.0
36201248,72.0
36204480,105.0
36206768,60.0
36210720,95.0
36230112,66.0
36237200,38.0
36246048,43.0
36246096,55.0
36247296,69.0
36253552,47.0
36258272,82.0
36260400,57.0
36260592,73.0
36261184,44.0
36262160,45.0
36262352,76.0
36263600,74.0
36269600,64.0
36270144,60.0
36274192,57.0
36281120,62.0
36283632,74.0
36288000,60.0
36294320,53.0
36295392,85.0
36296336,54.0
36301280,40.0
36310848,65.0
36314576,87.0
36316336,50.0
36317328,65.0
36321648,73.0
36326704,44.0
36329200,72.0
36333696,47.0
36333984,47.0
36336368,42.0
36364848,75.0
36373440,66.0
36376000,52.0
36376336,52.0
36377440,62.0
36379312,61.0
36383536,57.0
36383728,47.0
36385168,77.0
36389520,46.0
36411744,97.0
36414768,55.0
36432528,39.0
36436816,48.0
36448944,51.0
36452320,67.0
36457248,42.0
36459504,51.0
36461520,66.0
36462960,67.0
36467504,56.0
36469168,53.0
36486880,63.0
36492256,54.0
36496704,67.0
36501952,50.0
36504448,66.0
36516352,51.0
36523504,54.0
36536992,38.0
36537328,55.0
36538720,36.0
36546208,77.0
36560832,64.0
36560960,90.0
36578224,71.0
36578416,64.0
36588336,81.0
36602672,68.0
36605792,37.0
36612768,57.0
36616032,71.0
36626784,84.0
36632832,59.0
36634320,90.0
36634720,72.0
36639680,38.0
36642752,69.0
36642832,49.0
36650672,65.0
36656368,71.0
36656592,65.0
36676352,47.0
36686064,47.0
36686528,65.0
36691216,47.0
36692192,68.0
36696656,59.0
36699200,64.0
36701856,69.0
36704320,49.0
36708480,85.0
36710272,45.0
36716032,66.0
36716432,66.0
36722064,56.0
36728160,45.0
36735280,52.0
36735520,82.0
36736000,65.0
36747712,75.0
36748320,45.0
36748592,45.0
36774528,96.0
36776384,48.0
36778240,33.0
36780912,76.0
36781888,56.0
36785920,52.0
36786208,62.0
36788400,52.0
36799328,45.0
36800976,53.0
36807056,71.0
36808096,53.0
36809760,63.0
36817568,68.0
36819952,64.0
36833136,96.0
36836976,71.0
36841744,56.0
36867728,76.0
36868912,65.0
36876848,57.0
36879552,71.0
36880384,57.0
36903744,69.0
36911808,54.0
36920352,68.0
36924992,75.0
36931712,61.0
36931936,72.0
36937248,42.0
36937888,47.0
36943616,58.0
36948384,64.0
36952944,44.0
36954288,67.0
36956304,56.0
36960752,68.0
36962976,57.0
36964416,68.0
36970880,56.0
36975152,41.0
36976384,53.0
36987792,69.0
36994880,55.0
37002048,51.0
37007328,57.0
37007504,53.0
37015824,62.0
37020560,56.0
37027616,87.0
37032560,71.0
37032960,42.0
37042224,76.0
37043744,57.0
37046480,63.0
37047472,87.0
37050992,90.0
37054640,39.0
37057216,58.0
37059920,49.0
37061088,65.0
37061648,89.0
37074096,59.0
37076912,61.0
37077504,86.0
37082288,53.0
37092336,62.0
37096272,57.0
37098448,41.0
37099808,68.0
37102176,57.0
37104224,49.0
37108656,72.0
37119520,96.0
37121232,94.0
37126656,51.0
37133920,69.0
37134896,60.0
37135024,74.0
37136640,54.0
37147824,49.0
37152704,54.0
37164416,53.0
37166032,66.0
37168192,58.0
37170112,71.0
37170992,66.0
37179120,61.0
37180768,65.0
37183504,65.0
37184736,85.0
37191728,51.0
37193216,51.0
37199072,65.0
37204416,60.0
37205008,64.0
37205136,68.0
37210448,60.0
37226160,54.0
37230128,59.0
37241792,68.0
37243456,58.0
37248512,53.0
37250464,86.0
37260576,74.0
37263120,62.0
37263936,64.0
37268704,51.0
37274336,74.0
37290656,43.0
37290768,60.0
37291952,39.0
37301008,80.0
37301600,67.0
37307232,47.0
37320176,60.0
37320736,47.0
37324448,53.0
37343584,62.0
37356880,52.0
37358064,75.0
37359872,74.0
37359936,47.0
37361552,54.0
37361808,56.0
37367792,49.0
37374128,57.0
37376240,55.0
37377488,93.0
37379344,55.0
37381088,72.0
37389120,68.0
37398384,67.0
37403056,75.0
37403904,49.0
37404432,68.0
37405216,59.0
37409600,60.0
37420992,69.0
37424928,56.0
37430480,77.0
37431200,38.0
37441136,79.0
37446000,36.0
37447696,73.0
37448560,92.0
37450544,117.0
37452288,86.0
37455792,86.0
37465152,22.0
37476096,47.0
37478624,57.0
37481504,114.0
37504496,53.0
37511216,71.0
37514000,90.0
37516624,84.0
37517760,73.0
37518880,69.0
37526720,78.0
37528416,54.0
37533728,59.0
37537088,65.0
37537280,52.0
37548272,62.0
37570672,65.0
37572416,90.0
37574272,55.0
37579312,78.0
37581440,64.0
37582896,43.0
37586032,56.0
37589824,49.0
37590080,91.0
37592320,51.0
37598368,72.0
37598576,59.0
37603424,74.0
37604496,56.0
37606640,83.0
37606704,74.0
37609264,33.0
37609504,74.0
37623872,84.0
37625136,71.0
37625328,69.0
37626640,63.0
37634544,65.0
37638272,58.0
37639440,69.0
37652624,90.0
37656320,55.0
37669648,62.0
37674848,68.0
37677120,74.0
37680736,64.0
37683376,85.0
37685184,98.0
37688608,62.0
37690144,82.0
37691392,59.0
37704064,94.0
37706384,95.0
37707216,60.0
37710800,62.0
37712384,58.0
37714064,58.0
37718944,70.0
37721056,76.0
37721536,101.0
37723568,59.0
37723856,56.0
37731840,47.0
37742528,78.0
37748160,63.0
37751856,71.0
37754400,59.0
37756688,45.0
37761824,68.0
37770656,58.0
37777248,74.0
37780688,48.0
37786528,57.0
37791984,46.0
37795840,95.0
37796688,52.0
37799472,56.0
37802784,77.0
37811600,66.0
37828096,65.0
37831888,42.0
37834176,64.0
37835456,52.0
37839440,53.0
37840304,100.0
37840320,54.0
37847712,72.0
37853936,59.0
37854464,49.0
37855888,60.0
37856784,66.0
37857072,92.0
37859408,78.0
37864576,103.0
37872624,66.0
37876608,76.0
37905216,58.0
37906784,96.0
37908320,48.0
37916688,66.0
37919520,42.0
37925120,56.0
37926064,58.0
37929488,52.0
37931584,78.0
37936736,82.0
37938784,59.0
37939856,64.0
37941856,57.0
37946560,70.0
37955312,98.0
37960336,80.0
37962480,51.0
37973984,78.0
37995520,68.0
38002480,74.0
38006544,44.0
38008336,47.0
38020176,37.0
38024080,54.0
38026912,58.0
38028880,77.0
38028960,94.0
38033456,73.0
38037664,76.0
38037968,67.0
38044928,91.0
38049008,49.0
38052096,77.0
38054096,63.0
38065344,70.0
38067536,61.0
38070016,76.0
38077824,89.0
38082880,74.0
38102096,71.0
38102128,65.0
38102496,74.0
38112592,65.0
38114640,47.0
38118080,79.0
38127120,39.0
38127376,82.0
38128176,58.0
38138592,73.0
38149856,47.0
38163008,47.0
38167696,76.0
38176112,62.0
38181216,70.0
38182096,60.0
38184272,60.0
38194160,102.0
38196912,68.0
38197184,52.0
38200336,82.0
38206800,77.0
38212848,48.0
38215136,58.0
38220320,70.0
38223344,33.0
38224032,70.0
38233760,72.0
38234912,67.0
38237680,52.0
38238064,67.0
38242416,68.0
38246976,71.0
38254800,86.0
38255392,82.0
38259696,61.0
38260112,66.0
38260160,74.0
38260928,57.0
38273504,55.0
38274464,63.0
38276112,70.0
38281600,72.0
38281792,73.0
38284656,67.0
38305904,56.0
38311104,71.0
38311392,79.0
38328688,65.0
38331648,46.0
38334352,41.0
38336864,57.0
38339760,53.0
38343920,61.0
38344336,53.0
38347328,88.0
38350144,70.0
38363472,59.0
38363584,44.0
38367968,56.0
38369968,60.0
38370160,61.0
38370720,72.0
38372592,59.0
38381712,43.0
38384816,60.0
38390432,80.0
38391152,48.0
38391488,79.0
38401152,57.0
38403824,62.0
38406176,107.0
38416128,56.0
38434928,80.0
38436640,47.0
38441536,69.0
38456080,76.0
38466160,60.0
38467840,45.0
38470784,61.0
38481056,71.0
38488496,64.0
38489152,57.0
38490912,56.0
38498432,61.0
38498496,86.0
38498608,73.0
38504528,58.0
38504672,59.0
38505952,42.0
38508416,60.0
38524432,56.0
38524864,69.0
38539200,58.0
38544592,89.0
38546544,86.0
38555024,81.0
38557008,65.0
38560608,57.0
38562304,66.0
38562336,72.0
38564288,66.0
38566368,50.0
38572720,61.0
38576784,48.0
38580896,82.0
38581456,80.0
38590288,72.0
38590640,103.0
38591728,51.0
38594064,73.0
38594128,82.0
38599984,50.0
38601520,66.0
38605232,46.0
38612064,46.0
38624320,52.0
38625392,78.0
38628432,55.0
38631616,50.0
38638320,86.0
38641520,60.0
38644608,53.0
38651632,80.0
38657824,78.0
38667616,96.0
38668272,99.0
38678992,52.0
38680448,51.0
38682880,62.0
38685680,68.0
38685776,66.0
38686240,84.0
38691600,74.0
38700720,79.0
38701360,82.0
38702400,68.0
38705712,59.0
38719056,87.0
38722896,94.0
38731232,49.0
38733712,70.0
38734800,80.0
38740336,69.0
38741104,71.0
38743152,62.0
38753792,112.0
38755440,61.0
38764784,82.0
38768496,69.0
38769792,72.0
38778800,82.0
38779920,48.0
38781248,67.0
38790672,88.0
38804496,82.0
38804544,68.0
38816944,69.0
38820128,57.0
38823904,77.0
38842288,65.0
38852160,67.0
38862112,97.0
38862160,90.0
38863456,75.0
38875376,57.0
38878960,60.0
38884656,81.0
38885344,70.0
38893760,69.0
38901824,68.0
38903568,74.0
38918512,78.0
38943776,61.0
38958464,63.0
38959552,80.0
38962608,60.0
38967152,76.0
38968080,72.0
38971552,65.0
38974336,61.0
38977248,88.0
38986624,90.0
38986736,49.0
38993680,81.0
39001616,66.0
39002944,65.0
39008528,86.0
39008736,62.0
39009632,55.0
39015248,66.0
39019664,67.0
39021840,73.0
39043664,79.0
39043712,46.0
39054416,69.0
39056112,84.0
39069296,55.0
39086976,85.0
39090720,50.0
39099296,102.0
39115120,52.0
39125216,77.0
39132288,48.0
39133600,77.0
39134064,84.0
39137616,98.0
39139216,63.0
39141232,107.0
39142112,91.0
39155760,53.0
39156336,84.0
39162288,66.0
39172496,65.0
39175936,85.0
39176496,98.0
39181520,75.0
39186528,69.0
39200176,40.0
39213072,65.0
39214976,31.0
39216720,60.0
39220496,69.0
39245088,100.0
39246576,74.0
39246832,49.0
39248864,61.0
39248992,105.0
39260784,58.0
39261184,74.0
39266496,43.0
39266640,70.0
39272688,62.0
39275120,74.0
39278000,67.0
39282800,82.0
39289760,59.0
39291248,61.0
39295600,90.0
39296640,90.0
39297184,57.0
39297696,104.0
39306320,96.0
39307360,67.0
39310848,90.0
39320816,65.0
39322320,48.0
39326736,60.0
39327984,69.0
39336640,38.0
39345056,67.0
39345600,30.0
39358160,76.0
39365744,78.0
39366784,74.0
39369648,67.0
39371808,69.0
39372064,81.0
39385392,53.0
39386560,62.0
39392448,32.0
39395088,60.0
39397232,59.0
39403664,43.0
39407856,67.0
39424144,60.0
39426864,75.0
39427008,79.0
39436000,70.0
39443312,74.0
39451872,78.0
39458480,62.0
39469280,57.0
39472176,85.0
39477232,73.0
39487584,41.0
39499584,65.0
39506832,59.0
39508688,63.0
39514640,69.0
39515728,72.0
39518912,85.0
39521920,58.0
39524544,59.0
39525312,53.0
39525936,58.0
39528928,49.0
39533728,48.0
39534480,47.0
39544080,82.0
39551424,91.0
39561664,57.0
39562624,57.0
39569712,74.0
39570848,89.0
39572912,54.0
39598256,76.0
39601120,48.0
39602576,44.0
39603552,75.0
39617904,67.0
39618048,45.0
39624928,65.0
39633776,60.0
39646528,92.0
39648352,99.0
39660544,79.0
39662560,57.0
39667424,84.0
39673632,76.0
39679024,63.0
39681984,70.0
39683872,60.0
39693680,45.0
39700064,72.0
39702480,62.0
39704672,58.0
39706576,99.0
39709888,72.0
39711744,68.0
39718336,46.0
39724704,56.0
39725088,46.0
39730048,65.0
39731136,61.0
39735520,71.0
39737344,58.0
39740208,44.0
39753536,53.0
39762112,56.0
39768048,53.0
39770992,79.0
39778224,65.0
39778512,76.0
39783744,74.0
39784992,54.0
39786016,63.0
39794864,83.0
39800080,55.0
39801232,66.0
39808784,66.0
39813904,52.0
39826816,90.0
39839216,45.0
39850448,57.0
39856064,44.0
39856320,77.0
39862144,71.0
39871296,66.0
39871456,69.0
39875904,84.0
39890688,50.0
39902848,64.0
39910976,77.0
39912656,60.0
39918560,60.0
39919680,69.0
39932640,56.0
39934560,67.0
39934608,68.0
39936736,72.0
39939072,62.0
39944576,58.0
39946784,76.0
39950928,69.0
39957456,73.0
39957536,56.0
39965136,72.0
39966112,85.0
39970752,62.0
39979696,61.0
39980928,38.0
39990560,59.0
39993344,56.0
