step,value
2400,75.0
2816,88.0
5312,87.0
6112,52.0
6464,80.0
6880,59.0
11712,87.0
12032,88.0
12608,67.0
14432,75.0
15264,74.0
17920,92.0
20128,54.0
23968,52.0
25536,84.0
29120,50.0
29280,69.0
40640,85.0
40992,60.0
41248,87.0
43776,90.0
45792,57.0
46816,80.0
47648,69.0
50464,81.0
50496,68.0
51296,78.0
54816,100.0
58912,81.0
59008,54.0
59200,87.0
60864,54.0
63200,58.0
64032,83.0
65088,75.0
65568,83.0
65856,86.0
66240,79.0
67808,64.0
68512,68.0
71072,86.0
75776,74.0
79872,72.0
81312,91.0
83840,81.0
86528,81.0
90208,52.0
93824,133.0
95008,63.0
103936,80.0
106624,81.0
108064,54.0
113440,60.0
116224,89.0
119104,61.0
120256,54.0
124192,58.0
124832,69.0
129280,97.0
129632,64.0
130112,60.0
135520,71.0
142688,84.0
143104,102.0
145408,70.0
146912,81.0
147264,81.0
147584,95.0
155488,78.0
158112,70.0
162080,67.0
162336,68.0
164928,60.0
166112,65.0
171328,89.0
174048,60.0
178976,90.0
182656,90.0
182880,72.0
185632,79.0
189408,51.0
191392,69.0
192416,93.0
193760,83.0
194912,75.0
197824,93.0
199136,70.0
199232,66.0
201248,81.0
206912,91.0
210496,111.0
211328,66.0
214144,73.0
218880,83.0
219328,80.0
230432,66.0
230720,59.0
239584,63.0
240992,87.0
242144,77.0
242784,96.0
244288,90.0
253664,96.0
254784,92.0
255520,65.0
256096,75.0
257984,95.0
259200,55.0
260448,80.0
261856,79.0
263424,84.0
265664,86.0
268000,54.0
270752,71.0
271680,84.0
272000,82.0
272192,63.0
273248,60.0
276672,54.0
279776,72.0
280256,75.0
281376,69.0
282592,88.0
284256,57.0
284544,60.0
284992,107.0
285472,59.0
285952,101.0
287136,60.0
291200,66.0
292832,88.0
302144,90.0
303360,52.0
306880,78.0
307936,54.0
312352,84.0
312992,88.0
312992,67.0
314752,77.0
317568,85.0
319648,64.0
320224,66.0
322336,70.0
323104,71.0
324992,80.0
327520,75.0
328128,67.0
328544,69.0
329376,53.0
338336,86.0
340768,80.0
347264,104.0
350464,82.0
350496,84.0
352096,50.0
354848,65.0
361024,73.0
365440,92.0
368256,103.0
368768,53.0
369056,76.0
370880,81.0
371360,63.0
371648,81.0
375584,71.0
377024,65.0
377248,73.0
380448,68.0
382208,63.0
383968,73.0
392320,61.0
395424,69.0
397152,61.0
402464,84.0
405504,74.0
410400,76.0
410496,69.0
413632,158.0
414144,106.0
418880,57.0
419968,88.0
424064,77.0
424192,83.0
428864,84.0
433184,62.0
438240,73.0
439904,86.0
440640,62.0
443936,82.0
448544,104.0
450112,75.0
453024,69.0
454752,82.0
455072,86.0
456224,75.0
459200,84.0
460992,68.0
464832,77.0
467360,105.0
468288,78.0
470432,50.0
473888,95.0
476416,95.0
477696,85.0
478208,106.0
479520,81.0
480672,89.0
481088,70.0
482080,63.0
486688,105.0
486720,71.0
489568,81.0
489856,71.0
491456,69.0
493760,75.0
494240,63.0
498176,52.0
499872,89.0
502656,76.0
513056,78.0
513312,87.0
518848,86.0
527008,88.0
527776,65.0
534976,61.0
537536,86.0
541952,69.0
547424,81.0
552928,98.0
553440,78.0
557152,97.0
560928,72.0
565280,85.0
570016,62.0
571104,67.0
571264,66.0
573920,67.0
576416,68.0
579552,97.0
581280,53.0
581664,118.0
583616,79.0
586720,68.0
586816,61.0
592672,77.0
593504,97.0
594080,80.0
596864,64.0
598752,64.0
601760,74.0
606432,69.0
610080,91.0
610528,79.0
613408,84.0
615808,105.0
621568,87.0
628960,83.0
633952,88.0
638592,74.0
639680,63.0
642112,113.0
642112,77.0
643840,90.0
646848,63.0
652672,74.0
654080,61.0
655200,92.0
655936,73.0
656832,82.0
657536,72.0
657856,96.0
660032,78.0
665024,67.0
666400,78.0
667104,92.0
668256,90.0
668704,71.0
668864,82.0
675136,99.0
678112,68.0
680800,77.0
683712,65.0
683968,72.0
684960,81.0
688224,78.0
690240,65.0
700672,75.0
705696,78.0
707040,95.0
713824,91.0
715520,97.0
718304,254.0
720064,98.0
723168,62.0
727872,72.0
737952,69.0
740064,105.0
741824,95.0
743072,73.0
750176,68.0
752960,82.0
758560,78.0
759680,115.0
763904,82.0
764736,76.0
767392,85.0
774688,85.0
780448,102.0
780736,79.0
784000,65.0
785280,64.0
785504,78.0
785536,109.0
787712,69.0
790080,98.0
791008,130.0
796960,69.0
796960,364.0
797152,84.0
802400,64.0
805248,82.0
808352,64.0
811776,109.0
816864,77.0
821280,73.0
823040,97.0
827200,76.0
831552,55.0
834496,68.0
835392,127.0
836448,68.0
837856,85.0
844992,75.0
848416,78.0
852640,87.0
855328,62.0
856736,107.0
859008,58.0
859072,66.0
859264,334.0
862976,167.0
869088,64.0
870464,70.0
874560,89.0
878592,73.0
881824,71.0
884672,125.0
891104,60.0
891104,89.0
891328,68.0
892416,100.0
892672,71.0
893216,193.0
899616,105.0
901024,94.0
902592,92.0
902624,82.0
908800,89.0
908832,73.0
910176,98.0
916224,78.0
917696,72.0
918240,71.0
923424,115.0
925056,60.0
925696,69.0
928800,70.0
929408,61.0
930592,98.0
938656,94.0
942784,117.0
944064,61.0
948320,89.0
948896,95.0
956640,72.0
957088,55.0
957664,71.0
958496,61.0
963296,69.0
968256,116.0
971232,61.0
972448,67.0
975616,74.0
976960,81.0
979264,96.0
979456,72.0
981728,85.0
984640,88.0
984704,92.0
985824,211.0
986080,88.0
989216,86.0
994400,66.0
996032,82.0
999168,82.0
1001312,78.0
1008192,55.0
1009568,91.0
1010176,136.0
1011136,87.0
1013024,78.0
1019328,105.0
1022784,107.0
1024256,102.0
1024960,91.0
1025728,88.0
1028928,93.0
1030816,70.0
1032512,105.0
1036096,78.0
1036160,66.0
1042560,102.0
1043392,82.0
1044736,71.0
1048512,80.0
1053792,60.0
1058624,73.0
1059104,67.0
1059456,75.0
1059584,78.0
1061248,80.0
1078016,74.0
1083616,109.0
1089728,135.0
1090144,83.0
1092096,72.0
1092544,76.0
1093568,101.0
1097184,67.0
1103296,71.0
1103488,64.0
1105120,117.0
1105920,77.0
1107520,74.0
1114752,117.0
1118016,111.0
1120672,68.0
1124800,74.0
1127424,84.0
1129376,98.0
1137408,92.0
1139488,60.0
1144480,73.0
1147232,83.0
1152128,86.0
1152384,84.0
1154400,56.0
1157952,96.0
1160160,148.0
1164128,75.0
1172288,66.0
1172512,62.0
1178720,89.0
1180096,82.0
1183328,87.0
1183488,105.0
1186176,83.0
1187808,66.0
1191680,63.0
1194560,93.0
1196192,72.0
1199840,71.0
1202720,79.0
1204160,76.0
1204832,71.0
1205984,183.0
1209152,70.0
1214208,76.0
1214816,74.0
1218912,67.0
1220640,88.0
1223360,68.0
1225856,65.0
1225920,57.0
1225984,102.0
1227456,68.0
1231008,59.0
1232352,92.0
1234240,67.0
1234688,72.0
1239296,94.0
1241472,87.0
1243072,97.0
1247840,70.0
1247936,90.0
1253408,82.0
1258016,93.0
1260288,92.0
1265760,62.0
1266208,68.0
1266272,95.0
1269184,66.0
1279520,85.0
1280512,99.0
1283168,73.0
1288672,69.0
1288736,61.0
1289888,150.0
1294976,80.0
1300224,69.0
1306112,79.0
1319168,100.0
1319296,79.0
1319808,74.0
1321792,68.0
1322752,60.0
1323648,63.0
1323712,95.0
1324992,58.0
1327072,74.0
1336864,64.0
1338880,94.0
1339232,57.0
1340800,93.0
1343136,81.0
1344896,85.0
1348480,101.0
1348896,100.0
1349120,86.0
1349248,87.0
1350528,104.0
1352832,66.0
1355552,65.0
1366752,115.0
1370496,90.0
1373088,72.0
1373344,75.0
1373824,67.0
1375904,91.0
1379488,82.0
1381088,104.0
1386752,156.0
1389376,67.0
1392544,64.0
1393664,77.0
1397408,94.0
1398464,70.0
1399328,59.0
1400736,58.0
1402112,86.0
1402208,60.0
1404896,96.0
1406848,86.0
1407008,125.0
1407680,93.0
1411232,74.0
1412032,69.0
1416960,97.0
1426400,98.0
1428032,85.0
1429696,117.0
1434304,69.0
1434560,113.0
1434624,84.0
1437408,110.0
1443488,108.0
1445376,77.0
1450048,76.0
1453184,74.0
1455968,74.0
1457728,103.0
1463392,70.0
1471264,76.0
1472128,88.0
1472640,106.0
1473728,92.0
1476800,81.0
1478848,63.0
1481088,70.0
1481920,68.0
1482240,104.0
1488288,123.0
1490944,70.0
1491456,81.0
1494496,97.0
1495008,93.0
1496480,61.0
1498240,89.0
1498336,80.0
1498944,78.0
1501728,108.0
1507072,75.0
1507296,87.0
1510560,115.0
1511104,71.0
1515680,136.0
1520128,58.0
1521120,61.0
1524288,83.0
1528864,93.0
1530432,141.0
1532992,186.0
1535328,70.0
1537248,78.0
1539200,61.0
1545024,97.0
1546240,128.0
1546880,99.0
1547072,105.0
1549248,87.0
1556960,87.0
1572160,118.0
1572768,77.0
1573376,77.0
1576448,95.0
1579040,80.0
1582592,94.0
1585728,119.0
1586240,82.0
1586656,76.0
1593376,66.0
1606272,121.0
1608256,68.0
1609152,74.0
1610048,94.0
1610336,66.0
1612864,67.0
1632064,151.0
1637280,72.0
1637888,76.0
1643424,64.0
1643552,124.0
1647680,132.0
1651680,90.0
1652032,87.0
1652512,73.0
1653088,73.0
1653152,76.0
1655008,77.0
1655296,135.0
1658880,64.0
1663584,109.0
1664928,62.0
1667584,72.0
1668544,72.0
1669312,108.0
1672416,86.0
1672544,118.0
1673376,95.0
1673376,58.0
1673568,67.0
1684064,87.0
1690560,105.0
1691136,152.0
1692576,61.0
1698304,83.0
1698336,89.0
1698336,67.0
1699520,89.0
1700288,57.0
1702304,97.0
1703392,73.0
1705312,68.0
1707552,83.0
1708416,74.0
1711456,87.0
1711840,125.0
1712192,85.0
1717120,189.0
1717152,89.0
1718336,64.0
1718784,114.0
1722304,91.0
1724064,72.0
1727168,96.0
1728672,78.0
1733408,68.0
1738944,373.0
1744032,74.0
1747520,84.0
1755296,248.0
1756416,54.0
1757984,67.0
1759296,103.0
1762880,81.0
1763808,102.0
1766304,65.0
1766528,84.0
1772800,170.0
1773280,94.0
1776480,73.0
1791296,89.0
1792960,99.0
1797440,88.0
1798432,76.0
1800160,93.0
1802368,71.0
1806080,91.0
1808896,87.0
1812544,79.0
1813952,51.0
1816224,78.0
1816800,92.0
1817920,75.0
1822496,82.0
1823648,63.0
1824128,65.0
1829024,125.0
1829856,91.0
1841344,74.0
1842624,63.0
1845696,107.0
1848192,69.0
1852192,71.0
1852928,92.0
1853504,66.0
1853856,63.0
1854592,68.0
1856800,84.0
1858208,100.0
1858592,262.0
1859200,62.0
1859616,156.0
1861728,52.0
1874368,69.0
1874432,83.0
1874816,70.0
1874880,109.0
1876448,71.0
1879328,73.0
1879456,67.0
1880608,86.0
1880896,74.0
1882624,61.0
1891904,86.0
1896640,59.0
1898496,104.0
1903392,70.0
1909152,71.0
1914528,126.0
1916960,85.0
1929152,103.0
1930912,66.0
1931872,84.0
1933856,78.0
1935168,192.0
1937216,80.0
1939648,61.0
1940608,71.0
1941760,105.0
1942080,74.0
1942624,151.0
1943040,75.0
1943808,189.0
1944928,82.0
1949120,71.0
1951456,65.0
1954848,65.0
1955072,84.0
1959616,57.0
1963904,93.0
1964896,130.0
1965280,98.0
1967488,56.0
1968032,91.0
1968576,134.0
1971328,64.0
1973728,82.0
1976096,85.0
1984896,91.0
1990880,74.0
1995136,107.0
1996160,208.0
2004480,75.0
2007584,90.0
2008320,121.0
2008800,108.0
2010592,125.0
2014848,70.0
2015616,80.0
2018368,52.0
2019712,221.0
2021344,67.0
2024128,89.0
2028544,77.0
2040160,68.0
2041856,89.0
2042688,64.0
2043680,78.0
2048896,73.0
2049792,69.0
2051904,67.0
2057440,94.0
2061440,215.0
2061664,85.0
2062752,67.0
2069024,65.0
2080608,87.0
2082272,88.0
2084096,71.0
2084768,68.0
2090944,87.0
2097344,70.0
2100992,69.0
2103552,79.0
2103616,81.0
2115456,97.0
2115776,83.0
2118752,79.0
2119264,67.0
2120000,131.0
2120096,84.0
2128576,69.0
2133376,54.0
2139392,92.0
2139808,60.0
2145632,76.0
2149920,95.0
2152640,63.0
2157056,101.0
2161408,99.0
2163008,75.0
2166688,97.0
2168096,87.0
2171776,97.0
2172064,106.0
2172288,86.0
2175936,65.0
2179808,92.0
2181216,80.0
2184160,64.0
2185280,72.0
2186720,103.0
2190432,106.0
2190560,90.0
2190816,73.0
2190880,67.0
2191360,108.0
2192096,55.0
2193120,69.0
2196864,76.0
2198016,111.0
2200256,73.0
2200640,101.0
2200640,75.0
2207168,121.0
2208416,82.0
2212640,68.0
2212960,68.0
2213184,82.0
2218880,61.0
2220480,92.0
2221536,68.0
2224384,112.0
2226528,188.0
2227104,95.0
2229248,151.0
2230848,88.0
2233536,92.0
2241760,64.0
2246592,89.0
2247904,82.0
2248320,96.0
2249920,59.0
2250592,99.0
2250656,98.0
2260416,82.0
2262464,63.0
2263104,75.0
2266880,71.0
2269600,85.0
2271744,80.0
2274944,75.0
2275840,106.0
2276960,130.0
2278016,73.0
2278688,115.0
2283424,102.0
2284928,89.0
2294432,117.0
2295392,62.0
2300064,60.0
2301664,76.0
2325536,68.0
2326912,80.0
2330496,76.0
2333024,68.0
2336320,120.0
2343456,97.0
2350176,92.0
2352224,53.0
2353248,66.0
2353568,80.0
2359552,115.0
2361440,114.0
2365280,56.0
2366720,76.0
2370112,83.0
2372000,137.0
2374368,72.0
2379488,229.0
2380128,80.0
2384416,94.0
2388576,101.0
2393216,98.0
2400672,135.0
2401344,88.0
2401472,88.0
2407968,63.0
2410112,188.0
2414624,470.0
2417952,90.0
2420288,70.0
2425280,97.0
2430752,94.0
2437728,93.0
2440128,67.0
2440288,95.0
2441408,114.0
2444480,132.0
2445984,77.0
2448288,83.0
2449568,61.0
2456864,76.0
2457056,94.0
2457120,80.0
2458080,111.0
2461664,75.0
2464800,102.0
2466720,61.0
2469120,74.0
2471008,64.0
2471616,93.0
2479296,77.0
2479616,104.0
2484928,87.0
2486400,63.0
2492704,69.0
2493536,93.0
2494656,78.0
2496512,118.0
2498336,79.0
2498816,180.0
2500160,79.0
2504800,100.0
2510880,125.0
2512768,61.0
2527008,73.0
2528320,78.0
2531904,81.0
2533664,73.0
2533696,83.0
2534368,87.0
2536416,93.0
2544512,149.0
2550720,79.0
2552000,153.0
2558560,87.0
2560352,90.0
2564448,67.0
2577184,93.0
2578752,99.0
2588480,65.0
2588832,60.0
2588864,64.0
2589504,75.0
2594880,83.0
2603104,98.0
2610016,83.0
2610048,66.0
2612416,74.0
2613248,72.0
2614688,103.0
2618560,67.0
2620064,86.0
2625216,71.0
2626240,70.0
2628896,98.0
2631648,149.0
2634304,74.0
2634752,97.0
2636832,79.0
2641504,75.0
2642528,68.0
2645248,58.0
2646848,94.0
2648480,70.0
2652704,69.0
2658208,74.0
2662752,78.0
2675488,72.0
2677088,79.0
2680960,67.0
2680992,91.0
2681184,104.0
2690080,95.0
2698816,62.0
2700512,101.0
2707136,99.0
2707520,83.0
2709024,65.0
2712192,82.0
2714080,81.0
2718240,150.0
2722784,79.0
2723840,118.0
2724704,85.0
2731872,96.0
2737312,77.0
2739264,76.0
2739360,64.0
2740640,59.0
2742944,89.0
2743776,97.0
2744704,87.0
2756288,135.0
2758816,92.0
2764064,107.0
2764384,65.0
2764544,87.0
2766752,137.0
2774976,94.0
2775392,69.0
2777248,90.0
2777888,76.0
2779904,87.0
2782976,108.0
2784480,64.0
2787744,75.0
2788096,101.0
2790560,80.0
2791168,66.0
2792960,85.0
2793184,150.0
2793824,73.0
2794112,78.0
2795616,70.0
2796960,79.0
2798528,117.0
2801600,67.0
2802976,66.0
2804160,95.0
2806976,124.0
2809248,158.0
2819680,70.0
2826048,60.0
2826080,133.0
2827520,84.0
2827680,101.0
2828544,74.0
2828736,78.0
2830944,74.0
2832480,69.0
2833568,459.0
2834496,137.0
2835456,84.0
2839584,75.0
2846304,72.0
2847104,92.0
2847968,91.0
2851136,53.0
2859104,82.0
2862048,91.0
2862752,181.0
2872704,151.0
2876384,150.0
2878208,82.0
2879552,114.0
2892832,87.0
2894656,123.0
2895552,98.0
2895680,99.0
2896320,125.0
2904416,61.0
2907296,89.0
2911840,71.0
2915456,82.0
2917344,92.0
2918464,93.0
2922976,85.0
2924352,82.0
2925760,93.0
2935232,68.0
2942400,105.0
2943936,98.0
2947520,80.0
2948960,133.0
2953280,77.0
2954400,64.0
2954784,62.0
2957696,100.0
2959712,97.0
2963520,62.0
2965824,64.0
2970464,86.0
2972768,55.0
2977184,77.0
2981888,128.0
2990016,80.0
2991072,80.0
2993024,72.0
2995712,83.0
2996224,103.0
2996576,162.0
2996960,119.0
2998752,89.0
3001248,88.0
3002528,69.0
3006432,76.0
3011520,78.0
3011968,72.0
3017120,161.0
3017408,89.0
3022464,84.0
3027136,98.0
3030912,100.0
3034816,133.0
3035776,161.0
3039680,57.0
3049792,86.0
3052672,114.0
3059264,96.0
3062816,79.0
3065408,112.0
3070848,60.0
3076352,86.0
3076416,68.0
3077952,96.0
3079392,92.0
3085120,71.0
3086240,82.0
3089664,143.0
3096352,73.0
3097248,132.0
3097344,159.0
3104864,56.0
3111520,58.0
3114848,72.0
3116288,74.0
3118912,92.0
3120384,111.0
3121728,74.0
3122880,94.0
3125696,66.0
3134336,99.0
3142496,69.0
3147616,83.0
3157248,98.0
3157280,107.0
3168800,92.0
3170336,75.0
3170752,95.0
3185536,98.0
3189888,92.0
3197248,106.0
3198336,90.0
3203776,94.0
3203808,77.0
3211616,84.0
3213056,81.0
3214560,78.0
3224928,77.0
3228800,70.0
3229408,74.0
3239680,90.0
3242784,90.0
3250080,127.0
3251840,67.0
3256704,60.0
3257728,85.0
3260064,59.0
3260064,340.0
3266112,93.0
3266432,59.0
3273088,73.0
3280512,182.0
3288672,127.0
3291520,93.0
3294336,58.0
3303936,68.0
3306208,138.0
3306624,110.0
3306688,116.0
3310944,177.0
3314176,96.0
3316256,91.0
3322528,69.0
3326272,95.0
3329760,102.0
3331712,96.0
3342592,110.0
3347936,206.0
3353536,118.0
3358848,93.0
3361216,84.0
3362944,183.0
3366752,71.0
3367296,97.0
3374976,70.0
3375680,83.0
3381024,97.0
3394720,63.0
3395136,61.0
3401056,74.0
3401536,69.0
3403392,194.0
3404608,67.0
3405216,78.0
3410656,65.0
3412416,55.0
3415200,65.0
3417888,90.0
3425120,80.0
3426016,87.0
3426848,76.0
3429792,112.0
3432000,81.0
3435616,100.0
3441056,68.0
3444096,59.0
3447328,88.0
3449504,99.0
3452480,82.0
3453120,129.0
3455200,62.0
3455744,88.0
3458176,81.0
3459776,117.0
3460288,500.0
3465024,149.0
3469568,104.0
3470944,118.0
3470976,61.0
3473024,82.0
3473984,91.0
3474112,120.0
3479936,74.0
3487392,73.0
3488608,114.0
3495936,65.0
3502048,58.0
3504288,117.0
3511776,96.0
3511840,63.0
3512128,83.0
3515616,108.0
3520064,79.0
3524000,80.0
3526272,103.0
3526400,70.0
3535072,85.0
3538496,82.0
3538560,87.0
3539808,135.0
3541696,144.0
3543104,89.0
3545024,112.0
3549536,76.0
3549984,76.0
3552832,188.0
3557536,66.0
3558400,66.0
3558944,100.0
3561664,142.0
3565152,79.0
3569184,84.0
3576608,116.0
3576960,76.0
3587168,61.0
3590656,77.0
3596192,117.0
3602720,100.0
3603808,68.0
3605312,60.0
3609568,66.0
3613568,74.0
3616256,70.0
3616672,104.0
3620288,84.0
3626080,101.0
3626912,144.0
3628480,78.0
3633920,91.0
3636768,90.0
3637760,99.0
3639232,79.0
3640928,101.0
3642816,137.0
3648256,63.0
3649952,81.0
3656160,101.0
3656864,68.0
3662272,93.0
3663424,60.0
3668128,77.0
3669696,140.0
3669728,66.0
3672288,107.0
3674368,53.0
3675008,60.0
3677632,97.0
3679552,80.0
3680064,142.0
3680160,90.0
3681184,59.0
3688736,79.0
3692288,92.0
3695968,95.0
3698880,90.0
3701984,97.0
3703968,76.0
3705056,134.0
3713568,500.0
3715840,82.0
3716192,195.0
3719520,74.0
3720544,65.0
3722464,120.0
3722624,139.0
3723744,91.0
3723904,115.0
3724576,79.0
3728000,140.0
3728576,320.0
3732704,67.0
3742048,135.0
3743936,145.0
3748064,202.0
3750144,101.0
3754048,55.0
3763008,72.0
3765344,153.0
3767232,80.0
3770432,95.0
3780320,88.0
3780832,59.0
3787232,103.0
3789120,69.0
3797088,145.0
3814880,70.0
3815424,165.0
3816544,97.0
3817920,74.0
3824800,104.0
3825664,120.0
3840352,235.0
3840352,68.0
3840384,500.0
3843840,104.0
3846144,113.0
3847488,123.0
3847712,80.0
3849056,134.0
3850656,96.0
3852224,65.0
3861952,91.0
3862496,89.0
3865408,55.0
3866816,62.0
3867584,94.0
3876288,79.0
3882528,96.0
3884096,104.0
3888512,87.0
3889696,190.0
3891424,79.0
3892512,84.0
3894528,110.0
3900000,268.0
3901184,80.0
3901248,73.0
3907872,83.0
3908896,89.0
3914496,86.0
3915520,91.0
3916032,71.0
3916608,316.0
3922688,86.0
3923968,93.0
3927648,58.0
3933344,86.0
3934144,95.0
3937056,88.0
3943040,164.0
3948864,76.0
3949312,60.0
3954112,69.0
3954816,90.0
3957088,81.0
3962336,69.0
3964800,68.0
3965888,209.0
3966144,137.0
3966944,70.0
3970048,94.0
3971232,79.0
3973632,77.0
3975392,98.0
3980896,313.0
3984864,97.0
3985728,83.0
3987776,88.0
3989952,91.0
3991392,104.0
3994976,63.0
3999168,72.0
4003968,72.0
4006112,81.0
4011136,493.0
4016480,79.0
4018048,69.0
4020704,62.0
4023328,166.0
4026368,98.0
4026496,79.0
4027520,74.0
4029152,142.0
4029440,70.0
4029952,96.0
4031360,99.0
4038688,62.0
4043840,91.0
4043968,92.0
4047552,88.0
4051616,75.0
4058912,186.0
4061600,79.0
4061728,70.0
4062112,71.0
4073472,67.0
4078976,70.0
4079456,60.0
4083168,78.0
4086496,93.0
4090304,86.0
4090592,144.0
4092896,169.0
4093888,67.0
4097696,81.0
4098720,106.0
4107808,80.0
4108544,88.0
4111808,99.0
4114848,86.0
4117472,81.0
4119904,159.0
4120352,85.0
4120672,113.0
4124832,87.0
4134912,70.0
4137024,77.0
4140192,82.0
4144160,86.0
4147200,78.0
4151872,71.0
4152320,103.0
4152608,94.0
4154624,65.0
4156096,132.0
4158336,90.0
4158560,91.0
4163040,242.0
4163200,64.0
4168224,104.0
4170112,71.0
4176960,86.0
4179328,95.0
4180800,61.0
4186432,150.0
4190048,111.0
4200160,74.0
4203488,105.0
4209888,80.0
4210784,56.0
4213312,114.0
4213856,95.0
4221600,93.0
4222752,98.0
4227232,64.0
4227264,90.0
4228224,122.0
4239200,72.0
4239392,67.0
4240320,131.0
4240672,62.0
4243232,87.0
4245664,79.0
4248704,99.0
4253088,97.0
4256160,102.0
4257376,70.0
4261664,88.0
4263264,84.0
4269056,101.0
4269504,84.0
4275424,500.0
4277760,99.0
4278304,78.0
4280992,64.0
4290432,128.0
4290880,69.0
4313600,62.0
4315360,83.0
4315712,69.0
4317568,81.0
4318464,62.0
4319488,81.0
4323936,62.0
4325664,118.0
4330336,66.0
4338752,78.0
4339712,69.0
4342848,96.0
4343424,156.0
4344608,90.0
4348448,86.0
4353312,81.0
4358592,87.0
4359328,96.0
4369024,89.0
4370304,98.0
4372320,95.0
4372640,81.0
4381760,76.0
4387488,62.0
4389952,78.0
4390272,284.0
4391904,119.0
4392544,91.0
4393440,72.0
4393824,82.0
4394528,72.0
4395296,96.0
4396576,85.0
4398784,87.0
4402432,120.0
4402464,106.0
4406304,78.0
4407360,81.0
4415232,99.0
4422624,80.0
4424192,108.0
4425056,83.0
4440608,84.0
4445696,67.0
4450720,73.0
4452672,101.0
4470208,67.0
4471616,92.0
4472704,64.0
4478016,223.0
4480608,138.0
4483008,90.0
4483200,82.0
4488288,106.0
4506304,186.0
4507968,65.0
4509504,100.0
4517120,67.0
4518112,165.0
4520832,480.0
4526592,155.0
4528544,94.0
4529696,76.0
4530208,69.0
4531840,101.0
4534432,136.0
4534528,61.0
4534816,97.0
4536384,78.0
4536704,78.0
4542272,83.0
4543264,131.0
4543648,115.0
4544608,88.0
4553024,102.0
4555648,137.0
4557376,82.0
4558336,235.0
4564096,67.0
4566592,80.0
4573472,87.0
4576320,69.0
4578336,98.0
4581568,81.0
4582016,93.0
4584992,99.0
4586368,74.0
4588256,216.0
4588352,73.0
4588608,112.0
4589408,137.0
4600096,77.0
4604096,92.0
4605088,146.0
4607072,101.0
4609312,84.0
4611616,79.0
4614368,95.0
4617696,99.0
4617824,92.0
4621568,67.0
4622656,66.0
4624256,78.0
4626528,93.0
4631008,104.0
4632512,120.0
4632896,97.0
4633376,124.0
4638912,62.0
4641376,143.0
4651232,97.0
4654432,131.0
4659552,92.0
4662528,92.0
4670144,82.0
4672096,149.0
4677248,126.0
4683328,91.0
4683456,69.0
4685696,85.0
4685920,130.0
4686432,111.0
4687744,88.0
4692672,79.0
4694464,106.0
4697088,81.0
4699616,85.0
4700992,92.0
4702112,205.0
4706176,84.0
4716320,172.0
4717920,125.0
4721632,165.0
4724800,77.0
4731328,92.0
4732736,85.0
4734848,71.0
4740896,200.0
4743072,92.0
4748480,95.0
4751200,66.0
4752224,94.0
4753568,104.0
4754240,74.0
4754272,87.0
4756896,75.0
4759040,167.0
4761216,146.0
4761408,73.0
4763008,84.0
4768928,68.0
4775648,69.0
4776096,90.0
4780480,65.0
4781984,73.0
4782592,107.0
4785728,116.0
4787008,121.0
4789504,91.0
4794400,80.0
4794816,95.0
4802112,75.0
4809984,90.0
4810816,74.0
4814112,323.0
4816672,81.0
4816928,62.0
4819136,85.0
4826080,84.0
4826432,249.0
4826496,187.0
4827520,111.0
4829664,98.0
4833824,394.0
4837184,160.0
4837536,81.0
4837792,91.0
4837792,88.0
4837888,98.0
4838368,63.0
4843008,156.0
4844064,100.0
4848224,85.0
4848416,135.0
4851040,114.0
4854240,93.0
4855392,59.0
4855552,104.0
4855904,57.0
4862304,74.0
4866720,54.0
4868416,78.0
4871904,59.0
4880608,68.0
4884832,65.0
4886144,97.0
4888704,63.0
4891168,100.0
4891840,144.0
4898688,136.0
4900768,61.0
4904576,61.0
4907680,96.0
4908736,73.0
4910976,102.0
4915264,158.0
4921568,64.0
4922912,314.0
4924224,56.0
4929984,64.0
4931136,81.0
4932256,88.0
4934528,157.0
4937984,67.0
4943840,90.0
4947904,89.0
4952672,77.0
4955136,136.0
4955872,73.0
4956608,79.0
4962592,83.0
4972000,88.0
4974816,84.0
4977312,73.0
4979456,92.0
4982688,80.0
4989472,79.0
4989696,61.0
5000416,80.0
5000992,389.0
5005920,115.0
5006656,73.0
5007104,73.0
5008224,87.0
5012160,97.0
5012672,132.0
5017568,90.0
5018656,110.0
5020608,60.0
5023424,100.0
5033024,89.0
5033056,131.0
5035840,160.0
5044352,93.0
5044544,58.0
5044608,100.0
5049408,74.0
5055392,66.0
5061792,88.0
5069024,106.0
5071968,135.0
5076256,78.0
5081184,64.0
5086528,68.0
5086720,115.0
5088352,60.0
5090464,80.0
5091776,57.0
5096736,133.0
5107232,93.0
5107360,103.0
5111360,73.0
5116416,67.0
5119200,108.0
5122592,112.0
5122592,61.0
5125056,84.0
5135616,68.0
5140512,77.0
5143488,154.0
5146816,83.0
5150464,89.0
5162272,202.0
5164192,134.0
5169472,140.0
5170304,448.0
5170880,92.0
5174432,127.0
5184608,88.0
5185920,68.0
5187488,97.0
5188032,82.0
5189952,80.0
5192864,76.0
5194400,66.0
5195488,65.0
5198688,90.0
5203296,171.0
5204224,100.0
5204480,69.0
5204768,235.0
5205312,153.0
5205568,127.0
5212352,84.0
5213056,93.0
5214400,70.0
5216096,68.0
5217984,500.0
5224000,79.0
5241248,61.0
5241440,131.0
5241888,90.0
5244096,68.0
5244096,74.0
5244768,108.0
5248288,73.0
5250944,155.0
5255264,135.0
5262624,59.0
5266336,70.0
5270976,64.0
5282464,84.0
5282592,68.0
5282816,68.0
5285728,90.0
5285920,92.0
5291840,105.0
5298720,84.0
5308608,60.0
5309024,81.0
5321664,110.0
5323104,102.0
5327200,69.0
5329632,69.0
5332736,77.0
5333120,124.0
5334944,93.0
5335296,116.0
5342496,77.0
5344288,226.0
5344736,86.0
5348800,85.0
5350464,68.0
5360608,148.0
5361376,121.0
5363456,76.0
5366528,64.0
5369312,97.0
5369696,68.0
5371616,76.0
5375232,89.0
5377024,86.0
5381600,80.0
5385728,94.0
5385952,80.0
5386240,76.0
5387744,66.0
5391104,92.0
5400160,74.0
5400288,72.0
5403872,75.0
5403872,145.0
5404288,64.0
5404864,95.0
5408928,50.0
5409760,90.0
5412768,83.0
5413600,329.0
5415520,85.0
5421248,76.0
5423104,66.0
5426144,74.0
5430176,103.0
5431904,79.0
5437344,117.0
5442816,71.0
5443008,64.0
5448704,77.0
5449248,76.0
5451424,108.0
5456448,164.0
5460928,95.0
5463552,91.0
5464736,87.0
5464960,194.0
5466944,75.0
5467488,82.0
5472128,68.0
5481888,200.0
5483936,63.0
5487808,68.0
5490560,103.0
5491520,77.0
5492256,149.0
5497344,74.0
5497920,110.0
5499296,72.0
5502528,68.0
5505056,90.0
5508192,76.0
5510336,77.0
5510400,68.0
5514080,150.0
5524096,96.0
5524704,72.0
5529568,75.0
5538144,93.0
5540128,134.0
5541280,141.0
5545728,68.0
5546624,208.0
5549504,116.0
5552320,75.0
5559776,116.0
5568224,71.0
5572544,93.0
5588096,103.0
5589888,80.0
5594080,66.0
5594272,87.0
5596320,81.0
5596576,500.0
5596672,53.0
5598688,175.0
5598976,81.0
5613696,93.0
5617120,148.0
5621280,102.0
5622880,114.0
5623232,69.0
5627744,138.0
5636480,103.0
5640608,139.0
5642080,92.0
5648160,93.0
5651968,81.0
5659424,110.0
5662176,100.0
5663424,107.0
5663488,97.0
5666208,73.0
5668288,142.0
5668448,104.0
5671168,89.0
5685184,82.0
5691104,86.0
5700928,78.0
5704992,80.0
5706592,94.0
5706912,77.0
5708544,150.0
5712960,68.0
5715680,69.0
5718272,79.0
5720608,79.0
5722624,74.0
5727616,71.0
5728032,106.0
5731616,64.0
5733184,103.0
5741184,90.0
5744640,119.0
5747968,70.0
5753088,74.0
5753760,165.0
5758880,128.0
5761856,95.0
5767296,64.0
5773952,98.0
5776736,130.0
5783136,140.0
5789056,175.0
5790464,111.0
5800672,65.0
5800704,119.0
5802656,78.0
5805536,77.0
5806976,81.0
5811488,65.0
5815136,151.0
5817312,234.0
5818080,109.0
5818336,99.0
5819264,95.0
5822208,72.0
5825184,128.0
5828864,113.0
5837280,94.0
5837888,85.0
5840608,73.0
5843424,209.0
5843904,72.0
5844576,69.0
5844928,95.0
5845664,67.0
5846560,82.0
5849952,82.0
5864288,145.0
5866304,124.0
5867488,63.0
5871264,500.0
5872544,66.0
5874528,103.0
5877600,67.0
5877760,500.0
5882912,71.0
5887904,63.0
5895232,95.0
5900640,148.0
5903744,80.0
5904608,145.0
5913600,93.0
5915200,82.0
5915648,80.0
5917312,86.0
5926560,95.0
5934432,63.0
5939520,137.0
5940096,100.0
5944448,100.0
5949152,164.0
5953664,95.0
5957024,136.0
5958048,118.0
5959072,271.0
5962784,88.0
5963264,118.0
5964384,109.0
5966720,500.0
5972000,63.0
5972800,95.0
5973504,98.0
5976768,97.0
5980224,82.0
5981056,79.0
5984064,500.0
5988352,89.0
5989728,78.0
5990496,91.0
5991136,102.0
5992160,90.0
5995424,78.0
6003904,104.0
6007168,91.0
6014176,66.0
6014176,66.0
6031296,68.0
6033568,182.0
6034848,72.0
6038176,69.0
6042464,100.0
6043488,71.0
6045536,124.0
6052576,217.0
6056512,91.0
6068864,72.0
6070208,126.0
6073472,98.0
6075264,109.0
6076320,101.0
6076992,98.0
6080960,96.0
6082880,108.0
6083040,68.0
6084832,167.0
6086624,139.0
6088736,90.0
6091456,68.0
6097408,100.0
6099296,73.0
6103712,103.0
6103872,137.0
6114560,65.0
6114752,78.0
6117152,101.0
6117632,108.0
6124288,78.0
6125088,85.0
6125216,101.0
6126720,91.0
6128832,96.0
6131584,96.0
6133696,67.0
6134848,60.0
6135040,75.0
6141760,78.0
6142976,101.0
6145696,226.0
6152576,74.0
6154944,144.0
6170144,94.0
6183264,143.0
6186592,84.0
6187296,112.0
6189376,98.0
6199552,96.0
6210272,73.0
6211040,81.0
6211232,57.0
6214816,144.0
6217472,59.0
6222016,131.0
6222080,83.0
6223648,61.0
6228000,98.0
6230560,81.0
6231424,100.0
6232288,113.0
6235776,75.0
6237760,81.0
6238400,79.0
6240768,69.0
6242592,71.0
6246080,84.0
6246560,78.0
6253696,73.0
6258016,134.0
6261824,76.0
6262240,75.0
6269088,109.0
6275616,123.0
6277920,72.0
6278016,75.0
6289536,434.0
6293888,95.0
6296480,84.0
6298080,70.0
6300992,81.0
6304000,84.0
6308512,107.0
6309824,138.0
6310144,84.0
6314176,75.0
6315392,123.0
6315648,76.0
6316512,167.0
6331552,106.0
6335872,102.0
6339552,75.0
6343232,77.0
6343808,227.0
6343936,88.0
6348416,85.0
6356320,85.0
6356352,119.0
6360096,76.0
6371040,102.0
6372256,89.0
6375072,107.0
6387072,66.0
6387104,145.0
6387968,97.0
6392032,85.0
6393216,101.0
6393472,97.0
6406176,65.0
6406208,109.0
6406208,56.0
6409152,79.0
6409216,102.0
6424480,84.0
6432224,149.0
6435840,140.0
6438144,68.0
6440768,102.0
6446528,70.0
6450720,98.0
6454560,74.0
6459936,140.0
6466400,80.0
6467456,80.0
6469472,86.0
6469984,92.0
6478272,93.0
6481440,72.0
6485248,158.0
6493312,84.0
6504768,61.0
6507232,105.0
6511232,160.0
6511904,172.0
6512160,97.0
6515904,145.0
6517472,120.0
6526336,93.0
6528704,158.0
6530176,69.0
6535552,75.0
6539872,73.0
6541280,90.0
6547456,96.0
6548224,90.0
6548288,183.0
6550176,70.0
6555872,82.0
6565472,78.0
6571648,144.0
6576064,87.0
6577920,78.0
6579936,145.0
6579968,124.0
6592544,98.0
6596416,96.0
6598784,73.0
6602720,79.0
6604640,82.0
6609056,68.0
6610368,80.0
6610752,88.0
6614176,82.0
6618016,79.0
6626592,72.0
6626688,96.0
6640288,69.0
6640384,75.0
6641984,140.0
6655872,109.0
6657056,166.0
6657920,67.0
6658080,77.0
6659904,86.0
6667360,155.0
6668256,107.0
6669216,103.0
6670848,111.0
6673312,76.0
6674560,153.0
6674816,60.0
6675584,82.0
6676192,58.0
6676352,75.0
6677440,166.0
6681824,115.0
6683008,88.0
6684768,72.0
6688160,98.0
6689120,118.0
6689888,85.0
6699552,63.0
6703264,79.0
6710912,95.0
6715776,101.0
6721376,96.0
6723744,138.0
6724064,96.0
6732544,97.0
6738496,394.0
6748288,169.0
6748320,192.0
6750688,96.0
6751968,108.0
6757952,70.0
6758816,57.0
6759456,245.0
6763936,75.0
6776672,187.0
6781472,95.0
6782432,77.0
6783968,109.0
6784864,83.0
6787040,139.0
6789536,106.0
6791584,364.0
6800128,74.0
6800448,386.0
6801984,93.0
6805664,81.0
6805696,130.0
6806432,157.0
6806592,69.0
6812384,70.0
6813408,99.0
6817472,117.0
6825088,66.0
6825824,182.0
6826464,91.0
6829472,80.0
6829504,87.0
6832672,97.0
6843136,85.0
6843968,75.0
6847904,69.0
6848352,89.0
6849216,62.0
6852576,137.0
6855712,100.0
6862336,97.0
6866816,99.0
6875040,103.0
6880960,171.0
6882176,86.0
6887296,103.0
6891168,102.0
6900800,72.0
6903200,84.0
6908224,89.0
6911648,121.0
6917760,105.0
6927648,133.0
6927840,68.0
6931808,126.0
6933120,76.0
6933120,67.0
6936416,70.0
6940480,101.0
6940608,80.0
6943008,105.0
6945056,159.0
6947456,118.0
6948224,61.0
6950464,427.0
6956192,144.0
6961952,103.0
6971392,72.0
6971712,102.0
6982816,93.0
6990368,91.0
6993184,93.0
6994688,87.0
6999584,74.0
7000992,71.0
7006752,209.0
7013440,121.0
7023840,75.0
7024416,86.0
7025600,175.0
7028288,66.0
7031200,100.0
7038048,75.0
7039200,174.0
7048032,96.0
7048192,86.0
7048928,90.0
7054976,112.0
7056384,98.0
7064416,88.0
7073312,108.0
7083968,75.0
7084256,91.0
7086176,75.0
7088256,64.0
7097696,101.0
7098176,186.0
7104352,142.0
7104448,148.0
7110816,94.0
7113376,100.0
7113920,119.0
7114336,165.0
7117664,152.0
7118176,101.0
7119968,85.0
7123328,58.0
7130240,106.0
7136704,70.0
7138048,61.0
7140192,162.0
7143296,68.0
7148448,139.0
7152768,99.0
7155136,170.0
7156320,66.0
7161408,79.0
7162368,196.0
7165376,140.0
7170976,84.0
7174432,107.0
7175008,89.0
7175168,93.0
7181632,74.0
7184992,94.0
7187968,227.0
7193440,149.0
7193824,81.0
7205248,69.0
7206784,68.0
7209824,62.0
7210560,69.0
7216672,90.0
7216736,148.0
7222208,86.0
7225024,74.0
7231744,107.0
7232128,68.0
7232512,108.0
7236096,222.0
7244096,366.0
7246432,75.0
7251232,81.0
7254400,102.0
7259328,63.0
7268288,168.0
7269536,68.0
7269984,94.0
7270304,84.0
7270496,89.0
7272640,78.0
7275040,89.0
7276800,129.0
7277088,69.0
7279040,95.0
7279168,59.0
7288416,105.0
7292288,101.0
7294272,90.0
7299520,82.0
7303904,83.0
7306624,67.0
7309152,85.0
7309824,105.0
7310240,66.0
7314688,80.0
7323040,161.0
7324224,86.0
7330528,96.0
7339456,118.0
7342336,74.0
7344096,161.0
7346144,96.0
7352416,500.0
7358144,94.0
7361920,83.0
7363648,130.0
7373024,203.0
7375104,119.0
7375488,129.0
7378240,138.0
7378304,68.0
7383296,80.0
7395520,98.0
7395872,56.0
7399136,73.0
7400672,85.0
7413728,122.0
7422848,76.0
7423872,81.0
7424320,98.0
7425184,103.0
7427936,155.0
7436096,75.0
7438880,106.0
7441568,114.0
7443424,158.0
7445024,126.0
7446336,76.0
7449792,178.0
7453920,138.0
7456832,418.0
7457248,77.0
7459488,129.0
7467520,71.0
7471904,84.0
7474880,84.0
7479680,78.0
7485824,90.0
7487360,99.0
7496736,83.0
7510208,88.0
7515072,139.0
7521056,56.0
7521088,102.0
7527936,96.0
7531552,76.0
7532480,80.0
7537632,79.0
7544384,303.0
7545920,83.0
7548800,98.0
7556768,200.0
7557728,61.0
7566656,140.0
7579744,88.0
7583936,65.0
7586016,87.0
7588288,82.0
7591104,81.0
7591168,118.0
7593600,90.0
7605152,84.0
7608896,108.0
7609888,75.0
7611392,76.0
7613888,93.0
7618912,91.0
7620800,80.0
7625344,163.0
7626624,58.0
7629568,72.0
7630048,150.0
7633760,140.0
7636416,69.0
7646848,187.0
7647232,136.0
7652480,67.0
7653632,84.0
7658848,85.0
7658880,94.0
7662816,81.0
7665984,194.0
7676064,148.0
7678368,162.0
7683648,111.0
7688960,150.0
7698400,88.0
7704000,84.0
7704704,63.0
7710368,145.0
7711200,143.0
7713248,83.0
7716160,102.0
7717696,77.0
7719392,106.0
7723968,103.0
7724320,81.0
7726528,74.0
7729824,94.0
7730880,87.0
7731040,95.0
7733824,60.0
7735232,78.0
7736224,65.0
7740800,99.0
7741024,134.0
7755296,98.0
7759488,61.0
7760896,113.0
7769120,170.0
7778528,152.0
7782496,83.0
7782656,99.0
7783296,101.0
7797600,90.0
7798816,96.0
7800032,75.0
7801632,107.0
7802496,99.0
7815808,97.0
7827712,100.0
7830624,103.0
7832544,62.0
7834752,110.0
7839072,74.0
7844672,114.0
7845024,69.0
7848416,68.0
7852384,77.0
7854720,71.0
7860544,99.0
7863264,129.0
7870528,386.0
7871168,142.0
7872512,96.0
7875040,171.0
7878048,84.0
7878752,109.0
7880256,56.0
7880800,70.0
7882560,108.0
7884512,103.0
7886752,82.0
7890080,111.0
7891104,107.0
7896416,85.0
7899200,139.0
7899520,74.0
7903488,500.0
7904416,89.0
7908032,110.0
7908128,89.0
7909120,94.0
7912256,202.0
7913152,105.0
7915328,137.0
7922112,269.0
7924864,101.0
7925280,80.0
7937504,181.0
7944832,83.0
7945504,72.0
7951072,77.0
7960992,106.0
7963936,60.0
7966144,85.0
7968608,96.0
7977760,87.0
7981280,71.0
7981408,74.0
7982784,90.0
7987712,97.0
7993568,100.0
7993920,129.0
7999136,137.0
8000192,111.0
8002240,94.0
8014976,118.0
8018592,91.0
8018944,121.0
8024544,144.0
8024800,109.0
8027680,134.0
8028608,257.0
8034272,166.0
8034560,69.0
8035424,91.0
8049984,146.0
8052160,62.0
8054848,142.0
8055040,104.0
8056576,90.0
8058272,75.0
8059168,189.0
8071520,122.0
8071904,68.0
8072288,103.0
8073280,71.0
8083296,98.0
8086752,73.0
8090784,159.0
8103296,81.0
8105664,71.0
8107616,141.0
8109568,72.0
8112160,236.0
8116608,106.0
8122976,238.0
8123584,98.0
8123680,78.0
8124032,88.0
8127136,62.0
8128704,92.0
8129760,93.0
8132800,172.0
8133952,89.0
8142400,270.0
8147104,89.0
8151104,67.0
8156544,154.0
8160288,116.0
8162400,82.0
8163776,146.0
8167328,88.0
8169152,64.0
8171648,111.0
8172512,106.0
8173632,82.0
8173824,67.0
8179776,89.0
8180064,144.0
8180288,66.0
8189120,91.0
8204992,64.0
8206016,75.0
8206528,172.0
8207584,94.0
8214528,140.0
8214976,83.0
8218880,91.0
8221472,122.0
8222752,65.0
8229568,83.0
8234592,106.0
8239072,67.0
8242432,171.0
8245504,95.0
8246464,132.0
8252224,68.0
8257856,112.0
8258304,113.0
8258592,285.0
8259520,68.0
8260096,500.0
8265248,74.0
8275808,100.0
8275808,151.0
8276448,117.0
8277216,78.0
8280352,106.0
8299104,113.0
8302208,87.0
8311936,140.0
8314976,80.0
8317344,87.0
8317792,92.0
8317984,90.0
8324704,106.0
8337248,133.0
8337984,72.0
8339104,90.0
8341312,100.0
8341600,143.0
8346752,88.0
8353504,90.0
8353696,159.0
8355552,155.0
8367488,68.0
8371776,69.0
8374304,212.0
8376800,139.0
8378272,159.0
8380480,114.0
8388192,109.0
8388960,70.0
8395488,81.0
8402016,170.0
8402816,146.0
8403104,500.0
8411680,155.0
8413920,101.0
8417440,71.0
8420128,86.0
8423008,67.0
8428064,66.0
8433344,109.0
8437952,72.0
8440320,73.0
8446080,97.0
8450336,134.0
8458272,100.0
8463136,158.0
8466176,82.0
8470880,77.0
8478688,77.0
8481184,153.0
8481472,88.0
8484128,60.0
8486080,180.0
8492160,85.0
8493856,137.0
8494816,69.0
8505600,96.0
8516608,74.0
8517824,71.0
8522656,121.0
8527552,155.0
8532544,140.0
8533888,144.0
8533984,88.0
8538080,426.0
8539072,88.0
8550176,110.0
8550272,112.0
8554656,141.0
8555168,127.0
8557056,134.0
8558592,167.0
8563040,128.0
8563456,87.0
8564320,99.0
8565536,216.0
8569216,81.0
8571232,95.0
8577440,107.0
8577440,86.0
8577536,161.0
8578080,104.0
8587264,113.0
8588032,79.0
8590688,76.0
8593408,98.0
8597760,96.0
8600576,129.0
8613248,102.0
8619168,91.0
8619328,99.0
8623008,85.0
8624192,75.0
8625472,73.0
8636576,104.0
8643136,81.0
8648896,215.0
8649152,172.0
8650496,195.0
8650976,97.0
8653472,73.0
8655040,104.0
8656096,151.0
8657088,79.0
8658016,80.0
8659680,136.0
8673760,102.0
8677376,168.0
8698144,101.0
8699200,76.0
8699840,80.0
8700192,92.0
8702752,75.0
8703104,86.0
8716192,73.0
8723488,143.0
8726656,65.0
8728704,147.0
8733344,234.0
8735776,67.0
8736448,96.0
8746272,138.0
8751904,80.0
8752256,73.0
8752768,183.0
8754656,86.0
8755104,72.0
8759616,143.0
8770464,92.0
8771616,144.0
8784032,128.0
8785600,136.0
8794144,101.0
8795904,135.0
8798624,73.0
8802432,175.0
8804640,123.0
8806272,85.0
8811904,143.0
8817216,382.0
8829344,86.0
8833152,126.0
8834720,83.0
8836416,129.0
8837440,139.0
8847968,116.0
8848032,80.0
8849408,140.0
8853184,77.0
8856448,197.0
8858784,135.0
8859808,80.0
8869728,105.0
8871712,102.0
8874336,205.0
8875904,500.0
8889472,120.0
8907008,112.0
8914336,62.0
8917792,187.0
8918240,112.0
8923872,128.0
8939328,78.0
8963264,68.0
8965248,111.0
8969856,146.0
8972672,81.0
8983040,109.0
8983072,77.0
8985312,78.0
8997344,99.0
8999200,74.0
9001536,105.0
9001632,145.0
9002528,119.0
9009792,151.0
9010880,94.0
9013216,87.0
9015360,104.0
9016128,76.0
9025056,91.0
9025600,216.0
9028064,144.0
9036032,75.0
9036352,97.0
9036448,113.0
9039136,116.0
9048064,128.0
9054496,93.0
9054880,193.0
9057568,310.0
9057728,89.0
9060448,91.0
9062400,85.0
9062848,108.0
9064256,107.0
9076288,500.0
9080768,69.0
9088768,154.0
9089504,94.0
9091616,88.0
9095008,150.0
9101248,106.0
9103648,466.0
9103968,109.0
9105472,165.0
9105632,85.0
9107712,116.0
9108416,164.0
9109952,109.0
9111840,79.0
9112896,301.0
9113376,72.0
9113792,193.0
9116800,97.0
9120128,100.0
9123488,86.0
9128672,161.0
9135072,209.0
9143456,124.0
9154592,66.0
9164480,495.0
9165120,79.0
9165824,98.0
9166176,74.0
9166304,175.0
9166368,82.0
9170496,96.0
9171264,65.0
9178240,150.0
9179616,277.0
9181248,93.0
9187232,69.0
9187488,76.0
9189888,74.0
9200672,115.0
9207200,148.0
9210976,80.0
9215904,107.0
9220416,254.0
9222688,112.0
9227392,166.0
9228480,143.0
9234912,93.0
9243136,181.0
9244768,82.0
9249728,66.0
9254496,87.0
9264704,88.0
9276192,196.0
9276640,96.0
9283744,71.0
9285984,93.0
9287072,223.0
9288192,73.0
9289472,193.0
9292320,108.0
9293504,134.0
9295616,217.0
9297600,139.0
9300832,83.0
9302368,74.0
9306816,98.0
9308448,73.0
9310816,129.0
9311616,64.0
9314592,166.0
9314816,70.0
9320128,97.0
9321408,150.0
9322624,113.0
9325024,70.0
9336000,83.0
9345152,77.0
9345568,133.0
9346944,143.0
9351232,68.0
9351776,143.0
9354720,74.0
9356576,81.0
9358688,100.0
9361248,91.0
9378912,163.0
9379232,84.0
9383936,208.0
9385536,90.0
9388864,70.0
9389408,126.0
9396032,144.0
9397024,81.0
9399584,165.0
9402400,87.0
9403008,95.0
9407424,69.0
9410016,111.0
9411712,76.0
9415424,115.0
9431488,143.0
9433408,74.0
9434592,198.0
9440096,129.0
9441440,106.0
9441696,140.0
9442496,64.0
9444576,154.0
9450368,88.0
9456096,148.0
9458240,75.0
9461408,78.0
9461664,96.0
9464096,126.0
9466624,90.0
9469824,89.0
9474752,108.0
9475584,128.0
9476896,79.0
9483392,91.0
9485280,99.0
9487008,92.0
9487968,73.0
9492064,108.0
9498656,212.0
9503872,298.0
9504032,148.0
9506336,153.0
9507328,102.0
9507424,74.0
9507840,151.0
9509664,103.0
9514336,145.0
9518528,92.0
9518656,111.0
9520928,104.0
9521504,67.0
9524480,60.0
9527680,90.0
9527776,64.0
9528224,106.0
9528896,77.0
9533088,151.0
9536128,80.0
9538176,74.0
9538528,136.0
9542816,170.0
9543232,280.0
9544704,164.0
9547360,74.0
9547424,82.0
9548032,96.0
9549920,165.0
9560288,141.0
9563232,114.0
9567232,91.0
9583360,68.0
9589344,107.0
9589504,129.0
9590496,91.0
9594656,65.0
9597248,121.0
9598208,92.0
9599648,145.0
9601312,162.0
9602336,90.0
9604064,78.0
9604672,157.0
9610912,84.0
9614304,151.0
9624576,163.0
9629664,144.0
9632640,161.0
9634944,77.0
9640672,78.0
9644064,66.0
9653728,160.0
9659328,176.0
9660352,125.0
9662688,180.0
9664864,101.0
9676960,108.0
9677952,105.0
9682784,121.0
9684512,72.0
9689664,90.0
9694144,91.0
9696640,123.0
9696992,145.0
9700320,94.0
9707488,75.0
9708736,163.0
9712224,85.0
9720736,97.0
9721984,111.0
9727296,125.0
9728544,55.0
9735328,99.0
9740672,173.0
9745728,157.0
9746688,115.0
9748928,111.0
9750016,130.0
9758240,82.0
9758816,96.0
9761024,76.0
9761344,154.0
9761856,95.0
9762208,123.0
9772064,95.0
9777056,110.0
9779552,104.0
9790720,114.0
9794112,109.0
9801472,111.0
9804864,105.0
9806624,110.0
9808320,81.0
9808544,78.0
9813088,119.0
9817696,84.0
9819776,159.0
9828448,79.0
9829312,420.0
9831520,69.0
9831520,92.0
9831872,148.0
9832256,108.0
9837856,73.0
9839200,89.0
9842048,140.0
9842624,65.0
9851040,73.0
9856128,114.0
9858400,121.0
9859168,102.0
9861056,110.0
9861152,72.0
9862272,136.0
9862976,73.0
9863840,65.0
9868512,113.0
9868736,70.0
9871968,96.0
9879232,180.0
9890880,201.0
9891328,116.0
9894528,108.0
9895264,85.0
9898592,84.0
9899904,85.0
9910752,68.0
9911520,105.0
9912480,102.0
9919200,78.0
9920544,83.0
9922560,83.0
9923296,81.0
9925536,119.0
9927680,150.0
9930048,72.0
9930496,155.0
9930688,76.0
9943232,169.0
9943648,113.0
9945504,97.0
9954688,81.0
9958592,273.0
9961152,72.0
9963136,131.0
9963968,112.0
9964000,90.0
9966720,74.0
9967712,126.0
9976320,72.0
9982240,97.0
9982560,99.0
9985440,81.0
9989888,97.0
9992032,198.0
9995712,103.0
9996320,81.0
10012576,90.0
10012704,129.0
10014336,63.0
10014528,60.0
10018112,106.0
10018528,147.0
10022976,74.0
10023872,154.0
10023968,169.0
10030240,123.0
10032800,173.0
10033504,147.0
10034368,148.0
10042016,66.0
10044704,89.0
10053440,167.0
10054752,124.0
10055552,107.0
10057440,83.0
10060000,125.0
10063456,93.0
10064512,83.0
10068096,164.0
10068832,67.0
10071648,147.0
10073568,169.0
10075648,100.0
10076544,89.0
10083936,167.0
10084224,68.0
10087936,86.0
10090400,82.0
10090816,98.0
10092448,81.0
10093408,155.0
10097376,61.0
10097824,110.0
10098016,500.0
10103872,75.0
10107872,137.0
10109056,148.0
10113216,71.0
10113696,114.0
10114368,93.0
10117536,117.0
10117984,68.0
10119328,298.0
10123296,95.0
10124480,92.0
10129664,84.0
10130208,94.0
10131456,176.0
10134848,323.0
10143520,105.0
10145216,105.0
10150144,86.0
10150336,118.0
10152480,136.0
10153216,89.0
10167040,91.0
10169632,174.0
10174176,93.0
10176544,92.0
10180000,98.0
10186944,98.0
10189600,70.0
10200800,128.0
10201344,87.0
10207680,88.0
10217696,104.0
10221408,103.0
10232544,87.0
10234528,59.0
10235264,187.0
10236128,71.0
10236640,69.0
10241408,132.0
10247232,147.0
10250144,155.0
10251872,208.0
10252448,245.0
10260480,81.0
10264576,500.0
10268416,63.0
10273984,94.0
10275744,115.0
10282816,133.0
10282848,106.0
10283264,127.0
10283296,87.0
10286528,65.0
10288800,73.0
10293952,84.0
10299168,93.0
10299904,81.0
10300576,159.0
10303584,93.0
10305984,76.0
10308576,95.0
10311200,98.0
10311968,121.0
10324352,134.0
10326656,73.0
10336544,144.0
10341408,156.0
10341920,78.0
10345888,73.0
10349440,99.0
10358016,90.0
10358624,98.0
10358624,94.0
10365024,96.0
10367136,136.0
10367584,93.0
10369888,103.0
10370048,119.0
10372672,115.0
10376352,195.0
10378496,69.0
10379072,72.0
10380320,168.0
10381152,109.0
10384896,116.0
10385184,131.0
10385440,101.0
10389632,221.0
10395968,81.0
10396544,94.0
10399392,146.0
10400448,193.0
10400512,147.0
10401248,73.0
10405024,103.0
10406144,80.0
10406528,107.0
10408416,120.0
10409280,91.0
10410080,125.0
10412800,75.0
10414144,76.0
10419264,82.0
10420096,149.0
10423968,129.0
10431232,94.0
10434944,95.0
10437280,103.0
10437984,138.0
10449376,128.0
10451136,183.0
10456960,70.0
10457824,208.0
10462176,64.0
10465952,74.0
10468416,103.0
10473344,97.0
10473888,81.0
10477440,97.0
10487840,107.0
10491040,102.0
10492192,135.0
10492896,155.0
10500800,74.0
10502048,97.0
10511136,139.0
10514880,79.0
10516928,53.0
10516992,141.0
10518560,102.0
10521056,100.0
10524032,500.0
10527168,133.0
10528480,141.0
10528704,79.0
10529504,135.0
10530208,176.0
10531584,116.0
10538144,66.0
10540608,189.0
10543104,157.0
10544736,76.0
10551808,139.0
10552160,119.0
10552256,83.0
10554976,103.0
10555744,88.0
10558912,88.0
10563616,116.0
10570016,86.0
10575488,128.0
10579264,115.0
10585344,86.0
10587936,153.0
10588160,87.0
10593600,130.0
10596896,149.0
10598624,80.0
10603232,86.0
10612992,159.0
10615904,99.0
10616864,103.0
10619904,101.0
10620064,158.0
10620640,77.0
10625792,98.0
10632160,81.0
10634368,91.0
10650336,85.0
10662368,109.0
10678944,76.0
10690656,167.0
10698176,147.0
10713408,94.0
10718688,225.0
10723168,139.0
10725792,113.0
10726016,146.0
10726784,127.0
10727456,114.0
10729088,72.0
10731424,159.0
10744320,323.0
10745312,90.0
10745568,90.0
10748032,265.0
10753024,112.0
10754112,64.0
10759616,92.0
10761408,75.0
10764096,139.0
10776256,69.0
10779104,79.0
10785024,96.0
10788512,193.0
10789728,100.0
10791360,155.0
10793280,148.0
10795296,276.0
10801056,80.0
10803040,83.0
10804352,102.0
10807552,83.0
10809248,107.0
10811776,214.0
10812480,79.0
10813440,146.0
10818528,61.0
10823936,110.0
10828064,99.0
10834720,80.0
10835136,90.0
10837824,180.0
10839200,78.0
10840608,132.0
10842912,85.0
10844608,111.0
10850208,154.0
10854720,78.0
10868192,80.0
10868608,393.0
10871136,112.0
10871584,170.0
10872128,75.0
10872640,110.0
10873632,93.0
10873792,105.0
10875552,81.0
10876224,74.0
10882656,90.0
10887040,81.0
10897056,99.0
10897920,88.0
10899104,74.0
10900960,79.0
10905728,64.0
10912864,80.0
10923200,70.0
10937024,68.0
10937984,114.0
10939808,77.0
10944000,143.0
10945376,97.0
10946016,119.0
10955520,187.0
10958144,91.0
10961056,90.0
10966560,317.0
10969440,72.0
10969760,96.0
10974752,75.0
10979776,146.0
10983264,144.0
10985664,156.0
10987328,194.0
10991712,71.0
10994080,118.0
11001024,92.0
11002368,67.0
11003008,67.0
11003808,104.0
11010464,166.0
11011232,127.0
11012416,62.0
11020512,68.0
11022656,245.0
11023968,90.0
11028832,103.0
11030368,491.0
11031520,83.0
11031616,151.0
11033760,74.0
11040832,265.0
11040864,62.0
11043424,80.0
11049568,126.0
11053216,76.0
11056160,142.0
11058784,87.0
11064384,88.0
11073344,54.0
11076256,113.0
11076704,81.0
11086976,82.0
11097952,96.0
11099360,77.0
11100896,113.0
11103872,80.0
11104512,117.0
11109824,80.0
11113952,102.0
11116864,92.0
11117376,168.0
11118400,136.0
11118400,94.0
11120928,150.0
11123072,106.0
11128608,95.0
11134656,97.0
11136832,154.0
11137216,81.0
11138688,95.0
11142720,154.0
11145632,90.0
11152768,141.0
11156704,110.0
11161472,92.0
11171904,85.0
11176160,92.0
11178112,73.0
11181792,74.0
11184480,83.0
11185568,132.0
11185952,97.0
11189088,143.0
11196192,149.0
11197888,76.0
11204800,65.0
11207392,72.0
11212064,109.0
11212960,84.0
11214368,90.0
11223776,114.0
11225824,63.0
11242176,85.0
11243456,79.0
11246496,152.0
11247904,76.0
11251680,160.0
11252288,96.0
11253376,64.0
11255456,94.0
11263616,145.0
11264576,106.0
11268480,85.0
11269056,79.0
11274304,144.0
11277440,102.0
11280128,151.0
11282144,89.0
11300992,93.0
11304864,131.0
11306624,94.0
11313952,77.0
11314240,85.0
11314400,93.0
11316512,78.0
11317248,65.0
11328320,89.0
11329632,89.0
11340160,66.0
11343968,85.0
11357024,117.0
11371232,150.0
11375360,139.0
11380576,93.0
11381504,99.0
11385088,74.0
11386304,153.0
11388096,99.0
11388800,120.0
11391392,164.0
11393984,145.0
11397536,183.0
11400960,96.0
11402208,100.0
11402432,125.0
11408032,90.0
11412352,123.0
11415648,185.0
11415776,105.0
11422336,95.0
11426944,91.0
11433760,83.0
11438336,133.0
11446912,83.0
11448000,86.0
11448704,84.0
11452480,117.0
11452928,123.0
11456480,78.0
11457568,132.0
11458752,70.0
11460416,90.0
11462016,101.0
11464416,91.0
11465536,114.0
11466048,93.0
11469664,147.0
11473728,91.0
11477504,146.0
11479744,73.0
11482816,115.0
11483840,148.0
11507200,108.0
11512928,230.0
11524992,74.0
11525664,97.0
11535424,141.0
11539936,64.0
11540160,84.0
11551040,67.0
11556992,80.0
11570080,158.0
11573184,150.0
11577536,109.0
11587136,155.0
11588672,101.0
11593984,133.0
11600064,73.0
11600096,202.0
11601856,91.0
11603648,151.0
11609056,88.0
11612640,98.0
11613440,109.0
11614592,81.0
11616480,86.0
11618880,109.0
11619200,185.0
11621248,77.0
11626400,67.0
11631136,115.0
11631936,226.0
11638720,126.0
11639936,91.0
11642464,72.0
11653952,93.0
11664096,108.0
11664928,112.0
11668896,212.0
11670784,170.0
11671904,75.0
11676320,97.0
11680896,91.0
11684768,113.0
11690720,74.0
11693920,81.0
11694112,96.0
11707168,127.0
11708192,93.0
11717440,76.0
11719968,78.0
11723776,101.0
11739456,101.0
11747104,100.0
11748256,147.0
11749600,70.0
11751680,158.0
11756672,65.0
11757280,91.0
11761504,71.0
11771520,71.0
11772544,173.0
11783712,165.0
11785312,80.0
11787040,83.0
11791136,130.0
11797728,106.0
11799456,98.0
11803200,123.0
11809504,73.0
11810656,105.0
11814624,145.0
11815040,77.0
11816832,72.0
11816992,76.0
11829312,125.0
11836256,113.0
11838464,74.0
11848992,90.0
11852576,91.0
11858144,96.0
11859808,171.0
11861312,89.0
11862656,143.0
11863616,119.0
11864736,150.0
11865344,169.0
11869664,159.0
11871552,93.0
11872672,77.0
11874144,146.0
11874976,106.0
11875552,68.0
11880064,98.0
11881728,181.0
11886336,130.0
11893824,75.0
11894080,139.0
11896384,102.0
11901184,128.0
11904192,67.0
11906944,272.0
11911872,109.0
11913504,85.0
11915584,145.0
11922464,112.0
11924960,230.0
11925312,64.0
11929536,85.0
11932160,152.0
11933408,121.0
11945728,80.0
11949728,152.0
11955872,166.0
11956096,89.0
11959232,73.0
11964224,209.0
11968416,85.0
11969152,72.0
11970688,124.0
11971008,74.0
11973536,92.0
11975040,76.0
11976064,67.0
11985984,108.0
11986272,86.0
11988736,199.0
11988992,71.0
11995872,191.0
11996096,266.0
11997632,91.0
11998816,84.0
11999072,92.0
12000384,69.0
12000448,76.0
12013184,93.0
12015168,99.0
12032576,94.0
12035968,163.0
12058368,209.0
12062592,81.0
12064480,113.0
12066720,88.0
12070688,76.0
12072512,137.0
12073728,152.0
12074432,115.0
12075744,69.0
12077600,176.0
12082592,107.0
12087968,95.0
12088992,164.0
12089248,85.0
12093600,79.0
12095104,171.0
12096032,85.0
12096864,101.0
12102432,100.0
12104896,75.0
12105728,103.0
12107072,119.0
12110624,122.0
12112960,98.0
12114336,62.0
12114368,108.0
12117184,116.0
12125888,124.0
12135040,157.0
12137952,112.0
12140992,74.0
12144064,146.0
12147296,97.0
12151552,76.0
12152800,104.0
12155296,105.0
12155904,78.0
12156736,88.0
12160704,78.0
12172544,129.0
12174880,126.0
12178176,106.0
12179232,74.0
12182400,87.0
12182496,113.0
12190656,90.0
12192384,81.0
12193536,131.0
12215008,123.0
12218240,65.0
12223392,98.0
12227360,100.0
12231936,121.0
12232160,102.0
12232672,104.0
12239328,101.0
12240992,136.0
12241952,144.0
12248512,132.0
12265760,103.0
12266560,243.0
12267200,63.0
12275648,128.0
12275776,78.0
12279104,61.0
12279808,147.0
12281312,145.0
12291424,115.0
12293056,103.0
12301344,150.0
12301728,64.0
12313376,99.0
12313760,267.0
12315616,82.0
12319840,95.0
12322624,86.0
12322784,108.0
12324736,152.0
12329376,117.0
12330624,65.0
12334208,143.0
12334592,138.0
12339104,69.0
12349600,92.0
12352992,124.0
12355776,56.0
12359968,63.0
12362048,90.0
12364320,122.0
12364480,71.0
12370240,72.0
12370720,64.0
12380160,97.0
12386304,106.0
12404640,76.0
12405056,58.0
12410080,81.0
12411936,151.0
12412480,286.0
12413504,144.0
12415840,78.0
12417728,90.0
12420160,89.0
12420800,162.0
12423200,74.0
12424128,70.0
12426016,244.0
12427328,74.0
12427424,82.0
12428096,168.0
12429504,195.0
12431008,77.0
12431680,135.0
12438944,134.0
12440800,76.0
12445696,103.0
12449248,90.0
12454112,186.0
12463264,88.0
12463360,71.0
12465248,98.0
12467040,500.0
12469216,186.0
12470112,86.0
12474592,121.0
12477280,96.0
12477824,67.0
12480704,77.0
12486976,89.0
12497920,75.0
12498592,112.0
12511136,77.0
12517248,100.0
12528704,92.0
12528736,80.0
12534848,106.0
12540384,63.0
12542144,109.0
12544800,92.0
12561888,190.0
12564000,84.0
12566080,75.0
12573568,78.0
12574368,89.0
12575008,162.0
12581280,172.0
12585504,117.0
12587872,158.0
12591520,99.0
12603168,161.0
12612960,89.0
12618112,133.0
12618720,124.0
12623168,253.0
12624160,86.0
12626176,147.0
12631520,115.0
12631712,109.0
12638112,74.0
12639552,65.0
12640160,175.0
12644736,139.0
12650592,89.0
12658368,99.0
12663488,126.0
12673888,102.0
12673920,81.0
12673984,93.0
12676544,81.0
12678464,139.0
12678624,153.0
12680608,122.0
12681184,79.0
12685856,87.0
12699040,78.0
12699360,119.0
12700160,172.0
12704672,136.0
12705792,160.0
12713792,188.0
12713888,72.0
12719232,70.0
12720160,225.0
12720288,154.0
12725792,174.0
12728320,78.0
12728512,174.0
12734400,74.0
12735808,147.0
12741024,120.0
12742432,69.0
12749920,131.0
12751360,106.0
12751584,99.0
12752416,67.0
12753664,105.0
12760800,152.0
12760864,133.0
12763136,78.0
12764256,121.0
12768800,95.0
12768928,78.0
12771008,83.0
12775616,213.0
12776128,119.0
12778592,92.0
12778816,63.0
12778912,132.0
12779488,108.0
12782048,211.0
12786016,155.0
12791168,98.0
12794272,64.0
12797792,90.0
12813728,68.0
12819456,83.0
12820032,72.0
12823904,153.0
12826208,121.0
12827744,99.0
12829536,102.0
12840576,79.0
12846080,97.0
12851744,66.0
12858656,78.0
12861312,119.0
12862560,121.0
12863392,106.0
12876416,62.0
12878240,106.0
12878464,87.0
12880032,86.0
12882784,76.0
12882848,91.0
12885312,65.0
12898080,95.0
12900448,127.0
12901536,175.0
12902688,133.0
12903296,113.0
12904224,88.0
12906080,89.0
12915968,193.0
12922912,94.0
12923104,154.0
12938464,265.0
12940192,157.0
12943392,99.0
12943712,93.0
12944576,67.0
12947008,102.0
12954720,68.0
12955136,119.0
12956288,122.0
12957408,83.0
12964128,89.0
12966816,86.0
12969984,227.0
12970272,142.0
12970496,204.0
12972352,85.0
12976000,395.0
12978304,60.0
12980288,88.0
12997280,71.0
13000480,81.0
13004320,73.0
13010752,105.0
13015616,381.0
13022880,71.0
13023520,133.0
13025856,82.0
13026272,85.0
13033344,205.0
13035968,140.0
13043936,81.0
13044032,101.0
13046112,76.0
13048320,136.0
13048928,69.0
13050464,73.0
13053312,76.0
13057280,101.0
13058304,62.0
13060512,100.0
13061280,136.0
13062336,96.0
13065312,134.0
13067520,116.0
13072416,129.0
13079552,85.0
13082176,148.0
13091296,147.0
13096384,152.0
13097856,99.0
13100544,231.0
13101216,70.0
13103136,80.0
13103296,121.0
13104288,148.0
13107264,128.0
13110688,106.0
13116224,112.0
13120192,97.0
13123520,158.0
13130016,122.0
13136416,156.0
13144096,64.0
13149728,95.0
13151808,70.0
13152288,313.0
13153152,77.0
13161248,106.0
13163840,72.0
13167456,81.0
13167680,118.0
13168768,118.0
13171424,113.0
13173216,80.0
13176160,98.0
13183296,88.0
13195136,238.0
13197344,256.0
13206944,74.0
13212352,115.0
13215360,139.0
13216320,84.0
13218016,85.0
13218144,86.0
13220096,69.0
13236896,106.0
13237728,93.0
13241952,147.0
13244352,87.0
13248352,69.0
13259008,357.0
13260096,154.0
13268960,179.0
13274912,101.0
13275968,61.0
13276384,103.0
13278048,75.0
13278400,146.0
13278848,122.0
13285280,115.0
13294432,75.0
13295328,183.0
13297056,81.0
13298816,108.0
13301408,66.0
13303584,129.0
13304352,76.0
13309472,80.0
13317248,81.0
13317760,113.0
13320896,85.0
13325248,125.0
13327424,172.0
13328352,107.0
13330048,124.0
13330912,87.0
13341216,86.0
13344192,81.0
13347424,71.0
13352768,88.0
13356960,81.0
13361472,124.0
13369760,142.0
13373920,135.0
13378688,87.0
13391776,158.0
13401696,83.0
13408352,186.0
13410496,101.0
13410720,500.0
13416992,65.0
13425504,83.0
13430272,148.0
13430528,86.0
13433504,149.0
13439360,67.0
13445344,99.0
13446336,139.0
13449600,88.0
13455456,161.0
13471360,75.0
13476512,94.0
13494560,75.0
13495648,90.0
13498016,169.0
13498528,89.0
13506336,119.0
13509792,152.0
13511200,79.0
13513184,78.0
13515520,99.0
13515936,78.0
13523968,126.0
13526560,103.0
13530176,89.0
13542752,66.0
13544256,154.0
13544768,212.0
13546080,59.0
13549152,70.0
13550848,149.0
13553856,71.0
13559040,101.0
13561344,89.0
13563904,71.0
13565568,104.0
13572192,136.0
13574176,99.0
13576128,173.0
13585056,129.0
13585792,79.0
13591904,171.0
13597952,158.0
13603616,162.0
13606400,91.0
13616192,69.0
13620544,91.0
13624416,77.0
13630752,152.0
13635008,235.0
13643968,77.0
13645472,170.0
13645760,94.0
13645792,77.0
13648192,74.0
13650720,292.0
13656512,155.0
13657728,117.0
13658464,160.0
13661536,78.0
13673440,185.0
13673696,72.0
13674272,75.0
13676672,103.0
13678016,173.0
13681856,157.0
13683392,80.0
13689600,141.0
13690080,89.0
13706720,99.0
13712288,217.0
13724960,112.0
13728384,206.0
13729152,213.0
13732768,68.0
13738560,112.0
13756064,82.0
13774816,79.0
13789120,74.0
13789632,83.0
13805056,84.0
13805152,108.0
13806656,435.0
13815264,153.0
13826656,88.0
13833472,166.0
13834848,71.0
13840128,72.0
13843584,175.0
13843840,94.0
13846528,78.0
13854976,86.0
13855680,101.0
13880128,219.0
13880128,72.0
13880256,166.0
13887264,74.0
13891008,141.0
13896576,97.0
13898976,157.0
13900320,108.0
13903936,106.0
13906016,74.0
13916128,123.0
13919552,97.0
13923520,79.0
13924512,160.0
13925216,149.0
13927744,100.0
13931872,88.0
13939520,90.0
13947232,77.0
13947584,88.0
13947648,124.0
13970400,106.0
13971072,90.0
13972256,94.0
13980672,85.0
13981760,161.0
13981792,94.0
13986464,69.0
13987008,132.0
13987264,91.0
13992512,86.0
13992512,150.0
13995520,78.0
14001088,81.0
14004288,87.0
14012128,154.0
14020448,61.0
14034816,326.0
14042176,108.0
14043200,86.0
14044288,102.0
14045152,119.0
14045536,70.0
14046816,65.0
14049568,76.0
14052064,207.0
14052288,102.0
14055744,116.0
14055936,91.0
14055968,106.0
14060480,88.0
14061472,135.0
14062240,104.0
14065280,83.0
14079680,156.0
14080416,59.0
14080832,104.0
14080960,126.0
14086752,201.0
14097632,86.0
14098272,161.0
14103872,93.0
14104992,82.0
14105120,96.0
14112704,96.0
14115456,72.0
14130368,220.0
14133184,113.0
14133664,75.0
14133888,91.0
14134144,153.0
14138240,159.0
14140704,65.0
14157760,89.0
14160864,141.0
14160896,161.0
14161184,116.0
14171680,109.0
14175648,169.0
14177504,60.0
14182272,95.0
14185376,205.0
14198144,87.0
14199200,127.0
14202592,213.0
14210304,67.0
14218592,56.0
14226912,72.0
14229120,66.0
14231072,206.0
14245280,139.0
14245376,83.0
14246048,63.0
14258080,68.0
14263008,77.0
14263424,101.0
14266016,129.0
14267456,89.0
14290112,76.0
14305408,165.0
14308736,99.0
14315936,152.0
14320384,96.0
14324928,71.0
14325312,86.0
14347552,69.0
14353696,85.0
14353984,92.0
14363360,130.0
14363712,216.0
14366496,86.0
14371040,71.0
14372000,89.0
14374144,132.0
14383584,447.0
14397376,117.0
14400096,84.0
14405344,156.0
14406112,72.0
14407584,71.0
14412352,74.0
14416512,183.0
14417920,265.0
14427968,93.0
14431904,139.0
14433376,122.0
14437792,60.0
14438080,68.0
14441088,75.0
14443872,130.0
14454848,78.0
14457696,91.0
14460352,62.0
14460864,100.0
14464768,375.0
14472608,182.0
14480448,141.0
14484160,190.0
14487776,98.0
14488288,82.0
14489920,66.0
14506176,140.0
14508800,100.0
14510176,71.0
14511808,77.0
14513408,84.0
14515776,89.0
14516160,78.0
14522368,162.0
14522592,78.0
14524224,67.0
14526560,72.0
14529376,90.0
14531904,185.0
14532000,102.0
14539776,84.0
14541280,177.0
14543200,120.0
14550400,78.0
14551200,100.0
14551680,184.0
14555808,70.0
14558016,110.0
14561120,195.0
14571680,149.0
14577248,105.0
14579584,131.0
14585472,71.0
14585856,99.0
14586816,100.0
14589728,61.0
14591424,87.0
14592832,112.0
14598336,240.0
14600320,72.0
14602464,170.0
14603648,61.0
14607744,164.0
14610208,73.0
14613056,130.0
14614080,113.0
14617824,206.0
14621184,73.0
14633600,157.0
14636608,93.0
14643456,500.0
14644768,63.0
14661632,131.0
14662016,99.0
14666080,92.0
14671680,85.0
14675040,99.0
14680224,168.0
14681056,96.0
14682464,147.0
14688064,92.0
14688928,173.0
14694080,89.0
14696352,113.0
14699456,110.0
14702176,130.0
14702208,145.0
14703808,60.0
14704576,73.0
14706464,85.0
14706752,79.0
14709376,173.0
14710752,79.0
14712544,77.0
14712704,97.0
14719936,74.0
14719936,149.0
14730208,116.0
14739456,101.0
14745568,85.0
14750976,481.0
14751776,81.0
14752384,181.0
14765408,90.0
14766176,228.0
14768384,137.0
14772096,134.0
14773376,80.0
14777376,212.0
14790240,150.0
14796448,152.0
14802464,108.0
14804064,185.0
14807488,75.0
14816736,90.0
14816832,64.0
14816864,94.0
14821056,299.0
14822208,104.0
14822368,139.0
14826080,120.0
14827040,190.0
14830912,102.0
14833664,85.0
14834176,398.0
14836896,100.0
14838944,86.0
14840768,86.0
14843232,73.0
14843744,145.0
14850816,140.0
14856224,176.0
14860832,75.0
14863712,172.0
14866752,73.0
14883200,81.0
14897696,159.0
14898336,63.0
14898816,157.0
14900608,92.0
14901120,165.0
14905472,121.0
14907776,71.0
14912800,73.0
14917632,80.0
14928896,190.0
14933440,110.0
14937280,82.0
14941408,88.0
14948992,149.0
14952160,157.0
14956096,96.0
14959232,161.0
14960928,89.0
14962624,77.0
14967552,63.0
14969504,130.0
14972960,72.0
14977568,115.0
14983200,113.0
14984000,161.0
14988160,112.0
14990272,115.0
14991488,68.0
14996288,108.0
14996352,72.0
15001440,150.0
15004320,74.0
15006848,301.0
15013408,108.0
15014432,91.0
15015456,78.0
15017728,134.0
15019040,197.0
15022560,92.0
15028480,77.0
15030720,96.0
15032032,149.0
15044288,150.0
15049664,162.0
15049920,108.0
15052480,152.0
15053664,140.0
15055840,71.0
15063680,87.0
15066304,127.0
15076544,159.0
15081888,87.0
15082592,309.0
15086112,113.0
15089600,77.0
15089632,81.0
15092192,90.0
15096832,161.0
15097376,152.0
15100256,67.0
15106400,136.0
15112608,178.0
15115904,84.0
15116800,136.0
15117280,76.0
15121856,123.0
15123328,118.0
15125504,73.0
15129088,90.0
15136704,83.0
15136992,70.0
15137792,154.0
15141664,97.0
15144352,106.0
15146880,106.0
15147168,117.0
15148672,134.0
15149024,133.0
15151616,92.0
15153440,98.0
15153568,306.0
15155712,78.0
15157760,68.0
15168416,82.0
15170720,123.0
15171616,92.0
15175168,92.0
15181632,141.0
15189376,82.0
15190112,101.0
15192544,78.0
15202336,150.0
15202880,141.0
15208960,123.0
15222848,77.0
15230784,74.0
15239424,181.0
15244128,356.0
15247584,68.0
15251488,92.0
15258432,158.0
15262144,79.0
15262656,141.0
15262976,62.0
15264576,115.0
15267168,81.0
15279456,57.0
15280800,90.0
15283520,64.0
15295104,63.0
15297440,153.0
15297920,178.0
15299168,135.0
15302400,149.0
15304832,120.0
15311776,161.0
15314816,101.0
15316672,110.0
15316832,65.0
15318240,54.0
15321792,136.0
15326912,164.0
15332800,350.0
15336704,73.0
15343296,65.0
15346528,100.0
15354336,84.0
15357568,140.0
15370272,66.0
15371968,84.0
15393280,211.0
15397888,156.0
15404640,89.0
15411712,120.0
15413632,107.0
15417952,147.0
15426592,62.0
15435200,76.0
15436224,130.0
15438208,76.0
15445408,81.0
15449664,98.0
15454624,163.0
15456064,88.0
15457888,149.0
15460672,74.0
15464256,73.0
15465280,250.0
15468608,87.0
15469280,153.0
15470912,140.0
15471008,105.0
15484768,279.0
15490688,73.0
15491456,208.0
15496896,98.0
15509248,111.0
15517440,69.0
15517824,284.0
15519104,133.0
15521696,101.0
15522848,87.0
15523008,105.0
15524448,70.0
15525952,500.0
15532864,124.0
15539968,140.0
15541056,168.0
15541792,500.0
15552992,88.0
15557920,108.0
15563680,70.0
15570720,134.0
15571552,151.0
15576160,79.0
15578752,329.0
15581984,59.0
15583264,98.0
15585472,112.0
15589184,154.0
15591424,500.0
15600064,126.0
15607488,150.0
15607744,75.0
15609056,69.0
15612704,91.0
15616896,132.0
15629984,126.0
15639904,137.0
15640512,66.0
15641184,92.0
15644000,174.0
15646336,80.0
15647712,155.0
15649536,116.0
15654368,91.0
15670624,163.0
15675936,133.0
15681152,95.0
15683840,64.0
15683872,500.0
15686112,83.0
15695296,110.0
15698688,83.0
15699808,387.0
15703872,130.0
15707456,137.0
15710720,88.0
15712736,78.0
15715328,98.0
15719936,101.0
15720512,91.0
15720800,109.0
15722816,83.0
15733504,87.0
15736000,77.0
15750144,80.0
15758528,139.0
15763392,80.0
15773728,142.0
15776064,184.0
15779936,136.0
15782336,87.0
15782816,80.0
15783168,213.0
15788896,99.0
15793344,76.0
15811392,151.0
15813120,78.0
15815552,290.0
15816576,85.0
15817024,107.0
15822272,111.0
15842816,118.0
15851008,107.0
15854784,132.0
15858176,76.0
15866656,98.0
15868128,99.0
15880032,73.0
15880128,138.0
15884256,182.0
15886944,90.0
15892096,134.0
15897344,96.0
15898720,87.0
15903840,95.0
15904128,146.0
15905888,81.0
15909184,135.0
15910240,107.0
15912800,79.0
15913760,81.0
15913952,66.0
15914208,77.0
15914560,129.0
15918272,96.0
15920000,82.0
15927104,380.0
15931200,73.0
15933024,99.0
15936736,72.0
15960320,100.0
15961408,185.0
15965408,221.0
15965888,117.0
15968576,165.0
15974208,105.0
15977152,77.0
15988000,76.0
15989760,84.0
15991776,66.0
15994048,123.0
15996032,74.0
15997312,146.0
15999008,69.0
15999232,99.0
16008384,122.0
16015008,57.0
16019168,69.0
16021504,87.0
16025184,96.0
16035968,165.0
16045792,83.0
16047936,109.0
16050304,68.0
16054336,52.0
16055808,177.0
16057024,278.0
16058080,187.0
16060704,158.0
16065792,204.0
16077760,127.0
16080128,150.0
16080288,132.0
16080992,105.0
16086752,103.0
16094400,135.0
16096032,100.0
16098848,126.0
16101952,173.0
16108800,79.0
16112000,68.0
16116960,423.0
16122688,66.0
16127392,93.0
16127616,89.0
16128704,73.0
16128832,82.0
16137216,103.0
16137472,84.0
16138208,87.0
16142496,135.0
16144288,68.0
16144928,153.0
16148064,217.0
16152224,96.0
16153152,64.0
16161056,73.0
16161760,132.0
16168288,101.0
16176608,138.0
16184928,134.0
16187904,243.0
16188096,120.0
16192928,140.0
16202144,291.0
16210816,70.0
16211104,87.0
16213024,153.0
16215168,70.0
16217536,200.0
16233952,63.0
16237504,69.0
16238176,170.0
16242848,88.0
16246368,142.0
16249120,85.0
16250720,170.0
16252576,103.0
16257632,192.0
16258656,85.0
16259904,153.0
16265888,80.0
16266144,76.0
16266944,500.0
16269888,131.0
16270400,80.0
16274976,126.0
16275296,125.0
16279328,96.0
16280256,500.0
16283744,160.0
16292192,113.0
16302048,86.0
16313504,150.0
16315744,101.0
16322784,159.0
16328896,65.0
16333376,75.0
16339808,98.0
16340640,106.0
16343904,142.0
16349984,121.0
16358272,87.0
16361472,166.0
16364256,86.0
16368000,141.0
16370656,102.0
16372672,92.0
16374464,118.0
16376256,120.0
16376352,114.0
16377536,80.0
16378112,100.0
16386240,500.0
16389440,76.0
16392096,181.0
16394816,77.0
16395488,132.0
16407456,84.0
16408032,73.0
16412960,133.0
16413984,122.0
16414848,121.0
16415744,105.0
16415872,76.0
16432096,177.0
16443264,72.0
16443424,154.0
16443808,182.0
16448704,116.0
16450688,118.0
16453344,130.0
16461280,99.0
16462400,160.0
16465664,269.0
16466272,64.0
16469184,214.0
16473984,134.0
16479552,96.0
16489376,79.0
16499072,104.0
16502304,157.0
16503520,500.0
16505696,70.0
16506624,112.0
16506976,144.0
16508960,127.0
16514752,93.0
16517152,79.0
16519136,137.0
16524896,238.0
16530560,172.0
16531488,143.0
16535872,73.0
16541984,117.0
16548416,132.0
16569216,146.0
16581632,95.0
16589216,131.0
16591776,81.0
16594432,100.0
16596160,65.0
16598112,96.0
16600768,81.0
16601056,131.0
16603712,162.0
16606176,93.0
16624928,104.0
16630304,315.0
16631232,95.0
16632736,99.0
16643712,61.0
16652160,500.0
16659712,73.0
16663040,177.0
16671488,89.0
16674368,92.0
16685536,87.0
16688416,139.0
16689056,116.0
16691520,178.0
16692800,102.0
16694720,87.0
16711808,107.0
16725056,103.0
16726848,104.0
16729024,133.0
16729632,135.0
16730496,113.0
16734496,79.0
16737312,199.0
16738240,166.0
16749152,99.0
16751840,105.0
16755104,77.0
16757568,132.0
16760128,406.0
16764704,146.0
16766080,121.0
16768896,127.0
16774752,63.0
16777600,83.0
16778784,261.0
16780576,99.0
16793504,130.0
16796320,78.0
16802048,95.0
16803520,96.0
16804704,145.0
16811232,94.0
16820320,82.0
16828608,103.0
16835136,178.0
16835872,127.0
16838816,96.0
16839584,81.0
16842912,129.0
16846880,103.0
16847488,135.0
16853280,107.0
16855456,67.0
16872352,73.0
16875744,207.0
16880864,93.0
16884576,86.0
16893088,378.0
16899360,102.0
16900608,94.0
16900800,60.0
16902848,136.0
16904224,306.0
16906976,106.0
16914880,106.0
16915392,500.0
16916128,90.0
16921152,109.0
16926624,106.0
16926720,130.0
16928320,131.0
16935936,98.0
16949888,78.0
16967264,130.0
16967840,100.0
16969824,165.0
16970144,195.0
16975488,99.0
16978720,88.0
16979104,130.0
16982688,82.0
16987200,120.0
16987552,130.0
16990752,92.0
16991712,110.0
16999776,87.0
17002624,163.0
17004384,80.0
17016384,76.0
17018464,138.0
17037440,67.0
17038816,500.0
17041728,137.0
17042560,82.0
17047776,495.0
17047808,142.0
17051808,90.0
17057088,99.0
17061408,119.0
17066144,126.0
17068960,59.0
17078528,117.0
17081248,173.0
17085472,96.0
17089280,500.0
17090848,60.0
17091904,171.0
17093120,130.0
17094528,195.0
17099648,159.0
17104896,74.0
17105472,93.0
17112416,264.0
17120256,174.0
17123360,398.0
17124736,158.0
17125600,89.0
17129632,113.0
17133280,147.0
17136768,84.0
17141472,105.0
17144416,181.0
17151904,106.0
17152416,145.0
17155584,96.0
17155776,133.0
17155872,93.0
17161376,93.0
17169184,139.0
17176352,118.0
17178304,103.0
17181856,85.0
17183456,451.0
17188384,97.0
17188512,106.0
17189536,143.0
17191104,123.0
17194848,78.0
17198656,65.0
17201568,144.0
17206144,87.0
17207776,107.0
17208544,153.0
17212544,69.0
17214432,119.0
17216480,159.0
17217216,82.0
17227200,109.0
17232000,87.0
17238624,105.0
17238784,68.0
17246816,93.0
17247456,176.0
17249696,91.0
17251200,103.0
17253216,109.0
17254528,139.0
17256320,67.0
17265696,134.0
17268448,95.0
17276000,153.0
17279520,123.0
17280992,128.0
17283456,71.0
17286144,267.0
17297088,144.0
17303744,105.0
17306976,97.0
17313376,97.0
17317056,114.0
17318944,177.0
17320640,125.0
17321536,99.0
17325920,176.0
17333824,165.0
17334880,129.0
17340448,98.0
17340800,238.0
17341056,332.0
17341376,109.0
17342080,99.0
17344480,287.0
17345248,65.0
17345568,80.0
17356128,81.0
17359072,65.0
17366624,102.0
17369024,108.0
17369184,79.0
17371136,92.0
17385024,102.0
17390272,75.0
17392320,81.0
17393856,112.0
17395392,75.0
17398592,147.0
17400544,130.0
17404576,75.0
17407840,115.0
17410624,144.0
17410752,161.0
17414432,114.0
17415168,63.0
17419392,171.0
17422240,136.0
17422336,155.0
17422656,79.0
17422848,72.0
17426560,77.0
17429440,136.0
17430208,99.0
17434400,133.0
17434528,79.0
17434560,96.0
17438784,203.0
17450656,74.0
17454080,140.0
17454784,75.0
17462592,133.0
17464032,91.0
17477056,102.0
17479616,213.0
17485792,77.0
17486048,92.0
17492192,77.0
17492864,92.0
17496992,82.0
17500768,86.0
17501792,80.0
17501824,137.0
17502048,109.0
17502240,90.0
17510080,118.0
17510624,70.0
17510976,500.0
17511680,76.0
17516992,169.0
17526304,147.0
17527648,72.0
17532000,70.0
17534112,325.0
17539712,101.0
17542016,94.0
17544000,82.0
17549152,125.0
17549632,130.0
17549760,135.0
17553248,63.0
17554752,500.0
17558560,127.0
17559584,67.0
17572960,154.0
17577440,69.0
17582848,99.0
17597888,102.0
17603776,88.0
17612352,80.0
17618912,82.0
17623168,153.0
17624992,88.0
17628896,85.0
17629568,89.0
17632416,103.0
17636800,106.0
17638272,114.0
17639648,500.0
17642912,57.0
17646784,106.0
17647648,140.0
17656768,77.0
17665280,68.0
17665824,107.0
17667904,99.0
17669120,90.0
17677408,108.0
17686048,152.0
17688832,214.0
17690272,126.0
17704608,101.0
17715456,500.0
17719488,176.0
17721472,153.0
17723840,135.0
17728160,88.0
17731808,379.0
17734496,148.0
17736704,89.0
17741248,80.0
17750432,144.0
17755296,120.0
17756192,206.0
17760352,84.0
17761408,114.0
17765696,157.0
17768544,196.0
17771520,138.0
17771808,85.0
17776832,164.0
17784096,198.0
17789792,137.0
17796000,168.0
17797440,100.0
17808352,55.0
17808416,68.0
17809888,58.0
17813632,92.0
17828608,151.0
17829824,97.0
17831616,108.0
17834048,144.0
17836640,76.0
17852640,196.0
17860000,176.0
17861440,76.0
17866560,217.0
17869376,76.0
17869536,62.0
17874880,156.0
17879392,90.0
17889216,133.0
17894240,104.0
17897792,94.0
17898336,84.0
17899232,84.0
17901408,106.0
17903488,154.0
17903744,96.0
17905344,98.0
17916192,211.0
17917664,126.0
17935136,68.0
17936416,81.0
17938752,69.0
17943808,136.0
17948288,175.0
17956288,66.0
17959264,97.0
17960672,252.0
17961920,109.0
17966752,90.0
17967744,90.0
17972384,123.0
17973728,175.0
17979776,77.0
17980832,168.0
17983616,74.0
17987168,61.0
17990592,175.0
17992224,206.0
17996096,143.0
17999232,100.0
18000384,196.0
18000928,96.0
18002528,82.0
18003840,135.0
18009088,128.0
18012192,123.0
18012320,71.0
18013888,294.0
18017728,93.0
18025152,81.0
18030112,105.0
18030880,135.0
18040384,147.0
18041184,115.0
18045216,105.0
18046144,162.0
18049920,107.0
18051904,111.0
18054496,79.0
18055744,94.0
18058752,156.0
18067360,147.0
18073696,99.0
18078816,68.0
18081664,88.0
18085888,65.0
18087104,88.0
18090784,142.0
18092320,77.0
18094656,221.0
18106240,70.0
18108672,146.0
18108768,81.0
18113952,133.0
18114048,87.0
18114240,110.0
18114400,178.0
18115200,190.0
18118688,108.0
18120544,78.0
18121152,62.0
18121312,81.0
18123936,105.0
18128000,62.0
18133824,96.0
18138112,119.0
18139040,169.0
18146784,59.0
18148032,95.0
18150016,77.0
18150144,85.0
18154976,87.0
18161184,97.0
18163808,108.0
18166944,136.0
18168576,67.0
18171840,149.0
18173856,63.0
18175200,99.0
18179456,64.0
18182816,135.0
18189408,94.0
18206912,108.0
18211168,108.0
18211968,109.0
18212768,159.0
18226688,83.0
18228448,147.0
18230368,106.0
18234816,151.0
18242720,114.0
18246496,167.0
18247776,83.0
18253792,161.0
18255584,160.0
18264224,180.0
18267936,103.0
18270272,94.0
18275264,84.0
18283168,71.0
18283680,91.0
18285344,84.0
18292352,63.0
18299200,81.0
18301024,138.0
18302688,70.0
18303520,94.0
18312480,93.0
18317504,77.0
18317536,113.0
18319072,212.0
18320448,81.0
18322208,96.0
18324512,66.0
18324608,153.0
18330112,62.0
18332928,87.0
18335552,336.0
18336800,76.0
18336800,92.0
18336832,83.0
18342112,81.0
18345312,140.0
18347840,78.0
18354464,200.0
18360704,86.0
18361056,67.0
18368000,181.0
18375040,156.0
18376128,78.0
18384992,94.0
18399104,259.0
18403552,139.0
18405312,99.0
18413984,80.0
18414880,87.0
18417184,88.0
18417920,126.0
18422464,84.0
18425120,59.0
18430848,118.0
18431872,328.0
18446560,101.0
18447584,69.0
18450016,167.0
18455264,101.0
18455712,84.0
18461376,88.0
18465664,85.0
18467520,149.0
18470400,65.0
18475136,63.0
18475552,109.0
18490784,92.0
18492544,158.0
18496320,86.0
18497696,114.0
18498624,123.0
18507392,83.0
18509024,96.0
18513824,149.0
18514688,137.0
18515520,160.0
18516576,95.0
18517408,71.0
18517696,144.0
18526400,68.0
18531264,76.0
18532992,79.0
18533856,92.0
18536384,60.0
18539136,85.0
18543040,144.0
18545824,184.0
18556832,154.0
18563808,74.0
18565504,70.0
18572448,110.0
18588896,96.0
18591680,143.0
18599936,159.0
18610528,329.0
18611296,500.0
18612416,69.0
18616096,85.0
18617120,102.0
18627296,179.0
18628864,121.0
18629856,183.0
18632320,107.0
18633280,93.0
18636064,86.0
18644960,69.0
18651968,111.0
18657376,79.0
18663392,73.0
18668384,225.0
18672544,91.0
18674304,77.0
18675264,130.0
18676448,158.0
18677056,99.0
18687040,64.0
18688384,219.0
18690336,54.0
18700576,72.0
18705344,148.0
18707488,153.0
18711200,91.0
18719232,107.0
18719968,185.0
18721408,91.0
18728768,62.0
18736928,190.0
18737952,113.0
18743520,149.0
18745632,244.0
18749024,131.0
18749472,102.0
18750272,93.0
18757376,108.0
18757536,154.0
18757664,89.0
18761344,500.0
18761664,146.0
18765440,81.0
18766016,98.0
18767008,95.0
18767040,161.0
18781856,66.0
18796544,66.0
18796768,116.0
18805632,134.0
18811616,89.0
18814336,112.0
18814368,166.0
18818592,67.0
18823392,80.0
18831776,163.0
18839712,106.0
18840128,67.0
18845504,88.0
18851104,76.0
18854944,92.0
18859456,90.0
18860032,109.0
18865280,76.0
18868320,141.0
18879936,150.0
18883552,238.0
18885056,117.0
18886976,59.0
18888640,182.0
18894016,84.0
18895584,83.0
18908000,155.0
18910208,500.0
18914240,133.0
18928224,72.0
18929344,122.0
18932384,77.0
18935840,76.0
18936672,65.0
18937760,64.0
18945728,118.0
18946240,138.0
18952928,198.0
18954784,86.0
18958752,143.0
18968448,107.0
18972032,157.0
18982304,109.0
18984608,149.0
18985760,118.0
18987232,451.0
18988864,69.0
18991808,88.0
18993952,68.0
18994976,106.0
19001696,96.0
19003328,99.0
19006080,85.0
19006272,135.0
19010240,163.0
19012128,133.0
19013312,136.0
19022240,80.0
19022304,126.0
19022464,147.0
19026880,144.0
19034016,81.0
19044000,80.0
19048224,375.0
19050336,92.0
19058592,111.0
19067712,150.0
19069152,122.0
19070016,126.0
19073664,140.0
19075328,149.0
19079552,74.0
19087296,95.0
19089152,136.0
19089504,159.0
19090976,94.0
19093536,135.0
19094496,137.0
19095200,178.0
19104384,65.0
19106912,114.0
19108576,94.0
19118912,83.0
19119552,106.0
19119808,156.0
19121696,119.0
19121760,77.0
19124160,90.0
19124640,85.0
19125056,76.0
19125344,106.0
19133664,104.0
19134272,99.0
19135808,130.0
19151872,114.0
19152768,101.0
19158208,86.0
19161280,175.0
19161568,194.0
19168704,131.0
19178464,64.0
19179744,182.0
19182560,97.0
19184768,76.0
19186816,93.0
19187776,144.0
19190720,163.0
19199648,103.0
19201376,70.0
19208256,134.0
19208832,72.0
19213536,125.0
19224256,102.0
19225696,119.0
19231520,500.0
19237440,73.0
19242336,70.0
19244000,88.0
19255552,89.0
19260352,99.0
19267392,67.0
19268544,215.0
19270080,127.0
19279616,73.0
19280768,192.0
19280800,155.0
19284512,152.0
19286944,91.0
19290176,62.0
19292032,298.0
19295456,80.0
19297600,97.0
19298784,500.0
19301056,66.0
19305472,160.0
19312160,169.0
19321664,140.0
19325824,217.0
19326624,139.0
19329536,85.0
19336128,500.0
19336416,136.0
19336864,71.0
19340768,156.0
19342784,100.0
19344288,68.0
19351168,104.0
19355744,102.0
19356384,79.0
19358592,100.0
19363904,92.0
19365184,174.0
19365856,83.0
19368256,146.0
19373600,113.0
19378912,146.0
19382432,64.0
19385056,158.0
19387328,72.0
19394368,222.0
19407680,63.0
19415360,139.0
19418592,115.0
19421376,74.0
19429600,138.0
19430720,500.0
19434400,95.0
19439104,118.0
19449632,87.0
19450432,137.0
19452736,160.0
19463968,70.0
19464640,66.0
19468704,138.0
19476832,75.0
19479616,81.0
19481056,86.0
19483136,69.0
19488736,105.0
19506272,228.0
19513152,79.0
19520512,87.0
19524320,81.0
19527936,89.0
19532256,154.0
19538336,97.0
19541568,100.0
19542144,120.0
19544896,99.0
19545856,101.0
19545888,248.0
19547488,104.0
19555008,160.0
19557632,162.0
19563904,94.0
19574176,185.0
19574688,69.0
19578816,85.0
19578848,145.0
19580192,108.0
19585280,71.0
19586016,197.0
19594400,142.0
19596448,104.0
19596576,82.0
19601472,209.0
19607392,129.0
19610624,149.0
19612960,93.0
19613728,129.0
19614528,147.0
19617856,173.0
19625984,66.0
19626688,65.0
19632096,157.0
19634624,68.0
19634880,87.0
19637888,135.0
19639008,99.0
19660736,73.0
19666464,125.0
19668992,145.0
19669344,120.0
19679328,65.0
19681696,89.0
19682272,174.0
19686368,74.0
19686400,168.0
19688960,197.0
19690048,73.0
19696832,67.0
19705728,88.0
19711232,133.0
19718528,94.0
19718592,171.0
19719552,166.0
19719808,85.0
19728064,98.0
19730880,110.0
19731008,91.0
19733760,138.0
19734304,92.0
19738208,178.0
19741568,104.0
19745888,123.0
19748608,77.0
19763840,144.0
19773152,73.0
19777216,85.0
19788032,68.0
19789920,178.0
19792928,137.0
19796512,102.0
19811488,107.0
19816288,239.0
19836608,91.0
19852832,88.0
19855616,102.0
19859264,83.0
19866784,151.0
19869120,122.0
19871008,196.0
19876928,184.0
19887648,157.0
19911488,151.0
19914464,421.0
19922592,95.0
19925952,94.0
19926912,86.0
19931840,153.0
19934720,100.0
19936416,155.0
19940832,100.0
19947680,251.0
19948896,128.0
19950688,252.0
19951136,87.0
19954048,171.0
19960608,335.0
19965376,158.0
19981952,126.0
19987328,64.0
19997792,85.0
20002784,106.0
20008576,140.0
20010176,124.0
20022688,337.0
20023360,139.0
20030016,126.0
20030336,66.0
20032320,164.0
20039040,378.0
20040096,113.0
20048480,114.0
20055104,88.0
20056096,90.0
20067936,314.0
20085216,58.0
20088288,142.0
20094784,80.0
20101568,110.0
20102560,83.0
20104064,65.0
20105728,99.0
20112704,247.0
20117280,84.0
20117440,65.0
20119680,101.0
20126240,68.0
20128928,91.0
20130144,74.0
20132000,79.0
20140352,135.0
20140800,117.0
20141088,96.0
20142624,110.0
20145952,67.0
20146240,130.0
20147808,130.0
20153056,140.0
20155616,130.0
20157152,170.0
20161248,98.0
20166656,145.0
20169120,104.0
20179904,75.0
20189312,128.0
20191904,123.0
20191936,84.0
20201408,96.0
20211968,120.0
20228096,145.0
20229504,135.0
20236896,138.0
20249152,141.0
20250528,81.0
20266048,130.0
20266080,115.0
20266432,138.0
20268832,86.0
20275008,141.0
20275136,500.0
20275680,173.0
20280448,95.0
20284512,107.0
20290464,134.0
20293376,168.0
20295968,136.0
20301792,159.0
20302144,163.0
20303680,111.0
20305152,104.0
20310240,82.0
20315360,102.0
20317440,100.0
20321696,132.0
20327968,106.0
20336224,141.0
20338752,90.0
20352416,141.0
20357024,209.0
20359104,89.0
20370912,84.0
20377056,124.0
20379232,86.0
20382016,94.0
20386176,169.0
20396000,78.0
20398400,90.0
20405696,91.0
20419968,104.0
20421536,73.0
20421984,126.0
20424224,102.0
20429952,142.0
20434464,140.0
20436032,149.0
20436224,92.0
20442144,136.0
20453280,140.0
20466656,105.0
20473632,91.0
20481920,105.0
20493760,128.0
20493952,160.0
20494880,153.0
20500224,138.0
20506656,62.0
20507040,121.0
20509312,76.0
20510688,101.0
20512736,103.0
20515392,192.0
20515968,65.0
20516704,123.0
20524320,94.0
20527360,159.0
20532352,107.0
20534688,162.0
20536608,75.0
20542816,145.0
20558080,144.0
20559776,82.0
20566784,212.0
20569952,74.0
20571456,110.0
20573536,104.0
20580288,73.0
20581152,161.0
20584896,122.0
20586144,84.0
20586592,75.0
20587456,69.0
20593888,57.0
20595840,95.0
20614944,73.0
20616352,54.0
20625248,93.0
20626816,78.0
20631840,85.0
20637888,77.0
20638752,112.0
20641312,74.0
20643040,209.0
20647680,92.0
20649408,66.0
20652000,143.0
20654624,58.0
20654944,104.0
20657312,103.0
20659936,85.0
20666432,123.0
20676256,145.0
20684032,116.0
20685344,63.0
20689024,102.0
20690240,136.0
20699136,157.0
20700800,79.0
20702784,59.0
20707968,82.0
20712256,83.0
20712704,63.0
20718336,96.0
20718752,77.0
20719520,97.0
20723520,76.0
20730112,181.0
20733440,184.0
20733600,139.0
20733728,104.0
20736480,120.0
20736672,169.0
20736704,146.0
20741152,64.0
20742368,108.0
20744096,117.0
20744480,258.0
20747104,234.0
20748640,66.0
20750112,53.0
20750880,267.0
20757152,218.0
20766240,106.0
20768096,68.0
20770048,104.0
20784096,157.0
20785824,259.0
20787904,120.0
20789248,86.0
20796032,145.0
20797472,84.0
20801376,72.0
20806592,83.0
20822016,109.0
20826080,93.0
20829824,216.0
20832352,68.0
20835072,93.0
20835392,77.0
20837824,76.0
20854304,231.0
20857088,101.0
20859744,65.0
20864352,84.0
20866400,156.0
20866944,394.0
20872128,89.0
20875136,310.0
20878752,101.0
20880544,105.0
20896384,152.0
20898560,67.0
20903488,153.0
20908864,74.0
20910720,146.0
20912096,87.0
20917600,168.0
20920928,79.0
20921376,69.0
20924672,162.0
20925792,151.0
20930624,296.0
20939872,80.0
20940672,136.0
20950912,194.0
20952224,71.0
20954944,117.0
20956032,192.0
20962112,93.0
20962976,73.0
20963968,63.0
20968928,77.0
20972608,113.0
20976800,148.0
20986880,212.0
20993920,173.0
20995296,129.0
21002688,63.0
21002944,64.0
21006464,71.0
21018048,97.0
21019808,72.0
21022432,104.0
21023200,94.0
21026336,118.0
21028672,133.0
21030752,129.0
21032256,85.0
21034336,72.0
21039168,61.0
21041312,106.0
21048640,349.0
21052256,85.0
21054080,89.0
21057888,74.0
21059424,145.0
21066688,160.0
21067232,110.0
21070336,104.0
21075744,247.0
21079520,169.0
21080096,79.0
21084832,149.0
21086976,130.0
21093984,58.0
21098624,211.0
21104288,118.0
21105696,59.0
21109536,142.0
21120320,144.0
21122176,137.0
21123520,148.0
21127936,142.0
21130592,149.0
21137472,189.0
21137888,500.0
21139520,109.0
21142784,159.0
21144960,61.0
21161472,500.0
21165632,150.0
21170144,141.0
21170752,80.0
21175488,82.0
21179104,101.0
21194720,68.0
21210304,100.0
21221920,68.0
21229056,397.0
21229120,94.0
21234208,66.0
21236768,137.0
21238272,81.0
21240288,78.0
21250848,90.0
21253056,116.0
21255424,108.0
21265024,87.0
21268384,61.0
21272480,89.0
21275776,105.0
21277376,75.0
21280544,98.0
21280896,134.0
21285248,103.0
21286976,70.0
21291040,150.0
21292096,500.0
21294752,168.0
21305056,82.0
21312896,125.0
21313536,98.0
21314304,62.0
21316256,132.0
21333632,140.0
21335424,154.0
21337792,60.0
21345792,137.0
21346816,173.0
21348224,62.0
21356576,182.0
21358912,83.0
21359680,119.0
21361152,78.0
21361248,117.0
21363136,105.0
21366496,114.0
21367392,99.0
21368096,111.0
21370528,149.0
21371936,134.0
21373440,81.0
21379616,251.0
21379904,168.0
21380320,70.0
21382720,60.0
21382880,153.0
21383360,67.0
21383520,134.0
21385120,500.0
21386688,354.0
21391264,129.0
21394528,87.0
21397888,155.0
21398336,220.0
21398912,200.0
21402176,100.0
21406144,61.0
21414016,100.0
21414048,83.0
21414112,86.0
21416128,96.0
21419552,156.0
21420608,144.0
21423776,66.0
21425760,488.0
21426592,82.0
21426880,91.0
21429280,81.0
21433056,165.0
21441856,104.0
21443840,194.0
21451168,139.0
21455488,101.0
21456960,77.0
21457632,135.0
21458240,84.0
21458784,236.0
21465120,82.0
21471936,83.0
21474752,149.0
21483232,141.0
21483904,70.0
21489120,93.0
21492544,500.0
21496096,101.0
21500288,76.0
21500320,70.0
21501440,144.0
21516096,133.0
21520576,138.0
21521824,63.0
21522432,127.0
21526656,141.0
21527392,122.0
21528288,202.0
21531904,99.0
21538432,69.0
21545056,85.0
21548320,330.0
21548480,66.0
21550368,223.0
21553312,119.0
21555136,169.0
21556512,82.0
21558208,70.0
21559840,103.0
21561536,98.0
21566016,69.0
21567680,169.0
21569696,71.0
21577952,104.0
21580320,148.0
21581312,122.0
21584736,106.0
21585088,76.0
21586624,145.0
21588512,94.0
21590784,94.0
21591552,169.0
21606848,87.0
21613280,82.0
21621024,100.0
21626432,137.0
21633248,104.0
21635104,374.0
21637152,70.0
21643456,80.0
21645184,73.0
21648032,84.0
21655328,128.0
21660128,160.0
21665344,119.0
21669312,85.0
21673312,117.0
21676800,123.0
21681632,118.0
21684608,132.0
21688672,115.0
21689344,208.0
21692736,70.0
21703520,137.0
21703904,80.0
21707616,213.0
21707616,403.0
21710432,220.0
21711200,94.0
21713376,105.0
21714848,162.0
21716512,153.0
21725824,72.0
21729984,96.0
21730720,120.0
21733184,78.0
21748096,128.0
21748416,126.0
21752800,78.0
21762400,161.0
21779456,168.0
21781376,111.0
21781408,197.0
21783488,122.0
21783904,261.0
21802560,102.0
21803648,301.0
21808480,77.0
21808480,97.0
21813184,194.0
21814624,81.0
21816704,109.0
21820672,79.0
21831680,93.0
21836256,102.0
21841056,91.0
21845472,90.0
21847072,129.0
21860128,169.0
21860256,71.0
21861248,155.0
21864480,76.0
21868608,85.0
21869312,110.0
21870208,256.0
21872672,108.0
21877056,61.0
21881152,68.0
21886912,117.0
21890368,117.0
21890432,197.0
21891456,175.0
21891584,90.0
21893184,85.0
21895264,206.0
21896256,62.0
21900224,179.0
21901152,170.0
21904896,77.0
21912896,96.0
21913824,96.0
21919904,87.0
21922592,262.0
21932320,115.0
21934112,142.0
21935584,125.0
21937952,110.0
21938528,154.0
21943200,102.0
21944832,162.0
21947424,128.0
21948032,95.0
21949600,162.0
21955520,145.0
21962048,137.0
21963040,97.0
21969184,177.0
21975648,147.0
21976736,134.0
21977536,89.0
21988800,147.0
21995040,74.0
21996864,182.0
21998464,118.0
21999744,183.0
22025952,107.0
22031712,87.0
22035616,237.0
22035872,107.0
22040032,59.0
22040544,153.0
22049344,86.0
22057376,67.0
22063872,108.0
22064640,108.0
22072256,75.0
22080576,111.0
22089056,141.0
22097088,169.0
22097952,85.0
22098752,127.0
22109344,85.0
22112000,87.0
22135072,84.0
22147872,109.0
22148992,80.0
22152736,60.0
22157824,147.0
22161440,137.0
22171104,500.0
22172256,160.0
22175040,97.0
22181408,91.0
22183616,64.0
22187104,83.0
22191904,88.0
22194944,177.0
22196736,150.0
22201216,88.0
22201792,75.0
22204064,106.0
22204928,64.0
22205280,260.0
22205856,85.0
22216736,113.0
22217472,193.0
22234528,55.0
22237312,66.0
22237408,134.0
22248128,99.0
22248320,84.0
22249440,172.0
22259968,127.0
22266112,125.0
22273888,99.0
22280288,66.0
22280480,92.0
22281920,166.0
22287328,141.0
22293472,93.0
22297632,142.0
22297728,128.0
22297920,74.0
22307232,129.0
22311968,154.0
22313760,95.0
22323584,140.0
22324576,282.0
22327200,101.0
22328640,143.0
22328800,82.0
22332384,81.0
22333856,166.0
22333888,83.0
22336032,81.0
22338720,71.0
22348896,125.0
22355808,97.0
22360512,122.0
22368704,151.0
22369024,165.0
22374496,163.0
22389472,106.0
22392768,102.0
22393568,500.0
22394208,148.0
22396032,125.0
22408096,85.0
22410048,90.0
22411552,71.0
22419712,88.0
22421344,234.0
22424928,80.0
22425056,75.0
22427744,98.0
22429952,85.0
22431936,138.0
22434272,75.0
22435392,66.0
22437376,137.0
22437536,125.0
22437664,70.0
22444608,94.0
22446656,76.0
22452320,101.0
22454208,142.0
22454752,75.0
22457152,160.0
22466528,87.0
22468608,76.0
22472384,126.0
22475008,153.0
22481248,125.0
22483104,91.0
22486432,84.0
22493408,133.0
22510848,184.0
22514496,418.0
22515744,82.0
22516448,126.0
22517344,80.0
22523904,64.0
22526816,87.0
22530336,468.0
22536736,104.0
22543744,88.0
22552256,108.0
22560384,64.0
22561344,56.0
22572032,129.0
22581408,85.0
22583296,145.0
22584000,124.0
22591936,161.0
22592160,237.0
22592576,101.0
22595136,115.0
22599264,115.0
22607040,500.0
22612608,106.0
22614912,90.0
22615872,89.0
22618784,120.0
22619104,77.0
22622976,113.0
22625632,52.0
22630432,165.0
22633472,90.0
22633984,184.0
22636000,109.0
22637536,153.0
22659936,126.0
22660864,80.0
22662688,193.0
22667840,62.0
22674720,159.0
22682208,80.0
22683712,120.0
22684224,159.0
22686656,73.0
22686880,95.0
22692768,76.0
22692864,139.0
22694912,112.0
22698528,70.0
22700128,118.0
22703872,136.0
22713728,88.0
22734784,175.0
22735872,145.0
22743392,155.0
22748160,92.0
22750048,89.0
22753920,112.0
22754144,62.0
22755168,136.0
22762624,102.0
22764096,197.0
22765600,83.0
22770208,61.0
22771200,109.0
22782464,138.0
22783456,99.0
22784448,159.0
22787392,125.0
22788448,101.0
22798816,143.0
22799072,103.0
22807520,189.0
22808288,500.0
22812576,108.0
22813152,97.0
22818208,175.0
22824000,108.0
22824544,191.0
22824992,176.0
22831648,92.0
22831872,129.0
22836864,162.0
22838432,94.0
22842176,88.0
22843232,136.0
22848384,82.0
22856000,137.0
22861184,157.0
22863136,93.0
22863136,130.0
22864384,128.0
22865920,111.0
22875264,146.0
22875424,93.0
22878208,135.0
22881792,62.0
22885184,173.0
22890080,150.0
22901504,167.0
22903584,163.0
22904096,89.0
22908640,76.0
22912192,500.0
22915648,72.0
22919328,135.0
22923008,73.0
22924224,156.0
22928832,118.0
22931904,176.0
22939744,88.0
22939872,136.0
22950144,146.0
22960800,105.0
22961600,107.0
22962624,192.0
22964448,140.0
22964704,122.0
22969440,121.0
22970240,69.0
22978432,78.0
22979104,80.0
22983136,96.0
22986944,161.0
22987296,83.0
22988832,221.0
22990816,149.0
22994528,89.0
23006976,101.0
23008896,147.0
23009728,205.0
23010624,98.0
23021088,119.0
23023392,64.0
23026656,158.0
23030496,81.0
23031712,435.0
23042592,96.0
23047424,72.0
23048288,85.0
23051392,96.0
23052736,84.0
23054912,132.0
23062720,74.0
23064576,62.0
23065696,76.0
23065952,145.0
23068576,58.0
23075200,74.0
23077984,76.0
23081984,101.0
23083936,297.0
23084064,156.0
23084384,92.0
23089088,77.0
23096672,107.0
23098048,165.0
23099776,500.0
23101216,117.0
23102784,72.0
23106048,219.0
23106112,149.0
23110496,99.0
23111392,162.0
23117632,138.0
23122016,82.0
23123648,155.0
23138752,72.0
23139552,295.0
23145376,100.0
23161312,72.0
23164288,185.0
23164864,87.0
23178560,65.0
23182400,154.0
23184736,156.0
23192032,163.0
23208576,82.0
23214848,143.0
23220000,99.0
23221440,166.0
23226208,97.0
23232192,77.0
23236128,183.0
23246176,84.0
23249184,81.0
23250496,86.0
23252416,87.0
23255104,101.0
23256960,96.0
23260864,100.0
23262080,123.0
23262272,184.0
23264544,224.0
23266432,65.0
23269856,83.0
23270848,156.0
23274080,64.0
23287968,98.0
23294880,69.0
23296192,85.0
23299968,139.0
23302336,138.0
23303360,82.0
23313568,73.0
23316000,150.0
23322944,153.0
23326560,79.0
23332384,81.0
23334464,158.0
23337632,135.0
23341984,500.0
23342720,94.0
23351808,56.0
23356416,168.0
23358048,140.0
23362304,90.0
23366784,166.0
23369216,77.0
23376512,124.0
23382368,131.0
23384384,63.0
23392768,252.0
23393536,93.0
23395328,154.0
23403360,131.0
23404448,138.0
23408192,82.0
23410432,107.0
23413504,256.0
23413664,150.0
23414816,174.0
23416384,166.0
23418976,100.0
23425024,157.0
23427296,204.0
23429856,137.0
23430080,76.0
23430208,76.0
23433824,203.0
23435776,81.0
23436544,144.0
23437952,74.0
23445952,80.0
23448672,148.0
23449792,65.0
23454592,83.0
23455904,145.0
23466112,118.0
23469248,500.0
23469632,80.0
23470432,133.0
23471872,74.0
23472608,128.0
23473824,300.0
23484448,69.0
23486208,71.0
23489600,88.0
23497280,64.0
23505760,104.0
23505888,78.0
23517088,105.0
23518496,132.0
23521888,77.0
23528192,143.0
23528640,92.0
23528960,122.0
23529952,97.0
23530944,67.0
23531328,97.0
23531424,241.0
23532672,145.0
23537248,61.0
23541440,123.0
23541504,103.0
23544576,147.0
23545152,75.0
23547648,145.0
23549376,167.0
23551648,102.0
23568000,132.0
23576032,226.0
23576672,168.0
23577216,141.0
23585728,124.0
23589344,78.0
23596576,132.0
23596960,87.0
23602880,139.0
23616832,84.0
23619200,131.0
23620128,68.0
23620192,144.0
23623744,73.0
23625984,86.0
23627392,144.0
23630304,137.0
23630464,87.0
23631616,155.0
23634752,133.0
23635040,97.0
23636032,137.0
23636096,145.0
23636832,83.0
23641216,82.0
23643552,92.0
23651104,162.0
23652096,200.0
23652800,75.0
23663744,80.0
23667584,80.0
23668320,221.0
23671712,107.0
23676544,188.0
23679296,88.0
23685344,137.0
23697824,137.0
23698592,144.0
23701312,185.0
23704096,190.0
23707136,98.0
23713952,72.0
23714976,98.0
23720960,84.0
23732736,66.0
23734176,102.0
23734688,126.0
23748192,260.0
23752192,112.0
23754848,301.0
23757952,166.0
23760064,170.0
23763360,159.0
23768032,88.0
23777632,68.0
23787840,131.0
23789280,155.0
23794368,276.0
23811520,178.0
23821696,124.0
23823968,112.0
23824256,220.0
23824480,113.0
23827520,142.0
23830112,64.0
23830592,63.0
23831552,176.0
23831584,105.0
23832832,58.0
23833504,70.0
23833984,105.0
23834816,142.0
23836224,121.0
23841920,127.0
23853408,161.0
23853440,146.0
23858848,92.0
23866144,148.0
23869696,81.0
23888704,130.0
23896896,87.0
23907168,500.0
23910720,99.0
23911200,113.0
23919616,65.0
23929984,124.0
23941888,313.0
23960384,127.0
23962592,95.0
23964032,160.0
23966848,100.0
23976544,133.0
23977472,284.0
23978976,78.0
23980672,158.0
23983456,147.0
23985632,110.0
23991264,156.0
24003392,76.0
24010048,90.0
24011936,152.0
24012672,93.0
24016352,82.0
24018816,90.0
24024608,145.0
24025120,159.0
24031904,100.0
24044832,94.0
24050080,148.0
24052544,181.0
24057088,144.0
24057312,94.0
24057824,238.0
24060352,204.0
24067840,500.0
24072352,145.0
24080704,126.0
24082528,87.0
24082880,67.0
24085984,107.0
24086432,265.0
24088928,80.0
24090624,152.0
24093856,92.0
24096128,224.0
24096672,69.0
24101760,88.0
24102368,87.0
24105056,95.0
24109216,73.0
24111936,88.0
24117248,139.0
24119264,78.0
24120320,146.0
24121920,82.0
24122944,75.0
24126912,96.0
24132288,183.0
24134176,91.0
24139232,128.0
24139712,144.0
24141696,86.0
24142112,106.0
24143424,65.0
24161824,78.0
24162432,70.0
24166560,76.0
24171488,187.0
24175072,90.0
24182304,119.0
24201440,88.0
24203776,90.0
24213632,103.0
24214624,145.0
24216832,115.0
24220928,104.0
24222880,406.0
24227968,92.0
24228544,80.0
24230624,64.0
24231680,71.0
24240192,88.0
24240384,114.0
24249856,103.0
24252512,84.0
24252896,88.0
24259968,133.0
24266080,86.0
24271072,87.0
24271072,174.0
24274624,163.0
24275200,87.0
24275488,92.0
24278048,116.0
24289728,77.0
24290464,120.0
24290624,88.0
24292544,122.0
24294240,144.0
24300128,73.0
24302944,146.0
24308160,72.0
24312480,68.0
24316416,108.0
24316576,188.0
24320160,152.0
24330784,85.0
24332320,148.0
24335712,98.0
24349568,191.0
24363616,71.0
24366144,114.0
24376224,101.0
24379456,77.0
24381504,78.0
24383072,137.0
24387040,158.0
24399776,80.0
24400224,128.0
24401536,181.0
24402208,135.0
24407296,88.0
24414816,71.0
24415968,138.0
24418464,102.0
24420192,160.0
24422432,88.0
24434496,86.0
24436736,142.0
24441568,85.0
24442112,190.0
24446656,59.0
24447488,144.0
24449184,80.0
24451552,89.0
24452000,79.0
24453888,75.0
24461184,179.0
24462976,246.0
24467040,128.0
24467488,161.0
24468384,127.0
24472576,143.0
24480896,112.0
24481376,127.0
24481440,73.0
24484000,81.0
24488736,80.0
24489536,310.0
24490176,274.0
24491488,132.0
24494720,78.0
24495072,152.0
24500768,67.0
24506688,128.0
24510144,78.0
24511712,166.0
24512160,98.0
24517632,121.0
24524640,500.0
24527648,130.0
24534208,123.0
24542208,166.0
24544192,144.0
24559680,80.0
24567520,78.0
24570720,71.0
24574080,74.0
24577056,115.0
24592416,167.0
24597600,98.0
24598496,78.0
24600160,125.0
24600544,133.0
24601824,115.0
24612288,111.0
24612288,130.0
24613760,181.0
24621536,103.0
24625280,78.0
24633216,86.0
24637568,76.0
24638944,92.0
24639776,151.0
24648416,76.0
24650912,148.0
24651712,159.0
24654112,111.0
24659936,500.0
24662080,137.0
24662176,225.0
24662336,96.0
24664768,127.0
24673024,500.0
24684128,123.0
24684480,89.0
24691872,90.0
24697440,70.0
24698144,134.0
24699104,300.0
24706656,92.0
24714720,161.0
24720384,143.0
24726688,146.0
24727136,117.0
24729312,163.0
24740320,145.0
24743552,79.0
24747616,84.0
24752192,79.0
24753216,174.0
24754848,70.0
24771008,73.0
24773632,80.0
24783520,143.0
24784608,214.0
24788256,123.0
24788576,62.0
24792064,59.0
24792320,86.0
24796992,83.0
24798112,76.0
24809856,70.0
24810720,66.0
24810912,129.0
24811200,104.0
24813024,124.0
24815360,66.0
24820320,68.0
24828352,115.0
24828640,169.0
24834048,75.0
24834400,157.0
24834752,86.0
24835104,105.0
24835840,93.0
24839168,137.0
24840544,85.0
24843040,500.0
24849216,114.0
24851040,102.0
24852512,348.0
24853952,139.0
24857376,153.0
24857408,96.0
24859232,168.0
24861216,67.0
24869728,91.0
24876448,162.0
24884320,68.0
24895328,83.0
24898592,79.0
24899680,92.0
24908992,68.0
24911104,155.0
24912512,75.0
24914496,140.0
24921504,96.0
24923200,92.0
24923776,166.0
24926080,167.0
24929184,96.0
24938208,107.0
24938752,120.0
24939008,104.0
24947648,145.0
24948480,108.0
24952384,86.0
24955712,119.0
24966880,88.0
24969760,65.0
24972576,81.0
24973600,92.0
24977536,143.0
24983424,130.0
24989504,150.0
24989600,85.0
24991648,122.0
25002624,106.0
25003616,227.0
25003744,262.0
25004992,127.0
25010304,137.0
25016256,100.0
25016288,97.0
25018816,65.0
25026784,113.0
25028096,112.0
25029184,70.0
25032480,85.0
25032960,159.0
25033312,81.0
25035424,65.0
25036480,97.0
25037280,105.0
25040064,132.0
25043328,71.0
25051296,155.0
25054240,79.0
25060192,110.0
25064096,100.0
25065184,90.0
25069696,87.0
25075808,63.0
25079168,175.0
25082016,69.0
25083072,102.0
25083296,128.0
25087872,182.0
25088608,172.0
25091008,330.0
25098560,82.0
25101440,423.0
25108800,88.0
25112416,79.0
25113088,90.0
25115744,84.0
25116832,96.0
25119392,151.0
25120928,161.0
25126656,116.0
25126848,86.0
25130208,80.0
25131584,196.0
25131808,144.0
25144448,133.0
25145920,145.0
25151744,72.0
25152192,157.0
25152352,95.0
25153280,76.0
25157728,95.0
25163616,83.0
25163776,152.0
25166112,212.0
25167040,114.0
25173472,94.0
25177760,138.0
25182048,150.0
25189984,128.0
25191328,142.0
25195200,162.0
25196480,77.0
25196576,64.0
25196864,71.0
25197504,81.0
25197600,107.0
25199360,152.0
25206656,65.0
25208672,71.0
25210592,96.0
25222368,143.0
25262144,69.0
25267296,183.0
25268640,83.0
25270912,459.0
25271296,108.0
25275104,130.0
25277376,114.0
25289696,147.0
25290464,174.0
25305856,113.0
25306112,91.0
25309440,146.0
25314688,127.0
25315776,212.0
25317216,99.0
25320992,94.0
25324864,146.0
25325312,109.0
25327680,95.0
25328256,153.0
25335616,76.0
25343552,72.0
25360192,183.0
25360512,234.0
25361952,65.0
25374624,100.0
25375776,157.0
25378944,75.0
25382912,153.0
25384192,207.0
25385952,79.0
25386080,87.0
25387712,162.0
25388544,77.0
25396256,215.0
25406112,74.0
25411584,80.0
25418176,149.0
25421152,71.0
25423712,229.0
25427744,71.0
25428608,89.0
25429312,90.0
25436064,71.0
25437504,80.0
25438400,72.0
25441600,175.0
25452288,168.0
25461888,121.0
25475424,154.0
25476736,78.0
25488928,149.0
25491360,119.0
25493440,137.0
25493472,168.0
25494720,99.0
25501408,151.0
25507328,123.0
25517920,87.0
25521568,139.0
25522560,122.0
25530432,74.0
25530688,74.0
25533088,90.0
25534144,132.0
25535616,185.0
25535776,138.0
25547424,83.0
25551200,102.0
25561056,83.0
25563392,100.0
25567712,126.0
25568640,102.0
25587104,230.0
25589408,71.0
25594752,166.0
25600064,138.0
25605152,160.0
25605728,156.0
25609408,97.0
25616864,95.0
25618336,93.0
25619456,80.0
25619904,75.0
25621920,76.0
25622816,93.0
25625856,83.0
25633920,276.0
25634656,162.0
25636800,66.0
25652192,79.0
25653984,110.0
25654112,158.0
25660544,143.0
25661600,89.0
25666592,159.0
25668992,75.0
25669664,363.0
25672224,87.0
25679072,108.0
25681376,151.0
25684448,160.0
25693856,79.0
25694592,81.0
25695904,81.0
25703904,67.0
25705376,78.0
25707552,160.0
25712064,138.0
25714944,89.0
25720928,100.0
25723936,171.0
25724960,129.0
25731776,83.0
25732064,70.0
25732576,73.0
25737920,136.0
25750368,93.0
25751392,141.0
25751744,103.0
25752960,137.0
25754816,85.0
25755712,74.0
25757248,92.0
25762400,155.0
25768736,66.0
25769248,270.0
25771200,109.0
25775360,96.0
25784576,105.0
25787776,146.0
25798752,187.0
25804320,97.0
25806976,62.0
25807072,109.0
25813888,193.0
25816160,103.0
25816352,118.0
25822464,309.0
25823808,91.0
25824096,141.0
25824704,104.0
25827776,91.0
25830336,132.0
25833024,119.0
25838176,81.0
25839552,81.0
25840928,78.0
25846624,140.0
25848960,80.0
25850240,96.0
25855968,68.0
25858176,76.0
25861120,136.0
25863488,147.0
25863680,129.0
25864832,420.0
25873088,131.0
25880832,153.0
25884256,128.0
25886272,154.0
25895488,85.0
25905344,71.0
25914144,148.0
25915232,126.0
25916160,89.0
25917728,111.0
25920800,67.0
25924192,145.0
25929376,81.0
25930944,73.0
25935456,74.0
25935808,153.0
25937568,138.0
25940096,88.0
25945376,146.0
25948928,81.0
25952256,124.0
25954912,87.0
25956288,88.0
25958240,75.0
25962080,93.0
25967392,70.0
25968192,68.0
25969312,127.0
25986496,86.0
25987040,148.0
25993056,160.0
25993568,138.0
25996512,83.0
25996640,85.0
25998624,157.0
26002272,127.0
26003488,78.0
26004736,74.0
26008128,158.0
26008768,99.0
26009664,79.0
26013984,74.0
26032704,75.0
26037600,125.0
26048032,126.0
26049344,79.0
26051264,72.0
26053504,67.0
26055488,98.0
26059680,169.0
26063296,74.0
26067456,110.0
26069184,64.0
26097344,80.0
26097664,86.0
26101728,105.0
26107424,70.0
26110624,81.0
26115904,156.0
26122112,115.0
26122464,63.0
26128928,173.0
26138496,70.0
26138816,82.0
26140928,115.0
26144256,77.0
26149568,109.0
26149664,79.0
26156000,85.0
26160224,84.0
26162592,144.0
26164928,160.0
26164992,123.0
26170240,168.0
26177888,148.0
26180128,115.0
26180864,91.0
26181696,78.0
26181984,81.0
26186944,155.0
26189440,141.0
26190080,147.0
26200896,109.0
26211104,162.0
26212864,102.0
26214080,280.0
26214880,72.0
26221248,83.0
26233632,103.0
26237920,88.0
26239264,86.0
26245248,110.0
26248352,69.0
26249760,99.0
26250240,83.0
26259072,140.0
26263712,150.0
26264768,162.0
26268480,169.0
26272544,84.0
26278560,134.0
26297248,79.0
26299488,86.0
26310464,81.0
26314784,80.0
26322336,86.0
26325696,154.0
26327200,75.0
26338560,116.0
26354912,129.0
26356032,187.0
26358464,123.0
26364704,112.0
26367392,78.0
26367872,72.0
26379968,95.0
26380128,74.0
26380864,162.0
26383136,98.0
26385088,114.0
26386816,94.0
26391552,80.0
26391968,189.0
26393312,66.0
26393440,117.0
26393984,136.0
26398560,221.0
26401376,63.0
26405152,117.0
26411104,66.0
26419552,147.0
26422400,88.0
26433216,125.0
26434400,107.0
26435040,139.0
26435808,206.0
26440928,89.0
26441824,79.0
26445376,117.0
26449664,129.0
26451424,78.0
26458848,231.0
26459840,140.0
26465568,133.0
26465856,123.0
26467616,101.0
26468928,121.0
26469216,113.0
26487232,66.0
26488640,85.0
26491840,82.0
26499584,110.0
26500960,86.0
26504608,76.0
26512832,164.0
26525024,86.0
26526688,72.0
26535168,102.0
26536768,135.0
26540800,69.0
26543360,103.0
26548704,170.0
26548832,155.0
26553824,148.0
26554784,101.0
26556160,75.0
26569344,165.0
26581568,77.0
26585248,72.0
26587392,132.0
26590784,92.0
26596864,126.0
26598016,168.0
26601536,120.0
26603008,95.0
26603360,100.0
26607264,104.0
26609920,128.0
26610784,483.0
26615488,134.0
26624704,183.0
26625056,125.0
26635968,141.0
26637888,139.0
26638944,137.0
26639936,112.0
26644736,71.0
26647040,284.0
26647392,144.0
26651840,149.0
26652832,154.0
26655136,123.0
26659296,139.0
26664992,177.0
26671744,463.0
26680928,116.0
26681376,118.0
26681440,75.0
26686560,92.0
26689216,130.0
26694368,82.0
26695168,430.0
26697472,161.0
26704992,143.0
26705248,78.0
26711136,97.0
26713344,68.0
26716864,109.0
26719136,119.0
26723936,104.0
26727136,149.0
26728384,178.0
26729408,81.0
26731776,105.0
26738784,138.0
26740032,158.0
26744800,109.0
26749184,135.0
26750304,161.0
26752288,160.0
26756352,168.0
26757344,76.0
26762880,67.0
26763456,90.0
26764256,142.0
26768384,139.0
26770560,188.0
26774880,129.0
26776608,90.0
26777504,133.0
26784256,186.0
26792832,96.0
26796576,106.0
26809504,403.0
26817792,84.0
26818752,134.0
26819808,133.0
26823008,359.0
26826336,211.0
26832384,128.0
26838752,88.0
26848160,147.0
26853760,61.0
26855808,107.0
26865056,110.0
26870720,71.0
26871840,105.0
26878688,137.0
26878784,83.0
26880160,151.0
26885504,79.0
26886144,137.0
26898528,171.0
26899232,96.0
26900416,139.0
26903392,357.0
26907680,87.0
26924192,129.0
26925408,129.0
26929600,82.0
26931360,98.0
26932224,134.0
26933568,88.0
26934176,92.0
26935424,191.0
26938400,126.0
26939360,110.0
26944096,80.0
26944256,105.0
26953120,197.0
26956288,164.0
26957408,92.0
26957760,154.0
26961088,103.0
26963648,140.0
26966560,77.0
26967552,79.0
26968832,153.0
26971520,228.0
26977184,145.0
26977888,102.0
26984704,100.0
26989728,100.0
26994304,150.0
27001024,77.0
27002304,90.0
27004736,115.0
27005376,101.0
27006496,111.0
27015328,179.0
27018592,105.0
27018688,128.0
27035648,147.0
27049312,97.0
27050848,188.0
27051200,93.0
27053664,269.0
27055328,122.0
27056928,95.0
27058112,137.0
27063328,158.0
27070304,141.0
27071744,77.0
27084256,135.0
27085280,94.0
27089664,71.0
27095072,85.0
27096128,89.0
27096640,130.0
27097792,129.0
27100928,157.0
27105856,82.0
27108480,162.0
27116000,76.0
27120928,100.0
27121856,149.0
27123200,70.0
27124832,91.0
27129056,76.0
27134528,111.0
27135232,142.0
27139584,99.0
27140320,88.0
27144448,57.0
27144928,150.0
27149504,86.0
27152096,77.0
27152096,90.0
27155520,166.0
27161696,71.0
27162432,172.0
27165600,145.0
27168832,100.0
27169312,150.0
27171424,118.0
27172864,104.0
27174592,103.0
27180128,181.0
27184512,187.0
27190272,86.0
27195040,221.0
27196000,500.0
27199520,102.0
27203840,88.0
27207008,117.0
27207648,111.0
27207712,113.0
27210080,73.0
27214592,75.0
27219936,94.0
27226528,233.0
27226656,124.0
27229024,96.0
27232864,97.0
27236352,153.0
27240864,63.0
27247424,111.0
27247776,228.0
27247904,130.0
27256224,80.0
27257568,139.0
27261184,75.0
27261824,124.0
27265920,87.0
27279008,120.0
27280704,165.0
27281408,73.0
27281472,84.0
27281888,72.0
27286656,70.0
27292576,144.0
27295168,77.0
27295296,165.0
27297376,128.0
27308160,141.0
27308448,91.0
27311904,147.0
27312224,68.0
27317632,68.0
27324800,71.0
27328352,181.0
27329408,95.0
27331904,92.0
27338112,166.0
27339552,107.0
27345056,187.0
27348704,91.0
27353088,173.0
27355232,81.0
27359776,178.0
27360736,191.0
27370752,97.0
27383136,181.0
27384448,87.0
27392704,145.0
27398400,128.0
27402112,111.0
27407520,88.0
27415584,114.0
27417152,66.0
27422432,164.0
27422624,93.0
27422976,135.0
27424064,95.0
27429184,66.0
27430016,159.0
27431008,96.0
27438592,79.0
27439424,151.0
27440128,113.0
27451680,87.0
27455488,100.0
27465760,96.0
27467136,124.0
27474592,161.0
27476992,79.0
27478944,97.0
27479488,153.0
27480576,96.0
27482624,138.0
27486144,263.0
27490176,111.0
27491904,78.0
27497312,155.0
27497792,132.0
27499904,219.0
27502016,188.0
27506656,109.0
27508576,154.0
27510720,177.0
27511104,164.0
27512512,118.0
27516608,206.0
27519520,154.0
27519840,83.0
27522432,72.0
27523584,89.0
27534688,97.0
27540736,83.0
27553536,75.0
27555424,401.0
27564672,97.0
27568832,83.0
27569344,108.0
27578752,178.0
27579680,88.0
27580608,500.0
27580704,136.0
27585152,187.0
27587520,65.0
27587936,92.0
27588320,83.0
27590336,65.0
27595296,154.0
27605888,75.0
27612640,212.0
27613568,62.0
27619616,169.0
27619744,86.0
27622912,68.0
27623264,74.0
27624416,145.0
27628160,92.0
27631744,130.0
27635008,121.0
27635200,101.0
27642304,91.0
27644960,103.0
27651584,86.0
27654112,102.0
27655392,120.0
27658016,165.0
27658304,152.0
27671808,115.0
27673504,76.0
27676960,310.0
27677024,80.0
27683584,151.0
27700512,156.0
27727136,133.0
27728160,146.0
27729056,85.0
27738688,147.0
27752032,228.0
27753376,150.0
27754624,111.0
27756448,81.0
27757088,157.0
27762112,225.0
27764064,94.0
27765856,61.0
27769536,87.0
27769632,139.0
27774112,92.0
27782784,170.0
27784288,79.0
27785088,96.0
27786176,145.0
27787072,152.0
27787264,88.0
27788064,95.0
27791360,73.0
27794912,63.0
27807456,70.0
27809504,81.0
27810048,162.0
27811936,88.0
27818080,119.0
27822112,87.0
27823872,137.0
27830208,78.0
27832256,74.0
27834752,64.0
27838528,144.0
27839840,78.0
27840096,109.0
27840160,57.0
27840288,112.0
27844352,98.0
27846944,69.0
27847104,115.0
27849216,86.0
27851104,106.0
27852096,136.0
27856928,161.0
27857152,146.0
27857312,173.0
27861280,98.0
27861440,180.0
27861952,144.0
27863008,82.0
27863392,85.0
27864896,150.0
27865664,211.0
27868928,128.0
27882400,131.0
27886240,76.0
27891808,95.0
27892224,67.0
27894112,85.0
27895584,149.0
27896192,136.0
27896992,161.0
27897120,96.0
27898688,65.0
27903168,101.0
27912032,153.0
27913696,79.0
27914656,144.0
27917376,142.0
27921984,91.0
27923552,148.0
27924960,119.0
27925984,152.0
27928064,82.0
27929088,62.0
27930656,140.0
27940448,143.0
27941344,80.0
27943328,73.0
27946784,122.0
27949984,80.0
27960032,111.0
27966400,139.0
27982304,82.0
27984320,183.0
27985888,90.0
27993920,86.0
27997408,428.0
28003392,131.0
28011072,91.0
28013024,98.0
28018720,223.0
28024672,244.0
28027456,146.0
28032480,216.0
28036768,136.0
28043872,82.0
28052288,57.0
28059552,110.0
28061088,146.0
28063904,81.0
28077888,70.0
28089568,114.0
28091328,85.0
28091360,63.0
28093184,104.0
28096128,110.0
28096224,144.0
28096256,85.0
28097408,82.0
28102496,158.0
28113856,111.0
28114816,123.0
28115488,101.0
28119648,151.0
28120032,500.0
28121376,204.0
28127520,76.0
28130240,90.0
28130976,138.0
28136992,91.0
28138400,77.0
28140704,84.0
28151552,157.0
28153696,130.0
28154240,72.0
28158368,114.0
28161280,135.0
28162208,126.0
28163392,117.0
28177088,146.0
28179008,87.0
28180160,136.0
28182176,176.0
28190912,137.0
28202688,132.0
28204768,128.0
28207392,140.0
28214688,68.0
28219200,70.0
28222592,112.0
28223552,84.0
28230176,71.0
28241184,94.0
28242880,156.0
28247712,68.0
28250464,92.0
28260704,164.0
28261536,80.0
28264256,155.0
28266272,89.0
28266400,89.0
28267776,157.0
28269856,135.0
28283296,75.0
28285920,121.0
28292928,105.0
28298944,146.0
28300192,154.0
28305792,91.0
28308320,337.0
28310784,71.0
28313888,97.0
28314112,103.0
28319648,137.0
28322432,121.0
28335904,115.0
28337152,171.0
28340256,117.0
28351328,81.0
28354528,98.0
28354752,82.0
28356576,96.0
28357184,110.0
28362496,189.0
28365632,156.0
28373056,85.0
28374496,229.0
28376256,109.0
28378048,188.0
28378240,77.0
28387008,154.0
28387424,76.0
28393920,96.0
28400992,133.0
28407584,90.0
28408320,90.0
28418848,80.0
28422400,81.0
28436416,85.0
28442176,120.0
28445440,76.0
28449472,100.0
28455776,143.0
28462368,109.0
28463008,106.0
28464128,101.0
28469568,496.0
28470528,172.0
28471616,63.0
28488480,169.0
28488672,124.0
28495008,143.0
28495552,102.0
28499776,89.0
28500000,60.0
28507680,160.0
28512160,76.0
28512352,105.0
28525760,78.0
28529856,94.0
28530880,127.0
28541088,84.0
28544160,86.0
28545792,66.0
28549056,152.0
28551616,103.0
28552256,201.0
28554368,190.0
28557792,85.0
28558912,178.0
28559584,73.0
28559776,151.0
28562368,156.0
28565824,81.0
28566400,101.0
28568800,129.0
28572192,132.0
28573728,97.0
28575104,228.0
28575328,147.0
28577792,108.0
28578016,67.0
28582240,174.0
28592384,155.0
28596320,403.0
28603744,139.0
28605280,155.0
28613856,85.0
28616768,148.0
28617376,158.0
28618880,84.0
28619424,101.0
28620064,65.0
28621824,84.0
28623968,121.0
28629472,136.0
28632512,115.0
28632928,111.0
28634208,83.0
28639488,216.0
28641632,149.0
28646208,211.0
28649536,87.0
28651552,106.0
28651904,114.0
28654240,61.0
28667296,152.0
28672768,158.0
28673600,92.0
28674592,119.0
28678688,406.0
28681280,98.0
28682144,146.0
28683968,105.0
28696160,79.0
28706912,101.0
28711584,146.0
28717088,192.0
28719040,157.0
28734720,162.0
28739904,95.0
28739968,83.0
28742752,147.0
28744928,189.0
28755552,82.0
28756256,105.0
28756448,118.0
28757664,96.0
28759584,262.0
28760608,103.0
28762624,339.0
28764032,292.0
28764160,151.0
28772736,137.0
28773760,77.0
28775200,94.0
28775584,100.0
28777248,105.0
28777408,130.0
28782336,170.0
28782368,120.0
28782496,107.0
28787872,500.0
28798400,70.0
28803456,128.0
28803648,163.0
28805760,152.0
28808832,95.0
28812544,73.0
28812896,77.0
28814144,67.0
28816512,132.0
28820512,113.0
28828672,89.0
28829536,126.0
28831552,87.0
28833024,120.0
28837056,107.0
28837472,92.0
28838080,88.0
28841088,82.0
28843296,194.0
28847104,132.0
28865312,109.0
28875872,83.0
28877344,164.0
28878016,84.0
28878112,160.0
28878848,141.0
28883200,152.0
28883616,115.0
28883712,86.0
28891360,160.0
28892864,291.0
28898592,123.0
28906528,88.0
28911712,175.0
28914400,98.0
28923136,90.0
28924672,160.0
28929536,135.0
28933600,136.0
28954720,82.0
28955616,193.0
28959104,168.0
28963872,79.0
28964224,67.0
28966080,68.0
28970208,94.0
28970208,87.0
28972800,131.0
28975168,154.0
28975776,128.0
28976896,77.0
28988128,95.0
28988320,83.0
28991904,89.0
28992224,80.0
29002016,85.0
29002400,63.0
29005600,120.0
29006304,94.0
29015552,154.0
29015968,133.0
29030336,107.0
29030880,63.0
29033504,98.0
29034816,135.0
29044096,95.0
29044128,163.0
29048480,61.0
29049536,143.0
29056192,68.0
29056256,60.0
29058688,82.0
29064896,66.0
29067584,109.0
29068704,129.0
29068800,157.0
29081504,87.0
29084576,111.0
29087808,135.0
29094144,102.0
29095168,83.0
29109664,70.0
29115360,95.0
29116000,84.0
29118048,127.0
29129664,87.0
29129952,66.0
29131712,74.0
29132576,148.0
29144064,85.0
29146112,245.0
29146176,133.0
29153056,197.0
29155136,115.0
29155616,131.0
29155840,115.0
29161280,139.0
29165504,72.0
29167968,132.0
29171008,131.0
29178272,118.0
29181472,97.0
29181760,173.0
29190208,76.0
29192000,251.0
29199392,178.0
29200448,500.0
29207712,129.0
29208992,83.0
29223360,102.0
29225024,92.0
29225248,109.0
29226496,68.0
29230464,92.0
29232896,106.0
29235040,134.0
29236992,81.0
29239936,97.0
29242272,84.0
29243232,194.0
29248448,67.0
29249760,118.0
29254944,60.0
29256672,132.0
29256672,94.0
29259168,171.0
29259328,238.0
29261120,158.0
29261888,84.0
29263424,64.0
29265760,124.0
29268576,114.0
29273984,74.0
29276832,103.0
29278720,53.0
29287712,141.0
29299264,87.0
29321088,99.0
29325024,124.0
29333952,109.0
29335744,70.0
29336352,103.0
29342336,73.0
29353760,124.0
29356672,69.0
29359904,123.0
29361440,100.0
29362496,151.0
29365088,168.0
29365152,115.0
29365664,168.0
29396992,65.0
29399360,102.0
29411456,74.0
29414976,83.0
29419072,137.0
29420640,111.0
29421824,150.0
29422208,166.0
29443296,114.0
29460864,106.0
29464960,70.0
29465888,141.0
29470688,74.0
29472288,119.0
29478624,115.0
29481280,161.0
29484096,98.0
29486560,77.0
29489888,143.0
29491232,171.0
29494784,88.0
29497920,139.0
29506560,162.0
29511584,79.0
29520384,114.0
29525024,163.0
29530016,67.0
29530656,98.0
29531968,89.0
29536608,166.0
29536768,103.0
29540288,169.0
29549472,88.0
29569792,500.0
29575232,125.0
29583456,80.0
29586944,151.0
29590688,208.0
29592640,144.0
29593408,163.0
29595808,106.0
29596224,111.0
29597216,73.0
29598336,126.0
29599104,120.0
29600640,193.0
29601920,190.0
29602400,192.0
29605568,67.0
29608800,150.0
29610816,63.0
29612672,53.0
29623840,55.0
29624672,132.0
29635264,430.0
29637472,68.0
29644800,78.0
29647616,74.0
29659776,135.0
29662816,87.0
29670080,124.0
29670272,78.0
29675776,104.0
29681504,262.0
29684864,100.0
29688256,109.0
29691072,88.0
29691200,71.0
29694880,145.0
29703264,145.0
29714592,142.0
29721408,100.0
29727104,89.0
29727168,111.0
29727776,79.0
29728736,183.0
29730112,81.0
29731680,91.0
29749536,483.0
29752832,171.0
29774944,144.0
29775296,237.0
29777504,127.0
29778944,358.0
29788896,75.0
29791264,87.0
29791712,500.0
29794528,153.0
29798912,189.0
29799200,71.0
29806720,70.0
29833152,171.0
29833760,95.0
29836416,133.0
29836672,90.0
29837312,185.0
29837408,126.0
29838496,137.0
29838976,71.0
29856544,138.0
29862080,90.0
29865696,86.0
29866528,97.0
29876576,152.0
29884352,94.0
29886272,85.0
29889504,99.0
29893888,80.0
29896768,164.0
29903296,97.0
29904000,143.0
29905856,115.0
29914016,69.0
29915104,95.0
29916672,74.0
29920384,165.0
29922752,253.0
29929152,85.0
29936384,199.0
29944128,102.0
29950912,187.0
29955552,173.0
29962560,103.0
29966336,211.0
29969344,118.0
29975200,78.0
29975904,122.0
29981184,67.0
29983552,133.0
29993344,125.0
29995616,124.0
29996832,102.0
29997376,138.0
29999296,135.0
30000416,76.0
30001344,168.0
30001568,98.0
30007392,141.0
30019392,70.0
30020896,167.0
30027744,251.0
30028064,127.0
30035744,135.0
30036448,141.0
30043584,77.0
30045856,175.0
30051488,118.0
30051904,107.0
30052352,142.0
30057440,379.0
30065792,84.0
30066272,88.0
30068160,144.0
30069792,144.0
30070912,104.0
30070976,275.0
30080800,141.0
30082240,84.0
30082272,109.0
30082464,126.0
30097568,73.0
30098432,76.0
30099648,201.0
30100384,176.0
30112352,101.0
30113504,111.0
30117152,150.0
30120416,71.0
30124480,163.0
30125856,80.0
30127584,70.0
30129248,97.0
30136608,500.0
30137728,83.0
30138400,127.0
30139616,87.0
30140800,74.0
30141536,117.0
30145664,80.0
30146240,130.0
30151104,153.0
30151616,109.0
30159456,77.0
30160736,149.0
30160928,66.0
30162176,83.0
30163744,93.0
30171104,73.0
30171936,81.0
30189984,105.0
30190656,151.0
30197792,69.0
30205152,113.0
30206240,114.0
30213408,91.0
30220128,83.0
30227584,120.0
30233376,140.0
30241600,127.0
30243552,156.0
30243840,99.0
30244256,130.0
30250368,95.0
30250400,114.0
30251520,142.0
30261344,112.0
30261344,128.0
30264288,91.0
30274432,156.0
30274464,104.0
30274976,114.0
30275744,169.0
30276736,71.0
30281088,95.0
30282400,90.0
30287776,165.0
30296384,158.0
30299392,118.0
30301152,133.0
30302592,500.0
30309056,80.0
30312000,143.0
30312576,122.0
30314560,197.0
30319648,135.0
30320160,105.0
30323040,119.0
30331392,139.0
30331648,140.0
30337184,137.0
30345184,121.0
30353344,123.0
30357440,137.0
30361632,80.0
30363328,78.0
30368032,106.0
30375648,96.0
30379072,101.0
30384160,105.0
30384224,66.0
30385728,106.0
30392064,172.0
30400000,133.0
30400576,156.0
30401760,152.0
30404640,144.0
30411776,124.0
30413792,87.0
30415200,81.0
30417024,256.0
30420480,87.0
30423584,111.0
30425856,132.0
30428160,119.0
30428160,82.0
30429760,180.0
30432320,85.0
30434592,150.0
30437376,145.0
30437664,126.0
30445792,146.0
30450496,60.0
30454240,86.0
30455360,142.0
30456096,93.0
30470944,127.0
30476864,118.0
30480576,88.0
30481376,104.0
30482048,80.0
30488768,91.0
30493056,222.0
30496448,114.0
30500576,71.0
30501344,92.0
30503648,77.0
30505984,112.0
30508288,413.0
30514048,150.0
30517312,89.0
30518944,161.0
30531968,93.0
30537184,65.0
30538720,81.0
30539584,94.0
30544352,160.0
30549280,110.0
30549920,71.0
30550272,98.0
30555424,74.0
30558848,101.0
30565248,83.0
30568256,97.0
30569344,72.0
30575168,166.0
30578112,128.0
30578208,111.0
30580192,98.0
30588576,121.0
30589792,86.0
30594624,92.0
30594944,72.0
30595328,66.0
30596704,68.0
30597728,174.0
30599648,89.0
30612768,79.0
30614208,186.0
30618528,99.0
30620992,91.0
30622048,151.0
30627328,153.0
30628864,151.0
30630624,500.0
30633088,126.0
30635648,119.0
30638688,68.0
30640896,172.0
30643936,73.0
30648320,91.0
30651712,74.0
30654240,84.0
30654400,267.0
30657824,166.0
30665536,99.0
30668672,74.0
30671840,77.0
30672256,105.0
30677408,78.0
30677408,165.0
30680864,93.0
30689152,130.0
30690720,146.0
30693152,217.0
30701440,160.0
30702688,94.0
30705344,143.0
30709088,150.0
30719200,198.0
30722624,172.0
30726752,99.0
30738464,99.0
30749408,111.0
30751424,110.0
30753888,225.0
30758976,106.0
30763648,66.0
30766240,74.0
30767328,134.0
30771968,144.0
30784096,109.0
30788384,500.0
30793056,203.0
30809888,68.0
30813536,165.0
30819584,80.0
30822784,134.0
30826464,66.0
30848576,212.0
30848800,150.0
30849952,161.0
30856768,92.0
30861280,91.0
30862848,149.0
30865248,83.0
30867488,97.0
30872096,121.0
30875552,108.0
30880704,165.0
30884160,93.0
30886400,202.0
30886848,129.0
30886944,74.0
30887648,81.0
30889088,75.0
30893664,107.0
30894720,93.0
30900192,105.0
30902912,105.0
30907488,144.0
30921664,60.0
30924096,168.0
30929536,86.0
30930016,157.0
30930400,148.0
30931520,73.0
30932064,78.0
30935904,146.0
30935904,142.0
30937216,58.0
30939104,79.0
30945856,91.0
30949184,103.0
30949760,90.0
30953376,124.0
30958240,153.0
30962208,159.0
30963392,168.0
30969664,105.0
30969888,105.0
30973632,102.0
30978592,116.0
30982624,129.0
30985184,106.0
31001536,147.0
31004704,81.0
31013024,77.0
31014912,93.0
31019584,100.0
31021408,139.0
31021728,66.0
31028768,82.0
31028928,190.0
31029600,69.0
31032768,88.0
31046752,123.0
31052000,121.0
31052448,102.0
31056768,114.0
31066368,76.0
31072480,130.0
31072576,77.0
31076512,82.0
31080256,61.0
31084768,156.0
31092608,105.0
31092928,137.0
31095200,92.0
31095552,124.0
31099200,67.0
31104992,144.0
31109056,81.0
31111584,174.0
31113440,92.0
31113568,87.0
31115840,500.0
31123488,78.0
31131424,111.0
31132096,141.0
31140512,97.0
31142336,312.0
31145024,83.0
31151232,197.0
31153344,118.0
31156640,184.0
31166752,146.0
31168960,102.0
31170048,157.0
31172640,102.0
31173376,153.0
31174688,125.0
31176032,82.0
31181536,70.0
31184800,211.0
31186304,121.0
31187616,155.0
31188864,99.0
31189120,166.0
31189952,91.0
31195232,139.0
31198688,91.0
31201408,105.0
31204928,126.0
31211008,84.0
31217312,73.0
31219328,121.0
31220224,152.0
31230848,84.0
31234240,103.0
31243648,69.0
31246496,129.0
31247552,135.0
31248064,88.0
31248800,213.0
31250400,62.0
31256192,151.0
31256352,171.0
31259136,86.0
31260512,141.0
31261056,143.0
31263648,195.0
31264256,73.0
31269664,130.0
31286944,460.0
31289984,89.0
31290784,184.0
31296608,97.0
31299712,152.0
31301920,121.0
31303008,90.0
31312032,146.0
31314400,70.0
31317568,102.0
31321280,189.0
31322272,102.0
31322976,75.0
31325824,153.0
31329472,89.0
31330112,311.0
31330144,87.0
31333056,103.0
31333440,67.0
31335360,500.0
31338592,145.0
31363744,101.0
31368256,108.0
31384896,170.0
31386176,61.0
31392192,82.0
31392480,93.0
31394912,86.0
31404352,175.0
31405536,98.0
31410592,87.0
31412000,135.0
31417824,118.0
31422240,140.0
31424896,122.0
31431904,64.0
31436864,163.0
31437600,226.0
31445312,105.0
31450272,95.0
31454016,109.0
31455744,88.0
31457024,76.0
31465536,123.0
31467264,80.0
31470368,68.0
31471168,83.0
31478464,253.0
31495328,61.0
31499584,59.0
31505088,123.0
31505312,205.0
31508800,88.0
31509376,194.0
31512928,79.0
31512992,81.0
31513088,60.0
31518688,82.0
31520032,127.0
31528544,74.0
31529856,80.0
31534880,94.0
31535744,116.0
31546304,147.0
31547936,115.0
31549664,288.0
31553600,138.0
31555104,91.0
31557312,168.0
31559008,109.0
31570944,87.0
31582176,270.0
31588416,84.0
31588448,500.0
31588768,109.0
31595904,99.0
31608896,155.0
31611552,85.0
31611648,101.0
31614976,71.0
31619808,178.0
31619872,204.0
31620352,149.0
31629952,69.0
31633408,122.0
31635040,90.0
31635808,86.0
31637760,63.0
31637792,76.0
31639456,79.0
31639744,102.0
31643680,189.0
31647680,118.0
31649568,128.0
31650112,180.0
31654016,120.0
31656256,202.0
31659520,88.0
31660096,87.0
31660672,134.0
31662080,130.0
31662336,150.0
31663744,85.0
31664608,65.0
31665984,122.0
31674176,70.0
31676832,84.0
31678752,80.0
31681248,74.0
31683680,157.0
31698464,111.0
31700800,296.0
31704512,72.0
31704800,95.0
31707296,115.0
31708416,104.0
31715328,156.0
31716576,99.0
31717408,74.0
31721728,118.0
31723360,82.0
31730528,88.0
31740576,168.0
31741888,86.0
31744704,176.0
31745792,119.0
31745888,77.0
31746400,500.0
31751552,142.0
31754432,82.0
31757440,157.0
31761504,94.0
31765344,87.0
31767104,107.0
31782080,82.0
31784480,74.0
31784960,78.0
31792704,115.0
31794048,148.0
31797536,184.0
31807392,72.0
31808992,77.0
31810112,76.0
31812800,279.0
31815584,84.0
31830080,120.0
31830176,83.0
31831808,93.0
31835648,86.0
31841184,75.0
31843360,73.0
31844032,76.0
31844032,102.0
31850368,78.0
31852800,138.0
31863296,98.0
31866464,129.0
31871520,116.0
31879456,99.0
31884640,211.0
31888032,151.0
31891968,185.0
31893472,132.0
31906720,116.0
31907968,122.0
31913440,93.0
31916256,92.0
31916352,220.0
31929536,213.0
31932608,75.0
31947680,79.0
31950240,151.0
31950624,81.0
31951648,105.0
31956576,138.0
31960864,77.0
31964192,130.0
31966080,96.0
31967104,90.0
31975552,65.0
31981728,158.0
31981824,96.0
31994752,71.0
32001632,365.0
32002592,124.0
32004448,75.0
32013152,72.0
32015392,69.0
32020128,83.0
32020352,133.0
32023840,225.0
32029632,78.0
32030080,93.0
32034272,190.0
32038848,152.0
32049280,99.0
32051616,105.0
32052608,77.0
32054528,212.0
32055808,160.0
32057088,58.0
32057728,102.0
32060224,95.0
32066048,164.0
32075936,153.0
32080960,104.0
32086144,150.0
32086784,131.0
32089568,104.0
32094400,311.0
32108800,101.0
32109472,69.0
32115040,85.0
32115456,168.0
32121120,129.0
32124512,152.0
32130400,117.0
32136000,82.0
32139200,87.0
32141952,164.0
32142176,73.0
32144576,133.0
32144608,156.0
32146496,86.0
32149472,86.0
32154464,184.0
32156864,136.0
32157152,190.0
32162656,89.0
32169600,80.0
32173120,113.0
32176736,80.0
32181824,500.0
32184576,83.0
32186528,75.0
32187680,124.0
32191008,132.0
32196224,84.0
32204128,163.0
32209408,118.0
32219584,101.0
32219904,97.0
32223584,88.0
32224096,115.0
32225696,258.0
32230624,151.0
32237120,79.0
32245216,100.0
32249216,96.0
32257088,85.0
32262240,500.0
32262304,83.0
32263968,141.0
32264864,144.0
32271776,114.0
32273888,202.0
32274432,232.0
32276352,79.0
32277408,147.0
32277952,109.0
32281504,127.0
32282208,161.0
32282400,264.0
32284704,115.0
32288704,123.0
32292384,82.0
32300288,109.0
32309568,81.0
32309600,93.0
32310944,224.0
32318464,75.0
32318720,111.0
32321504,99.0
32321728,266.0
32326080,95.0
32332576,70.0
32339904,190.0
32344384,139.0
32346656,317.0
32353760,65.0
32355104,255.0
32363328,138.0
32370816,159.0
32379264,77.0
32382912,86.0
32382976,100.0
32384192,71.0
32385056,77.0
32389440,127.0
32391136,77.0
32393280,178.0
32395712,88.0
32395712,63.0
32403584,112.0
32403616,481.0
32403744,106.0
32408128,141.0
32415040,146.0
32420608,116.0
32426944,140.0
32431392,110.0
32435040,132.0
32439072,110.0
32453088,110.0
32455936,72.0
32461440,80.0
32464576,192.0
32466112,77.0
32470080,128.0
32475904,80.0
32480128,91.0
32484064,210.0
32484192,81.0
32484608,117.0
32487968,141.0
32490528,99.0
32492224,132.0
32500288,71.0
32502208,132.0
32506208,118.0
32512512,124.0
32514240,66.0
32514752,80.0
32515776,131.0
32520352,77.0
32524128,164.0
32524448,99.0
32526016,144.0
32526688,79.0
32527808,98.0
32540288,159.0
32542976,153.0
32545088,87.0
32547136,131.0
32569952,85.0
32573216,144.0
32573216,101.0
32577504,388.0
32586208,87.0
32586336,104.0
32596736,194.0
32604672,71.0
32612416,142.0
32612992,126.0
32613664,110.0
32617760,87.0
32618816,88.0
32626496,156.0
32640576,161.0
32641632,153.0
32644192,82.0
32644576,179.0
32645344,155.0
32650560,103.0
32671840,209.0
32679648,110.0
32687296,178.0
32694176,130.0
32704288,59.0
32706048,86.0
32715808,106.0
32729408,131.0
32734528,68.0
32736320,120.0
32740608,97.0
32740672,190.0
32742752,156.0
32753792,120.0
32760480,70.0
32762528,104.0
32764384,79.0
32772192,72.0
32773024,190.0
32776416,94.0
32780992,134.0
32788288,166.0
32788512,130.0
32792480,179.0
32794560,121.0
32798816,159.0
32799776,162.0
32800608,149.0
32801120,182.0
32805632,155.0
32806784,82.0
32809824,130.0
32810976,79.0
32813024,99.0
32816480,122.0
32823392,107.0
32827936,75.0
32828448,84.0
32834144,112.0
32836480,77.0
32837952,159.0
32845056,147.0
32846048,117.0
32854144,152.0
32856704,148.0
32862880,132.0
32866784,149.0
32868992,201.0
32872768,77.0
32874080,64.0
32878752,86.0
32882176,130.0
32885216,83.0
32889216,150.0
32894048,76.0
32894560,135.0
32908224,66.0
32909312,74.0
32914784,73.0
32915456,126.0
32920576,121.0
32927584,78.0
32927744,102.0
32935296,64.0
32940320,102.0
32940960,93.0
32943008,85.0
32943168,142.0
32949856,82.0
32955072,233.0
32960576,196.0
32965632,94.0
32965856,78.0
32969344,108.0
32974560,88.0
32976672,126.0
32977024,123.0
32978592,172.0
32983776,345.0
32986752,136.0
32988384,103.0
32998560,148.0
32999360,69.0
33005696,74.0
33006208,150.0
33008768,102.0
33010720,68.0
33016896,55.0
33017088,133.0
33026848,213.0
33027264,102.0
33035392,266.0
33040576,174.0
33040640,359.0
33042304,116.0
33044896,102.0
33044960,108.0
33046080,108.0
33052512,55.0
33052640,102.0
33064800,86.0
33067744,131.0
33077216,67.0
33083200,160.0
33088032,322.0
33089728,76.0
33090432,139.0
33093504,95.0
33099520,84.0
33101024,157.0
33101056,165.0
33101728,113.0
33103616,80.0
33104256,93.0
33109408,101.0
33114528,149.0
33115040,118.0
33117856,379.0
33125280,84.0
33132256,112.0
33137792,121.0
33144096,480.0
33162080,215.0
33163200,500.0
33178304,126.0
33183168,83.0
33187008,137.0
33189280,93.0
33190592,101.0
33197216,168.0
33199008,98.0
33202848,86.0
33204832,101.0
33208864,86.0
33212704,79.0
33216608,173.0
33216896,111.0
33224384,67.0
33225472,170.0
33226368,94.0
33228096,146.0
33230144,60.0
33236512,136.0
33239104,150.0
33240032,159.0
33244800,75.0
33251520,88.0
33254496,108.0
33255360,71.0
33260832,500.0
33263072,93.0
33268512,107.0
33268576,127.0
33273952,57.0
33274464,98.0
33277792,130.0
33279776,133.0
33281120,100.0
33281504,100.0
33282816,167.0
33285216,500.0
33289344,258.0
33289728,123.0
33290016,155.0
33292480,80.0
33297120,192.0
33299136,142.0
33310656,94.0
33311328,176.0
33316160,66.0
33318144,146.0
33321504,96.0
33321696,103.0
33322560,137.0
33323424,86.0
33324672,75.0
33326496,93.0
33331232,148.0
33332128,116.0
33333792,187.0
33333888,68.0
33336576,100.0
33337056,92.0
33345568,190.0
33352416,127.0
33353408,149.0
33353952,233.0
33356096,158.0
33359872,168.0
33374336,121.0
33375104,196.0
33377536,83.0
33380000,140.0
33380704,151.0
33384960,88.0
33389472,140.0
33397056,90.0
33398176,85.0
33398176,172.0
33403648,139.0
33410816,132.0
33413632,100.0
33417664,145.0
33423040,211.0
33424960,149.0
33427424,133.0
33429952,104.0
33438176,113.0
33442080,121.0
33446656,93.0
33457792,103.0
33458080,162.0
33459392,86.0
33463840,72.0
33466880,123.0
33481568,88.0
33483712,197.0
33492800,106.0
33493696,108.0
33497728,181.0
33507200,74.0
33509440,121.0
33511008,116.0
33513472,123.0
33517344,134.0
33518112,87.0
33518496,92.0
33525920,500.0
33531616,95.0
33537792,181.0
33544128,118.0
33548416,500.0
33559872,131.0
33560800,72.0
33564832,104.0
33568288,79.0
33568576,79.0
33576128,158.0
33582048,102.0
33588448,93.0
33592960,116.0
33594528,161.0
33598528,124.0
33609600,127.0
33612608,79.0
33615584,116.0
33616128,92.0
33620224,500.0
33636384,96.0
33639712,158.0
33642464,126.0
33649888,81.0
33654464,106.0
33671712,113.0
33672864,77.0
33673696,155.0
33674912,357.0
33680448,76.0
33682688,72.0
33683008,206.0
33698400,96.0
33711840,121.0
33714304,107.0
33738912,129.0
33742368,212.0
33749984,170.0
33755840,131.0
33759584,137.0
33764832,315.0
33771392,147.0
33777760,121.0
33779872,176.0
33784064,108.0
33788736,102.0
33798016,68.0
33799168,78.0
33808928,67.0
33817728,165.0
33821024,114.0
33822048,72.0
33843904,158.0
33843904,100.0
33847648,123.0
33850912,86.0
33853632,84.0
33855744,98.0
33857664,65.0
33861792,172.0
33866752,149.0
33870624,67.0
33874016,181.0
33874272,95.0
33876992,68.0
33883040,78.0
33883392,132.0
33887328,104.0
33888032,70.0
33901536,209.0
33908704,83.0
33916480,145.0
33918272,101.0
33918400,65.0
33925920,208.0
33926400,97.0
33928448,72.0
33931168,171.0
33932864,59.0
33933632,130.0
33935200,92.0
33936832,164.0
33940736,157.0
33946688,150.0
33950880,101.0
33964384,149.0
33966528,185.0
33972032,65.0
33972672,77.0
33974080,122.0
33975808,182.0
33981088,135.0
33981408,128.0
33988960,66.0
33993984,146.0
34000640,92.0
34002080,218.0
34004224,119.0
34010944,139.0
34017888,132.0
34021344,107.0
34023296,215.0
34024672,124.0
34029344,139.0
34041088,62.0
34044224,278.0
34044928,68.0
34054240,137.0
34059008,305.0
34060064,154.0
34062272,68.0
34072960,324.0
34077984,199.0
34078560,72.0
34084928,135.0
34087968,90.0
34092096,105.0
34099072,149.0
34099520,124.0
34104544,110.0
34110432,147.0
34121792,130.0
34129856,219.0
34132704,88.0
34133760,89.0
34140352,97.0
34155424,171.0
34155584,152.0
34158464,80.0
34158496,93.0
34164608,145.0
34173728,71.0
34177120,112.0
34187008,100.0
34190496,128.0
34191296,99.0
34194496,143.0
34197184,173.0
34214752,105.0
34215392,76.0
34215488,139.0
34234208,162.0
34241536,124.0
34242560,97.0
34243648,182.0
34244544,113.0
34247168,79.0
34251616,125.0
34251648,90.0
34252128,162.0
34256128,124.0
34263072,86.0
34268928,77.0
34270080,92.0
34271584,133.0
34275264,161.0
34275904,113.0
34278048,82.0
34282944,154.0
34283712,84.0
34293312,68.0
34294048,77.0
34311008,184.0
34311168,77.0
34312096,85.0
34315616,78.0
34320192,500.0
34323968,75.0
34324128,113.0
34325536,173.0
34325632,141.0
34326720,92.0
34326784,134.0
34329472,119.0
34329856,95.0
34330528,152.0
34336256,125.0
34341152,100.0
34342592,102.0
34344416,82.0
34346304,115.0
34347136,166.0
34350112,123.0
34352512,276.0
34356928,59.0
34363424,96.0
34369664,77.0
34376224,204.0
34378560,109.0
34382816,96.0
34383616,84.0
34391456,107.0
34393344,68.0
34395360,65.0
34396096,98.0
34396704,119.0
34397536,84.0
34401376,171.0
34405280,111.0
34405952,122.0
34406784,79.0
34428544,212.0
34431520,64.0
34440384,147.0
34451648,97.0
34454368,118.0
34463520,152.0
34464224,100.0
34474624,246.0
34477952,81.0
34478880,73.0
34486112,112.0
34487552,120.0
34490208,75.0
34496064,79.0
34499264,71.0
34500256,107.0
34502528,78.0
34511968,136.0
34515104,102.0
34526624,225.0
34527424,171.0
34531456,194.0
34531616,121.0
34533056,500.0
34533120,76.0
34533344,152.0
34534400,120.0
34547520,152.0
34559808,110.0
34563040,500.0
34563200,111.0
34563584,124.0
34569696,170.0
34575008,174.0
34580096,66.0
34588992,94.0
34602688,116.0
34606816,103.0
34608064,127.0
34612000,127.0
34618816,77.0
34623200,84.0
34625472,115.0
34625696,88.0
34628608,90.0
34629792,84.0
34631712,128.0
34632352,91.0
34635264,153.0
34639328,140.0
34643520,110.0
34645536,104.0
34654784,134.0
34659136,137.0
34661408,118.0
34667456,112.0
34668544,84.0
34669824,142.0
34673888,120.0
34684000,108.0
34684896,82.0
34688608,139.0
34689952,133.0
34698080,90.0
34699424,76.0
34704480,218.0
34705792,137.0
34710560,104.0
34710592,92.0
34713664,75.0
34715360,84.0
34715584,158.0
34719776,100.0
34720096,77.0
34724608,71.0
34727040,312.0
34736448,80.0
34737280,266.0
34737952,133.0
34752192,85.0
34759264,74.0
34759584,78.0
34763616,66.0
34769472,73.0
34771200,95.0
34772512,95.0
34776032,157.0
34779968,126.0
34781120,158.0
34784992,102.0
34794912,82.0
34799136,93.0
34803168,81.0
34809952,130.0
34822976,203.0
34839328,68.0
34839424,154.0
34844000,231.0
34845504,99.0
34846976,106.0
34861664,94.0
34868512,91.0
34871264,114.0
34876288,116.0
34877728,147.0
34881248,100.0
34887648,95.0
34895616,81.0
34895840,179.0
34898400,100.0
34898688,64.0
34905248,56.0
34911872,161.0
34911872,130.0
34918208,67.0
34926752,177.0
34929120,118.0
34929152,100.0
34937024,105.0
34938208,76.0
34938624,148.0
34939456,78.0
34942528,87.0
34945696,164.0
34947936,231.0
34949728,347.0
34955392,80.0
34960960,114.0
34962016,128.0
34962880,109.0
34974848,69.0
34977856,91.0
34981472,81.0
34981760,79.0
34982912,148.0
34987104,127.0
34993408,130.0
34994432,146.0
34996416,83.0
35002656,140.0
35007872,79.0
35008512,493.0
35019200,192.0
35022912,145.0
35035680,143.0
35036256,145.0
35039680,94.0
35039680,220.0
35040736,135.0
35043104,332.0
35057312,139.0
35062400,93.0
35062432,142.0
35064640,68.0
35067456,101.0
35067488,137.0
35072192,111.0
35074400,170.0
35096704,99.0
35102528,78.0
35102688,82.0
35104416,140.0
35109632,159.0
35112224,119.0
35114944,152.0
35118592,129.0
35121728,109.0
35125152,116.0
35127008,82.0
35128448,87.0
35131680,500.0
35132000,78.0
35133696,150.0
35140864,89.0
35148704,144.0
35149888,59.0
35157088,96.0
35167872,86.0
35173408,87.0
35175424,107.0
35208608,81.0
35210144,92.0
35211200,454.0
35226624,136.0
35226912,92.0
35229568,196.0
35232384,115.0
35234880,180.0
35251072,136.0
35258624,73.0
35260128,185.0
35266976,193.0
35269472,114.0
35272480,98.0
35275904,178.0
35277440,179.0
35277760,165.0
35280480,142.0
35282176,132.0
35286944,111.0
35298976,440.0
35306560,135.0
35312256,100.0
35315424,64.0
35327872,88.0
35335232,72.0
35339680,143.0
35344320,115.0
35345088,149.0
35346432,500.0
35351264,165.0
35356480,500.0
35356800,136.0
35357280,77.0
35357600,100.0
35358304,68.0
35359392,98.0
35361984,147.0
35366816,117.0
35366912,234.0
35367808,76.0
35368576,222.0
35369920,104.0
35370208,72.0
35377664,89.0
35378752,111.0
35380480,78.0
35380928,104.0
35395168,141.0
35395392,87.0
35400928,97.0
35422528,106.0
35422752,116.0
35426048,141.0
35426336,159.0
35430880,396.0
35454080,80.0
35456832,95.0
35458688,143.0
35460352,217.0
35466624,103.0
35471872,120.0
35472192,147.0
35479872,82.0
35482816,500.0
35487040,74.0
35494752,90.0
35503008,153.0
35509504,74.0
35512512,96.0
35518368,170.0
35520928,134.0
35522752,102.0
35533088,118.0
35543168,81.0
35543776,500.0
35544640,123.0
35546208,105.0
35548096,89.0
35563936,146.0
35578016,84.0
35593344,132.0
35596896,160.0
35601664,107.0
35602656,104.0
35604832,60.0
35613504,78.0
35613696,182.0
35615552,107.0
35619712,112.0
35620512,120.0
35622464,68.0
35630208,77.0
35636000,125.0
35645696,142.0
35650880,88.0
35654624,156.0
35669792,244.0
35671680,112.0
35674592,90.0
35675552,81.0
35684384,290.0
35694080,228.0
35695904,70.0
35696608,77.0
35702752,130.0
35710400,99.0
35714944,74.0
35717344,130.0
35718240,145.0
35721408,183.0
35722816,84.0
35724864,79.0
35726400,196.0
35729568,149.0
35746176,72.0
35752448,64.0
35757536,500.0
35762048,76.0
35767936,66.0
35768576,145.0
35774880,75.0
35777600,120.0
35790240,133.0
35797888,91.0
35798656,121.0
35802528,103.0
35806080,103.0
35807936,83.0
35814656,151.0
35815488,142.0
35817408,209.0
35819072,112.0
35828352,121.0
35838592,151.0
35840704,65.0
35843872,462.0
35845280,134.0
35854176,131.0
35854592,166.0
35858784,376.0
35858784,148.0
35860608,98.0
35862112,116.0
35866016,89.0
35866496,136.0
35869152,70.0
35870880,184.0
35874752,174.0
35877216,66.0
35878688,99.0
35897216,155.0
35902368,72.0
35913312,67.0
35913664,134.0
35916864,79.0
35928160,151.0
35933280,111.0
35934080,161.0
35938432,82.0
35938560,125.0
35940992,64.0
35955520,208.0
35957696,63.0
35960192,94.0
35963744,146.0
35966112,93.0
35966688,69.0
35969888,180.0
35975808,74.0
35976128,146.0
35977440,96.0
35977632,138.0
35983552,129.0
35989088,199.0
35989536,84.0
35991360,150.0
35996416,96.0
35998624,90.0
35999360,73.0
36003168,66.0
36008064,96.0
36013376,134.0
36017920,128.0
36018336,141.0
36022464,188.0
36026016,210.0
36032800,89.0
36033216,148.0
36045888,500.0
36050176,183.0
36056352,140.0
36057856,146.0
36059680,72.0
36061408,139.0
36068160,63.0
36076160,95.0
36080896,137.0
36082464,101.0
36082976,139.0
36091072,161.0
36091392,79.0
36094208,183.0
36096608,148.0
36100544,125.0
36108448,71.0
36109408,111.0
36113664,73.0
36118432,103.0
36118496,86.0
36119840,214.0
36124576,86.0
36130560,137.0
36131712,68.0
36148000,86.0
36148096,79.0
36149280,75.0
36157984,91.0
36163200,123.0
36168544,339.0
36172160,83.0
36172352,103.0
36178272,116.0
36188800,85.0
36193184,93.0
36194592,118.0
36196928,168.0
36202816,169.0
36208288,80.0
36209440,114.0
36214464,137.0
36214912,119.0
36215136,80.0
36215584,143.0
36215584,96.0
36220544,222.0
36220608,105.0
36220608,75.0
36221280,121.0
36223776,78.0
36228416,90.0
36242016,111.0
36248192,73.0
36249632,159.0
36250112,98.0
36252576,106.0
36260960,128.0
36261408,109.0
36266208,126.0
36269504,155.0
36274336,144.0
36276544,155.0
36280352,93.0
36282144,85.0
36282528,95.0
36283392,135.0
36289088,166.0
36293600,156.0
36306336,121.0
36307744,223.0
36308480,171.0
36311840,164.0
36317856,90.0
36320352,112.0
36323744,201.0
36323936,102.0
36323968,106.0
36330080,167.0
36332096,68.0
36342528,81.0
36342656,281.0
36352608,97.0
36357248,171.0
36365760,172.0
36366432,111.0
36370272,147.0
36374784,228.0
36382336,153.0
36389824,121.0
36392448,275.0
36402464,90.0
36403104,152.0
36408128,207.0
36408640,85.0
36412672,81.0
36413408,91.0
36418496,93.0
36418752,137.0
36431584,68.0
36433024,76.0
36438400,58.0
36438912,114.0
36447328,87.0
36447776,169.0
36448288,113.0
36452064,111.0
36461088,78.0
36473376,148.0
36482752,153.0
36484928,68.0
36488800,78.0
36490304,393.0
36492416,97.0
36495040,164.0
36499328,91.0
36505216,92.0
36505696,130.0
36507808,126.0
36508992,77.0
36509344,79.0
36512992,65.0
36518944,146.0
36523488,77.0
36530688,89.0
36539424,142.0
36539840,145.0
36547328,332.0
36551168,80.0
36555712,142.0
36555872,87.0
36559808,83.0
36560416,101.0
36572448,206.0
36576512,125.0
36576992,106.0
36587808,96.0
36588352,154.0
36588608,154.0
36590816,137.0
36593280,116.0
36606656,258.0
36618624,100.0
36628352,150.0
36628736,135.0
36637088,142.0
36640064,89.0
36643008,76.0
36651776,107.0
36653760,109.0
36654176,151.0
36657600,127.0
36667872,100.0
36668512,159.0
36674304,500.0
36674848,72.0
36682016,126.0
36682976,58.0
36685856,106.0
36692800,124.0
36695840,151.0
36695872,95.0
36700416,101.0
36708096,127.0
36712640,78.0
36718080,66.0
36721504,290.0
36721984,199.0
36725312,92.0
36731456,128.0
36744288,67.0
36744640,103.0
36755296,204.0
36757408,79.0
36760512,138.0
36767520,81.0
36767936,102.0
36769696,107.0
36770432,121.0
36778880,80.0
36783264,306.0
36788256,134.0
36791040,423.0
36791552,122.0
36794144,113.0
36818048,111.0
36819904,149.0
36825920,162.0
36834592,139.0
36839008,191.0
36841504,65.0
36844064,74.0
36846624,72.0
36850816,67.0
36863776,85.0
36871680,63.0
36872704,127.0
36874112,69.0
36883936,84.0
36890304,95.0
36894304,109.0
36896928,72.0
36903008,116.0
36908032,97.0
36909696,153.0
36912128,190.0
36918176,120.0
36936448,93.0
36938848,87.0
36941376,148.0
36943008,94.0
36943808,96.0
36944960,75.0
36951616,98.0
36965696,130.0
36970048,178.0
36973696,143.0
36974528,82.0
36980000,140.0
36987840,144.0
36997184,158.0
37014752,148.0
37017568,125.0
37020672,124.0
37020768,101.0
37023072,145.0
37023776,156.0
37024928,109.0
37032704,84.0
37033408,116.0
37037824,193.0
37042112,164.0
37045056,113.0
37045088,94.0
37045120,137.0
37050400,141.0
37054912,500.0
37060928,148.0
37064448,122.0
37065120,106.0
37065696,89.0
37069344,61.0
37079744,144.0
37082112,83.0
37083456,136.0
37088416,84.0
37095904,167.0
37096416,155.0
37101632,63.0
37105344,99.0
37118080,95.0
37119648,128.0
37124896,100.0
37125952,86.0
