step,value
544,2.0
1824,2.0
2144,2.0
2336,2.0
9792,2.0
16736,2.0
16992,2.0
21344,2.0
24512,2.0
28320,2.0
29504,2.0
33856,2.0
34976,2.0
39616,2.0
52128,2.0
56672,2.0
59680,2.0
60864,2.0
61664,2.0
64960,2.0
69440,2.0
79232,2.0
80096,2.0
80480,2.0
82752,2.0
83328,2.0
106528,2.0
106720,2.0
108768,2.0
109376,2.0
109952,2.0
116480,2.0
121280,2.0
125568,2.0
126272,2.0
129888,2.0
129952,2.0
131648,2.0
132416,2.0
140096,2.0
144896,2.0
146656,2.0
150528,2.0
152928,2.0
155360,2.0
157344,2.0
161472,2.0
174048,2.0
180544,2.0
186176,2.0
191392,2.0
195904,2.0
196864,2.0
201664,2.0
203392,2.0
209312,2.0
211520,2.0
215136,2.0
225184,2.0
232128,2.0
234112,2.0
236000,2.0
236864,2.0
242048,2.0
259488,2.0
261152,2.0
266464,2.0
269696,2.0
277312,2.0
278112,2.0
288096,2.0
289088,2.0
289952,2.0
290912,2.0
296640,2.0
297440,2.0
298560,2.0
301280,2.0
302272,2.0
304768,2.0
307712,2.0
310368,2.0
314592,2.0
314624,2.0
318752,2.0
318848,2.0
320640,2.0
329952,2.0
333216,2.0
336256,2.0
341056,2.0
342560,2.0
349312,2.0
353408,2.0
355616,2.0
356576,2.0
362176,2.0
364704,2.0
372960,2.0
375904,2.0
376160,2.0
387584,2.0
390112,2.0
391392,2.0
395040,2.0
395328,2.0
400608,2.0
401728,2.0
412928,2.0
429216,2.0
429312,2.0
430752,2.0
436800,2.0
442208,2.0
446976,2.0
449856,2.0
456256,2.0
461920,2.0
462496,2.0
463936,2.0
465568,2.0
466208,2.0
467296,2.0
469056,2.0
473312,2.0
475008,2.0
475584,2.0
479456,2.0
485920,2.0
496384,2.0
496416,2.0
496832,2.0
507488,2.0
509120,2.0
514848,2.0
514976,2.0
518528,2.0
527648,2.0
538976,2.0
539520,2.0
539616,2.0
539904,2.0
546624,2.0
547104,2.0
549376,2.0
552544,2.0
554816,2.0
564160,2.0
564960,2.0
570624,2.0
571232,2.0
571776,2.0
571872,2.0
573024,2.0
579456,2.0
579776,2.0
582368,2.0
584544,2.0
592160,2.0
597280,2.0
597472,2.0
599808,2.0
604672,2.0
610016,2.0
610816,2.0
620128,2.0
622112,2.0
624832,2.0
625120,2.0
625952,2.0
632096,2.0
632544,2.0
636000,2.0
640672,2.0
640736,2.0
641408,2.0
645344,2.0
647136,2.0
648896,2.0
651072,2.0
656000,2.0
659776,2.0
660928,2.0
661280,2.0
662528,2.0
672320,2.0
674944,2.0
683680,2.0
690144,2.0
691168,2.0
693408,2.0
693664,2.0
693856,2.0
695488,2.0
695936,2.0
696128,2.0
701344,2.0
703296,2.0
703424,2.0
707328,2.0
709632,2.0
711328,2.0
715168,2.0
721728,2.0
723840,2.0
725184,2.0
725504,2.0
733984,2.0
736736,2.0
743264,2.0
747264,2.0
749664,2.0
751360,2.0
751840,2.0
752992,2.0
759296,2.0
761760,2.0
765760,2.0
773024,2.0
775232,2.0
783520,2.0
784672,2.0
789312,2.0
793696,2.0
796128,2.0
800928,2.0
805888,2.0
807392,2.0
807968,2.0
810208,2.0
812448,2.0
812576,2.0
816704,2.0
821728,2.0
823328,2.0
826144,2.0
829056,2.0
829120,2.0
832352,2.0
833056,2.0
834656,2.0
835616,2.0
840224,2.0
844032,2.0
863232,2.0
863904,2.0
865856,2.0
869408,2.0
870816,2.0
877216,2.0
880000,2.0
882880,2.0
886240,2.0
892224,2.0
893504,2.0
895200,2.0
903648,2.0
907232,2.0
909056,2.0
909504,2.0
912064,2.0
914272,2.0
923488,2.0
926912,2.0
931840,2.0
941088,2.0
941408,2.0
944928,2.0
951968,2.0
953088,2.0
957184,2.0
965376,2.0
968672,2.0
974400,2.0
976096,2.0
985632,2.0
986816,2.0
991168,2.0
997600,2.0
1001536,2.0
1004160,2.0
1007712,2.0
1010720,2.0
1013536,2.0
1015360,2.0
1016768,2.0
1018112,2.0
1018848,2.0
1025312,2.0
1026400,2.0
1027584,2.0
1031456,2.0
1035904,2.0
1036864,2.0
1042080,2.0
1047008,2.0
1047584,2.0
1048320,2.0
1054848,2.0
1064672,2.0
1066752,2.0
1067296,2.0
1070080,2.0
1076192,2.0
1081280,2.0
1081376,2.0
1083136,2.0
1083648,2.0
1086752,2.0
1088736,2.0
1099968,2.0
1107808,2.0
1108384,2.0
1110464,2.0
1113952,2.0
1114304,2.0
1116800,2.0
1122368,2.0
1153120,2.0
1153536,2.0
1158560,2.0
1162912,2.0
1165216,2.0
1167296,2.0
1168480,2.0
1184992,2.0
1191168,2.0
1196832,2.0
1205856,2.0
1207456,2.0
1217152,2.0
1218784,2.0
1219840,2.0
1222784,2.0
1225728,2.0
1231840,2.0
1232480,2.0
1234016,2.0
1236992,2.0
1237504,2.0
1238272,2.0
1245664,2.0
1253504,2.0
1254816,2.0
1260768,2.0
1261184,2.0
1263552,2.0
1266368,2.0
1267520,2.0
1268544,2.0
1272448,2.0
1281248,2.0
1282048,2.0
1286112,2.0
1287456,2.0
1292960,2.0
1294336,2.0
1297088,2.0
1299072,2.0
1301376,2.0
1304256,2.0
1305312,2.0
1307072,2.0
1309984,2.0
1311008,2.0
1320384,2.0
1320960,2.0
1327808,2.0
1329312,2.0
1333920,2.0
1339872,2.0
1345024,2.0
1350528,2.0
1351232,2.0
1351616,2.0
1353920,2.0
1358560,2.0
1361344,2.0
1370560,2.0
1372704,2.0
1374592,2.0
1376448,2.0
1378336,2.0
1383424,2.0
1386368,2.0
1389568,2.0
1396512,2.0
1399904,2.0
1400352,2.0
1402176,2.0
1406656,2.0
1408448,2.0
1413984,2.0
1415744,2.0
1417344,2.0
1417760,2.0
1424544,2.0
1426112,2.0
1431872,2.0
1438048,2.0
1440256,2.0
1441536,2.0
1444064,2.0
1447008,2.0
1449472,2.0
1450272,2.0
1451008,2.0
1451232,2.0
1451328,2.0
1456544,2.0
1461696,2.0
1466624,2.0
1472544,2.0
1477792,2.0
1483776,2.0
1494752,2.0
1496576,2.0
1497056,2.0
1500800,2.0
1505184,2.0
1522560,2.0
1527840,2.0
1531328,2.0
1537568,2.0
1538400,2.0
1538464,2.0
1539040,2.0
1540000,2.0
1540544,2.0
1541312,2.0
1543872,2.0
1549344,2.0
1556160,2.0
1557856,2.0
1564224,2.0
1569472,2.0
1575648,2.0
1576096,2.0
1578336,2.0
1584128,2.0
1586944,2.0
1593376,2.0
1605984,2.0
1608800,2.0
1611040,2.0
1611584,2.0
1616512,2.0
1620928,2.0
1622592,2.0
1629824,2.0
1630496,2.0
1630816,2.0
1635392,2.0
1637152,2.0
1641952,2.0
1645600,2.0
1650496,2.0
1651264,2.0
1651584,2.0
1654304,2.0
1664864,2.0
1672224,2.0
1672960,2.0
1675200,2.0
1675456,2.0
1676192,2.0
1677472,2.0
1678848,2.0
1678880,2.0
1682336,2.0
1683264,2.0
1684608,2.0
1686656,2.0
1689760,2.0
1693952,2.0
1694432,2.0
1698176,2.0
1713888,2.0
1715424,2.0
1718752,2.0
1723424,2.0
1727232,2.0
1727296,2.0
1730368,2.0
1730656,2.0
1737888,2.0
1741920,2.0
1744640,2.0
1748096,2.0
1752224,2.0
1753088,2.0
1758272,2.0
1760864,2.0
1765408,2.0
1767872,2.0
1769568,2.0
1788864,2.0
1794624,2.0
1794720,2.0
1794816,2.0
1797664,2.0
1798592,2.0
1800000,2.0
1805440,2.0
1806112,2.0
1811840,2.0
1817984,2.0
1832352,2.0
1838016,2.0
1842656,2.0
1850112,2.0
1850656,2.0
1851616,2.0
1855872,2.0
1856064,2.0
1861280,2.0
1864160,2.0
1868480,2.0
1870368,2.0
1874080,2.0
1875424,2.0
1877824,2.0
1880992,2.0
1881728,2.0
1886048,2.0
1886656,2.0
1887552,2.0
1894368,2.0
1896160,2.0
1915264,2.0
1915776,2.0
1920928,2.0
1927776,2.0
1929376,2.0
1934560,2.0
1935264,2.0
1948128,2.0
1948832,2.0
1953728,2.0
1955232,2.0
1956960,2.0
1977568,2.0
1978208,2.0
1979200,2.0
1989056,2.0
1989376,2.0
1991296,2.0
2001120,2.0
2006240,2.0
2012288,2.0
2012512,2.0
2020416,2.0
2022976,2.0
2027616,2.0
2032288,2.0
2035136,2.0
2035904,2.0
2040576,2.0
2042848,2.0
2048096,2.0
2050176,2.0
2059552,2.0
2063520,2.0
2073984,2.0
2076544,2.0
2102976,2.0
2104992,2.0
2106528,2.0
2106592,2.0
2107008,2.0
2108384,2.0
2109600,2.0
2118912,2.0
2119136,2.0
2129344,2.0
2129664,2.0
2143648,2.0
2147520,2.0
2147552,2.0
2153312,2.0
2156832,2.0
2156864,2.0
2157024,2.0
2158720,2.0
2170400,2.0
2171456,2.0
2174848,2.0
2180448,2.0
2184192,2.0
2185120,2.0
2210240,2.0
2219040,2.0
2221376,2.0
2231680,2.0
2232384,2.0
2237024,2.0
2239840,2.0
2240064,2.0
2242176,2.0
2242304,2.0
2242848,2.0
2245024,2.0
2245888,2.0
2246240,2.0
2246400,2.0
2249216,2.0
2255392,2.0
2265952,2.0
2273696,2.0
2274976,2.0
2281248,2.0
2282400,2.0
2284768,2.0
2285024,2.0
2291200,2.0
2292608,2.0
2302784,2.0
2303936,2.0
2311712,2.0
2314944,2.0
2316800,2.0
2317792,2.0
2320960,2.0
2321568,2.0
2328352,2.0
2334176,2.0
2337536,2.0
2339200,2.0
2345472,2.0
2351200,2.0
2353312,2.0
2353696,2.0
2358368,2.0
2361280,2.0
2361984,2.0
2362528,2.0
2365088,2.0
2365312,2.0
2367168,2.0
2374816,2.0
2376576,2.0
2376992,2.0
2387424,2.0
2391008,2.0
2392672,2.0
2392800,2.0
2399424,2.0
2401792,2.0
2403712,2.0
2403808,2.0
2404992,2.0
2408352,2.0
2414688,2.0
2414944,2.0
2421600,2.0
2424864,2.0
2425760,2.0
2428096,2.0
2432768,2.0
2441952,2.0
2445248,2.0
2446208,2.0
2451680,2.0
2459872,2.0
2460096,2.0
2463616,2.0
2466336,2.0
2469472,2.0
2474656,2.0
2476064,2.0
2478400,2.0
2480960,2.0
2498592,2.0
2505216,2.0
2506336,2.0
2508288,2.0
2514016,2.0
2517984,2.0
2519904,2.0
2525216,2.0
2534016,2.0
2538112,2.0
2545472,2.0
2545664,2.0
2550560,2.0
2554464,2.0
2562432,2.0
2567104,2.0
2580256,2.0
2582528,2.0
2588320,2.0
2590784,2.0
2591936,2.0
2597120,2.0
2598336,2.0
2599616,2.0
2608800,2.0
2608928,2.0
2613312,2.0
2614080,2.0
2614816,2.0
2620832,2.0
2622592,2.0
2622688,2.0
2624512,2.0
2629856,2.0
2634272,2.0
2634464,2.0
2640448,2.0
2640960,2.0
2648256,2.0
2655680,2.0
2661056,2.0
2661376,2.0
2670176,2.0
2672192,2.0
2673568,2.0
2676096,2.0
2676384,2.0
2686464,2.0
2697536,2.0
2699200,2.0
2718656,2.0
2722112,2.0
2724800,2.0
2726848,2.0
2733536,2.0
2749856,2.0
2755808,2.0
2761760,2.0
2763072,2.0
2765984,2.0
2771872,2.0
2776992,2.0
2778368,2.0
2783744,2.0
2784864,2.0
2785248,2.0
2786624,2.0
2788992,2.0
2789216,2.0
2792416,2.0
2795008,2.0
2806816,2.0
2808416,2.0
2810272,2.0
2810592,2.0
2810752,2.0
2829024,2.0
2831584,2.0
2832288,2.0
2837216,2.0
2845120,2.0
2845440,2.0
2852416,2.0
2857152,2.0
2858592,2.0
2859360,2.0
2862048,2.0
2864352,2.0
2864544,2.0
2871744,2.0
2879520,2.0
2880864,2.0
2885312,2.0
2894016,2.0
2901312,2.0
2901984,2.0
2902144,2.0
2904032,2.0
2911296,2.0
2917184,2.0
2917952,2.0
2925632,2.0
2925824,2.0
2927328,2.0
2929920,2.0
2929984,2.0
2931968,2.0
2932064,2.0
2945440,2.0
2946880,2.0
2951872,2.0
2956608,2.0
2957632,2.0
2977952,2.0
2981760,2.0
2982848,2.0
2987616,2.0
2990176,2.0
2992896,2.0
3005152,2.0
3012448,2.0
3019616,2.0
3019840,2.0
3020416,2.0
3025088,2.0
3028480,2.0
3028736,2.0
3029056,2.0
3034848,2.0
3036352,2.0
3041184,2.0
3046240,2.0
3047616,2.0
3048096,2.0
3052576,2.0
3062176,2.0
3072864,2.0
3084800,2.0
3090400,2.0
3091264,2.0
3097248,2.0
3098848,2.0
3103488,2.0
3103776,2.0
3104288,2.0
3104672,2.0
3110784,2.0
3119488,2.0
3121312,2.0
3121472,2.0
3122784,2.0
3126720,2.0
3129504,2.0
3130848,2.0
3136384,2.0
3136896,2.0
3147648,2.0
3150656,2.0
3156000,2.0
3163616,2.0
3165056,2.0
3168480,2.0
3170944,2.0
3172608,2.0
3178336,2.0
3178752,2.0
3179840,2.0
3181472,2.0
3183104,2.0
3186464,2.0
3189568,2.0
3192352,2.0
3198016,2.0
3200000,2.0
3201504,2.0
3204480,2.0
3210144,2.0
3220800,2.0
3223392,2.0
3224256,2.0
3226208,2.0
3239264,2.0
3239520,2.0
3245728,2.0
3252096,2.0
3252192,2.0
3253120,2.0
3253696,2.0
3255200,2.0
3256768,2.0
3257024,2.0
3258688,2.0
3260064,2.0
3274624,2.0
3275296,2.0
3276640,2.0
3278592,2.0
3279232,2.0
3282976,2.0
3283840,2.0
3289216,2.0
3292672,2.0
3299808,2.0
3302144,2.0
3303008,2.0
3307968,2.0
3311424,2.0
3311712,2.0
3314208,2.0
3315712,2.0
3316736,2.0
3317600,2.0
3318432,2.0
3318912,2.0
3319680,2.0
3321312,2.0
3324768,2.0
3324992,2.0
3336256,2.0
3342912,2.0
3343264,2.0
3344128,2.0
3344416,2.0
3373632,2.0
3374880,2.0
3379648,2.0
3379776,2.0
3381984,2.0
3384768,2.0
3392032,2.0
3392544,2.0
3392992,2.0
3404832,2.0
3405664,2.0
3406592,2.0
3409408,2.0
3413984,2.0
3422144,2.0
3432096,2.0
3444128,2.0
3446432,2.0
3448992,2.0
3454048,2.0
3454656,2.0
3456736,2.0
3459744,2.0
3460352,2.0
3463136,2.0
3464672,2.0
3468704,2.0
3469440,2.0
3472320,2.0
3476160,2.0
3479520,2.0
3480576,2.0
3480960,2.0
3482112,2.0
3483520,2.0
3486176,2.0
3491296,2.0
3496416,2.0
3498176,2.0
3502176,2.0
3502720,2.0
3505376,2.0
3506912,2.0
3515104,2.0
3515872,2.0
3516416,2.0
3517472,2.0
3520800,2.0
3521088,2.0
3522304,2.0
3532032,2.0
3534848,2.0
3538400,2.0
3542656,2.0
3550688,2.0
3551936,2.0
3557408,2.0
3559072,2.0
3560256,2.0
3561184,2.0
3569856,2.0
3570400,2.0
3572736,2.0
3586048,2.0
3587392,2.0
3593600,2.0
3594912,2.0
3602784,2.0
3603648,2.0
3604960,2.0
3611552,2.0
3615040,2.0
3615712,2.0
3616288,2.0
3622400,2.0
3633600,2.0
3637312,2.0
3641536,2.0
3650240,2.0
3655168,2.0
3659456,2.0
3671168,2.0
3676992,2.0
3677472,2.0
3680448,2.0
3682816,2.0
3684448,2.0
3684768,2.0
3687200,2.0
3687328,2.0
3688832,2.0
3692736,2.0
3702240,2.0
3708672,2.0
3711072,2.0
3717824,2.0
3719840,2.0
3729440,2.0
3738464,2.0
3738912,2.0
3740288,2.0
3743008,2.0
3744704,2.0
3746048,2.0
3746688,2.0
3748352,2.0
3749344,2.0
3751296,2.0
3757696,2.0
3758560,2.0
3759360,2.0
3760192,2.0
3762176,2.0
3783392,2.0
3785408,2.0
3785824,2.0
3786208,2.0
3792672,2.0
3795296,2.0
3801824,2.0
3805088,2.0
3805184,2.0
3805728,2.0
3816352,2.0
3830976,2.0
3831040,2.0
3835072,2.0
3838848,2.0
3846240,2.0
3847648,2.0
3863616,2.0
3866400,2.0
3871296,2.0
3874048,2.0
3877696,2.0
3881344,2.0
3887328,2.0
3888512,2.0
3896992,2.0
3900128,2.0
3905984,2.0
3906208,2.0
3907488,2.0
3911296,2.0
3921856,2.0
3921888,2.0
3924032,2.0
3925760,2.0
3926560,2.0
3928512,2.0
3930848,2.0
3935584,2.0
3938432,2.0
3948000,2.0
3958400,2.0
3959168,2.0
3964032,2.0
3968704,2.0
3969760,2.0
3973120,2.0
3975904,2.0
3978240,2.0
3978912,2.0
3984480,2.0
3985312,2.0
3986880,2.0
3988064,2.0
3990144,2.0
3993504,2.0
3995584,2.0
3995616,2.0
3996960,2.0
4001504,2.0
4009920,2.0
4010624,2.0
4012864,2.0
4014144,2.0
4017632,2.0
4021280,2.0
4023264,2.0
4026304,2.0
4027360,2.0
4027584,2.0
4028736,2.0
4034816,2.0
4035296,2.0
4039232,2.0
4040992,2.0
4041024,2.0
4041568,2.0
4047904,2.0
4051680,2.0
4054304,2.0
4056288,2.0
4056384,2.0
4061056,2.0
4061248,2.0
4063680,2.0
4063904,2.0
4065280,2.0
4070368,2.0
4070944,2.0
4073632,2.0
4075168,2.0
4077280,2.0
4078432,2.0
4083296,2.0
4096768,2.0
4097792,2.0
4107552,2.0
4113888,2.0
4114752,2.0
4116896,2.0
4118784,2.0
4121600,2.0
4126688,2.0
4127008,2.0
4129792,2.0
4132608,2.0
4135328,2.0
4138496,2.0
4141504,2.0
4146400,2.0
4150368,2.0
4154048,2.0
4154496,2.0
4155232,2.0
4157504,2.0
4157824,2.0
4158848,2.0
4164416,2.0
4166432,2.0
4183936,2.0
4188704,2.0
4206304,2.0
4209216,2.0
4215264,2.0
4215328,2.0
4228128,2.0
4233344,2.0
4239392,2.0
4243040,2.0
4243264,2.0
4244576,2.0
4244608,2.0
4249760,2.0
4257632,2.0
4258528,2.0
4258880,2.0
4262624,2.0
4267360,2.0
4267584,2.0
4267648,2.0
4273504,2.0
4273664,2.0
4276480,2.0
4282240,2.0
4282944,2.0
4287744,2.0
4292128,2.0
4298976,2.0
4305504,2.0
4314656,2.0
4315328,2.0
4326176,2.0
4328064,2.0
4329120,2.0
4340256,2.0
4345632,2.0
4351296,2.0
4353792,2.0
4354336,2.0
4366656,2.0
4372736,2.0
4372864,2.0
4373248,2.0
4378880,2.0
4383392,2.0
4383904,2.0
4383936,2.0
4388544,2.0
4388672,2.0
4396416,2.0
4397792,2.0
4397888,2.0
4398816,2.0
4410336,2.0
4411072,2.0
4412672,2.0
4417216,2.0
4418368,2.0
4424256,2.0
4429056,2.0
4429088,2.0
4430624,2.0
4441344,2.0
4441600,2.0
4453056,2.0
4458528,2.0
4460064,2.0
4462848,2.0
4463680,2.0
4464800,2.0
4490368,2.0
4492512,2.0
4495136,2.0
4495584,2.0
4497728,2.0
4506304,2.0
4509632,2.0
4513696,2.0
4518016,2.0
4529280,2.0
4530464,2.0
4534496,2.0
4537056,2.0
4544000,2.0
4545024,2.0
4551328,2.0
4554976,2.0
4558176,2.0
4563520,2.0
4568384,2.0
4570240,2.0
4575520,2.0
4582976,2.0
4587264,2.0
4588640,2.0
4588704,2.0
4590048,2.0
4591456,2.0
4593664,2.0
4595424,2.0
4596320,2.0
4602784,2.0
4608160,2.0
4609504,2.0
4613152,2.0
4617088,2.0
4621664,2.0
4624704,2.0
4625184,2.0
4625824,2.0
4637248,2.0
4640736,2.0
4654624,2.0
4655936,2.0
4657728,2.0
4664896,2.0
4671040,2.0
4671264,2.0
4672064,2.0
4672544,2.0
4674752,2.0
4682208,2.0
4685216,2.0
4686080,2.0
4687552,2.0
4692768,2.0
4703328,2.0
4711584,2.0
4716224,2.0
4717504,2.0
4717568,2.0
4728704,2.0
4737952,2.0
4740960,2.0
4742688,2.0
4747392,2.0
4759584,2.0
4764672,2.0
4766112,2.0
4772096,2.0
4776032,2.0
4778496,2.0
4780992,2.0
4781184,2.0
4791840,2.0
4793472,2.0
4795296,2.0
4796128,2.0
4800160,2.0
4800576,2.0
4802496,2.0
4803904,2.0
4804544,2.0
4805248,2.0
4806112,2.0
4810400,2.0
4814848,2.0
4815712,2.0
4828704,2.0
4837312,2.0
4851744,2.0
4862016,2.0
4862976,2.0
4863840,2.0
4867168,2.0
4871200,2.0
4872736,2.0
4873472,2.0
4880256,2.0
4885216,2.0
4886880,2.0
4892160,2.0
4899200,2.0
4899648,2.0
4915840,2.0
4919744,2.0
4920160,2.0
4928832,2.0
4939616,2.0
4940352,2.0
4943904,2.0
4944896,2.0
4953440,2.0
4956224,2.0
4956384,2.0
4959008,2.0
4960544,2.0
4971072,2.0
4972576,2.0
4981280,2.0
4982368,2.0
4984448,2.0
5004512,2.0
5016192,2.0
5016896,2.0
5019008,2.0
5020032,2.0
5020960,2.0
5033856,2.0
5034912,2.0
5036768,2.0
5037664,2.0
5044544,2.0
5047968,2.0
5048640,2.0
5056032,2.0
5059200,2.0
5060512,2.0
5063232,2.0
5064032,2.0
5065440,2.0
5069472,2.0
5070368,2.0
5072704,2.0
5074656,2.0
5079648,2.0
5087008,2.0
5087744,2.0
5088224,2.0
5088672,2.0
5089152,2.0
5092000,2.0
5094624,2.0
5095648,2.0
5097024,2.0
5102208,2.0
5106912,2.0
5110560,2.0
5110912,2.0
5111872,2.0
5111936,2.0
5118592,2.0
5119200,2.0
5124256,2.0
5125600,2.0
5128928,2.0
5129536,2.0
5132608,2.0
5133600,2.0
5134688,2.0
5139776,2.0
5140928,2.0
5147392,2.0
5155776,2.0
5165824,2.0
5166752,2.0
5168608,2.0
5183520,2.0
5187680,2.0
5190240,2.0
5195008,2.0
5195232,2.0
5195712,2.0
5195936,2.0
5208320,2.0
5208896,2.0
5211488,2.0
5212928,2.0
5219168,2.0
5219584,2.0
5225344,2.0
5230976,2.0
5231008,2.0
5237024,2.0
5238208,2.0
5242208,2.0
5244160,2.0
5244512,2.0
5253824,2.0
5255680,2.0
5263040,2.0
5265888,2.0
5268960,2.0
5269536,2.0
5272736,2.0
5274560,2.0
5290496,2.0
5291712,2.0
5293408,2.0
5295296,2.0
5308448,2.0
5308544,2.0
5309888,2.0
5309952,2.0
5310048,2.0
5311968,2.0
5319232,2.0
5319808,2.0
5324384,2.0
5327776,2.0
5328672,2.0
5336448,2.0
5339936,2.0
5340512,2.0
5355104,2.0
5360480,2.0
5363872,2.0
5364832,2.0
5365376,2.0
5368960,2.0
5370752,2.0
5374016,2.0
5375456,2.0
5377280,2.0
5384928,2.0
5385920,2.0
5386400,2.0
5391776,2.0
5393248,2.0
5397248,2.0
5397760,2.0
5400736,2.0
5401792,2.0
5403072,2.0
5408800,2.0
5410080,2.0
5412768,2.0
5414016,2.0
5414848,2.0
5415232,2.0
5418976,2.0
5421344,2.0
5426784,2.0
5438048,2.0
5438304,2.0
5438592,2.0
5444032,2.0
5448928,2.0
5451744,2.0
5454016,2.0
5454464,2.0
5464288,2.0
5466464,2.0
5466720,2.0
5469216,2.0
5486656,2.0
5488896,2.0
5493408,2.0
5495424,2.0
5497344,2.0
5502176,2.0
5502304,2.0
5508288,2.0
5508832,2.0
5510880,2.0
5519872,2.0
5520640,2.0
5521600,2.0
5527488,2.0
5530944,2.0
5536768,2.0
5541440,2.0
5543904,2.0
5549472,2.0
5550592,2.0
5551232,2.0
5555456,2.0
5555840,2.0
5557536,2.0
5561024,2.0
5562336,2.0
5565056,2.0
5569152,2.0
5570368,2.0
5572768,2.0
5576544,2.0
5579008,2.0
5579040,2.0
5583424,2.0
5586432,2.0
5588736,2.0
5589152,2.0
5590784,2.0
5595008,2.0
5596864,2.0
5606176,2.0
5608960,2.0
5609824,2.0
5613152,2.0
5615168,2.0
5616832,2.0
5627840,2.0
5629824,2.0
5630080,2.0
5637504,2.0
5646464,2.0
5647392,2.0
5655232,2.0
5655584,2.0
5658784,2.0
5659488,2.0
5666656,2.0
5671456,2.0
5672384,2.0
5673440,2.0
5676000,2.0
5676096,2.0
5681664,2.0
5685408,2.0
5685728,2.0
5692704,2.0
5697568,2.0
5699072,2.0
5711040,2.0
5711648,2.0
5724992,2.0
5728320,2.0
5738528,2.0
5744864,2.0
5751200,2.0
5756640,2.0
5758464,2.0
5759008,2.0
5769824,2.0
5772352,2.0
5775776,2.0
5779552,2.0
5779648,2.0
5783392,2.0
5794944,2.0
5798272,2.0
5798592,2.0
5802784,2.0
5806880,2.0
5814144,2.0
5821280,2.0
5822592,2.0
5829216,2.0
5829952,2.0
5831904,2.0
5832832,2.0
5841376,2.0
5850688,2.0
5856288,2.0
5864352,2.0
5865408,2.0
5867008,2.0
5867616,2.0
5868384,2.0
5884992,2.0
5891168,2.0
5895680,2.0
5897664,2.0
5901728,2.0
5905024,2.0
5912960,2.0
5919488,2.0
5924832,2.0
5930176,2.0
5938752,2.0
5939296,2.0
5944448,2.0
5955808,2.0
5959776,2.0
5961056,2.0
5966944,2.0
5967232,2.0
5968544,2.0
5977216,2.0
5980576,2.0
5980640,2.0
5981888,2.0
5983200,2.0
5983840,2.0
5988096,2.0
5989120,2.0
5996128,2.0
5998336,2.0
6004000,2.0
6006048,2.0
6014624,2.0
6015552,2.0
6017216,2.0
6021792,2.0
6025376,2.0
6027904,2.0
6029120,2.0
6030208,2.0
6036544,2.0
6046464,2.0
6048352,2.0
6053184,2.0
6054944,2.0
6055840,2.0
6060064,2.0
6061344,2.0
6063552,2.0
6064512,2.0
6066688,2.0
6077472,2.0
6078304,2.0
6081568,2.0
6095840,2.0
6104384,2.0
6106304,2.0
6111200,2.0
6114304,2.0
6115520,2.0
6119072,2.0
6123456,2.0
6130112,2.0
6131232,2.0
6133280,2.0
6136352,2.0
6138432,2.0
6141856,2.0
6142304,2.0
6142336,2.0
6142592,2.0
6143008,2.0
6146400,2.0
6150304,2.0
6153568,2.0
6155104,2.0
6161600,2.0
6161696,2.0
6163136,2.0
6167456,2.0
6169504,2.0
6178304,2.0
6178656,2.0
6181376,2.0
6182944,2.0
6183840,2.0
6183904,2.0
6184192,2.0
6193344,2.0
6193952,2.0
6199808,2.0
6203136,2.0
6205312,2.0
6211040,2.0
6219712,2.0
6223360,2.0
6224224,2.0
6226528,2.0
6228800,2.0
6235072,2.0
6236064,2.0
6238432,2.0
6244000,2.0
6250112,2.0
6252288,2.0
6258848,2.0
6263840,2.0
6264032,2.0
6266144,2.0
6271392,2.0
6271680,2.0
6272224,2.0
6272928,2.0
6282848,2.0
6294400,2.0
6297888,2.0
6309824,2.0
6313504,2.0
6323424,2.0
6325600,2.0
6325952,2.0
6341472,2.0
6346112,2.0
6348256,2.0
6350240,2.0
6351296,2.0
6352704,2.0
6353280,2.0
6362112,2.0
6364960,2.0
6369536,2.0
6384832,2.0
6385824,2.0
6396256,2.0
6402432,2.0
6406592,2.0
6406944,2.0
6410400,2.0
6411168,2.0
6412864,2.0
6413632,2.0
6413696,2.0
6418368,2.0
6421984,2.0
6433536,2.0
6433920,2.0
6438848,2.0
6440480,2.0
6445024,2.0
6445184,2.0
6448000,2.0
6451008,2.0
6454784,2.0
6456992,2.0
6458368,2.0
6459872,2.0
6460064,2.0
6461664,2.0
6470240,2.0
6471040,2.0
6472352,2.0
6475904,2.0
6478848,2.0
6484288,2.0
6494176,2.0
6494272,2.0
6494496,2.0
6497088,2.0
6498528,2.0
6501632,2.0
6502944,2.0
6507360,2.0
6510144,2.0
6511776,2.0
6521632,2.0
6521856,2.0
6522400,2.0
6524768,2.0
6526400,2.0
6528160,2.0
6531776,2.0
6532960,2.0
6534816,2.0
6536800,2.0
6538144,2.0
6539040,2.0
6541248,2.0
6546368,2.0
6546528,2.0
6547200,2.0
6552768,2.0
6553696,2.0
6557824,2.0
6558208,2.0
6572224,2.0
6575264,2.0
6576608,2.0
6577856,2.0
6579488,2.0
6582656,2.0
6584544,2.0
6589984,2.0
6590304,2.0
6595488,2.0
6600032,2.0
6601024,2.0
6617248,2.0
6618752,2.0
6620512,2.0
6621120,2.0
6628832,2.0
6629184,2.0
6638496,2.0
6638880,2.0
6639680,2.0
6645440,2.0
6646592,2.0
6651104,2.0
6657472,2.0
6658848,2.0
6658912,2.0
6660096,2.0
6661536,2.0
6662944,2.0
6665024,2.0
6674080,2.0
6677472,2.0
6680448,2.0
6685536,2.0
6685792,2.0
6686592,2.0
6688160,2.0
6688288,2.0
6688448,2.0
6688672,2.0
6691328,2.0
6691360,2.0
6693856,2.0
6700416,2.0
6703648,2.0
6705632,2.0
6707232,2.0
6713344,2.0
6714464,2.0
6715616,2.0
6715936,2.0
6719776,2.0
6736160,2.0
6736352,2.0
6737920,2.0
6740512,2.0
6749248,2.0
6759776,2.0
6762848,2.0
6762944,2.0
6763744,2.0
6765344,2.0
6765856,2.0
6767680,2.0
6770208,2.0
6770272,2.0
6774304,2.0
6785056,2.0
6787200,2.0
6792640,2.0
6802400,2.0
6810208,2.0
6813408,2.0
6818624,2.0
6825600,2.0
6828320,2.0
6828416,2.0
6833632,2.0
6837952,2.0
6838208,2.0
6838592,2.0
6838944,2.0
6841504,2.0
6841952,2.0
6844160,2.0
6844672,2.0
6859552,2.0
6862560,2.0
6864512,2.0
6866880,2.0
6869408,2.0
6871808,2.0
6874432,2.0
6878400,2.0
6878560,2.0
6885600,2.0
6888736,2.0
6892320,2.0
6904736,2.0
6905312,2.0
6905792,2.0
6906784,2.0
6910688,2.0
6915200,2.0
6922368,2.0
6923040,2.0
6926048,2.0
6929120,2.0
6931296,2.0
6931456,2.0
6933568,2.0
6937632,2.0
6939200,2.0
6942976,2.0
6951264,2.0
6962048,2.0
6964864,2.0
6971552,2.0
6994208,2.0
6998720,2.0
7001632,2.0
7002016,2.0
7006464,2.0
7011072,2.0
7018048,2.0
7021376,2.0
7022880,2.0
7028096,2.0
7035968,2.0
7039968,2.0
7043904,2.0
7047296,2.0
7058656,2.0
7059232,2.0
7060384,2.0
7063936,2.0
7070944,2.0
7073088,2.0
7075104,2.0
7075648,2.0
7076896,2.0
7083296,2.0
7086496,2.0
7088160,2.0
7089344,2.0
7090144,2.0
7092064,2.0
7100192,2.0
7100608,2.0
7103744,2.0
7104160,2.0
7105984,2.0
7106176,2.0
7108960,2.0
7113984,2.0
7117536,2.0
7120224,2.0
7136736,2.0
7138176,2.0
7141568,2.0
7145728,2.0
7148064,2.0
7153472,2.0
7159776,2.0
7177952,2.0
7179776,2.0
7180000,2.0
7190080,2.0
7193888,2.0
7194400,2.0
7194720,2.0
7198112,2.0
7201792,2.0
7202112,2.0
7204800,2.0
7205184,2.0
7209216,2.0
7218528,2.0
7222016,2.0
7226848,2.0
7229088,2.0
7236576,2.0
7236608,2.0
7238464,2.0
7239776,2.0
7240288,2.0
7240544,2.0
7244224,2.0
7251456,2.0
7254208,2.0
7256192,2.0
7256224,2.0
7257728,2.0
7262016,2.0
7265760,2.0
7275712,2.0
7278176,2.0
7279808,2.0
7280320,2.0
7288736,2.0
7294784,2.0
7300704,2.0
7303872,2.0
7312640,2.0
7313440,2.0
7315104,2.0
7325216,2.0
7325344,2.0
7326816,2.0
7327136,2.0
7328416,2.0
7334784,2.0
7339904,2.0
7340640,2.0
7344288,2.0
7355424,2.0
7358496,2.0
7362752,2.0
7365536,2.0
7366976,2.0
7367872,2.0
7373120,2.0
7393504,2.0
7397248,2.0
7412640,2.0
7420384,2.0
7423712,2.0
7428160,2.0
7436992,2.0
7437664,2.0
7443744,2.0
7451936,2.0
7453760,2.0
7454208,2.0
7460384,2.0
7462720,2.0
7463648,2.0
7465792,2.0
7474080,2.0
7475040,2.0
7477792,2.0
7478208,2.0
7480256,2.0
7480960,2.0
7482336,2.0
7484512,2.0
7487680,2.0
7488032,2.0
7492544,2.0
7495040,2.0
7497632,2.0
7499040,2.0
7499712,2.0
7501696,2.0
7503616,2.0
7507040,2.0
7510368,2.0
7512544,2.0
7515168,2.0
7516544,2.0
7516736,2.0
7518112,2.0
7521792,2.0
7522016,2.0
7526048,2.0
7532032,2.0
7533152,2.0
7535872,2.0
7541856,2.0
7545664,2.0
7549536,2.0
7549824,2.0
7560704,2.0
7561152,2.0
7561632,2.0
7561824,2.0
7566720,2.0
7568416,2.0
7570464,2.0
7572640,2.0
7576608,2.0
7592512,2.0
7595712,2.0
7598976,2.0
7601952,2.0
7614400,2.0
7615520,2.0
7618880,2.0
7619744,2.0
7624320,2.0
7630752,2.0
7631904,2.0
7633248,2.0
7639520,2.0
7642144,2.0
7643200,2.0
7652128,2.0
7656288,2.0
7663264,2.0
7664608,2.0
7665568,2.0
7666944,2.0
7670880,2.0
7674176,2.0
7676032,2.0
7681888,2.0
7684992,2.0
7685184,2.0
7691520,2.0
7698112,2.0
7702144,2.0
7702688,2.0
7704992,2.0
7705440,2.0
7705600,2.0
7716448,2.0
7720672,2.0
7723360,2.0
7725280,2.0
7725408,2.0
7729984,2.0
7731872,2.0
7733344,2.0
7733472,2.0
7735648,2.0
7737568,2.0
7743744,2.0
7750016,2.0
7767232,2.0
7771360,2.0
7775072,2.0
7775264,2.0
7781600,2.0
7785472,2.0
7791456,2.0
7795008,2.0
7796032,2.0
7796928,2.0
7803040,2.0
7808352,2.0
7810688,2.0
7811296,2.0
7812544,2.0
7821024,2.0
7828416,2.0
7829184,2.0
7830752,2.0
7833216,2.0
7842880,2.0
7844928,2.0
7852416,2.0
7852736,2.0
7854336,2.0
7859488,2.0
7861696,2.0
7862656,2.0
7868384,2.0
7868576,2.0
7870400,2.0
7885152,2.0
7886272,2.0
7888064,2.0
7895648,2.0
7896832,2.0
7897344,2.0
7901312,2.0
7907488,2.0
7908224,2.0
7910624,2.0
7914752,2.0
7919712,2.0
7935584,2.0
7940640,2.0
7952672,2.0
7957472,2.0
7958656,2.0
7962880,2.0
7970720,2.0
7973856,2.0
7974208,2.0
7974944,2.0
7979232,2.0
7984224,2.0
7986240,2.0
7987680,2.0
7991936,2.0
7992768,2.0
7993408,2.0
7998816,2.0
8007136,2.0
8015104,2.0
8019296,2.0
8020352,2.0
8021472,2.0
8023744,2.0
8026496,2.0
8027808,2.0
8030304,2.0
8038560,2.0
8039008,2.0
8050496,2.0
8052000,2.0
8052032,2.0
8053856,2.0
8062144,2.0
8065024,2.0
8070880,2.0
8071840,2.0
8074560,2.0
8075712,2.0
8075968,2.0
8079072,2.0
8082784,2.0
8086208,2.0
8090176,2.0
8090944,2.0
8096800,2.0
8102784,2.0
8104256,2.0
8109568,2.0
8114336,2.0
8120576,2.0
8122240,2.0
8123232,2.0
8123872,2.0
8124608,2.0
8127392,2.0
8130016,2.0
8133536,2.0
8133856,2.0
8137184,2.0
8139456,2.0
8139936,2.0
8143424,2.0
8143808,2.0
8146496,2.0
8146912,2.0
8147264,2.0
8148960,2.0
8150112,2.0
8151392,2.0
8156640,2.0
8162176,2.0
8166112,2.0
8171808,2.0
8172096,2.0
8172960,2.0
8186656,2.0
8192416,2.0
8199680,2.0
8201312,2.0
8202528,2.0
8203296,2.0
8204000,2.0
8204224,2.0
8205600,2.0
8208736,2.0
8213184,2.0
8229920,2.0
8230112,2.0
8230816,2.0
8236640,2.0
8251008,2.0
8275392,2.0
8276096,2.0
8279488,2.0
8281408,2.0
8283456,2.0
8290368,2.0
8290976,2.0
8302400,2.0
8302880,2.0
8303616,2.0
8304576,2.0
8309696,2.0
8316960,2.0
8319744,2.0
8328736,2.0
8329728,2.0
8330528,2.0
8335264,2.0
8335680,2.0
8339712,2.0
8342464,2.0
8344032,2.0
8348032,2.0
8350656,2.0
8355584,2.0
8355712,2.0
8360800,2.0
8362240,2.0
8365440,2.0
8365760,2.0
8366016,2.0
8366240,2.0
8367264,2.0
8367456,2.0
8388352,2.0
8391264,2.0
8393024,2.0
8398656,2.0
8398816,2.0
8401824,2.0
8403808,2.0
8404928,2.0
8408352,2.0
8409952,2.0
8414016,2.0
8417888,2.0
8419936,2.0
8420384,2.0
8421536,2.0
8425408,2.0
8434528,2.0
8435776,2.0
8438752,2.0
8440640,2.0
8454656,2.0
8462080,2.0
8463360,2.0
8467840,2.0
8471360,2.0
8476640,2.0
8477952,2.0
8484416,2.0
8486816,2.0
8487552,2.0
8488160,2.0
8491456,2.0
8493760,2.0
8498976,2.0
8499040,2.0
8499936,2.0
8502208,2.0
8506304,2.0
8509632,2.0
8511296,2.0
8517248,2.0
8520992,2.0
8525280,2.0
8527360,2.0
8532128,2.0
8534272,2.0
8544928,2.0
8546592,2.0
8552160,2.0
8553600,2.0
8554848,2.0
8560128,2.0
8562048,2.0
8562464,2.0
8562560,2.0
8564480,2.0
8573440,2.0
8580320,2.0
8582368,2.0
8586688,2.0
8586752,2.0
8586944,2.0
8591232,2.0
8592608,2.0
8593664,2.0
8596096,2.0
8597632,2.0
8598752,2.0
8607872,2.0
8607936,2.0
8615904,2.0
8617888,2.0
8621152,2.0
8621632,2.0
8622016,2.0
8626496,2.0
8639072,2.0
8640096,2.0
8640416,2.0
8644224,2.0
8644320,2.0
8658944,2.0
8659072,2.0
8659328,2.0
8661312,2.0
8662016,2.0
8662720,2.0
8663584,2.0
8674784,2.0
8676512,2.0
8677280,2.0
8681472,2.0
8685088,2.0
8692992,2.0
8695584,2.0
8696352,2.0
8696640,2.0
8719104,2.0
8728448,2.0
8733248,2.0
8738528,2.0
8738912,2.0
8739904,2.0
8739968,2.0
8742816,2.0
8745440,2.0
8745472,2.0
8746592,2.0
8746752,2.0
8755328,2.0
8760128,2.0
8763648,2.0
8766944,2.0
8767328,2.0
8769216,2.0
8770976,2.0
8776832,2.0
8779936,2.0
8783136,2.0
8784224,2.0
8784960,2.0
8788576,2.0
8793696,2.0
8810368,2.0
8818592,2.0
8818944,2.0
8826496,2.0
8831424,2.0
8834240,2.0
8834784,2.0
8835968,2.0
8836800,2.0
8845344,2.0
8853088,2.0
8857888,2.0
8859680,2.0
8861216,2.0
8863552,2.0
8865088,2.0
8866816,2.0
8867392,2.0
8867968,2.0
8871840,2.0
8878848,2.0
8883680,2.0
8889088,2.0
8896704,2.0
8897120,2.0
8899616,2.0
8900704,2.0
8903168,2.0
8908640,2.0
8911040,2.0
8911200,2.0
8912000,2.0
8920032,2.0
8924032,2.0
8927360,2.0
8931968,2.0
8932032,2.0
8934752,2.0
8936128,2.0
8944896,2.0
8948416,2.0
8951104,2.0
8951904,2.0
8951968,2.0
8953504,2.0
8958688,2.0
8959136,2.0
8967456,2.0
8979552,2.0
8981600,2.0
8983744,2.0
8992416,2.0
9010432,2.0
9013536,2.0
9014784,2.0
9016224,2.0
9024384,2.0
9028320,2.0
9031008,2.0
9031264,2.0
9040576,2.0
9042240,2.0
9042656,2.0
9047840,2.0
9049344,2.0
9059776,2.0
9063136,2.0
9066464,2.0
9066848,2.0
9069920,2.0
9075232,2.0
9075360,2.0
9075680,2.0
9077504,2.0
9077984,2.0
9080448,2.0
9082080,2.0
9082208,2.0
9082976,2.0
9087456,2.0
9091584,2.0
9091936,2.0
9096480,2.0
9097152,2.0
9105344,2.0
9106368,2.0
9107680,2.0
9114368,2.0
9124000,2.0
9126080,2.0
9136832,2.0
9137344,2.0
9138912,2.0
9139776,2.0
9143200,2.0
9143392,2.0
9146464,2.0
9147680,2.0
9148576,2.0
9149504,2.0
9150656,2.0
9151616,2.0
9153728,2.0
9156832,2.0
9160192,2.0
9160576,2.0
9162208,2.0
9162848,2.0
9167424,2.0
9167616,2.0
9168960,2.0
9176128,2.0
9178304,2.0
9178496,2.0
9178528,2.0
9181824,2.0
9183552,2.0
9184864,2.0
9185376,2.0
9193248,2.0
9201888,2.0
9205184,2.0
9206240,2.0
9207680,2.0
9219552,2.0
9220512,2.0
9227904,2.0
9230464,2.0
9233024,2.0
9238528,2.0
9241728,2.0
9246272,2.0
9248128,2.0
9262912,2.0
9266016,2.0
9268096,2.0
9276672,2.0
9278752,2.0
9281344,2.0
9281728,2.0
9289184,2.0
9290272,2.0
9294848,2.0
9297184,2.0
9305824,2.0
9307552,2.0
9307744,2.0
9309120,2.0
9318976,2.0
9319072,2.0
9319904,2.0
9321184,2.0
9330688,2.0
9331392,2.0
9335296,2.0
9336224,2.0
9342816,2.0
9344000,2.0
9344192,2.0
9347744,2.0
9351104,2.0
9357952,2.0
9359520,2.0
9363264,2.0
9378240,2.0
9383264,2.0
9385600,2.0
9387744,2.0
9388640,2.0
9392512,2.0
9393664,2.0
9402272,2.0
9403296,2.0
9405472,2.0
9405824,2.0
9405888,2.0
9406112,2.0
9418592,2.0
9419264,2.0
9420288,2.0
9423968,2.0
9431808,2.0
9437760,2.0
9438336,2.0
9440512,2.0
9444384,2.0
9447136,2.0
9456672,2.0
9457888,2.0
9465568,2.0
9472160,2.0
9479776,2.0
9481280,2.0
9484864,2.0
9485792,2.0
9486304,2.0
9488416,2.0
9491808,2.0
9501088,2.0
9506240,2.0
9508928,2.0
9515584,2.0
9516992,2.0
9518784,2.0
9520192,2.0
9523648,2.0
9530752,2.0
9536544,2.0
9544256,2.0
9546816,2.0
9548928,2.0
9559552,2.0
9560000,2.0
9565568,2.0
9569952,2.0
9570368,2.0
9571392,2.0
9573056,2.0
9583392,2.0
9583488,2.0
9584256,2.0
9590016,2.0
9599968,2.0
9600448,2.0
9606336,2.0
9608032,2.0
9611648,2.0
9613856,2.0
9618624,2.0
9631104,2.0
9636800,2.0
9643168,2.0
9645600,2.0
9648896,2.0
9656448,2.0
9660736,2.0
9661024,2.0
9663328,2.0
9663680,2.0
9664736,2.0
9669440,2.0
9673120,2.0
9679808,2.0
9688480,2.0
9690496,2.0
9691744,2.0
9691872,2.0
9695296,2.0
9703328,2.0
9703904,2.0
9706944,2.0
9718016,2.0
9722784,2.0
9724160,2.0
9727136,2.0
9742272,2.0
9755840,2.0
9765056,2.0
9778560,2.0
9778976,2.0
9784352,2.0
9789760,2.0
9791424,2.0
9792864,2.0
9793856,2.0
9803392,2.0
9807520,2.0
9808992,2.0
9809376,2.0
9815584,2.0
9816416,2.0
9818464,2.0
9821824,2.0
9823008,2.0
9830592,2.0
9832192,2.0
9836416,2.0
9844192,2.0
9846528,2.0
9846624,2.0
9847424,2.0
9849184,2.0
9853632,2.0
9853920,2.0
9855104,2.0
9864832,2.0
9866112,2.0
9867008,2.0
9867040,2.0
9872544,2.0
9873248,2.0
9876320,2.0
9878944,2.0
9879936,2.0
9880928,2.0
9887072,2.0
9892448,2.0
9892992,2.0
9894016,2.0
9900896,2.0
9900992,2.0
9901824,2.0
9903968,2.0
9904928,2.0
9912128,2.0
9915200,2.0
9916352,2.0
9917344,2.0
9919328,2.0
9933344,2.0
9944384,2.0
9949440,2.0
9949920,2.0
9950368,2.0
9950432,2.0
9961728,2.0
9969568,2.0
9979200,2.0
9985728,2.0
9989152,2.0
9989312,2.0
9993600,2.0
9997312,2.0
10000288,2.0
10001536,2.0
10003392,2.0
10011008,2.0
10013472,2.0
10013632,2.0
10013952,2.0
10016288,2.0
10019424,2.0
10032128,2.0
10033600,2.0
10049888,2.0
10051616,2.0
10057568,2.0
10064256,2.0
10077856,2.0
10078272,2.0
10081472,2.0
10083104,2.0
10086784,2.0
10087712,2.0
10088832,2.0
10092224,2.0
10093344,2.0
10100896,2.0
10102528,2.0
10104000,2.0
10104192,2.0
10114432,2.0
10120704,2.0
10123072,2.0
10125824,2.0
10128032,2.0
10128096,2.0
10140416,2.0
10145856,2.0
10146560,2.0
10152544,2.0
10153120,2.0
10154176,2.0
10155616,2.0
10157152,2.0
10158464,2.0
10162592,2.0
10169408,2.0
10170144,2.0
10173088,2.0
10174464,2.0
10178720,2.0
10182528,2.0
10184672,2.0
10196640,2.0
10201408,2.0
10201920,2.0
10203712,2.0
10203776,2.0
10205472,2.0
10206752,2.0
10207168,2.0
10208640,2.0
10209344,2.0
10216160,2.0
10216384,2.0
10224512,2.0
10226176,2.0
10228192,2.0
10231840,2.0
10233152,2.0
10234048,2.0
10235168,2.0
10243264,2.0
10245792,2.0
10249056,2.0
10263264,2.0
10263392,2.0
10264768,2.0
10266208,2.0
10269248,2.0
10269568,2.0
10278624,2.0
10283456,2.0
10286144,2.0
10287936,2.0
10291808,2.0
10292672,2.0
10300896,2.0
10301376,2.0
10305856,2.0
10309504,2.0
10312544,2.0
10313376,2.0
10320992,2.0
10321504,2.0
10322592,2.0
10324416,2.0
10326176,2.0
10327264,2.0
10339968,2.0
10349856,2.0
10352096,2.0
10356032,2.0
10357152,2.0
10359040,2.0
10359488,2.0
10361888,2.0
10365760,2.0
10371424,2.0
10372960,2.0
10384288,2.0
10385440,2.0
10393344,2.0
10395776,2.0
10400352,2.0
10403040,2.0
10407616,2.0
10413088,2.0
10419968,2.0
10420448,2.0
10423104,2.0
10426208,2.0
10430016,2.0
10432800,2.0
10435040,2.0
10440832,2.0
10442528,2.0
10443552,2.0
10444160,2.0
10446368,2.0
10446592,2.0
10448480,2.0
10449024,2.0
10449792,2.0
10454112,2.0
10455520,2.0
10469120,2.0
10470688,2.0
10482656,2.0
10483744,2.0
10489792,2.0
10500000,2.0
10501024,2.0
10504928,2.0
10508320,2.0
10508896,2.0
10513440,2.0
10518400,2.0
10518816,2.0
10523680,2.0
10524320,2.0
10524704,2.0
10526528,2.0
10528320,2.0
10530912,2.0
10531904,2.0
10538656,2.0
10544192,2.0
10553088,2.0
10556224,2.0
10558944,2.0
10560640,2.0
10569920,2.0
10574688,2.0
10577216,2.0
10577408,2.0
10579872,2.0
10580256,2.0
10585344,2.0
10590240,2.0
10590560,2.0
10594656,2.0
10594848,2.0
10595360,2.0
10599264,2.0
10599488,2.0
10600608,2.0
10607776,2.0
10616320,2.0
10621920,2.0
10624832,2.0
10637664,2.0
10646048,2.0
10650016,2.0
10655840,2.0
10663552,2.0
10665824,2.0
10671104,2.0
10672320,2.0
10676256,2.0
10676352,2.0
10681792,2.0
10683488,2.0
10685344,2.0
10691520,2.0
10691584,2.0
10692064,2.0
10693152,2.0
10703904,2.0
10706112,2.0
10710048,2.0
10711232,2.0
10722528,2.0
10725120,2.0
10727904,2.0
10733152,2.0
10733664,2.0
10734816,2.0
10735744,2.0
10743392,2.0
10745184,2.0
10747040,2.0
10750144,2.0
10762336,2.0
10763712,2.0
10767744,2.0
10772128,2.0
10772448,2.0
10772576,2.0
10780768,2.0
10784448,2.0
10798720,2.0
10803488,2.0
10805024,2.0
10813280,2.0
10825312,2.0
10826240,2.0
10829920,2.0
10830112,2.0
10830656,2.0
10839104,2.0
10846368,2.0
10849408,2.0
10850432,2.0
10852896,2.0
10858560,2.0
10863936,2.0
10864928,2.0
10865664,2.0
10869536,2.0
10871776,2.0
10880352,2.0
10883456,2.0
10884320,2.0
10885920,2.0
10891712,2.0
10893056,2.0
10894976,2.0
10900512,2.0
10902496,2.0
10902560,2.0
10906464,2.0
10909920,2.0
10910688,2.0
10913280,2.0
10920480,2.0
10922368,2.0
10924128,2.0
10926304,2.0
10930432,2.0
10939616,2.0
10940096,2.0
10946816,2.0
10951808,2.0
10951968,2.0
10953664,2.0
10956352,2.0
10962912,2.0
10963072,2.0
10971264,2.0
10973472,2.0
10973952,2.0
10974144,2.0
10974944,2.0
10975936,2.0
10976832,2.0
10976992,2.0
10978304,2.0
10979040,2.0
10981920,2.0
10984704,2.0
10988960,2.0
11008224,2.0
11009504,2.0
11016608,2.0
11017536,2.0
11025664,2.0
11025856,2.0
11026336,2.0
11027232,2.0
11028672,2.0
11029440,2.0
11030528,2.0
11031104,2.0
11032224,2.0
11032992,2.0
11035072,2.0
11037824,2.0
11038112,2.0
11040064,2.0
11043840,2.0
11046944,2.0
11052224,2.0
11055200,2.0
11056736,2.0
11065696,2.0
11067072,2.0
11076192,2.0
11077984,2.0
11080160,2.0
11081088,2.0
11081504,2.0
11085920,2.0
11087040,2.0
11095968,2.0
11096064,2.0
11098432,2.0
11108896,2.0
11116096,2.0
11124448,2.0
11125568,2.0
11131104,2.0
11135456,2.0
11142304,2.0
11144512,2.0
11144960,2.0
11146432,2.0
11149056,2.0
11149440,2.0
11152544,2.0
11171648,2.0
11171776,2.0
11176352,2.0
11176896,2.0
11181248,2.0
11183136,2.0
11188288,2.0
11189376,2.0
11189536,2.0
11189824,2.0
11195968,2.0
11200896,2.0
11201056,2.0
11201824,2.0
11209184,2.0
11211904,2.0
11213728,2.0
11214464,2.0
11215264,2.0
11216416,2.0
11219072,2.0
11226368,2.0
11236736,2.0
11241920,2.0
11246656,2.0
11251168,2.0
11256064,2.0
11260256,2.0
11270752,2.0
11272512,2.0
11272672,2.0
11278208,2.0
11283936,2.0
11290656,2.0
11293536,2.0
11312096,2.0
11316352,2.0
11317632,2.0
11320160,2.0
11320640,2.0
11321888,2.0
11323840,2.0
11329440,2.0
11329888,2.0
11333120,2.0
11342304,2.0
11344800,2.0
11346720,2.0
11349088,2.0
11349504,2.0
11351520,2.0
11360992,2.0
11361536,2.0
11363360,2.0
11365760,2.0
11369920,2.0
11371776,2.0
11374528,2.0
11377920,2.0
11380160,2.0
11383872,2.0
11384064,2.0
11384480,2.0
11389664,2.0
11391168,2.0
11392416,2.0
11395104,2.0
11396480,2.0
11402944,2.0
11403104,2.0
11412192,2.0
11416864,2.0
11427008,2.0
11432640,2.0
11434240,2.0
11434944,2.0
11436256,2.0
11436992,2.0
11437312,2.0
11438240,2.0
11442432,2.0
11443040,2.0
11445088,2.0
11445792,2.0
11450400,2.0
11451968,2.0
11453344,2.0
11458336,2.0
11460000,2.0
11460640,2.0
11463552,2.0
11471648,2.0
11474592,2.0
11474752,2.0
11477696,2.0
11478208,2.0
11485792,2.0
11488416,2.0
11498048,2.0
11500480,2.0
11501024,2.0
11503552,2.0
11504032,2.0
11513760,2.0
11513792,2.0
11515264,2.0
11523136,2.0
11524576,2.0
11533344,2.0
11553248,2.0
11553376,2.0
11556960,2.0
11559360,2.0
11561472,2.0
11568960,2.0
11580032,2.0
11585408,2.0
11606304,2.0
11609504,2.0
11616800,2.0
11617696,2.0
11620224,2.0
11624128,2.0
11625440,2.0
11629056,2.0
11630240,2.0
11630912,2.0
11640096,2.0
11641536,2.0
11644832,2.0
11648288,2.0
11649568,2.0
11654304,2.0
11658432,2.0
11666400,2.0
11667552,2.0
11668704,2.0
11671680,2.0
11672064,2.0
11673344,2.0
11674496,2.0
11675392,2.0
11677728,2.0
11681632,2.0
11681664,2.0
11681792,2.0
11682176,2.0
11684064,2.0
11690144,2.0
11690976,2.0
11692032,2.0
11693024,2.0
11693088,2.0
11702784,2.0
11703520,2.0
11704768,2.0
11705408,2.0
11705856,2.0
11730016,2.0
11736768,2.0
11742080,2.0
11743936,2.0
11750048,2.0
11750176,2.0
11753760,2.0
11755200,2.0
11756864,2.0
11757440,2.0
11757568,2.0
11761088,2.0
11764256,2.0
11768064,2.0
11776480,2.0
11779584,2.0
11780672,2.0
11782912,2.0
11792736,2.0
11797952,2.0
11798976,2.0
11799872,2.0
11805952,2.0
11811392,2.0
11814240,2.0
11816512,2.0
11820256,2.0
11821792,2.0
11823456,2.0
11827872,2.0
11828096,2.0
11829152,2.0
11830848,2.0
11837344,2.0
11837408,2.0
11840224,2.0
11841248,2.0
11847328,2.0
11849472,2.0
11850528,2.0
11855040,2.0
11856352,2.0
11857856,2.0
11862848,2.0
11867488,2.0
11869312,2.0
11870752,2.0
11873824,2.0
11874048,2.0
11876736,2.0
11880992,2.0
11884864,2.0
11892256,2.0
11911232,2.0
11911392,2.0
11918624,2.0
11920384,2.0
11924448,2.0
11926272,2.0
11934688,2.0
11937440,2.0
11952768,2.0
11952992,2.0
11953376,2.0
11957312,2.0
11960768,2.0
11961536,2.0
11964480,2.0
11967168,2.0
11968096,2.0
11974496,2.0
11987040,2.0
11987424,2.0
11989344,2.0
11990368,2.0
11996064,2.0
11999360,2.0
12000320,2.0
12000640,2.0
12004544,2.0
12010080,2.0
12011680,2.0
12016672,2.0
12017248,2.0
12022912,2.0
12023584,2.0
12026432,2.0
12030400,2.0
12034784,2.0
12038656,2.0
12041216,2.0
12042912,2.0
12043392,2.0
12048224,2.0
12054784,2.0
12056224,2.0
12072960,2.0
12074720,2.0
12076832,2.0
12076928,2.0
12084032,2.0
12084512,2.0
12084544,2.0
12090080,2.0
12092512,2.0
12097280,2.0
12098560,2.0
12101600,2.0
12103104,2.0
12104320,2.0
12107136,2.0
12107840,2.0
12109440,2.0
12112096,2.0
12113568,2.0
12116512,2.0
12121152,2.0
12121568,2.0
12124096,2.0
12131168,2.0
12135168,2.0
12143520,2.0
12144128,2.0
12152352,2.0
12164576,2.0
12165984,2.0
12169056,2.0
12169824,2.0
12172160,2.0
12174848,2.0
12178528,2.0
12181184,2.0
12183936,2.0
12185728,2.0
12195328,2.0
12197920,2.0
12198464,2.0
12200416,2.0
12201248,2.0
12206144,2.0
12210208,2.0
12216224,2.0
12219488,2.0
12223104,2.0
12226176,2.0
12231840,2.0
12238144,2.0
12242560,2.0
12242944,2.0
12245632,2.0
12245664,2.0
12249696,2.0
12257216,2.0
12258400,2.0
12260992,2.0
12273408,2.0
12278272,2.0
12285280,2.0
12285600,2.0
12286496,2.0
12296384,2.0
12297216,2.0
12298336,2.0
12298528,2.0
12302144,2.0
12305024,2.0
12307424,2.0
12309088,2.0
12313280,2.0
12321536,2.0
12323904,2.0
12324352,2.0
12332864,2.0
12333056,2.0
12334560,2.0
12340672,2.0
12347968,2.0
12349408,2.0
12354528,2.0
12354752,2.0
12357280,2.0
12359264,2.0
12360128,2.0
12370432,2.0
12374272,2.0
12380800,2.0
12381792,2.0
12384352,2.0
12386496,2.0
12387680,2.0
12388992,2.0
12396448,2.0
12401184,2.0
12402048,2.0
12406944,2.0
12414016,2.0
12417056,2.0
12419264,2.0
12423424,2.0
12424736,2.0
12442496,2.0
12446784,2.0
12459232,2.0
12464512,2.0
12465344,2.0
12465504,2.0
12471968,2.0
12472448,2.0
12474208,2.0
12482592,2.0
12485184,2.0
12489888,2.0
12491328,2.0
12496576,2.0
12502912,2.0
12517344,2.0
12524224,2.0
12530912,2.0
12540000,2.0
12543872,2.0
12546912,2.0
12549248,2.0
12549792,2.0
12552256,2.0
12555840,2.0
12565600,2.0
12569440,2.0
12572352,2.0
12573440,2.0
12575328,2.0
12575456,2.0
12577536,2.0
12578560,2.0
12583680,2.0
12586912,2.0
12590240,2.0
12597728,2.0
12604608,2.0
12608896,2.0
12610784,2.0
12614912,2.0
12615744,2.0
12616256,2.0
12617312,2.0
12619456,2.0
12623072,2.0
12629536,2.0
12629632,2.0
12632096,2.0
12640192,2.0
12642304,2.0
12642560,2.0
12644160,2.0
12644288,2.0
12645984,2.0
12647968,2.0
12651296,2.0
12651936,2.0
12652320,2.0
12660224,2.0
12664544,2.0
12670048,2.0
12671136,2.0
12685216,2.0
12685792,2.0
12692256,2.0
12706688,2.0
12712608,2.0
12715072,2.0
12717408,2.0
12719360,2.0
12719456,2.0
12719968,2.0
12723648,2.0
12724640,2.0
12730464,2.0
12732288,2.0
12735104,2.0
12737088,2.0
12748320,2.0
12751680,2.0
12772736,2.0
12776864,2.0
12778016,2.0
12783712,2.0
12785504,2.0
12787904,2.0
12790176,2.0
12792416,2.0
12795360,2.0
12804448,2.0
12806976,2.0
12808288,2.0
12814880,2.0
12823584,2.0
12832256,2.0
12838048,2.0
12843200,2.0
12859904,2.0
12865376,2.0
12868288,2.0
12868992,2.0
12870464,2.0
12871584,2.0
12873344,2.0
12881056,2.0
12891712,2.0
12893952,2.0
12897440,2.0
12899680,2.0
12901760,2.0
12902816,2.0
12907584,2.0
12907808,2.0
12910400,2.0
12919776,2.0
12921504,2.0
12926848,2.0
12930336,2.0
12932128,2.0
12935168,2.0
12938400,2.0
12961024,2.0
12967488,2.0
12969344,2.0
12970464,2.0
12971968,2.0
12972032,2.0
12975840,2.0
12976224,2.0
12976288,2.0
12982912,2.0
12984672,2.0
12984768,2.0
12988032,2.0
12988864,2.0
12996928,2.0
13002848,2.0
13004128,2.0
13012448,2.0
13022976,2.0
13033376,2.0
13034496,2.0
13035904,2.0
13036672,2.0
13037632,2.0
13037792,2.0
13040608,2.0
13040672,2.0
13051552,2.0
13052096,2.0
13053888,2.0
13054784,2.0
13056320,2.0
13056544,2.0
13061056,2.0
13064992,2.0
13065440,2.0
13068192,2.0
13072448,2.0
13080096,2.0
13084928,2.0
13093120,2.0
13095264,2.0
13099552,2.0
13100768,2.0
13109024,2.0
13110112,2.0
13116000,2.0
13118432,2.0
13120800,2.0
13127744,2.0
13128512,2.0
13129408,2.0
13132416,2.0
13136128,2.0
13139872,2.0
13142496,2.0
13149120,2.0
13154176,2.0
13157760,2.0
13157888,2.0
13158400,2.0
13165184,2.0
13179232,2.0
13184384,2.0
13189536,2.0
13193728,2.0
13204864,2.0
13206368,2.0
13207392,2.0
13216032,2.0
13216320,2.0
13218592,2.0
13221664,2.0
13224768,2.0
13226400,2.0
13228064,2.0
13232576,2.0
13237536,2.0
13247424,2.0
13248256,2.0
13250528,2.0
13254208,2.0
13260384,2.0
13267680,2.0
13269376,2.0
13273152,2.0
13274272,2.0
13274592,2.0
13277248,2.0
13277760,2.0
13279968,2.0
13282368,2.0
13290432,2.0
13292224,2.0
13295744,2.0
13299488,2.0
13301568,2.0
13305696,2.0
13308544,2.0
13308928,2.0
13310816,2.0
13314944,2.0
13316704,2.0
13322496,2.0
13325696,2.0
13325824,2.0
13329632,2.0
13330656,2.0
13330720,2.0
13332576,2.0
13333600,2.0
13334240,2.0
13334944,2.0
13335872,2.0
13336128,2.0
13338752,2.0
13349184,2.0
13353376,2.0
13354496,2.0
13364256,2.0
13367264,2.0
13369152,2.0
13373024,2.0
13375008,2.0
13379296,2.0
13379328,2.0
13384544,2.0
13386560,2.0
13388992,2.0
13392608,2.0
13392736,2.0
13393600,2.0
13394080,2.0
13395008,2.0
13395424,2.0
13398240,2.0
13404448,2.0
13404992,2.0
13409664,2.0
13411936,2.0
13412096,2.0
13414752,2.0
13416608,2.0
13416704,2.0
13418656,2.0
13423552,2.0
13429344,2.0
13431872,2.0
13437824,2.0
13450944,2.0
13452352,2.0
13456288,2.0
13456800,2.0
13457984,2.0
13462656,2.0
13466176,2.0
13467808,2.0
13471328,2.0
13480096,2.0
13483456,2.0
13484352,2.0
13488480,2.0
13492352,2.0
13492640,2.0
13493216,2.0
13495904,2.0
13498528,2.0
13514336,2.0
13521280,2.0
13526176,2.0
13527200,2.0
13533984,2.0
13542976,2.0
13548512,2.0
13550784,2.0
13552000,2.0
13556096,2.0
13561856,2.0
13580448,2.0
13581792,2.0
13586272,2.0
13589568,2.0
13592224,2.0
13609792,2.0
13614848,2.0
13616864,2.0
13617664,2.0
13618368,2.0
13622240,2.0
13623072,2.0
13623392,2.0
13626912,2.0
13628800,2.0
13629664,2.0
13630112,2.0
13637984,2.0
13638976,2.0
13640416,2.0
13652864,2.0
13667648,2.0
13675616,2.0
13681472,2.0
13681568,2.0
13682496,2.0
13688576,2.0
13688928,2.0
13690432,2.0
13694976,2.0
13704480,2.0
13704896,2.0
13712160,2.0
13713504,2.0
13715712,2.0
13736576,2.0
13738752,2.0
13742400,2.0
13743392,2.0
13744352,2.0
13744928,2.0
13758784,2.0
13767904,2.0
13770880,2.0
13774912,2.0
13777696,2.0
13782496,2.0
13784928,2.0
13785696,2.0
13787296,2.0
13787744,2.0
13789728,2.0
13790528,2.0
13797504,2.0
13798912,2.0
13799104,2.0
13802080,2.0
13802688,2.0
13806336,2.0
13806912,2.0
13808096,2.0
13813376,2.0
13814112,2.0
13817504,2.0
13831200,2.0
13832064,2.0
13833504,2.0
13834016,2.0
13838208,2.0
13839264,2.0
13840448,2.0
13845664,2.0
13846432,2.0
13851424,2.0
13852416,2.0
13854368,2.0
13855648,2.0
13860896,2.0
13861344,2.0
13864384,2.0
13870624,2.0
13871232,2.0
13872192,2.0
13878656,2.0
13880704,2.0
13883872,2.0
13886208,2.0
13891712,2.0
13893344,2.0
13894144,2.0
13899104,2.0
13901312,2.0
13902464,2.0
13906176,2.0
13915808,2.0
13917440,2.0
13924864,2.0
13929632,2.0
13931104,2.0
13939776,2.0
13941952,2.0
13943776,2.0
13954080,2.0
13963872,2.0
13965760,2.0
13966144,2.0
13967040,2.0
13972704,2.0
13977792,2.0
13980544,2.0
13982752,2.0
13989248,2.0
13993856,2.0
13998240,2.0
13998784,2.0
14007136,2.0
14012448,2.0
14019488,2.0
14020448,2.0
14025344,2.0
14025568,2.0
14028672,2.0
14038816,2.0
14041760,2.0
14044192,2.0
14046336,2.0
14051232,2.0
14053952,2.0
14054080,2.0
14061696,2.0
14064384,2.0
14064704,2.0
14065024,2.0
14065312,2.0
14069920,2.0
14072768,2.0
14075040,2.0
14082336,2.0
14084032,2.0
14084704,2.0
14089760,2.0
14091360,2.0
14095392,2.0
14096192,2.0
14106464,2.0
14108704,2.0
14119136,2.0
14124544,2.0
14125856,2.0
14126976,2.0
14130656,2.0
14132640,2.0
14133760,2.0
14134400,2.0
14134912,2.0
14143936,2.0
14149952,2.0
14155072,2.0
14155104,2.0
14155136,2.0
14156128,2.0
14159392,2.0
14160800,2.0
14163200,2.0
14168256,2.0
14173920,2.0
14178720,2.0
14194912,2.0
14197120,2.0
14201216,2.0
14208032,2.0
14208384,2.0
14218656,2.0
14218848,2.0
14222752,2.0
14227648,2.0
14232064,2.0
14235104,2.0
14235712,2.0
14245984,2.0
14246304,2.0
14246528,2.0
14248192,2.0
14252448,2.0
14258720,2.0
14259424,2.0
14264384,2.0
14269088,2.0
14271392,2.0
14274240,2.0
14274624,2.0
14277216,2.0
14278528,2.0
14279072,2.0
14280544,2.0
14281984,2.0
14288032,2.0
14297152,2.0
14303648,2.0
14306848,2.0
14307360,2.0
14310560,2.0
14313664,2.0
14314784,2.0
14315008,2.0
14315232,2.0
14316256,2.0
14319456,2.0
14320352,2.0
14326304,2.0
14327872,2.0
14354592,2.0
14357536,2.0
14366176,2.0
14369472,2.0
14380736,2.0
14385888,2.0
14390240,2.0
14397344,2.0
14403456,2.0
14403648,2.0
14406048,2.0
14418880,2.0
14422144,2.0
14432960,2.0
14434912,2.0
14438016,2.0
14444512,2.0
14451392,2.0
14454976,2.0
14456576,2.0
14465184,2.0
14466944,2.0
14470336,2.0
14475360,2.0
14476032,2.0
14479040,2.0
14480512,2.0
14491904,2.0
14500032,2.0
14500256,2.0
14505824,2.0
14506560,2.0
14506624,2.0
14506848,2.0
14507680,2.0
14510784,2.0
14511936,2.0
14515200,2.0
14515680,2.0
14524960,2.0
14525728,2.0
14526400,2.0
14527040,2.0
14528480,2.0
14529152,2.0
14533504,2.0
14536384,2.0
14539136,2.0
14541024,2.0
14558304,2.0
14558592,2.0
14561536,2.0
14564960,2.0
14565856,2.0
14569920,2.0
14572640,2.0
14579328,2.0
14579840,2.0
14579904,2.0
14581088,2.0
14582848,2.0
14593952,2.0
14593984,2.0
14594144,2.0
14596416,2.0
14596480,2.0
14600480,2.0
14607232,2.0
14610208,2.0
14615104,2.0
14617632,2.0
14618208,2.0
14621504,2.0
14632960,2.0
14637248,2.0
14649888,2.0
14661408,2.0
14665024,2.0
14673216,2.0
14681312,2.0
14682656,2.0
14684768,2.0
14685312,2.0
14689824,2.0
14694048,2.0
14694208,2.0
14696128,2.0
14702016,2.0
14707392,2.0
14713216,2.0
14715264,2.0
14715904,2.0
14717344,2.0
14718080,2.0
14723872,2.0
14724160,2.0
14724288,2.0
14724864,2.0
14728768,2.0
14732224,2.0
14732512,2.0
14733088,2.0
14733312,2.0
14735840,2.0
14737536,2.0
14740416,2.0
14742368,2.0
14745984,2.0
14746624,2.0
14749952,2.0
14752704,2.0
14754144,2.0
14762528,2.0
14763584,2.0
14770496,2.0
14774592,2.0
14776800,2.0
14782112,2.0
14782208,2.0
14782560,2.0
14782976,2.0
14784032,2.0
14787872,2.0
14797920,2.0
14798496,2.0
14799296,2.0
14800672,2.0
14803968,2.0
14805376,2.0
14811744,2.0
14813856,2.0
14814592,2.0
14816576,2.0
14817280,2.0
14819712,2.0
14829184,2.0
14841024,2.0
14841728,2.0
14845952,2.0
14846688,2.0
14852896,2.0
14857440,2.0
14861376,2.0
14867552,2.0
14868672,2.0
14879680,2.0
14886368,2.0
14886880,2.0
14888864,2.0
14897568,2.0
14898016,2.0
14898720,2.0
14900512,2.0
14900640,2.0
14908224,2.0
14909792,2.0
14910048,2.0
14913152,2.0
14914752,2.0
14926240,2.0
14931008,2.0
14934016,2.0
14935200,2.0
14936640,2.0
14942048,2.0
14945664,2.0
14947424,2.0
14950656,2.0
14952704,2.0
14955200,2.0
14959424,2.0
14965568,2.0
14966784,2.0
14984832,2.0
14984960,2.0
14985792,2.0
14986816,2.0
14991392,2.0
14992832,2.0
14994624,2.0
14995200,2.0
15000416,2.0
15014144,2.0
15022496,2.0
15022560,2.0
15030720,2.0
15033504,2.0
15037248,2.0
15046752,2.0
15048544,2.0
15049088,2.0
15058144,2.0
15068160,2.0
15069024,2.0
15071616,2.0
15071776,2.0
15084576,2.0
15092320,2.0
15092896,2.0
15094720,2.0
15096960,2.0
15104288,2.0
15107008,2.0
15109696,2.0
15121952,2.0
15131680,2.0
15133248,2.0
15135552,2.0
15141760,2.0
15146432,2.0
15148800,2.0
15158624,2.0
15164832,2.0
15173632,2.0
15178816,2.0
15179552,2.0
15181440,2.0
15184512,2.0
15193824,2.0
15194784,2.0
15195584,2.0
15197376,2.0
15197632,2.0
15198144,2.0
15199648,2.0
15200352,2.0
15200992,2.0
15203840,2.0
15204000,2.0
15205536,2.0
15213504,2.0
15216160,2.0
15220608,2.0
15225024,2.0
15229536,2.0
15247904,2.0
15254208,2.0
15256864,2.0
15257024,2.0
15265632,2.0
15271360,2.0
15274336,2.0
15278080,2.0
15295072,2.0
15298464,2.0
15303264,2.0
15303296,2.0
15312576,2.0
15314112,2.0
15317600,2.0
15318048,2.0
15321152,2.0
15325920,2.0
15332384,2.0
15333408,2.0
15336576,2.0
15344256,2.0
15344576,2.0
15357088,2.0
15357408,2.0
15364544,2.0
15365472,2.0
15367104,2.0
15369088,2.0
15371808,2.0
15372480,2.0
15379968,2.0
15380640,2.0
15384000,2.0
15390784,2.0
15392736,2.0
15393856,2.0
15398688,2.0
15404640,2.0
15405120,2.0
15408832,2.0
15415232,2.0
15423840,2.0
15430720,2.0
15432864,2.0
15435808,2.0
15439232,2.0
15439552,2.0
15440128,2.0
15441728,2.0
15446592,2.0
15450240,2.0
15462080,2.0
15464032,2.0
15464736,2.0
15465088,2.0
15465920,2.0
15487328,2.0
15489376,2.0
15496992,2.0
15503168,2.0
15503328,2.0
15514880,2.0
15516704,2.0
15520608,2.0
15523264,2.0
15523968,2.0
15526592,2.0
15530688,2.0
15538880,2.0
15541600,2.0
15542656,2.0
15546400,2.0
15549536,2.0
15554048,2.0
15561696,2.0
15561984,2.0
15568960,2.0
15576992,2.0
15580288,2.0
15580320,2.0
15586112,2.0
15593408,2.0
15600896,2.0
15602144,2.0
15603296,2.0
15606080,2.0
15606784,2.0
15608864,2.0
15614880,2.0
15621216,2.0
15622880,2.0
15630560,2.0
15640224,2.0
15642976,2.0
15645280,2.0
15646080,2.0
15648480,2.0
15651488,2.0
15652576,2.0
15652640,2.0
15659328,2.0
15660000,2.0
15660256,2.0
15665152,2.0
15668576,2.0
15673248,2.0
15673920,2.0
15674528,2.0
15678848,2.0
15683520,2.0
15683840,2.0
15687072,2.0
15689888,2.0
15692320,2.0
15709376,2.0
15712096,2.0
15712736,2.0
15713536,2.0
15717088,2.0
15717632,2.0
15717760,2.0
15721728,2.0
15723968,2.0
15725728,2.0
15725856,2.0
15726848,2.0
15728160,2.0
15731136,2.0
15733248,2.0
15733280,2.0
15734432,2.0
15735328,2.0
15736320,2.0
15739744,2.0
15741312,2.0
15743904,2.0
15745056,2.0
15747776,2.0
15747872,2.0
15760032,2.0
15760544,2.0
15761856,2.0
15764352,2.0
15767776,2.0
15776704,2.0
15782816,2.0
15786464,2.0
15789664,2.0
15792192,2.0
15796864,2.0
15797312,2.0
15808672,2.0
15809440,2.0
15811040,2.0
15813088,2.0
15814016,2.0
15814080,2.0
15815072,2.0
15817184,2.0
15821088,2.0
15832032,2.0
15832352,2.0
15837984,2.0
15840896,2.0
15852928,2.0
15858976,2.0
15867552,2.0
15868960,2.0
15871072,2.0
15874944,2.0
15885888,2.0
15891776,2.0
15898848,2.0
15900832,2.0
15912064,2.0
15913760,2.0
15918016,2.0
15918848,2.0
15925024,2.0
15927136,2.0
15927968,2.0
15930944,2.0
15950464,2.0
15952640,2.0
15955040,2.0
15957952,2.0
15958432,2.0
15959904,2.0
15962976,2.0
15965728,2.0
15971808,2.0
15972352,2.0
15972384,2.0
15979072,2.0
15980224,2.0
15981792,2.0
15982496,2.0
15986144,2.0
15992672,2.0
15996160,2.0
15997344,2.0
16000160,2.0
16002304,2.0
16002400,2.0
16014048,2.0
16020128,2.0
16037728,2.0
16039200,2.0
16043680,2.0
16045760,2.0
16046816,2.0
16047040,2.0
16051264,2.0
16052160,2.0
16052416,2.0
16055456,2.0
16056032,2.0
16066656,2.0
16067072,2.0
16067488,2.0
16069568,2.0
16078432,2.0
16079168,2.0
16079264,2.0
16081376,2.0
16082144,2.0
16082464,2.0
16085760,2.0
16085920,2.0
16092288,2.0
16094368,2.0
16095296,2.0
16103264,2.0
16113248,2.0
16118016,2.0
16118528,2.0
16136704,2.0
16137760,2.0
16142176,2.0
16144000,2.0
16145216,2.0
16148128,2.0
16149184,2.0
16153664,2.0
16154784,2.0
16156256,2.0
16158432,2.0
16161536,2.0
16162208,2.0
16162464,2.0
16169536,2.0
16171040,2.0
16171328,2.0
16174176,2.0
16177440,2.0
16182464,2.0
16183552,2.0
16185248,2.0
16190016,2.0
16190528,2.0
16204448,2.0
16209408,2.0
16209824,2.0
16209920,2.0
16210016,2.0
16213664,2.0
16219904,2.0
16224736,2.0
16225216,2.0
16228000,2.0
16233024,2.0
16234880,2.0
16241440,2.0
16242208,2.0
16250496,2.0
16256608,2.0
16266688,2.0
16267488,2.0
16269472,2.0
16270688,2.0
16271168,2.0
16273824,2.0
16273952,2.0
16275136,2.0
16277696,2.0
16281376,2.0
16282624,2.0
16283840,2.0
16287328,2.0
16293344,2.0
16294464,2.0
16297632,2.0
16300448,2.0
16308576,2.0
16325568,2.0
16328832,2.0
16328928,2.0
16330816,2.0
16332128,2.0
16332768,2.0
16333664,2.0
16340416,2.0
16341632,2.0
16341856,2.0
16346080,2.0
16350080,2.0
16350976,2.0
16358400,2.0
16362368,2.0
16365344,2.0
16365376,2.0
16365472,2.0
16365760,2.0
16365888,2.0
16368512,2.0
16373376,2.0
16377120,2.0
16380320,2.0
16381056,2.0
16381184,2.0
16384992,2.0
16385504,2.0
16388064,2.0
16392160,2.0
16393632,2.0
16401760,2.0
16404320,2.0
16410816,2.0
16416224,2.0
16418784,2.0
16427904,2.0
16436128,2.0
16439296,2.0
16449152,2.0
16452928,2.0
16453536,2.0
16453920,2.0
16454976,2.0
16456736,2.0
16457216,2.0
16457920,2.0
16458912,2.0
16463328,2.0
16466528,2.0
16467072,2.0
16476096,2.0
16481536,2.0
16481568,2.0
16481920,2.0
16489312,2.0
16489408,2.0
16491008,2.0
16494976,2.0
16500640,2.0
16504416,2.0
16506752,2.0
16518272,2.0
16522560,2.0
16525440,2.0
16528768,2.0
16529984,2.0
16533216,2.0
16537440,2.0
16537888,2.0
16538976,2.0
16543744,2.0
16545152,2.0
16550464,2.0
16550944,2.0
16552032,2.0
16552128,2.0
16554336,2.0
16554944,2.0
16556192,2.0
16559904,2.0
16560064,2.0
16565632,2.0
16570144,2.0
16579136,2.0
16587968,2.0
16593344,2.0
16598112,2.0
16604800,2.0
16616160,2.0
16622944,2.0
16624576,2.0
16625184,2.0
16628256,2.0
16629888,2.0
16640192,2.0
16644608,2.0
16644896,2.0
16650752,2.0
16650912,2.0
16653056,2.0
16656448,2.0
16657408,2.0
16658048,2.0
16659552,2.0
16664928,2.0
16667200,2.0
16670912,2.0
16673344,2.0
16679648,2.0
16681760,2.0
16684736,2.0
16690752,2.0
16692960,2.0
16696096,2.0
16698176,2.0
16701280,2.0
16705472,2.0
16712704,2.0
16718368,2.0
16719040,2.0
16721568,2.0
16724224,2.0
16724704,2.0
16725920,2.0
16727072,2.0
16729920,2.0
16731712,2.0
16740352,2.0
16743520,2.0
16745120,2.0
16746752,2.0
16751648,2.0
16756224,2.0
16759392,2.0
16759584,2.0
16766112,2.0
16767584,2.0
16778176,2.0
16778784,2.0
16780896,2.0
16785728,2.0
16785888,2.0
16788576,2.0
16795168,2.0
16801088,2.0
16813920,2.0
16815456,2.0
16817280,2.0
16818240,2.0
16827104,2.0
16829024,2.0
16832192,2.0
16836640,2.0
16836864,2.0
16840128,2.0
16840448,2.0
16847424,2.0
16847936,2.0
16854976,2.0
16856320,2.0
16859008,2.0
16865824,2.0
16865856,2.0
16871424,2.0
16883520,2.0
16890016,2.0
16898240,2.0
16900384,2.0
16902080,2.0
16906016,2.0
16924832,2.0
16932512,2.0
16934176,2.0
16936896,2.0
16937376,2.0
16937504,2.0
16945952,2.0
16946944,2.0
16959200,2.0
16960160,2.0
16962240,2.0
16978976,2.0
16979040,2.0
16982208,2.0
16993376,2.0
16994432,2.0
17000736,2.0
17007520,2.0
17009312,2.0
17014816,2.0
17016416,2.0
17017344,2.0
17017504,2.0
17019936,2.0
17022080,2.0
17022368,2.0
17023104,2.0
17023488,2.0
17026688,2.0
17027296,2.0
17034176,2.0
17035264,2.0
17036192,2.0
17038784,2.0
17038880,2.0
17039232,2.0
17040096,2.0
17041888,2.0
17052928,2.0
17061888,2.0
17064576,2.0
17064800,2.0
17065120,2.0
17065632,2.0
17066784,2.0
17079520,2.0
17081344,2.0
17081504,2.0
17084544,2.0
17087168,2.0
17087488,2.0
17091552,2.0
17094688,2.0
17098912,2.0
17099104,2.0
17100352,2.0
17102400,2.0
17109600,2.0
17111008,2.0
17123200,2.0
17135744,2.0
17137056,2.0
17143008,2.0
17154688,2.0
17155936,2.0
17158784,2.0
17162048,2.0
17163616,2.0
17165408,2.0
17170368,2.0
17176256,2.0
17178816,2.0
17180640,2.0
17182016,2.0
17182784,2.0
17183104,2.0
17189600,2.0
17191840,2.0
17203104,2.0
17204096,2.0
17207680,2.0
17211552,2.0
17218752,2.0
17225152,2.0
17226752,2.0
17233952,2.0
17234080,2.0
17237632,2.0
17239040,2.0
17242656,2.0
17251200,2.0
17262016,2.0
17262336,2.0
17264256,2.0
17265280,2.0
17267680,2.0
17269120,2.0
17269376,2.0
17269856,2.0
17283520,2.0
17285824,2.0
17290336,2.0
17293792,2.0
17300864,2.0
17311040,2.0
17313376,2.0
17313728,2.0
17315776,2.0
17317664,2.0
17318240,2.0
17324288,2.0
17328000,2.0
17331552,2.0
17337888,2.0
17340320,2.0
17343584,2.0
17353856,2.0
17356544,2.0
17360864,2.0
17366080,2.0
17370400,2.0
17371552,2.0
17377920,2.0
17385664,2.0
17399328,2.0
17399744,2.0
17402400,2.0
17404352,2.0
17405216,2.0
17406784,2.0
17410336,2.0
17414656,2.0
17416288,2.0
17422816,2.0
17436512,2.0
17442080,2.0
17443616,2.0
17450816,2.0
17452992,2.0
17454176,2.0
17455232,2.0
17459008,2.0
17465376,2.0
17465760,2.0
17466112,2.0
17466816,2.0
17469920,2.0
17473216,2.0
17480320,2.0
17481088,2.0
17487232,2.0
17491040,2.0
17491296,2.0
17491360,2.0
17495776,2.0
17497952,2.0
17498400,2.0
17509152,2.0
17514144,2.0
17518912,2.0
17523008,2.0
17523072,2.0
17524000,2.0
17528704,2.0
17529408,2.0
17534208,2.0
17535392,2.0
17547520,2.0
17553792,2.0
17553824,2.0
17554528,2.0
17561920,2.0
17566080,2.0
17570112,2.0
17578496,2.0
17579200,2.0
17581088,2.0
17594848,2.0
17598976,2.0
17612064,2.0
17612352,2.0
17612864,2.0
17614400,2.0
17614976,2.0
17620256,2.0
17620736,2.0
17623680,2.0
17640064,2.0
17640544,2.0
17641280,2.0
17646272,2.0
17647776,2.0
17649184,2.0
17658208,2.0
17658944,2.0
17669056,2.0
17671968,2.0
17678496,2.0
17679136,2.0
17688512,2.0
17688864,2.0
17697760,2.0
17703584,2.0
17709728,2.0
17712928,2.0
17714496,2.0
17716960,2.0
17723392,2.0
17723424,2.0
17727968,2.0
17735136,2.0
17738432,2.0
17743616,2.0
17753440,2.0
17757344,2.0
17767808,2.0
17768064,2.0
17770944,2.0
17773920,2.0
17778112,2.0
17780032,2.0
17784448,2.0
17786816,2.0
17791232,2.0
17793568,2.0
17813216,2.0
17821056,2.0
17823840,2.0
17827072,2.0
17829280,2.0
17833376,2.0
17835008,2.0
17835456,2.0
17835744,2.0
17841216,2.0
17841888,2.0
17848224,2.0
17851104,2.0
17852736,2.0
17856832,2.0
17866656,2.0
17866976,2.0
17867104,2.0
17870016,2.0
17874976,2.0
17878912,2.0
17885280,2.0
17885536,2.0
17886880,2.0
17897312,2.0
17898016,2.0
17901568,2.0
17901760,2.0
17909440,2.0
17910400,2.0
17912544,2.0
17914752,2.0
17918272,2.0
17925632,2.0
17930656,2.0
17930688,2.0
17931200,2.0
17932096,2.0
17936448,2.0
17941312,2.0
17941536,2.0
17948096,2.0
17958144,2.0
17959520,2.0
17962400,2.0
17962848,2.0
17965856,2.0
17965888,2.0
17966912,2.0
17967712,2.0
17974432,2.0
17975968,2.0
17980064,2.0
17980640,2.0
17992928,2.0
18003200,2.0
18014816,2.0
18018912,2.0
18022080,2.0
18023424,2.0
18026592,2.0
18033536,2.0
18035808,2.0
18036320,2.0
18039392,2.0
18044960,2.0
18046272,2.0
18056160,2.0
18066656,2.0
18068640,2.0
18072416,2.0
18074464,2.0
18078752,2.0
18091200,2.0
18092224,2.0
18092928,2.0
18093600,2.0
18095712,2.0
18097760,2.0
18097792,2.0
18100288,2.0
18104128,2.0
18110048,2.0
18112000,2.0
18113504,2.0
18113952,2.0
18114016,2.0
18117408,2.0
18124064,2.0
18128096,2.0
18128768,2.0
18129248,2.0
18129760,2.0
18131040,2.0
18135616,2.0
18137280,2.0
18146400,2.0
18148192,2.0
18149504,2.0
18149952,2.0
18157984,2.0
18159424,2.0
18163424,2.0
18170976,2.0
18175488,2.0
18182080,2.0
18182464,2.0
18182816,2.0
18185280,2.0
18195616,2.0
18202208,2.0
18203424,2.0
18208320,2.0
18214656,2.0
18224352,2.0
18225920,2.0
18235808,2.0
18236000,2.0
18245184,2.0
18246144,2.0
18249184,2.0
18249600,2.0
18250336,2.0
18255904,2.0
18259456,2.0
18260992,2.0
18262144,2.0
18262176,2.0
18264608,2.0
18272288,2.0
18278336,2.0
18285408,2.0
18287424,2.0
18290272,2.0
18292000,2.0
18293024,2.0
18297056,2.0
18298112,2.0
18302784,2.0
18304416,2.0
18305216,2.0
18307936,2.0
18313056,2.0
18313504,2.0
18314976,2.0
18318464,2.0
18318784,2.0
18321120,2.0
18325312,2.0
18328512,2.0
18329344,2.0
18348864,2.0
18352256,2.0
18352512,2.0
18352800,2.0
18359552,2.0
18360608,2.0
18366016,2.0
18376512,2.0
18383840,2.0
18384928,2.0
18386848,2.0
18392576,2.0
18395808,2.0
18399840,2.0
18405056,2.0
18405472,2.0
18406144,2.0
18406880,2.0
18408320,2.0
18411680,2.0
18412864,2.0
18413408,2.0
18413632,2.0
18424704,2.0
18425536,2.0
18427744,2.0
18428576,2.0
18432352,2.0
18437024,2.0
18445792,2.0
18446048,2.0
18448224,2.0
18456000,2.0
18457952,2.0
18459456,2.0
18464320,2.0
18466912,2.0
18470176,2.0
18477280,2.0
18483008,2.0
18497408,2.0
18500384,2.0
18501920,2.0
18502400,2.0
18504928,2.0
18505504,2.0
18509312,2.0
18516928,2.0
18517120,2.0
18520896,2.0
18525216,2.0
18529824,2.0
18538240,2.0
18542848,2.0
18545312,2.0
18558784,2.0
18559008,2.0
18565312,2.0
18567776,2.0
18569184,2.0
18569216,2.0
18572992,2.0
18578752,2.0
18579072,2.0
18581728,2.0
18588320,2.0
18590592,2.0
18591840,2.0
18594496,2.0
18594656,2.0
18596224,2.0
18599456,2.0
18599840,2.0
18602816,2.0
18604608,2.0
18604672,2.0
18610432,2.0
18620832,2.0
18621184,2.0
18623104,2.0
18628384,2.0
18629632,2.0
18629984,2.0
18630368,2.0
18631104,2.0
18633184,2.0
18639168,2.0
18640128,2.0
18640864,2.0
18645120,2.0
18647168,2.0
18648640,2.0
18660288,2.0
18663808,2.0
18676480,2.0
18677120,2.0
18680512,2.0
18697152,2.0
18700736,2.0
18708832,2.0
18708864,2.0
18715008,2.0
18716896,2.0
18720704,2.0
18723264,2.0
18725344,2.0
18725824,2.0
18727680,2.0
18728864,2.0
18731296,2.0
18736736,2.0
18749824,2.0
18752448,2.0
18755552,2.0
18756224,2.0
18760384,2.0
18766720,2.0
18766912,2.0
18767584,2.0
18779168,2.0
18788640,2.0
18789984,2.0
18795360,2.0
18803136,2.0
18808640,2.0
18813760,2.0
18819232,2.0
18826528,2.0
18827424,2.0
18833664,2.0
18837024,2.0
18838048,2.0
18847936,2.0
18851296,2.0
18856480,2.0
18857792,2.0
18859360,2.0
18861824,2.0
18863744,2.0
18864096,2.0
18868544,2.0
18870048,2.0
18870688,2.0
18872160,2.0
18875008,2.0
18883840,2.0
18889184,2.0
18890240,2.0
18893088,2.0
18893504,2.0
18897792,2.0
18898240,2.0
18913312,2.0
18924704,2.0
18926080,2.0
18926336,2.0
18929760,2.0
18939680,2.0
18941472,2.0
18941856,2.0
18944032,2.0
18945952,2.0
18946976,2.0
18948896,2.0
18953536,2.0
18954688,2.0
18962592,2.0
18973088,2.0
18976928,2.0
18978176,2.0
18983360,2.0
18988992,2.0
18990912,2.0
18993536,2.0
18996768,2.0
18997248,2.0
18997696,2.0
19003968,2.0
19006656,2.0
19008480,2.0
19015904,2.0
19016384,2.0
19023488,2.0
19025280,2.0
19029536,2.0
19035168,2.0
19036256,2.0
19036704,2.0
19037056,2.0
19042944,2.0
19045440,2.0
19047680,2.0
19048416,2.0
19052608,2.0
19062528,2.0
19064992,2.0
19073216,2.0
19074368,2.0
19074816,2.0
19081888,2.0
19098240,2.0
19102816,2.0
19103840,2.0
19104608,2.0
19111264,2.0
19112096,2.0
19117248,2.0
19119424,2.0
19120288,2.0
19126208,2.0
19132320,2.0
19133344,2.0
19136384,2.0
19136800,2.0
19137152,2.0
19144960,2.0
19145856,2.0
19147552,2.0
19148992,2.0
19160384,2.0
19163008,2.0
19170368,2.0
19196256,2.0
19200384,2.0
19208480,2.0
19216224,2.0
19220224,2.0
19228128,2.0
19228480,2.0
19228864,2.0
19231296,2.0
19239424,2.0
19248384,2.0
19250048,2.0
19253920,2.0
19263328,2.0
19265856,2.0
19273152,2.0
19279456,2.0
19280640,2.0
19280896,2.0
19295936,2.0
19297600,2.0
19301824,2.0
19304032,2.0
19304832,2.0
19305792,2.0
19307040,2.0
19313440,2.0
19313568,2.0
19314208,2.0
19314272,2.0
19317760,2.0
19318496,2.0
19324128,2.0
19326144,2.0
19329952,2.0
19343424,2.0
19353952,2.0
19354368,2.0
19361344,2.0
19363904,2.0
19371392,2.0
19383712,2.0
19384000,2.0
19384512,2.0
19384928,2.0
19386240,2.0
19387680,2.0
19393184,2.0
19394784,2.0
19395264,2.0
19397280,2.0
19400384,2.0
19412320,2.0
19413952,2.0
19439392,2.0
19443776,2.0
19453088,2.0
19456096,2.0
19457472,2.0
19460768,2.0
19461248,2.0
19462624,2.0
19468512,2.0
19473376,2.0
19475328,2.0
19481152,2.0
19484384,2.0
19488864,2.0
19492992,2.0
19495136,2.0
19495680,2.0
19499712,2.0
19503776,2.0
19506176,2.0
19508864,2.0
19511488,2.0
19514304,2.0
19523584,2.0
19525376,2.0
19527104,2.0
19535424,2.0
19536256,2.0
19552032,2.0
19553568,2.0
19553600,2.0
19561280,2.0
19561344,2.0
19564160,2.0
19566080,2.0
19571680,2.0
19572896,2.0
19574976,2.0
19577088,2.0
19578624,2.0
19580480,2.0
19581632,2.0
19582272,2.0
19587104,2.0
19588416,2.0
19589248,2.0
19593792,2.0
19595744,2.0
19599904,2.0
19605216,2.0
19606048,2.0
19612160,2.0
19613696,2.0
19613856,2.0
19635456,2.0
19637952,2.0
19642080,2.0
19652832,2.0
19652864,2.0
19660288,2.0
19667840,2.0
19668320,2.0
19670272,2.0
19672960,2.0
19679968,2.0
19703552,2.0
19710176,2.0
19711520,2.0
19718816,2.0
19725536,2.0
19725792,2.0
19726912,2.0
19728160,2.0
19737920,2.0
19739584,2.0
19739648,2.0
19740768,2.0
19741216,2.0
19741920,2.0
19763264,2.0
19764352,2.0
19766816,2.0
19767232,2.0
19768608,2.0
19769504,2.0
19774912,2.0
19780224,2.0
19786144,2.0
19787776,2.0
19789184,2.0
19794464,2.0
19794656,2.0
19795008,2.0
19796992,2.0
19798496,2.0
19799712,2.0
19814496,2.0
19832416,2.0
19839328,2.0
19839808,2.0
19839936,2.0
19841856,2.0
19845024,2.0
19846784,2.0
19848160,2.0
19854400,2.0
19855104,2.0
19857760,2.0
19861120,2.0
19861216,2.0
19862144,2.0
19863328,2.0
19873504,2.0
19878656,2.0
19879968,2.0
19884128,2.0
19886208,2.0
19887936,2.0
19890848,2.0
19891872,2.0
19895520,2.0
19898464,2.0
19899744,2.0
19900096,2.0
19905440,2.0
19905504,2.0
19909216,2.0
19924800,2.0
19929248,2.0
19931744,2.0
19935744,2.0
19942368,2.0
19952736,2.0
19955264,2.0
19961120,2.0
19972704,2.0
19974272,2.0
19984192,2.0
19988800,2.0
19998144,2.0
19998464,2.0
20002976,2.0
20003328,2.0
20007744,2.0
20010432,2.0
20021984,2.0
20023776,2.0
20032704,2.0
20034560,2.0
20036640,2.0
20037696,2.0
20037792,2.0
20043552,2.0
20052480,2.0
20058784,2.0
20071104,2.0
20074336,2.0
20076640,2.0
20077248,2.0
20091104,2.0
20092000,2.0
20094464,2.0
20095136,2.0
20098592,2.0
20099840,2.0
20101760,2.0
20103808,2.0
20104032,2.0
20106784,2.0
20108384,2.0
20113504,2.0
20123584,2.0
20123744,2.0
20129376,2.0
20134144,2.0
20135328,2.0
20138016,2.0
20140288,2.0
20141888,2.0
20142048,2.0
20152000,2.0
20157024,2.0
20157568,2.0
20159424,2.0
20165376,2.0
20168128,2.0
20175776,2.0
20177856,2.0
20181984,2.0
20184160,2.0
20197120,2.0
20198816,2.0
20202592,2.0
20205984,2.0
20209792,2.0
20211936,2.0
20212960,2.0
20214720,2.0
20216416,2.0
20218912,2.0
20221088,2.0
20231968,2.0
20236224,2.0
20238816,2.0
20242816,2.0
20247840,2.0
20260032,2.0
20260576,2.0
20262528,2.0
20263552,2.0
20270624,2.0
20273664,2.0
20280640,2.0
20280800,2.0
20283136,2.0
20283456,2.0
20284288,2.0
20286144,2.0
20288096,2.0
20289568,2.0
20289696,2.0
20291392,2.0
20293696,2.0
20298496,2.0
20302112,2.0
20311936,2.0
20313920,2.0
20318592,2.0
20322880,2.0
20324576,2.0
20327104,2.0
20335392,2.0
20336032,2.0
20337728,2.0
20341568,2.0
20347392,2.0
20349472,2.0
20358720,2.0
20359712,2.0
20361952,2.0
20365056,2.0
20365792,2.0
20370720,2.0
20372672,2.0
20375232,2.0
20380448,2.0
20380800,2.0
20383168,2.0
20383744,2.0
20392416,2.0
20395072,2.0
20401600,2.0
20405984,2.0
20407488,2.0
20411584,2.0
20414656,2.0
20416896,2.0
20419680,2.0
20420544,2.0
20426368,2.0
20426560,2.0
20431008,2.0
20432512,2.0
20436704,2.0
20441664,2.0
20443104,2.0
20444704,2.0
20445248,2.0
20448768,2.0
20449024,2.0
20456288,2.0
20458752,2.0
20461248,2.0
20463200,2.0
20466624,2.0
20466848,2.0
20467872,2.0
20487840,2.0
20497792,2.0
20505088,2.0
20505664,2.0
20506656,2.0
20508192,2.0
20517376,2.0
20518368,2.0
20520224,2.0
20521152,2.0
20526560,2.0
20529440,2.0
20533888,2.0
20534592,2.0
20538944,2.0
20542144,2.0
20544480,2.0
20547904,2.0
20554688,2.0
20559168,2.0
20562496,2.0
20562976,2.0
20564224,2.0
20566496,2.0
20567616,2.0
20568000,2.0
20576544,2.0
20583264,2.0
20592160,2.0
20596064,2.0
20602496,2.0
20607296,2.0
20618400,2.0
20619328,2.0
20623392,2.0
20626464,2.0
20629024,2.0
20641184,2.0
20642656,2.0
20643648,2.0
20646336,2.0
20649824,2.0
20657568,2.0
20663072,2.0
20664928,2.0
20672800,2.0
20673152,2.0
20674944,2.0
20681664,2.0
20684576,2.0
20690304,2.0
20695744,2.0
20699968,2.0
20700704,2.0
20701600,2.0
20702688,2.0
20704288,2.0
20707776,2.0
20708768,2.0
20708992,2.0
20709696,2.0
20718272,2.0
20725632,2.0
20728736,2.0
20730624,2.0
20736512,2.0
20738976,2.0
20739584,2.0
20740768,2.0
20743072,2.0
20743744,2.0
20751968,2.0
20753248,2.0
20760640,2.0
20770592,2.0
20770816,2.0
20771104,2.0
20772288,2.0
20772448,2.0
20774592,2.0
20782784,2.0
20788640,2.0
20792992,2.0
20795072,2.0
20799584,2.0
20799968,2.0
20800672,2.0
20803840,2.0
20807648,2.0
20807712,2.0
20810208,2.0
20816576,2.0
20820256,2.0
20823744,2.0
20827808,2.0
20829472,2.0
20831552,2.0
20835264,2.0
20835872,2.0
20841920,2.0
20845824,2.0
20848768,2.0
20852544,2.0
20867488,2.0
20878144,2.0
20887872,2.0
20892448,2.0
20898976,2.0
20902112,2.0
20906816,2.0
20907264,2.0
20908768,2.0
20915136,2.0
20915200,2.0
20922912,2.0
20926144,2.0
20929856,2.0
20931200,2.0
20934848,2.0
20937184,2.0
20937504,2.0
20939520,2.0
20940000,2.0
20943968,2.0
20946880,2.0
20948544,2.0
20950944,2.0
20955200,2.0
20957888,2.0
20962560,2.0
20965760,2.0
20967328,2.0
20973408,2.0
20975360,2.0
20979328,2.0
20980704,2.0
20981056,2.0
20992928,2.0
20993536,2.0
21010144,2.0
21016384,2.0
21020576,2.0
21022048,2.0
21023040,2.0
21034720,2.0
21041888,2.0
21056000,2.0
21058688,2.0
21062592,2.0
21065952,2.0
21069120,2.0
21070528,2.0
21070976,2.0
21076256,2.0
21077824,2.0
21079072,2.0
21079904,2.0
21084672,2.0
21085408,2.0
21095008,2.0
21095744,2.0
21098432,2.0
21100640,2.0
21102976,2.0
21105312,2.0
21109440,2.0
21110496,2.0
21111136,2.0
21111200,2.0
21113440,2.0
21116512,2.0
21118336,2.0
21124320,2.0
21126176,2.0
21127840,2.0
21130752,2.0
21134592,2.0
21141088,2.0
21145504,2.0
21145728,2.0
21146912,2.0
21147520,2.0
21164160,2.0
21165440,2.0
21166048,2.0
21166816,2.0
21173888,2.0
21178400,2.0
21181312,2.0
21183136,2.0
21183936,2.0
21184384,2.0
21186496,2.0
21187008,2.0
21203200,2.0
21209024,2.0
21214912,2.0
21216320,2.0
21216448,2.0
21219136,2.0
21220032,2.0
21221888,2.0
21222016,2.0
21222944,2.0
21225888,2.0
21230304,2.0
21233120,2.0
21243040,2.0
21247776,2.0
21248992,2.0
21249600,2.0
21258496,2.0
21263872,2.0
21266432,2.0
21269312,2.0
21271296,2.0
21272928,2.0
21276320,2.0
21278432,2.0
21278720,2.0
21278816,2.0
21279328,2.0
21280192,2.0
21280832,2.0
21285888,2.0
21288640,2.0
21297664,2.0
21298944,2.0
21300128,2.0
21305632,2.0
21311936,2.0
21314624,2.0
21318464,2.0
21319520,2.0
21321440,2.0
21326432,2.0
21327296,2.0
21327392,2.0
21327968,2.0
21332800,2.0
21335392,2.0
21338496,2.0
21341728,2.0
21343968,2.0
21355264,2.0
21362272,2.0
21362496,2.0
21364960,2.0
21365600,2.0
21367648,2.0
21371936,2.0
21377920,2.0
21381440,2.0
21389312,2.0
21390144,2.0
21392672,2.0
21393056,2.0
21411328,2.0
21412608,2.0
21421376,2.0
21422976,2.0
21429376,2.0
21430784,2.0
21437312,2.0
21437408,2.0
21442592,2.0
21444640,2.0
21447520,2.0
21449216,2.0
21449248,2.0
21449728,2.0
21451904,2.0
21455744,2.0
21467040,2.0
21468608,2.0
21469536,2.0
21474912,2.0
21477824,2.0
21480768,2.0
21487680,2.0
21493184,2.0
21494016,2.0
21495904,2.0
21500000,2.0
21519520,2.0
21520064,2.0
21523488,2.0
21524032,2.0
21530592,2.0
21532192,2.0
21533440,2.0
21535616,2.0
21542848,2.0
21545472,2.0
21551744,2.0
21554528,2.0
21560000,2.0
21560704,2.0
21560736,2.0
21563392,2.0
21563872,2.0
21569344,2.0
21570560,2.0
21573216,2.0
21573248,2.0
21578272,2.0
21580160,2.0
21590080,2.0
21590752,2.0
21595744,2.0
21598048,2.0
21599296,2.0
21610816,2.0
21614240,2.0
21618688,2.0
21619200,2.0
21624736,2.0
21625760,2.0
21626240,2.0
21626752,2.0
21627392,2.0
21630464,2.0
21630720,2.0
21636064,2.0
21639392,2.0
21642592,2.0
21643040,2.0
21646048,2.0
21651072,2.0
21652896,2.0
21659104,2.0
21660384,2.0
21662816,2.0
21664000,2.0
21678560,2.0
21682784,2.0
21684320,2.0
21684832,2.0
21685760,2.0
21687936,2.0
21688064,2.0
21688672,2.0
21690880,2.0
21702176,2.0
21703744,2.0
21712960,2.0
21715296,2.0
21721792,2.0
21726432,2.0
21728768,2.0
21729568,2.0
21732064,2.0
21732896,2.0
21742656,2.0
21745408,2.0
21752224,2.0
21758944,2.0
21770080,2.0
21774944,2.0
21782784,2.0
21792352,2.0
21792448,2.0
21797824,2.0
21811520,2.0
21813344,2.0
21823168,2.0
21826048,2.0
21827520,2.0
21827648,2.0
21831936,2.0
21835008,2.0
21835264,2.0
21851584,2.0
21851840,2.0
21854304,2.0
21867456,2.0
21867648,2.0
21870752,2.0
21878112,2.0
21884544,2.0
21898720,2.0
21899680,2.0
21900608,2.0
21902016,2.0
21904800,2.0
21905888,2.0
21915360,2.0
21915904,2.0
21922112,2.0
21928736,2.0
21930688,2.0
21933056,2.0
21946336,2.0
21946976,2.0
21952864,2.0
21969280,2.0
21973600,2.0
21979616,2.0
21979712,2.0
21982464,2.0
21988544,2.0
21990784,2.0
21991520,2.0
21992576,2.0
21994688,2.0
21999776,2.0
22001984,2.0
22002592,2.0
22015520,2.0
22018176,2.0
22018336,2.0
22028480,2.0
22031104,2.0
22035840,2.0
22037952,2.0
22038528,2.0
22043328,2.0
22045216,2.0
22045536,2.0
22055936,2.0
22061248,2.0
22063200,2.0
22064352,2.0
22066368,2.0
22067392,2.0
22069504,2.0
22075200,2.0
22078912,2.0
22082688,2.0
22083136,2.0
22083232,2.0
22084000,2.0
22098176,2.0
22100064,2.0
22101536,2.0
22105632,2.0
22106496,2.0
22107904,2.0
22115776,2.0
22118560,2.0
22118816,2.0
22118912,2.0
22121600,2.0
22129632,2.0
22138688,2.0
22141344,2.0
22142208,2.0
22147360,2.0
22148640,2.0
22154336,2.0
22163008,2.0
22163072,2.0
22168448,2.0
22168736,2.0
22178656,2.0
22180736,2.0
22190560,2.0
22198144,2.0
22199040,2.0
22199168,2.0
22200000,2.0
22200160,2.0
22203328,2.0
22206848,2.0
22209600,2.0
22210624,2.0
22214848,2.0
22219680,2.0
22222912,2.0
22223232,2.0
22231424,2.0
22233440,2.0
22236224,2.0
22236672,2.0
22241472,2.0
22245984,2.0
22246816,2.0
22248480,2.0
22253152,2.0
22259680,2.0
22260928,2.0
22276160,2.0
22277344,2.0
22277824,2.0
22278400,2.0
22282272,2.0
22282976,2.0
22285632,2.0
22287136,2.0
22303104,2.0
22303968,2.0
22304832,2.0
22307328,2.0
22308352,2.0
22309024,2.0
22310464,2.0
22312224,2.0
22312512,2.0
22313568,2.0
22316608,2.0
22316736,2.0
22319584,2.0
22320672,2.0
22320704,2.0
22321920,2.0
22322176,2.0
22329280,2.0
22334720,2.0
22337184,2.0
22343776,2.0
22345664,2.0
22352384,2.0
22356192,2.0
22360288,2.0
22362784,2.0
22363520,2.0
22371040,2.0
22373344,2.0
22374112,2.0
22378368,2.0
22378592,2.0
22379584,2.0
22379744,2.0
22389280,2.0
22392000,2.0
22393952,2.0
22395168,2.0
22396320,2.0
22399040,2.0
22403328,2.0
22406528,2.0
22410944,2.0
22415424,2.0
22415808,2.0
22417056,2.0
22418592,2.0
22422464,2.0
22430112,2.0
22431840,2.0
22432896,2.0
22433632,2.0
22435392,2.0
22435776,2.0
22435872,2.0
22442432,2.0
22443616,2.0
22444672,2.0
22447008,2.0
22452352,2.0
22466016,2.0
22471424,2.0
22477376,2.0
22480960,2.0
22481856,2.0
22483456,2.0
22489664,2.0
22492960,2.0
22512288,2.0
22520544,2.0
22523776,2.0
22524608,2.0
22526720,2.0
22528672,2.0
22531776,2.0
22536000,2.0
22541120,2.0
22546816,2.0
22549152,2.0
22558208,2.0
22558368,2.0
22562976,2.0
22563904,2.0
22565472,2.0
22569696,2.0
22569856,2.0
22570240,2.0
22575104,2.0
22580512,2.0
22588608,2.0
22592288,2.0
22600320,2.0
22601632,2.0
22602944,2.0
22605888,2.0
22608544,2.0
22613568,2.0
22618336,2.0
22619584,2.0
22619776,2.0
22621664,2.0
22627232,2.0
22627488,2.0
22629600,2.0
22629664,2.0
22630016,2.0
22636416,2.0
22637120,2.0
22639712,2.0
22641120,2.0
22654080,2.0
22664064,2.0
22668192,2.0
22670112,2.0
22671712,2.0
22679648,2.0
22679776,2.0
22682880,2.0
22683072,2.0
22683264,2.0
22684160,2.0
22688448,2.0
22689888,2.0
22692832,2.0
22697600,2.0
22698944,2.0
22699936,2.0
22704544,2.0
22713376,2.0
22714112,2.0
22716320,2.0
22728864,2.0
22738560,2.0
22738944,2.0
22743296,2.0
22743360,2.0
22743392,2.0
22746208,2.0
22746272,2.0
22748064,2.0
22756064,2.0
22756352,2.0
22763584,2.0
22766176,2.0
22772320,2.0
22774976,2.0
22776992,2.0
22780256,2.0
22784448,2.0
22784640,2.0
22788960,2.0
22793600,2.0
22794336,2.0
22796032,2.0
22799392,2.0
22807200,2.0
22808704,2.0
22813248,2.0
22814656,2.0
22825280,2.0
22825568,2.0
22831008,2.0
22832096,2.0
22833344,2.0
22833440,2.0
22833664,2.0
22836128,2.0
22849088,2.0
22850944,2.0
22854848,2.0
22855968,2.0
22856448,2.0
22865088,2.0
22871552,2.0
22872160,2.0
22876032,2.0
22876544,2.0
22877120,2.0
22881472,2.0
22887616,2.0
22887680,2.0
22893376,2.0
22894816,2.0
22896608,2.0
22905248,2.0
22914368,2.0
22914400,2.0
22915008,2.0
22920704,2.0
22922432,2.0
22924928,2.0
22925248,2.0
22929216,2.0
22933664,2.0
22951936,2.0
22958400,2.0
22958944,2.0
22960192,2.0
22962528,2.0
22965248,2.0
22970624,2.0
22973856,2.0
22977312,2.0
22977824,2.0
22980224,2.0
22983360,2.0
22986176,2.0
22995552,2.0
23006304,2.0
23013664,2.0
23015264,2.0
23029920,2.0
23033120,2.0
23033696,2.0
23035264,2.0
23036768,2.0
23037152,2.0
23043520,2.0
23043776,2.0
23051040,2.0
23052672,2.0
23055232,2.0
23057536,2.0
23072704,2.0
23083776,2.0
23084576,2.0
23084640,2.0
23085504,2.0
23085632,2.0
23090816,2.0
23091040,2.0
23096160,2.0
23097184,2.0
23100736,2.0
23103840,2.0
23104512,2.0
23106368,2.0
23106912,2.0
23107104,2.0
23107328,2.0
23111776,2.0
23113376,2.0
23117792,2.0
23120576,2.0
23125024,2.0
23134784,2.0
23138272,2.0
23140128,2.0
23141216,2.0
23147744,2.0
23155424,2.0
23157280,2.0
23166144,2.0
23166272,2.0
23170496,2.0
23173856,2.0
23177952,2.0
23181088,2.0
23186336,2.0
23189920,2.0
23195040,2.0
23200800,2.0
23204256,2.0
23205184,2.0
23208288,2.0
23209888,2.0
23212576,2.0
23213184,2.0
23214624,2.0
23217056,2.0
23217344,2.0
23230496,2.0
23230912,2.0
23234240,2.0
23234816,2.0
23249248,2.0
23250496,2.0
23257344,2.0
23257408,2.0
23270592,2.0
23271424,2.0
23283040,2.0
23285440,2.0
23292416,2.0
23295584,2.0
23296736,2.0
23297760,2.0
23298624,2.0
23300160,2.0
23300992,2.0
23304160,2.0
23312768,2.0
23336352,2.0
23348608,2.0
23351040,2.0
23357280,2.0
23371680,2.0
23374720,2.0
23379296,2.0
23379392,2.0
23394592,2.0
23398592,2.0
23399360,2.0
23402304,2.0
23402816,2.0
23410240,2.0
23411328,2.0
23412480,2.0
23415136,2.0
23418432,2.0
23421792,2.0
23425664,2.0
23426112,2.0
23428576,2.0
23432928,2.0
23438656,2.0
23440832,2.0
23444704,2.0
23447072,2.0
23449984,2.0
23451616,2.0
23452832,2.0
23453312,2.0
23453344,2.0
23454912,2.0
23459744,2.0
23461600,2.0
23462720,2.0
23471136,2.0
23479904,2.0
23480096,2.0
23481024,2.0
23482752,2.0
23484160,2.0
23489504,2.0
23489536,2.0
23491200,2.0
23493088,2.0
23494560,2.0
23494624,2.0
23504352,2.0
23505088,2.0
23508480,2.0
23511552,2.0
23518528,2.0
23519296,2.0
23523296,2.0
23527776,2.0
23528576,2.0
23533984,2.0
23541088,2.0
23549920,2.0
23554784,2.0
23555168,2.0
23556000,2.0
23557824,2.0
23558304,2.0
23560896,2.0
23566368,2.0
23581408,2.0
23586816,2.0
23586912,2.0
23586976,2.0
23588032,2.0
23590048,2.0
23594432,2.0
23595488,2.0
23610528,2.0
23613568,2.0
23614656,2.0
23618208,2.0
23622976,2.0
23627168,2.0
23628544,2.0
23630880,2.0
23634112,2.0
23638400,2.0
23643520,2.0
23648000,2.0
23649312,2.0
23659200,2.0
23671296,2.0
23675840,2.0
23677088,2.0
23679968,2.0
23686816,2.0
23698016,2.0
23698400,2.0
23701344,2.0
23705856,2.0
23707616,2.0
23712320,2.0
23712736,2.0
23713152,2.0
23719360,2.0
23720896,2.0
23721024,2.0
23724128,2.0
23725056,2.0
23731872,2.0
23733088,2.0
23733952,2.0
23737952,2.0
23747264,2.0
23751008,2.0
23753184,2.0
23754144,2.0
23757856,2.0
23765568,2.0
23767488,2.0
23768096,2.0
23782880,2.0
23783200,2.0
23784032,2.0
23789248,2.0
23790912,2.0
23793536,2.0
23796032,2.0
23796256,2.0
23799200,2.0
23800960,2.0
23802752,2.0
23803296,2.0
23805120,2.0
23805792,2.0
23806048,2.0
23811936,2.0
23815808,2.0
23817600,2.0
23822208,2.0
23826304,2.0
23827392,2.0
23827424,2.0
23835776,2.0
23841216,2.0
23843072,2.0
23846080,2.0
23846272,2.0
23848512,2.0
23848768,2.0
23849600,2.0
23856736,2.0
23863200,2.0
23871680,2.0
23872800,2.0
23873568,2.0
23876736,2.0
23877728,2.0
23883616,2.0
23907776,2.0
23908992,2.0
23913920,2.0
23921248,2.0
23925376,2.0
23927680,2.0
23934656,2.0
23936064,2.0
23939872,2.0
23940608,2.0
23941536,2.0
23942944,2.0
23948768,2.0
23948832,2.0
23949920,2.0
23950080,2.0
23953248,2.0
23954464,2.0
23964160,2.0
23965632,2.0
23965824,2.0
23967360,2.0
23967648,2.0
23975968,2.0
23979136,2.0
23980256,2.0
23982272,2.0
23991744,2.0
23995232,2.0
23999424,2.0
24016448,2.0
24024224,2.0
24030144,2.0
24030464,2.0
24031936,2.0
24041088,2.0
24041824,2.0
24042624,2.0
24045568,2.0
24047040,2.0
24047456,2.0
24050272,2.0
24056032,2.0
24058976,2.0
24059488,2.0
24059552,2.0
24064000,2.0
24067520,2.0
24067968,2.0
24071200,2.0
24074976,2.0
24076288,2.0
24083648,2.0
24099040,2.0
24099712,2.0
24111392,2.0
24112064,2.0
24112896,2.0
24117536,2.0
24118816,2.0
24121632,2.0
24124000,2.0
24124416,2.0
24127264,2.0
24128768,2.0
24131072,2.0
24139040,2.0
24142208,2.0
24146144,2.0
24149312,2.0
24149600,2.0
24160000,2.0
24168512,2.0
24169600,2.0
24170432,2.0
24172640,2.0
24176448,2.0
24177792,2.0
24182752,2.0
24186016,2.0
24186880,2.0
24192768,2.0
24200672,2.0
24207424,2.0
24209024,2.0
24211616,2.0
24215424,2.0
24216160,2.0
24216960,2.0
24217792,2.0
24218176,2.0
24219808,2.0
24231456,2.0
24232160,2.0
24232928,2.0
24243936,2.0
24250528,2.0
24253984,2.0
24254592,2.0
24260064,2.0
24262272,2.0
24262688,2.0
24263296,2.0
24266624,2.0
24275712,2.0
24279232,2.0
24296704,2.0
24303296,2.0
24306080,2.0
24309728,2.0
24312800,2.0
24326496,2.0
24327072,2.0
24329376,2.0
24332640,2.0
24337760,2.0
24342560,2.0
24342624,2.0
24342752,2.0
24343680,2.0
24347520,2.0
24347680,2.0
24348800,2.0
24348992,2.0
24351232,2.0
24354272,2.0
24362688,2.0
24363968,2.0
24376192,2.0
24387040,2.0
24392160,2.0
24400416,2.0
24404192,2.0
24406528,2.0
24407968,2.0
24408320,2.0
24410144,2.0
24411520,2.0
24412480,2.0
24413824,2.0
24414144,2.0
24423840,2.0
24424992,2.0
24426048,2.0
24440512,2.0
24443328,2.0
24445696,2.0
24446784,2.0
24461376,2.0
24462816,2.0
24471328,2.0
24476192,2.0
24476288,2.0
24480576,2.0
24482496,2.0
24483424,2.0
24484384,2.0
24485088,2.0
24487520,2.0
24492736,2.0
24493728,2.0
24499232,2.0
24506752,2.0
24507424,2.0
24507776,2.0
24508320,2.0
24508736,2.0
24508960,2.0
24511296,2.0
24512032,2.0
24512320,2.0
24514336,2.0
24524448,2.0
24528704,2.0
24531488,2.0
24533280,2.0
24533504,2.0
24542400,2.0
24543840,2.0
24546752,2.0
24548256,2.0
24551488,2.0
24554400,2.0
24556800,2.0
24568192,2.0
24579616,2.0
24579712,2.0
24589472,2.0
24595168,2.0
24606400,2.0
24607104,2.0
24612128,2.0
24612640,2.0
24614048,2.0
24619456,2.0
24619936,2.0
24621344,2.0
24624928,2.0
24635808,2.0
24637888,2.0
24643296,2.0
24650496,2.0
24658240,2.0
24658752,2.0
24660800,2.0
24666208,2.0
24667104,2.0
24669664,2.0
24671744,2.0
24672064,2.0
24672864,2.0
24684288,2.0
24687328,2.0
24688832,2.0
24694848,2.0
24695392,2.0
24695456,2.0
24699136,2.0
24707552,2.0
24710656,2.0
24713472,2.0
24723264,2.0
24726528,2.0
24729184,2.0
24737664,2.0
24738144,2.0
24742368,2.0
24745696,2.0
24750944,2.0
24764960,2.0
24767424,2.0
24772960,2.0
24774656,2.0
24776864,2.0
24779296,2.0
24786048,2.0
24787552,2.0
24793440,2.0
24800352,2.0
24804704,2.0
24812064,2.0
24812864,2.0
24820096,2.0
24821120,2.0
24821888,2.0
24845440,2.0
24850784,2.0
24856096,2.0
24856512,2.0
24860576,2.0
24869440,2.0
24869824,2.0
24871776,2.0
24874176,2.0
24878912,2.0
24883392,2.0
24883456,2.0
24885120,2.0
24887872,2.0
24889344,2.0
24896992,2.0
24899008,2.0
24903648,2.0
24904608,2.0
24912064,2.0
24913760,2.0
24916384,2.0
24917152,2.0
24917504,2.0
24924992,2.0
24925952,2.0
24926432,2.0
24926880,2.0
24928352,2.0
24929920,2.0
24931072,2.0
24935552,2.0
24940544,2.0
24945312,2.0
24949696,2.0
24953568,2.0
24955712,2.0
24956576,2.0
24957056,2.0
24959648,2.0
24970656,2.0
24973376,2.0
24974816,2.0
24975104,2.0
24979424,2.0
24990048,2.0
24994048,2.0
24997952,2.0
24998112,2.0
25000224,2.0
25002944,2.0
25003136,2.0
25010912,2.0
25019296,2.0
25019904,2.0
25021952,2.0
25023264,2.0
25023328,2.0
25025824,2.0
25031744,2.0
25031872,2.0
25034176,2.0
25038176,2.0
25040544,2.0
25048352,2.0
25051584,2.0
25053056,2.0
25053344,2.0
25053440,2.0
25055296,2.0
25063264,2.0
25064672,2.0
25076576,2.0
25077984,2.0
25092160,2.0
25093056,2.0
25093984,2.0
25095392,2.0
25097184,2.0
25104352,2.0
25107840,2.0
25110112,2.0
25111968,2.0
25114784,2.0
25114976,2.0
25119136,2.0
25121024,2.0
25125280,2.0
25126368,2.0
25126720,2.0
25139296,2.0
25142080,2.0
25142656,2.0
25152800,2.0
25157728,2.0
25160224,2.0
25160896,2.0
25165856,2.0
25165888,2.0
25169888,2.0
25172640,2.0
25180608,2.0
25182336,2.0
25182944,2.0
25185984,2.0
25186624,2.0
25198112,2.0
25200576,2.0
25203136,2.0
25206688,2.0
25207264,2.0
25208544,2.0
25214112,2.0
25215200,2.0
25219200,2.0
25237024,2.0
25239552,2.0
25241600,2.0
25243200,2.0
25246400,2.0
25247520,2.0
25247712,2.0
25253504,2.0
25258912,2.0
25266400,2.0
25272256,2.0
25275968,2.0
25282624,2.0
25289280,2.0
25295424,2.0
25298016,2.0
25298816,2.0
25298944,2.0
25302240,2.0
25303520,2.0
25315840,2.0
25326176,2.0
25332640,2.0
25334304,2.0
25338752,2.0
25347616,2.0
25353888,2.0
25354656,2.0
25355840,2.0
25357664,2.0
25368960,2.0
25372864,2.0
25374016,2.0
25375648,2.0
25392768,2.0
25393152,2.0
25394688,2.0
25395968,2.0
25396256,2.0
25401184,2.0
25411648,2.0
25412416,2.0
25416576,2.0
25428128,2.0
25432960,2.0
25436512,2.0
25437664,2.0
25443488,2.0
25446208,2.0
25452960,2.0
25455488,2.0
25455584,2.0
25473856,2.0
25484288,2.0
25486304,2.0
25491424,2.0
25496032,2.0
25496736,2.0
25500512,2.0
25501600,2.0
25509600,2.0
25511136,2.0
25511904,2.0
25515648,2.0
25517120,2.0
25517440,2.0
25519648,2.0
25525120,2.0
25527808,2.0
25537088,2.0
25538400,2.0
25562784,2.0
25565056,2.0
25581376,2.0
25585696,2.0
25586272,2.0
25596064,2.0
25604192,2.0
25609984,2.0
25626752,2.0
25627744,2.0
25632960,2.0
25635904,2.0
25636544,2.0
25643776,2.0
25647264,2.0
25651488,2.0
25653280,2.0
25656960,2.0
25660640,2.0
25663616,2.0
25665632,2.0
25669664,2.0
25671904,2.0
25671968,2.0
25676896,2.0
25683776,2.0
25690752,2.0
25695040,2.0
25709664,2.0
25714144,2.0
25715616,2.0
25717600,2.0
25733632,2.0
25735968,2.0
25736768,2.0
25739104,2.0
25739744,2.0
25745920,2.0
25746880,2.0
25747840,2.0
25747968,2.0
25748128,2.0
25756096,2.0
25756736,2.0
25762368,2.0
25763072,2.0
25764928,2.0
25768896,2.0
25770880,2.0
25773088,2.0
25786336,2.0
25788672,2.0
25788800,2.0
25789408,2.0
25793248,2.0
25795616,2.0
25797920,2.0
25798624,2.0
25803680,2.0
25812608,2.0
25818528,2.0
25826016,2.0
25826560,2.0
25831648,2.0
25837376,2.0
25840128,2.0
25841536,2.0
25841696,2.0
25848832,2.0
25849376,2.0
25852128,2.0
25853504,2.0
25856512,2.0
25857344,2.0
25859296,2.0
25864896,2.0
25865856,2.0
25868928,2.0
25869344,2.0
25870048,2.0
25871328,2.0
25872960,2.0
25875904,2.0
25875936,2.0
25876640,2.0
25877920,2.0
25880448,2.0
25885408,2.0
25885792,2.0
25886016,2.0
25887392,2.0
25891552,2.0
25892576,2.0
25893536,2.0
25895424,2.0
25904480,2.0
25904576,2.0
25909216,2.0
25913728,2.0
25921120,2.0
25923520,2.0
25923680,2.0
25925504,2.0
25926720,2.0
25928352,2.0
25930848,2.0
25938496,2.0
25942272,2.0
25944800,2.0
25944992,2.0
25952192,2.0
25953248,2.0
25954560,2.0
25960800,2.0
25965600,2.0
25968640,2.0
25976544,2.0
25989440,2.0
25990048,2.0
25991808,2.0
26002144,2.0
26008160,2.0
26009024,2.0
26015840,2.0
26018944,2.0
26025728,2.0
26026304,2.0
26027008,2.0
26029600,2.0
26043296,2.0
26044288,2.0
26047872,2.0
26050912,2.0
26050944,2.0
26052960,2.0
26054976,2.0
26055648,2.0
26056544,2.0
26057504,2.0
26061728,2.0
26063520,2.0
26070272,2.0
26071712,2.0
26081216,2.0
26083744,2.0
26084000,2.0
26084448,2.0
26084800,2.0
26084896,2.0
26084960,2.0
26092096,2.0
26093696,2.0
26095744,2.0
26096576,2.0
26103168,2.0
26103872,2.0
26117248,2.0
26117728,2.0
26124000,2.0
26125888,2.0
26128512,2.0
26131232,2.0
26137536,2.0
26138336,2.0
26140704,2.0
26141024,2.0
26164064,2.0
26170368,2.0
26171936,2.0
26176128,2.0
26176960,2.0
26177792,2.0
26182016,2.0
26182784,2.0
26183264,2.0
26186080,2.0
26187904,2.0
26189792,2.0
26193952,2.0
26197824,2.0
26201824,2.0
26209408,2.0
26209760,2.0
26214656,2.0
26217792,2.0
26219808,2.0
26225920,2.0
26228576,2.0
26233440,2.0
26239104,2.0
26240192,2.0
26261312,2.0
26261984,2.0
26268736,2.0
26274304,2.0
26278304,2.0
26280704,2.0
26282816,2.0
26285184,2.0
26295392,2.0
26297664,2.0
26301856,2.0
26302656,2.0
26305952,2.0
26306528,2.0
26311040,2.0
26312768,2.0
26315808,2.0
26319456,2.0
26322656,2.0
26324448,2.0
26325120,2.0
26326336,2.0
26328704,2.0
26340160,2.0
26342304,2.0
26343232,2.0
26344704,2.0
26349632,2.0
26352096,2.0
26352896,2.0
26353664,2.0
26354784,2.0
26359104,2.0
26363776,2.0
26364160,2.0
26375776,2.0
26377792,2.0
26378592,2.0
26378688,2.0
26380064,2.0
26382272,2.0
26394816,2.0
26402368,2.0
26412800,2.0
26413504,2.0
26415040,2.0
26415840,2.0
26418816,2.0
26425728,2.0
26429184,2.0
26430176,2.0
26434496,2.0
26443264,2.0
26446176,2.0
26446720,2.0
26447104,2.0
26454816,2.0
26459616,2.0
26474656,2.0
26480640,2.0
26480864,2.0
26481600,2.0
26482048,2.0
26483136,2.0
26485408,2.0
26487616,2.0
26492224,2.0
26497216,2.0
26504000,2.0
26512704,2.0
26514944,2.0
26520832,2.0
26522048,2.0
26523296,2.0
26528768,2.0
26542720,2.0
26552576,2.0
26552608,2.0
26556608,2.0
26557024,2.0
26557184,2.0
26559424,2.0
26561120,2.0
26562016,2.0
26563680,2.0
26565408,2.0
26565568,2.0
26568320,2.0
26574208,2.0
26575232,2.0
26585760,2.0
26594240,2.0
26598752,2.0
26600192,2.0
26608672,2.0
26608768,2.0
26610208,2.0
26620256,2.0
26622528,2.0
26627584,2.0
26633376,2.0
26635072,2.0
26644512,2.0
26644672,2.0
26646912,2.0
26647776,2.0
26652640,2.0
26653824,2.0
26659968,2.0
26660864,2.0
26666400,2.0
26671328,2.0
26679552,2.0
26683296,2.0
26690848,2.0
26693280,2.0
26702848,2.0
26705120,2.0
26712832,2.0
26714848,2.0
26717440,2.0
26721568,2.0
26721792,2.0
26724320,2.0
26727360,2.0
26729440,2.0
26732160,2.0
26735488,2.0
26742432,2.0
26742624,2.0
26744352,2.0
26755872,2.0
26756576,2.0
26758976,2.0
26763232,2.0
26775136,2.0
26777632,2.0
26781728,2.0
26782912,2.0
26790976,2.0
26794880,2.0
26795392,2.0
26796032,2.0
26802144,2.0
26806688,2.0
26812320,2.0
26813664,2.0
26816032,2.0
26817792,2.0
26821536,2.0
26822112,2.0
26825120,2.0
26826240,2.0
26830816,2.0
26839936,2.0
26841856,2.0
26842144,2.0
26846944,2.0
26847328,2.0
26851264,2.0
26853216,2.0
26856672,2.0
26856896,2.0
26860352,2.0
26865056,2.0
26866112,2.0
26867840,2.0
26869120,2.0
26870528,2.0
26877152,2.0
26880160,2.0
26881504,2.0
26886656,2.0
26887456,2.0
26891296,2.0
26895424,2.0
26895904,2.0
26898080,2.0
26898656,2.0
26901984,2.0
26909152,2.0
26909312,2.0
26911936,2.0
26912128,2.0
26912768,2.0
26916000,2.0
26916448,2.0
26920032,2.0
26921440,2.0
26923520,2.0
26932352,2.0
26937216,2.0
26939840,2.0
26939936,2.0
26942144,2.0
26951616,2.0
26962176,2.0
26965120,2.0
26973536,2.0
26974880,2.0
26976000,2.0
26979520,2.0
26979712,2.0
26983872,2.0
26984160,2.0
26984512,2.0
26990400,2.0
26993344,2.0
26995424,2.0
26997696,2.0
27006432,2.0
27006720,2.0
27011776,2.0
27012064,2.0
27012992,2.0
27019712,2.0
27024288,2.0
27024992,2.0
27025952,2.0
27030464,2.0
27042848,2.0
27051936,2.0
27057120,2.0
27061536,2.0
27061760,2.0
27063456,2.0
27071680,2.0
27072928,2.0
27102720,2.0
27103904,2.0
27104000,2.0
27109568,2.0
27110976,2.0
27112928,2.0
27115936,2.0
27118560,2.0
27120448,2.0
27120800,2.0
27123104,2.0
27126496,2.0
27127168,2.0
27128992,2.0
27129312,2.0
27131040,2.0
27131392,2.0
27135200,2.0
27135680,2.0
27137728,2.0
27140352,2.0
27145600,2.0
27149120,2.0
27153408,2.0
27167296,2.0
27175936,2.0
27179360,2.0
27187616,2.0
27194944,2.0
27201344,2.0
27206592,2.0
27208160,2.0
27209920,2.0
27211616,2.0
27216928,2.0
27222592,2.0
27227552,2.0
27230848,2.0
27235520,2.0
27240640,2.0
27240960,2.0
27244448,2.0
27252192,2.0
27253600,2.0
27260992,2.0
27263168,2.0
27266464,2.0
27266848,2.0
27270464,2.0
27273984,2.0
27277632,2.0
27280096,2.0
27284096,2.0
27290016,2.0
27291520,2.0
27293760,2.0
27294688,2.0
27296320,2.0
27299104,2.0
27302432,2.0
27304480,2.0
27306624,2.0
27322304,2.0
27322816,2.0
27323296,2.0
27323712,2.0
27328096,2.0
27329088,2.0
27331808,2.0
27333696,2.0
27342880,2.0
27349824,2.0
27350848,2.0
27353440,2.0
27357408,2.0
27365376,2.0
27370176,2.0
27378944,2.0
27379680,2.0
27387232,2.0
27389376,2.0
27391584,2.0
27393504,2.0
27401376,2.0
27402592,2.0
27410016,2.0
27413984,2.0
27420448,2.0
27421088,2.0
27421664,2.0
27425728,2.0
27428704,2.0
27432928,2.0
27435680,2.0
27445504,2.0
27448960,2.0
27451008,2.0
27451328,2.0
27452128,2.0
27452480,2.0
27453856,2.0
27453920,2.0
27455584,2.0
27461408,2.0
27464288,2.0
27478080,2.0
27480608,2.0
27484896,2.0
27489632,2.0
27496832,2.0
27498240,2.0
27504032,2.0
27513760,2.0
27514176,2.0
27517632,2.0
27519136,2.0
27528064,2.0
27531488,2.0
27534912,2.0
27537728,2.0
27540384,2.0
27542784,2.0
27550560,2.0
27552096,2.0
27552480,2.0
27553120,2.0
27566784,2.0
27570784,2.0
27573728,2.0
27576224,2.0
27578976,2.0
27579616,2.0
27588928,2.0
27589536,2.0
27589824,2.0
27593216,2.0
27608480,2.0
27611776,2.0
27616288,2.0
27617920,2.0
27621824,2.0
27623776,2.0
27624384,2.0
27628288,2.0
27632608,2.0
27633696,2.0
27634144,2.0
27634240,2.0
27635008,2.0
27637952,2.0
27639808,2.0
27640352,2.0
27647232,2.0
27652544,2.0
27653248,2.0
27653344,2.0
27656096,2.0
27661536,2.0
27661760,2.0
27666208,2.0
27671296,2.0
27673120,2.0
27677664,2.0
27679712,2.0
27683744,2.0
27687776,2.0
27710720,2.0
27711552,2.0
27713632,2.0
27717280,2.0
27723904,2.0
27728128,2.0
27735424,2.0
27736864,2.0
27746432,2.0
27751424,2.0
27762080,2.0
27762400,2.0
27764576,2.0
27764992,2.0
27766048,2.0
27774720,2.0
27777088,2.0
27777568,2.0
27790272,2.0
27792736,2.0
27798464,2.0
27804192,2.0
27813920,2.0
27819968,2.0
27822144,2.0
27826528,2.0
27827648,2.0
27830720,2.0
27832768,2.0
27840256,2.0
27844256,2.0
27847488,2.0
27847808,2.0
27850240,2.0
27852608,2.0
27854624,2.0
27856000,2.0
27858112,2.0
27861632,2.0
27863264,2.0
27866048,2.0
27870304,2.0
27874400,2.0
27875904,2.0
27880448,2.0
27884896,2.0
27889312,2.0
27891520,2.0
27893216,2.0
27897632,2.0
27903040,2.0
27909856,2.0
27911872,2.0
27913856,2.0
27916544,2.0
27916896,2.0
27919104,2.0
27925760,2.0
27926976,2.0
27928896,2.0
27942176,2.0
27942784,2.0
27948192,2.0
27949312,2.0
27952736,2.0
27957440,2.0
27960288,2.0
27963136,2.0
27965088,2.0
27965760,2.0
27965888,2.0
27965952,2.0
27966176,2.0
27971872,2.0
27975584,2.0
27976480,2.0
27979808,2.0
27980320,2.0
27980512,2.0
27980864,2.0
27982848,2.0
27984416,2.0
27991680,2.0
27993120,2.0
27995232,2.0
28001216,2.0
28005344,2.0
28017120,2.0
28017792,2.0
28019936,2.0
28024160,2.0
28032416,2.0
28045504,2.0
28054208,2.0
28054752,2.0
28055776,2.0
28074560,2.0
28074592,2.0
28074656,2.0
28076992,2.0
28079616,2.0
28086912,2.0
28088992,2.0
28100768,2.0
28101568,2.0
28102144,2.0
28106912,2.0
28112896,2.0
28116480,2.0
28120416,2.0
28124576,2.0
28125184,2.0
28127872,2.0
28131648,2.0
28138528,2.0
28139328,2.0
28146848,2.0
28152128,2.0
28156960,2.0
28157760,2.0
28161152,2.0
28167872,2.0
28174496,2.0
28175040,2.0
28179008,2.0
28185664,2.0
28186080,2.0
28186400,2.0
28188608,2.0
28189760,2.0
28190336,2.0
28194240,2.0
28196448,2.0
28200576,2.0
28201504,2.0
28205920,2.0
28207328,2.0
28213600,2.0
28213632,2.0
28222912,2.0
28223136,2.0
28223456,2.0
28224640,2.0
28225312,2.0
28239424,2.0
28241792,2.0
28242112,2.0
28246144,2.0
28247136,2.0
28247200,2.0
28248096,2.0
28248128,2.0
28250496,2.0
28253824,2.0
28256032,2.0
28260864,2.0
28261568,2.0
28262528,2.0
28270080,2.0
28274688,2.0
28274816,2.0
28277728,2.0
28290080,2.0
28299040,2.0
28308928,2.0
28309824,2.0
28311008,2.0
28311872,2.0
28313728,2.0
28318048,2.0
28319296,2.0
28320576,2.0
28322688,2.0
28324384,2.0
28328128,2.0
28328832,2.0
28335296,2.0
28336672,2.0
28338592,2.0
28339200,2.0
28341120,2.0
28345184,2.0
28350368,2.0
28352288,2.0
28362464,2.0
28377952,2.0
28378560,2.0
28380768,2.0
28383968,2.0
28386016,2.0
28389024,2.0
28399488,2.0
28399904,2.0
28402496,2.0
28403616,2.0
28404320,2.0
28415072,2.0
28421280,2.0
28427584,2.0
28429536,2.0
28430656,2.0
28433056,2.0
28444032,2.0
28445728,2.0
28454208,2.0
28455264,2.0
28456192,2.0
28456992,2.0
28457120,2.0
28460032,2.0
28461984,2.0
28463296,2.0
28473504,2.0
28473984,2.0
28475744,2.0
28482560,2.0
28483968,2.0
28484352,2.0
28486112,2.0
28488640,2.0
28488736,2.0
28493056,2.0
28495744,2.0
28499936,2.0
28503168,2.0
28505312,2.0
28505344,2.0
28515232,2.0
28519328,2.0
28524896,2.0
28536320,2.0
28537504,2.0
28540960,2.0
28542144,2.0
28545408,2.0
28549664,2.0
28554944,2.0
28555616,2.0
28557664,2.0
28559840,2.0
28560928,2.0
28572320,2.0
28574560,2.0
28575968,2.0
28579392,2.0
28581152,2.0
28581312,2.0
28581888,2.0
28592192,2.0
28592224,2.0
28595328,2.0
28595680,2.0
28597056,2.0
28601664,2.0
28604160,2.0
28606432,2.0
28612992,2.0
28614944,2.0
28623584,2.0
28624128,2.0
28624192,2.0
28632928,2.0
28634080,2.0
28642784,2.0
28642848,2.0
28645536,2.0
28651296,2.0
28657568,2.0
28663936,2.0
28666720,2.0
28672064,2.0
28679936,2.0
28685056,2.0
28688960,2.0
28690464,2.0
28691008,2.0
28693376,2.0
28693792,2.0
28697824,2.0
28700992,2.0
28701152,2.0
28702944,2.0
28712480,2.0
28712768,2.0
28713216,2.0
28714464,2.0
28716832,2.0
28717888,2.0
28722496,2.0
28725664,2.0
28730336,2.0
28737408,2.0
28738432,2.0
28744768,2.0
28746816,2.0
28753824,2.0
28755552,2.0
28755872,2.0
28757056,2.0
28762048,2.0
28768448,2.0
28778688,2.0
28785152,2.0
28792064,2.0
28793984,2.0
28800864,2.0
28806848,2.0
28809600,2.0
28813248,2.0
28816608,2.0
28818176,2.0
28818976,2.0
28822016,2.0
28825344,2.0
28828832,2.0
28829344,2.0
28830272,2.0
28831168,2.0
28838048,2.0
28838944,2.0
28849120,2.0
28859904,2.0
28861184,2.0
28865760,2.0
28866336,2.0
28869120,2.0
28871680,2.0
28873760,2.0
28877632,2.0
28881376,2.0
28888736,2.0
28896608,2.0
28896864,2.0
28897376,2.0
28912896,2.0
28915712,2.0
28917120,2.0
28918272,2.0
28918880,2.0
28919616,2.0
28923872,2.0
28924224,2.0
28928032,2.0
28931168,2.0
28931584,2.0
28937408,2.0
28938752,2.0
28941312,2.0
28952608,2.0
28955392,2.0
28956448,2.0
28957120,2.0
28959104,2.0
28962144,2.0
28962752,2.0
28969664,2.0
28969728,2.0
28970016,2.0
28972832,2.0
28973760,2.0
28974304,2.0
28974816,2.0
28975488,2.0
28978464,2.0
28982944,2.0
28990112,2.0
28990368,2.0
28991104,2.0
29004032,2.0
29008192,2.0
29011200,2.0
29012192,2.0
29015488,2.0
29016064,2.0
29020896,2.0
29025184,2.0
29031616,2.0
29040064,2.0
29050976,2.0
29052320,2.0
29055168,2.0
29058304,2.0
29061344,2.0
29071680,2.0
29077280,2.0
29079488,2.0
29082304,2.0
29086528,2.0
29088512,2.0
29092640,2.0
29097184,2.0
29105056,2.0
29107488,2.0
29109312,2.0
29113984,2.0
29114944,2.0
29115296,2.0
29119424,2.0
29123200,2.0
29124960,2.0
29128448,2.0
29130720,2.0
29131264,2.0
29132096,2.0
29146496,2.0
29149120,2.0
29149728,2.0
29164544,2.0
29164864,2.0
29166464,2.0
29167232,2.0
29167680,2.0
29167744,2.0
29168672,2.0
29173600,2.0
29183296,2.0
29186816,2.0
29191488,2.0
29205856,2.0
29208224,2.0
29210464,2.0
29216352,2.0
29218784,2.0
29223648,2.0
29224384,2.0
29227008,2.0
29229376,2.0
29237472,2.0
29240928,2.0
29247552,2.0
29249408,2.0
29250016,2.0
29258400,2.0
29266976,2.0
29268864,2.0
29271456,2.0
29273056,2.0
29276032,2.0
29276608,2.0
29279456,2.0
29279552,2.0
29280128,2.0
29287968,2.0
29295200,2.0
29299904,2.0
29301856,2.0
29307616,2.0
29312576,2.0
29314976,2.0
29321216,2.0
29323584,2.0
29324960,2.0
29326528,2.0
29328768,2.0
29332512,2.0
29333440,2.0
29333856,2.0
29334848,2.0
29337152,2.0
29342816,2.0
29343744,2.0
29346592,2.0
29352160,2.0
29356352,2.0
29357120,2.0
29357216,2.0
29359168,2.0
29363296,2.0
29369920,2.0
29376288,2.0
29377376,2.0
29377568,2.0
29380704,2.0
29385088,2.0
29386496,2.0
29388096,2.0
29392064,2.0
29399168,2.0
29405984,2.0
29410272,2.0
29423808,2.0
29424800,2.0
29425408,2.0
29431776,2.0
29431840,2.0
29436864,2.0
29437280,2.0
29439776,2.0
29442400,2.0
29443072,2.0
29443872,2.0
29446528,2.0
29449568,2.0
29449888,2.0
29452288,2.0
29454400,2.0
29455968,2.0
29460448,2.0
29462848,2.0
29468736,2.0
29478496,2.0
29479808,2.0
29485152,2.0
29487680,2.0
29495616,2.0
29496768,2.0
29498720,2.0
29510528,2.0
29517952,2.0
29518720,2.0
29519872,2.0
29522592,2.0
29523936,2.0
29524384,2.0
29527776,2.0
29532544,2.0
29533504,2.0
29533568,2.0
29540288,2.0
29547008,2.0
29555936,2.0
29557568,2.0
29560704,2.0
29561824,2.0
29565120,2.0
29566272,2.0
29567648,2.0
29576640,2.0
29576672,2.0
29588896,2.0
29596128,2.0
29597216,2.0
29601856,2.0
29602432,2.0
29606720,2.0
29611488,2.0
29614176,2.0
29616512,2.0
29617728,2.0
29621728,2.0
29623680,2.0
29626336,2.0
29627648,2.0
29629184,2.0
29631328,2.0
29633568,2.0
29634080,2.0
29644960,2.0
29650496,2.0
29652128,2.0
29653568,2.0
29658208,2.0
29658304,2.0
29661728,2.0
29666528,2.0
29667072,2.0
29671040,2.0
29672096,2.0
29672128,2.0
29674176,2.0
29678112,2.0
29679520,2.0
29681024,2.0
29684064,2.0
29685504,2.0
29692832,2.0
29693728,2.0
29696480,2.0
29697472,2.0
29700384,2.0
29700480,2.0
29707392,2.0
29711840,2.0
29715200,2.0
29717248,2.0
29718048,2.0
29718528,2.0
29725024,2.0
29735520,2.0
29736416,2.0
29739872,2.0
29742560,2.0
29743584,2.0
29746144,2.0
29747392,2.0
29750656,2.0
29760864,2.0
29765280,2.0
29766528,2.0
29766976,2.0
29770528,2.0
29772320,2.0
29773792,2.0
29778144,2.0
29779360,2.0
29782848,2.0
29786368,2.0
29789760,2.0
29798016,2.0
29798688,2.0
29803872,2.0
29806432,2.0
29809568,2.0
29815360,2.0
29822912,2.0
29834080,2.0
29837312,2.0
29843744,2.0
29851136,2.0
29858560,2.0
29860832,2.0
29865280,2.0
29871328,2.0
29872832,2.0
29882656,2.0
29886656,2.0
29889376,2.0
29889696,2.0
29891360,2.0
29895136,2.0
29898176,2.0
29898592,2.0
29898656,2.0
29902336,2.0
29904128,2.0
29907008,2.0
29909088,2.0
29914400,2.0
29917152,2.0
29923680,2.0
29923872,2.0
29925024,2.0
29931008,2.0
29931040,2.0
29932256,2.0
29933632,2.0
29935296,2.0
29936032,2.0
29936960,2.0
29938528,2.0
29938912,2.0
29941600,2.0
29945184,2.0
29957760,2.0
29957856,2.0
29960800,2.0
29962560,2.0
29962688,2.0
29963296,2.0
29966144,2.0
29972960,2.0
29975264,2.0
29978336,2.0
29985312,2.0
29985440,2.0
29987104,2.0
29990368,2.0
29996032,2.0
29998400,2.0
29999392,2.0
30003520,2.0
30026752,2.0
30033216,2.0
30036640,2.0
30036672,2.0
30040192,2.0
30040896,2.0
30048064,2.0
30048864,2.0
30050432,2.0
30050752,2.0
30055840,2.0
30058016,2.0
30061760,2.0
30064288,2.0
30070336,2.0
30071232,2.0
30073280,2.0
30083616,2.0
30083680,2.0
30091520,2.0
30111008,2.0
30111584,2.0
30113088,2.0
30113600,2.0
30115328,2.0
30116672,2.0
30117536,2.0
30118400,2.0
30123520,2.0
30126112,2.0
30126816,2.0
30132928,2.0
30133888,2.0
30136480,2.0
30154784,2.0
30159744,2.0
30160960,2.0
30163008,2.0
30177888,2.0
30177984,2.0
30178304,2.0
30179360,2.0
30182720,2.0
30194080,2.0
30194944,2.0
30199488,2.0
30205856,2.0
30212576,2.0
30214528,2.0
30216960,2.0
30226784,2.0
30227168,2.0
30240640,2.0
30242336,2.0
30245856,2.0
30248960,2.0
30255040,2.0
30258592,2.0
30259904,2.0
30261056,2.0
30261344,2.0
30261600,2.0
30261760,2.0
30263232,2.0
30267552,2.0
30267712,2.0
30269696,2.0
30274176,2.0
30275168,2.0
30276224,2.0
30286528,2.0
30289440,2.0
30291936,2.0
30299840,2.0
30305952,2.0
30306144,2.0
30310112,2.0
30311168,2.0
30314080,2.0
30316448,2.0
30319808,2.0
30320832,2.0
30326944,2.0
30328928,2.0
30331456,2.0
30335584,2.0
30339776,2.0
30343168,2.0
30345952,2.0
30347840,2.0
30348928,2.0
30349088,2.0
30350272,2.0
30363936,2.0
30371360,2.0
30371456,2.0
30372704,2.0
30383520,2.0
30385952,2.0
30387488,2.0
30394080,2.0
30397760,2.0
30400576,2.0
30401056,2.0
30403712,2.0
30405888,2.0
30407616,2.0
30409408,2.0
30415872,2.0
30424960,2.0
30437920,2.0
30446208,2.0
30455872,2.0
30477280,2.0
30478880,2.0
30480960,2.0
30483264,2.0
30485952,2.0
30491872,2.0
30496480,2.0
30498144,2.0
30503968,2.0
30507776,2.0
30509856,2.0
30515808,2.0
30518688,2.0
30519584,2.0
30523616,2.0
30524096,2.0
30532512,2.0
30533888,2.0
30536160,2.0
30540864,2.0
30546304,2.0
30547104,2.0
30548096,2.0
30548576,2.0
30557120,2.0
30559200,2.0
30560160,2.0
30570816,2.0
30571680,2.0
30572672,2.0
30575424,2.0
30577984,2.0
30585856,2.0
30587840,2.0
30593344,2.0
30595232,2.0
30595328,2.0
30595360,2.0
30597440,2.0
30598592,2.0
30599616,2.0
30607168,2.0
30607776,2.0
30610400,2.0
30613312,2.0
30622880,2.0
30623776,2.0
30627072,2.0
30629408,2.0
30629664,2.0
30630592,2.0
30631424,2.0
30632288,2.0
30637120,2.0
30637376,2.0
30639616,2.0
30641248,2.0
30641376,2.0
30643040,2.0
30648800,2.0
30651744,2.0
30652384,2.0
30654016,2.0
30655424,2.0
30660736,2.0
30661120,2.0
30661536,2.0
30663584,2.0
30670336,2.0
30679808,2.0
30683328,2.0
30685280,2.0
30687232,2.0
30696352,2.0
30696736,2.0
30703008,2.0
30704288,2.0
30705952,2.0
30706560,2.0
30724416,2.0
30725120,2.0
30727872,2.0
30737600,2.0
30737984,2.0
30751232,2.0
30754720,2.0
30760448,2.0
30763104,2.0
30765536,2.0
30766464,2.0
30768736,2.0
30776640,2.0
30777792,2.0
30781728,2.0
30791712,2.0
30794112,2.0
30801632,2.0
30802944,2.0
30805024,2.0
30814976,2.0
30815328,2.0
30818240,2.0
30823040,2.0
30825536,2.0
30828576,2.0
30828896,2.0
30832192,2.0
30836000,2.0
30836928,2.0
30838656,2.0
30838880,2.0
30840160,2.0
30841120,2.0
30846112,2.0
30856512,2.0
30858816,2.0
30861504,2.0
30862016,2.0
30868416,2.0
30872128,2.0
30872256,2.0
30874720,2.0
30884032,2.0
30885376,2.0
30893184,2.0
30900736,2.0
30901024,2.0
30904960,2.0
30906752,2.0
30910560,2.0
30911456,2.0
30913024,2.0
30914912,2.0
30919552,2.0
30923488,2.0
30948672,2.0
30954560,2.0
30971488,2.0
30973920,2.0
30974432,2.0
30978272,2.0
30978560,2.0
30979232,2.0
30982336,2.0
30993152,2.0
30999200,2.0
30999360,2.0
31004640,2.0
31013248,2.0
31018784,2.0
31021760,2.0
31023360,2.0
31026016,2.0
31029984,2.0
31030560,2.0
31035104,2.0
31036544,2.0
31037696,2.0
31037888,2.0
31040640,2.0
31052288,2.0
31053696,2.0
31056192,2.0
31056448,2.0
31066816,2.0
31072704,2.0
31072800,2.0
31075328,2.0
31079744,2.0
31080576,2.0
31083104,2.0
31085856,2.0
31093408,2.0
31096640,2.0
31103584,2.0
31108704,2.0
31109248,2.0
31113952,2.0
31115232,2.0
31116128,2.0
31116384,2.0
31125056,2.0
31125280,2.0
31133440,2.0
31136576,2.0
31137408,2.0
31139808,2.0
31141632,2.0
31141792,2.0
31150432,2.0
31151680,2.0
31153888,2.0
31155840,2.0
31156960,2.0
31161696,2.0
31168672,2.0
31170784,2.0
31175328,2.0
31176416,2.0
31185952,2.0
31197984,2.0
31203136,2.0
31204960,2.0
31206112,2.0
31209408,2.0
31211808,2.0
31213664,2.0
31217056,2.0
31221472,2.0
31223552,2.0
31230144,2.0
31231456,2.0
31233280,2.0
31236448,2.0
31237344,2.0
31252416,2.0
31253376,2.0
31264192,2.0
31266752,2.0
31269824,2.0
31275200,2.0
31275360,2.0
31277056,2.0
31279328,2.0
31279424,2.0
31286944,2.0
31287136,2.0
31289760,2.0
31291648,2.0
31291904,2.0
31295232,2.0
31300768,2.0
31301536,2.0
31301856,2.0
31302496,2.0
31303904,2.0
31305120,2.0
31305632,2.0
31309344,2.0
31315648,2.0
31319520,2.0
31334304,2.0
31339872,2.0
31341408,2.0
31342592,2.0
31346464,2.0
31346592,2.0
31350848,2.0
31352352,2.0
31352576,2.0
31360320,2.0
31362688,2.0
31363552,2.0
31372128,2.0
31372928,2.0
31380896,2.0
31381920,2.0
31388800,2.0
31391520,2.0
31394048,2.0
31395648,2.0
31401664,2.0
31404256,2.0
31404448,2.0
31406624,2.0
31407552,2.0
31410880,2.0
31416672,2.0
31416736,2.0
31421536,2.0
31423040,2.0
31432896,2.0
31439744,2.0
31440864,2.0
31444224,2.0
31444480,2.0
31450240,2.0
31451328,2.0
31455296,2.0
31455936,2.0
31458080,2.0
31458176,2.0
31466880,2.0
31468864,2.0
31476320,2.0
31487168,2.0
31488768,2.0
31491360,2.0
31492896,2.0
31494272,2.0
31496128,2.0
31499616,2.0
31501472,2.0
31509120,2.0
31512832,2.0
31516448,2.0
31519232,2.0
31520992,2.0
31521536,2.0
31523808,2.0
31525088,2.0
31525248,2.0
31529824,2.0
31533792,2.0
31535104,2.0
31537728,2.0
31539360,2.0
31544000,2.0
31548384,2.0
31553728,2.0
31558496,2.0
31560544,2.0
31562688,2.0
31570048,2.0
31576096,2.0
31586048,2.0
31600384,2.0
31601056,2.0
31602528,2.0
31606048,2.0
31608928,2.0
31610624,2.0
31613216,2.0
31616544,2.0
31623456,2.0
31635296,2.0
31651904,2.0
31656352,2.0
31659552,2.0
31670336,2.0
31676512,2.0
31677280,2.0
31683040,2.0
31684416,2.0
31688672,2.0
31691616,2.0
31692960,2.0
31695232,2.0
31696896,2.0
31701792,2.0
31702048,2.0
31706432,2.0
31710496,2.0
31721728,2.0
31724128,2.0
31726336,2.0
31728736,2.0
31741760,2.0
31741984,2.0
31743456,2.0
31743712,2.0
31754944,2.0
31755680,2.0
31756576,2.0
31757696,2.0
31758624,2.0
31765472,2.0
31766464,2.0
31766880,2.0
31769888,2.0
31773376,2.0
31782272,2.0
31784768,2.0
31791456,2.0
31792576,2.0
31796032,2.0
31798560,2.0
31802112,2.0
31804064,2.0
31806560,2.0
31806752,2.0
31806784,2.0
31806944,2.0
31814784,2.0
31818848,2.0
31825216,2.0
31829376,2.0
31832128,2.0
31833376,2.0
31845824,2.0
31846464,2.0
31861632,2.0
31862432,2.0
31864800,2.0
31865696,2.0
31873888,2.0
31877344,2.0
31885376,2.0
31890368,2.0
31890624,2.0
31900192,2.0
31902432,2.0
31902944,2.0
31903424,2.0
31903744,2.0
31906592,2.0
31906688,2.0
31908352,2.0
31908640,2.0
31914720,2.0
31925056,2.0
31925696,2.0
31930496,2.0
31932160,2.0
31932992,2.0
31933536,2.0
31935840,2.0
31938624,2.0
31944832,2.0
31945216,2.0
31945472,2.0
31948128,2.0
31956032,2.0
31961472,2.0
31962368,2.0
31962784,2.0
31966112,2.0
31969152,2.0
32006144,2.0
32008256,2.0
32012992,2.0
32026464,2.0
32029120,2.0
32034624,2.0
32035104,2.0
32035936,2.0
32038784,2.0
32039168,2.0
32040512,2.0
32042400,2.0
32042784,2.0
32053248,2.0
32061184,2.0
32063648,2.0
32065664,2.0
32067424,2.0
32071200,2.0
32075200,2.0
32077152,2.0
32077920,2.0
32079392,2.0
32089568,2.0
32095232,2.0
32095808,2.0
32097632,2.0
32114432,2.0
32123648,2.0
32123776,2.0
32125824,2.0
32128128,2.0
32128192,2.0
32132480,2.0
32143904,2.0
32146944,2.0
32147904,2.0
32148384,2.0
32148672,2.0
32160448,2.0
32165696,2.0
32165888,2.0
32168096,2.0
32170368,2.0
32172800,2.0
32173088,2.0
32174944,2.0
32177056,2.0
32178272,2.0
32183616,2.0
32189344,2.0
32193696,2.0
32195936,2.0
32196928,2.0
32209248,2.0
32211904,2.0
32212448,2.0
32215904,2.0
32220352,2.0
32229376,2.0
32229696,2.0
32231200,2.0
32238496,2.0
32247424,2.0
32250752,2.0
32252064,2.0
32257440,2.0
32258208,2.0
32258528,2.0
32260480,2.0
32268480,2.0
32270400,2.0
32276128,2.0
32286976,2.0
32289120,2.0
32290112,2.0
32293920,2.0
32295520,2.0
32295552,2.0
32296192,2.0
32296576,2.0
32298080,2.0
32299552,2.0
32300832,2.0
32305760,2.0
32306656,2.0
32312192,2.0
32313728,2.0
32319584,2.0
32320288,2.0
32320992,2.0
32326016,2.0
32329120,2.0
32330048,2.0
32330528,2.0
32336800,2.0
32341184,2.0
32344576,2.0
32349024,2.0
32353632,2.0
32359264,2.0
32364288,2.0
32379296,2.0
32379328,2.0
32381536,2.0
32386944,2.0
32398240,2.0
32400608,2.0
32408512,2.0
32409760,2.0
32417184,2.0
32420800,2.0
32422592,2.0
32422912,2.0
32433216,2.0
32434016,2.0
32435200,2.0
32437792,2.0
32445120,2.0
32447040,2.0
32448640,2.0
32450336,2.0
32460640,2.0
32465056,2.0
32477920,2.0
32478880,2.0
32481056,2.0
32481248,2.0
32483008,2.0
32484416,2.0
32485344,2.0
32485984,2.0
32493664,2.0
32495744,2.0
32496928,2.0
32502784,2.0
32507968,2.0
32517056,2.0
32521856,2.0
32524512,2.0
32525216,2.0
32527808,2.0
32529408,2.0
32529536,2.0
32534496,2.0
32535936,2.0
32541088,2.0
32541664,2.0
32542944,2.0
32543328,2.0
32544224,2.0
32550240,2.0
32561440,2.0
32562368,2.0
32563072,2.0
32564608,2.0
32566016,2.0
32566496,2.0
32571232,2.0
32571968,2.0
32579968,2.0
32580992,2.0
32587104,2.0
32600416,2.0
32601120,2.0
32606240,2.0
32612192,2.0
32616384,2.0
32616928,2.0
32620192,2.0
32621504,2.0
32629440,2.0
32630144,2.0
32639072,2.0
32642688,2.0
32643040,2.0
32645504,2.0
32653600,2.0
32654848,2.0
32659456,2.0
32661536,2.0
32663072,2.0
32665920,2.0
32668096,2.0
32669760,2.0
32670208,2.0
32670496,2.0
32672192,2.0
32678528,2.0
32679744,2.0
32690592,2.0
32692320,2.0
32704736,2.0
32714976,2.0
32715808,2.0
32720544,2.0
32721472,2.0
32722144,2.0
32723008,2.0
32727264,2.0
32729248,2.0
32732736,2.0
32737376,2.0
32738016,2.0
32753888,2.0
32756896,2.0
32759968,2.0
32765120,2.0
32768960,2.0
32772032,2.0
32773216,2.0
32775840,2.0
32780192,2.0
32781728,2.0
32784448,2.0
32791168,2.0
32795424,2.0
32796544,2.0
32797600,2.0
32805824,2.0
32805856,2.0
32811776,2.0
32814176,2.0
32816608,2.0
32818720,2.0
32820544,2.0
32830720,2.0
32837312,2.0
32838368,2.0
32839200,2.0
32845248,2.0
32845472,2.0
32848544,2.0
32854336,2.0
32858304,2.0
32863840,2.0
32865280,2.0
32866560,2.0
32872704,2.0
32874016,2.0
32882176,2.0
32884128,2.0
32884640,2.0
32886176,2.0
32886688,2.0
32889888,2.0
32898432,2.0
32908128,2.0
32909088,2.0
32909472,2.0
32913344,2.0
32914560,2.0
32915584,2.0
32916544,2.0
32918720,2.0
32921408,2.0
32925248,2.0
32931776,2.0
32936992,2.0
32937632,2.0
32945344,2.0
32946560,2.0
32947200,2.0
32953088,2.0
32956736,2.0
32961440,2.0
32964320,2.0
32966528,2.0
32969056,2.0
32974464,2.0
32976320,2.0
32976544,2.0
32977632,2.0
32984032,2.0
32984448,2.0
32985472,2.0
32985568,2.0
32988928,2.0
32989408,2.0
32990848,2.0
32993600,2.0
32995808,2.0
33003584,2.0
33008480,2.0
33009216,2.0
33024032,2.0
33038496,2.0
33046240,2.0
33046432,2.0
33051392,2.0
33054176,2.0
33057024,2.0
33057472,2.0
33060064,2.0
33062336,2.0
33062688,2.0
33062944,2.0
33066592,2.0
33067616,2.0
33069312,2.0
33073824,2.0
33074976,2.0
33075200,2.0
33075936,2.0
33077152,2.0
33078720,2.0
33079008,2.0
33079424,2.0
33081952,2.0
33084896,2.0
33085248,2.0
33085344,2.0
33096960,2.0
33097536,2.0
33100448,2.0
33104640,2.0
33112672,2.0
33129504,2.0
33130048,2.0
33132896,2.0
33136800,2.0
33138144,2.0
33140224,2.0
33146496,2.0
33155360,2.0
33155616,2.0
33159200,2.0
33161280,2.0
33162624,2.0
33166784,2.0
33174592,2.0
33174848,2.0
33180960,2.0
33189184,2.0
33195424,2.0
33200512,2.0
33201600,2.0
33207040,2.0
33215776,2.0
33218432,2.0
33218592,2.0
33219360,2.0
33223520,2.0
33224480,2.0
33228864,2.0
33231872,2.0
33239136,2.0
33241344,2.0
33242944,2.0
33247360,2.0
33251488,2.0
33256288,2.0
33260192,2.0
33261184,2.0
33281952,2.0
33284992,2.0
33287936,2.0
33291712,2.0
33295200,2.0
33297344,2.0
33298656,2.0
33299296,2.0
33302432,2.0
33306560,2.0
33317184,2.0
33320896,2.0
33321376,2.0
33326656,2.0
33335840,2.0
33342016,2.0
33344096,2.0
33351168,2.0
33351968,2.0
33353856,2.0
33355360,2.0
33387616,2.0
33388224,2.0
33388864,2.0
33390400,2.0
33408768,2.0
33408992,2.0
33409376,2.0
33416992,2.0
33418048,2.0
33420288,2.0
33427520,2.0
33431008,2.0
33431808,2.0
33432672,2.0
33436160,2.0
33440736,2.0
33444064,2.0
33444448,2.0
33447104,2.0
33447200,2.0
33451936,2.0
33460832,2.0
33463200,2.0
33466240,2.0
33467200,2.0
33470016,2.0
33479936,2.0
33482560,2.0
33485664,2.0
33498880,2.0
33507136,2.0
33510592,2.0
33510976,2.0
33522656,2.0
33525504,2.0
33526432,2.0
33526848,2.0
33530528,2.0
33532288,2.0
33534528,2.0
33536928,2.0
33537664,2.0
33549088,2.0
33551808,2.0
33554752,2.0
33556640,2.0
33557696,2.0
33560224,2.0
33561824,2.0
33569536,2.0
33575328,2.0
33576384,2.0
33586176,2.0
33586880,2.0
33588448,2.0
33594624,2.0
33596416,2.0
33597344,2.0
33599680,2.0
33612864,2.0
33618304,2.0
33618528,2.0
33619936,2.0
33623328,2.0
33630880,2.0
33633408,2.0
33638720,2.0
33641472,2.0
33646656,2.0
33649152,2.0
33649184,2.0
33652480,2.0
33653056,2.0
33663872,2.0
33670432,2.0
33670912,2.0
33672640,2.0
33681024,2.0
33686880,2.0
33688192,2.0
33691072,2.0
33691168,2.0
33714208,2.0
33730496,2.0
33732000,2.0
33732896,2.0
33733152,2.0
33737152,2.0
33746656,2.0
33756288,2.0
33758720,2.0
33762880,2.0
33763456,2.0
33763808,2.0
33769344,2.0
33774240,2.0
33776992,2.0
33777824,2.0
33780480,2.0
33784544,2.0
33787776,2.0
33788192,2.0
33794240,2.0
33795360,2.0
33798304,2.0
33806464,2.0
33806944,2.0
33809440,2.0
33816096,2.0
33817824,2.0
33818368,2.0
33819008,2.0
33819264,2.0
33825472,2.0
33828032,2.0
33832416,2.0
33835296,2.0
33840288,2.0
33840480,2.0
33842272,2.0
33856544,2.0
33861312,2.0
33866656,2.0
33866688,2.0
33866816,2.0
33866976,2.0
33871424,2.0
33875552,2.0
33878592,2.0
33884512,2.0
33887744,2.0
33891424,2.0
33891552,2.0
33893632,2.0
33894144,2.0
33901216,2.0
33906816,2.0
33910816,2.0
33915712,2.0
33932352,2.0
33932864,2.0
33933664,2.0
33934976,2.0
33936992,2.0
33938272,2.0
33939104,2.0
33940480,2.0
33943456,2.0
33943776,2.0
33946912,2.0
33952896,2.0
33956608,2.0
33959136,2.0
33964800,2.0
33968320,2.0
33972096,2.0
33982464,2.0
33984352,2.0
33987168,2.0
33993120,2.0
33996864,2.0
33998176,2.0
34000768,2.0
34005152,2.0
34007040,2.0
34011104,2.0
34012416,2.0
34012608,2.0
34015168,2.0
34021344,2.0
34022304,2.0
34030912,2.0
34032384,2.0
34032480,2.0
34035008,2.0
34035712,2.0
34036736,2.0
34040768,2.0
34043744,2.0
34044768,2.0
34056416,2.0
34057568,2.0
34058656,2.0
34065120,2.0
34070272,2.0
34070496,2.0
34072096,2.0
34075360,2.0
34084128,2.0
34085664,2.0
34087392,2.0
34090688,2.0
34095200,2.0
34095584,2.0
34096480,2.0
34096992,2.0
34099296,2.0
34102624,2.0
34104672,2.0
34107872,2.0
34109568,2.0
34110016,2.0
34110464,2.0
34112640,2.0
34114528,2.0
34126112,2.0
34126272,2.0
34127872,2.0
34130464,2.0
34131776,2.0
34141824,2.0
34142240,2.0
34144448,2.0
34146368,2.0
34147648,2.0
34148032,2.0
34148160,2.0
34161792,2.0
34166624,2.0
34169504,2.0
34173216,2.0
34175136,2.0
34178848,2.0
34183808,2.0
34187936,2.0
34192640,2.0
34193184,2.0
34193440,2.0
34201280,2.0
34203616,2.0
34204384,2.0
34221280,2.0
34223168,2.0
34223968,2.0
34224448,2.0
34228096,2.0
34237088,2.0
34240384,2.0
34243968,2.0
34246528,2.0
34249120,2.0
34256000,2.0
34258272,2.0
34273600,2.0
34274336,2.0
34274432,2.0
34282368,2.0
34282656,2.0
34289216,2.0
34291264,2.0
34291840,2.0
34294432,2.0
34294688,2.0
34299936,2.0
34306400,2.0
34308640,2.0
34310976,2.0
34312320,2.0
34317984,2.0
34319552,2.0
34321056,2.0
34324736,2.0
34332160,2.0
34335680,2.0
34335840,2.0
34336032,2.0
34340000,2.0
34348384,2.0
34361856,2.0
34370016,2.0
34371328,2.0
34372320,2.0
34372384,2.0
34376096,2.0
34376768,2.0
34377024,2.0
34379104,2.0
34384032,2.0
34386624,2.0
34388448,2.0
34389664,2.0
34393376,2.0
34395104,2.0
34399840,2.0
34408416,2.0
34408832,2.0
34409792,2.0
34412928,2.0
34419936,2.0
34423552,2.0
34427616,2.0
34436896,2.0
34437088,2.0
34437280,2.0
34439136,2.0
34440608,2.0
34448192,2.0
34448512,2.0
34451072,2.0
34466528,2.0
34466848,2.0
34466976,2.0
34467328,2.0
34471584,2.0
34476032,2.0
34476928,2.0
34477312,2.0
34479456,2.0
34486432,2.0
34487936,2.0
34489632,2.0
34501984,2.0
34503296,2.0
34509408,2.0
34512672,2.0
34514624,2.0
34516640,2.0
34518912,2.0
34519488,2.0
34521312,2.0
34536064,2.0
34539872,2.0
34542464,2.0
34548224,2.0
34552128,2.0
34553184,2.0
34557376,2.0
34558976,2.0
34564352,2.0
34574464,2.0
34574528,2.0
34580288,2.0
34587872,2.0
34590112,2.0
34590176,2.0
34593760,2.0
34594816,2.0
34595392,2.0
34596320,2.0
34599360,2.0
34600480,2.0
34600512,2.0
34605856,2.0
34608416,2.0
34609312,2.0
34612640,2.0
34614752,2.0
34614976,2.0
34627872,2.0
34628928,2.0
34630624,2.0
34643680,2.0
34650464,2.0
34653184,2.0
34654400,2.0
34658400,2.0
34666752,2.0
34668320,2.0
34672768,2.0
34674848,2.0
34676576,2.0
34680576,2.0
34696416,2.0
34697728,2.0
34711552,2.0
34711840,2.0
34713024,2.0
34714368,2.0
34714656,2.0
34729184,2.0
34732608,2.0
34733024,2.0
34733280,2.0
34734400,2.0
34737056,2.0
34740384,2.0
34742912,2.0
34745152,2.0
34747200,2.0
34749952,2.0
34760544,2.0
34762048,2.0
34764480,2.0
34765600,2.0
34765792,2.0
34766496,2.0
34768256,2.0
34769120,2.0
34774784,2.0
34775456,2.0
34777760,2.0
34779616,2.0
34786016,2.0
34786624,2.0
34787328,2.0
34793888,2.0
34796896,2.0
34806816,2.0
34809760,2.0
34811936,2.0
34813248,2.0
34830784,2.0
34832160,2.0
34833344,2.0
34836160,2.0
34845504,2.0
34854944,2.0
34871328,2.0
34877664,2.0
34884416,2.0
34886400,2.0
34898432,2.0
34904768,2.0
34913952,2.0
34914112,2.0
34915200,2.0
34923744,2.0
34926112,2.0
34931136,2.0
34934016,2.0
34934560,2.0
34935072,2.0
34946688,2.0
34950880,2.0
34956192,2.0
34966240,2.0
34969504,2.0
34971616,2.0
34978240,2.0
34978272,2.0
34988768,2.0
34989632,2.0
34996032,2.0
34996832,2.0
35000800,2.0
35001056,2.0
35008768,2.0
35012544,2.0
35017408,2.0
35021056,2.0
35021440,2.0
35024000,2.0
35024192,2.0
35025120,2.0
35027200,2.0
35030880,2.0
35037440,2.0
35039328,2.0
35041632,2.0
35044768,2.0
35045632,2.0
35047328,2.0
35047680,2.0
35049696,2.0
35050016,2.0
35050048,2.0
35052096,2.0
35053376,2.0
35061632,2.0
35065152,2.0
35066944,2.0
35068288,2.0
35068768,2.0
35069664,2.0
35069888,2.0
35070464,2.0
35071136,2.0
35073280,2.0
35077664,2.0
35081344,2.0
35083136,2.0
35085920,2.0
35087008,2.0
35101504,2.0
35104064,2.0
35110528,2.0
35114528,2.0
35114784,2.0
35115520,2.0
35116928,2.0
35118400,2.0
35121152,2.0
35121600,2.0
35129632,2.0
35140704,2.0
35142688,2.0
35142848,2.0
35144736,2.0
35145248,2.0
35147168,2.0
35148608,2.0
35154976,2.0
35158592,2.0
35160128,2.0
35164608,2.0
35171680,2.0
35180704,2.0
35183264,2.0
35184992,2.0
35185056,2.0
35188000,2.0
35192800,2.0
35195264,2.0
35196480,2.0
35196992,2.0
35197664,2.0
35197888,2.0
35199552,2.0
35201152,2.0
35207008,2.0
35213280,2.0
35217088,2.0
35218944,2.0
35220064,2.0
35222752,2.0
35228928,2.0
35238464,2.0
35238752,2.0
35243744,2.0
35246976,2.0
35249216,2.0
35253504,2.0
35261568,2.0
35275392,2.0
35279648,2.0
35283648,2.0
35283744,2.0
35285504,2.0
35285888,2.0
35287616,2.0
35288992,2.0
35290976,2.0
35292320,2.0
35293760,2.0
35295488,2.0
35301504,2.0
35309632,2.0
35311648,2.0
35313472,2.0
35314528,2.0
35327008,2.0
35327744,2.0
35330944,2.0
35334688,2.0
35339456,2.0
35342656,2.0
35358816,2.0
35362656,2.0
35369024,2.0
35374784,2.0
35390816,2.0
35402080,2.0
35404064,2.0
35406752,2.0
35408320,2.0
35414752,2.0
35416320,2.0
35419968,2.0
35428032,2.0
35433984,2.0
35448224,2.0
35462304,2.0
35465664,2.0
35468896,2.0
35474400,2.0
35475040,2.0
35477376,2.0
35483904,2.0
35496512,2.0
35498464,2.0
35499968,2.0
35507712,2.0
35508832,2.0
35518112,2.0
35533888,2.0
35536352,2.0
35538432,2.0
35543840,2.0
35544608,2.0
35546464,2.0
35547584,2.0
35548416,2.0
35548608,2.0
35552704,2.0
35554944,2.0
35556672,2.0
35567264,2.0
35575168,2.0
35576736,2.0
35579424,2.0
35581216,2.0
35583392,2.0
35591008,2.0
35594272,2.0
35596928,2.0
35599904,2.0
35600960,2.0
35608352,2.0
35609184,2.0
35613344,2.0
35614336,2.0
35616288,2.0
35619360,2.0
35622912,2.0
35623424,2.0
35625888,2.0
35631456,2.0
35635296,2.0
35636320,2.0
35641312,2.0
35641344,2.0
35642016,2.0
35643264,2.0
35647232,2.0
35652832,2.0
35654432,2.0
35661248,2.0
35669888,2.0
35675232,2.0
35675296,2.0
35677920,2.0
35682016,2.0
35686272,2.0
35690368,2.0
35699776,2.0
35699808,2.0
35714592,2.0
35727808,2.0
35731616,2.0
35733056,2.0
35736352,2.0
35738944,2.0
35741568,2.0
35742304,2.0
35743392,2.0
35754432,2.0
35755136,2.0
35760416,2.0
35769632,2.0
35770624,2.0
35774112,2.0
35775808,2.0
35775904,2.0
35777056,2.0
35778592,2.0
35782048,2.0
35791680,2.0
35793312,2.0
35795936,2.0
35797984,2.0
35808064,2.0
35815904,2.0
35818208,2.0
35822464,2.0
35824832,2.0
35837344,2.0
35843040,2.0
35843904,2.0
35844928,2.0
35849248,2.0
35852032,2.0
35854016,2.0
35855616,2.0
35858080,2.0
35871616,2.0
35878752,2.0
35898560,2.0
35899808,2.0
35903168,2.0
35903328,2.0
35904352,2.0
35906848,2.0
35909088,2.0
35913696,2.0
35916672,2.0
35926336,2.0
35931840,2.0
35936160,2.0
35938528,2.0
35940512,2.0
35941408,2.0
35943968,2.0
35945504,2.0
35948416,2.0
35954976,2.0
35957824,2.0
35967584,2.0
35969728,2.0
35970592,2.0
35972640,2.0
35973280,2.0
35975328,2.0
35977184,2.0
35981920,2.0
35984352,2.0
35999616,2.0
36005888,2.0
36010976,2.0
36014304,2.0
36015840,2.0
36017312,2.0
36019648,2.0
36024576,2.0
36025376,2.0
36027776,2.0
36027968,2.0
36029952,2.0
36032128,2.0
36034528,2.0
36041984,2.0
36052384,2.0
36054048,2.0
36073888,2.0
36080768,2.0
36081024,2.0
36081344,2.0
36099744,2.0
36108672,2.0
36136672,2.0
36136768,2.0
36142848,2.0
36145120,2.0
36159104,2.0
36162304,2.0
36166976,2.0
36171680,2.0
36171712,2.0
36173024,2.0
36178208,2.0
36184448,2.0
36189984,2.0
36190560,2.0
36191904,2.0
36194528,2.0
36200320,2.0
36204864,2.0
36212288,2.0
36213248,2.0
36216576,2.0
36220384,2.0
36225696,2.0
36226176,2.0
36232000,2.0
36236640,2.0
36238400,2.0
36247456,2.0
36253824,2.0
36259552,2.0
36261632,2.0
36266048,2.0
36266112,2.0
36266496,2.0
36269216,2.0
36269760,2.0
36272768,2.0
36276288,2.0
36298176,2.0
36301376,2.0
36302048,2.0
36302112,2.0
36302976,2.0
36309504,2.0
36310560,2.0
36314464,2.0
36314912,2.0
36315648,2.0
36319680,2.0
36320192,2.0
36322240,2.0
36329760,2.0
36332832,2.0
36336928,2.0
36340000,2.0
36347232,2.0
36347712,2.0
36351392,2.0
36354112,2.0
36355296,2.0
36355808,2.0
36356384,2.0
36383488,2.0
36384256,2.0
36385024,2.0
36387712,2.0
36393056,2.0
36393760,2.0
36402560,2.0
36409152,2.0
36411104,2.0
36412704,2.0
36414240,2.0
36415200,2.0
36428544,2.0
36432160,2.0
36435584,2.0
36439328,2.0
36447968,2.0
36458592,2.0
36464992,2.0
36473632,2.0
36476320,2.0
36478912,2.0
36480608,2.0
36503616,2.0
36504544,2.0
36505632,2.0
36507360,2.0
36508544,2.0
36511104,2.0
36512512,2.0
36513664,2.0
36538560,2.0
36542208,2.0
36548768,2.0
36550912,2.0
36563680,2.0
36564128,2.0
36564960,2.0
36567968,2.0
36568000,2.0
36571136,2.0
36571744,2.0
36580384,2.0
36596928,2.0
36598560,2.0
36608512,2.0
36608608,2.0
36613152,2.0
36613888,2.0
36614592,2.0
36615520,2.0
36618752,2.0
36619552,2.0
36634624,2.0
36636192,2.0
36636352,2.0
36636576,2.0
36637152,2.0
36639296,2.0
36642144,2.0
36643232,2.0
36647776,2.0
36648608,2.0
36649408,2.0
36652544,2.0
36655168,2.0
36656288,2.0
36661280,2.0
36665056,2.0
36665856,2.0
36667456,2.0
36670176,2.0
36673024,2.0
36676928,2.0
36687584,2.0
36688064,2.0
36710752,2.0
36711712,2.0
36715776,2.0
36719008,2.0
36730432,2.0
36731904,2.0
36733184,2.0
36733728,2.0
36736128,2.0
36737728,2.0
36737952,2.0
36756864,2.0
36764928,2.0
36767040,2.0
36772096,2.0
36774272,2.0
36808032,2.0
36809568,2.0
36818944,2.0
36826496,2.0
36827968,2.0
36830368,2.0
36836064,2.0
36840896,2.0
36844192,2.0
36844928,2.0
36845056,2.0
36845248,2.0
36852128,2.0
36855744,2.0
36857728,2.0
36862368,2.0
36863072,2.0
36863424,2.0
36869600,2.0
36873504,2.0
36876320,2.0
36876960,2.0
36878528,2.0
36892704,2.0
36893824,2.0
36907040,2.0
36907520,2.0
36911264,2.0
36914272,2.0
36921152,2.0
36922976,2.0
36923840,2.0
36929920,2.0
36930592,2.0
36930912,2.0
36932448,2.0
36935872,2.0
36937664,2.0
36939360,2.0
36939840,2.0
36945568,2.0
36947680,2.0
36949088,2.0
36960096,2.0
36963648,2.0
36970048,2.0
36976800,2.0
36978880,2.0
36985312,2.0
36997376,2.0
36999328,2.0
37004448,2.0
37017056,2.0
37019648,2.0
37026208,2.0
37037152,2.0
37038720,2.0
37039232,2.0
37046016,2.0
37052320,2.0
37053696,2.0
37058176,2.0
37058752,2.0
37058976,2.0
37066080,2.0
37070464,2.0
37073600,2.0
37077696,2.0
37080736,2.0
37083616,2.0
37097376,2.0
37100192,2.0
37114912,2.0
37121056,2.0
37122784,2.0
37126144,2.0
