step,value
1136,71.0
1168,73.0
1376,86.0
1616,101.0
1648,103.0
1696,106.0
1936,121.0
2048,128.0
2400,78.0
2704,95.0
2912,76.0
2928,79.0
3024,117.0
3312,110.0
3392,61.0
3408,91.0
3424,138.0
3904,67.0
4144,64.0
4368,58.0
4800,87.0
4912,69.0
5088,110.0
5216,79.0
5520,100.0
5648,99.0
5680,95.0
5792,103.0
5808,109.0
5936,63.0
6048,70.0
6160,111.0
6544,129.0
6704,63.0
6912,113.0
7088,97.0
7120,112.0
7248,65.0
7280,67.0
7440,79.0
7680,126.0
7840,118.0
8016,81.0
8144,93.0
8224,104.0
8448,95.0
8480,74.0
8656,103.0
8864,110.0
8944,77.0
8976,81.0
9024,96.0
9392,121.0
9440,80.0
9616,107.0
9712,82.0
9824,59.0
9920,91.0
10096,89.0
10272,111.0
10336,84.0
10480,140.0
10608,61.0
10704,68.0
10848,116.0
10896,93.0
10912,78.0
11056,110.0
11520,99.0
11808,80.0
11840,108.0
12240,95.0
12304,126.0
12352,108.0
12448,122.0
12480,98.0
12592,102.0
12896,85.0
13008,72.0
13104,114.0
13312,96.0
13392,104.0
13536,80.0
13552,88.0
13824,125.0
13968,100.0
14128,104.0
14224,101.0
14320,81.0
14496,86.0
14512,93.0
14512,69.0
14624,67.0
14672,85.0
14848,95.0
14912,101.0
15488,72.0
15520,79.0
15584,67.0
15728,117.0
15856,83.0
15872,88.0
16064,71.0
16208,98.0
16240,87.0
16416,57.0
17008,58.0
17120,86.0
17664,124.0
17680,75.0
18144,107.0
18208,125.0
18288,79.0
18560,89.0
18576,93.0
18736,65.0
18816,68.0
19184,64.0
19440,80.0
19472,100.0
19824,100.0
19840,96.0
19936,70.0
20128,81.0
20288,107.0
20464,63.0
20656,87.0
20736,114.0
20768,126.0
20816,83.0
21008,113.0
21088,71.0
21120,79.0
21264,118.0
21440,100.0
21808,94.0
21824,105.0
21920,73.0
22240,109.0
22384,69.0
22464,125.0
22576,119.0
22704,78.0
22928,69.0
23088,72.0
23120,124.0
23392,59.0
23472,73.0
23504,64.0
23552,103.0
23552,60.0
23968,109.0
24256,125.0
24288,98.0
24352,68.0
24384,115.0
24688,70.0
24848,83.0
24896,85.0
24912,58.0
24992,116.0
25008,100.0
25072,94.0
25472,67.0
25680,137.0
25888,104.0
26144,70.0
26544,105.0
26560,95.0
26672,110.0
26688,124.0
26688,75.0
26768,154.0
26832,114.0
27008,69.0
27360,111.0
27360,75.0
27408,107.0
27680,70.0
28048,64.0
28176,92.0
28240,96.0
28384,100.0
28528,69.0
28608,77.0
28640,121.0
28720,106.0
29280,76.0
29344,103.0
29616,60.0
29696,94.0
30000,100.0
30032,76.0
30112,104.0
30160,73.0
30160,117.0
30304,105.0
30704,135.0
30816,88.0
30816,69.0
31104,111.0
31264,58.0
31328,80.0
31408,68.0
31648,94.0
31664,103.0
31776,103.0
31808,102.0
31856,64.0
31968,71.0
32112,63.0
32112,62.0
32208,76.0
32288,98.0
32544,78.0
32704,80.0
32816,82.0
32864,67.0
32976,106.0
33072,78.0
33184,66.0
33248,119.0
33360,66.0
33616,109.0
34512,102.0
34640,73.0
34720,116.0
34784,72.0
34816,124.0
34976,100.0
35472,85.0
35520,64.0
35552,79.0
35808,93.0
35984,74.0
36128,78.0
36416,110.0
36528,107.0
36640,69.0
36720,75.0
37136,65.0
37312,73.0
37376,113.0
37600,68.0
37648,58.0
37648,90.0
37696,70.0
37696,60.0
37968,82.0
38448,119.0
38544,76.0
38736,108.0
38816,85.0
38832,1000.0
38992,83.0
39008,98.0
39264,105.0
39360,109.0
39456,109.0
39760,134.0
39872,70.0
40064,94.0
40176,107.0
40208,86.0
40336,93.0
40368,85.0
40544,105.0
40640,100.0
40720,90.0
40864,61.0
41120,65.0
41232,65.0
41536,135.0
41552,111.0
41680,81.0
41776,97.0
42016,71.0
42144,93.0
42336,68.0
42384,127.0
42736,65.0
42800,78.0
42976,141.0
43216,68.0
43408,86.0
43408,63.0
43472,105.0
43648,81.0
44160,82.0
44400,93.0
44544,113.0
44608,105.0
44816,125.0
45136,92.0
45200,64.0
45296,57.0
45424,117.0
45520,71.0
45616,123.0
45664,78.0
45936,71.0
46240,101.0
46560,97.0
46784,122.0
46864,113.0
46976,64.0
47248,64.0
47312,117.0
47616,85.0
47904,139.0
48096,69.0
48144,84.0
48192,113.0
48336,68.0
48400,97.0
48512,102.0
48960,69.0
49328,76.0
49568,88.0
49568,93.0
49792,79.0
49824,119.0
50112,106.0
50144,112.0
50176,97.0
50240,127.0
50560,97.0
50832,102.0
50992,103.0
51328,80.0
51408,114.0
51440,82.0
51488,135.0
51648,113.0
51760,100.0
52176,83.0
52368,111.0
52448,117.0
52640,67.0
52768,62.0
53168,104.0
53248,82.0
53616,90.0
53696,82.0
53760,81.0
53792,156.0
53888,80.0
53904,78.0
53920,83.0
53984,75.0
53984,1000.0
54144,60.0
54160,123.0
54464,63.0
54480,124.0
54512,120.0
54896,62.0
55040,79.0
55152,84.0
55184,97.0
55312,87.0
55488,93.0
55648,92.0
55920,110.0
56112,66.0
56400,119.0
56560,127.0
56624,89.0
56624,86.0
56832,73.0
56848,92.0
56960,112.0
57008,94.0
57264,83.0
57568,72.0
57616,84.0
57632,106.0
57712,99.0
58048,74.0
58352,86.0
58480,90.0
58528,133.0
58592,125.0
58688,88.0
59312,105.0
59600,77.0
59632,85.0
59680,64.0
59808,93.0
59872,83.0
59984,120.0
60064,118.0
60208,69.0
60576,117.0
60704,89.0
60784,143.0
60816,93.0
61024,88.0
61104,91.0
61104,64.0
61248,97.0
61776,118.0
61792,72.0
61808,120.0
62080,60.0
62112,95.0
62160,146.0
62288,98.0
62832,112.0
62928,104.0
63104,81.0
63232,62.0
63472,72.0
63648,84.0
63728,95.0
63792,101.0
63952,94.0
64112,85.0
64640,95.0
64688,75.0
64816,72.0
65232,124.0
65248,94.0
65536,75.0
65568,125.0
65776,125.0
65776,118.0
66192,93.0
66336,103.0
66384,97.0
66576,83.0
66992,74.0
67168,79.0
67344,130.0
67680,131.0
67728,121.0
67744,115.0
67920,107.0
67968,78.0
68000,103.0
68384,127.0
68464,91.0
69040,129.0
69168,72.0
69264,98.0
69392,103.0
69440,87.0
69472,107.0
70016,127.0
70096,135.0
70176,122.0
71168,130.0
71264,124.0
71680,164.0
71760,108.0
71808,147.0
72320,100.0
72400,107.0
72592,122.0
72720,67.0
72736,102.0
72832,63.0
73616,120.0
73904,72.0
74064,128.0
74080,99.0
74320,100.0
74320,119.0
74528,105.0
74560,102.0
74608,117.0
74672,121.0
74752,70.0
74960,147.0
75600,79.0
75664,110.0
76112,111.0
76112,126.0
76240,135.0
76288,141.0
76352,113.0
76448,98.0
77104,89.0
77200,67.0
77536,73.0
77552,79.0
77824,120.0
77968,98.0
78368,75.0
78448,88.0
78640,81.0
78848,63.0
78864,116.0
78864,82.0
79136,54.0
79520,150.0
79552,82.0
79952,71.0
79984,95.0
80048,65.0
80096,61.0
80368,94.0
80384,125.0
80992,89.0
81120,99.0
81360,108.0
81376,156.0
81408,141.0
81488,86.0
81632,97.0
81872,117.0
82016,101.0
82672,121.0
82944,97.0
83056,97.0
83200,76.0
83232,99.0
83440,129.0
83488,147.0
84112,161.0
84224,137.0
84256,76.0
84256,112.0
84368,81.0
84432,75.0
84608,72.0
85088,77.0
85120,117.0
85120,101.0
85424,74.0
85504,99.0
85616,150.0
85744,101.0
85824,79.0
85888,90.0
85920,103.0
86080,113.0
86192,106.0
86464,139.0
86768,102.0
86848,83.0
86864,140.0
86960,95.0
87024,136.0
87088,83.0
87088,91.0
87184,80.0
87376,80.0
87616,105.0
87648,90.0
87936,76.0
88032,78.0
88256,150.0
88400,88.0
88416,82.0
88576,86.0
88816,107.0
88912,80.0
89232,115.0
89472,75.0
89664,125.0
89744,112.0
89872,90.0
90064,103.0
90304,86.0
90496,78.0
90528,65.0
90608,137.0
90704,132.0
91024,84.0
91232,136.0
91248,85.0
91488,73.0
91568,137.0
91680,120.0
91712,68.0
91728,123.0
91984,106.0
92224,94.0
92480,92.0
92512,125.0
92768,79.0
92960,79.0
93040,112.0
93152,90.0
93360,145.0
93616,117.0
93648,72.0
93792,95.0
93792,86.0
93920,120.0
94016,143.0
94112,117.0
94368,99.0
94480,89.0
94608,90.0
94688,135.0
94832,87.0
94976,82.0
95088,80.0
95136,122.0
95280,103.0
95696,110.0
95824,126.0
96256,133.0
96560,136.0
96752,128.0
96768,137.0
97232,87.0
97360,67.0
97600,63.0
98032,78.0
98112,66.0
98160,68.0
98224,106.0
98528,109.0
98560,112.0
98880,73.0
98976,158.0
99072,108.0
99216,73.0
99360,174.0
99504,133.0
99824,111.0
99840,81.0
100000,79.0
100080,89.0
100224,83.0
100352,111.0
100400,82.0
100464,139.0
100640,157.0
100768,96.0
100784,112.0
101184,123.0
101184,148.0
101232,107.0
101456,101.0
101456,90.0
101648,73.0
101696,83.0
102208,147.0
102432,112.0
102496,106.0
102496,130.0
102752,88.0
103040,112.0
103136,89.0
103856,84.0
104160,87.0
104208,81.0
104496,124.0
104608,184.0
104608,135.0
104688,101.0
104800,136.0
104992,115.0
105040,89.0
105344,108.0
105376,145.0
105712,113.0
106080,145.0
106256,130.0
106576,147.0
106736,127.0
106736,113.0
106960,100.0
106960,77.0
107040,139.0
107296,122.0
107360,147.0
107456,74.0
107536,134.0
107552,91.0
107648,117.0
107856,99.0
107888,81.0
108160,119.0
108656,100.0
108672,106.0
108816,111.0
109104,133.0
109424,117.0
109536,139.0
109616,90.0
109728,141.0
110208,159.0
110208,177.0
110432,102.0
110736,81.0
110832,107.0
110992,101.0
111008,91.0
111136,94.0
111184,168.0
111792,140.0
112080,212.0
112112,139.0
112272,132.0
112560,142.0
112560,107.0
112816,101.0
112880,152.0
113008,125.0
113120,110.0
113328,136.0
113344,111.0
113648,181.0
113936,117.0
114064,141.0
114080,95.0
114512,105.0
114528,122.0
114880,116.0
114960,167.0
114976,115.0
115392,102.0
115440,111.0
115600,94.0
115984,131.0
116592,107.0
116688,188.0
116896,147.0
116912,185.0
116928,121.0
117168,133.0
118656,190.0
118752,102.0
118880,123.0
119056,132.0
119168,139.0
119216,163.0
119344,165.0
119872,168.0
119888,130.0
120112,138.0
120192,171.0
120208,147.0
120496,89.0
120688,126.0
120768,99.0
120784,118.0
120944,212.0
121472,99.0
122192,124.0
122336,143.0
122368,154.0
122496,204.0
122736,163.0
122736,161.0
123072,142.0
123552,152.0
123824,207.0
123856,84.0
123904,113.0
123984,111.0
124752,150.0
124832,130.0
125232,111.0
125360,93.0
125456,169.0
125504,121.0
125520,152.0
126224,1000.0
127008,193.0
127056,126.0
127264,153.0
127808,144.0
127888,151.0
127968,162.0
128032,174.0
128048,157.0
128848,98.0
129040,175.0
129584,105.0
129744,170.0
130192,134.0
130432,154.0
130464,134.0
130928,140.0
131312,107.0
131696,150.0
131744,155.0
131824,129.0
133008,175.0
133120,167.0
133168,115.0
133472,116.0
133696,121.0
135328,161.0
135536,150.0
135680,137.0
135888,253.0
136048,167.0
136304,205.0
136336,107.0
136608,147.0
137200,103.0
137632,121.0
137760,119.0
137968,142.0
138528,178.0
138896,222.0
139168,178.0
139600,101.0
139680,154.0
139744,240.0
139840,1000.0
139952,243.0
140000,1000.0
140160,1000.0
140224,242.0
140528,180.0
140752,115.0
141200,90.0
141616,240.0
141680,196.0
141776,130.0
141808,157.0
141904,170.0
142016,135.0
142592,186.0
142720,122.0
142752,174.0
142800,174.0
142928,172.0
143184,97.0
143552,1000.0
143584,112.0
143600,191.0
143776,130.0
144384,147.0
144576,115.0
144720,181.0
144752,121.0
145056,1000.0
145312,109.0
145632,127.0
145728,174.0
145888,205.0
145904,143.0
146000,227.0
146496,206.0
146688,122.0
146960,160.0
146976,149.0
147216,125.0
147424,105.0
147728,114.0
147744,151.0
148864,210.0
149392,151.0
149440,171.0
149744,233.0
149888,166.0
149936,214.0
149968,215.0
151392,231.0
151696,176.0
152240,152.0
152720,176.0
152768,176.0
153360,244.0
153408,228.0
153456,217.0
153520,136.0
153744,116.0
153824,250.0
153920,157.0
154480,173.0
155248,187.0
155568,313.0
155616,180.0
156080,217.0
156544,188.0
156704,205.0
157344,242.0
157600,229.0
158432,154.0
158688,133.0
158880,174.0
158928,209.0
159008,234.0
160160,219.0
160416,221.0
160768,185.0
160912,206.0
161040,162.0
161440,159.0
161600,269.0
161840,181.0
162176,197.0
163168,132.0
163440,157.0
163744,207.0
164688,227.0
165280,249.0
165504,253.0
165872,1000.0
165984,155.0
166400,263.0
167104,209.0
167232,180.0
168016,154.0
168064,173.0
168176,1000.0
168352,177.0
168592,294.0
169248,125.0
170000,257.0
170144,189.0
171296,155.0
171584,219.0
172000,238.0
172112,538.0
172160,222.0
172896,171.0
173280,204.0
174320,170.0
174512,156.0
175168,190.0
175184,142.0
175600,211.0
175808,157.0
176176,103.0
176240,1000.0
176592,194.0
177088,172.0
177760,134.0
178928,171.0
179456,1000.0
179728,164.0
181328,222.0
181936,187.0
182768,223.0
183744,195.0
183920,261.0
184032,1000.0
184848,177.0
185024,192.0
185056,164.0
185264,1000.0
185968,199.0
186208,135.0
187536,154.0
187968,212.0
189008,248.0
189824,368.0
190928,309.0
191184,1000.0
191824,1000.0
192608,1000.0
193024,199.0
194128,173.0
194240,211.0
194768,239.0
194816,225.0
195472,1000.0
195808,210.0
197200,184.0
197904,242.0
199600,257.0
199760,1000.0
200864,1000.0
202224,1000.0
202880,194.0
203552,1000.0
205024,1000.0
207072,127.0
207840,1000.0
208032,1000.0
209040,1000.0
209952,187.0
210784,1000.0
211824,1000.0
212032,882.0
212400,272.0
212512,216.0
212976,1000.0
214832,1000.0
216032,249.0
219568,1000.0
220672,183.0
223088,1000.0
226112,1000.0
226800,1000.0
228992,1000.0
229744,183.0
231904,217.0
232384,1000.0
233648,206.0
234992,760.0
235584,1000.0
235792,1000.0
236688,1000.0
237024,289.0
238192,1000.0
238576,1000.0
239872,1000.0
240064,336.0
242128,1000.0
243616,268.0
244144,314.0
244320,331.0
245008,1000.0
245760,1000.0
249232,335.0
249472,278.0
253632,1000.0
254208,1000.0
255888,1000.0
258384,296.0
259344,215.0
261600,1000.0
261776,1000.0
262176,1000.0
263216,1000.0
265056,277.0
265248,1000.0
266416,855.0
266592,300.0
267664,1000.0
269264,377.0
269296,1000.0
270576,248.0
272096,1000.0
274400,1000.0
274848,266.0
276176,1000.0
276352,1000.0
277616,1000.0
279200,1000.0
280464,274.0
281264,1000.0
282592,274.0
285312,1000.0
286624,1000.0
287968,267.0
289328,1000.0
289472,1000.0
290416,1000.0
292192,1000.0
292336,272.0
293632,1000.0
295216,1000.0
296480,1000.0
297088,1000.0
297104,295.0
297280,1000.0
299552,273.0
301328,1000.0
302480,1000.0
304128,1000.0
305344,1000.0
305488,1000.0
306432,1000.0
308016,242.0
308208,1000.0
308352,1000.0
309648,1000.0
309936,277.0
311200,881.0
312496,1000.0
312640,288.0
313120,1000.0
313296,1000.0
315568,1000.0
316048,480.0
316192,677.0
318496,1000.0
318656,1000.0
321680,351.0
324224,1000.0
324464,253.0
325664,1000.0
325728,252.0
325952,1000.0
327216,1000.0
329136,1000.0
329312,1000.0
331584,1000.0
332208,1000.0
332416,234.0
333360,1000.0
338512,249.0
340240,1000.0
340480,1000.0
341968,1000.0
342832,638.0
345328,1000.0
346336,1000.0
346832,250.0
347600,1000.0
348432,1000.0
349376,1000.0
350688,1000.0
352736,268.0
354528,1000.0
355632,308.0
356256,1000.0
357696,1000.0
359248,1000.0
361168,1000.0
361344,1000.0
362352,1000.0
362848,1000.0
365392,1000.0
367776,412.0
368656,275.0
368752,1000.0
370544,1000.0
371920,791.0
372272,1000.0
374000,1000.0
374288,555.0
374864,1000.0
377952,1000.0
378368,1000.0
379632,1000.0
383168,299.0
383792,1000.0
384768,1000.0
387584,275.0
387936,1000.0
388288,1000.0
390016,1000.0
390304,1000.0
390880,1000.0
391456,1000.0
393184,1000.0
393376,1000.0
393968,1000.0
394880,1000.0
395648,1000.0
400688,1000.0
403600,1000.0
403680,1000.0
403952,1000.0
404304,1000.0
405328,283.0
406896,1000.0
407472,1000.0
409200,1000.0
409392,1000.0
409984,1000.0
410896,1000.0
416704,1000.0
417456,1000.0
419616,1000.0
419696,1000.0
420320,1000.0
420560,1000.0
421344,1000.0
422048,1000.0
422336,1000.0
425216,1000.0
425408,1000.0
426000,1000.0
426912,1000.0
430272,423.0
432720,1000.0
433472,1000.0
435632,1000.0
435712,1000.0
436336,1000.0
436576,1000.0
438352,1000.0
438928,1000.0
441232,1000.0
441424,1000.0
442928,1000.0
446288,1000.0
447424,1000.0
451648,1000.0
451728,1000.0
452000,1000.0
452352,1000.0
452592,1000.0
454080,1000.0
454944,1000.0
457248,1000.0
458208,409.0
462304,1000.0
463440,1000.0
464752,1000.0
468016,1000.0
469392,1000.0
470384,1000.0
470960,1000.0
473360,1000.0
473456,1000.0
474960,1000.0
478320,1000.0
479456,1000.0
479536,379.0
480768,1000.0
481520,1000.0
484032,1000.0
484384,1000.0
485648,304.0
486112,1000.0
486400,1000.0
490432,298.0
490624,411.0
490976,1000.0
491232,427.0
494336,1000.0
495120,1000.0
495552,1000.0
497536,1000.0
499776,1000.0
502128,1000.0
506992,1000.0
510352,1000.0
511136,1000.0
511568,1000.0
511952,343.0
513552,1000.0
514304,440.0
514864,513.0
516512,313.0
517440,1000.0
519008,1000.0
519760,340.0
520480,350.0
520944,561.0
522272,1000.0
523008,1000.0
529568,1000.0
531088,1000.0
531808,1000.0
532240,290.0
532528,1000.0
532816,353.0
535776,1000.0
536960,1000.0
538288,1000.0
539136,292.0
543280,311.0
543984,1000.0
547104,1000.0
547824,1000.0
548256,1000.0
548384,318.0
548544,1000.0
550176,1000.0
551040,1000.0
551216,351.0
551792,1000.0
553152,297.0
553824,329.0
558240,357.0
563120,1000.0
563840,1000.0
564272,1000.0
566192,1000.0
567056,1000.0
567808,1000.0
568992,1000.0
571024,301.0
572032,299.0
573296,1000.0
574256,1000.0
576016,1000.0
576304,329.0
576544,1000.0
577136,239.0
579136,1000.0
579856,1000.0
580288,1000.0
581264,309.0
583072,1000.0
588048,1000.0
592560,1000.0
593152,1000.0
595872,1000.0
596880,1000.0
597600,347.0
601024,1000.0
601856,1000.0
601872,1000.0
603200,1000.0
604064,1000.0
604640,1000.0
604928,1000.0
607840,289.0
608576,1000.0
609168,1000.0
610688,274.0
611168,1000.0
611328,399.0
612896,1000.0
616512,261.0
617888,311.0
618736,1000.0
623856,1000.0
625184,1000.0
626704,1000.0
627344,1000.0
627904,1000.0
631120,1000.0
633888,1000.0
633904,1000.0
634176,391.0
634752,1000.0
636096,1000.0
636672,1000.0
637456,1000.0
638864,395.0
640960,1000.0
642720,1000.0
643200,1000.0
643632,297.0
648672,331.0
649904,1000.0
649920,1000.0
650192,1000.0
650768,1000.0
652032,305.0
652112,1000.0
652688,1000.0
653472,1000.0
655888,1000.0
656624,1000.0
657216,1000.0
659216,1000.0
659648,1000.0
660928,1000.0
664368,351.0
664688,1000.0
665936,1000.0
666208,644.0
666784,1000.0
668128,1000.0
668704,1000.0
669488,1000.0
670944,295.0
671136,324.0
672640,1000.0
675232,1000.0
675664,1000.0
677568,401.0
677568,1000.0
680384,1000.0
680704,1000.0
681936,1000.0
682768,1000.0
684064,1000.0
684144,1000.0
684720,1000.0
686960,1000.0
688656,1000.0
689248,323.0
691680,1000.0
693584,1000.0
696400,1000.0
698816,1000.0
700160,1000.0
702976,1000.0
704672,1000.0
705264,1000.0
707264,1000.0
709600,1000.0
709600,1000.0
712416,1000.0
712736,1000.0
716176,1000.0
716752,1000.0
718992,1000.0
720688,1000.0
721280,1000.0
723280,1000.0
725248,1000.0
725616,1000.0
725616,1000.0
727104,1000.0
728432,1000.0
728752,1000.0
730816,1000.0
730848,1000.0
732192,1000.0
732480,252.0
737296,1000.0
738464,373.0
741632,1000.0
743120,1000.0
745056,419.0
745552,1000.0
746864,1000.0
748784,1000.0
751024,1000.0
752576,272.0
752720,1000.0
753312,1000.0
754256,907.0
754480,1000.0
757488,297.0
757648,1000.0
759136,1000.0
761072,1000.0
762848,1000.0
762880,1000.0
767040,1000.0
769328,1000.0
769504,1000.0
773504,1000.0
773664,1000.0
778864,1000.0
780816,1000.0
784240,1000.0
785344,1000.0
786288,1000.0
786512,1000.0
787344,1000.0
791168,1000.0
793104,1000.0
793648,393.0
793984,528.0
794912,1000.0
796832,1000.0
800592,1000.0
802304,1000.0
806944,396.0
807184,1000.0
808080,346.0
809760,1000.0
810928,1000.0
811920,1000.0
818320,1000.0
819040,1000.0
819456,819.0
819824,1000.0
821552,1000.0
822960,1000.0
823200,1000.0
824096,1000.0
825136,1000.0
825408,364.0
825776,1000.0
828752,361.0
830864,340.0
831104,1000.0
834176,915.0
834336,1000.0
835056,1000.0
835472,1000.0
837568,1000.0
837792,564.0
837824,1000.0
839008,301.0
839216,1000.0
841152,1000.0
841696,1000.0
841744,391.0
841792,1000.0
842720,478.0
842960,1000.0
846880,1000.0
847120,1000.0
850352,1000.0
853808,1000.0
853840,1000.0
855024,1000.0
857168,1000.0
857712,1000.0
857760,1000.0
857808,1000.0
858976,1000.0
859008,683.0
862896,1000.0
863136,1000.0
866368,1000.0
869600,1000.0
869920,438.0
871040,1000.0
872688,549.0
873184,1000.0
873776,1000.0
873824,1000.0
875472,350.0
879152,1000.0
880928,443.0
881440,402.0
882384,1000.0
884320,609.0
885552,1000.0
885616,1000.0
885840,1000.0
887056,1000.0
889792,1000.0
890768,1000.0
895168,1000.0
895680,1000.0
896944,1000.0
898400,1000.0
900336,1000.0
901008,594.0
901568,1000.0
901856,1000.0
903856,604.0
904720,1000.0
904800,399.0
905760,1000.0
905808,1000.0
907920,378.0
912480,479.0
913472,1000.0
917024,1000.0
917648,1000.0
919088,412.0
920144,416.0
920736,1000.0
921776,1000.0
922720,320.0
923936,1000.0
927200,1000.0
928096,1000.0
932368,1000.0
933040,1000.0
934432,1000.0
935008,487.0
935104,1000.0
936752,1000.0
938736,1000.0
940352,1000.0
942352,1000.0
943184,1000.0
943248,508.0
944112,1000.0
948608,515.0
950448,1000.0
952768,1000.0
953808,1000.0
954272,353.0
954768,1000.0
955200,1000.0
959264,1000.0
960864,440.0
960896,1000.0
961968,450.0
965072,1000.0
965712,458.0
966464,1000.0
968784,1000.0
970784,1000.0
974096,524.0
974112,477.0
974656,598.0
975280,1000.0
976880,1000.0
980080,948.0
982816,470.0
983104,561.0
983152,1000.0
983408,511.0
984432,402.0
984800,1000.0
989712,498.0
990112,1000.0
991120,417.0
991360,496.0
992160,1000.0
992896,1000.0
996096,1000.0
996528,1000.0
998832,1000.0
999072,1000.0
999168,1000.0
1000848,494.0
1002320,352.0
1002320,1000.0
1006128,1000.0
1007136,1000.0
1007376,1000.0
1008176,1000.0
1008912,1000.0
1009424,1000.0
1012112,1000.0
1015088,1000.0
1015136,1000.0
1016336,431.0
1019104,1000.0
1020528,1000.0
1021744,1000.0
1022896,487.0
1022976,382.0
1022976,1000.0
1023392,1000.0
1023664,1000.0
1024192,1000.0
1024816,536.0
1024928,1000.0
1030128,403.0
1030176,454.0
1031152,1000.0
1032352,1000.0
1032384,587.0
1032512,672.0
1034512,1000.0
1036544,1000.0
1038992,1000.0
1039136,413.0
1039952,1000.0
1040832,1000.0
1040944,1000.0
1042784,649.0
1044144,1000.0
1047168,1000.0
1048368,1000.0
1048448,530.0
1049632,470.0
1051136,1000.0
1051616,1000.0
1051856,481.0
1052560,1000.0
1053840,477.0
1055008,1000.0
1056320,491.0
1056848,1000.0
1062000,509.0
1062160,1000.0
1063184,1000.0
1064384,1000.0
1065648,1000.0
1066000,449.0
1067632,1000.0
1068672,406.0
1071440,1000.0
1072864,1000.0
1074720,544.0
1074960,487.0
1075600,438.0
1075920,502.0
1077808,423.0
1078016,1000.0
1079200,1000.0
1080400,1000.0
1084208,537.0
1084336,716.0
1084688,1000.0
1086512,543.0
1088352,1000.0
1088992,1000.0
1090736,1000.0
1093776,589.0
1094032,1000.0
1095216,1000.0
1097120,1000.0
1097504,1000.0
1099632,664.0
1100224,1000.0
1100704,1000.0
1103824,561.0
1104368,1000.0
1106752,1000.0
1107040,595.0
1109792,1000.0
1110112,653.0
1111232,1000.0
1113136,1000.0
1115648,1000.0
1116720,1000.0
1120384,1000.0
1122720,1000.0
1123056,1000.0
1123968,1000.0
1124848,574.0
1125808,1000.0
1126128,1000.0
1126736,625.0
1127248,1000.0
1128448,1000.0
1129152,1000.0
1131776,432.0
1132688,371.0
1135856,1000.0
1136080,641.0
1138464,1000.0
1138736,1000.0
1138784,1000.0
1139984,1000.0
1143264,1000.0
1145376,411.0
1145728,1000.0
1148704,1000.0
1151456,436.0
1151872,1000.0
1152096,1000.0
1152416,1000.0
1154480,1000.0
1154752,1000.0
1156000,1000.0
1157104,732.0
1158160,1000.0
1161184,1000.0
1161744,1000.0
1163808,1000.0
1164288,1000.0
1164720,1000.0
1167888,1000.0
1168432,1000.0
1170496,1000.0
1171104,1000.0
1172016,1000.0
1172592,491.0
1174176,1000.0
1176000,506.0
1177200,1000.0
1177760,1000.0
1179824,1000.0
1180304,1000.0
1182304,866.0
1184128,1000.0
1192016,1000.0
1193776,1000.0
1195840,1000.0
1196320,1000.0
1198464,446.0
1199504,1000.0
1201984,353.0
1202800,1000.0
1203136,1000.0
1203376,366.0
1204048,1000.0
1205312,427.0
1208960,590.0
1209232,1000.0
1209568,401.0
1211856,1000.0
1212848,644.0
1218000,1000.0
1219392,1000.0
1221328,1000.0
1221792,448.0
1223680,1000.0
1224048,1000.0
1225872,404.0
1226816,1000.0
1228160,505.0
1230976,573.0
1232176,1000.0
1233024,1000.0
1233808,495.0
1237344,1000.0
1238864,392.0
1239696,1000.0
1240064,1000.0
1241264,1000.0
1244176,1000.0
1246368,1000.0
1246592,407.0
1248192,1000.0
1249040,1000.0
1249824,1000.0
1251952,503.0
1254880,1000.0
1255248,440.0
1255712,1000.0
1257280,1000.0
1258848,1000.0
1259072,626.0
1260192,1000.0
1260784,345.0
1262384,1000.0
1263968,417.0
1265840,1000.0
1266048,1000.0
1266544,359.0
1266752,480.0
1269776,1000.0
1270224,475.0
1270896,1000.0
1274864,1000.0
1275088,1000.0
1277232,1000.0
1278400,1000.0
1279024,1000.0
1279984,1000.0
1282560,1000.0
1282768,1000.0
1283984,1000.0
1285792,1000.0
1286240,1000.0
1286912,1000.0
1288640,379.0
1290880,1000.0
1290976,556.0
1291104,1000.0
1292064,509.0
1294416,1000.0
1294720,487.0
1298400,395.0
1300800,619.0
1301808,1000.0
1302256,1000.0
1311904,1000.0
1314416,1000.0
1314800,1000.0
1316016,1000.0
1317824,1000.0
1318272,1000.0
1320032,507.0
1323008,1000.0
1323136,1000.0
1324656,491.0
1328032,1000.0
1332832,1000.0
1333488,439.0
1333840,1000.0
1334288,1000.0
1335504,1000.0
1336048,1000.0
1336688,1000.0
1337392,410.0
1338320,492.0
1339152,1000.0
1340672,1000.0
1340960,444.0
1342768,1000.0
1347648,435.0
1348048,1000.0
1348848,1000.0
1350640,491.0
1352064,1000.0
1354336,1000.0
1355040,1000.0
1358832,511.0
1360064,1000.0
1360576,1000.0
1363424,402.0
1363664,1000.0
1364864,1000.0
1367536,1000.0
1368080,1000.0
1368336,490.0
1370352,1000.0
1370608,1000.0
1373008,1000.0
1373328,1000.0
1376592,1000.0
1379440,1000.0
1379680,1000.0
1380864,1000.0
1380880,1000.0
1381536,1000.0
1383552,1000.0
1384352,1000.0
1386624,1000.0
1387072,1000.0
1387200,1000.0
1392096,1000.0
1392608,1000.0
1395456,1000.0
1395696,1000.0
1396880,1000.0
1399568,1000.0
1400000,461.0
1400112,1000.0
1400368,1000.0
1402048,396.0
1402384,1000.0
1402640,1000.0
1405152,515.0
1405360,1000.0
1408112,1000.0
1409040,399.0
1409440,388.0
1411232,379.0
1413568,1000.0
1415584,1000.0
1416128,1000.0
1416384,1000.0
1418064,1000.0
1418400,1000.0
1420432,470.0
1421376,1000.0
1423696,456.0
1424656,411.0
1424784,1000.0
1425056,1000.0
1425456,1000.0
1426272,364.0
1428000,413.0
1429584,1000.0
1430928,424.0
1434416,1000.0
1434416,1000.0
1436864,553.0
1437072,1000.0
1438864,453.0
1439552,462.0
1439712,1000.0
1440672,1000.0
1440800,1000.0
1441072,1000.0
1441472,1000.0
1448048,1000.0
1450432,1000.0
1452880,1000.0
1454880,1000.0
1455568,1000.0
1455728,1000.0
1457088,1000.0
1457488,1000.0
1458304,1000.0
1459280,1000.0
1461216,1000.0
1462960,1000.0
1464064,1000.0
1466448,1000.0
1468896,1000.0
1469104,1000.0
1470896,1000.0
1470992,893.0
1471440,281.0
1471584,1000.0
1472944,405.0
1473504,1000.0
1475776,429.0
1477232,1000.0
1477632,1000.0
1479776,426.0
1480080,1000.0
1482048,696.0
1485120,1000.0
1487600,1000.0
1487760,1000.0
1490336,1000.0
1491792,1000.0
1493248,1000.0
1493296,345.0
1493408,1000.0
1493648,1000.0
1495792,1000.0
1496096,1000.0
1496128,412.0
1498416,504.0
1501136,1000.0
1503472,1000.0
1503616,1000.0
1505136,1000.0
1507808,1000.0
1509424,1000.0
1511808,1000.0
1514080,1000.0
1514432,1000.0
1515840,1000.0
1517136,488.0
1517152,1000.0
1521152,1000.0
1523824,1000.0
1525440,1000.0
1527024,1000.0
1528128,1000.0
1528160,1000.0
1531856,1000.0
1533152,1000.0
1534736,1000.0
1535504,1000.0
1535648,1000.0
1537168,1000.0
1539840,1000.0
1541456,1000.0
1541696,1000.0
1543040,1000.0
1544144,1000.0
1544176,1000.0
1546464,1000.0
1549184,1000.0
1550752,1000.0
1551664,1000.0
1551920,483.0
1553184,1000.0
1553456,1000.0
1555856,1000.0
1556848,961.0
1557712,1000.0
1557888,372.0
1559056,1000.0
1560160,1000.0
1562128,1000.0
1562480,1000.0
1567680,1000.0
1569472,1000.0
1571872,1000.0
1573040,804.0
1575072,1000.0
1578144,1000.0
1579904,1000.0
1580032,828.0
1581216,1000.0
1583696,1000.0
1587360,465.0
1588192,903.0
1588880,1000.0
1588880,478.0
1590384,840.0
1591088,1000.0
1591888,1000.0
1594160,1000.0
1594512,1000.0
1595760,524.0
1596512,476.0
1596928,364.0
1602768,1000.0
1605072,1000.0
1606400,1000.0
1606800,413.0
1606912,1000.0
1609792,408.0
1610176,1000.0
1613136,1000.0
1614608,795.0
1615584,1000.0
1615728,1000.0
1616496,383.0
1621984,637.0
1622816,1000.0
1622928,1000.0
1622928,373.0
1625472,770.0
1626864,704.0
1631136,771.0
1632512,1000.0
1633088,634.0
1634128,706.0
1634544,1000.0
1636576,852.0
1636720,615.0
1637472,814.0
1638432,1000.0
1639408,605.0
1639584,405.0
1640752,823.0
1643760,1000.0
1644336,611.0
1648672,567.0
1648752,425.0
1650784,438.0
1652288,720.0
1652592,1000.0
1653120,1000.0
1653488,1000.0
1654992,582.0
1655104,401.0
1655424,1000.0
1655520,422.0
1657440,417.0
1657952,447.0
1658592,393.0
1659200,434.0
1660080,556.0
1660304,481.0
1660448,457.0
1661168,479.0
1662240,425.0
1662864,491.0
1664928,467.0
1665232,414.0
1666992,431.0
1667264,380.0
1669344,458.0
1670016,444.0
1671424,448.0
1671424,534.0
1672144,450.0
1672624,461.0
1673856,411.0
1673920,425.0
1673968,1000.0
1674080,315.0
1675216,1000.0
1678432,437.0
1679184,409.0
1681120,439.0
1681120,462.0
1681232,456.0
1685104,416.0
1685200,448.0
1685456,391.0
1687440,1000.0
1687488,397.0
1687824,418.0
1688272,431.0
1688288,402.0
1689056,491.0
1691744,414.0
1692256,463.0
1692480,1000.0
1692592,445.0
1694816,460.0
1695984,530.0
1696160,474.0
1696704,433.0
1699200,1000.0
1701392,419.0
1702720,468.0
1702832,472.0
1703200,436.0
1703312,446.0
1703536,426.0
1705104,368.0
1705376,409.0
1707440,377.0
1708736,393.0
1709600,378.0
1709936,443.0
1710464,446.0
1710832,1000.0
1711968,424.0
1712032,415.0
1712144,558.0
1715696,380.0
1715744,1000.0
1716768,431.0
1717120,415.0
1719056,442.0
1721088,998.0
1721088,1000.0
1723456,1000.0
1723664,395.0
1723728,434.0
1724288,1000.0
1727632,408.0
1727904,425.0
1728672,388.0
1729632,660.0
1730320,411.0
1730528,428.0
1730544,442.0
1730848,409.0
1731056,495.0
1731440,1000.0
1733056,331.0
1733344,1000.0
1735104,466.0
1735216,1000.0
1735888,1000.0
1736512,386.0
1736656,382.0
1736720,366.0
1736976,401.0
1738480,439.0
1740048,400.0
1743328,416.0
1743600,366.0
1744400,369.0
1744688,1000.0
1745104,394.0
1747488,801.0
1747936,867.0
1749328,412.0
1749760,401.0
1750544,383.0
1750624,438.0
1750768,353.0
1751232,1000.0
1752016,536.0
1752752,1000.0
1753024,393.0
1753712,378.0
1755408,1000.0
1756224,403.0
1759200,402.0
1759632,482.0
1759984,391.0
1760400,460.0
1760432,313.0
1762832,378.0
1763568,383.0
1763952,1000.0
1764048,387.0
1765312,354.0
1766048,331.0
1766688,392.0
1766784,1000.0
1768928,380.0
1769072,567.0
1769360,337.0
1770176,871.0
1770944,430.0
1771904,411.0
1772656,412.0
1772704,379.0
1773456,416.0
1773568,391.0
1775216,1000.0
1775584,555.0
1776416,368.0
1776560,449.0
1776560,398.0
1778912,340.0
1779120,403.0
1779600,376.0
1779888,498.0
1780048,458.0
1780784,388.0
1782368,1000.0
1782752,386.0
1782992,462.0
1783664,794.0
1784192,1000.0
1784912,1000.0
1785312,555.0
1786048,384.0
1786352,421.0
1786544,405.0
1788480,342.0
1788976,388.0
1790240,854.0
1790848,357.0
1791040,357.0
1791232,1000.0
1792096,493.0
1792464,400.0
1795008,528.0
1795104,382.0
1797136,374.0
1797552,394.0
1797664,425.0
1798384,1000.0
1801392,398.0
1801712,452.0
1802288,358.0
1802384,454.0
1804480,423.0
1804992,385.0
1805888,600.0
1807680,625.0
1808416,418.0
1808432,377.0
1808464,441.0
1808752,398.0
1808880,411.0
1809376,377.0
1809952,333.0
1810624,1000.0
1811152,416.0
1812736,483.0
1813648,484.0
1813968,392.0
1814864,373.0
1815632,354.0
1816496,436.0
1816848,355.0
1817968,458.0
1819104,397.0
1819472,368.0
1819760,412.0
1819920,717.0
1820608,414.0
1821040,385.0
1822176,332.0
1823024,407.0
1824048,379.0
1825312,364.0
1826000,366.0
1826096,385.0
1826912,376.0
1827024,400.0
1828048,352.0
1828608,472.0
1828848,381.0
1830192,1000.0
1830320,391.0
1830352,1000.0
1831152,507.0
1831312,374.0
1831376,367.0
1831760,353.0
1832864,371.0
1833296,391.0
1833552,464.0
1836608,392.0
1837312,434.0
1837392,389.0
1837552,361.0
1838192,1000.0
1839104,389.0
1839904,396.0
1840080,439.0
1840496,385.0
1840768,375.0
1840784,315.0
1842832,388.0
1842864,344.0
1844864,1000.0
1845216,438.0
1846112,376.0
1846208,443.0
1847648,428.0
1849088,390.0
1849248,497.0
1849360,405.0
1851056,386.0
1851472,390.0
1851648,469.0
1852304,380.0
1852880,422.0
1853056,406.0
1853328,1000.0
1855536,492.0
1855632,408.0
1855920,1000.0
1855920,416.0
1858256,371.0
1859408,396.0
1859552,416.0
1861392,341.0
1861808,367.0
1862016,388.0
1862224,475.0
1862368,420.0
1862768,396.0
1863136,396.0
1865008,419.0
1865104,324.0
1865376,1000.0
1865408,374.0
1868304,431.0
1868480,403.0
1869248,350.0
1869296,441.0
1869312,385.0
1869776,437.0
1871056,352.0
1871200,386.0
1871344,389.0
1874272,1000.0
1875088,364.0
1875712,462.0
1875856,409.0
1877136,379.0
1878112,1000.0
1878192,412.0
1880592,389.0
1881728,424.0
1881920,373.0
1883456,389.0
1884032,510.0
1884656,468.0
1889072,415.0
1889360,464.0
1889552,380.0
1890064,376.0
1890624,389.0
1891024,424.0
1891744,444.0
1892928,410.0
1893152,1000.0
1893376,1000.0
1894432,405.0
1895520,391.0
1895520,372.0
1895792,419.0
1895808,402.0
1896080,375.0
1897040,337.0
1897408,423.0
1897504,1000.0
1900672,1000.0
1900800,477.0
1901456,438.0
1901760,372.0
1902032,388.0
1902288,387.0
1902320,424.0
1902624,348.0
1902656,445.0
1902832,367.0
1903440,385.0
1903632,382.0
1903680,391.0
1904896,453.0
1906240,390.0
1907936,385.0
1908272,425.0
1908416,361.0
1908944,1000.0
1908992,384.0
1909040,419.0
1909296,365.0
1910112,465.0
1910464,423.0
1911552,415.0
1913008,399.0
1913088,300.0
1913264,438.0
1914288,369.0
1914832,378.0
1914864,402.0
1914992,377.0
1915328,392.0
1915472,385.0
1916176,378.0
1916704,389.0
1917024,416.0
1918272,419.0
1918768,354.0
1918960,371.0
1920368,379.0
1920880,375.0
1922880,418.0
1924064,330.0
1925008,1000.0
1927280,412.0
1927856,435.0
1928384,439.0
1928832,392.0
1929088,401.0
1929136,390.0
1930096,695.0
1930672,354.0
1930832,1000.0
1931056,377.0
1932720,1000.0
1934064,387.0
1935328,405.0
1936208,381.0
1936736,378.0
1937872,447.0
1938000,448.0
1939344,413.0
1939760,381.0
1939840,412.0
1941280,381.0
1941392,381.0
1941584,396.0
1942880,416.0
1943136,358.0
1943952,417.0
1944304,401.0
1946192,401.0
1947424,376.0
1947456,475.0
1947456,366.0
1947952,416.0
1948080,445.0
1949040,384.0
1949216,379.0
1949808,373.0
1950080,1000.0
1950464,405.0
1950688,398.0
1951152,449.0
1952800,333.0
1953152,357.0
1953600,383.0
1953872,361.0
1954208,390.0
1954896,365.0
1955840,376.0
1955984,328.0
1956880,424.0
1958144,372.0
1958752,371.0
1959344,386.0
1959696,363.0
1961312,341.0
1961536,414.0
1961792,362.0
1962304,388.0
1963184,419.0
1963232,396.0
1963392,327.0
1963648,441.0
1965328,373.0
1966032,395.0
1967040,357.0
1967168,1000.0
1967904,349.0
1969088,355.0
1969152,369.0
1969696,406.0
1971104,339.0
1971376,1000.0
1971456,382.0
1971504,341.0
1973008,332.0
1973744,364.0
1974144,389.0
1974528,1000.0
1974560,255.0
1974976,367.0
1975248,504.0
1975296,383.0
1977056,371.0
1977184,354.0
1978144,320.0
1980112,397.0
1981632,351.0
1981680,380.0
1983280,380.0
1985024,383.0
1985792,354.0
1985888,262.0
1987072,339.0
1987744,341.0
1988480,333.0
1988576,344.0
1989344,362.0
1990576,1000.0
1991120,332.0
1991696,401.0
1992336,402.0
1992768,592.0
1992832,359.0
1993712,372.0
1994448,372.0
1994480,368.0
1995888,585.0
1996144,355.0
1996672,346.0
1996960,1000.0
1998704,370.0
2000240,359.0
2001424,369.0
2001520,351.0
2002304,351.0
2002304,347.0
2002880,469.0
2003392,389.0
2003504,408.0
2005360,393.0
2006112,336.0
2006400,327.0
2007232,397.0
2007344,363.0
2007680,390.0
2007712,1000.0
2008064,323.0
2008112,384.0
2009088,348.0
2012208,380.0
2012624,336.0
2013328,352.0
2013392,332.0
2013392,354.0
2013664,394.0
2014112,359.0
2015232,341.0
2015952,428.0
2016176,383.0
2018096,367.0
2018320,1000.0
2019520,382.0
2019888,388.0
2021216,328.0
2021872,1000.0
2022016,364.0
2023024,486.0
2023296,702.0
2024128,1000.0
2024400,342.0
2024816,337.0
2025488,349.0
2025712,400.0
2027856,364.0
2028640,1000.0
2030176,1000.0
2030176,360.0
2031936,336.0
2032496,423.0
2032944,317.0
2033536,631.0
2033952,347.0
2034112,1000.0
2035056,682.0
2035360,326.0
2035696,344.0
2035840,409.0
2036432,390.0
2036960,278.0
2038560,350.0
2039040,322.0
2039328,361.0
2039408,340.0
2039888,360.0
2040000,356.0
2040752,306.0
2041040,333.0
2041264,428.0
2042720,392.0
2043008,309.0
2044160,406.0
2044736,485.0
2045216,325.0
2045216,385.0
2045440,346.0
2046576,331.0
2047616,410.0
2048944,388.0
2049536,331.0
2050176,375.0
2050656,339.0
2051216,361.0
2051504,335.0
2051936,334.0
2052256,1000.0
2052464,360.0
2053744,320.0
2054864,332.0
2055648,341.0
2056048,706.0
2056992,396.0
2057280,378.0
2057328,316.0
2057344,337.0
2057728,382.0
2057776,319.0
2057808,333.0
2058896,284.0
2059024,329.0
2059232,337.0
2059312,389.0
2061520,341.0
2062416,316.0
2062752,338.0
2062784,361.0
2063008,324.0
2063504,357.0
2064288,328.0
2065152,369.0
2065472,511.0
2066576,394.0
2066672,1000.0
2066800,329.0
2067456,314.0
2069072,298.0
2069760,340.0
2069920,381.0
2070528,469.0
2070544,484.0
2071104,351.0
2071360,752.0
2071952,329.0
2072928,382.0
2073200,502.0
2074432,334.0
2074496,295.0
2075024,339.0
2075440,344.0
2075744,764.0
2075904,334.0
2076416,506.0
2076592,378.0
2076912,346.0
2077072,319.0
2078768,1000.0
2079552,319.0
2080368,333.0
2080400,449.0
2080976,345.0
2081920,375.0
2082000,307.0
2083472,1000.0
2085728,334.0
2085888,342.0
2087440,344.0
2088128,446.0
2088368,367.0
2088704,326.0
2088928,750.0
2088944,1000.0
2089392,412.0
2090544,302.0
2091184,330.0
2091536,255.0
2092784,332.0
2093296,307.0
2093712,348.0
2095280,321.0
2095696,321.0
2097056,366.0
2098224,307.0
2098384,589.0
2098624,364.0
2099184,341.0
2100160,336.0
2101264,347.0
2101648,394.0
2102864,841.0
2103824,339.0
2104464,364.0
2105392,326.0
2105600,323.0
2106224,337.0
2108960,670.0
2109392,388.0
2109472,352.0
2109632,322.0
2110256,370.0
2111312,369.0
2111360,359.0
2111808,344.0
2112720,615.0
2114144,323.0
2114304,291.0
2114880,342.0
2117184,366.0
2117184,308.0
2118048,334.0
2118368,352.0
2118448,302.0
2119456,1000.0
2120128,327.0
2123040,365.0
2123632,328.0
2124864,337.0
2126224,380.0
2126272,1000.0
2126656,561.0
2127728,339.0
2128352,877.0
2128384,333.0
2128400,333.0
2128576,304.0
2129472,400.0
2130048,323.0
2130160,1000.0
2131536,331.0
2131872,384.0
2132672,399.0
2133200,1000.0
2134064,1000.0
2134320,372.0
2134464,1000.0
2134608,388.0
2135376,351.0
2135712,353.0
2136656,319.0
2136720,409.0
2138080,337.0
2138928,380.0
2139088,329.0
2139168,302.0
2139216,321.0
2139216,287.0
2139328,615.0
2139632,333.0
2142256,345.0
2143104,405.0
2144192,318.0
2144288,319.0
2144752,338.0
2145408,360.0
2145424,387.0
2147904,352.0
2148112,312.0
2149216,1000.0
2149664,652.0
2149712,338.0
2149744,311.0
2149888,339.0
2151264,365.0
2151440,375.0
2151584,334.0
2152256,373.0
2152672,1000.0
2154160,322.0
2154240,351.0
2154768,346.0
2154960,325.0
2155312,352.0
2156480,305.0
2156576,417.0
2157712,340.0
2157792,407.0
2158816,383.0
2159632,291.0
2159840,340.0
2160048,329.0
2160128,437.0
2161040,278.0
2161856,335.0
2162608,351.0
2163152,334.0
2163968,321.0
2164640,299.0
2165984,370.0
2166368,332.0
2166448,762.0
2166464,349.0
2166464,512.0
2166480,288.0
2167712,318.0
2168336,323.0
2169008,705.0
2169200,326.0
2170288,320.0
2170976,1000.0
2171104,295.0
2171232,327.0
2171440,309.0
2171472,385.0
2173056,252.0
2175840,295.0
2176064,317.0
2177600,384.0
2177920,544.0
2178160,500.0
2179936,273.0
2180720,305.0
2181184,319.0
2181472,337.0
2181584,358.0
2183728,1000.0
2185440,454.0
2185872,320.0
2186816,350.0
2187488,1000.0
2188736,312.0
2192016,595.0
2192128,331.0
2192272,338.0
2192400,1000.0
2192448,370.0
2193664,325.0
2193744,390.0
2194400,332.0
2195472,293.0
2195952,1000.0
2197232,301.0
2197312,314.0
2197360,339.0
2197824,335.0
2198032,375.0
2198176,377.0
2199184,312.0
2200320,302.0
2200912,309.0
2202576,1000.0
2203072,356.0
2203840,303.0
2204016,331.0
2205392,361.0
2205808,476.0
2206096,323.0
2207872,1000.0
2208032,340.0
2208480,372.0
2209392,335.0
2210112,342.0
2210544,321.0
2212256,261.0
2212688,290.0
2213456,305.0
2214384,311.0
2215648,318.0
2216640,305.0
2217168,306.0
2218416,1000.0
2218480,324.0
2218528,337.0
2218624,370.0
2218880,280.0
2220624,310.0
2220928,297.0
2221392,263.0
2221744,322.0
2222816,267.0
2223280,290.0
2223344,303.0
2223664,327.0
2224496,317.0
2225216,1000.0
2225776,307.0
2227184,339.0
2227600,387.0
2228496,321.0
2228736,310.0
2229248,348.0
2229472,1000.0
2229472,1000.0
2229936,294.0
2230688,386.0
2231376,349.0
2232592,337.0
2233664,319.0
2234112,289.0
2234144,305.0
2234176,339.0
2234896,1000.0
2235360,327.0
2235600,306.0
2235824,277.0
2237360,298.0
2238272,354.0
2238864,324.0
2240416,300.0
2240480,319.0
2243072,207.0
2243120,302.0
2243696,276.0
2244544,354.0
2244576,365.0
2245488,1000.0
2246912,405.0
2247936,303.0
2248960,333.0
2249840,328.0
2250448,309.0
2251680,304.0
2252800,303.0
2253696,295.0
2255536,340.0
2255680,326.0
2256368,340.0
2256928,313.0
2256944,361.0
2257552,481.0
2257744,308.0
2258848,293.0
2259056,293.0
2260560,1000.0
2260768,317.0
2261312,360.0
2261344,310.0
2261744,300.0
2262576,313.0
2262816,316.0
2262912,326.0
2263680,301.0
2263904,314.0
2264448,1000.0
2264992,370.0
2267680,318.0
2268016,222.0
2268304,661.0
2269264,334.0
2270816,306.0
2271088,310.0
2272400,296.0
2272464,298.0
2272560,303.0
2273232,294.0
2273280,287.0
2273520,325.0
2273664,274.0
2274448,401.0
2275296,268.0
2275968,253.0
2276128,277.0
2276576,351.0
2277280,304.0
2277568,312.0
2277984,294.0
2278784,328.0
2279264,300.0
2280224,265.0
2281056,292.0
2281264,320.0
2282368,299.0
2282576,580.0
2282608,288.0
2283568,298.0
2283840,285.0
2284816,315.0
2284912,292.0
2285600,270.0
2286080,313.0
2286672,330.0
2286848,279.0
2287104,1000.0
2287504,326.0
2288128,284.0
2288528,292.0
2289424,281.0
2289616,299.0
2289680,1000.0
2291136,315.0
2291616,297.0
2291728,263.0
2293072,313.0
2293264,320.0
2293408,304.0
2294272,1000.0
2295328,330.0
2296144,298.0
2298560,286.0
2298576,347.0
2298592,332.0
2301120,283.0
2301184,255.0
2301328,296.0
2301376,377.0
2301376,326.0
2301408,283.0
2303312,295.0
2303648,1000.0
2304912,220.0
2305552,258.0
2306032,293.0
2308048,507.0
2308416,218.0
2308544,278.0
2310464,743.0
2310608,315.0
2310800,297.0
2310992,276.0
2311152,296.0
2311680,282.0
2311840,255.0
2312592,283.0
2313072,284.0
2313088,1000.0
2313872,332.0
2314640,217.0
2315120,858.0
2315344,304.0
2315776,298.0
2315888,317.0
2316688,302.0
2317136,1000.0
2317424,271.0
2317776,323.0
2318720,302.0
2319312,291.0
2320672,248.0
2320688,306.0
2320864,283.0
2321296,284.0
2322928,343.0
2323344,288.0
2323984,370.0
2324848,1000.0
2325072,284.0
2325376,293.0
2325536,317.0
2326464,349.0
2326672,313.0
2327664,304.0
2327872,308.0
2328544,284.0
2328928,1000.0
2330224,302.0
2330336,328.0
2330992,282.0
2331600,310.0
2332432,346.0
2333216,333.0
2335104,304.0
2335248,306.0
2335664,292.0
2335984,1000.0
2336144,314.0
2337344,296.0
2338144,322.0
2340624,289.0
2341824,279.0
2342896,296.0
2343024,329.0
2343072,299.0
2343216,310.0
2343680,1000.0
2345024,876.0
2345232,307.0
2345312,292.0
2347120,1000.0
2347408,348.0
2347840,297.0
2347856,304.0
2348144,327.0
2348720,314.0
2349024,362.0
2349200,323.0
2349968,295.0
2351584,260.0
2352416,285.0
2352800,308.0
2353328,323.0
2353376,290.0
2354432,326.0
2355040,297.0
2355856,1000.0
2356704,275.0
2357120,293.0
2357376,325.0
2357584,317.0
2357680,380.0
2358384,315.0
2359200,297.0
2359760,294.0
2359936,338.0
2361040,323.0
2362144,339.0
2362720,333.0
2362736,315.0
2362992,337.0
2363104,288.0
2363104,294.0
2363792,296.0
2365232,330.0
2366144,318.0
2367440,293.0
2367472,842.0
2367728,295.0
2367760,290.0
2368016,306.0
2368256,278.0
2368400,266.0
2368720,273.0
2369312,969.0
2370336,318.0
2371488,333.0
2372368,305.0
2372656,274.0
2372768,326.0
2372880,303.0
2373280,304.0
2373280,1000.0
2373584,303.0
2374480,322.0
2374560,444.0
2375024,292.0
2376144,290.0
2377424,290.0
2377520,289.0
2377776,319.0
2378096,346.0
2378144,335.0
2378352,316.0
2378736,1000.0
2378816,326.0
2378816,298.0
2379232,291.0
2379392,306.0
2381664,285.0
2382768,288.0
2382880,331.0
2382928,337.0
2382992,347.0
2383120,268.0
2383264,282.0
2383536,294.0
2383664,331.0
2383904,291.0
2384064,291.0
2386464,299.0
2387216,229.0
2387616,302.0
2387776,303.0
2388160,322.0
2389024,319.0
2389088,384.0
2389296,1000.0
2391104,289.0
2391872,293.0
2391984,279.0
2393024,327.0
2393136,326.0
2393280,319.0
2393728,317.0
2393872,270.0
2394064,297.0
2396176,282.0
2396208,318.0
2396672,299.0
2397520,315.0
2397648,244.0
2397712,276.0
2397744,287.0
2397792,337.0
2398864,299.0
2398896,1000.0
2400080,1000.0
2400976,297.0
2401120,308.0
2401440,297.0
2401776,319.0
2402320,282.0
2402352,293.0
2402528,312.0
2402864,319.0
2403328,350.0
2403456,286.0
2405168,317.0
2406448,257.0
2406912,284.0
2408416,296.0
2410000,1000.0
2410224,281.0
2410688,264.0
2410960,263.0
2411328,276.0
2411984,264.0
2414800,310.0
2414928,706.0
2415376,292.0
2415840,281.0
2417456,1000.0
2419520,286.0
2420352,310.0
2420688,367.0
2420736,305.0
2420848,269.0
2421056,1000.0
2422832,1000.0
2423552,1000.0
2423968,225.0
2424192,291.0
2425152,255.0
2425616,307.0
2426976,1000.0
2427280,286.0
2427632,299.0
2427856,281.0
2428784,326.0
2429120,321.0
2429856,293.0
2429904,961.0
2430160,282.0
2431552,285.0
2431712,276.0
2432368,281.0
2433056,287.0
2433184,346.0
2433488,286.0
2434064,329.0
2434544,302.0
2435024,319.0
2435120,309.0
2436000,277.0
2436192,279.0
2436752,1000.0
2438112,315.0
2438224,251.0
2438960,305.0
2438976,342.0
2439696,285.0
2439888,333.0
2439952,307.0
2440752,296.0
2440992,299.0
2441840,289.0
2441904,321.0
2442720,280.0
2442720,285.0
2444192,280.0
2445952,324.0
2446656,313.0
2447184,303.0
2447328,270.0
2447744,313.0
2448064,293.0
2448528,308.0
2450368,275.0
2451584,307.0
2451920,286.0
2452192,316.0
2452608,283.0
2453008,328.0
2453136,355.0
2453232,293.0
2454192,299.0
2455232,303.0
2455392,263.0
2455904,1000.0
2456704,298.0
2457008,1000.0
2457024,315.0
2457056,277.0
2457120,299.0
2457456,277.0
2458304,272.0
2459152,309.0
2460992,241.0
2461616,286.0
2462064,315.0
2462432,310.0
2462832,288.0
2465472,279.0
2465632,341.0
2465696,276.0
2465840,287.0
2465936,423.0
2466320,293.0
2467040,284.0
2467120,315.0
2467888,287.0
2468512,297.0
2469824,271.0
2470304,291.0
2470672,271.0
2470736,299.0
2471472,232.0
2471984,295.0
2472064,308.0
2472288,239.0
2472336,330.0
2473008,280.0
2475376,289.0
2475824,321.0
2475872,295.0
2476336,303.0
2476960,305.0
2477552,328.0
2478480,329.0
2479856,291.0
2480320,280.0
2480512,320.0
2480720,302.0
2481408,316.0
2481856,1000.0
2482032,282.0
2482496,289.0
2483072,286.0
2484064,233.0
2484800,308.0
2485088,308.0
2485328,287.0
2485568,315.0
2486144,269.0
2486304,275.0
2486432,285.0
2486720,263.0
2486928,305.0
2489168,272.0
2489488,1000.0
2489520,276.0
2489648,269.0
2491216,298.0
2491296,272.0
2491600,330.0
2492752,251.0
2492768,268.0
2493920,296.0
2494096,277.0
2494288,297.0
2495408,1000.0
2495584,262.0
2495744,282.0
2496176,304.0
2496240,289.0
2497696,257.0
2498512,286.0
2499328,326.0
2500416,300.0
2500432,292.0
2501632,278.0
2502064,316.0
2502928,275.0
2502928,281.0
2503344,289.0
2504240,306.0
2505072,289.0
2505104,292.0
2509632,284.0
2510544,266.0
2512560,267.0
2512608,281.0
2512944,287.0
2513680,252.0
2513712,1000.0
2514096,276.0
2514496,290.0
2516320,266.0
2516448,280.0
2516896,267.0
2518400,294.0
2518496,300.0
2518944,1000.0
2519456,309.0
2519872,213.0
2520768,300.0
2521072,295.0
2521296,310.0
2521856,295.0
2522800,268.0
2522992,252.0
2523248,302.0
2523632,266.0
2524800,307.0
2526032,260.0
2526160,336.0
2526560,1000.0
2527104,240.0
2527344,283.0
2528208,325.0
2528576,1000.0
2528960,1000.0
2529744,245.0
2530064,328.0
2530400,264.0
2531456,292.0
2531664,284.0
2531872,282.0
2532784,992.0
2533120,283.0
2534320,285.0
2534448,389.0
2534496,838.0
2534864,299.0
2536048,273.0
2536320,296.0
2537408,267.0
2539232,306.0
2539376,281.0
2539520,316.0
2539648,1000.0
2540528,376.0
2540768,294.0
2540976,270.0
2541904,280.0
2541936,288.0
2542032,634.0
2543264,251.0
2544064,275.0
2544224,1000.0
2544976,1000.0
2546192,267.0
2546288,264.0
2546560,288.0
2547088,315.0
2547552,267.0
2548464,273.0
2549488,295.0
2549936,297.0
2550016,314.0
2550208,305.0
2551664,202.0
2552256,322.0
2552736,266.0
2554080,286.0
2554496,267.0
2554608,684.0
2554864,302.0
2556960,263.0
2556992,332.0
2557760,263.0
2558608,282.0
2558944,270.0
2559056,284.0
2559760,305.0
2559872,260.0
2560816,281.0
2561184,261.0
2561424,278.0
2561952,261.0
2562208,1000.0
2563472,275.0
2565488,255.0
2565920,280.0
2566832,209.0
2567152,324.0
2567328,804.0
2569184,1000.0
2569280,313.0
2570624,293.0
2571728,285.0
2571856,289.0
2572064,322.0
2573200,298.0
2573888,293.0
2574768,258.0
2574800,281.0
2574960,1000.0
2575408,382.0
2576208,310.0
2576240,273.0
2576928,294.0
2576944,1000.0
2577200,1000.0
2577584,273.0
2578192,268.0
2578224,1000.0
2578992,263.0
2579056,265.0
2579904,308.0
2580016,1000.0
2580608,295.0
2581008,297.0
2582528,270.0
2583168,260.0
2583344,267.0
2584112,262.0
2585296,292.0
2585424,266.0
2585984,310.0
2586128,282.0
2587152,264.0
2587648,274.0
2588288,308.0
2589008,267.0
2589264,483.0
2590016,330.0
2590400,266.0
2590736,296.0
2591600,277.0
2591824,273.0
2592192,283.0
2592224,1000.0
2592960,1000.0
2593088,254.0
2593296,271.0
2593472,251.0
2594480,254.0
2594496,279.0
2594960,263.0
2595856,265.0
2596528,270.0
2597808,348.0
2597872,274.0
2598544,1000.0
2600080,263.0
2600128,1000.0
2601200,280.0
2601264,295.0
2602048,255.0
2602256,277.0
2602352,279.0
2602896,271.0
2602912,304.0
2602992,268.0
2603248,264.0
2603728,292.0
2603840,679.0
2605280,1000.0
2605296,255.0
2607632,294.0
2607680,292.0
2607696,277.0
2609312,278.0
2609776,279.0
2609840,284.0
2611648,238.0
2611968,266.0
2612304,278.0
2612448,265.0
2612480,299.0
2613312,249.0
2614080,268.0
2614448,287.0
2616368,274.0
2616368,294.0
2616576,255.0
2616672,297.0
2616912,287.0
2617280,1000.0
2617408,255.0
2618272,1000.0
2618752,291.0
2619056,310.0
2619744,1000.0
2620592,250.0
2621552,304.0
2621792,281.0
2622608,270.0
2623024,204.0
2623184,1000.0
2623456,274.0
2626176,293.0
2626304,277.0
2626640,269.0
2627232,288.0
2627696,281.0
2628464,1000.0
2629856,267.0
2630128,281.0
2630416,256.0
2630464,1000.0
2631232,286.0
2631584,318.0
2631712,290.0
2631808,285.0
2632384,1000.0
2632640,260.0
2632656,309.0
2634096,247.0
2634144,273.0
2634560,260.0
2634768,1000.0
2634800,273.0
2635008,283.0
2635632,274.0
2635984,274.0
2636016,262.0
2637136,279.0
2637216,301.0
2638528,273.0
2638672,256.0
2639152,273.0
2639472,1000.0
2639872,303.0
2640256,264.0
2640416,262.0
2640752,297.0
2641632,275.0
2641824,292.0
2642064,296.0
2642592,253.0
2643168,280.0
2643856,248.0
2644464,283.0
2644480,263.0
2644832,313.0
2645008,286.0
2645808,248.0
2646592,282.0
2647536,287.0
2648656,260.0
2648976,258.0
2649120,256.0
2650144,270.0
2650336,280.0
2650784,306.0
2651248,243.0
2651728,320.0
2651824,267.0
2653152,285.0
2653216,284.0
2653392,275.0
2654480,270.0
2655168,1000.0
2655248,306.0
2656512,292.0
2656768,1000.0
2657152,257.0
2657296,254.0
2657648,259.0
2658592,256.0
2659376,257.0
2659536,282.0
2659872,1000.0
2660256,262.0
2660944,1000.0
2661488,261.0
2661760,256.0
2662560,299.0
2662928,270.0
2663488,1000.0
2664448,306.0
2664848,267.0
2665232,310.0
2665296,303.0
2665872,273.0
2665952,312.0
2666016,265.0
2667104,260.0
2668544,276.0
2668928,254.0
2669808,285.0
2670144,266.0
2670464,281.0
2671392,267.0
2671440,285.0
2672960,275.0
2673040,268.0
2673712,268.0
2674416,287.0
2675152,281.0
2675328,327.0
2675824,1000.0
2676272,301.0
2677040,1000.0
2677136,260.0
2677360,269.0
2677472,234.0
2677600,255.0
2678704,268.0
2679232,265.0
2679312,248.0
2679360,308.0
2679504,1000.0
2680192,272.0
2680672,274.0
2680848,257.0
2681280,258.0
2681728,292.0
2681760,274.0
2681872,274.0
2682320,294.0
2683344,248.0
2683424,261.0
2683536,301.0
2683968,252.0
2684880,292.0
2685120,277.0
2685616,270.0
2686192,278.0
2686336,260.0
2686384,281.0
2686688,272.0
2688240,266.0
2688928,271.0
2689280,259.0
2689648,295.0
2690000,273.0
2690032,227.0
2690112,311.0
2690512,272.0
2691296,287.0
2692144,252.0
2692736,280.0
2693696,198.0
2693760,256.0
2694336,268.0
2694624,288.0
2694704,266.0
2695248,262.0
2698176,275.0
2698496,202.0
2698928,263.0
2699808,287.0
2700352,239.0
2701632,255.0
2701696,262.0
2702368,247.0
2703280,246.0
2703856,268.0
2703920,256.0
2704752,283.0
2704784,276.0
2706336,265.0
2707088,294.0
2707376,271.0
2707664,281.0
2707840,244.0
2708096,196.0
2708144,211.0
2708256,261.0
2708832,307.0
2709072,267.0
2709440,477.0
2709744,251.0
2710432,255.0
2711088,590.0
2711664,285.0
2711856,282.0
2711968,241.0
2712336,280.0
2712512,272.0
2712672,275.0
2712704,241.0
2713024,246.0
2713584,258.0
2714160,275.0
2714800,272.0
2715312,241.0
2715952,255.0
2716064,268.0
2716304,270.0
2716336,291.0
2716864,271.0
2716896,261.0
2717264,286.0
2717520,245.0
2719056,253.0
2719328,250.0
2719376,292.0
2719872,1000.0
2720752,277.0
2720864,299.0
2720944,252.0
2721200,303.0
2721792,275.0
2721808,267.0
2723136,391.0
2723392,270.0
2723712,261.0
2723744,275.0
2724448,316.0
2724496,205.0
2725264,272.0
2725280,282.0
2725360,237.0
2725536,233.0
2726736,307.0
2727616,263.0
2727728,286.0
2727952,262.0
2728416,293.0
2728864,247.0
2728928,246.0
2731312,285.0
2731680,246.0
2732640,258.0
2732880,250.0
2732944,250.0
2733360,248.0
2733424,312.0
2734112,254.0
2734576,274.0
2734608,880.0
2735888,1000.0
2736928,252.0
2736976,270.0
2737040,225.0
2737776,301.0
2739984,255.0
2740048,294.0
2741280,268.0
2741440,281.0
2741520,233.0
2743168,265.0
2744064,250.0
2744512,264.0
2744576,286.0
2745248,1000.0
2745248,316.0
2745360,1000.0
2745408,247.0
2746688,267.0
2747072,856.0
2747264,287.0
2748528,284.0
2748560,439.0
2748768,265.0
2749392,258.0
2749568,311.0
2749616,261.0
2749712,271.0
2750080,175.0
2751296,280.0
2751680,237.0
2753056,1000.0
2753216,277.0
2753568,249.0
2753648,251.0
2753664,262.0
2754000,287.0
2755456,259.0
2755824,273.0
2756064,273.0
2756272,235.0
2757504,277.0
2757824,287.0
2757984,269.0
2758080,259.0
2758128,249.0
2758320,291.0
2758544,283.0
2759968,258.0
2760304,264.0
2760512,264.0
2761584,254.0
2761904,244.0
2761968,227.0
2762064,248.0
2762080,270.0
2763376,261.0
2763472,307.0
2763664,232.0
2764000,251.0
2764336,251.0
2764656,258.0
2766032,257.0
2766288,269.0
2766288,263.0
2766368,267.0
2766928,295.0
2767536,259.0
2768768,1000.0
2769568,714.0
2770048,250.0
2770560,261.0
2770752,278.0
2771600,291.0
2771616,254.0
2772128,255.0
2772528,1000.0
2772688,247.0
2772960,261.0
2773872,268.0
2774016,276.0
2774048,249.0
2775488,280.0
2775920,268.0
2777040,254.0
2777584,869.0
2779264,277.0
2780672,1000.0
2781392,258.0
2781696,290.0
2781840,265.0
2782192,249.0
2783040,656.0
2783152,266.0
2783600,270.0
2784816,258.0
2784832,249.0
2785120,261.0
2785840,277.0
2786352,259.0
2786464,297.0
2789168,842.0
2789296,279.0
2789360,282.0
2790640,267.0
2790736,257.0
2791024,573.0
2791296,340.0
2791440,241.0
2791504,1000.0
2793152,236.0
2793376,262.0
2793520,244.0
2794528,242.0
2794944,245.0
2795008,248.0
2795440,249.0
2795792,280.0
2796624,193.0
2797216,239.0
2797232,495.0
2797248,255.0
2799392,273.0
2799520,244.0
2799616,1000.0
2799728,267.0
2800144,304.0
2800672,252.0
2801136,1000.0
2801744,281.0
2801760,283.0
2801920,670.0
2803088,266.0
2803216,230.0
2803504,242.0
2803712,248.0
2803824,276.0
2804176,602.0
2804480,270.0
2804544,241.0
2805488,271.0
2805616,230.0
2805872,250.0
2805984,263.0
2807024,245.0
2807136,244.0
2807840,257.0
2807888,273.0
2807968,258.0
2808592,275.0
2808624,258.0
2809808,308.0
2809888,259.0
2809888,548.0
2810896,241.0
2811200,332.0
2812000,251.0
2812592,249.0
2812752,257.0
2812816,307.0
2813840,246.0
2814176,272.0
2814176,267.0
2814512,277.0
2814672,235.0
2816256,265.0
2816608,262.0
2817024,266.0
2817120,268.0
2817808,788.0
2817888,252.0
2818064,258.0
2818480,268.0
2818800,267.0
2819216,283.0
2820496,242.0
2820544,283.0
2820896,249.0
2822192,257.0
2822688,262.0
2822752,303.0
2823152,1000.0
2823600,273.0
2823856,1000.0
2825584,317.0
2825936,233.0
2827328,285.0
2827440,296.0
2827536,245.0
2828256,590.0
2828400,251.0
2829344,253.0
2829520,245.0
2830032,251.0
2830048,256.0
2831088,280.0
2831184,247.0
2831392,253.0
2831536,249.0
2831568,272.0
2832704,277.0
2833040,1000.0
2833264,244.0
2833376,315.0
2833792,266.0
2833904,281.0
2834048,249.0
2834400,272.0
2835392,268.0
2835664,255.0
2835776,262.0
2835920,282.0
2837456,254.0
2839840,714.0
2839888,280.0
2840256,270.0
2840448,298.0
2841024,305.0
2841120,233.0
2841776,279.0
2841936,247.0
2842432,265.0
2842816,258.0
2843888,249.0
2844192,247.0
2844416,285.0
2845056,245.0
2845104,258.0
2845184,259.0
2845952,251.0
2847136,269.0
2847648,180.0
2848000,237.0
2848192,483.0
2848544,259.0
2849024,244.0
2849056,241.0
2849248,237.0
2850048,246.0
2851168,251.0
2851728,254.0
2853296,248.0
2853568,239.0
2853600,285.0
2853712,278.0
2855216,251.0
2855408,275.0
2855696,247.0
2856272,1000.0
2856288,251.0
2856512,273.0
2856688,258.0
2857456,233.0
2857472,260.0
2857664,253.0
2857952,274.0
2859008,237.0
2859168,234.0
2859424,262.0
2860432,1000.0
2860496,262.0
2861552,254.0
2862496,283.0
2863376,272.0
2863856,276.0
2864176,266.0
2864528,251.0
2864800,262.0
2864848,259.0
2865568,277.0
2866064,1000.0
2866912,295.0
2867520,265.0
2868880,271.0
2869056,259.0
2869344,280.0
2870032,260.0
2870592,280.0
2870928,250.0
2871024,262.0
2871952,276.0
2872464,279.0
2872944,253.0
2873328,266.0
2873536,274.0
2874400,315.0
2875680,296.0
2876496,368.0
2876560,255.0
2877392,277.0
2877600,266.0
2877664,476.0
2877792,265.0
2879072,287.0
2879072,242.0
2879488,261.0
2880432,241.0
2880544,252.0
2880816,1000.0
2881072,275.0
2881920,269.0
2882128,278.0
2882272,279.0
2882928,240.0
2883040,931.0
2883440,246.0
2885248,260.0
2885488,249.0
2885664,262.0
2886272,258.0
2886304,273.0
2886416,258.0
2887072,256.0
2887200,266.0
2887536,255.0
2887776,295.0
2888704,273.0
2889312,227.0
2889344,556.0
2889904,290.0
2890608,270.0
2890976,243.0
2893168,265.0
2893328,251.0
2895584,287.0
2895872,328.0
2896112,240.0
2896544,302.0
2896624,290.0
2896944,235.0
2897808,279.0
2898720,278.0
2899600,489.0
2899872,267.0
2900352,264.0
2901392,717.0
2902736,250.0
2903216,1000.0
2903504,270.0
2903616,441.0
2904048,260.0
2904144,236.0
2904896,286.0
2906864,269.0
2907040,268.0
2907360,240.0
2907648,280.0
2908000,246.0
2908208,253.0
2908688,238.0
2909616,264.0
2910336,273.0
2910368,1000.0
2911168,257.0
2911488,257.0
2911520,354.0
2911552,254.0
2911904,200.0
2912768,284.0
2912816,230.0
2912896,305.0
2913408,236.0
2914464,246.0
2914688,269.0
2915248,275.0
2915504,250.0
2915568,274.0
2915616,1000.0
2915696,236.0
2915760,264.0
2916752,245.0
2917120,263.0
2917344,285.0
2918592,243.0
2918624,190.0
2919072,269.0
2920624,308.0
2920944,261.0
2921408,267.0
2921792,269.0
2922032,184.0
2922736,256.0
2922864,265.0
2923184,244.0
2924672,572.0
2924784,288.0
2925424,279.0
2926336,307.0
2926768,261.0
2926896,231.0
2927024,259.0
2928016,251.0
2928656,248.0
2929120,212.0
2929328,283.0
2929808,250.0
2930416,233.0
2931120,263.0
2931216,277.0
2931280,265.0
2931712,1000.0
2932016,249.0
2932976,240.0
2933360,1000.0
2933728,261.0
2935088,546.0
2935104,242.0
2935664,246.0
2937104,229.0
2937120,258.0
2937264,243.0
2938992,261.0
2939792,245.0
2940656,269.0
2941408,267.0
2941712,266.0
2942304,262.0
2942832,229.0
2942928,470.0
2943520,271.0
2943696,867.0
2944400,233.0
2944848,286.0
2946080,272.0
2946112,237.0
2947280,277.0
2947712,565.0
2947744,263.0
2947856,298.0
2948016,317.0
2948144,239.0
2948928,254.0
2949712,258.0
2950112,244.0
2950640,282.0
2951536,265.0
2951648,238.0
2951664,227.0
2951856,239.0
2951904,261.0
2952448,268.0
2952608,239.0
2953120,261.0
2953584,295.0
2954000,240.0
2955552,243.0
2955648,248.0
2956016,256.0
2956192,285.0
2956400,272.0
2956608,249.0
2957472,242.0
2957632,281.0
2958608,239.0
2959488,245.0
2959616,224.0
2961312,311.0
2961600,289.0
2961648,260.0
2962448,239.0
2963168,284.0
2963248,263.0
2963664,260.0
2964800,269.0
2965184,241.0
2965360,234.0
2965568,244.0
2966128,1000.0
2966512,250.0
2966976,237.0
2966992,233.0
2967168,294.0
2968560,266.0
2969408,252.0
2969744,284.0
2970192,174.0
2970336,262.0
2970800,267.0
2971408,264.0
2971472,279.0
2972624,1000.0
2972752,1000.0
2972864,268.0
2973248,239.0
2973680,224.0
2973840,257.0
2974192,240.0
2975440,528.0
2975600,245.0
2975760,267.0
2975856,1000.0
2976944,254.0
2976976,263.0
2977008,269.0
2977952,256.0
2978352,259.0
2978400,281.0
2978800,183.0
2978880,271.0
2980144,273.0
2980528,221.0
2981680,285.0
2981856,302.0
2981968,250.0
2982080,229.0
2982176,274.0
2982512,259.0
2982752,246.0
2983488,287.0
2983632,217.0
2983968,248.0
2985328,261.0
2985472,236.0
2986112,258.0
2986416,243.0
2986464,231.0
2986672,280.0
2987424,1000.0
2987472,218.0
2988688,251.0
2989344,250.0
2989776,209.0
2989920,267.0
2990624,259.0
2991760,237.0
2992032,291.0
2992560,1000.0
2992848,259.0
2993168,238.0
2993616,230.0
2993808,251.0
2995536,235.0
2995840,211.0
2995904,241.0
2996224,228.0
2997200,251.0
2997696,254.0
2998096,235.0
2998320,288.0
2998416,262.0
2998608,263.0
2999760,244.0
2999968,216.0
3000592,277.0
3001008,297.0
3001312,242.0
3002096,249.0
3002576,803.0
3003248,301.0
3003680,253.0
3004112,226.0
3004176,262.0
3004464,274.0
3004752,233.0
3004848,241.0
3004896,268.0
3005680,216.0
3005776,278.0
3005936,209.0
3006048,284.0
3006272,260.0
3007184,1000.0
3007232,248.0
3008640,236.0
3008688,245.0
3010336,284.0
3011200,159.0
3011280,264.0
3011808,244.0
3012096,255.0
3012192,253.0
3012528,232.0
3013392,273.0
3013440,248.0
3013840,260.0
3014256,237.0
3014880,229.0
3015072,235.0
3015392,256.0
3015696,242.0
3015840,374.0
3015872,241.0
3016864,267.0
3017360,244.0
3018048,241.0
3018352,281.0
3018784,211.0
3019296,263.0
3020208,272.0
3020448,232.0
3020576,231.0
3022064,231.0
3022112,229.0
3022320,208.0
3022400,407.0
3022592,237.0
3023056,239.0
3023200,202.0
3024400,238.0
3024928,249.0
3024960,247.0
3025328,203.0
3026352,234.0
3026400,249.0
3026848,227.0
3026944,245.0
3027840,214.0
3028128,246.0
3029200,266.0
3029216,265.0
3029888,249.0
3030112,266.0
3030144,300.0
3030176,238.0
3030672,232.0
3030672,266.0
3030800,228.0
3031120,266.0
3032144,250.0
3032160,246.0
3032656,279.0
3032704,218.0
3033104,242.0
3033616,264.0
3033872,234.0
3034544,241.0
3034576,235.0
3034704,284.0
3034992,269.0
3035216,278.0
3035856,372.0
3035856,230.0
3035952,237.0
3036720,250.0
3036976,241.0
3038176,231.0
3038208,226.0
3038784,254.0
3038864,269.0
3039232,264.0
3039312,255.0
3039376,219.0
3040544,238.0
3040640,228.0
3040928,263.0
3041456,241.0
3042080,243.0
3042144,259.0
3042720,217.0
3042864,290.0
3043008,230.0
3043344,223.0
3043360,280.0
3043856,1000.0
3043872,280.0
3044272,225.0
3044848,262.0
3045056,257.0
3045648,222.0
3045904,277.0
3046224,254.0
3046528,237.0
3046720,240.0
3047216,240.0
3047312,247.0
3047536,279.0
3047552,229.0
3047920,253.0
3048032,234.0
3048320,203.0
3048848,241.0
3049056,212.0
3050272,252.0
3050704,248.0
3051504,247.0
3051664,256.0
3051968,227.0
3053120,256.0
3053136,254.0
3053872,212.0
3054160,215.0
3054736,278.0
3054928,247.0
3055024,209.0
3055280,238.0
3055632,257.0
3055744,221.0
3056192,263.0
3056656,238.0
3056960,871.0
3057200,265.0
3058720,230.0
3059536,299.0
3059568,245.0
3059824,254.0
3059984,293.0
3060224,251.0
3060672,250.0
3061312,256.0
3061472,235.0
3062816,255.0
3062896,209.0
3064064,239.0
3064832,251.0
3065600,267.0
3066112,223.0
3066304,351.0
3067472,212.0
3067648,218.0
3067808,288.0
3068432,224.0
3069152,1000.0
3069472,638.0
3069616,249.0
3070208,306.0
3070208,230.0
3070448,258.0
3070656,257.0
3070752,289.0
3070768,216.0
3071248,224.0
3071888,254.0
3072208,235.0
3073040,242.0
3073440,247.0
3073568,261.0
3073728,219.0
3074112,215.0
3074192,214.0
3074208,249.0
3074752,248.0
3074928,207.0
3075184,245.0
3075376,307.0
3075920,251.0
3076352,181.0
3077232,228.0
3077248,219.0
3078080,242.0
3078320,262.0
3078608,229.0
3078752,222.0
3079504,254.0
3080192,256.0
3080448,255.0
3081152,261.0
3082240,244.0
3082512,619.0
3082736,243.0
3082896,216.0
3083088,223.0
3083104,239.0
3083344,286.0
3083712,363.0
3084400,246.0
3085232,254.0
3086176,262.0
3086304,240.0
3086528,236.0
3086608,220.0
3086624,219.0
3086928,223.0
3086928,275.0
3087216,257.0
3087344,226.0
3087728,236.0
3088288,242.0
3089056,232.0
3089136,243.0
3090240,226.0
3090752,263.0
3090928,268.0
3091088,239.0
3091360,258.0
3091600,330.0
3093088,246.0
3093360,262.0
3093504,264.0
3093776,199.0
3094240,262.0
3094432,218.0
3094464,231.0
3094976,210.0
3095472,249.0
3097120,244.0
3097184,229.0
3097200,256.0
3097632,234.0
3098016,235.0
3098160,273.0
3098240,235.0
3098720,267.0
3098960,205.0
3099760,267.0
3100832,233.0
3100944,233.0
3101024,239.0
3101136,250.0
3101904,198.0
3101968,237.0
3102416,203.0
3102736,280.0
3102736,231.0
3102976,309.0
3104304,1000.0
3104496,209.0
3104592,222.0
3105296,211.0
3105984,222.0
3106000,251.0
3106176,214.0
3106528,256.0
3106736,225.0
3107072,247.0
3108240,233.0
3109888,231.0
3110016,215.0
3110096,209.0
3110544,250.0
3111072,249.0
3111120,287.0
3111824,233.0
3111904,228.0
3112688,233.0
3113232,167.0
3113280,203.0
3113440,208.0
3113664,235.0
3114736,225.0
3114912,236.0
3114928,240.0
3116704,216.0
3117520,264.0
3117904,229.0
3119408,219.0
3120128,202.0
3120320,1000.0
3121040,236.0
3121328,237.0
3122096,219.0
3123200,236.0
3123440,209.0
3124160,239.0
3124192,1000.0
3124224,198.0
3124240,238.0
3124416,267.0
3125968,1000.0
3127520,204.0
3128192,247.0
3128672,279.0
3128704,1000.0
3129344,323.0
3129392,255.0
3129664,244.0
3130192,263.0
3131072,221.0
3131312,1000.0
3132304,229.0
3132592,242.0
3132960,267.0
3133120,215.0
3133472,204.0
3133920,1000.0
3134736,213.0
3134832,234.0
3134864,245.0
3135616,206.0
3136128,197.0
3136208,213.0
3136304,195.0
3136416,205.0
3136496,243.0
3137856,245.0
3138000,203.0
3138400,220.0
3139216,1000.0
3140048,226.0
3140048,233.0
3140944,233.0
3141312,206.0
3141424,222.0
3141680,215.0
3141872,234.0
3142400,209.0
3142704,217.0
3142736,214.0
3142976,151.0
3143872,237.0
3143936,242.0
3144208,1000.0
3144848,243.0
3145264,239.0
3145360,1000.0
3146064,209.0
3146976,249.0
3147248,224.0
3147968,255.0
3148848,226.0
3148992,232.0
3150288,313.0
3150400,244.0
3150400,1000.0
3151296,269.0
3152032,220.0
3152080,266.0
3153008,259.0
3153920,261.0
3154688,211.0
3154960,284.0
3155328,307.0
3155632,224.0
3155760,200.0
3157088,209.0
3157296,210.0
3158784,215.0
3158864,260.0
3159216,223.0
3160480,211.0
3160992,193.0
3161040,260.0
3161072,239.0
3162240,215.0
3162448,949.0
3163248,251.0
3164096,1000.0
3164432,228.0
3164480,214.0
3164608,1000.0
3164944,229.0
3165184,1000.0
3165328,1000.0
3165696,215.0
3167152,243.0
3167648,215.0
3168032,224.0
3168192,228.0
3168224,225.0
3168320,210.0
3168544,269.0
3169088,243.0
3170096,274.0
3170848,165.0
3170928,235.0
3172128,255.0
3172208,248.0
3172384,200.0
3173104,239.0
3174016,175.0
3174064,247.0
3174672,233.0
3174720,189.0
3175408,213.0
3175536,212.0
3175824,225.0
3176272,242.0
3176416,213.0
3177344,204.0
3178272,224.0
3178960,213.0
3179024,261.0
3179056,282.0
3179616,199.0
3180992,927.0
3181264,211.0
3181920,227.0
3182464,218.0
3183200,260.0
3183216,224.0
3184160,193.0
3184352,1000.0
3185248,265.0
3185664,274.0
3185888,245.0
3187136,291.0
3187744,223.0
3188352,193.0
3188720,230.0
3188928,213.0
3189408,239.0
3189904,250.0
3191680,217.0
3192704,223.0
3192816,600.0
3193040,195.0
3193360,1000.0
3193952,219.0
3194128,204.0
3194240,675.0
3194912,208.0
3195776,177.0
3195776,205.0
3195808,193.0
3196064,273.0
3196112,1000.0
3196448,212.0
3197472,254.0
3198256,191.0
3199008,255.0
3199216,214.0
3199408,226.0
3200288,279.0
3200896,213.0
3200912,254.0
3201680,1000.0
3201824,235.0
3202672,215.0
3202672,228.0
3202800,211.0
3203280,223.0
3203360,198.0
3204128,188.0
3204592,303.0
3205280,273.0
3205456,235.0
3205472,229.0
3205840,197.0
3206816,161.0
3207104,233.0
3207248,285.0
3207440,259.0
3207904,1000.0
3208000,241.0
3208080,174.0
3208096,218.0
3208144,250.0
3209968,1000.0
3210032,200.0
3210080,232.0
3210464,288.0
3210496,202.0
3211248,237.0
3211424,213.0
3212384,268.0
3212928,184.0
3213872,194.0
3214496,163.0
3214816,240.0
3215312,182.0
3215328,189.0
3215552,192.0
3216032,200.0
3217856,248.0
3217904,197.0
3218128,221.0
3218224,232.0
3218544,200.0
3218976,220.0
3219072,234.0
3219216,274.0
3219360,237.0
3221536,226.0
3221632,235.0
3221712,217.0
3222032,243.0
3222160,198.0
3222352,195.0
3224736,188.0
3224880,231.0
3225568,251.0
3225616,223.0
3226544,218.0
3227168,240.0
3227440,1000.0
3228672,163.0
3228864,248.0
3229072,193.0
3230064,300.0
3230128,184.0
3230208,258.0
3230640,219.0
3231136,230.0
3231376,226.0
3232048,152.0
3232336,228.0
3233472,212.0
3234560,1000.0
3235200,253.0
3235248,206.0
3235840,236.0
3236624,267.0
3237552,201.0
3238432,198.0
3238528,207.0
3238576,374.0
3238672,252.0
3238672,154.0
3238768,262.0
3240432,237.0
3240528,185.0
3240752,1000.0
3241376,177.0
3241904,201.0
3242000,201.0
3242352,235.0
3242560,1000.0
3242640,262.0
3242976,201.0
3244032,224.0
3244048,219.0
3244960,1000.0
3245024,227.0
3245392,211.0
3245456,279.0
3246112,234.0
3246832,261.0
3247664,225.0
3247712,222.0
3248112,1000.0
3248944,248.0
3249168,238.0
3249584,216.0
3250304,227.0
3250800,195.0
3252448,178.0
3253152,213.0
3253216,283.0
3253376,191.0
3253728,205.0
3253952,223.0
3254288,204.0
3255504,293.0
3255728,204.0
3255824,209.0
3256656,148.0
3257040,228.0
3257360,191.0
3258880,190.0
3259504,249.0
3260048,1000.0
3260320,204.0
3260448,169.0
3260624,247.0
3261408,1000.0
3263792,249.0
3264064,221.0
3265872,230.0
3266416,176.0
3266784,186.0
3267216,229.0
3267520,215.0
3267584,195.0
3267808,1000.0
3268064,217.0
3268208,258.0
3269232,1000.0
3269360,217.0
3269760,521.0
3270400,198.0
3270704,267.0
3270704,198.0
3271296,210.0
3271424,209.0
3271744,259.0
3271760,246.0
3271936,232.0
3272576,273.0
3273360,249.0
3273760,145.0
3274224,219.0
3274240,243.0
3275168,200.0
3275360,224.0
3275744,885.0
3275824,254.0
3277024,173.0
3277040,204.0
3277584,209.0
3278272,193.0
3279008,198.0
3279920,214.0
3280176,216.0
3280688,193.0
3280768,253.0
3282176,204.0
3282320,207.0
3282656,227.0
3283264,270.0
3283504,207.0
3285600,211.0
3285888,201.0
3286992,174.0
3287056,478.0
3287152,242.0
3288096,255.0
3289104,214.0
3289376,235.0
3289424,242.0
3289904,257.0
3290192,195.0
3290352,209.0
3290432,214.0
3290528,237.0
3291296,208.0
3291408,206.0
3292544,194.0
3292896,219.0
3293600,212.0
3293872,247.0
3293936,212.0
3294960,262.0
3295024,225.0
3295936,1000.0
3296224,294.0
3296336,236.0
3296800,199.0
3297200,207.0
3297712,1000.0
3297856,244.0
3297968,187.0
3298368,273.0
3299008,190.0
3299008,224.0
3299632,212.0
3299984,198.0
3301040,237.0
3301760,252.0
3301904,210.0
3302064,255.0
3302304,245.0
3302640,226.0
3302816,237.0
3303264,226.0
3303280,180.0
3303456,229.0
3303712,232.0
3304176,195.0
3304240,243.0
3304624,217.0
3305120,1000.0
3305456,221.0
3305840,199.0
3305936,226.0
3306384,222.0
3306816,214.0
3306816,220.0
3307104,239.0
3307504,207.0
3307520,253.0
3308112,217.0
3308128,275.0
3309152,245.0
3309280,214.0
3309376,214.0
3309472,250.0
3309648,249.0
3310016,226.0
3310368,221.0
3310720,243.0
3311184,228.0
3311584,279.0
3312352,168.0
3312800,227.0
3313232,200.0
3313696,269.0
3313840,216.0
3315280,207.0
3315296,231.0
3316272,216.0
3317088,216.0
3317312,228.0
3317472,175.0
3318704,212.0
3319200,232.0
3319392,216.0
3319456,168.0
3319488,231.0
3320160,242.0
3320256,1000.0
3321136,1000.0
3322272,261.0
3322624,244.0
3322832,214.0
3323696,214.0
3324128,186.0
3324128,246.0
3324320,199.0
3324368,200.0
3325056,242.0
3325472,193.0
3325520,205.0
3326096,203.0
3326320,230.0
3326656,206.0
3327088,211.0
3327376,196.0
3327568,202.0
3327776,212.0
3328048,244.0
3328176,194.0
3329072,224.0
3329280,234.0
3329280,198.0
3329456,177.0
3330160,191.0
3330496,182.0
3330752,210.0
3331600,238.0
3331680,218.0
3332000,241.0
3332896,225.0
3332896,214.0
3332912,239.0
3332928,201.0
3333104,1000.0
3333392,208.0
3333536,210.0
3333984,240.0
3334336,223.0
3334976,210.0
3335088,336.0
3335472,235.0
3336192,204.0
3336624,219.0
3336864,207.0
3338368,211.0
3338384,187.0
3338512,203.0
3338912,238.0
3339760,199.0
3340336,224.0
3340896,266.0
3341072,226.0
3341200,200.0
3341616,202.0
3342672,205.0
3342672,234.0
3342752,211.0
3342784,241.0
3343136,288.0
3344848,201.0
3344848,213.0
3345696,188.0
3346224,221.0
3346656,219.0
3346848,256.0
3347104,112.0
3348080,201.0
3348128,204.0
3348416,252.0
3349088,211.0
3349536,206.0
3349616,229.0
3350032,218.0
3350656,299.0
3350752,255.0
3351168,269.0
3351520,214.0
3351760,226.0
3352272,1000.0
3353008,253.0
3353392,213.0
3353648,256.0
3353696,254.0
3353792,163.0
3354048,205.0
3354080,199.0
3354176,219.0
3354864,208.0
3357184,224.0
3357696,225.0
3358384,207.0
3358736,241.0
3359296,238.0
3359536,195.0
3360416,205.0
3360720,236.0
3361616,190.0
3361808,256.0
3362192,215.0
3363456,189.0
3363904,198.0
3364064,282.0
3364112,206.0
3364432,1000.0
3364624,239.0
3364896,210.0
3365296,193.0
3365408,224.0
3366048,1000.0
3366208,228.0
3366624,197.0
3367264,209.0
3367296,201.0
3367632,199.0
3368336,214.0
3368496,192.0
3368544,232.0
3368560,203.0
3368720,255.0
3368864,207.0
3368896,1000.0
3369408,1000.0
3369520,216.0
3369808,224.0
3370992,209.0
3371344,120.0
3371920,209.0
3372512,225.0
3373344,220.0
3373856,210.0
3374880,395.0
3375328,212.0
3375536,226.0
3376272,234.0
3376336,196.0
3377504,227.0
3377584,211.0
3377680,196.0
3378432,202.0
3378576,224.0
3378704,1000.0
3379744,210.0
3380128,1000.0
3380256,734.0
3380448,260.0
3381152,216.0
3381568,195.0
3382160,285.0
3382160,202.0
3382384,201.0
3382384,240.0
3382448,241.0
3382768,228.0
3383056,182.0
3383184,214.0
3383904,227.0
3384032,255.0
3384240,192.0
3384992,213.0
3385136,243.0
3385664,154.0
3385680,219.0
3386016,240.0
3386224,215.0
3386448,253.0
3386448,211.0
3387360,215.0
3387680,227.0
3387952,231.0
3389360,230.0
3389424,212.0
3389520,276.0
3390608,259.0
3391216,240.0
3391216,203.0
3391440,234.0
3392400,221.0
3393120,230.0
3393200,226.0
3393440,244.0
3393840,201.0
3394288,191.0
3394800,209.0
3395056,143.0
3395328,182.0
3396128,204.0
3396400,199.0
3396512,211.0
3397088,174.0
3397168,272.0
3397376,164.0
3398144,208.0
3398384,244.0
3399008,229.0
3400112,224.0
3400528,191.0
3400928,239.0
3401008,1000.0
3401024,203.0
3401024,247.0
3401760,223.0
3403232,239.0
3403376,177.0
3403584,243.0
3404768,1000.0
3404848,190.0
3404864,214.0
3406448,240.0
3406464,192.0
3406496,203.0
3406592,187.0
3406912,401.0
3407936,183.0
3409200,279.0
3409312,320.0
3409824,209.0
3410480,219.0
3410512,224.0
3410752,259.0
3411056,210.0
3411680,233.0
3412560,190.0
3412784,223.0
3413168,240.0
3414784,234.0
3415296,283.0
3416320,220.0
3416448,336.0
3416560,211.0
3417408,208.0
3417504,190.0
3418640,235.0
3418640,550.0
3419632,167.0
3419664,193.0
3419904,223.0
3420304,203.0
3420768,203.0
3420800,343.0
3420864,1000.0
3420880,1000.0
3421616,231.0
3422224,223.0
3422624,186.0
3423280,185.0
3423328,262.0
3424176,212.0
3424320,227.0
3424608,233.0
3425360,233.0
3425584,209.0
3425616,186.0
3425680,200.0
3425888,219.0
3427120,172.0
3427360,189.0
3427504,207.0
3427648,269.0
3428128,224.0
3428624,203.0
3428752,195.0
3429008,194.0
3430112,186.0
3430400,482.0
3430672,218.0
3430720,239.0
3432064,206.0
3432192,187.0
3432304,260.0
3432704,230.0
3434064,228.0
3434128,212.0
3434208,255.0
3434704,251.0
3435376,233.0
3435920,225.0
3436048,305.0
3436368,228.0
3436912,217.0
3437120,208.0
3437360,196.0
3437456,211.0
3439152,235.0
3439296,1000.0
3439904,230.0
3440688,207.0
3441136,263.0
3441376,244.0
3441392,234.0
3441696,1000.0
3442304,197.0
3442432,204.0
3443136,201.0
3443200,205.0
3443824,132.0
3445184,252.0
3445376,249.0
3446160,188.0
3447456,226.0
3448544,209.0
3448720,208.0
3449440,176.0
3449904,224.0
3450368,217.0
3450848,533.0
3451280,238.0
3451584,227.0
3452464,188.0
3452688,223.0
3453120,223.0
3453776,248.0
3455104,238.0
3455296,393.0
3455504,175.0
3456800,188.0
3456960,208.0
3457408,1000.0
3457632,281.0
3458736,195.0
3459760,214.0
3459792,267.0
3460016,200.0
3460064,1000.0
3460080,194.0
3461056,213.0
3461184,187.0
3461664,265.0
3461664,466.0
3461984,202.0
3462128,192.0
3462784,255.0
3463120,190.0
3463168,210.0
3463344,207.0
3463936,233.0
3464272,162.0
3464736,1000.0
3465232,202.0
3465888,193.0
3466848,218.0
3467456,361.0
3467568,226.0
3467744,187.0
3468096,207.0
3469152,227.0
3469200,206.0
3469264,261.0
3470048,220.0
3470192,176.0
3470672,200.0
3471456,231.0
3471664,222.0
3472848,223.0
3473008,175.0
3473168,155.0
3473488,270.0
3473520,224.0
3473536,191.0
3473584,183.0
3473808,234.0
3474320,178.0
3475136,192.0
3475248,129.0
3475584,244.0
3475664,209.0
3476288,212.0
3476720,198.0
3476800,206.0
3477184,224.0
3477232,213.0
3477520,199.0
3477792,253.0
3478672,192.0
3478720,223.0
3479424,260.0
3479520,201.0
3479568,188.0
3480064,208.0
3480224,224.0
3480256,215.0
3480576,1000.0
3480688,262.0
3480736,218.0
3481120,207.0
3481520,249.0
3482496,185.0
3482768,156.0
3483216,227.0
3483328,193.0
3483984,212.0
3484416,229.0
3484480,184.0
3485728,201.0
3486128,181.0
3486448,194.0
3486848,191.0
3486848,254.0
3487680,190.0
3487888,216.0
3488928,199.0
3489520,173.0
3489632,198.0
3490016,192.0
3490176,226.0
3490352,218.0
3490624,181.0
3490944,203.0
3490960,203.0
3491472,646.0
3491968,254.0
3492848,200.0
3492960,186.0
3493232,231.0
3493424,200.0
3493440,213.0
3493776,224.0
3493792,197.0
3495440,280.0
3495712,264.0
3495792,218.0
3496144,181.0
3496640,236.0
3496832,190.0
3496832,211.0
3496896,216.0
3497120,201.0
3497408,248.0
3497520,220.0
3498224,190.0
3499312,215.0
3499344,221.0
3499376,201.0
3500112,204.0
3500336,230.0
3501024,256.0
3501952,178.0
3502928,622.0
3502944,226.0
3502960,223.0
3503696,223.0
3504208,547.0
3504240,201.0
3504656,197.0
3504704,198.0
3504736,209.0
3504976,188.0
3505312,176.0
3505424,237.0
3505968,189.0
3506048,192.0
3507136,238.0
3507520,209.0
3507776,202.0
3508080,241.0
3508096,214.0
3508240,249.0
3508560,228.0
3508880,215.0
3508896,261.0
3509552,223.0
3509744,162.0
3510560,232.0
3510672,180.0
3511760,219.0
3511872,236.0
3511984,278.0
3512000,214.0
3512704,184.0
3512848,205.0
3512944,248.0
3513296,195.0
3513776,198.0
3514352,236.0
3515152,227.0
3515264,211.0
3515504,233.0
3515584,223.0
3515792,213.0
3515920,229.0
3515984,195.0
3516016,206.0
3516496,221.0
3516816,219.0
3516896,229.0
3517280,187.0
3517296,219.0
3517696,208.0
3519040,235.0
3519088,191.0
3519664,230.0
3520096,199.0
3520224,232.0
3520576,204.0
3521600,213.0
3522208,194.0
3522496,224.0
3523344,471.0
3523568,255.0
3523632,212.0
3524576,185.0
3525632,219.0
3525712,218.0
3525888,199.0
3526592,239.0
3526656,180.0
3526912,204.0
3527712,195.0
3527824,205.0
3529248,209.0
3529648,245.0
3529872,190.0
3529920,187.0
3530176,283.0
3530352,230.0
3530400,237.0
3530832,194.0
3531488,228.0
3531920,200.0
3531936,1000.0
3532816,183.0
3533056,236.0
3533248,224.0
3533776,200.0
3533792,214.0
3534416,182.0
3534432,224.0
3534960,247.0
3535520,224.0
3536496,214.0
3536592,208.0
3537056,203.0
3537376,284.0
3537552,194.0
3538048,226.0
3538640,217.0
3538832,206.0
3538880,244.0
3539792,199.0
3540320,250.0
3540544,217.0
3540544,186.0
3540736,221.0
3540736,209.0
3541552,181.0
3541584,1000.0
3543024,407.0
3543024,261.0
3543264,225.0
3543584,203.0
3543664,241.0
3544048,222.0
3544208,219.0
3544608,241.0
3545248,228.0
3545488,218.0
3546336,206.0
3546992,183.0
3547248,228.0
3547456,236.0
3547584,236.0
3547600,235.0
3547904,230.0
3548944,191.0
3549120,226.0
3549152,175.0
3549296,247.0
3549408,259.0
3549696,205.0
3550304,206.0
3550304,190.0
3550400,257.0
3551040,214.0
3551136,229.0
3551360,239.0
3552288,208.0
3552368,191.0
3552960,239.0
3552960,221.0
3553152,215.0
3553616,200.0
3553696,211.0
3554480,260.0
3554672,220.0
3554976,245.0
3555232,240.0
3555360,191.0
3555584,187.0
3556032,191.0
3556304,196.0
3556624,182.0
3556720,271.0
3557904,213.0
3557984,206.0
3558288,182.0
3558304,207.0
3558432,249.0
3559072,217.0
3559136,193.0
3559968,228.0
3560224,218.0
3560432,203.0
3560944,184.0
3561472,222.0
3561648,200.0
3561824,211.0
3562784,216.0
3562944,237.0
3563296,231.0
3563472,202.0
3563472,218.0
3563696,250.0
3564320,242.0
3564768,194.0
3565088,178.0
3566016,191.0
3566128,259.0
3567056,234.0
3567408,192.0
3567488,169.0
3567968,154.0
3568272,213.0
3568272,198.0
3569456,199.0
3570144,250.0
3570160,283.0
3571168,201.0
3571536,203.0
3572432,202.0
3572496,282.0
3572896,214.0
3573728,223.0
3573760,185.0
3574592,218.0
3575296,230.0
3575360,261.0
3575936,189.0
3576528,255.0
3576832,193.0
3578288,202.0
3578768,223.0
3578976,273.0
3579488,1000.0
3579488,1000.0
3579712,1000.0
3580016,228.0
3580688,259.0
3581856,208.0
3582032,233.0
3582080,206.0
3582944,215.0
3583424,204.0
3583472,280.0
3584912,263.0
3585024,183.0
3585056,333.0
3586864,214.0
3586976,218.0
3588064,693.0
3588240,768.0
3588592,568.0
3588688,239.0
3588992,225.0
3589856,186.0
3590528,221.0
3590912,177.0
3591344,200.0
3591376,1000.0
3591520,182.0
3591808,194.0
3592000,524.0
3593440,223.0
3593776,249.0
3594336,237.0
3594944,183.0
3595296,181.0
3595568,234.0
3595568,252.0
3596112,1000.0
3596768,207.0
3597600,192.0
3598576,226.0
3598592,188.0
3599296,804.0
3599616,218.0
3599696,257.0
3600416,227.0
3600848,211.0
3601280,218.0
3601808,201.0
3602416,194.0
3602912,205.0
3603824,222.0
3604288,1000.0
3604480,221.0
3604608,223.0
3604800,318.0
3605536,265.0
3605840,213.0
3605856,242.0
3606368,215.0
3606896,233.0
3607392,1000.0
3607648,197.0
3607648,144.0
3607872,223.0
3608144,199.0
3608656,194.0
3609040,191.0
3609248,212.0
3609664,237.0
3610288,180.0
3610400,171.0
3610560,261.0
3611504,216.0
3611600,246.0
3611776,194.0
3612256,200.0
3613024,228.0
3613232,222.0
3613456,197.0
3613984,223.0
3614544,232.0
3614848,205.0
3614976,174.0
3615136,209.0
3615152,221.0
3616336,193.0
3616480,215.0
3617408,213.0
3617696,231.0
3618416,241.0
3618608,215.0
3618640,231.0
3619152,203.0
3619504,203.0
3619712,303.0
3620128,183.0
3620656,202.0
3620736,265.0
3621952,220.0
3622016,178.0
3622544,217.0
3622576,191.0
3622768,231.0
3622912,1000.0
3623008,213.0
3623088,210.0
3623712,190.0
3623824,230.0
3624288,221.0
3624336,198.0
3624448,201.0
3625072,190.0
3625280,207.0
3625536,184.0
3626096,198.0
3626144,210.0
3627232,173.0
3627232,219.0
3627520,1000.0
3628672,211.0
3628736,228.0
3628960,210.0
3629872,208.0
3630480,202.0
3630496,200.0
3631344,256.0
3631440,252.0
3631472,246.0
3631984,202.0
3632352,211.0
3632976,233.0
3633248,235.0
3633568,244.0
3634384,183.0
3634624,1000.0
3634976,186.0
3635296,183.0
3636400,196.0
3636736,219.0
3636832,203.0
3636848,193.0
3637184,184.0
3637360,182.0
3637920,205.0
3638320,188.0
3638656,204.0
3638864,229.0
3638992,226.0
3639936,199.0
3640176,235.0
3640544,210.0
3640688,240.0
3641136,267.0
3642256,224.0
3642288,225.0
3643248,197.0
3643312,191.0
3643728,215.0
3643872,170.0
3643920,210.0
3645152,242.0
3645264,242.0
3645616,209.0
3645728,189.0
3646304,203.0
3646368,213.0
3647056,297.0
3647120,187.0
3647488,1000.0
3647552,226.0
3648160,223.0
3648160,267.0
3649264,233.0
3649344,185.0
3649568,239.0
3649792,260.0
3649824,291.0
3649856,221.0
3650512,188.0
3651760,224.0
3651776,225.0
3652160,194.0
3652192,182.0
3652704,320.0
3652848,204.0
3652880,192.0
3653072,195.0
3653120,235.0
3653264,212.0
3653344,206.0
3653456,226.0
3653632,194.0
3654320,216.0
3654640,206.0
3655216,188.0
3655632,173.0
3655712,280.0
3655856,185.0
3656144,214.0
3656608,203.0
3656608,196.0
3656736,228.0
3657376,233.0
3657376,256.0
3658352,202.0
3658560,208.0
3658736,188.0
3658944,249.0
3659040,198.0
3659376,220.0
3660016,212.0
3660064,244.0
3661056,229.0
3661280,211.0
3661360,234.0
3661776,189.0
3661856,205.0
3662480,197.0
3662528,223.0
3662624,214.0
3662912,169.0
3662928,242.0
3663392,207.0
3663648,266.0
3664256,180.0
3664736,205.0
3664992,231.0
3665248,216.0
3665344,217.0
3665744,176.0
3666688,234.0
3666784,237.0
3667472,204.0
3668000,203.0
3668176,1000.0
3668768,197.0
3669040,236.0
3669296,200.0
3670176,172.0
3670528,233.0
3670624,264.0
3671216,215.0
3671216,200.0
3672096,190.0
3672256,184.0
3672480,244.0
3673584,218.0
3674112,286.0
3674224,252.0
3674352,195.0
3674576,211.0
3675024,182.0
3675216,184.0
3675536,190.0
3676128,272.0
3676352,184.0
3676832,155.0
3677376,203.0
3677456,179.0
3677584,209.0
3677616,203.0
3678448,201.0
3678720,648.0
3678848,155.0
3678896,209.0
3679312,198.0
3679968,195.0
3680256,179.0
3680688,201.0
3680832,200.0
3681008,1000.0
3681088,218.0
3681776,218.0
3681776,190.0
3682096,227.0
3682160,203.0
3682512,228.0
3682624,165.0
3682768,215.0
3683680,186.0
3684112,280.0
3685056,204.0
3685056,184.0
3685760,186.0
3685872,265.0
3685968,215.0
3686400,336.0
3687200,285.0
3687424,233.0
3688192,227.0
3688880,194.0
3689376,185.0
3690144,213.0
3690176,171.0
3690416,179.0
3690976,233.0
3691232,251.0
3691376,198.0
3691568,231.0
3692656,204.0
3692928,171.0
3693008,234.0
3693232,178.0
3693488,1000.0
3693600,215.0
3694576,224.0
3694848,216.0
3695184,238.0
3695200,247.0
3695536,179.0
3695552,248.0
3695616,206.0
3695936,182.0
3696000,191.0
3696656,190.0
3696784,205.0
3696832,224.0
3697792,139.0
3698176,1000.0
3698224,250.0
3698368,219.0
3698432,201.0
3698672,195.0
3699104,193.0
3699600,248.0
3699712,182.0
3699840,198.0
3701072,1000.0
3701520,177.0
3701568,195.0
3701840,225.0
3702000,222.0
3702032,264.0
3702272,197.0
3702304,233.0
3702976,241.0
3703072,216.0
3705264,201.0
3705264,233.0
3705424,196.0
3706496,219.0
3706832,234.0
3706848,208.0
3706992,221.0
3707760,222.0
3708128,178.0
3708160,207.0
3708496,201.0
3709904,233.0
3709920,213.0
3710272,204.0
3710640,212.0
3711360,224.0
3711648,219.0
3711696,199.0
3712112,222.0
3712832,218.0
3712880,210.0
3713440,220.0
3713568,227.0
3713856,223.0
3713936,226.0
3714032,211.0
3714064,210.0
3714608,236.0
3714752,193.0
3715056,209.0
3715088,232.0
3715696,223.0
3716736,174.0
3716944,210.0
3717264,201.0
3717376,245.0
3717856,1000.0
3717920,178.0
3717968,256.0
3718224,216.0
3718800,193.0
3718928,285.0
3718960,231.0
3719008,244.0
3719808,222.0
3720128,204.0
3720192,202.0
3720592,207.0
3721840,225.0
3722160,209.0
3722384,215.0
3722624,228.0
3724272,229.0
3724400,238.0
3724432,288.0
3724624,228.0
3724704,178.0
3724800,178.0
3725472,247.0
3726128,232.0
3726176,221.0
3726784,203.0
3727648,183.0
3727696,225.0
3727792,209.0
3727840,222.0
3727936,206.0
3728352,246.0
3728768,196.0
3729312,212.0
3729712,306.0
3730016,239.0
3730224,223.0
3731392,189.0
3731408,225.0
3732464,230.0
3732688,210.0
3732704,186.0
3733472,1000.0
3733968,233.0
3733984,1000.0
3734432,197.0
3734848,201.0
3734992,237.0
3735376,248.0
3735680,186.0
3736064,209.0
3736816,148.0
3736960,186.0
3737104,202.0
3737344,209.0
3737456,233.0
3738400,212.0
3738864,198.0
3739024,202.0
3739856,201.0
3740144,254.0
3740256,214.0
3740464,218.0
3740608,196.0
3741504,208.0
3742704,239.0
3742768,234.0
3742800,663.0
3743232,210.0
3743712,1000.0
3744016,186.0
3744352,242.0
3745280,189.0
3745360,318.0
3745568,122.0
3745712,187.0
3745888,214.0
3746768,247.0
3747040,237.0
3747424,1000.0
3748016,196.0
3748096,237.0
3748656,205.0
3748736,215.0
3748800,201.0
3749104,211.0
3749520,182.0
3749808,189.0
3750752,171.0
3751120,235.0
3751488,176.0
3751744,183.0
3752544,214.0
3752768,251.0
3752992,216.0
3753040,201.0
3754064,206.0
3754464,175.0
3754608,217.0
3754928,352.0
3755200,231.0
3755248,190.0
3755552,237.0
3755856,206.0
3756176,198.0
3756192,224.0
3757184,194.0
3757792,207.0
3758192,203.0
3758336,195.0
3758720,174.0
3759072,200.0
3759648,216.0
3759984,207.0
3760160,247.0
3760944,196.0
3762000,227.0
3762048,240.0
3762080,187.0
3762352,220.0
3762352,214.0
3763056,1000.0
3763280,205.0
3763296,195.0
3764288,201.0
3764720,235.0
3764832,173.0
3765312,206.0
3766192,239.0
3766368,180.0
3766528,216.0
3766688,211.0
3767744,252.0
3768176,180.0
3768416,254.0
3768656,245.0
3768704,216.0
3769024,231.0
3769312,194.0
3769376,218.0
3769440,169.0
3770384,240.0
3770496,219.0
3771344,196.0
3771408,228.0
3771536,180.0
3771888,221.0
3772256,201.0
3772272,240.0
3772624,206.0
3772720,208.0
3773152,211.0
3773536,232.0
3773664,197.0
3774176,236.0
3774576,201.0
3775392,253.0
3775536,194.0
3775680,236.0
3775872,225.0
3776144,186.0
3776256,248.0
3777152,185.0
3777248,231.0
3777568,186.0
3777600,187.0
3778416,361.0
3778432,142.0
3778912,219.0
3778912,264.0
3779040,218.0
3779376,194.0
3779872,223.0
3779984,176.0
3780336,192.0
3780480,181.0
3781520,252.0
3781536,194.0
3781696,203.0
3782064,196.0
3782304,852.0
3782320,220.0
3782720,208.0
3782976,194.0
3783312,207.0
3783440,193.0
3783968,217.0
3784144,255.0
3785152,215.0
3785184,228.0
3785440,210.0
3785568,203.0
3785568,251.0
3786320,208.0
3787584,225.0
3787760,225.0
3788384,227.0
3788384,183.0
3788448,176.0
3788480,207.0
3788592,188.0
3789040,240.0
3789168,211.0
3789792,216.0
3789936,212.0
3790048,193.0
3790752,186.0
3791600,196.0
3791792,206.0
3792064,229.0
3792160,222.0
3792448,212.0
3792960,236.0
3793216,204.0
3793488,194.0
3793584,176.0
3794624,188.0
3795024,178.0
3795136,208.0
3795872,237.0
3795984,186.0
3796368,196.0
3797168,223.0
3797552,231.0
3797936,206.0
3798464,259.0
3798544,219.0
3799056,198.0
3799152,241.0
3799600,201.0
3800256,212.0
3800672,218.0
3800960,188.0
3801440,180.0
3801680,195.0
3802000,220.0
3804512,197.0
3804560,224.0
3804656,191.0
3804864,213.0
3804896,202.0
3804976,191.0
3806496,240.0
3806784,201.0
3807104,1000.0
3807632,191.0
3807632,194.0
3808368,218.0
3808768,236.0
3809536,189.0
3810400,172.0
3810640,220.0
3810944,206.0
3811344,201.0
3812000,1000.0
3813280,231.0
3813456,190.0
3813792,196.0
3814176,176.0
3814848,177.0
3815120,198.0
3815136,213.0
3815408,247.0
3815776,193.0
3816080,174.0
3816544,192.0
3817184,211.0
3817664,182.0
3817840,250.0
3817856,208.0
3818032,180.0
3818256,212.0
3818480,191.0
3818624,218.0
3819248,197.0
3819312,1000.0
3819360,192.0
3820480,175.0
3820672,1000.0
3820752,180.0
3821280,188.0
3821376,220.0
3821584,184.0
3821712,229.0
3822144,228.0
3822288,182.0
3822800,234.0
3822800,217.0
3823088,184.0
3824416,176.0
3825200,238.0
3826544,215.0
3826704,198.0
3827328,215.0
3827424,188.0
3828112,230.0
3828128,165.0
3828288,170.0
3828352,196.0
3828496,207.0
3829184,185.0
3829392,177.0
3829712,187.0
3830208,179.0
3830256,214.0
3830880,171.0
3831568,200.0
3831632,208.0
3832368,185.0
3832560,1000.0
3832816,226.0
3833392,229.0
3833632,1000.0
3834576,197.0
3835376,159.0
3836144,281.0
3836592,202.0
3837488,240.0
3838000,163.0
3838064,217.0
3838560,168.0
3838688,239.0
3838736,217.0
3838784,230.0
3838832,209.0
3839376,186.0
3840032,414.0
3840624,240.0
3841520,219.0
3841568,170.0
3842032,208.0
3842176,190.0
3842368,207.0
3842480,244.0
3843264,201.0
3845008,176.0
3845072,189.0
3845488,197.0
3845888,163.0
3846224,1000.0
3846272,236.0
3846560,247.0
3846640,199.0
3848112,211.0
3848224,205.0
3848288,204.0
3848976,243.0
3849136,200.0
3849184,184.0
3849584,192.0
3849616,185.0
3849792,201.0
3850528,201.0
3851264,196.0
3851392,131.0
3851568,208.0
3851824,164.0
3852528,221.0
3852704,192.0
3852880,233.0
3852896,193.0
3852976,211.0
3853648,194.0
3854432,189.0
3855376,208.0
3855744,178.0
3855760,190.0
3855840,183.0
3855904,210.0
3856064,268.0
3857072,213.0
3857584,210.0
3858032,197.0
3858352,251.0
3858400,229.0
3858832,192.0
3858928,178.0
3859456,221.0
3859520,229.0
3861008,203.0
3861136,193.0
3861280,179.0
3861504,1000.0
3861984,226.0
3862128,199.0
3862320,178.0
3862432,228.0
3862608,235.0
3862752,184.0
3862816,178.0
3863088,222.0
3863664,196.0
3863840,168.0
3863920,216.0
3864016,200.0
3864624,208.0
3865008,249.0
3865152,188.0
3865392,212.0
3865728,164.0
3865936,218.0
3866224,212.0
3866688,172.0
3866848,198.0
3867504,217.0
3867760,186.0
3867824,166.0
3868800,182.0
3869328,224.0
3870176,225.0
3870688,182.0
3871008,194.0
3871232,212.0
3871728,201.0
3872368,212.0
3872560,201.0
3873184,187.0
3873536,221.0
3873600,181.0
3874224,233.0
3874560,213.0
3874800,222.0
3875312,223.0
3875376,213.0
3875408,189.0
3875744,191.0
3875760,1000.0
3876480,183.0
3876848,179.0
3876928,191.0
3876960,209.0
3877392,197.0
3878000,214.0
3878624,1000.0
3879440,184.0
3879488,212.0
3880096,197.0
3880624,228.0
3880928,199.0
3881200,237.0
3881280,190.0
3881856,200.0
3881904,204.0
3881968,204.0
3881984,178.0
3882368,179.0
3882368,190.0
3883248,163.0
3883888,181.0
3883952,240.0
3884240,235.0
3884848,227.0
3884880,224.0
3884992,244.0
3885040,195.0
3885216,209.0
3885584,225.0
3885664,205.0
3885696,207.0
3886432,242.0
3887104,178.0
3888032,186.0
3888096,202.0
3888112,211.0
3888288,205.0
3888336,187.0
3889120,220.0
3889168,218.0
3889312,179.0
3890112,209.0
3890128,237.0
3890928,161.0
3891232,204.0
3891568,216.0
3892080,234.0
3892416,268.0
3892416,202.0
3893184,191.0
3893280,247.0
3893504,210.0
3893984,190.0
3894432,208.0
3894656,213.0
3894864,173.0
3894912,155.0
3895744,197.0
3896544,189.0
3896560,218.0
3896736,221.0
3897056,191.0
3897424,186.0
3897440,209.0
3897872,163.0
3897904,194.0
3897920,203.0
3898288,218.0
3898576,228.0
3899200,207.0
3899344,174.0
3899968,223.0
3900736,229.0
3900864,214.0
3900896,162.0
3901648,191.0
3902016,175.0
3902576,185.0
3902752,196.0
3903024,190.0
3903392,252.0
3903600,250.0
3903712,175.0
3905360,231.0
3905584,238.0
3905968,246.0
3906544,236.0
3906720,207.0
3906992,201.0
3907504,236.0
3907984,185.0
3908384,239.0
3908752,211.0
3909616,191.0
3909680,220.0
3910096,193.0
3910160,214.0
3910528,231.0
3911216,176.0
3911904,244.0
3911936,214.0
3912432,175.0
3912944,239.0
3912960,178.0
3913264,193.0
3913328,285.0
3913456,192.0
3914240,188.0
3914464,212.0
3914688,173.0
3914912,185.0
3915104,110.0
3915504,191.0
3915696,208.0
3916224,203.0
3916736,236.0
3917120,228.0
3917376,181.0
3917456,172.0
3917536,195.0
3917776,240.0
3917872,226.0
3918496,211.0
3919056,209.0
3919328,193.0
3919568,176.0
3919712,181.0
3920640,198.0
3920880,176.0
3921088,228.0
3921392,225.0
3921600,1000.0
3921760,186.0
3921984,182.0
3922208,1000.0
3922240,181.0
3922912,165.0
3923328,234.0
3923840,224.0
3923984,193.0
3924192,221.0
3924224,208.0
3924336,202.0
3924624,201.0
3925344,209.0
3925520,244.0
3926080,197.0
3926192,178.0
3926960,194.0
3927088,196.0
3927200,166.0
3927408,198.0
3927440,202.0
3928080,233.0
3928192,222.0
3928272,187.0
3929136,178.0
3930144,253.0
3930512,207.0
3930528,192.0
3930720,234.0
3930864,228.0
3930912,164.0
3931200,196.0
3931888,187.0
3932048,200.0
3932704,222.0
3933328,190.0
3933680,197.0
3933920,187.0
3933952,237.0
3934016,178.0
3934032,123.0
3935056,240.0
3935264,188.0
3935296,212.0
3935952,163.0
3936736,177.0
3937152,216.0
3937184,197.0
3937280,207.0
3937408,210.0
3937472,221.0
3937632,184.0
3938256,225.0
3938384,207.0
3938640,210.0
3940048,164.0
3940112,259.0
3940160,187.0
3940448,203.0
3940848,222.0
3941808,168.0
3942176,244.0
3942208,1000.0
3942368,232.0
3942832,169.0
3943376,201.0
3943424,1000.0
3943696,220.0
3944064,200.0
3944592,197.0
3944832,124.0
3944832,188.0
3945392,198.0
3945632,215.0
3946752,190.0
3947232,238.0
3948256,261.0
3948272,214.0
3948432,239.0
3948608,200.0
3949824,211.0
3950416,216.0
3950496,203.0
3950720,123.0
3951024,161.0
3951312,168.0
3951536,206.0
3952800,185.0
3953248,238.0
3953584,197.0
3953776,190.0
3953936,186.0
3954112,225.0
3954192,197.0
3954880,208.0
3955664,235.0
3956336,192.0
3956368,218.0
3957024,192.0
3957216,229.0
3957680,243.0
3957760,179.0
3957840,172.0
3958864,199.0
3959328,201.0
3959616,161.0
3960320,218.0
3961104,226.0
3961152,206.0
3961728,178.0
3962288,202.0
3962576,202.0
3963088,1000.0
3963248,214.0
3963360,158.0
3964272,1000.0
3965264,185.0
3965744,172.0
3966352,235.0
3966736,217.0
3967184,255.0
3967280,189.0
3967712,235.0
3967984,211.0
3968272,187.0
3969184,214.0
3969424,167.0
3969520,139.0
3969632,200.0
3969712,209.0
3970096,224.0
3970240,246.0
3971024,221.0
3971952,264.0
3972624,214.0
3973120,206.0
3973248,225.0
3973728,250.0
3973984,242.0
3974288,191.0
3974288,203.0
3974432,208.0
3974512,245.0
3974832,202.0
3975424,160.0
3975472,219.0
3975520,111.0
3975808,167.0
3975968,208.0
3976032,186.0
3977680,211.0
3977872,304.0
3977968,220.0
3978240,172.0
3978336,181.0
3978736,182.0
3979264,186.0
3979600,226.0
3979648,225.0
3980848,182.0
3981168,217.0
3981184,183.0
3981472,169.0
3981536,188.0
3982816,221.0
3982864,257.0
3983072,198.0
3983472,143.0
3984096,170.0
3984352,197.0
3985520,127.0
3985600,257.0
3985600,185.0
3985728,209.0
3985968,308.0
3986048,201.0
3986288,200.0
3986368,205.0
3986944,166.0
3988640,161.0
3988752,196.0
3988864,208.0
3989216,213.0
3989600,241.0
3989776,237.0
3989824,198.0
3990384,214.0
3990448,259.0
3990496,233.0
3991424,173.0
3991600,1000.0
3991920,197.0
3992416,185.0
3992576,136.0
3992864,203.0
3993200,171.0
3993360,209.0
3993456,184.0
3994112,1000.0
3994320,280.0
3994416,186.0
3994432,156.0
3994704,187.0
3995552,246.0
3995552,182.0
3995632,172.0
3996368,211.0
3996736,220.0
3997232,181.0
3998688,208.0
3998912,205.0
3999088,215.0
3999936,168.0
4000320,193.0
4000656,175.0
4000672,180.0
4001248,204.0
4001696,215.0
4002080,190.0
4002096,198.0
4002128,220.0
4002400,206.0
4002784,177.0
4003520,199.0
4003888,200.0
4004320,191.0
4004336,164.0
4004448,170.0
4004480,167.0
4004656,160.0
4005408,204.0
4005680,204.0
4005920,116.0
4006016,201.0
4006144,163.0
4006368,1000.0
4007120,173.0
4007344,180.0
4007504,177.0
4007504,188.0
4007840,246.0
4008736,190.0
4008768,209.0
4009248,201.0
4009472,1000.0
4009504,248.0
4010096,185.0
4010192,181.0
4010368,188.0
4010592,171.0
4011072,222.0
4011968,169.0
4012032,205.0
4012160,165.0
4012192,187.0
4012752,1000.0
4012912,214.0
4012944,260.0
4012960,178.0
4013152,184.0
4013280,167.0
4013312,251.0
4013664,205.0
4014544,214.0
4014784,231.0
4015008,185.0
4015552,209.0
4015632,228.0
4015712,221.0
4015840,192.0
4016080,105.0
4016096,198.0
4016256,193.0
4017040,234.0
4017536,171.0
4017760,200.0
4019280,198.0
4019440,187.0
4019456,177.0
4019568,250.0
4019904,211.0
4019936,248.0
4020656,194.0
4020720,172.0
4021568,177.0
4022112,158.0
4022688,194.0
4022720,206.0
4022784,207.0
4022864,184.0
4022944,218.0
4022976,189.0
4023088,237.0
4024496,235.0
4024544,242.0
4025568,215.0
4025872,196.0
4026384,230.0
4026560,216.0
4026752,242.0
4027136,164.0
4027520,185.0
4028624,189.0
4028992,206.0
4029440,222.0
4029616,233.0
4029920,220.0
4030112,185.0
4030144,163.0
4030272,245.0
4031168,179.0
4031680,178.0
4031712,192.0
4032176,128.0
4032592,196.0
4032592,167.0
4032736,175.0
4033712,222.0
4033776,1000.0
4034288,194.0
4034832,194.0
4035904,197.0
4035984,237.0
4036176,194.0
4036272,229.0
4036800,229.0
4036928,200.0
4037520,233.0
4038032,199.0
4038912,213.0
4038992,192.0
4039120,195.0
4039520,161.0
4039840,233.0
4039888,203.0
4039936,228.0
4040128,207.0
4040544,188.0
4040880,177.0
4042160,189.0
4042512,173.0
4042928,189.0
4043344,212.0
4043408,178.0
4043600,152.0
4043712,241.0
4044336,206.0
4044880,201.0
4045040,179.0
4046352,164.0
4046432,208.0
4046512,249.0
4046608,214.0
4046688,204.0
4046752,1000.0
4048176,195.0
4048416,254.0
4048608,1000.0
4048656,190.0
4048784,243.0
4048976,147.0
4050416,243.0
4050560,198.0
4050704,243.0
4051792,210.0
4051952,232.0
4052000,188.0
4052720,216.0
4053536,211.0
4053536,185.0
4053680,185.0
4053792,210.0
4054528,180.0
4055312,181.0
4055696,233.0
4055728,202.0
4055920,199.0
4056688,196.0
4056752,223.0
4057152,209.0
4057344,175.0
4057984,166.0
4058304,199.0
4058720,194.0
4058976,190.0
4059360,1000.0
4059408,169.0
4059584,176.0
4060688,220.0
4061616,182.0
4061952,185.0
4062144,183.0
4062544,198.0
4062720,236.0
4062848,203.0
4063568,198.0
4064192,1000.0
4064288,183.0
4064448,234.0
4064784,702.0
4065440,192.0
4065552,245.0
4065792,202.0
4066144,213.0
4066896,168.0
4067040,164.0
4067600,206.0
4068480,255.0
4068928,192.0
4069248,237.0
4069776,170.0
4070464,221.0
4071120,179.0
4071136,220.0
4071984,218.0
4071984,187.0
4072256,187.0
4072560,177.0
4072752,193.0
4073456,229.0
4073472,183.0
4074512,177.0
4074864,179.0
4075024,181.0
4075248,203.0
4076432,184.0
4076560,193.0
4078032,173.0
4078064,160.0
4078288,207.0
4078352,207.0
4078864,1000.0
4079088,157.0
4079840,211.0
4079936,186.0
4080208,176.0
4080288,240.0
4080368,165.0
4080464,1000.0
4080752,225.0
4080992,177.0
4081008,183.0
4081072,189.0
4081088,174.0
4081776,213.0
4081824,182.0
4082352,203.0
4082784,183.0
4083536,197.0
4083536,202.0
4083824,191.0
4083952,179.0
4084400,163.0
4084608,224.0
4085232,212.0
4085552,164.0
4086208,213.0
4086864,207.0
4087120,205.0
4087168,198.0
4087456,244.0
4087840,142.0
4087904,218.0
4087984,214.0
4088448,239.0
4088784,251.0
4089408,199.0
4089504,266.0
4089584,273.0
4089856,186.0
4090272,196.0
4091536,192.0
4092208,174.0
4092880,168.0
4092928,165.0
4093008,165.0
4093264,220.0
4093712,177.0
4094144,210.0
4094288,171.0
4094528,221.0
4095456,196.0
4096176,202.0
4096224,184.0
4096720,174.0
4096768,205.0
4096992,168.0
4097328,198.0
4097664,208.0
4097680,238.0
4097840,206.0
4098416,197.0
4098432,196.0
4098960,183.0
4099568,177.0
4099600,213.0
4099952,163.0
4100256,251.0
4100624,183.0
4100720,179.0
4100992,258.0
4101520,193.0
4101824,259.0
4102608,189.0
4103120,197.0
4103744,194.0
4103920,1000.0
4104544,221.0
4104656,195.0
4105072,300.0
4105088,287.0
4105136,173.0
4105376,178.0
4105536,182.0
4105952,257.0
4106720,1000.0
4106832,231.0
4107104,198.0
4107328,166.0
4107408,228.0
4108112,189.0
4108208,231.0
4108208,171.0
4109232,230.0
4109360,203.0
4109376,165.0
4110448,208.0
4110592,198.0
4110704,156.0
4110960,164.0
4111248,195.0
4111296,197.0
4111328,194.0
4111584,210.0
4111696,235.0
4111936,159.0
4112128,172.0
4112480,224.0
4113040,213.0
4113280,176.0
4113600,187.0
4114320,188.0
4114384,213.0
4114656,169.0
4114992,156.0
4115152,187.0
4115168,189.0
4115344,227.0
4115696,170.0
4116352,206.0
4116848,202.0
4117568,187.0
4118000,229.0
4118560,222.0
4119184,239.0
4119472,268.0
4119776,182.0
4119984,226.0
4120416,187.0
4120960,159.0
4121152,196.0
4121344,173.0
4122096,211.0
4122800,207.0
4122992,187.0
4123184,172.0
4123888,256.0
4124080,161.0
4124256,176.0
4124496,203.0
4126048,188.0
4126272,216.0
4126288,205.0
4126496,221.0
4126544,209.0
4126720,1000.0
4127584,207.0
4127616,209.0
4128256,234.0
4128320,221.0
4128512,210.0
4129072,160.0
4129088,175.0
4129296,171.0
4129664,183.0
4129792,203.0
4129936,242.0
4129968,229.0
4130528,167.0
4130784,157.0
4131248,182.0
4131488,136.0
4131968,271.0
4132320,202.0
4132416,163.0
4132624,220.0
4132688,118.0
4133120,191.0
4133232,222.0
4133328,180.0
4134176,167.0
4134432,232.0
4134944,208.0
4135232,203.0
4135616,199.0
4136032,145.0
4136160,216.0
4136160,220.0
4136336,200.0
4136976,174.0
4137680,169.0
4138112,197.0
4138704,216.0
4139040,179.0
4139968,226.0
4140208,252.0
4140400,189.0
4140432,215.0
4140560,176.0
4141504,206.0
4141552,214.0
4141664,165.0
4141984,183.0
4142736,234.0
4142752,158.0
4143392,184.0
4143840,260.0
4143920,209.0
4144240,203.0
4144288,168.0
4144288,173.0
4145136,196.0
4146176,214.0
4146800,159.0
4147008,225.0
4147248,221.0
4147264,220.0
4147440,219.0
4147552,193.0
4147616,207.0
4147776,232.0
4147792,165.0
4148544,184.0
4149504,139.0
4149856,190.0
4150016,211.0
4150112,177.0
4150256,164.0
4150464,215.0
4150528,171.0
4150560,194.0
4150768,185.0
4151056,362.0
4151072,219.0
4151200,165.0
4152560,226.0
4152800,205.0
4152992,180.0
4153104,160.0
4153152,205.0
4153248,154.0
4153664,193.0
4153696,242.0
4153728,203.0
4153744,226.0
4154176,193.0
4154528,207.0
4154736,152.0
4155328,266.0
4156176,208.0
4156352,199.0
4156448,242.0
4156720,225.0
4156944,202.0
4156960,201.0
4157040,205.0
4157040,178.0
4157152,217.0
4158832,211.0
4158912,170.0
4159072,169.0
4159136,237.0
4159904,224.0
4160272,206.0
4160336,211.0
4160368,244.0
4160640,217.0
4160672,226.0
4160928,191.0
4161856,183.0
4162112,189.0
4162128,205.0
4162512,210.0
4162832,155.0
4162944,199.0
4163600,182.0
4163632,185.0
4163984,231.0
4164448,184.0
4165040,181.0
4165456,183.0
4165776,228.0
4165904,252.0
4166768,195.0
4166848,191.0
4166944,184.0
4167248,190.0
4167856,265.0
4168336,179.0
4168912,195.0
4169328,218.0
4169920,225.0
4169952,187.0
4170000,201.0
4170128,204.0
4170624,210.0
4170896,221.0
4171120,203.0
4171280,206.0
4172320,248.0
4172544,232.0
4172576,202.0
4173120,236.0
4173120,194.0
4173280,209.0
4173968,191.0
4174096,185.0
4174512,201.0
4174928,146.0
4175104,209.0
4175152,176.0
4175248,206.0
4175728,185.0
4175856,206.0
4176080,174.0
4176384,203.0
4176768,210.0
4177008,242.0
4177136,163.0
4178176,182.0
4178240,206.0
4178304,196.0
4178512,173.0
4178768,181.0
4178896,175.0
4179200,170.0
4179472,192.0
4179952,183.0
4179984,200.0
4180384,232.0
4180448,221.0
4180880,233.0
4181152,177.0
4181376,195.0
4181504,246.0
4181632,170.0
4182208,170.0
4182272,219.0
4182416,200.0
4182768,173.0
4183040,161.0
4183136,198.0
4184336,215.0
4184368,169.0
4184576,199.0
4184720,192.0
4184720,222.0
4185568,196.0
4186112,250.0
4186320,252.0
4186672,220.0
4187008,247.0
4187184,177.0
4187488,217.0
4187648,182.0
4189152,242.0
4189472,222.0
4189728,212.0
4190016,187.0
4190176,186.0
4190176,218.0
4190320,174.0
4190800,192.0
4191072,206.0
4191392,162.0
4191552,243.0
4192256,227.0
4192512,220.0
4193200,216.0
4193344,197.0
4193568,200.0
4193648,226.0
4194512,184.0
4194624,201.0
4195328,175.0
4195856,224.0
4195952,220.0
4196288,164.0
4196480,181.0
4196592,199.0
4197056,240.0
4197072,208.0
4197408,173.0
4197504,196.0
4197856,208.0
4198560,201.0
4198784,182.0
4198864,186.0
4198880,168.0
4199184,180.0
4199696,193.0
4199968,217.0
4200256,177.0
4200480,185.0
4201776,202.0
4202048,192.0
4202080,219.0
4202144,209.0
4202176,205.0
4202432,202.0
4202496,226.0
4202928,201.0
4203104,195.0
4203104,202.0
4204784,218.0
4204816,234.0
4205072,186.0
4205088,183.0
4205488,186.0
4205584,178.0
4205840,212.0
4205872,172.0
4205872,230.0
4206000,191.0
4206528,213.0
4208192,194.0
4208320,191.0
4208528,233.0
4208672,198.0
4209040,225.0
4209104,201.0
4209120,194.0
4209136,205.0
4209200,166.0
4209648,202.0
4209648,182.0
4210240,161.0
4211248,190.0
4211920,175.0
4211952,176.0
4211968,172.0
4212464,207.0
4213152,218.0
4213728,217.0
4214816,219.0
4214944,183.0
4214960,187.0
4215104,210.0
4215392,163.0
4215536,240.0
4215776,222.0
4216096,183.0
4217536,187.0
4217824,206.0
4218144,198.0
4218256,178.0
4218576,180.0
4218672,195.0
4218752,237.0
4218928,176.0
4219216,210.0
4219392,209.0
4220256,183.0
4221408,162.0
4221792,220.0
4221872,226.0
4221904,167.0
4222016,214.0
4222064,166.0
4222128,199.0
4222208,214.0
4224032,235.0
4224112,190.0
4224112,213.0
4224224,175.0
4224576,173.0
4224848,183.0
4224880,187.0
4224896,195.0
4224992,178.0
4225168,184.0
4225600,243.0
4226880,177.0
4227168,196.0
4227232,165.0
4227632,184.0
4227632,212.0
4227744,226.0
4227856,185.0
4228160,197.0
4228160,198.0
4228400,177.0
4228528,209.0
4229728,177.0
4230176,187.0
4230576,208.0
4230640,165.0
4230928,200.0
4230960,207.0
4231296,172.0
4231376,185.0
4231408,235.0
4231424,188.0
4231520,209.0
4232000,141.0
4233376,170.0
4233712,189.0
4234192,201.0
4234208,181.0
4234224,225.0
4234288,178.0
4234384,178.0
4234736,207.0
4234768,202.0
4235216,200.0
4236128,210.0
4236896,167.0
4237008,173.0
4237760,210.0
4237824,226.0
4239584,209.0
4239616,217.0
4239808,174.0
4240352,167.0
4240384,179.0
4240400,219.0
4241312,180.0
4241344,223.0
4241504,216.0
4241712,185.0
4241728,158.0
4242224,159.0
4242656,191.0
4243344,186.0
4243360,221.0
4243376,188.0
4243568,214.0
4243600,200.0
4244336,245.0
4244496,196.0
4244560,177.0
4244688,198.0
4244960,227.0
4245056,207.0
4245392,186.0
4246000,164.0
4246560,243.0
4246672,349.0
4247472,173.0
4247568,291.0
4247824,178.0
4248208,227.0
4248272,211.0
4248560,263.0
4248960,176.0
4249104,171.0
4249152,154.0
4249376,210.0
4249456,186.0
4249648,218.0
4249920,209.0
4250112,164.0
4250368,165.0
4250752,182.0
4251136,182.0
4251328,190.0
4251648,192.0
4252256,179.0
4252272,175.0
4252416,215.0
4253056,218.0
4253232,254.0
4253232,223.0
4253264,196.0
4254720,183.0
4254992,170.0
4255104,116.0
4256000,223.0
4256096,204.0
4256464,182.0
4256960,167.0
4257024,143.0
4257456,158.0
4259008,216.0
4259104,193.0
4259184,192.0
4259664,164.0
4259760,174.0
4260080,225.0
4261216,175.0
4261328,179.0
4261808,182.0
4261856,187.0
4262000,186.0
4262096,181.0
4262624,196.0
4263088,187.0
4263488,238.0
4263488,172.0
4263648,242.0
4264592,1000.0
4264784,215.0
4264800,216.0
4264848,171.0
4265152,187.0
4266528,189.0
4267088,195.0
4267520,183.0
4267616,176.0
4268336,198.0
4268688,170.0
4269008,259.0
4269200,166.0
4269408,152.0
4270000,190.0
4270192,160.0
4270208,167.0
4271008,223.0
4271104,180.0
4271248,191.0
4271792,115.0
4271888,199.0
4272080,204.0
4272208,187.0
4273040,189.0
4273040,226.0
4273264,190.0
4273648,215.0
4273888,164.0
4273968,184.0
4274640,201.0
4274960,197.0
4275472,223.0
4275712,166.0
4276368,193.0
4276736,177.0
4277120,216.0
4277264,163.0
4277488,157.0
4277584,163.0
4277696,197.0
4278368,184.0
4278544,243.0
4278672,199.0
4278864,189.0
4278944,955.0
4279104,210.0
4279936,175.0
4280048,206.0
4280480,186.0
4280640,183.0
4280704,194.0
4281424,179.0
4281552,179.0
4282224,209.0
4283040,193.0
4283104,249.0
4283184,168.0
4283664,225.0
4283664,171.0
4284208,199.0
4284256,225.0
4284320,180.0
4285136,197.0
4285168,183.0
4285680,228.0
4285904,174.0
4286560,180.0
4286688,218.0
4287008,116.0
4287136,221.0
4287248,223.0
4287264,187.0
4287296,192.0
4287392,212.0
4288160,239.0
4288320,196.0
4288912,100.0
4289056,1000.0
4289696,195.0
4290144,180.0
4290224,200.0
4290224,184.0
4290480,208.0
4290576,198.0
4291488,207.0
4292480,223.0
4292560,178.0
4293184,184.0
4293488,208.0
4293568,238.0
4293760,237.0
4293792,200.0
4293952,232.0
4294336,177.0
4294880,144.0
4294960,1000.0
4295296,175.0
4295664,199.0
4296016,206.0
4296064,155.0
4296112,144.0
4296144,165.0
4296656,162.0
4297104,196.0
4297376,225.0
4297856,219.0
4298096,200.0
4298224,203.0
4298688,163.0
4299456,174.0
4299472,207.0
4301248,196.0
4301296,167.0
4301472,202.0
4301504,227.0
4302176,169.0
4302480,174.0
4302704,1000.0
4303168,225.0
4304304,176.0
4304512,212.0
4304688,204.0
4304704,212.0
4304720,168.0
4304928,1000.0
4305216,231.0
4306064,197.0
4306272,193.0
4306416,203.0
4307056,171.0
4307888,197.0
4308064,177.0
4308160,215.0
4308160,243.0
4308688,174.0
4309040,190.0
4309152,170.0
4309392,207.0
4309904,226.0
4310688,207.0
4311008,177.0
4311616,182.0
4311680,1000.0
4312176,256.0
4312240,192.0
4312528,250.0
4313104,231.0
4313888,199.0
4313920,181.0
4314304,274.0
4314528,177.0
4314896,165.0
4315008,112.0
4315136,263.0
4316064,184.0
4316224,230.0
4316816,201.0
4317104,174.0
4317680,173.0
4317936,179.0
4318176,197.0
4318672,220.0
4318800,180.0
4319008,173.0
4319424,162.0
4320336,201.0
4320384,168.0
4320528,1000.0
4320816,165.0
4320848,181.0
4320864,181.0
4321376,199.0
4321680,179.0
4321888,203.0
4322160,196.0
4322192,219.0
4322336,112.0
4322608,206.0
4323088,141.0
4323728,179.0
4324176,1000.0
4324224,158.0
4324240,127.0
4324256,244.0
4324416,221.0
4324640,203.0
4325248,209.0
4325504,208.0
4325584,185.0
4325808,216.0
4326000,181.0
4326512,173.0
4326512,172.0
4326896,164.0
4327312,192.0
4327648,201.0
4328560,185.0
4329104,240.0
4329200,230.0
4329312,225.0
4329472,216.0
4329680,176.0
4330240,182.0
4330544,227.0
4332192,213.0
4332240,229.0
4332272,191.0
4332512,189.0
4332736,213.0
4332864,198.0
4332880,1000.0
4333520,185.0
4333792,221.0
4334032,181.0
4334768,213.0
4335584,169.0
4335648,172.0
4335760,219.0
4335792,202.0
4335808,220.0
4335856,208.0
4335872,195.0
4336784,186.0
4336960,214.0
4337312,204.0
4338064,187.0
4338128,209.0
4338752,186.0
4338816,197.0
4338896,206.0
4338976,197.0
4339632,235.0
4339696,181.0
4339840,214.0
4339840,151.0
4340768,215.0
4340976,181.0
4341328,156.0
4341712,175.0
4341792,228.0
4342272,219.0
4342528,1000.0
4343136,259.0
4343280,227.0
4343376,220.0
4343568,241.0
4344096,207.0
4344432,215.0
4344480,190.0
4344832,194.0
4344992,169.0
4345680,131.0
4345888,171.0
4346928,227.0
4347104,187.0
4347344,181.0
4347424,207.0
4347792,171.0
4348368,167.0
4349056,209.0
4349552,200.0
4350016,181.0
4350112,198.0
4350368,188.0
4350688,203.0
4351232,1000.0
4351232,214.0
4351888,176.0
4352784,201.0
4353136,194.0
4353344,215.0
4353568,185.0
4353680,222.0
4353904,166.0
4354592,168.0
4356368,174.0
4356416,170.0
4356464,207.0
4356752,177.0
4356768,148.0
4356768,222.0
4357120,178.0
4359040,219.0
4359152,173.0
4359424,165.0
4359568,174.0
4359632,197.0
4359872,246.0
4360032,204.0
4360624,197.0
4361136,192.0
4361136,1000.0
4362128,185.0
4362992,209.0
4363008,247.0
4363136,175.0
4363200,226.0
4363424,211.0
4363440,1000.0
4363600,185.0
4364480,1000.0
4364768,226.0
4365248,194.0
4365552,231.0
4365968,157.0
4366144,183.0
4366368,210.0
4366480,190.0
4366608,182.0
4367088,171.0
4367584,193.0
4367616,177.0
4367776,157.0
4368400,140.0
4368752,148.0
4368896,173.0
4369264,205.0
4369520,177.0
4369536,182.0
4370176,185.0
4370272,198.0
4371040,215.0
4371232,176.0
4371392,164.0
4371552,216.0
4371584,167.0
4372080,194.0
4372608,208.0
4373024,180.0
4373056,173.0
4373120,224.0
4373376,170.0
4373440,243.0
4374096,208.0
4374240,177.0
4374640,190.0
4375136,223.0
4375136,190.0
4375792,166.0
4376144,211.0
4376288,201.0
4376304,180.0
4376400,236.0
4376432,186.0
4376800,213.0
4376848,162.0
4376896,203.0
4377280,198.0
4377376,271.0
4377600,212.0
4377984,185.0
4378320,229.0
4378464,207.0
4379344,183.0
4379344,199.0
4379424,226.0
4379552,171.0
4379568,203.0
4379904,216.0
4380144,178.0
4380160,241.0
4380336,159.0
4380512,228.0
4380816,214.0
4381040,214.0
4381136,175.0
4381680,230.0
4382896,170.0
4382944,189.0
4383040,217.0
4383552,189.0
4383808,166.0
4384672,158.0
4385440,234.0
4386272,184.0
4386400,218.0
4386480,182.0
4386656,238.0
4386784,240.0
4387296,163.0
4388080,164.0
4388256,217.0
4388464,172.0
4388848,182.0
4389280,187.0
4389312,165.0
4389664,179.0
4389824,157.0
4389872,216.0
4389952,216.0
4390368,200.0
4391024,245.0
4391600,241.0
4392400,192.0
4392576,205.0
4392640,172.0
4392896,182.0
4393088,203.0
4393168,200.0
4393984,269.0
4394480,256.0
4394480,184.0
4394880,209.0
4394928,207.0
4395360,1000.0
4395440,189.0
4395440,1000.0
4395728,192.0
4396416,151.0
4396768,224.0
4397072,161.0
4397776,177.0
4398240,169.0
4398464,170.0
4398608,197.0
4398944,157.0
4399152,231.0
4399168,191.0
4399536,214.0
4399600,156.0
4400608,147.0
4400768,186.0
4401472,179.0
4402096,183.0
4402192,161.0
4402608,172.0
4402800,240.0
4402912,189.0
4403360,219.0
4403760,196.0
4403936,197.0
4404464,189.0
4404464,186.0
4404704,188.0
4404752,165.0
4404832,241.0
4404976,189.0
4405104,174.0
4405632,168.0
4405872,219.0
4406016,212.0
4406096,205.0
4406256,208.0
4406560,163.0
4406992,226.0
4407008,202.0
4408160,230.0
4408304,207.0
4408432,207.0
4409040,197.0
4409184,192.0
4409696,214.0
4409904,180.0
4410128,222.0
4410464,180.0
4410880,169.0
4411200,172.0
4411568,157.0
4411968,185.0
4412016,166.0
4412128,183.0
4412656,240.0
4413104,211.0
4413104,189.0
4413120,200.0
4413408,204.0
4413776,180.0
4414016,180.0
4414256,167.0
4414464,203.0
4414720,171.0
4415408,204.0
4415536,219.0
4416080,166.0
4416224,193.0
4416272,151.0
4416528,171.0
4416688,225.0
4416784,172.0
4417248,194.0
4417488,151.0
4417888,213.0
4418704,197.0
4419024,225.0
4419088,178.0
4419088,159.0
4419296,104.0
4419360,215.0
4419440,219.0
4419664,185.0
4419840,188.0
4419920,239.0
4420096,238.0
4420544,205.0
4420752,178.0
4421568,178.0
4421776,167.0
4421824,174.0
4422128,172.0
4422256,175.0
4422672,187.0
4422720,213.0
4423008,197.0
4423104,198.0
4423232,195.0
4423696,200.0
4423808,190.0
4425008,198.0
4425296,177.0
4425728,190.0
4426736,173.0
4426816,187.0
4427024,250.0
4427712,158.0
4427792,259.0
4427808,173.0
4428048,170.0
4428144,177.0
4428624,225.0
4428768,189.0
4429008,178.0
4429424,224.0
4429472,213.0
4429520,168.0
4429664,164.0
4429776,166.0
4430176,191.0
4430640,243.0
4431312,219.0
4431376,207.0
4431456,206.0
4431472,230.0
4432192,222.0
4432528,178.0
4432576,222.0
4433808,155.0
4433824,146.0
4434928,204.0
4435184,179.0
4435872,229.0
4436400,235.0
4436496,247.0
4436784,184.0
4437152,173.0
4437280,216.0
4438336,222.0
4438640,158.0
4438720,120.0
4439392,235.0
4439456,226.0
4440048,165.0
4440336,227.0
4440608,256.0
4440720,179.0
4440752,216.0
4441920,153.0
4441968,160.0
4441984,170.0
4442800,127.0
4443040,186.0
4443168,193.0
4443184,212.0
4444016,126.0
4444144,175.0
4444160,214.0
4444736,178.0
4444736,172.0
4445360,210.0
4446160,186.0
4446544,167.0
4446704,178.0
4446752,231.0
4447456,206.0
4447520,173.0
4447712,213.0
4447712,180.0
4448528,197.0
4448592,236.0
4448912,175.0
4449536,210.0
4449600,180.0
4449712,184.0
4449824,204.0
4450096,197.0
4450752,189.0
4450960,205.0
4451200,1000.0
4451232,219.0
4451552,164.0
4452496,247.0
4452960,178.0
4452976,203.0
4453168,165.0
4453488,200.0
4453504,223.0
4453536,173.0
4453984,188.0
4454304,171.0
4455152,165.0
4455312,201.0
4455872,181.0
4456032,204.0
4456064,192.0
4456112,162.0
4456272,170.0
4457184,160.0
4457312,207.0
4457504,124.0
4457616,206.0
4457760,215.0
4458240,182.0
4458384,201.0
4458768,165.0
4459152,192.0
4459248,200.0
4459296,181.0
4459568,221.0
4459792,219.0
4460192,160.0
4461424,198.0
4461520,234.0
4461616,201.0
4462336,198.0
4462464,212.0
4462480,181.0
4464256,176.0
4464704,138.0
4465072,170.0
4465168,208.0
4465312,230.0
4465568,193.0
4465680,184.0
4465984,217.0
4466192,222.0
4466544,202.0
4467536,195.0
4467584,179.0
4467888,167.0
4467984,180.0
4468016,234.0
4468048,185.0
4468736,190.0
4469856,228.0
4470032,217.0
4471024,226.0
4471024,217.0
4471936,235.0
4471984,207.0
4472384,204.0
4472432,174.0
4472432,160.0
4473840,194.0
4473856,209.0
4473888,202.0
4474032,187.0
4474240,156.0
4474720,215.0
4474752,175.0
4474992,170.0
4476336,243.0
4476592,181.0
4476960,194.0
4477008,196.0
4478320,172.0
4478400,188.0
4478528,198.0
4479168,176.0
4479440,154.0
4479520,181.0
4480048,198.0
4480320,206.0
4480384,236.0
4480400,199.0
4480672,162.0
4481056,179.0
4481488,192.0
4481488,202.0
4482032,178.0
4482240,174.0
4482848,218.0
4482864,175.0
4483424,188.0
4483984,192.0
4484304,175.0
4484368,179.0
4484528,216.0
4485168,195.0
4485680,179.0
4485776,203.0
4485920,190.0
4487104,170.0
4487200,200.0
4487376,177.0
4487840,166.0
4487936,232.0
4488000,170.0
4488496,175.0
4489200,204.0
4489248,216.0
4490016,175.0
4490128,209.0
4490592,217.0
4490672,170.0
4490736,201.0
4490768,218.0
4490768,182.0
4491232,201.0
4491440,183.0
4491504,185.0
4492944,187.0
4493088,203.0
4493472,208.0
4493824,196.0
4494112,166.0
4494144,187.0
4494432,228.0
4494448,200.0
4495728,173.0
4495904,151.0
4495984,180.0
4496384,187.0
4496896,173.0
4497184,150.0
4497200,216.0
4497312,179.0
4497456,247.0
4497504,201.0
4497552,212.0
4498080,196.0
4498592,178.0
4498688,173.0
4498736,171.0
4499248,202.0
4499520,187.0
4499840,215.0
4499968,210.0
4500112,165.0
4500496,197.0
4501008,215.0
4501408,169.0
4501488,180.0
4501968,242.0
4502656,167.0
4502688,214.0
4502832,197.0
4502960,194.0
4503072,184.0
4503328,166.0
4503584,160.0
4504016,210.0
4504064,171.0
4504080,161.0
4504560,196.0
4504624,275.0
4504784,175.0
4506160,207.0
4506208,191.0
4506432,193.0
4506944,248.0
4506944,209.0
4507104,188.0
4507200,195.0
4507968,246.0
4509264,144.0
4509408,202.0
4509424,181.0
4509632,197.0
4509856,219.0
4510064,208.0
4510224,194.0
4510256,190.0
4510368,176.0
4510512,158.0
4511776,184.0
4511968,159.0
4511984,169.0
4512368,183.0
4512432,198.0
4512784,183.0
4512832,160.0
4512864,214.0
4512896,203.0
4513072,187.0
4513392,188.0
4513616,211.0
4513632,194.0
4513632,159.0
4514336,214.0
4514576,174.0
4515200,200.0
4515360,157.0
4515648,171.0
4516048,185.0
4516944,207.0
4517984,179.0
4518048,177.0
4518400,173.0
4518512,187.0
4519648,180.0
4520144,202.0
4520384,194.0
4520608,163.0
4520608,192.0
4521264,184.0
4521408,206.0
4521696,96.0
4522256,162.0
4522576,282.0
4522720,185.0
4523184,174.0
4523200,178.0
4523904,205.0
4524512,202.0
4524592,195.0
4524976,202.0
4525168,176.0
4525200,183.0
4525216,237.0
4525872,1000.0
4525920,199.0
4526352,235.0
4526512,187.0
4526736,220.0
4526752,177.0
4527024,165.0
4527072,173.0
4528032,214.0
4528112,224.0
4528416,199.0
4528512,208.0
4529296,213.0
4529616,161.0
4529728,186.0
4530032,184.0
4530336,238.0
4531600,198.0
4531664,182.0
4531984,1000.0
4532208,181.0
4532240,187.0
4532992,203.0
4533280,228.0
4533792,234.0
4534016,165.0
4534048,231.0
4534192,161.0
4534224,182.0
4534272,201.0
4534368,204.0
4534464,154.0
4535536,205.0
4536016,237.0
4536368,228.0
4536480,199.0
4536528,153.0
4536800,237.0
4536864,155.0
4537136,183.0
4537200,212.0
4537264,189.0
4537280,203.0
4538256,169.0
4539200,1000.0
4539200,166.0
4539200,198.0
4539648,204.0
4540000,178.0
4540016,179.0
4540064,173.0
4540128,227.0
4540896,164.0
4541712,156.0
4542128,182.0
4542224,160.0
4542736,170.0
4543328,199.0
4543440,192.0
4543648,171.0
4544128,215.0
4544224,236.0
4544784,191.0
4545104,185.0
4545456,169.0
4545664,178.0
4546464,188.0
4546880,221.0
4547328,193.0
4547680,1000.0
4547856,191.0
4548400,205.0
4548880,203.0
4548944,248.0
4549296,186.0
4549312,174.0
4549728,203.0
4549808,258.0
4549968,179.0
4550736,179.0
4550784,215.0
4551216,175.0
4551856,181.0
4552224,182.0
4552352,179.0
4552432,194.0
4552736,182.0
4552976,187.0
4553072,208.0
4553088,204.0
4553680,180.0
4553760,188.0
4554016,198.0
4554208,186.0
4554800,183.0
4554864,191.0
4555472,196.0
4555696,169.0
4556016,204.0
4556352,147.0
4556368,204.0
4557232,216.0
4557392,161.0
4557600,223.0
4557696,217.0
4558112,194.0
4558784,206.0
4558896,178.0
4559824,151.0
4560144,158.0
4560944,176.0
4561168,189.0
4561216,208.0
4561376,176.0
4561616,199.0
4562016,188.0
4562112,230.0
4562176,165.0
4562224,187.0
4562432,151.0
4563024,232.0
4563088,156.0
4563488,228.0
4564160,200.0
4564464,181.0
4564688,156.0
4564752,210.0
4564976,186.0
4565920,217.0
4566816,232.0
4566912,213.0
4566928,172.0
4567184,182.0
4567824,209.0
4568000,198.0
4568144,211.0
4568240,200.0
4568240,203.0
4568416,179.0
4568832,216.0
4568960,200.0
4569184,203.0
4569184,180.0
4569680,155.0
4569856,214.0
4570000,198.0
4570672,177.0
4571200,184.0
4571408,197.0
4571648,175.0
4571760,234.0
4571952,220.0
4572352,211.0
4573168,188.0
4573712,193.0
4573856,198.0
4574160,171.0
4574320,159.0
4574336,186.0
4574496,205.0
4574656,212.0
4575360,166.0
4575520,180.0
4575568,189.0
4576304,246.0
4576464,162.0
4576640,182.0
4577552,180.0
4577952,205.0
4578304,183.0
4578656,192.0
4579136,176.0
4579376,203.0
4579552,224.0
4579760,142.0
4580080,157.0
4580144,229.0
4580800,177.0
4581232,205.0
4581600,153.0
4581824,197.0
4581920,184.0
4582048,233.0
4582064,156.0
4582288,248.0
4582560,174.0
4582592,156.0
4582928,221.0
4582976,176.0
4583360,216.0
4583728,182.0
4584000,172.0
4584208,187.0
4584416,161.0
4584592,205.0
4584624,159.0
4584640,209.0
4584720,166.0
4584880,204.0
4584976,167.0
4585024,193.0
4585024,153.0
4585040,152.0
4585584,165.0
4586112,171.0
4586528,174.0
4587760,197.0
4587936,184.0
4588080,215.0
4588896,153.0
4589088,159.0
4590096,167.0
4590592,164.0
4590656,186.0
4590816,190.0
4590864,226.0
4591216,209.0
4591456,210.0
4591600,168.0
4591616,220.0
4591728,212.0
4592272,198.0
4592416,171.0
4593072,211.0
4593168,180.0
4593280,182.0
4593568,216.0
4594032,160.0
4594080,153.0
4594512,181.0
4594816,224.0
4595392,194.0
4595920,177.0
4596224,183.0
4596976,178.0
4597024,156.0
4597312,194.0
4597424,211.0
4597520,179.0
4597536,195.0
4597744,228.0
4597824,214.0
4598000,198.0
4598256,178.0
4599040,194.0
4599280,169.0
4599568,158.0
4599744,219.0
4600240,175.0
4600448,195.0
4600848,188.0
4601408,212.0
4601568,206.0
4601840,141.0
4602400,220.0
4603344,155.0
4603376,175.0
4603696,246.0
4603904,215.0
4604208,198.0
4604464,163.0
4604768,209.0
4605008,201.0
4605168,172.0
4605280,168.0
4605296,214.0
4606064,147.0
4606096,212.0
4606240,180.0
4606400,212.0
4606448,193.0
4606816,181.0
4607456,184.0
4608192,213.0
4608208,182.0
4608208,226.0
4608496,199.0
4608544,210.0
4608736,164.0
4609232,197.0
4609424,198.0
4609808,212.0
4610112,169.0
4610336,199.0
4611056,185.0
4611120,163.0
4611344,195.0
4611376,176.0
4611680,216.0
4611744,187.0
4612144,181.0
4612624,171.0
4612880,191.0
4612992,179.0
4613792,217.0
4613840,173.0
4614208,157.0
4614352,187.0
4614688,181.0
4615552,214.0
4616128,196.0
4616544,157.0
4616880,157.0
4617184,185.0
4617648,175.0
4618032,208.0
4618192,207.0
4618416,210.0
4618816,205.0
4618992,207.0
4619648,153.0
4620480,128.0
4620560,181.0
4621312,204.0
4621648,165.0
4621728,170.0
4622144,236.0
4622432,208.0
4622528,209.0
4622544,237.0
4623856,210.0
4624272,184.0
4624800,196.0
4624832,149.0
4625056,185.0
4625360,179.0
4625376,227.0
4625664,195.0
4625808,203.0
4626544,213.0
4627088,228.0
4627232,210.0
4627312,215.0
4627648,180.0
4628112,171.0
4628160,173.0
4628320,198.0
4628320,219.0
4628592,220.0
4629152,217.0
4629216,212.0
4629600,156.0
4629696,196.0
4630192,99.0
4630240,176.0
4630320,166.0
4630448,142.0
4630688,219.0
4631136,175.0
4632352,199.0
4632384,173.0
4632432,170.0
4632560,1000.0
4633296,190.0
4633728,200.0
4633808,215.0
4633904,223.0
4634832,164.0
4635040,167.0
4635168,162.0
4635232,177.0
4635376,183.0
4635408,161.0
4636448,166.0
4636864,184.0
4637568,171.0
4637856,188.0
4637920,179.0
4638528,205.0
4638768,209.0
4639184,250.0
4639408,175.0
4639440,199.0
4639616,171.0
4639616,188.0
4639808,209.0
4639968,252.0
4640272,156.0
4640768,199.0
4640880,184.0
4641024,155.0
4641440,166.0
4641440,223.0
4642368,180.0
4642528,190.0
4642896,204.0
4643216,152.0
4643328,231.0
4644048,188.0
4644064,163.0
4644368,217.0
4645344,185.0
4645408,179.0
4645776,176.0
4646144,226.0
4646256,197.0
4646272,190.0
4647264,245.0
4647552,217.0
4647728,183.0
4648224,179.0
4648400,198.0
4648912,194.0
4649056,181.0
4649136,232.0
4649136,178.0
4649232,215.0
4649264,200.0
4649488,201.0
4649920,171.0
4649952,229.0
4650512,173.0
4650656,162.0
4651776,221.0
4652208,196.0
4652208,169.0
4652480,200.0
4652720,223.0
4652880,182.0
4653056,213.0
4653456,174.0
4653984,210.0
4654224,185.0
4655216,187.0
4655296,150.0
4655424,168.0
4655456,218.0
4655792,223.0
4655824,203.0
4655856,174.0
4656128,166.0
4656592,200.0
4656720,213.0
4656736,162.0
4657680,188.0
4657872,227.0
4657984,167.0
4658192,179.0
4658272,190.0
4658352,180.0
4658544,171.0
4658880,215.0
4658976,194.0
4659536,231.0
4659712,186.0
4659904,206.0
4659952,200.0
4660624,171.0
4660640,184.0
4660816,163.0
4661296,211.0
4661440,180.0
4661456,144.0
4661760,179.0
4661856,223.0
4662560,223.0
4662992,189.0
4663024,150.0
4663136,156.0
4663456,211.0
4664304,178.0
4664320,137.0
4664352,220.0
4664528,191.0
4664544,195.0
4664960,193.0
4665632,178.0
4665856,175.0
4666240,120.0
4666656,219.0
4666784,207.0
4666976,248.0
4667104,160.0
4667280,170.0
4667440,194.0
4667824,190.0
4668368,157.0
4668624,166.0
4668800,183.0
4669232,186.0
4670160,218.0
4670256,216.0
4670768,184.0
4670928,216.0
4670960,219.0
4671632,192.0
4671696,180.0
4671904,204.0
4672352,187.0
4672560,207.0
4672928,172.0
4673584,159.0
4673632,168.0
4674304,162.0
4675504,196.0
4675712,237.0
4676128,166.0
4676416,225.0
4676976,204.0
4677248,225.0
4677248,183.0
4677456,241.0
4677456,208.0
4677648,217.0
4678400,172.0
4678880,153.0
4678928,174.0
4680128,196.0
4680512,192.0
4680592,183.0
4680864,212.0
4681168,164.0
4681424,192.0
4681520,194.0
4681728,174.0
4681760,179.0
4683056,136.0
4683088,184.0
4683120,1000.0
4683728,192.0
4683808,200.0
4683872,176.0
4683888,156.0
4683904,201.0
4683984,216.0
4684240,175.0
4684384,1000.0
4684640,194.0
4685952,176.0
4686768,184.0
4686800,180.0
4687056,207.0
4687088,193.0
4687120,179.0
4687376,170.0
4687648,187.0
4687728,208.0
4689568,181.0
4689632,160.0
4690144,188.0
4690528,174.0
4690736,245.0
4691360,171.0
4691504,184.0
4692256,167.0
4692448,193.0
4692672,151.0
4692912,167.0
4693232,190.0
4693328,198.0
4693376,183.0
4695248,174.0
4695536,178.0
4695920,228.0
4696000,166.0
4696128,200.0
4696336,188.0
4696448,425.0
4696768,211.0
4697280,194.0
4697328,187.0
4697776,1000.0
4698400,178.0
4698608,167.0
4699712,210.0
4699792,191.0
4699888,159.0
4700000,221.0
4700064,205.0
4700352,144.0
4700384,162.0
4700544,203.0
4701024,147.0
4701408,174.0
4702400,216.0
4702560,155.0
4702864,185.0
4702944,159.0
4702960,202.0
4702992,200.0
4703488,195.0
4703504,178.0
4703824,170.0
4703888,208.0
4704448,188.0
4704656,202.0
4705456,147.0
4705536,195.0
4705776,175.0
4706064,160.0
4706096,193.0
4706096,137.0
4706448,215.0
4706496,226.0
4706704,199.0
4707424,185.0
4707744,208.0
4708144,147.0
4708160,168.0
4708192,156.0
4708608,156.0
4708768,166.0
4708800,170.0
4709152,167.0
4709232,230.0
4709264,159.0
4709776,207.0
4709856,132.0
4710784,164.0
4711440,166.0
4711808,187.0
4711888,170.0
4712160,182.0
4712320,194.0
4713232,162.0
4713440,200.0
4714064,204.0
4714080,152.0
4714864,215.0
4715088,172.0
4715136,171.0
4715664,240.0
4716528,202.0
4716544,193.0
4716704,216.0
4717056,186.0
4717168,164.0
4717520,180.0
4717808,208.0
4717888,171.0
4718256,211.0
4718256,197.0
4718448,187.0
4718624,234.0
4718880,191.0
4719136,161.0
4719328,228.0
4719488,184.0
4719680,185.0
4720208,168.0
4720624,170.0
4720816,227.0
4720912,211.0
4721456,199.0
4721600,208.0
4721872,185.0
4721920,151.0
4722400,169.0
4722400,219.0
4722992,180.0
4723776,184.0
4723984,191.0
4724384,156.0
4724432,210.0
4724496,180.0
4724864,183.0
4725568,163.0
4725840,177.0
4726096,217.0
4726656,179.0
4727136,199.0
4727296,178.0
4727728,171.0
4727760,178.0
4727856,186.0
4728160,144.0
4728384,175.0
4728688,241.0
4728736,164.0
4729584,182.0
4730080,173.0
4730368,164.0
4730624,178.0
4730768,196.0
4730928,172.0
4731024,231.0
4731440,168.0
4731504,227.0
4731504,208.0
4731664,183.0
4731824,214.0
4732432,177.0
4732912,158.0
4733232,186.0
4733552,216.0
4733600,213.0
4734112,179.0
4734256,201.0
4734768,193.0
4734944,194.0
4735008,222.0
4735536,193.0
4735760,200.0
4736160,1000.0
4736160,202.0
4736304,191.0
4737200,192.0
4737408,240.0
4737488,158.0
4737488,201.0
4738080,191.0
4738928,172.0
4739104,208.0
4739120,161.0
4739776,216.0
4739968,172.0
4740048,204.0
4740544,190.0
4740944,221.0
4741360,246.0
4741536,112.0
4741856,148.0
4742400,205.0
4742448,149.0
4742608,164.0
4742880,234.0
4743136,178.0
4743520,185.0
4744320,184.0
4744768,142.0
4745360,213.0
4745856,202.0
4746208,191.0
4746272,241.0
4746544,146.0
4747104,199.0
4747216,145.0
4747616,205.0
4748112,208.0
4748304,152.0
4749040,172.0
4749072,173.0
4749408,199.0
4749680,195.0
4750128,181.0
4750864,216.0
4750896,236.0
4751616,160.0
4751712,192.0
4753376,169.0
4753440,206.0
4753552,188.0
4753760,178.0
4754400,220.0
4754432,175.0
4754624,181.0
4755008,182.0
4755312,185.0
4755520,184.0
4755744,174.0
4755984,162.0
4756208,179.0
4757088,219.0
4757136,168.0
4757456,190.0
4757792,197.0
4758288,206.0
4758464,1000.0
4758688,154.0
4758704,198.0
4758720,185.0
4758992,165.0
4759184,199.0
4760416,184.0
4760880,233.0
4761664,154.0
4761712,188.0
4761872,199.0
4761920,215.0
4762704,185.0
4763200,182.0
4763344,171.0
4764256,189.0
4764336,215.0
4764336,160.0
4764576,165.0
4764704,153.0
4767104,185.0
4767472,180.0
4768528,159.0
4768992,166.0
4769664,184.0
4769952,1000.0
4770032,204.0
4770080,177.0
4770320,200.0
4770336,173.0
4770640,197.0
4771888,180.0
4772528,101.0
4772576,163.0
4772928,169.0
4773008,167.0
4773216,221.0
4773248,181.0
4773344,168.0
4774448,196.0
4774480,173.0
4774848,184.0
4775040,153.0
4775376,163.0
4775472,226.0
4775664,195.0
4775680,151.0
4776032,190.0
4776352,195.0
4776496,222.0
4776640,205.0
4777072,161.0
4777120,187.0
4777456,162.0
4777600,196.0
4777888,1000.0
4778288,181.0
4778320,178.0
4778464,213.0
4778704,201.0
4778720,99.0
4778768,192.0
4779008,196.0
4779200,168.0
4779216,178.0
4779232,161.0
4780720,151.0
4780864,163.0
4781104,164.0
4781136,150.0
4781728,184.0
4781744,158.0
4781984,185.0
4782256,189.0
4782448,165.0
4783136,213.0
4783856,195.0
4783872,170.0
4784112,207.0
4784176,206.0
4784400,151.0
4784656,221.0
4784672,182.0
4784960,185.0
4785728,218.0
4785824,210.0
4786096,184.0
4786208,178.0
4787024,196.0
4787312,215.0
4787376,199.0
4787504,176.0
4787664,187.0
4787680,204.0
4788448,145.0
4788496,199.0
4788560,220.0
4788976,196.0
4789440,208.0
4789744,220.0
4789840,157.0
4790576,199.0
4790720,200.0
4791008,199.0
4791520,184.0
4792016,199.0
4792224,186.0
4792928,191.0
4792992,202.0
4793728,187.0
4793824,202.0
4793840,163.0
4793840,170.0
4794944,182.0
4795040,174.0
4795152,138.0
4795280,173.0
4795568,208.0
4795616,165.0
4795856,178.0
4796640,181.0
4796704,165.0
4796736,180.0
4796880,186.0
4796928,193.0
4797056,200.0
4797264,186.0
4797488,165.0
4797840,180.0
4797920,172.0
4798304,170.0
4798608,200.0
4798704,192.0
4798784,233.0
4799008,196.0
4799168,153.0
4799296,159.0
4799472,150.0
4799552,181.0
4799888,163.0
4800672,233.0
4800720,179.0
4800768,156.0
4800816,207.0
4801280,185.0
4801936,201.0
4801952,165.0
4802272,203.0
4802368,180.0
4802560,187.0
4802784,196.0
4803712,186.0
4804384,151.0
4804416,212.0
4804416,195.0
4804688,183.0
4805088,193.0
4805120,171.0
4805648,210.0
4805872,192.0
4805936,210.0
4806816,223.0
4806928,200.0
4807312,193.0
4807536,194.0
4807600,200.0
4807856,204.0
4808800,196.0
4808864,186.0
4809536,224.0
4810016,168.0
4810192,212.0
4810240,213.0
4810288,171.0
4810496,180.0
4810848,186.0
4810944,150.0
4811248,228.0
4811728,135.0
4811792,182.0
4811968,197.0
4812928,181.0
4813200,161.0
4813216,188.0
4813632,195.0
4813792,196.0
4813808,178.0
4814000,196.0
4815376,212.0
4815696,154.0
4815776,177.0
4815968,197.0
4816256,190.0
4816400,162.0
4816784,173.0
4817040,212.0
4817056,216.0
4817056,194.0
4818336,210.0
4818432,170.0
4818768,189.0
4819120,196.0
4819712,206.0
4820208,196.0
4820336,204.0
4820560,147.0
4821072,170.0
4821136,168.0
4821360,138.0
4821712,183.0
4822080,206.0
4822640,199.0
4822960,239.0
4823056,177.0
4823328,229.0
4823664,193.0
4823792,223.0
4823824,211.0
4824272,178.0
4824448,197.0
4824528,215.0
4824816,170.0
4824848,137.0
4825648,159.0
4826016,190.0
4826240,160.0
4826288,201.0
4826800,157.0
4826816,217.0
4827136,206.0
4827200,212.0
4827216,176.0
4827456,164.0
4827728,204.0
4828992,208.0
4829120,205.0
4829168,179.0
4829344,207.0
4830080,178.0
4830288,170.0
4830304,193.0
4830944,212.0
4830976,182.0
4832080,192.0
4832144,188.0
4832880,192.0
4832896,175.0
4833168,178.0
4833632,208.0
4834432,164.0
4834848,168.0
4835184,168.0
4835728,176.0
4835744,174.0
4836368,184.0
4836432,188.0
4836800,197.0
4837088,204.0
4837632,191.0
4837760,183.0
4838064,202.0
4838192,187.0
4838224,154.0
4838240,237.0
4838336,217.0
4839136,168.0
4839136,210.0
4839152,208.0
4839280,181.0
4840112,208.0
4840592,184.0
4840640,152.0
4840944,198.0
4841104,189.0
4841168,183.0
4841312,185.0
4841696,188.0
4841808,165.0
4842256,1000.0
4842736,224.0
4843264,166.0
4843568,163.0
4843808,164.0
4844064,184.0
4845088,154.0
4845232,185.0
4845424,230.0
4845536,174.0
4846144,160.0
4846320,170.0
4846480,200.0
4846528,188.0
4846864,190.0
4847248,183.0
4847296,170.0
4847520,215.0
4847760,166.0
4848560,207.0
4848960,164.0
4849248,169.0
4849280,174.0
4849664,219.0
4850032,197.0
4850304,187.0
4850912,211.0
4850976,189.0
4851072,206.0
4851088,171.0
4851744,173.0
4852064,218.0
4852544,205.0
4852640,162.0
4852720,182.0
4853472,111.0
4853888,175.0
4854272,157.0
4854464,200.0
4854784,197.0
4854944,199.0
4855632,203.0
4855904,209.0
4856224,171.0
4856432,180.0
4856816,172.0
4857312,213.0
4857648,168.0
4857856,223.0
4858864,174.0
4859056,163.0
4859072,197.0
4859104,216.0
4859360,154.0
4859872,227.0
4860016,217.0
4860224,181.0
4860448,153.0
4860480,172.0
4861696,176.0
4861872,185.0
4862128,191.0
4862288,193.0
4862352,202.0
4862384,225.0
4862784,172.0
4863024,196.0
4863360,146.0
4863872,212.0
4864864,170.0
4864896,158.0
4865088,174.0
4865424,161.0
4865696,206.0
4865760,171.0
4866208,187.0
4866272,202.0
4866480,184.0
4866528,233.0
4866640,172.0
4867152,162.0
4868112,200.0
4868160,208.0
4869008,223.0
4869104,180.0
4869552,201.0
4869696,213.0
4870176,171.0
4870272,226.0
4870560,212.0
4872096,192.0
4872176,197.0
4872352,202.0
4872464,181.0
4872704,195.0
4872960,204.0
4873248,191.0
4873712,180.0
4873808,220.0
4874336,186.0
4874384,186.0
4875056,187.0
4875312,200.0
4875504,174.0
4875664,168.0
4875712,220.0
4875824,160.0
4876192,206.0
4876528,201.0
4876928,161.0
4876944,195.0
4877008,163.0
4877968,165.0
4879072,179.0
4879248,233.0
4879312,227.0
4879632,163.0
4879824,180.0
4880304,210.0
4880480,151.0
4880592,210.0
4880656,257.0
4880944,185.0
4881120,171.0
4881424,215.0
4881648,183.0
4881808,155.0
4882032,173.0
4882480,165.0
4882832,199.0
4883152,204.0
4883184,168.0
4883264,184.0
4883616,155.0
4883824,201.0
4884416,172.0
4884448,150.0
4884640,162.0
4885648,197.0
4885856,170.0
4885920,165.0
4886528,185.0
4887296,177.0
4887392,185.0
4887472,176.0
4888000,146.0
4888672,208.0
4888944,181.0
4889120,199.0
4889344,175.0
4889472,198.0
4889488,239.0
4889760,142.0
4889888,186.0
4890112,191.0
4890304,172.0
4890864,94.0
4891008,187.0
4891040,200.0
4891088,150.0
4891392,158.0
4892320,176.0
4892320,210.0
4892464,186.0
4892608,177.0
4892672,221.0
4892752,164.0
4893296,210.0
4893424,150.0
4893472,223.0
4893536,209.0
4893584,169.0
4893984,180.0
4894000,184.0
4894720,207.0
4895344,179.0
4895808,148.0
4896000,175.0
4896352,229.0
4896368,148.0
4896896,206.0
4898688,177.0
4898816,187.0
4898864,201.0
4898928,195.0
4899024,154.0
4899264,203.0
4899344,185.0
4899616,179.0
4900528,198.0
4901264,190.0
4901296,151.0
4901520,161.0
4901712,178.0
4901920,193.0
4901920,152.0
4902112,177.0
4902416,191.0
4903248,196.0
4903264,278.0
4903264,204.0
4903872,156.0
4904016,162.0
4904144,163.0
4904416,224.0
4904720,213.0
4905360,202.0
4905792,157.0
4905840,213.0
4906160,181.0
4907328,162.0
4907504,204.0
4907984,137.0
4908400,159.0
4908528,197.0
4909040,179.0
4909296,169.0
4910096,160.0
4910256,171.0
4910544,182.0
4910880,214.0
4910912,223.0
4911184,165.0
4911264,204.0
4911344,207.0
4911360,144.0
4911440,183.0
4913088,176.0
4913264,197.0
4913824,183.0
4914048,178.0
4914224,206.0
4914368,193.0
4914496,190.0
4914784,201.0
4914784,213.0
4915504,177.0
4915920,208.0
4916528,168.0
4916528,214.0
4916576,206.0
4917616,161.0
4917856,191.0
4918528,162.0
4918704,191.0
4919424,216.0
4919824,204.0
4919840,205.0
4919920,157.0
4920000,133.0
4920384,185.0
4920928,149.0
4922208,223.0
4922480,175.0
4922544,168.0
4922704,209.0
4923056,209.0
4923200,204.0
4923744,233.0
4923808,213.0
4924832,168.0
4925152,166.0
4925152,152.0
4926016,175.0
4926256,153.0
4926544,217.0
4926928,194.0
4926944,189.0
4927104,197.0
4927632,174.0
4927792,152.0
4927936,198.0
4927952,174.0
4928272,194.0
4928384,202.0
4928800,167.0
4929408,211.0
4929632,167.0
4929888,173.0
4930432,218.0
4930832,179.0
4931136,165.0
4931280,187.0
4931424,189.0
4931440,164.0
4932480,177.0
4932752,178.0
4932768,182.0
4933024,163.0
4933040,160.0
4933232,155.0
4933520,192.0
4933632,174.0
4934128,177.0
4934160,169.0
4934688,227.0
4934720,1000.0
4934880,233.0
4935536,190.0
4935776,214.0
4936032,186.0
4936080,206.0
4936496,203.0
4936784,196.0
4937024,180.0
4937200,200.0
4937616,182.0
4938304,183.0
4938736,165.0
4939024,165.0
4939664,152.0
4940080,205.0
4940288,192.0
4940624,187.0
4940944,191.0
4941152,177.0
4941600,209.0
4941664,182.0
4941712,189.0
4942080,172.0
4942160,219.0
4942384,161.0
4943296,200.0
4943360,191.0
4943728,173.0
4944192,189.0
4944656,183.0
4944704,163.0
4944800,260.0
4945584,115.0
4945760,213.0
4945776,225.0
4946144,199.0
4946528,201.0
4947392,161.0
4947952,196.0
4947984,207.0
4948016,206.0
4948128,157.0
4948320,170.0
4948576,181.0
4948672,180.0
4949104,225.0
4949312,173.0
4949904,190.0
4950736,1000.0
4950912,178.0
4950944,182.0
4950944,221.0
4950960,176.0
4951232,159.0
4951424,193.0
4951760,198.0
4952032,152.0
4952144,162.0
4952256,196.0
4953200,162.0
4953616,166.0
4953824,179.0
4954112,199.0
4954224,217.0
4954672,214.0
4954752,186.0
4954896,201.0
4955312,197.0
4955328,191.0
4956016,175.0
4956688,153.0
4956928,193.0
4956976,187.0
4957184,183.0
4957344,201.0
4957408,170.0
4957632,170.0
4957792,154.0
4958032,195.0
4958656,160.0
4959440,171.0
4959648,166.0
4959904,185.0
4960096,180.0
4960272,164.0
4960272,182.0
4960400,147.0
4960464,147.0
4960480,205.0
4960576,197.0
4960848,190.0
4960864,155.0
4961904,153.0
4962128,115.0
4962144,155.0
4962352,152.0
4962816,169.0
4962832,146.0
4963056,165.0
4963408,159.0
4963696,177.0
4964560,151.0
4965168,188.0
4965344,206.0
4965552,170.0
4966032,163.0
4966208,196.0
4966784,198.0
4966784,205.0
4966832,141.0
4967232,157.0
4968080,197.0
4968432,179.0
4969600,175.0
4969648,175.0
4969840,162.0
4969856,180.0
4969856,191.0
4969952,200.0
4970368,149.0
4970400,181.0
4970992,202.0
4971312,201.0
4971376,196.0
4971504,191.0
4972064,153.0
4972240,174.0
4972272,151.0
4972880,188.0
4972928,185.0
4972976,159.0
4973264,178.0
4973824,152.0
4974352,189.0
4974368,143.0
4974736,189.0
4974768,157.0
4975600,166.0
4975680,212.0
4975968,183.0
4976128,196.0
4976400,206.0
4976736,181.0
4977248,180.0
4977472,170.0
4978448,172.0
4978896,205.0
4979120,196.0
4979296,180.0
4979696,184.0
4980064,218.0
4980448,219.0
4980640,211.0
4980832,217.0
4981136,1000.0
4981456,187.0
4981600,218.0
4981728,185.0
4982288,186.0
4982432,220.0
4982464,208.0
4982496,140.0
4983216,166.0
4983392,207.0
4983520,148.0
4983920,216.0
4983984,196.0
4984256,186.0
4984400,183.0
4984896,197.0
4985200,168.0
4985568,206.0
4985568,193.0
4986128,190.0
4986384,178.0
4986592,146.0
4987168,181.0
4987248,207.0
4987360,223.0
4987504,219.0
4987872,166.0
4988528,184.0
4988640,172.0
4988752,202.0
4989152,188.0
4989728,201.0
4989792,151.0
4989904,170.0
4990336,153.0
4990400,180.0
4990448,186.0
4990528,204.0
4991296,198.0
4991584,183.0
4992208,196.0
4992336,158.0
4992480,121.0
4992992,153.0
4993056,196.0
4994336,149.0
4994400,163.0
4994768,198.0
4994816,175.0
4994992,191.0
4995296,184.0
4995632,160.0
4995680,216.0
4996016,190.0
4996544,158.0
4996992,185.0
